ISO-10303-21;
HEADER;
FILE_DESCRIPTION(('Open CASCADE Model'),'2;1');
FILE_NAME('Open CASCADE Shape Model','2026-08-16T19:51:17',('Author'),(
    'Open CASCADE'),'Open CASCADE STEP processor 7.9','Open CASCADE 7.9'
  ,'Unknown');
FILE_SCHEMA(('AUTOMOTIVE_DESIGN { 1 0 10303 214 1 1 1 1 }'));
ENDSEC;
DATA;
#1 = APPLICATION_PROTOCOL_DEFINITION('international standard',
  'automotive_design',2000,#2);
#2 = APPLICATION_CONTEXT(
  'core data for automotive mechanical design processes');
#3 = SHAPE_DEFINITION_REPRESENTATION(#4,#10);
#4 = PRODUCT_DEFINITION_SHAPE('','',#5);
#5 = PRODUCT_DEFINITION('design','',#6,#9);
#6 = PRODUCT_DEFINITION_FORMATION('','',#7);
#7 = PRODUCT('Open CASCADE STEP translator 7.9 1',
  'Open CASCADE STEP translator 7.9 1','',(#8));
#8 = PRODUCT_CONTEXT('',#2,'mechanical');
#9 = PRODUCT_DEFINITION_CONTEXT('part definition',#2,'design');
#10 = ADVANCED_BREP_SHAPE_REPRESENTATION('',(#11,#15),#5353);
#11 = AXIS2_PLACEMENT_3D('',#12,#13,#14);
#12 = CARTESIAN_POINT('',(0.,0.,0.));
#13 = DIRECTION('',(0.,0.,1.));
#14 = DIRECTION('',(1.,0.,-0.));
#15 = MANIFOLD_SOLID_BREP('',#16);
#16 = CLOSED_SHELL('',(#17,#135,#461,#569,#668,#774,#823,#1062,#2575,
    #2602,#3694,#3748,#3775,#3906,#3933,#3941,#4003,#4010,#4064,#4122,
    #4185,#4192,#4246,#4304,#4367,#4374,#4428,#4486,#4549,#4556,#4610,
    #4668,#4731,#4738,#4792,#4850,#4913,#4920,#4974,#5032,#5095,#5102,
    #5156,#5214,#5277,#5284,#5290,#5296,#5302,#5308,#5314,#5320,#5326));
#17 = ADVANCED_FACE('',(#18),#32,.F.);
#18 = FACE_BOUND('',#19,.F.);
#19 = EDGE_LOOP('',(#20,#50,#103,#104));
#20 = ORIENTED_EDGE('',*,*,#21,.T.);
#21 = EDGE_CURVE('',#22,#24,#26,.T.);
#22 = VERTEX_POINT('',#23);
#23 = CARTESIAN_POINT('',(-65.25,3.5,7.5));
#24 = VERTEX_POINT('',#25);
#25 = CARTESIAN_POINT('',(-65.25,7.820894822758,7.5));
#26 = SEAM_CURVE('',#27,(#31,#43),.PCURVE_S1.);
#27 = LINE('',#28,#29);
#28 = CARTESIAN_POINT('',(-65.25,5.765209719854,7.5));
#29 = VECTOR('',#30,1.);
#30 = DIRECTION('',(0.,1.,0.));
#31 = PCURVE('',#32,#37);
#32 = CYLINDRICAL_SURFACE('',#33,3.);
#33 = AXIS2_PLACEMENT_3D('',#34,#35,#36);
#34 = CARTESIAN_POINT('',(-68.25,5.765209719854,7.5));
#35 = DIRECTION('',(0.,1.,0.));
#36 = DIRECTION('',(-1.,0.,2.22044604925E-15));
#37 = DEFINITIONAL_REPRESENTATION('',(#38),#42);
#38 = LINE('',#39,#40);
#39 = CARTESIAN_POINT('',(9.42477796077,0.));
#40 = VECTOR('',#41,1.);
#41 = DIRECTION('',(0.,1.));
#42 = ( GEOMETRIC_REPRESENTATION_CONTEXT(2) 
PARAMETRIC_REPRESENTATION_CONTEXT() REPRESENTATION_CONTEXT('2D SPACE',''
  ) );
#43 = PCURVE('',#32,#44);
#44 = DEFINITIONAL_REPRESENTATION('',(#45),#49);
#45 = LINE('',#46,#47);
#46 = CARTESIAN_POINT('',(3.141592653589,0.));
#47 = VECTOR('',#48,1.);
#48 = DIRECTION('',(0.,1.));
#49 = ( GEOMETRIC_REPRESENTATION_CONTEXT(2) 
PARAMETRIC_REPRESENTATION_CONTEXT() REPRESENTATION_CONTEXT('2D SPACE',''
  ) );
#50 = ORIENTED_EDGE('',*,*,#51,.T.);
#51 = EDGE_CURVE('',#24,#24,#52,.T.);
#52 = SURFACE_CURVE('',#53,(#58,#87),.PCURVE_S1.);
#53 = ELLIPSE('',#54,3.001828632896,3.);
#54 = AXIS2_PLACEMENT_3D('',#55,#56,#57);
#55 = CARTESIAN_POINT('',(-68.25,7.925657131233,7.5));
#56 = DIRECTION('',(-3.48994967025E-02,-0.999390827019,
    -1.522322904912E-16));
#57 = DIRECTION('',(0.999390827019,-3.48994967025E-02,1.325089148638E-12
    ));
#58 = PCURVE('',#32,#59);
#59 = DEFINITIONAL_REPRESENTATION('',(#60),#86);
#60 = B_SPLINE_CURVE_WITH_KNOTS('',3,(#61,#62,#63,#64,#65,#66,#67,#68,
    #69,#70,#71,#72,#73,#74,#75,#76,#77,#78,#79,#80,#81,#82,#83,#84,#85)
  ,.UNSPECIFIED.,.F.,.F.,(4,1,1,1,1,1,1,1,1,1,1,1,1,1,1,1,1,1,1,1,1,1,4)
  ,(-1.326050380612E-12,0.285599332143,0.571198664288,0.856797996432,
    1.142397328577,1.427996660721,1.713595992866,1.99919532501,
    2.284794657155,2.570393989299,2.855993321444,3.141592653588,
    3.427191985733,3.712791317878,3.998390650022,4.283989982167,
    4.569589314311,4.855188646456,5.1407879786,5.426387310745,
    5.711986642889,5.997585975034,6.283185307178),.UNSPECIFIED.);
#61 = CARTESIAN_POINT('',(9.424777960769,2.055685102904));
#62 = CARTESIAN_POINT('',(9.329578183388,2.0556308989));
#63 = CARTESIAN_POINT('',(9.139178628625,2.058578054081));
#64 = CARTESIAN_POINT('',(8.85357929648,2.07110273735));
#65 = CARTESIAN_POINT('',(8.567979964336,2.090905492119));
#66 = CARTESIAN_POINT('',(8.282380632191,2.116331429139));
#67 = CARTESIAN_POINT('',(7.996781300047,2.145334245174));
#68 = CARTESIAN_POINT('',(7.711181967902,2.175560672512));
#69 = CARTESIAN_POINT('',(7.425582635758,2.204562918978));
#70 = CARTESIAN_POINT('',(7.139983303613,2.229991134274));
#71 = CARTESIAN_POINT('',(6.854383971469,2.249785345506));
#72 = CARTESIAN_POINT('',(6.568784639324,2.26234192465));
#73 = CARTESIAN_POINT('',(6.28318530718,2.266643617456));
#74 = CARTESIAN_POINT('',(5.997585975035,2.26234192465));
#75 = CARTESIAN_POINT('',(5.711986642891,2.249785345506));
#76 = CARTESIAN_POINT('',(5.426387310746,2.229991134274));
#77 = CARTESIAN_POINT('',(5.140787978601,2.204562918978));
#78 = CARTESIAN_POINT('',(4.855188646457,2.175560672512));
#79 = CARTESIAN_POINT('',(4.569589314312,2.145334245174));
#80 = CARTESIAN_POINT('',(4.283989982168,2.116331429139));
#81 = CARTESIAN_POINT('',(3.998390650023,2.090905492119));
#82 = CARTESIAN_POINT('',(3.712791317879,2.07110273735));
#83 = CARTESIAN_POINT('',(3.427191985734,2.058578054081));
#84 = CARTESIAN_POINT('',(3.236792430971,2.0556308989));
#85 = CARTESIAN_POINT('',(3.14159265359,2.055685102904));
#86 = ( GEOMETRIC_REPRESENTATION_CONTEXT(2) 
PARAMETRIC_REPRESENTATION_CONTEXT() REPRESENTATION_CONTEXT('2D SPACE',''
  ) );
#87 = PCURVE('',#88,#93);
#88 = PLANE('',#89);
#89 = AXIS2_PLACEMENT_3D('',#90,#91,#92);
#90 = CARTESIAN_POINT('',(-2.086462859924,5.615175502006,-0.179652108012
    ));
#91 = DIRECTION('',(3.48994967025E-02,0.999390827019,0.));
#92 = DIRECTION('',(0.,-0.,1.));
#93 = DEFINITIONAL_REPRESENTATION('',(#94),#102);
#94 = ( BOUNDED_CURVE() B_SPLINE_CURVE(2,(#95,#96,#97,#98,#99,#100,#101)
,.UNSPECIFIED.,.T.,.F.) B_SPLINE_CURVE_WITH_KNOTS((1,2,2,2,2,1),(
    -2.094395102393,0.,2.094395102393,4.188790204786,6.28318530718,
8.377580409573),.UNSPECIFIED.) CURVE() GEOMETRIC_REPRESENTATION_ITEM() 
RATIONAL_B_SPLINE_CURVE((1.,0.5,1.,0.5,1.,0.5,1.)) REPRESENTATION_ITEM(
  '') );
#95 = CARTESIAN_POINT('',(7.679652108016,-63.20203811403));
#96 = CARTESIAN_POINT('',(12.875804530723,-63.20203811404));
#97 = CARTESIAN_POINT('',(10.277728319363,-67.70478106338));
#98 = CARTESIAN_POINT('',(7.679652108004,-72.20752401272));
#99 = CARTESIAN_POINT('',(5.081575896657,-67.70478106337));
#100 = CARTESIAN_POINT('',(2.483499685309,-63.20203811402));
#101 = CARTESIAN_POINT('',(7.679652108016,-63.20203811403));
#102 = ( GEOMETRIC_REPRESENTATION_CONTEXT(2) 
PARAMETRIC_REPRESENTATION_CONTEXT() REPRESENTATION_CONTEXT('2D SPACE',''
  ) );
#103 = ORIENTED_EDGE('',*,*,#21,.F.);
#104 = ORIENTED_EDGE('',*,*,#105,.T.);
#105 = EDGE_CURVE('',#22,#22,#106,.T.);
#106 = SURFACE_CURVE('',#107,(#112,#119),.PCURVE_S1.);
#107 = CIRCLE('',#108,3.);
#108 = AXIS2_PLACEMENT_3D('',#109,#110,#111);
#109 = CARTESIAN_POINT('',(-68.25,3.5,7.5));
#110 = DIRECTION('',(0.,1.,0.));
#111 = DIRECTION('',(-0.813826036051,0.,-0.581108581115));
#112 = PCURVE('',#32,#113);
#113 = DEFINITIONAL_REPRESENTATION('',(#114),#118);
#114 = LINE('',#115,#116);
#115 = CARTESIAN_POINT('',(-0.620090213645,-2.265209719854));
#116 = VECTOR('',#117,1.);
#117 = DIRECTION('',(1.,0.));
#118 = ( GEOMETRIC_REPRESENTATION_CONTEXT(2) 
PARAMETRIC_REPRESENTATION_CONTEXT() REPRESENTATION_CONTEXT('2D SPACE',''
  ) );
#119 = PCURVE('',#120,#125);
#120 = PLANE('',#121);
#121 = AXIS2_PLACEMENT_3D('',#122,#123,#124);
#122 = CARTESIAN_POINT('',(-68.86264545731,3.5,15.151043820814));
#123 = DIRECTION('',(0.,-1.,0.));
#124 = DIRECTION('',(0.,0.,-1.));
#125 = DEFINITIONAL_REPRESENTATION('',(#126),#134);
#126 = ( BOUNDED_CURVE() B_SPLINE_CURVE(2,(#127,#128,#129,#130,#131,#132
,#133),.UNSPECIFIED.,.T.,.F.) B_SPLINE_CURVE_WITH_KNOTS((1,2,2,2,2,1),(
    -2.094395102393,0.,2.094395102393,4.188790204786,6.28318530718,
8.377580409573),.UNSPECIFIED.) CURVE() GEOMETRIC_REPRESENTATION_ITEM() 
RATIONAL_B_SPLINE_CURVE((1.,0.5,1.,0.5,1.,0.5,1.)) REPRESENTATION_ITEM(
  '') );
#127 = CARTESIAN_POINT('',(9.394369564159,-1.828832650843));
#128 = CARTESIAN_POINT('',(5.165605435271,-4.848361412459));
#129 = CARTESIAN_POINT('',(4.664998884697,0.323620130578));
#130 = CARTESIAN_POINT('',(4.164392334124,5.495601673616));
#131 = CARTESIAN_POINT('',(8.893763013586,3.343148892195));
#132 = CARTESIAN_POINT('',(13.623133693047,1.190696110773));
#133 = CARTESIAN_POINT('',(9.394369564159,-1.828832650843));
#134 = ( GEOMETRIC_REPRESENTATION_CONTEXT(2) 
PARAMETRIC_REPRESENTATION_CONTEXT() REPRESENTATION_CONTEXT('2D SPACE',''
  ) );
#135 = ADVANCED_FACE('',(#136,#458),#88,.T.);
#136 = FACE_BOUND('',#137,.T.);
#137 = EDGE_LOOP('',(#138,#191,#219,#247,#298,#326,#377,#405));
#138 = ORIENTED_EDGE('',*,*,#139,.T.);
#139 = EDGE_CURVE('',#140,#142,#144,.T.);
#140 = VERTEX_POINT('',#141);
#141 = CARTESIAN_POINT('',(69.437419249433,3.11750650171,12.333333333333
    ));
#142 = VERTEX_POINT('',#143);
#143 = CARTESIAN_POINT('',(69.437419249433,3.11750650171,15.));
#144 = SURFACE_CURVE('',#145,(#150,#157),.PCURVE_S1.);
#145 = ELLIPSE('',#146,3.001828632897,3.);
#146 = AXIS2_PLACEMENT_3D('',#147,#148,#149);
#147 = CARTESIAN_POINT('',(72.124838498866,3.023659753573,
    13.666666666667));
#148 = DIRECTION('',(3.48994967025E-02,0.999390827019,
    -8.445016484506E-32));
#149 = DIRECTION('',(-0.999390827019,3.48994967025E-02,
    3.078992111247E-14));
#150 = PCURVE('',#88,#151);
#151 = DEFINITIONAL_REPRESENTATION('',(#152),#156);
#152 = ELLIPSE('',#153,3.001828632897,3.);
#153 = AXIS2_PLACEMENT_2D('',#154,#155);
#154 = CARTESIAN_POINT('',(13.846318774679,74.256536434441));
#155 = DIRECTION('',(3.078992111247E-14,-1.));
#156 = ( GEOMETRIC_REPRESENTATION_CONTEXT(2) 
PARAMETRIC_REPRESENTATION_CONTEXT() REPRESENTATION_CONTEXT('2D SPACE',''
  ) );
#157 = PCURVE('',#158,#163);
#158 = CYLINDRICAL_SURFACE('',#159,3.);
#159 = AXIS2_PLACEMENT_3D('',#160,#161,#162);
#160 = CARTESIAN_POINT('',(72.124838498866,0.,13.666666666667));
#161 = DIRECTION('',(0.,1.,0.));
#162 = DIRECTION('',(-0.895806416478,0.,-0.444444444444));
#163 = DEFINITIONAL_REPRESENTATION('',(#164),#190);
#164 = B_SPLINE_CURVE_WITH_KNOTS('',3,(#165,#166,#167,#168,#169,#170,
    #171,#172,#173,#174,#175,#176,#177,#178,#179,#180,#181,#182,#183,
    #184,#185,#186,#187,#188,#189),.UNSPECIFIED.,.F.,.F.,(4,1,1,1,1,1,1,
    1,1,1,1,1,1,1,1,1,1,1,1,1,1,1,4),(5.822631315498,5.864499860197,
    5.906368404895,5.948236949593,5.990105494291,6.03197403899,
    6.073842583688,6.115711128386,6.157579673085,6.199448217783,
    6.241316762481,6.28318530718,6.325053851878,6.366922396576,
    6.408790941274,6.450659485973,6.492528030671,6.534396575369,
    6.576265120068,6.618133664766,6.660002209464,6.701870754163,
    6.743739298861),.UNSPECIFIED.);
#165 = CARTESIAN_POINT('',(0.,3.11750650171));
#166 = CARTESIAN_POINT('',(1.39561815661E-02,3.118156340438));
#167 = CARTESIAN_POINT('',(4.18685446983E-02,3.119401087641));
#168 = CARTESIAN_POINT('',(8.37370893966E-02,3.121100469293));
#169 = CARTESIAN_POINT('',(0.125605634095,3.122629046399));
#170 = CARTESIAN_POINT('',(0.167474178793,3.123984163066));
#171 = CARTESIAN_POINT('',(0.209342723491,3.125163437919));
#172 = CARTESIAN_POINT('',(0.25121126819,3.126164805691));
#173 = CARTESIAN_POINT('',(0.293079812888,3.12698651082));
#174 = CARTESIAN_POINT('',(0.334948357586,3.127627113205));
#175 = CARTESIAN_POINT('',(0.376816902285,3.128085490021));
#176 = CARTESIAN_POINT('',(0.418685446983,3.128360837868));
#177 = CARTESIAN_POINT('',(0.460553991681,3.128452674138));
#178 = CARTESIAN_POINT('',(0.50242253638,3.128360837868));
#179 = CARTESIAN_POINT('',(0.544291081078,3.128085490021));
#180 = CARTESIAN_POINT('',(0.586159625776,3.127627113205));
#181 = CARTESIAN_POINT('',(0.628028170474,3.12698651082));
#182 = CARTESIAN_POINT('',(0.669896715173,3.126164805691));
#183 = CARTESIAN_POINT('',(0.711765259871,3.125163437919));
#184 = CARTESIAN_POINT('',(0.753633804569,3.123984163066));
#185 = CARTESIAN_POINT('',(0.795502349268,3.122629046399));
#186 = CARTESIAN_POINT('',(0.837370893966,3.121100469293));
#187 = CARTESIAN_POINT('',(0.879239438664,3.119401087641));
#188 = CARTESIAN_POINT('',(0.907151801796,3.118156340438));
#189 = CARTESIAN_POINT('',(0.921107983363,3.11750650171));
#190 = ( GEOMETRIC_REPRESENTATION_CONTEXT(2) 
PARAMETRIC_REPRESENTATION_CONTEXT() REPRESENTATION_CONTEXT('2D SPACE',''
  ) );
#191 = ORIENTED_EDGE('',*,*,#192,.F.);
#192 = EDGE_CURVE('',#193,#142,#195,.T.);
#193 = VERTEX_POINT('',#194);
#194 = CARTESIAN_POINT('',(72.802365194785,3.,15.));
#195 = SURFACE_CURVE('',#196,(#200,#207),.PCURVE_S1.);
#196 = LINE('',#197,#198);
#197 = CARTESIAN_POINT('',(72.802365194785,3.,15.));
#198 = VECTOR('',#199,1.);
#199 = DIRECTION('',(-0.999390827019,3.48994967025E-02,0.));
#200 = PCURVE('',#88,#201);
#201 = DEFINITIONAL_REPRESENTATION('',(#202),#206);
#202 = LINE('',#203,#204);
#203 = CARTESIAN_POINT('',(15.179652108012,74.934476112895));
#204 = VECTOR('',#205,1.);
#205 = DIRECTION('',(0.,-1.));
#206 = ( GEOMETRIC_REPRESENTATION_CONTEXT(2) 
PARAMETRIC_REPRESENTATION_CONTEXT() REPRESENTATION_CONTEXT('2D SPACE',''
  ) );
#207 = PCURVE('',#208,#213);
#208 = PLANE('',#209);
#209 = AXIS2_PLACEMENT_3D('',#210,#211,#212);
#210 = CARTESIAN_POINT('',(72.593709624716,-3.11750650171,15.));
#211 = DIRECTION('',(0.,0.,1.));
#212 = DIRECTION('',(1.,0.,-0.));
#213 = DEFINITIONAL_REPRESENTATION('',(#214),#218);
#214 = LINE('',#215,#216);
#215 = CARTESIAN_POINT('',(0.208655570069,6.11750650171));
#216 = VECTOR('',#217,1.);
#217 = DIRECTION('',(-0.999390827019,3.48994967025E-02));
#218 = ( GEOMETRIC_REPRESENTATION_CONTEXT(2) 
PARAMETRIC_REPRESENTATION_CONTEXT() REPRESENTATION_CONTEXT('2D SPACE',''
  ) );
#219 = ORIENTED_EDGE('',*,*,#220,.F.);
#220 = EDGE_CURVE('',#221,#193,#223,.T.);
#221 = VERTEX_POINT('',#222);
#222 = CARTESIAN_POINT('',(72.802365194785,3.,4.339003411729));
#223 = SURFACE_CURVE('',#224,(#228,#235),.PCURVE_S1.);
#224 = LINE('',#225,#226);
#225 = CARTESIAN_POINT('',(72.802365194785,3.,4.339003411729));
#226 = VECTOR('',#227,1.);
#227 = DIRECTION('',(0.,0.,1.));
#228 = PCURVE('',#88,#229);
#229 = DEFINITIONAL_REPRESENTATION('',(#230),#234);
#230 = LINE('',#231,#232);
#231 = CARTESIAN_POINT('',(4.518655519741,74.934476112895));
#232 = VECTOR('',#233,1.);
#233 = DIRECTION('',(1.,0.));
#234 = ( GEOMETRIC_REPRESENTATION_CONTEXT(2) 
PARAMETRIC_REPRESENTATION_CONTEXT() REPRESENTATION_CONTEXT('2D SPACE',''
  ) );
#235 = PCURVE('',#236,#241);
#236 = PLANE('',#237);
#237 = AXIS2_PLACEMENT_3D('',#238,#239,#240);
#238 = CARTESIAN_POINT('',(72.776182597392,3.,4.291796067501));
#239 = DIRECTION('',(0.,-1.,0.));
#240 = DIRECTION('',(0.,0.,-1.));
#241 = DEFINITIONAL_REPRESENTATION('',(#242),#246);
#242 = LINE('',#243,#244);
#243 = CARTESIAN_POINT('',(-4.7207344228E-02,2.6182597393E-02));
#244 = VECTOR('',#245,1.);
#245 = DIRECTION('',(-1.,0.));
#246 = ( GEOMETRIC_REPRESENTATION_CONTEXT(2) 
PARAMETRIC_REPRESENTATION_CONTEXT() REPRESENTATION_CONTEXT('2D SPACE',''
  ) );
#247 = ORIENTED_EDGE('',*,*,#248,.T.);
#248 = EDGE_CURVE('',#221,#249,#251,.T.);
#249 = VERTEX_POINT('',#250);
#250 = CARTESIAN_POINT('',(59.75,3.455798636289,5.343145750508));
#251 = SURFACE_CURVE('',#252,(#257,#264),.PCURVE_S1.);
#252 = ELLIPSE('',#253,9.005485898689,9.);
#253 = AXIS2_PLACEMENT_3D('',#254,#255,#256);
#254 = CARTESIAN_POINT('',(66.75,3.211353249847,10.999999999999));
#255 = DIRECTION('',(3.48994967025E-02,0.999390827019,
    -1.794402244273E-15));
#256 = DIRECTION('',(0.999390827019,-3.48994967025E-02,
    7.224632264567E-12));
#257 = PCURVE('',#88,#258);
#258 = DEFINITIONAL_REPRESENTATION('',(#259),#263);
#259 = ELLIPSE('',#260,9.005485898689,9.);
#260 = AXIS2_PLACEMENT_2D('',#261,#262);
#261 = CARTESIAN_POINT('',(11.179652108011,68.878421733411));
#262 = DIRECTION('',(7.224632264567E-12,1.));
#263 = ( GEOMETRIC_REPRESENTATION_CONTEXT(2) 
PARAMETRIC_REPRESENTATION_CONTEXT() REPRESENTATION_CONTEXT('2D SPACE',''
  ) );
#264 = PCURVE('',#265,#270);
#265 = CYLINDRICAL_SURFACE('',#266,9.);
#266 = AXIS2_PLACEMENT_3D('',#267,#268,#269);
#267 = CARTESIAN_POINT('',(66.75,0.,11.));
#268 = DIRECTION('',(0.,1.,0.));
#269 = DIRECTION('',(1.,0.,-1.233581138472E-15));
#270 = DEFINITIONAL_REPRESENTATION('',(#271),#297);
#271 = B_SPLINE_CURVE_WITH_KNOTS('',3,(#272,#273,#274,#275,#276,#277,
    #278,#279,#280,#281,#282,#283,#284,#285,#286,#287,#288,#289,#290,
    #291,#292,#293,#294,#295,#296),.UNSPECIFIED.,.F.,.F.,(4,1,1,1,1,1,1,
    1,1,1,1,1,1,1,1,1,1,1,1,1,1,1,4),(0.833235004394,0.907266087589,
    0.981297170784,1.055328253979,1.129359337175,1.20339042037,
    1.277421503565,1.35145258676,1.425483669956,1.499514753151,
    1.573545836346,1.647576919541,1.721608002737,1.795639085932,
    1.869670169127,1.943701252322,2.017732335517,2.091763418713,
    2.165794501908,2.239825585103,2.313856668298,2.387887751494,
    2.461918834689),.UNSPECIFIED.);
#272 = CARTESIAN_POINT('',(0.833235004387,3.));
#273 = CARTESIAN_POINT('',(0.857912032118,3.005739577512));
#274 = CARTESIAN_POINT('',(0.907266087582,3.017606665331));
#275 = CARTESIAN_POINT('',(0.981297170777,3.036467341153));
#276 = CARTESIAN_POINT('',(1.055328253972,3.056286412611));
#277 = CARTESIAN_POINT('',(1.129359337167,3.076954860814));
#278 = CARTESIAN_POINT('',(1.203390420363,3.098359582023));
#279 = CARTESIAN_POINT('',(1.277421503558,3.120383286893));
#280 = CARTESIAN_POINT('',(1.351452586753,3.142905336016));
#281 = CARTESIAN_POINT('',(1.425483669948,3.165802349076));
#282 = CARTESIAN_POINT('',(1.499514753144,3.188948894595));
#283 = CARTESIAN_POINT('',(1.573545836339,3.212218173347));
#284 = CARTESIAN_POINT('',(1.647576919534,3.235482713972));
#285 = CARTESIAN_POINT('',(1.721608002729,3.258615071012));
#286 = CARTESIAN_POINT('',(1.795639085924,3.281488523122));
#287 = CARTESIAN_POINT('',(1.86967016912,3.303977767328));
#288 = CARTESIAN_POINT('',(1.943701252315,3.325959605134));
#289 = CARTESIAN_POINT('',(2.01773233551,3.347313618601));
#290 = CARTESIAN_POINT('',(2.091763418705,3.367922825585));
#291 = CARTESIAN_POINT('',(2.165794501901,3.387674337082));
#292 = CARTESIAN_POINT('',(2.239825585096,3.40645991406));
#293 = CARTESIAN_POINT('',(2.313856668291,3.424176790222));
#294 = CARTESIAN_POINT('',(2.387887751486,3.440727377286));
#295 = CARTESIAN_POINT('',(2.43724180695,3.450924459434));
#296 = CARTESIAN_POINT('',(2.461918834682,3.455798636289));
#297 = ( GEOMETRIC_REPRESENTATION_CONTEXT(2) 
PARAMETRIC_REPRESENTATION_CONTEXT() REPRESENTATION_CONTEXT('2D SPACE',''
  ) );
#298 = ORIENTED_EDGE('',*,*,#299,.T.);
#299 = EDGE_CURVE('',#249,#300,#302,.T.);
#300 = VERTEX_POINT('',#301);
#301 = CARTESIAN_POINT('',(-67.93681482073,7.914720463779,
    6.541850154373E-03));
#302 = SURFACE_CURVE('',#303,(#307,#314),.PCURVE_S1.);
#303 = LINE('',#304,#305);
#304 = CARTESIAN_POINT('',(59.75,3.455798636289,5.343145750508));
#305 = VECTOR('',#306,1.);
#306 = DIRECTION('',(-0.998520172021,3.486909276003E-02,
    -4.173263035868E-02));
#307 = PCURVE('',#88,#308);
#308 = DEFINITIONAL_REPRESENTATION('',(#309),#313);
#309 = LINE('',#310,#311);
#310 = CARTESIAN_POINT('',(5.52279785852,61.87415492332));
#311 = VECTOR('',#312,1.);
#312 = DIRECTION('',(-4.173263035868E-02,-0.999128814299));
#313 = ( GEOMETRIC_REPRESENTATION_CONTEXT(2) 
PARAMETRIC_REPRESENTATION_CONTEXT() REPRESENTATION_CONTEXT('2D SPACE',''
  ) );
#314 = PCURVE('',#315,#320);
#315 = PLANE('',#316);
#316 = AXIS2_PLACEMENT_3D('',#317,#318,#319);
#317 = CARTESIAN_POINT('',(-4.093407410367,-7.914720463779,
    2.674843800331));
#318 = DIRECTION('',(4.175802390219E-02,0.,-0.999127753313));
#319 = DIRECTION('',(-0.999127753313,0.,-4.175802390219E-02));
#320 = DEFINITIONAL_REPRESENTATION('',(#321),#325);
#321 = LINE('',#322,#323);
#322 = CARTESIAN_POINT('',(-63.89914322636,11.370519100068));
#323 = VECTOR('',#324,1.);
#324 = DIRECTION('',(0.999391888285,3.486909276003E-02));
#325 = ( GEOMETRIC_REPRESENTATION_CONTEXT(2) 
PARAMETRIC_REPRESENTATION_CONTEXT() REPRESENTATION_CONTEXT('2D SPACE',''
  ) );
#326 = ORIENTED_EDGE('',*,*,#327,.T.);
#327 = EDGE_CURVE('',#300,#328,#330,.T.);
#328 = VERTEX_POINT('',#329);
#329 = CARTESIAN_POINT('',(-67.98825377473,7.916516751635,
    14.995431202643));
#330 = SURFACE_CURVE('',#331,(#336,#343),.PCURVE_S1.);
#331 = ELLIPSE('',#332,7.504571582241,7.5);
#332 = AXIS2_PLACEMENT_3D('',#333,#334,#335);
#333 = CARTESIAN_POINT('',(-68.25,7.925657131233,7.5));
#334 = DIRECTION('',(3.48994967025E-02,0.999390827019,1.830027872367E-16
    ));
#335 = DIRECTION('',(0.999390827019,-3.48994967025E-02,
    -4.151595555586E-12));
#336 = PCURVE('',#88,#337);
#337 = DEFINITIONAL_REPRESENTATION('',(#338),#342);
#338 = ELLIPSE('',#339,7.504571582241,7.5);
#339 = AXIS2_PLACEMENT_2D('',#340,#341);
#340 = CARTESIAN_POINT('',(7.679652108012,-66.20386674693));
#341 = DIRECTION('',(-4.151595555586E-12,1.));
#342 = ( GEOMETRIC_REPRESENTATION_CONTEXT(2) 
PARAMETRIC_REPRESENTATION_CONTEXT() REPRESENTATION_CONTEXT('2D SPACE',''
  ) );
#343 = PCURVE('',#344,#349);
#344 = CYLINDRICAL_SURFACE('',#345,7.5);
#345 = AXIS2_PLACEMENT_3D('',#346,#347,#348);
#346 = CARTESIAN_POINT('',(-68.25,5.864134700522,7.5));
#347 = DIRECTION('',(0.,1.,0.));
#348 = DIRECTION('',(-0.999994111407,0.,-3.431785363485E-03));
#349 = DEFINITIONAL_REPRESENTATION('',(#350),#376);
#350 = B_SPLINE_CURVE_WITH_KNOTS('',3,(#351,#352,#353,#354,#355,#356,
    #357,#358,#359,#360,#361,#362,#363,#364,#365,#366,#367,#368,#369,
    #370,#371,#372,#373,#374,#375),.UNSPECIFIED.,.F.,.F.,(4,1,1,1,1,1,1,
    1,1,1,1,1,1,1,1,1,1,1,1,1,1,1,4),(1.529026157552,1.675311130637,
    1.821596103721,1.967881076806,2.114166049891,2.260451022976,
    2.406735996061,2.553020969146,2.699305942231,2.845590915316,
    2.991875888401,3.138160861486,3.284445834571,3.430730807656,
    3.577015780741,3.723300753826,3.869585726911,4.015870699996,
    4.162155673081,4.308440646166,4.454725619251,4.601010592335,
    4.74729556542),.UNSPECIFIED.);
#351 = CARTESIAN_POINT('',(4.674050603245,2.050585763258));
#352 = CARTESIAN_POINT('',(4.72281226094,2.063346913026));
#353 = CARTESIAN_POINT('',(4.82033557633,2.088942645378));
#354 = CARTESIAN_POINT('',(4.966620549415,2.126754295947));
#355 = CARTESIAN_POINT('',(5.1129055225,2.163171505474));
#356 = CARTESIAN_POINT('',(5.259190495585,2.197417644242));
#357 = CARTESIAN_POINT('',(5.40547546867,2.228760830933));
#358 = CARTESIAN_POINT('',(5.551760441755,2.256531630924));
#359 = CARTESIAN_POINT('',(5.69804541484,2.280136803016));
#360 = CARTESIAN_POINT('',(5.844330387925,2.299072119977));
#361 = CARTESIAN_POINT('',(5.99061536101,2.312933099703));
#362 = CARTESIAN_POINT('',(6.136900334095,2.321423656068));
#363 = CARTESIAN_POINT('',(6.28318530718,2.32436242081));
#364 = CARTESIAN_POINT('',(6.429470280265,2.32168661855));
#365 = CARTESIAN_POINT('',(6.575755253349,2.313453407483));
#366 = CARTESIAN_POINT('',(6.722040226434,2.299838658682));
#367 = CARTESIAN_POINT('',(6.868325199519,2.281133198471));
#368 = CARTESIAN_POINT('',(7.014610172604,2.257736599036));
#369 = CARTESIAN_POINT('',(7.160895145689,2.230148631926));
#370 = CARTESIAN_POINT('',(7.307180118774,2.198958634048));
#371 = CARTESIAN_POINT('',(7.453465091859,2.164832763144));
#372 = CARTESIAN_POINT('',(7.599750064944,2.128500348596));
#373 = CARTESIAN_POINT('',(7.746035038029,2.090736144891));
#374 = CARTESIAN_POINT('',(7.843558353419,2.065146628374));
#375 = CARTESIAN_POINT('',(7.892320011114,2.052382051113));
#376 = ( GEOMETRIC_REPRESENTATION_CONTEXT(2) 
PARAMETRIC_REPRESENTATION_CONTEXT() REPRESENTATION_CONTEXT('2D SPACE',''
  ) );
#377 = ORIENTED_EDGE('',*,*,#378,.T.);
#378 = EDGE_CURVE('',#328,#379,#381,.T.);
#379 = VERTEX_POINT('',#380);
#380 = CARTESIAN_POINT('',(63.812078340955,3.313947734887,
    10.392862185895));
#381 = SURFACE_CURVE('',#382,(#386,#393),.PCURVE_S1.);
#382 = LINE('',#383,#384);
#383 = CARTESIAN_POINT('',(-67.98825377473,7.916516751635,
    14.995431202643));
#384 = VECTOR('',#385,1.);
#385 = DIRECTION('',(0.998782765959,-3.487826274236E-02,
    -3.487826274236E-02));
#386 = PCURVE('',#88,#387);
#387 = DEFINITIONAL_REPRESENTATION('',(#388),#392);
#388 = LINE('',#389,#390);
#389 = CARTESIAN_POINT('',(15.175083310655,-65.94196097574));
#390 = VECTOR('',#391,1.);
#391 = DIRECTION('',(-3.487826274236E-02,0.999391568299));
#392 = ( GEOMETRIC_REPRESENTATION_CONTEXT(2) 
PARAMETRIC_REPRESENTATION_CONTEXT() REPRESENTATION_CONTEXT('2D SPACE',''
  ) );
#393 = PCURVE('',#394,#399);
#394 = PLANE('',#395);
#395 = AXIS2_PLACEMENT_3D('',#396,#397,#398);
#396 = CARTESIAN_POINT('',(-2.088087716888,-7.916516751635,
    12.694146694269));
#397 = DIRECTION('',(3.48994967025E-02,0.,0.999390827019));
#398 = DIRECTION('',(0.999390827019,0.,-3.48994967025E-02));
#399 = DEFINITIONAL_REPRESENTATION('',(#400),#404);
#400 = LINE('',#401,#402);
#401 = CARTESIAN_POINT('',(-65.94033512835,15.83303350327));
#402 = VECTOR('',#403,1.);
#403 = DIRECTION('',(0.999391568299,-3.487826274236E-02));
#404 = ( GEOMETRIC_REPRESENTATION_CONTEXT(2) 
PARAMETRIC_REPRESENTATION_CONTEXT() REPRESENTATION_CONTEXT('2D SPACE',''
  ) );
#405 = ORIENTED_EDGE('',*,*,#406,.T.);
#406 = EDGE_CURVE('',#379,#140,#407,.T.);
#407 = SURFACE_CURVE('',#408,(#413,#424),.PCURVE_S1.);
#408 = ELLIPSE('',#409,3.001828632896,3.);
#409 = AXIS2_PLACEMENT_3D('',#410,#411,#412);
#410 = CARTESIAN_POINT('',(66.75,3.211353249847,11.));
#411 = DIRECTION('',(-3.48994967025E-02,-0.999390827019,
    1.537733322212E-16));
#412 = DIRECTION('',(0.999390827019,-3.48994967025E-02,
    1.246642079075E-11));
#413 = PCURVE('',#88,#414);
#414 = DEFINITIONAL_REPRESENTATION('',(#415),#423);
#415 = ( BOUNDED_CURVE() B_SPLINE_CURVE(2,(#416,#417,#418,#419,#420,#421
,#422),.UNSPECIFIED.,.T.,.F.) B_SPLINE_CURVE_WITH_KNOTS((1,2,2,2,2,1),(
    -2.094395102393,0.,2.094395102393,4.188790204786,6.28318530718,
8.377580409573),.UNSPECIFIED.) CURVE() GEOMETRIC_REPRESENTATION_ITEM() 
RATIONAL_B_SPLINE_CURVE((1.,0.5,1.,0.5,1.,0.5,1.)) REPRESENTATION_ITEM(
  '') );
#416 = CARTESIAN_POINT('',(11.179652108049,71.880250366307));
#417 = CARTESIAN_POINT('',(16.375804530756,71.880250366243));
#418 = CARTESIAN_POINT('',(13.777728319347,67.377507416931));
#419 = CARTESIAN_POINT('',(11.179652107937,62.874764467619));
#420 = CARTESIAN_POINT('',(8.58157589664,67.377507416996));
#421 = CARTESIAN_POINT('',(5.983499685343,71.880250366372));
#422 = CARTESIAN_POINT('',(11.179652108049,71.880250366307));
#423 = ( GEOMETRIC_REPRESENTATION_CONTEXT(2) 
PARAMETRIC_REPRESENTATION_CONTEXT() REPRESENTATION_CONTEXT('2D SPACE',''
  ) );
#424 = PCURVE('',#425,#430);
#425 = CYLINDRICAL_SURFACE('',#426,3.);
#426 = AXIS2_PLACEMENT_3D('',#427,#428,#429);
#427 = CARTESIAN_POINT('',(66.75,0.,11.));
#428 = DIRECTION('',(0.,1.,0.));
#429 = DIRECTION('',(0.326095577812,0.,-0.9453368046));
#430 = DEFINITIONAL_REPRESENTATION('',(#431),#457);
#431 = B_SPLINE_CURVE_WITH_KNOTS('',3,(#432,#433,#434,#435,#436,#437,
    #438,#439,#440,#441,#442,#443,#444,#445,#446,#447,#448,#449,#450,
    #451,#452,#453,#454,#455,#456),.UNSPECIFIED.,.F.,.F.,(4,1,1,1,1,1,1,
    1,1,1,1,1,1,1,1,1,1,1,1,1,1,1,4),(3.345379512567,3.499850411943,
    3.65432131132,3.808792210696,3.963263110073,4.117734009449,
    4.272204908826,4.426675808202,4.581146707578,4.735617606955,
    4.890088506331,5.044559405708,5.199030305084,5.353501204461,
    5.507972103837,5.662443003213,5.81691390259,5.971384801966,
    6.125855701343,6.280326600719,6.434797500096,6.589268399472,
    6.743739298848),.UNSPECIFIED.);
#432 = CARTESIAN_POINT('',(1.699179893141,3.313947734887));
#433 = CARTESIAN_POINT('',(1.647689593349,3.312860638568));
#434 = CARTESIAN_POINT('',(1.544708993764,3.30985293448));
#435 = CARTESIAN_POINT('',(1.390238094388,3.303008433193));
#436 = CARTESIAN_POINT('',(1.235767195011,3.293977863085));
#437 = CARTESIAN_POINT('',(1.081296295635,3.282980595492));
#438 = CARTESIAN_POINT('',(0.926825396259,3.270277360503));
#439 = CARTESIAN_POINT('',(0.772354496882,3.256170981116));
#440 = CARTESIAN_POINT('',(0.617883597506,3.240997301449));
#441 = CARTESIAN_POINT('',(0.463412698129,3.225117687493));
#442 = CARTESIAN_POINT('',(0.308941798753,3.208910288026));
#443 = CARTESIAN_POINT('',(0.154470899376,3.192761065221));
#444 = CARTESIAN_POINT('',(3.353056179793E-14,3.177054593825));
#445 = CARTESIAN_POINT('',(-0.154470899376,3.162164905472));
#446 = CARTESIAN_POINT('',(-0.308941798753,3.148446581053));
#447 = CARTESIAN_POINT('',(-0.463412698129,3.136226306249));
#448 = CARTESIAN_POINT('',(-0.617883597506,3.125795094511));
#449 = CARTESIAN_POINT('',(-0.772354496882,3.117401346933));
#450 = CARTESIAN_POINT('',(-0.926825396259,3.111244974167));
#451 = CARTESIAN_POINT('',(-1.081296295635,3.107472496531));
#452 = CARTESIAN_POINT('',(-1.235767195011,3.106174074511));
#453 = CARTESIAN_POINT('',(-1.390238094388,3.107379422072));
#454 = CARTESIAN_POINT('',(-1.544708993764,3.111064337823));
#455 = CARTESIAN_POINT('',(-1.647689593349,3.115104289872));
#456 = CARTESIAN_POINT('',(-1.699179893141,3.11750650171));
#457 = ( GEOMETRIC_REPRESENTATION_CONTEXT(2) 
PARAMETRIC_REPRESENTATION_CONTEXT() REPRESENTATION_CONTEXT('2D SPACE',''
  ) );
#458 = FACE_BOUND('',#459,.T.);
#459 = EDGE_LOOP('',(#460));
#460 = ORIENTED_EDGE('',*,*,#51,.T.);
#461 = ADVANCED_FACE('',(#462,#566),#120,.T.);
#462 = FACE_BOUND('',#463,.T.);
#463 = EDGE_LOOP('',(#464,#489,#517,#540));
#464 = ORIENTED_EDGE('',*,*,#465,.F.);
#465 = EDGE_CURVE('',#466,#468,#470,.T.);
#466 = VERTEX_POINT('',#467);
#467 = CARTESIAN_POINT('',(-67.98825377473,3.5,14.995431202643));
#468 = VERTEX_POINT('',#469);
#469 = CARTESIAN_POINT('',(-60.75,3.5,14.742665811053));
#470 = SURFACE_CURVE('',#471,(#475,#482),.PCURVE_S1.);
#471 = LINE('',#472,#473);
#472 = CARTESIAN_POINT('',(-67.98825377473,3.5,14.995431202643));
#473 = VECTOR('',#474,1.);
#474 = DIRECTION('',(0.999390827019,0.,-3.489949670249E-02));
#475 = PCURVE('',#120,#476);
#476 = DEFINITIONAL_REPRESENTATION('',(#477),#481);
#477 = LINE('',#478,#479);
#478 = CARTESIAN_POINT('',(0.155612618171,0.87439168258));
#479 = VECTOR('',#480,1.);
#480 = DIRECTION('',(3.489949670249E-02,0.999390827019));
#481 = ( GEOMETRIC_REPRESENTATION_CONTEXT(2) 
PARAMETRIC_REPRESENTATION_CONTEXT() REPRESENTATION_CONTEXT('2D SPACE',''
  ) );
#482 = PCURVE('',#394,#483);
#483 = DEFINITIONAL_REPRESENTATION('',(#484),#488);
#484 = LINE('',#485,#486);
#485 = CARTESIAN_POINT('',(-65.94033512835,11.416516751635));
#486 = VECTOR('',#487,1.);
#487 = DIRECTION('',(1.,0.));
#488 = ( GEOMETRIC_REPRESENTATION_CONTEXT(2) 
PARAMETRIC_REPRESENTATION_CONTEXT() REPRESENTATION_CONTEXT('2D SPACE',''
  ) );
#489 = ORIENTED_EDGE('',*,*,#490,.F.);
#490 = EDGE_CURVE('',#491,#466,#493,.T.);
#491 = VERTEX_POINT('',#492);
#492 = CARTESIAN_POINT('',(-67.93681482073,3.5,6.541850154373E-03));
#493 = SURFACE_CURVE('',#494,(#499,#510),.PCURVE_S1.);
#494 = CIRCLE('',#495,7.5);
#495 = AXIS2_PLACEMENT_3D('',#496,#497,#498);
#496 = CARTESIAN_POINT('',(-68.25,3.5,7.5));
#497 = DIRECTION('',(0.,1.,0.));
#498 = DIRECTION('',(3.489949670249E-02,-0.,0.999390827019));
#499 = PCURVE('',#120,#500);
#500 = DEFINITIONAL_REPRESENTATION('',(#501),#509);
#501 = ( BOUNDED_CURVE() B_SPLINE_CURVE(2,(#502,#503,#504,#505,#506,#507
,#508),.UNSPECIFIED.,.T.,.F.) B_SPLINE_CURVE_WITH_KNOTS((1,2,2,2,2,1),(
    -2.094395102393,0.,2.094395102393,4.188790204786,6.28318530718,
8.377580409573),.UNSPECIFIED.) CURVE() GEOMETRIC_REPRESENTATION_ITEM() 
RATIONAL_B_SPLINE_CURVE((1.,0.5,1.,0.5,1.,0.5,1.)) REPRESENTATION_ITEM(
  '') );
#502 = CARTESIAN_POINT('',(0.155612618171,0.874391682579));
#503 = CARTESIAN_POINT('',(0.608970379026,13.856859350194));
#504 = CARTESIAN_POINT('',(11.625438302563,6.973006178483));
#505 = CARTESIAN_POINT('',(22.6419062261,8.91530067726E-02));
#506 = CARTESIAN_POINT('',(11.172080541708,-6.009461489132));
#507 = CARTESIAN_POINT('',(-0.297745142684,-12.10807598503));
#508 = CARTESIAN_POINT('',(0.155612618171,0.874391682579));
#509 = ( GEOMETRIC_REPRESENTATION_CONTEXT(2) 
PARAMETRIC_REPRESENTATION_CONTEXT() REPRESENTATION_CONTEXT('2D SPACE',''
  ) );
#510 = PCURVE('',#344,#511);
#511 = DEFINITIONAL_REPRESENTATION('',(#512),#516);
#512 = LINE('',#513,#514);
#513 = CARTESIAN_POINT('',(1.609134703934,-2.364134700522));
#514 = VECTOR('',#515,1.);
#515 = DIRECTION('',(1.,0.));
#516 = ( GEOMETRIC_REPRESENTATION_CONTEXT(2) 
PARAMETRIC_REPRESENTATION_CONTEXT() REPRESENTATION_CONTEXT('2D SPACE',''
  ) );
#517 = ORIENTED_EDGE('',*,*,#518,.F.);
#518 = EDGE_CURVE('',#519,#491,#521,.T.);
#519 = VERTEX_POINT('',#520);
#520 = CARTESIAN_POINT('',(-60.75,3.5,0.306911031242));
#521 = SURFACE_CURVE('',#522,(#526,#533),.PCURVE_S1.);
#522 = LINE('',#523,#524);
#523 = CARTESIAN_POINT('',(-60.75,3.5,0.306911031242));
#524 = VECTOR('',#525,1.);
#525 = DIRECTION('',(-0.999127753313,0.,-4.175802390219E-02));
#526 = PCURVE('',#120,#527);
#527 = DEFINITIONAL_REPRESENTATION('',(#528),#532);
#528 = LINE('',#529,#530);
#529 = CARTESIAN_POINT('',(14.844132789572,8.11264545731));
#530 = VECTOR('',#531,1.);
#531 = DIRECTION('',(4.175802390219E-02,-0.999127753313));
#532 = ( GEOMETRIC_REPRESENTATION_CONTEXT(2) 
PARAMETRIC_REPRESENTATION_CONTEXT() REPRESENTATION_CONTEXT('2D SPACE',''
  ) );
#533 = PCURVE('',#315,#534);
#534 = DEFINITIONAL_REPRESENTATION('',(#535),#539);
#535 = LINE('',#536,#537);
#536 = CARTESIAN_POINT('',(56.706054257606,11.414720463779));
#537 = VECTOR('',#538,1.);
#538 = DIRECTION('',(1.,0.));
#539 = ( GEOMETRIC_REPRESENTATION_CONTEXT(2) 
PARAMETRIC_REPRESENTATION_CONTEXT() REPRESENTATION_CONTEXT('2D SPACE',''
  ) );
#540 = ORIENTED_EDGE('',*,*,#541,.F.);
#541 = EDGE_CURVE('',#468,#519,#542,.T.);
#542 = SURFACE_CURVE('',#543,(#547,#554),.PCURVE_S1.);
#543 = LINE('',#544,#545);
#544 = CARTESIAN_POINT('',(-60.75,3.5,14.742665811053));
#545 = VECTOR('',#546,1.);
#546 = DIRECTION('',(0.,0.,-1.));
#547 = PCURVE('',#120,#548);
#548 = DEFINITIONAL_REPRESENTATION('',(#549),#553);
#549 = LINE('',#550,#551);
#550 = CARTESIAN_POINT('',(0.408378009761,8.11264545731));
#551 = VECTOR('',#552,1.);
#552 = DIRECTION('',(1.,0.));
#553 = ( GEOMETRIC_REPRESENTATION_CONTEXT(2) 
PARAMETRIC_REPRESENTATION_CONTEXT() REPRESENTATION_CONTEXT('2D SPACE',''
  ) );
#554 = PCURVE('',#555,#560);
#555 = PLANE('',#556);
#556 = AXIS2_PLACEMENT_3D('',#557,#558,#559);
#557 = CARTESIAN_POINT('',(-60.75,-1.054711873394E-14,14.742665811053));
#558 = DIRECTION('',(-1.,0.,0.));
#559 = DIRECTION('',(0.,0.,1.));
#560 = DEFINITIONAL_REPRESENTATION('',(#561),#565);
#561 = LINE('',#562,#563);
#562 = CARTESIAN_POINT('',(0.,3.5));
#563 = VECTOR('',#564,1.);
#564 = DIRECTION('',(-1.,0.));
#565 = ( GEOMETRIC_REPRESENTATION_CONTEXT(2) 
PARAMETRIC_REPRESENTATION_CONTEXT() REPRESENTATION_CONTEXT('2D SPACE',''
  ) );
#566 = FACE_BOUND('',#567,.T.);
#567 = EDGE_LOOP('',(#568));
#568 = ORIENTED_EDGE('',*,*,#105,.T.);
#569 = ADVANCED_FACE('',(#570),#158,.T.);
#570 = FACE_BOUND('',#571,.T.);
#571 = EDGE_LOOP('',(#572,#625,#646,#647));
#572 = ORIENTED_EDGE('',*,*,#573,.F.);
#573 = EDGE_CURVE('',#574,#576,#578,.T.);
#574 = VERTEX_POINT('',#575);
#575 = CARTESIAN_POINT('',(69.437419249433,-3.11750650171,15.));
#576 = VERTEX_POINT('',#577);
#577 = CARTESIAN_POINT('',(69.437419249433,-3.11750650171,
    12.333333333333));
#578 = SURFACE_CURVE('',#579,(#584,#613),.PCURVE_S1.);
#579 = ELLIPSE('',#580,3.001828632897,3.);
#580 = AXIS2_PLACEMENT_3D('',#581,#582,#583);
#581 = CARTESIAN_POINT('',(72.124838498866,-3.023659753573,
    13.666666666667));
#582 = DIRECTION('',(3.48994967025E-02,-0.999390827019,
    -8.445016484506E-32));
#583 = DIRECTION('',(-0.999390827019,-3.48994967025E-02,
    3.078992111247E-14));
#584 = PCURVE('',#158,#585);
#585 = DEFINITIONAL_REPRESENTATION('',(#586),#612);
#586 = B_SPLINE_CURVE_WITH_KNOTS('',3,(#587,#588,#589,#590,#591,#592,
    #593,#594,#595,#596,#597,#598,#599,#600,#601,#602,#603,#604,#605,
    #606,#607,#608,#609,#610,#611),.UNSPECIFIED.,.F.,.F.,(4,1,1,1,1,1,1,
    1,1,1,1,1,1,1,1,1,1,1,1,1,1,1,4),(5.822631315498,5.864499860197,
    5.906368404895,5.948236949593,5.990105494292,6.03197403899,
    6.073842583688,6.115711128386,6.157579673085,6.199448217783,
    6.241316762481,6.28318530718,6.325053851878,6.366922396576,
    6.408790941275,6.450659485973,6.492528030671,6.534396575369,
    6.576265120068,6.618133664766,6.660002209464,6.701870754163,
    6.743739298861),.UNSPECIFIED.);
#587 = CARTESIAN_POINT('',(0.921107983363,-3.11750650171));
#588 = CARTESIAN_POINT('',(0.907151801796,-3.118156340438));
#589 = CARTESIAN_POINT('',(0.879239438664,-3.119401087641));
#590 = CARTESIAN_POINT('',(0.837370893966,-3.121100469293));
#591 = CARTESIAN_POINT('',(0.795502349268,-3.122629046399));
#592 = CARTESIAN_POINT('',(0.753633804569,-3.123984163066));
#593 = CARTESIAN_POINT('',(0.711765259871,-3.125163437919));
#594 = CARTESIAN_POINT('',(0.669896715173,-3.126164805691));
#595 = CARTESIAN_POINT('',(0.628028170474,-3.12698651082));
#596 = CARTESIAN_POINT('',(0.586159625776,-3.127627113205));
#597 = CARTESIAN_POINT('',(0.544291081078,-3.128085490021));
#598 = CARTESIAN_POINT('',(0.50242253638,-3.128360837868));
#599 = CARTESIAN_POINT('',(0.460553991681,-3.128452674138));
#600 = CARTESIAN_POINT('',(0.418685446983,-3.128360837868));
#601 = CARTESIAN_POINT('',(0.376816902285,-3.128085490021));
#602 = CARTESIAN_POINT('',(0.334948357586,-3.127627113205));
#603 = CARTESIAN_POINT('',(0.293079812888,-3.12698651082));
#604 = CARTESIAN_POINT('',(0.25121126819,-3.126164805691));
#605 = CARTESIAN_POINT('',(0.209342723491,-3.125163437919));
#606 = CARTESIAN_POINT('',(0.167474178793,-3.123984163066));
#607 = CARTESIAN_POINT('',(0.125605634095,-3.122629046399));
#608 = CARTESIAN_POINT('',(8.37370893966E-02,-3.121100469293));
#609 = CARTESIAN_POINT('',(4.18685446983E-02,-3.119401087641));
#610 = CARTESIAN_POINT('',(1.39561815661E-02,-3.118156340438));
#611 = CARTESIAN_POINT('',(0.,-3.11750650171));
#612 = ( GEOMETRIC_REPRESENTATION_CONTEXT(2) 
PARAMETRIC_REPRESENTATION_CONTEXT() REPRESENTATION_CONTEXT('2D SPACE',''
  ) );
#613 = PCURVE('',#614,#619);
#614 = PLANE('',#615);
#615 = AXIS2_PLACEMENT_3D('',#616,#617,#618);
#616 = CARTESIAN_POINT('',(-2.086462859924,-5.615175502006,
    -0.179652108012));
#617 = DIRECTION('',(3.48994967025E-02,-0.999390827019,0.));
#618 = DIRECTION('',(0.,0.,-1.));
#619 = DEFINITIONAL_REPRESENTATION('',(#620),#624);
#620 = ELLIPSE('',#621,3.001828632897,3.);
#621 = AXIS2_PLACEMENT_2D('',#622,#623);
#622 = CARTESIAN_POINT('',(-13.84631877467,74.256536434441));
#623 = DIRECTION('',(-3.078992111247E-14,-1.));
#624 = ( GEOMETRIC_REPRESENTATION_CONTEXT(2) 
PARAMETRIC_REPRESENTATION_CONTEXT() REPRESENTATION_CONTEXT('2D SPACE',''
  ) );
#625 = ORIENTED_EDGE('',*,*,#626,.F.);
#626 = EDGE_CURVE('',#142,#574,#627,.T.);
#627 = SURFACE_CURVE('',#628,(#632,#639),.PCURVE_S1.);
#628 = LINE('',#629,#630);
#629 = CARTESIAN_POINT('',(69.437419249433,3.11750650171,15.));
#630 = VECTOR('',#631,1.);
#631 = DIRECTION('',(0.,-1.,0.));
#632 = PCURVE('',#158,#633);
#633 = DEFINITIONAL_REPRESENTATION('',(#634),#638);
#634 = LINE('',#635,#636);
#635 = CARTESIAN_POINT('',(0.921107983363,3.11750650171));
#636 = VECTOR('',#637,1.);
#637 = DIRECTION('',(0.,-1.));
#638 = ( GEOMETRIC_REPRESENTATION_CONTEXT(2) 
PARAMETRIC_REPRESENTATION_CONTEXT() REPRESENTATION_CONTEXT('2D SPACE',''
  ) );
#639 = PCURVE('',#208,#640);
#640 = DEFINITIONAL_REPRESENTATION('',(#641),#645);
#641 = LINE('',#642,#643);
#642 = CARTESIAN_POINT('',(-3.156290375283,6.23501300342));
#643 = VECTOR('',#644,1.);
#644 = DIRECTION('',(0.,-1.));
#645 = ( GEOMETRIC_REPRESENTATION_CONTEXT(2) 
PARAMETRIC_REPRESENTATION_CONTEXT() REPRESENTATION_CONTEXT('2D SPACE',''
  ) );
#646 = ORIENTED_EDGE('',*,*,#139,.F.);
#647 = ORIENTED_EDGE('',*,*,#648,.F.);
#648 = EDGE_CURVE('',#576,#140,#649,.T.);
#649 = SURFACE_CURVE('',#650,(#654,#661),.PCURVE_S1.);
#650 = LINE('',#651,#652);
#651 = CARTESIAN_POINT('',(69.437419249433,-3.11750650171,
    12.333333333333));
#652 = VECTOR('',#653,1.);
#653 = DIRECTION('',(0.,1.,0.));
#654 = PCURVE('',#158,#655);
#655 = DEFINITIONAL_REPRESENTATION('',(#656),#660);
#656 = LINE('',#657,#658);
#657 = CARTESIAN_POINT('',(0.,-3.11750650171));
#658 = VECTOR('',#659,1.);
#659 = DIRECTION('',(0.,1.));
#660 = ( GEOMETRIC_REPRESENTATION_CONTEXT(2) 
PARAMETRIC_REPRESENTATION_CONTEXT() REPRESENTATION_CONTEXT('2D SPACE',''
  ) );
#661 = PCURVE('',#425,#662);
#662 = DEFINITIONAL_REPRESENTATION('',(#663),#667);
#663 = LINE('',#664,#665);
#664 = CARTESIAN_POINT('',(-1.699179893141,-3.11750650171));
#665 = VECTOR('',#666,1.);
#666 = DIRECTION('',(0.,1.));
#667 = ( GEOMETRIC_REPRESENTATION_CONTEXT(2) 
PARAMETRIC_REPRESENTATION_CONTEXT() REPRESENTATION_CONTEXT('2D SPACE',''
  ) );
#668 = ADVANCED_FACE('',(#669),#208,.T.);
#669 = FACE_BOUND('',#670,.T.);
#670 = EDGE_LOOP('',(#671,#672,#695,#723,#752,#773));
#671 = ORIENTED_EDGE('',*,*,#626,.T.);
#672 = ORIENTED_EDGE('',*,*,#673,.T.);
#673 = EDGE_CURVE('',#574,#674,#676,.T.);
#674 = VERTEX_POINT('',#675);
#675 = CARTESIAN_POINT('',(72.802365194785,-3.,15.));
#676 = SURFACE_CURVE('',#677,(#681,#688),.PCURVE_S1.);
#677 = LINE('',#678,#679);
#678 = CARTESIAN_POINT('',(69.437419249433,-3.11750650171,15.));
#679 = VECTOR('',#680,1.);
#680 = DIRECTION('',(0.999390827019,3.48994967025E-02,0.));
#681 = PCURVE('',#208,#682);
#682 = DEFINITIONAL_REPRESENTATION('',(#683),#687);
#683 = LINE('',#684,#685);
#684 = CARTESIAN_POINT('',(-3.156290375283,0.));
#685 = VECTOR('',#686,1.);
#686 = DIRECTION('',(0.999390827019,3.48994967025E-02));
#687 = ( GEOMETRIC_REPRESENTATION_CONTEXT(2) 
PARAMETRIC_REPRESENTATION_CONTEXT() REPRESENTATION_CONTEXT('2D SPACE',''
  ) );
#688 = PCURVE('',#614,#689);
#689 = DEFINITIONAL_REPRESENTATION('',(#690),#694);
#690 = LINE('',#691,#692);
#691 = CARTESIAN_POINT('',(-15.17965210801,71.567479083926));
#692 = VECTOR('',#693,1.);
#693 = DIRECTION('',(0.,1.));
#694 = ( GEOMETRIC_REPRESENTATION_CONTEXT(2) 
PARAMETRIC_REPRESENTATION_CONTEXT() REPRESENTATION_CONTEXT('2D SPACE',''
  ) );
#695 = ORIENTED_EDGE('',*,*,#696,.T.);
#696 = EDGE_CURVE('',#674,#697,#699,.T.);
#697 = VERTEX_POINT('',#698);
#698 = CARTESIAN_POINT('',(72.75,-3.,15.));
#699 = SURFACE_CURVE('',#700,(#704,#711),.PCURVE_S1.);
#700 = LINE('',#701,#702);
#701 = CARTESIAN_POINT('',(72.802365194785,-3.,15.));
#702 = VECTOR('',#703,1.);
#703 = DIRECTION('',(-1.,0.,0.));
#704 = PCURVE('',#208,#705);
#705 = DEFINITIONAL_REPRESENTATION('',(#706),#710);
#706 = LINE('',#707,#708);
#707 = CARTESIAN_POINT('',(0.208655570069,0.11750650171));
#708 = VECTOR('',#709,1.);
#709 = DIRECTION('',(-1.,0.));
#710 = ( GEOMETRIC_REPRESENTATION_CONTEXT(2) 
PARAMETRIC_REPRESENTATION_CONTEXT() REPRESENTATION_CONTEXT('2D SPACE',''
  ) );
#711 = PCURVE('',#712,#717);
#712 = PLANE('',#713);
#713 = AXIS2_PLACEMENT_3D('',#714,#715,#716);
#714 = CARTESIAN_POINT('',(72.776182597393,-3.,4.291796067501));
#715 = DIRECTION('',(0.,1.,0.));
#716 = DIRECTION('',(0.,-0.,1.));
#717 = DEFINITIONAL_REPRESENTATION('',(#718),#722);
#718 = LINE('',#719,#720);
#719 = CARTESIAN_POINT('',(10.708203932499,2.618259739199E-02));
#720 = VECTOR('',#721,1.);
#721 = DIRECTION('',(0.,-1.));
#722 = ( GEOMETRIC_REPRESENTATION_CONTEXT(2) 
PARAMETRIC_REPRESENTATION_CONTEXT() REPRESENTATION_CONTEXT('2D SPACE',''
  ) );
#723 = ORIENTED_EDGE('',*,*,#724,.T.);
#724 = EDGE_CURVE('',#697,#725,#727,.T.);
#725 = VERTEX_POINT('',#726);
#726 = CARTESIAN_POINT('',(72.75,3.,15.));
#727 = SURFACE_CURVE('',#728,(#733,#740),.PCURVE_S1.);
#728 = CIRCLE('',#729,3.);
#729 = AXIS2_PLACEMENT_3D('',#730,#731,#732);
#730 = CARTESIAN_POINT('',(72.75,9.436895709314E-15,15.));
#731 = DIRECTION('',(0.,0.,1.));
#732 = DIRECTION('',(-2.960594732334E-15,1.,0.));
#733 = PCURVE('',#208,#734);
#734 = DEFINITIONAL_REPRESENTATION('',(#735),#739);
#735 = CIRCLE('',#736,3.);
#736 = AXIS2_PLACEMENT_2D('',#737,#738);
#737 = CARTESIAN_POINT('',(0.156290375284,3.11750650171));
#738 = DIRECTION('',(-2.960594732334E-15,1.));
#739 = ( GEOMETRIC_REPRESENTATION_CONTEXT(2) 
PARAMETRIC_REPRESENTATION_CONTEXT() REPRESENTATION_CONTEXT('2D SPACE',''
  ) );
#740 = PCURVE('',#741,#746);
#741 = CYLINDRICAL_SURFACE('',#742,3.);
#742 = AXIS2_PLACEMENT_3D('',#743,#744,#745);
#743 = CARTESIAN_POINT('',(72.75,4.440892098501E-15,9.64589803375));
#744 = DIRECTION('',(0.,0.,1.));
#745 = DIRECTION('',(0.,-1.,0.));
#746 = DEFINITIONAL_REPRESENTATION('',(#747),#751);
#747 = LINE('',#748,#749);
#748 = CARTESIAN_POINT('',(-3.14159265359,5.35410196625));
#749 = VECTOR('',#750,1.);
#750 = DIRECTION('',(1.,0.));
#751 = ( GEOMETRIC_REPRESENTATION_CONTEXT(2) 
PARAMETRIC_REPRESENTATION_CONTEXT() REPRESENTATION_CONTEXT('2D SPACE',''
  ) );
#752 = ORIENTED_EDGE('',*,*,#753,.T.);
#753 = EDGE_CURVE('',#725,#193,#754,.T.);
#754 = SURFACE_CURVE('',#755,(#759,#766),.PCURVE_S1.);
#755 = LINE('',#756,#757);
#756 = CARTESIAN_POINT('',(72.75,3.,15.));
#757 = VECTOR('',#758,1.);
#758 = DIRECTION('',(1.,0.,0.));
#759 = PCURVE('',#208,#760);
#760 = DEFINITIONAL_REPRESENTATION('',(#761),#765);
#761 = LINE('',#762,#763);
#762 = CARTESIAN_POINT('',(0.156290375284,6.11750650171));
#763 = VECTOR('',#764,1.);
#764 = DIRECTION('',(1.,0.));
#765 = ( GEOMETRIC_REPRESENTATION_CONTEXT(2) 
PARAMETRIC_REPRESENTATION_CONTEXT() REPRESENTATION_CONTEXT('2D SPACE',''
  ) );
#766 = PCURVE('',#236,#767);
#767 = DEFINITIONAL_REPRESENTATION('',(#768),#772);
#768 = LINE('',#769,#770);
#769 = CARTESIAN_POINT('',(-10.70820393249,-2.618259739199E-02));
#770 = VECTOR('',#771,1.);
#771 = DIRECTION('',(0.,1.));
#772 = ( GEOMETRIC_REPRESENTATION_CONTEXT(2) 
PARAMETRIC_REPRESENTATION_CONTEXT() REPRESENTATION_CONTEXT('2D SPACE',''
  ) );
#773 = ORIENTED_EDGE('',*,*,#192,.T.);
#774 = ADVANCED_FACE('',(#775),#236,.T.);
#775 = FACE_BOUND('',#776,.T.);
#776 = EDGE_LOOP('',(#777,#800,#801,#802));
#777 = ORIENTED_EDGE('',*,*,#778,.T.);
#778 = EDGE_CURVE('',#779,#221,#781,.T.);
#779 = VERTEX_POINT('',#780);
#780 = CARTESIAN_POINT('',(72.75,3.,4.291796067501));
#781 = SURFACE_CURVE('',#782,(#787,#794),.PCURVE_S1.);
#782 = ELLIPSE('',#783,8.99988496023,8.999769918296);
#783 = AXIS2_PLACEMENT_3D('',#784,#785,#786);
#784 = CARTESIAN_POINT('',(66.750153832734,3.000000000072,
    10.999828906223));
#785 = DIRECTION('',(-5.383952928043E-12,-1.,5.972200902157E-12));
#786 = DIRECTION('',(0.743621820832,-1.060855353378E-14,0.668600469326)
  );
#787 = PCURVE('',#236,#788);
#788 = DEFINITIONAL_REPRESENTATION('',(#789),#793);
#789 = ELLIPSE('',#790,8.99988496023,8.999769918296);
#790 = AXIS2_PLACEMENT_2D('',#791,#792);
#791 = CARTESIAN_POINT('',(-6.708032838722,-6.026028764658));
#792 = DIRECTION('',(-0.668600469326,0.743621820832));
#793 = ( GEOMETRIC_REPRESENTATION_CONTEXT(2) 
PARAMETRIC_REPRESENTATION_CONTEXT() REPRESENTATION_CONTEXT('2D SPACE',''
  ) );
#794 = PCURVE('',#265,#795);
#795 = DEFINITIONAL_REPRESENTATION('',(#796),#799);
#796 = B_SPLINE_CURVE_WITH_KNOTS('',1,(#797,#798),.UNSPECIFIED.,.F.,.F.,
  (2,2),(4.709791458416,4.71762522473),.PIECEWISE_BEZIER_KNOTS.);
#797 = CARTESIAN_POINT('',(0.841068670568,3.));
#798 = CARTESIAN_POINT('',(0.833235004387,3.));
#799 = ( GEOMETRIC_REPRESENTATION_CONTEXT(2) 
PARAMETRIC_REPRESENTATION_CONTEXT() REPRESENTATION_CONTEXT('2D SPACE',''
  ) );
#800 = ORIENTED_EDGE('',*,*,#220,.T.);
#801 = ORIENTED_EDGE('',*,*,#753,.F.);
#802 = ORIENTED_EDGE('',*,*,#803,.F.);
#803 = EDGE_CURVE('',#779,#725,#804,.T.);
#804 = SURFACE_CURVE('',#805,(#809,#816),.PCURVE_S1.);
#805 = LINE('',#806,#807);
#806 = CARTESIAN_POINT('',(72.75,3.,4.291796067501));
#807 = VECTOR('',#808,1.);
#808 = DIRECTION('',(0.,0.,1.));
#809 = PCURVE('',#236,#810);
#810 = DEFINITIONAL_REPRESENTATION('',(#811),#815);
#811 = LINE('',#812,#813);
#812 = CARTESIAN_POINT('',(0.,-2.618259739199E-02));
#813 = VECTOR('',#814,1.);
#814 = DIRECTION('',(-1.,0.));
#815 = ( GEOMETRIC_REPRESENTATION_CONTEXT(2) 
PARAMETRIC_REPRESENTATION_CONTEXT() REPRESENTATION_CONTEXT('2D SPACE',''
  ) );
#816 = PCURVE('',#741,#817);
#817 = DEFINITIONAL_REPRESENTATION('',(#818),#822);
#818 = LINE('',#819,#820);
#819 = CARTESIAN_POINT('',(3.14159265359,-5.35410196625));
#820 = VECTOR('',#821,1.);
#821 = DIRECTION('',(0.,1.));
#822 = ( GEOMETRIC_REPRESENTATION_CONTEXT(2) 
PARAMETRIC_REPRESENTATION_CONTEXT() REPRESENTATION_CONTEXT('2D SPACE',''
  ) );
#823 = ADVANCED_FACE('',(#824),#265,.T.);
#824 = FACE_BOUND('',#825,.T.);
#825 = EDGE_LOOP('',(#826,#874,#895,#896,#897,#969,#1041));
#826 = ORIENTED_EDGE('',*,*,#827,.F.);
#827 = EDGE_CURVE('',#828,#830,#832,.T.);
#828 = VERTEX_POINT('',#829);
#829 = CARTESIAN_POINT('',(59.75,-3.455798636289,5.343145750508));
#830 = VERTEX_POINT('',#831);
#831 = CARTESIAN_POINT('',(72.802365194785,-3.,4.339003411729));
#832 = SURFACE_CURVE('',#833,(#838,#867),.PCURVE_S1.);
#833 = ELLIPSE('',#834,9.00548589869,9.000000000002);
#834 = AXIS2_PLACEMENT_3D('',#835,#836,#837);
#835 = CARTESIAN_POINT('',(66.75,-3.211353249847,11.000000000002));
#836 = DIRECTION('',(3.48994967025E-02,-0.999390827019,
    -1.056976664435E-15));
#837 = DIRECTION('',(0.999390827019,3.48994967025E-02,2.424357479455E-11
    ));
#838 = PCURVE('',#265,#839);
#839 = DEFINITIONAL_REPRESENTATION('',(#840),#866);
#840 = B_SPLINE_CURVE_WITH_KNOTS('',3,(#841,#842,#843,#844,#845,#846,
    #847,#848,#849,#850,#851,#852,#853,#854,#855,#856,#857,#858,#859,
    #860,#861,#862,#863,#864,#865),.UNSPECIFIED.,.F.,.F.,(4,1,1,1,1,1,1,
    1,1,1,1,1,1,1,1,1,1,1,1,1,1,1,4),(3.821266472474,3.895297555669,
    3.969328638864,4.04335972206,4.117390805255,4.19142188845,
    4.265452971645,4.33948405484,4.413515138036,4.487546221231,
    4.561577304426,4.635608387621,4.709639470817,4.783670554012,
    4.857701637207,4.931732720402,5.005763803597,5.079794886793,
    5.153825969988,5.227857053183,5.301888136378,5.375919219574,
    5.449950302769),.UNSPECIFIED.);
#841 = CARTESIAN_POINT('',(2.461918834682,-3.455798636289));
#842 = CARTESIAN_POINT('',(2.43724180695,-3.450924459434));
#843 = CARTESIAN_POINT('',(2.387887751486,-3.440727377286));
#844 = CARTESIAN_POINT('',(2.313856668291,-3.424176790222));
#845 = CARTESIAN_POINT('',(2.239825585096,-3.40645991406));
#846 = CARTESIAN_POINT('',(2.165794501901,-3.387674337082));
#847 = CARTESIAN_POINT('',(2.091763418705,-3.367922825585));
#848 = CARTESIAN_POINT('',(2.01773233551,-3.347313618601));
#849 = CARTESIAN_POINT('',(1.943701252315,-3.325959605134));
#850 = CARTESIAN_POINT('',(1.86967016912,-3.303977767328));
#851 = CARTESIAN_POINT('',(1.795639085924,-3.281488523122));
#852 = CARTESIAN_POINT('',(1.721608002729,-3.258615071012));
#853 = CARTESIAN_POINT('',(1.647576919534,-3.235482713972));
#854 = CARTESIAN_POINT('',(1.573545836339,-3.212218173347));
#855 = CARTESIAN_POINT('',(1.499514753144,-3.188948894595));
#856 = CARTESIAN_POINT('',(1.425483669948,-3.165802349076));
#857 = CARTESIAN_POINT('',(1.351452586753,-3.142905336016));
#858 = CARTESIAN_POINT('',(1.277421503558,-3.120383286893));
#859 = CARTESIAN_POINT('',(1.203390420363,-3.098359582023));
#860 = CARTESIAN_POINT('',(1.129359337167,-3.076954860814));
#861 = CARTESIAN_POINT('',(1.055328253972,-3.056286412611));
#862 = CARTESIAN_POINT('',(0.981297170777,-3.036467341153));
#863 = CARTESIAN_POINT('',(0.907266087582,-3.017606665331));
#864 = CARTESIAN_POINT('',(0.857912032118,-3.005739577512));
#865 = CARTESIAN_POINT('',(0.833235004386,-3.));
#866 = ( GEOMETRIC_REPRESENTATION_CONTEXT(2) 
PARAMETRIC_REPRESENTATION_CONTEXT() REPRESENTATION_CONTEXT('2D SPACE',''
  ) );
#867 = PCURVE('',#614,#868);
#868 = DEFINITIONAL_REPRESENTATION('',(#869),#873);
#869 = ELLIPSE('',#870,9.00548589869,9.000000000002);
#870 = AXIS2_PLACEMENT_2D('',#871,#872);
#871 = CARTESIAN_POINT('',(-11.17965210801,68.878421733411));
#872 = DIRECTION('',(-2.424357479455E-11,1.));
#873 = ( GEOMETRIC_REPRESENTATION_CONTEXT(2) 
PARAMETRIC_REPRESENTATION_CONTEXT() REPRESENTATION_CONTEXT('2D SPACE',''
  ) );
#874 = ORIENTED_EDGE('',*,*,#875,.T.);
#875 = EDGE_CURVE('',#828,#249,#876,.T.);
#876 = SURFACE_CURVE('',#877,(#881,#888),.PCURVE_S1.);
#877 = LINE('',#878,#879);
#878 = CARTESIAN_POINT('',(59.75,-3.455798636289,5.343145750508));
#879 = VECTOR('',#880,1.);
#880 = DIRECTION('',(0.,1.,0.));
#881 = PCURVE('',#265,#882);
#882 = DEFINITIONAL_REPRESENTATION('',(#883),#887);
#883 = LINE('',#884,#885);
#884 = CARTESIAN_POINT('',(2.461918834682,-3.455798636289));
#885 = VECTOR('',#886,1.);
#886 = DIRECTION('',(0.,1.));
#887 = ( GEOMETRIC_REPRESENTATION_CONTEXT(2) 
PARAMETRIC_REPRESENTATION_CONTEXT() REPRESENTATION_CONTEXT('2D SPACE',''
  ) );
#888 = PCURVE('',#315,#889);
#889 = DEFINITIONAL_REPRESENTATION('',(#890),#894);
#890 = LINE('',#891,#892);
#891 = CARTESIAN_POINT('',(-63.89914322636,4.45892182749));
#892 = VECTOR('',#893,1.);
#893 = DIRECTION('',(0.,1.));
#894 = ( GEOMETRIC_REPRESENTATION_CONTEXT(2) 
PARAMETRIC_REPRESENTATION_CONTEXT() REPRESENTATION_CONTEXT('2D SPACE',''
  ) );
#895 = ORIENTED_EDGE('',*,*,#248,.F.);
#896 = ORIENTED_EDGE('',*,*,#778,.F.);
#897 = ORIENTED_EDGE('',*,*,#898,.F.);
#898 = EDGE_CURVE('',#899,#779,#901,.T.);
#899 = VERTEX_POINT('',#900);
#900 = CARTESIAN_POINT('',(75.75,9.339062083853E-15,11.));
#901 = SURFACE_CURVE('',#902,(#911,#940),.PCURVE_S1.);
#902 = B_SPLINE_CURVE_WITH_KNOTS('',3,(#903,#904,#905,#906,#907,#908,
    #909,#910),.UNSPECIFIED.,.F.,.F.,(4,2,2,4),(-2.60578783141,
    -2.202346586008,-2.000625963306,-1.798905340605),.UNSPECIFIED.);
#903 = CARTESIAN_POINT('',(75.75,4.440892098501E-15,11.));
#904 = CARTESIAN_POINT('',(75.75,0.672402075671,9.835365441823));
#905 = CARTESIAN_POINT('',(75.513136739541,1.396617203862,8.589025622333
    ));
#906 = CARTESIAN_POINT('',(74.758401596706,2.261100739142,6.844643575889
    ));
#907 = CARTESIAN_POINT('',(74.442781718648,2.51207604258,6.284050084059)
  );
#908 = CARTESIAN_POINT('',(73.688656690128,2.880097165026,5.231627806706
    ));
#909 = CARTESIAN_POINT('',(73.251178916471,3.,4.740064117948));
#910 = CARTESIAN_POINT('',(72.75,3.,4.291796067501));
#911 = PCURVE('',#265,#912);
#912 = DEFINITIONAL_REPRESENTATION('',(#913),#939);
#913 = B_SPLINE_CURVE_WITH_KNOTS('',3,(#914,#915,#916,#917,#918,#919,
    #920,#921,#922,#923,#924,#925,#926,#927,#928,#929,#930,#931,#932,
    #933,#934,#935,#936,#937,#938),.UNSPECIFIED.,.F.,.F.,(4,1,1,1,1,1,1,
    1,1,1,1,1,1,1,1,1,1,1,1,1,1,1,4),(-2.60578783141,-2.569111354555,
    -2.5324348777,-2.495758400846,-2.459081923991,-2.422405447136,
    -2.385728970281,-2.349052493427,-2.312376016572,-2.275699539717,
    -2.239023062862,-2.202346586007,-2.165670109153,-2.128993632298,
    -2.092317155443,-2.055640678588,-2.018964201734,-1.982287724879,
    -1.945611248024,-1.908934771169,-1.872258294315,-1.83558181746,
    -1.798905340605),.QUASI_UNIFORM_KNOTS.);
#914 = CARTESIAN_POINT('',(0.,4.440892098501E-15));
#915 = CARTESIAN_POINT('',(1.176394653254E-02,6.112746142472E-02));
#916 = CARTESIAN_POINT('',(3.544205791432E-02,0.184238798373));
#917 = CARTESIAN_POINT('',(7.137641175047E-02,0.370574794377));
#918 = CARTESIAN_POINT('',(0.107694532484,0.557679529511));
#919 = CARTESIAN_POINT('',(0.144362831127,0.744652751414));
#920 = CARTESIAN_POINT('',(0.181348395349,0.930594211095));
#921 = CARTESIAN_POINT('',(0.218619580702,1.114603646992));
#922 = CARTESIAN_POINT('',(0.256146731256,1.295780844453));
#923 = CARTESIAN_POINT('',(0.293902738899,1.473225413767));
#924 = CARTESIAN_POINT('',(0.331864147372,1.646037618544));
#925 = CARTESIAN_POINT('',(0.370010198403,1.813315284165));
#926 = CARTESIAN_POINT('',(0.408329462717,1.974165335611));
#927 = CARTESIAN_POINT('',(0.446798036589,2.127660737689));
#928 = CARTESIAN_POINT('',(0.48540549544,2.272700974708));
#929 = CARTESIAN_POINT('',(0.524160004335,2.408218745413));
#930 = CARTESIAN_POINT('',(0.563066095474,2.533140259048));
#931 = CARTESIAN_POINT('',(0.60213125316,2.646384468434));
#932 = CARTESIAN_POINT('',(0.641363374073,2.746905841574));
#933 = CARTESIAN_POINT('',(0.680765885577,2.833831774485));
#934 = CARTESIAN_POINT('',(0.720385385814,2.904990087692));
#935 = CARTESIAN_POINT('',(0.760265406948,2.958411521037));
#936 = CARTESIAN_POINT('',(0.800453666022,2.992072423617));
#937 = CARTESIAN_POINT('',(0.827484963003,3.));
#938 = CARTESIAN_POINT('',(0.841068670568,3.));
#939 = ( GEOMETRIC_REPRESENTATION_CONTEXT(2) 
PARAMETRIC_REPRESENTATION_CONTEXT() REPRESENTATION_CONTEXT('2D SPACE',''
  ) );
#940 = PCURVE('',#741,#941);
#941 = DEFINITIONAL_REPRESENTATION('',(#942),#968);
#942 = B_SPLINE_CURVE_WITH_KNOTS('',3,(#943,#944,#945,#946,#947,#948,
    #949,#950,#951,#952,#953,#954,#955,#956,#957,#958,#959,#960,#961,
    #962,#963,#964,#965,#966,#967),.UNSPECIFIED.,.F.,.F.,(4,1,1,1,1,1,1,
    1,1,1,1,1,1,1,1,1,1,1,1,1,1,1,4),(-2.60578783141,-2.569111354555,
    -2.5324348777,-2.495758400846,-2.459081923991,-2.422405447136,
    -2.385728970281,-2.349052493427,-2.312376016572,-2.275699539717,
    -2.239023062862,-2.202346586007,-2.165670109153,-2.128993632298,
    -2.092317155443,-2.055640678588,-2.018964201734,-1.982287724879,
    -1.945611248024,-1.908934771169,-1.872258294315,-1.83558181746,
    -1.798905340605),.QUASI_UNIFORM_KNOTS.);
#943 = CARTESIAN_POINT('',(1.570796326795,1.35410196625));
#944 = CARTESIAN_POINT('',(1.591172012488,1.248226097325));
#945 = CARTESIAN_POINT('',(1.632209500125,1.035123859287));
#946 = CARTESIAN_POINT('',(1.694580132365,0.712163361024));
#947 = CARTESIAN_POINT('',(1.757720679417,0.386640080898));
#948 = CARTESIAN_POINT('',(1.821588538358,5.929837830387E-02));
#949 = CARTESIAN_POINT('',(1.886148942921,-0.269117387561));
#950 = CARTESIAN_POINT('',(1.951379908025,-0.597862856765));
#951 = CARTESIAN_POINT('',(2.017277409663,-0.926193672116));
#952 = CARTESIAN_POINT('',(2.083859300842,-1.253365466191));
#953 = CARTESIAN_POINT('',(2.151171692358,-1.578633909755));
#954 = CARTESIAN_POINT('',(2.219283451661,-1.901254531054));
#955 = CARTESIAN_POINT('',(2.288321640869,-2.220483390218));
#956 = CARTESIAN_POINT('',(2.358350150859,-2.535574562366));
#957 = CARTESIAN_POINT('',(2.429348751018,-2.846039007764));
#958 = CARTESIAN_POINT('',(2.501429491293,-3.151389973273));
#959 = CARTESIAN_POINT('',(2.574717764434,-3.45113911833));
#960 = CARTESIAN_POINT('',(2.649382885475,-3.744802165468));
#961 = CARTESIAN_POINT('',(2.725642164108,-4.031880172252));
#962 = CARTESIAN_POINT('',(2.803713040152,-4.31191129693));
#963 = CARTESIAN_POINT('',(2.883832878826,-4.584607395502));
#964 = CARTESIAN_POINT('',(2.966387628295,-4.849650226615));
#965 = CARTESIAN_POINT('',(3.051868925375,-5.106729616247));
#966 = CARTESIAN_POINT('',(3.111224747775,-5.272598684349));
#967 = CARTESIAN_POINT('',(3.14159265359,-5.354101966249));
#968 = ( GEOMETRIC_REPRESENTATION_CONTEXT(2) 
PARAMETRIC_REPRESENTATION_CONTEXT() REPRESENTATION_CONTEXT('2D SPACE',''
  ) );
#969 = ORIENTED_EDGE('',*,*,#970,.F.);
#970 = EDGE_CURVE('',#971,#899,#973,.T.);
#971 = VERTEX_POINT('',#972);
#972 = CARTESIAN_POINT('',(72.75,-3.,4.291796067501));
#973 = SURFACE_CURVE('',#974,(#983,#1012),.PCURVE_S1.);
#974 = B_SPLINE_CURVE_WITH_KNOTS('',3,(#975,#976,#977,#978,#979,#980,
    #981,#982),.UNSPECIFIED.,.F.,.F.,(4,2,2,4),(-0.806882490805,
    -0.605161868104,-0.403441245403,0.),.UNSPECIFIED.);
#975 = CARTESIAN_POINT('',(72.75,-3.,4.291796067501));
#976 = CARTESIAN_POINT('',(73.251178916471,-3.,4.740064117948));
#977 = CARTESIAN_POINT('',(73.688656690128,-2.880097165026,
    5.231627806706));
#978 = CARTESIAN_POINT('',(74.442781718648,-2.51207604258,6.284050084059
    ));
#979 = CARTESIAN_POINT('',(74.758401596706,-2.261100739142,
    6.844643575889));
#980 = CARTESIAN_POINT('',(75.513136739541,-1.396617203862,
    8.589025622333));
#981 = CARTESIAN_POINT('',(75.75,-0.672402075671,9.835365441823));
#982 = CARTESIAN_POINT('',(75.75,4.440892098501E-15,11.));
#983 = PCURVE('',#265,#984);
#984 = DEFINITIONAL_REPRESENTATION('',(#985),#1011);
#985 = B_SPLINE_CURVE_WITH_KNOTS('',3,(#986,#987,#988,#989,#990,#991,
    #992,#993,#994,#995,#996,#997,#998,#999,#1000,#1001,#1002,#1003,
    #1004,#1005,#1006,#1007,#1008,#1009,#1010),.UNSPECIFIED.,.F.,.F.,(4,
    1,1,1,1,1,1,1,1,1,1,1,1,1,1,1,1,1,1,1,1,1,4),(-0.806882490805,
    -0.77020601395,-0.733529537095,-0.696853060241,-0.660176583386,
    -0.623500106531,-0.586823629676,-0.550147152822,-0.513470675967,
    -0.476794199112,-0.440117722257,-0.403441245402,-0.366764768548,
    -0.330088291693,-0.293411814838,-0.256735337983,-0.220058861129,
    -0.183382384274,-0.146705907419,-0.110029430564,-7.335295370955E-02,
    -3.667647685477E-02,0.),.QUASI_UNIFORM_KNOTS.);
#986 = CARTESIAN_POINT('',(0.841068670568,-3.));
#987 = CARTESIAN_POINT('',(0.827484963003,-3.));
#988 = CARTESIAN_POINT('',(0.800453666022,-2.992072423617));
#989 = CARTESIAN_POINT('',(0.760265406948,-2.958411521037));
#990 = CARTESIAN_POINT('',(0.720385385814,-2.904990087692));
#991 = CARTESIAN_POINT('',(0.680765885577,-2.833831774485));
#992 = CARTESIAN_POINT('',(0.641363374072,-2.746905841573));
#993 = CARTESIAN_POINT('',(0.60213125316,-2.646384468433));
#994 = CARTESIAN_POINT('',(0.563066095474,-2.533140259047));
#995 = CARTESIAN_POINT('',(0.524160004335,-2.408218745412));
#996 = CARTESIAN_POINT('',(0.48540549544,-2.272700974705));
#997 = CARTESIAN_POINT('',(0.446798036588,-2.127660737686));
#998 = CARTESIAN_POINT('',(0.408329462717,-1.974165335609));
#999 = CARTESIAN_POINT('',(0.370010198402,-1.813315284162));
#1000 = CARTESIAN_POINT('',(0.331864147371,-1.646037618541));
#1001 = CARTESIAN_POINT('',(0.293902738899,-1.473225413764));
#1002 = CARTESIAN_POINT('',(0.256146731255,-1.295780844451));
#1003 = CARTESIAN_POINT('',(0.218619580701,-1.11460364699));
#1004 = CARTESIAN_POINT('',(0.181348395348,-0.930594211092));
#1005 = CARTESIAN_POINT('',(0.144362831126,-0.744652751412));
#1006 = CARTESIAN_POINT('',(0.107694532483,-0.55767952951));
#1007 = CARTESIAN_POINT('',(7.137641175029E-02,-0.370574794376));
#1008 = CARTESIAN_POINT('',(3.544205791423E-02,-0.184238798372));
#1009 = CARTESIAN_POINT('',(1.176394653251E-02,-6.112746142456E-02));
#1010 = CARTESIAN_POINT('',(0.,4.440892098501E-15));
#1011 = ( GEOMETRIC_REPRESENTATION_CONTEXT(2) 
PARAMETRIC_REPRESENTATION_CONTEXT() REPRESENTATION_CONTEXT('2D SPACE',''
  ) );
#1012 = PCURVE('',#741,#1013);
#1013 = DEFINITIONAL_REPRESENTATION('',(#1014),#1040);
#1014 = B_SPLINE_CURVE_WITH_KNOTS('',3,(#1015,#1016,#1017,#1018,#1019,
    #1020,#1021,#1022,#1023,#1024,#1025,#1026,#1027,#1028,#1029,#1030,
    #1031,#1032,#1033,#1034,#1035,#1036,#1037,#1038,#1039),
  .UNSPECIFIED.,.F.,.F.,(4,1,1,1,1,1,1,1,1,1,1,1,1,1,1,1,1,1,1,1,1,1,4),
  (-0.806882490805,-0.77020601395,-0.733529537095,-0.696853060241,
    -0.660176583386,-0.623500106531,-0.586823629676,-0.550147152822,
    -0.513470675967,-0.476794199112,-0.440117722257,-0.403441245402,
    -0.366764768548,-0.330088291693,-0.293411814838,-0.256735337983,
    -0.220058861129,-0.183382384274,-0.146705907419,-0.110029430564,
    -7.335295370955E-02,-3.667647685477E-02,0.),.QUASI_UNIFORM_KNOTS.);
#1015 = CARTESIAN_POINT('',(0.,-5.354101966249));
#1016 = CARTESIAN_POINT('',(3.036790581446E-02,-5.272598684349));
#1017 = CARTESIAN_POINT('',(8.972372821448E-02,-5.106729616247));
#1018 = CARTESIAN_POINT('',(0.175205025295,-4.849650226615));
#1019 = CARTESIAN_POINT('',(0.257759774764,-4.584607395502));
#1020 = CARTESIAN_POINT('',(0.337879613438,-4.311911296929));
#1021 = CARTESIAN_POINT('',(0.415950489482,-4.031880172251));
#1022 = CARTESIAN_POINT('',(0.492209768116,-3.744802165466));
#1023 = CARTESIAN_POINT('',(0.566874889157,-3.451139118327));
#1024 = CARTESIAN_POINT('',(0.640163162297,-3.15138997327));
#1025 = CARTESIAN_POINT('',(0.712243902573,-2.84603900776));
#1026 = CARTESIAN_POINT('',(0.783242502732,-2.53557456236));
#1027 = CARTESIAN_POINT('',(0.853271012722,-2.220483390212));
#1028 = CARTESIAN_POINT('',(0.92230920193,-1.901254531049));
#1029 = CARTESIAN_POINT('',(0.990420961233,-1.578633909749));
#1030 = CARTESIAN_POINT('',(1.057733352749,-1.253365466186));
#1031 = CARTESIAN_POINT('',(1.124315243928,-0.926193672111));
#1032 = CARTESIAN_POINT('',(1.190212745566,-0.597862856761));
#1033 = CARTESIAN_POINT('',(1.25544371067,-0.269117387558));
#1034 = CARTESIAN_POINT('',(1.320004115233,5.9298378307E-02));
#1035 = CARTESIAN_POINT('',(1.383871974173,0.386640080901));
#1036 = CARTESIAN_POINT('',(1.447012521225,0.712163361026));
#1037 = CARTESIAN_POINT('',(1.509383153465,1.035123859287));
#1038 = CARTESIAN_POINT('',(1.550420641101,1.248226097325));
#1039 = CARTESIAN_POINT('',(1.570796326795,1.35410196625));
#1040 = ( GEOMETRIC_REPRESENTATION_CONTEXT(2) 
PARAMETRIC_REPRESENTATION_CONTEXT() REPRESENTATION_CONTEXT('2D SPACE',''
  ) );
#1041 = ORIENTED_EDGE('',*,*,#1042,.F.);
#1042 = EDGE_CURVE('',#830,#971,#1043,.T.);
#1043 = SURFACE_CURVE('',#1044,(#1049,#1055),.PCURVE_S1.);
#1044 = ELLIPSE('',#1045,9.001499865407,9.000749900912);
#1045 = AXIS2_PLACEMENT_3D('',#1046,#1047,#1048);
#1046 = CARTESIAN_POINT('',(66.7489959228,-2.999999999928,
    11.001114192629));
#1047 = DIRECTION('',(5.383952929482E-12,1.,-5.972200903754E-12));
#1048 = DIRECTION('',(-0.669444868473,8.040779229077E-12,0.742861742234)
  );
#1049 = PCURVE('',#265,#1050);
#1050 = DEFINITIONAL_REPRESENTATION('',(#1051),#1054);
#1051 = B_SPLINE_CURVE_WITH_KNOTS('',1,(#1052,#1053),.UNSPECIFIED.,.F.,
  .F.,(2,2),(3.137492920559,3.145325934072),.PIECEWISE_BEZIER_KNOTS.);
#1052 = CARTESIAN_POINT('',(0.833235004386,-3.));
#1053 = CARTESIAN_POINT('',(0.841068670568,-3.));
#1054 = ( GEOMETRIC_REPRESENTATION_CONTEXT(2) 
PARAMETRIC_REPRESENTATION_CONTEXT() REPRESENTATION_CONTEXT('2D SPACE',''
  ) );
#1055 = PCURVE('',#712,#1056);
#1056 = DEFINITIONAL_REPRESENTATION('',(#1057),#1061);
#1057 = ELLIPSE('',#1058,9.001499865407,9.000749900912);
#1058 = AXIS2_PLACEMENT_2D('',#1059,#1060);
#1059 = CARTESIAN_POINT('',(6.709318125128,-6.027186674593));
#1060 = DIRECTION('',(0.742861742234,-0.669444868473));
#1061 = ( GEOMETRIC_REPRESENTATION_CONTEXT(2) 
PARAMETRIC_REPRESENTATION_CONTEXT() REPRESENTATION_CONTEXT('2D SPACE',''
  ) );
#1062 = ADVANCED_FACE('',(#1063,#1189,#1387,#1585,#1783,#1981,#2179,
    #2377),#315,.T.);
#1063 = FACE_BOUND('',#1064,.T.);
#1064 = EDGE_LOOP('',(#1065,#1066,#1087,#1088,#1089,#1112,#1140,#1168));
#1065 = ORIENTED_EDGE('',*,*,#518,.T.);
#1066 = ORIENTED_EDGE('',*,*,#1067,.T.);
#1067 = EDGE_CURVE('',#491,#300,#1068,.T.);
#1068 = SURFACE_CURVE('',#1069,(#1073,#1080),.PCURVE_S1.);
#1069 = LINE('',#1070,#1071);
#1070 = CARTESIAN_POINT('',(-67.93681482073,3.5,6.541850154373E-03));
#1071 = VECTOR('',#1072,1.);
#1072 = DIRECTION('',(0.,1.,0.));
#1073 = PCURVE('',#315,#1074);
#1074 = DEFINITIONAL_REPRESENTATION('',(#1075),#1079);
#1075 = LINE('',#1076,#1077);
#1076 = CARTESIAN_POINT('',(63.89914322636,11.414720463779));
#1077 = VECTOR('',#1078,1.);
#1078 = DIRECTION('',(0.,1.));
#1079 = ( GEOMETRIC_REPRESENTATION_CONTEXT(2) 
PARAMETRIC_REPRESENTATION_CONTEXT() REPRESENTATION_CONTEXT('2D SPACE',''
  ) );
#1080 = PCURVE('',#344,#1081);
#1081 = DEFINITIONAL_REPRESENTATION('',(#1082),#1086);
#1082 = LINE('',#1083,#1084);
#1083 = CARTESIAN_POINT('',(4.674050603245,-2.364134700522));
#1084 = VECTOR('',#1085,1.);
#1085 = DIRECTION('',(0.,1.));
#1086 = ( GEOMETRIC_REPRESENTATION_CONTEXT(2) 
PARAMETRIC_REPRESENTATION_CONTEXT() REPRESENTATION_CONTEXT('2D SPACE',''
  ) );
#1087 = ORIENTED_EDGE('',*,*,#299,.F.);
#1088 = ORIENTED_EDGE('',*,*,#875,.F.);
#1089 = ORIENTED_EDGE('',*,*,#1090,.F.);
#1090 = EDGE_CURVE('',#1091,#828,#1093,.T.);
#1091 = VERTEX_POINT('',#1092);
#1092 = CARTESIAN_POINT('',(-67.93681482073,-7.914720463779,
    6.541850154373E-03));
#1093 = SURFACE_CURVE('',#1094,(#1098,#1105),.PCURVE_S1.);
#1094 = LINE('',#1095,#1096);
#1095 = CARTESIAN_POINT('',(-67.93681482073,-7.914720463779,
    6.541850154374E-03));
#1096 = VECTOR('',#1097,1.);
#1097 = DIRECTION('',(0.998520172021,3.486909276003E-02,
    4.173263035868E-02));
#1098 = PCURVE('',#315,#1099);
#1099 = DEFINITIONAL_REPRESENTATION('',(#1100),#1104);
#1100 = LINE('',#1101,#1102);
#1101 = CARTESIAN_POINT('',(63.89914322636,0.));
#1102 = VECTOR('',#1103,1.);
#1103 = DIRECTION('',(-0.999391888285,3.486909276003E-02));
#1104 = ( GEOMETRIC_REPRESENTATION_CONTEXT(2) 
PARAMETRIC_REPRESENTATION_CONTEXT() REPRESENTATION_CONTEXT('2D SPACE',''
  ) );
#1105 = PCURVE('',#614,#1106);
#1106 = DEFINITIONAL_REPRESENTATION('',(#1107),#1111);
#1107 = LINE('',#1108,#1109);
#1108 = CARTESIAN_POINT('',(-0.186193958166,-65.89049066741));
#1109 = VECTOR('',#1110,1.);
#1110 = DIRECTION('',(-4.173263035868E-02,0.999128814299));
#1111 = ( GEOMETRIC_REPRESENTATION_CONTEXT(2) 
PARAMETRIC_REPRESENTATION_CONTEXT() REPRESENTATION_CONTEXT('2D SPACE',''
  ) );
#1112 = ORIENTED_EDGE('',*,*,#1113,.T.);
#1113 = EDGE_CURVE('',#1091,#1114,#1116,.T.);
#1114 = VERTEX_POINT('',#1115);
#1115 = CARTESIAN_POINT('',(-67.93681482073,-3.5,6.541850154373E-03));
#1116 = SURFACE_CURVE('',#1117,(#1121,#1128),.PCURVE_S1.);
#1117 = LINE('',#1118,#1119);
#1118 = CARTESIAN_POINT('',(-67.93681482073,-7.914720463779,
    6.541850154373E-03));
#1119 = VECTOR('',#1120,1.);
#1120 = DIRECTION('',(0.,1.,0.));
#1121 = PCURVE('',#315,#1122);
#1122 = DEFINITIONAL_REPRESENTATION('',(#1123),#1127);
#1123 = LINE('',#1124,#1125);
#1124 = CARTESIAN_POINT('',(63.89914322636,0.));
#1125 = VECTOR('',#1126,1.);
#1126 = DIRECTION('',(0.,1.));
#1127 = ( GEOMETRIC_REPRESENTATION_CONTEXT(2) 
PARAMETRIC_REPRESENTATION_CONTEXT() REPRESENTATION_CONTEXT('2D SPACE',''
  ) );
#1128 = PCURVE('',#1129,#1134);
#1129 = CYLINDRICAL_SURFACE('',#1130,7.5);
#1130 = AXIS2_PLACEMENT_3D('',#1131,#1132,#1133);
#1131 = CARTESIAN_POINT('',(-68.25,-5.863994761578,7.5));
#1132 = DIRECTION('',(0.,1.,0.));
#1133 = DIRECTION('',(-0.999994111407,0.,-3.431785363485E-03));
#1134 = DEFINITIONAL_REPRESENTATION('',(#1135),#1139);
#1135 = LINE('',#1136,#1137);
#1136 = CARTESIAN_POINT('',(4.674050603246,-2.050725702201));
#1137 = VECTOR('',#1138,1.);
#1138 = DIRECTION('',(0.,1.));
#1139 = ( GEOMETRIC_REPRESENTATION_CONTEXT(2) 
PARAMETRIC_REPRESENTATION_CONTEXT() REPRESENTATION_CONTEXT('2D SPACE',''
  ) );
#1140 = ORIENTED_EDGE('',*,*,#1141,.T.);
#1141 = EDGE_CURVE('',#1114,#1142,#1144,.T.);
#1142 = VERTEX_POINT('',#1143);
#1143 = CARTESIAN_POINT('',(-60.75,-3.5,0.306911031242));
#1144 = SURFACE_CURVE('',#1145,(#1149,#1156),.PCURVE_S1.);
#1145 = LINE('',#1146,#1147);
#1146 = CARTESIAN_POINT('',(-67.93681482073,-3.5,6.541850154373E-03));
#1147 = VECTOR('',#1148,1.);
#1148 = DIRECTION('',(0.999127753313,0.,4.175802390219E-02));
#1149 = PCURVE('',#315,#1150);
#1150 = DEFINITIONAL_REPRESENTATION('',(#1151),#1155);
#1151 = LINE('',#1152,#1153);
#1152 = CARTESIAN_POINT('',(63.89914322636,4.414720463779));
#1153 = VECTOR('',#1154,1.);
#1154 = DIRECTION('',(-1.,0.));
#1155 = ( GEOMETRIC_REPRESENTATION_CONTEXT(2) 
PARAMETRIC_REPRESENTATION_CONTEXT() REPRESENTATION_CONTEXT('2D SPACE',''
  ) );
#1156 = PCURVE('',#1157,#1162);
#1157 = PLANE('',#1158);
#1158 = AXIS2_PLACEMENT_3D('',#1159,#1160,#1161);
#1159 = CARTESIAN_POINT('',(-68.86264545731,-3.5,15.151043820814));
#1160 = DIRECTION('',(0.,1.,0.));
#1161 = DIRECTION('',(0.,-0.,1.));
#1162 = DEFINITIONAL_REPRESENTATION('',(#1163),#1167);
#1163 = LINE('',#1164,#1165);
#1164 = CARTESIAN_POINT('',(-15.14450197066,0.92583063658));
#1165 = VECTOR('',#1166,1.);
#1166 = DIRECTION('',(4.175802390219E-02,0.999127753313));
#1167 = ( GEOMETRIC_REPRESENTATION_CONTEXT(2) 
PARAMETRIC_REPRESENTATION_CONTEXT() REPRESENTATION_CONTEXT('2D SPACE',''
  ) );
#1168 = ORIENTED_EDGE('',*,*,#1169,.T.);
#1169 = EDGE_CURVE('',#1142,#519,#1170,.T.);
#1170 = SURFACE_CURVE('',#1171,(#1175,#1182),.PCURVE_S1.);
#1171 = LINE('',#1172,#1173);
#1172 = CARTESIAN_POINT('',(-60.75,-3.5,0.306911031242));
#1173 = VECTOR('',#1174,1.);
#1174 = DIRECTION('',(0.,1.,0.));
#1175 = PCURVE('',#315,#1176);
#1176 = DEFINITIONAL_REPRESENTATION('',(#1177),#1181);
#1177 = LINE('',#1178,#1179);
#1178 = CARTESIAN_POINT('',(56.706054257606,4.414720463779));
#1179 = VECTOR('',#1180,1.);
#1180 = DIRECTION('',(0.,1.));
#1181 = ( GEOMETRIC_REPRESENTATION_CONTEXT(2) 
PARAMETRIC_REPRESENTATION_CONTEXT() REPRESENTATION_CONTEXT('2D SPACE',''
  ) );
#1182 = PCURVE('',#555,#1183);
#1183 = DEFINITIONAL_REPRESENTATION('',(#1184),#1188);
#1184 = LINE('',#1185,#1186);
#1185 = CARTESIAN_POINT('',(-14.43575477981,-3.5));
#1186 = VECTOR('',#1187,1.);
#1187 = DIRECTION('',(0.,1.));
#1188 = ( GEOMETRIC_REPRESENTATION_CONTEXT(2) 
PARAMETRIC_REPRESENTATION_CONTEXT() REPRESENTATION_CONTEXT('2D SPACE',''
  ) );
#1189 = FACE_BOUND('',#1190,.T.);
#1190 = EDGE_LOOP('',(#1191,#1242,#1291,#1340));
#1191 = ORIENTED_EDGE('',*,*,#1192,.F.);
#1192 = EDGE_CURVE('',#1193,#1195,#1197,.T.);
#1193 = VERTEX_POINT('',#1194);
#1194 = CARTESIAN_POINT('',(44.5,-6.123233995737E-16,4.705779945787));
#1195 = VERTEX_POINT('',#1196);
#1196 = CARTESIAN_POINT('',(41.885528859289,-2.497377896504,
    4.596509486606));
#1197 = SURFACE_CURVE('',#1198,(#1203,#1210),.PCURVE_S1.);
#1198 = ELLIPSE('',#1199,2.502182520414,2.5);
#1199 = AXIS2_PLACEMENT_3D('',#1200,#1201,#1202);
#1200 = CARTESIAN_POINT('',(42.,0.,4.601293748292));
#1201 = DIRECTION('',(4.175802390219E-02,0.,-0.999127753313));
#1202 = DIRECTION('',(0.999127753313,0.,4.175802390219E-02));
#1203 = PCURVE('',#315,#1204);
#1204 = DEFINITIONAL_REPRESENTATION('',(#1205),#1209);
#1205 = ELLIPSE('',#1206,2.502182520414,2.5);
#1206 = AXIS2_PLACEMENT_2D('',#1207,#1208);
#1207 = CARTESIAN_POINT('',(-46.13364733142,7.914720463779));
#1208 = DIRECTION('',(-1.,0.));
#1209 = ( GEOMETRIC_REPRESENTATION_CONTEXT(2) 
PARAMETRIC_REPRESENTATION_CONTEXT() REPRESENTATION_CONTEXT('2D SPACE',''
  ) );
#1210 = PCURVE('',#1211,#1216);
#1211 = CYLINDRICAL_SURFACE('',#1212,2.5);
#1212 = AXIS2_PLACEMENT_3D('',#1213,#1214,#1215);
#1213 = CARTESIAN_POINT('',(42.,0.,-5.));
#1214 = DIRECTION('',(0.,0.,1.));
#1215 = DIRECTION('',(1.,0.,-0.));
#1216 = DEFINITIONAL_REPRESENTATION('',(#1217),#1241);
#1217 = B_SPLINE_CURVE_WITH_KNOTS('',8,(#1218,#1219,#1220,#1221,#1222,
    #1223,#1224,#1225,#1226,#1227,#1228,#1229,#1230,#1231,#1232,#1233,
    #1234,#1235,#1236,#1237,#1238,#1239,#1240),.UNSPECIFIED.,.F.,.F.,(9,
    7,7,9),(0.,1.570796326795,3.926990816987,6.28318530718),
  .UNSPECIFIED.);
#1218 = CARTESIAN_POINT('',(6.28318530718,9.705779945787));
#1219 = CARTESIAN_POINT('',(6.08683576633,9.705779945787));
#1220 = CARTESIAN_POINT('',(5.890486225481,9.701176126731));
#1221 = CARTESIAN_POINT('',(5.694136684631,9.691969045166));
#1222 = CARTESIAN_POINT('',(5.497787143782,9.67853565724));
#1223 = CARTESIAN_POINT('',(5.301437602933,9.661636202349));
#1224 = CARTESIAN_POINT('',(5.105088062083,9.642325310693));
#1225 = CARTESIAN_POINT('',(4.908738521234,9.621809565195));
#1226 = CARTESIAN_POINT('',(4.417864669111,9.570520022937));
#1227 = CARTESIAN_POINT('',(4.123340357838,9.53974618607));
#1228 = CARTESIAN_POINT('',(3.828816046565,9.513041031315));
#1229 = CARTESIAN_POINT('',(3.534291735298,9.494467444508));
#1230 = CARTESIAN_POINT('',(3.239767424015,9.486979342198));
#1231 = CARTESIAN_POINT('',(2.945243112742,9.491214809295));
#1232 = CARTESIAN_POINT('',(2.650718801466,9.505650539622));
#1233 = CARTESIAN_POINT('',(2.061670178918,9.549171159384));
#1234 = CARTESIAN_POINT('',(1.767145867644,9.578255172451));
#1235 = CARTESIAN_POINT('',(1.472621556369,9.611791449007));
#1236 = CARTESIAN_POINT('',(1.178097245096,9.645536881258));
#1237 = CARTESIAN_POINT('',(0.883572933823,9.674709917875));
#1238 = CARTESIAN_POINT('',(0.589048622548,9.695420288384));
#1239 = CARTESIAN_POINT('',(0.294524311274,9.705779945787));
#1240 = CARTESIAN_POINT('',(0.,9.705779945787));
#1241 = ( GEOMETRIC_REPRESENTATION_CONTEXT(2) 
PARAMETRIC_REPRESENTATION_CONTEXT() REPRESENTATION_CONTEXT('2D SPACE',''
  ) );
#1242 = ORIENTED_EDGE('',*,*,#1243,.F.);
#1243 = EDGE_CURVE('',#1244,#1193,#1246,.T.);
#1244 = VERTEX_POINT('',#1245);
#1245 = CARTESIAN_POINT('',(41.885528859289,2.497377896504,
    4.596509486606));
#1246 = SURFACE_CURVE('',#1247,(#1252,#1259),.PCURVE_S1.);
#1247 = ELLIPSE('',#1248,2.502182520414,2.5);
#1248 = AXIS2_PLACEMENT_3D('',#1249,#1250,#1251);
#1249 = CARTESIAN_POINT('',(42.,0.,4.601293748292));
#1250 = DIRECTION('',(4.175802390219E-02,0.,-0.999127753313));
#1251 = DIRECTION('',(0.999127753313,0.,4.175802390219E-02));
#1252 = PCURVE('',#315,#1253);
#1253 = DEFINITIONAL_REPRESENTATION('',(#1254),#1258);
#1254 = ELLIPSE('',#1255,2.502182520414,2.5);
#1255 = AXIS2_PLACEMENT_2D('',#1256,#1257);
#1256 = CARTESIAN_POINT('',(-46.13364733142,7.914720463779));
#1257 = DIRECTION('',(-1.,0.));
#1258 = ( GEOMETRIC_REPRESENTATION_CONTEXT(2) 
PARAMETRIC_REPRESENTATION_CONTEXT() REPRESENTATION_CONTEXT('2D SPACE',''
  ) );
#1259 = PCURVE('',#1260,#1265);
#1260 = CYLINDRICAL_SURFACE('',#1261,2.5);
#1261 = AXIS2_PLACEMENT_3D('',#1262,#1263,#1264);
#1262 = CARTESIAN_POINT('',(42.,0.,-5.));
#1263 = DIRECTION('',(0.,0.,1.));
#1264 = DIRECTION('',(1.,0.,-0.));
#1265 = DEFINITIONAL_REPRESENTATION('',(#1266),#1290);
#1266 = B_SPLINE_CURVE_WITH_KNOTS('',8,(#1267,#1268,#1269,#1270,#1271,
    #1272,#1273,#1274,#1275,#1276,#1277,#1278,#1279,#1280,#1281,#1282,
    #1283,#1284,#1285,#1286,#1287,#1288,#1289),.UNSPECIFIED.,.F.,.F.,(9,
    7,7,9),(0.,1.570796326795,3.926990816987,6.28318530718),
  .UNSPECIFIED.);
#1267 = CARTESIAN_POINT('',(6.28318530718,9.705779945787));
#1268 = CARTESIAN_POINT('',(6.08683576633,9.705779945787));
#1269 = CARTESIAN_POINT('',(5.890486225481,9.701176126731));
#1270 = CARTESIAN_POINT('',(5.694136684631,9.691969045166));
#1271 = CARTESIAN_POINT('',(5.497787143782,9.67853565724));
#1272 = CARTESIAN_POINT('',(5.301437602933,9.661636202349));
#1273 = CARTESIAN_POINT('',(5.105088062083,9.642325310693));
#1274 = CARTESIAN_POINT('',(4.908738521234,9.621809565195));
#1275 = CARTESIAN_POINT('',(4.417864669111,9.570520022937));
#1276 = CARTESIAN_POINT('',(4.123340357838,9.53974618607));
#1277 = CARTESIAN_POINT('',(3.828816046565,9.513041031315));
#1278 = CARTESIAN_POINT('',(3.534291735298,9.494467444508));
#1279 = CARTESIAN_POINT('',(3.239767424015,9.486979342198));
#1280 = CARTESIAN_POINT('',(2.945243112742,9.491214809295));
#1281 = CARTESIAN_POINT('',(2.650718801466,9.505650539622));
#1282 = CARTESIAN_POINT('',(2.061670178918,9.549171159384));
#1283 = CARTESIAN_POINT('',(1.767145867644,9.578255172451));
#1284 = CARTESIAN_POINT('',(1.472621556369,9.611791449007));
#1285 = CARTESIAN_POINT('',(1.178097245096,9.645536881258));
#1286 = CARTESIAN_POINT('',(0.883572933823,9.674709917875));
#1287 = CARTESIAN_POINT('',(0.589048622548,9.695420288384));
#1288 = CARTESIAN_POINT('',(0.294524311274,9.705779945787));
#1289 = CARTESIAN_POINT('',(0.,9.705779945787));
#1290 = ( GEOMETRIC_REPRESENTATION_CONTEXT(2) 
PARAMETRIC_REPRESENTATION_CONTEXT() REPRESENTATION_CONTEXT('2D SPACE',''
  ) );
#1291 = ORIENTED_EDGE('',*,*,#1292,.F.);
#1292 = EDGE_CURVE('',#1293,#1244,#1295,.T.);
#1293 = VERTEX_POINT('',#1294);
#1294 = CARTESIAN_POINT('',(39.265640367483,-6.123233995737E-16,
    4.487012612057));
#1295 = SURFACE_CURVE('',#1296,(#1301,#1308),.PCURVE_S1.);
#1296 = ELLIPSE('',#1297,2.50736720232,2.5);
#1297 = AXIS2_PLACEMENT_3D('',#1298,#1299,#1300);
#1298 = CARTESIAN_POINT('',(41.770820527067,0.,4.591715311623));
#1299 = DIRECTION('',(4.175802390219E-02,0.,-0.999127753313));
#1300 = DIRECTION('',(-0.999127753313,0.,-4.175802390219E-02));
#1301 = PCURVE('',#315,#1302);
#1302 = DEFINITIONAL_REPRESENTATION('',(#1303),#1307);
#1303 = ELLIPSE('',#1304,2.50736720232,2.5);
#1304 = AXIS2_PLACEMENT_2D('',#1305,#1306);
#1305 = CARTESIAN_POINT('',(-45.90426778293,7.914720463779));
#1306 = DIRECTION('',(1.,0.));
#1307 = ( GEOMETRIC_REPRESENTATION_CONTEXT(2) 
PARAMETRIC_REPRESENTATION_CONTEXT() REPRESENTATION_CONTEXT('2D SPACE',''
  ) );
#1308 = PCURVE('',#1309,#1314);
#1309 = CYLINDRICAL_SURFACE('',#1310,2.5);
#1310 = AXIS2_PLACEMENT_3D('',#1311,#1312,#1313);
#1311 = CARTESIAN_POINT('',(43.744974835125,0.,61.12409809673));
#1312 = DIRECTION('',(-3.48994967025E-02,-0.,-0.999390827019));
#1313 = DIRECTION('',(-0.999390827019,0.,3.48994967025E-02));
#1314 = DEFINITIONAL_REPRESENTATION('',(#1315),#1339);
#1315 = B_SPLINE_CURVE_WITH_KNOTS('',8,(#1316,#1317,#1318,#1319,#1320,
    #1321,#1322,#1323,#1324,#1325,#1326,#1327,#1328,#1329,#1330,#1331,
    #1332,#1333,#1334,#1335,#1336,#1337,#1338),.UNSPECIFIED.,.F.,.F.,(9,
    7,7,9),(0.,1.570796326795,3.926990816987,6.28318530718),
  .UNSPECIFIED.);
#1316 = CARTESIAN_POINT('',(0.,56.758910220961));
#1317 = CARTESIAN_POINT('',(0.196349540849,56.758910220961));
#1318 = CARTESIAN_POINT('',(0.392699081699,56.750447396349));
#1319 = CARTESIAN_POINT('',(0.589048622548,56.733522770191));
#1320 = CARTESIAN_POINT('',(0.785398163397,56.708829270169));
#1321 = CARTESIAN_POINT('',(0.981747704247,56.677764382294));
#1322 = CARTESIAN_POINT('',(1.178097245096,56.642266747146));
#1323 = CARTESIAN_POINT('',(1.374446785946,56.604554327568));
#1324 = CARTESIAN_POINT('',(1.865320638069,56.510272950478));
#1325 = CARTESIAN_POINT('',(2.15984494934,56.453703919205));
#1326 = CARTESIAN_POINT('',(2.454369260624,56.404614014006));
#1327 = CARTESIAN_POINT('',(2.748893571882,56.370471706133));
#1328 = CARTESIAN_POINT('',(3.04341788317,56.356706939182));
#1329 = CARTESIAN_POINT('',(3.337942194437,56.364492652484));
#1330 = CARTESIAN_POINT('',(3.632466505713,56.391028676718));
#1331 = CARTESIAN_POINT('',(4.221515128261,56.471029078014));
#1332 = CARTESIAN_POINT('',(4.516039439534,56.524493744985));
#1333 = CARTESIAN_POINT('',(4.810563750802,56.586131641232));
#1334 = CARTESIAN_POINT('',(5.10508806208,56.648180923223));
#1335 = CARTESIAN_POINT('',(5.399612373347,56.701789551051));
#1336 = CARTESIAN_POINT('',(5.694136684628,56.73986879504));
#1337 = CARTESIAN_POINT('',(5.988660995906,56.758910220961));
#1338 = CARTESIAN_POINT('',(6.28318530718,56.758910220961));
#1339 = ( GEOMETRIC_REPRESENTATION_CONTEXT(2) 
PARAMETRIC_REPRESENTATION_CONTEXT() REPRESENTATION_CONTEXT('2D SPACE',''
  ) );
#1340 = ORIENTED_EDGE('',*,*,#1341,.F.);
#1341 = EDGE_CURVE('',#1195,#1293,#1342,.T.);
#1342 = SURFACE_CURVE('',#1343,(#1348,#1355),.PCURVE_S1.);
#1343 = ELLIPSE('',#1344,2.50736720232,2.5);
#1344 = AXIS2_PLACEMENT_3D('',#1345,#1346,#1347);
#1345 = CARTESIAN_POINT('',(41.770820527067,0.,4.591715311623));
#1346 = DIRECTION('',(4.175802390219E-02,0.,-0.999127753313));
#1347 = DIRECTION('',(-0.999127753313,0.,-4.175802390219E-02));
#1348 = PCURVE('',#315,#1349);
#1349 = DEFINITIONAL_REPRESENTATION('',(#1350),#1354);
#1350 = ELLIPSE('',#1351,2.50736720232,2.5);
#1351 = AXIS2_PLACEMENT_2D('',#1352,#1353);
#1352 = CARTESIAN_POINT('',(-45.90426778293,7.914720463779));
#1353 = DIRECTION('',(1.,0.));
#1354 = ( GEOMETRIC_REPRESENTATION_CONTEXT(2) 
PARAMETRIC_REPRESENTATION_CONTEXT() REPRESENTATION_CONTEXT('2D SPACE',''
  ) );
#1355 = PCURVE('',#1356,#1361);
#1356 = CYLINDRICAL_SURFACE('',#1357,2.5);
#1357 = AXIS2_PLACEMENT_3D('',#1358,#1359,#1360);
#1358 = CARTESIAN_POINT('',(43.744974835125,0.,61.12409809673));
#1359 = DIRECTION('',(-3.48994967025E-02,-0.,-0.999390827019));
#1360 = DIRECTION('',(-0.999390827019,0.,3.48994967025E-02));
#1361 = DEFINITIONAL_REPRESENTATION('',(#1362),#1386);
#1362 = B_SPLINE_CURVE_WITH_KNOTS('',8,(#1363,#1364,#1365,#1366,#1367,
    #1368,#1369,#1370,#1371,#1372,#1373,#1374,#1375,#1376,#1377,#1378,
    #1379,#1380,#1381,#1382,#1383,#1384,#1385),.UNSPECIFIED.,.F.,.F.,(9,
    7,7,9),(0.,1.570796326795,3.926990816987,6.28318530718),
  .UNSPECIFIED.);
#1363 = CARTESIAN_POINT('',(0.,56.758910220961));
#1364 = CARTESIAN_POINT('',(0.196349540849,56.758910220961));
#1365 = CARTESIAN_POINT('',(0.392699081699,56.750447396349));
#1366 = CARTESIAN_POINT('',(0.589048622548,56.733522770191));
#1367 = CARTESIAN_POINT('',(0.785398163397,56.708829270169));
#1368 = CARTESIAN_POINT('',(0.981747704247,56.677764382294));
#1369 = CARTESIAN_POINT('',(1.178097245096,56.642266747146));
#1370 = CARTESIAN_POINT('',(1.374446785946,56.604554327568));
#1371 = CARTESIAN_POINT('',(1.865320638069,56.510272950478));
#1372 = CARTESIAN_POINT('',(2.15984494934,56.453703919205));
#1373 = CARTESIAN_POINT('',(2.454369260624,56.404614014006));
#1374 = CARTESIAN_POINT('',(2.748893571882,56.370471706133));
#1375 = CARTESIAN_POINT('',(3.04341788317,56.356706939182));
#1376 = CARTESIAN_POINT('',(3.337942194437,56.364492652484));
#1377 = CARTESIAN_POINT('',(3.632466505713,56.391028676718));
#1378 = CARTESIAN_POINT('',(4.221515128261,56.471029078014));
#1379 = CARTESIAN_POINT('',(4.516039439534,56.524493744985));
#1380 = CARTESIAN_POINT('',(4.810563750802,56.586131641232));
#1381 = CARTESIAN_POINT('',(5.10508806208,56.648180923223));
#1382 = CARTESIAN_POINT('',(5.399612373347,56.701789551051));
#1383 = CARTESIAN_POINT('',(5.694136684628,56.73986879504));
#1384 = CARTESIAN_POINT('',(5.988660995906,56.758910220961));
#1385 = CARTESIAN_POINT('',(6.28318530718,56.758910220961));
#1386 = ( GEOMETRIC_REPRESENTATION_CONTEXT(2) 
PARAMETRIC_REPRESENTATION_CONTEXT() REPRESENTATION_CONTEXT('2D SPACE',''
  ) );
#1387 = FACE_BOUND('',#1388,.T.);
#1388 = EDGE_LOOP('',(#1389,#1440,#1489,#1538));
#1389 = ORIENTED_EDGE('',*,*,#1390,.F.);
#1390 = EDGE_CURVE('',#1391,#1393,#1395,.T.);
#1391 = VERTEX_POINT('',#1392);
#1392 = CARTESIAN_POINT('',(29.17,-6.123233995737E-16,4.065070582747));
#1393 = VERTEX_POINT('',#1394);
#1394 = CARTESIAN_POINT('',(26.534985935072,-2.496351578258,
    3.954941542751));
#1395 = SURFACE_CURVE('',#1396,(#1401,#1408),.PCURVE_S1.);
#1396 = ELLIPSE('',#1397,2.502182520414,2.5);
#1397 = AXIS2_PLACEMENT_3D('',#1398,#1399,#1400);
#1398 = CARTESIAN_POINT('',(26.67,0.,3.960584385252));
#1399 = DIRECTION('',(4.175802390219E-02,0.,-0.999127753313));
#1400 = DIRECTION('',(0.999127753313,0.,4.175802390219E-02));
#1401 = PCURVE('',#315,#1402);
#1402 = DEFINITIONAL_REPRESENTATION('',(#1403),#1407);
#1403 = ELLIPSE('',#1404,2.502182520414,2.5);
#1404 = AXIS2_PLACEMENT_2D('',#1405,#1406);
#1405 = CARTESIAN_POINT('',(-30.79026411624,7.914720463779));
#1406 = DIRECTION('',(-1.,0.));
#1407 = ( GEOMETRIC_REPRESENTATION_CONTEXT(2) 
PARAMETRIC_REPRESENTATION_CONTEXT() REPRESENTATION_CONTEXT('2D SPACE',''
  ) );
#1408 = PCURVE('',#1409,#1414);
#1409 = CYLINDRICAL_SURFACE('',#1410,2.5);
#1410 = AXIS2_PLACEMENT_3D('',#1411,#1412,#1413);
#1411 = CARTESIAN_POINT('',(26.67,0.,-5.));
#1412 = DIRECTION('',(0.,0.,1.));
#1413 = DIRECTION('',(1.,0.,-0.));
#1414 = DEFINITIONAL_REPRESENTATION('',(#1415),#1439);
#1415 = B_SPLINE_CURVE_WITH_KNOTS('',8,(#1416,#1417,#1418,#1419,#1420,
    #1421,#1422,#1423,#1424,#1425,#1426,#1427,#1428,#1429,#1430,#1431,
    #1432,#1433,#1434,#1435,#1436,#1437,#1438),.UNSPECIFIED.,.F.,.F.,(9,
    7,7,9),(0.,1.570796326795,3.926990816987,6.28318530718),
  .UNSPECIFIED.);
#1416 = CARTESIAN_POINT('',(6.28318530718,9.065070582747));
#1417 = CARTESIAN_POINT('',(6.08683576633,9.065070582747));
#1418 = CARTESIAN_POINT('',(5.890486225481,9.060466763691));
#1419 = CARTESIAN_POINT('',(5.694136684632,9.051259682127));
#1420 = CARTESIAN_POINT('',(5.497787143782,9.0378262942));
#1421 = CARTESIAN_POINT('',(5.301437602933,9.020926839309));
#1422 = CARTESIAN_POINT('',(5.105088062083,9.001615947653));
#1423 = CARTESIAN_POINT('',(4.908738521234,8.981100202155));
#1424 = CARTESIAN_POINT('',(4.417864669111,8.929810659897));
#1425 = CARTESIAN_POINT('',(4.12334035784,8.899036823023));
#1426 = CARTESIAN_POINT('',(3.828816046558,8.872331668299));
#1427 = CARTESIAN_POINT('',(3.534291735298,8.853758081442));
#1428 = CARTESIAN_POINT('',(3.239767424011,8.846269979186));
#1429 = CARTESIAN_POINT('',(2.945243112743,8.850505446248));
#1430 = CARTESIAN_POINT('',(2.650718801466,8.864941176582));
#1431 = CARTESIAN_POINT('',(2.061670178918,8.908461796344));
#1432 = CARTESIAN_POINT('',(1.767145867644,8.937545809413));
#1433 = CARTESIAN_POINT('',(1.472621556369,8.971082085964));
#1434 = CARTESIAN_POINT('',(1.178097245095,9.004827518217));
#1435 = CARTESIAN_POINT('',(0.883572933822,9.034000554836));
#1436 = CARTESIAN_POINT('',(0.589048622548,9.054710925342));
#1437 = CARTESIAN_POINT('',(0.294524311274,9.065070582747));
#1438 = CARTESIAN_POINT('',(0.,9.065070582747));
#1439 = ( GEOMETRIC_REPRESENTATION_CONTEXT(2) 
PARAMETRIC_REPRESENTATION_CONTEXT() REPRESENTATION_CONTEXT('2D SPACE',''
  ) );
#1440 = ORIENTED_EDGE('',*,*,#1441,.F.);
#1441 = EDGE_CURVE('',#1442,#1391,#1444,.T.);
#1442 = VERTEX_POINT('',#1443);
#1443 = CARTESIAN_POINT('',(26.534985935072,2.496351578258,
    3.954941542751));
#1444 = SURFACE_CURVE('',#1445,(#1450,#1457),.PCURVE_S1.);
#1445 = ELLIPSE('',#1446,2.502182520414,2.5);
#1446 = AXIS2_PLACEMENT_3D('',#1447,#1448,#1449);
#1447 = CARTESIAN_POINT('',(26.67,0.,3.960584385252));
#1448 = DIRECTION('',(4.175802390219E-02,0.,-0.999127753313));
#1449 = DIRECTION('',(0.999127753313,0.,4.175802390219E-02));
#1450 = PCURVE('',#315,#1451);
#1451 = DEFINITIONAL_REPRESENTATION('',(#1452),#1456);
#1452 = ELLIPSE('',#1453,2.502182520414,2.5);
#1453 = AXIS2_PLACEMENT_2D('',#1454,#1455);
#1454 = CARTESIAN_POINT('',(-30.79026411624,7.914720463779));
#1455 = DIRECTION('',(-1.,0.));
#1456 = ( GEOMETRIC_REPRESENTATION_CONTEXT(2) 
PARAMETRIC_REPRESENTATION_CONTEXT() REPRESENTATION_CONTEXT('2D SPACE',''
  ) );
#1457 = PCURVE('',#1458,#1463);
#1458 = CYLINDRICAL_SURFACE('',#1459,2.5);
#1459 = AXIS2_PLACEMENT_3D('',#1460,#1461,#1462);
#1460 = CARTESIAN_POINT('',(26.67,0.,-5.));
#1461 = DIRECTION('',(0.,0.,1.));
#1462 = DIRECTION('',(1.,0.,-0.));
#1463 = DEFINITIONAL_REPRESENTATION('',(#1464),#1488);
#1464 = B_SPLINE_CURVE_WITH_KNOTS('',8,(#1465,#1466,#1467,#1468,#1469,
    #1470,#1471,#1472,#1473,#1474,#1475,#1476,#1477,#1478,#1479,#1480,
    #1481,#1482,#1483,#1484,#1485,#1486,#1487),.UNSPECIFIED.,.F.,.F.,(9,
    7,7,9),(0.,1.570796326795,3.926990816987,6.28318530718),
  .UNSPECIFIED.);
#1465 = CARTESIAN_POINT('',(6.28318530718,9.065070582747));
#1466 = CARTESIAN_POINT('',(6.08683576633,9.065070582747));
#1467 = CARTESIAN_POINT('',(5.890486225481,9.060466763691));
#1468 = CARTESIAN_POINT('',(5.694136684632,9.051259682127));
#1469 = CARTESIAN_POINT('',(5.497787143782,9.0378262942));
#1470 = CARTESIAN_POINT('',(5.301437602933,9.020926839309));
#1471 = CARTESIAN_POINT('',(5.105088062083,9.001615947653));
#1472 = CARTESIAN_POINT('',(4.908738521234,8.981100202155));
#1473 = CARTESIAN_POINT('',(4.417864669111,8.929810659897));
#1474 = CARTESIAN_POINT('',(4.12334035784,8.899036823023));
#1475 = CARTESIAN_POINT('',(3.828816046558,8.872331668299));
#1476 = CARTESIAN_POINT('',(3.534291735298,8.853758081442));
#1477 = CARTESIAN_POINT('',(3.239767424011,8.846269979186));
#1478 = CARTESIAN_POINT('',(2.945243112743,8.850505446248));
#1479 = CARTESIAN_POINT('',(2.650718801466,8.864941176582));
#1480 = CARTESIAN_POINT('',(2.061670178918,8.908461796344));
#1481 = CARTESIAN_POINT('',(1.767145867644,8.937545809413));
#1482 = CARTESIAN_POINT('',(1.472621556369,8.971082085964));
#1483 = CARTESIAN_POINT('',(1.178097245095,9.004827518217));
#1484 = CARTESIAN_POINT('',(0.883572933822,9.034000554836));
#1485 = CARTESIAN_POINT('',(0.589048622548,9.054710925342));
#1486 = CARTESIAN_POINT('',(0.294524311274,9.065070582747));
#1487 = CARTESIAN_POINT('',(0.,9.065070582747));
#1488 = ( GEOMETRIC_REPRESENTATION_CONTEXT(2) 
PARAMETRIC_REPRESENTATION_CONTEXT() REPRESENTATION_CONTEXT('2D SPACE',''
  ) );
#1489 = ORIENTED_EDGE('',*,*,#1490,.F.);
#1490 = EDGE_CURVE('',#1491,#1442,#1493,.T.);
#1491 = VERTEX_POINT('',#1492);
#1492 = CARTESIAN_POINT('',(23.894511952799,-6.123233995737E-16,
    3.844584308354));
#1493 = SURFACE_CURVE('',#1494,(#1499,#1506),.PCURVE_S1.);
#1494 = ELLIPSE('',#1495,2.50736720232,2.5);
#1495 = AXIS2_PLACEMENT_3D('',#1496,#1497,#1498);
#1496 = CARTESIAN_POINT('',(26.399692112383,0.,3.94928700792));
#1497 = DIRECTION('',(4.175802390219E-02,0.,-0.999127753313));
#1498 = DIRECTION('',(-0.999127753313,0.,-4.175802390219E-02));
#1499 = PCURVE('',#315,#1500);
#1500 = DEFINITIONAL_REPRESENTATION('',(#1501),#1505);
#1501 = ELLIPSE('',#1502,2.50736720232,2.5);
#1502 = AXIS2_PLACEMENT_2D('',#1503,#1504);
#1503 = CARTESIAN_POINT('',(-30.51972024763,7.914720463779));
#1504 = DIRECTION('',(1.,0.));
#1505 = ( GEOMETRIC_REPRESENTATION_CONTEXT(2) 
PARAMETRIC_REPRESENTATION_CONTEXT() REPRESENTATION_CONTEXT('2D SPACE',''
  ) );
#1506 = PCURVE('',#1507,#1512);
#1507 = CYLINDRICAL_SURFACE('',#1508,2.5);
#1508 = AXIS2_PLACEMENT_3D('',#1509,#1510,#1511);
#1509 = CARTESIAN_POINT('',(28.414974835125,0.,61.659433493039));
#1510 = DIRECTION('',(-3.48994967025E-02,-0.,-0.999390827019));
#1511 = DIRECTION('',(-0.999390827019,0.,3.48994967025E-02));
#1512 = DEFINITIONAL_REPRESENTATION('',(#1513),#1537);
#1513 = B_SPLINE_CURVE_WITH_KNOTS('',8,(#1514,#1515,#1516,#1517,#1518,
    #1519,#1520,#1521,#1522,#1523,#1524,#1525,#1526,#1527,#1528,#1529,
    #1530,#1531,#1532,#1533,#1534,#1535,#1536),.UNSPECIFIED.,.F.,.F.,(9,
    7,7,9),(0.,1.570796326795,3.926990816987,6.28318530718),
  .UNSPECIFIED.);
#1514 = CARTESIAN_POINT('',(0.,57.937391820122));
#1515 = CARTESIAN_POINT('',(0.196349540849,57.937391820122));
#1516 = CARTESIAN_POINT('',(0.392699081699,57.92892899551));
#1517 = CARTESIAN_POINT('',(0.589048622548,57.912004369347));
#1518 = CARTESIAN_POINT('',(0.785398163398,57.887310869326));
#1519 = CARTESIAN_POINT('',(0.981747704247,57.856245981456));
#1520 = CARTESIAN_POINT('',(1.178097245096,57.820748346309));
#1521 = CARTESIAN_POINT('',(1.374446785946,57.783035926729));
#1522 = CARTESIAN_POINT('',(1.865320638069,57.688754549639));
#1523 = CARTESIAN_POINT('',(2.159844949342,57.632185518352));
#1524 = CARTESIAN_POINT('',(2.454369260612,57.583095613334));
#1525 = CARTESIAN_POINT('',(2.748893571889,57.548953305098));
#1526 = CARTESIAN_POINT('',(3.043417883157,57.535188538555));
#1527 = CARTESIAN_POINT('',(3.33794219444,57.542974251637));
#1528 = CARTESIAN_POINT('',(3.632466505713,57.569510275879));
#1529 = CARTESIAN_POINT('',(4.221515128261,57.649510677175));
#1530 = CARTESIAN_POINT('',(4.516039439542,57.702975344105));
#1531 = CARTESIAN_POINT('',(4.810563750772,57.76461324058));
#1532 = CARTESIAN_POINT('',(5.105088062119,57.826662522176));
#1533 = CARTESIAN_POINT('',(5.399612373326,57.880271150318));
#1534 = CARTESIAN_POINT('',(5.694136684637,57.918350394157));
#1535 = CARTESIAN_POINT('',(5.988660995906,57.937391820122));
#1536 = CARTESIAN_POINT('',(6.28318530718,57.937391820122));
#1537 = ( GEOMETRIC_REPRESENTATION_CONTEXT(2) 
PARAMETRIC_REPRESENTATION_CONTEXT() REPRESENTATION_CONTEXT('2D SPACE',''
  ) );
#1538 = ORIENTED_EDGE('',*,*,#1539,.F.);
#1539 = EDGE_CURVE('',#1393,#1491,#1540,.T.);
#1540 = SURFACE_CURVE('',#1541,(#1546,#1553),.PCURVE_S1.);
#1541 = ELLIPSE('',#1542,2.50736720232,2.5);
#1542 = AXIS2_PLACEMENT_3D('',#1543,#1544,#1545);
#1543 = CARTESIAN_POINT('',(26.399692112383,0.,3.94928700792));
#1544 = DIRECTION('',(4.175802390219E-02,0.,-0.999127753313));
#1545 = DIRECTION('',(-0.999127753313,0.,-4.175802390219E-02));
#1546 = PCURVE('',#315,#1547);
#1547 = DEFINITIONAL_REPRESENTATION('',(#1548),#1552);
#1548 = ELLIPSE('',#1549,2.50736720232,2.5);
#1549 = AXIS2_PLACEMENT_2D('',#1550,#1551);
#1550 = CARTESIAN_POINT('',(-30.51972024763,7.914720463779));
#1551 = DIRECTION('',(1.,0.));
#1552 = ( GEOMETRIC_REPRESENTATION_CONTEXT(2) 
PARAMETRIC_REPRESENTATION_CONTEXT() REPRESENTATION_CONTEXT('2D SPACE',''
  ) );
#1553 = PCURVE('',#1554,#1559);
#1554 = CYLINDRICAL_SURFACE('',#1555,2.5);
#1555 = AXIS2_PLACEMENT_3D('',#1556,#1557,#1558);
#1556 = CARTESIAN_POINT('',(28.414974835125,0.,61.659433493039));
#1557 = DIRECTION('',(-3.48994967025E-02,-0.,-0.999390827019));
#1558 = DIRECTION('',(-0.999390827019,0.,3.48994967025E-02));
#1559 = DEFINITIONAL_REPRESENTATION('',(#1560),#1584);
#1560 = B_SPLINE_CURVE_WITH_KNOTS('',8,(#1561,#1562,#1563,#1564,#1565,
    #1566,#1567,#1568,#1569,#1570,#1571,#1572,#1573,#1574,#1575,#1576,
    #1577,#1578,#1579,#1580,#1581,#1582,#1583),.UNSPECIFIED.,.F.,.F.,(9,
    7,7,9),(0.,1.570796326795,3.926990816987,6.28318530718),
  .UNSPECIFIED.);
#1561 = CARTESIAN_POINT('',(0.,57.937391820122));
#1562 = CARTESIAN_POINT('',(0.196349540849,57.937391820122));
#1563 = CARTESIAN_POINT('',(0.392699081699,57.92892899551));
#1564 = CARTESIAN_POINT('',(0.589048622548,57.912004369347));
#1565 = CARTESIAN_POINT('',(0.785398163398,57.887310869326));
#1566 = CARTESIAN_POINT('',(0.981747704247,57.856245981456));
#1567 = CARTESIAN_POINT('',(1.178097245096,57.820748346309));
#1568 = CARTESIAN_POINT('',(1.374446785946,57.783035926729));
#1569 = CARTESIAN_POINT('',(1.865320638069,57.688754549639));
#1570 = CARTESIAN_POINT('',(2.159844949342,57.632185518352));
#1571 = CARTESIAN_POINT('',(2.454369260612,57.583095613334));
#1572 = CARTESIAN_POINT('',(2.748893571889,57.548953305098));
#1573 = CARTESIAN_POINT('',(3.043417883157,57.535188538555));
#1574 = CARTESIAN_POINT('',(3.33794219444,57.542974251637));
#1575 = CARTESIAN_POINT('',(3.632466505713,57.569510275879));
#1576 = CARTESIAN_POINT('',(4.221515128261,57.649510677175));
#1577 = CARTESIAN_POINT('',(4.516039439542,57.702975344105));
#1578 = CARTESIAN_POINT('',(4.810563750772,57.76461324058));
#1579 = CARTESIAN_POINT('',(5.105088062119,57.826662522176));
#1580 = CARTESIAN_POINT('',(5.399612373326,57.880271150318));
#1581 = CARTESIAN_POINT('',(5.694136684637,57.918350394157));
#1582 = CARTESIAN_POINT('',(5.988660995906,57.937391820122));
#1583 = CARTESIAN_POINT('',(6.28318530718,57.937391820122));
#1584 = ( GEOMETRIC_REPRESENTATION_CONTEXT(2) 
PARAMETRIC_REPRESENTATION_CONTEXT() REPRESENTATION_CONTEXT('2D SPACE',''
  ) );
#1585 = FACE_BOUND('',#1586,.T.);
#1586 = EDGE_LOOP('',(#1587,#1638,#1687,#1736));
#1587 = ORIENTED_EDGE('',*,*,#1588,.F.);
#1588 = EDGE_CURVE('',#1589,#1591,#1593,.T.);
#1589 = VERTEX_POINT('',#1590);
#1590 = CARTESIAN_POINT('',(13.83,-6.123233995737E-16,3.423943274917));
#1591 = VERTEX_POINT('',#1592);
#1592 = CARTESIAN_POINT('',(11.174429610383,-2.495154875729,
    3.31295509404));
#1593 = SURFACE_CURVE('',#1594,(#1599,#1606),.PCURVE_S1.);
#1594 = ELLIPSE('',#1595,2.502182520414,2.5);
#1595 = AXIS2_PLACEMENT_3D('',#1596,#1597,#1598);
#1596 = CARTESIAN_POINT('',(11.33,0.,3.319457077422));
#1597 = DIRECTION('',(4.175802390219E-02,0.,-0.999127753313));
#1598 = DIRECTION('',(0.999127753313,0.,4.175802390219E-02));
#1599 = PCURVE('',#315,#1600);
#1600 = DEFINITIONAL_REPRESENTATION('',(#1601),#1605);
#1601 = ELLIPSE('',#1602,2.502182520414,2.5);
#1602 = AXIS2_PLACEMENT_2D('',#1603,#1604);
#1603 = CARTESIAN_POINT('',(-15.43687217098,7.914720463779));
#1604 = DIRECTION('',(-1.,0.));
#1605 = ( GEOMETRIC_REPRESENTATION_CONTEXT(2) 
PARAMETRIC_REPRESENTATION_CONTEXT() REPRESENTATION_CONTEXT('2D SPACE',''
  ) );
#1606 = PCURVE('',#1607,#1612);
#1607 = CYLINDRICAL_SURFACE('',#1608,2.5);
#1608 = AXIS2_PLACEMENT_3D('',#1609,#1610,#1611);
#1609 = CARTESIAN_POINT('',(11.33,0.,-5.));
#1610 = DIRECTION('',(0.,0.,1.));
#1611 = DIRECTION('',(1.,0.,-0.));
#1612 = DEFINITIONAL_REPRESENTATION('',(#1613),#1637);
#1613 = B_SPLINE_CURVE_WITH_KNOTS('',8,(#1614,#1615,#1616,#1617,#1618,
    #1619,#1620,#1621,#1622,#1623,#1624,#1625,#1626,#1627,#1628,#1629,
    #1630,#1631,#1632,#1633,#1634,#1635,#1636),.UNSPECIFIED.,.F.,.F.,(9,
    7,7,9),(0.,1.570796326795,3.926990816987,6.28318530718),
  .UNSPECIFIED.);
#1614 = CARTESIAN_POINT('',(6.28318530718,8.423943274917));
#1615 = CARTESIAN_POINT('',(6.08683576633,8.423943274917));
#1616 = CARTESIAN_POINT('',(5.890486225481,8.419339455861));
#1617 = CARTESIAN_POINT('',(5.694136684631,8.410132374296));
#1618 = CARTESIAN_POINT('',(5.497787143782,8.39669898637));
#1619 = CARTESIAN_POINT('',(5.301437602933,8.37979953148));
#1620 = CARTESIAN_POINT('',(5.105088062083,8.360488639823));
#1621 = CARTESIAN_POINT('',(4.908738521234,8.339972894325));
#1622 = CARTESIAN_POINT('',(4.417864669111,8.288683352067));
#1623 = CARTESIAN_POINT('',(4.12334035784,8.257909515185));
#1624 = CARTESIAN_POINT('',(3.828816046558,8.231204360514));
#1625 = CARTESIAN_POINT('',(3.534291735298,8.212630773559));
#1626 = CARTESIAN_POINT('',(3.239767424011,8.205142671391));
#1627 = CARTESIAN_POINT('',(2.945243112743,8.20937813841));
#1628 = CARTESIAN_POINT('',(2.650718801466,8.223813868752));
#1629 = CARTESIAN_POINT('',(2.061670178918,8.267334488514));
#1630 = CARTESIAN_POINT('',(1.767145867644,8.296418501581));
#1631 = CARTESIAN_POINT('',(1.47262155637,8.329954778138));
#1632 = CARTESIAN_POINT('',(1.178097245096,8.363700210389));
#1633 = CARTESIAN_POINT('',(0.883572933822,8.392873247004));
#1634 = CARTESIAN_POINT('',(0.589048622548,8.413583617514));
#1635 = CARTESIAN_POINT('',(0.294524311274,8.423943274917));
#1636 = CARTESIAN_POINT('',(0.,8.423943274917));
#1637 = ( GEOMETRIC_REPRESENTATION_CONTEXT(2) 
PARAMETRIC_REPRESENTATION_CONTEXT() REPRESENTATION_CONTEXT('2D SPACE',''
  ) );
#1638 = ORIENTED_EDGE('',*,*,#1639,.F.);
#1639 = EDGE_CURVE('',#1640,#1589,#1642,.T.);
#1640 = VERTEX_POINT('',#1641);
#1641 = CARTESIAN_POINT('',(11.174429610383,2.495154875729,3.31295509404
    ));
#1642 = SURFACE_CURVE('',#1643,(#1648,#1655),.PCURVE_S1.);
#1643 = ELLIPSE('',#1644,2.502182520414,2.5);
#1644 = AXIS2_PLACEMENT_3D('',#1645,#1646,#1647);
#1645 = CARTESIAN_POINT('',(11.33,0.,3.319457077422));
#1646 = DIRECTION('',(4.175802390219E-02,0.,-0.999127753313));
#1647 = DIRECTION('',(0.999127753313,0.,4.175802390219E-02));
#1648 = PCURVE('',#315,#1649);
#1649 = DEFINITIONAL_REPRESENTATION('',(#1650),#1654);
#1650 = ELLIPSE('',#1651,2.502182520414,2.5);
#1651 = AXIS2_PLACEMENT_2D('',#1652,#1653);
#1652 = CARTESIAN_POINT('',(-15.43687217098,7.914720463779));
#1653 = DIRECTION('',(-1.,0.));
#1654 = ( GEOMETRIC_REPRESENTATION_CONTEXT(2) 
PARAMETRIC_REPRESENTATION_CONTEXT() REPRESENTATION_CONTEXT('2D SPACE',''
  ) );
#1655 = PCURVE('',#1656,#1661);
#1656 = CYLINDRICAL_SURFACE('',#1657,2.5);
#1657 = AXIS2_PLACEMENT_3D('',#1658,#1659,#1660);
#1658 = CARTESIAN_POINT('',(11.33,0.,-5.));
#1659 = DIRECTION('',(0.,0.,1.));
#1660 = DIRECTION('',(1.,0.,-0.));
#1661 = DEFINITIONAL_REPRESENTATION('',(#1662),#1686);
#1662 = B_SPLINE_CURVE_WITH_KNOTS('',8,(#1663,#1664,#1665,#1666,#1667,
    #1668,#1669,#1670,#1671,#1672,#1673,#1674,#1675,#1676,#1677,#1678,
    #1679,#1680,#1681,#1682,#1683,#1684,#1685),.UNSPECIFIED.,.F.,.F.,(9,
    7,7,9),(0.,1.570796326795,3.926990816987,6.28318530718),
  .UNSPECIFIED.);
#1663 = CARTESIAN_POINT('',(6.28318530718,8.423943274917));
#1664 = CARTESIAN_POINT('',(6.08683576633,8.423943274917));
#1665 = CARTESIAN_POINT('',(5.890486225481,8.419339455861));
#1666 = CARTESIAN_POINT('',(5.694136684631,8.410132374296));
#1667 = CARTESIAN_POINT('',(5.497787143782,8.39669898637));
#1668 = CARTESIAN_POINT('',(5.301437602933,8.37979953148));
#1669 = CARTESIAN_POINT('',(5.105088062083,8.360488639823));
#1670 = CARTESIAN_POINT('',(4.908738521234,8.339972894325));
#1671 = CARTESIAN_POINT('',(4.417864669111,8.288683352067));
#1672 = CARTESIAN_POINT('',(4.12334035784,8.257909515185));
#1673 = CARTESIAN_POINT('',(3.828816046558,8.231204360514));
#1674 = CARTESIAN_POINT('',(3.534291735298,8.212630773559));
#1675 = CARTESIAN_POINT('',(3.239767424011,8.205142671391));
#1676 = CARTESIAN_POINT('',(2.945243112743,8.20937813841));
#1677 = CARTESIAN_POINT('',(2.650718801466,8.223813868752));
#1678 = CARTESIAN_POINT('',(2.061670178918,8.267334488514));
#1679 = CARTESIAN_POINT('',(1.767145867644,8.296418501581));
#1680 = CARTESIAN_POINT('',(1.47262155637,8.329954778138));
#1681 = CARTESIAN_POINT('',(1.178097245096,8.363700210389));
#1682 = CARTESIAN_POINT('',(0.883572933822,8.392873247004));
#1683 = CARTESIAN_POINT('',(0.589048622548,8.413583617514));
#1684 = CARTESIAN_POINT('',(0.294524311274,8.423943274917));
#1685 = CARTESIAN_POINT('',(0.,8.423943274917));
#1686 = ( GEOMETRIC_REPRESENTATION_CONTEXT(2) 
PARAMETRIC_REPRESENTATION_CONTEXT() REPRESENTATION_CONTEXT('2D SPACE',''
  ) );
#1687 = ORIENTED_EDGE('',*,*,#1688,.F.);
#1688 = EDGE_CURVE('',#1689,#1640,#1691,.T.);
#1689 = VERTEX_POINT('',#1690);
#1690 = CARTESIAN_POINT('',(8.513356709404,-6.123233995737E-16,
    3.201736938568));
#1691 = SURFACE_CURVE('',#1692,(#1697,#1704),.PCURVE_S1.);
#1692 = ELLIPSE('',#1693,2.50736720232,2.5);
#1693 = AXIS2_PLACEMENT_3D('',#1694,#1695,#1696);
#1694 = CARTESIAN_POINT('',(11.018536868988,0.,3.306439638134));
#1695 = DIRECTION('',(4.175802390219E-02,0.,-0.999127753313));
#1696 = DIRECTION('',(-0.999127753313,0.,-4.175802390219E-02));
#1697 = PCURVE('',#315,#1698);
#1698 = DEFINITIONAL_REPRESENTATION('',(#1699),#1703);
#1699 = ELLIPSE('',#1700,2.50736720232,2.5);
#1700 = AXIS2_PLACEMENT_2D('',#1701,#1702);
#1701 = CARTESIAN_POINT('',(-15.12513713011,7.914720463779));
#1702 = DIRECTION('',(1.,0.));
#1703 = ( GEOMETRIC_REPRESENTATION_CONTEXT(2) 
PARAMETRIC_REPRESENTATION_CONTEXT() REPRESENTATION_CONTEXT('2D SPACE',''
  ) );
#1704 = PCURVE('',#1705,#1710);
#1705 = CYLINDRICAL_SURFACE('',#1706,2.5);
#1706 = AXIS2_PLACEMENT_3D('',#1707,#1708,#1709);
#1707 = CARTESIAN_POINT('',(13.074974835125,0.,62.195118097042));
#1708 = DIRECTION('',(-3.48994967025E-02,-0.,-0.999390827019));
#1709 = DIRECTION('',(-0.999390827019,0.,3.48994967025E-02));
#1710 = DEFINITIONAL_REPRESENTATION('',(#1711),#1735);
#1711 = B_SPLINE_CURVE_WITH_KNOTS('',8,(#1712,#1713,#1714,#1715,#1716,
    #1717,#1718,#1719,#1720,#1721,#1722,#1723,#1724,#1725,#1726,#1727,
    #1728,#1729,#1730,#1731,#1732,#1733,#1734),.UNSPECIFIED.,.F.,.F.,(9,
    7,7,9),(0.,1.570796326795,3.926990816987,6.28318530718),
  .UNSPECIFIED.);
#1712 = CARTESIAN_POINT('',(0.,59.116642161357));
#1713 = CARTESIAN_POINT('',(0.196349540849,59.116642161357));
#1714 = CARTESIAN_POINT('',(0.392699081699,59.10817933675));
#1715 = CARTESIAN_POINT('',(0.589048622548,59.091254710583));
#1716 = CARTESIAN_POINT('',(0.785398163397,59.066561210569));
#1717 = CARTESIAN_POINT('',(0.981747704247,59.035496322699));
#1718 = CARTESIAN_POINT('',(1.178097245096,58.999998687536));
#1719 = CARTESIAN_POINT('',(1.374446785946,58.962286267964));
#1720 = CARTESIAN_POINT('',(1.865320638069,58.868004890874));
#1721 = CARTESIAN_POINT('',(2.159844949342,58.811435859591));
#1722 = CARTESIAN_POINT('',(2.454369260612,58.762345954557));
#1723 = CARTESIAN_POINT('',(2.748893571889,58.728203646384));
#1724 = CARTESIAN_POINT('',(3.043417883163,58.714438879795));
#1725 = CARTESIAN_POINT('',(3.337942194438,58.722224592874));
#1726 = CARTESIAN_POINT('',(3.632466505713,58.748760617114));
#1727 = CARTESIAN_POINT('',(4.221515128261,58.82876101841));
#1728 = CARTESIAN_POINT('',(4.516039439536,58.882225685318));
#1729 = CARTESIAN_POINT('',(4.810563750803,58.943863581877));
#1730 = CARTESIAN_POINT('',(5.105088062081,59.005912863217));
#1731 = CARTESIAN_POINT('',(5.399612373349,59.059521491755));
#1732 = CARTESIAN_POINT('',(5.694136684631,59.097600735351));
#1733 = CARTESIAN_POINT('',(5.988660995906,59.116642161357));
#1734 = CARTESIAN_POINT('',(6.28318530718,59.116642161357));
#1735 = ( GEOMETRIC_REPRESENTATION_CONTEXT(2) 
PARAMETRIC_REPRESENTATION_CONTEXT() REPRESENTATION_CONTEXT('2D SPACE',''
  ) );
#1736 = ORIENTED_EDGE('',*,*,#1737,.F.);
#1737 = EDGE_CURVE('',#1591,#1689,#1738,.T.);
#1738 = SURFACE_CURVE('',#1739,(#1744,#1751),.PCURVE_S1.);
#1739 = ELLIPSE('',#1740,2.50736720232,2.5);
#1740 = AXIS2_PLACEMENT_3D('',#1741,#1742,#1743);
#1741 = CARTESIAN_POINT('',(11.018536868988,0.,3.306439638134));
#1742 = DIRECTION('',(4.175802390219E-02,0.,-0.999127753313));
#1743 = DIRECTION('',(-0.999127753313,0.,-4.175802390219E-02));
#1744 = PCURVE('',#315,#1745);
#1745 = DEFINITIONAL_REPRESENTATION('',(#1746),#1750);
#1746 = ELLIPSE('',#1747,2.50736720232,2.5);
#1747 = AXIS2_PLACEMENT_2D('',#1748,#1749);
#1748 = CARTESIAN_POINT('',(-15.12513713011,7.914720463779));
#1749 = DIRECTION('',(1.,0.));
#1750 = ( GEOMETRIC_REPRESENTATION_CONTEXT(2) 
PARAMETRIC_REPRESENTATION_CONTEXT() REPRESENTATION_CONTEXT('2D SPACE',''
  ) );
#1751 = PCURVE('',#1752,#1757);
#1752 = CYLINDRICAL_SURFACE('',#1753,2.5);
#1753 = AXIS2_PLACEMENT_3D('',#1754,#1755,#1756);
#1754 = CARTESIAN_POINT('',(13.074974835125,0.,62.195118097042));
#1755 = DIRECTION('',(-3.48994967025E-02,-0.,-0.999390827019));
#1756 = DIRECTION('',(-0.999390827019,0.,3.48994967025E-02));
#1757 = DEFINITIONAL_REPRESENTATION('',(#1758),#1782);
#1758 = B_SPLINE_CURVE_WITH_KNOTS('',8,(#1759,#1760,#1761,#1762,#1763,
    #1764,#1765,#1766,#1767,#1768,#1769,#1770,#1771,#1772,#1773,#1774,
    #1775,#1776,#1777,#1778,#1779,#1780,#1781),.UNSPECIFIED.,.F.,.F.,(9,
    7,7,9),(0.,1.570796326795,3.926990816987,6.28318530718),
  .UNSPECIFIED.);
#1759 = CARTESIAN_POINT('',(0.,59.116642161357));
#1760 = CARTESIAN_POINT('',(0.196349540849,59.116642161357));
#1761 = CARTESIAN_POINT('',(0.392699081699,59.10817933675));
#1762 = CARTESIAN_POINT('',(0.589048622548,59.091254710583));
#1763 = CARTESIAN_POINT('',(0.785398163397,59.066561210569));
#1764 = CARTESIAN_POINT('',(0.981747704247,59.035496322699));
#1765 = CARTESIAN_POINT('',(1.178097245096,58.999998687536));
#1766 = CARTESIAN_POINT('',(1.374446785946,58.962286267964));
#1767 = CARTESIAN_POINT('',(1.865320638069,58.868004890874));
#1768 = CARTESIAN_POINT('',(2.159844949342,58.811435859591));
#1769 = CARTESIAN_POINT('',(2.454369260612,58.762345954557));
#1770 = CARTESIAN_POINT('',(2.748893571889,58.728203646384));
#1771 = CARTESIAN_POINT('',(3.043417883163,58.714438879795));
#1772 = CARTESIAN_POINT('',(3.337942194438,58.722224592874));
#1773 = CARTESIAN_POINT('',(3.632466505713,58.748760617114));
#1774 = CARTESIAN_POINT('',(4.221515128261,58.82876101841));
#1775 = CARTESIAN_POINT('',(4.516039439536,58.882225685318));
#1776 = CARTESIAN_POINT('',(4.810563750803,58.943863581877));
#1777 = CARTESIAN_POINT('',(5.105088062081,59.005912863217));
#1778 = CARTESIAN_POINT('',(5.399612373349,59.059521491755));
#1779 = CARTESIAN_POINT('',(5.694136684631,59.097600735351));
#1780 = CARTESIAN_POINT('',(5.988660995906,59.116642161357));
#1781 = CARTESIAN_POINT('',(6.28318530718,59.116642161357));
#1782 = ( GEOMETRIC_REPRESENTATION_CONTEXT(2) 
PARAMETRIC_REPRESENTATION_CONTEXT() REPRESENTATION_CONTEXT('2D SPACE',''
  ) );
#1783 = FACE_BOUND('',#1784,.T.);
#1784 = EDGE_LOOP('',(#1785,#1836,#1885,#1934));
#1785 = ORIENTED_EDGE('',*,*,#1786,.F.);
#1786 = EDGE_CURVE('',#1787,#1789,#1791,.T.);
#1787 = VERTEX_POINT('',#1788);
#1788 = CARTESIAN_POINT('',(-1.5,-6.123233995737E-16,2.783233911877));
#1789 = VERTEX_POINT('',#1790);
#1790 = CARTESIAN_POINT('',(-4.176113313834,-2.493789105095,
    2.671387150186));
#1791 = SURFACE_CURVE('',#1792,(#1797,#1804),.PCURVE_S1.);
#1792 = ELLIPSE('',#1793,2.502182520414,2.5);
#1793 = AXIS2_PLACEMENT_3D('',#1794,#1795,#1796);
#1794 = CARTESIAN_POINT('',(-4.,0.,2.678747714382));
#1795 = DIRECTION('',(4.175802390219E-02,0.,-0.999127753313));
#1796 = DIRECTION('',(0.999127753313,0.,4.175802390219E-02));
#1797 = PCURVE('',#315,#1798);
#1798 = DEFINITIONAL_REPRESENTATION('',(#1799),#1803);
#1799 = ELLIPSE('',#1800,2.502182520414,2.5);
#1800 = AXIS2_PLACEMENT_2D('',#1801,#1802);
#1801 = CARTESIAN_POINT('',(-9.3488955799E-02,7.914720463779));
#1802 = DIRECTION('',(-1.,0.));
#1803 = ( GEOMETRIC_REPRESENTATION_CONTEXT(2) 
PARAMETRIC_REPRESENTATION_CONTEXT() REPRESENTATION_CONTEXT('2D SPACE',''
  ) );
#1804 = PCURVE('',#1805,#1810);
#1805 = CYLINDRICAL_SURFACE('',#1806,2.5);
#1806 = AXIS2_PLACEMENT_3D('',#1807,#1808,#1809);
#1807 = CARTESIAN_POINT('',(-4.,0.,-5.));
#1808 = DIRECTION('',(0.,0.,1.));
#1809 = DIRECTION('',(1.,0.,-0.));
#1810 = DEFINITIONAL_REPRESENTATION('',(#1811),#1835);
#1811 = B_SPLINE_CURVE_WITH_KNOTS('',8,(#1812,#1813,#1814,#1815,#1816,
    #1817,#1818,#1819,#1820,#1821,#1822,#1823,#1824,#1825,#1826,#1827,
    #1828,#1829,#1830,#1831,#1832,#1833,#1834),.UNSPECIFIED.,.F.,.F.,(9,
    7,7,9),(0.,1.570796326795,3.926990816987,6.28318530718),
  .UNSPECIFIED.);
#1812 = CARTESIAN_POINT('',(6.28318530718,7.783233911877));
#1813 = CARTESIAN_POINT('',(6.08683576633,7.783233911877));
#1814 = CARTESIAN_POINT('',(5.890486225481,7.778630092821));
#1815 = CARTESIAN_POINT('',(5.694136684631,7.769423011255));
#1816 = CARTESIAN_POINT('',(5.497787143782,7.75598962333));
#1817 = CARTESIAN_POINT('',(5.301437602933,7.739090168441));
#1818 = CARTESIAN_POINT('',(5.105088062083,7.719779276782));
#1819 = CARTESIAN_POINT('',(4.908738521234,7.699263531285));
#1820 = CARTESIAN_POINT('',(4.417864669111,7.647973989027));
#1821 = CARTESIAN_POINT('',(4.123340357838,7.61720015215));
#1822 = CARTESIAN_POINT('',(3.828816046567,7.590494997444));
#1823 = CARTESIAN_POINT('',(3.534291735283,7.571921410556));
#1824 = CARTESIAN_POINT('',(3.23976742402,7.564433308321));
#1825 = CARTESIAN_POINT('',(2.945243112741,7.568668775375));
#1826 = CARTESIAN_POINT('',(2.650718801466,7.583104505712));
#1827 = CARTESIAN_POINT('',(2.061670178918,7.626625125473));
#1828 = CARTESIAN_POINT('',(1.767145867644,7.655709138541));
#1829 = CARTESIAN_POINT('',(1.472621556369,7.689245415095));
#1830 = CARTESIAN_POINT('',(1.178097245095,7.722990847347));
#1831 = CARTESIAN_POINT('',(0.883572933822,7.752163883965));
#1832 = CARTESIAN_POINT('',(0.589048622548,7.772874254473));
#1833 = CARTESIAN_POINT('',(0.294524311274,7.783233911877));
#1834 = CARTESIAN_POINT('',(0.,7.783233911877));
#1835 = ( GEOMETRIC_REPRESENTATION_CONTEXT(2) 
PARAMETRIC_REPRESENTATION_CONTEXT() REPRESENTATION_CONTEXT('2D SPACE',''
  ) );
#1836 = ORIENTED_EDGE('',*,*,#1837,.F.);
#1837 = EDGE_CURVE('',#1838,#1787,#1840,.T.);
#1838 = VERTEX_POINT('',#1839);
#1839 = CARTESIAN_POINT('',(-4.176113313834,2.493789105095,
    2.671387150186));
#1840 = SURFACE_CURVE('',#1841,(#1846,#1853),.PCURVE_S1.);
#1841 = ELLIPSE('',#1842,2.502182520414,2.5);
#1842 = AXIS2_PLACEMENT_3D('',#1843,#1844,#1845);
#1843 = CARTESIAN_POINT('',(-4.,0.,2.678747714382));
#1844 = DIRECTION('',(4.175802390219E-02,0.,-0.999127753313));
#1845 = DIRECTION('',(0.999127753313,0.,4.175802390219E-02));
#1846 = PCURVE('',#315,#1847);
#1847 = DEFINITIONAL_REPRESENTATION('',(#1848),#1852);
#1848 = ELLIPSE('',#1849,2.502182520414,2.5);
#1849 = AXIS2_PLACEMENT_2D('',#1850,#1851);
#1850 = CARTESIAN_POINT('',(-9.3488955799E-02,7.914720463779));
#1851 = DIRECTION('',(-1.,0.));
#1852 = ( GEOMETRIC_REPRESENTATION_CONTEXT(2) 
PARAMETRIC_REPRESENTATION_CONTEXT() REPRESENTATION_CONTEXT('2D SPACE',''
  ) );
#1853 = PCURVE('',#1854,#1859);
#1854 = CYLINDRICAL_SURFACE('',#1855,2.5);
#1855 = AXIS2_PLACEMENT_3D('',#1856,#1857,#1858);
#1856 = CARTESIAN_POINT('',(-4.,0.,-5.));
#1857 = DIRECTION('',(0.,0.,1.));
#1858 = DIRECTION('',(1.,0.,-0.));
#1859 = DEFINITIONAL_REPRESENTATION('',(#1860),#1884);
#1860 = B_SPLINE_CURVE_WITH_KNOTS('',8,(#1861,#1862,#1863,#1864,#1865,
    #1866,#1867,#1868,#1869,#1870,#1871,#1872,#1873,#1874,#1875,#1876,
    #1877,#1878,#1879,#1880,#1881,#1882,#1883),.UNSPECIFIED.,.F.,.F.,(9,
    7,7,9),(0.,1.570796326795,3.926990816987,6.28318530718),
  .UNSPECIFIED.);
#1861 = CARTESIAN_POINT('',(6.28318530718,7.783233911877));
#1862 = CARTESIAN_POINT('',(6.08683576633,7.783233911877));
#1863 = CARTESIAN_POINT('',(5.890486225481,7.778630092821));
#1864 = CARTESIAN_POINT('',(5.694136684631,7.769423011255));
#1865 = CARTESIAN_POINT('',(5.497787143782,7.75598962333));
#1866 = CARTESIAN_POINT('',(5.301437602933,7.739090168441));
#1867 = CARTESIAN_POINT('',(5.105088062083,7.719779276782));
#1868 = CARTESIAN_POINT('',(4.908738521234,7.699263531285));
#1869 = CARTESIAN_POINT('',(4.417864669111,7.647973989027));
#1870 = CARTESIAN_POINT('',(4.123340357838,7.61720015215));
#1871 = CARTESIAN_POINT('',(3.828816046567,7.590494997444));
#1872 = CARTESIAN_POINT('',(3.534291735283,7.571921410556));
#1873 = CARTESIAN_POINT('',(3.23976742402,7.564433308321));
#1874 = CARTESIAN_POINT('',(2.945243112741,7.568668775375));
#1875 = CARTESIAN_POINT('',(2.650718801466,7.583104505712));
#1876 = CARTESIAN_POINT('',(2.061670178918,7.626625125473));
#1877 = CARTESIAN_POINT('',(1.767145867644,7.655709138541));
#1878 = CARTESIAN_POINT('',(1.472621556369,7.689245415095));
#1879 = CARTESIAN_POINT('',(1.178097245095,7.722990847347));
#1880 = CARTESIAN_POINT('',(0.883572933822,7.752163883965));
#1881 = CARTESIAN_POINT('',(0.589048622548,7.772874254473));
#1882 = CARTESIAN_POINT('',(0.294524311274,7.783233911877));
#1883 = CARTESIAN_POINT('',(0.,7.783233911877));
#1884 = ( GEOMETRIC_REPRESENTATION_CONTEXT(2) 
PARAMETRIC_REPRESENTATION_CONTEXT() REPRESENTATION_CONTEXT('2D SPACE',''
  ) );
#1885 = ORIENTED_EDGE('',*,*,#1886,.F.);
#1886 = EDGE_CURVE('',#1887,#1838,#1889,.T.);
#1887 = VERTEX_POINT('',#1888);
#1888 = CARTESIAN_POINT('',(-6.85777170528,-6.123233995737E-16,
    2.559308634864));
#1889 = SURFACE_CURVE('',#1890,(#1895,#1902),.PCURVE_S1.);
#1890 = ELLIPSE('',#1891,2.50736720232,2.5);
#1891 = AXIS2_PLACEMENT_3D('',#1892,#1893,#1894);
#1892 = CARTESIAN_POINT('',(-4.352591545696,0.,2.66401133443));
#1893 = DIRECTION('',(4.175802390219E-02,0.,-0.999127753313));
#1894 = DIRECTION('',(-0.999127753313,0.,-4.175802390219E-02));
#1895 = PCURVE('',#315,#1896);
#1896 = DEFINITIONAL_REPRESENTATION('',(#1897),#1901);
#1897 = ELLIPSE('',#1898,2.50736720232,2.5);
#1898 = AXIS2_PLACEMENT_2D('',#1899,#1900);
#1899 = CARTESIAN_POINT('',(0.259410405196,7.914720463779));
#1900 = DIRECTION('',(1.,0.));
#1901 = ( GEOMETRIC_REPRESENTATION_CONTEXT(2) 
PARAMETRIC_REPRESENTATION_CONTEXT() REPRESENTATION_CONTEXT('2D SPACE',''
  ) );
#1902 = PCURVE('',#1903,#1908);
#1903 = CYLINDRICAL_SURFACE('',#1904,2.5);
#1904 = AXIS2_PLACEMENT_3D('',#1905,#1906,#1907);
#1905 = CARTESIAN_POINT('',(-2.255025164875,0.,62.730453493351));
#1906 = DIRECTION('',(-3.48994967025E-02,-0.,-0.999390827019));
#1907 = DIRECTION('',(-0.999390827019,0.,3.48994967025E-02));
#1908 = DEFINITIONAL_REPRESENTATION('',(#1909),#1933);
#1909 = B_SPLINE_CURVE_WITH_KNOTS('',8,(#1910,#1911,#1912,#1913,#1914,
    #1915,#1916,#1917,#1918,#1919,#1920,#1921,#1922,#1923,#1924,#1925,
    #1926,#1927,#1928,#1929,#1930,#1931,#1932),.UNSPECIFIED.,.F.,.F.,(9,
    7,7,9),(0.,1.570796326795,3.926990816987,6.28318530718),
  .UNSPECIFIED.);
#1910 = CARTESIAN_POINT('',(0.,60.295123760518));
#1911 = CARTESIAN_POINT('',(0.196349540849,60.295123760518));
#1912 = CARTESIAN_POINT('',(0.392699081699,60.286660935899));
#1913 = CARTESIAN_POINT('',(0.589048622548,60.269736309763));
#1914 = CARTESIAN_POINT('',(0.785398163398,60.245042809734));
#1915 = CARTESIAN_POINT('',(0.981747704247,60.213977921847));
#1916 = CARTESIAN_POINT('',(1.178097245096,60.178480286712));
#1917 = CARTESIAN_POINT('',(1.374446785946,60.140767867125));
#1918 = CARTESIAN_POINT('',(1.865320638069,60.046486490035));
#1919 = CARTESIAN_POINT('',(2.15984494934,59.98991745872));
#1920 = CARTESIAN_POINT('',(2.454369260621,59.94082755384));
#1921 = CARTESIAN_POINT('',(2.748893571882,59.906685245477));
#1922 = CARTESIAN_POINT('',(3.043417883168,59.892920479001));
#1923 = CARTESIAN_POINT('',(3.337942194436,59.900706192013));
#1924 = CARTESIAN_POINT('',(3.632466505713,59.927242216275));
#1925 = CARTESIAN_POINT('',(4.221515128261,60.007242617571));
#1926 = CARTESIAN_POINT('',(4.516039439538,60.060707284594));
#1927 = CARTESIAN_POINT('',(4.810563750795,60.122345180746));
#1928 = CARTESIAN_POINT('',(5.105088062094,60.184394462915));
#1929 = CARTESIAN_POINT('',(5.399612373341,60.238003090521));
#1930 = CARTESIAN_POINT('',(5.694136684632,60.27608233462));
#1931 = CARTESIAN_POINT('',(5.988660995906,60.295123760518));
#1932 = CARTESIAN_POINT('',(6.28318530718,60.295123760518));
#1933 = ( GEOMETRIC_REPRESENTATION_CONTEXT(2) 
PARAMETRIC_REPRESENTATION_CONTEXT() REPRESENTATION_CONTEXT('2D SPACE',''
  ) );
#1934 = ORIENTED_EDGE('',*,*,#1935,.F.);
#1935 = EDGE_CURVE('',#1789,#1887,#1936,.T.);
#1936 = SURFACE_CURVE('',#1937,(#1942,#1949),.PCURVE_S1.);
#1937 = ELLIPSE('',#1938,2.50736720232,2.5);
#1938 = AXIS2_PLACEMENT_3D('',#1939,#1940,#1941);
#1939 = CARTESIAN_POINT('',(-4.352591545696,0.,2.66401133443));
#1940 = DIRECTION('',(4.175802390219E-02,0.,-0.999127753313));
#1941 = DIRECTION('',(-0.999127753313,0.,-4.175802390219E-02));
#1942 = PCURVE('',#315,#1943);
#1943 = DEFINITIONAL_REPRESENTATION('',(#1944),#1948);
#1944 = ELLIPSE('',#1945,2.50736720232,2.5);
#1945 = AXIS2_PLACEMENT_2D('',#1946,#1947);
#1946 = CARTESIAN_POINT('',(0.259410405196,7.914720463779));
#1947 = DIRECTION('',(1.,0.));
#1948 = ( GEOMETRIC_REPRESENTATION_CONTEXT(2) 
PARAMETRIC_REPRESENTATION_CONTEXT() REPRESENTATION_CONTEXT('2D SPACE',''
  ) );
#1949 = PCURVE('',#1950,#1955);
#1950 = CYLINDRICAL_SURFACE('',#1951,2.5);
#1951 = AXIS2_PLACEMENT_3D('',#1952,#1953,#1954);
#1952 = CARTESIAN_POINT('',(-2.255025164875,0.,62.730453493351));
#1953 = DIRECTION('',(-3.48994967025E-02,-0.,-0.999390827019));
#1954 = DIRECTION('',(-0.999390827019,0.,3.48994967025E-02));
#1955 = DEFINITIONAL_REPRESENTATION('',(#1956),#1980);
#1956 = B_SPLINE_CURVE_WITH_KNOTS('',8,(#1957,#1958,#1959,#1960,#1961,
    #1962,#1963,#1964,#1965,#1966,#1967,#1968,#1969,#1970,#1971,#1972,
    #1973,#1974,#1975,#1976,#1977,#1978,#1979),.UNSPECIFIED.,.F.,.F.,(9,
    7,7,9),(0.,1.570796326795,3.926990816987,6.28318530718),
  .UNSPECIFIED.);
#1957 = CARTESIAN_POINT('',(0.,60.295123760518));
#1958 = CARTESIAN_POINT('',(0.196349540849,60.295123760518));
#1959 = CARTESIAN_POINT('',(0.392699081699,60.286660935899));
#1960 = CARTESIAN_POINT('',(0.589048622548,60.269736309763));
#1961 = CARTESIAN_POINT('',(0.785398163398,60.245042809734));
#1962 = CARTESIAN_POINT('',(0.981747704247,60.213977921847));
#1963 = CARTESIAN_POINT('',(1.178097245096,60.178480286712));
#1964 = CARTESIAN_POINT('',(1.374446785946,60.140767867125));
#1965 = CARTESIAN_POINT('',(1.865320638069,60.046486490035));
#1966 = CARTESIAN_POINT('',(2.15984494934,59.98991745872));
#1967 = CARTESIAN_POINT('',(2.454369260621,59.94082755384));
#1968 = CARTESIAN_POINT('',(2.748893571882,59.906685245477));
#1969 = CARTESIAN_POINT('',(3.043417883168,59.892920479001));
#1970 = CARTESIAN_POINT('',(3.337942194436,59.900706192013));
#1971 = CARTESIAN_POINT('',(3.632466505713,59.927242216275));
#1972 = CARTESIAN_POINT('',(4.221515128261,60.007242617571));
#1973 = CARTESIAN_POINT('',(4.516039439538,60.060707284594));
#1974 = CARTESIAN_POINT('',(4.810563750795,60.122345180746));
#1975 = CARTESIAN_POINT('',(5.105088062094,60.184394462915));
#1976 = CARTESIAN_POINT('',(5.399612373341,60.238003090521));
#1977 = CARTESIAN_POINT('',(5.694136684632,60.27608233462));
#1978 = CARTESIAN_POINT('',(5.988660995906,60.295123760518));
#1979 = CARTESIAN_POINT('',(6.28318530718,60.295123760518));
#1980 = ( GEOMETRIC_REPRESENTATION_CONTEXT(2) 
PARAMETRIC_REPRESENTATION_CONTEXT() REPRESENTATION_CONTEXT('2D SPACE',''
  ) );
#1981 = FACE_BOUND('',#1982,.T.);
#1982 = EDGE_LOOP('',(#1983,#2034,#2083,#2132));
#1983 = ORIENTED_EDGE('',*,*,#1984,.F.);
#1984 = EDGE_CURVE('',#1985,#1987,#1989,.T.);
#1985 = VERTEX_POINT('',#1986);
#1986 = CARTESIAN_POINT('',(-16.83,-6.123233995737E-16,2.142524548837));
#1987 = VERTEX_POINT('',#1988);
#1988 = CARTESIAN_POINT('',(-19.52665623805,-2.492253262419,
    2.029819206331));
#1989 = SURFACE_CURVE('',#1990,(#1995,#2002),.PCURVE_S1.);
#1990 = ELLIPSE('',#1991,2.502182520414,2.5);
#1991 = AXIS2_PLACEMENT_3D('',#1992,#1993,#1994);
#1992 = CARTESIAN_POINT('',(-19.33,0.,2.038038351342));
#1993 = DIRECTION('',(4.175802390219E-02,0.,-0.999127753313));
#1994 = DIRECTION('',(0.999127753313,0.,4.175802390219E-02));
#1995 = PCURVE('',#315,#1996);
#1996 = DEFINITIONAL_REPRESENTATION('',(#1997),#2001);
#1997 = ELLIPSE('',#1998,2.502182520414,2.5);
#1998 = AXIS2_PLACEMENT_2D('',#1999,#2000);
#1999 = CARTESIAN_POINT('',(15.249894259382,7.914720463779));
#2000 = DIRECTION('',(-1.,0.));
#2001 = ( GEOMETRIC_REPRESENTATION_CONTEXT(2) 
PARAMETRIC_REPRESENTATION_CONTEXT() REPRESENTATION_CONTEXT('2D SPACE',''
  ) );
#2002 = PCURVE('',#2003,#2008);
#2003 = CYLINDRICAL_SURFACE('',#2004,2.5);
#2004 = AXIS2_PLACEMENT_3D('',#2005,#2006,#2007);
#2005 = CARTESIAN_POINT('',(-19.33,0.,-5.));
#2006 = DIRECTION('',(0.,0.,1.));
#2007 = DIRECTION('',(1.,0.,-0.));
#2008 = DEFINITIONAL_REPRESENTATION('',(#2009),#2033);
#2009 = B_SPLINE_CURVE_WITH_KNOTS('',8,(#2010,#2011,#2012,#2013,#2014,
    #2015,#2016,#2017,#2018,#2019,#2020,#2021,#2022,#2023,#2024,#2025,
    #2026,#2027,#2028,#2029,#2030,#2031,#2032),.UNSPECIFIED.,.F.,.F.,(9,
    7,7,9),(0.,1.570796326795,3.926990816987,6.28318530718),
  .UNSPECIFIED.);
#2010 = CARTESIAN_POINT('',(6.28318530718,7.142524548837));
#2011 = CARTESIAN_POINT('',(6.08683576633,7.142524548837));
#2012 = CARTESIAN_POINT('',(5.890486225481,7.13792072978));
#2013 = CARTESIAN_POINT('',(5.694136684632,7.128713648215));
#2014 = CARTESIAN_POINT('',(5.497787143782,7.115280260289));
#2015 = CARTESIAN_POINT('',(5.301437602933,7.098380805399));
#2016 = CARTESIAN_POINT('',(5.105088062083,7.079069913742));
#2017 = CARTESIAN_POINT('',(4.908738521234,7.058554168245));
#2018 = CARTESIAN_POINT('',(4.417864669111,7.007264625987));
#2019 = CARTESIAN_POINT('',(4.12334035784,6.976490789119));
#2020 = CARTESIAN_POINT('',(3.828816046558,6.949785634378));
#2021 = CARTESIAN_POINT('',(3.534291735298,6.931212047563));
#2022 = CARTESIAN_POINT('',(3.239767424011,6.92372394526));
#2023 = CARTESIAN_POINT('',(2.945243112743,6.927959412344));
#2024 = CARTESIAN_POINT('',(2.650718801466,6.942395142672));
#2025 = CARTESIAN_POINT('',(2.061670178918,6.985915762433));
#2026 = CARTESIAN_POINT('',(1.767145867644,7.014999775502));
#2027 = CARTESIAN_POINT('',(1.472621556369,7.048536052054));
#2028 = CARTESIAN_POINT('',(1.178097245095,7.082281484307));
#2029 = CARTESIAN_POINT('',(0.883572933822,7.111454520925));
#2030 = CARTESIAN_POINT('',(0.589048622548,7.132164891432));
#2031 = CARTESIAN_POINT('',(0.294524311274,7.142524548837));
#2032 = CARTESIAN_POINT('',(0.,7.142524548837));
#2033 = ( GEOMETRIC_REPRESENTATION_CONTEXT(2) 
PARAMETRIC_REPRESENTATION_CONTEXT() REPRESENTATION_CONTEXT('2D SPACE',''
  ) );
#2034 = ORIENTED_EDGE('',*,*,#2035,.F.);
#2035 = EDGE_CURVE('',#2036,#1985,#2038,.T.);
#2036 = VERTEX_POINT('',#2037);
#2037 = CARTESIAN_POINT('',(-19.52665623805,2.492253262419,
    2.029819206331));
#2038 = SURFACE_CURVE('',#2039,(#2044,#2051),.PCURVE_S1.);
#2039 = ELLIPSE('',#2040,2.502182520414,2.5);
#2040 = AXIS2_PLACEMENT_3D('',#2041,#2042,#2043);
#2041 = CARTESIAN_POINT('',(-19.33,0.,2.038038351342));
#2042 = DIRECTION('',(4.175802390219E-02,0.,-0.999127753313));
#2043 = DIRECTION('',(0.999127753313,0.,4.175802390219E-02));
#2044 = PCURVE('',#315,#2045);
#2045 = DEFINITIONAL_REPRESENTATION('',(#2046),#2050);
#2046 = ELLIPSE('',#2047,2.502182520414,2.5);
#2047 = AXIS2_PLACEMENT_2D('',#2048,#2049);
#2048 = CARTESIAN_POINT('',(15.249894259382,7.914720463779));
#2049 = DIRECTION('',(-1.,0.));
#2050 = ( GEOMETRIC_REPRESENTATION_CONTEXT(2) 
PARAMETRIC_REPRESENTATION_CONTEXT() REPRESENTATION_CONTEXT('2D SPACE',''
  ) );
#2051 = PCURVE('',#2052,#2057);
#2052 = CYLINDRICAL_SURFACE('',#2053,2.5);
#2053 = AXIS2_PLACEMENT_3D('',#2054,#2055,#2056);
#2054 = CARTESIAN_POINT('',(-19.33,0.,-5.));
#2055 = DIRECTION('',(0.,0.,1.));
#2056 = DIRECTION('',(1.,0.,-0.));
#2057 = DEFINITIONAL_REPRESENTATION('',(#2058),#2082);
#2058 = B_SPLINE_CURVE_WITH_KNOTS('',8,(#2059,#2060,#2061,#2062,#2063,
    #2064,#2065,#2066,#2067,#2068,#2069,#2070,#2071,#2072,#2073,#2074,
    #2075,#2076,#2077,#2078,#2079,#2080,#2081),.UNSPECIFIED.,.F.,.F.,(9,
    7,7,9),(0.,1.570796326795,3.926990816987,6.28318530718),
  .UNSPECIFIED.);
#2059 = CARTESIAN_POINT('',(6.28318530718,7.142524548837));
#2060 = CARTESIAN_POINT('',(6.08683576633,7.142524548837));
#2061 = CARTESIAN_POINT('',(5.890486225481,7.13792072978));
#2062 = CARTESIAN_POINT('',(5.694136684632,7.128713648215));
#2063 = CARTESIAN_POINT('',(5.497787143782,7.115280260289));
#2064 = CARTESIAN_POINT('',(5.301437602933,7.098380805399));
#2065 = CARTESIAN_POINT('',(5.105088062083,7.079069913742));
#2066 = CARTESIAN_POINT('',(4.908738521234,7.058554168245));
#2067 = CARTESIAN_POINT('',(4.417864669111,7.007264625987));
#2068 = CARTESIAN_POINT('',(4.12334035784,6.976490789119));
#2069 = CARTESIAN_POINT('',(3.828816046558,6.949785634378));
#2070 = CARTESIAN_POINT('',(3.534291735298,6.931212047563));
#2071 = CARTESIAN_POINT('',(3.239767424011,6.92372394526));
#2072 = CARTESIAN_POINT('',(2.945243112743,6.927959412344));
#2073 = CARTESIAN_POINT('',(2.650718801466,6.942395142672));
#2074 = CARTESIAN_POINT('',(2.061670178918,6.985915762433));
#2075 = CARTESIAN_POINT('',(1.767145867644,7.014999775502));
#2076 = CARTESIAN_POINT('',(1.472621556369,7.048536052054));
#2077 = CARTESIAN_POINT('',(1.178097245095,7.082281484307));
#2078 = CARTESIAN_POINT('',(0.883572933822,7.111454520925));
#2079 = CARTESIAN_POINT('',(0.589048622548,7.132164891432));
#2080 = CARTESIAN_POINT('',(0.294524311274,7.142524548837));
#2081 = CARTESIAN_POINT('',(0.,7.142524548837));
#2082 = ( GEOMETRIC_REPRESENTATION_CONTEXT(2) 
PARAMETRIC_REPRESENTATION_CONTEXT() REPRESENTATION_CONTEXT('2D SPACE',''
  ) );
#2083 = ORIENTED_EDGE('',*,*,#2084,.F.);
#2084 = EDGE_CURVE('',#2085,#2036,#2087,.T.);
#2085 = VERTEX_POINT('',#2086);
#2086 = CARTESIAN_POINT('',(-22.22890011996,-6.123233995737E-16,
    1.916880331161));
#2087 = SURFACE_CURVE('',#2088,(#2093,#2100),.PCURVE_S1.);
#2088 = ELLIPSE('',#2089,2.50736720232,2.5);
#2089 = AXIS2_PLACEMENT_3D('',#2090,#2091,#2092);
#2090 = CARTESIAN_POINT('',(-19.72371996038,0.,2.021583030727));
#2091 = DIRECTION('',(4.175802390219E-02,0.,-0.999127753313));
#2092 = DIRECTION('',(-0.999127753313,0.,-4.175802390219E-02));
#2093 = PCURVE('',#315,#2094);
#2094 = DEFINITIONAL_REPRESENTATION('',(#2095),#2099);
#2095 = ELLIPSE('',#2096,2.50736720232,2.5);
#2096 = AXIS2_PLACEMENT_2D('',#2097,#2098);
#2097 = CARTESIAN_POINT('',(15.643957940502,7.914720463779));
#2098 = DIRECTION('',(1.,0.));
#2099 = ( GEOMETRIC_REPRESENTATION_CONTEXT(2) 
PARAMETRIC_REPRESENTATION_CONTEXT() REPRESENTATION_CONTEXT('2D SPACE',''
  ) );
#2100 = PCURVE('',#2101,#2106);
#2101 = CYLINDRICAL_SURFACE('',#2102,2.5);
#2102 = AXIS2_PLACEMENT_3D('',#2103,#2104,#2105);
#2103 = CARTESIAN_POINT('',(-17.58502516487,0.,63.265788889659));
#2104 = DIRECTION('',(-3.48994967025E-02,-0.,-0.999390827019));
#2105 = DIRECTION('',(-0.999390827019,0.,3.48994967025E-02));
#2106 = DEFINITIONAL_REPRESENTATION('',(#2107),#2131);
#2107 = B_SPLINE_CURVE_WITH_KNOTS('',8,(#2108,#2109,#2110,#2111,#2112,
    #2113,#2114,#2115,#2116,#2117,#2118,#2119,#2120,#2121,#2122,#2123,
    #2124,#2125,#2126,#2127,#2128,#2129,#2130),.UNSPECIFIED.,.F.,.F.,(9,
    7,7,9),(0.,1.570796326795,3.926990816987,6.28318530718),
  .UNSPECIFIED.);
#2108 = CARTESIAN_POINT('',(0.,61.473605359679));
#2109 = CARTESIAN_POINT('',(0.196349540849,61.473605359679));
#2110 = CARTESIAN_POINT('',(0.392699081699,61.465142535064));
#2111 = CARTESIAN_POINT('',(0.589048622548,61.448217908911));
#2112 = CARTESIAN_POINT('',(0.785398163398,61.423524408881));
#2113 = CARTESIAN_POINT('',(0.981747704247,61.392459521003));
#2114 = CARTESIAN_POINT('',(1.178097245096,61.356961885868));
#2115 = CARTESIAN_POINT('',(1.374446785946,61.319249466286));
#2116 = CARTESIAN_POINT('',(1.865320638069,61.224968089196));
#2117 = CARTESIAN_POINT('',(2.159844949341,61.168399057837));
#2118 = CARTESIAN_POINT('',(2.454369260616,61.119309152994));
#2119 = CARTESIAN_POINT('',(2.748893571882,61.085166844325));
#2120 = CARTESIAN_POINT('',(3.043417883163,61.071402078141));
#2121 = CARTESIAN_POINT('',(3.337942194438,61.079187791129));
#2122 = CARTESIAN_POINT('',(3.632466505713,61.105723815436));
#2123 = CARTESIAN_POINT('',(4.221515128261,61.185724216732));
#2124 = CARTESIAN_POINT('',(4.516039439539,61.239188883659));
#2125 = CARTESIAN_POINT('',(4.810563750789,61.300826780197));
#2126 = CARTESIAN_POINT('',(5.105088062099,61.362876061624));
#2127 = CARTESIAN_POINT('',(5.399612373335,61.416484689985));
#2128 = CARTESIAN_POINT('',(5.694136684635,61.454563933686));
#2129 = CARTESIAN_POINT('',(5.988660995906,61.473605359679));
#2130 = CARTESIAN_POINT('',(6.28318530718,61.473605359679));
#2131 = ( GEOMETRIC_REPRESENTATION_CONTEXT(2) 
PARAMETRIC_REPRESENTATION_CONTEXT() REPRESENTATION_CONTEXT('2D SPACE',''
  ) );
#2132 = ORIENTED_EDGE('',*,*,#2133,.F.);
#2133 = EDGE_CURVE('',#1987,#2085,#2134,.T.);
#2134 = SURFACE_CURVE('',#2135,(#2140,#2147),.PCURVE_S1.);
#2135 = ELLIPSE('',#2136,2.50736720232,2.5);
#2136 = AXIS2_PLACEMENT_3D('',#2137,#2138,#2139);
#2137 = CARTESIAN_POINT('',(-19.72371996038,0.,2.021583030727));
#2138 = DIRECTION('',(4.175802390219E-02,0.,-0.999127753313));
#2139 = DIRECTION('',(-0.999127753313,0.,-4.175802390219E-02));
#2140 = PCURVE('',#315,#2141);
#2141 = DEFINITIONAL_REPRESENTATION('',(#2142),#2146);
#2142 = ELLIPSE('',#2143,2.50736720232,2.5);
#2143 = AXIS2_PLACEMENT_2D('',#2144,#2145);
#2144 = CARTESIAN_POINT('',(15.643957940502,7.914720463779));
#2145 = DIRECTION('',(1.,0.));
#2146 = ( GEOMETRIC_REPRESENTATION_CONTEXT(2) 
PARAMETRIC_REPRESENTATION_CONTEXT() REPRESENTATION_CONTEXT('2D SPACE',''
  ) );
#2147 = PCURVE('',#2148,#2153);
#2148 = CYLINDRICAL_SURFACE('',#2149,2.5);
#2149 = AXIS2_PLACEMENT_3D('',#2150,#2151,#2152);
#2150 = CARTESIAN_POINT('',(-17.58502516487,0.,63.265788889659));
#2151 = DIRECTION('',(-3.48994967025E-02,-0.,-0.999390827019));
#2152 = DIRECTION('',(-0.999390827019,0.,3.48994967025E-02));
#2153 = DEFINITIONAL_REPRESENTATION('',(#2154),#2178);
#2154 = B_SPLINE_CURVE_WITH_KNOTS('',8,(#2155,#2156,#2157,#2158,#2159,
    #2160,#2161,#2162,#2163,#2164,#2165,#2166,#2167,#2168,#2169,#2170,
    #2171,#2172,#2173,#2174,#2175,#2176,#2177),.UNSPECIFIED.,.F.,.F.,(9,
    7,7,9),(0.,1.570796326795,3.926990816987,6.28318530718),
  .UNSPECIFIED.);
#2155 = CARTESIAN_POINT('',(0.,61.473605359679));
#2156 = CARTESIAN_POINT('',(0.196349540849,61.473605359679));
#2157 = CARTESIAN_POINT('',(0.392699081699,61.465142535064));
#2158 = CARTESIAN_POINT('',(0.589048622548,61.448217908911));
#2159 = CARTESIAN_POINT('',(0.785398163398,61.423524408881));
#2160 = CARTESIAN_POINT('',(0.981747704247,61.392459521003));
#2161 = CARTESIAN_POINT('',(1.178097245096,61.356961885868));
#2162 = CARTESIAN_POINT('',(1.374446785946,61.319249466286));
#2163 = CARTESIAN_POINT('',(1.865320638069,61.224968089196));
#2164 = CARTESIAN_POINT('',(2.159844949341,61.168399057837));
#2165 = CARTESIAN_POINT('',(2.454369260616,61.119309152994));
#2166 = CARTESIAN_POINT('',(2.748893571882,61.085166844325));
#2167 = CARTESIAN_POINT('',(3.043417883163,61.071402078141));
#2168 = CARTESIAN_POINT('',(3.337942194438,61.079187791129));
#2169 = CARTESIAN_POINT('',(3.632466505713,61.105723815436));
#2170 = CARTESIAN_POINT('',(4.221515128261,61.185724216732));
#2171 = CARTESIAN_POINT('',(4.516039439539,61.239188883659));
#2172 = CARTESIAN_POINT('',(4.810563750789,61.300826780197));
#2173 = CARTESIAN_POINT('',(5.105088062099,61.362876061624));
#2174 = CARTESIAN_POINT('',(5.399612373335,61.416484689985));
#2175 = CARTESIAN_POINT('',(5.694136684635,61.454563933686));
#2176 = CARTESIAN_POINT('',(5.988660995906,61.473605359679));
#2177 = CARTESIAN_POINT('',(6.28318530718,61.473605359679));
#2178 = ( GEOMETRIC_REPRESENTATION_CONTEXT(2) 
PARAMETRIC_REPRESENTATION_CONTEXT() REPRESENTATION_CONTEXT('2D SPACE',''
  ) );
#2179 = FACE_BOUND('',#2180,.T.);
#2180 = EDGE_LOOP('',(#2181,#2232,#2281,#2330));
#2181 = ORIENTED_EDGE('',*,*,#2182,.F.);
#2182 = EDGE_CURVE('',#2183,#2185,#2187,.T.);
#2183 = VERTEX_POINT('',#2184);
#2184 = CARTESIAN_POINT('',(-32.17,-6.123233995737E-16,1.501397241007));
#2185 = VERTEX_POINT('',#2186);
#2186 = CARTESIAN_POINT('',(-34.88721256274,-2.490545864382,
    1.38783275762));
#2187 = SURFACE_CURVE('',#2188,(#2193,#2200),.PCURVE_S1.);
#2188 = ELLIPSE('',#2189,2.502182520414,2.5);
#2189 = AXIS2_PLACEMENT_3D('',#2190,#2191,#2192);
#2190 = CARTESIAN_POINT('',(-34.67,0.,1.396911043512));
#2191 = DIRECTION('',(4.175802390219E-02,0.,-0.999127753313));
#2192 = DIRECTION('',(0.999127753313,0.,4.175802390219E-02));
#2193 = PCURVE('',#315,#2194);
#2194 = DEFINITIONAL_REPRESENTATION('',(#2195),#2199);
#2195 = ELLIPSE('',#2196,2.502182520414,2.5);
#2196 = AXIS2_PLACEMENT_2D('',#2197,#2198);
#2197 = CARTESIAN_POINT('',(30.603286204644,7.914720463779));
#2198 = DIRECTION('',(-1.,0.));
#2199 = ( GEOMETRIC_REPRESENTATION_CONTEXT(2) 
PARAMETRIC_REPRESENTATION_CONTEXT() REPRESENTATION_CONTEXT('2D SPACE',''
  ) );
#2200 = PCURVE('',#2201,#2206);
#2201 = CYLINDRICAL_SURFACE('',#2202,2.5);
#2202 = AXIS2_PLACEMENT_3D('',#2203,#2204,#2205);
#2203 = CARTESIAN_POINT('',(-34.67,0.,-5.));
#2204 = DIRECTION('',(0.,0.,1.));
#2205 = DIRECTION('',(1.,0.,-0.));
#2206 = DEFINITIONAL_REPRESENTATION('',(#2207),#2231);
#2207 = B_SPLINE_CURVE_WITH_KNOTS('',8,(#2208,#2209,#2210,#2211,#2212,
    #2213,#2214,#2215,#2216,#2217,#2218,#2219,#2220,#2221,#2222,#2223,
    #2224,#2225,#2226,#2227,#2228,#2229,#2230),.UNSPECIFIED.,.F.,.F.,(9,
    7,7,9),(0.,1.570796326795,3.926990816987,6.28318530718),
  .UNSPECIFIED.);
#2208 = CARTESIAN_POINT('',(6.28318530718,6.501397241007));
#2209 = CARTESIAN_POINT('',(6.08683576633,6.501397241007));
#2210 = CARTESIAN_POINT('',(5.890486225481,6.49679342195));
#2211 = CARTESIAN_POINT('',(5.694136684631,6.487586340387));
#2212 = CARTESIAN_POINT('',(5.497787143782,6.474152952459));
#2213 = CARTESIAN_POINT('',(5.301437602933,6.457253497567));
#2214 = CARTESIAN_POINT('',(5.105088062083,6.437942605913));
#2215 = CARTESIAN_POINT('',(4.908738521234,6.417426860415));
#2216 = CARTESIAN_POINT('',(4.417864669111,6.366137318157));
#2217 = CARTESIAN_POINT('',(4.123340357838,6.335363481283));
#2218 = CARTESIAN_POINT('',(3.828816046565,6.308658326573));
#2219 = CARTESIAN_POINT('',(3.534291735298,6.290084739675));
#2220 = CARTESIAN_POINT('',(3.239767424015,6.28259663745));
#2221 = CARTESIAN_POINT('',(2.945243112742,6.286832104509));
#2222 = CARTESIAN_POINT('',(2.650718801466,6.301267834842));
#2223 = CARTESIAN_POINT('',(2.061670178918,6.344788454603));
#2224 = CARTESIAN_POINT('',(1.767145867644,6.373872467671));
#2225 = CARTESIAN_POINT('',(1.472621556369,6.407408744225));
#2226 = CARTESIAN_POINT('',(1.178097245096,6.441154176477));
#2227 = CARTESIAN_POINT('',(0.883572933823,6.470327213094));
#2228 = CARTESIAN_POINT('',(0.589048622548,6.491037583603));
#2229 = CARTESIAN_POINT('',(0.294524311274,6.501397241007));
#2230 = CARTESIAN_POINT('',(0.,6.501397241007));
#2231 = ( GEOMETRIC_REPRESENTATION_CONTEXT(2) 
PARAMETRIC_REPRESENTATION_CONTEXT() REPRESENTATION_CONTEXT('2D SPACE',''
  ) );
#2232 = ORIENTED_EDGE('',*,*,#2233,.F.);
#2233 = EDGE_CURVE('',#2234,#2183,#2236,.T.);
#2234 = VERTEX_POINT('',#2235);
#2235 = CARTESIAN_POINT('',(-34.88721256274,2.490545864382,1.38783275762
    ));
#2236 = SURFACE_CURVE('',#2237,(#2242,#2249),.PCURVE_S1.);
#2237 = ELLIPSE('',#2238,2.502182520414,2.5);
#2238 = AXIS2_PLACEMENT_3D('',#2239,#2240,#2241);
#2239 = CARTESIAN_POINT('',(-34.67,0.,1.396911043512));
#2240 = DIRECTION('',(4.175802390219E-02,0.,-0.999127753313));
#2241 = DIRECTION('',(0.999127753313,0.,4.175802390219E-02));
#2242 = PCURVE('',#315,#2243);
#2243 = DEFINITIONAL_REPRESENTATION('',(#2244),#2248);
#2244 = ELLIPSE('',#2245,2.502182520414,2.5);
#2245 = AXIS2_PLACEMENT_2D('',#2246,#2247);
#2246 = CARTESIAN_POINT('',(30.603286204644,7.914720463779));
#2247 = DIRECTION('',(-1.,0.));
#2248 = ( GEOMETRIC_REPRESENTATION_CONTEXT(2) 
PARAMETRIC_REPRESENTATION_CONTEXT() REPRESENTATION_CONTEXT('2D SPACE',''
  ) );
#2249 = PCURVE('',#2250,#2255);
#2250 = CYLINDRICAL_SURFACE('',#2251,2.5);
#2251 = AXIS2_PLACEMENT_3D('',#2252,#2253,#2254);
#2252 = CARTESIAN_POINT('',(-34.67,0.,-5.));
#2253 = DIRECTION('',(0.,0.,1.));
#2254 = DIRECTION('',(1.,0.,-0.));
#2255 = DEFINITIONAL_REPRESENTATION('',(#2256),#2280);
#2256 = B_SPLINE_CURVE_WITH_KNOTS('',8,(#2257,#2258,#2259,#2260,#2261,
    #2262,#2263,#2264,#2265,#2266,#2267,#2268,#2269,#2270,#2271,#2272,
    #2273,#2274,#2275,#2276,#2277,#2278,#2279),.UNSPECIFIED.,.F.,.F.,(9,
    7,7,9),(0.,1.570796326795,3.926990816987,6.28318530718),
  .UNSPECIFIED.);
#2257 = CARTESIAN_POINT('',(6.28318530718,6.501397241007));
#2258 = CARTESIAN_POINT('',(6.08683576633,6.501397241007));
#2259 = CARTESIAN_POINT('',(5.890486225481,6.49679342195));
#2260 = CARTESIAN_POINT('',(5.694136684631,6.487586340387));
#2261 = CARTESIAN_POINT('',(5.497787143782,6.474152952459));
#2262 = CARTESIAN_POINT('',(5.301437602933,6.457253497567));
#2263 = CARTESIAN_POINT('',(5.105088062083,6.437942605913));
#2264 = CARTESIAN_POINT('',(4.908738521234,6.417426860415));
#2265 = CARTESIAN_POINT('',(4.417864669111,6.366137318157));
#2266 = CARTESIAN_POINT('',(4.123340357838,6.335363481283));
#2267 = CARTESIAN_POINT('',(3.828816046565,6.308658326573));
#2268 = CARTESIAN_POINT('',(3.534291735298,6.290084739675));
#2269 = CARTESIAN_POINT('',(3.239767424015,6.28259663745));
#2270 = CARTESIAN_POINT('',(2.945243112742,6.286832104509));
#2271 = CARTESIAN_POINT('',(2.650718801466,6.301267834842));
#2272 = CARTESIAN_POINT('',(2.061670178918,6.344788454603));
#2273 = CARTESIAN_POINT('',(1.767145867644,6.373872467671));
#2274 = CARTESIAN_POINT('',(1.472621556369,6.407408744225));
#2275 = CARTESIAN_POINT('',(1.178097245096,6.441154176477));
#2276 = CARTESIAN_POINT('',(0.883572933823,6.470327213094));
#2277 = CARTESIAN_POINT('',(0.589048622548,6.491037583603));
#2278 = CARTESIAN_POINT('',(0.294524311274,6.501397241007));
#2279 = CARTESIAN_POINT('',(0.,6.501397241007));
#2280 = ( GEOMETRIC_REPRESENTATION_CONTEXT(2) 
PARAMETRIC_REPRESENTATION_CONTEXT() REPRESENTATION_CONTEXT('2D SPACE',''
  ) );
#2281 = ORIENTED_EDGE('',*,*,#2282,.F.);
#2282 = EDGE_CURVE('',#2283,#2234,#2285,.T.);
#2283 = VERTEX_POINT('',#2284);
#2284 = CARTESIAN_POINT('',(-37.61005536335,-6.123233995737E-16,
    1.274032961375));
#2285 = SURFACE_CURVE('',#2286,(#2291,#2298),.PCURVE_S1.);
#2286 = ELLIPSE('',#2287,2.50736720232,2.5);
#2287 = AXIS2_PLACEMENT_3D('',#2288,#2289,#2290);
#2288 = CARTESIAN_POINT('',(-35.10487520377,0.,1.378735660941));
#2289 = DIRECTION('',(4.175802390219E-02,0.,-0.999127753313));
#2290 = DIRECTION('',(-0.999127753313,0.,-4.175802390219E-02));
#2291 = PCURVE('',#315,#2292);
#2292 = DEFINITIONAL_REPRESENTATION('',(#2293),#2297);
#2293 = ELLIPSE('',#2294,2.50736720232,2.5);
#2294 = AXIS2_PLACEMENT_2D('',#2295,#2296);
#2295 = CARTESIAN_POINT('',(31.038541058023,7.914720463779));
#2296 = DIRECTION('',(1.,0.));
#2297 = ( GEOMETRIC_REPRESENTATION_CONTEXT(2) 
PARAMETRIC_REPRESENTATION_CONTEXT() REPRESENTATION_CONTEXT('2D SPACE',''
  ) );
#2298 = PCURVE('',#2299,#2304);
#2299 = CYLINDRICAL_SURFACE('',#2300,2.5);
#2300 = AXIS2_PLACEMENT_3D('',#2301,#2302,#2303);
#2301 = CARTESIAN_POINT('',(-32.92502516487,0.,63.801473493663));
#2302 = DIRECTION('',(-3.48994967025E-02,-0.,-0.999390827019));
#2303 = DIRECTION('',(-0.999390827019,0.,3.48994967025E-02));
#2304 = DEFINITIONAL_REPRESENTATION('',(#2305),#2329);
#2305 = B_SPLINE_CURVE_WITH_KNOTS('',8,(#2306,#2307,#2308,#2309,#2310,
    #2311,#2312,#2313,#2314,#2315,#2316,#2317,#2318,#2319,#2320,#2321,
    #2322,#2323,#2324,#2325,#2326,#2327,#2328),.UNSPECIFIED.,.F.,.F.,(9,
    7,7,9),(0.,1.570796326795,3.926990816987,6.28318530718),
  .UNSPECIFIED.);
#2306 = CARTESIAN_POINT('',(0.,62.652855700914));
#2307 = CARTESIAN_POINT('',(0.196349540849,62.652855700914));
#2308 = CARTESIAN_POINT('',(0.392699081699,62.644392876294));
#2309 = CARTESIAN_POINT('',(0.589048622548,62.627468250151));
#2310 = CARTESIAN_POINT('',(0.785398163397,62.602774750124));
#2311 = CARTESIAN_POINT('',(0.981747704247,62.571709862241));
#2312 = CARTESIAN_POINT('',(1.178097245096,62.536212227105));
#2313 = CARTESIAN_POINT('',(1.374446785946,62.498499807521));
#2314 = CARTESIAN_POINT('',(1.865320638069,62.404218430431));
#2315 = CARTESIAN_POINT('',(2.159844949341,62.347649399137));
#2316 = CARTESIAN_POINT('',(2.454369260614,62.298559494178));
#2317 = CARTESIAN_POINT('',(2.748893571884,62.264417185833));
#2318 = CARTESIAN_POINT('',(3.043417883163,62.250652419247));
#2319 = CARTESIAN_POINT('',(3.337942194438,62.258438132432));
#2320 = CARTESIAN_POINT('',(3.632466505713,62.28497415667));
#2321 = CARTESIAN_POINT('',(4.221515128261,62.364974557966));
#2322 = CARTESIAN_POINT('',(4.516039439533,62.418439224959));
#2323 = CARTESIAN_POINT('',(4.810563750805,62.480077121032));
#2324 = CARTESIAN_POINT('',(5.105088062086,62.542126403306));
#2325 = CARTESIAN_POINT('',(5.399612373353,62.595735030974));
#2326 = CARTESIAN_POINT('',(5.694136684628,62.633814275018));
#2327 = CARTESIAN_POINT('',(5.988660995906,62.652855700914));
#2328 = CARTESIAN_POINT('',(6.28318530718,62.652855700914));
#2329 = ( GEOMETRIC_REPRESENTATION_CONTEXT(2) 
PARAMETRIC_REPRESENTATION_CONTEXT() REPRESENTATION_CONTEXT('2D SPACE',''
  ) );
#2330 = ORIENTED_EDGE('',*,*,#2331,.F.);
#2331 = EDGE_CURVE('',#2185,#2283,#2332,.T.);
#2332 = SURFACE_CURVE('',#2333,(#2338,#2345),.PCURVE_S1.);
#2333 = ELLIPSE('',#2334,2.50736720232,2.5);
#2334 = AXIS2_PLACEMENT_3D('',#2335,#2336,#2337);
#2335 = CARTESIAN_POINT('',(-35.10487520377,0.,1.378735660941));
#2336 = DIRECTION('',(4.175802390219E-02,0.,-0.999127753313));
#2337 = DIRECTION('',(-0.999127753313,0.,-4.175802390219E-02));
#2338 = PCURVE('',#315,#2339);
#2339 = DEFINITIONAL_REPRESENTATION('',(#2340),#2344);
#2340 = ELLIPSE('',#2341,2.50736720232,2.5);
#2341 = AXIS2_PLACEMENT_2D('',#2342,#2343);
#2342 = CARTESIAN_POINT('',(31.038541058023,7.914720463779));
#2343 = DIRECTION('',(1.,0.));
#2344 = ( GEOMETRIC_REPRESENTATION_CONTEXT(2) 
PARAMETRIC_REPRESENTATION_CONTEXT() REPRESENTATION_CONTEXT('2D SPACE',''
  ) );
#2345 = PCURVE('',#2346,#2351);
#2346 = CYLINDRICAL_SURFACE('',#2347,2.5);
#2347 = AXIS2_PLACEMENT_3D('',#2348,#2349,#2350);
#2348 = CARTESIAN_POINT('',(-32.92502516487,0.,63.801473493663));
#2349 = DIRECTION('',(-3.48994967025E-02,-0.,-0.999390827019));
#2350 = DIRECTION('',(-0.999390827019,0.,3.48994967025E-02));
#2351 = DEFINITIONAL_REPRESENTATION('',(#2352),#2376);
#2352 = B_SPLINE_CURVE_WITH_KNOTS('',8,(#2353,#2354,#2355,#2356,#2357,
    #2358,#2359,#2360,#2361,#2362,#2363,#2364,#2365,#2366,#2367,#2368,
    #2369,#2370,#2371,#2372,#2373,#2374,#2375),.UNSPECIFIED.,.F.,.F.,(9,
    7,7,9),(0.,1.570796326795,3.926990816987,6.28318530718),
  .UNSPECIFIED.);
#2353 = CARTESIAN_POINT('',(0.,62.652855700914));
#2354 = CARTESIAN_POINT('',(0.196349540849,62.652855700914));
#2355 = CARTESIAN_POINT('',(0.392699081699,62.644392876294));
#2356 = CARTESIAN_POINT('',(0.589048622548,62.627468250151));
#2357 = CARTESIAN_POINT('',(0.785398163397,62.602774750124));
#2358 = CARTESIAN_POINT('',(0.981747704247,62.571709862241));
#2359 = CARTESIAN_POINT('',(1.178097245096,62.536212227105));
#2360 = CARTESIAN_POINT('',(1.374446785946,62.498499807521));
#2361 = CARTESIAN_POINT('',(1.865320638069,62.404218430431));
#2362 = CARTESIAN_POINT('',(2.159844949341,62.347649399137));
#2363 = CARTESIAN_POINT('',(2.454369260614,62.298559494178));
#2364 = CARTESIAN_POINT('',(2.748893571884,62.264417185833));
#2365 = CARTESIAN_POINT('',(3.043417883163,62.250652419247));
#2366 = CARTESIAN_POINT('',(3.337942194438,62.258438132432));
#2367 = CARTESIAN_POINT('',(3.632466505713,62.28497415667));
#2368 = CARTESIAN_POINT('',(4.221515128261,62.364974557966));
#2369 = CARTESIAN_POINT('',(4.516039439533,62.418439224959));
#2370 = CARTESIAN_POINT('',(4.810563750805,62.480077121032));
#2371 = CARTESIAN_POINT('',(5.105088062086,62.542126403306));
#2372 = CARTESIAN_POINT('',(5.399612373353,62.595735030974));
#2373 = CARTESIAN_POINT('',(5.694136684628,62.633814275018));
#2374 = CARTESIAN_POINT('',(5.988660995906,62.652855700914));
#2375 = CARTESIAN_POINT('',(6.28318530718,62.652855700914));
#2376 = ( GEOMETRIC_REPRESENTATION_CONTEXT(2) 
PARAMETRIC_REPRESENTATION_CONTEXT() REPRESENTATION_CONTEXT('2D SPACE',''
  ) );
#2377 = FACE_BOUND('',#2378,.T.);
#2378 = EDGE_LOOP('',(#2379,#2430,#2479,#2528));
#2379 = ORIENTED_EDGE('',*,*,#2380,.F.);
#2380 = EDGE_CURVE('',#2381,#2383,#2385,.T.);
#2381 = VERTEX_POINT('',#2382);
#2382 = CARTESIAN_POINT('',(-47.5,-6.123233995737E-16,0.860687877967));
#2383 = VERTEX_POINT('',#2384);
#2384 = CARTESIAN_POINT('',(-50.23775548695,-2.488668786404,
    0.746264813765));
#2385 = SURFACE_CURVE('',#2386,(#2391,#2398),.PCURVE_S1.);
#2386 = ELLIPSE('',#2387,2.502182520414,2.5);
#2387 = AXIS2_PLACEMENT_3D('',#2388,#2389,#2390);
#2388 = CARTESIAN_POINT('',(-50.,0.,0.756201680471));
#2389 = DIRECTION('',(4.175802390219E-02,0.,-0.999127753313));
#2390 = DIRECTION('',(0.999127753313,0.,4.175802390219E-02));
#2391 = PCURVE('',#315,#2392);
#2392 = DEFINITIONAL_REPRESENTATION('',(#2393),#2397);
#2393 = ELLIPSE('',#2394,2.502182520414,2.5);
#2394 = AXIS2_PLACEMENT_2D('',#2395,#2396);
#2395 = CARTESIAN_POINT('',(45.946669419825,7.914720463779));
#2396 = DIRECTION('',(-1.,0.));
#2397 = ( GEOMETRIC_REPRESENTATION_CONTEXT(2) 
PARAMETRIC_REPRESENTATION_CONTEXT() REPRESENTATION_CONTEXT('2D SPACE',''
  ) );
#2398 = PCURVE('',#2399,#2404);
#2399 = CYLINDRICAL_SURFACE('',#2400,2.5);
#2400 = AXIS2_PLACEMENT_3D('',#2401,#2402,#2403);
#2401 = CARTESIAN_POINT('',(-50.,0.,-5.));
#2402 = DIRECTION('',(0.,0.,1.));
#2403 = DIRECTION('',(1.,0.,-0.));
#2404 = DEFINITIONAL_REPRESENTATION('',(#2405),#2429);
#2405 = B_SPLINE_CURVE_WITH_KNOTS('',8,(#2406,#2407,#2408,#2409,#2410,
    #2411,#2412,#2413,#2414,#2415,#2416,#2417,#2418,#2419,#2420,#2421,
    #2422,#2423,#2424,#2425,#2426,#2427,#2428),.UNSPECIFIED.,.F.,.F.,(9,
    7,7,9),(0.,1.570796326795,3.926990816987,6.28318530718),
  .UNSPECIFIED.);
#2406 = CARTESIAN_POINT('',(6.28318530718,5.860687877967));
#2407 = CARTESIAN_POINT('',(6.08683576633,5.860687877967));
#2408 = CARTESIAN_POINT('',(5.890486225481,5.85608405891));
#2409 = CARTESIAN_POINT('',(5.694136684631,5.846876977347));
#2410 = CARTESIAN_POINT('',(5.497787143782,5.833443589419));
#2411 = CARTESIAN_POINT('',(5.301437602933,5.816544134527));
#2412 = CARTESIAN_POINT('',(5.105088062083,5.797233242873));
#2413 = CARTESIAN_POINT('',(4.908738521234,5.776717497375));
#2414 = CARTESIAN_POINT('',(4.417864669111,5.725427955117));
#2415 = CARTESIAN_POINT('',(4.123340357838,5.694654118243));
#2416 = CARTESIAN_POINT('',(3.828816046565,5.667948963534));
#2417 = CARTESIAN_POINT('',(3.534291735298,5.64937537664));
#2418 = CARTESIAN_POINT('',(3.239767424015,5.641887274414));
#2419 = CARTESIAN_POINT('',(2.945243112742,5.646122741467));
#2420 = CARTESIAN_POINT('',(2.650718801466,5.660558471801));
#2421 = CARTESIAN_POINT('',(2.061670178918,5.704079091563));
#2422 = CARTESIAN_POINT('',(1.767145867644,5.733163104631));
#2423 = CARTESIAN_POINT('',(1.472621556369,5.766699381184));
#2424 = CARTESIAN_POINT('',(1.178097245096,5.800444813437));
#2425 = CARTESIAN_POINT('',(0.883572933823,5.829617850055));
#2426 = CARTESIAN_POINT('',(0.589048622548,5.850328220563));
#2427 = CARTESIAN_POINT('',(0.294524311274,5.860687877967));
#2428 = CARTESIAN_POINT('',(0.,5.860687877967));
#2429 = ( GEOMETRIC_REPRESENTATION_CONTEXT(2) 
PARAMETRIC_REPRESENTATION_CONTEXT() REPRESENTATION_CONTEXT('2D SPACE',''
  ) );
#2430 = ORIENTED_EDGE('',*,*,#2431,.F.);
#2431 = EDGE_CURVE('',#2432,#2381,#2434,.T.);
#2432 = VERTEX_POINT('',#2433);
#2433 = CARTESIAN_POINT('',(-50.23775548695,2.488668786404,
    0.746264813765));
#2434 = SURFACE_CURVE('',#2435,(#2440,#2447),.PCURVE_S1.);
#2435 = ELLIPSE('',#2436,2.502182520414,2.5);
#2436 = AXIS2_PLACEMENT_3D('',#2437,#2438,#2439);
#2437 = CARTESIAN_POINT('',(-50.,0.,0.756201680471));
#2438 = DIRECTION('',(4.175802390219E-02,0.,-0.999127753313));
#2439 = DIRECTION('',(0.999127753313,0.,4.175802390219E-02));
#2440 = PCURVE('',#315,#2441);
#2441 = DEFINITIONAL_REPRESENTATION('',(#2442),#2446);
#2442 = ELLIPSE('',#2443,2.502182520414,2.5);
#2443 = AXIS2_PLACEMENT_2D('',#2444,#2445);
#2444 = CARTESIAN_POINT('',(45.946669419825,7.914720463779));
#2445 = DIRECTION('',(-1.,0.));
#2446 = ( GEOMETRIC_REPRESENTATION_CONTEXT(2) 
PARAMETRIC_REPRESENTATION_CONTEXT() REPRESENTATION_CONTEXT('2D SPACE',''
  ) );
#2447 = PCURVE('',#2448,#2453);
#2448 = CYLINDRICAL_SURFACE('',#2449,2.5);
#2449 = AXIS2_PLACEMENT_3D('',#2450,#2451,#2452);
#2450 = CARTESIAN_POINT('',(-50.,0.,-5.));
#2451 = DIRECTION('',(0.,0.,1.));
#2452 = DIRECTION('',(1.,0.,-0.));
#2453 = DEFINITIONAL_REPRESENTATION('',(#2454),#2478);
#2454 = B_SPLINE_CURVE_WITH_KNOTS('',8,(#2455,#2456,#2457,#2458,#2459,
    #2460,#2461,#2462,#2463,#2464,#2465,#2466,#2467,#2468,#2469,#2470,
    #2471,#2472,#2473,#2474,#2475,#2476,#2477),.UNSPECIFIED.,.F.,.F.,(9,
    7,7,9),(0.,1.570796326795,3.926990816987,6.28318530718),
  .UNSPECIFIED.);
#2455 = CARTESIAN_POINT('',(6.28318530718,5.860687877967));
#2456 = CARTESIAN_POINT('',(6.08683576633,5.860687877967));
#2457 = CARTESIAN_POINT('',(5.890486225481,5.85608405891));
#2458 = CARTESIAN_POINT('',(5.694136684631,5.846876977347));
#2459 = CARTESIAN_POINT('',(5.497787143782,5.833443589419));
#2460 = CARTESIAN_POINT('',(5.301437602933,5.816544134527));
#2461 = CARTESIAN_POINT('',(5.105088062083,5.797233242873));
#2462 = CARTESIAN_POINT('',(4.908738521234,5.776717497375));
#2463 = CARTESIAN_POINT('',(4.417864669111,5.725427955117));
#2464 = CARTESIAN_POINT('',(4.123340357838,5.694654118243));
#2465 = CARTESIAN_POINT('',(3.828816046565,5.667948963534));
#2466 = CARTESIAN_POINT('',(3.534291735298,5.64937537664));
#2467 = CARTESIAN_POINT('',(3.239767424015,5.641887274414));
#2468 = CARTESIAN_POINT('',(2.945243112742,5.646122741467));
#2469 = CARTESIAN_POINT('',(2.650718801466,5.660558471801));
#2470 = CARTESIAN_POINT('',(2.061670178918,5.704079091563));
#2471 = CARTESIAN_POINT('',(1.767145867644,5.733163104631));
#2472 = CARTESIAN_POINT('',(1.472621556369,5.766699381184));
#2473 = CARTESIAN_POINT('',(1.178097245096,5.800444813437));
#2474 = CARTESIAN_POINT('',(0.883572933823,5.829617850055));
#2475 = CARTESIAN_POINT('',(0.589048622548,5.850328220563));
#2476 = CARTESIAN_POINT('',(0.294524311274,5.860687877967));
#2477 = CARTESIAN_POINT('',(0.,5.860687877967));
#2478 = ( GEOMETRIC_REPRESENTATION_CONTEXT(2) 
PARAMETRIC_REPRESENTATION_CONTEXT() REPRESENTATION_CONTEXT('2D SPACE',''
  ) );
#2479 = ORIENTED_EDGE('',*,*,#2480,.F.);
#2480 = EDGE_CURVE('',#2481,#2432,#2483,.T.);
#2481 = VERTEX_POINT('',#2482);
#2482 = CARTESIAN_POINT('',(-52.98118377804,-6.123233995737E-16,
    0.631604657671));
#2483 = SURFACE_CURVE('',#2484,(#2489,#2496),.PCURVE_S1.);
#2484 = ELLIPSE('',#2485,2.50736720232,2.5);
#2485 = AXIS2_PLACEMENT_3D('',#2486,#2487,#2488);
#2486 = CARTESIAN_POINT('',(-50.47600361845,0.,0.736307357237));
#2487 = DIRECTION('',(4.175802390219E-02,0.,-0.999127753313));
#2488 = DIRECTION('',(-0.999127753313,0.,-4.175802390219E-02));
#2489 = PCURVE('',#315,#2490);
#2490 = DEFINITIONAL_REPRESENTATION('',(#2491),#2495);
#2491 = ELLIPSE('',#2492,2.50736720232,2.5);
#2492 = AXIS2_PLACEMENT_2D('',#2493,#2494);
#2493 = CARTESIAN_POINT('',(46.42308859333,7.914720463779));
#2494 = DIRECTION('',(1.,0.));
#2495 = ( GEOMETRIC_REPRESENTATION_CONTEXT(2) 
PARAMETRIC_REPRESENTATION_CONTEXT() REPRESENTATION_CONTEXT('2D SPACE',''
  ) );
#2496 = PCURVE('',#2497,#2502);
#2497 = CYLINDRICAL_SURFACE('',#2498,2.5);
#2498 = AXIS2_PLACEMENT_3D('',#2499,#2500,#2501);
#2499 = CARTESIAN_POINT('',(-48.25502516487,0.,64.336808889971));
#2500 = DIRECTION('',(-3.48994967025E-02,-0.,-0.999390827019));
#2501 = DIRECTION('',(-0.999390827019,0.,3.48994967025E-02));
#2502 = DEFINITIONAL_REPRESENTATION('',(#2503),#2527);
#2503 = B_SPLINE_CURVE_WITH_KNOTS('',8,(#2504,#2505,#2506,#2507,#2508,
    #2509,#2510,#2511,#2512,#2513,#2514,#2515,#2516,#2517,#2518,#2519,
    #2520,#2521,#2522,#2523,#2524,#2525,#2526),.UNSPECIFIED.,.F.,.F.,(9,
    7,7,9),(0.,1.570796326795,3.926990816987,6.28318530718),
  .UNSPECIFIED.);
#2504 = CARTESIAN_POINT('',(0.,63.831337300075));
#2505 = CARTESIAN_POINT('',(0.196349540849,63.831337300075));
#2506 = CARTESIAN_POINT('',(0.392699081699,63.822874475459));
#2507 = CARTESIAN_POINT('',(0.589048622548,63.805949849308));
#2508 = CARTESIAN_POINT('',(0.785398163398,63.781256349282));
#2509 = CARTESIAN_POINT('',(0.981747704247,63.750191461404));
#2510 = CARTESIAN_POINT('',(1.178097245096,63.714693826264));
#2511 = CARTESIAN_POINT('',(1.374446785946,63.676981406682));
#2512 = CARTESIAN_POINT('',(1.865320638069,63.582700029591));
#2513 = CARTESIAN_POINT('',(2.159844949341,63.52613099822));
#2514 = CARTESIAN_POINT('',(2.454369260616,63.477041093558));
#2515 = CARTESIAN_POINT('',(2.748893571882,63.442898784645));
#2516 = CARTESIAN_POINT('',(3.043417883166,63.429134018762));
#2517 = CARTESIAN_POINT('',(3.337942194438,63.436919731483));
#2518 = CARTESIAN_POINT('',(3.632466505713,63.463455755831));
#2519 = CARTESIAN_POINT('',(4.221515128261,63.543456157127));
#2520 = CARTESIAN_POINT('',(4.516039439536,63.596920824082));
#2521 = CARTESIAN_POINT('',(4.810563750794,63.658558720483));
#2522 = CARTESIAN_POINT('',(5.10508806209,63.720608002131));
#2523 = CARTESIAN_POINT('',(5.399612373341,63.774216630322));
#2524 = CARTESIAN_POINT('',(5.694136684632,63.812295874113));
#2525 = CARTESIAN_POINT('',(5.988660995906,63.831337300075));
#2526 = CARTESIAN_POINT('',(6.28318530718,63.831337300075));
#2527 = ( GEOMETRIC_REPRESENTATION_CONTEXT(2) 
PARAMETRIC_REPRESENTATION_CONTEXT() REPRESENTATION_CONTEXT('2D SPACE',''
  ) );
#2528 = ORIENTED_EDGE('',*,*,#2529,.F.);
#2529 = EDGE_CURVE('',#2383,#2481,#2530,.T.);
#2530 = SURFACE_CURVE('',#2531,(#2536,#2543),.PCURVE_S1.);
#2531 = ELLIPSE('',#2532,2.50736720232,2.5);
#2532 = AXIS2_PLACEMENT_3D('',#2533,#2534,#2535);
#2533 = CARTESIAN_POINT('',(-50.47600361845,0.,0.736307357237));
#2534 = DIRECTION('',(4.175802390219E-02,0.,-0.999127753313));
#2535 = DIRECTION('',(-0.999127753313,0.,-4.175802390219E-02));
#2536 = PCURVE('',#315,#2537);
#2537 = DEFINITIONAL_REPRESENTATION('',(#2538),#2542);
#2538 = ELLIPSE('',#2539,2.50736720232,2.5);
#2539 = AXIS2_PLACEMENT_2D('',#2540,#2541);
#2540 = CARTESIAN_POINT('',(46.42308859333,7.914720463779));
#2541 = DIRECTION('',(1.,0.));
#2542 = ( GEOMETRIC_REPRESENTATION_CONTEXT(2) 
PARAMETRIC_REPRESENTATION_CONTEXT() REPRESENTATION_CONTEXT('2D SPACE',''
  ) );
#2543 = PCURVE('',#2544,#2549);
#2544 = CYLINDRICAL_SURFACE('',#2545,2.5);
#2545 = AXIS2_PLACEMENT_3D('',#2546,#2547,#2548);
#2546 = CARTESIAN_POINT('',(-48.25502516487,0.,64.336808889971));
#2547 = DIRECTION('',(-3.48994967025E-02,-0.,-0.999390827019));
#2548 = DIRECTION('',(-0.999390827019,0.,3.48994967025E-02));
#2549 = DEFINITIONAL_REPRESENTATION('',(#2550),#2574);
#2550 = B_SPLINE_CURVE_WITH_KNOTS('',8,(#2551,#2552,#2553,#2554,#2555,
    #2556,#2557,#2558,#2559,#2560,#2561,#2562,#2563,#2564,#2565,#2566,
    #2567,#2568,#2569,#2570,#2571,#2572,#2573),.UNSPECIFIED.,.F.,.F.,(9,
    7,7,9),(0.,1.570796326795,3.926990816987,6.28318530718),
  .UNSPECIFIED.);
#2551 = CARTESIAN_POINT('',(0.,63.831337300075));
#2552 = CARTESIAN_POINT('',(0.196349540849,63.831337300075));
#2553 = CARTESIAN_POINT('',(0.392699081699,63.822874475459));
#2554 = CARTESIAN_POINT('',(0.589048622548,63.805949849308));
#2555 = CARTESIAN_POINT('',(0.785398163398,63.781256349282));
#2556 = CARTESIAN_POINT('',(0.981747704247,63.750191461404));
#2557 = CARTESIAN_POINT('',(1.178097245096,63.714693826264));
#2558 = CARTESIAN_POINT('',(1.374446785946,63.676981406682));
#2559 = CARTESIAN_POINT('',(1.865320638069,63.582700029591));
#2560 = CARTESIAN_POINT('',(2.159844949341,63.52613099822));
#2561 = CARTESIAN_POINT('',(2.454369260616,63.477041093558));
#2562 = CARTESIAN_POINT('',(2.748893571882,63.442898784645));
#2563 = CARTESIAN_POINT('',(3.043417883166,63.429134018762));
#2564 = CARTESIAN_POINT('',(3.337942194438,63.436919731483));
#2565 = CARTESIAN_POINT('',(3.632466505713,63.463455755831));
#2566 = CARTESIAN_POINT('',(4.221515128261,63.543456157127));
#2567 = CARTESIAN_POINT('',(4.516039439536,63.596920824082));
#2568 = CARTESIAN_POINT('',(4.810563750794,63.658558720483));
#2569 = CARTESIAN_POINT('',(5.10508806209,63.720608002131));
#2570 = CARTESIAN_POINT('',(5.399612373341,63.774216630322));
#2571 = CARTESIAN_POINT('',(5.694136684632,63.812295874113));
#2572 = CARTESIAN_POINT('',(5.988660995906,63.831337300075));
#2573 = CARTESIAN_POINT('',(6.28318530718,63.831337300075));
#2574 = ( GEOMETRIC_REPRESENTATION_CONTEXT(2) 
PARAMETRIC_REPRESENTATION_CONTEXT() REPRESENTATION_CONTEXT('2D SPACE',''
  ) );
#2575 = ADVANCED_FACE('',(#2576),#344,.T.);
#2576 = FACE_BOUND('',#2577,.T.);
#2577 = EDGE_LOOP('',(#2578,#2579,#2600,#2601));
#2578 = ORIENTED_EDGE('',*,*,#490,.T.);
#2579 = ORIENTED_EDGE('',*,*,#2580,.T.);
#2580 = EDGE_CURVE('',#466,#328,#2581,.T.);
#2581 = SURFACE_CURVE('',#2582,(#2586,#2593),.PCURVE_S1.);
#2582 = LINE('',#2583,#2584);
#2583 = CARTESIAN_POINT('',(-67.98825377473,3.5,14.995431202643));
#2584 = VECTOR('',#2585,1.);
#2585 = DIRECTION('',(0.,1.,0.));
#2586 = PCURVE('',#344,#2587);
#2587 = DEFINITIONAL_REPRESENTATION('',(#2588),#2592);
#2588 = LINE('',#2589,#2590);
#2589 = CARTESIAN_POINT('',(7.892320011114,-2.364134700522));
#2590 = VECTOR('',#2591,1.);
#2591 = DIRECTION('',(0.,1.));
#2592 = ( GEOMETRIC_REPRESENTATION_CONTEXT(2) 
PARAMETRIC_REPRESENTATION_CONTEXT() REPRESENTATION_CONTEXT('2D SPACE',''
  ) );
#2593 = PCURVE('',#394,#2594);
#2594 = DEFINITIONAL_REPRESENTATION('',(#2595),#2599);
#2595 = LINE('',#2596,#2597);
#2596 = CARTESIAN_POINT('',(-65.94033512835,11.416516751635));
#2597 = VECTOR('',#2598,1.);
#2598 = DIRECTION('',(0.,1.));
#2599 = ( GEOMETRIC_REPRESENTATION_CONTEXT(2) 
PARAMETRIC_REPRESENTATION_CONTEXT() REPRESENTATION_CONTEXT('2D SPACE',''
  ) );
#2600 = ORIENTED_EDGE('',*,*,#327,.F.);
#2601 = ORIENTED_EDGE('',*,*,#1067,.F.);
#2602 = ADVANCED_FACE('',(#2603,#2721,#2860,#2999,#3138,#3277,#3416,
    #3555),#394,.T.);
#2603 = FACE_BOUND('',#2604,.T.);
#2604 = EDGE_LOOP('',(#2605,#2606,#2629,#2652,#2675,#2698,#2719,#2720));
#2605 = ORIENTED_EDGE('',*,*,#465,.T.);
#2606 = ORIENTED_EDGE('',*,*,#2607,.T.);
#2607 = EDGE_CURVE('',#468,#2608,#2610,.T.);
#2608 = VERTEX_POINT('',#2609);
#2609 = CARTESIAN_POINT('',(-60.75,-3.5,14.742665811053));
#2610 = SURFACE_CURVE('',#2611,(#2615,#2622),.PCURVE_S1.);
#2611 = LINE('',#2612,#2613);
#2612 = CARTESIAN_POINT('',(-60.75,3.5,14.742665811053));
#2613 = VECTOR('',#2614,1.);
#2614 = DIRECTION('',(0.,-1.,0.));
#2615 = PCURVE('',#394,#2616);
#2616 = DEFINITIONAL_REPRESENTATION('',(#2617),#2621);
#2617 = LINE('',#2618,#2619);
#2618 = CARTESIAN_POINT('',(-58.6976693173,11.416516751635));
#2619 = VECTOR('',#2620,1.);
#2620 = DIRECTION('',(0.,-1.));
#2621 = ( GEOMETRIC_REPRESENTATION_CONTEXT(2) 
PARAMETRIC_REPRESENTATION_CONTEXT() REPRESENTATION_CONTEXT('2D SPACE',''
  ) );
#2622 = PCURVE('',#555,#2623);
#2623 = DEFINITIONAL_REPRESENTATION('',(#2624),#2628);
#2624 = LINE('',#2625,#2626);
#2625 = CARTESIAN_POINT('',(0.,3.5));
#2626 = VECTOR('',#2627,1.);
#2627 = DIRECTION('',(0.,-1.));
#2628 = ( GEOMETRIC_REPRESENTATION_CONTEXT(2) 
PARAMETRIC_REPRESENTATION_CONTEXT() REPRESENTATION_CONTEXT('2D SPACE',''
  ) );
#2629 = ORIENTED_EDGE('',*,*,#2630,.T.);
#2630 = EDGE_CURVE('',#2608,#2631,#2633,.T.);
#2631 = VERTEX_POINT('',#2632);
#2632 = CARTESIAN_POINT('',(-67.98825377473,-3.5,14.995431202643));
#2633 = SURFACE_CURVE('',#2634,(#2638,#2645),.PCURVE_S1.);
#2634 = LINE('',#2635,#2636);
#2635 = CARTESIAN_POINT('',(-60.75,-3.5,14.742665811053));
#2636 = VECTOR('',#2637,1.);
#2637 = DIRECTION('',(-0.999390827019,0.,3.489949670249E-02));
#2638 = PCURVE('',#394,#2639);
#2639 = DEFINITIONAL_REPRESENTATION('',(#2640),#2644);
#2640 = LINE('',#2641,#2642);
#2641 = CARTESIAN_POINT('',(-58.6976693173,4.416516751635));
#2642 = VECTOR('',#2643,1.);
#2643 = DIRECTION('',(-1.,0.));
#2644 = ( GEOMETRIC_REPRESENTATION_CONTEXT(2) 
PARAMETRIC_REPRESENTATION_CONTEXT() REPRESENTATION_CONTEXT('2D SPACE',''
  ) );
#2645 = PCURVE('',#1157,#2646);
#2646 = DEFINITIONAL_REPRESENTATION('',(#2647),#2651);
#2647 = LINE('',#2648,#2649);
#2648 = CARTESIAN_POINT('',(-0.408378009761,8.11264545731));
#2649 = VECTOR('',#2650,1.);
#2650 = DIRECTION('',(3.489949670249E-02,-0.999390827019));
#2651 = ( GEOMETRIC_REPRESENTATION_CONTEXT(2) 
PARAMETRIC_REPRESENTATION_CONTEXT() REPRESENTATION_CONTEXT('2D SPACE',''
  ) );
#2652 = ORIENTED_EDGE('',*,*,#2653,.F.);
#2653 = EDGE_CURVE('',#2654,#2631,#2656,.T.);
#2654 = VERTEX_POINT('',#2655);
#2655 = CARTESIAN_POINT('',(-67.98825377473,-7.916516751635,
    14.995431202643));
#2656 = SURFACE_CURVE('',#2657,(#2661,#2668),.PCURVE_S1.);
#2657 = LINE('',#2658,#2659);
#2658 = CARTESIAN_POINT('',(-67.98825377473,-7.916516751635,
    14.995431202643));
#2659 = VECTOR('',#2660,1.);
#2660 = DIRECTION('',(0.,1.,0.));
#2661 = PCURVE('',#394,#2662);
#2662 = DEFINITIONAL_REPRESENTATION('',(#2663),#2667);
#2663 = LINE('',#2664,#2665);
#2664 = CARTESIAN_POINT('',(-65.94033512835,0.));
#2665 = VECTOR('',#2666,1.);
#2666 = DIRECTION('',(0.,1.));
#2667 = ( GEOMETRIC_REPRESENTATION_CONTEXT(2) 
PARAMETRIC_REPRESENTATION_CONTEXT() REPRESENTATION_CONTEXT('2D SPACE',''
  ) );
#2668 = PCURVE('',#1129,#2669);
#2669 = DEFINITIONAL_REPRESENTATION('',(#2670),#2674);
#2670 = LINE('',#2671,#2672);
#2671 = CARTESIAN_POINT('',(7.892320011114,-2.052521990057));
#2672 = VECTOR('',#2673,1.);
#2673 = DIRECTION('',(0.,1.));
#2674 = ( GEOMETRIC_REPRESENTATION_CONTEXT(2) 
PARAMETRIC_REPRESENTATION_CONTEXT() REPRESENTATION_CONTEXT('2D SPACE',''
  ) );
#2675 = ORIENTED_EDGE('',*,*,#2676,.F.);
#2676 = EDGE_CURVE('',#2677,#2654,#2679,.T.);
#2677 = VERTEX_POINT('',#2678);
#2678 = CARTESIAN_POINT('',(63.812078340955,-3.313947734887,
    10.392862185895));
#2679 = SURFACE_CURVE('',#2680,(#2684,#2691),.PCURVE_S1.);
#2680 = LINE('',#2681,#2682);
#2681 = CARTESIAN_POINT('',(63.812078340955,-3.313947734887,
    10.392862185895));
#2682 = VECTOR('',#2683,1.);
#2683 = DIRECTION('',(-0.998782765959,-3.487826274236E-02,
    3.487826274236E-02));
#2684 = PCURVE('',#394,#2685);
#2685 = DEFINITIONAL_REPRESENTATION('',(#2686),#2690);
#2686 = LINE('',#2687,#2688);
#2687 = CARTESIAN_POINT('',(65.940335128355,4.602569016748));
#2688 = VECTOR('',#2689,1.);
#2689 = DIRECTION('',(-0.999391568299,-3.487826274236E-02));
#2690 = ( GEOMETRIC_REPRESENTATION_CONTEXT(2) 
PARAMETRIC_REPRESENTATION_CONTEXT() REPRESENTATION_CONTEXT('2D SPACE',''
  ) );
#2691 = PCURVE('',#614,#2692);
#2692 = DEFINITIONAL_REPRESENTATION('',(#2693),#2697);
#2693 = LINE('',#2694,#2695);
#2694 = CARTESIAN_POINT('',(-10.5725142939,65.938709280969));
#2695 = VECTOR('',#2696,1.);
#2696 = DIRECTION('',(-3.487826274236E-02,-0.999391568299));
#2697 = ( GEOMETRIC_REPRESENTATION_CONTEXT(2) 
PARAMETRIC_REPRESENTATION_CONTEXT() REPRESENTATION_CONTEXT('2D SPACE',''
  ) );
#2698 = ORIENTED_EDGE('',*,*,#2699,.T.);
#2699 = EDGE_CURVE('',#2677,#379,#2700,.T.);
#2700 = SURFACE_CURVE('',#2701,(#2705,#2712),.PCURVE_S1.);
#2701 = LINE('',#2702,#2703);
#2702 = CARTESIAN_POINT('',(63.812078340955,-3.313947734887,
    10.392862185895));
#2703 = VECTOR('',#2704,1.);
#2704 = DIRECTION('',(0.,1.,0.));
#2705 = PCURVE('',#394,#2706);
#2706 = DEFINITIONAL_REPRESENTATION('',(#2707),#2711);
#2707 = LINE('',#2708,#2709);
#2708 = CARTESIAN_POINT('',(65.940335128355,4.602569016748));
#2709 = VECTOR('',#2710,1.);
#2710 = DIRECTION('',(0.,1.));
#2711 = ( GEOMETRIC_REPRESENTATION_CONTEXT(2) 
PARAMETRIC_REPRESENTATION_CONTEXT() REPRESENTATION_CONTEXT('2D SPACE',''
  ) );
#2712 = PCURVE('',#425,#2713);
#2713 = DEFINITIONAL_REPRESENTATION('',(#2714),#2718);
#2714 = LINE('',#2715,#2716);
#2715 = CARTESIAN_POINT('',(1.699179893141,-3.313947734887));
#2716 = VECTOR('',#2717,1.);
#2717 = DIRECTION('',(0.,1.));
#2718 = ( GEOMETRIC_REPRESENTATION_CONTEXT(2) 
PARAMETRIC_REPRESENTATION_CONTEXT() REPRESENTATION_CONTEXT('2D SPACE',''
  ) );
#2719 = ORIENTED_EDGE('',*,*,#378,.F.);
#2720 = ORIENTED_EDGE('',*,*,#2580,.F.);
#2721 = FACE_BOUND('',#2722,.T.);
#2722 = EDGE_LOOP('',(#2723,#2769,#2813));
#2723 = ORIENTED_EDGE('',*,*,#2724,.F.);
#2724 = EDGE_CURVE('',#2725,#2727,#2729,.T.);
#2725 = VERTEX_POINT('',#2726);
#2726 = CARTESIAN_POINT('',(-47.5,-6.123233995737E-16,14.279965615287));
#2727 = VERTEX_POINT('',#2728);
#2728 = CARTESIAN_POINT('',(-49.99999997369,2.5,14.367267538098));
#2729 = SURFACE_CURVE('',#2730,(#2735,#2742),.PCURVE_S1.);
#2730 = ELLIPSE('',#2731,2.501523860747,2.5);
#2731 = AXIS2_PLACEMENT_3D('',#2732,#2733,#2734);
#2732 = CARTESIAN_POINT('',(-50.,0.,14.367267539017));
#2733 = DIRECTION('',(3.48994967025E-02,0.,0.999390827019));
#2734 = DIRECTION('',(-0.999390827019,0.,3.48994967025E-02));
#2735 = PCURVE('',#394,#2736);
#2736 = DEFINITIONAL_REPRESENTATION('',(#2737),#2741);
#2737 = ELLIPSE('',#2738,2.501523860747,2.5);
#2738 = AXIS2_PLACEMENT_2D('',#2739,#2740);
#2739 = CARTESIAN_POINT('',(-47.94111671609,7.916516751635));
#2740 = DIRECTION('',(-1.,0.));
#2741 = ( GEOMETRIC_REPRESENTATION_CONTEXT(2) 
PARAMETRIC_REPRESENTATION_CONTEXT() REPRESENTATION_CONTEXT('2D SPACE',''
  ) );
#2742 = PCURVE('',#2448,#2743);
#2743 = DEFINITIONAL_REPRESENTATION('',(#2744),#2768);
#2744 = B_SPLINE_CURVE_WITH_KNOTS('',8,(#2745,#2746,#2747,#2748,#2749,
    #2750,#2751,#2752,#2753,#2754,#2755,#2756,#2757,#2758,#2759,#2760,
    #2761,#2762,#2763,#2764,#2765,#2766,#2767),.UNSPECIFIED.,.F.,.F.,(9,
    7,7,9),(3.14159265359,4.712388980385,7.068583470577,9.424777960769),
  .UNSPECIFIED.);
#2745 = CARTESIAN_POINT('',(-8.881784197001E-16,19.279965615287));
#2746 = CARTESIAN_POINT('',(0.196349540849,19.279965615287));
#2747 = CARTESIAN_POINT('',(0.392699081699,19.283812269389));
#2748 = CARTESIAN_POINT('',(0.589048622548,19.291505112575));
#2749 = CARTESIAN_POINT('',(0.785398163398,19.30272918462));
#2750 = CARTESIAN_POINT('',(0.981747704247,19.316849278541));
#2751 = CARTESIAN_POINT('',(1.178097245096,19.3329842134));
#2752 = CARTESIAN_POINT('',(1.374446785946,19.350125846377));
#2753 = CARTESIAN_POINT('',(1.865320638069,19.392980077976));
#2754 = CARTESIAN_POINT('',(2.159844949345,19.418692710083));
#2755 = CARTESIAN_POINT('',(2.454369260603,19.441005814058));
#2756 = CARTESIAN_POINT('',(2.748893571878,19.456524704425));
#2757 = CARTESIAN_POINT('',(3.04341788314,19.462781279643));
#2758 = CARTESIAN_POINT('',(3.33794219444,19.459242396604));
#2759 = CARTESIAN_POINT('',(3.632466505713,19.447180831956));
#2760 = CARTESIAN_POINT('',(4.221515128261,19.410817810637));
#2761 = CARTESIAN_POINT('',(4.516039439535,19.386517086221));
#2762 = CARTESIAN_POINT('',(4.810563750809,19.358496337758));
#2763 = CARTESIAN_POINT('',(5.105088062085,19.330300832293));
#2764 = CARTESIAN_POINT('',(5.399612373359,19.305925725543));
#2765 = CARTESIAN_POINT('',(5.694136684631,19.288621476464));
#2766 = CARTESIAN_POINT('',(5.988660995906,19.279965615287));
#2767 = CARTESIAN_POINT('',(6.28318530718,19.279965615287));
#2768 = ( GEOMETRIC_REPRESENTATION_CONTEXT(2) 
PARAMETRIC_REPRESENTATION_CONTEXT() REPRESENTATION_CONTEXT('2D SPACE',''
  ) );
#2769 = ORIENTED_EDGE('',*,*,#2770,.F.);
#2770 = EDGE_CURVE('',#2771,#2725,#2773,.T.);
#2771 = VERTEX_POINT('',#2772);
#2772 = CARTESIAN_POINT('',(-50.00000002627,-2.5,14.367267539934));
#2773 = SURFACE_CURVE('',#2774,(#2779,#2786),.PCURVE_S1.);
#2774 = ELLIPSE('',#2775,2.501523860747,2.5);
#2775 = AXIS2_PLACEMENT_3D('',#2776,#2777,#2778);
#2776 = CARTESIAN_POINT('',(-50.,0.,14.367267539017));
#2777 = DIRECTION('',(3.48994967025E-02,0.,0.999390827019));
#2778 = DIRECTION('',(-0.999390827019,0.,3.48994967025E-02));
#2779 = PCURVE('',#394,#2780);
#2780 = DEFINITIONAL_REPRESENTATION('',(#2781),#2785);
#2781 = ELLIPSE('',#2782,2.501523860747,2.5);
#2782 = AXIS2_PLACEMENT_2D('',#2783,#2784);
#2783 = CARTESIAN_POINT('',(-47.94111671609,7.916516751635));
#2784 = DIRECTION('',(-1.,0.));
#2785 = ( GEOMETRIC_REPRESENTATION_CONTEXT(2) 
PARAMETRIC_REPRESENTATION_CONTEXT() REPRESENTATION_CONTEXT('2D SPACE',''
  ) );
#2786 = PCURVE('',#2399,#2787);
#2787 = DEFINITIONAL_REPRESENTATION('',(#2788),#2812);
#2788 = B_SPLINE_CURVE_WITH_KNOTS('',8,(#2789,#2790,#2791,#2792,#2793,
    #2794,#2795,#2796,#2797,#2798,#2799,#2800,#2801,#2802,#2803,#2804,
    #2805,#2806,#2807,#2808,#2809,#2810,#2811),.UNSPECIFIED.,.F.,.F.,(9,
    7,7,9),(3.14159265359,4.712388980385,7.068583470577,9.424777960769),
  .UNSPECIFIED.);
#2789 = CARTESIAN_POINT('',(-8.881784197001E-16,19.279965615287));
#2790 = CARTESIAN_POINT('',(0.196349540849,19.279965615287));
#2791 = CARTESIAN_POINT('',(0.392699081699,19.283812269389));
#2792 = CARTESIAN_POINT('',(0.589048622548,19.291505112575));
#2793 = CARTESIAN_POINT('',(0.785398163398,19.30272918462));
#2794 = CARTESIAN_POINT('',(0.981747704247,19.316849278541));
#2795 = CARTESIAN_POINT('',(1.178097245096,19.3329842134));
#2796 = CARTESIAN_POINT('',(1.374446785946,19.350125846377));
#2797 = CARTESIAN_POINT('',(1.865320638069,19.392980077976));
#2798 = CARTESIAN_POINT('',(2.159844949345,19.418692710083));
#2799 = CARTESIAN_POINT('',(2.454369260603,19.441005814058));
#2800 = CARTESIAN_POINT('',(2.748893571878,19.456524704425));
#2801 = CARTESIAN_POINT('',(3.04341788314,19.462781279643));
#2802 = CARTESIAN_POINT('',(3.33794219444,19.459242396604));
#2803 = CARTESIAN_POINT('',(3.632466505713,19.447180831956));
#2804 = CARTESIAN_POINT('',(4.221515128261,19.410817810637));
#2805 = CARTESIAN_POINT('',(4.516039439535,19.386517086221));
#2806 = CARTESIAN_POINT('',(4.810563750809,19.358496337758));
#2807 = CARTESIAN_POINT('',(5.105088062085,19.330300832293));
#2808 = CARTESIAN_POINT('',(5.399612373359,19.305925725543));
#2809 = CARTESIAN_POINT('',(5.694136684631,19.288621476464));
#2810 = CARTESIAN_POINT('',(5.988660995906,19.279965615287));
#2811 = CARTESIAN_POINT('',(6.28318530718,19.279965615287));
#2812 = ( GEOMETRIC_REPRESENTATION_CONTEXT(2) 
PARAMETRIC_REPRESENTATION_CONTEXT() REPRESENTATION_CONTEXT('2D SPACE',''
  ) );
#2813 = ORIENTED_EDGE('',*,*,#2814,.F.);
#2814 = EDGE_CURVE('',#2727,#2771,#2815,.T.);
#2815 = SURFACE_CURVE('',#2816,(#2821,#2828),.PCURVE_S1.);
#2816 = ELLIPSE('',#2817,2.501523860747,2.5);
#2817 = AXIS2_PLACEMENT_3D('',#2818,#2819,#2820);
#2818 = CARTESIAN_POINT('',(-50.,0.,14.367267539017));
#2819 = DIRECTION('',(3.48994967025E-02,0.,0.999390827019));
#2820 = DIRECTION('',(-0.999390827019,0.,3.48994967025E-02));
#2821 = PCURVE('',#394,#2822);
#2822 = DEFINITIONAL_REPRESENTATION('',(#2823),#2827);
#2823 = ELLIPSE('',#2824,2.501523860747,2.5);
#2824 = AXIS2_PLACEMENT_2D('',#2825,#2826);
#2825 = CARTESIAN_POINT('',(-47.94111671609,7.916516751635));
#2826 = DIRECTION('',(-1.,0.));
#2827 = ( GEOMETRIC_REPRESENTATION_CONTEXT(2) 
PARAMETRIC_REPRESENTATION_CONTEXT() REPRESENTATION_CONTEXT('2D SPACE',''
  ) );
#2828 = PCURVE('',#2829,#2834);
#2829 = CYLINDRICAL_SURFACE('',#2830,2.5);
#2830 = AXIS2_PLACEMENT_3D('',#2831,#2832,#2833);
#2831 = CARTESIAN_POINT('',(-50.,0.,-5.));
#2832 = DIRECTION('',(0.,0.,1.));
#2833 = DIRECTION('',(1.,0.,-0.));
#2834 = DEFINITIONAL_REPRESENTATION('',(#2835),#2859);
#2835 = B_SPLINE_CURVE_WITH_KNOTS('',8,(#2836,#2837,#2838,#2839,#2840,
    #2841,#2842,#2843,#2844,#2845,#2846,#2847,#2848,#2849,#2850,#2851,
    #2852,#2853,#2854,#2855,#2856,#2857,#2858),.UNSPECIFIED.,.F.,.F.,(9,
    7,7,9),(3.14159265359,4.712388980385,7.068583470577,9.424777960769),
  .UNSPECIFIED.);
#2836 = CARTESIAN_POINT('',(-8.881784197001E-16,19.279965615287));
#2837 = CARTESIAN_POINT('',(0.196349540849,19.279965615287));
#2838 = CARTESIAN_POINT('',(0.392699081699,19.283812269389));
#2839 = CARTESIAN_POINT('',(0.589048622548,19.291505112575));
#2840 = CARTESIAN_POINT('',(0.785398163398,19.30272918462));
#2841 = CARTESIAN_POINT('',(0.981747704247,19.316849278541));
#2842 = CARTESIAN_POINT('',(1.178097245096,19.3329842134));
#2843 = CARTESIAN_POINT('',(1.374446785946,19.350125846377));
#2844 = CARTESIAN_POINT('',(1.865320638069,19.392980077976));
#2845 = CARTESIAN_POINT('',(2.159844949345,19.418692710083));
#2846 = CARTESIAN_POINT('',(2.454369260603,19.441005814058));
#2847 = CARTESIAN_POINT('',(2.748893571878,19.456524704425));
#2848 = CARTESIAN_POINT('',(3.04341788314,19.462781279643));
#2849 = CARTESIAN_POINT('',(3.33794219444,19.459242396604));
#2850 = CARTESIAN_POINT('',(3.632466505713,19.447180831956));
#2851 = CARTESIAN_POINT('',(4.221515128261,19.410817810637));
#2852 = CARTESIAN_POINT('',(4.516039439535,19.386517086221));
#2853 = CARTESIAN_POINT('',(4.810563750809,19.358496337758));
#2854 = CARTESIAN_POINT('',(5.105088062085,19.330300832293));
#2855 = CARTESIAN_POINT('',(5.399612373359,19.305925725543));
#2856 = CARTESIAN_POINT('',(5.694136684631,19.288621476464));
#2857 = CARTESIAN_POINT('',(5.988660995906,19.279965615287));
#2858 = CARTESIAN_POINT('',(6.28318530718,19.279965615287));
#2859 = ( GEOMETRIC_REPRESENTATION_CONTEXT(2) 
PARAMETRIC_REPRESENTATION_CONTEXT() REPRESENTATION_CONTEXT('2D SPACE',''
  ) );
#2860 = FACE_BOUND('',#2861,.T.);
#2861 = EDGE_LOOP('',(#2862,#2908,#2952));
#2862 = ORIENTED_EDGE('',*,*,#2863,.F.);
#2863 = EDGE_CURVE('',#2864,#2866,#2868,.T.);
#2864 = VERTEX_POINT('',#2865);
#2865 = CARTESIAN_POINT('',(-32.17,-6.123233995737E-16,13.744630218979)
  );
#2866 = VERTEX_POINT('',#2867);
#2867 = CARTESIAN_POINT('',(-34.66999999999,2.5,13.831932142708));
#2868 = SURFACE_CURVE('',#2869,(#2874,#2881),.PCURVE_S1.);
#2869 = ELLIPSE('',#2870,2.501523860747,2.5);
#2870 = AXIS2_PLACEMENT_3D('',#2871,#2872,#2873);
#2871 = CARTESIAN_POINT('',(-34.67,0.,13.831932142708));
#2872 = DIRECTION('',(3.48994967025E-02,0.,0.999390827019));
#2873 = DIRECTION('',(-0.999390827019,0.,3.48994967025E-02));
#2874 = PCURVE('',#394,#2875);
#2875 = DEFINITIONAL_REPRESENTATION('',(#2876),#2880);
#2876 = ELLIPSE('',#2877,2.501523860747,2.5);
#2877 = AXIS2_PLACEMENT_2D('',#2878,#2879);
#2878 = CARTESIAN_POINT('',(-32.60177240198,7.916516751635));
#2879 = DIRECTION('',(-1.,0.));
#2880 = ( GEOMETRIC_REPRESENTATION_CONTEXT(2) 
PARAMETRIC_REPRESENTATION_CONTEXT() REPRESENTATION_CONTEXT('2D SPACE',''
  ) );
#2881 = PCURVE('',#2250,#2882);
#2882 = DEFINITIONAL_REPRESENTATION('',(#2883),#2907);
#2883 = B_SPLINE_CURVE_WITH_KNOTS('',8,(#2884,#2885,#2886,#2887,#2888,
    #2889,#2890,#2891,#2892,#2893,#2894,#2895,#2896,#2897,#2898,#2899,
    #2900,#2901,#2902,#2903,#2904,#2905,#2906),.UNSPECIFIED.,.F.,.F.,(9,
    7,7,9),(3.14159265359,4.712388980385,7.068583470577,9.424777960769),
  .UNSPECIFIED.);
#2884 = CARTESIAN_POINT('',(-8.881784197001E-16,18.744630218979));
#2885 = CARTESIAN_POINT('',(0.196349540849,18.744630218979));
#2886 = CARTESIAN_POINT('',(0.392699081699,18.74847687308));
#2887 = CARTESIAN_POINT('',(0.589048622548,18.756169716267));
#2888 = CARTESIAN_POINT('',(0.785398163398,18.767393788313));
#2889 = CARTESIAN_POINT('',(0.981747704247,18.781513882233));
#2890 = CARTESIAN_POINT('',(1.178097245096,18.797648817091));
#2891 = CARTESIAN_POINT('',(1.374446785946,18.814790450069));
#2892 = CARTESIAN_POINT('',(1.865320638069,18.857644681668));
#2893 = CARTESIAN_POINT('',(2.159844949345,18.883357313786));
#2894 = CARTESIAN_POINT('',(2.454369260603,18.905670417667));
#2895 = CARTESIAN_POINT('',(2.748893571878,18.921189308208));
#2896 = CARTESIAN_POINT('',(3.04341788314,18.927445883239));
#2897 = CARTESIAN_POINT('',(3.33794219444,18.923907000306));
#2898 = CARTESIAN_POINT('',(3.632466505713,18.911845435648));
#2899 = CARTESIAN_POINT('',(4.221515128261,18.875482414328));
#2900 = CARTESIAN_POINT('',(4.516039439535,18.851181689913));
#2901 = CARTESIAN_POINT('',(4.810563750809,18.823160941449));
#2902 = CARTESIAN_POINT('',(5.105088062085,18.794965435984));
#2903 = CARTESIAN_POINT('',(5.399612373359,18.770590329236));
#2904 = CARTESIAN_POINT('',(5.694136684631,18.753286080156));
#2905 = CARTESIAN_POINT('',(5.988660995906,18.744630218979));
#2906 = CARTESIAN_POINT('',(6.28318530718,18.744630218979));
#2907 = ( GEOMETRIC_REPRESENTATION_CONTEXT(2) 
PARAMETRIC_REPRESENTATION_CONTEXT() REPRESENTATION_CONTEXT('2D SPACE',''
  ) );
#2908 = ORIENTED_EDGE('',*,*,#2909,.F.);
#2909 = EDGE_CURVE('',#2910,#2864,#2912,.T.);
#2910 = VERTEX_POINT('',#2911);
#2911 = CARTESIAN_POINT('',(-34.66999999999,-2.5,13.831932142708));
#2912 = SURFACE_CURVE('',#2913,(#2918,#2925),.PCURVE_S1.);
#2913 = ELLIPSE('',#2914,2.501523860747,2.5);
#2914 = AXIS2_PLACEMENT_3D('',#2915,#2916,#2917);
#2915 = CARTESIAN_POINT('',(-34.67,0.,13.831932142708));
#2916 = DIRECTION('',(3.48994967025E-02,0.,0.999390827019));
#2917 = DIRECTION('',(-0.999390827019,0.,3.48994967025E-02));
#2918 = PCURVE('',#394,#2919);
#2919 = DEFINITIONAL_REPRESENTATION('',(#2920),#2924);
#2920 = ELLIPSE('',#2921,2.501523860747,2.5);
#2921 = AXIS2_PLACEMENT_2D('',#2922,#2923);
#2922 = CARTESIAN_POINT('',(-32.60177240198,7.916516751635));
#2923 = DIRECTION('',(-1.,0.));
#2924 = ( GEOMETRIC_REPRESENTATION_CONTEXT(2) 
PARAMETRIC_REPRESENTATION_CONTEXT() REPRESENTATION_CONTEXT('2D SPACE',''
  ) );
#2925 = PCURVE('',#2201,#2926);
#2926 = DEFINITIONAL_REPRESENTATION('',(#2927),#2951);
#2927 = B_SPLINE_CURVE_WITH_KNOTS('',8,(#2928,#2929,#2930,#2931,#2932,
    #2933,#2934,#2935,#2936,#2937,#2938,#2939,#2940,#2941,#2942,#2943,
    #2944,#2945,#2946,#2947,#2948,#2949,#2950),.UNSPECIFIED.,.F.,.F.,(9,
    7,7,9),(3.14159265359,4.712388980385,7.068583470577,9.424777960769),
  .UNSPECIFIED.);
#2928 = CARTESIAN_POINT('',(-8.881784197001E-16,18.744630218979));
#2929 = CARTESIAN_POINT('',(0.196349540849,18.744630218979));
#2930 = CARTESIAN_POINT('',(0.392699081699,18.74847687308));
#2931 = CARTESIAN_POINT('',(0.589048622548,18.756169716267));
#2932 = CARTESIAN_POINT('',(0.785398163398,18.767393788313));
#2933 = CARTESIAN_POINT('',(0.981747704247,18.781513882233));
#2934 = CARTESIAN_POINT('',(1.178097245096,18.797648817091));
#2935 = CARTESIAN_POINT('',(1.374446785946,18.814790450069));
#2936 = CARTESIAN_POINT('',(1.865320638069,18.857644681668));
#2937 = CARTESIAN_POINT('',(2.159844949345,18.883357313786));
#2938 = CARTESIAN_POINT('',(2.454369260603,18.905670417667));
#2939 = CARTESIAN_POINT('',(2.748893571878,18.921189308208));
#2940 = CARTESIAN_POINT('',(3.04341788314,18.927445883239));
#2941 = CARTESIAN_POINT('',(3.33794219444,18.923907000306));
#2942 = CARTESIAN_POINT('',(3.632466505713,18.911845435648));
#2943 = CARTESIAN_POINT('',(4.221515128261,18.875482414328));
#2944 = CARTESIAN_POINT('',(4.516039439535,18.851181689913));
#2945 = CARTESIAN_POINT('',(4.810563750809,18.823160941449));
#2946 = CARTESIAN_POINT('',(5.105088062085,18.794965435984));
#2947 = CARTESIAN_POINT('',(5.399612373359,18.770590329236));
#2948 = CARTESIAN_POINT('',(5.694136684631,18.753286080156));
#2949 = CARTESIAN_POINT('',(5.988660995906,18.744630218979));
#2950 = CARTESIAN_POINT('',(6.28318530718,18.744630218979));
#2951 = ( GEOMETRIC_REPRESENTATION_CONTEXT(2) 
PARAMETRIC_REPRESENTATION_CONTEXT() REPRESENTATION_CONTEXT('2D SPACE',''
  ) );
#2952 = ORIENTED_EDGE('',*,*,#2953,.F.);
#2953 = EDGE_CURVE('',#2866,#2910,#2954,.T.);
#2954 = SURFACE_CURVE('',#2955,(#2960,#2967),.PCURVE_S1.);
#2955 = ELLIPSE('',#2956,2.501523860747,2.5);
#2956 = AXIS2_PLACEMENT_3D('',#2957,#2958,#2959);
#2957 = CARTESIAN_POINT('',(-34.67,0.,13.831932142708));
#2958 = DIRECTION('',(3.48994967025E-02,0.,0.999390827019));
#2959 = DIRECTION('',(-0.999390827019,0.,3.48994967025E-02));
#2960 = PCURVE('',#394,#2961);
#2961 = DEFINITIONAL_REPRESENTATION('',(#2962),#2966);
#2962 = ELLIPSE('',#2963,2.501523860747,2.5);
#2963 = AXIS2_PLACEMENT_2D('',#2964,#2965);
#2964 = CARTESIAN_POINT('',(-32.60177240198,7.916516751635));
#2965 = DIRECTION('',(-1.,0.));
#2966 = ( GEOMETRIC_REPRESENTATION_CONTEXT(2) 
PARAMETRIC_REPRESENTATION_CONTEXT() REPRESENTATION_CONTEXT('2D SPACE',''
  ) );
#2967 = PCURVE('',#2968,#2973);
#2968 = CYLINDRICAL_SURFACE('',#2969,2.5);
#2969 = AXIS2_PLACEMENT_3D('',#2970,#2971,#2972);
#2970 = CARTESIAN_POINT('',(-34.67,0.,-5.));
#2971 = DIRECTION('',(0.,0.,1.));
#2972 = DIRECTION('',(1.,0.,-0.));
#2973 = DEFINITIONAL_REPRESENTATION('',(#2974),#2998);
#2974 = B_SPLINE_CURVE_WITH_KNOTS('',8,(#2975,#2976,#2977,#2978,#2979,
    #2980,#2981,#2982,#2983,#2984,#2985,#2986,#2987,#2988,#2989,#2990,
    #2991,#2992,#2993,#2994,#2995,#2996,#2997),.UNSPECIFIED.,.F.,.F.,(9,
    7,7,9),(3.14159265359,4.712388980385,7.068583470577,9.424777960769),
  .UNSPECIFIED.);
#2975 = CARTESIAN_POINT('',(-8.881784197001E-16,18.744630218979));
#2976 = CARTESIAN_POINT('',(0.196349540849,18.744630218979));
#2977 = CARTESIAN_POINT('',(0.392699081699,18.74847687308));
#2978 = CARTESIAN_POINT('',(0.589048622548,18.756169716267));
#2979 = CARTESIAN_POINT('',(0.785398163398,18.767393788313));
#2980 = CARTESIAN_POINT('',(0.981747704247,18.781513882233));
#2981 = CARTESIAN_POINT('',(1.178097245096,18.797648817091));
#2982 = CARTESIAN_POINT('',(1.374446785946,18.814790450069));
#2983 = CARTESIAN_POINT('',(1.865320638069,18.857644681668));
#2984 = CARTESIAN_POINT('',(2.159844949345,18.883357313786));
#2985 = CARTESIAN_POINT('',(2.454369260603,18.905670417667));
#2986 = CARTESIAN_POINT('',(2.748893571878,18.921189308208));
#2987 = CARTESIAN_POINT('',(3.04341788314,18.927445883239));
#2988 = CARTESIAN_POINT('',(3.33794219444,18.923907000306));
#2989 = CARTESIAN_POINT('',(3.632466505713,18.911845435648));
#2990 = CARTESIAN_POINT('',(4.221515128261,18.875482414328));
#2991 = CARTESIAN_POINT('',(4.516039439535,18.851181689913));
#2992 = CARTESIAN_POINT('',(4.810563750809,18.823160941449));
#2993 = CARTESIAN_POINT('',(5.105088062085,18.794965435984));
#2994 = CARTESIAN_POINT('',(5.399612373359,18.770590329236));
#2995 = CARTESIAN_POINT('',(5.694136684631,18.753286080156));
#2996 = CARTESIAN_POINT('',(5.988660995906,18.744630218979));
#2997 = CARTESIAN_POINT('',(6.28318530718,18.744630218979));
#2998 = ( GEOMETRIC_REPRESENTATION_CONTEXT(2) 
PARAMETRIC_REPRESENTATION_CONTEXT() REPRESENTATION_CONTEXT('2D SPACE',''
  ) );
#2999 = FACE_BOUND('',#3000,.T.);
#3000 = EDGE_LOOP('',(#3001,#3047,#3091));
#3001 = ORIENTED_EDGE('',*,*,#3002,.F.);
#3002 = EDGE_CURVE('',#3003,#3005,#3007,.T.);
#3003 = VERTEX_POINT('',#3004);
#3004 = CARTESIAN_POINT('',(-16.83,-6.123233995737E-16,13.208945614976)
  );
#3005 = VERTEX_POINT('',#3006);
#3006 = CARTESIAN_POINT('',(-19.33000001366,2.5,13.296247539182));
#3007 = SURFACE_CURVE('',#3008,(#3013,#3020),.PCURVE_S1.);
#3008 = ELLIPSE('',#3009,2.501523860747,2.5);
#3009 = AXIS2_PLACEMENT_3D('',#3010,#3011,#3012);
#3010 = CARTESIAN_POINT('',(-19.33,0.,13.296247538705));
#3011 = DIRECTION('',(3.48994967025E-02,0.,0.999390827019));
#3012 = DIRECTION('',(-0.999390827019,0.,3.48994967025E-02));
#3013 = PCURVE('',#394,#3014);
#3014 = DEFINITIONAL_REPRESENTATION('',(#3015),#3019);
#3015 = ELLIPSE('',#3016,2.501523860747,2.5);
#3016 = AXIS2_PLACEMENT_2D('',#3017,#3018);
#3017 = CARTESIAN_POINT('',(-17.25242199244,7.916516751635));
#3018 = DIRECTION('',(-1.,0.));
#3019 = ( GEOMETRIC_REPRESENTATION_CONTEXT(2) 
PARAMETRIC_REPRESENTATION_CONTEXT() REPRESENTATION_CONTEXT('2D SPACE',''
  ) );
#3020 = PCURVE('',#2052,#3021);
#3021 = DEFINITIONAL_REPRESENTATION('',(#3022),#3046);
#3022 = B_SPLINE_CURVE_WITH_KNOTS('',8,(#3023,#3024,#3025,#3026,#3027,
    #3028,#3029,#3030,#3031,#3032,#3033,#3034,#3035,#3036,#3037,#3038,
    #3039,#3040,#3041,#3042,#3043,#3044,#3045),.UNSPECIFIED.,.F.,.F.,(9,
    7,7,9),(3.14159265359,4.712388980385,7.068583470577,9.424777960769),
  .UNSPECIFIED.);
#3023 = CARTESIAN_POINT('',(-8.881784197001E-16,18.208945614976));
#3024 = CARTESIAN_POINT('',(0.196349540849,18.208945614976));
#3025 = CARTESIAN_POINT('',(0.392699081699,18.212792269077));
#3026 = CARTESIAN_POINT('',(0.589048622548,18.220485112262));
#3027 = CARTESIAN_POINT('',(0.785398163398,18.231709184308));
#3028 = CARTESIAN_POINT('',(0.981747704248,18.245829278229));
#3029 = CARTESIAN_POINT('',(1.178097245096,18.261964213087));
#3030 = CARTESIAN_POINT('',(1.374446785946,18.279105846065));
#3031 = CARTESIAN_POINT('',(1.865320638069,18.321960077664));
#3032 = CARTESIAN_POINT('',(2.159844949346,18.347672709768));
#3033 = CARTESIAN_POINT('',(2.454369260587,18.369985813742));
#3034 = CARTESIAN_POINT('',(2.748893571905,18.3855047041));
#3035 = CARTESIAN_POINT('',(3.043417883135,18.391761279315));
#3036 = CARTESIAN_POINT('',(3.337942194442,18.388222396286));
#3037 = CARTESIAN_POINT('',(3.632466505713,18.376160831644));
#3038 = CARTESIAN_POINT('',(4.221515128261,18.339797810325));
#3039 = CARTESIAN_POINT('',(4.516039439536,18.315497085909));
#3040 = CARTESIAN_POINT('',(4.810563750807,18.287476337444));
#3041 = CARTESIAN_POINT('',(5.105088062083,18.25928083198));
#3042 = CARTESIAN_POINT('',(5.399612373359,18.234905725233));
#3043 = CARTESIAN_POINT('',(5.694136684631,18.217601476152));
#3044 = CARTESIAN_POINT('',(5.988660995906,18.208945614976));
#3045 = CARTESIAN_POINT('',(6.28318530718,18.208945614976));
#3046 = ( GEOMETRIC_REPRESENTATION_CONTEXT(2) 
PARAMETRIC_REPRESENTATION_CONTEXT() REPRESENTATION_CONTEXT('2D SPACE',''
  ) );
#3047 = ORIENTED_EDGE('',*,*,#3048,.F.);
#3048 = EDGE_CURVE('',#3049,#3003,#3051,.T.);
#3049 = VERTEX_POINT('',#3050);
#3050 = CARTESIAN_POINT('',(-19.33000113285,-2.5,13.296247578265));
#3051 = SURFACE_CURVE('',#3052,(#3057,#3064),.PCURVE_S1.);
#3052 = ELLIPSE('',#3053,2.501523860747,2.5);
#3053 = AXIS2_PLACEMENT_3D('',#3054,#3055,#3056);
#3054 = CARTESIAN_POINT('',(-19.33,0.,13.296247538705));
#3055 = DIRECTION('',(3.48994967025E-02,0.,0.999390827019));
#3056 = DIRECTION('',(-0.999390827019,0.,3.48994967025E-02));
#3057 = PCURVE('',#394,#3058);
#3058 = DEFINITIONAL_REPRESENTATION('',(#3059),#3063);
#3059 = ELLIPSE('',#3060,2.501523860747,2.5);
#3060 = AXIS2_PLACEMENT_2D('',#3061,#3062);
#3061 = CARTESIAN_POINT('',(-17.25242199244,7.916516751635));
#3062 = DIRECTION('',(-1.,0.));
#3063 = ( GEOMETRIC_REPRESENTATION_CONTEXT(2) 
PARAMETRIC_REPRESENTATION_CONTEXT() REPRESENTATION_CONTEXT('2D SPACE',''
  ) );
#3064 = PCURVE('',#2003,#3065);
#3065 = DEFINITIONAL_REPRESENTATION('',(#3066),#3090);
#3066 = B_SPLINE_CURVE_WITH_KNOTS('',8,(#3067,#3068,#3069,#3070,#3071,
    #3072,#3073,#3074,#3075,#3076,#3077,#3078,#3079,#3080,#3081,#3082,
    #3083,#3084,#3085,#3086,#3087,#3088,#3089),.UNSPECIFIED.,.F.,.F.,(9,
    7,7,9),(3.14159265359,4.712388980385,7.068583470577,9.424777960769),
  .UNSPECIFIED.);
#3067 = CARTESIAN_POINT('',(-8.881784197001E-16,18.208945614976));
#3068 = CARTESIAN_POINT('',(0.196349540849,18.208945614976));
#3069 = CARTESIAN_POINT('',(0.392699081699,18.212792269077));
#3070 = CARTESIAN_POINT('',(0.589048622548,18.220485112262));
#3071 = CARTESIAN_POINT('',(0.785398163398,18.231709184308));
#3072 = CARTESIAN_POINT('',(0.981747704248,18.245829278229));
#3073 = CARTESIAN_POINT('',(1.178097245096,18.261964213087));
#3074 = CARTESIAN_POINT('',(1.374446785946,18.279105846065));
#3075 = CARTESIAN_POINT('',(1.865320638069,18.321960077664));
#3076 = CARTESIAN_POINT('',(2.159844949346,18.347672709768));
#3077 = CARTESIAN_POINT('',(2.454369260587,18.369985813742));
#3078 = CARTESIAN_POINT('',(2.748893571905,18.3855047041));
#3079 = CARTESIAN_POINT('',(3.043417883135,18.391761279315));
#3080 = CARTESIAN_POINT('',(3.337942194442,18.388222396286));
#3081 = CARTESIAN_POINT('',(3.632466505713,18.376160831644));
#3082 = CARTESIAN_POINT('',(4.221515128261,18.339797810325));
#3083 = CARTESIAN_POINT('',(4.516039439536,18.315497085909));
#3084 = CARTESIAN_POINT('',(4.810563750807,18.287476337444));
#3085 = CARTESIAN_POINT('',(5.105088062083,18.25928083198));
#3086 = CARTESIAN_POINT('',(5.399612373359,18.234905725233));
#3087 = CARTESIAN_POINT('',(5.694136684631,18.217601476152));
#3088 = CARTESIAN_POINT('',(5.988660995906,18.208945614976));
#3089 = CARTESIAN_POINT('',(6.28318530718,18.208945614976));
#3090 = ( GEOMETRIC_REPRESENTATION_CONTEXT(2) 
PARAMETRIC_REPRESENTATION_CONTEXT() REPRESENTATION_CONTEXT('2D SPACE',''
  ) );
#3091 = ORIENTED_EDGE('',*,*,#3092,.F.);
#3092 = EDGE_CURVE('',#3005,#3049,#3093,.T.);
#3093 = SURFACE_CURVE('',#3094,(#3099,#3106),.PCURVE_S1.);
#3094 = ELLIPSE('',#3095,2.501523860747,2.5);
#3095 = AXIS2_PLACEMENT_3D('',#3096,#3097,#3098);
#3096 = CARTESIAN_POINT('',(-19.33,0.,13.296247538705));
#3097 = DIRECTION('',(3.48994967025E-02,0.,0.999390827019));
#3098 = DIRECTION('',(-0.999390827019,0.,3.48994967025E-02));
#3099 = PCURVE('',#394,#3100);
#3100 = DEFINITIONAL_REPRESENTATION('',(#3101),#3105);
#3101 = ELLIPSE('',#3102,2.501523860747,2.5);
#3102 = AXIS2_PLACEMENT_2D('',#3103,#3104);
#3103 = CARTESIAN_POINT('',(-17.25242199244,7.916516751635));
#3104 = DIRECTION('',(-1.,0.));
#3105 = ( GEOMETRIC_REPRESENTATION_CONTEXT(2) 
PARAMETRIC_REPRESENTATION_CONTEXT() REPRESENTATION_CONTEXT('2D SPACE',''
  ) );
#3106 = PCURVE('',#3107,#3112);
#3107 = CYLINDRICAL_SURFACE('',#3108,2.5);
#3108 = AXIS2_PLACEMENT_3D('',#3109,#3110,#3111);
#3109 = CARTESIAN_POINT('',(-19.33,0.,-5.));
#3110 = DIRECTION('',(0.,0.,1.));
#3111 = DIRECTION('',(1.,0.,-0.));
#3112 = DEFINITIONAL_REPRESENTATION('',(#3113),#3137);
#3113 = B_SPLINE_CURVE_WITH_KNOTS('',8,(#3114,#3115,#3116,#3117,#3118,
    #3119,#3120,#3121,#3122,#3123,#3124,#3125,#3126,#3127,#3128,#3129,
    #3130,#3131,#3132,#3133,#3134,#3135,#3136),.UNSPECIFIED.,.F.,.F.,(9,
    7,7,9),(3.14159265359,4.712388980385,7.068583470577,9.424777960769),
  .UNSPECIFIED.);
#3114 = CARTESIAN_POINT('',(-8.881784197001E-16,18.208945614976));
#3115 = CARTESIAN_POINT('',(0.196349540849,18.208945614976));
#3116 = CARTESIAN_POINT('',(0.392699081699,18.212792269077));
#3117 = CARTESIAN_POINT('',(0.589048622548,18.220485112262));
#3118 = CARTESIAN_POINT('',(0.785398163398,18.231709184308));
#3119 = CARTESIAN_POINT('',(0.981747704248,18.245829278229));
#3120 = CARTESIAN_POINT('',(1.178097245096,18.261964213087));
#3121 = CARTESIAN_POINT('',(1.374446785946,18.279105846065));
#3122 = CARTESIAN_POINT('',(1.865320638069,18.321960077664));
#3123 = CARTESIAN_POINT('',(2.159844949346,18.347672709768));
#3124 = CARTESIAN_POINT('',(2.454369260587,18.369985813742));
#3125 = CARTESIAN_POINT('',(2.748893571905,18.3855047041));
#3126 = CARTESIAN_POINT('',(3.043417883135,18.391761279315));
#3127 = CARTESIAN_POINT('',(3.337942194442,18.388222396286));
#3128 = CARTESIAN_POINT('',(3.632466505713,18.376160831644));
#3129 = CARTESIAN_POINT('',(4.221515128261,18.339797810325));
#3130 = CARTESIAN_POINT('',(4.516039439536,18.315497085909));
#3131 = CARTESIAN_POINT('',(4.810563750807,18.287476337444));
#3132 = CARTESIAN_POINT('',(5.105088062083,18.25928083198));
#3133 = CARTESIAN_POINT('',(5.399612373359,18.234905725233));
#3134 = CARTESIAN_POINT('',(5.694136684631,18.217601476152));
#3135 = CARTESIAN_POINT('',(5.988660995906,18.208945614976));
#3136 = CARTESIAN_POINT('',(6.28318530718,18.208945614976));
#3137 = ( GEOMETRIC_REPRESENTATION_CONTEXT(2) 
PARAMETRIC_REPRESENTATION_CONTEXT() REPRESENTATION_CONTEXT('2D SPACE',''
  ) );
#3138 = FACE_BOUND('',#3139,.T.);
#3139 = EDGE_LOOP('',(#3140,#3186,#3230));
#3140 = ORIENTED_EDGE('',*,*,#3141,.F.);
#3141 = EDGE_CURVE('',#3142,#3144,#3146,.T.);
#3142 = VERTEX_POINT('',#3143);
#3143 = CARTESIAN_POINT('',(-1.5,-6.123233995737E-16,12.673610218667));
#3144 = VERTEX_POINT('',#3145);
#3145 = CARTESIAN_POINT('',(-4.000000017096,2.5,12.760912142993));
#3146 = SURFACE_CURVE('',#3147,(#3152,#3159),.PCURVE_S1.);
#3147 = ELLIPSE('',#3148,2.501523860747,2.5);
#3148 = AXIS2_PLACEMENT_3D('',#3149,#3150,#3151);
#3149 = CARTESIAN_POINT('',(-4.,0.,12.760912142396));
#3150 = DIRECTION('',(3.48994967025E-02,0.,0.999390827019));
#3151 = DIRECTION('',(-0.999390827019,0.,3.48994967025E-02));
#3152 = PCURVE('',#394,#3153);
#3153 = DEFINITIONAL_REPRESENTATION('',(#3154),#3158);
#3154 = ELLIPSE('',#3155,2.501523860747,2.5);
#3155 = AXIS2_PLACEMENT_2D('',#3156,#3157);
#3156 = CARTESIAN_POINT('',(-1.913077678344,7.916516751635));
#3157 = DIRECTION('',(-1.,0.));
#3158 = ( GEOMETRIC_REPRESENTATION_CONTEXT(2) 
PARAMETRIC_REPRESENTATION_CONTEXT() REPRESENTATION_CONTEXT('2D SPACE',''
  ) );
#3159 = PCURVE('',#1854,#3160);
#3160 = DEFINITIONAL_REPRESENTATION('',(#3161),#3185);
#3161 = B_SPLINE_CURVE_WITH_KNOTS('',8,(#3162,#3163,#3164,#3165,#3166,
    #3167,#3168,#3169,#3170,#3171,#3172,#3173,#3174,#3175,#3176,#3177,
    #3178,#3179,#3180,#3181,#3182,#3183,#3184),.UNSPECIFIED.,.F.,.F.,(9,
    7,7,9),(3.14159265359,4.712388980385,7.068583470577,9.424777960769),
  .UNSPECIFIED.);
#3162 = CARTESIAN_POINT('',(-8.881784197001E-16,17.673610218667));
#3163 = CARTESIAN_POINT('',(0.196349540849,17.673610218667));
#3164 = CARTESIAN_POINT('',(0.392699081699,17.677456872766));
#3165 = CARTESIAN_POINT('',(0.589048622548,17.685149715959));
#3166 = CARTESIAN_POINT('',(0.785398163398,17.696373787999));
#3167 = CARTESIAN_POINT('',(0.981747704248,17.710493881916));
#3168 = CARTESIAN_POINT('',(1.178097245096,17.726628816781));
#3169 = CARTESIAN_POINT('',(1.374446785946,17.743770449757));
#3170 = CARTESIAN_POINT('',(1.865320638069,17.786624681356));
#3171 = CARTESIAN_POINT('',(2.159844949345,17.812337313484));
#3172 = CARTESIAN_POINT('',(2.454369260603,17.834650417333));
#3173 = CARTESIAN_POINT('',(2.748893571878,17.850169308011));
#3174 = CARTESIAN_POINT('',(3.04341788314,17.856425882895));
#3175 = CARTESIAN_POINT('',(3.33794219444,17.852887000006));
#3176 = CARTESIAN_POINT('',(3.632466505713,17.840825435336));
#3177 = CARTESIAN_POINT('',(4.221515128261,17.804462414016));
#3178 = CARTESIAN_POINT('',(4.516039439536,17.780161689602));
#3179 = CARTESIAN_POINT('',(4.810563750807,17.752140941136));
#3180 = CARTESIAN_POINT('',(5.105088062083,17.723945435673));
#3181 = CARTESIAN_POINT('',(5.399612373359,17.699570328925));
#3182 = CARTESIAN_POINT('',(5.694136684631,17.682266079843));
#3183 = CARTESIAN_POINT('',(5.988660995906,17.673610218667));
#3184 = CARTESIAN_POINT('',(6.28318530718,17.673610218667));
#3185 = ( GEOMETRIC_REPRESENTATION_CONTEXT(2) 
PARAMETRIC_REPRESENTATION_CONTEXT() REPRESENTATION_CONTEXT('2D SPACE',''
  ) );
#3186 = ORIENTED_EDGE('',*,*,#3187,.F.);
#3187 = EDGE_CURVE('',#3188,#3142,#3190,.T.);
#3188 = VERTEX_POINT('',#3189);
#3189 = CARTESIAN_POINT('',(-4.000000970837,-2.5,12.760912176298));
#3190 = SURFACE_CURVE('',#3191,(#3196,#3203),.PCURVE_S1.);
#3191 = ELLIPSE('',#3192,2.501523860747,2.5);
#3192 = AXIS2_PLACEMENT_3D('',#3193,#3194,#3195);
#3193 = CARTESIAN_POINT('',(-4.,0.,12.760912142396));
#3194 = DIRECTION('',(3.48994967025E-02,0.,0.999390827019));
#3195 = DIRECTION('',(-0.999390827019,0.,3.48994967025E-02));
#3196 = PCURVE('',#394,#3197);
#3197 = DEFINITIONAL_REPRESENTATION('',(#3198),#3202);
#3198 = ELLIPSE('',#3199,2.501523860747,2.5);
#3199 = AXIS2_PLACEMENT_2D('',#3200,#3201);
#3200 = CARTESIAN_POINT('',(-1.913077678344,7.916516751635));
#3201 = DIRECTION('',(-1.,0.));
#3202 = ( GEOMETRIC_REPRESENTATION_CONTEXT(2) 
PARAMETRIC_REPRESENTATION_CONTEXT() REPRESENTATION_CONTEXT('2D SPACE',''
  ) );
#3203 = PCURVE('',#1805,#3204);
#3204 = DEFINITIONAL_REPRESENTATION('',(#3205),#3229);
#3205 = B_SPLINE_CURVE_WITH_KNOTS('',8,(#3206,#3207,#3208,#3209,#3210,
    #3211,#3212,#3213,#3214,#3215,#3216,#3217,#3218,#3219,#3220,#3221,
    #3222,#3223,#3224,#3225,#3226,#3227,#3228),.UNSPECIFIED.,.F.,.F.,(9,
    7,7,9),(3.14159265359,4.712388980385,7.068583470577,9.424777960769),
  .UNSPECIFIED.);
#3206 = CARTESIAN_POINT('',(-8.881784197001E-16,17.673610218667));
#3207 = CARTESIAN_POINT('',(0.196349540849,17.673610218667));
#3208 = CARTESIAN_POINT('',(0.392699081699,17.677456872766));
#3209 = CARTESIAN_POINT('',(0.589048622548,17.685149715959));
#3210 = CARTESIAN_POINT('',(0.785398163398,17.696373787999));
#3211 = CARTESIAN_POINT('',(0.981747704248,17.710493881916));
#3212 = CARTESIAN_POINT('',(1.178097245096,17.726628816781));
#3213 = CARTESIAN_POINT('',(1.374446785946,17.743770449757));
#3214 = CARTESIAN_POINT('',(1.865320638069,17.786624681356));
#3215 = CARTESIAN_POINT('',(2.159844949345,17.812337313484));
#3216 = CARTESIAN_POINT('',(2.454369260603,17.834650417333));
#3217 = CARTESIAN_POINT('',(2.748893571878,17.850169308011));
#3218 = CARTESIAN_POINT('',(3.04341788314,17.856425882895));
#3219 = CARTESIAN_POINT('',(3.33794219444,17.852887000006));
#3220 = CARTESIAN_POINT('',(3.632466505713,17.840825435336));
#3221 = CARTESIAN_POINT('',(4.221515128261,17.804462414016));
#3222 = CARTESIAN_POINT('',(4.516039439536,17.780161689602));
#3223 = CARTESIAN_POINT('',(4.810563750807,17.752140941136));
#3224 = CARTESIAN_POINT('',(5.105088062083,17.723945435673));
#3225 = CARTESIAN_POINT('',(5.399612373359,17.699570328925));
#3226 = CARTESIAN_POINT('',(5.694136684631,17.682266079843));
#3227 = CARTESIAN_POINT('',(5.988660995906,17.673610218667));
#3228 = CARTESIAN_POINT('',(6.28318530718,17.673610218667));
#3229 = ( GEOMETRIC_REPRESENTATION_CONTEXT(2) 
PARAMETRIC_REPRESENTATION_CONTEXT() REPRESENTATION_CONTEXT('2D SPACE',''
  ) );
#3230 = ORIENTED_EDGE('',*,*,#3231,.F.);
#3231 = EDGE_CURVE('',#3144,#3188,#3232,.T.);
#3232 = SURFACE_CURVE('',#3233,(#3238,#3245),.PCURVE_S1.);
#3233 = ELLIPSE('',#3234,2.501523860747,2.5);
#3234 = AXIS2_PLACEMENT_3D('',#3235,#3236,#3237);
#3235 = CARTESIAN_POINT('',(-4.,0.,12.760912142396));
#3236 = DIRECTION('',(3.48994967025E-02,0.,0.999390827019));
#3237 = DIRECTION('',(-0.999390827019,0.,3.48994967025E-02));
#3238 = PCURVE('',#394,#3239);
#3239 = DEFINITIONAL_REPRESENTATION('',(#3240),#3244);
#3240 = ELLIPSE('',#3241,2.501523860747,2.5);
#3241 = AXIS2_PLACEMENT_2D('',#3242,#3243);
#3242 = CARTESIAN_POINT('',(-1.913077678344,7.916516751635));
#3243 = DIRECTION('',(-1.,0.));
#3244 = ( GEOMETRIC_REPRESENTATION_CONTEXT(2) 
PARAMETRIC_REPRESENTATION_CONTEXT() REPRESENTATION_CONTEXT('2D SPACE',''
  ) );
#3245 = PCURVE('',#3246,#3251);
#3246 = CYLINDRICAL_SURFACE('',#3247,2.5);
#3247 = AXIS2_PLACEMENT_3D('',#3248,#3249,#3250);
#3248 = CARTESIAN_POINT('',(-4.,0.,-5.));
#3249 = DIRECTION('',(0.,0.,1.));
#3250 = DIRECTION('',(1.,0.,-0.));
#3251 = DEFINITIONAL_REPRESENTATION('',(#3252),#3276);
#3252 = B_SPLINE_CURVE_WITH_KNOTS('',8,(#3253,#3254,#3255,#3256,#3257,
    #3258,#3259,#3260,#3261,#3262,#3263,#3264,#3265,#3266,#3267,#3268,
    #3269,#3270,#3271,#3272,#3273,#3274,#3275),.UNSPECIFIED.,.F.,.F.,(9,
    7,7,9),(3.14159265359,4.712388980385,7.068583470577,9.424777960769),
  .UNSPECIFIED.);
#3253 = CARTESIAN_POINT('',(-8.881784197001E-16,17.673610218667));
#3254 = CARTESIAN_POINT('',(0.196349540849,17.673610218667));
#3255 = CARTESIAN_POINT('',(0.392699081699,17.677456872766));
#3256 = CARTESIAN_POINT('',(0.589048622548,17.685149715959));
#3257 = CARTESIAN_POINT('',(0.785398163398,17.696373787999));
#3258 = CARTESIAN_POINT('',(0.981747704248,17.710493881916));
#3259 = CARTESIAN_POINT('',(1.178097245096,17.726628816781));
#3260 = CARTESIAN_POINT('',(1.374446785946,17.743770449757));
#3261 = CARTESIAN_POINT('',(1.865320638069,17.786624681356));
#3262 = CARTESIAN_POINT('',(2.159844949345,17.812337313484));
#3263 = CARTESIAN_POINT('',(2.454369260603,17.834650417333));
#3264 = CARTESIAN_POINT('',(2.748893571878,17.850169308011));
#3265 = CARTESIAN_POINT('',(3.04341788314,17.856425882895));
#3266 = CARTESIAN_POINT('',(3.33794219444,17.852887000006));
#3267 = CARTESIAN_POINT('',(3.632466505713,17.840825435336));
#3268 = CARTESIAN_POINT('',(4.221515128261,17.804462414016));
#3269 = CARTESIAN_POINT('',(4.516039439536,17.780161689602));
#3270 = CARTESIAN_POINT('',(4.810563750807,17.752140941136));
#3271 = CARTESIAN_POINT('',(5.105088062083,17.723945435673));
#3272 = CARTESIAN_POINT('',(5.399612373359,17.699570328925));
#3273 = CARTESIAN_POINT('',(5.694136684631,17.682266079843));
#3274 = CARTESIAN_POINT('',(5.988660995906,17.673610218667));
#3275 = CARTESIAN_POINT('',(6.28318530718,17.673610218667));
#3276 = ( GEOMETRIC_REPRESENTATION_CONTEXT(2) 
PARAMETRIC_REPRESENTATION_CONTEXT() REPRESENTATION_CONTEXT('2D SPACE',''
  ) );
#3277 = FACE_BOUND('',#3278,.T.);
#3278 = EDGE_LOOP('',(#3279,#3325,#3369));
#3279 = ORIENTED_EDGE('',*,*,#3280,.F.);
#3280 = EDGE_CURVE('',#3281,#3283,#3285,.T.);
#3281 = VERTEX_POINT('',#3282);
#3282 = CARTESIAN_POINT('',(13.83,-6.123233995737E-16,12.138274822359));
#3283 = VERTEX_POINT('',#3284);
#3284 = CARTESIAN_POINT('',(11.329999977794,2.5,12.225576746863));
#3285 = SURFACE_CURVE('',#3286,(#3291,#3298),.PCURVE_S1.);
#3286 = ELLIPSE('',#3287,2.501523860747,2.5);
#3287 = AXIS2_PLACEMENT_3D('',#3288,#3289,#3290);
#3288 = CARTESIAN_POINT('',(11.33,0.,12.225576746088));
#3289 = DIRECTION('',(3.48994967025E-02,0.,0.999390827019));
#3290 = DIRECTION('',(-0.999390827019,0.,3.48994967025E-02));
#3291 = PCURVE('',#394,#3292);
#3292 = DEFINITIONAL_REPRESENTATION('',(#3293),#3297);
#3293 = ELLIPSE('',#3294,2.501523860747,2.5);
#3294 = AXIS2_PLACEMENT_2D('',#3295,#3296);
#3295 = CARTESIAN_POINT('',(13.426266635757,7.916516751635));
#3296 = DIRECTION('',(-1.,0.));
#3297 = ( GEOMETRIC_REPRESENTATION_CONTEXT(2) 
PARAMETRIC_REPRESENTATION_CONTEXT() REPRESENTATION_CONTEXT('2D SPACE',''
  ) );
#3298 = PCURVE('',#1656,#3299);
#3299 = DEFINITIONAL_REPRESENTATION('',(#3300),#3324);
#3300 = B_SPLINE_CURVE_WITH_KNOTS('',8,(#3301,#3302,#3303,#3304,#3305,
    #3306,#3307,#3308,#3309,#3310,#3311,#3312,#3313,#3314,#3315,#3316,
    #3317,#3318,#3319,#3320,#3321,#3322,#3323),.UNSPECIFIED.,.F.,.F.,(9,
    7,7,9),(3.14159265359,4.712388980385,7.068583470577,9.424777960769),
  .UNSPECIFIED.);
#3301 = CARTESIAN_POINT('',(-8.881784197001E-16,17.138274822359));
#3302 = CARTESIAN_POINT('',(0.196349540849,17.138274822359));
#3303 = CARTESIAN_POINT('',(0.392699081699,17.142121476462));
#3304 = CARTESIAN_POINT('',(0.589048622548,17.149814319644));
#3305 = CARTESIAN_POINT('',(0.785398163398,17.16103839169));
#3306 = CARTESIAN_POINT('',(0.981747704248,17.175158485613));
#3307 = CARTESIAN_POINT('',(1.178097245096,17.191293420469));
#3308 = CARTESIAN_POINT('',(1.374446785946,17.208435053448));
#3309 = CARTESIAN_POINT('',(1.865320638069,17.251289285047));
#3310 = CARTESIAN_POINT('',(2.159844949345,17.277001917186));
#3311 = CARTESIAN_POINT('',(2.454369260603,17.299315020986));
#3312 = CARTESIAN_POINT('',(2.748893571878,17.314833911721));
#3313 = CARTESIAN_POINT('',(3.04341788314,17.321090486572));
#3314 = CARTESIAN_POINT('',(3.33794219444,17.317551603697));
#3315 = CARTESIAN_POINT('',(3.632466505713,17.305490039027));
#3316 = CARTESIAN_POINT('',(4.221515128261,17.269127017708));
#3317 = CARTESIAN_POINT('',(4.516039439536,17.244826293293));
#3318 = CARTESIAN_POINT('',(4.810563750807,17.216805544829));
#3319 = CARTESIAN_POINT('',(5.105088062083,17.188610039364));
#3320 = CARTESIAN_POINT('',(5.399612373359,17.164234932615));
#3321 = CARTESIAN_POINT('',(5.694136684631,17.146930683536));
#3322 = CARTESIAN_POINT('',(5.988660995906,17.138274822359));
#3323 = CARTESIAN_POINT('',(6.28318530718,17.138274822359));
#3324 = ( GEOMETRIC_REPRESENTATION_CONTEXT(2) 
PARAMETRIC_REPRESENTATION_CONTEXT() REPRESENTATION_CONTEXT('2D SPACE',''
  ) );
#3325 = ORIENTED_EDGE('',*,*,#3326,.F.);
#3326 = EDGE_CURVE('',#3327,#3281,#3329,.T.);
#3327 = VERTEX_POINT('',#3328);
#3328 = CARTESIAN_POINT('',(11.329999016479,-2.5,12.225576780433));
#3329 = SURFACE_CURVE('',#3330,(#3335,#3342),.PCURVE_S1.);
#3330 = ELLIPSE('',#3331,2.501523860747,2.5);
#3331 = AXIS2_PLACEMENT_3D('',#3332,#3333,#3334);
#3332 = CARTESIAN_POINT('',(11.33,0.,12.225576746088));
#3333 = DIRECTION('',(3.48994967025E-02,0.,0.999390827019));
#3334 = DIRECTION('',(-0.999390827019,0.,3.48994967025E-02));
#3335 = PCURVE('',#394,#3336);
#3336 = DEFINITIONAL_REPRESENTATION('',(#3337),#3341);
#3337 = ELLIPSE('',#3338,2.501523860747,2.5);
#3338 = AXIS2_PLACEMENT_2D('',#3339,#3340);
#3339 = CARTESIAN_POINT('',(13.426266635757,7.916516751635));
#3340 = DIRECTION('',(-1.,0.));
#3341 = ( GEOMETRIC_REPRESENTATION_CONTEXT(2) 
PARAMETRIC_REPRESENTATION_CONTEXT() REPRESENTATION_CONTEXT('2D SPACE',''
  ) );
#3342 = PCURVE('',#1607,#3343);
#3343 = DEFINITIONAL_REPRESENTATION('',(#3344),#3368);
#3344 = B_SPLINE_CURVE_WITH_KNOTS('',8,(#3345,#3346,#3347,#3348,#3349,
    #3350,#3351,#3352,#3353,#3354,#3355,#3356,#3357,#3358,#3359,#3360,
    #3361,#3362,#3363,#3364,#3365,#3366,#3367),.UNSPECIFIED.,.F.,.F.,(9,
    7,7,9),(3.14159265359,4.712388980385,7.068583470577,9.424777960769),
  .UNSPECIFIED.);
#3345 = CARTESIAN_POINT('',(-8.881784197001E-16,17.138274822359));
#3346 = CARTESIAN_POINT('',(0.196349540849,17.138274822359));
#3347 = CARTESIAN_POINT('',(0.392699081699,17.142121476462));
#3348 = CARTESIAN_POINT('',(0.589048622548,17.149814319644));
#3349 = CARTESIAN_POINT('',(0.785398163398,17.16103839169));
#3350 = CARTESIAN_POINT('',(0.981747704248,17.175158485613));
#3351 = CARTESIAN_POINT('',(1.178097245096,17.191293420469));
#3352 = CARTESIAN_POINT('',(1.374446785946,17.208435053448));
#3353 = CARTESIAN_POINT('',(1.865320638069,17.251289285047));
#3354 = CARTESIAN_POINT('',(2.159844949345,17.277001917186));
#3355 = CARTESIAN_POINT('',(2.454369260603,17.299315020986));
#3356 = CARTESIAN_POINT('',(2.748893571878,17.314833911721));
#3357 = CARTESIAN_POINT('',(3.04341788314,17.321090486572));
#3358 = CARTESIAN_POINT('',(3.33794219444,17.317551603697));
#3359 = CARTESIAN_POINT('',(3.632466505713,17.305490039027));
#3360 = CARTESIAN_POINT('',(4.221515128261,17.269127017708));
#3361 = CARTESIAN_POINT('',(4.516039439536,17.244826293293));
#3362 = CARTESIAN_POINT('',(4.810563750807,17.216805544829));
#3363 = CARTESIAN_POINT('',(5.105088062083,17.188610039364));
#3364 = CARTESIAN_POINT('',(5.399612373359,17.164234932615));
#3365 = CARTESIAN_POINT('',(5.694136684631,17.146930683536));
#3366 = CARTESIAN_POINT('',(5.988660995906,17.138274822359));
#3367 = CARTESIAN_POINT('',(6.28318530718,17.138274822359));
#3368 = ( GEOMETRIC_REPRESENTATION_CONTEXT(2) 
PARAMETRIC_REPRESENTATION_CONTEXT() REPRESENTATION_CONTEXT('2D SPACE',''
  ) );
#3369 = ORIENTED_EDGE('',*,*,#3370,.F.);
#3370 = EDGE_CURVE('',#3283,#3327,#3371,.T.);
#3371 = SURFACE_CURVE('',#3372,(#3377,#3384),.PCURVE_S1.);
#3372 = ELLIPSE('',#3373,2.501523860747,2.5);
#3373 = AXIS2_PLACEMENT_3D('',#3374,#3375,#3376);
#3374 = CARTESIAN_POINT('',(11.33,0.,12.225576746088));
#3375 = DIRECTION('',(3.48994967025E-02,0.,0.999390827019));
#3376 = DIRECTION('',(-0.999390827019,0.,3.48994967025E-02));
#3377 = PCURVE('',#394,#3378);
#3378 = DEFINITIONAL_REPRESENTATION('',(#3379),#3383);
#3379 = ELLIPSE('',#3380,2.501523860747,2.5);
#3380 = AXIS2_PLACEMENT_2D('',#3381,#3382);
#3381 = CARTESIAN_POINT('',(13.426266635757,7.916516751635));
#3382 = DIRECTION('',(-1.,0.));
#3383 = ( GEOMETRIC_REPRESENTATION_CONTEXT(2) 
PARAMETRIC_REPRESENTATION_CONTEXT() REPRESENTATION_CONTEXT('2D SPACE',''
  ) );
#3384 = PCURVE('',#3385,#3390);
#3385 = CYLINDRICAL_SURFACE('',#3386,2.5);
#3386 = AXIS2_PLACEMENT_3D('',#3387,#3388,#3389);
#3387 = CARTESIAN_POINT('',(11.33,0.,-5.));
#3388 = DIRECTION('',(0.,0.,1.));
#3389 = DIRECTION('',(1.,0.,-0.));
#3390 = DEFINITIONAL_REPRESENTATION('',(#3391),#3415);
#3391 = B_SPLINE_CURVE_WITH_KNOTS('',8,(#3392,#3393,#3394,#3395,#3396,
    #3397,#3398,#3399,#3400,#3401,#3402,#3403,#3404,#3405,#3406,#3407,
    #3408,#3409,#3410,#3411,#3412,#3413,#3414),.UNSPECIFIED.,.F.,.F.,(9,
    7,7,9),(3.14159265359,4.712388980385,7.068583470577,9.424777960769),
  .UNSPECIFIED.);
#3392 = CARTESIAN_POINT('',(-8.881784197001E-16,17.138274822359));
#3393 = CARTESIAN_POINT('',(0.196349540849,17.138274822359));
#3394 = CARTESIAN_POINT('',(0.392699081699,17.142121476462));
#3395 = CARTESIAN_POINT('',(0.589048622548,17.149814319644));
#3396 = CARTESIAN_POINT('',(0.785398163398,17.16103839169));
#3397 = CARTESIAN_POINT('',(0.981747704248,17.175158485613));
#3398 = CARTESIAN_POINT('',(1.178097245096,17.191293420469));
#3399 = CARTESIAN_POINT('',(1.374446785946,17.208435053448));
#3400 = CARTESIAN_POINT('',(1.865320638069,17.251289285047));
#3401 = CARTESIAN_POINT('',(2.159844949345,17.277001917186));
#3402 = CARTESIAN_POINT('',(2.454369260603,17.299315020986));
#3403 = CARTESIAN_POINT('',(2.748893571878,17.314833911721));
#3404 = CARTESIAN_POINT('',(3.04341788314,17.321090486572));
#3405 = CARTESIAN_POINT('',(3.33794219444,17.317551603697));
#3406 = CARTESIAN_POINT('',(3.632466505713,17.305490039027));
#3407 = CARTESIAN_POINT('',(4.221515128261,17.269127017708));
#3408 = CARTESIAN_POINT('',(4.516039439536,17.244826293293));
#3409 = CARTESIAN_POINT('',(4.810563750807,17.216805544829));
#3410 = CARTESIAN_POINT('',(5.105088062083,17.188610039364));
#3411 = CARTESIAN_POINT('',(5.399612373359,17.164234932615));
#3412 = CARTESIAN_POINT('',(5.694136684631,17.146930683536));
#3413 = CARTESIAN_POINT('',(5.988660995906,17.138274822359));
#3414 = CARTESIAN_POINT('',(6.28318530718,17.138274822359));
#3415 = ( GEOMETRIC_REPRESENTATION_CONTEXT(2) 
PARAMETRIC_REPRESENTATION_CONTEXT() REPRESENTATION_CONTEXT('2D SPACE',''
  ) );
#3416 = FACE_BOUND('',#3417,.T.);
#3417 = EDGE_LOOP('',(#3418,#3464,#3508));
#3418 = ORIENTED_EDGE('',*,*,#3419,.F.);
#3419 = EDGE_CURVE('',#3420,#3422,#3424,.T.);
#3420 = VERTEX_POINT('',#3421);
#3421 = CARTESIAN_POINT('',(29.17,-6.123233995737E-16,11.602590218355));
#3422 = VERTEX_POINT('',#3423);
#3423 = CARTESIAN_POINT('',(26.670000798157,2.5,11.689892114212));
#3424 = SURFACE_CURVE('',#3425,(#3430,#3437),.PCURVE_S1.);
#3425 = ELLIPSE('',#3426,2.501523860747,2.5);
#3426 = AXIS2_PLACEMENT_3D('',#3427,#3428,#3429);
#3427 = CARTESIAN_POINT('',(26.67,0.,11.689892142084));
#3428 = DIRECTION('',(3.48994967025E-02,0.,0.999390827019));
#3429 = DIRECTION('',(-0.999390827019,0.,3.48994967025E-02));
#3430 = PCURVE('',#394,#3431);
#3431 = DEFINITIONAL_REPRESENTATION('',(#3432),#3436);
#3432 = ELLIPSE('',#3433,2.501523860747,2.5);
#3433 = AXIS2_PLACEMENT_2D('',#3434,#3435);
#3434 = CARTESIAN_POINT('',(28.775617045301,7.916516751635));
#3435 = DIRECTION('',(-1.,0.));
#3436 = ( GEOMETRIC_REPRESENTATION_CONTEXT(2) 
PARAMETRIC_REPRESENTATION_CONTEXT() REPRESENTATION_CONTEXT('2D SPACE',''
  ) );
#3437 = PCURVE('',#1458,#3438);
#3438 = DEFINITIONAL_REPRESENTATION('',(#3439),#3463);
#3439 = B_SPLINE_CURVE_WITH_KNOTS('',8,(#3440,#3441,#3442,#3443,#3444,
    #3445,#3446,#3447,#3448,#3449,#3450,#3451,#3452,#3453,#3454,#3455,
    #3456,#3457,#3458,#3459,#3460,#3461,#3462),.UNSPECIFIED.,.F.,.F.,(9,
    7,7,9),(3.14159265359,4.712388980385,7.068583470577,9.424777960769),
  .UNSPECIFIED.);
#3440 = CARTESIAN_POINT('',(-8.881784197001E-16,16.602590218355));
#3441 = CARTESIAN_POINT('',(0.196349540849,16.602590218355));
#3442 = CARTESIAN_POINT('',(0.392699081699,16.606436872457));
#3443 = CARTESIAN_POINT('',(0.589048622548,16.614129715643));
#3444 = CARTESIAN_POINT('',(0.785398163398,16.625353787687));
#3445 = CARTESIAN_POINT('',(0.981747704248,16.639473881606));
#3446 = CARTESIAN_POINT('',(1.178097245096,16.655608816467));
#3447 = CARTESIAN_POINT('',(1.374446785946,16.672750449445));
#3448 = CARTESIAN_POINT('',(1.865320638069,16.715604681044));
#3449 = CARTESIAN_POINT('',(2.159844949346,16.741317313163));
#3450 = CARTESIAN_POINT('',(2.454369260587,16.763630417075));
#3451 = CARTESIAN_POINT('',(2.748893571905,16.779149307584));
#3452 = CARTESIAN_POINT('',(3.043417883135,16.785405882654));
#3453 = CARTESIAN_POINT('',(3.337942194442,16.781866999685));
#3454 = CARTESIAN_POINT('',(3.632466505713,16.769805435024));
#3455 = CARTESIAN_POINT('',(4.221515128261,16.733442413705));
#3456 = CARTESIAN_POINT('',(4.516039439536,16.709141689289));
#3457 = CARTESIAN_POINT('',(4.810563750807,16.681120940821));
#3458 = CARTESIAN_POINT('',(5.105088062083,16.652925435358));
#3459 = CARTESIAN_POINT('',(5.399612373359,16.628550328613));
#3460 = CARTESIAN_POINT('',(5.694136684631,16.611246079532));
#3461 = CARTESIAN_POINT('',(5.988660995906,16.602590218355));
#3462 = CARTESIAN_POINT('',(6.28318530718,16.602590218355));
#3463 = ( GEOMETRIC_REPRESENTATION_CONTEXT(2) 
PARAMETRIC_REPRESENTATION_CONTEXT() REPRESENTATION_CONTEXT('2D SPACE',''
  ) );
#3464 = ORIENTED_EDGE('',*,*,#3465,.F.);
#3465 = EDGE_CURVE('',#3466,#3420,#3468,.T.);
#3466 = VERTEX_POINT('',#3467);
#3467 = CARTESIAN_POINT('',(26.669999012065,-2.5,11.689892176583));
#3468 = SURFACE_CURVE('',#3469,(#3474,#3481),.PCURVE_S1.);
#3469 = ELLIPSE('',#3470,2.501523860747,2.5);
#3470 = AXIS2_PLACEMENT_3D('',#3471,#3472,#3473);
#3471 = CARTESIAN_POINT('',(26.67,0.,11.689892142084));
#3472 = DIRECTION('',(3.48994967025E-02,0.,0.999390827019));
#3473 = DIRECTION('',(-0.999390827019,0.,3.48994967025E-02));
#3474 = PCURVE('',#394,#3475);
#3475 = DEFINITIONAL_REPRESENTATION('',(#3476),#3480);
#3476 = ELLIPSE('',#3477,2.501523860747,2.5);
#3477 = AXIS2_PLACEMENT_2D('',#3478,#3479);
#3478 = CARTESIAN_POINT('',(28.775617045301,7.916516751635));
#3479 = DIRECTION('',(-1.,0.));
#3480 = ( GEOMETRIC_REPRESENTATION_CONTEXT(2) 
PARAMETRIC_REPRESENTATION_CONTEXT() REPRESENTATION_CONTEXT('2D SPACE',''
  ) );
#3481 = PCURVE('',#1409,#3482);
#3482 = DEFINITIONAL_REPRESENTATION('',(#3483),#3507);
#3483 = B_SPLINE_CURVE_WITH_KNOTS('',8,(#3484,#3485,#3486,#3487,#3488,
    #3489,#3490,#3491,#3492,#3493,#3494,#3495,#3496,#3497,#3498,#3499,
    #3500,#3501,#3502,#3503,#3504,#3505,#3506),.UNSPECIFIED.,.F.,.F.,(9,
    7,7,9),(3.14159265359,4.712388980385,7.068583470577,9.424777960769),
  .UNSPECIFIED.);
#3484 = CARTESIAN_POINT('',(-8.881784197001E-16,16.602590218355));
#3485 = CARTESIAN_POINT('',(0.196349540849,16.602590218355));
#3486 = CARTESIAN_POINT('',(0.392699081699,16.606436872457));
#3487 = CARTESIAN_POINT('',(0.589048622548,16.614129715643));
#3488 = CARTESIAN_POINT('',(0.785398163398,16.625353787687));
#3489 = CARTESIAN_POINT('',(0.981747704248,16.639473881606));
#3490 = CARTESIAN_POINT('',(1.178097245096,16.655608816467));
#3491 = CARTESIAN_POINT('',(1.374446785946,16.672750449445));
#3492 = CARTESIAN_POINT('',(1.865320638069,16.715604681044));
#3493 = CARTESIAN_POINT('',(2.159844949346,16.741317313163));
#3494 = CARTESIAN_POINT('',(2.454369260587,16.763630417075));
#3495 = CARTESIAN_POINT('',(2.748893571905,16.779149307584));
#3496 = CARTESIAN_POINT('',(3.043417883135,16.785405882654));
#3497 = CARTESIAN_POINT('',(3.337942194442,16.781866999685));
#3498 = CARTESIAN_POINT('',(3.632466505713,16.769805435024));
#3499 = CARTESIAN_POINT('',(4.221515128261,16.733442413705));
#3500 = CARTESIAN_POINT('',(4.516039439536,16.709141689289));
#3501 = CARTESIAN_POINT('',(4.810563750807,16.681120940821));
#3502 = CARTESIAN_POINT('',(5.105088062083,16.652925435358));
#3503 = CARTESIAN_POINT('',(5.399612373359,16.628550328613));
#3504 = CARTESIAN_POINT('',(5.694136684631,16.611246079532));
#3505 = CARTESIAN_POINT('',(5.988660995906,16.602590218355));
#3506 = CARTESIAN_POINT('',(6.28318530718,16.602590218355));
#3507 = ( GEOMETRIC_REPRESENTATION_CONTEXT(2) 
PARAMETRIC_REPRESENTATION_CONTEXT() REPRESENTATION_CONTEXT('2D SPACE',''
  ) );
#3508 = ORIENTED_EDGE('',*,*,#3509,.F.);
#3509 = EDGE_CURVE('',#3422,#3466,#3510,.T.);
#3510 = SURFACE_CURVE('',#3511,(#3516,#3523),.PCURVE_S1.);
#3511 = ELLIPSE('',#3512,2.501523860747,2.5);
#3512 = AXIS2_PLACEMENT_3D('',#3513,#3514,#3515);
#3513 = CARTESIAN_POINT('',(26.67,0.,11.689892142084));
#3514 = DIRECTION('',(3.48994967025E-02,0.,0.999390827019));
#3515 = DIRECTION('',(-0.999390827019,0.,3.48994967025E-02));
#3516 = PCURVE('',#394,#3517);
#3517 = DEFINITIONAL_REPRESENTATION('',(#3518),#3522);
#3518 = ELLIPSE('',#3519,2.501523860747,2.5);
#3519 = AXIS2_PLACEMENT_2D('',#3520,#3521);
#3520 = CARTESIAN_POINT('',(28.775617045301,7.916516751635));
#3521 = DIRECTION('',(-1.,0.));
#3522 = ( GEOMETRIC_REPRESENTATION_CONTEXT(2) 
PARAMETRIC_REPRESENTATION_CONTEXT() REPRESENTATION_CONTEXT('2D SPACE',''
  ) );
#3523 = PCURVE('',#3524,#3529);
#3524 = CYLINDRICAL_SURFACE('',#3525,2.5);
#3525 = AXIS2_PLACEMENT_3D('',#3526,#3527,#3528);
#3526 = CARTESIAN_POINT('',(26.67,0.,-5.));
#3527 = DIRECTION('',(0.,0.,1.));
#3528 = DIRECTION('',(1.,0.,-0.));
#3529 = DEFINITIONAL_REPRESENTATION('',(#3530),#3554);
#3530 = B_SPLINE_CURVE_WITH_KNOTS('',8,(#3531,#3532,#3533,#3534,#3535,
    #3536,#3537,#3538,#3539,#3540,#3541,#3542,#3543,#3544,#3545,#3546,
    #3547,#3548,#3549,#3550,#3551,#3552,#3553),.UNSPECIFIED.,.F.,.F.,(9,
    7,7,9),(3.14159265359,4.712388980385,7.068583470577,9.424777960769),
  .UNSPECIFIED.);
#3531 = CARTESIAN_POINT('',(-8.881784197001E-16,16.602590218355));
#3532 = CARTESIAN_POINT('',(0.196349540849,16.602590218355));
#3533 = CARTESIAN_POINT('',(0.392699081699,16.606436872457));
#3534 = CARTESIAN_POINT('',(0.589048622548,16.614129715643));
#3535 = CARTESIAN_POINT('',(0.785398163398,16.625353787687));
#3536 = CARTESIAN_POINT('',(0.981747704248,16.639473881606));
#3537 = CARTESIAN_POINT('',(1.178097245096,16.655608816467));
#3538 = CARTESIAN_POINT('',(1.374446785946,16.672750449445));
#3539 = CARTESIAN_POINT('',(1.865320638069,16.715604681044));
#3540 = CARTESIAN_POINT('',(2.159844949346,16.741317313163));
#3541 = CARTESIAN_POINT('',(2.454369260587,16.763630417075));
#3542 = CARTESIAN_POINT('',(2.748893571905,16.779149307584));
#3543 = CARTESIAN_POINT('',(3.043417883135,16.785405882654));
#3544 = CARTESIAN_POINT('',(3.337942194442,16.781866999685));
#3545 = CARTESIAN_POINT('',(3.632466505713,16.769805435024));
#3546 = CARTESIAN_POINT('',(4.221515128261,16.733442413705));
#3547 = CARTESIAN_POINT('',(4.516039439536,16.709141689289));
#3548 = CARTESIAN_POINT('',(4.810563750807,16.681120940821));
#3549 = CARTESIAN_POINT('',(5.105088062083,16.652925435358));
#3550 = CARTESIAN_POINT('',(5.399612373359,16.628550328613));
#3551 = CARTESIAN_POINT('',(5.694136684631,16.611246079532));
#3552 = CARTESIAN_POINT('',(5.988660995906,16.602590218355));
#3553 = CARTESIAN_POINT('',(6.28318530718,16.602590218355));
#3554 = ( GEOMETRIC_REPRESENTATION_CONTEXT(2) 
PARAMETRIC_REPRESENTATION_CONTEXT() REPRESENTATION_CONTEXT('2D SPACE',''
  ) );
#3555 = FACE_BOUND('',#3556,.T.);
#3556 = EDGE_LOOP('',(#3557,#3603,#3647));
#3557 = ORIENTED_EDGE('',*,*,#3558,.F.);
#3558 = EDGE_CURVE('',#3559,#3561,#3563,.T.);
#3559 = VERTEX_POINT('',#3560);
#3560 = CARTESIAN_POINT('',(44.5,-6.123233995737E-16,11.067254822047));
#3561 = VERTEX_POINT('',#3562);
#3562 = CARTESIAN_POINT('',(41.999999972642,2.5,11.154556746731));
#3563 = SURFACE_CURVE('',#3564,(#3569,#3576),.PCURVE_S1.);
#3564 = ELLIPSE('',#3565,2.501523860747,2.5);
#3565 = AXIS2_PLACEMENT_3D('',#3566,#3567,#3568);
#3566 = CARTESIAN_POINT('',(42.,0.,11.154556745776));
#3567 = DIRECTION('',(3.48994967025E-02,0.,0.999390827019));
#3568 = DIRECTION('',(-0.999390827019,0.,3.48994967025E-02));
#3569 = PCURVE('',#394,#3570);
#3570 = DEFINITIONAL_REPRESENTATION('',(#3571),#3575);
#3571 = ELLIPSE('',#3572,2.501523860747,2.5);
#3572 = AXIS2_PLACEMENT_2D('',#3573,#3574);
#3573 = CARTESIAN_POINT('',(44.114961359402,7.916516751635));
#3574 = DIRECTION('',(-1.,0.));
#3575 = ( GEOMETRIC_REPRESENTATION_CONTEXT(2) 
PARAMETRIC_REPRESENTATION_CONTEXT() REPRESENTATION_CONTEXT('2D SPACE',''
  ) );
#3576 = PCURVE('',#1260,#3577);
#3577 = DEFINITIONAL_REPRESENTATION('',(#3578),#3602);
#3578 = B_SPLINE_CURVE_WITH_KNOTS('',8,(#3579,#3580,#3581,#3582,#3583,
    #3584,#3585,#3586,#3587,#3588,#3589,#3590,#3591,#3592,#3593,#3594,
    #3595,#3596,#3597,#3598,#3599,#3600,#3601),.UNSPECIFIED.,.F.,.F.,(9,
    7,7,9),(3.14159265359,4.712388980385,7.068583470577,9.424777960769),
  .UNSPECIFIED.);
#3579 = CARTESIAN_POINT('',(-8.881784197001E-16,16.067254822047));
#3580 = CARTESIAN_POINT('',(0.196349540849,16.067254822047));
#3581 = CARTESIAN_POINT('',(0.392699081699,16.071101476149));
#3582 = CARTESIAN_POINT('',(0.589048622548,16.078794319333));
#3583 = CARTESIAN_POINT('',(0.785398163398,16.090018391379));
#3584 = CARTESIAN_POINT('',(0.981747704247,16.1041384853));
#3585 = CARTESIAN_POINT('',(1.178097245096,16.120273420157));
#3586 = CARTESIAN_POINT('',(1.374446785946,16.137415053136));
#3587 = CARTESIAN_POINT('',(1.865320638069,16.180269284735));
#3588 = CARTESIAN_POINT('',(2.159844949345,16.205981916867));
#3589 = CARTESIAN_POINT('',(2.454369260603,16.228295020769));
#3590 = CARTESIAN_POINT('',(2.748893571878,16.243813911261));
#3591 = CARTESIAN_POINT('',(3.04341788314,16.250070486344));
#3592 = CARTESIAN_POINT('',(3.33794219444,16.24653160338));
#3593 = CARTESIAN_POINT('',(3.632466505713,16.234470038715));
#3594 = CARTESIAN_POINT('',(4.221515128261,16.198107017396));
#3595 = CARTESIAN_POINT('',(4.516039439535,16.173806292978));
#3596 = CARTESIAN_POINT('',(4.810563750809,16.14578554452));
#3597 = CARTESIAN_POINT('',(5.105088062085,16.11759003905));
#3598 = CARTESIAN_POINT('',(5.399612373359,16.093214932297));
#3599 = CARTESIAN_POINT('',(5.694136684631,16.075910683225));
#3600 = CARTESIAN_POINT('',(5.988660995906,16.067254822047));
#3601 = CARTESIAN_POINT('',(6.28318530718,16.067254822047));
#3602 = ( GEOMETRIC_REPRESENTATION_CONTEXT(2) 
PARAMETRIC_REPRESENTATION_CONTEXT() REPRESENTATION_CONTEXT('2D SPACE',''
  ) );
#3603 = ORIENTED_EDGE('',*,*,#3604,.F.);
#3604 = EDGE_CURVE('',#3605,#3559,#3607,.T.);
#3605 = VERTEX_POINT('',#3606);
#3606 = CARTESIAN_POINT('',(41.999999039441,-2.5,11.154556779319));
#3607 = SURFACE_CURVE('',#3608,(#3613,#3620),.PCURVE_S1.);
#3608 = ELLIPSE('',#3609,2.501523860747,2.5);
#3609 = AXIS2_PLACEMENT_3D('',#3610,#3611,#3612);
#3610 = CARTESIAN_POINT('',(42.,0.,11.154556745776));
#3611 = DIRECTION('',(3.48994967025E-02,0.,0.999390827019));
#3612 = DIRECTION('',(-0.999390827019,0.,3.48994967025E-02));
#3613 = PCURVE('',#394,#3614);
#3614 = DEFINITIONAL_REPRESENTATION('',(#3615),#3619);
#3615 = ELLIPSE('',#3616,2.501523860747,2.5);
#3616 = AXIS2_PLACEMENT_2D('',#3617,#3618);
#3617 = CARTESIAN_POINT('',(44.114961359402,7.916516751635));
#3618 = DIRECTION('',(-1.,0.));
#3619 = ( GEOMETRIC_REPRESENTATION_CONTEXT(2) 
PARAMETRIC_REPRESENTATION_CONTEXT() REPRESENTATION_CONTEXT('2D SPACE',''
  ) );
#3620 = PCURVE('',#1211,#3621);
#3621 = DEFINITIONAL_REPRESENTATION('',(#3622),#3646);
#3622 = B_SPLINE_CURVE_WITH_KNOTS('',8,(#3623,#3624,#3625,#3626,#3627,
    #3628,#3629,#3630,#3631,#3632,#3633,#3634,#3635,#3636,#3637,#3638,
    #3639,#3640,#3641,#3642,#3643,#3644,#3645),.UNSPECIFIED.,.F.,.F.,(9,
    7,7,9),(3.14159265359,4.712388980385,7.068583470577,9.424777960769),
  .UNSPECIFIED.);
#3623 = CARTESIAN_POINT('',(-8.881784197001E-16,16.067254822047));
#3624 = CARTESIAN_POINT('',(0.196349540849,16.067254822047));
#3625 = CARTESIAN_POINT('',(0.392699081699,16.071101476149));
#3626 = CARTESIAN_POINT('',(0.589048622548,16.078794319333));
#3627 = CARTESIAN_POINT('',(0.785398163398,16.090018391379));
#3628 = CARTESIAN_POINT('',(0.981747704247,16.1041384853));
#3629 = CARTESIAN_POINT('',(1.178097245096,16.120273420157));
#3630 = CARTESIAN_POINT('',(1.374446785946,16.137415053136));
#3631 = CARTESIAN_POINT('',(1.865320638069,16.180269284735));
#3632 = CARTESIAN_POINT('',(2.159844949345,16.205981916867));
#3633 = CARTESIAN_POINT('',(2.454369260603,16.228295020769));
#3634 = CARTESIAN_POINT('',(2.748893571878,16.243813911261));
#3635 = CARTESIAN_POINT('',(3.04341788314,16.250070486344));
#3636 = CARTESIAN_POINT('',(3.33794219444,16.24653160338));
#3637 = CARTESIAN_POINT('',(3.632466505713,16.234470038715));
#3638 = CARTESIAN_POINT('',(4.221515128261,16.198107017396));
#3639 = CARTESIAN_POINT('',(4.516039439535,16.173806292978));
#3640 = CARTESIAN_POINT('',(4.810563750809,16.14578554452));
#3641 = CARTESIAN_POINT('',(5.105088062085,16.11759003905));
#3642 = CARTESIAN_POINT('',(5.399612373359,16.093214932297));
#3643 = CARTESIAN_POINT('',(5.694136684631,16.075910683225));
#3644 = CARTESIAN_POINT('',(5.988660995906,16.067254822047));
#3645 = CARTESIAN_POINT('',(6.28318530718,16.067254822047));
#3646 = ( GEOMETRIC_REPRESENTATION_CONTEXT(2) 
PARAMETRIC_REPRESENTATION_CONTEXT() REPRESENTATION_CONTEXT('2D SPACE',''
  ) );
#3647 = ORIENTED_EDGE('',*,*,#3648,.F.);
#3648 = EDGE_CURVE('',#3561,#3605,#3649,.T.);
#3649 = SURFACE_CURVE('',#3650,(#3655,#3662),.PCURVE_S1.);
#3650 = ELLIPSE('',#3651,2.501523860747,2.5);
#3651 = AXIS2_PLACEMENT_3D('',#3652,#3653,#3654);
#3652 = CARTESIAN_POINT('',(42.,0.,11.154556745776));
#3653 = DIRECTION('',(3.48994967025E-02,0.,0.999390827019));
#3654 = DIRECTION('',(-0.999390827019,0.,3.48994967025E-02));
#3655 = PCURVE('',#394,#3656);
#3656 = DEFINITIONAL_REPRESENTATION('',(#3657),#3661);
#3657 = ELLIPSE('',#3658,2.501523860747,2.5);
#3658 = AXIS2_PLACEMENT_2D('',#3659,#3660);
#3659 = CARTESIAN_POINT('',(44.114961359402,7.916516751635));
#3660 = DIRECTION('',(-1.,0.));
#3661 = ( GEOMETRIC_REPRESENTATION_CONTEXT(2) 
PARAMETRIC_REPRESENTATION_CONTEXT() REPRESENTATION_CONTEXT('2D SPACE',''
  ) );
#3662 = PCURVE('',#3663,#3668);
#3663 = CYLINDRICAL_SURFACE('',#3664,2.5);
#3664 = AXIS2_PLACEMENT_3D('',#3665,#3666,#3667);
#3665 = CARTESIAN_POINT('',(42.,0.,-5.));
#3666 = DIRECTION('',(0.,0.,1.));
#3667 = DIRECTION('',(1.,0.,-0.));
#3668 = DEFINITIONAL_REPRESENTATION('',(#3669),#3693);
#3669 = B_SPLINE_CURVE_WITH_KNOTS('',8,(#3670,#3671,#3672,#3673,#3674,
    #3675,#3676,#3677,#3678,#3679,#3680,#3681,#3682,#3683,#3684,#3685,
    #3686,#3687,#3688,#3689,#3690,#3691,#3692),.UNSPECIFIED.,.F.,.F.,(9,
    7,7,9),(3.14159265359,4.712388980385,7.068583470577,9.424777960769),
  .UNSPECIFIED.);
#3670 = CARTESIAN_POINT('',(-8.881784197001E-16,16.067254822047));
#3671 = CARTESIAN_POINT('',(0.196349540849,16.067254822047));
#3672 = CARTESIAN_POINT('',(0.392699081699,16.071101476149));
#3673 = CARTESIAN_POINT('',(0.589048622548,16.078794319333));
#3674 = CARTESIAN_POINT('',(0.785398163398,16.090018391379));
#3675 = CARTESIAN_POINT('',(0.981747704247,16.1041384853));
#3676 = CARTESIAN_POINT('',(1.178097245096,16.120273420157));
#3677 = CARTESIAN_POINT('',(1.374446785946,16.137415053136));
#3678 = CARTESIAN_POINT('',(1.865320638069,16.180269284735));
#3679 = CARTESIAN_POINT('',(2.159844949345,16.205981916867));
#3680 = CARTESIAN_POINT('',(2.454369260603,16.228295020769));
#3681 = CARTESIAN_POINT('',(2.748893571878,16.243813911261));
#3682 = CARTESIAN_POINT('',(3.04341788314,16.250070486344));
#3683 = CARTESIAN_POINT('',(3.33794219444,16.24653160338));
#3684 = CARTESIAN_POINT('',(3.632466505713,16.234470038715));
#3685 = CARTESIAN_POINT('',(4.221515128261,16.198107017396));
#3686 = CARTESIAN_POINT('',(4.516039439535,16.173806292978));
#3687 = CARTESIAN_POINT('',(4.810563750809,16.14578554452));
#3688 = CARTESIAN_POINT('',(5.105088062085,16.11759003905));
#3689 = CARTESIAN_POINT('',(5.399612373359,16.093214932297));
#3690 = CARTESIAN_POINT('',(5.694136684631,16.075910683225));
#3691 = CARTESIAN_POINT('',(5.988660995906,16.067254822047));
#3692 = CARTESIAN_POINT('',(6.28318530718,16.067254822047));
#3693 = ( GEOMETRIC_REPRESENTATION_CONTEXT(2) 
PARAMETRIC_REPRESENTATION_CONTEXT() REPRESENTATION_CONTEXT('2D SPACE',''
  ) );
#3694 = ADVANCED_FACE('',(#3695),#425,.F.);
#3695 = FACE_BOUND('',#3696,.F.);
#3696 = EDGE_LOOP('',(#3697,#3698,#3699,#3700));
#3697 = ORIENTED_EDGE('',*,*,#2699,.T.);
#3698 = ORIENTED_EDGE('',*,*,#406,.T.);
#3699 = ORIENTED_EDGE('',*,*,#648,.F.);
#3700 = ORIENTED_EDGE('',*,*,#3701,.T.);
#3701 = EDGE_CURVE('',#576,#2677,#3702,.T.);
#3702 = SURFACE_CURVE('',#3703,(#3708,#3737),.PCURVE_S1.);
#3703 = ELLIPSE('',#3704,3.001828632896,3.);
#3704 = AXIS2_PLACEMENT_3D('',#3705,#3706,#3707);
#3705 = CARTESIAN_POINT('',(66.75,-3.211353249847,11.));
#3706 = DIRECTION('',(-3.48994967025E-02,0.999390827019,
    1.512104433508E-16));
#3707 = DIRECTION('',(0.999390827019,3.48994967025E-02,
    1.102895623757E-11));
#3708 = PCURVE('',#425,#3709);
#3709 = DEFINITIONAL_REPRESENTATION('',(#3710),#3736);
#3710 = B_SPLINE_CURVE_WITH_KNOTS('',3,(#3711,#3712,#3713,#3714,#3715,
    #3716,#3717,#3718,#3719,#3720,#3721,#3722,#3723,#3724,#3725,#3726,
    #3727,#3728,#3729,#3730,#3731,#3732,#3733,#3734,#3735),
  .UNSPECIFIED.,.F.,.F.,(4,1,1,1,1,1,1,1,1,1,1,1,1,1,1,1,1,1,1,1,1,1,4),
  (5.822631315509,5.977102214886,6.131573114262,6.286044013639,
    6.440514913015,6.594985812391,6.749456711768,6.903927611144,
    7.058398510521,7.212869409897,7.367340309274,7.52181120865,
    7.676282108026,7.830753007403,7.985223906779,8.139694806156,
    8.294165705532,8.448636604909,8.603107504285,8.757578403661,
    8.912049303038,9.066520202414,9.220991101791),.UNSPECIFIED.);
#3711 = CARTESIAN_POINT('',(-1.699179893141,-3.11750650171));
#3712 = CARTESIAN_POINT('',(-1.647689593349,-3.115104289872));
#3713 = CARTESIAN_POINT('',(-1.544708993764,-3.111064337823));
#3714 = CARTESIAN_POINT('',(-1.390238094388,-3.107379422072));
#3715 = CARTESIAN_POINT('',(-1.235767195011,-3.106174074511));
#3716 = CARTESIAN_POINT('',(-1.081296295635,-3.107472496531));
#3717 = CARTESIAN_POINT('',(-0.926825396259,-3.111244974167));
#3718 = CARTESIAN_POINT('',(-0.772354496882,-3.117401346933));
#3719 = CARTESIAN_POINT('',(-0.617883597506,-3.125795094511));
#3720 = CARTESIAN_POINT('',(-0.463412698129,-3.136226306249));
#3721 = CARTESIAN_POINT('',(-0.308941798753,-3.148446581053));
#3722 = CARTESIAN_POINT('',(-0.154470899376,-3.162164905472));
#3723 = CARTESIAN_POINT('',(3.206075631364E-14,-3.177054593825));
#3724 = CARTESIAN_POINT('',(0.154470899376,-3.192761065221));
#3725 = CARTESIAN_POINT('',(0.308941798753,-3.208910288026));
#3726 = CARTESIAN_POINT('',(0.463412698129,-3.225117687493));
#3727 = CARTESIAN_POINT('',(0.617883597506,-3.240997301449));
#3728 = CARTESIAN_POINT('',(0.772354496882,-3.256170981116));
#3729 = CARTESIAN_POINT('',(0.926825396259,-3.270277360503));
#3730 = CARTESIAN_POINT('',(1.081296295635,-3.282980595492));
#3731 = CARTESIAN_POINT('',(1.235767195011,-3.293977863085));
#3732 = CARTESIAN_POINT('',(1.390238094388,-3.303008433193));
#3733 = CARTESIAN_POINT('',(1.544708993764,-3.30985293448));
#3734 = CARTESIAN_POINT('',(1.647689593349,-3.312860638568));
#3735 = CARTESIAN_POINT('',(1.699179893141,-3.313947734887));
#3736 = ( GEOMETRIC_REPRESENTATION_CONTEXT(2) 
PARAMETRIC_REPRESENTATION_CONTEXT() REPRESENTATION_CONTEXT('2D SPACE',''
  ) );
#3737 = PCURVE('',#614,#3738);
#3738 = DEFINITIONAL_REPRESENTATION('',(#3739),#3747);
#3739 = ( BOUNDED_CURVE() B_SPLINE_CURVE(2,(#3740,#3741,#3742,#3743,
#3744,#3745,#3746),.UNSPECIFIED.,.T.,.F.) B_SPLINE_CURVE_WITH_KNOTS((1,2
    ,2,2,2,1),(-2.094395102393,0.,2.094395102393,4.188790204786,
6.28318530718,8.377580409573),.UNSPECIFIED.) CURVE() 
GEOMETRIC_REPRESENTATION_ITEM() RATIONAL_B_SPLINE_CURVE((1.,0.5,1.,0.5,
1.,0.5,1.)) REPRESENTATION_ITEM('') );
#3740 = CARTESIAN_POINT('',(-11.17965210804,71.880250366307));
#3741 = CARTESIAN_POINT('',(-5.983499685338,71.880250366365));
#3742 = CARTESIAN_POINT('',(-8.581575896642,67.377507416992));
#3743 = CARTESIAN_POINT('',(-11.17965210794,62.874764467619));
#3744 = CARTESIAN_POINT('',(-13.77772831934,67.377507416935));
#3745 = CARTESIAN_POINT('',(-16.37580453075,71.88025036625));
#3746 = CARTESIAN_POINT('',(-11.17965210804,71.880250366307));
#3747 = ( GEOMETRIC_REPRESENTATION_CONTEXT(2) 
PARAMETRIC_REPRESENTATION_CONTEXT() REPRESENTATION_CONTEXT('2D SPACE',''
  ) );
#3748 = ADVANCED_FACE('',(#3749),#555,.T.);
#3749 = FACE_BOUND('',#3750,.T.);
#3750 = EDGE_LOOP('',(#3751,#3752,#3753,#3754));
#3751 = ORIENTED_EDGE('',*,*,#2607,.F.);
#3752 = ORIENTED_EDGE('',*,*,#541,.T.);
#3753 = ORIENTED_EDGE('',*,*,#1169,.F.);
#3754 = ORIENTED_EDGE('',*,*,#3755,.F.);
#3755 = EDGE_CURVE('',#2608,#1142,#3756,.T.);
#3756 = SURFACE_CURVE('',#3757,(#3761,#3768),.PCURVE_S1.);
#3757 = LINE('',#3758,#3759);
#3758 = CARTESIAN_POINT('',(-60.75,-3.5,14.742665811053));
#3759 = VECTOR('',#3760,1.);
#3760 = DIRECTION('',(0.,0.,-1.));
#3761 = PCURVE('',#555,#3762);
#3762 = DEFINITIONAL_REPRESENTATION('',(#3763),#3767);
#3763 = LINE('',#3764,#3765);
#3764 = CARTESIAN_POINT('',(0.,-3.5));
#3765 = VECTOR('',#3766,1.);
#3766 = DIRECTION('',(-1.,0.));
#3767 = ( GEOMETRIC_REPRESENTATION_CONTEXT(2) 
PARAMETRIC_REPRESENTATION_CONTEXT() REPRESENTATION_CONTEXT('2D SPACE',''
  ) );
#3768 = PCURVE('',#1157,#3769);
#3769 = DEFINITIONAL_REPRESENTATION('',(#3770),#3774);
#3770 = LINE('',#3771,#3772);
#3771 = CARTESIAN_POINT('',(-0.408378009761,8.11264545731));
#3772 = VECTOR('',#3773,1.);
#3773 = DIRECTION('',(-1.,0.));
#3774 = ( GEOMETRIC_REPRESENTATION_CONTEXT(2) 
PARAMETRIC_REPRESENTATION_CONTEXT() REPRESENTATION_CONTEXT('2D SPACE',''
  ) );
#3775 = ADVANCED_FACE('',(#3776,#3849),#614,.T.);
#3776 = FACE_BOUND('',#3777,.T.);
#3777 = EDGE_LOOP('',(#3778,#3779,#3780,#3781,#3825,#3826,#3827,#3848));
#3778 = ORIENTED_EDGE('',*,*,#573,.T.);
#3779 = ORIENTED_EDGE('',*,*,#3701,.T.);
#3780 = ORIENTED_EDGE('',*,*,#2676,.T.);
#3781 = ORIENTED_EDGE('',*,*,#3782,.T.);
#3782 = EDGE_CURVE('',#2654,#1091,#3783,.T.);
#3783 = SURFACE_CURVE('',#3784,(#3789,#3796),.PCURVE_S1.);
#3784 = ELLIPSE('',#3785,7.504571582241,7.5);
#3785 = AXIS2_PLACEMENT_3D('',#3786,#3787,#3788);
#3786 = CARTESIAN_POINT('',(-68.25,-7.925657131233,7.5));
#3787 = DIRECTION('',(3.48994967025E-02,-0.999390827019,
    1.828636480713E-16));
#3788 = DIRECTION('',(0.999390827019,3.48994967025E-02,
    -5.222934607637E-12));
#3789 = PCURVE('',#614,#3790);
#3790 = DEFINITIONAL_REPRESENTATION('',(#3791),#3795);
#3791 = ELLIPSE('',#3792,7.504571582241,7.5);
#3792 = AXIS2_PLACEMENT_2D('',#3793,#3794);
#3793 = CARTESIAN_POINT('',(-7.679652108012,-66.20386674693));
#3794 = DIRECTION('',(5.222934607637E-12,1.));
#3795 = ( GEOMETRIC_REPRESENTATION_CONTEXT(2) 
PARAMETRIC_REPRESENTATION_CONTEXT() REPRESENTATION_CONTEXT('2D SPACE',''
  ) );
#3796 = PCURVE('',#1129,#3797);
#3797 = DEFINITIONAL_REPRESENTATION('',(#3798),#3824);
#3798 = B_SPLINE_CURVE_WITH_KNOTS('',3,(#3799,#3800,#3801,#3802,#3803,
    #3804,#3805,#3806,#3807,#3808,#3809,#3810,#3811,#3812,#3813,#3814,
    #3815,#3816,#3817,#3818,#3819,#3820,#3821,#3822,#3823),
  .UNSPECIFIED.,.F.,.F.,(4,1,1,1,1,1,1,1,1,1,1,1,1,1,1,1,1,1,1,1,1,1,4),
  (1.53588974176,1.682174714845,1.82845968793,1.974744661015,
    2.1210296341,2.267314607185,2.41359958027,2.559884553355,
    2.70616952644,2.852454499525,2.99873947261,3.145024445695,
    3.29130941878,3.437594391865,3.583879364949,3.730164338034,
    3.876449311119,4.022734284204,4.169019257289,4.315304230374,
    4.461589203459,4.607874176544,4.754159149629),.UNSPECIFIED.);
#3799 = CARTESIAN_POINT('',(7.892320011114,-2.052521990057));
#3800 = CARTESIAN_POINT('',(7.843558353419,-2.065286567318));
#3801 = CARTESIAN_POINT('',(7.746035038029,-2.090876083835));
#3802 = CARTESIAN_POINT('',(7.599750064945,-2.12864028754));
#3803 = CARTESIAN_POINT('',(7.45346509186,-2.164972702087));
#3804 = CARTESIAN_POINT('',(7.307180118775,-2.199098572991));
#3805 = CARTESIAN_POINT('',(7.16089514569,-2.23028857087));
#3806 = CARTESIAN_POINT('',(7.014610172605,-2.257876537979));
#3807 = CARTESIAN_POINT('',(6.86832519952,-2.281273137414));
#3808 = CARTESIAN_POINT('',(6.722040226435,-2.299978597625));
#3809 = CARTESIAN_POINT('',(6.57575525335,-2.313593346426));
#3810 = CARTESIAN_POINT('',(6.429470280265,-2.321826557493));
#3811 = CARTESIAN_POINT('',(6.28318530718,-2.324502359753));
#3812 = CARTESIAN_POINT('',(6.136900334095,-2.321563595011));
#3813 = CARTESIAN_POINT('',(5.99061536101,-2.313073038647));
#3814 = CARTESIAN_POINT('',(5.844330387925,-2.299212058921));
#3815 = CARTESIAN_POINT('',(5.69804541484,-2.28027674196));
#3816 = CARTESIAN_POINT('',(5.551760441755,-2.256671569867));
#3817 = CARTESIAN_POINT('',(5.40547546867,-2.228900769877));
#3818 = CARTESIAN_POINT('',(5.259190495585,-2.197557583186));
#3819 = CARTESIAN_POINT('',(5.1129055225,-2.163311444418));
#3820 = CARTESIAN_POINT('',(4.966620549415,-2.126894234891));
#3821 = CARTESIAN_POINT('',(4.820335576331,-2.089082584322));
#3822 = CARTESIAN_POINT('',(4.722812260941,-2.063486851969));
#3823 = CARTESIAN_POINT('',(4.674050603246,-2.050725702201));
#3824 = ( GEOMETRIC_REPRESENTATION_CONTEXT(2) 
PARAMETRIC_REPRESENTATION_CONTEXT() REPRESENTATION_CONTEXT('2D SPACE',''
  ) );
#3825 = ORIENTED_EDGE('',*,*,#1090,.T.);
#3826 = ORIENTED_EDGE('',*,*,#827,.T.);
#3827 = ORIENTED_EDGE('',*,*,#3828,.T.);
#3828 = EDGE_CURVE('',#830,#674,#3829,.T.);
#3829 = SURFACE_CURVE('',#3830,(#3834,#3841),.PCURVE_S1.);
#3830 = LINE('',#3831,#3832);
#3831 = CARTESIAN_POINT('',(72.802365194785,-3.,4.339003411729));
#3832 = VECTOR('',#3833,1.);
#3833 = DIRECTION('',(0.,0.,1.));
#3834 = PCURVE('',#614,#3835);
#3835 = DEFINITIONAL_REPRESENTATION('',(#3836),#3840);
#3836 = LINE('',#3837,#3838);
#3837 = CARTESIAN_POINT('',(-4.518655519741,74.934476112895));
#3838 = VECTOR('',#3839,1.);
#3839 = DIRECTION('',(-1.,0.));
#3840 = ( GEOMETRIC_REPRESENTATION_CONTEXT(2) 
PARAMETRIC_REPRESENTATION_CONTEXT() REPRESENTATION_CONTEXT('2D SPACE',''
  ) );
#3841 = PCURVE('',#712,#3842);
#3842 = DEFINITIONAL_REPRESENTATION('',(#3843),#3847);
#3843 = LINE('',#3844,#3845);
#3844 = CARTESIAN_POINT('',(4.7207344228E-02,2.618259739199E-02));
#3845 = VECTOR('',#3846,1.);
#3846 = DIRECTION('',(1.,0.));
#3847 = ( GEOMETRIC_REPRESENTATION_CONTEXT(2) 
PARAMETRIC_REPRESENTATION_CONTEXT() REPRESENTATION_CONTEXT('2D SPACE',''
  ) );
#3848 = ORIENTED_EDGE('',*,*,#673,.F.);
#3849 = FACE_BOUND('',#3850,.T.);
#3850 = EDGE_LOOP('',(#3851));
#3851 = ORIENTED_EDGE('',*,*,#3852,.T.);
#3852 = EDGE_CURVE('',#3853,#3853,#3855,.T.);
#3853 = VERTEX_POINT('',#3854);
#3854 = CARTESIAN_POINT('',(-65.25,-7.820894822758,7.5));
#3855 = SURFACE_CURVE('',#3856,(#3861,#3872),.PCURVE_S1.);
#3856 = ELLIPSE('',#3857,3.001828632896,3.);
#3857 = AXIS2_PLACEMENT_3D('',#3858,#3859,#3860);
#3858 = CARTESIAN_POINT('',(-68.25,-7.925657131233,7.5));
#3859 = DIRECTION('',(-3.48994967025E-02,0.999390827019,
    8.55650460347E-16));
#3860 = DIRECTION('',(0.999390827019,3.48994967025E-02,
    -5.140054293593E-12));
#3861 = PCURVE('',#614,#3862);
#3862 = DEFINITIONAL_REPRESENTATION('',(#3863),#3871);
#3863 = ( BOUNDED_CURVE() B_SPLINE_CURVE(2,(#3864,#3865,#3866,#3867,
#3868,#3869,#3870),.UNSPECIFIED.,.T.,.F.) B_SPLINE_CURVE_WITH_KNOTS((1,2
    ,2,2,2,1),(-2.094395102393,0.,2.094395102393,4.188790204786,
6.28318530718,8.377580409573),.UNSPECIFIED.) CURVE() 
GEOMETRIC_REPRESENTATION_ITEM() RATIONAL_B_SPLINE_CURVE((1.,0.5,1.,0.5,
1.,0.5,1.)) REPRESENTATION_ITEM('') );
#3864 = CARTESIAN_POINT('',(-7.679652107997,-63.20203811403));
#3865 = CARTESIAN_POINT('',(-2.48349968529,-63.20203811406));
#3866 = CARTESIAN_POINT('',(-5.081575896666,-67.70478106339));
#3867 = CARTESIAN_POINT('',(-7.679652108043,-72.20752401272));
#3868 = CARTESIAN_POINT('',(-10.27772831937,-67.70478106336));
#3869 = CARTESIAN_POINT('',(-12.8758045307,-63.202038114));
#3870 = CARTESIAN_POINT('',(-7.679652107997,-63.20203811403));
#3871 = ( GEOMETRIC_REPRESENTATION_CONTEXT(2) 
PARAMETRIC_REPRESENTATION_CONTEXT() REPRESENTATION_CONTEXT('2D SPACE',''
  ) );
#3872 = PCURVE('',#3873,#3878);
#3873 = CYLINDRICAL_SURFACE('',#3874,3.);
#3874 = AXIS2_PLACEMENT_3D('',#3875,#3876,#3877);
#3875 = CARTESIAN_POINT('',(-68.25,-5.765209719854,7.5));
#3876 = DIRECTION('',(0.,1.,0.));
#3877 = DIRECTION('',(-1.,0.,2.22044604925E-15));
#3878 = DEFINITIONAL_REPRESENTATION('',(#3879),#3905);
#3879 = B_SPLINE_CURVE_WITH_KNOTS('',3,(#3880,#3881,#3882,#3883,#3884,
    #3885,#3886,#3887,#3888,#3889,#3890,#3891,#3892,#3893,#3894,#3895,
    #3896,#3897,#3898,#3899,#3900,#3901,#3902,#3903,#3904),
  .UNSPECIFIED.,.F.,.F.,(4,1,1,1,1,1,1,1,1,1,1,1,1,1,1,1,1,1,1,1,1,1,4),
  (-5.139888514805E-12,0.285599332139,0.571198664284,0.856797996428,
    1.142397328573,1.427996660717,1.713595992862,1.999195325007,
    2.284794657151,2.570393989296,2.85599332144,3.141592653585,
    3.427191985729,3.712791317874,3.998390650018,4.283989982163,
    4.569589314307,4.855188646452,5.140787978596,5.426387310741,
    5.711986642885,5.99758597503,6.283185307174),.UNSPECIFIED.);
#3880 = CARTESIAN_POINT('',(3.14159265359,-2.055685102904));
#3881 = CARTESIAN_POINT('',(3.236792430971,-2.0556308989));
#3882 = CARTESIAN_POINT('',(3.427191985734,-2.058578054081));
#3883 = CARTESIAN_POINT('',(3.712791317879,-2.07110273735));
#3884 = CARTESIAN_POINT('',(3.998390650023,-2.090905492119));
#3885 = CARTESIAN_POINT('',(4.283989982168,-2.116331429139));
#3886 = CARTESIAN_POINT('',(4.569589314312,-2.145334245174));
#3887 = CARTESIAN_POINT('',(4.855188646457,-2.175560672512));
#3888 = CARTESIAN_POINT('',(5.140787978601,-2.204562918978));
#3889 = CARTESIAN_POINT('',(5.426387310746,-2.229991134274));
#3890 = CARTESIAN_POINT('',(5.711986642891,-2.249785345506));
#3891 = CARTESIAN_POINT('',(5.997585975035,-2.26234192465));
#3892 = CARTESIAN_POINT('',(6.28318530718,-2.266643617456));
#3893 = CARTESIAN_POINT('',(6.568784639324,-2.26234192465));
#3894 = CARTESIAN_POINT('',(6.854383971469,-2.249785345506));
#3895 = CARTESIAN_POINT('',(7.139983303613,-2.229991134274));
#3896 = CARTESIAN_POINT('',(7.425582635758,-2.204562918978));
#3897 = CARTESIAN_POINT('',(7.711181967902,-2.175560672512));
#3898 = CARTESIAN_POINT('',(7.996781300047,-2.145334245174));
#3899 = CARTESIAN_POINT('',(8.282380632191,-2.116331429139));
#3900 = CARTESIAN_POINT('',(8.567979964336,-2.090905492119));
#3901 = CARTESIAN_POINT('',(8.85357929648,-2.07110273735));
#3902 = CARTESIAN_POINT('',(9.139178628625,-2.058578054081));
#3903 = CARTESIAN_POINT('',(9.329578183388,-2.0556308989));
#3904 = CARTESIAN_POINT('',(9.424777960769,-2.055685102904));
#3905 = ( GEOMETRIC_REPRESENTATION_CONTEXT(2) 
PARAMETRIC_REPRESENTATION_CONTEXT() REPRESENTATION_CONTEXT('2D SPACE',''
  ) );
#3906 = ADVANCED_FACE('',(#3907),#712,.T.);
#3907 = FACE_BOUND('',#3908,.T.);
#3908 = EDGE_LOOP('',(#3909,#3910,#3931,#3932));
#3909 = ORIENTED_EDGE('',*,*,#1042,.T.);
#3910 = ORIENTED_EDGE('',*,*,#3911,.T.);
#3911 = EDGE_CURVE('',#971,#697,#3912,.T.);
#3912 = SURFACE_CURVE('',#3913,(#3917,#3924),.PCURVE_S1.);
#3913 = LINE('',#3914,#3915);
#3914 = CARTESIAN_POINT('',(72.75,-3.,4.291796067501));
#3915 = VECTOR('',#3916,1.);
#3916 = DIRECTION('',(0.,0.,1.));
#3917 = PCURVE('',#712,#3918);
#3918 = DEFINITIONAL_REPRESENTATION('',(#3919),#3923);
#3919 = LINE('',#3920,#3921);
#3920 = CARTESIAN_POINT('',(0.,-2.6182597393E-02));
#3921 = VECTOR('',#3922,1.);
#3922 = DIRECTION('',(1.,0.));
#3923 = ( GEOMETRIC_REPRESENTATION_CONTEXT(2) 
PARAMETRIC_REPRESENTATION_CONTEXT() REPRESENTATION_CONTEXT('2D SPACE',''
  ) );
#3924 = PCURVE('',#741,#3925);
#3925 = DEFINITIONAL_REPRESENTATION('',(#3926),#3930);
#3926 = LINE('',#3927,#3928);
#3927 = CARTESIAN_POINT('',(0.,-5.35410196625));
#3928 = VECTOR('',#3929,1.);
#3929 = DIRECTION('',(0.,1.));
#3930 = ( GEOMETRIC_REPRESENTATION_CONTEXT(2) 
PARAMETRIC_REPRESENTATION_CONTEXT() REPRESENTATION_CONTEXT('2D SPACE',''
  ) );
#3931 = ORIENTED_EDGE('',*,*,#696,.F.);
#3932 = ORIENTED_EDGE('',*,*,#3828,.F.);
#3933 = ADVANCED_FACE('',(#3934),#741,.T.);
#3934 = FACE_BOUND('',#3935,.T.);
#3935 = EDGE_LOOP('',(#3936,#3937,#3938,#3939,#3940));
#3936 = ORIENTED_EDGE('',*,*,#970,.T.);
#3937 = ORIENTED_EDGE('',*,*,#898,.T.);
#3938 = ORIENTED_EDGE('',*,*,#803,.T.);
#3939 = ORIENTED_EDGE('',*,*,#724,.F.);
#3940 = ORIENTED_EDGE('',*,*,#3911,.F.);
#3941 = ADVANCED_FACE('',(#3942,#3973),#1157,.T.);
#3942 = FACE_BOUND('',#3943,.T.);
#3943 = EDGE_LOOP('',(#3944,#3945,#3946,#3947));
#3944 = ORIENTED_EDGE('',*,*,#2630,.F.);
#3945 = ORIENTED_EDGE('',*,*,#3755,.T.);
#3946 = ORIENTED_EDGE('',*,*,#1141,.F.);
#3947 = ORIENTED_EDGE('',*,*,#3948,.F.);
#3948 = EDGE_CURVE('',#2631,#1114,#3949,.T.);
#3949 = SURFACE_CURVE('',#3950,(#3955,#3966),.PCURVE_S1.);
#3950 = CIRCLE('',#3951,7.5);
#3951 = AXIS2_PLACEMENT_3D('',#3952,#3953,#3954);
#3952 = CARTESIAN_POINT('',(-68.25,-3.5,7.5));
#3953 = DIRECTION('',(0.,-1.,0.));
#3954 = DIRECTION('',(4.175802390219E-02,0.,-0.999127753313));
#3955 = PCURVE('',#1157,#3956);
#3956 = DEFINITIONAL_REPRESENTATION('',(#3957),#3965);
#3957 = ( BOUNDED_CURVE() B_SPLINE_CURVE(2,(#3958,#3959,#3960,#3961,
#3962,#3963,#3964),.UNSPECIFIED.,.T.,.F.) B_SPLINE_CURVE_WITH_KNOTS((1,2
    ,2,2,2,1),(-2.094395102393,0.,2.094395102393,4.188790204786,
6.28318530718,8.377580409573),.UNSPECIFIED.) CURVE() 
GEOMETRIC_REPRESENTATION_ITEM() RATIONAL_B_SPLINE_CURVE((1.,0.5,1.,0.5,
1.,0.5,1.)) REPRESENTATION_ITEM('') );
#3958 = CARTESIAN_POINT('',(-15.14450197066,0.925830636576));
#3959 = CARTESIAN_POINT('',(-14.60204932799,13.9048808765));
#3960 = CARTESIAN_POINT('',(-3.633088424558,6.945577987639));
#3961 = CARTESIAN_POINT('',(7.335872478877,-1.372490122285E-02));
#3962 = CARTESIAN_POINT('',(-4.175541067225,-6.033472252285));
#3963 = CARTESIAN_POINT('',(-15.68695461332,-12.05321960334));
#3964 = CARTESIAN_POINT('',(-15.14450197066,0.925830636576));
#3965 = ( GEOMETRIC_REPRESENTATION_CONTEXT(2) 
PARAMETRIC_REPRESENTATION_CONTEXT() REPRESENTATION_CONTEXT('2D SPACE',''
  ) );
#3966 = PCURVE('',#1129,#3967);
#3967 = DEFINITIONAL_REPRESENTATION('',(#3968),#3972);
#3968 = LINE('',#3969,#3970);
#3969 = CARTESIAN_POINT('',(10.957235910425,2.363994761578));
#3970 = VECTOR('',#3971,1.);
#3971 = DIRECTION('',(-1.,0.));
#3972 = ( GEOMETRIC_REPRESENTATION_CONTEXT(2) 
PARAMETRIC_REPRESENTATION_CONTEXT() REPRESENTATION_CONTEXT('2D SPACE',''
  ) );
#3973 = FACE_BOUND('',#3974,.T.);
#3974 = EDGE_LOOP('',(#3975));
#3975 = ORIENTED_EDGE('',*,*,#3976,.T.);
#3976 = EDGE_CURVE('',#3977,#3977,#3979,.T.);
#3977 = VERTEX_POINT('',#3978);
#3978 = CARTESIAN_POINT('',(-65.25,-3.5,7.5));
#3979 = SURFACE_CURVE('',#3980,(#3985,#3996),.PCURVE_S1.);
#3980 = CIRCLE('',#3981,3.);
#3981 = AXIS2_PLACEMENT_3D('',#3982,#3983,#3984);
#3982 = CARTESIAN_POINT('',(-68.25,-3.5,7.5));
#3983 = DIRECTION('',(0.,-1.,0.));
#3984 = DIRECTION('',(-0.813826036051,0.,0.581108581115));
#3985 = PCURVE('',#1157,#3986);
#3986 = DEFINITIONAL_REPRESENTATION('',(#3987),#3995);
#3987 = ( BOUNDED_CURVE() B_SPLINE_CURVE(2,(#3988,#3989,#3990,#3991,
#3992,#3993,#3994),.UNSPECIFIED.,.T.,.F.) B_SPLINE_CURVE_WITH_KNOTS((1,2
    ,2,2,2,1),(-2.094395102393,0.,2.094395102393,4.188790204786,
6.28318530718,8.377580409573),.UNSPECIFIED.) CURVE() 
GEOMETRIC_REPRESENTATION_ITEM() RATIONAL_B_SPLINE_CURVE((1.,0.5,1.,0.5,
1.,0.5,1.)) REPRESENTATION_ITEM('') );
#3988 = CARTESIAN_POINT('',(-5.907718077469,-1.828832650843));
#3989 = CARTESIAN_POINT('',(-10.13648220635,-4.848361412459));
#3990 = CARTESIAN_POINT('',(-10.63708875693,0.323620130578));
#3991 = CARTESIAN_POINT('',(-11.1376953075,5.495601673616));
#3992 = CARTESIAN_POINT('',(-6.408324628042,3.343148892195));
#3993 = CARTESIAN_POINT('',(-1.678953948581,1.190696110773));
#3994 = CARTESIAN_POINT('',(-5.907718077469,-1.828832650843));
#3995 = ( GEOMETRIC_REPRESENTATION_CONTEXT(2) 
PARAMETRIC_REPRESENTATION_CONTEXT() REPRESENTATION_CONTEXT('2D SPACE',''
  ) );
#3996 = PCURVE('',#3873,#3997);
#3997 = DEFINITIONAL_REPRESENTATION('',(#3998),#4002);
#3998 = LINE('',#3999,#4000);
#3999 = CARTESIAN_POINT('',(13.186460828004,2.265209719854));
#4000 = VECTOR('',#4001,1.);
#4001 = DIRECTION('',(-1.,0.));
#4002 = ( GEOMETRIC_REPRESENTATION_CONTEXT(2) 
PARAMETRIC_REPRESENTATION_CONTEXT() REPRESENTATION_CONTEXT('2D SPACE',''
  ) );
#4003 = ADVANCED_FACE('',(#4004),#1129,.T.);
#4004 = FACE_BOUND('',#4005,.T.);
#4005 = EDGE_LOOP('',(#4006,#4007,#4008,#4009));
#4006 = ORIENTED_EDGE('',*,*,#3948,.T.);
#4007 = ORIENTED_EDGE('',*,*,#1113,.F.);
#4008 = ORIENTED_EDGE('',*,*,#3782,.F.);
#4009 = ORIENTED_EDGE('',*,*,#2653,.T.);
#4010 = ADVANCED_FACE('',(#4011),#1211,.F.);
#4011 = FACE_BOUND('',#4012,.F.);
#4012 = EDGE_LOOP('',(#4013,#4034,#4035,#4063));
#4013 = ORIENTED_EDGE('',*,*,#4014,.T.);
#4014 = EDGE_CURVE('',#1193,#3559,#4015,.T.);
#4015 = SURFACE_CURVE('',#4016,(#4020,#4027),.PCURVE_S1.);
#4016 = LINE('',#4017,#4018);
#4017 = CARTESIAN_POINT('',(44.5,-6.123233995737E-16,-5.));
#4018 = VECTOR('',#4019,1.);
#4019 = DIRECTION('',(0.,0.,1.));
#4020 = PCURVE('',#1211,#4021);
#4021 = DEFINITIONAL_REPRESENTATION('',(#4022),#4026);
#4022 = LINE('',#4023,#4024);
#4023 = CARTESIAN_POINT('',(6.28318530718,-0.));
#4024 = VECTOR('',#4025,1.);
#4025 = DIRECTION('',(0.,1.));
#4026 = ( GEOMETRIC_REPRESENTATION_CONTEXT(2) 
PARAMETRIC_REPRESENTATION_CONTEXT() REPRESENTATION_CONTEXT('2D SPACE',''
  ) );
#4027 = PCURVE('',#1260,#4028);
#4028 = DEFINITIONAL_REPRESENTATION('',(#4029),#4033);
#4029 = LINE('',#4030,#4031);
#4030 = CARTESIAN_POINT('',(0.,-0.));
#4031 = VECTOR('',#4032,1.);
#4032 = DIRECTION('',(0.,1.));
#4033 = ( GEOMETRIC_REPRESENTATION_CONTEXT(2) 
PARAMETRIC_REPRESENTATION_CONTEXT() REPRESENTATION_CONTEXT('2D SPACE',''
  ) );
#4034 = ORIENTED_EDGE('',*,*,#3604,.F.);
#4035 = ORIENTED_EDGE('',*,*,#4036,.F.);
#4036 = EDGE_CURVE('',#1195,#3605,#4037,.T.);
#4037 = SURFACE_CURVE('',#4038,(#4043,#4053),.PCURVE_S1.);
#4038 = ELLIPSE('',#4039,143.24672124636,2.5);
#4039 = AXIS2_PLACEMENT_3D('',#4040,#4041,#4042);
#4040 = CARTESIAN_POINT('',(42.,0.,11.154556745775));
#4041 = DIRECTION('',(-0.999847695156,0.,1.745240643728E-02));
#4042 = DIRECTION('',(1.745240643728E-02,0.,0.999847695156));
#4043 = PCURVE('',#1211,#4044);
#4044 = DEFINITIONAL_REPRESENTATION('',(#4045),#4052);
#4045 = B_SPLINE_CURVE_WITH_KNOTS('',5,(#4046,#4047,#4048,#4049,#4050,
    #4051),.UNSPECIFIED.,.F.,.F.,(6,6),(4.665818946156,4.712388980385),
  .PIECEWISE_BEZIER_KNOTS.);
#4046 = CARTESIAN_POINT('',(4.665818946156,9.486978742198));
#4047 = CARTESIAN_POINT('',(4.675132953002,10.819530174808));
#4048 = CARTESIAN_POINT('',(4.684446959848,12.152804628936));
#4049 = CARTESIAN_POINT('',(4.693760966693,13.486561271673));
#4050 = CARTESIAN_POINT('',(4.703074973539,14.820559008725));
#4051 = CARTESIAN_POINT('',(4.712388980385,16.154556745775));
#4052 = ( GEOMETRIC_REPRESENTATION_CONTEXT(2) 
PARAMETRIC_REPRESENTATION_CONTEXT() REPRESENTATION_CONTEXT('2D SPACE',''
  ) );
#4053 = PCURVE('',#1356,#4054);
#4054 = DEFINITIONAL_REPRESENTATION('',(#4055),#4062);
#4055 = B_SPLINE_CURVE_WITH_KNOTS('',5,(#4056,#4057,#4058,#4059,#4060,
    #4061),.UNSPECIFIED.,.F.,.F.,(6,6),(4.665818946156,4.712388980385),
  .PIECEWISE_BEZIER_KNOTS.);
#4056 = CARTESIAN_POINT('',(4.665818946156,56.667578003577));
#4057 = CARTESIAN_POINT('',(4.675132953002,55.335026570968));
#4058 = CARTESIAN_POINT('',(4.684446959848,54.00175211684));
#4059 = CARTESIAN_POINT('',(4.693760966693,52.667995474102));
#4060 = CARTESIAN_POINT('',(4.703074973539,51.333997737051));
#4061 = CARTESIAN_POINT('',(4.712388980385,50.));
#4062 = ( GEOMETRIC_REPRESENTATION_CONTEXT(2) 
PARAMETRIC_REPRESENTATION_CONTEXT() REPRESENTATION_CONTEXT('2D SPACE',''
  ) );
#4063 = ORIENTED_EDGE('',*,*,#1192,.F.);
#4064 = ADVANCED_FACE('',(#4065),#1356,.F.);
#4065 = FACE_BOUND('',#4066,.F.);
#4066 = EDGE_LOOP('',(#4067,#4090,#4091,#4092));
#4067 = ORIENTED_EDGE('',*,*,#4068,.T.);
#4068 = EDGE_CURVE('',#4069,#1293,#4071,.T.);
#4069 = VERTEX_POINT('',#4070);
#4070 = CARTESIAN_POINT('',(39.5,-6.123233995737E-16,11.198194408098));
#4071 = SURFACE_CURVE('',#4072,(#4076,#4083),.PCURVE_S1.);
#4072 = LINE('',#4073,#4074);
#4073 = CARTESIAN_POINT('',(41.246497767577,-6.123233995737E-16,
    61.211346838487));
#4074 = VECTOR('',#4075,1.);
#4075 = DIRECTION('',(-3.48994967025E-02,-1.821954762786E-34,
    -0.999390827019));
#4076 = PCURVE('',#1356,#4077);
#4077 = DEFINITIONAL_REPRESENTATION('',(#4078),#4082);
#4078 = LINE('',#4079,#4080);
#4079 = CARTESIAN_POINT('',(6.28318530718,-0.));
#4080 = VECTOR('',#4081,1.);
#4081 = DIRECTION('',(0.,1.));
#4082 = ( GEOMETRIC_REPRESENTATION_CONTEXT(2) 
PARAMETRIC_REPRESENTATION_CONTEXT() REPRESENTATION_CONTEXT('2D SPACE',''
  ) );
#4083 = PCURVE('',#1309,#4084);
#4084 = DEFINITIONAL_REPRESENTATION('',(#4085),#4089);
#4085 = LINE('',#4086,#4087);
#4086 = CARTESIAN_POINT('',(0.,-0.));
#4087 = VECTOR('',#4088,1.);
#4088 = DIRECTION('',(0.,1.));
#4089 = ( GEOMETRIC_REPRESENTATION_CONTEXT(2) 
PARAMETRIC_REPRESENTATION_CONTEXT() REPRESENTATION_CONTEXT('2D SPACE',''
  ) );
#4090 = ORIENTED_EDGE('',*,*,#1341,.F.);
#4091 = ORIENTED_EDGE('',*,*,#4036,.T.);
#4092 = ORIENTED_EDGE('',*,*,#4093,.F.);
#4093 = EDGE_CURVE('',#4069,#3605,#4094,.T.);
#4094 = SURFACE_CURVE('',#4095,(#4100,#4111),.PCURVE_S1.);
#4095 = ELLIPSE('',#4096,2.50038082011,2.5);
#4096 = AXIS2_PLACEMENT_3D('',#4097,#4098,#4099);
#4097 = CARTESIAN_POINT('',(42.,0.,11.154556745775));
#4098 = DIRECTION('',(1.745240643728E-02,0.,0.999847695156));
#4099 = DIRECTION('',(-0.999847695156,0.,1.745240643728E-02));
#4100 = PCURVE('',#1356,#4101);
#4101 = DEFINITIONAL_REPRESENTATION('',(#4102),#4110);
#4102 = B_SPLINE_CURVE_WITH_KNOTS('',6,(#4103,#4104,#4105,#4106,#4107,
    #4108,#4109),.UNSPECIFIED.,.F.,.F.,(7,7),(0.,1.570796326795),
  .PIECEWISE_BEZIER_KNOTS.);
#4103 = CARTESIAN_POINT('',(6.28318530718,50.043637662321));
#4104 = CARTESIAN_POINT('',(6.02138591938,50.043637662321));
#4105 = CARTESIAN_POINT('',(5.759586531581,50.04004936432));
#4106 = CARTESIAN_POINT('',(5.497787143782,50.032867434236));
#4107 = CARTESIAN_POINT('',(5.235987755983,50.022847753924));
#4108 = CARTESIAN_POINT('',(4.974188368184,50.011424313281));
#4109 = CARTESIAN_POINT('',(4.712388980385,50.));
#4110 = ( GEOMETRIC_REPRESENTATION_CONTEXT(2) 
PARAMETRIC_REPRESENTATION_CONTEXT() REPRESENTATION_CONTEXT('2D SPACE',''
  ) );
#4111 = PCURVE('',#3663,#4112);
#4112 = DEFINITIONAL_REPRESENTATION('',(#4113),#4121);
#4113 = B_SPLINE_CURVE_WITH_KNOTS('',6,(#4114,#4115,#4116,#4117,#4118,
    #4119,#4120),.UNSPECIFIED.,.F.,.F.,(7,7),(0.,1.570796326795),
  .PIECEWISE_BEZIER_KNOTS.);
#4114 = CARTESIAN_POINT('',(3.14159265359,16.198194408096));
#4115 = CARTESIAN_POINT('',(3.403392041389,16.198194408096));
#4116 = CARTESIAN_POINT('',(3.665191429188,16.194606110095));
#4117 = CARTESIAN_POINT('',(3.926990816987,16.187424180013));
#4118 = CARTESIAN_POINT('',(4.188790204786,16.177404499699));
#4119 = CARTESIAN_POINT('',(4.450589592586,16.165981059056));
#4120 = CARTESIAN_POINT('',(4.712388980385,16.154556745775));
#4121 = ( GEOMETRIC_REPRESENTATION_CONTEXT(2) 
PARAMETRIC_REPRESENTATION_CONTEXT() REPRESENTATION_CONTEXT('2D SPACE',''
  ) );
#4122 = ADVANCED_FACE('',(#4123),#1309,.F.);
#4123 = FACE_BOUND('',#4124,.F.);
#4124 = EDGE_LOOP('',(#4125,#4126,#4127,#4157));
#4125 = ORIENTED_EDGE('',*,*,#1292,.F.);
#4126 = ORIENTED_EDGE('',*,*,#4068,.F.);
#4127 = ORIENTED_EDGE('',*,*,#4128,.F.);
#4128 = EDGE_CURVE('',#3561,#4069,#4129,.T.);
#4129 = SURFACE_CURVE('',#4130,(#4135,#4146),.PCURVE_S1.);
#4130 = ELLIPSE('',#4131,2.50038082011,2.5);
#4131 = AXIS2_PLACEMENT_3D('',#4132,#4133,#4134);
#4132 = CARTESIAN_POINT('',(42.,0.,11.154556745775));
#4133 = DIRECTION('',(1.745240643728E-02,0.,0.999847695156));
#4134 = DIRECTION('',(-0.999847695156,0.,1.745240643728E-02));
#4135 = PCURVE('',#1309,#4136);
#4136 = DEFINITIONAL_REPRESENTATION('',(#4137),#4145);
#4137 = B_SPLINE_CURVE_WITH_KNOTS('',6,(#4138,#4139,#4140,#4141,#4142,
    #4143,#4144),.UNSPECIFIED.,.F.,.F.,(7,7),(4.712388980385,
    6.28318530718),.PIECEWISE_BEZIER_KNOTS.);
#4138 = CARTESIAN_POINT('',(1.570796326795,50.));
#4139 = CARTESIAN_POINT('',(1.308996938996,50.011424313281));
#4140 = CARTESIAN_POINT('',(1.047197551197,50.022847753924));
#4141 = CARTESIAN_POINT('',(0.785398163397,50.032867434237));
#4142 = CARTESIAN_POINT('',(0.523598775598,50.04004936432));
#4143 = CARTESIAN_POINT('',(0.261799387799,50.043637662321));
#4144 = CARTESIAN_POINT('',(2.449293598295E-16,50.043637662321));
#4145 = ( GEOMETRIC_REPRESENTATION_CONTEXT(2) 
PARAMETRIC_REPRESENTATION_CONTEXT() REPRESENTATION_CONTEXT('2D SPACE',''
  ) );
#4146 = PCURVE('',#3663,#4147);
#4147 = DEFINITIONAL_REPRESENTATION('',(#4148),#4156);
#4148 = B_SPLINE_CURVE_WITH_KNOTS('',6,(#4149,#4150,#4151,#4152,#4153,
    #4154,#4155),.UNSPECIFIED.,.F.,.F.,(7,7),(4.712388980385,
    6.28318530718),.PIECEWISE_BEZIER_KNOTS.);
#4149 = CARTESIAN_POINT('',(1.570796326795,16.154556745775));
#4150 = CARTESIAN_POINT('',(1.832595714594,16.165981059056));
#4151 = CARTESIAN_POINT('',(2.094395102393,16.177404499698));
#4152 = CARTESIAN_POINT('',(2.356194490192,16.187424180014));
#4153 = CARTESIAN_POINT('',(2.617993877991,16.194606110095));
#4154 = CARTESIAN_POINT('',(2.879793265791,16.198194408096));
#4155 = CARTESIAN_POINT('',(3.14159265359,16.198194408096));
#4156 = ( GEOMETRIC_REPRESENTATION_CONTEXT(2) 
PARAMETRIC_REPRESENTATION_CONTEXT() REPRESENTATION_CONTEXT('2D SPACE',''
  ) );
#4157 = ORIENTED_EDGE('',*,*,#4158,.T.);
#4158 = EDGE_CURVE('',#3561,#1244,#4159,.T.);
#4159 = SURFACE_CURVE('',#4160,(#4165,#4175),.PCURVE_S1.);
#4160 = ELLIPSE('',#4161,143.24672124636,2.5);
#4161 = AXIS2_PLACEMENT_3D('',#4162,#4163,#4164);
#4162 = CARTESIAN_POINT('',(42.,0.,11.154556745775));
#4163 = DIRECTION('',(-0.999847695156,0.,1.745240643728E-02));
#4164 = DIRECTION('',(1.745240643728E-02,0.,0.999847695156));
#4165 = PCURVE('',#1309,#4166);
#4166 = DEFINITIONAL_REPRESENTATION('',(#4167),#4174);
#4167 = B_SPLINE_CURVE_WITH_KNOTS('',5,(#4168,#4169,#4170,#4171,#4172,
    #4173),.UNSPECIFIED.,.F.,.F.,(6,6),(1.570796326795,1.617366361024),
  .PIECEWISE_BEZIER_KNOTS.);
#4168 = CARTESIAN_POINT('',(1.570796326795,50.));
#4169 = CARTESIAN_POINT('',(1.580110333641,51.333997737051));
#4170 = CARTESIAN_POINT('',(1.589424340486,52.667995474102));
#4171 = CARTESIAN_POINT('',(1.598738347332,54.001752116839));
#4172 = CARTESIAN_POINT('',(1.608052354178,55.335026570968));
#4173 = CARTESIAN_POINT('',(1.617366361024,56.667578003577));
#4174 = ( GEOMETRIC_REPRESENTATION_CONTEXT(2) 
PARAMETRIC_REPRESENTATION_CONTEXT() REPRESENTATION_CONTEXT('2D SPACE',''
  ) );
#4175 = PCURVE('',#1260,#4176);
#4176 = DEFINITIONAL_REPRESENTATION('',(#4177),#4184);
#4177 = B_SPLINE_CURVE_WITH_KNOTS('',5,(#4178,#4179,#4180,#4181,#4182,
    #4183),.UNSPECIFIED.,.F.,.F.,(6,6),(1.570796326795,1.617366361024),
  .PIECEWISE_BEZIER_KNOTS.);
#4178 = CARTESIAN_POINT('',(1.570796326795,16.154556745775));
#4179 = CARTESIAN_POINT('',(1.580110333641,14.820559008725));
#4180 = CARTESIAN_POINT('',(1.589424340486,13.486561271673));
#4181 = CARTESIAN_POINT('',(1.598738347332,12.152804628936));
#4182 = CARTESIAN_POINT('',(1.608052354178,10.819530174808));
#4183 = CARTESIAN_POINT('',(1.617366361024,9.486978742198));
#4184 = ( GEOMETRIC_REPRESENTATION_CONTEXT(2) 
PARAMETRIC_REPRESENTATION_CONTEXT() REPRESENTATION_CONTEXT('2D SPACE',''
  ) );
#4185 = ADVANCED_FACE('',(#4186),#1260,.F.);
#4186 = FACE_BOUND('',#4187,.F.);
#4187 = EDGE_LOOP('',(#4188,#4189,#4190,#4191));
#4188 = ORIENTED_EDGE('',*,*,#3558,.F.);
#4189 = ORIENTED_EDGE('',*,*,#4014,.F.);
#4190 = ORIENTED_EDGE('',*,*,#1243,.F.);
#4191 = ORIENTED_EDGE('',*,*,#4158,.F.);
#4192 = ADVANCED_FACE('',(#4193),#1409,.F.);
#4193 = FACE_BOUND('',#4194,.F.);
#4194 = EDGE_LOOP('',(#4195,#4216,#4217,#4245));
#4195 = ORIENTED_EDGE('',*,*,#4196,.T.);
#4196 = EDGE_CURVE('',#1391,#3420,#4197,.T.);
#4197 = SURFACE_CURVE('',#4198,(#4202,#4209),.PCURVE_S1.);
#4198 = LINE('',#4199,#4200);
#4199 = CARTESIAN_POINT('',(29.17,-6.123233995737E-16,-5.));
#4200 = VECTOR('',#4201,1.);
#4201 = DIRECTION('',(0.,0.,1.));
#4202 = PCURVE('',#1409,#4203);
#4203 = DEFINITIONAL_REPRESENTATION('',(#4204),#4208);
#4204 = LINE('',#4205,#4206);
#4205 = CARTESIAN_POINT('',(6.28318530718,-0.));
#4206 = VECTOR('',#4207,1.);
#4207 = DIRECTION('',(0.,1.));
#4208 = ( GEOMETRIC_REPRESENTATION_CONTEXT(2) 
PARAMETRIC_REPRESENTATION_CONTEXT() REPRESENTATION_CONTEXT('2D SPACE',''
  ) );
#4209 = PCURVE('',#1458,#4210);
#4210 = DEFINITIONAL_REPRESENTATION('',(#4211),#4215);
#4211 = LINE('',#4212,#4213);
#4212 = CARTESIAN_POINT('',(0.,-0.));
#4213 = VECTOR('',#4214,1.);
#4214 = DIRECTION('',(0.,1.));
#4215 = ( GEOMETRIC_REPRESENTATION_CONTEXT(2) 
PARAMETRIC_REPRESENTATION_CONTEXT() REPRESENTATION_CONTEXT('2D SPACE',''
  ) );
#4216 = ORIENTED_EDGE('',*,*,#3465,.F.);
#4217 = ORIENTED_EDGE('',*,*,#4218,.F.);
#4218 = EDGE_CURVE('',#1393,#3466,#4219,.T.);
#4219 = SURFACE_CURVE('',#4220,(#4225,#4235),.PCURVE_S1.);
#4220 = ELLIPSE('',#4221,143.24672124636,2.5);
#4221 = AXIS2_PLACEMENT_3D('',#4222,#4223,#4224);
#4222 = CARTESIAN_POINT('',(26.67,0.,11.689892142084));
#4223 = DIRECTION('',(-0.999847695156,0.,1.745240643728E-02));
#4224 = DIRECTION('',(1.745240643728E-02,0.,0.999847695156));
#4225 = PCURVE('',#1409,#4226);
#4226 = DEFINITIONAL_REPRESENTATION('',(#4227),#4234);
#4227 = B_SPLINE_CURVE_WITH_KNOTS('',5,(#4228,#4229,#4230,#4231,#4232,
    #4233),.UNSPECIFIED.,.F.,.F.,(6,6),(4.657597191222,4.712388980385),
  .PIECEWISE_BEZIER_KNOTS.);
#4228 = CARTESIAN_POINT('',(4.657597191222,8.846269379186));
#4229 = CARTESIAN_POINT('',(4.668555549054,10.413423773823));
#4230 = CARTESIAN_POINT('',(4.679513906887,11.981755551202));
#4231 = CARTESIAN_POINT('',(4.690472264719,13.550872643251));
#4232 = CARTESIAN_POINT('',(4.701430622552,15.120382392669));
#4233 = CARTESIAN_POINT('',(4.712388980385,16.689892142084));
#4234 = ( GEOMETRIC_REPRESENTATION_CONTEXT(2) 
PARAMETRIC_REPRESENTATION_CONTEXT() REPRESENTATION_CONTEXT('2D SPACE',''
  ) );
#4235 = PCURVE('',#1554,#4236);
#4236 = DEFINITIONAL_REPRESENTATION('',(#4237),#4244);
#4237 = B_SPLINE_CURVE_WITH_KNOTS('',5,(#4238,#4239,#4240,#4241,#4242,
    #4243),.UNSPECIFIED.,.F.,.F.,(6,6),(4.657597191222,4.712388980385),
  .PIECEWISE_BEZIER_KNOTS.);
#4238 = CARTESIAN_POINT('',(4.657597191222,57.843622762898));
#4239 = CARTESIAN_POINT('',(4.668555549054,56.276468368261));
#4240 = CARTESIAN_POINT('',(4.679513906887,54.708136590882));
#4241 = CARTESIAN_POINT('',(4.690472264719,53.139019498833));
#4242 = CARTESIAN_POINT('',(4.701430622552,51.569509749415));
#4243 = CARTESIAN_POINT('',(4.712388980385,50.));
#4244 = ( GEOMETRIC_REPRESENTATION_CONTEXT(2) 
PARAMETRIC_REPRESENTATION_CONTEXT() REPRESENTATION_CONTEXT('2D SPACE',''
  ) );
#4245 = ORIENTED_EDGE('',*,*,#1390,.F.);
#4246 = ADVANCED_FACE('',(#4247),#1554,.F.);
#4247 = FACE_BOUND('',#4248,.F.);
#4248 = EDGE_LOOP('',(#4249,#4272,#4273,#4274));
#4249 = ORIENTED_EDGE('',*,*,#4250,.T.);
#4250 = EDGE_CURVE('',#4251,#1491,#4253,.T.);
#4251 = VERTEX_POINT('',#4252);
#4252 = CARTESIAN_POINT('',(24.17,-6.123233995737E-16,11.733529804405));
#4253 = SURFACE_CURVE('',#4254,(#4258,#4265),.PCURVE_S1.);
#4254 = LINE('',#4255,#4256);
#4255 = CARTESIAN_POINT('',(25.916497767577,-6.123233995737E-16,
    61.746682234795));
#4256 = VECTOR('',#4257,1.);
#4257 = DIRECTION('',(-3.48994967025E-02,-1.821954762786E-34,
    -0.999390827019));
#4258 = PCURVE('',#1554,#4259);
#4259 = DEFINITIONAL_REPRESENTATION('',(#4260),#4264);
#4260 = LINE('',#4261,#4262);
#4261 = CARTESIAN_POINT('',(6.28318530718,-0.));
#4262 = VECTOR('',#4263,1.);
#4263 = DIRECTION('',(0.,1.));
#4264 = ( GEOMETRIC_REPRESENTATION_CONTEXT(2) 
PARAMETRIC_REPRESENTATION_CONTEXT() REPRESENTATION_CONTEXT('2D SPACE',''
  ) );
#4265 = PCURVE('',#1507,#4266);
#4266 = DEFINITIONAL_REPRESENTATION('',(#4267),#4271);
#4267 = LINE('',#4268,#4269);
#4268 = CARTESIAN_POINT('',(0.,-0.));
#4269 = VECTOR('',#4270,1.);
#4270 = DIRECTION('',(0.,1.));
#4271 = ( GEOMETRIC_REPRESENTATION_CONTEXT(2) 
PARAMETRIC_REPRESENTATION_CONTEXT() REPRESENTATION_CONTEXT('2D SPACE',''
  ) );
#4272 = ORIENTED_EDGE('',*,*,#1539,.F.);
#4273 = ORIENTED_EDGE('',*,*,#4218,.T.);
#4274 = ORIENTED_EDGE('',*,*,#4275,.F.);
#4275 = EDGE_CURVE('',#4251,#3466,#4276,.T.);
#4276 = SURFACE_CURVE('',#4277,(#4282,#4293),.PCURVE_S1.);
#4277 = ELLIPSE('',#4278,2.50038082011,2.5);
#4278 = AXIS2_PLACEMENT_3D('',#4279,#4280,#4281);
#4279 = CARTESIAN_POINT('',(26.67,0.,11.689892142084));
#4280 = DIRECTION('',(1.745240643728E-02,0.,0.999847695156));
#4281 = DIRECTION('',(-0.999847695156,0.,1.745240643728E-02));
#4282 = PCURVE('',#1554,#4283);
#4283 = DEFINITIONAL_REPRESENTATION('',(#4284),#4292);
#4284 = B_SPLINE_CURVE_WITH_KNOTS('',6,(#4285,#4286,#4287,#4288,#4289,
    #4290,#4291),.UNSPECIFIED.,.F.,.F.,(7,7),(0.,1.570796326795),
  .PIECEWISE_BEZIER_KNOTS.);
#4285 = CARTESIAN_POINT('',(6.28318530718,50.043637662321));
#4286 = CARTESIAN_POINT('',(6.02138591938,50.043637662321));
#4287 = CARTESIAN_POINT('',(5.759586531581,50.040049364319));
#4288 = CARTESIAN_POINT('',(5.497787143782,50.032867434238));
#4289 = CARTESIAN_POINT('',(5.235987755983,50.022847753922));
#4290 = CARTESIAN_POINT('',(4.974188368184,50.01142431328));
#4291 = CARTESIAN_POINT('',(4.712388980385,50.));
#4292 = ( GEOMETRIC_REPRESENTATION_CONTEXT(2) 
PARAMETRIC_REPRESENTATION_CONTEXT() REPRESENTATION_CONTEXT('2D SPACE',''
  ) );
#4293 = PCURVE('',#3524,#4294);
#4294 = DEFINITIONAL_REPRESENTATION('',(#4295),#4303);
#4295 = B_SPLINE_CURVE_WITH_KNOTS('',6,(#4296,#4297,#4298,#4299,#4300,
    #4301,#4302),.UNSPECIFIED.,.F.,.F.,(7,7),(0.,1.570796326795),
  .PIECEWISE_BEZIER_KNOTS.);
#4296 = CARTESIAN_POINT('',(3.14159265359,16.733529804405));
#4297 = CARTESIAN_POINT('',(3.403392041389,16.733529804405));
#4298 = CARTESIAN_POINT('',(3.665191429188,16.729941506403));
#4299 = CARTESIAN_POINT('',(3.926990816987,16.722759576322));
#4300 = CARTESIAN_POINT('',(4.188790204786,16.712739896007));
#4301 = CARTESIAN_POINT('',(4.450589592586,16.701316455365));
#4302 = CARTESIAN_POINT('',(4.712388980385,16.689892142084));
#4303 = ( GEOMETRIC_REPRESENTATION_CONTEXT(2) 
PARAMETRIC_REPRESENTATION_CONTEXT() REPRESENTATION_CONTEXT('2D SPACE',''
  ) );
#4304 = ADVANCED_FACE('',(#4305),#1507,.F.);
#4305 = FACE_BOUND('',#4306,.F.);
#4306 = EDGE_LOOP('',(#4307,#4308,#4309,#4339));
#4307 = ORIENTED_EDGE('',*,*,#1490,.F.);
#4308 = ORIENTED_EDGE('',*,*,#4250,.F.);
#4309 = ORIENTED_EDGE('',*,*,#4310,.F.);
#4310 = EDGE_CURVE('',#3422,#4251,#4311,.T.);
#4311 = SURFACE_CURVE('',#4312,(#4317,#4328),.PCURVE_S1.);
#4312 = ELLIPSE('',#4313,2.50038082011,2.5);
#4313 = AXIS2_PLACEMENT_3D('',#4314,#4315,#4316);
#4314 = CARTESIAN_POINT('',(26.67,0.,11.689892142084));
#4315 = DIRECTION('',(1.745240643728E-02,0.,0.999847695156));
#4316 = DIRECTION('',(-0.999847695156,0.,1.745240643728E-02));
#4317 = PCURVE('',#1507,#4318);
#4318 = DEFINITIONAL_REPRESENTATION('',(#4319),#4327);
#4319 = B_SPLINE_CURVE_WITH_KNOTS('',6,(#4320,#4321,#4322,#4323,#4324,
    #4325,#4326),.UNSPECIFIED.,.F.,.F.,(7,7),(4.712388980385,
    6.28318530718),.PIECEWISE_BEZIER_KNOTS.);
#4320 = CARTESIAN_POINT('',(1.570796326795,50.));
#4321 = CARTESIAN_POINT('',(1.308996938996,50.01142431328));
#4322 = CARTESIAN_POINT('',(1.047197551197,50.022847753922));
#4323 = CARTESIAN_POINT('',(0.785398163397,50.032867434238));
#4324 = CARTESIAN_POINT('',(0.523598775598,50.040049364319));
#4325 = CARTESIAN_POINT('',(0.261799387799,50.043637662321));
#4326 = CARTESIAN_POINT('',(2.449293598295E-16,50.043637662321));
#4327 = ( GEOMETRIC_REPRESENTATION_CONTEXT(2) 
PARAMETRIC_REPRESENTATION_CONTEXT() REPRESENTATION_CONTEXT('2D SPACE',''
  ) );
#4328 = PCURVE('',#3524,#4329);
#4329 = DEFINITIONAL_REPRESENTATION('',(#4330),#4338);
#4330 = B_SPLINE_CURVE_WITH_KNOTS('',6,(#4331,#4332,#4333,#4334,#4335,
    #4336,#4337),.UNSPECIFIED.,.F.,.F.,(7,7),(4.712388980385,
    6.28318530718),.PIECEWISE_BEZIER_KNOTS.);
#4331 = CARTESIAN_POINT('',(1.570796326795,16.689892142084));
#4332 = CARTESIAN_POINT('',(1.832595714594,16.701316455365));
#4333 = CARTESIAN_POINT('',(2.094395102393,16.712739896007));
#4334 = CARTESIAN_POINT('',(2.356194490192,16.722759576322));
#4335 = CARTESIAN_POINT('',(2.617993877991,16.729941506404));
#4336 = CARTESIAN_POINT('',(2.879793265791,16.733529804405));
#4337 = CARTESIAN_POINT('',(3.14159265359,16.733529804405));
#4338 = ( GEOMETRIC_REPRESENTATION_CONTEXT(2) 
PARAMETRIC_REPRESENTATION_CONTEXT() REPRESENTATION_CONTEXT('2D SPACE',''
  ) );
#4339 = ORIENTED_EDGE('',*,*,#4340,.T.);
#4340 = EDGE_CURVE('',#3422,#1442,#4341,.T.);
#4341 = SURFACE_CURVE('',#4342,(#4347,#4357),.PCURVE_S1.);
#4342 = ELLIPSE('',#4343,143.24672124636,2.5);
#4343 = AXIS2_PLACEMENT_3D('',#4344,#4345,#4346);
#4344 = CARTESIAN_POINT('',(26.67,0.,11.689892142084));
#4345 = DIRECTION('',(-0.999847695156,0.,1.745240643728E-02));
#4346 = DIRECTION('',(1.745240643728E-02,0.,0.999847695156));
#4347 = PCURVE('',#1507,#4348);
#4348 = DEFINITIONAL_REPRESENTATION('',(#4349),#4356);
#4349 = B_SPLINE_CURVE_WITH_KNOTS('',5,(#4350,#4351,#4352,#4353,#4354,
    #4355),.UNSPECIFIED.,.F.,.F.,(6,6),(1.570796326795,1.625588115958),
  .PIECEWISE_BEZIER_KNOTS.);
#4350 = CARTESIAN_POINT('',(1.570796326795,50.));
#4351 = CARTESIAN_POINT('',(1.581754684628,51.569509749415));
#4352 = CARTESIAN_POINT('',(1.59271304246,53.139019498833));
#4353 = CARTESIAN_POINT('',(1.603671400293,54.708136590882));
#4354 = CARTESIAN_POINT('',(1.614629758125,56.276468368261));
#4355 = CARTESIAN_POINT('',(1.625588115958,57.843622762898));
#4356 = ( GEOMETRIC_REPRESENTATION_CONTEXT(2) 
PARAMETRIC_REPRESENTATION_CONTEXT() REPRESENTATION_CONTEXT('2D SPACE',''
  ) );
#4357 = PCURVE('',#1458,#4358);
#4358 = DEFINITIONAL_REPRESENTATION('',(#4359),#4366);
#4359 = B_SPLINE_CURVE_WITH_KNOTS('',5,(#4360,#4361,#4362,#4363,#4364,
    #4365),.UNSPECIFIED.,.F.,.F.,(6,6),(1.570796326795,1.625588115958),
  .PIECEWISE_BEZIER_KNOTS.);
#4360 = CARTESIAN_POINT('',(1.570796326795,16.689892142084));
#4361 = CARTESIAN_POINT('',(1.581754684628,15.120382392669));
#4362 = CARTESIAN_POINT('',(1.59271304246,13.550872643251));
#4363 = CARTESIAN_POINT('',(1.603671400293,11.981755551202));
#4364 = CARTESIAN_POINT('',(1.614629758125,10.413423773823));
#4365 = CARTESIAN_POINT('',(1.625588115958,8.846269379186));
#4366 = ( GEOMETRIC_REPRESENTATION_CONTEXT(2) 
PARAMETRIC_REPRESENTATION_CONTEXT() REPRESENTATION_CONTEXT('2D SPACE',''
  ) );
#4367 = ADVANCED_FACE('',(#4368),#1458,.F.);
#4368 = FACE_BOUND('',#4369,.F.);
#4369 = EDGE_LOOP('',(#4370,#4371,#4372,#4373));
#4370 = ORIENTED_EDGE('',*,*,#3419,.F.);
#4371 = ORIENTED_EDGE('',*,*,#4196,.F.);
#4372 = ORIENTED_EDGE('',*,*,#1441,.F.);
#4373 = ORIENTED_EDGE('',*,*,#4340,.F.);
#4374 = ADVANCED_FACE('',(#4375),#1607,.F.);
#4375 = FACE_BOUND('',#4376,.F.);
#4376 = EDGE_LOOP('',(#4377,#4398,#4399,#4427));
#4377 = ORIENTED_EDGE('',*,*,#4378,.T.);
#4378 = EDGE_CURVE('',#1589,#3281,#4379,.T.);
#4379 = SURFACE_CURVE('',#4380,(#4384,#4391),.PCURVE_S1.);
#4380 = LINE('',#4381,#4382);
#4381 = CARTESIAN_POINT('',(13.83,-6.123233995737E-16,-5.));
#4382 = VECTOR('',#4383,1.);
#4383 = DIRECTION('',(0.,0.,1.));
#4384 = PCURVE('',#1607,#4385);
#4385 = DEFINITIONAL_REPRESENTATION('',(#4386),#4390);
#4386 = LINE('',#4387,#4388);
#4387 = CARTESIAN_POINT('',(6.28318530718,-0.));
#4388 = VECTOR('',#4389,1.);
#4389 = DIRECTION('',(0.,1.));
#4390 = ( GEOMETRIC_REPRESENTATION_CONTEXT(2) 
PARAMETRIC_REPRESENTATION_CONTEXT() REPRESENTATION_CONTEXT('2D SPACE',''
  ) );
#4391 = PCURVE('',#1656,#4392);
#4392 = DEFINITIONAL_REPRESENTATION('',(#4393),#4397);
#4393 = LINE('',#4394,#4395);
#4394 = CARTESIAN_POINT('',(0.,-0.));
#4395 = VECTOR('',#4396,1.);
#4396 = DIRECTION('',(0.,1.));
#4397 = ( GEOMETRIC_REPRESENTATION_CONTEXT(2) 
PARAMETRIC_REPRESENTATION_CONTEXT() REPRESENTATION_CONTEXT('2D SPACE',''
  ) );
#4398 = ORIENTED_EDGE('',*,*,#3326,.F.);
#4399 = ORIENTED_EDGE('',*,*,#4400,.F.);
#4400 = EDGE_CURVE('',#1591,#3327,#4401,.T.);
#4401 = SURFACE_CURVE('',#4402,(#4407,#4417),.PCURVE_S1.);
#4402 = ELLIPSE('',#4403,143.24672124636,2.5);
#4403 = AXIS2_PLACEMENT_3D('',#4404,#4405,#4406);
#4404 = CARTESIAN_POINT('',(11.33,0.,12.225576746087));
#4405 = DIRECTION('',(-0.999847695156,0.,1.745240643728E-02));
#4406 = DIRECTION('',(1.745240643728E-02,0.,0.999847695156));
#4407 = PCURVE('',#1607,#4408);
#4408 = DEFINITIONAL_REPRESENTATION('',(#4409),#4416);
#4409 = B_SPLINE_CURVE_WITH_KNOTS('',5,(#4410,#4411,#4412,#4413,#4414,
    #4415),.UNSPECIFIED.,.F.,.F.,(6,6),(4.649366360092,4.712388980385),
  .PIECEWISE_BEZIER_KNOTS.);
#4410 = CARTESIAN_POINT('',(4.649366360092,8.205142071391));
#4411 = CARTESIAN_POINT('',(4.66197088415,10.006839852335));
#4412 = CARTESIAN_POINT('',(4.674575408209,11.810329024244));
#4413 = CARTESIAN_POINT('',(4.687179932268,13.615013247639));
#4414 = CARTESIAN_POINT('',(4.699784456326,15.420294996867));
#4415 = CARTESIAN_POINT('',(4.712388980385,17.225576746087));
#4416 = ( GEOMETRIC_REPRESENTATION_CONTEXT(2) 
PARAMETRIC_REPRESENTATION_CONTEXT() REPRESENTATION_CONTEXT('2D SPACE',''
  ) );
#4417 = PCURVE('',#1752,#4418);
#4418 = DEFINITIONAL_REPRESENTATION('',(#4419),#4426);
#4419 = B_SPLINE_CURVE_WITH_KNOTS('',5,(#4420,#4421,#4422,#4423,#4424,
    #4425),.UNSPECIFIED.,.F.,.F.,(6,6),(4.649366360092,4.712388980385),
  .PIECEWISE_BEZIER_KNOTS.);
#4420 = CARTESIAN_POINT('',(4.649366360092,59.020434674697));
#4421 = CARTESIAN_POINT('',(4.66197088415,57.218736893753));
#4422 = CARTESIAN_POINT('',(4.674575408209,55.415247721844));
#4423 = CARTESIAN_POINT('',(4.687179932268,53.610563498449));
#4424 = CARTESIAN_POINT('',(4.699784456326,51.805281749221));
#4425 = CARTESIAN_POINT('',(4.712388980385,50.));
#4426 = ( GEOMETRIC_REPRESENTATION_CONTEXT(2) 
PARAMETRIC_REPRESENTATION_CONTEXT() REPRESENTATION_CONTEXT('2D SPACE',''
  ) );
#4427 = ORIENTED_EDGE('',*,*,#1588,.F.);
#4428 = ADVANCED_FACE('',(#4429),#1752,.F.);
#4429 = FACE_BOUND('',#4430,.F.);
#4430 = EDGE_LOOP('',(#4431,#4454,#4455,#4456));
#4431 = ORIENTED_EDGE('',*,*,#4432,.T.);
#4432 = EDGE_CURVE('',#4433,#1689,#4435,.T.);
#4433 = VERTEX_POINT('',#4434);
#4434 = CARTESIAN_POINT('',(8.83,-6.123233995737E-16,12.269214408408));
#4435 = SURFACE_CURVE('',#4436,(#4440,#4447),.PCURVE_S1.);
#4436 = LINE('',#4437,#4438);
#4437 = CARTESIAN_POINT('',(10.576497767577,-6.123233995737E-16,
    62.282366838799));
#4438 = VECTOR('',#4439,1.);
#4439 = DIRECTION('',(-3.48994967025E-02,-1.821954762786E-34,
    -0.999390827019));
#4440 = PCURVE('',#1752,#4441);
#4441 = DEFINITIONAL_REPRESENTATION('',(#4442),#4446);
#4442 = LINE('',#4443,#4444);
#4443 = CARTESIAN_POINT('',(6.28318530718,-0.));
#4444 = VECTOR('',#4445,1.);
#4445 = DIRECTION('',(0.,1.));
#4446 = ( GEOMETRIC_REPRESENTATION_CONTEXT(2) 
PARAMETRIC_REPRESENTATION_CONTEXT() REPRESENTATION_CONTEXT('2D SPACE',''
  ) );
#4447 = PCURVE('',#1705,#4448);
#4448 = DEFINITIONAL_REPRESENTATION('',(#4449),#4453);
#4449 = LINE('',#4450,#4451);
#4450 = CARTESIAN_POINT('',(0.,-0.));
#4451 = VECTOR('',#4452,1.);
#4452 = DIRECTION('',(0.,1.));
#4453 = ( GEOMETRIC_REPRESENTATION_CONTEXT(2) 
PARAMETRIC_REPRESENTATION_CONTEXT() REPRESENTATION_CONTEXT('2D SPACE',''
  ) );
#4454 = ORIENTED_EDGE('',*,*,#1737,.F.);
#4455 = ORIENTED_EDGE('',*,*,#4400,.T.);
#4456 = ORIENTED_EDGE('',*,*,#4457,.F.);
#4457 = EDGE_CURVE('',#4433,#3327,#4458,.T.);
#4458 = SURFACE_CURVE('',#4459,(#4464,#4475),.PCURVE_S1.);
#4459 = ELLIPSE('',#4460,2.50038082011,2.5);
#4460 = AXIS2_PLACEMENT_3D('',#4461,#4462,#4463);
#4461 = CARTESIAN_POINT('',(11.33,0.,12.225576746087));
#4462 = DIRECTION('',(1.745240643728E-02,0.,0.999847695156));
#4463 = DIRECTION('',(-0.999847695156,0.,1.745240643728E-02));
#4464 = PCURVE('',#1752,#4465);
#4465 = DEFINITIONAL_REPRESENTATION('',(#4466),#4474);
#4466 = B_SPLINE_CURVE_WITH_KNOTS('',6,(#4467,#4468,#4469,#4470,#4471,
    #4472,#4473),.UNSPECIFIED.,.F.,.F.,(7,7),(0.,1.570796326795),
  .PIECEWISE_BEZIER_KNOTS.);
#4467 = CARTESIAN_POINT('',(6.28318530718,50.043637662321));
#4468 = CARTESIAN_POINT('',(6.02138591938,50.043637662321));
#4469 = CARTESIAN_POINT('',(5.759586531581,50.040049364319));
#4470 = CARTESIAN_POINT('',(5.497787143782,50.032867434238));
#4471 = CARTESIAN_POINT('',(5.235987755983,50.022847753922));
#4472 = CARTESIAN_POINT('',(4.974188368184,50.01142431328));
#4473 = CARTESIAN_POINT('',(4.712388980385,50.));
#4474 = ( GEOMETRIC_REPRESENTATION_CONTEXT(2) 
PARAMETRIC_REPRESENTATION_CONTEXT() REPRESENTATION_CONTEXT('2D SPACE',''
  ) );
#4475 = PCURVE('',#3385,#4476);
#4476 = DEFINITIONAL_REPRESENTATION('',(#4477),#4485);
#4477 = B_SPLINE_CURVE_WITH_KNOTS('',6,(#4478,#4479,#4480,#4481,#4482,
    #4483,#4484),.UNSPECIFIED.,.F.,.F.,(7,7),(0.,1.570796326795),
  .PIECEWISE_BEZIER_KNOTS.);
#4478 = CARTESIAN_POINT('',(3.14159265359,17.269214408408));
#4479 = CARTESIAN_POINT('',(3.403392041389,17.269214408408));
#4480 = CARTESIAN_POINT('',(3.665191429188,17.265626110407));
#4481 = CARTESIAN_POINT('',(3.926990816987,17.258444180326));
#4482 = CARTESIAN_POINT('',(4.188790204786,17.24842450001));
#4483 = CARTESIAN_POINT('',(4.450589592586,17.237001059368));
#4484 = CARTESIAN_POINT('',(4.712388980385,17.225576746087));
#4485 = ( GEOMETRIC_REPRESENTATION_CONTEXT(2) 
PARAMETRIC_REPRESENTATION_CONTEXT() REPRESENTATION_CONTEXT('2D SPACE',''
  ) );
#4486 = ADVANCED_FACE('',(#4487),#1705,.F.);
#4487 = FACE_BOUND('',#4488,.F.);
#4488 = EDGE_LOOP('',(#4489,#4490,#4491,#4521));
#4489 = ORIENTED_EDGE('',*,*,#1688,.F.);
#4490 = ORIENTED_EDGE('',*,*,#4432,.F.);
#4491 = ORIENTED_EDGE('',*,*,#4492,.F.);
#4492 = EDGE_CURVE('',#3283,#4433,#4493,.T.);
#4493 = SURFACE_CURVE('',#4494,(#4499,#4510),.PCURVE_S1.);
#4494 = ELLIPSE('',#4495,2.50038082011,2.5);
#4495 = AXIS2_PLACEMENT_3D('',#4496,#4497,#4498);
#4496 = CARTESIAN_POINT('',(11.33,0.,12.225576746087));
#4497 = DIRECTION('',(1.745240643728E-02,0.,0.999847695156));
#4498 = DIRECTION('',(-0.999847695156,0.,1.745240643728E-02));
#4499 = PCURVE('',#1705,#4500);
#4500 = DEFINITIONAL_REPRESENTATION('',(#4501),#4509);
#4501 = B_SPLINE_CURVE_WITH_KNOTS('',6,(#4502,#4503,#4504,#4505,#4506,
    #4507,#4508),.UNSPECIFIED.,.F.,.F.,(7,7),(4.712388980385,
    6.28318530718),.PIECEWISE_BEZIER_KNOTS.);
#4502 = CARTESIAN_POINT('',(1.570796326795,50.));
#4503 = CARTESIAN_POINT('',(1.308996938996,50.01142431328));
#4504 = CARTESIAN_POINT('',(1.047197551197,50.022847753922));
#4505 = CARTESIAN_POINT('',(0.785398163397,50.032867434238));
#4506 = CARTESIAN_POINT('',(0.523598775598,50.040049364319));
#4507 = CARTESIAN_POINT('',(0.261799387799,50.043637662321));
#4508 = CARTESIAN_POINT('',(2.449293598295E-16,50.043637662321));
#4509 = ( GEOMETRIC_REPRESENTATION_CONTEXT(2) 
PARAMETRIC_REPRESENTATION_CONTEXT() REPRESENTATION_CONTEXT('2D SPACE',''
  ) );
#4510 = PCURVE('',#3385,#4511);
#4511 = DEFINITIONAL_REPRESENTATION('',(#4512),#4520);
#4512 = B_SPLINE_CURVE_WITH_KNOTS('',6,(#4513,#4514,#4515,#4516,#4517,
    #4518,#4519),.UNSPECIFIED.,.F.,.F.,(7,7),(4.712388980385,
    6.28318530718),.PIECEWISE_BEZIER_KNOTS.);
#4513 = CARTESIAN_POINT('',(1.570796326795,17.225576746087));
#4514 = CARTESIAN_POINT('',(1.832595714594,17.237001059368));
#4515 = CARTESIAN_POINT('',(2.094395102393,17.24842450001));
#4516 = CARTESIAN_POINT('',(2.356194490192,17.258444180326));
#4517 = CARTESIAN_POINT('',(2.617993877991,17.265626110407));
#4518 = CARTESIAN_POINT('',(2.879793265791,17.269214408408));
#4519 = CARTESIAN_POINT('',(3.14159265359,17.269214408408));
#4520 = ( GEOMETRIC_REPRESENTATION_CONTEXT(2) 
PARAMETRIC_REPRESENTATION_CONTEXT() REPRESENTATION_CONTEXT('2D SPACE',''
  ) );
#4521 = ORIENTED_EDGE('',*,*,#4522,.T.);
#4522 = EDGE_CURVE('',#3283,#1640,#4523,.T.);
#4523 = SURFACE_CURVE('',#4524,(#4529,#4539),.PCURVE_S1.);
#4524 = ELLIPSE('',#4525,143.24672124636,2.5);
#4525 = AXIS2_PLACEMENT_3D('',#4526,#4527,#4528);
#4526 = CARTESIAN_POINT('',(11.33,0.,12.225576746087));
#4527 = DIRECTION('',(-0.999847695156,0.,1.745240643728E-02));
#4528 = DIRECTION('',(1.745240643728E-02,0.,0.999847695156));
#4529 = PCURVE('',#1705,#4530);
#4530 = DEFINITIONAL_REPRESENTATION('',(#4531),#4538);
#4531 = B_SPLINE_CURVE_WITH_KNOTS('',5,(#4532,#4533,#4534,#4535,#4536,
    #4537),.UNSPECIFIED.,.F.,.F.,(6,6),(1.570796326795,1.633818947088),
  .PIECEWISE_BEZIER_KNOTS.);
#4532 = CARTESIAN_POINT('',(1.570796326795,50.));
#4533 = CARTESIAN_POINT('',(1.583400850853,51.80528174922));
#4534 = CARTESIAN_POINT('',(1.596005374912,53.610563498449));
#4535 = CARTESIAN_POINT('',(1.608609898971,55.415247721844));
#4536 = CARTESIAN_POINT('',(1.621214423029,57.218736893753));
#4537 = CARTESIAN_POINT('',(1.633818947088,59.020434674696));
#4538 = ( GEOMETRIC_REPRESENTATION_CONTEXT(2) 
PARAMETRIC_REPRESENTATION_CONTEXT() REPRESENTATION_CONTEXT('2D SPACE',''
  ) );
#4539 = PCURVE('',#1656,#4540);
#4540 = DEFINITIONAL_REPRESENTATION('',(#4541),#4548);
#4541 = B_SPLINE_CURVE_WITH_KNOTS('',5,(#4542,#4543,#4544,#4545,#4546,
    #4547),.UNSPECIFIED.,.F.,.F.,(6,6),(1.570796326795,1.633818947088),
  .PIECEWISE_BEZIER_KNOTS.);
#4542 = CARTESIAN_POINT('',(1.570796326795,17.225576746088));
#4543 = CARTESIAN_POINT('',(1.583400850853,15.420294996867));
#4544 = CARTESIAN_POINT('',(1.596005374912,13.615013247639));
#4545 = CARTESIAN_POINT('',(1.608609898971,11.810329024244));
#4546 = CARTESIAN_POINT('',(1.621214423029,10.006839852335));
#4547 = CARTESIAN_POINT('',(1.633818947088,8.205142071391));
#4548 = ( GEOMETRIC_REPRESENTATION_CONTEXT(2) 
PARAMETRIC_REPRESENTATION_CONTEXT() REPRESENTATION_CONTEXT('2D SPACE',''
  ) );
#4549 = ADVANCED_FACE('',(#4550),#1656,.F.);
#4550 = FACE_BOUND('',#4551,.F.);
#4551 = EDGE_LOOP('',(#4552,#4553,#4554,#4555));
#4552 = ORIENTED_EDGE('',*,*,#3280,.F.);
#4553 = ORIENTED_EDGE('',*,*,#4378,.F.);
#4554 = ORIENTED_EDGE('',*,*,#1639,.F.);
#4555 = ORIENTED_EDGE('',*,*,#4522,.F.);
#4556 = ADVANCED_FACE('',(#4557),#1805,.F.);
#4557 = FACE_BOUND('',#4558,.F.);
#4558 = EDGE_LOOP('',(#4559,#4580,#4581,#4609));
#4559 = ORIENTED_EDGE('',*,*,#4560,.T.);
#4560 = EDGE_CURVE('',#1787,#3142,#4561,.T.);
#4561 = SURFACE_CURVE('',#4562,(#4566,#4573),.PCURVE_S1.);
#4562 = LINE('',#4563,#4564);
#4563 = CARTESIAN_POINT('',(-1.5,-6.123233995737E-16,-5.));
#4564 = VECTOR('',#4565,1.);
#4565 = DIRECTION('',(0.,0.,1.));
#4566 = PCURVE('',#1805,#4567);
#4567 = DEFINITIONAL_REPRESENTATION('',(#4568),#4572);
#4568 = LINE('',#4569,#4570);
#4569 = CARTESIAN_POINT('',(6.28318530718,-0.));
#4570 = VECTOR('',#4571,1.);
#4571 = DIRECTION('',(0.,1.));
#4572 = ( GEOMETRIC_REPRESENTATION_CONTEXT(2) 
PARAMETRIC_REPRESENTATION_CONTEXT() REPRESENTATION_CONTEXT('2D SPACE',''
  ) );
#4573 = PCURVE('',#1854,#4574);
#4574 = DEFINITIONAL_REPRESENTATION('',(#4575),#4579);
#4575 = LINE('',#4576,#4577);
#4576 = CARTESIAN_POINT('',(0.,-0.));
#4577 = VECTOR('',#4578,1.);
#4578 = DIRECTION('',(0.,1.));
#4579 = ( GEOMETRIC_REPRESENTATION_CONTEXT(2) 
PARAMETRIC_REPRESENTATION_CONTEXT() REPRESENTATION_CONTEXT('2D SPACE',''
  ) );
#4580 = ORIENTED_EDGE('',*,*,#3187,.F.);
#4581 = ORIENTED_EDGE('',*,*,#4582,.F.);
#4582 = EDGE_CURVE('',#1789,#3188,#4583,.T.);
#4583 = SURFACE_CURVE('',#4584,(#4589,#4599),.PCURVE_S1.);
#4584 = ELLIPSE('',#4585,143.24672124636,2.5);
#4585 = AXIS2_PLACEMENT_3D('',#4586,#4587,#4588);
#4586 = CARTESIAN_POINT('',(-4.,0.,12.760912142396));
#4587 = DIRECTION('',(-0.999847695156,0.,1.745240643728E-02));
#4588 = DIRECTION('',(1.745240643728E-02,0.,0.999847695156));
#4589 = PCURVE('',#1805,#4590);
#4590 = DEFINITIONAL_REPRESENTATION('',(#4591),#4598);
#4591 = B_SPLINE_CURVE_WITH_KNOTS('',5,(#4592,#4593,#4594,#4595,#4596,
    #4597),.UNSPECIFIED.,.F.,.F.,(6,6),(4.641136621295,4.712388980385),
  .PIECEWISE_BEZIER_KNOTS.);
#4592 = CARTESIAN_POINT('',(4.641136621295,7.564432708321));
#4593 = CARTESIAN_POINT('',(4.655387093113,9.600276326983));
#4594 = CARTESIAN_POINT('',(4.669637564931,11.638708270269));
#4595 = CARTESIAN_POINT('',(4.683888036749,13.678867224021));
#4596 = CARTESIAN_POINT('',(4.698138508567,15.719889683217));
#4597 = CARTESIAN_POINT('',(4.712388980385,17.760912142396));
#4598 = ( GEOMETRIC_REPRESENTATION_CONTEXT(2) 
PARAMETRIC_REPRESENTATION_CONTEXT() REPRESENTATION_CONTEXT('2D SPACE',''
  ) );
#4599 = PCURVE('',#1950,#4600);
#4600 = DEFINITIONAL_REPRESENTATION('',(#4601),#4608);
#4601 = B_SPLINE_CURVE_WITH_KNOTS('',5,(#4602,#4603,#4604,#4605,#4606,
    #4607),.UNSPECIFIED.,.F.,.F.,(6,6),(4.641136621295,4.712388980385),
  .PIECEWISE_BEZIER_KNOTS.);
#4602 = CARTESIAN_POINT('',(4.641136621295,60.196479434075));
#4603 = CARTESIAN_POINT('',(4.655387093113,58.160635815413));
#4604 = CARTESIAN_POINT('',(4.669637564931,56.122203872127));
#4605 = CARTESIAN_POINT('',(4.683888036749,54.082044918375));
#4606 = CARTESIAN_POINT('',(4.698138508567,52.041022459179));
#4607 = CARTESIAN_POINT('',(4.712388980385,50.));
#4608 = ( GEOMETRIC_REPRESENTATION_CONTEXT(2) 
PARAMETRIC_REPRESENTATION_CONTEXT() REPRESENTATION_CONTEXT('2D SPACE',''
  ) );
#4609 = ORIENTED_EDGE('',*,*,#1786,.F.);
#4610 = ADVANCED_FACE('',(#4611),#1950,.F.);
#4611 = FACE_BOUND('',#4612,.F.);
#4612 = EDGE_LOOP('',(#4613,#4636,#4637,#4638));
#4613 = ORIENTED_EDGE('',*,*,#4614,.T.);
#4614 = EDGE_CURVE('',#4615,#1887,#4617,.T.);
#4615 = VERTEX_POINT('',#4616);
#4616 = CARTESIAN_POINT('',(-6.5,-6.123233995737E-16,12.804549804717));
#4617 = SURFACE_CURVE('',#4618,(#4622,#4629),.PCURVE_S1.);
#4618 = LINE('',#4619,#4620);
#4619 = CARTESIAN_POINT('',(-4.753502232423,-6.123233995737E-16,
    62.817702235107));
#4620 = VECTOR('',#4621,1.);
#4621 = DIRECTION('',(-3.48994967025E-02,-1.821954762786E-34,
    -0.999390827019));
#4622 = PCURVE('',#1950,#4623);
#4623 = DEFINITIONAL_REPRESENTATION('',(#4624),#4628);
#4624 = LINE('',#4625,#4626);
#4625 = CARTESIAN_POINT('',(6.28318530718,-0.));
#4626 = VECTOR('',#4627,1.);
#4627 = DIRECTION('',(0.,1.));
#4628 = ( GEOMETRIC_REPRESENTATION_CONTEXT(2) 
PARAMETRIC_REPRESENTATION_CONTEXT() REPRESENTATION_CONTEXT('2D SPACE',''
  ) );
#4629 = PCURVE('',#1903,#4630);
#4630 = DEFINITIONAL_REPRESENTATION('',(#4631),#4635);
#4631 = LINE('',#4632,#4633);
#4632 = CARTESIAN_POINT('',(0.,-0.));
#4633 = VECTOR('',#4634,1.);
#4634 = DIRECTION('',(0.,1.));
#4635 = ( GEOMETRIC_REPRESENTATION_CONTEXT(2) 
PARAMETRIC_REPRESENTATION_CONTEXT() REPRESENTATION_CONTEXT('2D SPACE',''
  ) );
#4636 = ORIENTED_EDGE('',*,*,#1935,.F.);
#4637 = ORIENTED_EDGE('',*,*,#4582,.T.);
#4638 = ORIENTED_EDGE('',*,*,#4639,.F.);
#4639 = EDGE_CURVE('',#4615,#3188,#4640,.T.);
#4640 = SURFACE_CURVE('',#4641,(#4646,#4657),.PCURVE_S1.);
#4641 = ELLIPSE('',#4642,2.50038082011,2.5);
#4642 = AXIS2_PLACEMENT_3D('',#4643,#4644,#4645);
#4643 = CARTESIAN_POINT('',(-4.,0.,12.760912142396));
#4644 = DIRECTION('',(1.745240643728E-02,0.,0.999847695156));
#4645 = DIRECTION('',(-0.999847695156,0.,1.745240643728E-02));
#4646 = PCURVE('',#1950,#4647);
#4647 = DEFINITIONAL_REPRESENTATION('',(#4648),#4656);
#4648 = B_SPLINE_CURVE_WITH_KNOTS('',6,(#4649,#4650,#4651,#4652,#4653,
    #4654,#4655),.UNSPECIFIED.,.F.,.F.,(7,7),(0.,1.570796326795),
  .PIECEWISE_BEZIER_KNOTS.);
#4649 = CARTESIAN_POINT('',(6.28318530718,50.043637662321));
#4650 = CARTESIAN_POINT('',(6.02138591938,50.043637662321));
#4651 = CARTESIAN_POINT('',(5.759586531581,50.040049364319));
#4652 = CARTESIAN_POINT('',(5.497787143782,50.032867434236));
#4653 = CARTESIAN_POINT('',(5.235987755983,50.022847753923));
#4654 = CARTESIAN_POINT('',(4.974188368184,50.011424313281));
#4655 = CARTESIAN_POINT('',(4.712388980385,50.));
#4656 = ( GEOMETRIC_REPRESENTATION_CONTEXT(2) 
PARAMETRIC_REPRESENTATION_CONTEXT() REPRESENTATION_CONTEXT('2D SPACE',''
  ) );
#4657 = PCURVE('',#3246,#4658);
#4658 = DEFINITIONAL_REPRESENTATION('',(#4659),#4667);
#4659 = B_SPLINE_CURVE_WITH_KNOTS('',6,(#4660,#4661,#4662,#4663,#4664,
    #4665,#4666),.UNSPECIFIED.,.F.,.F.,(7,7),(0.,1.570796326795),
  .PIECEWISE_BEZIER_KNOTS.);
#4660 = CARTESIAN_POINT('',(3.14159265359,17.804549804717));
#4661 = CARTESIAN_POINT('',(3.403392041389,17.804549804717));
#4662 = CARTESIAN_POINT('',(3.665191429188,17.800961506715));
#4663 = CARTESIAN_POINT('',(3.926990816987,17.793779576634));
#4664 = CARTESIAN_POINT('',(4.188790204786,17.783759896319));
#4665 = CARTESIAN_POINT('',(4.450589592586,17.772336455676));
#4666 = CARTESIAN_POINT('',(4.712388980385,17.760912142396));
#4667 = ( GEOMETRIC_REPRESENTATION_CONTEXT(2) 
PARAMETRIC_REPRESENTATION_CONTEXT() REPRESENTATION_CONTEXT('2D SPACE',''
  ) );
#4668 = ADVANCED_FACE('',(#4669),#1903,.F.);
#4669 = FACE_BOUND('',#4670,.F.);
#4670 = EDGE_LOOP('',(#4671,#4672,#4673,#4703));
#4671 = ORIENTED_EDGE('',*,*,#1886,.F.);
#4672 = ORIENTED_EDGE('',*,*,#4614,.F.);
#4673 = ORIENTED_EDGE('',*,*,#4674,.F.);
#4674 = EDGE_CURVE('',#3144,#4615,#4675,.T.);
#4675 = SURFACE_CURVE('',#4676,(#4681,#4692),.PCURVE_S1.);
#4676 = ELLIPSE('',#4677,2.50038082011,2.5);
#4677 = AXIS2_PLACEMENT_3D('',#4678,#4679,#4680);
#4678 = CARTESIAN_POINT('',(-4.,0.,12.760912142396));
#4679 = DIRECTION('',(1.745240643728E-02,0.,0.999847695156));
#4680 = DIRECTION('',(-0.999847695156,0.,1.745240643728E-02));
#4681 = PCURVE('',#1903,#4682);
#4682 = DEFINITIONAL_REPRESENTATION('',(#4683),#4691);
#4683 = B_SPLINE_CURVE_WITH_KNOTS('',6,(#4684,#4685,#4686,#4687,#4688,
    #4689,#4690),.UNSPECIFIED.,.F.,.F.,(7,7),(4.712388980385,
    6.28318530718),.PIECEWISE_BEZIER_KNOTS.);
#4684 = CARTESIAN_POINT('',(1.570796326795,50.));
#4685 = CARTESIAN_POINT('',(1.308996938996,50.011424313281));
#4686 = CARTESIAN_POINT('',(1.047197551197,50.022847753924));
#4687 = CARTESIAN_POINT('',(0.785398163397,50.032867434235));
#4688 = CARTESIAN_POINT('',(0.523598775598,50.04004936432));
#4689 = CARTESIAN_POINT('',(0.261799387799,50.043637662321));
#4690 = CARTESIAN_POINT('',(2.449293598295E-16,50.043637662321));
#4691 = ( GEOMETRIC_REPRESENTATION_CONTEXT(2) 
PARAMETRIC_REPRESENTATION_CONTEXT() REPRESENTATION_CONTEXT('2D SPACE',''
  ) );
#4692 = PCURVE('',#3246,#4693);
#4693 = DEFINITIONAL_REPRESENTATION('',(#4694),#4702);
#4694 = B_SPLINE_CURVE_WITH_KNOTS('',6,(#4695,#4696,#4697,#4698,#4699,
    #4700,#4701),.UNSPECIFIED.,.F.,.F.,(7,7),(4.712388980385,
    6.28318530718),.PIECEWISE_BEZIER_KNOTS.);
#4695 = CARTESIAN_POINT('',(1.570796326795,17.760912142396));
#4696 = CARTESIAN_POINT('',(1.832595714594,17.772336455676));
#4697 = CARTESIAN_POINT('',(2.094395102393,17.783759896319));
#4698 = CARTESIAN_POINT('',(2.356194490192,17.793779576634));
#4699 = CARTESIAN_POINT('',(2.617993877991,17.800961506715));
#4700 = CARTESIAN_POINT('',(2.879793265791,17.804549804717));
#4701 = CARTESIAN_POINT('',(3.14159265359,17.804549804717));
#4702 = ( GEOMETRIC_REPRESENTATION_CONTEXT(2) 
PARAMETRIC_REPRESENTATION_CONTEXT() REPRESENTATION_CONTEXT('2D SPACE',''
  ) );
#4703 = ORIENTED_EDGE('',*,*,#4704,.T.);
#4704 = EDGE_CURVE('',#3144,#1838,#4705,.T.);
#4705 = SURFACE_CURVE('',#4706,(#4711,#4721),.PCURVE_S1.);
#4706 = ELLIPSE('',#4707,143.24672124636,2.5);
#4707 = AXIS2_PLACEMENT_3D('',#4708,#4709,#4710);
#4708 = CARTESIAN_POINT('',(-4.,0.,12.760912142396));
#4709 = DIRECTION('',(-0.999847695156,0.,1.745240643728E-02));
#4710 = DIRECTION('',(1.745240643728E-02,0.,0.999847695156));
#4711 = PCURVE('',#1903,#4712);
#4712 = DEFINITIONAL_REPRESENTATION('',(#4713),#4720);
#4713 = B_SPLINE_CURVE_WITH_KNOTS('',5,(#4714,#4715,#4716,#4717,#4718,
    #4719),.UNSPECIFIED.,.F.,.F.,(6,6),(1.570796326795,1.642048685885),
  .PIECEWISE_BEZIER_KNOTS.);
#4714 = CARTESIAN_POINT('',(1.570796326795,50.));
#4715 = CARTESIAN_POINT('',(1.585046798613,52.041022459178));
#4716 = CARTESIAN_POINT('',(1.599297270431,54.082044918375));
#4717 = CARTESIAN_POINT('',(1.613547742249,56.122203872127));
#4718 = CARTESIAN_POINT('',(1.627798214067,58.160635815413));
#4719 = CARTESIAN_POINT('',(1.642048685885,60.196479434075));
#4720 = ( GEOMETRIC_REPRESENTATION_CONTEXT(2) 
PARAMETRIC_REPRESENTATION_CONTEXT() REPRESENTATION_CONTEXT('2D SPACE',''
  ) );
#4721 = PCURVE('',#1854,#4722);
#4722 = DEFINITIONAL_REPRESENTATION('',(#4723),#4730);
#4723 = B_SPLINE_CURVE_WITH_KNOTS('',5,(#4724,#4725,#4726,#4727,#4728,
    #4729),.UNSPECIFIED.,.F.,.F.,(6,6),(1.570796326795,1.642048685885),
  .PIECEWISE_BEZIER_KNOTS.);
#4724 = CARTESIAN_POINT('',(1.570796326795,17.760912142396));
#4725 = CARTESIAN_POINT('',(1.585046798613,15.719889683218));
#4726 = CARTESIAN_POINT('',(1.599297270431,13.678867224021));
#4727 = CARTESIAN_POINT('',(1.613547742249,11.638708270269));
#4728 = CARTESIAN_POINT('',(1.627798214067,9.600276326983));
#4729 = CARTESIAN_POINT('',(1.642048685885,7.564432708321));
#4730 = ( GEOMETRIC_REPRESENTATION_CONTEXT(2) 
PARAMETRIC_REPRESENTATION_CONTEXT() REPRESENTATION_CONTEXT('2D SPACE',''
  ) );
#4731 = ADVANCED_FACE('',(#4732),#1854,.F.);
#4732 = FACE_BOUND('',#4733,.F.);
#4733 = EDGE_LOOP('',(#4734,#4735,#4736,#4737));
#4734 = ORIENTED_EDGE('',*,*,#3141,.F.);
#4735 = ORIENTED_EDGE('',*,*,#4560,.F.);
#4736 = ORIENTED_EDGE('',*,*,#1837,.F.);
#4737 = ORIENTED_EDGE('',*,*,#4704,.F.);
#4738 = ADVANCED_FACE('',(#4739),#2003,.F.);
#4739 = FACE_BOUND('',#4740,.F.);
#4740 = EDGE_LOOP('',(#4741,#4762,#4763,#4791));
#4741 = ORIENTED_EDGE('',*,*,#4742,.T.);
#4742 = EDGE_CURVE('',#1985,#3003,#4743,.T.);
#4743 = SURFACE_CURVE('',#4744,(#4748,#4755),.PCURVE_S1.);
#4744 = LINE('',#4745,#4746);
#4745 = CARTESIAN_POINT('',(-16.83,-6.123233995737E-16,-5.));
#4746 = VECTOR('',#4747,1.);
#4747 = DIRECTION('',(0.,0.,1.));
#4748 = PCURVE('',#2003,#4749);
#4749 = DEFINITIONAL_REPRESENTATION('',(#4750),#4754);
#4750 = LINE('',#4751,#4752);
#4751 = CARTESIAN_POINT('',(6.28318530718,-0.));
#4752 = VECTOR('',#4753,1.);
#4753 = DIRECTION('',(0.,1.));
#4754 = ( GEOMETRIC_REPRESENTATION_CONTEXT(2) 
PARAMETRIC_REPRESENTATION_CONTEXT() REPRESENTATION_CONTEXT('2D SPACE',''
  ) );
#4755 = PCURVE('',#2052,#4756);
#4756 = DEFINITIONAL_REPRESENTATION('',(#4757),#4761);
#4757 = LINE('',#4758,#4759);
#4758 = CARTESIAN_POINT('',(0.,-0.));
#4759 = VECTOR('',#4760,1.);
#4760 = DIRECTION('',(0.,1.));
#4761 = ( GEOMETRIC_REPRESENTATION_CONTEXT(2) 
PARAMETRIC_REPRESENTATION_CONTEXT() REPRESENTATION_CONTEXT('2D SPACE',''
  ) );
#4762 = ORIENTED_EDGE('',*,*,#3048,.F.);
#4763 = ORIENTED_EDGE('',*,*,#4764,.F.);
#4764 = EDGE_CURVE('',#1987,#3049,#4765,.T.);
#4765 = SURFACE_CURVE('',#4766,(#4771,#4781),.PCURVE_S1.);
#4766 = ELLIPSE('',#4767,143.24672124636,2.5);
#4767 = AXIS2_PLACEMENT_3D('',#4768,#4769,#4770);
#4768 = CARTESIAN_POINT('',(-19.33,0.,13.296247538705));
#4769 = DIRECTION('',(-0.999847695156,0.,1.745240643728E-02));
#4770 = DIRECTION('',(1.745240643728E-02,0.,0.999847695156));
#4771 = PCURVE('',#2003,#4772);
#4772 = DEFINITIONAL_REPRESENTATION('',(#4773),#4780);
#4773 = B_SPLINE_CURVE_WITH_KNOTS('',5,(#4774,#4775,#4776,#4777,#4778,
    #4779),.UNSPECIFIED.,.F.,.F.,(6,6),(4.632902045513,4.712388980385),
  .PIECEWISE_BEZIER_KNOTS.);
#4774 = CARTESIAN_POINT('',(4.632902045513,6.92372334526));
#4775 = CARTESIAN_POINT('',(4.648799432488,9.193435926817));
#4776 = CARTESIAN_POINT('',(4.664696819462,11.466741186985));
#4777 = CARTESIAN_POINT('',(4.680594206436,13.74244408974));
#4778 = CARTESIAN_POINT('',(4.69649159341,16.019345814241));
#4779 = CARTESIAN_POINT('',(4.712388980385,18.296247538705));
#4780 = ( GEOMETRIC_REPRESENTATION_CONTEXT(2) 
PARAMETRIC_REPRESENTATION_CONTEXT() REPRESENTATION_CONTEXT('2D SPACE',''
  ) );
#4781 = PCURVE('',#2148,#4782);
#4782 = DEFINITIONAL_REPRESENTATION('',(#4783),#4790);
#4783 = B_SPLINE_CURVE_WITH_KNOTS('',5,(#4784,#4785,#4786,#4787,#4788,
    #4789),.UNSPECIFIED.,.F.,.F.,(6,6),(4.632902045513,4.712388980385),
  .PIECEWISE_BEZIER_KNOTS.);
#4784 = CARTESIAN_POINT('',(4.632902045513,61.372524193445));
#4785 = CARTESIAN_POINT('',(4.648799432488,59.102811611887));
#4786 = CARTESIAN_POINT('',(4.664696819462,56.829506351719));
#4787 = CARTESIAN_POINT('',(4.680594206436,54.553803448965));
#4788 = CARTESIAN_POINT('',(4.69649159341,52.276901724463));
#4789 = CARTESIAN_POINT('',(4.712388980385,50.));
#4790 = ( GEOMETRIC_REPRESENTATION_CONTEXT(2) 
PARAMETRIC_REPRESENTATION_CONTEXT() REPRESENTATION_CONTEXT('2D SPACE',''
  ) );
#4791 = ORIENTED_EDGE('',*,*,#1984,.F.);
#4792 = ADVANCED_FACE('',(#4793),#2148,.F.);
#4793 = FACE_BOUND('',#4794,.F.);
#4794 = EDGE_LOOP('',(#4795,#4818,#4819,#4820));
#4795 = ORIENTED_EDGE('',*,*,#4796,.T.);
#4796 = EDGE_CURVE('',#4797,#2085,#4799,.T.);
#4797 = VERTEX_POINT('',#4798);
#4798 = CARTESIAN_POINT('',(-21.83,-6.123233995737E-16,13.339885201025)
  );
#4799 = SURFACE_CURVE('',#4800,(#4804,#4811),.PCURVE_S1.);
#4800 = LINE('',#4801,#4802);
#4801 = CARTESIAN_POINT('',(-20.08350223242,-6.123233995737E-16,
    63.353037631416));
#4802 = VECTOR('',#4803,1.);
#4803 = DIRECTION('',(-3.48994967025E-02,-1.821954762786E-34,
    -0.999390827019));
#4804 = PCURVE('',#2148,#4805);
#4805 = DEFINITIONAL_REPRESENTATION('',(#4806),#4810);
#4806 = LINE('',#4807,#4808);
#4807 = CARTESIAN_POINT('',(6.28318530718,-0.));
#4808 = VECTOR('',#4809,1.);
#4809 = DIRECTION('',(0.,1.));
#4810 = ( GEOMETRIC_REPRESENTATION_CONTEXT(2) 
PARAMETRIC_REPRESENTATION_CONTEXT() REPRESENTATION_CONTEXT('2D SPACE',''
  ) );
#4811 = PCURVE('',#2101,#4812);
#4812 = DEFINITIONAL_REPRESENTATION('',(#4813),#4817);
#4813 = LINE('',#4814,#4815);
#4814 = CARTESIAN_POINT('',(0.,-0.));
#4815 = VECTOR('',#4816,1.);
#4816 = DIRECTION('',(0.,1.));
#4817 = ( GEOMETRIC_REPRESENTATION_CONTEXT(2) 
PARAMETRIC_REPRESENTATION_CONTEXT() REPRESENTATION_CONTEXT('2D SPACE',''
  ) );
#4818 = ORIENTED_EDGE('',*,*,#2133,.F.);
#4819 = ORIENTED_EDGE('',*,*,#4764,.T.);
#4820 = ORIENTED_EDGE('',*,*,#4821,.F.);
#4821 = EDGE_CURVE('',#4797,#3049,#4822,.T.);
#4822 = SURFACE_CURVE('',#4823,(#4828,#4839),.PCURVE_S1.);
#4823 = ELLIPSE('',#4824,2.50038082011,2.5);
#4824 = AXIS2_PLACEMENT_3D('',#4825,#4826,#4827);
#4825 = CARTESIAN_POINT('',(-19.33,0.,13.296247538705));
#4826 = DIRECTION('',(1.745240643728E-02,0.,0.999847695156));
#4827 = DIRECTION('',(-0.999847695156,0.,1.745240643728E-02));
#4828 = PCURVE('',#2148,#4829);
#4829 = DEFINITIONAL_REPRESENTATION('',(#4830),#4838);
#4830 = B_SPLINE_CURVE_WITH_KNOTS('',6,(#4831,#4832,#4833,#4834,#4835,
    #4836,#4837),.UNSPECIFIED.,.F.,.F.,(7,7),(0.,1.570796326795),
  .PIECEWISE_BEZIER_KNOTS.);
#4831 = CARTESIAN_POINT('',(6.28318530718,50.043637662321));
#4832 = CARTESIAN_POINT('',(6.02138591938,50.043637662321));
#4833 = CARTESIAN_POINT('',(5.759586531581,50.040049364318));
#4834 = CARTESIAN_POINT('',(5.497787143782,50.032867434239));
#4835 = CARTESIAN_POINT('',(5.235987755983,50.022847753922));
#4836 = CARTESIAN_POINT('',(4.974188368184,50.01142431328));
#4837 = CARTESIAN_POINT('',(4.712388980385,50.));
#4838 = ( GEOMETRIC_REPRESENTATION_CONTEXT(2) 
PARAMETRIC_REPRESENTATION_CONTEXT() REPRESENTATION_CONTEXT('2D SPACE',''
  ) );
#4839 = PCURVE('',#3107,#4840);
#4840 = DEFINITIONAL_REPRESENTATION('',(#4841),#4849);
#4841 = B_SPLINE_CURVE_WITH_KNOTS('',6,(#4842,#4843,#4844,#4845,#4846,
    #4847,#4848),.UNSPECIFIED.,.F.,.F.,(7,7),(0.,1.570796326795),
  .PIECEWISE_BEZIER_KNOTS.);
#4842 = CARTESIAN_POINT('',(3.14159265359,18.339885201025));
#4843 = CARTESIAN_POINT('',(3.403392041389,18.339885201025));
#4844 = CARTESIAN_POINT('',(3.665191429188,18.336296903024));
#4845 = CARTESIAN_POINT('',(3.926990816987,18.329114972943));
#4846 = CARTESIAN_POINT('',(4.188790204786,18.319095292627));
#4847 = CARTESIAN_POINT('',(4.450589592586,18.307671851985));
#4848 = CARTESIAN_POINT('',(4.712388980385,18.296247538705));
#4849 = ( GEOMETRIC_REPRESENTATION_CONTEXT(2) 
PARAMETRIC_REPRESENTATION_CONTEXT() REPRESENTATION_CONTEXT('2D SPACE',''
  ) );
#4850 = ADVANCED_FACE('',(#4851),#2101,.F.);
#4851 = FACE_BOUND('',#4852,.F.);
#4852 = EDGE_LOOP('',(#4853,#4854,#4855,#4885));
#4853 = ORIENTED_EDGE('',*,*,#2084,.F.);
#4854 = ORIENTED_EDGE('',*,*,#4796,.F.);
#4855 = ORIENTED_EDGE('',*,*,#4856,.F.);
#4856 = EDGE_CURVE('',#3005,#4797,#4857,.T.);
#4857 = SURFACE_CURVE('',#4858,(#4863,#4874),.PCURVE_S1.);
#4858 = ELLIPSE('',#4859,2.50038082011,2.5);
#4859 = AXIS2_PLACEMENT_3D('',#4860,#4861,#4862);
#4860 = CARTESIAN_POINT('',(-19.33,0.,13.296247538705));
#4861 = DIRECTION('',(1.745240643728E-02,0.,0.999847695156));
#4862 = DIRECTION('',(-0.999847695156,0.,1.745240643728E-02));
#4863 = PCURVE('',#2101,#4864);
#4864 = DEFINITIONAL_REPRESENTATION('',(#4865),#4873);
#4865 = B_SPLINE_CURVE_WITH_KNOTS('',6,(#4866,#4867,#4868,#4869,#4870,
    #4871,#4872),.UNSPECIFIED.,.F.,.F.,(7,7),(4.712388980385,
    6.28318530718),.PIECEWISE_BEZIER_KNOTS.);
#4866 = CARTESIAN_POINT('',(1.570796326795,50.));
#4867 = CARTESIAN_POINT('',(1.308996938996,50.01142431328));
#4868 = CARTESIAN_POINT('',(1.047197551197,50.022847753924));
#4869 = CARTESIAN_POINT('',(0.785398163397,50.032867434235));
#4870 = CARTESIAN_POINT('',(0.523598775598,50.04004936432));
#4871 = CARTESIAN_POINT('',(0.261799387799,50.043637662321));
#4872 = CARTESIAN_POINT('',(2.449293598295E-16,50.043637662321));
#4873 = ( GEOMETRIC_REPRESENTATION_CONTEXT(2) 
PARAMETRIC_REPRESENTATION_CONTEXT() REPRESENTATION_CONTEXT('2D SPACE',''
  ) );
#4874 = PCURVE('',#3107,#4875);
#4875 = DEFINITIONAL_REPRESENTATION('',(#4876),#4884);
#4876 = B_SPLINE_CURVE_WITH_KNOTS('',6,(#4877,#4878,#4879,#4880,#4881,
    #4882,#4883),.UNSPECIFIED.,.F.,.F.,(7,7),(4.712388980385,
    6.28318530718),.PIECEWISE_BEZIER_KNOTS.);
#4877 = CARTESIAN_POINT('',(1.570796326795,18.296247538705));
#4878 = CARTESIAN_POINT('',(1.832595714594,18.307671851985));
#4879 = CARTESIAN_POINT('',(2.094395102393,18.319095292627));
#4880 = CARTESIAN_POINT('',(2.356194490192,18.329114972943));
#4881 = CARTESIAN_POINT('',(2.617993877991,18.336296903023));
#4882 = CARTESIAN_POINT('',(2.879793265791,18.339885201025));
#4883 = CARTESIAN_POINT('',(3.14159265359,18.339885201025));
#4884 = ( GEOMETRIC_REPRESENTATION_CONTEXT(2) 
PARAMETRIC_REPRESENTATION_CONTEXT() REPRESENTATION_CONTEXT('2D SPACE',''
  ) );
#4885 = ORIENTED_EDGE('',*,*,#4886,.T.);
#4886 = EDGE_CURVE('',#3005,#2036,#4887,.T.);
#4887 = SURFACE_CURVE('',#4888,(#4893,#4903),.PCURVE_S1.);
#4888 = ELLIPSE('',#4889,143.24672124636,2.5);
#4889 = AXIS2_PLACEMENT_3D('',#4890,#4891,#4892);
#4890 = CARTESIAN_POINT('',(-19.33,0.,13.296247538705));
#4891 = DIRECTION('',(-0.999847695156,0.,1.745240643728E-02));
#4892 = DIRECTION('',(1.745240643728E-02,0.,0.999847695156));
#4893 = PCURVE('',#2101,#4894);
#4894 = DEFINITIONAL_REPRESENTATION('',(#4895),#4902);
#4895 = B_SPLINE_CURVE_WITH_KNOTS('',5,(#4896,#4897,#4898,#4899,#4900,
    #4901),.UNSPECIFIED.,.F.,.F.,(6,6),(1.570796326795,1.650283261666),
  .PIECEWISE_BEZIER_KNOTS.);
#4896 = CARTESIAN_POINT('',(1.570796326795,50.));
#4897 = CARTESIAN_POINT('',(1.586693713769,52.276901724463));
#4898 = CARTESIAN_POINT('',(1.602591100743,54.553803448965));
#4899 = CARTESIAN_POINT('',(1.618488487718,56.829506351719));
#4900 = CARTESIAN_POINT('',(1.634385874692,59.102811611887));
#4901 = CARTESIAN_POINT('',(1.650283261666,61.372524193445));
#4902 = ( GEOMETRIC_REPRESENTATION_CONTEXT(2) 
PARAMETRIC_REPRESENTATION_CONTEXT() REPRESENTATION_CONTEXT('2D SPACE',''
  ) );
#4903 = PCURVE('',#2052,#4904);
#4904 = DEFINITIONAL_REPRESENTATION('',(#4905),#4912);
#4905 = B_SPLINE_CURVE_WITH_KNOTS('',5,(#4906,#4907,#4908,#4909,#4910,
    #4911),.UNSPECIFIED.,.F.,.F.,(6,6),(1.570796326795,1.650283261666),
  .PIECEWISE_BEZIER_KNOTS.);
#4906 = CARTESIAN_POINT('',(1.570796326795,18.296247538705));
#4907 = CARTESIAN_POINT('',(1.586693713769,16.019345814241));
#4908 = CARTESIAN_POINT('',(1.602591100743,13.74244408974));
#4909 = CARTESIAN_POINT('',(1.618488487718,11.466741186986));
#4910 = CARTESIAN_POINT('',(1.634385874692,9.193435926817));
#4911 = CARTESIAN_POINT('',(1.650283261666,6.92372334526));
#4912 = ( GEOMETRIC_REPRESENTATION_CONTEXT(2) 
PARAMETRIC_REPRESENTATION_CONTEXT() REPRESENTATION_CONTEXT('2D SPACE',''
  ) );
#4913 = ADVANCED_FACE('',(#4914),#2052,.F.);
#4914 = FACE_BOUND('',#4915,.F.);
#4915 = EDGE_LOOP('',(#4916,#4917,#4918,#4919));
#4916 = ORIENTED_EDGE('',*,*,#3002,.F.);
#4917 = ORIENTED_EDGE('',*,*,#4742,.F.);
#4918 = ORIENTED_EDGE('',*,*,#2035,.F.);
#4919 = ORIENTED_EDGE('',*,*,#4886,.F.);
#4920 = ADVANCED_FACE('',(#4921),#2201,.F.);
#4921 = FACE_BOUND('',#4922,.F.);
#4922 = EDGE_LOOP('',(#4923,#4944,#4945,#4973));
#4923 = ORIENTED_EDGE('',*,*,#4924,.T.);
#4924 = EDGE_CURVE('',#2183,#2864,#4925,.T.);
#4925 = SURFACE_CURVE('',#4926,(#4930,#4937),.PCURVE_S1.);
#4926 = LINE('',#4927,#4928);
#4927 = CARTESIAN_POINT('',(-32.17,-6.123233995737E-16,-5.));
#4928 = VECTOR('',#4929,1.);
#4929 = DIRECTION('',(0.,0.,1.));
#4930 = PCURVE('',#2201,#4931);
#4931 = DEFINITIONAL_REPRESENTATION('',(#4932),#4936);
#4932 = LINE('',#4933,#4934);
#4933 = CARTESIAN_POINT('',(6.28318530718,-0.));
#4934 = VECTOR('',#4935,1.);
#4935 = DIRECTION('',(0.,1.));
#4936 = ( GEOMETRIC_REPRESENTATION_CONTEXT(2) 
PARAMETRIC_REPRESENTATION_CONTEXT() REPRESENTATION_CONTEXT('2D SPACE',''
  ) );
#4937 = PCURVE('',#2250,#4938);
#4938 = DEFINITIONAL_REPRESENTATION('',(#4939),#4943);
#4939 = LINE('',#4940,#4941);
#4940 = CARTESIAN_POINT('',(0.,-0.));
#4941 = VECTOR('',#4942,1.);
#4942 = DIRECTION('',(0.,1.));
#4943 = ( GEOMETRIC_REPRESENTATION_CONTEXT(2) 
PARAMETRIC_REPRESENTATION_CONTEXT() REPRESENTATION_CONTEXT('2D SPACE',''
  ) );
#4944 = ORIENTED_EDGE('',*,*,#2909,.F.);
#4945 = ORIENTED_EDGE('',*,*,#4946,.F.);
#4946 = EDGE_CURVE('',#2185,#2910,#4947,.T.);
#4947 = SURFACE_CURVE('',#4948,(#4953,#4963),.PCURVE_S1.);
#4948 = ELLIPSE('',#4949,143.24672124636,2.5);
#4949 = AXIS2_PLACEMENT_3D('',#4950,#4951,#4952);
#4950 = CARTESIAN_POINT('',(-34.67,0.,13.831932142708));
#4951 = DIRECTION('',(-0.999847695156,0.,1.745240643728E-02));
#4952 = DIRECTION('',(1.745240643728E-02,0.,0.999847695156));
#4953 = PCURVE('',#2201,#4954);
#4954 = DEFINITIONAL_REPRESENTATION('',(#4955),#4962);
#4955 = B_SPLINE_CURVE_WITH_KNOTS('',5,(#4956,#4957,#4958,#4959,#4960,
    #4961),.UNSPECIFIED.,.F.,.F.,(6,6),(4.624656687827,4.712388980385),
  .PIECEWISE_BEZIER_KNOTS.);
#4956 = CARTESIAN_POINT('',(4.624656687827,6.28259603745));
#4957 = CARTESIAN_POINT('',(4.642203146338,8.786020506652));
#4958 = CARTESIAN_POINT('',(4.65974960485,11.29427455962));
#4959 = CARTESIAN_POINT('',(4.677296063361,13.8057524682));
#4960 = CARTESIAN_POINT('',(4.694842521873,16.318842305492));
#4961 = CARTESIAN_POINT('',(4.712388980385,18.831932142708));
#4962 = ( GEOMETRIC_REPRESENTATION_CONTEXT(2) 
PARAMETRIC_REPRESENTATION_CONTEXT() REPRESENTATION_CONTEXT('2D SPACE',''
  ) );
#4963 = PCURVE('',#2346,#4964);
#4964 = DEFINITIONAL_REPRESENTATION('',(#4965),#4972);
#4965 = B_SPLINE_CURVE_WITH_KNOTS('',5,(#4966,#4967,#4968,#4969,#4970,
    #4971),.UNSPECIFIED.,.F.,.F.,(6,6),(4.624656687827,4.712388980385),
  .PIECEWISE_BEZIER_KNOTS.);
#4966 = CARTESIAN_POINT('',(4.624656687827,62.549336105258));
#4967 = CARTESIAN_POINT('',(4.642203146338,60.045911636056));
#4968 = CARTESIAN_POINT('',(4.65974960485,57.537657583087));
#4969 = CARTESIAN_POINT('',(4.677296063361,55.026179674509));
#4970 = CARTESIAN_POINT('',(4.694842521873,52.513089837216));
#4971 = CARTESIAN_POINT('',(4.712388980385,50.));
#4972 = ( GEOMETRIC_REPRESENTATION_CONTEXT(2) 
PARAMETRIC_REPRESENTATION_CONTEXT() REPRESENTATION_CONTEXT('2D SPACE',''
  ) );
#4973 = ORIENTED_EDGE('',*,*,#2182,.F.);
#4974 = ADVANCED_FACE('',(#4975),#2346,.F.);
#4975 = FACE_BOUND('',#4976,.F.);
#4976 = EDGE_LOOP('',(#4977,#5000,#5001,#5002));
#4977 = ORIENTED_EDGE('',*,*,#4978,.T.);
#4978 = EDGE_CURVE('',#4979,#2283,#4981,.T.);
#4979 = VERTEX_POINT('',#4980);
#4980 = CARTESIAN_POINT('',(-37.17,-6.123233995737E-16,13.875569805028)
  );
#4981 = SURFACE_CURVE('',#4982,(#4986,#4993),.PCURVE_S1.);
#4982 = LINE('',#4983,#4984);
#4983 = CARTESIAN_POINT('',(-35.42350223242,-6.123233995737E-16,
    63.888722235419));
#4984 = VECTOR('',#4985,1.);
#4985 = DIRECTION('',(-3.48994967025E-02,-1.821954762786E-34,
    -0.999390827019));
#4986 = PCURVE('',#2346,#4987);
#4987 = DEFINITIONAL_REPRESENTATION('',(#4988),#4992);
#4988 = LINE('',#4989,#4990);
#4989 = CARTESIAN_POINT('',(6.28318530718,-0.));
#4990 = VECTOR('',#4991,1.);
#4991 = DIRECTION('',(0.,1.));
#4992 = ( GEOMETRIC_REPRESENTATION_CONTEXT(2) 
PARAMETRIC_REPRESENTATION_CONTEXT() REPRESENTATION_CONTEXT('2D SPACE',''
  ) );
#4993 = PCURVE('',#2299,#4994);
#4994 = DEFINITIONAL_REPRESENTATION('',(#4995),#4999);
#4995 = LINE('',#4996,#4997);
#4996 = CARTESIAN_POINT('',(0.,-0.));
#4997 = VECTOR('',#4998,1.);
#4998 = DIRECTION('',(0.,1.));
#4999 = ( GEOMETRIC_REPRESENTATION_CONTEXT(2) 
PARAMETRIC_REPRESENTATION_CONTEXT() REPRESENTATION_CONTEXT('2D SPACE',''
  ) );
#5000 = ORIENTED_EDGE('',*,*,#2331,.F.);
#5001 = ORIENTED_EDGE('',*,*,#4946,.T.);
#5002 = ORIENTED_EDGE('',*,*,#5003,.F.);
#5003 = EDGE_CURVE('',#4979,#2910,#5004,.T.);
#5004 = SURFACE_CURVE('',#5005,(#5010,#5021),.PCURVE_S1.);
#5005 = ELLIPSE('',#5006,2.50038082011,2.5);
#5006 = AXIS2_PLACEMENT_3D('',#5007,#5008,#5009);
#5007 = CARTESIAN_POINT('',(-34.67,0.,13.831932142708));
#5008 = DIRECTION('',(1.745240643728E-02,0.,0.999847695156));
#5009 = DIRECTION('',(-0.999847695156,0.,1.745240643728E-02));
#5010 = PCURVE('',#2346,#5011);
#5011 = DEFINITIONAL_REPRESENTATION('',(#5012),#5020);
#5012 = B_SPLINE_CURVE_WITH_KNOTS('',6,(#5013,#5014,#5015,#5016,#5017,
    #5018,#5019),.UNSPECIFIED.,.F.,.F.,(7,7),(0.,1.570796326795),
  .PIECEWISE_BEZIER_KNOTS.);
#5013 = CARTESIAN_POINT('',(6.28318530718,50.043637662321));
#5014 = CARTESIAN_POINT('',(6.02138591938,50.043637662321));
#5015 = CARTESIAN_POINT('',(5.759586531581,50.040049364319));
#5016 = CARTESIAN_POINT('',(5.497787143782,50.032867434237));
#5017 = CARTESIAN_POINT('',(5.235987755983,50.022847753923));
#5018 = CARTESIAN_POINT('',(4.974188368184,50.011424313281));
#5019 = CARTESIAN_POINT('',(4.712388980385,50.));
#5020 = ( GEOMETRIC_REPRESENTATION_CONTEXT(2) 
PARAMETRIC_REPRESENTATION_CONTEXT() REPRESENTATION_CONTEXT('2D SPACE',''
  ) );
#5021 = PCURVE('',#2968,#5022);
#5022 = DEFINITIONAL_REPRESENTATION('',(#5023),#5031);
#5023 = B_SPLINE_CURVE_WITH_KNOTS('',6,(#5024,#5025,#5026,#5027,#5028,
    #5029,#5030),.UNSPECIFIED.,.F.,.F.,(7,7),(0.,1.570796326795),
  .PIECEWISE_BEZIER_KNOTS.);
#5024 = CARTESIAN_POINT('',(3.14159265359,18.875569805028));
#5025 = CARTESIAN_POINT('',(3.403392041389,18.875569805028));
#5026 = CARTESIAN_POINT('',(3.665191429188,18.871981507027));
#5027 = CARTESIAN_POINT('',(3.926990816987,18.864799576946));
#5028 = CARTESIAN_POINT('',(4.188790204786,18.854779896631));
#5029 = CARTESIAN_POINT('',(4.450589592586,18.843356455988));
#5030 = CARTESIAN_POINT('',(4.712388980385,18.831932142708));
#5031 = ( GEOMETRIC_REPRESENTATION_CONTEXT(2) 
PARAMETRIC_REPRESENTATION_CONTEXT() REPRESENTATION_CONTEXT('2D SPACE',''
  ) );
#5032 = ADVANCED_FACE('',(#5033),#2299,.F.);
#5033 = FACE_BOUND('',#5034,.F.);
#5034 = EDGE_LOOP('',(#5035,#5036,#5037,#5067));
#5035 = ORIENTED_EDGE('',*,*,#2282,.F.);
#5036 = ORIENTED_EDGE('',*,*,#4978,.F.);
#5037 = ORIENTED_EDGE('',*,*,#5038,.F.);
#5038 = EDGE_CURVE('',#2866,#4979,#5039,.T.);
#5039 = SURFACE_CURVE('',#5040,(#5045,#5056),.PCURVE_S1.);
#5040 = ELLIPSE('',#5041,2.50038082011,2.5);
#5041 = AXIS2_PLACEMENT_3D('',#5042,#5043,#5044);
#5042 = CARTESIAN_POINT('',(-34.67,0.,13.831932142708));
#5043 = DIRECTION('',(1.745240643728E-02,0.,0.999847695156));
#5044 = DIRECTION('',(-0.999847695156,0.,1.745240643728E-02));
#5045 = PCURVE('',#2299,#5046);
#5046 = DEFINITIONAL_REPRESENTATION('',(#5047),#5055);
#5047 = B_SPLINE_CURVE_WITH_KNOTS('',6,(#5048,#5049,#5050,#5051,#5052,
    #5053,#5054),.UNSPECIFIED.,.F.,.F.,(7,7),(4.712388980385,
    6.28318530718),.PIECEWISE_BEZIER_KNOTS.);
#5048 = CARTESIAN_POINT('',(1.570796326795,50.));
#5049 = CARTESIAN_POINT('',(1.308996938996,50.011424313281));
#5050 = CARTESIAN_POINT('',(1.047197551197,50.022847753924));
#5051 = CARTESIAN_POINT('',(0.785398163397,50.032867434236));
#5052 = CARTESIAN_POINT('',(0.523598775598,50.04004936432));
#5053 = CARTESIAN_POINT('',(0.261799387799,50.043637662321));
#5054 = CARTESIAN_POINT('',(2.449293598295E-16,50.043637662321));
#5055 = ( GEOMETRIC_REPRESENTATION_CONTEXT(2) 
PARAMETRIC_REPRESENTATION_CONTEXT() REPRESENTATION_CONTEXT('2D SPACE',''
  ) );
#5056 = PCURVE('',#2968,#5057);
#5057 = DEFINITIONAL_REPRESENTATION('',(#5058),#5066);
#5058 = B_SPLINE_CURVE_WITH_KNOTS('',6,(#5059,#5060,#5061,#5062,#5063,
    #5064,#5065),.UNSPECIFIED.,.F.,.F.,(7,7),(4.712388980385,
    6.28318530718),.PIECEWISE_BEZIER_KNOTS.);
#5059 = CARTESIAN_POINT('',(1.570796326795,18.831932142708));
#5060 = CARTESIAN_POINT('',(1.832595714594,18.843356455988));
#5061 = CARTESIAN_POINT('',(2.094395102393,18.854779896631));
#5062 = CARTESIAN_POINT('',(2.356194490192,18.864799576946));
#5063 = CARTESIAN_POINT('',(2.617993877991,18.871981507028));
#5064 = CARTESIAN_POINT('',(2.879793265791,18.875569805028));
#5065 = CARTESIAN_POINT('',(3.14159265359,18.875569805028));
#5066 = ( GEOMETRIC_REPRESENTATION_CONTEXT(2) 
PARAMETRIC_REPRESENTATION_CONTEXT() REPRESENTATION_CONTEXT('2D SPACE',''
  ) );
#5067 = ORIENTED_EDGE('',*,*,#5068,.T.);
#5068 = EDGE_CURVE('',#2866,#2234,#5069,.T.);
#5069 = SURFACE_CURVE('',#5070,(#5075,#5085),.PCURVE_S1.);
#5070 = ELLIPSE('',#5071,143.24672124636,2.5);
#5071 = AXIS2_PLACEMENT_3D('',#5072,#5073,#5074);
#5072 = CARTESIAN_POINT('',(-34.67,0.,13.831932142708));
#5073 = DIRECTION('',(-0.999847695156,0.,1.745240643728E-02));
#5074 = DIRECTION('',(1.745240643728E-02,0.,0.999847695156));
#5075 = PCURVE('',#2299,#5076);
#5076 = DEFINITIONAL_REPRESENTATION('',(#5077),#5084);
#5077 = B_SPLINE_CURVE_WITH_KNOTS('',5,(#5078,#5079,#5080,#5081,#5082,
    #5083),.UNSPECIFIED.,.F.,.F.,(6,6),(1.570796326795,1.658528619353),
  .PIECEWISE_BEZIER_KNOTS.);
#5078 = CARTESIAN_POINT('',(1.570796326795,50.));
#5079 = CARTESIAN_POINT('',(1.588342785307,52.513089837216));
#5080 = CARTESIAN_POINT('',(1.605889243818,55.026179674509));
#5081 = CARTESIAN_POINT('',(1.62343570233,57.537657583087));
#5082 = CARTESIAN_POINT('',(1.640982160841,60.045911636056));
#5083 = CARTESIAN_POINT('',(1.658528619353,62.549336105258));
#5084 = ( GEOMETRIC_REPRESENTATION_CONTEXT(2) 
PARAMETRIC_REPRESENTATION_CONTEXT() REPRESENTATION_CONTEXT('2D SPACE',''
  ) );
#5085 = PCURVE('',#2250,#5086);
#5086 = DEFINITIONAL_REPRESENTATION('',(#5087),#5094);
#5087 = B_SPLINE_CURVE_WITH_KNOTS('',5,(#5088,#5089,#5090,#5091,#5092,
    #5093),.UNSPECIFIED.,.F.,.F.,(6,6),(1.570796326795,1.658528619353),
  .PIECEWISE_BEZIER_KNOTS.);
#5088 = CARTESIAN_POINT('',(1.570796326795,18.831932142708));
#5089 = CARTESIAN_POINT('',(1.588342785307,16.318842305492));
#5090 = CARTESIAN_POINT('',(1.605889243818,13.805752468199));
#5091 = CARTESIAN_POINT('',(1.62343570233,11.294274559621));
#5092 = CARTESIAN_POINT('',(1.640982160841,8.786020506652));
#5093 = CARTESIAN_POINT('',(1.658528619353,6.28259603745));
#5094 = ( GEOMETRIC_REPRESENTATION_CONTEXT(2) 
PARAMETRIC_REPRESENTATION_CONTEXT() REPRESENTATION_CONTEXT('2D SPACE',''
  ) );
#5095 = ADVANCED_FACE('',(#5096),#2250,.F.);
#5096 = FACE_BOUND('',#5097,.F.);
#5097 = EDGE_LOOP('',(#5098,#5099,#5100,#5101));
#5098 = ORIENTED_EDGE('',*,*,#2863,.F.);
#5099 = ORIENTED_EDGE('',*,*,#4924,.F.);
#5100 = ORIENTED_EDGE('',*,*,#2233,.F.);
#5101 = ORIENTED_EDGE('',*,*,#5068,.F.);
#5102 = ADVANCED_FACE('',(#5103),#2399,.F.);
#5103 = FACE_BOUND('',#5104,.F.);
#5104 = EDGE_LOOP('',(#5105,#5126,#5127,#5155));
#5105 = ORIENTED_EDGE('',*,*,#5106,.T.);
#5106 = EDGE_CURVE('',#2381,#2725,#5107,.T.);
#5107 = SURFACE_CURVE('',#5108,(#5112,#5119),.PCURVE_S1.);
#5108 = LINE('',#5109,#5110);
#5109 = CARTESIAN_POINT('',(-47.5,-6.123233995737E-16,-5.));
#5110 = VECTOR('',#5111,1.);
#5111 = DIRECTION('',(0.,0.,1.));
#5112 = PCURVE('',#2399,#5113);
#5113 = DEFINITIONAL_REPRESENTATION('',(#5114),#5118);
#5114 = LINE('',#5115,#5116);
#5115 = CARTESIAN_POINT('',(6.28318530718,-0.));
#5116 = VECTOR('',#5117,1.);
#5117 = DIRECTION('',(0.,1.));
#5118 = ( GEOMETRIC_REPRESENTATION_CONTEXT(2) 
PARAMETRIC_REPRESENTATION_CONTEXT() REPRESENTATION_CONTEXT('2D SPACE',''
  ) );
#5119 = PCURVE('',#2448,#5120);
#5120 = DEFINITIONAL_REPRESENTATION('',(#5121),#5125);
#5121 = LINE('',#5122,#5123);
#5122 = CARTESIAN_POINT('',(0.,-0.));
#5123 = VECTOR('',#5124,1.);
#5124 = DIRECTION('',(0.,1.));
#5125 = ( GEOMETRIC_REPRESENTATION_CONTEXT(2) 
PARAMETRIC_REPRESENTATION_CONTEXT() REPRESENTATION_CONTEXT('2D SPACE',''
  ) );
#5126 = ORIENTED_EDGE('',*,*,#2770,.F.);
#5127 = ORIENTED_EDGE('',*,*,#5128,.F.);
#5128 = EDGE_CURVE('',#2383,#2771,#5129,.T.);
#5129 = SURFACE_CURVE('',#5130,(#5135,#5145),.PCURVE_S1.);
#5130 = ELLIPSE('',#5131,143.24672124636,2.5);
#5131 = AXIS2_PLACEMENT_3D('',#5132,#5133,#5134);
#5132 = CARTESIAN_POINT('',(-50.,0.,14.367267539016));
#5133 = DIRECTION('',(-0.999847695156,0.,1.745240643728E-02));
#5134 = DIRECTION('',(1.745240643728E-02,0.,0.999847695156));
#5135 = PCURVE('',#2399,#5136);
#5136 = DEFINITIONAL_REPRESENTATION('',(#5137),#5144);
#5137 = B_SPLINE_CURVE_WITH_KNOTS('',5,(#5138,#5139,#5140,#5141,#5142,
    #5143),.UNSPECIFIED.,.F.,.F.,(6,6),(4.616410726763,4.712388980385),
  .PIECEWISE_BEZIER_KNOTS.);
#5138 = CARTESIAN_POINT('',(4.616410726763,5.641886674414));
#5139 = CARTESIAN_POINT('',(4.635606377487,8.378528612398));
#5140 = CARTESIAN_POINT('',(4.654802028212,11.121492340645));
#5141 = CARTESIAN_POINT('',(4.673997678936,13.868677071484));
#5142 = CARTESIAN_POINT('',(4.69319332966,16.617972305323));
#5143 = CARTESIAN_POINT('',(4.712388980385,19.367267539016));
#5144 = ( GEOMETRIC_REPRESENTATION_CONTEXT(2) 
PARAMETRIC_REPRESENTATION_CONTEXT() REPRESENTATION_CONTEXT('2D SPACE',''
  ) );
#5145 = PCURVE('',#2544,#5146);
#5146 = DEFINITIONAL_REPRESENTATION('',(#5147),#5154);
#5147 = B_SPLINE_CURVE_WITH_KNOTS('',5,(#5148,#5149,#5150,#5151,#5152,
    #5153),.UNSPECIFIED.,.F.,.F.,(6,6),(4.616410726763,4.712388980385),
  .PIECEWISE_BEZIER_KNOTS.);
#5148 = CARTESIAN_POINT('',(4.616410726763,63.725380864603));
#5149 = CARTESIAN_POINT('',(4.635606377487,60.988738926619));
#5150 = CARTESIAN_POINT('',(4.654802028212,58.245775198371));
#5151 = CARTESIAN_POINT('',(4.673997678936,55.498590467533));
#5152 = CARTESIAN_POINT('',(4.69319332966,52.749295233694));
#5153 = CARTESIAN_POINT('',(4.712388980385,50.));
#5154 = ( GEOMETRIC_REPRESENTATION_CONTEXT(2) 
PARAMETRIC_REPRESENTATION_CONTEXT() REPRESENTATION_CONTEXT('2D SPACE',''
  ) );
#5155 = ORIENTED_EDGE('',*,*,#2380,.F.);
#5156 = ADVANCED_FACE('',(#5157),#2544,.F.);
#5157 = FACE_BOUND('',#5158,.F.);
#5158 = EDGE_LOOP('',(#5159,#5182,#5183,#5184));
#5159 = ORIENTED_EDGE('',*,*,#5160,.T.);
#5160 = EDGE_CURVE('',#5161,#2481,#5163,.T.);
#5161 = VERTEX_POINT('',#5162);
#5162 = CARTESIAN_POINT('',(-52.5,-6.123233995737E-16,14.410905201339));
#5163 = SURFACE_CURVE('',#5164,(#5168,#5175),.PCURVE_S1.);
#5164 = LINE('',#5165,#5166);
#5165 = CARTESIAN_POINT('',(-50.75350223242,-6.123233995737E-16,
    64.424057631728));
#5166 = VECTOR('',#5167,1.);
#5167 = DIRECTION('',(-3.48994967025E-02,-1.821954762786E-34,
    -0.999390827019));
#5168 = PCURVE('',#2544,#5169);
#5169 = DEFINITIONAL_REPRESENTATION('',(#5170),#5174);
#5170 = LINE('',#5171,#5172);
#5171 = CARTESIAN_POINT('',(6.28318530718,-0.));
#5172 = VECTOR('',#5173,1.);
#5173 = DIRECTION('',(0.,1.));
#5174 = ( GEOMETRIC_REPRESENTATION_CONTEXT(2) 
PARAMETRIC_REPRESENTATION_CONTEXT() REPRESENTATION_CONTEXT('2D SPACE',''
  ) );
#5175 = PCURVE('',#2497,#5176);
#5176 = DEFINITIONAL_REPRESENTATION('',(#5177),#5181);
#5177 = LINE('',#5178,#5179);
#5178 = CARTESIAN_POINT('',(0.,-0.));
#5179 = VECTOR('',#5180,1.);
#5180 = DIRECTION('',(0.,1.));
#5181 = ( GEOMETRIC_REPRESENTATION_CONTEXT(2) 
PARAMETRIC_REPRESENTATION_CONTEXT() REPRESENTATION_CONTEXT('2D SPACE',''
  ) );
#5182 = ORIENTED_EDGE('',*,*,#2529,.F.);
#5183 = ORIENTED_EDGE('',*,*,#5128,.T.);
#5184 = ORIENTED_EDGE('',*,*,#5185,.F.);
#5185 = EDGE_CURVE('',#5161,#2771,#5186,.T.);
#5186 = SURFACE_CURVE('',#5187,(#5192,#5203),.PCURVE_S1.);
#5187 = ELLIPSE('',#5188,2.50038082011,2.5);
#5188 = AXIS2_PLACEMENT_3D('',#5189,#5190,#5191);
#5189 = CARTESIAN_POINT('',(-50.,0.,14.367267539016));
#5190 = DIRECTION('',(1.745240643728E-02,0.,0.999847695156));
#5191 = DIRECTION('',(-0.999847695156,0.,1.745240643728E-02));
#5192 = PCURVE('',#2544,#5193);
#5193 = DEFINITIONAL_REPRESENTATION('',(#5194),#5202);
#5194 = B_SPLINE_CURVE_WITH_KNOTS('',6,(#5195,#5196,#5197,#5198,#5199,
    #5200,#5201),.UNSPECIFIED.,.F.,.F.,(7,7),(0.,1.570796326795),
  .PIECEWISE_BEZIER_KNOTS.);
#5195 = CARTESIAN_POINT('',(6.28318530718,50.043637662321));
#5196 = CARTESIAN_POINT('',(6.02138591938,50.043637662321));
#5197 = CARTESIAN_POINT('',(5.759586531581,50.040049364319));
#5198 = CARTESIAN_POINT('',(5.497787143782,50.032867434237));
#5199 = CARTESIAN_POINT('',(5.235987755983,50.022847753923));
#5200 = CARTESIAN_POINT('',(4.974188368184,50.011424313281));
#5201 = CARTESIAN_POINT('',(4.712388980385,50.));
#5202 = ( GEOMETRIC_REPRESENTATION_CONTEXT(2) 
PARAMETRIC_REPRESENTATION_CONTEXT() REPRESENTATION_CONTEXT('2D SPACE',''
  ) );
#5203 = PCURVE('',#2829,#5204);
#5204 = DEFINITIONAL_REPRESENTATION('',(#5205),#5213);
#5205 = B_SPLINE_CURVE_WITH_KNOTS('',6,(#5206,#5207,#5208,#5209,#5210,
    #5211,#5212),.UNSPECIFIED.,.F.,.F.,(7,7),(0.,1.570796326795),
  .PIECEWISE_BEZIER_KNOTS.);
#5206 = CARTESIAN_POINT('',(3.14159265359,19.410905201337));
#5207 = CARTESIAN_POINT('',(3.403392041389,19.410905201337));
#5208 = CARTESIAN_POINT('',(3.665191429188,19.407316903335));
#5209 = CARTESIAN_POINT('',(3.926990816987,19.400134973256));
#5210 = CARTESIAN_POINT('',(4.188790204786,19.390115292939));
#5211 = CARTESIAN_POINT('',(4.450589592586,19.378691852297));
#5212 = CARTESIAN_POINT('',(4.712388980385,19.367267539016));
#5213 = ( GEOMETRIC_REPRESENTATION_CONTEXT(2) 
PARAMETRIC_REPRESENTATION_CONTEXT() REPRESENTATION_CONTEXT('2D SPACE',''
  ) );
#5214 = ADVANCED_FACE('',(#5215),#2497,.F.);
#5215 = FACE_BOUND('',#5216,.F.);
#5216 = EDGE_LOOP('',(#5217,#5218,#5219,#5249));
#5217 = ORIENTED_EDGE('',*,*,#2480,.F.);
#5218 = ORIENTED_EDGE('',*,*,#5160,.F.);
#5219 = ORIENTED_EDGE('',*,*,#5220,.F.);
#5220 = EDGE_CURVE('',#2727,#5161,#5221,.T.);
#5221 = SURFACE_CURVE('',#5222,(#5227,#5238),.PCURVE_S1.);
#5222 = ELLIPSE('',#5223,2.50038082011,2.5);
#5223 = AXIS2_PLACEMENT_3D('',#5224,#5225,#5226);
#5224 = CARTESIAN_POINT('',(-50.,0.,14.367267539016));
#5225 = DIRECTION('',(1.745240643728E-02,0.,0.999847695156));
#5226 = DIRECTION('',(-0.999847695156,0.,1.745240643728E-02));
#5227 = PCURVE('',#2497,#5228);
#5228 = DEFINITIONAL_REPRESENTATION('',(#5229),#5237);
#5229 = B_SPLINE_CURVE_WITH_KNOTS('',6,(#5230,#5231,#5232,#5233,#5234,
    #5235,#5236),.UNSPECIFIED.,.F.,.F.,(7,7),(4.712388980385,
    6.28318530718),.PIECEWISE_BEZIER_KNOTS.);
#5230 = CARTESIAN_POINT('',(1.570796326795,50.));
#5231 = CARTESIAN_POINT('',(1.308996938996,50.011424313281));
#5232 = CARTESIAN_POINT('',(1.047197551197,50.022847753922));
#5233 = CARTESIAN_POINT('',(0.785398163397,50.032867434239));
#5234 = CARTESIAN_POINT('',(0.523598775598,50.040049364319));
#5235 = CARTESIAN_POINT('',(0.261799387799,50.043637662321));
#5236 = CARTESIAN_POINT('',(2.449293598295E-16,50.043637662321));
#5237 = ( GEOMETRIC_REPRESENTATION_CONTEXT(2) 
PARAMETRIC_REPRESENTATION_CONTEXT() REPRESENTATION_CONTEXT('2D SPACE',''
  ) );
#5238 = PCURVE('',#2829,#5239);
#5239 = DEFINITIONAL_REPRESENTATION('',(#5240),#5248);
#5240 = B_SPLINE_CURVE_WITH_KNOTS('',6,(#5241,#5242,#5243,#5244,#5245,
    #5246,#5247),.UNSPECIFIED.,.F.,.F.,(7,7),(4.712388980385,
    6.28318530718),.PIECEWISE_BEZIER_KNOTS.);
#5241 = CARTESIAN_POINT('',(1.570796326795,19.367267539016));
#5242 = CARTESIAN_POINT('',(1.832595714594,19.378691852297));
#5243 = CARTESIAN_POINT('',(2.094395102393,19.390115292939));
#5244 = CARTESIAN_POINT('',(2.356194490192,19.400134973255));
#5245 = CARTESIAN_POINT('',(2.617993877991,19.407316903336));
#5246 = CARTESIAN_POINT('',(2.879793265791,19.410905201337));
#5247 = CARTESIAN_POINT('',(3.14159265359,19.410905201337));
#5248 = ( GEOMETRIC_REPRESENTATION_CONTEXT(2) 
PARAMETRIC_REPRESENTATION_CONTEXT() REPRESENTATION_CONTEXT('2D SPACE',''
  ) );
#5249 = ORIENTED_EDGE('',*,*,#5250,.T.);
#5250 = EDGE_CURVE('',#2727,#2432,#5251,.T.);
#5251 = SURFACE_CURVE('',#5252,(#5257,#5267),.PCURVE_S1.);
#5252 = ELLIPSE('',#5253,143.24672124636,2.5);
#5253 = AXIS2_PLACEMENT_3D('',#5254,#5255,#5256);
#5254 = CARTESIAN_POINT('',(-50.,0.,14.367267539016));
#5255 = DIRECTION('',(-0.999847695156,0.,1.745240643728E-02));
#5256 = DIRECTION('',(1.745240643728E-02,0.,0.999847695156));
#5257 = PCURVE('',#2497,#5258);
#5258 = DEFINITIONAL_REPRESENTATION('',(#5259),#5266);
#5259 = B_SPLINE_CURVE_WITH_KNOTS('',5,(#5260,#5261,#5262,#5263,#5264,
    #5265),.UNSPECIFIED.,.F.,.F.,(6,6),(1.570796326795,1.666774580417),
  .PIECEWISE_BEZIER_KNOTS.);
#5260 = CARTESIAN_POINT('',(1.570796326795,50.));
#5261 = CARTESIAN_POINT('',(1.589991977519,52.749295233694));
#5262 = CARTESIAN_POINT('',(1.609187628244,55.498590467533));
#5263 = CARTESIAN_POINT('',(1.628383278968,58.245775198372));
#5264 = CARTESIAN_POINT('',(1.647578929692,60.988738926619));
#5265 = CARTESIAN_POINT('',(1.666774580417,63.725380864603));
#5266 = ( GEOMETRIC_REPRESENTATION_CONTEXT(2) 
PARAMETRIC_REPRESENTATION_CONTEXT() REPRESENTATION_CONTEXT('2D SPACE',''
  ) );
#5267 = PCURVE('',#2448,#5268);
#5268 = DEFINITIONAL_REPRESENTATION('',(#5269),#5276);
#5269 = B_SPLINE_CURVE_WITH_KNOTS('',5,(#5270,#5271,#5272,#5273,#5274,
    #5275),.UNSPECIFIED.,.F.,.F.,(6,6),(1.570796326795,1.666774580417),
  .PIECEWISE_BEZIER_KNOTS.);
#5270 = CARTESIAN_POINT('',(1.570796326795,19.367267539016));
#5271 = CARTESIAN_POINT('',(1.589991977519,16.617972305323));
#5272 = CARTESIAN_POINT('',(1.609187628244,13.868677071484));
#5273 = CARTESIAN_POINT('',(1.628383278968,11.121492340645));
#5274 = CARTESIAN_POINT('',(1.647578929692,8.378528612398));
#5275 = CARTESIAN_POINT('',(1.666774580417,5.641886674414));
#5276 = ( GEOMETRIC_REPRESENTATION_CONTEXT(2) 
PARAMETRIC_REPRESENTATION_CONTEXT() REPRESENTATION_CONTEXT('2D SPACE',''
  ) );
#5277 = ADVANCED_FACE('',(#5278),#2448,.F.);
#5278 = FACE_BOUND('',#5279,.F.);
#5279 = EDGE_LOOP('',(#5280,#5281,#5282,#5283));
#5280 = ORIENTED_EDGE('',*,*,#2724,.F.);
#5281 = ORIENTED_EDGE('',*,*,#5106,.F.);
#5282 = ORIENTED_EDGE('',*,*,#2431,.F.);
#5283 = ORIENTED_EDGE('',*,*,#5250,.F.);
#5284 = ADVANCED_FACE('',(#5285),#2829,.F.);
#5285 = FACE_BOUND('',#5286,.F.);
#5286 = EDGE_LOOP('',(#5287,#5288,#5289));
#5287 = ORIENTED_EDGE('',*,*,#2814,.F.);
#5288 = ORIENTED_EDGE('',*,*,#5220,.T.);
#5289 = ORIENTED_EDGE('',*,*,#5185,.T.);
#5290 = ADVANCED_FACE('',(#5291),#2968,.F.);
#5291 = FACE_BOUND('',#5292,.F.);
#5292 = EDGE_LOOP('',(#5293,#5294,#5295));
#5293 = ORIENTED_EDGE('',*,*,#2953,.F.);
#5294 = ORIENTED_EDGE('',*,*,#5038,.T.);
#5295 = ORIENTED_EDGE('',*,*,#5003,.T.);
#5296 = ADVANCED_FACE('',(#5297),#3107,.F.);
#5297 = FACE_BOUND('',#5298,.F.);
#5298 = EDGE_LOOP('',(#5299,#5300,#5301));
#5299 = ORIENTED_EDGE('',*,*,#3092,.F.);
#5300 = ORIENTED_EDGE('',*,*,#4856,.T.);
#5301 = ORIENTED_EDGE('',*,*,#4821,.T.);
#5302 = ADVANCED_FACE('',(#5303),#3246,.F.);
#5303 = FACE_BOUND('',#5304,.F.);
#5304 = EDGE_LOOP('',(#5305,#5306,#5307));
#5305 = ORIENTED_EDGE('',*,*,#3231,.F.);
#5306 = ORIENTED_EDGE('',*,*,#4674,.T.);
#5307 = ORIENTED_EDGE('',*,*,#4639,.T.);
#5308 = ADVANCED_FACE('',(#5309),#3385,.F.);
#5309 = FACE_BOUND('',#5310,.F.);
#5310 = EDGE_LOOP('',(#5311,#5312,#5313));
#5311 = ORIENTED_EDGE('',*,*,#3370,.F.);
#5312 = ORIENTED_EDGE('',*,*,#4492,.T.);
#5313 = ORIENTED_EDGE('',*,*,#4457,.T.);
#5314 = ADVANCED_FACE('',(#5315),#3524,.F.);
#5315 = FACE_BOUND('',#5316,.F.);
#5316 = EDGE_LOOP('',(#5317,#5318,#5319));
#5317 = ORIENTED_EDGE('',*,*,#3509,.F.);
#5318 = ORIENTED_EDGE('',*,*,#4310,.T.);
#5319 = ORIENTED_EDGE('',*,*,#4275,.T.);
#5320 = ADVANCED_FACE('',(#5321),#3663,.F.);
#5321 = FACE_BOUND('',#5322,.F.);
#5322 = EDGE_LOOP('',(#5323,#5324,#5325));
#5323 = ORIENTED_EDGE('',*,*,#3648,.F.);
#5324 = ORIENTED_EDGE('',*,*,#4128,.T.);
#5325 = ORIENTED_EDGE('',*,*,#4093,.T.);
#5326 = ADVANCED_FACE('',(#5327),#3873,.F.);
#5327 = FACE_BOUND('',#5328,.F.);
#5328 = EDGE_LOOP('',(#5329,#5350,#5351,#5352));
#5329 = ORIENTED_EDGE('',*,*,#5330,.T.);
#5330 = EDGE_CURVE('',#3853,#3977,#5331,.T.);
#5331 = SEAM_CURVE('',#5332,(#5336,#5343),.PCURVE_S1.);
#5332 = LINE('',#5333,#5334);
#5333 = CARTESIAN_POINT('',(-65.25,-5.765209719854,7.5));
#5334 = VECTOR('',#5335,1.);
#5335 = DIRECTION('',(0.,1.,0.));
#5336 = PCURVE('',#3873,#5337);
#5337 = DEFINITIONAL_REPRESENTATION('',(#5338),#5342);
#5338 = LINE('',#5339,#5340);
#5339 = CARTESIAN_POINT('',(9.42477796077,0.));
#5340 = VECTOR('',#5341,1.);
#5341 = DIRECTION('',(0.,1.));
#5342 = ( GEOMETRIC_REPRESENTATION_CONTEXT(2) 
PARAMETRIC_REPRESENTATION_CONTEXT() REPRESENTATION_CONTEXT('2D SPACE',''
  ) );
#5343 = PCURVE('',#3873,#5344);
#5344 = DEFINITIONAL_REPRESENTATION('',(#5345),#5349);
#5345 = LINE('',#5346,#5347);
#5346 = CARTESIAN_POINT('',(3.141592653589,0.));
#5347 = VECTOR('',#5348,1.);
#5348 = DIRECTION('',(0.,1.));
#5349 = ( GEOMETRIC_REPRESENTATION_CONTEXT(2) 
PARAMETRIC_REPRESENTATION_CONTEXT() REPRESENTATION_CONTEXT('2D SPACE',''
  ) );
#5350 = ORIENTED_EDGE('',*,*,#3976,.T.);
#5351 = ORIENTED_EDGE('',*,*,#5330,.F.);
#5352 = ORIENTED_EDGE('',*,*,#3852,.T.);
#5353 = ( GEOMETRIC_REPRESENTATION_CONTEXT(3) 
GLOBAL_UNCERTAINTY_ASSIGNED_CONTEXT((#5357)) 
GLOBAL_UNIT_ASSIGNED_CONTEXT((#5354,#5355,#5356)) REPRESENTATION_CONTEXT
('Context #1','3D Context with UNIT and UNCERTAINTY') );
#5354 = ( LENGTH_UNIT() NAMED_UNIT(*) SI_UNIT(.MILLI.,.METRE.) );
#5355 = ( NAMED_UNIT(*) PLANE_ANGLE_UNIT() SI_UNIT($,.RADIAN.) );
#5356 = ( NAMED_UNIT(*) SI_UNIT($,.STERADIAN.) SOLID_ANGLE_UNIT() );
#5357 = UNCERTAINTY_MEASURE_WITH_UNIT(LENGTH_MEASURE(5.E-05),#5354,
  'distance_accuracy_value','confusion accuracy');
#5358 = PRODUCT_RELATED_PRODUCT_CATEGORY('part',$,(#7));
ENDSEC;
END-ISO-10303-21;
