ISO-10303-21;
HEADER;
FILE_DESCRIPTION(('Open CASCADE Model'),'2;1');
FILE_NAME('Open CASCADE Shape Model','2026-08-16T12:19:29',('Author'),(
    'Open CASCADE'),'Open CASCADE STEP processor 7.9','Open CASCADE 7.9'
  ,'Unknown');
FILE_SCHEMA(('AUTOMOTIVE_DESIGN { 1 0 10303 214 1 1 1 1 }'));
ENDSEC;
DATA;
#1 = APPLICATION_PROTOCOL_DEFINITION('international standard',
  'automotive_design',2000,#2);
#2 = APPLICATION_CONTEXT(
  'core data for automotive mechanical design processes');
#3 = SHAPE_DEFINITION_REPRESENTATION(#4,#10);
#4 = PRODUCT_DEFINITION_SHAPE('','',#5);
#5 = PRODUCT_DEFINITION('design','',#6,#9);
#6 = PRODUCT_DEFINITION_FORMATION('','',#7);
#7 = PRODUCT('Open CASCADE STEP translator 7.9 1',
  'Open CASCADE STEP translator 7.9 1','',(#8));
#8 = PRODUCT_CONTEXT('',#2,'mechanical');
#9 = PRODUCT_DEFINITION_CONTEXT('part definition',#2,'design');
#10 = SHAPE_REPRESENTATION('',(#11,#15,#19),#23);
#11 = AXIS2_PLACEMENT_3D('',#12,#13,#14);
#12 = CARTESIAN_POINT('',(0.,0.,0.));
#13 = DIRECTION('',(0.,0.,1.));
#14 = DIRECTION('',(1.,0.,-0.));
#15 = AXIS2_PLACEMENT_3D('',#16,#17,#18);
#16 = CARTESIAN_POINT('',(0.,0.,0.));
#17 = DIRECTION('',(0.,0.,1.));
#18 = DIRECTION('',(1.,0.,-0.));
#19 = AXIS2_PLACEMENT_3D('',#20,#21,#22);
#20 = CARTESIAN_POINT('',(0.,0.,0.));
#21 = DIRECTION('',(0.,0.,1.));
#22 = DIRECTION('',(1.,0.,-0.));
#23 = ( GEOMETRIC_REPRESENTATION_CONTEXT(3) 
GLOBAL_UNCERTAINTY_ASSIGNED_CONTEXT((#27)) GLOBAL_UNIT_ASSIGNED_CONTEXT(
(#24,#25,#26)) REPRESENTATION_CONTEXT('Context #1',
  '3D Context with UNIT and UNCERTAINTY') );
#24 = ( LENGTH_UNIT() NAMED_UNIT(*) SI_UNIT(.MILLI.,.METRE.) );
#25 = ( NAMED_UNIT(*) PLANE_ANGLE_UNIT() SI_UNIT($,.RADIAN.) );
#26 = ( NAMED_UNIT(*) SI_UNIT($,.STERADIAN.) SOLID_ANGLE_UNIT() );
#27 = UNCERTAINTY_MEASURE_WITH_UNIT(LENGTH_MEASURE(2.E-04),#24,
  'distance_accuracy_value','confusion accuracy');
#28 = PRODUCT_RELATED_PRODUCT_CATEGORY('part',$,(#7));
#29 = SHAPE_DEFINITION_REPRESENTATION(#30,#36);
#30 = PRODUCT_DEFINITION_SHAPE('','',#31);
#31 = PRODUCT_DEFINITION('design','',#32,#35);
#32 = PRODUCT_DEFINITION_FORMATION('','',#33);
#33 = PRODUCT('Open CASCADE STEP translator 7.9 1.1',
  'Open CASCADE STEP translator 7.9 1.1','',(#34));
#34 = PRODUCT_CONTEXT('',#2,'mechanical');
#35 = PRODUCT_DEFINITION_CONTEXT('part definition',#2,'design');
#36 = ADVANCED_BREP_SHAPE_REPRESENTATION('',(#11,#37),#3997);
#37 = MANIFOLD_SOLID_BREP('',#38);
#38 = CLOSED_SHELL('',(#39,#389,#2950,#3067,#3116,#3195,#3222,#3326,
    #3449,#3455,#3773,#3845,#3918,#3956,#3983,#3990));
#39 = ADVANCED_FACE('',(#40),#55,.F.);
#40 = FACE_BOUND('',#41,.F.);
#41 = EDGE_LOOP('',(#42,#307,#335,#363));
#42 = ORIENTED_EDGE('',*,*,#43,.T.);
#43 = EDGE_CURVE('',#44,#46,#48,.T.);
#44 = VERTEX_POINT('',#45);
#45 = CARTESIAN_POINT('',(25.252396652027,22.075064669225,
    57.285773425311));
#46 = VERTEX_POINT('',#47);
#47 = CARTESIAN_POINT('',(24.929595930989,27.979323843751,
    43.639586687954));
#48 = SURFACE_CURVE('',#49,(#54,#67),.PCURVE_S1.);
#49 = B_SPLINE_CURVE_WITH_KNOTS('',3,(#50,#51,#52,#53),.UNSPECIFIED.,.F.
  ,.F.,(4,4),(-1.721560626601,-5.350576322048E-02),
  .PIECEWISE_BEZIER_KNOTS.);
#50 = CARTESIAN_POINT('',(25.299693446657,21.114134199152,
    59.285214100405));
#51 = CARTESIAN_POINT('',(25.182290975747,23.532385006844,
    54.322102381462));
#52 = CARTESIAN_POINT('',(25.052686399503,25.950134118621,
    48.843154739243));
#53 = CARTESIAN_POINT('',(24.929595930989,27.979323843751,
    43.639586687954));
#54 = PCURVE('',#55,#60);
#55 = PLANE('',#56);
#56 = AXIS2_PLACEMENT_3D('',#57,#58,#59);
#57 = CARTESIAN_POINT('',(25.299693446657,50.,59.285214100405));
#58 = DIRECTION('',(-0.999720337547,0.,2.364839731482E-02));
#59 = DIRECTION('',(-2.364839731482E-02,0.,-0.999720337547));
#60 = DEFINITIONAL_REPRESENTATION('',(#61),#66);
#61 = B_SPLINE_CURVE_WITH_KNOTS('',3,(#62,#63,#64,#65),.UNSPECIFIED.,.F.
  ,.F.,(4,4),(-1.721560626601,-5.350576322048E-02),
  .PIECEWISE_BEZIER_KNOTS.);
#62 = CARTESIAN_POINT('',(0.,28.885865800848));
#63 = CARTESIAN_POINT('',(4.964500103221,26.467614993156));
#64 = CARTESIAN_POINT('',(10.444980430013,24.049865881379));
#65 = CARTESIAN_POINT('',(15.650004131001,22.020676156249));
#66 = ( GEOMETRIC_REPRESENTATION_CONTEXT(2) 
PARAMETRIC_REPRESENTATION_CONTEXT() REPRESENTATION_CONTEXT('2D SPACE',''
  ) );
#67 = PCURVE('',#68,#279);
#68 = ( BOUNDED_SURFACE() B_SPLINE_SURFACE(3,3,(
    (#69,#70,#71,#72,#73,#74,#75,#76,#77,#78,#79,#80,#81,#82)
    ,(#83,#84,#85,#86,#87,#88,#89,#90,#91,#92,#93,#94,#95,#96)
    ,(#97,#98,#99,#100,#101,#102,#103,#104,#105,#106,#107,#108,#109,#110
      )
    ,(#111,#112,#113,#114,#115,#116,#117,#118,#119,#120,#121,#122,#123
      ,#124)
    ,(#125,#126,#127,#128,#129,#130,#131,#132,#133,#134,#135,#136,#137
      ,#138)
    ,(#139,#140,#141,#142,#143,#144,#145,#146,#147,#148,#149,#150,#151
      ,#152)
    ,(#153,#154,#155,#156,#157,#158,#159,#160,#161,#162,#163,#164,#165
      ,#166)
    ,(#167,#168,#169,#170,#171,#172,#173,#174,#175,#176,#177,#178,#179
      ,#180)
    ,(#181,#182,#183,#184,#185,#186,#187,#188,#189,#190,#191,#192,#193
      ,#194)
    ,(#195,#196,#197,#198,#199,#200,#201,#202,#203,#204,#205,#206,#207
      ,#208)
    ,(#209,#210,#211,#212,#213,#214,#215,#216,#217,#218,#219,#220,#221
      ,#222)
    ,(#223,#224,#225,#226,#227,#228,#229,#230,#231,#232,#233,#234,#235
      ,#236)
    ,(#237,#238,#239,#240,#241,#242,#243,#244,#245,#246,#247,#248,#249
      ,#250)
    ,(#251,#252,#253,#254,#255,#256,#257,#258,#259,#260,#261,#262,#263
      ,#264)
    ,(#265,#266,#267,#268,#269,#270,#271,#272,#273,#274,#275,#276,#277
,#278
    )),.UNSPECIFIED.,.F.,.F.,.F.) B_SPLINE_SURFACE_WITH_KNOTS((4,2,2,1,1
    ,1,2,2,4),(4,2,2,1,1,2,2,4),(0.,0.125,0.25,0.5,1.,1.5,1.75,1.875,2.)
  ,(0.,0.125,0.25,0.5,1.,1.5,1.75,2.),.UNSPECIFIED.) 
GEOMETRIC_REPRESENTATION_ITEM() RATIONAL_B_SPLINE_SURFACE((
    (1.,0.999673591097,1.003256005911,1.006613067109,1.006387713493,1.
      ,1.,1.,1.,1.01677191461,1.017908478598,1.011273458144
      ,1.003501873701,1.)
    ,(1.000163887618,0.99849765167,1.002584817228,1.006777861191
      ,1.006450255028,1.,1.,1.,1.,1.016638505487,1.017959328921
      ,1.010544287409,1.002105906646,0.999123301832)
    ,(1.004393994018,1.003293708299,1.004047637957,1.006101593095
      ,1.005426796144,1.,1.,1.,1.,1.013227908033,1.015001269838
      ,1.009730511223,1.005456856359,1.003908290919)
    ,(1.008273494138,1.008184953539,1.007054420874,1.008279955675
      ,1.007807722674,1.,1.,1.,1.,1.014785254393,1.015020285717
      ,1.010122167205,1.010219196468,1.008460080563)
    ,(1.007922887859,1.007732235027,1.006247585306,1.008069942284
      ,1.007634246686,1.,1.,1.,1.,1.01334212611,1.01334918143
      ,1.008637968046,1.010997435068,1.008226881121)
    ,(1.,1.,1.,1.,1.,1.,1.,1.,1.,1.,1.,1.,1.,1.)
    ,(1.,1.,1.,1.,1.,1.,1.,1.,1.,1.,1.,1.,1.,1.)
    ,(1.,1.,1.,1.,1.,1.,1.,1.,1.,1.,1.,1.,1.,1.)
    ,(1.,1.,1.,1.,1.,1.,1.,1.,1.,1.,1.,1.,1.,1.)
    ,(1.,1.,1.,1.,1.,1.,1.,1.,1.,1.,1.,1.,1.,1.)
    ,(1.007915155057,1.007870139697,1.0065227411,1.008231995368
      ,1.007656090335,1.,1.,1.,1.,1.013443144769,1.013235973421
      ,1.008230289059,1.010777114051,1.00822854851)
    ,(1.008265268345,1.008287032352,1.007219251642,1.008306785974
      ,1.007703912017,1.,1.,1.,1.,1.015165941988,1.015142322847
      ,1.009900140225,1.010059026342,1.008462124863)
    ,(1.004388951459,1.003306457539,1.00405148261,1.005962505797
      ,1.005182198311,1.,1.,1.,1.,1.013761420906,1.015337766907
      ,1.009759159316,1.005442384864,1.003910731267)
    ,(1.000162521285,0.998497521637,1.002571592214,1.006684855009
      ,1.006325171958,1.,1.,1.,1.,1.016905323734,1.018168219287
      ,1.010586201124,1.002112764069,0.999125761318)
    ,(1.,0.999673591097,1.003256005911,1.006613067109,1.006387713493,1.
      ,1.,1.,1.,1.01677191461,1.017908478598,1.011273458144
,1.003501873701,1.))) REPRESENTATION_ITEM('') SURFACE() );
#69 = CARTESIAN_POINT('',(48.84495649463,23.588966915347,-17.664568253)
  );
#70 = CARTESIAN_POINT('',(49.06817356071,24.036310891515,-16.50104911698
    ));
#71 = CARTESIAN_POINT('',(49.20224079764,24.553111151306,-14.98889893982
    ));
#72 = CARTESIAN_POINT('',(49.402747426631,25.672729006476,
    -11.42745645722));
#73 = CARTESIAN_POINT('',(49.470171045359,26.279495855219,
    -9.366480852095));
#74 = CARTESIAN_POINT('',(49.5759883174,28.262332910894,-2.26803061012)
  );
#75 = CARTESIAN_POINT('',(49.671549140126,32.154861075896,13.67403980491
    ));
#76 = CARTESIAN_POINT('',(51.187035585761,30.222424765911,
    28.324522276337));
#77 = CARTESIAN_POINT('',(54.621837832536,23.509413213852,
    45.647857354816));
#78 = CARTESIAN_POINT('',(56.287950702384,19.082014469743,
    56.125055542988));
#79 = CARTESIAN_POINT('',(56.547735795714,17.745994938415,59.1870261062)
  );
#80 = CARTESIAN_POINT('',(56.497038887815,15.276783699736,
    64.628423377077));
#81 = CARTESIAN_POINT('',(56.18233631707,14.123013721431,67.051640817245
    ));
#82 = CARTESIAN_POINT('',(55.557564928169,13.207841180493,
    68.940693923682));
#83 = CARTESIAN_POINT('',(48.327373701275,23.541366925703,
    -18.18619927172));
#84 = CARTESIAN_POINT('',(48.53625451884,24.047593883665,-17.00119142305
    ));
#85 = CARTESIAN_POINT('',(48.631581106472,24.646573277829,
    -15.37179790705));
#86 = CARTESIAN_POINT('',(48.771079273048,25.941669709588,
    -11.45680994974));
#87 = CARTESIAN_POINT('',(48.810866583415,26.61119747955,-9.258639947915
    ));
#88 = CARTESIAN_POINT('',(48.873927392786,28.659667443264,
    -2.147467772366));
#89 = CARTESIAN_POINT('',(48.952322565985,32.670786100433,
    13.802689094357));
#90 = CARTESIAN_POINT('',(50.436732341546,30.781558202851,
    28.312955812135));
#91 = CARTESIAN_POINT('',(53.733114311585,24.00077856551,45.563356571332
    ));
#92 = CARTESIAN_POINT('',(55.438013601737,19.48731504815,56.021011822238
    ));
#93 = CARTESIAN_POINT('',(55.763145217,18.070688899691,59.180193662386)
  );
#94 = CARTESIAN_POINT('',(55.838518729208,15.377322294893,
    64.904440042752));
#95 = CARTESIAN_POINT('',(55.580334969458,14.117830711942,
    67.438582101931));
#96 = CARTESIAN_POINT('',(54.991671592179,13.137889797219,
    69.357893143862));
#97 = CARTESIAN_POINT('',(47.6647131536,23.515235342833,-18.49018974465)
  );
#98 = CARTESIAN_POINT('',(47.819124812393,24.082127881397,
    -17.23051864427));
#99 = CARTESIAN_POINT('',(47.89066483308,24.73004006688,-15.54394144432)
  );
#100 = CARTESIAN_POINT('',(47.978727915977,26.130104714667,
    -11.49263975626));
#101 = CARTESIAN_POINT('',(47.999999115776,26.845608407226,
    -9.265002653486));
#102 = CARTESIAN_POINT('',(48.022976927631,28.959287721404,
    -2.041307503497));
#103 = CARTESIAN_POINT('',(48.087899255972,33.064198666327,
    13.897857980216));
#104 = CARTESIAN_POINT('',(49.526348459616,31.239672158745,
    28.279742667326));
#105 = CARTESIAN_POINT('',(52.650217839145,24.399219594277,
    45.521271729683));
#106 = CARTESIAN_POINT('',(54.407913412264,19.785558017068,56.1318509171
    ));
#107 = CARTESIAN_POINT('',(54.749588154642,18.313809119539,
    59.295604839418));
#108 = CARTESIAN_POINT('',(54.925167644059,15.496569477791,
    65.090471629902));
#109 = CARTESIAN_POINT('',(54.749054806814,14.229284707977,
    67.556775470097));
#110 = CARTESIAN_POINT('',(54.220609017006,13.184121576728,
    69.517232530808));
#111 = CARTESIAN_POINT('',(46.116586126038,23.476815508633,
    -18.88346922614));
#112 = CARTESIAN_POINT('',(46.114369411846,24.131752823791,-17.493762491
    ));
#113 = CARTESIAN_POINT('',(46.126042707998,24.859245009354,-15.699447465
    ));
#114 = CARTESIAN_POINT('',(46.118782884294,26.406206749363,
    -11.4574728977));
#115 = CARTESIAN_POINT('',(46.115045931093,27.183238163709,
    -9.154339057721));
#116 = CARTESIAN_POINT('',(46.12911198244,29.411800300632,
    -1.852112714476));
#117 = CARTESIAN_POINT('',(46.172685714087,33.666629570366,
    14.038102606444));
#118 = CARTESIAN_POINT('',(47.49907849769,32.000622339581,
    28.183219236897));
#119 = CARTESIAN_POINT('',(50.262300267932,25.082520860213,
    45.431302400094));
#120 = CARTESIAN_POINT('',(51.886299759576,20.34517041283,
    56.128886827837));
#121 = CARTESIAN_POINT('',(52.260266542714,18.779241361281,
    59.401641747305));
#122 = CARTESIAN_POINT('',(52.633995880475,15.778518468011,
    65.347186917797));
#123 = CARTESIAN_POINT('',(52.580013121666,14.460469698178,
    67.78513371378));
#124 = CARTESIAN_POINT('',(52.346625206305,13.326004711693,
    69.75341473475));
#125 = CARTESIAN_POINT('',(45.224941445877,23.46429936742,
    -18.97537196109));
#126 = CARTESIAN_POINT('',(45.162867511121,24.148876209502,
    -17.52344381685));
#127 = CARTESIAN_POINT('',(45.163661698494,24.902401631925,
    -15.70244798118));
#128 = CARTESIAN_POINT('',(45.115106523171,26.497045652446,
    -11.41561219475));
#129 = CARTESIAN_POINT('',(45.099829364084,27.296068444253,
    -9.095329560964));
#130 = CARTESIAN_POINT('',(45.086197502404,29.564692601721,
    -1.769078194324));
#131 = CARTESIAN_POINT('',(45.121895482215,33.87564790851,
    14.083178346815));
#132 = CARTESIAN_POINT('',(46.382192417696,32.303458564523,
    28.119908951277));
#133 = CARTESIAN_POINT('',(48.95727916916,25.367381097382,
    45.383417912154));
#134 = CARTESIAN_POINT('',(50.514624465775,20.560815598142,
    56.182777228229));
#135 = CARTESIAN_POINT('',(50.891673790424,18.964992283938,
    59.486434844572));
#136 = CARTESIAN_POINT('',(51.341480650118,15.915239379431,
    65.453593833388));
#137 = CARTESIAN_POINT('',(51.302390430528,14.582802390796,
    67.879918682577));
#138 = CARTESIAN_POINT('',(51.235874926147,13.422139141759,
    69.831805530568));
#139 = CARTESIAN_POINT('',(42.15801679192,23.446391348346,-18.9393739925
    ));
#140 = CARTESIAN_POINT('',(42.089549921402,24.169269372356,
    -17.41777056511));
#141 = CARTESIAN_POINT('',(42.030468951801,24.968700615252,
    -15.51799562735));
#142 = CARTESIAN_POINT('',(41.934857663575,26.610150591114,
    -11.25498120702));
#143 = CARTESIAN_POINT('',(41.898327344952,27.452169324079,
    -8.891741724449));
#144 = CARTESIAN_POINT('',(41.828230639266,29.876328336526,
    -1.546144173366));
#145 = CARTESIAN_POINT('',(41.846014228634,34.31705761562,
    14.168567342228));
#146 = CARTESIAN_POINT('',(42.892269496668,33.049192489636,
    27.904626713813));
#147 = CARTESIAN_POINT('',(44.958360848311,26.159992402768,
    45.095117683956));
#148 = CARTESIAN_POINT('',(46.205054758897,21.082200783285,
    56.286458242738));
#149 = CARTESIAN_POINT('',(46.570140295234,19.404454984401,
    59.733317150862));
#150 = CARTESIAN_POINT('',(47.112413232268,16.327014652457,
    65.66370147975));
#151 = CARTESIAN_POINT('',(47.289600632965,14.927320119396,
    68.147226900515));
#152 = CARTESIAN_POINT('',(47.329368998547,13.790825444547,
    69.951006778726));
#153 = CARTESIAN_POINT('',(35.115644083716,23.446356681076,
    -18.2210121764));
#154 = CARTESIAN_POINT('',(35.043901906435,24.169246700725,
    -16.73019293983));
#155 = CARTESIAN_POINT('',(34.985735993063,24.968693150861,
    -14.8698536748));
#156 = CARTESIAN_POINT('',(34.894328103792,26.614552622642,
    -10.69774715968));
#157 = CARTESIAN_POINT('',(34.861086127893,27.460965644287,
    -8.385979909586));
#158 = CARTESIAN_POINT('',(34.795403220883,29.911435132286,
    -1.204954289438));
#159 = CARTESIAN_POINT('',(34.800209489616,34.457295800546,
    14.139992430263));
#160 = CARTESIAN_POINT('',(35.355364930434,33.889561341003,
    27.372656716462));
#161 = CARTESIAN_POINT('',(36.625104108489,27.497337389056,
    43.939930170047));
#162 = CARTESIAN_POINT('',(37.522344992024,22.447443828113,
    55.260868831615));
#163 = CARTESIAN_POINT('',(37.812248036534,20.721525041635,58.8504289807
    ));
#164 = CARTESIAN_POINT('',(38.312921448965,17.512951944206,
    65.103469688024));
#165 = CARTESIAN_POINT('',(38.523691816884,16.030297633256,
    67.766950246261));
#166 = CARTESIAN_POINT('',(38.664506758214,14.833528730664,
    69.688437285085));
#167 = CARTESIAN_POINT('',(26.852231678018,23.446314530854,
    -17.37413127994));
#168 = CARTESIAN_POINT('',(26.850701152955,24.169218854288,
    -15.92667280675));
#169 = CARTESIAN_POINT('',(26.849008536156,24.968683058837,
    -14.11734971525));
#170 = CARTESIAN_POINT('',(26.845513376432,26.619532259322,
    -10.05769439582));
#171 = CARTESIAN_POINT('',(26.843710833506,27.470917255258,
    -7.807362167896));
#172 = CARTESIAN_POINT('',(26.838459701556,29.95115497388,
    -0.818931929686));
#173 = CARTESIAN_POINT('',(26.828583424965,34.615961334381,
    14.10766276439));
#174 = CARTESIAN_POINT('',(26.828108341239,34.840354967513,
    26.770785666444));
#175 = CARTESIAN_POINT('',(26.841199880431,28.656901645692,
    43.462743952149));
#176 = CARTESIAN_POINT('',(26.851727661787,23.684373691786,
    54.934150376221));
#177 = CARTESIAN_POINT('',(26.855355110066,21.97104138006,
    58.583358802544));
#178 = CARTESIAN_POINT('',(26.862122594718,18.774593289608,
    64.947903262334));
#179 = CARTESIAN_POINT('',(26.865262631092,17.291477510882,
    67.663239295801));
#180 = CARTESIAN_POINT('',(26.867797067733,16.094401258912,
    69.619296651446));
#181 = CARTESIAN_POINT('',(18.588893174821,23.41136642628,-18.2210121764
    ));
#182 = CARTESIAN_POINT('',(18.657573733102,24.134553747396,
    -16.73019293983));
#183 = CARTESIAN_POINT('',(18.712353981775,24.934239325901,
    -14.8698536748));
#184 = CARTESIAN_POINT('',(18.796791891767,26.58047109647,
    -10.69774715968));
#185 = CARTESIAN_POINT('',(18.826449553086,27.427017288533,
    -8.385979909586));
#186 = CARTESIAN_POINT('',(18.881755703803,29.877742933232,
    -1.204954289438));
#187 = CARTESIAN_POINT('',(18.857700672274,34.423542496664,
    14.139992430263));
#188 = CARTESIAN_POINT('',(18.30495419989,33.853462399407,
    27.372656716462));
#189 = CARTESIAN_POINT('',(17.062293375778,27.455919221878,
    43.939930170047));
#190 = CARTESIAN_POINT('',(16.186443598034,22.402271692937,
    55.260868831615));
#191 = CARTESIAN_POINT('',(15.903851312176,20.675140825658,
    58.850428980701));
#192 = CARTESIAN_POINT('',(15.416768638518,17.464476461935,
    65.103469688024));
#193 = CARTESIAN_POINT('',(15.212278250719,15.980942965492,
    67.766950246261));
#194 = CARTESIAN_POINT('',(15.07653212092,14.78358853085,69.688437285085
    ));
#195 = CARTESIAN_POINT('',(11.546583454259,23.381581159214,
    -18.9393739925));
#196 = CARTESIAN_POINT('',(11.611988785933,24.104742615974,
    -17.41777056511));
#197 = CARTESIAN_POINT('',(11.667684147025,24.904416862052,
    -15.51799562735));
#198 = CARTESIAN_POINT('',(11.756344089677,26.546256974932,
    -11.25498120702));
#199 = CARTESIAN_POINT('',(11.789308671236,27.388422841734,
    -8.891741724449));
#200 = CARTESIAN_POINT('',(11.849139989057,29.812856936359,
    -1.546144173366));
#201 = CARTESIAN_POINT('',(11.812552917275,34.253471102488,
    14.168567342228));
#202 = CARTESIAN_POINT('',(10.771675624921,32.981187122461,
    27.904626713813));
#203 = CARTESIAN_POINT('',(8.734774141821,26.083300224405,
    45.095117683956));
#204 = CARTESIAN_POINT('',(7.509592600246,21.000275177469,
    56.286458242738));
#205 = CARTESIAN_POINT('',(7.151614514846,19.320998516258,
    59.733317150861));
#206 = CARTESIAN_POINT('',(6.62237742632,16.241289595103,65.66370147975)
  );
#207 = CARTESIAN_POINT('',(6.451118423194,14.840857335158,
    68.147226900515));
#208 = CARTESIAN_POINT('',(6.41616274055,13.704204455378,69.951006778726
    ));
#209 = CARTESIAN_POINT('',(8.479785044884,23.388590164765,
    -18.97097472296));
#210 = CARTESIAN_POINT('',(8.53924499325,24.073153681617,-17.52164969485
    ));
#211 = CARTESIAN_POINT('',(8.535725780474,24.827423707094,
    -15.70123792621));
#212 = CARTESIAN_POINT('',(8.577723284111,26.419974918245,
    -11.41880279981));
#213 = CARTESIAN_POINT('',(8.589484162775,27.218354368199,
    -9.097219723925));
#214 = CARTESIAN_POINT('',(8.592521910959,29.487428594148,
    -1.769078194324));
#215 = CARTESIAN_POINT('',(8.538570118919,33.798194095429,
    14.083178346815));
#216 = CARTESIAN_POINT('',(7.284941695968,32.220682296392,
    28.119908951277));
#217 = CARTESIAN_POINT('',(4.739247871816,25.27376316908,45.383417912154
    ));
#218 = CARTESIAN_POINT('',(3.197376193955,20.460840363385,
    56.181807422843));
#219 = CARTESIAN_POINT('',(2.823497473504,18.863730697604,
    59.482705054297));
#220 = CARTESIAN_POINT('',(2.386558570897,15.808960287322,
    65.453973120604));
#221 = CARTESIAN_POINT('',(2.435241069453,14.47696314859,67.881875844053
    ));
#222 = CARTESIAN_POINT('',(2.510228864747,13.316175508205,
    69.836533619225));
#223 = CARTESIAN_POINT('',(7.588100288307,23.397487933361,
    -18.87873839384));
#224 = CARTESIAN_POINT('',(7.587826518967,24.052278653914,
    -17.49093944936));
#225 = CARTESIAN_POINT('',(7.573370894921,24.779428829971,
    -15.69832383834));
#226 = CARTESIAN_POINT('',(7.574409952178,26.324244243854,-11.4593725825
    ));
#227 = CARTESIAN_POINT('',(7.575095699524,27.100439002549,
    -9.155624933099));
#228 = CARTESIAN_POINT('',(7.550264181473,29.330121589449,
    -1.852112714476));
#229 = CARTESIAN_POINT('',(7.48867436599,33.584728208081,14.038102606444
    ));
#230 = CARTESIAN_POINT('',(6.169347946073,31.91311948977,28.183219236897
    ));
#231 = CARTESIAN_POINT('',(3.435444672977,24.983379557873,
    45.431302400094));
#232 = CARTESIAN_POINT('',(1.827486703995,20.239025008288,
    56.130644788236));
#233 = CARTESIAN_POINT('',(1.45852787679,18.672002533144,59.40044366469)
  );
#234 = CARTESIAN_POINT('',(1.09693435534,15.667631653765,65.347690551082
    ));
#235 = CARTESIAN_POINT('',(1.158696339486,14.349083984052,
    67.787820619559));
#236 = CARTESIAN_POINT('',(1.399816067514,13.21512947561,69.758503754943
    ));
#237 = CARTESIAN_POINT('',(6.039752649694,23.42859845516,-18.48703810796
    ));
#238 = CARTESIAN_POINT('',(5.882704653012,23.99469676244,-17.22769931757
    ));
#239 = CARTESIAN_POINT('',(5.808101576977,24.641358788969,
    -15.54274832002));
#240 = CARTESIAN_POINT('',(5.713897149816,26.039248789832,
    -11.49324769807));
#241 = CARTESIAN_POINT('',(5.689356668735,26.754018465905,
    -9.265484027519));
#242 = CARTESIAN_POINT('',(5.658332315361,28.869593762955,
    -2.041307503497));
#243 = CARTESIAN_POINT('',(5.576028902577,32.974193003163,
    13.897857980216));
#244 = CARTESIAN_POINT('',(4.145318294719,31.143591942064,
    28.279742667326));
#245 = CARTESIAN_POINT('',(1.05044185214,24.28997311751,45.521271729683)
  );
#246 = CARTESIAN_POINT('',(-0.683904952945,19.669516496525,
    56.135763975767));
#247 = CARTESIAN_POINT('',(-1.020823748097,18.196779947523,
    59.296903910558));
#248 = CARTESIAN_POINT('',(-1.186440183587,15.377773861681,
    65.091264888255));
#249 = CARTESIAN_POINT('',(-1.005746382189,14.109980536849,
    67.55916017632));
#250 = CARTESIAN_POINT('',(-0.473194097453,13.066333055977,
    69.520633645112));
#251 = CARTESIAN_POINT('',(5.376915710073,23.451005168595,
    -18.18497865969));
#252 = CARTESIAN_POINT('',(5.165449161575,23.956064886645,
    -17.00024089679));
#253 = CARTESIAN_POINT('',(5.066722793021,24.554017045439,
    -15.37131939353));
#254 = CARTESIAN_POINT('',(4.921618783109,25.847623428571,
    -11.45715320183));
#255 = CARTESIAN_POINT('',(4.879412185756,26.517006616728,-9.25886383408
    ));
#256 = CARTESIAN_POINT('',(4.808658178736,28.56637294116,-2.147467772366
    ));
#257 = CARTESIAN_POINT('',(4.713279192092,32.577123685594,
    13.802689094357));
#258 = CARTESIAN_POINT('',(3.236882393261,30.681627200979,
    28.312955812135));
#259 = CARTESIAN_POINT('',(-3.075776985691E-02,23.886950288354,
    45.563356571332));
#260 = CARTESIAN_POINT('',(-1.712998362842,19.367086634064,
    56.022891456202));
#261 = CARTESIAN_POINT('',(-2.031329651057,17.94978042393,
    59.180849366738));
#262 = CARTESIAN_POINT('',(-2.096386385992,15.255702935191,
    64.904545864714));
#263 = CARTESIAN_POINT('',(-1.835138978652,13.996247152979,
    67.439331526412));
#264 = CARTESIAN_POINT('',(-1.243615048184,13.018078055525,
    69.359225915804));
#265 = CARTESIAN_POINT('',(4.859099983419,23.495840544942,-17.664568253)
  );
#266 = CARTESIAN_POINT('',(4.633448454411,23.942006169129,
    -16.50112771266));
#267 = CARTESIAN_POINT('',(4.49631456568,24.457848762604,-14.98910850678
    ));
#268 = CARTESIAN_POINT('',(4.29034550679,25.576289356105,-11.42777406856
    ));
#269 = CARTESIAN_POINT('',(4.220503204444,26.182829693184,
    -9.366776458696));
#270 = CARTESIAN_POINT('',(4.108286005094,28.166069192898,-2.26803061012
    ));
#271 = CARTESIAN_POINT('',(3.996243677526,32.058157822799,13.67403980491
    ));
#272 = CARTESIAN_POINT('',(2.488953447151,30.119321723366,
    28.324522276337));
#273 = CARTESIAN_POINT('',(-0.917392706174,23.391826167346,
    45.647857354816));
#274 = CARTESIAN_POINT('',(-2.559098574974,18.959377519506,
    56.124239197729));
#275 = CARTESIAN_POINT('',(-2.812792943104,17.622420127407,
    59.186147407889));
#276 = CARTESIAN_POINT('',(-2.753623271217,15.152755751195,
    64.627831384264));
#277 = CARTESIAN_POINT('',(-2.43648796977,13.999475879533,
    67.051403148282));
#278 = CARTESIAN_POINT('',(-1.809490859158,13.086384282526,
    68.940693923682));
#279 = DEFINITIONAL_REPRESENTATION('',(#280),#306);
#280 = B_SPLINE_CURVE_WITH_KNOTS('',3,(#281,#282,#283,#284,#285,#286,
    #287,#288,#289,#290,#291,#292,#293,#294,#295,#296,#297,#298,#299,
    #300,#301,#302,#303,#304,#305),.UNSPECIFIED.,.F.,.F.,(4,1,1,1,1,1,1,
    1,1,1,1,1,1,1,1,1,1,1,1,1,1,1,4),(-1.721560626601,-1.645739950993,
    -1.569919275385,-1.494098599777,-1.418277924168,-1.34245724856,
    -1.266636572952,-1.190815897344,-1.114995221735,-1.039174546127,
    -0.963353870519,-0.887533194911,-0.811712519303,-0.735891843694,
    -0.660071168086,-0.584250492478,-0.50842981687,-0.432609141262,
    -0.356788465653,-0.280967790045,-0.205147114437,-0.129326438829,
    -5.350576322048E-02),.QUASI_UNIFORM_KNOTS.);
#281 = CARTESIAN_POINT('',(1.058936483254,1.684619973126));
#282 = CARTESIAN_POINT('',(1.059223605618,1.679061398783));
#283 = CARTESIAN_POINT('',(1.059803425768,1.667976957542));
#284 = CARTESIAN_POINT('',(1.060689577892,1.651443476258));
#285 = CARTESIAN_POINT('',(1.061591854036,1.634997979673));
#286 = CARTESIAN_POINT('',(1.062509933602,1.618636161345));
#287 = CARTESIAN_POINT('',(1.063443479688,1.602354202613));
#288 = CARTESIAN_POINT('',(1.064392135976,1.586148800521));
#289 = CARTESIAN_POINT('',(1.06535552618,1.570017093461));
#290 = CARTESIAN_POINT('',(1.066333252834,1.55395662491));
#291 = CARTESIAN_POINT('',(1.06732489628,1.537965305903));
#292 = CARTESIAN_POINT('',(1.068330013647,1.522041385495));
#293 = CARTESIAN_POINT('',(1.069348137803,1.506183425231));
#294 = CARTESIAN_POINT('',(1.07037877663,1.490390279261));
#295 = CARTESIAN_POINT('',(1.071421410913,1.474661072095));
#296 = CARTESIAN_POINT('',(1.072475493637,1.458995185469));
#297 = CARTESIAN_POINT('',(1.073540449914,1.443392250209));
#298 = CARTESIAN_POINT('',(1.074615676036,1.427852136823));
#299 = CARTESIAN_POINT('',(1.075700538862,1.412374949164));
#300 = CARTESIAN_POINT('',(1.076794375124,1.396961020666));
#301 = CARTESIAN_POINT('',(1.077896491222,1.381610909921));
#302 = CARTESIAN_POINT('',(1.079006161763,1.366325408146));
#303 = CARTESIAN_POINT('',(1.080122633265,1.35110551078));
#304 = CARTESIAN_POINT('',(1.080870950547,1.341003524384));
#305 = CARTESIAN_POINT('',(1.081245979218,1.335963887903));
#306 = ( GEOMETRIC_REPRESENTATION_CONTEXT(2) 
PARAMETRIC_REPRESENTATION_CONTEXT() REPRESENTATION_CONTEXT('2D SPACE',''
  ) );
#307 = ORIENTED_EDGE('',*,*,#308,.T.);
#308 = EDGE_CURVE('',#46,#309,#311,.T.);
#309 = VERTEX_POINT('',#310);
#310 = CARTESIAN_POINT('',(24.929595930989,10.,43.639586687954));
#311 = SURFACE_CURVE('',#312,(#316,#323),.PCURVE_S1.);
#312 = LINE('',#313,#314);
#313 = CARTESIAN_POINT('',(24.929595930989,50.,43.639586687954));
#314 = VECTOR('',#315,1.);
#315 = DIRECTION('',(0.,-1.,0.));
#316 = PCURVE('',#55,#317);
#317 = DEFINITIONAL_REPRESENTATION('',(#318),#322);
#318 = LINE('',#319,#320);
#319 = CARTESIAN_POINT('',(15.650004131001,0.));
#320 = VECTOR('',#321,1.);
#321 = DIRECTION('',(-0.,1.));
#322 = ( GEOMETRIC_REPRESENTATION_CONTEXT(2) 
PARAMETRIC_REPRESENTATION_CONTEXT() REPRESENTATION_CONTEXT('2D SPACE',''
  ) );
#323 = PCURVE('',#324,#329);
#324 = PLANE('',#325);
#325 = AXIS2_PLACEMENT_3D('',#326,#327,#328);
#326 = CARTESIAN_POINT('',(24.929595930989,50.,43.639586687954));
#327 = DIRECTION('',(-2.364839731482E-02,0.,-0.999720337547));
#328 = DIRECTION('',(0.999720337547,0.,-2.364839731482E-02));
#329 = DEFINITIONAL_REPRESENTATION('',(#330),#334);
#330 = LINE('',#331,#332);
#331 = CARTESIAN_POINT('',(0.,0.));
#332 = VECTOR('',#333,1.);
#333 = DIRECTION('',(0.,1.));
#334 = ( GEOMETRIC_REPRESENTATION_CONTEXT(2) 
PARAMETRIC_REPRESENTATION_CONTEXT() REPRESENTATION_CONTEXT('2D SPACE',''
  ) );
#335 = ORIENTED_EDGE('',*,*,#336,.F.);
#336 = EDGE_CURVE('',#337,#309,#339,.T.);
#337 = VERTEX_POINT('',#338);
#338 = CARTESIAN_POINT('',(25.252396652027,10.,57.285773425311));
#339 = SURFACE_CURVE('',#340,(#344,#351),.PCURVE_S1.);
#340 = LINE('',#341,#342);
#341 = CARTESIAN_POINT('',(25.299693446657,10.,59.285214100405));
#342 = VECTOR('',#343,1.);
#343 = DIRECTION('',(-2.364839731482E-02,0.,-0.999720337547));
#344 = PCURVE('',#55,#345);
#345 = DEFINITIONAL_REPRESENTATION('',(#346),#350);
#346 = LINE('',#347,#348);
#347 = CARTESIAN_POINT('',(-0.,40.));
#348 = VECTOR('',#349,1.);
#349 = DIRECTION('',(1.,0.));
#350 = ( GEOMETRIC_REPRESENTATION_CONTEXT(2) 
PARAMETRIC_REPRESENTATION_CONTEXT() REPRESENTATION_CONTEXT('2D SPACE',''
  ) );
#351 = PCURVE('',#352,#357);
#352 = PLANE('',#353);
#353 = AXIS2_PLACEMENT_3D('',#354,#355,#356);
#354 = CARTESIAN_POINT('',(27.77098115063,10.,51.39956472135));
#355 = DIRECTION('',(0.,-1.,0.));
#356 = DIRECTION('',(0.,0.,-1.));
#357 = DEFINITIONAL_REPRESENTATION('',(#358),#362);
#358 = LINE('',#359,#360);
#359 = CARTESIAN_POINT('',(-7.885649379054,-2.471287703973));
#360 = VECTOR('',#361,1.);
#361 = DIRECTION('',(0.999720337547,-2.364839731482E-02));
#362 = ( GEOMETRIC_REPRESENTATION_CONTEXT(2) 
PARAMETRIC_REPRESENTATION_CONTEXT() REPRESENTATION_CONTEXT('2D SPACE',''
  ) );
#363 = ORIENTED_EDGE('',*,*,#364,.F.);
#364 = EDGE_CURVE('',#44,#337,#365,.T.);
#365 = SURFACE_CURVE('',#366,(#370,#377),.PCURVE_S1.);
#366 = LINE('',#367,#368);
#367 = CARTESIAN_POINT('',(25.252396652027,21.114134199152,
    57.285773425311));
#368 = VECTOR('',#369,1.);
#369 = DIRECTION('',(0.,-1.,0.));
#370 = PCURVE('',#55,#371);
#371 = DEFINITIONAL_REPRESENTATION('',(#372),#376);
#372 = LINE('',#373,#374);
#373 = CARTESIAN_POINT('',(2.,28.885865800848));
#374 = VECTOR('',#375,1.);
#375 = DIRECTION('',(-0.,1.));
#376 = ( GEOMETRIC_REPRESENTATION_CONTEXT(2) 
PARAMETRIC_REPRESENTATION_CONTEXT() REPRESENTATION_CONTEXT('2D SPACE',''
  ) );
#377 = PCURVE('',#378,#383);
#378 = CYLINDRICAL_SURFACE('',#379,2.);
#379 = AXIS2_PLACEMENT_3D('',#380,#381,#382);
#380 = CARTESIAN_POINT('',(27.251837327121,21.114134199152,
    57.238476630682));
#381 = DIRECTION('',(0.,-1.,0.));
#382 = DIRECTION('',(-0.999720337547,0.,2.364839731482E-02));
#383 = DEFINITIONAL_REPRESENTATION('',(#384),#388);
#384 = LINE('',#385,#386);
#385 = CARTESIAN_POINT('',(-0.,0.));
#386 = VECTOR('',#387,1.);
#387 = DIRECTION('',(-0.,1.));
#388 = ( GEOMETRIC_REPRESENTATION_CONTEXT(2) 
PARAMETRIC_REPRESENTATION_CONTEXT() REPRESENTATION_CONTEXT('2D SPACE',''
  ) );
#389 = ADVANCED_FACE('',(#390,#1936),#68,.T.);
#390 = FACE_BOUND('',#391,.T.);
#391 = EDGE_LOOP('',(#392,#446,#1045,#1179,#1890,#1891));
#392 = ORIENTED_EDGE('',*,*,#393,.T.);
#393 = EDGE_CURVE('',#394,#396,#398,.T.);
#394 = VERTEX_POINT('',#395);
#395 = CARTESIAN_POINT('',(30.242268854604,27.978520431854,
    43.513915342295));
#396 = VERTEX_POINT('',#397);
#397 = CARTESIAN_POINT('',(30.565069575643,22.064879938742,
    57.160102079653));
#398 = SURFACE_CURVE('',#399,(#404,#433),.PCURVE_S1.);
#399 = B_SPLINE_CURVE_WITH_KNOTS('',3,(#400,#401,#402,#403),
  .UNSPECIFIED.,.F.,.F.,(4,4),(-1.703478021343,-5.549832367691E-02),
  .PIECEWISE_BEZIER_KNOTS.);
#400 = CARTESIAN_POINT('',(30.242268854604,27.978520431854,
    43.513915342295));
#401 = CARTESIAN_POINT('',(30.365332196063,25.945433230268,
    48.716336615309));
#402 = CARTESIAN_POINT('',(30.494914043857,23.524207734874,
    54.194323427369));
#403 = CARTESIAN_POINT('',(30.612366370272,21.103107892359,
    59.159542754746));
#404 = PCURVE('',#68,#405);
#405 = DEFINITIONAL_REPRESENTATION('',(#406),#432);
#406 = B_SPLINE_CURVE_WITH_KNOTS('',3,(#407,#408,#409,#410,#411,#412,
    #413,#414,#415,#416,#417,#418,#419,#420,#421,#422,#423,#424,#425,
    #426,#427,#428,#429,#430,#431),.UNSPECIFIED.,.F.,.F.,(4,1,1,1,1,1,1,
    1,1,1,1,1,1,1,1,1,1,1,1,1,1,1,4),(-1.703478021343,-1.628569853267,
    -1.553661685192,-1.478753517116,-1.40384534904,-1.328937180964,
    -1.254029012889,-1.179120844813,-1.104212676737,-1.029304508662,
    -0.954396340586,-0.87948817251,-0.804580004434,-0.729671836359,
    -0.654763668283,-0.579855500207,-0.504947332131,-0.430039164056,
    -0.35513099598,-0.280222827904,-0.205314659828,-0.130406491753,
    -5.549832367691E-02),.QUASI_UNIFORM_KNOTS.);
#407 = CARTESIAN_POINT('',(0.856182419703,1.33256024163));
#408 = CARTESIAN_POINT('',(0.856212980178,1.337598051907));
#409 = CARTESIAN_POINT('',(0.856274974394,1.347696157662));
#410 = CARTESIAN_POINT('',(0.856370357922,1.362909571665));
#411 = CARTESIAN_POINT('',(0.856467907239,1.378187951984));
#412 = CARTESIAN_POINT('',(0.856567391816,1.393530320441));
#413 = CARTESIAN_POINT('',(0.856668579565,1.40893589846));
#414 = CARTESIAN_POINT('',(0.856771237177,1.424404134796));
#415 = CARTESIAN_POINT('',(0.856875130925,1.439934698191));
#416 = CARTESIAN_POINT('',(0.856980027247,1.45552748163));
#417 = CARTESIAN_POINT('',(0.857085693238,1.471182606122));
#418 = CARTESIAN_POINT('',(0.857191897247,1.486900426343));
#419 = CARTESIAN_POINT('',(0.857298408664,1.502681541731));
#420 = CARTESIAN_POINT('',(0.85740500044,1.518526797251));
#421 = CARTESIAN_POINT('',(0.857511457128,1.534437259004));
#422 = CARTESIAN_POINT('',(0.857617564365,1.550414279878));
#423 = CARTESIAN_POINT('',(0.857723110301,1.566459513554));
#424 = CARTESIAN_POINT('',(0.857827885321,1.582574940186));
#425 = CARTESIAN_POINT('',(0.857931682151,1.598762894183));
#426 = CARTESIAN_POINT('',(0.858034295802,1.615026100032));
#427 = CARTESIAN_POINT('',(0.858135523466,1.631367706727));
#428 = CARTESIAN_POINT('',(0.858235164413,1.647791358553));
#429 = CARTESIAN_POINT('',(0.858333019616,1.664301167887));
#430 = CARTESIAN_POINT('',(0.858396934603,1.675368455162));
#431 = CARTESIAN_POINT('',(0.858428528714,1.680918072517));
#432 = ( GEOMETRIC_REPRESENTATION_CONTEXT(2) 
PARAMETRIC_REPRESENTATION_CONTEXT() REPRESENTATION_CONTEXT('2D SPACE',''
  ) );
#433 = PCURVE('',#434,#439);
#434 = PLANE('',#435);
#435 = AXIS2_PLACEMENT_3D('',#436,#437,#438);
#436 = CARTESIAN_POINT('',(30.242268854604,50.,43.513915342295));
#437 = DIRECTION('',(0.999720337547,0.,-2.364839731482E-02));
#438 = DIRECTION('',(2.364839731482E-02,0.,0.999720337547));
#439 = DEFINITIONAL_REPRESENTATION('',(#440),#445);
#440 = B_SPLINE_CURVE_WITH_KNOTS('',3,(#441,#442,#443,#444),
  .UNSPECIFIED.,.F.,.F.,(4,4),(-1.703478021343,-5.549832367691E-02),
  .PIECEWISE_BEZIER_KNOTS.);
#441 = CARTESIAN_POINT('',(0.,22.021479568146));
#442 = CARTESIAN_POINT('',(5.203876601911,24.054566769732));
#443 = CARTESIAN_POINT('',(10.683395829762,26.475792265126));
#444 = CARTESIAN_POINT('',(15.650004131001,28.896892107641));
#445 = ( GEOMETRIC_REPRESENTATION_CONTEXT(2) 
PARAMETRIC_REPRESENTATION_CONTEXT() REPRESENTATION_CONTEXT('2D SPACE',''
  ) );
#446 = ORIENTED_EDGE('',*,*,#447,.F.);
#447 = EDGE_CURVE('',#448,#396,#450,.T.);
#448 = VERTEX_POINT('',#449);
#449 = CARTESIAN_POINT('',(28.704663045908,19.706369078659,
    62.112604807472));
#450 = SURFACE_CURVE('',#451,(#484,#526),.PCURVE_S1.);
#451 = B_SPLINE_CURVE_WITH_KNOTS('',6,(#452,#453,#454,#455,#456,#457,
    #458,#459,#460,#461,#462,#463,#464,#465,#466,#467,#468,#469,#470,
    #471,#472,#473,#474,#475,#476,#477,#478,#479,#480,#481,#482,#483),
  .UNSPECIFIED.,.F.,.F.,(7,5,5,5,5,5,7),(0.,0.125,0.25,0.5,0.625,0.75,1.
    ),.UNSPECIFIED.);
#452 = CARTESIAN_POINT('',(28.704663045908,19.706369078659,
    62.112604807472));
#453 = CARTESIAN_POINT('',(28.834210720231,19.70472367055,
    62.109516343535));
#454 = CARTESIAN_POINT('',(28.958901419908,19.715644838798,
    62.081420077369));
#455 = CARTESIAN_POINT('',(29.079756522872,19.738856074128,
    62.02883495129));
#456 = CARTESIAN_POINT('',(29.185415223693,19.769682093604,
    61.961640535611));
#457 = CARTESIAN_POINT('',(29.282475639818,19.80535915838,
    61.885036307614));
#458 = CARTESIAN_POINT('',(29.459402417247,19.884295924957,
    61.717220096458));
#459 = CARTESIAN_POINT('',(29.539368257711,19.927387959453,
    61.62633909114));
#460 = CARTESIAN_POINT('',(29.612271749688,19.972935418502,
    61.530743301717));
#461 = CARTESIAN_POINT('',(29.679272438119,20.020134970976,
    61.431976363926));
#462 = CARTESIAN_POINT('',(29.741254213115,20.068548181279,61.3308674336
    ));
#463 = CARTESIAN_POINT('',(29.913967503659,20.217208165467,
    61.020858692819));
#464 = CARTESIAN_POINT('',(30.011207991076,20.3204006979,60.806242201719
    ));
#465 = CARTESIAN_POINT('',(30.095210646037,20.424989369806,
    60.588847651219));
#466 = CARTESIAN_POINT('',(30.169119459619,20.532221377431,
    60.365952377306));
#467 = CARTESIAN_POINT('',(30.233122366497,20.639466375663,
    60.142909979361));
#468 = CARTESIAN_POINT('',(30.317072408136,20.801893078257,
    59.804834721581));
#469 = CARTESIAN_POINT('',(30.343030560796,20.856294486633,
    59.691558485523));
#470 = CARTESIAN_POINT('',(30.367041487759,20.910806751377,
    59.577999089303));
#471 = CARTESIAN_POINT('',(30.389196149125,20.965367567633,
    59.464280100861));
#472 = CARTESIAN_POINT('',(30.409598496247,21.0200006435,59.350347332766
    ));
#473 = CARTESIAN_POINT('',(30.4471324472,21.129630756564,59.121590351675
    ));
#474 = CARTESIAN_POINT('',(30.46421373881,21.184486894177,
    59.007059846986));
#475 = CARTESIAN_POINT('',(30.479689414145,21.239404665178,
    58.892330984033));
#476 = CARTESIAN_POINT('',(30.49362223292,21.294384245477,
    58.777400777768));
#477 = CARTESIAN_POINT('',(30.506057646972,21.349405434586,
    58.662309602215));
#478 = CARTESIAN_POINT('',(30.53895610684,21.514472097678,
    58.316804366965));
#479 = CARTESIAN_POINT('',(30.555053629197,21.624654055467,
    58.085879833001));
#480 = CARTESIAN_POINT('',(30.565573967455,21.734907703935,
    57.854493349038));
#481 = CARTESIAN_POINT('',(30.570708045661,21.845032905818,
    57.623065179306));
#482 = CARTESIAN_POINT('',(30.570550548541,21.954940201035,
    57.391788798169));
#483 = CARTESIAN_POINT('',(30.565070430777,22.064897203399,
    57.160110258977));
#484 = PCURVE('',#68,#485);
#485 = DEFINITIONAL_REPRESENTATION('',(#486),#525);
#486 = B_SPLINE_CURVE_WITH_KNOTS('',7,(#487,#488,#489,#490,#491,#492,
    #493,#494,#495,#496,#497,#498,#499,#500,#501,#502,#503,#504,#505,
    #506,#507,#508,#509,#510,#511,#512,#513,#514,#515,#516,#517,#518,
    #519,#520,#521,#522,#523,#524),.UNSPECIFIED.,.F.,.F.,(8,6,6,6,6,6,8)
  ,(0.,0.125,0.25,0.5,0.625,0.75,1.),.UNSPECIFIED.);
#487 = CARTESIAN_POINT('',(0.931596329019,1.756814210683));
#488 = CARTESIAN_POINT('',(0.927487306284,1.756726776987));
#489 = CARTESIAN_POINT('',(0.923501872951,1.756158279025));
#490 = CARTESIAN_POINT('',(0.919602470023,1.755143826225));
#491 = CARTESIAN_POINT('',(0.915997973899,1.753739015084));
#492 = CARTESIAN_POINT('',(0.912694991866,1.752139994661));
#493 = CARTESIAN_POINT('',(0.909624633929,1.750355512499));
#494 = CARTESIAN_POINT('',(0.903923020024,1.746532222539));
#495 = CARTESIAN_POINT('',(0.901292047535,1.744493571251));
#496 = CARTESIAN_POINT('',(0.898848407276,1.742365461825));
#497 = CARTESIAN_POINT('',(0.896567855582,1.740173998329));
#498 = CARTESIAN_POINT('',(0.894431602028,1.737935902363));
#499 = CARTESIAN_POINT('',(0.892423504095,1.735660574685));
#500 = CARTESIAN_POINT('',(0.88673477734,1.728735321165));
#501 = CARTESIAN_POINT('',(0.883402926851,1.724000050788));
#502 = CARTESIAN_POINT('',(0.880436418015,1.719224937273));
#503 = CARTESIAN_POINT('',(0.877761161763,1.71439919546));
#504 = CARTESIAN_POINT('',(0.875343197556,1.70954155157));
#505 = CARTESIAN_POINT('',(0.873171920458,1.704702419395));
#506 = CARTESIAN_POINT('',(0.870225454816,1.697422837167));
#507 = CARTESIAN_POINT('',(0.869295232056,1.694992610728));
#508 = CARTESIAN_POINT('',(0.86841603738,1.692563636332));
#509 = CARTESIAN_POINT('',(0.867586019256,1.690137914812));
#510 = CARTESIAN_POINT('',(0.866802858985,1.687715309197));
#511 = CARTESIAN_POINT('',(0.866064250707,1.685294357149));
#512 = CARTESIAN_POINT('',(0.864672512079,1.680451809653));
#513 = CARTESIAN_POINT('',(0.864020179098,1.678033003967));
#514 = CARTESIAN_POINT('',(0.863410488127,1.67561921382));
#515 = CARTESIAN_POINT('',(0.862841447822,1.673207737517));
#516 = CARTESIAN_POINT('',(0.862311973267,1.670798359608));
#517 = CARTESIAN_POINT('',(0.861821950185,1.668393917123));
#518 = CARTESIAN_POINT('',(0.860467179318,1.661193255649));
#519 = CARTESIAN_POINT('',(0.859717297916,1.656407520825));
#520 = CARTESIAN_POINT('',(0.859115576504,1.651637045786));
#521 = CARTESIAN_POINT('',(0.858658551785,1.646885845974));
#522 = CARTESIAN_POINT('',(0.85834431927,1.642157599207));
#523 = CARTESIAN_POINT('',(0.858172416196,1.637451846248));
#524 = CARTESIAN_POINT('',(0.858143704441,1.632760191371));
#525 = ( GEOMETRIC_REPRESENTATION_CONTEXT(2) 
PARAMETRIC_REPRESENTATION_CONTEXT() REPRESENTATION_CONTEXT('2D SPACE',''
  ) );
#526 = PCURVE('',#527,#1040);
#527 = B_SPLINE_SURFACE_WITH_KNOTS('',8,6,(
    (#528,#529,#530,#531,#532,#533,#534,#535,#536,#537,#538,#539,#540
      ,#541,#542,#543,#544,#545,#546,#547,#548,#549,#550,#551,#552,#553
      ,#554,#555,#556,#557,#558,#559)
    ,(#560,#561,#562,#563,#564,#565,#566,#567,#568,#569,#570,#571,#572
      ,#573,#574,#575,#576,#577,#578,#579,#580,#581,#582,#583,#584,#585
      ,#586,#587,#588,#589,#590,#591)
    ,(#592,#593,#594,#595,#596,#597,#598,#599,#600,#601,#602,#603,#604
      ,#605,#606,#607,#608,#609,#610,#611,#612,#613,#614,#615,#616,#617
      ,#618,#619,#620,#621,#622,#623)
    ,(#624,#625,#626,#627,#628,#629,#630,#631,#632,#633,#634,#635,#636
      ,#637,#638,#639,#640,#641,#642,#643,#644,#645,#646,#647,#648,#649
      ,#650,#651,#652,#653,#654,#655)
    ,(#656,#657,#658,#659,#660,#661,#662,#663,#664,#665,#666,#667,#668
      ,#669,#670,#671,#672,#673,#674,#675,#676,#677,#678,#679,#680,#681
      ,#682,#683,#684,#685,#686,#687)
    ,(#688,#689,#690,#691,#692,#693,#694,#695,#696,#697,#698,#699,#700
      ,#701,#702,#703,#704,#705,#706,#707,#708,#709,#710,#711,#712,#713
      ,#714,#715,#716,#717,#718,#719)
    ,(#720,#721,#722,#723,#724,#725,#726,#727,#728,#729,#730,#731,#732
      ,#733,#734,#735,#736,#737,#738,#739,#740,#741,#742,#743,#744,#745
      ,#746,#747,#748,#749,#750,#751)
    ,(#752,#753,#754,#755,#756,#757,#758,#759,#760,#761,#762,#763,#764
      ,#765,#766,#767,#768,#769,#770,#771,#772,#773,#774,#775,#776,#777
      ,#778,#779,#780,#781,#782,#783)
    ,(#784,#785,#786,#787,#788,#789,#790,#791,#792,#793,#794,#795,#796
      ,#797,#798,#799,#800,#801,#802,#803,#804,#805,#806,#807,#808,#809
      ,#810,#811,#812,#813,#814,#815)
    ,(#816,#817,#818,#819,#820,#821,#822,#823,#824,#825,#826,#827,#828
      ,#829,#830,#831,#832,#833,#834,#835,#836,#837,#838,#839,#840,#841
      ,#842,#843,#844,#845,#846,#847)
    ,(#848,#849,#850,#851,#852,#853,#854,#855,#856,#857,#858,#859,#860
      ,#861,#862,#863,#864,#865,#866,#867,#868,#869,#870,#871,#872,#873
      ,#874,#875,#876,#877,#878,#879)
    ,(#880,#881,#882,#883,#884,#885,#886,#887,#888,#889,#890,#891,#892
      ,#893,#894,#895,#896,#897,#898,#899,#900,#901,#902,#903,#904,#905
      ,#906,#907,#908,#909,#910,#911)
    ,(#912,#913,#914,#915,#916,#917,#918,#919,#920,#921,#922,#923,#924
      ,#925,#926,#927,#928,#929,#930,#931,#932,#933,#934,#935,#936,#937
      ,#938,#939,#940,#941,#942,#943)
    ,(#944,#945,#946,#947,#948,#949,#950,#951,#952,#953,#954,#955,#956
      ,#957,#958,#959,#960,#961,#962,#963,#964,#965,#966,#967,#968,#969
      ,#970,#971,#972,#973,#974,#975)
    ,(#976,#977,#978,#979,#980,#981,#982,#983,#984,#985,#986,#987,#988
      ,#989,#990,#991,#992,#993,#994,#995,#996,#997,#998,#999,#1000
      ,#1001,#1002,#1003,#1004,#1005,#1006,#1007)
    ,(#1008,#1009,#1010,#1011,#1012,#1013,#1014,#1015,#1016,#1017,#1018
      ,#1019,#1020,#1021,#1022,#1023,#1024,#1025,#1026,#1027,#1028,#1029
      ,#1030,#1031,#1032,#1033,#1034,#1035,#1036,#1037,#1038,#1039
  )),.UNSPECIFIED.,.F.,.F.,.F.,(9,7,9),(7,5,5,5,5,5,7),(0.,0.5,1.),(0.,
    0.125,0.25,0.5,0.625,0.75,1.),.UNSPECIFIED.);
#528 = CARTESIAN_POINT('',(28.704663045908,19.706369078659,
    62.112604807472));
#529 = CARTESIAN_POINT('',(28.834210720231,19.70472367055,
    62.109516343535));
#530 = CARTESIAN_POINT('',(28.958901419908,19.715644838798,
    62.081420077369));
#531 = CARTESIAN_POINT('',(29.079756522872,19.738856074128,
    62.02883495129));
#532 = CARTESIAN_POINT('',(29.185415223693,19.769682093604,
    61.961640535611));
#533 = CARTESIAN_POINT('',(29.282475639818,19.80535915838,
    61.885036307614));
#534 = CARTESIAN_POINT('',(29.459402417247,19.884295924957,
    61.717220096458));
#535 = CARTESIAN_POINT('',(29.539368257711,19.927387959453,
    61.62633909114));
#536 = CARTESIAN_POINT('',(29.612271749688,19.972935418502,
    61.530743301717));
#537 = CARTESIAN_POINT('',(29.679272438119,20.020134970976,
    61.431976363926));
#538 = CARTESIAN_POINT('',(29.741254213115,20.068548181279,61.3308674336
    ));
#539 = CARTESIAN_POINT('',(29.913967503659,20.217208165467,
    61.020858692819));
#540 = CARTESIAN_POINT('',(30.011207991076,20.3204006979,60.806242201719
    ));
#541 = CARTESIAN_POINT('',(30.095210646037,20.424989369806,
    60.588847651219));
#542 = CARTESIAN_POINT('',(30.169119459619,20.532221377431,
    60.365952377306));
#543 = CARTESIAN_POINT('',(30.233122366497,20.639466375663,
    60.142909979361));
#544 = CARTESIAN_POINT('',(30.317072408136,20.801893078257,
    59.804834721581));
#545 = CARTESIAN_POINT('',(30.343030560796,20.856294486633,
    59.691558485523));
#546 = CARTESIAN_POINT('',(30.367041487759,20.910806751377,
    59.577999089303));
#547 = CARTESIAN_POINT('',(30.389196149125,20.965367567633,
    59.464280100861));
#548 = CARTESIAN_POINT('',(30.409598496247,21.0200006435,59.350347332766
    ));
#549 = CARTESIAN_POINT('',(30.4471324472,21.129630756564,59.121590351675
    ));
#550 = CARTESIAN_POINT('',(30.46421373881,21.184486894177,
    59.007059846986));
#551 = CARTESIAN_POINT('',(30.479689414145,21.239404665178,
    58.892330984033));
#552 = CARTESIAN_POINT('',(30.49362223292,21.294384245477,
    58.777400777768));
#553 = CARTESIAN_POINT('',(30.506057646972,21.349405434586,
    58.662309602215));
#554 = CARTESIAN_POINT('',(30.53895610684,21.514472097678,
    58.316804366965));
#555 = CARTESIAN_POINT('',(30.555053629197,21.624654055467,
    58.085879833001));
#556 = CARTESIAN_POINT('',(30.565573967455,21.734907703935,
    57.854493349038));
#557 = CARTESIAN_POINT('',(30.570708045661,21.845032905818,
    57.623065179306));
#558 = CARTESIAN_POINT('',(30.570550548541,21.954940201035,
    57.391788798169));
#559 = CARTESIAN_POINT('',(30.565070430777,22.064897203399,
    57.160110258977));
#560 = CARTESIAN_POINT('',(28.700783160344,19.821932331285,
    61.885538106976));
#561 = CARTESIAN_POINT('',(28.826261291517,19.820100049784,
    61.883008188248));
#562 = CARTESIAN_POINT('',(28.9471789115,19.830077289086,61.856887389525
    ));
#563 = CARTESIAN_POINT('',(29.064486064444,19.851605350008,
    61.807663581469));
#564 = CARTESIAN_POINT('',(29.167525661746,19.880315392217,
    61.744607390708));
#565 = CARTESIAN_POINT('',(29.262476715569,19.913623643843,
    61.672598037069));
#566 = CARTESIAN_POINT('',(29.436189922922,19.987455712424,
    61.514628071324));
#567 = CARTESIAN_POINT('',(29.51504538922,20.027822771445,
    61.428977967781));
#568 = CARTESIAN_POINT('',(29.587238127156,20.070548753236,
    61.338782870608));
#569 = CARTESIAN_POINT('',(29.653848129717,20.114882381317,
    61.245492903707));
#570 = CARTESIAN_POINT('',(29.715696973857,20.160413204695,
    61.149888187845));
#571 = CARTESIAN_POINT('',(29.888649513784,20.30038838419,
    60.856460146258));
#572 = CARTESIAN_POINT('',(29.986916569637,20.397771730082,
    60.652928469993));
#573 = CARTESIAN_POINT('',(30.072465606505,20.496699393615,
    60.446350123619));
#574 = CARTESIAN_POINT('',(30.148190093386,20.598328197695,
    60.234197895774));
#575 = CARTESIAN_POINT('',(30.214217189161,20.700182955927,
    60.021524199049));
#576 = CARTESIAN_POINT('',(30.301274908424,20.854720990509,
    59.698699738763));
#577 = CARTESIAN_POINT('',(30.328281872828,20.906525707604,
    59.590456688385));
#578 = CARTESIAN_POINT('',(30.353344167245,20.958481573918,
    59.481865858704));
#579 = CARTESIAN_POINT('',(30.376541951982,21.010528098953,59.373047952)
  );
#580 = CARTESIAN_POINT('',(30.397967942295,21.062685191401,
    59.263957255185));
#581 = CARTESIAN_POINT('',(30.437486874478,21.167421126874,
    59.04480602442));
#582 = CARTESIAN_POINT('',(30.455532674391,21.219868026634,
    58.935020878557));
#583 = CARTESIAN_POINT('',(30.471935522301,21.272410673695,
    58.824988112002));
#584 = CARTESIAN_POINT('',(30.48675035288,21.325046689974,
    58.714710487461));
#585 = CARTESIAN_POINT('',(30.500016321299,21.377754504019,
    58.604231620557));
#586 = CARTESIAN_POINT('',(30.535237767081,21.535971045009,
    58.272444698369));
#587 = CARTESIAN_POINT('',(30.552656422562,21.641697822569,
    58.050524915231));
#588 = CARTESIAN_POINT('',(30.564230258913,21.747590182797,
    57.82804206574));
#589 = CARTESIAN_POINT('',(30.570121879485,21.853437148565,
    57.605440258021));
#590 = CARTESIAN_POINT('',(30.570411651906,21.959130631367,
    57.382952278316));
#591 = CARTESIAN_POINT('',(30.565070430772,22.064897203489,
    57.160110258787));
#592 = CARTESIAN_POINT('',(28.696061708282,19.904772646193,
    61.640747295663));
#593 = CARTESIAN_POINT('',(28.817460041525,19.902744076797,
    61.638344298363));
#594 = CARTESIAN_POINT('',(28.934021717537,19.903731190741,
    61.604475979055));
#595 = CARTESIAN_POINT('',(29.047132051056,19.91914169502,
    61.557087785792));
#596 = CARTESIAN_POINT('',(29.147799249346,19.941432939482,
    61.497952146119));
#597 = CARTESIAN_POINT('',(29.24115089069,19.968424365562,
    61.431080649503));
#598 = CARTESIAN_POINT('',(29.413238451459,20.030079484191,
    61.285123529294));
#599 = CARTESIAN_POINT('',(29.492051615445,20.064613672597,
    61.206293006428));
#600 = CARTESIAN_POINT('',(29.564753017682,20.101906234998,61.1233564608
    ));
#601 = CARTESIAN_POINT('',(29.632247305544,20.141290194942,
    61.037510158606));
#602 = CARTESIAN_POINT('',(29.695224919128,20.182379854629,
    60.94940069223));
#603 = CARTESIAN_POINT('',(29.8720364355,20.310452675458,60.678573556301
    ));
#604 = CARTESIAN_POINT('',(29.973547579746,20.401873099355,
    60.490101437782));
#605 = CARTESIAN_POINT('',(30.062346191028,20.496872660251,
    60.297763584934));
#606 = CARTESIAN_POINT('',(30.140925128822,20.596029859573,
    60.099542061694));
#607 = CARTESIAN_POINT('',(30.209472536352,20.696916641252,
    59.899684930722));
#608 = CARTESIAN_POINT('',(30.299549376694,20.851438247075,
    59.595094623529));
#609 = CARTESIAN_POINT('',(30.327438451425,20.903476883497,
    59.492764113168));
#610 = CARTESIAN_POINT('',(30.353260105663,20.955882460329,
    59.389882700169));
#611 = CARTESIAN_POINT('',(30.377095444658,21.008556889203,
    59.286563321333));
#612 = CARTESIAN_POINT('',(30.399037560694,21.061468487457,
    59.182782344936));
#613 = CARTESIAN_POINT('',(30.439345505474,21.167835468813,
    58.973976796528));
#614 = CARTESIAN_POINT('',(30.457671433668,21.221181660436,
    58.869179780632));
#615 = CARTESIAN_POINT('',(30.474245181266,21.274656187785,
    58.763972088506));
#616 = CARTESIAN_POINT('',(30.489130681022,21.32820870242,
    58.658371787097));
#617 = CARTESIAN_POINT('',(30.502379934845,21.381772872675,
    58.552431444842));
#618 = CARTESIAN_POINT('',(30.537339171709,21.542253405643,
    58.233851505307));
#619 = CARTESIAN_POINT('',(30.55429442807,21.649061233865,
    58.020236631052));
#620 = CARTESIAN_POINT('',(30.565245420269,21.755232376987,
    57.805666927677));
#621 = CARTESIAN_POINT('',(30.57051637861,21.860202340094,
    57.590656649664));
#622 = CARTESIAN_POINT('',(30.570010014634,21.955712630172,
    57.363856837569));
#623 = CARTESIAN_POINT('',(30.565070360661,22.064895867597,
    57.160109625822));
#624 = CARTESIAN_POINT('',(28.690621594075,19.951286127397,
    61.385394292789));
#625 = CARTESIAN_POINT('',(28.807939862363,19.949107408127,
    61.383078448349));
#626 = CARTESIAN_POINT('',(28.920578148768,19.94765778069,61.34998509785
    ));
#627 = CARTESIAN_POINT('',(29.029961232804,19.960884746597,
    61.306005282899));
#628 = CARTESIAN_POINT('',(29.127958946824,19.980746081267,
    61.251383435415));
#629 = CARTESIAN_POINT('',(29.219191025934,20.005258219607,
    61.189676350961));
#630 = CARTESIAN_POINT('',(29.388141829218,20.061987480508,
    61.054985083965));
#631 = CARTESIAN_POINT('',(29.465930043077,20.094088023397,
    60.982226844292));
#632 = CARTESIAN_POINT('',(29.538037707761,20.129050214972,
    60.905606590193));
#633 = CARTESIAN_POINT('',(29.605277600729,20.166252790277,
    60.826188007777));
#634 = CARTESIAN_POINT('',(29.668268638296,20.205327483144,
    60.744547877515));
#635 = CARTESIAN_POINT('',(29.845770350284,20.327822112311,
    60.493232467689));
#636 = CARTESIAN_POINT('',(29.948626906589,20.416182601684,
    60.317822043019));
#637 = CARTESIAN_POINT('',(30.039255748243,20.508856031802,
    60.138179139088));
#638 = CARTESIAN_POINT('',(30.119891799324,20.60619157964,
    59.952535821185));
#639 = CARTESIAN_POINT('',(30.190649986565,20.705827621453,
    59.764726228454));
#640 = CARTESIAN_POINT('',(30.284038106338,20.859006963325,
    59.477743661259));
#641 = CARTESIAN_POINT('',(30.313031384954,20.910687223648,
    59.381204618186));
#642 = CARTESIAN_POINT('',(30.339946707519,20.962817757883,
    59.284017544001));
#643 = CARTESIAN_POINT('',(30.364854562736,21.015288127701,
    59.18629077995));
#644 = CARTESIAN_POINT('',(30.387837789422,21.068047662227,
    59.088010852287));
#645 = CARTESIAN_POINT('',(30.430145363589,21.174163253851,
    58.890074092278));
#646 = CARTESIAN_POINT('',(30.449432103739,21.227420882432,
    58.790621439087));
#647 = CARTESIAN_POINT('',(30.466919522411,21.280825167237,
    58.690678089692));
#648 = CARTESIAN_POINT('',(30.482665092973,21.334308452914,
    58.590269170792));
#649 = CARTESIAN_POINT('',(30.496716036701,21.387788605292,
    58.489451358811));
#650 = CARTESIAN_POINT('',(30.533895894943,21.547929823583,
    58.186035922058));
#651 = CARTESIAN_POINT('',(30.552084009635,21.654384924554,
    57.982281645886));
#652 = CARTESIAN_POINT('',(30.563994228962,21.759942798782,
    57.777374277568));
#653 = CARTESIAN_POINT('',(30.569942277121,21.863914396916,
    57.571863596081));
#654 = CARTESIAN_POINT('',(30.56978895746,21.956218082689,
    57.353136062695));
#655 = CARTESIAN_POINT('',(30.565070327048,22.064895328119,
    57.160109370293));
#656 = CARTESIAN_POINT('',(28.6845783422,19.95994032908,61.125198836501)
  );
#657 = CARTESIAN_POINT('',(28.797830997098,19.957930899076,
    61.123404600183));
#658 = CARTESIAN_POINT('',(28.906638982748,19.955797733883,
    61.093368143119));
#659 = CARTESIAN_POINT('',(29.012389539307,19.96807128449,
    61.053595477933));
#660 = CARTESIAN_POINT('',(29.107651436018,19.986779344688,
    61.004060066559));
#661 = CARTESIAN_POINT('',(29.196650472052,20.010088589994,
    60.947940536413));
#662 = CARTESIAN_POINT('',(29.362140488576,20.064413438708,
    60.825127580545));
#663 = CARTESIAN_POINT('',(29.43869490121,20.095322300676,
    60.758635621785));
#664 = CARTESIAN_POINT('',(29.509976042088,20.12915994973,
    60.688448271918));
#665 = CARTESIAN_POINT('',(29.57672258393,20.165340241147,
    60.615521087711));
#666 = CARTESIAN_POINT('',(29.639494548306,20.203508536004,
    60.540375092978));
#667 = CARTESIAN_POINT('',(29.817030820305,20.323608031523,
    60.308540149795));
#668 = CARTESIAN_POINT('',(29.920846546877,20.410831692332,
    60.14604354599));
#669 = CARTESIAN_POINT('',(30.013024427311,20.502888462277,
    59.978913075772));
#670 = CARTESIAN_POINT('',(30.095574720391,20.599956324318,
    59.80560001467));
#671 = CARTESIAN_POINT('',(30.168505183358,20.699728293004,
    59.629618649587));
#672 = CARTESIAN_POINT('',(30.265311171714,20.853477395969,
    59.35992000056));
#673 = CARTESIAN_POINT('',(30.295471290553,20.905408605206,
    59.269065222973));
#674 = CARTESIAN_POINT('',(30.32356698268,20.957847300928,
    59.177472125656));
#675 = CARTESIAN_POINT('',(30.349655449531,21.010674177514,
    59.085247571387));
#676 = CARTESIAN_POINT('',(30.373806976747,21.063824645483,
    58.992388377534));
#677 = CARTESIAN_POINT('',(30.418402891589,21.170753017513,
    58.80517425459));
#678 = CARTESIAN_POINT('',(30.438810618898,21.224440707786,
    58.711005054222));
#679 = CARTESIAN_POINT('',(30.45738481123,21.278284956606,
    58.616277519828));
#680 = CARTESIAN_POINT('',(30.474173099149,21.332205499384,
    58.521024788255));
#681 = CARTESIAN_POINT('',(30.489214048639,21.386108752651,
    58.425309328324));
#682 = CARTESIAN_POINT('',(30.529183386055,21.54744593689,58.13705016584
    ));
#683 = CARTESIAN_POINT('',(30.548990003287,21.654592800049,
    57.943215956814));
#684 = CARTESIAN_POINT('',(30.562217456511,21.760639554548,
    57.748105194186));
#685 = CARTESIAN_POINT('',(30.569136420853,21.864807222835,
    57.552318553328));
#686 = CARTESIAN_POINT('',(30.569595521148,21.956531777223,
    57.344218313983));
#687 = CARTESIAN_POINT('',(30.565070294012,22.064894840003,
    57.160109139194));
#688 = CARTESIAN_POINT('',(28.678070934591,19.930569767999,
    60.866126565696));
#689 = CARTESIAN_POINT('',(28.787284861323,19.929495660666,
    60.865572394522));
#690 = CARTESIAN_POINT('',(28.89235299808,19.928608344061,
    60.840607811226));
#691 = CARTESIAN_POINT('',(28.994562885844,19.941366765699,
    60.80590107925));
#692 = CARTESIAN_POINT('',(29.08705851162,19.96036027085,60.762093290816
    ));
#693 = CARTESIAN_POINT('',(29.173757357932,19.983872323952,
    60.712048630136));
#694 = CARTESIAN_POINT('',(29.335576004965,20.03851835268,
    60.601836877009));
#695 = CARTESIAN_POINT('',(29.410754469416,20.069553102739,
    60.541850578687));
#696 = CARTESIAN_POINT('',(29.481047177794,20.103527204182,
    60.478243262258));
#697 = CARTESIAN_POINT('',(29.547131992534,20.139883398229,
    60.41188379646));
#698 = CARTESIAN_POINT('',(29.609519535509,20.17827955163,
    60.343250515112));
#699 = CARTESIAN_POINT('',(29.786620493079,20.299206866737,
    60.13079262113));
#700 = CARTESIAN_POINT('',(29.891113386661,20.387196006447,
    59.980939879806));
#701 = CARTESIAN_POINT('',(29.984631290403,20.480295016635,
    59.82593876112));
#702 = CARTESIAN_POINT('',(30.068984163953,20.578568442914,
    59.664450686591));
#703 = CARTESIAN_POINT('',(30.144049796351,20.679769194566,
    59.499758932064));
#704 = CARTESIAN_POINT('',(30.244335720149,20.835840360939,
    59.246479268369));
#705 = CARTESIAN_POINT('',(30.275702774231,20.888575439905,
    59.161010887555));
#706 = CARTESIAN_POINT('',(30.305036285975,20.941847234786,
    59.074710942361));
#707 = CARTESIAN_POINT('',(30.33237833519,20.995531963935,
    58.987689116858));
#708 = CARTESIAN_POINT('',(30.357785036645,21.049556704984,
    58.89995451731));
#709 = CARTESIAN_POINT('',(30.404868043492,21.15824208471,
    58.722876827058));
#710 = CARTESIAN_POINT('',(30.426507736029,21.212818810482,
    58.63370478649));
#711 = CARTESIAN_POINT('',(30.446289234093,21.267554424815,
    58.543915638392));
#712 = CARTESIAN_POINT('',(30.464247922246,21.322361364681,
    58.453553130922));
#713 = CARTESIAN_POINT('',(30.4804109532,21.377139651369,58.362688672486
    ));
#714 = CARTESIAN_POINT('',(30.523569837046,21.541051368739,
    58.088886650241));
#715 = CARTESIAN_POINT('',(30.545267571774,21.649841202541,
    57.904576009168));
#716 = CARTESIAN_POINT('',(30.560066457479,21.757402053558,
    57.718957324895));
#717 = CARTESIAN_POINT('',(30.5681657083,21.862905339649,57.532708444213
    ));
#718 = CARTESIAN_POINT('',(30.569425816455,21.956450276314,
    57.336833258342));
#719 = CARTESIAN_POINT('',(30.565070261266,22.064894377564,
    57.160108920325));
#720 = CARTESIAN_POINT('',(28.671268976942,19.86404958857,
    60.614869984654));
#721 = CARTESIAN_POINT('',(28.776476879361,19.86518774335,
    60.616244004694));
#722 = CARTESIAN_POINT('',(28.877885752577,19.867666365506,
    60.597786145714));
#723 = CARTESIAN_POINT('',(28.976638005883,19.882586178903,
    60.568796059749));
#724 = CARTESIAN_POINT('',(29.066367424965,19.903490175421,
    60.53118602777));
#725 = CARTESIAN_POINT('',(29.150740476045,19.928758759366,
    60.48755514146));
#726 = CARTESIAN_POINT('',(29.308782106224,19.986682688487,
    60.390403828929));
#727 = CARTESIAN_POINT('',(29.382505461552,20.01924476549,
    60.337046448174));
#728 = CARTESIAN_POINT('',(29.451715494642,20.054674822394,
    60.280059372793));
#729 = CARTESIAN_POINT('',(29.517038050364,20.092442910501,
    60.22024174194));
#730 = CARTESIAN_POINT('',(29.578940680934,20.132221264948,
    60.158039804067));
#731 = CARTESIAN_POINT('',(29.755316575862,20.257210384243,
    59.964561142628));
#732 = CARTESIAN_POINT('',(29.860306768864,20.347811191313,
    59.82689064235));
#733 = CARTESIAN_POINT('',(29.955027159391,20.443511785202,
    59.683432444096));
#734 = CARTESIAN_POINT('',(30.041102622092,20.544323068778,
    59.533058990497));
#735 = CARTESIAN_POINT('',(30.118269085335,20.648082564644,
    59.37889436996));
#736 = CARTESIAN_POINT('',(30.222055536433,20.807955100956,
    59.140817968203));
#737 = CARTESIAN_POINT('',(30.254648260595,20.861951200788,
    59.060318747001));
#738 = CARTESIAN_POINT('',(30.285249106339,20.916482094276,
    58.978888349736));
#739 = CARTESIAN_POINT('',(30.31388400283,20.971425125069,
    58.896643290768));
#740 = CARTESIAN_POINT('',(30.340593927282,21.026705441201,
    58.813607354254));
#741 = CARTESIAN_POINT('',(30.390275882627,21.137886548983,
    58.645815834062));
#742 = CARTESIAN_POINT('',(30.413210895236,21.193708449135,
    58.561219239111));
#743 = CARTESIAN_POINT('',(30.434269244829,21.249684740941,
    58.475952600742));
#744 = CARTESIAN_POINT('',(30.453472615993,21.305726788306,
    58.390073056934));
#745 = CARTESIAN_POINT('',(30.470835075846,21.361734273644,
    58.303664092209));
#746 = CARTESIAN_POINT('',(30.517419070442,21.529317046366,
    58.043178428486));
#747 = CARTESIAN_POINT('',(30.541170036024,21.640527439525,
    57.867689343164));
#748 = CARTESIAN_POINT('',(30.557692693441,21.750475958916,
    57.690942363084));
#749 = CARTESIAN_POINT('',(30.567098266931,21.858332850483,
    57.513717897119));
#750 = CARTESIAN_POINT('',(30.569275954138,21.9557701425,57.330710562679
    ));
#751 = CARTESIAN_POINT('',(30.56507022852,22.064893915111,
    57.160108701482));
#752 = CARTESIAN_POINT('',(28.664356191746,19.762347435529,
    60.37812234396));
#753 = CARTESIAN_POINT('',(28.765588332865,19.767376502391,
    60.38179238703));
#754 = CARTESIAN_POINT('',(28.863400639659,19.775388060502,
    60.370434975057));
#755 = CARTESIAN_POINT('',(28.958762528103,19.794273392093,
    60.347370831875));
#756 = CARTESIAN_POINT('',(29.045750130725,19.818798520536,
    60.316050569077));
#757 = CARTESIAN_POINT('',(29.12780784012,19.847434031731,
    60.278841803043));
#758 = CARTESIAN_POINT('',(29.282062119454,19.911658756365,
    60.194629336743));
#759 = CARTESIAN_POINT('',(29.354310050823,19.947159864418,
    60.147772978584));
#760 = CARTESIAN_POINT('',(29.422407324189,19.985358643716,
    60.097226600866));
#761 = CARTESIAN_POINT('',(29.486932019136,20.02575502635,
    60.043730729547));
#762 = CARTESIAN_POINT('',(29.548311744537,20.068039950991,59.9877063111
    ));
#763 = CARTESIAN_POINT('',(29.723847426585,20.200206186693,
    59.812351515329));
#764 = CARTESIAN_POINT('',(29.82925556645,20.295149560287,
    59.686173695109));
#765 = CARTESIAN_POINT('',(29.925112520689,20.39487555814,
    59.553493977955));
#766 = CARTESIAN_POINT('',(30.012863831347,20.499399178069,
    59.413395768501));
#767 = CARTESIAN_POINT('',(30.092102270148,20.606682641915,
    59.268887900139));
#768 = CARTESIAN_POINT('',(30.199373677701,20.771576474277,59.0446656722
    ));
#769 = CARTESIAN_POINT('',(30.233191423856,20.827202244773,
    58.968678729361));
#770 = CARTESIAN_POINT('',(30.265063327333,20.883328784469,
    58.891657110621));
#771 = CARTESIAN_POINT('',(30.294998904274,20.939840861831,
    58.813726519657));
#772 = CARTESIAN_POINT('',(30.323023639945,20.996668404299,
    58.734926839528));
#773 = CARTESIAN_POINT('',(30.375334337526,21.110904592272,
    58.575497425831));
#774 = CARTESIAN_POINT('',(30.39958286948,21.16823872259,58.495016082078
    ));
#775 = CARTESIAN_POINT('',(30.421939110694,21.225716836736,
    58.413815023007));
#776 = CARTESIAN_POINT('',(30.442410502296,21.283255853642,
    58.331966373067));
#777 = CARTESIAN_POINT('',(30.460997400448,21.340761663672,
    58.249567459568));
#778 = CARTESIAN_POINT('',(30.511084428131,21.512864058531,
    58.001087518914));
#779 = CARTESIAN_POINT('',(30.536944397321,21.627116246592,
    57.833579161936));
#780 = CARTESIAN_POINT('',(30.555244744622,21.740182073789,
    57.664908991072));
#781 = CARTESIAN_POINT('',(30.566001748721,21.851283061054,
    57.49597360996));
#782 = CARTESIAN_POINT('',(30.569142044955,21.954287938321,
    57.325579893905));
#783 = CARTESIAN_POINT('',(30.565070195487,22.064893426957,
    57.160108470464));
#784 = CARTESIAN_POINT('',(28.650624285095,19.495559617238,
    59.943166521755));
#785 = CARTESIAN_POINT('',(28.743946111462,19.511836771809,
    59.951289458324));
#786 = CARTESIAN_POINT('',(28.834644082263,19.534590117493,
    59.953588363563));
#787 = CARTESIAN_POINT('',(28.923317719791,19.564647688009,
    59.941803906549));
#788 = CARTESIAN_POINT('',(29.004909899344,19.599448223157,
    59.922404232009));
#789 = CARTESIAN_POINT('',(29.082421968611,19.637652081776,
    59.897328675298));
#790 = CARTESIAN_POINT('',(29.229257887019,19.71977009326,
    59.837493900206));
#791 = CARTESIAN_POINT('',(29.298626396976,19.763606404864,
    59.802852950043));
#792 = CARTESIAN_POINT('',(29.364561767993,19.809621062652,
    59.764378768909));
#793 = CARTESIAN_POINT('',(29.427545905077,19.857383939597,
    59.722704107069));
#794 = CARTESIAN_POINT('',(29.487926307936,19.906633741318,
    59.678204133397));
#795 = CARTESIAN_POINT('',(29.661895597049,20.05856653561,
    59.536581039369));
#796 = CARTESIAN_POINT('',(29.76818232295,20.165212573744,
    59.431685338154));
#797 = CARTESIAN_POINT('',(29.866327220489,20.275499857624,
    59.318859221454));
#798 = CARTESIAN_POINT('',(29.95740920642,20.389536894384,
    59.197597247641));
#799 = CARTESIAN_POINT('',(30.04075279888,20.50562016866,59.070701039026
    ));
#800 = CARTESIAN_POINT('',(30.154904737511,20.682808205988,
    58.871639481463));
#801 = CARTESIAN_POINT('',(30.191137521617,20.74238115,58.803828976516)
  );
#802 = CARTESIAN_POINT('',(30.225512755969,20.80233481505,
    58.734778735184));
#803 = CARTESIAN_POINT('',(30.258008071492,20.862579559415,
    58.664633159966));
#804 = CARTESIAN_POINT('',(30.288618417686,20.923065643517,
    58.593464139813));
#805 = CARTESIAN_POINT('',(30.346093707572,21.044500816332,
    58.449077960466));
#806 = CARTESIAN_POINT('',(30.372921278795,21.10538412103,58.37598860891
    ));
#807 = CARTESIAN_POINT('',(30.397824307737,21.166381689166,
    58.302081944939));
#808 = CARTESIAN_POINT('',(30.420782414986,21.227432356089,
    58.227459797568));
#809 = CARTESIAN_POINT('',(30.441769310279,21.288465247352,
    58.152246875363));
#810 = CARTESIAN_POINT('',(30.498719756951,21.471268841436,
    57.925278548594));
#811 = CARTESIAN_POINT('',(30.528707070564,21.592806816025,
    57.772068082445));
#812 = CARTESIAN_POINT('',(30.550483001574,21.713490339783,
    57.617887922874));
#813 = CARTESIAN_POINT('',(30.563878631419,21.832730363742,
    57.463862028911));
#814 = CARTESIAN_POINT('',(30.568898354369,21.949312514308,
    57.316761943948));
#815 = CARTESIAN_POINT('',(30.565070128267,22.064892347871,
    57.160107959677));
#816 = CARTESIAN_POINT('',(28.643805853966,19.330294766552,
    59.745085280757));
#817 = CARTESIAN_POINT('',(28.733193160489,19.353940288129,
    59.755360435442));
#818 = CARTESIAN_POINT('',(28.820373363204,19.385920023733,
    59.764205734579));
#819 = CARTESIAN_POINT('',(28.905749127339,19.423197053572,
    59.757768632667));
#820 = CARTESIAN_POINT('',(28.984687709902,19.464663587874,
    59.743993810539));
#821 = CARTESIAN_POINT('',(29.059969487455,19.509079629282,
    59.72462377602));
#822 = CARTESIAN_POINT('',(29.203174403779,19.602809838734,
    59.676217468208));
#823 = CARTESIAN_POINT('',(29.27113891755,19.652051266854,
    59.647286092598));
#824 = CARTESIAN_POINT('',(29.336025144636,19.703121167915,
    59.614438955737));
#825 = CARTESIAN_POINT('',(29.398266580911,19.755629527439,
    59.578259623578));
#826 = CARTESIAN_POINT('',(29.458170560415,19.80934416692,
    59.539102767574));
#827 = CARTESIAN_POINT('',(29.631413645233,19.973883897634,
    59.413076958889));
#828 = CARTESIAN_POINT('',(29.738160985748,20.087898898768,
    59.317964825891));
#829 = CARTESIAN_POINT('',(29.837457231169,20.204728551524,
    59.214208946436));
#830 = CARTESIAN_POINT('',(29.930194006831,20.324571197084,
    59.101503896175));
#831 = CARTESIAN_POINT('',(30.015570735184,20.445933303319,
    58.982559166884));
#832 = CARTESIAN_POINT('',(30.133118180086,20.630397055119,
    58.794799661362));
#833 = CARTESIAN_POINT('',(30.170540956527,20.692288157384,
    58.730651950747));
#834 = CARTESIAN_POINT('',(30.206148439714,20.754473729655,
    58.665163037602));
#835 = CARTESIAN_POINT('',(30.239902788536,20.816882347664,
    58.598486812122));
#836 = CARTESIAN_POINT('',(30.271783908835,20.879479877871,
    58.530711048444));
#837 = CARTESIAN_POINT('',(30.33179499797,21.005059077051,58.39300376087
    ));
#838 = CARTESIAN_POINT('',(30.359888063497,21.067979316878,
    58.32319006135));
#839 = CARTESIAN_POINT('',(30.386039962874,21.13099449009,
    58.252511131486));
#840 = CARTESIAN_POINT('',(30.410216739764,21.194059845887,
    58.181083496583));
#841 = CARTESIAN_POINT('',(30.432379168595,21.257121589524,
    58.109045381867));
#842 = CARTESIAN_POINT('',(30.492689926514,21.446107467868,
    57.891579373712));
#843 = CARTESIAN_POINT('',(30.524695532854,21.571890465099,
    57.744683455965));
#844 = CARTESIAN_POINT('',(30.548169312541,21.697076387875,
    57.596913477305));
#845 = CARTESIAN_POINT('',(30.562852096577,21.821214762014,
    57.449504382926));
#846 = CARTESIAN_POINT('',(30.568788572967,21.945819294476,
    57.313074662765));
#847 = CARTESIAN_POINT('',(30.56507009408,22.064891756939,
    57.160107679907));
#848 = CARTESIAN_POINT('',(28.637233236405,19.137521652364,
    59.572403199958));
#849 = CARTESIAN_POINT('',(28.722696688584,19.170305810078,
    59.58432121489));
#850 = CARTESIAN_POINT('',(28.806373249779,19.212976357611,
    59.598515445564));
#851 = CARTESIAN_POINT('',(28.888475264073,19.258881522781,
    59.596613779307));
#852 = CARTESIAN_POINT('',(28.964823008918,19.308309730284,
    59.587682638574));
#853 = CARTESIAN_POINT('',(29.037948048116,19.360136713285,
    59.573268744901));
#854 = CARTESIAN_POINT('',(29.177686609826,19.467700064461,
    59.534852874749));
#855 = CARTESIAN_POINT('',(29.244337877804,19.523369527199,
    59.510942712949));
#856 = CARTESIAN_POINT('',(29.308267692934,19.580439146999,
    59.483063528204));
#857 = CARTESIAN_POINT('',(29.369856244361,19.638566549221,
    59.451748025344));
#858 = CARTESIAN_POINT('',(29.429367350352,19.697554614665,
    59.417328410246));
#859 = CARTESIAN_POINT('',(29.602110674171,19.876945209408,
    59.305152349014));
#860 = CARTESIAN_POINT('',(29.709438917489,19.999584751355,
    59.218752780702));
#861 = CARTESIAN_POINT('',(29.809965552419,20.124016061997,
    59.12307139703));
#862 = CARTESIAN_POINT('',(29.904381189932,20.25055424788,
    59.017991990781));
#863 = CARTESIAN_POINT('',(29.991779501982,20.377959888097,
    58.906111200695));
#864 = CARTESIAN_POINT('',(30.112646269025,20.570700719766,
    58.72837139811));
#865 = CARTESIAN_POINT('',(30.151223895794,20.635219489165,
    58.667467383589));
#866 = CARTESIAN_POINT('',(30.188020341102,20.699926932795,
    58.605126575954));
#867 = CARTESIAN_POINT('',(30.222983493706,20.764774203196,
    58.541510303125));
#868 = CARTESIAN_POINT('',(30.256079017001,20.82974675673,
    58.476720600384));
#869 = CARTESIAN_POINT('',(30.318501681034,20.959981950427,
    58.344879820391));
#870 = CARTESIAN_POINT('',(30.34779327469,21.025188139966,
    58.277935737401));
#871 = CARTESIAN_POINT('',(30.37512324186,21.090466966116,
    58.210076992558));
#872 = CARTESIAN_POINT('',(30.400445257817,21.155794188897,
    58.141432931315));
#873 = CARTESIAN_POINT('',(30.423708561236,21.221137284428,
    58.07215321344));
#874 = CARTESIAN_POINT('',(30.487156740111,21.417091765923,
    57.862917012164));
#875 = CARTESIAN_POINT('',(30.521032642491,21.547681833566,
    57.721457242401));
#876 = CARTESIAN_POINT('',(30.546068971037,21.678003165835,
    57.579172862844));
#877 = CARTESIAN_POINT('',(30.561927945352,21.807777646131,
    57.437391049025));
#878 = CARTESIAN_POINT('',(30.568686966213,21.941117129355,
    57.309838742287));
#879 = CARTESIAN_POINT('',(30.565070059028,22.064891088929,
    57.16010736356));
#880 = CARTESIAN_POINT('',(28.630989151938,18.918648627053,
    59.42784883527));
#881 = CARTESIAN_POINT('',(28.71252490572,18.962286978212,
    59.440316782588));
#882 = CARTESIAN_POINT('',(28.792687410347,19.016772190438,
    59.457749602031));
#883 = CARTESIAN_POINT('',(28.871516426298,19.072486147224,
    59.459000779061));
#884 = CARTESIAN_POINT('',(28.945353905107,19.130943033961,
    59.453648630397));
#885 = CARTESIAN_POINT('',(29.016426341932,19.191161352358,
    59.443028164956));
#886 = CARTESIAN_POINT('',(29.152949518176,19.314369055658,
    59.412461108401));
#887 = CARTESIAN_POINT('',(29.218433621596,19.377298866641,
    59.392592657606));
#888 = CARTESIAN_POINT('',(29.281561323842,19.441140019612,
    59.36878274892));
#889 = CARTESIAN_POINT('',(29.342650012726,19.505607314145,
    59.341504473062));
#890 = CARTESIAN_POINT('',(29.401913380337,19.570544966737,
    59.311060546839));
#891 = CARTESIAN_POINT('',(29.574557508463,19.766689898939,
    59.210628845765));
#892 = CARTESIAN_POINT('',(29.682690157676,19.899060521273,
    59.131775185199));
#893 = CARTESIAN_POINT('',(29.784603101663,20.03208049642,
    59.043182779858));
#894 = CARTESIAN_POINT('',(29.880762299762,20.166189454861,
    58.944903032426));
#895 = CARTESIAN_POINT('',(29.970185162551,20.300444466387,
    58.839361242086));
#896 = CARTESIAN_POINT('',(30.094274269124,20.502581635433,
    58.670670678827));
#897 = CARTESIAN_POINT('',(30.13395764441,20.57008624758,58.612706616708
    ));
#898 = CARTESIAN_POINT('',(30.171879642746,20.637662514007,
    58.553223873118));
#899 = CARTESIAN_POINT('',(30.207975794721,20.705287082139,
    58.492386279658));
#900 = CARTESIAN_POINT('',(30.242198878213,20.77296714834,
    58.430306306622));
#901 = CARTESIAN_POINT('',(30.306838958582,20.908513767495,
    58.303783819395));
#902 = CARTESIAN_POINT('',(30.337223098331,20.976330106381,
    58.239435467827));
#903 = CARTESIAN_POINT('',(30.365617983502,21.044195447544,
    58.174119347056));
#904 = CARTESIAN_POINT('',(30.391966983452,21.112108422036,
    58.107973330574));
#905 = CARTESIAN_POINT('',(30.416210191031,21.180060318983,
    58.041153826609));
#906 = CARTESIAN_POINT('',(30.482432885691,21.383984618806,
    57.83919968116));
#907 = CARTESIAN_POINT('',(30.517935894782,21.520073198162,
    57.70247542292));
#908 = CARTESIAN_POINT('',(30.544311143266,21.656264827716,
    57.564871082375));
#909 = CARTESIAN_POINT('',(30.561162999062,21.792474429641,
    57.427765678751));
#910 = CARTESIAN_POINT('',(30.568589644863,21.935002581486,
    57.306783849422));
#911 = CARTESIAN_POINT('',(30.565070022822,22.064890318154,
    57.160106998432));
#912 = CARTESIAN_POINT('',(28.625368105688,18.683366859712,
    59.318584997794));
#913 = CARTESIAN_POINT('',(28.702948164675,18.738724513269,
    59.32994997869));
#914 = CARTESIAN_POINT('',(28.779544153159,18.804746393465,
    59.347434642233));
#915 = CARTESIAN_POINT('',(28.85506537858,18.870408900502,
    59.349812006797));
#916 = CARTESIAN_POINT('',(28.926479677684,18.93799204019,
    59.346215113439));
#917 = CARTESIAN_POINT('',(28.995623761667,19.006691342092,
    59.337734475184));
#918 = CARTESIAN_POINT('',(29.129249472063,19.145729420365,
    59.312012064541));
#919 = CARTESIAN_POINT('',(29.193758920871,19.216018215241,
    59.294833287869));
#920 = CARTESIAN_POINT('',(29.25629221256,19.286747904851,
    59.273871196466));
#921 = CARTESIAN_POINT('',(29.317089796774,19.357698274447,
    59.249523548403));
#922 = CARTESIAN_POINT('',(29.376305323532,19.428757755538,
    59.222051603203));
#923 = CARTESIAN_POINT('',(29.54940628261,19.642254766606,
    59.130637159101));
#924 = CARTESIAN_POINT('',(29.658660025962,19.784869386229,
    59.057885285175));
#925 = CARTESIAN_POINT('',(29.762184095817,19.927117259693,
    58.975219739174));
#926 = CARTESIAN_POINT('',(29.860185886689,20.069521287115,
    58.882828004334));
#927 = CARTESIAN_POINT('',(29.951645819217,20.21144581983,
    58.782868674687));
#928 = CARTESIAN_POINT('',(30.078833479721,20.424295602231,
    58.622273932404));
#929 = CARTESIAN_POINT('',(30.119557781477,20.495239168337,
    58.566962563487));
#930 = CARTESIAN_POINT('',(30.158520236808,20.566150628566,
    58.510071674281));
#931 = CARTESIAN_POINT('',(30.195646594951,20.637029872004,
    58.451759892572));
#932 = CARTESIAN_POINT('',(30.230878615726,20.707902421344,
    58.392144206057));
#933 = CARTESIAN_POINT('',(30.297469523344,20.849736444428,
    58.270455718655));
#934 = CARTESIAN_POINT('',(30.328800023391,20.920655833064,
    58.208461092549));
#935 = CARTESIAN_POINT('',(30.358103156803,20.991602124589,
    58.145439714918));
#936 = CARTESIAN_POINT('',(30.385314858213,21.062593714521,
    58.081531389833));
#937 = CARTESIAN_POINT('',(30.410369409751,21.133642868099,
    58.016892094558));
#938 = CARTESIAN_POINT('',(30.478859503663,21.34698142467,
    57.821297749517));
#939 = CARTESIAN_POINT('',(30.515647957708,21.489501781715,
    57.688587800212));
#940 = CARTESIAN_POINT('',(30.543046044561,21.632443277859,
    57.554780695141));
#941 = CARTESIAN_POINT('',(30.560629799268,21.775891613515,
    57.421246164721));
#942 = CARTESIAN_POINT('',(30.568492719676,21.927272213407,
    57.303639651079));
#943 = CARTESIAN_POINT('',(30.565069985174,22.064889418924,
    57.160106572324));
#944 = CARTESIAN_POINT('',(28.62038887374,18.434705220482,
    59.243752982463));
#945 = CARTESIAN_POINT('',(28.693971213164,18.501855773292,
    59.252197510252));
#946 = CARTESIAN_POINT('',(28.766926781684,18.578065113669,
    59.266160945926));
#947 = CARTESIAN_POINT('',(28.839083771689,18.652961255109,
    59.267479053621));
#948 = CARTESIAN_POINT('',(28.908181465571,18.728979671219,
    59.26370407451));
#949 = CARTESIAN_POINT('',(28.975553663264,18.805534676272,
    59.255634238871));
#950 = CARTESIAN_POINT('',(29.106689339707,18.959306022136,
    59.231656442903));
#951 = CARTESIAN_POINT('',(29.170473530894,19.036484998661,
    59.21579398456));
#952 = CARTESIAN_POINT('',(29.232683200811,19.113727145199,
    59.196456412592));
#953 = CARTESIAN_POINT('',(29.293463129351,19.190883597481,
    59.173945321696));
#954 = CARTESIAN_POINT('',(29.352893750523,19.267886760551,
    59.148465454529));
#955 = CARTESIAN_POINT('',(29.527185956337,19.498477405197,
    59.063443196062));
#956 = CARTESIAN_POINT('',(29.63798342143,19.651540279167,
    58.995455176228));
#957 = CARTESIAN_POINT('',(29.743422934093,19.803579950816,
    58.917677402857));
#958 = CARTESIAN_POINT('',(29.843409514542,19.955114532856,
    58.830406815136));
#959 = CARTESIAN_POINT('',(29.936936026885,20.105797070478,
    58.735417884149));
#960 = CARTESIAN_POINT('',(30.067081292819,20.331244952171,
    58.582187397215));
#961 = CARTESIAN_POINT('',(30.108768939028,20.406298109471,
    58.529316331371));
#962 = CARTESIAN_POINT('',(30.148667822996,20.48125194735,
    58.474825272047));
#963 = CARTESIAN_POINT('',(30.186697201751,20.55612244831,
    58.418859015629));
#964 = CARTESIAN_POINT('',(30.222790242479,20.630944760183,
    58.361532911495));
#965 = CARTESIAN_POINT('',(30.290997802587,20.780601632061,
    58.244332812551));
#966 = CARTESIAN_POINT('',(30.323090632536,20.855404762709,
    58.184516693803));
#967 = CARTESIAN_POINT('',(30.353104167791,20.930217012212,
    58.123606149316));
#968 = CARTESIAN_POINT('',(30.380970635637,21.005068243486,
    58.061735864296));
#969 = CARTESIAN_POINT('',(30.406622835231,21.079983758216,
    57.999053565626));
#970 = CARTESIAN_POINT('',(30.47673674234,21.304985374139,57.80905293434
    ));
#971 = CARTESIAN_POINT('',(30.514376174573,21.455356306963,
    57.679722409829));
#972 = CARTESIAN_POINT('',(30.542395118859,21.606320784881,
    57.54889397384));
#973 = CARTESIAN_POINT('',(30.560379934902,21.758072294394,
    57.417861016488));
#974 = CARTESIAN_POINT('',(30.568392301408,21.917722587658,
    57.300135814166));
#975 = CARTESIAN_POINT('',(30.565069945795,22.064888365552,
    57.160106073032));
#976 = CARTESIAN_POINT('',(28.616212033315,18.178857711343,
    59.206761811006));
#977 = CARTESIAN_POINT('',(28.685742278615,18.256642747299,
    59.210613162356));
#978 = CARTESIAN_POINT('',(28.754617819102,18.335213441717,
    59.211041498847));
#979 = CARTESIAN_POINT('',(28.82295656068,18.414552131427,
    59.208123940404));
#980 = CARTESIAN_POINT('',(28.890054708932,18.494366738796,
    59.202029821858));
#981 = CARTESIAN_POINT('',(28.956200214874,18.574484530476,
    59.192879548838));
#982 = CARTESIAN_POINT('',(29.086408887644,18.735194017263,59.168641719)
  );
#983 = CARTESIAN_POINT('',(29.150477472602,18.815775233164,
    59.153558253287));
#984 = CARTESIAN_POINT('',(29.213492455249,18.896509907736,
    59.13560073484));
#985 = CARTESIAN_POINT('',(29.27541837672,18.977347833111,59.11485539302
    ));
#986 = CARTESIAN_POINT('',(29.336202170169,19.058261607393,
    59.091404188491));
#987 = CARTESIAN_POINT('',(29.514915141966,19.301216689181,
    59.013166062671));
#988 = CARTESIAN_POINT('',(29.629186130198,19.46344209346,
    58.950509052588));
#989 = CARTESIAN_POINT('',(29.737984046342,19.625754741567,
    58.878068102185));
#990 = CARTESIAN_POINT('',(29.840757307761,19.788232585896,
    58.796439110067));
#991 = CARTESIAN_POINT('',(29.936659888213,19.950711232503,
    58.706586296669));
#992 = CARTESIAN_POINT('',(30.069453727364,20.194526642233,
    58.560682605852));
#993 = CARTESIAN_POINT('',(30.111874183995,20.275814642111,
    58.510192065436));
#994 = CARTESIAN_POINT('',(30.152364916005,20.357109569088,
    58.457968961137));
#995 = CARTESIAN_POINT('',(30.190850741237,20.43840752944,
    58.404134033173));
#996 = CARTESIAN_POINT('',(30.227266863578,20.519710005252,
    58.348805349053));
#997 = CARTESIAN_POINT('',(30.29585088234,20.682337703583,58.23539125811
    ));
#998 = CARTESIAN_POINT('',(30.328009615714,20.763654119878,
    58.177319589269));
#999 = CARTESIAN_POINT('',(30.357974192299,20.84497438815,
    58.118006989951));
#1000 = CARTESIAN_POINT('',(30.385688806577,20.926298519722,
    58.057583627593));
#1001 = CARTESIAN_POINT('',(30.411102728301,21.007625252393,
    57.996186144174));
#1002 = CARTESIAN_POINT('',(30.480305450866,21.251605646517,
    57.809500680318));
#1003 = CARTESIAN_POINT('',(30.5170644684,21.414267840835,57.68170419595
    ));
#1004 = CARTESIAN_POINT('',(30.544089543309,21.576934521952,
    57.551677836178));
#1005 = CARTESIAN_POINT('',(30.561148592519,21.739593183915,
    57.420609238311));
#1006 = CARTESIAN_POINT('',(30.568135430823,21.902238492543,
    57.289700698973));
#1007 = CARTESIAN_POINT('',(30.565069868765,22.064886412989,
    57.160105147551));
#1008 = CARTESIAN_POINT('',(28.612925695179,17.924066810944,
    59.206839549376));
#1009 = CARTESIAN_POINT('',(28.678357242856,18.010333871,59.205291765283
    ));
#1010 = CARTESIAN_POINT('',(28.743728020587,18.096601158853,
    59.201174604116));
#1011 = CARTESIAN_POINT('',(28.808911881197,18.182868315386,
    59.19449087905));
#1012 = CARTESIAN_POINT('',(28.873782895654,18.269135461053,
    59.185251885712));
#1013 = CARTESIAN_POINT('',(28.938216137309,18.355402596417,
    59.173477098684));
#1014 = CARTESIAN_POINT('',(29.06596082752,18.527936847662,
    59.144911003046));
#1015 = CARTESIAN_POINT('',(29.129272430693,18.614203963544,
    59.128119646044));
#1016 = CARTESIAN_POINT('',(29.191899702805,18.700471070246,
    59.108847653823));
#1017 = CARTESIAN_POINT('',(29.253721636206,18.78673816833,
    59.087130538089));
#1018 = CARTESIAN_POINT('',(29.314619804726,18.87300525836,
    59.063011648296));
#1019 = CARTESIAN_POINT('',(29.494195481571,19.131806505967,
    58.983603218326));
#1020 = CARTESIAN_POINT('',(29.609754770698,19.304340641066,
    58.9212617077));
#1021 = CARTESIAN_POINT('',(29.72023315814,19.476874750687,
    58.84992581927));
#1022 = CARTESIAN_POINT('',(29.824760908299,19.649408839327,
    58.770124627014));
#1023 = CARTESIAN_POINT('',(29.922545726659,19.821942911481,
    58.682497371663));
#1024 = CARTESIAN_POINT('',(30.058063658832,20.080744001729,
    58.540412933036));
#1025 = CARTESIAN_POINT('',(30.101376521286,20.167011028814,
    58.491277401944));
#1026 = CARTESIAN_POINT('',(30.142742216365,20.253278053464,
    58.440459491814));
#1027 = CARTESIAN_POINT('',(30.182079859137,20.339545076241,
    58.388055957814));
#1028 = CARTESIAN_POINT('',(30.21931506551,20.425812097706,
    58.33416863776));
#1029 = CARTESIAN_POINT('',(30.289444838951,20.598346139138,
    58.223640266493));
#1030 = CARTESIAN_POINT('',(30.322339579045,20.684613159104,
    58.166998942579));
#1031 = CARTESIAN_POINT('',(30.352996350255,20.770880178883,
    58.109087439561));
#1032 = CARTESIAN_POINT('',(30.381354697827,20.857147199037,
    58.05001643335));
#1033 = CARTESIAN_POINT('',(30.407361534512,20.943414220128,
    57.989900316602));
#1034 = CARTESIAN_POINT('',(30.478190352667,21.202215287896,
    57.806770962933));
#1035 = CARTESIAN_POINT('',(30.515821076642,21.374749339069,
    57.680976169679));
#1036 = CARTESIAN_POINT('',(30.543498499261,21.547283400732,
    57.552414029582));
#1037 = CARTESIAN_POINT('',(30.560983163401,21.719817477383,
    57.422073899414));
#1038 = CARTESIAN_POINT('',(30.568165428657,21.892351813303,
    57.290967892264));
#1039 = CARTESIAN_POINT('',(30.565069860687,22.064885693628,
    57.160104806094));
#1040 = DEFINITIONAL_REPRESENTATION('',(#1041),#1044);
#1041 = B_SPLINE_CURVE_WITH_KNOTS('',1,(#1042,#1043),.UNSPECIFIED.,.F.,
  .F.,(2,2),(0.,1.),.PIECEWISE_BEZIER_KNOTS.);
#1042 = CARTESIAN_POINT('',(0.,0.));
#1043 = CARTESIAN_POINT('',(0.,1.));
#1044 = ( GEOMETRIC_REPRESENTATION_CONTEXT(2) 
PARAMETRIC_REPRESENTATION_CONTEXT() REPRESENTATION_CONTEXT('2D SPACE',''
  ) );
#1045 = ORIENTED_EDGE('',*,*,#1046,.T.);
#1046 = EDGE_CURVE('',#448,#1047,#1049,.T.);
#1047 = VERTEX_POINT('',#1048);
#1048 = CARTESIAN_POINT('',(27.355099343729,19.710798253684,
    62.144513920219));
#1049 = SURFACE_CURVE('',#1050,(#1079,#1087),.PCURVE_S1.);
#1050 = ( BOUNDED_CURVE() B_SPLINE_CURVE(14,(#1051,#1052,#1053,#1054,
    #1055,#1056,#1057,#1058,#1059,#1060,#1061,#1062,#1063,#1064,#1065,
    #1066,#1067,#1068,#1069,#1070,#1071,#1072,#1073,#1074,#1075,#1076,
#1077,#1078),.UNSPECIFIED.,.F.,.F.) B_SPLINE_CURVE_WITH_KNOTS((15,13,15)
,(-3.378175019034,0.,8.50316452799),.UNSPECIFIED.) CURVE() 
GEOMETRIC_REPRESENTATION_ITEM() RATIONAL_B_SPLINE_CURVE((1.,1.,1.,
    1.000000000001,0.999999999998,1.000000000003,0.999999999996,
    1.000000000005,0.999999999996,1.000000000003,0.999999999998,
    1.000000000001,1.,1.,1.,1.,1.,1.,0.999999999999,1.000000000002,
    0.999999999996,1.000000000005,0.999999999996,1.000000000003,
0.999999999998,1.000000000001,1.,1.)) REPRESENTATION_ITEM('') );
#1051 = CARTESIAN_POINT('',(34.032322492546,19.477553393103,
    61.98313003062));
#1052 = CARTESIAN_POINT('',(33.77902411911,19.494600871622,
    61.98933876123));
#1053 = CARTESIAN_POINT('',(33.527625237541,19.511041141147,
    61.995501357311));
#1054 = CARTESIAN_POINT('',(33.278044659044,19.526867599809,
    62.00161899896));
#1055 = CARTESIAN_POINT('',(33.030198030188,19.542073507994,
    62.007692938313));
#1056 = CARTESIAN_POINT('',(32.783997832644,19.556651988347,
    62.013724499535));
#1057 = CARTESIAN_POINT('',(32.539353383707,19.570596025761,
    62.01971507884));
#1058 = CARTESIAN_POINT('',(32.296170835444,19.583898467401,
    62.025666144464));
#1059 = CARTESIAN_POINT('',(32.054353175859,19.596552022666,
    62.031579236684));
#1060 = CARTESIAN_POINT('',(31.813800227541,19.608549263239,
    62.037455967823));
#1061 = CARTESIAN_POINT('',(31.574408649002,19.61988262303,
    62.043298022217));
#1062 = CARTESIAN_POINT('',(31.33607193355,19.630544398232,
    62.049107156268));
#1063 = CARTESIAN_POINT('',(31.098680410093,19.640526747275,
    62.054885198386));
#1064 = CARTESIAN_POINT('',(30.862121242657,19.649821690855,
    62.060634049038));
#1065 = CARTESIAN_POINT('',(30.032641267908,19.680066613344,
    62.080757532373));
#1066 = CARTESIAN_POINT('',(29.443537145875,19.697351878492,
    62.095012470082));
#1067 = CARTESIAN_POINT('',(28.85712010776,19.709657596952,
    62.108878817127));
#1068 = CARTESIAN_POINT('',(28.271399123653,19.718394191216,
    62.123821226884));
#1069 = CARTESIAN_POINT('',(27.68462826326,19.72142661919,
    62.135123190597));
#1070 = CARTESIAN_POINT('',(27.094595323064,19.712998507087,
    62.153752180214));
#1071 = CARTESIAN_POINT('',(26.499354655683,19.722628583533,
    62.161676927092));
#1072 = CARTESIAN_POINT('',(25.897428420685,19.681581794048,
    62.18048689566));
#1073 = CARTESIAN_POINT('',(25.285821685069,19.683420253116,
    62.191591182502));
#1074 = CARTESIAN_POINT('',(24.664147672192,19.643685342708,
    62.206983408343));
#1075 = CARTESIAN_POINT('',(24.028856655672,19.615728802512,
    62.221053261442));
#1076 = CARTESIAN_POINT('',(23.378943172507,19.575340693181,
    62.235835620382));
#1077 = CARTESIAN_POINT('',(22.71251714274,19.52997370267,
    62.250904436046));
#1078 = CARTESIAN_POINT('',(22.028406292593,19.478139467783,
    62.266384508034));
#1079 = PCURVE('',#68,#1080);
#1080 = DEFINITIONAL_REPRESENTATION('',(#1081),#1086);
#1081 = B_SPLINE_CURVE_WITH_KNOTS('',3,(#1082,#1083,#1084,#1085),
  .UNSPECIFIED.,.F.,.F.,(4,4),(1.980073407485,3.369042674034),
  .PIECEWISE_BEZIER_KNOTS.);
#1082 = CARTESIAN_POINT('',(0.931596329019,1.756814210683));
#1083 = CARTESIAN_POINT('',(0.948180813356,1.75716710894));
#1084 = CARTESIAN_POINT('',(0.964830207515,1.757490310119));
#1085 = CARTESIAN_POINT('',(0.981627651031,1.757789531847));
#1086 = ( GEOMETRIC_REPRESENTATION_CONTEXT(2) 
PARAMETRIC_REPRESENTATION_CONTEXT() REPRESENTATION_CONTEXT('2D SPACE',''
  ) );
#1087 = PCURVE('',#1088,#1173);
#1088 = ( BOUNDED_SURFACE() B_SPLINE_SURFACE(2,14,(
    (#1089,#1090,#1091,#1092,#1093,#1094,#1095,#1096,#1097,#1098,#1099
      ,#1100,#1101,#1102,#1103,#1104,#1105,#1106,#1107,#1108,#1109,#1110
      ,#1111,#1112,#1113,#1114,#1115,#1116)
    ,(#1117,#1118,#1119,#1120,#1121,#1122,#1123,#1124,#1125,#1126,#1127
      ,#1128,#1129,#1130,#1131,#1132,#1133,#1134,#1135,#1136,#1137,#1138
      ,#1139,#1140,#1141,#1142,#1143,#1144)
    ,(#1145,#1146,#1147,#1148,#1149,#1150,#1151,#1152,#1153,#1154,#1155
      ,#1156,#1157,#1158,#1159,#1160,#1161,#1162,#1163,#1164,#1165,#1166
      ,#1167,#1168,#1169,#1170,#1171,#1172
)),.UNSPECIFIED.,.F.,.F.,.F.) B_SPLINE_SURFACE_WITH_KNOTS((3,3),(15,13,
    15),(0.,11.881339547025),(-3.378175019034,0.,8.50316452799),
.UNSPECIFIED.) GEOMETRIC_REPRESENTATION_ITEM() RATIONAL_B_SPLINE_SURFACE
((
    (1.,1.,1.,1.000000000001,0.999999999998,1.000000000003
      ,0.999999999996,1.000000000005,0.999999999996,1.000000000003
      ,0.999999999998,1.000000000001,1.,1.,1.,1.,1.,1.,0.999999999999
      ,1.000000000002,0.999999999996,1.000000000005,0.999999999996
      ,1.000000000003,0.999999999998,1.000000000001,1.,1.)
    ,(0.523527910978,0.523476124416,0.523424619188,0.523373572191
      ,0.523323161069,0.52327356419,0.523224960691,0.523177530401
      ,0.523131453954,0.523086912651,0.523044088603,0.523003164603
      ,0.522964324223,0.522927751755,0.522807750402,0.522731335368
      ,0.52273261378,0.522472684265,0.523089074388,0.521972083046
      ,0.523443937683,0.522350846685,0.523155041844,0.522990776517
      ,0.52321971035,0.523360896714,0.523526919599,0.523694570373)
    ,(1.,1.,1.,1.000000000001,0.999999999998,1.000000000003
      ,0.999999999996,1.000000000005,0.999999999996,1.000000000003
      ,0.999999999998,1.000000000001,1.,1.,1.,1.,1.,1.,0.999999999999
      ,1.000000000002,0.999999999996,1.000000000005,0.999999999996
      ,1.000000000003,0.999999999998,1.000000000001,1.,1.
))) REPRESENTATION_ITEM('') SURFACE() );
#1089 = CARTESIAN_POINT('',(33.843738142316,17.697389088732,
    59.083104614331));
#1090 = CARTESIAN_POINT('',(33.593039796206,17.714371080911,
    59.089034886901));
#1091 = CARTESIAN_POINT('',(33.344408126202,17.730738029762,
    59.09491627222));
#1092 = CARTESIAN_POINT('',(33.097765512274,17.74648366322,
    59.100750606397));
#1093 = CARTESIAN_POINT('',(32.853030499219,17.76160167475,
    59.106539816237));
#1094 = CARTESIAN_POINT('',(32.610117796632,17.776085723422,
    59.112285919329));
#1095 = CARTESIAN_POINT('',(32.368938278952,17.789929433769,
    59.117991023863));
#1096 = CARTESIAN_POINT('',(32.129398985405,17.803126396014,
    59.123657328936));
#1097 = CARTESIAN_POINT('',(31.891403120059,17.815670165756,
    59.129287124127));
#1098 = CARTESIAN_POINT('',(31.654850051786,17.827554264345,
    59.134882789998));
#1099 = CARTESIAN_POINT('',(31.419635314273,17.838772178499,
    59.140446797589));
#1100 = CARTESIAN_POINT('',(31.185650606038,17.849317360636,
    59.145981708853));
#1101 = CARTESIAN_POINT('',(30.952783790398,17.85918322863,
    59.151490176338));
#1102 = CARTESIAN_POINT('',(30.7209188955,17.868363165962,59.15697494338
    ));
#1103 = CARTESIAN_POINT('',(29.908532077926,17.898213944605,
    59.176191963894));
#1104 = CARTESIAN_POINT('',(29.332704340727,17.915247985276,
    59.189813176349));
#1105 = CARTESIAN_POINT('',(28.760568868655,17.927216337998,
    59.203347048232));
#1106 = CARTESIAN_POINT('',(28.189832589094,17.936280191264,
    59.216847822178));
#1107 = CARTESIAN_POINT('',(27.619193927894,17.937905332955,
    59.230346287001));
#1108 = CARTESIAN_POINT('',(27.045121683564,17.93194011072,
    59.243925973213));
#1109 = CARTESIAN_POINT('',(26.467007949854,17.938643860344,
    59.257601260991));
#1110 = CARTESIAN_POINT('',(25.882161652837,17.900412836555,
    59.271435807548));
#1111 = CARTESIAN_POINT('',(25.287099609259,17.90108979964,
    59.285512007807));
#1112 = CARTESIAN_POINT('',(24.682823624584,17.8625283102,
    59.299806163889));
#1113 = CARTESIAN_POINT('',(24.064015299516,17.835021310368,
    59.314444082716));
#1114 = CARTESIAN_POINT('',(23.43030986216,17.795415694023,
    59.329434392898));
#1115 = CARTESIAN_POINT('',(22.779312795581,17.750868103172,
    59.3448337368));
#1116 = CARTESIAN_POINT('',(22.109725718342,17.699901369889,
    59.360672827638));
#1117 = CARTESIAN_POINT('',(34.062499939205,20.944898453675,
    59.07792980124));
#1118 = CARTESIAN_POINT('',(33.807067083141,20.962644143424,
    59.083972068703));
#1119 = CARTESIAN_POINT('',(33.553398315041,20.979785397852,
    59.089972606643));
#1120 = CARTESIAN_POINT('',(33.301409167627,20.996313212538,
    59.095933413133));
#1121 = CARTESIAN_POINT('',(33.051012535475,21.012218337092,
    59.101856548657));
#1122 = CARTESIAN_POINT('',(32.802118671567,21.027491277333,
    59.107744136172));
#1123 = CARTESIAN_POINT('',(32.554635182388,21.04212229688,
    59.11359836127));
#1124 = CARTESIAN_POINT('',(32.308467027301,21.056101420046,
    59.119421472098));
#1125 = CARTESIAN_POINT('',(32.06351651323,21.069418432952,
    59.125215779646));
#1126 = CARTESIAN_POINT('',(31.81968329687,21.082062887182,
    59.130983657466));
#1127 = CARTESIAN_POINT('',(31.576864380296,21.09402410079,
    59.136727542043));
#1128 = CARTESIAN_POINT('',(31.33495411419,21.105291162034,
    59.14244993246));
#1129 = CARTESIAN_POINT('',(31.09384419652,21.115852931073,
    59.148153390636));
#1130 = CARTESIAN_POINT('',(30.85342367569,21.125698043236,
    59.153840541117));
#1131 = CARTESIAN_POINT('',(30.009730055631,21.157768140706,
    59.173798124443));
#1132 = CARTESIAN_POINT('',(29.40961046859,21.176215064731,
    59.187993960914));
#1133 = CARTESIAN_POINT('',(28.811156953669,21.188784212088,
    59.202150386438));
#1134 = CARTESIAN_POINT('',(28.213588359264,21.200491166475,
    59.216285879129));
#1135 = CARTESIAN_POINT('',(27.612833376395,21.196999605061,
    59.230496745934));
#1136 = CARTESIAN_POINT('',(27.00935203797,21.20046119528,
    59.244772104627));
#1137 = CARTESIAN_POINT('',(26.402551292008,21.194174654886,
    59.25912598406));
#1138 = CARTESIAN_POINT('',(25.78266319795,21.164387357347,
    59.273789444765));
#1139 = CARTESIAN_POINT('',(25.160942753224,21.157219412876,
    59.288496249836));
#1140 = CARTESIAN_POINT('',(24.52301505914,21.11854064144,
    59.303586437547));
#1141 = CARTESIAN_POINT('',(23.874918431399,21.087378039778,
    59.318917171534));
#1142 = CARTESIAN_POINT('',(23.211507827082,21.044585091166,
    59.334610157826));
#1143 = CARTESIAN_POINT('',(22.532396078847,20.996473873387,
    59.350674554878));
#1144 = CARTESIAN_POINT('',(21.836313006052,20.941832409134,
    59.367140408829));
#1145 = CARTESIAN_POINT('',(34.032322492546,19.477553393103,
    61.98313003062));
#1146 = CARTESIAN_POINT('',(33.77902411911,19.494600871622,
    61.98933876123));
#1147 = CARTESIAN_POINT('',(33.527625237541,19.511041141147,
    61.995501357311));
#1148 = CARTESIAN_POINT('',(33.278044659044,19.526867599809,
    62.00161899896));
#1149 = CARTESIAN_POINT('',(33.030198030188,19.542073507994,
    62.007692938313));
#1150 = CARTESIAN_POINT('',(32.783997832644,19.556651988347,
    62.013724499535));
#1151 = CARTESIAN_POINT('',(32.539353383707,19.570596025761,
    62.01971507884));
#1152 = CARTESIAN_POINT('',(32.296170835444,19.583898467401,
    62.025666144464));
#1153 = CARTESIAN_POINT('',(32.054353175859,19.596552022666,
    62.031579236684));
#1154 = CARTESIAN_POINT('',(31.813800227541,19.608549263239,
    62.037455967823));
#1155 = CARTESIAN_POINT('',(31.574408649002,19.61988262303,
    62.043298022217));
#1156 = CARTESIAN_POINT('',(31.33607193355,19.630544398232,
    62.049107156268));
#1157 = CARTESIAN_POINT('',(31.098680410093,19.640526747275,
    62.054885198386));
#1158 = CARTESIAN_POINT('',(30.862121242657,19.649821690855,
    62.060634049038));
#1159 = CARTESIAN_POINT('',(30.032641267908,19.680066613344,
    62.080757532373));
#1160 = CARTESIAN_POINT('',(29.443537145875,19.697351878492,
    62.095012470082));
#1161 = CARTESIAN_POINT('',(28.85712010776,19.709657596952,
    62.108878817127));
#1162 = CARTESIAN_POINT('',(28.271399123653,19.718394191216,
    62.123821226884));
#1163 = CARTESIAN_POINT('',(27.68462826326,19.72142661919,
    62.135123190597));
#1164 = CARTESIAN_POINT('',(27.094595323064,19.712998507087,
    62.153752180214));
#1165 = CARTESIAN_POINT('',(26.499354655683,19.722628583533,
    62.161676927092));
#1166 = CARTESIAN_POINT('',(25.897428420685,19.681581794048,
    62.18048689566));
#1167 = CARTESIAN_POINT('',(25.285821685069,19.683420253116,
    62.191591182502));
#1168 = CARTESIAN_POINT('',(24.664147672192,19.643685342708,
    62.206983408343));
#1169 = CARTESIAN_POINT('',(24.028856655672,19.615728802512,
    62.221053261442));
#1170 = CARTESIAN_POINT('',(23.378943172507,19.575340693181,
    62.235835620382));
#1171 = CARTESIAN_POINT('',(22.71251714274,19.52997370267,
    62.250904436046));
#1172 = CARTESIAN_POINT('',(22.028406292593,19.478139467783,
    62.266384508034));
#1173 = DEFINITIONAL_REPRESENTATION('',(#1174),#1178);
#1174 = LINE('',#1175,#1176);
#1175 = CARTESIAN_POINT('',(11.881339547025,0.));
#1176 = VECTOR('',#1177,1.);
#1177 = DIRECTION('',(0.,1.));
#1178 = ( GEOMETRIC_REPRESENTATION_CONTEXT(2) 
PARAMETRIC_REPRESENTATION_CONTEXT() REPRESENTATION_CONTEXT('2D SPACE',''
  ) );
#1179 = ORIENTED_EDGE('',*,*,#1180,.T.);
#1180 = EDGE_CURVE('',#1047,#44,#1181,.T.);
#1181 = SURFACE_CURVE('',#1182,(#1221,#1275),.PCURVE_S1.);
#1182 = B_SPLINE_CURVE_WITH_KNOTS('',7,(#1183,#1184,#1185,#1186,#1187,
    #1188,#1189,#1190,#1191,#1192,#1193,#1194,#1195,#1196,#1197,#1198,
    #1199,#1200,#1201,#1202,#1203,#1204,#1205,#1206,#1207,#1208,#1209,
    #1210,#1211,#1212,#1213,#1214,#1215,#1216,#1217,#1218,#1219,#1220),
  .UNSPECIFIED.,.F.,.F.,(8,6,6,6,6,6,8),(0.,0.125,0.25,0.5,0.625,0.75,1.
    ),.UNSPECIFIED.);
#1183 = CARTESIAN_POINT('',(27.355099343729,19.710798253684,
    62.144513920219));
#1184 = CARTESIAN_POINT('',(27.243927411763,19.710078176744,
    62.147118702105));
#1185 = CARTESIAN_POINT('',(27.136648465968,19.720617977239,
    62.127127683415));
#1186 = CARTESIAN_POINT('',(27.034123532121,19.739770147641,
    62.089807929856));
#1187 = CARTESIAN_POINT('',(26.936325612736,19.767067944419,
    62.036017303759));
#1188 = CARTESIAN_POINT('',(26.850940921008,19.796287291432,
    61.978141393704));
#1189 = CARTESIAN_POINT('',(26.769039833874,19.82933873383,
    61.912430483138));
#1190 = CARTESIAN_POINT('',(26.616744298811,19.899705625509,
    61.772098024779));
#1191 = CARTESIAN_POINT('',(26.545691328992,19.937275336645,
    61.696970737691));
#1192 = CARTESIAN_POINT('',(26.479495063153,19.976198696341,
    61.618956977795));
#1193 = CARTESIAN_POINT('',(26.417407444376,20.016150538355,
    61.538712701376));
#1194 = CARTESIAN_POINT('',(26.35858991882,20.057132098518,
    61.456239450005));
#1195 = CARTESIAN_POINT('',(26.302532901967,20.099089966293,
    61.371648564613));
#1196 = CARTESIAN_POINT('',(26.143359930723,20.226425176466,
    61.114479069536));
#1197 = CARTESIAN_POINT('',(26.048567816048,20.31360669284,
    60.937820502597));
#1198 = CARTESIAN_POINT('',(25.962525124963,20.402551485822,
    60.757028265429));
#1199 = CARTESIAN_POINT('',(25.883913892608,20.49270276424,
    60.573246477461));
#1200 = CARTESIAN_POINT('',(25.81212559681,20.583600438957,
    60.387426235096));
#1201 = CARTESIAN_POINT('',(25.746714789745,20.675006516417,
    60.200067035878));
#1202 = CARTESIAN_POINT('',(25.656921699506,20.81304248009,
    59.916403786093));
#1203 = CARTESIAN_POINT('',(25.628378311431,20.859239305796,
    59.821348769122));
#1204 = CARTESIAN_POINT('',(25.601203082854,20.905537661082,
    59.72596634599));
#1205 = CARTESIAN_POINT('',(25.575364497751,20.951891506205,
    59.630352813051));
#1206 = CARTESIAN_POINT('',(25.550819006585,20.998292069918,
    59.534527568799));
#1207 = CARTESIAN_POINT('',(25.527511026306,21.044767849463,
    59.438433113866));
#1208 = CARTESIAN_POINT('',(25.483234854388,21.138001371696,
    59.245436988176));
#1209 = CARTESIAN_POINT('',(25.46230629521,21.184686814309,
    59.148684418339));
#1210 = CARTESIAN_POINT('',(25.442583830847,21.231361097557,
    59.051844634336));
#1211 = CARTESIAN_POINT('',(25.424025443685,21.278057321439,
    58.95485027892));
#1212 = CARTESIAN_POINT('',(25.406582757949,21.324837554297,
    58.857573800991));
#1213 = CARTESIAN_POINT('',(25.390233267177,21.371708860273,
    58.760001911815));
#1214 = CARTESIAN_POINT('',(25.344571150773,21.512200259843,
    58.467226300097));
#1215 = CARTESIAN_POINT('',(25.318516332161,21.60602815786,
    58.271276176806));
#1216 = CARTESIAN_POINT('',(25.296779822318,21.69992684327,
    58.074768564404));
#1217 = CARTESIAN_POINT('',(25.279305982308,21.793806027882,
    57.877903389905));
#1218 = CARTESIAN_POINT('',(25.266066218221,21.887608497907,
    57.68081232016));
#1219 = CARTESIAN_POINT('',(25.257073387194,21.981337048697,
    57.483499344497));
#1220 = CARTESIAN_POINT('',(25.252396169591,22.075082920998,
    57.28578209642));
#1221 = PCURVE('',#68,#1222);
#1222 = DEFINITIONAL_REPRESENTATION('',(#1223),#1274);
#1223 = B_SPLINE_CURVE_WITH_KNOTS('',9,(#1224,#1225,#1226,#1227,#1228,
    #1229,#1230,#1231,#1232,#1233,#1234,#1235,#1236,#1237,#1238,#1239,
    #1240,#1241,#1242,#1243,#1244,#1245,#1246,#1247,#1248,#1249,#1250,
    #1251,#1252,#1253,#1254,#1255,#1256,#1257,#1258,#1259,#1260,#1261,
    #1262,#1263,#1264,#1265,#1266,#1267,#1268,#1269,#1270,#1271,#1272,
    #1273),.UNSPECIFIED.,.F.,.F.,(10,8,8,8,8,8,10),(0.,0.125,0.25,0.5,
    0.625,0.75,1.),.UNSPECIFIED.);
#1224 = CARTESIAN_POINT('',(0.981627651031,1.757789531847));
#1225 = CARTESIAN_POINT('',(0.984836950581,1.757846699189));
#1226 = CARTESIAN_POINT('',(0.987958585079,1.757548030039));
#1227 = CARTESIAN_POINT('',(0.990989514614,1.756975621958));
#1228 = CARTESIAN_POINT('',(0.993901195263,1.756098219347));
#1229 = CARTESIAN_POINT('',(0.99669087097,1.755061411349));
#1230 = CARTESIAN_POINT('',(0.999258309107,1.753871387516));
#1231 = CARTESIAN_POINT('',(1.001684208216,1.752604505419));
#1232 = CARTESIAN_POINT('',(1.004005366304,1.751230777571));
#1233 = CARTESIAN_POINT('',(1.00841343665,1.748350797082));
#1234 = CARTESIAN_POINT('',(1.010506173815,1.746839100407));
#1235 = CARTESIAN_POINT('',(1.012502027594,1.745274609946));
#1236 = CARTESIAN_POINT('',(1.014387481864,1.7436704227));
#1237 = CARTESIAN_POINT('',(1.016196090075,1.742037824989));
#1238 = CARTESIAN_POINT('',(1.017940214758,1.740375540023));
#1239 = CARTESIAN_POINT('',(1.019606719714,1.738679608351));
#1240 = CARTESIAN_POINT('',(1.021219610459,1.736963509831));
#1241 = CARTESIAN_POINT('',(1.025865980672,1.731770042906));
#1242 = CARTESIAN_POINT('',(1.028719618776,1.728245646351));
#1243 = CARTESIAN_POINT('',(1.031379675377,1.724665569068));
#1244 = CARTESIAN_POINT('',(1.033862032395,1.721050968816));
#1245 = CARTESIAN_POINT('',(1.036186229788,1.717407672435));
#1246 = CARTESIAN_POINT('',(1.038364530271,1.713743939412));
#1247 = CARTESIAN_POINT('',(1.040402004391,1.710072500577));
#1248 = CARTESIAN_POINT('',(1.042313028613,1.70639189846));
#1249 = CARTESIAN_POINT('',(1.045000820121,1.700855183212));
#1250 = CARTESIAN_POINT('',(1.045867327583,1.699006144315));
#1251 = CARTESIAN_POINT('',(1.046704682284,1.697155374544));
#1252 = CARTESIAN_POINT('',(1.047513274199,1.695304097098));
#1253 = CARTESIAN_POINT('',(1.048293613006,1.693453022097));
#1254 = CARTESIAN_POINT('',(1.049046328077,1.691602346589));
#1255 = CARTESIAN_POINT('',(1.049772168484,1.689751754546));
#1256 = CARTESIAN_POINT('',(1.050472002999,1.687900416863));
#1257 = CARTESIAN_POINT('',(1.05182163718,1.684193565859));
#1258 = CARTESIAN_POINT('',(1.052470636371,1.682339944756));
#1259 = CARTESIAN_POINT('',(1.053093822258,1.68048791121));
#1260 = CARTESIAN_POINT('',(1.053691595439,1.678637625451));
#1261 = CARTESIAN_POINT('',(1.054264555811,1.67678833148));
#1262 = CARTESIAN_POINT('',(1.054813305866,1.674939063777));
#1263 = CARTESIAN_POINT('',(1.055338253988,1.673089353997));
#1264 = CARTESIAN_POINT('',(1.05583941775,1.671239937675));
#1265 = CARTESIAN_POINT('',(1.057269846133,1.665700507436));
#1266 = CARTESIAN_POINT('',(1.058128420486,1.662010892601));
#1267 = CARTESIAN_POINT('',(1.058893270331,1.658325540263));
#1268 = CARTESIAN_POINT('',(1.0595648505,1.65464638046));
#1269 = CARTESIAN_POINT('',(1.060143234457,1.650975256174));
#1270 = CARTESIAN_POINT('',(1.060628346085,1.647313218703));
#1271 = CARTESIAN_POINT('',(1.061019939415,1.643660211687));
#1272 = CARTESIAN_POINT('',(1.061317326277,1.640015143763));
#1273 = CARTESIAN_POINT('',(1.061518851897,1.636376349874));
#1274 = ( GEOMETRIC_REPRESENTATION_CONTEXT(2) 
PARAMETRIC_REPRESENTATION_CONTEXT() REPRESENTATION_CONTEXT('2D SPACE',''
  ) );
#1275 = PCURVE('',#1276,#1885);
#1276 = B_SPLINE_SURFACE_WITH_KNOTS('',8,7,(
    (#1277,#1278,#1279,#1280,#1281,#1282,#1283,#1284,#1285,#1286,#1287
      ,#1288,#1289,#1290,#1291,#1292,#1293,#1294,#1295,#1296,#1297,#1298
      ,#1299,#1300,#1301,#1302,#1303,#1304,#1305,#1306,#1307,#1308,#1309
      ,#1310,#1311,#1312,#1313,#1314)
    ,(#1315,#1316,#1317,#1318,#1319,#1320,#1321,#1322,#1323,#1324,#1325
      ,#1326,#1327,#1328,#1329,#1330,#1331,#1332,#1333,#1334,#1335,#1336
      ,#1337,#1338,#1339,#1340,#1341,#1342,#1343,#1344,#1345,#1346,#1347
      ,#1348,#1349,#1350,#1351,#1352)
    ,(#1353,#1354,#1355,#1356,#1357,#1358,#1359,#1360,#1361,#1362,#1363
      ,#1364,#1365,#1366,#1367,#1368,#1369,#1370,#1371,#1372,#1373,#1374
      ,#1375,#1376,#1377,#1378,#1379,#1380,#1381,#1382,#1383,#1384,#1385
      ,#1386,#1387,#1388,#1389,#1390)
    ,(#1391,#1392,#1393,#1394,#1395,#1396,#1397,#1398,#1399,#1400,#1401
      ,#1402,#1403,#1404,#1405,#1406,#1407,#1408,#1409,#1410,#1411,#1412
      ,#1413,#1414,#1415,#1416,#1417,#1418,#1419,#1420,#1421,#1422,#1423
      ,#1424,#1425,#1426,#1427,#1428)
    ,(#1429,#1430,#1431,#1432,#1433,#1434,#1435,#1436,#1437,#1438,#1439
      ,#1440,#1441,#1442,#1443,#1444,#1445,#1446,#1447,#1448,#1449,#1450
      ,#1451,#1452,#1453,#1454,#1455,#1456,#1457,#1458,#1459,#1460,#1461
      ,#1462,#1463,#1464,#1465,#1466)
    ,(#1467,#1468,#1469,#1470,#1471,#1472,#1473,#1474,#1475,#1476,#1477
      ,#1478,#1479,#1480,#1481,#1482,#1483,#1484,#1485,#1486,#1487,#1488
      ,#1489,#1490,#1491,#1492,#1493,#1494,#1495,#1496,#1497,#1498,#1499
      ,#1500,#1501,#1502,#1503,#1504)
    ,(#1505,#1506,#1507,#1508,#1509,#1510,#1511,#1512,#1513,#1514,#1515
      ,#1516,#1517,#1518,#1519,#1520,#1521,#1522,#1523,#1524,#1525,#1526
      ,#1527,#1528,#1529,#1530,#1531,#1532,#1533,#1534,#1535,#1536,#1537
      ,#1538,#1539,#1540,#1541,#1542)
    ,(#1543,#1544,#1545,#1546,#1547,#1548,#1549,#1550,#1551,#1552,#1553
      ,#1554,#1555,#1556,#1557,#1558,#1559,#1560,#1561,#1562,#1563,#1564
      ,#1565,#1566,#1567,#1568,#1569,#1570,#1571,#1572,#1573,#1574,#1575
      ,#1576,#1577,#1578,#1579,#1580)
    ,(#1581,#1582,#1583,#1584,#1585,#1586,#1587,#1588,#1589,#1590,#1591
      ,#1592,#1593,#1594,#1595,#1596,#1597,#1598,#1599,#1600,#1601,#1602
      ,#1603,#1604,#1605,#1606,#1607,#1608,#1609,#1610,#1611,#1612,#1613
      ,#1614,#1615,#1616,#1617,#1618)
    ,(#1619,#1620,#1621,#1622,#1623,#1624,#1625,#1626,#1627,#1628,#1629
      ,#1630,#1631,#1632,#1633,#1634,#1635,#1636,#1637,#1638,#1639,#1640
      ,#1641,#1642,#1643,#1644,#1645,#1646,#1647,#1648,#1649,#1650,#1651
      ,#1652,#1653,#1654,#1655,#1656)
    ,(#1657,#1658,#1659,#1660,#1661,#1662,#1663,#1664,#1665,#1666,#1667
      ,#1668,#1669,#1670,#1671,#1672,#1673,#1674,#1675,#1676,#1677,#1678
      ,#1679,#1680,#1681,#1682,#1683,#1684,#1685,#1686,#1687,#1688,#1689
      ,#1690,#1691,#1692,#1693,#1694)
    ,(#1695,#1696,#1697,#1698,#1699,#1700,#1701,#1702,#1703,#1704,#1705
      ,#1706,#1707,#1708,#1709,#1710,#1711,#1712,#1713,#1714,#1715,#1716
      ,#1717,#1718,#1719,#1720,#1721,#1722,#1723,#1724,#1725,#1726,#1727
      ,#1728,#1729,#1730,#1731,#1732)
    ,(#1733,#1734,#1735,#1736,#1737,#1738,#1739,#1740,#1741,#1742,#1743
      ,#1744,#1745,#1746,#1747,#1748,#1749,#1750,#1751,#1752,#1753,#1754
      ,#1755,#1756,#1757,#1758,#1759,#1760,#1761,#1762,#1763,#1764,#1765
      ,#1766,#1767,#1768,#1769,#1770)
    ,(#1771,#1772,#1773,#1774,#1775,#1776,#1777,#1778,#1779,#1780,#1781
      ,#1782,#1783,#1784,#1785,#1786,#1787,#1788,#1789,#1790,#1791,#1792
      ,#1793,#1794,#1795,#1796,#1797,#1798,#1799,#1800,#1801,#1802,#1803
      ,#1804,#1805,#1806,#1807,#1808)
    ,(#1809,#1810,#1811,#1812,#1813,#1814,#1815,#1816,#1817,#1818,#1819
      ,#1820,#1821,#1822,#1823,#1824,#1825,#1826,#1827,#1828,#1829,#1830
      ,#1831,#1832,#1833,#1834,#1835,#1836,#1837,#1838,#1839,#1840,#1841
      ,#1842,#1843,#1844,#1845,#1846)
    ,(#1847,#1848,#1849,#1850,#1851,#1852,#1853,#1854,#1855,#1856,#1857
      ,#1858,#1859,#1860,#1861,#1862,#1863,#1864,#1865,#1866,#1867,#1868
      ,#1869,#1870,#1871,#1872,#1873,#1874,#1875,#1876,#1877,#1878,#1879
      ,#1880,#1881,#1882,#1883,#1884
  )),.UNSPECIFIED.,.F.,.F.,.F.,(9,7,9),(8,6,6,6,6,6,8),(0.,0.5,1.),(0.,
    0.125,0.25,0.5,0.625,0.75,1.),.UNSPECIFIED.);
#1277 = CARTESIAN_POINT('',(27.355099343729,19.710798253684,
    62.144513920219));
#1278 = CARTESIAN_POINT('',(27.243927411763,19.710078176744,
    62.147118702105));
#1279 = CARTESIAN_POINT('',(27.136648465968,19.720617977239,
    62.127127683415));
#1280 = CARTESIAN_POINT('',(27.034123532121,19.739770147641,
    62.089807929856));
#1281 = CARTESIAN_POINT('',(26.936325612736,19.767067944419,
    62.036017303759));
#1282 = CARTESIAN_POINT('',(26.850940921008,19.796287291432,
    61.978141393704));
#1283 = CARTESIAN_POINT('',(26.769039833874,19.82933873383,
    61.912430483138));
#1284 = CARTESIAN_POINT('',(26.616744298811,19.899705625509,
    61.772098024779));
#1285 = CARTESIAN_POINT('',(26.545691328992,19.937275336645,
    61.696970737691));
#1286 = CARTESIAN_POINT('',(26.479495063153,19.976198696341,
    61.618956977795));
#1287 = CARTESIAN_POINT('',(26.417407444376,20.016150538355,
    61.538712701376));
#1288 = CARTESIAN_POINT('',(26.35858991882,20.057132098518,
    61.456239450005));
#1289 = CARTESIAN_POINT('',(26.302532901967,20.099089966293,
    61.371648564613));
#1290 = CARTESIAN_POINT('',(26.143359930723,20.226425176466,
    61.114479069536));
#1291 = CARTESIAN_POINT('',(26.048567816048,20.31360669284,
    60.937820502597));
#1292 = CARTESIAN_POINT('',(25.962525124963,20.402551485822,
    60.757028265429));
#1293 = CARTESIAN_POINT('',(25.883913892608,20.49270276424,
    60.573246477461));
#1294 = CARTESIAN_POINT('',(25.81212559681,20.583600438957,
    60.387426235096));
#1295 = CARTESIAN_POINT('',(25.746714789745,20.675006516417,
    60.200067035878));
#1296 = CARTESIAN_POINT('',(25.656921699506,20.81304248009,
    59.916403786093));
#1297 = CARTESIAN_POINT('',(25.628378311431,20.859239305796,
    59.821348769122));
#1298 = CARTESIAN_POINT('',(25.601203082854,20.905537661082,
    59.72596634599));
#1299 = CARTESIAN_POINT('',(25.575364497751,20.951891506205,
    59.630352813051));
#1300 = CARTESIAN_POINT('',(25.550819006585,20.998292069918,
    59.534527568799));
#1301 = CARTESIAN_POINT('',(25.527511026306,21.044767849463,
    59.438433113866));
#1302 = CARTESIAN_POINT('',(25.483234854388,21.138001371696,
    59.245436988176));
#1303 = CARTESIAN_POINT('',(25.46230629521,21.184686814309,
    59.148684418339));
#1304 = CARTESIAN_POINT('',(25.442583830847,21.231361097557,
    59.051844634336));
#1305 = CARTESIAN_POINT('',(25.424025443685,21.278057321439,
    58.95485027892));
#1306 = CARTESIAN_POINT('',(25.406582757949,21.324837554297,
    58.857573800991));
#1307 = CARTESIAN_POINT('',(25.390233267177,21.371708860273,
    58.760001911815));
#1308 = CARTESIAN_POINT('',(25.344571150773,21.512200259843,
    58.467226300097));
#1309 = CARTESIAN_POINT('',(25.318516332161,21.60602815786,
    58.271276176806));
#1310 = CARTESIAN_POINT('',(25.296779822318,21.69992684327,
    58.074768564404));
#1311 = CARTESIAN_POINT('',(25.279305982308,21.793806027882,
    57.877903389905));
#1312 = CARTESIAN_POINT('',(25.266066218221,21.887608497907,
    57.68081232016));
#1313 = CARTESIAN_POINT('',(25.257073387194,21.981337048697,
    57.483499344497));
#1314 = CARTESIAN_POINT('',(25.252396169591,22.075082920998,
    57.28578209642));
#1315 = CARTESIAN_POINT('',(27.348900084613,19.826365880654,
    61.917502045022));
#1316 = CARTESIAN_POINT('',(27.241214983935,19.825459905771,
    61.92042669162));
#1317 = CARTESIAN_POINT('',(27.137180066769,19.835123630173,
    61.902059917848));
#1318 = CARTESIAN_POINT('',(27.037606827257,19.852881851697,
    61.86734353835));
#1319 = CARTESIAN_POINT('',(26.942474186293,19.878299751296,
    61.817083877556));
#1320 = CARTESIAN_POINT('',(26.858991648484,19.905558758055,
    61.762900964722));
#1321 = CARTESIAN_POINT('',(26.778791723247,19.936444726681,
    61.701277417682));
#1322 = CARTESIAN_POINT('',(26.62922101502,20.00229239405,61.5694921338)
  );
#1323 = CARTESIAN_POINT('',(26.55923288633,20.037491816619,
    61.498855958186));
#1324 = CARTESIAN_POINT('',(26.493822783174,20.074001306745,
    61.425423134101));
#1325 = CARTESIAN_POINT('',(26.432293530388,20.111516774003,
    61.349809905987));
#1326 = CARTESIAN_POINT('',(26.373863142874,20.150039206872,
    61.272018749929));
#1327 = CARTESIAN_POINT('',(26.318057990931,20.189518320722,
    61.192155246024));
#1328 = CARTESIAN_POINT('',(26.159201914931,20.309451975999,
    60.949124360298));
#1329 = CARTESIAN_POINT('',(26.064078330938,20.391723182597,
    60.781875808848));
#1330 = CARTESIAN_POINT('',(25.977354682369,20.475812471048,
    60.61042136679));
#1331 = CARTESIAN_POINT('',(25.897826774966,20.561193693658,
    60.435846906199));
#1332 = CARTESIAN_POINT('',(25.82495410796,20.647429591063,
    60.259059583929));
#1333 = CARTESIAN_POINT('',(25.758347230586,20.734289473664,
    60.080545324648));
#1334 = CARTESIAN_POINT('',(25.666709032581,20.865655617804,
    59.809916793527));
#1335 = CARTESIAN_POINT('',(25.637542077894,20.909652161993,
    59.719171835918));
#1336 = CARTESIAN_POINT('',(25.609739210772,20.953777405088,
    59.62805630705));
#1337 = CARTESIAN_POINT('',(25.583273972453,20.997987054471,
    59.536663097615));
#1338 = CARTESIAN_POINT('',(25.55810846916,21.042271655478,
    59.445013113025));
#1339 = CARTESIAN_POINT('',(25.534193372101,21.086656591394,
    59.353055273411));
#1340 = CARTESIAN_POINT('',(25.488742462844,21.175747575519,
    59.168277753831));
#1341 = CARTESIAN_POINT('',(25.467243792933,21.220385925743,
    59.075597880691));
#1342 = CARTESIAN_POINT('',(25.446971293222,21.265040986004,
    58.982786698284));
#1343 = CARTESIAN_POINT('',(25.427888009751,21.309742349383,
    58.88978410572));
#1344 = CARTESIAN_POINT('',(25.409950848828,21.35454669571,
    58.796473661503));
#1345 = CARTESIAN_POINT('',(25.393140776739,21.399459137085,
    58.702846147891));
#1346 = CARTESIAN_POINT('',(25.346197504911,21.534145416107,
    58.421797109992));
#1347 = CARTESIAN_POINT('',(25.319430750206,21.624177633696,
    58.233565453803));
#1348 = CARTESIAN_POINT('',(25.297143709715,21.714348819868,
    58.044690601126));
#1349 = CARTESIAN_POINT('',(25.279296010999,21.804561380441,
    57.85538781649));
#1350 = CARTESIAN_POINT('',(25.265869327702,21.894748214918,
    57.665809248277));
#1351 = CARTESIAN_POINT('',(25.256880758068,21.984898157746,
    57.475987859264));
#1352 = CARTESIAN_POINT('',(25.25239616959,22.075082921091,
    57.285782096223));
#1353 = CARTESIAN_POINT('',(27.342516031978,19.909208923163,
    61.672751013657));
#1354 = CARTESIAN_POINT('',(27.238308769226,19.908112539038,
    61.67562838866));
#1355 = CARTESIAN_POINT('',(27.137416997825,19.90981577184,
    61.650691580672));
#1356 = CARTESIAN_POINT('',(27.040775179837,19.922249136124,
    61.617039793881));
#1357 = CARTESIAN_POINT('',(26.948249433327,19.941694801922,
    61.570321655013));
#1358 = CARTESIAN_POINT('',(26.865810813584,19.963320125408,
    61.520082597416));
#1359 = CARTESIAN_POINT('',(26.78651611542,19.988573980068,
    61.46343691219));
#1360 = CARTESIAN_POINT('',(26.637736908649,20.043661472972,
    61.342546813606));
#1361 = CARTESIAN_POINT('',(26.56774031807,20.073691509626,
    61.277912598108));
#1362 = CARTESIAN_POINT('',(26.501950391872,20.105383940835,
    61.210691578809));
#1363 = CARTESIAN_POINT('',(26.439783767884,20.138461315924,
    61.141392895634));
#1364 = CARTESIAN_POINT('',(26.380586556233,20.172898146337,
    61.070021710179));
#1365 = CARTESIAN_POINT('',(26.323960825368,20.208626422758,
    60.996668449833));
#1366 = CARTESIAN_POINT('',(26.162351613582,20.318470551239,
    60.772957256108));
#1367 = CARTESIAN_POINT('',(26.065111646643,20.395510423366,
    60.618421676987));
#1368 = CARTESIAN_POINT('',(25.97635371719,20.475737396825,
    60.45936285783));
#1369 = CARTESIAN_POINT('',(25.895034720022,20.558502584364,
    60.296713891769));
#1370 = CARTESIAN_POINT('',(25.820658252564,20.643229181493,
    60.131268914831));
#1371 = CARTESIAN_POINT('',(25.752846952592,20.729510084674,
    59.963482598952));
#1372 = CARTESIAN_POINT('',(25.65994877765,20.861053221957,
    59.708163168035));
#1373 = CARTESIAN_POINT('',(25.630452682654,20.905278111507,
    59.622400974987));
#1374 = CARTESIAN_POINT('',(25.602406808726,20.949787544451,
    59.536126871871));
#1375 = CARTESIAN_POINT('',(25.575781268765,20.994517663101,
    59.449425596969));
#1376 = CARTESIAN_POINT('',(25.55053603082,21.039433385816,
    59.36232282084));
#1377 = CARTESIAN_POINT('',(25.526620918088,21.084528406996,
    59.274785146324));
#1378 = CARTESIAN_POINT('',(25.481330299737,21.175121987177,
    59.098655070742));
#1379 = CARTESIAN_POINT('',(25.45998600387,21.220564527371,
    59.010178129754));
#1380 = CARTESIAN_POINT('',(25.439933004665,21.266062417543,
    58.921430646633));
#1381 = CARTESIAN_POINT('',(25.421130397866,21.311612746956,
    58.832372429756));
#1382 = CARTESIAN_POINT('',(25.403531522039,21.357234985228,
    58.742917000094));
#1383 = CARTESIAN_POINT('',(25.387109388992,21.402905873284,
    58.653066856487));
#1384 = CARTESIAN_POINT('',(25.341427564635,21.539671196425,
    58.383012509791));
#1385 = CARTESIAN_POINT('',(25.315650870635,21.630774447532,
    58.201771912442));
#1386 = CARTESIAN_POINT('',(25.294418361652,21.721499137528,
    58.019593781526));
#1387 = CARTESIAN_POINT('',(25.277593686641,21.811543678242,
    57.83674329858));
#1388 = CARTESIAN_POINT('',(25.26504892185,21.900631292821,
    57.653436214931));
#1389 = CARTESIAN_POINT('',(25.256486372045,21.981863598278,
    57.459765309493));
#1390 = CARTESIAN_POINT('',(25.252396211011,22.075081508818,
    57.285781425007));
#1391 = CARTESIAN_POINT('',(27.336142419675,19.955723188227,
    61.417420838117));
#1392 = CARTESIAN_POINT('',(27.235411531627,19.954478397878,
    61.420216587626));
#1393 = CARTESIAN_POINT('',(27.137803045166,19.953980402688,
    61.395922293574));
#1394 = CARTESIAN_POINT('',(27.044183774599,19.964527365265,
    61.364873469978));
#1395 = CARTESIAN_POINT('',(26.954387039526,19.981704779576,
    61.322073214778));
#1396 = CARTESIAN_POINT('',(26.873808188932,20.001150879896,
    61.275972502276));
#1397 = CARTESIAN_POINT('',(26.796175699743,20.024157945157,
    61.224021383844));
#1398 = CARTESIAN_POINT('',(26.649986215877,20.074860885819,
    61.113037586955));
#1399 = CARTESIAN_POINT('',(26.58096610405,20.102733562734,
    61.053659605169));
#1400 = CARTESIAN_POINT('',(26.515855923224,20.132373960179,
    60.991817707103));
#1401 = CARTESIAN_POINT('',(26.454130923699,20.163520509093,
    60.927964978146));
#1402 = CARTESIAN_POINT('',(26.395202343905,20.196138402391,
    60.86210793191));
#1403 = CARTESIAN_POINT('',(26.338713449119,20.230154439934,
    60.794329020102));
#1404 = CARTESIAN_POINT('',(26.177079812336,20.335266740666,
    60.587269387017));
#1405 = CARTESIAN_POINT('',(26.079293405357,20.409665540546,
    60.44380001498));
#1406 = CARTESIAN_POINT('',(25.989674596747,20.487730784473,
    60.295690929991));
#1407 = CARTESIAN_POINT('',(25.907304475525,20.568780746064,
    60.143792884148));
#1408 = CARTESIAN_POINT('',(25.83175713483,20.652197620996,
    59.988838087479));
#1409 = CARTESIAN_POINT('',(25.762709834504,20.737515686755,
    59.831260817442));
#1410 = CARTESIAN_POINT('',(25.667974828272,20.868006350232,
    59.590896633955));
#1411 = CARTESIAN_POINT('',(25.637868971673,20.911943397313,
    59.510064705277));
#1412 = CARTESIAN_POINT('',(25.609220170194,20.956224668868,
    59.428655131105));
#1413 = CARTESIAN_POINT('',(25.58200318133,21.000780130734,
    59.346748102398));
#1414 = CARTESIAN_POINT('',(25.556182943768,21.045565649363,
    59.264371112386));
#1415 = CARTESIAN_POINT('',(25.531714577383,21.090562991826,
    59.18149895657));
#1416 = CARTESIAN_POINT('',(25.485372189096,21.180996659795,
    59.014608508871));
#1417 = CARTESIAN_POINT('',(25.463527155973,21.226382492244,
    58.930693683518));
#1418 = CARTESIAN_POINT('',(25.443000713536,21.271843234303,
    58.846441315574));
#1419 = CARTESIAN_POINT('',(25.423755780015,21.317363649704,
    58.761820459079));
#1420 = CARTESIAN_POINT('',(25.405749492971,21.362948651045,
    58.676758753246));
#1421 = CARTESIAN_POINT('',(25.388956940071,21.40856459606,
    58.591264012496));
#1422 = CARTESIAN_POINT('',(25.342270789422,21.545112559579,
    58.334109424506));
#1423 = CARTESIAN_POINT('',(25.315973841003,21.635975677203,
    58.16130034883));
#1424 = CARTESIAN_POINT('',(25.294378417693,21.72629346165,
    57.987404034283));
#1425 = CARTESIAN_POINT('',(25.277349671816,21.815691998893,
    57.812707502887));
#1426 = CARTESIAN_POINT('',(25.264753988398,21.903819437671,
    57.637455099975));
#1427 = CARTESIAN_POINT('',(25.256263727963,21.982249154086,
    57.450645645719));
#1428 = CARTESIAN_POINT('',(25.252396233245,22.075080938494,
    57.285781153775));
#1429 = CARTESIAN_POINT('',(27.329925526837,19.964376266367,
    61.157230525759));
#1430 = CARTESIAN_POINT('',(27.23267756262,19.963256973226,
    61.160314404992));
#1431 = CARTESIAN_POINT('',(27.138399582962,19.962085003856,
    61.138610603137));
#1432 = CARTESIAN_POINT('',(27.047843663564,19.9718031457,
    61.110900570604));
#1433 = CARTESIAN_POINT('',(26.960821837253,19.987852514026,
    61.072509455668));
#1434 = CARTESIAN_POINT('',(26.882294386816,20.006229887322,
    61.030969252264));
#1435 = CARTESIAN_POINT('',(26.806501389279,20.028108544719,
    60.984015483375));
#1436 = CARTESIAN_POINT('',(26.663312128572,20.07662141055,
    60.883402406112));
#1437 = CARTESIAN_POINT('',(26.595489658094,20.103417502564,
    60.829435116719));
#1438 = CARTESIAN_POINT('',(26.531294179293,20.13205353588,
    60.773080196821));
#1439 = CARTESIAN_POINT('',(26.470247804011,20.162280201316,
    60.714745372986));
#1440 = CARTESIAN_POINT('',(26.411813435576,20.19405577793,
    60.654439759251));
#1441 = CARTESIAN_POINT('',(26.35566828023,20.227303312631,
    60.59224063827));
#1442 = CARTESIAN_POINT('',(26.194595515274,20.33039677415,
    60.401799450866));
#1443 = CARTESIAN_POINT('',(26.09659318418,20.403811824535,
    60.269298683316));
#1444 = CARTESIAN_POINT('',(26.006353518222,20.481231148775,
    60.131990061199));
#1445 = CARTESIAN_POINT('',(25.923075209736,20.561949898407,
    59.9906664729));
#1446 = CARTESIAN_POINT('',(25.846409939515,20.645321092397,
    59.846019215002));
#1447 = CARTESIAN_POINT('',(25.776099825854,20.730836530839,
    59.698475633461));
#1448 = CARTESIAN_POINT('',(25.679372397471,20.861893297571,
    59.472817330469));
#1449 = CARTESIAN_POINT('',(25.648585607957,20.906062285266,
    59.396833730951));
#1450 = CARTESIAN_POINT('',(25.61924557507,20.950616514936,
    59.320211408669));
#1451 = CARTESIAN_POINT('',(25.591333594536,20.995481542168,
    59.243028179554));
#1452 = CARTESIAN_POINT('',(25.564821187795,21.040606634948,
    59.165314233061));
#1453 = CARTESIAN_POINT('',(25.539670102002,21.08596477366,
    59.087052132153));
#1454 = CARTESIAN_POINT('',(25.491994518046,21.177140528517,
    58.929301494473));
#1455 = CARTESIAN_POINT('',(25.469497726135,21.222911868424,
    58.849906892523));
#1456 = CARTESIAN_POINT('',(25.448339115304,21.268770091641,
    58.77011914265));
#1457 = CARTESIAN_POINT('',(25.428487093798,21.314690881765,
    58.689915880053));
#1458 = CARTESIAN_POINT('',(25.409904123639,21.3606683723,
    58.609237145245));
#1459 = CARTESIAN_POINT('',(25.392569547158,21.406661333763,
    58.528096289322));
#1460 = CARTESIAN_POINT('',(25.344368146295,21.544295414954,
    58.283880059135));
#1461 = CARTESIAN_POINT('',(25.317212343772,21.635803468471,
    58.119573979136));
#1462 = CARTESIAN_POINT('',(25.294937822773,21.726635173668,
    57.95408365943));
#1463 = CARTESIAN_POINT('',(25.277432314906,21.816364222345,
    57.787724651439));
#1464 = CARTESIAN_POINT('',(25.264578721251,21.90458432118,
    57.620775224881));
#1465 = CARTESIAN_POINT('',(25.256080436656,21.982480130355,
    57.443054151163));
#1466 = CARTESIAN_POINT('',(25.252396256088,22.07508042247,
    57.285780908343));
#1467 = CARTESIAN_POINT('',(27.324007654558,19.935002703839,
    60.898145576346));
#1468 = CARTESIAN_POINT('',(27.230252387601,19.934662900632,
    60.902129841986));
#1469 = CARTESIAN_POINT('',(27.139339004758,19.934492129533,
    60.884740058156));
#1470 = CARTESIAN_POINT('',(27.05187373376,19.944624778476,
    60.861153794343));
#1471 = CARTESIAN_POINT('',(26.967657419225,19.960826619806,
    60.827733550212));
#1472 = CARTESIAN_POINT('',(26.891320447038,19.979369418882,
    60.791236168436));
#1473 = CARTESIAN_POINT('',(26.817495099608,20.001336733124,
    60.74964231092));
#1474 = CARTESIAN_POINT('',(26.677604132216,20.050017741205,
    60.659966931601));
#1475 = CARTESIAN_POINT('',(26.611140246143,20.076881921457,
    60.611608927079));
#1476 = CARTESIAN_POINT('',(26.548030710249,20.105612289444,
    60.560880783802));
#1477 = CARTESIAN_POINT('',(26.487835786665,20.135970053839,
    60.508154460888));
#1478 = CARTESIAN_POINT('',(26.430060069907,20.167909374102,
    60.453443637212));
#1479 = CARTESIAN_POINT('',(26.374409309675,20.201351614105,
    60.396823648135));
#1480 = CARTESIAN_POINT('',(26.21432308163,20.30517555909,60.22290697048
    ));
#1481 = CARTESIAN_POINT('',(26.116344287497,20.379257404511,
    60.101181746435));
#1482 = CARTESIAN_POINT('',(26.025656089304,20.457514326007,
    59.974377308924));
#1483 = CARTESIAN_POINT('',(25.941569749737,20.539233616805,
    59.843256337465));
#1484 = CARTESIAN_POINT('',(25.8638196135,20.62375599409,59.708494115678
    ));
#1485 = CARTESIAN_POINT('',(25.792220164702,20.710550923704,
    59.57053001466));
#1486 = CARTESIAN_POINT('',(25.693374544007,20.843662455431,
    59.358863457228));
#1487 = CARTESIAN_POINT('',(25.66185052955,20.888537595703,
    59.287483844787));
#1488 = CARTESIAN_POINT('',(25.631750172298,20.933818802197,
    59.215401871844));
#1489 = CARTESIAN_POINT('',(25.603062690409,20.97942955283,
    59.14269571568));
#1490 = CARTESIAN_POINT('',(25.575767388774,21.025315366914,
    59.069399998064));
#1491 = CARTESIAN_POINT('',(25.549833659011,21.071443805154,
    58.99550578525));
#1492 = CARTESIAN_POINT('',(25.500608299926,21.164165134142,
    58.846415390707));
#1493 = CARTESIAN_POINT('',(25.477343741424,21.210714982287,
    58.771305506881));
#1494 = CARTESIAN_POINT('',(25.455431136209,21.257356854297,
    58.695754779039));
#1495 = CARTESIAN_POINT('',(25.43484565324,21.304060801091,
    58.619749979939));
#1496 = CARTESIAN_POINT('',(25.415556263059,21.350814025184,
    58.543243306332));
#1497 = CARTESIAN_POINT('',(25.397548202631,21.397570821561,
    58.466254872712));
#1498 = CARTESIAN_POINT('',(25.347439915384,21.537465912584,
    58.234415869851));
#1499 = CARTESIAN_POINT('',(25.319165669544,21.630425881515,
    58.078287417818));
#1500 = CARTESIAN_POINT('',(25.295969178061,21.722625079532,
    57.920940214534));
#1501 = CARTESIAN_POINT('',(25.277776588277,21.813607886023,
    57.762731845406));
#1502 = CARTESIAN_POINT('',(25.264504076521,21.902937182039,
    57.603986962425));
#1503 = CARTESIAN_POINT('',(25.25593058096,21.982379451923,
    57.436763275875));
#1504 = CARTESIAN_POINT('',(25.252396279237,22.07507993359,
    57.285780675825));
#1505 = CARTESIAN_POINT('',(27.318540841107,19.868477725297,
    60.646858816734));
#1506 = CARTESIAN_POINT('',(27.228284576508,19.870007043146,
    60.652330322431));
#1507 = CARTESIAN_POINT('',(27.140750265981,19.872674314333,
    60.640482074938));
#1508 = CARTESIAN_POINT('',(27.056383662117,19.884678426033,
    60.621616628356));
#1509 = CARTESIAN_POINT('',(26.974982911978,19.902477171901,
    60.593583031551));
#1510 = CARTESIAN_POINT('',(26.900918182097,19.922562696958,
    60.562474318267));
#1511 = CARTESIAN_POINT('',(26.829135231955,19.94594997194,
    60.526485075418));
#1512 = CARTESIAN_POINT('',(26.692720530122,19.997344668766,
    60.448097936233));
#1513 = CARTESIAN_POINT('',(26.627712571204,20.025493542433,
    60.405450583974));
#1514 = CARTESIAN_POINT('',(26.5657935548,20.055472419245,
    60.360396900564));
#1515 = CARTESIAN_POINT('',(26.506556200832,20.087053337006,
    60.313280727507));
#1516 = CARTESIAN_POINT('',(26.449540290081,20.120189693022,
    60.264122151726));
#1517 = CARTESIAN_POINT('',(26.394476555624,20.154804043677,
    60.212997360982));
#1518 = CARTESIAN_POINT('',(26.235638611604,20.262119624698,
    60.055260775944));
#1519 = CARTESIAN_POINT('',(26.137830297462,20.338484122561,
    59.94395194932));
#1520 = CARTESIAN_POINT('',(26.046797959241,20.418991772449,
    59.827186900282));
#1521 = CARTESIAN_POINT('',(25.961961787626,20.502944208496,
    59.705722234248));
#1522 = CARTESIAN_POINT('',(25.883141684486,20.589693161565,
    59.58023931267));
#1523 = CARTESIAN_POINT('',(25.81022911076,20.678711296682,
    59.451207284481));
#1524 = CARTESIAN_POINT('',(25.709173846131,20.815138927365,
    59.252515534099));
#1525 = CARTESIAN_POINT('',(25.676872832697,20.861115232965,
    59.185392729257));
#1526 = CARTESIAN_POINT('',(25.645964026243,20.907495722427,
    59.117498891239));
#1527 = CARTESIAN_POINT('',(25.616445421221,20.954204868518,
    59.048915021907));
#1528 = CARTESIAN_POINT('',(25.588304874329,21.001187861612,
    58.97968193679));
#1529 = CARTESIAN_POINT('',(25.561520104508,21.048410609693,
    58.909800265073));
#1530 = CARTESIAN_POINT('',(25.510597281389,21.143308867014,
    58.768660634131));
#1531 = CARTESIAN_POINT('',(25.486486019217,21.190943909845,
    58.697482663615));
#1532 = CARTESIAN_POINT('',(25.463736563742,21.238669921015,
    58.625821134482));
#1533 = CARTESIAN_POINT('',(25.442331697587,21.286455141858,
    58.55367289714));
#1534 = CARTESIAN_POINT('',(25.422247721548,21.334283935799,
    58.481002694204));
#1535 = CARTESIAN_POINT('',(25.403476847449,21.382109723257,
    58.407838798713));
#1536 = CARTESIAN_POINT('',(25.351195078102,21.525204303218,
    58.187428359637));
#1537 = CARTESIAN_POINT('',(25.321625366482,21.620275506503,
    58.038885627799));
#1538 = CARTESIAN_POINT('',(25.297340452387,21.714562647725,
    57.889144046985));
#1539 = CARTESIAN_POINT('',(25.278315328564,21.807608414436,
    57.738616859227));
#1540 = CARTESIAN_POINT('',(25.264510590391,21.898972851298,
    57.587687986572));
#1541 = CARTESIAN_POINT('',(25.255808243711,21.981770043627,
    57.431545469907));
#1542 = CARTESIAN_POINT('',(25.252396302385,22.075079444696,
    57.285780443335));
#1543 = CARTESIAN_POINT('',(27.31366931449,19.766769103131,
    60.410064328865));
#1544 = CARTESIAN_POINT('',(27.226909657515,19.771600278317,
    60.417336961425));
#1545 = CARTESIAN_POINT('',(27.142744763687,19.77898026567,
    60.411534782743));
#1546 = CARTESIAN_POINT('',(27.061461330721,19.794429513628,
    60.397592173537));
#1547 = CARTESIAN_POINT('',(26.982861813995,19.815343730906,
    60.375027030383));
#1548 = CARTESIAN_POINT('',(26.911090330152,19.838409495937,
    60.349346660016));
#1549 = CARTESIAN_POINT('',(26.841368037477,19.864585895572,
    60.318936705589));
#1550 = CARTESIAN_POINT('',(26.708482032513,19.921286929262,
    60.251701094858));
#1551 = CARTESIAN_POINT('',(26.644961375902,19.951945184933,
    60.214649890429));
#1552 = CARTESIAN_POINT('',(26.584268761846,19.984324347559,
    60.175123576685));
#1553 = CARTESIAN_POINT('',(26.52602667797,20.018209359485,
    60.133442812173));
#1554 = CARTESIAN_POINT('',(26.469807038829,20.053556487321,
    60.089635040243));
#1555 = CARTESIAN_POINT('',(26.415363821884,20.09029287198,
    60.043778905037));
#1556 = CARTESIAN_POINT('',(26.257869466715,20.203762492204,
    59.901488192403));
#1557 = CARTESIAN_POINT('',(26.160285464573,20.283936371024,
    59.800029226554));
#1558 = CARTESIAN_POINT('',(26.06894581175,20.368000017293,
    59.692674333231));
#1559 = CARTESIAN_POINT('',(25.98337724442,20.455296227382,
    59.58018846934));
#1560 = CARTESIAN_POINT('',(25.903485801078,20.5452151885,
    59.463272166175));
#1561 = CARTESIAN_POINT('',(25.829241503381,20.637261375245,
    59.342434710163));
#1562 = CARTESIAN_POINT('',(25.725923803766,20.778049981654,
    59.155583630363));
#1563 = CARTESIAN_POINT('',(25.692824091647,20.825448817423,
    59.09233464237));
#1564 = CARTESIAN_POINT('',(25.661081328254,20.873226373346,
    59.028242823054));
#1565 = CARTESIAN_POINT('',(25.630702591496,20.921311640328,
    58.963393415332));
#1566 = CARTESIAN_POINT('',(25.601684609553,20.969653180325,
    58.897834441634));
#1567 = CARTESIAN_POINT('',(25.574013760873,21.018219126343,
    58.831576703904));
#1568 = CARTESIAN_POINT('',(25.521318387481,21.115775238536,
    58.697610863295));
#1569 = CARTESIAN_POINT('',(25.496320438586,21.164727182797,
    58.629977200601));
#1570 = CARTESIAN_POINT('',(25.472692141294,21.21376367363,
    58.561819834187));
#1571 = CARTESIAN_POINT('',(25.450424310733,21.262855052358,
    58.493146242261));
#1572 = CARTESIAN_POINT('',(25.429501021035,21.311986889823,
    58.423933963983));
#1573 = CARTESIAN_POINT('',(25.409921962992,21.361115532976,
    58.354220220864));
#1574 = CARTESIAN_POINT('',(25.355330479225,21.508139888504,
    58.144134172807));
#1575 = CARTESIAN_POINT('',(25.32437417676,21.605848942657,
    58.00246308073));
#1576 = CARTESIAN_POINT('',(25.298913790476,21.702820145065,
    57.859642876042));
#1577 = CARTESIAN_POINT('',(25.278978050624,21.798624337486,
    57.716150009003));
#1578 = CARTESIAN_POINT('',(25.264577369254,21.892848776923,
    57.572434800299));
#1579 = CARTESIAN_POINT('',(25.255707507744,21.980474830304,
    57.427173183308));
#1580 = CARTESIAN_POINT('',(25.252396325228,22.075078928632,
    57.285780197987));
#1581 = CARTESIAN_POINT('',(27.3052920506,19.499965359094,59.97498468315
    ));
#1582 = CARTESIAN_POINT('',(27.225502610353,19.514359815545,
    59.985740238174));
#1583 = CARTESIAN_POINT('',(27.148012278799,19.534338710793,
    59.991546861226));
#1584 = CARTESIAN_POINT('',(27.072818510358,19.559509354029,
    59.986964627882));
#1585 = CARTESIAN_POINT('',(26.999745438803,19.589335900901,
    59.97474828879));
#1586 = CARTESIAN_POINT('',(26.93248240123,19.620897375749,
    59.959322711027));
#1587 = CARTESIAN_POINT('',(26.866806494551,19.655047788415,
    59.939425974285));
#1588 = CARTESIAN_POINT('',(26.740834823104,19.72688460946,
    59.893163436141));
#1589 = CARTESIAN_POINT('',(26.680221220528,19.764689071422,
    59.866616369206));
#1590 = CARTESIAN_POINT('',(26.621917476021,19.803867704444,
    59.837446654153));
#1591 = CARTESIAN_POINT('',(26.565606234725,19.84423708868,
    59.80593239392));
#1592 = CARTESIAN_POINT('',(26.510924476106,19.885765189934,
    59.772115223132));
#1593 = CARTESIAN_POINT('',(26.457672828053,19.928394284783,
    59.736078886584));
#1594 = CARTESIAN_POINT('',(26.302728986823,20.058803087525,
    59.62252568002));
#1595 = CARTESIAN_POINT('',(26.205518960049,20.14926348279,
    59.539323030534));
#1596 = CARTESIAN_POINT('',(26.113507253107,20.242735041436,
    59.449342440485));
#1597 = CARTESIAN_POINT('',(26.026431427555,20.338690968305,
    59.353369973299));
#1598 = CARTESIAN_POINT('',(25.944366306251,20.436646700109,
    59.252147657128));
#1599 = CARTESIAN_POINT('',(25.867436125555,20.536218902402,
    59.146265957343));
#1600 = CARTESIAN_POINT('',(25.7595719685,20.687667248625,
    58.980951394896));
#1601 = CARTESIAN_POINT('',(25.724869849613,20.738512564093,
    58.924735909302));
#1602 = CARTESIAN_POINT('',(25.691455646752,20.789647245504,
    58.867535126492));
#1603 = CARTESIAN_POINT('',(25.659354123161,20.841015417804,
    58.809442882225));
#1604 = CARTESIAN_POINT('',(25.628579489435,20.892578498344,
    58.750521513788));
#1605 = CARTESIAN_POINT('',(25.599135403519,20.944315196871,58.69080186)
  );
#1606 = CARTESIAN_POINT('',(25.542894537898,21.048127834194,
    58.569764662413));
#1607 = CARTESIAN_POINT('',(25.516123449454,21.100170028166,
    58.508510848985));
#1608 = CARTESIAN_POINT('',(25.490737507678,21.152276085946,
    58.446653775746));
#1609 = CARTESIAN_POINT('',(25.466743559673,21.204426690571,
    58.384221868269));
#1610 = CARTESIAN_POINT('',(25.444141352525,21.256615979612,
    58.321217853594));
#1611 = CARTESIAN_POINT('',(25.422945388467,21.308812305156,
    58.257696590953));
#1612 = CARTESIAN_POINT('',(25.363729563263,21.46513237112,
    58.06613552558));
#1613 = CARTESIAN_POINT('',(25.329994140217,21.569141597689,
    57.936790534458));
#1614 = CARTESIAN_POINT('',(25.302171977987,21.672621661697,
    57.806393000761));
#1615 = CARTESIAN_POINT('',(25.280397970652,21.775249053449,
    57.675543723067));
#1616 = CARTESIAN_POINT('',(25.264781446254,21.87671486813,
    57.544823528812));
#1617 = CARTESIAN_POINT('',(25.255537404046,21.976158643278,
    57.419664548949));
#1618 = CARTESIAN_POINT('',(25.252396369697,22.07507778785,
    57.285779655803));
#1619 = CARTESIAN_POINT('',(27.301790599775,19.334691038615,
    59.776826371498));
#1620 = CARTESIAN_POINT('',(27.225474609691,19.35535648204,
    59.789259757525));
#1621 = CARTESIAN_POINT('',(27.151289124932,19.383236735093,
    59.800620949065));
#1622 = CARTESIAN_POINT('',(27.079101640627,19.41469483641,
    59.800470672875));
#1623 = CARTESIAN_POINT('',(27.008753583592,19.450328703381,
    59.793129408468));
#1624 = CARTESIAN_POINT('',(26.943705560767,19.487415402716,
    59.782525297879));
#1625 = CARTESIAN_POINT('',(26.880015208392,19.526759781024,
    59.767557788715));
#1626 = CARTESIAN_POINT('',(26.757428846666,19.608442912092,
    59.731107928203));
#1627 = CARTESIAN_POINT('',(26.698234843118,19.650891980607,
    59.709464686119));
#1628 = CARTESIAN_POINT('',(26.641093423375,19.694476962867,
    59.685120291324));
#1629 = CARTESIAN_POINT('',(26.585717621898,19.739033202173,
    59.658333461715));
#1630 = CARTESIAN_POINT('',(26.531777348794,19.784537524107,
    59.629152654377));
#1631 = CARTESIAN_POINT('',(26.479096637495,19.830942786264,
    59.597664245986));
#1632 = CARTESIAN_POINT('',(26.32535940232,19.97215171146,
    59.497393647669));
#1633 = CARTESIAN_POINT('',(26.228298859338,20.069097236003,
    59.422592262784));
#1634 = CARTESIAN_POINT('',(26.13592226244,20.168426951212,
    59.340571356151));
#1635 = CARTESIAN_POINT('',(26.048071449107,20.269703547234,
    59.252129647111));
#1636 = CARTESIAN_POINT('',(25.964903885962,20.372529493023,
    59.158031391718));
#1637 = CARTESIAN_POINT('',(25.886619459377,20.476602074583,
    59.058907997677));
#1638 = CARTESIAN_POINT('',(25.77647116944,20.634351612535,
    58.903285460117));
#1639 = CARTESIAN_POINT('',(25.740965308972,20.687221487516,
    58.850228468707));
#1640 = CARTESIAN_POINT('',(25.7067135929,20.740316668592,
    58.796115582542));
#1641 = CARTESIAN_POINT('',(25.673749385847,20.793591926497,
    58.741044976779));
#1642 = CARTESIAN_POINT('',(25.642095508845,20.847018192277,
    58.68508608427));
#1643 = CARTESIAN_POINT('',(25.611764239332,20.900582557283,
    58.62827959556));
#1644 = CARTESIAN_POINT('',(25.553750382972,21.007993989069,
    58.51299532221));
#1645 = CARTESIAN_POINT('',(25.526092818137,21.061809543613,
    58.454576106645));
#1646 = CARTESIAN_POINT('',(25.499828050461,21.115674681048,
    58.395514228545));
#1647 = CARTESIAN_POINT('',(25.474970926019,21.169578356017,
    58.335848420651));
#1648 = CARTESIAN_POINT('',(25.451529091019,21.223522095286,
    58.275593788955));
#1649 = CARTESIAN_POINT('',(25.429524379672,21.277483359435,
    58.214813869544));
#1650 = CARTESIAN_POINT('',(25.367993846824,21.43916999484,
    58.031450317315));
#1651 = CARTESIAN_POINT('',(25.332865833671,21.546842364465,
    57.907557569848));
#1652 = CARTESIAN_POINT('',(25.303857296712,21.654148687929,
    57.782658849171));
#1653 = CARTESIAN_POINT('',(25.281155552386,21.760843188956,
    57.657415994835));
#1654 = CARTESIAN_POINT('',(25.264919024075,21.866693827652,
    57.532473843274));
#1655 = CARTESIAN_POINT('',(25.255468036314,21.973137669575,
    57.416528201189));
#1656 = CARTESIAN_POINT('',(25.252396391322,22.075077163131,
    57.285779358966));
#1657 = CARTESIAN_POINT('',(27.29908705845,19.141907214872,
    59.604054063079));
#1658 = CARTESIAN_POINT('',(27.226223970073,19.170355601781,
    59.617730018246));
#1659 = CARTESIAN_POINT('',(27.155287788506,19.207397617401,
    59.633607145544));
#1660 = CARTESIAN_POINT('',(27.086044964172,19.246375803442,
    59.637175352486));
#1661 = CARTESIAN_POINT('',(27.018359783594,19.288956134322,
    59.63401325575));
#1662 = CARTESIAN_POINT('',(26.955427274491,19.332643197967,
    59.627563198382));
#1663 = CARTESIAN_POINT('',(26.893628831902,19.378186619239,
    59.616879182361));
#1664 = CARTESIAN_POINT('',(26.774231370064,19.471605495018,
    59.588997600548));
#1665 = CARTESIAN_POINT('',(26.716357576916,19.51958241545,
    59.57165910482));
#1666 = CARTESIAN_POINT('',(26.660278197464,19.568402320997,
    59.551563687077));
#1667 = CARTESIAN_POINT('',(26.605739967856,19.617923024944,
    59.528949549432));
#1668 = CARTESIAN_POINT('',(26.552449578867,19.668132495295,
    59.50387049509));
#1669 = CARTESIAN_POINT('',(26.500256370294,19.718996698776,
    59.476414110128));
#1670 = CARTESIAN_POINT('',(26.347492335481,19.872928936957,
    59.387931615562));
#1671 = CARTESIAN_POINT('',(26.250451826051,19.977473375225,
    59.320605395216));
#1672 = CARTESIAN_POINT('',(26.157615109111,20.083627383921,
    59.245678539774));
#1673 = CARTESIAN_POINT('',(26.068928416369,20.191064029309,
    59.163952351354));
#1674 = CARTESIAN_POINT('',(25.984627791239,20.299493334898,
    59.076203327981));
#1675 = CARTESIAN_POINT('',(25.904984280879,20.408712796707,
    58.983094312899));
#1676 = CARTESIAN_POINT('',(25.792581551912,20.573630449432,
    58.83608130939));
#1677 = CARTESIAN_POINT('',(25.756288135774,20.628796585466,
    58.785827779696));
#1678 = CARTESIAN_POINT('',(25.721220383264,20.684109385691,
    58.734452049769));
#1679 = CARTESIAN_POINT('',(25.687419471808,20.739536794624,
    58.68205532205));
#1680 = CARTESIAN_POINT('',(25.654916252826,20.795061622239,
    58.62871300647));
#1681 = CARTESIAN_POINT('',(25.62373125172,20.850681543962,
    58.574474720444));
#1682 = CARTESIAN_POINT('',(25.564018084044,20.962136657391,
    58.464253857303));
#1683 = CARTESIAN_POINT('',(25.535513751913,21.017942889246,
    58.408324314527));
#1684 = CARTESIAN_POINT('',(25.508411681076,21.07378198107,
    58.351710875367));
#1685 = CARTESIAN_POINT('',(25.482734264867,21.129653344804,
    58.294461714962));
#1686 = CARTESIAN_POINT('',(25.458496732009,21.185567955305,
    58.236603655977));
#1687 = CARTESIAN_POINT('',(25.435727598238,21.241514686145,
    58.178207855816));
#1688 = CARTESIAN_POINT('',(25.372012157364,21.409250563954,
    58.001950769862));
#1689 = CARTESIAN_POINT('',(25.33557572918,21.521067844583,
    57.882759469238));
#1690 = CARTESIAN_POINT('',(25.305456028089,21.632727970946,
    57.762575891735));
#1691 = CARTESIAN_POINT('',(25.281886591001,21.744082022431,
    57.642113247031));
#1692 = CARTESIAN_POINT('',(25.265068823042,21.854993816999,
    57.522070910365));
#1693 = CARTESIAN_POINT('',(25.255408435536,21.96907674052,
    57.413782272899));
#1694 = CARTESIAN_POINT('',(25.252396412033,22.075076456928,
    57.285779023498));
#1695 = CARTESIAN_POINT('',(27.297235878885,18.923022190039,
    59.459396908357));
#1696 = CARTESIAN_POINT('',(27.227793671602,18.960719880057,
    59.473381508429));
#1697 = CARTESIAN_POINT('',(27.160027783486,19.007885563747,
    59.491947670045));
#1698 = CARTESIAN_POINT('',(27.093643764197,19.055418036475,
    59.498007875166));
#1699 = CARTESIAN_POINT('',(27.028534436318,19.105872930339,
    59.497894483693));
#1700 = CARTESIAN_POINT('',(26.967556882529,19.157039279591,
    59.494541000024));
#1701 = CARTESIAN_POINT('',(26.907500117519,19.209595781911,
    59.487156806805));
#1702 = CARTESIAN_POINT('',(26.790969778852,19.31628177693,
    59.466006601099));
#1703 = CARTESIAN_POINT('',(26.734251114614,19.370501615532,
    59.45212055798));
#1704 = CARTESIAN_POINT('',(26.679065251033,19.425231462403,
    59.435480233375));
#1705 = CARTESIAN_POINT('',(26.625198932062,19.480355857083,
    59.4162987624));
#1706 = CARTESIAN_POINT('',(26.572402922944,19.535875251969,
    59.394632217906));
#1707 = CARTESIAN_POINT('',(26.520555583082,19.591770552798,
    59.370566071881));
#1708 = CARTESIAN_POINT('',(26.368368150634,19.760061871816,
    59.292072826796));
#1709 = CARTESIAN_POINT('',(26.271127857718,19.873185076768,
    59.231192269138));
#1710 = CARTESIAN_POINT('',(26.177671476353,19.987048112174,
    59.162474762326));
#1711 = CARTESIAN_POINT('',(26.088050941306,20.101450215789,
    59.086698766545));
#1712 = CARTESIAN_POINT('',(26.002574422712,20.216223897646,
    59.004628394693));
#1713 = CARTESIAN_POINT('',(25.921576542848,20.331279812743,
    58.916935383326));
#1714 = CARTESIAN_POINT('',(25.806994617931,20.504337544242,
    58.777713903767));
#1715 = CARTESIAN_POINT('',(25.769950260338,20.56211325897,
    58.730004920268));
#1716 = CARTESIAN_POINT('',(25.734112968329,20.619948422452,
    58.68111762928));
#1717 = CARTESIAN_POINT('',(25.699530388204,20.677825917059,
    58.631153196345));
#1718 = CARTESIAN_POINT('',(25.66624036437,20.735741863013,
    58.580190436393));
#1719 = CARTESIAN_POINT('',(25.634270939328,20.793705618379,
    58.528285813739));
#1720 = CARTESIAN_POINT('',(25.573009768039,20.909773939763,
    58.422661070438));
#1721 = CARTESIAN_POINT('',(25.543739858979,20.96785274385,
    58.368987508893));
#1722 = CARTESIAN_POINT('',(25.515885405058,21.025946882623,
    58.314585044201));
#1723 = CARTESIAN_POINT('',(25.489475452395,21.084067282781,
    58.259509333878));
#1724 = CARTESIAN_POINT('',(25.464532108281,21.142235166099,
    58.203797410746));
#1725 = CARTESIAN_POINT('',(25.441089334774,21.200452109069,
    58.147525687467));
#1726 = CARTESIAN_POINT('',(25.375456557355,21.375106089549,
    57.977552508299));
#1727 = CARTESIAN_POINT('',(25.337886610079,21.491664070646,
    57.862462945464));
#1728 = CARTESIAN_POINT('',(25.306814996646,21.608302021412,
    57.746322302949));
#1729 = CARTESIAN_POINT('',(25.28250966567,21.724979507072,
    57.629873776294));
#1730 = CARTESIAN_POINT('',(25.265203074938,21.841667538305,
    57.51385040775));
#1731 = CARTESIAN_POINT('',(25.255352684547,21.963798780949,
    57.411199214129));
#1732 = CARTESIAN_POINT('',(25.252396431525,22.075075642084,
    57.285778636514));
#1733 = CARTESIAN_POINT('',(27.296337057286,18.687727833689,
    59.350022255081));
#1734 = CARTESIAN_POINT('',(27.230277252544,18.73541583423,
    59.362901761092));
#1735 = CARTESIAN_POINT('',(27.165582151787,18.792449641491,
    59.381400556837));
#1736 = CARTESIAN_POINT('',(27.101950232751,18.848655670339,
    59.388149776002));
#1737 = CARTESIAN_POINT('',(27.039307842495,18.907038071476,
    59.389455130898));
#1738 = CARTESIAN_POINT('',(26.98006625177,18.965752572629,
    59.387684340804));
#1739 = CARTESIAN_POINT('',(26.92154661281,19.0253794677,59.382210694066
    ));
#1740 = CARTESIAN_POINT('',(26.807440111435,19.145466572255,
    59.36522456578));
#1741 = CARTESIAN_POINT('',(26.75164739111,19.206002579229,
    59.353615243909));
#1742 = CARTESIAN_POINT('',(26.697119544557,19.266734093369,
    59.339347148221));
#1743 = CARTESIAN_POINT('',(26.643692639071,19.32757506195,
    59.322600434041));
#1744 = CARTESIAN_POINT('',(26.591172267597,19.388536698816,
    59.303428826156));
#1745 = CARTESIAN_POINT('',(26.53947135048,19.449613856139,
    59.281910516872));
#1746 = CARTESIAN_POINT('',(26.387301110735,19.63278647625,
    59.211076158455));
#1747 = CARTESIAN_POINT('',(26.289550059625,19.754925235114,
    59.155352994075));
#1748 = CARTESIAN_POINT('',(26.195248445017,19.877016114313,
    59.091782241817));
#1749 = CARTESIAN_POINT('',(26.104556529445,19.998978229155,
    59.021079214858));
#1750 = CARTESIAN_POINT('',(26.017845901956,20.120758923927,
    58.943956843883));
#1751 = CARTESIAN_POINT('',(25.935504203191,20.242371327104,
    58.861060652298));
#1752 = CARTESIAN_POINT('',(25.81885767412,20.424712196292,
    58.72882527102));
#1753 = CARTESIAN_POINT('',(25.781117246291,20.48548860301,
    58.683413677051));
#1754 = CARTESIAN_POINT('',(25.744579671796,20.546246715368,
    58.636783438959));
#1755 = CARTESIAN_POINT('',(25.709297182192,20.606983229507,
    58.58903092803));
#1756 = CARTESIAN_POINT('',(25.675313135795,20.667705949065,
    58.540234397426));
#1757 = CARTESIAN_POINT('',(25.64266201767,20.728433785164,
    58.490453982177));
#1758 = CARTESIAN_POINT('',(25.580076861606,20.849959727686,
    58.389009416188));
#1759 = CARTESIAN_POINT('',(25.55016156257,20.910736241377,
    58.337383841762));
#1760 = CARTESIAN_POINT('',(25.521680547846,20.971512817895,
    58.284978603449));
#1761 = CARTESIAN_POINT('',(25.494668194769,21.032309703719,
    58.231853844788));
#1762 = CARTESIAN_POINT('',(25.469152413597,21.093155782047,
    58.178054516888));
#1763 = CARTESIAN_POINT('',(25.445170808403,21.154063483418,
    58.123658669996));
#1764 = CARTESIAN_POINT('',(25.378018897106,21.336884122215,
    57.959159895265));
#1765 = CARTESIAN_POINT('',(25.339576496016,21.458993297006,
    57.847553947421));
#1766 = CARTESIAN_POINT('',(25.307792045978,21.581384936967,
    57.734727248376));
#1767 = CARTESIAN_POINT('',(25.282950617027,21.704114237374,
    57.621420353029));
#1768 = CARTESIAN_POINT('',(25.265298100389,21.827246084536,
    57.50836816846));
#1769 = CARTESIAN_POINT('',(25.255294866182,21.9571267157,
    57.408551474929));
#1770 = CARTESIAN_POINT('',(25.252396449495,22.07507469144,
    57.285778185126));
#1771 = CARTESIAN_POINT('',(27.296348580708,18.439052844225,
    59.275072801493));
#1772 = CARTESIAN_POINT('',(27.233633809885,18.496797089858,
    59.285290902713));
#1773 = CARTESIAN_POINT('',(27.171901503028,18.562510086005,
    59.300632167656));
#1774 = CARTESIAN_POINT('',(27.11090299568,18.626755049666,
    59.306116304546));
#1775 = CARTESIAN_POINT('',(27.050605019394,18.692399913673,
    59.307110341619));
#1776 = CARTESIAN_POINT('',(26.992829688663,18.758074825532,
    59.305326413631));
#1777 = CARTESIAN_POINT('',(26.935595491876,18.824222584735,
    59.300318992292));
#1778 = CARTESIAN_POINT('',(26.823361381876,18.956740368336,
    59.28485470076));
#1779 = CARTESIAN_POINT('',(26.768207479113,19.02316705523,
    59.274327824062));
#1780 = CARTESIAN_POINT('',(26.714040849719,19.089548500682,
    59.261343225385));
#1781 = CARTESIAN_POINT('',(26.660759232927,19.155829323508,
    59.246037859776));
#1782 = CARTESIAN_POINT('',(26.608237285713,19.222026868264,
    59.2284579989));
#1783 = CARTESIAN_POINT('',(26.556429882441,19.288146275639,
    59.208668601562));
#1784 = CARTESIAN_POINT('',(26.403566478638,19.485994107249,
    59.143250849563));
#1785 = CARTESIAN_POINT('',(26.304908870028,19.617288491811,
    59.091480843276));
#1786 = CARTESIAN_POINT('',(26.209475374545,19.747997248159,
    59.032097333897));
#1787 = CARTESIAN_POINT('',(26.117538712283,19.878132242875,
    58.965705733209));
#1788 = CARTESIAN_POINT('',(26.029523114839,20.007726674987,
    58.8929232537));
#1789 = CARTESIAN_POINT('',(25.945855902581,20.13686308345,
    58.814329965999));
#1790 = CARTESIAN_POINT('',(25.827300641594,20.330120490233,
    58.688464801484));
#1791 = CARTESIAN_POINT('',(25.788937757994,20.394471865765,
    58.645167159911));
#1792 = CARTESIAN_POINT('',(25.751792270329,20.458753831636,
    58.600625908588));
#1793 = CARTESIAN_POINT('',(25.715918595756,20.522973042643,
    58.554927227913));
#1794 = CARTESIAN_POINT('',(25.681363709396,20.587144457977,
    58.508144501697));
#1795 = CARTESIAN_POINT('',(25.648167144318,20.651291341224,
    58.460338317163));
#1796 = CARTESIAN_POINT('',(25.584554838787,20.7795991795,
    58.362774612736));
#1797 = CARTESIAN_POINT('',(25.554153346563,20.843744008025,
    58.313045611753));
#1798 = CARTESIAN_POINT('',(25.525212493006,20.90787883199,
    58.26247774852));
#1799 = CARTESIAN_POINT('',(25.497770261653,20.972027927339,
    58.211132673785));
#1800 = CARTESIAN_POINT('',(25.471858942115,21.036222026013,
    58.159061233604));
#1801 = CARTESIAN_POINT('',(25.447517430726,21.100479582042,
    58.106339300418));
#1802 = CARTESIAN_POINT('',(25.379375732152,21.293404948879,
    57.946632211574));
#1803 = CARTESIAN_POINT('',(25.340408769022,21.422299155119,
    57.837963211743));
#1804 = CARTESIAN_POINT('',(25.30823154375,21.551584185083,
    57.727777033744));
#1805 = CARTESIAN_POINT('',(25.28312366518,21.681374779334,
    57.616776154175));
#1806 = CARTESIAN_POINT('',(25.265321337823,21.811792987752,
    57.505663043433));
#1807 = CARTESIAN_POINT('',(25.255229063277,21.94888346961,
    57.40561150535));
#1808 = CARTESIAN_POINT('',(25.252396465636,22.075073577842,
    57.285777656449));
#1809 = CARTESIAN_POINT('',(27.297306707819,18.183191834871,
    59.237960533275));
#1810 = CARTESIAN_POINT('',(27.237909438869,18.250006032085,
    59.244081706415));
#1811 = CARTESIAN_POINT('',(27.178944616643,18.317524189758,
    59.24773338783));
#1812 = CARTESIAN_POINT('',(27.120414000811,18.385580489841,
    59.24900001355));
#1813 = CARTESIAN_POINT('',(27.062265045102,18.454145877878,
    59.247893612876));
#1814 = CARTESIAN_POINT('',(27.00506526623,18.522831349667,
    59.244575393093));
#1815 = CARTESIAN_POINT('',(26.948288214299,18.591756314834,
    59.239043025871));
#1816 = CARTESIAN_POINT('',(26.835993253113,18.729872721542,
    59.223684142512));
#1817 = CARTESIAN_POINT('',(26.780430102276,18.79908005445,
    59.213851058509));
#1818 = CARTESIAN_POINT('',(26.725505999353,18.86837197892,
    59.201925501796));
#1819 = CARTESIAN_POINT('',(26.671236159409,18.937728172616,
    59.187949767011));
#1820 = CARTESIAN_POINT('',(26.617628048997,19.007148713335,
    59.171959264155));
#1821 = CARTESIAN_POINT('',(26.564713140737,19.076630263471,
    59.153994508942));
#1822 = CARTESIAN_POINT('',(26.408309722226,19.285166236553,
    59.094350321516));
#1823 = CARTESIAN_POINT('',(26.307114563169,19.424333392614,
    59.046913574138));
#1824 = CARTESIAN_POINT('',(26.209333058161,19.563610720896,
    58.992141529059));
#1825 = CARTESIAN_POINT('',(26.115384864185,19.70296342639,
    58.930429898653));
#1826 = CARTESIAN_POINT('',(26.025716819054,19.842362757967,
    58.862218475914));
#1827 = CARTESIAN_POINT('',(25.940750332696,19.981793845471,
    58.787978160743));
#1828 = CARTESIAN_POINT('',(25.820868001308,20.190998382489,
    58.668307899011));
#1829 = CARTESIAN_POINT('',(25.782167196973,20.260744776824,
    58.627029267452));
#1830 = CARTESIAN_POINT('',(25.744779220628,20.330497513612,
    58.584431503451));
#1831 = CARTESIAN_POINT('',(25.708752101775,20.400253715924,
    58.540582881709));
#1832 = CARTESIAN_POINT('',(25.674129044236,20.470012836113,
    58.495550539759));
#1833 = CARTESIAN_POINT('',(25.640948426138,20.539776655811,
    58.449400477966));
#1834 = CARTESIAN_POINT('',(25.577539173712,20.679321916052,
    58.354994641081));
#1835 = CARTESIAN_POINT('',(25.547316131437,20.749098837841,
    58.306745361522));
#1836 = CARTESIAN_POINT('',(25.518617732366,20.8188750618,
    58.257529336699));
#1837 = CARTESIAN_POINT('',(25.491477741683,20.888652657233,
    58.207415859476));
#1838 = CARTESIAN_POINT('',(25.46592556916,20.958435503968,
    58.156472889421));
#1839 = CARTESIAN_POINT('',(25.441991207817,21.028224044067,
    58.104776042481));
#1840 = CARTESIAN_POINT('',(25.375148102153,21.237582012521,
    57.94770065709));
#1841 = CARTESIAN_POINT('',(25.337179049365,21.377164434202,
    57.84030061407));
#1842 = CARTESIAN_POINT('',(25.30603335949,21.516751291939,
    57.730849395056));
#1843 = CARTESIAN_POINT('',(25.281886237113,21.656336947158,
    57.62000364307));
#1844 = CARTESIAN_POINT('',(25.264859426579,21.795917828442,
    57.508432346599));
#1845 = CARTESIAN_POINT('',(25.255022886667,21.935494347863,
    57.396804588614));
#1846 = CARTESIAN_POINT('',(25.252396499746,22.07507151364,57.2857766763
    ));
#1847 = CARTESIAN_POINT('',(27.29913412175,17.928387340207,
    59.237917305775));
#1848 = CARTESIAN_POINT('',(27.243049937873,18.002435258296,
    59.239243977859));
#1849 = CARTESIAN_POINT('',(27.186922333354,18.076483384613,
    59.238735402669));
#1850 = CARTESIAN_POINT('',(27.130823390841,18.150531393576,
    59.236389720458));
#1851 = CARTESIAN_POINT('',(27.074825265183,18.224579394163,
    59.23220881584));
#1852 = CARTESIAN_POINT('',(27.018999966237,18.298627386717,
    59.226198065258));
#1853 = CARTESIAN_POINT('',(26.963419123897,18.372675371574,
    59.218366371233));
#1854 = CARTESIAN_POINT('',(26.852888395952,18.520771326577,
    59.19908587389));
#1855 = CARTESIAN_POINT('',(26.797938509907,18.594819296723,
    59.187637072237));
#1856 = CARTESIAN_POINT('',(26.74337512521,18.668867259852,
    59.174392099998));
#1857 = CARTESIAN_POINT('',(26.689268653593,18.742915216304,
    59.159366840074));
#1858 = CARTESIAN_POINT('',(26.635688672033,18.816963166419,
    59.142580613925));
#1859 = CARTESIAN_POINT('',(26.582703699695,18.891011110536,
    59.124056119628));
#1860 = CARTESIAN_POINT('',(26.425735525201,19.113154925912,
    59.063345870543));
#1861 = CARTESIAN_POINT('',(26.323739010753,19.261250780195,
    59.01602343724));
#1862 = CARTESIAN_POINT('',(26.224929566901,19.409346614561,
    58.962059757011));
#1863 = CARTESIAN_POINT('',(26.129824443173,19.557442431725,
    58.901716143503));
#1864 = CARTESIAN_POINT('',(26.038913757631,19.705538234404,
    58.835303574214));
#1865 = CARTESIAN_POINT('',(25.95265425126,19.853634025313,
    58.763178727686));
#1866 = CARTESIAN_POINT('',(25.830867437903,20.075777698096,
    58.647020667196));
#1867 = CARTESIAN_POINT('',(25.791538846285,20.149825586761,
    58.606972739132));
#1868 = CARTESIAN_POINT('',(25.753529623293,20.223873473502,
    58.56564620111));
#1869 = CARTESIAN_POINT('',(25.716889444755,20.297921358658,
    58.523093325319));
#1870 = CARTESIAN_POINT('',(25.681665306542,20.371969242569,
    58.479368691527));
#1871 = CARTESIAN_POINT('',(25.647901524558,20.446017125575,
    58.434529187079));
#1872 = CARTESIAN_POINT('',(25.583377944948,20.594112890456,
    58.342738826726));
#1873 = CARTESIAN_POINT('',(25.552618071622,20.66816077233,
    58.295787882861));
#1874 = CARTESIAN_POINT('',(25.52340158024,20.742208653979,
    58.247840152137));
#1875 = CARTESIAN_POINT('',(25.495767028503,20.816256535739,
    58.198956654081));
#1876 = CARTESIAN_POINT('',(25.469749952426,20.890304417954,
    58.149200249393));
#1877 = CARTESIAN_POINT('',(25.445382752405,20.96435230096,
    58.098635438409));
#1878 = CARTESIAN_POINT('',(25.377318233072,21.186495953373,
    57.94471360192));
#1879 = CARTESIAN_POINT('',(25.338657893729,21.334591726175,
    57.839129196115));
#1880 = CARTESIAN_POINT('',(25.306947223539,21.482687506221,
    57.731102318295));
#1881 = CARTESIAN_POINT('',(25.282367196468,21.630783296224,
    57.621183495826));
#1882 = CARTESIAN_POINT('',(25.265044483998,21.778879098903,
    57.509939188894));
#1883 = CARTESIAN_POINT('',(25.255049835189,21.926975134255,
    57.397944675255));
#1884 = CARTESIAN_POINT('',(25.252396491215,22.075070753149,
    57.285776315681));
#1885 = DEFINITIONAL_REPRESENTATION('',(#1886),#1889);
#1886 = B_SPLINE_CURVE_WITH_KNOTS('',1,(#1887,#1888),.UNSPECIFIED.,.F.,
  .F.,(2,2),(0.,1.),.PIECEWISE_BEZIER_KNOTS.);
#1887 = CARTESIAN_POINT('',(0.,0.));
#1888 = CARTESIAN_POINT('',(0.,1.));
#1889 = ( GEOMETRIC_REPRESENTATION_CONTEXT(2) 
PARAMETRIC_REPRESENTATION_CONTEXT() REPRESENTATION_CONTEXT('2D SPACE',''
  ) );
#1890 = ORIENTED_EDGE('',*,*,#43,.T.);
#1891 = ORIENTED_EDGE('',*,*,#1892,.T.);
#1892 = EDGE_CURVE('',#46,#394,#1893,.T.);
#1893 = SURFACE_CURVE('',#1894,(#1899,#1928),.PCURVE_S1.);
#1894 = B_SPLINE_CURVE_WITH_KNOTS('',3,(#1895,#1896,#1897,#1898),
  .UNSPECIFIED.,.F.,.F.,(4,4),(-0.591413318189,-5.031954223233E-02),
  .PIECEWISE_BEZIER_KNOTS.);
#1895 = CARTESIAN_POINT('',(24.929595930989,27.979323843751,
    43.639586687954));
#1896 = CARTESIAN_POINT('',(26.765278616524,28.056408272809,
    43.596163590652));
#1897 = CARTESIAN_POINT('',(28.45947588217,28.049228736951,
    43.55608733276));
#1898 = CARTESIAN_POINT('',(30.242268854604,27.978520431854,
    43.513915342295));
#1899 = PCURVE('',#68,#1900);
#1900 = DEFINITIONAL_REPRESENTATION('',(#1901),#1927);
#1901 = B_SPLINE_CURVE_WITH_KNOTS('',3,(#1902,#1903,#1904,#1905,#1906,
    #1907,#1908,#1909,#1910,#1911,#1912,#1913,#1914,#1915,#1916,#1917,
    #1918,#1919,#1920,#1921,#1922,#1923,#1924,#1925,#1926),
  .UNSPECIFIED.,.F.,.F.,(4,1,1,1,1,1,1,1,1,1,1,1,1,1,1,1,1,1,1,1,1,1,4),
  (-0.591413318189,-0.566818146555,-0.54222297492,-0.517627803286,
    -0.493032631651,-0.468437460017,-0.443842288383,-0.419247116748,
    -0.394651945114,-0.370056773479,-0.345461601845,-0.320866430211,
    -0.296271258576,-0.271676086942,-0.247080915307,-0.222485743673,
    -0.197890572039,-0.173295400404,-0.14870022877,-0.124105057135,
    -9.950988550111E-02,-7.491471386672E-02,-5.031954223233E-02),
  .UNSPECIFIED.);
#1902 = CARTESIAN_POINT('',(1.081245979218,1.335963887903));
#1903 = CARTESIAN_POINT('',(1.077719375219,1.335950634617));
#1904 = CARTESIAN_POINT('',(1.07068435196,1.335920398884));
#1905 = CARTESIAN_POINT('',(1.060183480108,1.335864090638));
#1906 = CARTESIAN_POINT('',(1.049731411303,1.335797069625));
#1907 = CARTESIAN_POINT('',(1.03932517641,1.335719546078));
#1908 = CARTESIAN_POINT('',(1.028961744405,1.335631708938));
#1909 = CARTESIAN_POINT('',(1.018638019484,1.335533723414));
#1910 = CARTESIAN_POINT('',(1.008350852182,1.335425729168));
#1911 = CARTESIAN_POINT('',(0.99809704546,1.335307849239));
#1912 = CARTESIAN_POINT('',(0.987873367812,1.335180154909));
#1913 = CARTESIAN_POINT('',(0.977676542922,1.335042558663));
#1914 = CARTESIAN_POINT('',(0.967503251416,1.334894967474));
#1915 = CARTESIAN_POINT('',(0.957350141974,1.334737262676));
#1916 = CARTESIAN_POINT('',(0.947213839208,1.334569304994));
#1917 = CARTESIAN_POINT('',(0.937090952253,1.334390932922));
#1918 = CARTESIAN_POINT('',(0.926978082977,1.334201962974));
#1919 = CARTESIAN_POINT('',(0.916871834088,1.334002189505));
#1920 = CARTESIAN_POINT('',(0.906768816997,1.333791384761));
#1921 = CARTESIAN_POINT('',(0.89666565963,1.333569298876));
#1922 = CARTESIAN_POINT('',(0.886559013443,1.333335660195));
#1923 = CARTESIAN_POINT('',(0.876445562358,1.333090174751));
#1924 = CARTESIAN_POINT('',(0.866322023429,1.332832529166));
#1925 = CARTESIAN_POINT('',(0.859564125935,1.332652430432));
#1926 = CARTESIAN_POINT('',(0.856182419703,1.33256024163));
#1927 = ( GEOMETRIC_REPRESENTATION_CONTEXT(2) 
PARAMETRIC_REPRESENTATION_CONTEXT() REPRESENTATION_CONTEXT('2D SPACE',''
  ) );
#1928 = PCURVE('',#324,#1929);
#1929 = DEFINITIONAL_REPRESENTATION('',(#1930),#1935);
#1930 = B_SPLINE_CURVE_WITH_KNOTS('',3,(#1931,#1932,#1933,#1934),
  .UNSPECIFIED.,.F.,.F.,(4,4),(-0.591413318189,-5.031954223233E-02),
  .PIECEWISE_BEZIER_KNOTS.);
#1931 = CARTESIAN_POINT('',(0.,22.020676156249));
#1932 = CARTESIAN_POINT('',(1.83619620067,21.943591727191));
#1933 = CARTESIAN_POINT('',(3.530867402221,21.950771263049));
#1934 = CARTESIAN_POINT('',(5.314159094385,22.021479568146));
#1935 = ( GEOMETRIC_REPRESENTATION_CONTEXT(2) 
PARAMETRIC_REPRESENTATION_CONTEXT() REPRESENTATION_CONTEXT('2D SPACE',''
  ) );
#1936 = FACE_BOUND('',#1937,.T.);
#1937 = EDGE_LOOP('',(#1938,#2201,#2446,#2707));
#1938 = ORIENTED_EDGE('',*,*,#1939,.F.);
#1939 = EDGE_CURVE('',#1940,#1942,#1944,.T.);
#1940 = VERTEX_POINT('',#1941);
#1941 = CARTESIAN_POINT('',(4.859099983419,23.495840544942,-17.664568253
    ));
#1942 = VERTEX_POINT('',#1943);
#1943 = CARTESIAN_POINT('',(48.84495649463,23.588966915347,-17.664568253
    ));
#1944 = SURFACE_CURVE('',#1945,(#1961,#1968),.PCURVE_S1.);
#1945 = ( BOUNDED_CURVE() B_SPLINE_CURVE(3,(#1946,#1947,#1948,#1949,
    #1950,#1951,#1952,#1953,#1954,#1955,#1956,#1957,#1958,#1959,#1960),
.UNSPECIFIED.,.F.,.F.) B_SPLINE_CURVE_WITH_KNOTS((4,2,2,1,1,1,2,2,4),(
-2.,-1.875,-1.75,-1.5,-1.,-0.5,-0.25,-0.125,0.),.UNSPECIFIED.) CURVE() 
GEOMETRIC_REPRESENTATION_ITEM() RATIONAL_B_SPLINE_CURVE((1.,
    1.000162521285,1.004388951459,1.008265268345,1.007915155057,1.,1.,1.
    ,1.,1.,1.007922887859,1.008273494138,1.004393994018,1.000163887618,
1.)) REPRESENTATION_ITEM('') );
#1946 = CARTESIAN_POINT('',(4.859099983419,23.495840544942,-17.664568253
    ));
#1947 = CARTESIAN_POINT('',(5.376915710073,23.451005168595,
    -18.18497865969));
#1948 = CARTESIAN_POINT('',(6.039752649694,23.42859845516,
    -18.48703810796));
#1949 = CARTESIAN_POINT('',(7.588100288307,23.397487933361,
    -18.87873839384));
#1950 = CARTESIAN_POINT('',(8.479785044884,23.388590164765,
    -18.97097472296));
#1951 = CARTESIAN_POINT('',(11.546583454259,23.381581159214,
    -18.9393739925));
#1952 = CARTESIAN_POINT('',(18.588893174821,23.41136642628,
    -18.2210121764));
#1953 = CARTESIAN_POINT('',(26.852231678018,23.446314530854,
    -17.37413127994));
#1954 = CARTESIAN_POINT('',(35.115644083716,23.446356681076,
    -18.2210121764));
#1955 = CARTESIAN_POINT('',(42.15801679192,23.446391348346,
    -18.9393739925));
#1956 = CARTESIAN_POINT('',(45.224941445877,23.46429936742,
    -18.97537196109));
#1957 = CARTESIAN_POINT('',(46.116586126038,23.476815508633,
    -18.88346922614));
#1958 = CARTESIAN_POINT('',(47.6647131536,23.515235342833,
    -18.49018974465));
#1959 = CARTESIAN_POINT('',(48.327373701275,23.541366925703,
    -18.18619927172));
#1960 = CARTESIAN_POINT('',(48.84495649463,23.588966915347,-17.664568253
    ));
#1961 = PCURVE('',#68,#1962);
#1962 = DEFINITIONAL_REPRESENTATION('',(#1963),#1967);
#1963 = LINE('',#1964,#1965);
#1964 = CARTESIAN_POINT('',(0.,5.950896787612E-16));
#1965 = VECTOR('',#1966,1.);
#1966 = DIRECTION('',(-1.,3.121195955929E-16));
#1967 = ( GEOMETRIC_REPRESENTATION_CONTEXT(2) 
PARAMETRIC_REPRESENTATION_CONTEXT() REPRESENTATION_CONTEXT('2D SPACE',''
  ) );
#1968 = PCURVE('',#1969,#2195);
#1969 = ( BOUNDED_SURFACE() B_SPLINE_SURFACE(3,3,(
    (#1970,#1971,#1972,#1973,#1974,#1975,#1976,#1977,#1978,#1979,#1980
      ,#1981,#1982,#1983,#1984)
    ,(#1985,#1986,#1987,#1988,#1989,#1990,#1991,#1992,#1993,#1994,#1995
      ,#1996,#1997,#1998,#1999)
    ,(#2000,#2001,#2002,#2003,#2004,#2005,#2006,#2007,#2008,#2009,#2010
      ,#2011,#2012,#2013,#2014)
    ,(#2015,#2016,#2017,#2018,#2019,#2020,#2021,#2022,#2023,#2024,#2025
      ,#2026,#2027,#2028,#2029)
    ,(#2030,#2031,#2032,#2033,#2034,#2035,#2036,#2037,#2038,#2039,#2040
      ,#2041,#2042,#2043,#2044)
    ,(#2045,#2046,#2047,#2048,#2049,#2050,#2051,#2052,#2053,#2054,#2055
      ,#2056,#2057,#2058,#2059)
    ,(#2060,#2061,#2062,#2063,#2064,#2065,#2066,#2067,#2068,#2069,#2070
      ,#2071,#2072,#2073,#2074)
    ,(#2075,#2076,#2077,#2078,#2079,#2080,#2081,#2082,#2083,#2084,#2085
      ,#2086,#2087,#2088,#2089)
    ,(#2090,#2091,#2092,#2093,#2094,#2095,#2096,#2097,#2098,#2099,#2100
      ,#2101,#2102,#2103,#2104)
    ,(#2105,#2106,#2107,#2108,#2109,#2110,#2111,#2112,#2113,#2114,#2115
      ,#2116,#2117,#2118,#2119)
    ,(#2120,#2121,#2122,#2123,#2124,#2125,#2126,#2127,#2128,#2129,#2130
      ,#2131,#2132,#2133,#2134)
    ,(#2135,#2136,#2137,#2138,#2139,#2140,#2141,#2142,#2143,#2144,#2145
      ,#2146,#2147,#2148,#2149)
    ,(#2150,#2151,#2152,#2153,#2154,#2155,#2156,#2157,#2158,#2159,#2160
      ,#2161,#2162,#2163,#2164)
    ,(#2165,#2166,#2167,#2168,#2169,#2170,#2171,#2172,#2173,#2174,#2175
      ,#2176,#2177,#2178,#2179)
    ,(#2180,#2181,#2182,#2183,#2184,#2185,#2186,#2187,#2188,#2189,#2190
      ,#2191,#2192,#2193,#2194
)),.UNSPECIFIED.,.F.,.F.,.F.) B_SPLINE_SURFACE_WITH_KNOTS((4,2,2,1,1,1,2
    ,2,4),(4,2,2,1,1,1,2,2,4),(0.,0.125,0.25,0.5,1.,1.5,1.75,1.875,2.),(
    0.,0.125,0.25,0.5,1.,1.5,1.75,1.875,2.),.UNSPECIFIED.) 
GEOMETRIC_REPRESENTATION_ITEM() RATIONAL_B_SPLINE_SURFACE((
    (1.,1.000163887618,1.004393994018,1.008273494138,1.007922887859,1.
      ,1.,1.,1.,1.,1.007915155057,1.008265268345,1.004388951459
      ,1.000162521285,1.)
    ,(1.000162521285,0.998991842896,1.003907672739,1.008655475028
      ,1.00811354069,1.,1.,1.,1.,1.,1.007960170418,1.00853665823
      ,1.00388618586,0.998991842896,1.000163887618)
    ,(1.004388951459,1.00388618586,1.005147838995,1.007763531078
      ,1.006865670099,1.,1.,1.,1.,1.,1.006565737365,1.007585961345
      ,1.005147838995,1.003907672739,1.004393994018)
    ,(1.008265268345,1.00853665823,1.007585961345,1.009594724571
      ,1.009235827871,1.,1.,1.,1.,1.,1.00908267678,1.009594724571
      ,1.007763531078,1.008655475028,1.008273494138)
    ,(1.007915155057,1.007960170418,1.006565737365,1.00908267678
      ,1.008785211166,1.,1.,1.,1.,1.,1.008785211166,1.009235827871
      ,1.006865670099,1.00811354069,1.007922887859)
    ,(1.,1.,1.,1.,1.,1.,1.,1.,1.,1.,1.,1.,1.,1.,1.)
    ,(1.,1.,1.,1.,1.,1.,1.,1.,1.,1.,1.,1.,1.,1.,1.)
    ,(1.,1.,1.,1.,1.,1.,1.,1.,1.,1.,1.,1.,1.,1.,1.)
    ,(1.,1.,1.,1.,1.,1.,1.,1.,1.,1.,1.,1.,1.,1.,1.)
    ,(1.,1.,1.,1.,1.,1.,1.,1.,1.,1.,1.,1.,1.,1.,1.)
    ,(1.007922887859,1.00811354069,1.006865670099,1.009235827871
      ,1.008785211166,1.,1.,1.,1.,1.,1.008785211166,1.00908267678
      ,1.006565737365,1.007960170418,1.007915155057)
    ,(1.008273494138,1.008655475028,1.007763531078,1.009594724571
      ,1.00908267678,1.,1.,1.,1.,1.,1.009235827871,1.009594724571
      ,1.007585961345,1.00853665823,1.008265268345)
    ,(1.004393994018,1.003907672739,1.005147838995,1.007585961345
      ,1.006565737365,1.,1.,1.,1.,1.,1.006865670099,1.007763531078
      ,1.005147838995,1.00388618586,1.004388951459)
    ,(1.000163887618,0.998991842896,1.00388618586,1.00853665823
      ,1.007960170418,1.,1.,1.,1.,1.,1.00811354069,1.008655475028
      ,1.003907672739,0.998991842896,1.000162521285)
    ,(1.,1.000162521285,1.004388951459,1.008265268345,1.007915155057,1.
      ,1.,1.,1.,1.,1.007922887859,1.008273494138,1.004393994018
,1.000163887618,1.))) REPRESENTATION_ITEM('') SURFACE() );
#1970 = CARTESIAN_POINT('',(50.170947989572,3.295713264278,
    -5.506402785845));
#1971 = CARTESIAN_POINT('',(50.394234776375,3.454159779915,
    -6.096839948922));
#1972 = CARTESIAN_POINT('',(50.543450955813,3.658571678922,
    -6.647464466597));
#1973 = CARTESIAN_POINT('',(50.778397170894,4.149344007418,
    -7.776403710225));
#1974 = CARTESIAN_POINT('',(50.865439326368,4.437619432307,
    -8.359742552807));
#1975 = CARTESIAN_POINT('',(51.038551784851,5.443866629929,
    -10.19127801206));
#1976 = CARTESIAN_POINT('',(51.198892577523,7.860532362748,
    -14.21176264156));
#1977 = CARTESIAN_POINT('',(51.466127231976,11.888308584113,
    -20.9125703574));
#1978 = CARTESIAN_POINT('',(50.656888713145,17.051405955471,
    -20.38695705705));
#1979 = CARTESIAN_POINT('',(50.171345601846,20.149264378286,
    -20.07158907684));
#1980 = CARTESIAN_POINT('',(49.840102995871,21.537470563329,
    -19.63466694719));
#1981 = CARTESIAN_POINT('',(49.698468439862,21.971778538306,
    -19.39768084203));
#1982 = CARTESIAN_POINT('',(49.349060543236,22.795964539004,
    -18.73517191246));
#1983 = CARTESIAN_POINT('',(49.139432048808,23.189441678284,
    -18.30588687051));
#1984 = CARTESIAN_POINT('',(48.84495649463,23.588966915347,-17.664568253
    ));
#1985 = CARTESIAN_POINT('',(49.73211301684,3.223830384212,
    -5.730468324512));
#1986 = CARTESIAN_POINT('',(49.949280306674,3.385941557329,
    -6.488630944819));
#1987 = CARTESIAN_POINT('',(50.072827701831,3.606122246263,
    -7.186509069596));
#1988 = CARTESIAN_POINT('',(50.266553393211,4.147186912434,
    -8.568575164826));
#1989 = CARTESIAN_POINT('',(50.332115348911,4.456604965657,
    -9.232388535629));
#1990 = CARTESIAN_POINT('',(50.46809502256,5.471639560732,
    -11.14696753637));
#1991 = CARTESIAN_POINT('',(50.608449982021,7.909138393423,
    -15.2592193091));
#1992 = CARTESIAN_POINT('',(50.842374914457,11.971636447906,
    -22.11297226365));
#1993 = CARTESIAN_POINT('',(50.030241049891,16.885624085407,
    -21.70602316565));
#1994 = CARTESIAN_POINT('',(49.542960731151,19.834016667908,
    -21.46185370684));
#1995 = CARTESIAN_POINT('',(49.243191991052,21.187813929468,
    -20.97315644849));
#1996 = CARTESIAN_POINT('',(49.121089976094,21.649795324159,
    -20.6753242379));
#1997 = CARTESIAN_POINT('',(48.80631667246,22.592374101687,
    -19.74169697958));
#1998 = CARTESIAN_POINT('',(48.620326086185,23.058199879674,
    -19.1088471943));
#1999 = CARTESIAN_POINT('',(48.327373701275,23.541366925703,
    -18.18619927172));
#2000 = CARTESIAN_POINT('',(49.170629905527,3.178946673675,
    -5.878750814371));
#2001 = CARTESIAN_POINT('',(49.350299350781,3.351718998749,
    -6.772998605396));
#2002 = CARTESIAN_POINT('',(49.454775129508,3.580397357668,
    -7.585630057991));
#2003 = CARTESIAN_POINT('',(49.612947382192,4.139030850113,
    -9.126743790038));
#2004 = CARTESIAN_POINT('',(49.666896022675,4.449783101986,
    -9.841062879754));
#2005 = CARTESIAN_POINT('',(49.766919785026,5.492466835347,
    -11.85310879289));
#2006 = CARTESIAN_POINT('',(49.891214239473,7.94559037621,
    -16.02621650802));
#2007 = CARTESIAN_POINT('',(50.098371663552,12.034129610982,
    -22.98139603322));
#2008 = CARTESIAN_POINT('',(49.262504334151,16.761284433668,
    -22.66026030629));
#2009 = CARTESIAN_POINT('',(48.760983936511,19.59757732728,
    -22.46757887013));
#2010 = CARTESIAN_POINT('',(48.48578206139,20.959374328955,
    -21.92569754118));
#2011 = CARTESIAN_POINT('',(48.371867631072,21.432266725006,
    -21.55870681398));
#2012 = CARTESIAN_POINT('',(48.087786045823,22.439614314943,
    -20.41974810885));
#2013 = CARTESIAN_POINT('',(47.91624793338,22.960906016733,
    -19.61595731385));
#2014 = CARTESIAN_POINT('',(47.6647131536,23.515235342833,
    -18.49018974465));
#2015 = CARTESIAN_POINT('',(47.83070356386,3.112074711981,
    -6.093901968468));
#2016 = CARTESIAN_POINT('',(47.886756842394,3.301812874531,
    -7.174030290454));
#2017 = CARTESIAN_POINT('',(47.952280038359,3.545136014287,
    -8.134738499243));
#2018 = CARTESIAN_POINT('',(48.03982707766,4.134192716195,-9.92673171603
    ));
#2019 = CARTESIAN_POINT('',(48.07605488323,4.458840462004,
    -10.73680104862));
#2020 = CARTESIAN_POINT('',(48.168491597097,5.523702900295,
    -12.89106890427));
#2021 = CARTESIAN_POINT('',(48.266553033809,8.000263269955,
    -17.13952170292));
#2022 = CARTESIAN_POINT('',(48.429988761662,12.127863886055,
    -24.22027636734));
#2023 = CARTESIAN_POINT('',(47.528610630004,16.574768617612,
    -24.02308352598));
#2024 = CARTESIAN_POINT('',(46.987783751009,19.242911456547,
    -23.90476782116));
#2025 = CARTESIAN_POINT('',(46.686470537848,20.60808781008,
    -23.23031562163));
#2026 = CARTESIAN_POINT('',(46.582332335334,21.115510868671,
    -22.75060535808));
#2027 = CARTESIAN_POINT('',(46.359646687253,22.229515442033,
    -21.28723614226));
#2028 = CARTESIAN_POINT('',(46.231157472034,22.82283763833,
    -20.27387623921));
#2029 = CARTESIAN_POINT('',(46.116586126038,23.476815508633,
    -18.88346922614));
#2030 = CARTESIAN_POINT('',(47.047010660515,3.089694768635,
    -6.162060656363));
#2031 = CARTESIAN_POINT('',(47.053089848508,3.287333311412,
    -7.291954048131));
#2032 = CARTESIAN_POINT('',(47.119429959566,3.535007997005,
    -8.30278035227));
#2033 = CARTESIAN_POINT('',(47.17486913298,4.132147051019,
    -10.17741069614));
#2034 = CARTESIAN_POINT('',(47.202261025311,4.460667734281,
    -11.02383939655));
#2035 = CARTESIAN_POINT('',(47.271238646702,5.534111690628,
    -13.22288775911));
#2036 = CARTESIAN_POINT('',(47.359127570693,8.018484180912,
    -17.4858296989));
#2037 = CARTESIAN_POINT('',(47.505609110678,12.159104998053,
    -24.59073293188));
#2038 = CARTESIAN_POINT('',(46.562453641596,16.512592453296,
    -24.43166960503));
#2039 = CARTESIAN_POINT('',(45.996560360146,19.124684926441,
    -24.33623160891));
#2040 = CARTESIAN_POINT('',(45.706024666078,20.495247852414,
    -23.62070742458));
#2041 = CARTESIAN_POINT('',(45.606349101181,21.015641380431,
    -23.09249524205));
#2042 = CARTESIAN_POINT('',(45.41143709066,22.162408382074,
    -21.51570331837));
#2043 = CARTESIAN_POINT('',(45.286991901984,22.779981457508,
    -20.42675093264));
#2044 = CARTESIAN_POINT('',(45.224941445877,23.46429936742,
    -18.97537196109));
#2045 = CARTESIAN_POINT('',(44.320142704529,3.054923312735,
    -6.250646026713));
#2046 = CARTESIAN_POINT('',(44.325414319373,3.263256334786,
    -7.438982906875));
#2047 = CARTESIAN_POINT('',(44.332003837927,3.52367261235,-8.50773734041
    ));
#2048 = CARTESIAN_POINT('',(44.347159730603,4.122630050746,
    -10.46587253754));
#2049 = CARTESIAN_POINT('',(44.355726104723,4.461171211578,
    -11.35525330113));
#2050 = CARTESIAN_POINT('',(44.383402082652,5.554919577344,
    -13.84402192198));
#2051 = CARTESIAN_POINT('',(44.446661460775,8.054915841954,
    -18.10406448392));
#2052 = CARTESIAN_POINT('',(44.552093757646,12.221576282969,
    -25.20413542048));
#2053 = CARTESIAN_POINT('',(43.491989015818,16.388227767637,
    -25.11496156127));
#2054 = CARTESIAN_POINT('',(42.855926170722,18.888218658438,
    -25.06145724574));
#2055 = CARTESIAN_POINT('',(42.566052450922,20.367873760496,
    -23.90019055687));
#2056 = CARTESIAN_POINT('',(42.474120828114,20.899368737291,
    -23.3240159054));
#2057 = CARTESIAN_POINT('',(42.304336433871,22.077188519211,
    -21.60440933691));
#2058 = CARTESIAN_POINT('',(42.226483662437,22.723513324336,
    -20.46097741989));
#2059 = CARTESIAN_POINT('',(42.15801679192,23.446391348346,
    -18.9393739925));
#2060 = CARTESIAN_POINT('',(37.785865847542,3.054867950583,
    -6.186890706471));
#2061 = CARTESIAN_POINT('',(37.788995202172,3.263200739172,
    -7.359288756572));
#2062 = CARTESIAN_POINT('',(37.79290689546,3.523616724908,
    -8.408119652531));
#2063 = CARTESIAN_POINT('',(37.801903790021,4.122573492101,
    -10.32043071323));
#2064 = CARTESIAN_POINT('',(37.806988991295,4.461114273557,
    -11.18391087798));
#2065 = CARTESIAN_POINT('',(37.823418103103,5.554861413649,
    -13.58900064101));
#2066 = CARTESIAN_POINT('',(37.860970358664,8.054854876715,
    -17.65777724222));
#2067 = CARTESIAN_POINT('',(37.923557451266,12.221510648491,
    -24.43907157758));
#2068 = CARTESIAN_POINT('',(36.663085122054,16.388153625486,
    -24.31168035013));
#2069 = CARTESIAN_POINT('',(35.906801724527,18.888139411683,
    -24.23524561366));
#2070 = CARTESIAN_POINT('',(35.569388817494,20.367801596244,
    -23.08846816005));
#2071 = CARTESIAN_POINT('',(35.463705980437,20.899300539674,
    -22.52144899462));
#2072 = CARTESIAN_POINT('',(35.27270470219,22.077133072266,
    -20.83313062108));
#2073 = CARTESIAN_POINT('',(35.187386260998,22.723466661428,
    -19.71183141297));
#2074 = CARTESIAN_POINT('',(35.115644083716,23.446356681076,
    -18.2210121764));
#2075 = CARTESIAN_POINT('',(26.895404419229,3.054775680329,-6.0806318394
    ));
#2076 = CARTESIAN_POINT('',(26.89496334017,3.263108079814,
    -7.226465172734));
#2077 = CARTESIAN_POINT('',(26.894411991346,3.523523579171,
    -8.242090172734));
#2078 = CARTESIAN_POINT('',(26.893143889052,4.122479227692,
    -10.07802767273));
#2079 = CARTESIAN_POINT('',(26.892427135581,4.461019376856,
    -10.89834017273));
#2080 = CARTESIAN_POINT('',(26.890111470521,5.554764474156,
    -13.16396517273));
#2081 = CARTESIAN_POINT('',(26.884818521812,8.054753267983,
    -16.91396517273));
#2082 = CARTESIAN_POINT('',(26.875996940629,12.221401257695,
    -23.16396517273));
#2083 = CARTESIAN_POINT('',(26.867175359449,16.388049247408,
    -23.16396517273));
#2084 = CARTESIAN_POINT('',(26.861882410741,18.888038041235,
    -23.16396517273));
#2085 = CARTESIAN_POINT('',(26.858749661178,20.367712081496,
    -22.07837131783));
#2086 = CARTESIAN_POINT('',(26.857624365456,20.89921670214,
    -21.53557439038));
#2087 = CARTESIAN_POINT('',(26.855130636407,22.077065765103,
    -19.90718360804));
#2088 = CARTESIAN_POINT('',(26.85376220308,22.72341020742,
    -18.82158975314));
#2089 = CARTESIAN_POINT('',(26.852231678018,23.446314530854,
    -17.37413127994));
#2090 = CARTESIAN_POINT('',(16.005040232524,3.008753826752,
    -6.186890706471));
#2091 = CARTESIAN_POINT('',(16.001028750137,3.21707149684,
    -7.359288756572));
#2092 = CARTESIAN_POINT('',(15.996014397153,3.477468584449,
    -8.408119652531));
#2093 = CARTESIAN_POINT('',(15.98448138529,4.07638188595,-10.32043071323
    ));
#2094 = CARTESIAN_POINT('',(15.977962726411,4.414898099842,
    -11.18391087798));
#2095 = CARTESIAN_POINT('',(15.956902443879,5.508565867801,
    -13.58900064101));
#2096 = CARTESIAN_POINT('',(15.908764655234,8.008377908851,
    -17.65777724222));
#2097 = CARTESIAN_POINT('',(15.828535007493,12.174731310599,
    -24.43907157758));
#2098 = CARTESIAN_POINT('',(17.071352974595,16.346674226208,
    -24.31168035013));
#2099 = CARTESIAN_POINT('',(17.817043754857,18.849839975573,
    -24.23524561366));
#2100 = CARTESIAN_POINT('',(18.148188216166,20.330917622422,
    -23.08846816005));
#2101 = CARTESIAN_POINT('',(18.251619548465,20.862859300066,
    -22.52144899462));
#2102 = CARTESIAN_POINT('',(18.437631748652,22.041490041437,
    -20.83313062108));
#2103 = CARTESIAN_POINT('',(18.52021261654,22.688179105164,
    -19.71183141297));
#2104 = CARTESIAN_POINT('',(18.588893174821,23.41136642628,
    -18.2210121764));
#2105 = CARTESIAN_POINT('',(9.470821720501,2.981140714606,
    -6.250646026713));
#2106 = CARTESIAN_POINT('',(9.464667996117,3.189449547055,
    -7.438982906875));
#2107 = CARTESIAN_POINT('',(9.456975840637,3.449835587615,-8.50773734041
    ));
#2108 = CARTESIAN_POINT('',(9.439283883034,4.048723480905,
    -10.46587253754));
#2109 = CARTESIAN_POINT('',(9.42928408091,4.387225333634,-11.35525330113
    ));
#2110 = CARTESIAN_POINT('',(9.396977027894,5.480846703989,
    -13.84402192198));
#2111 = CARTESIAN_POINT('',(9.323132335288,7.980552693371,
    -18.10406448392));
#2112 = CARTESIAN_POINT('',(9.20005784761,12.146729342341,
    -25.20413542048));
#2113 = CARTESIAN_POINT('',(10.242509987588,16.317832337256,
    -25.11496156127));
#2114 = CARTESIAN_POINT('',(10.867981271574,18.820494134205,
    -25.06145724574));
#2115 = CARTESIAN_POINT('',(11.151587001825,20.301363400632,
    -23.90019055687));
#2116 = CARTESIAN_POINT('',(11.241267259951,20.833242884099,
    -23.3240159054));
#2117 = CARTESIAN_POINT('',(11.406062820331,22.01177103501,
    -21.60440933691));
#2118 = CARTESIAN_POINT('',(11.481178122586,22.658419702453,
    -20.46097741989));
#2119 = CARTESIAN_POINT('',(11.546583454259,23.381581159214,
    -18.9393739925));
#2120 = CARTESIAN_POINT('',(6.7438032762,3.004984709292,-6.165520755575)
  );
#2121 = CARTESIAN_POINT('',(6.737139878201,3.202295786579,
    -7.296309946611));
#2122 = CARTESIAN_POINT('',(6.670069882662,3.449666920791,
    -8.309794785179));
#2123 = CARTESIAN_POINT('',(6.612517880084,4.045850305427,
    -10.18013873964));
#2124 = CARTESIAN_POINT('',(6.583730530246,4.374370018855,
    -11.02343747341));
#2125 = CARTESIAN_POINT('',(6.509254461182,5.447810867163,
    -13.22288775911));
#2126 = CARTESIAN_POINT('',(6.410846600179,7.931788931949,-17.4858296989
    ));
#2127 = CARTESIAN_POINT('',(6.246833498506,12.071752373257,
    -24.59073293188));
#2128 = CARTESIAN_POINT('',(7.171546283614,16.429194458572,
    -24.43166960503));
#2129 = CARTESIAN_POINT('',(7.726373954679,19.043659709761,
    -24.33623160891));
#2130 = CARTESIAN_POINT('',(8.009944444751,20.414781610409,
    -23.6209186682));
#2131 = CARTESIAN_POINT('',(8.10747356724,20.936999845709,
    -23.08698320693));
#2132 = CARTESIAN_POINT('',(8.298193292735,22.087109825636,
    -21.50460745739));
#2133 = CARTESIAN_POINT('',(8.420330407463,22.704087792934,
    -20.42017029776));
#2134 = CARTESIAN_POINT('',(8.479785044884,23.388590164765,
    -18.97097472296));
#2135 = CARTESIAN_POINT('',(5.960027634793,3.024092274573,
    -6.097623910038));
#2136 = CARTESIAN_POINT('',(5.903420529691,3.213369353263,
    -7.178511157898));
#2137 = CARTESIAN_POINT('',(5.837151732034,3.456189664632,
    -8.139383438092));
#2138 = CARTESIAN_POINT('',(5.747642137849,4.044332567771,-9.92633052742
    ));
#2139 = CARTESIAN_POINT('',(5.710375481008,4.368838157051,
    -10.73313822014));
#2140 = CARTESIAN_POINT('',(5.612053629159,5.433602879069,
    -12.89106890427));
#2141 = CARTESIAN_POINT('',(5.503506425953,7.909725819194,
    -17.13952170292));
#2142 = CARTESIAN_POINT('',(5.32259442061,12.03659738607,-24.22027636734
    ));
#2143 = CARTESIAN_POINT('',(6.205134680544,16.487279009976,
    -24.02308352598));
#2144 = CARTESIAN_POINT('',(6.734658836504,19.15768798432,
    -23.90476782116));
#2145 = CARTESIAN_POINT('',(7.028449905403,20.521707190042,
    -23.23636032284));
#2146 = CARTESIAN_POINT('',(7.130913391913,21.031222899415,
    -22.75084745833));
#2147 = CARTESIAN_POINT('',(7.349684822605,22.149075659669,
    -21.27998492376));
#2148 = CARTESIAN_POINT('',(7.47600948187,22.743114091151,
    -20.26738114139));
#2149 = CARTESIAN_POINT('',(7.588100288307,23.397487933361,
    -18.87873839384));
#2150 = CARTESIAN_POINT('',(4.619847199785,3.085065098141,
    -5.881227172182));
#2151 = CARTESIAN_POINT('',(4.439263289158,3.257028030319,
    -6.775183990659));
#2152 = CARTESIAN_POINT('',(4.333623934841,3.48501246007,-7.585894410632
    ));
#2153 = CARTESIAN_POINT('',(4.173067650294,4.042627174663,
    -9.122286953523));
#2154 = CARTESIAN_POINT('',(4.117664466777,4.353124130529,
    -9.834373577508));
#2155 = CARTESIAN_POINT('',(4.013772035751,5.395598775419,
    -11.85310879289));
#2156 = CARTESIAN_POINT('',(3.879091289934,7.848174016844,
    -16.02621650802));
#2157 = CARTESIAN_POINT('',(3.654623380239,11.935799419218,
    -22.98139603322));
#2158 = CARTESIAN_POINT('',(4.470466745728,16.666451225575,
    -22.66026030629));
#2159 = CARTESIAN_POINT('',(4.959972765022,19.50484230939,
    -22.46757887013));
#2160 = CARTESIAN_POINT('',(5.229843882152,20.864131394111,
    -21.93689283893));
#2161 = CARTESIAN_POINT('',(5.341655671598,21.338663706494,
    -21.56605190957));
#2162 = CARTESIAN_POINT('',(5.621604862675,22.349850316488,
    -20.41969329191));
#2163 = CARTESIAN_POINT('',(5.79077559552,22.872995565948,
    -19.61320615363));
#2164 = CARTESIAN_POINT('',(6.039752649694,23.42859845516,
    -18.48703810796));
#2165 = CARTESIAN_POINT('',(4.058186371303,3.127297883653,-5.73142354272
    ));
#2166 = CARTESIAN_POINT('',(3.839981512438,3.288444036785,
    -6.488839150663));
#2167 = CARTESIAN_POINT('',(3.714809274097,3.508016951171,
    -7.185054183997));
#2168 = CARTESIAN_POINT('',(3.518755716153,4.048095830589,
    -8.564698338588));
#2169 = CARTESIAN_POINT('',(3.452237419304,4.357243947917,
    -9.228472790563));
#2170 = CARTESIAN_POINT('',(3.312691274368,5.371802659865,
    -11.14696753637));
#2171 = CARTESIAN_POINT('',(3.16201632814,7.808685327248,-15.2592193091)
  );
#2172 = CARTESIAN_POINT('',(2.910891417762,11.870156439553,
    -22.11297226365));
#2173 = CARTESIAN_POINT('',(3.702210413982,16.787538889771,
    -21.70602316565));
#2174 = CARTESIAN_POINT('',(4.177001811714,19.737968359901,
    -21.46185370684));
#2175 = CARTESIAN_POINT('',(4.471777855103,21.09094151479,
    -20.97969504867));
#2176 = CARTESIAN_POINT('',(4.59234005304,21.553491801397,
    -20.68170341012));
#2177 = CARTESIAN_POINT('',(4.903154851237,22.498745703273,
    -19.74423814543));
#2178 = CARTESIAN_POINT('',(5.086405841814,22.966200611444,
    -19.10878756404));
#2179 = CARTESIAN_POINT('',(5.376915710073,23.451005168595,
    -18.18497865969));
#2180 = CARTESIAN_POINT('',(3.619049296475,3.19715409766,-5.506402785845
    ));
#2181 = CARTESIAN_POINT('',(3.39464766159,3.354639902131,-6.096136932737
    ));
#2182 = CARTESIAN_POINT('',(3.243837910161,3.558397131214,-6.64564374123
    ));
#2183 = CARTESIAN_POINT('',(3.006214163122,4.048156787906,
    -7.773675193369));
#2184 = CARTESIAN_POINT('',(2.918075092451,4.336066715261,
    -8.357210182001));
#2185 = CARTESIAN_POINT('',(2.742357226744,5.341614459338,
    -10.19127801206));
#2186 = CARTESIAN_POINT('',(2.571784841302,7.757579586425,
    -14.21176264156));
#2187 = CARTESIAN_POINT('',(2.287497532231,11.78418813157,-20.9125703574
    ));
#2188 = CARTESIAN_POINT('',(3.074866388637,16.950665822458,
    -20.38695705705));
#2189 = CARTESIAN_POINT('',(3.54728770248,20.050552436991,
    -20.07158907684));
#2190 = CARTESIAN_POINT('',(3.874528339687,21.438961941049,
    -19.63875814695));
#2191 = CARTESIAN_POINT('',(4.014462079219,21.873770931936,
    -19.40208432305));
#2192 = CARTESIAN_POINT('',(4.359693504582,22.699847185414,
    -18.73810982653));
#2193 = CARTESIAN_POINT('',(4.566825875135,23.09472895346,-18.3070287602
    ));
#2194 = CARTESIAN_POINT('',(4.859099983419,23.495840544942,-17.664568253
    ));
#2195 = DEFINITIONAL_REPRESENTATION('',(#2196),#2200);
#2196 = LINE('',#2197,#2198);
#2197 = CARTESIAN_POINT('',(0.,2.));
#2198 = VECTOR('',#2199,1.);
#2199 = DIRECTION('',(-1.,0.));
#2200 = ( GEOMETRIC_REPRESENTATION_CONTEXT(2) 
PARAMETRIC_REPRESENTATION_CONTEXT() REPRESENTATION_CONTEXT('2D SPACE',''
  ) );
#2201 = ORIENTED_EDGE('',*,*,#2202,.F.);
#2202 = EDGE_CURVE('',#2203,#1940,#2205,.T.);
#2203 = VERTEX_POINT('',#2204);
#2204 = CARTESIAN_POINT('',(-1.809490859158,13.086384282526,
    68.940693923682));
#2205 = SURFACE_CURVE('',#2206,(#2221,#2228),.PCURVE_S1.);
#2206 = ( BOUNDED_CURVE() B_SPLINE_CURVE(3,(#2207,#2208,#2209,#2210,
    #2211,#2212,#2213,#2214,#2215,#2216,#2217,#2218,#2219,#2220),
.UNSPECIFIED.,.F.,.F.) B_SPLINE_CURVE_WITH_KNOTS((4,2,2,1,1,2,2,4),(-2.,
-1.75,-1.5,-1.,-0.5,-0.25,-0.125,0.),.UNSPECIFIED.) CURVE() 
GEOMETRIC_REPRESENTATION_ITEM() RATIONAL_B_SPLINE_CURVE((1.,
    1.003501873701,1.011273458144,1.017908478598,1.01677191461,1.,1.,1.,
    1.,1.006387713493,1.006613067109,1.003256005911,0.999673591097,1.)) 
REPRESENTATION_ITEM('') );
#2207 = CARTESIAN_POINT('',(-1.809490859158,13.086384282526,
    68.940693923682));
#2208 = CARTESIAN_POINT('',(-2.43648796977,13.999475879533,
    67.051403148282));
#2209 = CARTESIAN_POINT('',(-2.753623271217,15.152755751195,
    64.627831384264));
#2210 = CARTESIAN_POINT('',(-2.812792943104,17.622420127407,
    59.186147407889));
#2211 = CARTESIAN_POINT('',(-2.559098574974,18.959377519506,
    56.124239197729));
#2212 = CARTESIAN_POINT('',(-0.917392706174,23.391826167346,
    45.647857354816));
#2213 = CARTESIAN_POINT('',(2.488953447151,30.119321723366,
    28.324522276337));
#2214 = CARTESIAN_POINT('',(3.996243677526,32.058157822799,
    13.67403980491));
#2215 = CARTESIAN_POINT('',(4.108286005094,28.166069192898,
    -2.26803061012));
#2216 = CARTESIAN_POINT('',(4.220503204444,26.182829693184,
    -9.366776458696));
#2217 = CARTESIAN_POINT('',(4.29034550679,25.576289356105,
    -11.42777406856));
#2218 = CARTESIAN_POINT('',(4.49631456568,24.457848762604,
    -14.98910850678));
#2219 = CARTESIAN_POINT('',(4.633448454411,23.942006169129,
    -16.50112771266));
#2220 = CARTESIAN_POINT('',(4.859099983419,23.495840544942,-17.664568253
    ));
#2221 = PCURVE('',#68,#2222);
#2222 = DEFINITIONAL_REPRESENTATION('',(#2223),#2227);
#2223 = LINE('',#2224,#2225);
#2224 = CARTESIAN_POINT('',(2.,-2.22044604925E-16));
#2225 = VECTOR('',#2226,1.);
#2226 = DIRECTION('',(0.,-1.));
#2227 = ( GEOMETRIC_REPRESENTATION_CONTEXT(2) 
PARAMETRIC_REPRESENTATION_CONTEXT() REPRESENTATION_CONTEXT('2D SPACE',''
  ) );
#2228 = PCURVE('',#2229,#2440);
#2229 = ( BOUNDED_SURFACE() B_SPLINE_SURFACE(3,3,(
    (#2230,#2231,#2232,#2233,#2234,#2235,#2236,#2237,#2238,#2239,#2240
      ,#2241,#2242,#2243,#2244)
    ,(#2245,#2246,#2247,#2248,#2249,#2250,#2251,#2252,#2253,#2254,#2255
      ,#2256,#2257,#2258,#2259)
    ,(#2260,#2261,#2262,#2263,#2264,#2265,#2266,#2267,#2268,#2269,#2270
      ,#2271,#2272,#2273,#2274)
    ,(#2275,#2276,#2277,#2278,#2279,#2280,#2281,#2282,#2283,#2284,#2285
      ,#2286,#2287,#2288,#2289)
    ,(#2290,#2291,#2292,#2293,#2294,#2295,#2296,#2297,#2298,#2299,#2300
      ,#2301,#2302,#2303,#2304)
    ,(#2305,#2306,#2307,#2308,#2309,#2310,#2311,#2312,#2313,#2314,#2315
      ,#2316,#2317,#2318,#2319)
    ,(#2320,#2321,#2322,#2323,#2324,#2325,#2326,#2327,#2328,#2329,#2330
      ,#2331,#2332,#2333,#2334)
    ,(#2335,#2336,#2337,#2338,#2339,#2340,#2341,#2342,#2343,#2344,#2345
      ,#2346,#2347,#2348,#2349)
    ,(#2350,#2351,#2352,#2353,#2354,#2355,#2356,#2357,#2358,#2359,#2360
      ,#2361,#2362,#2363,#2364)
    ,(#2365,#2366,#2367,#2368,#2369,#2370,#2371,#2372,#2373,#2374,#2375
      ,#2376,#2377,#2378,#2379)
    ,(#2380,#2381,#2382,#2383,#2384,#2385,#2386,#2387,#2388,#2389,#2390
      ,#2391,#2392,#2393,#2394)
    ,(#2395,#2396,#2397,#2398,#2399,#2400,#2401,#2402,#2403,#2404,#2405
      ,#2406,#2407,#2408,#2409)
    ,(#2410,#2411,#2412,#2413,#2414,#2415,#2416,#2417,#2418,#2419,#2420
      ,#2421,#2422,#2423,#2424)
    ,(#2425,#2426,#2427,#2428,#2429,#2430,#2431,#2432,#2433,#2434,#2435
      ,#2436,#2437,#2438,#2439
)),.UNSPECIFIED.,.F.,.F.,.F.) B_SPLINE_SURFACE_WITH_KNOTS((4,2,2,1,1,2,2
    ,4),(4,2,2,1,1,1,2,2,4),(0.,0.125,0.25,0.5,1.,1.5,1.75,2.),(0.,0.125
    ,0.25,0.5,1.,1.5,1.75,1.875,2.),.UNSPECIFIED.) 
GEOMETRIC_REPRESENTATION_ITEM() RATIONAL_B_SPLINE_SURFACE((
    (1.,1.000162521285,1.004388951459,1.008265268345,1.007915155057,1.
      ,1.,1.,1.,1.,1.007922887859,1.008273494138,1.004393994018
      ,1.000163887618,1.)
    ,(0.999673591097,0.998497521637,1.003306457539,1.008287032352
      ,1.007870139697,1.,1.,1.,1.,1.,1.007732235027,1.008184953539
      ,1.003293708299,0.99849765167,0.999673591097)
    ,(1.003256005911,1.002571592214,1.00405148261,1.007219251642
      ,1.0065227411,1.,1.,1.,1.,1.,1.006247585306,1.007054420874
      ,1.004047637957,1.002584817228,1.003256005911)
    ,(1.006613067109,1.006684855009,1.005962505797,1.008306785974
      ,1.008231995368,1.,1.,1.,1.,1.,1.008069942284,1.008279955675
      ,1.006101593095,1.006777861191,1.006613067109)
    ,(1.006387713493,1.006325171958,1.005182198311,1.007703912017
      ,1.007656090335,1.,1.,1.,1.,1.,1.007634246686,1.007807722674
      ,1.005426796144,1.006450255028,1.006387713493)
    ,(1.,1.,1.,1.,1.,1.,1.,1.,1.,1.,1.,1.,1.,1.,1.)
    ,(1.,1.,1.,1.,1.,1.,1.,1.,1.,1.,1.,1.,1.,1.,1.)
    ,(1.,1.,1.,1.,1.,1.,1.,1.,1.,1.,1.,1.,1.,1.,1.)
    ,(1.,1.,1.,1.,1.,1.,1.,1.,1.,1.,1.,1.,1.,1.,1.)
    ,(1.01677191461,1.016905323734,1.013761420906,1.015165941988
      ,1.013443144769,1.,1.,1.,1.,1.,1.01334212611,1.014785254393
      ,1.013227908033,1.016638505487,1.01677191461)
    ,(1.017908478598,1.018168219287,1.015337766907,1.015142322847
      ,1.013235973421,1.,1.,1.,1.,1.,1.01334918143,1.015020285717
      ,1.015001269838,1.017959328921,1.017908478598)
    ,(1.011273458144,1.010586201124,1.009759159316,1.009900140225
      ,1.008230289059,1.,1.,1.,1.,1.,1.008637968046,1.010122167205
      ,1.009730511223,1.010544287409,1.011273458144)
    ,(1.003501873701,1.002112764069,1.005442384864,1.010059026342
      ,1.010777114051,1.,1.,1.,1.,1.,1.010997435068,1.010219196468
      ,1.005456856359,1.002105906646,1.003501873701)
    ,(1.,0.999125761318,1.003910731267,1.008462124863,1.00822854851,1.
      ,1.,1.,1.,1.,1.008226881121,1.008460080563,1.003908290919
,0.999123301832,1.))) REPRESENTATION_ITEM('') SURFACE() );
#2230 = CARTESIAN_POINT('',(3.619049296475,3.19715409766,-5.506402785845
    ));
#2231 = CARTESIAN_POINT('',(3.39464766159,3.354639902131,-6.096136932737
    ));
#2232 = CARTESIAN_POINT('',(3.243837910161,3.558397131214,-6.64564374123
    ));
#2233 = CARTESIAN_POINT('',(3.006214163122,4.048156787906,
    -7.773675193369));
#2234 = CARTESIAN_POINT('',(2.918075092451,4.336066715261,
    -8.357210182001));
#2235 = CARTESIAN_POINT('',(2.742357226744,5.341614459338,
    -10.19127801206));
#2236 = CARTESIAN_POINT('',(2.571784841302,7.757579586425,
    -14.21176264156));
#2237 = CARTESIAN_POINT('',(2.287497532231,11.78418813157,-20.9125703574
    ));
#2238 = CARTESIAN_POINT('',(3.074866388637,16.950665822458,
    -20.38695705705));
#2239 = CARTESIAN_POINT('',(3.54728770248,20.050552436991,
    -20.07158907684));
#2240 = CARTESIAN_POINT('',(3.874528339687,21.438961941049,
    -19.63875814695));
#2241 = CARTESIAN_POINT('',(4.014462079219,21.873770931936,
    -19.40208432305));
#2242 = CARTESIAN_POINT('',(4.359693504582,22.699847185414,
    -18.73810982653));
#2243 = CARTESIAN_POINT('',(4.566825875135,23.09472895346,-18.3070287602
    ));
#2244 = CARTESIAN_POINT('',(4.859099983419,23.495840544942,-17.664568253
    ));
#2245 = CARTESIAN_POINT('',(3.404208231408,3.109481743931,
    -4.691249086185));
#2246 = CARTESIAN_POINT('',(3.075197423883,3.266704147578,
    -5.269116311966));
#2247 = CARTESIAN_POINT('',(2.845802371473,3.481638877522,-5.79525719044
    ));
#2248 = CARTESIAN_POINT('',(2.499974671855,4.011365052769,
    -6.915255731164));
#2249 = CARTESIAN_POINT('',(2.383865050106,4.314887590891,
    -7.485869745555));
#2250 = CARTESIAN_POINT('',(2.172023179121,5.311426258811,-9.23558848776
    ));
#2251 = CARTESIAN_POINT('',(1.981553354463,7.706473845602,
    -13.16430597403));
#2252 = CARTESIAN_POINT('',(1.6641036467,11.698219823587,-19.71216845114
    ));
#2253 = CARTESIAN_POINT('',(2.447522363292,17.113792755146,
    -19.06789094845));
#2254 = CARTESIAN_POINT('',(2.917573593247,20.363136514082,
    -18.68132444683));
#2255 = CARTESIAN_POINT('',(3.277052837034,21.787114051255,
    -18.29731386161));
#2256 = CARTESIAN_POINT('',(3.448295307155,22.245078082463,
    -18.10603629229));
#2257 = CARTESIAN_POINT('',(3.91960957219,23.126912229138,
    -17.52465717331));
#2258 = CARTESIAN_POINT('',(4.218416200886,23.532765006839,
    -17.14429676997));
#2259 = CARTESIAN_POINT('',(4.633448454411,23.942006169129,
    -16.50112771266));
#2260 = CARTESIAN_POINT('',(3.264093512547,3.049540122354,
    -3.729765859983));
#2261 = CARTESIAN_POINT('',(2.856832563144,3.213287498337,
    -4.255432362539));
#2262 = CARTESIAN_POINT('',(2.560679272926,3.432289183206,
    -4.750903677589));
#2263 = CARTESIAN_POINT('',(2.128305180636,3.969414839021,
    -5.809746365519));
#2264 = CARTESIAN_POINT('',(1.980470572004,4.268757335382,
    -6.347626135093));
#2265 = CARTESIAN_POINT('',(1.732435845258,5.274845973311,
    -8.030350695669));
#2266 = CARTESIAN_POINT('',(1.518165342579,7.643751053551,
    -11.83638983787));
#2267 = CARTESIAN_POINT('',(1.161047838115,11.591926187285,
    -18.1797884082));
#2268 = CARTESIAN_POINT('',(1.961090644349,17.318958956326,
    -17.38399587189));
#2269 = CARTESIAN_POINT('',(2.441116328089,20.755178617751,
    -16.90652035011));
#2270 = CARTESIAN_POINT('',(2.83963267619,22.261175254094,
    -16.56486341363));
#2271 = CARTESIAN_POINT('',(3.044323561918,22.733502605991,
    -16.38755727118));
#2272 = CARTESIAN_POINT('',(3.613198975026,23.642103243028,
    -15.88031170439));
#2273 = CARTESIAN_POINT('',(3.990765673931,24.060227196567,
    -15.53787183343));
#2274 = CARTESIAN_POINT('',(4.49631456568,24.457848762604,
    -14.98910850678));
#2275 = CARTESIAN_POINT('',(3.049505780036,2.953979855725,
    -1.516797064572));
#2276 = CARTESIAN_POINT('',(2.536512235043,3.126123690064,-1.85290950317
    ));
#2277 = CARTESIAN_POINT('',(2.155412315561,3.350828239126,
    -2.275860939107));
#2278 = CARTESIAN_POINT('',(1.581317979066,3.897513902336,
    -3.204608414867));
#2279 = CARTESIAN_POINT('',(1.380525699301,4.199723110934,
    -3.697704970975));
#2280 = CARTESIAN_POINT('',(1.050121048055,5.192968470795,
    -5.276082125364));
#2281 = CARTESIAN_POINT('',(0.78294918104,7.50240448551,-8.793763589836)
  );
#2282 = CARTESIAN_POINT('',(0.337662736015,11.351464510036,
    -14.65656603062));
#2283 = CARTESIAN_POINT('',(1.195151041705,17.761124021265,
    -13.53581831599));
#2284 = CARTESIAN_POINT('',(1.709644025119,21.606919728003,
    -12.86336968721));
#2285 = CARTESIAN_POINT('',(2.193819352719,23.302317628569,
    -12.43621810616));
#2286 = CARTESIAN_POINT('',(2.457783918826,23.828746453314,
    -12.27553780831));
#2287 = CARTESIAN_POINT('',(3.188637897863,24.808512760909,
    -11.89705757399));
#2288 = CARTESIAN_POINT('',(3.663242347453,25.232164069838,
    -11.65905983523));
#2289 = CARTESIAN_POINT('',(4.29034550679,25.576289356105,
    -11.42777406856));
#2290 = CARTESIAN_POINT('',(2.974001887729,2.91791851341,-0.257905883188
    ));
#2291 = CARTESIAN_POINT('',(2.434021975727,3.094457604649,-0.51719480196
    ));
#2292 = CARTESIAN_POINT('',(2.022641914094,3.31906664432,-0.923781475002
    ));
#2293 = CARTESIAN_POINT('',(1.396411287767,3.863377993516,-1.78023047154
    ));
#2294 = CARTESIAN_POINT('',(1.172318435826,4.163754583531,
    -2.244820156106));
#2295 = CARTESIAN_POINT('',(0.807393584717,5.147671253779,-3.72705134715
    ));
#2296 = CARTESIAN_POINT('',(0.511121031386,7.423780709521,
    -7.079053477962));
#2297 = CARTESIAN_POINT('',(1.733344250111E-02,11.217296469089,
    -12.66572369598));
#2298 = CARTESIAN_POINT('',(0.915643158005,17.998122885024,
    -11.37153583664));
#2299 = CARTESIAN_POINT('',(1.454628987308,22.066618734585,
    -10.59502312103));
#2300 = CARTESIAN_POINT('',(1.973497886248,23.851537536385,
    -10.17935190774));
#2301 = CARTESIAN_POINT('',(2.26367600226,24.404841969632,
    -10.02360382808));
#2302 = CARTESIAN_POINT('',(3.053993809645,25.420458857232,
    -9.696149952138));
#2303 = CARTESIAN_POINT('',(3.561676113279,25.848694301623,
    -9.474675671777));
#2304 = CARTESIAN_POINT('',(4.220503204444,26.182829693184,
    -9.366776458696));
#2305 = CARTESIAN_POINT('',(2.840532100418,2.843745129992,4.021469906076
    ));
#2306 = CARTESIAN_POINT('',(2.264414228353,3.022301359885,3.786578675779
    ));
#2307 = CARTESIAN_POINT('',(1.816168952606,3.246645720652,3.492964637907
    ));
#2308 = CARTESIAN_POINT('',(1.111487295591,3.764016638494,2.817652350801
    ));
#2309 = CARTESIAN_POINT('',(0.855050914322,4.057043195569,2.435954101568
    ));
#2310 = CARTESIAN_POINT('',(0.277550664993,5.004805063106,1.202775142505
    ));
#2311 = CARTESIAN_POINT('',(-0.110214255754,7.175057583416,
    -1.615919621065));
#2312 = CARTESIAN_POINT('',(-0.756489123666,10.792145117266,
    -6.313744227017));
#2313 = CARTESIAN_POINT('',(0.275154093431,18.678499658558,
    -4.532013094077));
#2314 = CARTESIAN_POINT('',(0.894140023689,23.410312383334,
    -3.462974414313));
#2315 = CARTESIAN_POINT('',(1.651538877767,25.484969966321,
    -2.971662781086));
#2316 = CARTESIAN_POINT('',(1.978656143951,26.12798103075,
    -2.815093521119));
#2317 = CARTESIAN_POINT('',(2.856843620794,27.268378769907,
    -2.523558854514));
#2318 = CARTESIAN_POINT('',(3.407913831453,27.765765444636,
    -2.388593447875));
#2319 = CARTESIAN_POINT('',(4.108286005094,28.166069192898,
    -2.26803061012));
#2320 = CARTESIAN_POINT('',(2.773950110849,2.765337495028,
    13.800367305918));
#2321 = CARTESIAN_POINT('',(2.181186741391,2.92429181618,13.666450425581
    ));
#2322 = CARTESIAN_POINT('',(1.712134593904,3.12413379102,13.49905432516)
  );
#2323 = CARTESIAN_POINT('',(0.959597131886,3.585149221232,
    13.114043294191));
#2324 = CARTESIAN_POINT('',(0.676111817354,3.846322676603,
    12.896428363643));
#2325 = CARTESIAN_POINT('',(1.122270671511E-02,4.691174523249,
    12.193364741874));
#2326 = CARTESIAN_POINT('',(-0.57628818274,6.626204138667,10.58636217783
    ));
#2327 = CARTESIAN_POINT('',(-1.555472998499,9.851253497696,7.90802457109
    ));
#2328 = CARTESIAN_POINT('',(-0.213685689618,19.916773934659,
    10.533733609106));
#2329 = CARTESIAN_POINT('',(0.59138669571,25.956086196836,
    12.109159031916));
#2330 = CARTESIAN_POINT('',(1.431065476133,28.610052692249,
    12.796430532555));
#2331 = CARTESIAN_POINT('',(1.7838155009,29.433759918107,13.008780830973
    ));
#2332 = CARTESIAN_POINT('',(2.707886844314,30.898329551985,
    13.383260822428));
#2333 = CARTESIAN_POINT('',(3.27920816296,31.539191960005,
    13.545390515463));
#2334 = CARTESIAN_POINT('',(3.996243677526,32.058157822799,
    13.67403980491));
#2335 = CARTESIAN_POINT('',(2.685174124756,2.660793981742,
    26.838897172375));
#2336 = CARTESIAN_POINT('',(2.070216758776,2.793612424573,
    26.839612758652));
#2337 = CARTESIAN_POINT('',(1.573422115635,2.960784551511,
    26.840507241498));
#2338 = CARTESIAN_POINT('',(0.757076913612,3.346659331549,
    26.842564552044));
#2339 = CARTESIAN_POINT('',(0.43752635473,3.565361984648,26.843727379745
    ));
#2340 = CARTESIAN_POINT('',(-0.343881237655,4.273000470107,
    26.847484207699));
#2341 = CARTESIAN_POINT('',(-1.197720085388,5.894399545668,
    26.856071243024));
#2342 = CARTESIAN_POINT('',(-2.620784831609,8.59673133827,
    26.870382968564));
#2343 = CARTESIAN_POINT('',(-1.561773584449,18.23341557559,
    27.620585550855));
#2344 = CARTESIAN_POINT('',(-0.926366836153,24.015426117982,
    28.070707100229));
#2345 = CARTESIAN_POINT('',(-0.127142595959,26.60540917959,
    28.230827833093));
#2346 = CARTESIAN_POINT('',(0.219518961779,27.418566498527,
    28.27337807041));
#2347 = CARTESIAN_POINT('',(1.15360251028,28.894370031608,
    28.326008524133));
#2348 = CARTESIAN_POINT('',(1.741024501041,29.557016245752,
    28.336088740539));
#2349 = CARTESIAN_POINT('',(2.488953447151,30.119321723366,
    28.324522276337));
#2350 = CARTESIAN_POINT('',(2.760182283968,2.453843850255,
    44.492026383693));
#2351 = CARTESIAN_POINT('',(2.037689986993,2.534390476257,
    44.568417435193));
#2352 = CARTESIAN_POINT('',(1.417215276245,2.636268187336,
    44.706641292303));
#2353 = CARTESIAN_POINT('',(0.343838801788,2.874886345373,
    44.992537075332));
#2354 = CARTESIAN_POINT('',(-0.10906296192,3.011626792332,
    45.140209001251));
#2355 = CARTESIAN_POINT('',(-1.271102170602,3.462443085614,
    45.426070568603));
#2356 = CARTESIAN_POINT('',(-2.808516258197,4.526455481805,
    45.369176861693));
#2357 = CARTESIAN_POINT('',(-5.620242802869,6.250676190941,
    46.702373552951));
#2358 = CARTESIAN_POINT('',(-4.957819833779,14.006830626788,
    45.980218858159));
#2359 = CARTESIAN_POINT('',(-4.749968587424,18.264910986561,
    46.365696907345));
#2360 = CARTESIAN_POINT('',(-3.951747428399,20.348421133571,
    46.208067418908));
#2361 = CARTESIAN_POINT('',(-3.569957786083,21.035336177095,
    46.097129503925));
#2362 = CARTESIAN_POINT('',(-2.496097893129,22.309476633479,
    45.859274863621));
#2363 = CARTESIAN_POINT('',(-1.804027642492,22.896702046338,
    45.732358138301));
#2364 = CARTESIAN_POINT('',(-0.917392706174,23.391826167346,
    45.647857354816));
#2365 = CARTESIAN_POINT('',(3.035435609021,2.35214173632,55.336120115876
    ));
#2366 = CARTESIAN_POINT('',(2.347162384774,2.401266778949,
    55.434390435604));
#2367 = CARTESIAN_POINT('',(1.737849749957,2.461289866592,
    55.752831727183));
#2368 = CARTESIAN_POINT('',(0.644217544341,2.61002191809,56.215371894859
    ));
#2369 = CARTESIAN_POINT('',(0.168951364987,2.692821158373,
    56.507529905572));
#2370 = CARTESIAN_POINT('',(-0.965585940721,2.973590207407,
    57.315819493564));
#2371 = CARTESIAN_POINT('',(-2.885856596757,3.655696204209,
    57.627035169177));
#2372 = CARTESIAN_POINT('',(-6.2879036449,4.776979388897,59.680130651494
    ));
#2373 = CARTESIAN_POINT('',(-5.89430250388,11.165620817204,
    58.041258644462));
#2374 = CARTESIAN_POINT('',(-5.824506654019,14.513780237127,
    57.941038202857));
#2375 = CARTESIAN_POINT('',(-5.396100516248,16.330709384798,
    57.23954395523));
#2376 = CARTESIAN_POINT('',(-5.057615505907,16.932224755688,
    56.972336234051));
#2377 = CARTESIAN_POINT('',(-4.079889210711,18.037097738748,
    56.543437952072));
#2378 = CARTESIAN_POINT('',(-3.405420847331,18.551561401101,
    56.225613538117));
#2379 = CARTESIAN_POINT('',(-2.559098574974,18.959377519506,
    56.124239197729));
#2380 = CARTESIAN_POINT('',(3.201422666679,2.330103422821,
    58.519996363311));
#2381 = CARTESIAN_POINT('',(2.556720636252,2.36875324568,58.714880245566
    ));
#2382 = CARTESIAN_POINT('',(1.992014084743,2.41820733892,59.044877847083
    ));
#2383 = CARTESIAN_POINT('',(0.950832471513,2.540074132735,
    59.621327231581));
#2384 = CARTESIAN_POINT('',(0.488396615139,2.607350023177,
    59.948255902878));
#2385 = CARTESIAN_POINT('',(-0.696925209162,2.830483441365,
    60.938370660931));
#2386 = CARTESIAN_POINT('',(-2.723177244436,3.391309573394,
    61.441826120585));
#2387 = CARTESIAN_POINT('',(-6.246801819508,4.333387881291,
    63.690010377717));
#2388 = CARTESIAN_POINT('',(-5.938038057765,10.273339031012,
    61.776824374201));
#2389 = CARTESIAN_POINT('',(-5.883825468408,13.357029253837,
    61.441835124723));
#2390 = CARTESIAN_POINT('',(-5.43243052196,15.094073758506,
    60.551665187647));
#2391 = CARTESIAN_POINT('',(-5.128460811458,15.659749743311,
    60.246824439677));
#2392 = CARTESIAN_POINT('',(-4.235278432008,16.719991663796,
    59.702931893393));
#2393 = CARTESIAN_POINT('',(-3.624204784794,17.214766330439,
    59.381096618023));
#2394 = CARTESIAN_POINT('',(-2.812792943104,17.622420127407,
    59.186147407889));
#2395 = CARTESIAN_POINT('',(3.689359574504,2.308272769743,
    64.211145205908));
#2396 = CARTESIAN_POINT('',(3.211261935959,2.329712789289,
    64.673780284225));
#2397 = CARTESIAN_POINT('',(2.777313733371,2.360549016206,
    65.060109636972));
#2398 = CARTESIAN_POINT('',(1.933288065877,2.437442270035,
    65.751687445188));
#2399 = CARTESIAN_POINT('',(1.528091634315,2.479601735328,
    66.089642287701));
#2400 = CARTESIAN_POINT('',(0.368435393285,2.622682768043,67.03097168523
    ));
#2401 = CARTESIAN_POINT('',(-1.762836978602,2.989041971257,
    67.914338922233));
#2402 = CARTESIAN_POINT('',(-5.23943131897,3.673029484042,
    70.470270418638));
#2403 = CARTESIAN_POINT('',(-5.075384661244,8.833133550985,
    68.100478751972));
#2404 = CARTESIAN_POINT('',(-5.014036766969,11.471906508136,
    67.308720553787));
#2405 = CARTESIAN_POINT('',(-4.656000275018,12.903245934887,
    66.426934689601));
#2406 = CARTESIAN_POINT('',(-4.43695939666,13.370651406872,
    66.105959246827));
#2407 = CARTESIAN_POINT('',(-3.808762709115,14.275876287024,
    65.444267144732));
#2408 = CARTESIAN_POINT('',(-3.370928988038,14.715249962936,
    65.075292830937));
#2409 = CARTESIAN_POINT('',(-2.753623271217,15.152755751195,
    64.627831384264));
#2410 = CARTESIAN_POINT('',(4.01667207606,2.308433725513,66.764464869611
    ));
#2411 = CARTESIAN_POINT('',(3.652786556108,2.324183686825,
    67.319723620961));
#2412 = CARTESIAN_POINT('',(3.306609094238,2.34813479584,67.604071998713
    ));
#2413 = CARTESIAN_POINT('',(2.60072574829,2.411775992291,68.226332246623
    ));
#2414 = CARTESIAN_POINT('',(2.240482343041,2.448754764701,
    68.543239472261));
#2415 = CARTESIAN_POINT('',(1.165135264174,2.557988860762,
    69.501021542162));
#2416 = CARTESIAN_POINT('',(-0.965176065089,2.851160999935,
    70.572060772474));
#2417 = CARTESIAN_POINT('',(-4.273162643823,3.4562625944,73.240650733337
    ));
#2418 = CARTESIAN_POINT('',(-4.168995710839,8.285209857149,
    70.688567400004));
#2419 = CARTESIAN_POINT('',(-4.084929251142,10.743534745725,
    69.674809060984));
#2420 = CARTESIAN_POINT('',(-3.773026998506,12.026753150899,
    68.76016126742));
#2421 = CARTESIAN_POINT('',(-3.630592737133,12.449246234343,
    68.455687449222));
#2422 = CARTESIAN_POINT('',(-3.201511443929,13.228527933221,
    67.856906673863));
#2423 = CARTESIAN_POINT('',(-2.896402255736,13.564140451111,
    67.583459905406));
#2424 = CARTESIAN_POINT('',(-2.43648796977,13.999475879533,
    67.051403148282));
#2425 = CARTESIAN_POINT('',(4.404946696353,2.322058402832,
    68.751940592214));
#2426 = CARTESIAN_POINT('',(4.172047645667,2.335383729772,
    69.306579778882));
#2427 = CARTESIAN_POINT('',(3.948062220334,2.356640929919,
    69.603233446633));
#2428 = CARTESIAN_POINT('',(3.461176585146,2.409103600088,
    70.157130205832));
#2429 = CARTESIAN_POINT('',(3.196028530191,2.44052529871,70.417308276241
    ));
#2430 = CARTESIAN_POINT('',(2.323052286128,2.551863618882,
    71.159268562944));
#2431 = CARTESIAN_POINT('',(0.279006944441,2.813919226388,
    72.343875339302));
#2432 = CARTESIAN_POINT('',(-2.645382558324,3.418679562978,
    75.087570943137));
#2433 = CARTESIAN_POINT('',(-2.580907592294,8.026856105332,
    72.413959832025));
#2434 = CARTESIAN_POINT('',(-2.466255946241,10.349916271003,
    71.26383933015));
#2435 = CARTESIAN_POINT('',(-2.413906984819,11.439295131822,
    70.541277501369));
#2436 = CARTESIAN_POINT('',(-2.361487936989,11.774986684895,
    70.289308083018));
#2437 = CARTESIAN_POINT('',(-2.185386829692,12.401937923143,
    69.755550736359));
#2438 = CARTESIAN_POINT('',(-2.060495627377,12.696144106504,
    69.470946116082));
#2439 = CARTESIAN_POINT('',(-1.809490859158,13.086384282526,
    68.940693923682));
#2440 = DEFINITIONAL_REPRESENTATION('',(#2441),#2445);
#2441 = LINE('',#2442,#2443);
#2442 = CARTESIAN_POINT('',(4.440892098501E-16,2.));
#2443 = VECTOR('',#2444,1.);
#2444 = DIRECTION('',(-1.,-3.330669073875E-16));
#2445 = ( GEOMETRIC_REPRESENTATION_CONTEXT(2) 
PARAMETRIC_REPRESENTATION_CONTEXT() REPRESENTATION_CONTEXT('2D SPACE',''
  ) );
#2446 = ORIENTED_EDGE('',*,*,#2447,.T.);
#2447 = EDGE_CURVE('',#2203,#2448,#2450,.T.);
#2448 = VERTEX_POINT('',#2449);
#2449 = CARTESIAN_POINT('',(55.557564928169,13.207841180493,
    68.940693923682));
#2450 = SURFACE_CURVE('',#2451,(#2467,#2474),.PCURVE_S1.);
#2451 = ( BOUNDED_CURVE() B_SPLINE_CURVE(3,(#2452,#2453,#2454,#2455,
    #2456,#2457,#2458,#2459,#2460,#2461,#2462,#2463,#2464,#2465,#2466),
.UNSPECIFIED.,.F.,.F.) B_SPLINE_CURVE_WITH_KNOTS((4,2,2,1,1,1,2,2,4),(
-2.,-1.875,-1.75,-1.5,-1.,-0.5,-0.25,-0.125,0.),.UNSPECIFIED.) CURVE() 
GEOMETRIC_REPRESENTATION_ITEM() RATIONAL_B_SPLINE_CURVE((1.,
    0.999125761318,1.003910731267,1.008462124863,1.00822854851,1.,1.,1.,
    1.,1.,1.008226881121,1.008460080563,1.003908290919,0.999123301832,1.
)) REPRESENTATION_ITEM('') );
#2452 = CARTESIAN_POINT('',(-1.809490859158,13.086384282526,
    68.940693923682));
#2453 = CARTESIAN_POINT('',(-1.243615048184,13.018078055525,
    69.359225915804));
#2454 = CARTESIAN_POINT('',(-0.473194097453,13.066333055977,
    69.520633645112));
#2455 = CARTESIAN_POINT('',(1.399816067514,13.21512947561,
    69.758503754943));
#2456 = CARTESIAN_POINT('',(2.510228864747,13.316175508205,
    69.836533619225));
#2457 = CARTESIAN_POINT('',(6.41616274055,13.704204455378,
    69.951006778726));
#2458 = CARTESIAN_POINT('',(15.07653212092,14.78358853085,
    69.688437285085));
#2459 = CARTESIAN_POINT('',(26.867797067733,16.094401258912,
    69.619296651446));
#2460 = CARTESIAN_POINT('',(38.664506758214,14.833528730664,
    69.688437285085));
#2461 = CARTESIAN_POINT('',(47.329368998547,13.790825444547,
    69.951006778726));
#2462 = CARTESIAN_POINT('',(51.235874926147,13.422139141759,
    69.831805530568));
#2463 = CARTESIAN_POINT('',(52.346625206305,13.326004711693,
    69.75341473475));
#2464 = CARTESIAN_POINT('',(54.220609017006,13.184121576728,
    69.517232530808));
#2465 = CARTESIAN_POINT('',(54.991671592179,13.137889797219,
    69.357893143862));
#2466 = CARTESIAN_POINT('',(55.557564928169,13.207841180493,
    68.940693923682));
#2467 = PCURVE('',#68,#2468);
#2468 = DEFINITIONAL_REPRESENTATION('',(#2469),#2473);
#2469 = LINE('',#2470,#2471);
#2470 = CARTESIAN_POINT('',(0.,2.));
#2471 = VECTOR('',#2472,1.);
#2472 = DIRECTION('',(-1.,-1.110223024625E-16));
#2473 = ( GEOMETRIC_REPRESENTATION_CONTEXT(2) 
PARAMETRIC_REPRESENTATION_CONTEXT() REPRESENTATION_CONTEXT('2D SPACE',''
  ) );
#2474 = PCURVE('',#2475,#2701);
#2475 = ( BOUNDED_SURFACE() B_SPLINE_SURFACE(3,3,(
    (#2476,#2477,#2478,#2479,#2480,#2481,#2482,#2483,#2484,#2485,#2486
      ,#2487,#2488,#2489,#2490)
    ,(#2491,#2492,#2493,#2494,#2495,#2496,#2497,#2498,#2499,#2500,#2501
      ,#2502,#2503,#2504,#2505)
    ,(#2506,#2507,#2508,#2509,#2510,#2511,#2512,#2513,#2514,#2515,#2516
      ,#2517,#2518,#2519,#2520)
    ,(#2521,#2522,#2523,#2524,#2525,#2526,#2527,#2528,#2529,#2530,#2531
      ,#2532,#2533,#2534,#2535)
    ,(#2536,#2537,#2538,#2539,#2540,#2541,#2542,#2543,#2544,#2545,#2546
      ,#2547,#2548,#2549,#2550)
    ,(#2551,#2552,#2553,#2554,#2555,#2556,#2557,#2558,#2559,#2560,#2561
      ,#2562,#2563,#2564,#2565)
    ,(#2566,#2567,#2568,#2569,#2570,#2571,#2572,#2573,#2574,#2575,#2576
      ,#2577,#2578,#2579,#2580)
    ,(#2581,#2582,#2583,#2584,#2585,#2586,#2587,#2588,#2589,#2590,#2591
      ,#2592,#2593,#2594,#2595)
    ,(#2596,#2597,#2598,#2599,#2600,#2601,#2602,#2603,#2604,#2605,#2606
      ,#2607,#2608,#2609,#2610)
    ,(#2611,#2612,#2613,#2614,#2615,#2616,#2617,#2618,#2619,#2620,#2621
      ,#2622,#2623,#2624,#2625)
    ,(#2626,#2627,#2628,#2629,#2630,#2631,#2632,#2633,#2634,#2635,#2636
      ,#2637,#2638,#2639,#2640)
    ,(#2641,#2642,#2643,#2644,#2645,#2646,#2647,#2648,#2649,#2650,#2651
      ,#2652,#2653,#2654,#2655)
    ,(#2656,#2657,#2658,#2659,#2660,#2661,#2662,#2663,#2664,#2665,#2666
      ,#2667,#2668,#2669,#2670)
    ,(#2671,#2672,#2673,#2674,#2675,#2676,#2677,#2678,#2679,#2680,#2681
      ,#2682,#2683,#2684,#2685)
    ,(#2686,#2687,#2688,#2689,#2690,#2691,#2692,#2693,#2694,#2695,#2696
      ,#2697,#2698,#2699,#2700
)),.UNSPECIFIED.,.F.,.F.,.F.) B_SPLINE_SURFACE_WITH_KNOTS((4,2,2,1,1,1,2
    ,2,4),(4,2,2,1,1,1,2,2,4),(0.,0.125,0.25,0.5,1.,1.5,1.75,1.875,2.),(
    0.,0.125,0.25,0.5,1.,1.5,1.75,1.875,2.),.UNSPECIFIED.) 
GEOMETRIC_REPRESENTATION_ITEM() RATIONAL_B_SPLINE_SURFACE((
    (1.,0.999125761318,1.003910731267,1.008462124863,1.00822854851,1.,1.
      ,1.,1.,1.,1.008226881121,1.008460080563,1.003908290919
      ,0.999123301832,1.)
    ,(0.999123301832,0.994539417608,1.001323012213,1.007968435179
      ,1.00695426574,1.,1.,1.,1.,1.,1.006841604147,1.007885221911
      ,1.001312045683,0.994539417608,0.999125761318)
    ,(1.003908290919,1.001312045683,1.002733937238,1.006882956252
      ,1.006266074724,1.,1.,1.,1.,1.,1.006005187683,1.006736844174
      ,1.002733937238,1.001323012213,1.003910731267)
    ,(1.008460080563,1.007885221911,1.006736844174,1.008898494174
      ,1.008813422332,1.,1.,1.,1.,1.,1.008675606944,1.008898494174
      ,1.006882956252,1.007968435179,1.008462124863)
    ,(1.008226881121,1.006841604147,1.006005187683,1.008675606944
      ,1.008509167915,1.,1.,1.,1.,1.,1.008509167915,1.008813422332
      ,1.006266074724,1.00695426574,1.00822854851)
    ,(1.,1.,1.,1.,1.,1.,1.,1.,1.,1.,1.,1.,1.,1.,1.)
    ,(1.,1.,1.,1.,1.,1.,1.,1.,1.,1.,1.,1.,1.,1.,1.)
    ,(1.,1.,1.,1.,1.,1.,1.,1.,1.,1.,1.,1.,1.,1.,1.)
    ,(1.,1.,1.,1.,1.,1.,1.,1.,1.,1.,1.,1.,1.,1.,1.)
    ,(1.,1.,1.,1.,1.,1.,1.,1.,1.,1.,1.,1.,1.,1.,1.)
    ,(1.00822854851,1.00695426574,1.006266074724,1.008813422332
      ,1.008509167915,1.,1.,1.,1.,1.,1.008509167915,1.008675606944
      ,1.006005187683,1.006841604147,1.008226881121)
    ,(1.008462124863,1.007968435179,1.006882956252,1.008898494174
      ,1.008675606944,1.,1.,1.,1.,1.,1.008813422332,1.008898494174
      ,1.006736844174,1.007885221911,1.008460080563)
    ,(1.003910731267,1.001323012213,1.002733937238,1.006736844174
      ,1.006005187683,1.,1.,1.,1.,1.,1.006266074724,1.006882956252
      ,1.002733937238,1.001312045683,1.003908290919)
    ,(0.999125761318,0.994539417608,1.001312045683,1.007885221911
      ,1.006841604147,1.,1.,1.,1.,1.,1.00695426574,1.007968435179
      ,1.001323012213,0.994539417608,0.999123301832)
    ,(1.,0.999123301832,1.003908290919,1.008460080563,1.008226881121,1.
      ,1.,1.,1.,1.,1.00822854851,1.008462124863,1.003910731267
,0.999125761318,1.))) REPRESENTATION_ITEM('') SURFACE() );
#2476 = CARTESIAN_POINT('',(49.388763104518,2.417297642927,
    68.751940592214));
#2477 = CARTESIAN_POINT('',(48.960997532276,2.409033286582,
    69.196795039291));
#2478 = CARTESIAN_POINT('',(48.461650563912,2.410239533311,
    69.371497956988));
#2479 = CARTESIAN_POINT('',(47.256145916829,2.423662736576,
    69.634028310113));
#2480 = CARTESIAN_POINT('',(46.544921327486,2.435896803215,
    69.723554690933));
#2481 = CARTESIAN_POINT('',(44.051935946879,2.489792336612,
    69.870534122847));
#2482 = CARTESIAN_POINT('',(38.292509436863,2.608368102307,
    69.660264249844));
#2483 = CARTESIAN_POINT('',(26.895764744078,2.884585464237,
    69.660264249845));
#2484 = CARTESIAN_POINT('',(15.500291825868,2.560112670494,
    69.660264249845));
#2485 = CARTESIAN_POINT('',(9.741419041111,2.417150488536,
    69.870534122847));
#2486 = CARTESIAN_POINT('',(7.249131985043,2.352561669114,
    69.718590528502));
#2487 = CARTESIAN_POINT('',(6.537994687752,2.337306673502,
    69.628684834288));
#2488 = CARTESIAN_POINT('',(5.332380032753,2.318832435198,
    69.367925241872));
#2489 = CARTESIAN_POINT('',(4.832834420552,2.315575236236,
    69.195392872164));
#2490 = CARTESIAN_POINT('',(4.404946696353,2.322058402832,
    68.751940592214));
#2491 = CARTESIAN_POINT('',(49.622181316453,2.431587048113,
    69.30529544781));
#2492 = CARTESIAN_POINT('',(49.183796769742,2.419603044557,
    70.046066557912));
#2493 = CARTESIAN_POINT('',(48.647119414741,2.422388238902,
    70.322095803294));
#2494 = CARTESIAN_POINT('',(47.333094174555,2.442534941788,
    70.660369935662));
#2495 = CARTESIAN_POINT('',(46.592001729375,2.459132390641,
    70.746029295548));
#2496 = CARTESIAN_POINT('',(44.149551656326,2.523318036353,
    70.80273115018));
#2497 = CARTESIAN_POINT('',(38.396467062843,2.656722015567,
    70.638292927667));
#2498 = CARTESIAN_POINT('',(26.895589245155,2.967477886968,
    70.638292927667));
#2499 = CARTESIAN_POINT('',(15.396130384036,2.608025956359,
    70.638292927667));
#2500 = CARTESIAN_POINT('',(9.643662246935,2.450262547767,70.80273115018
    ));
#2501 = CARTESIAN_POINT('',(7.200577022779,2.375616219423,
    70.739950480843));
#2502 = CARTESIAN_POINT('',(6.459905675116,2.355854340973,
    70.653836167271));
#2503 = CARTESIAN_POINT('',(5.146994145939,2.330202648328,
    70.318799677157));
#2504 = CARTESIAN_POINT('',(4.610405672379,2.325232672641,
    70.045975156392));
#2505 = CARTESIAN_POINT('',(4.172047645667,2.335383729772,
    69.306579778882));
#2506 = CARTESIAN_POINT('',(49.847184387973,2.453760945018,
    69.600003327817));
#2507 = CARTESIAN_POINT('',(49.393927998983,2.442591950343,
    70.445272549212));
#2508 = CARTESIAN_POINT('',(48.833727813416,2.445349825948,
    70.885417658638));
#2509 = CARTESIAN_POINT('',(47.481815916562,2.469561203555,
    71.341672412251));
#2510 = CARTESIAN_POINT('',(46.740820624359,2.48836728912,
    71.459531578758));
#2511 = CARTESIAN_POINT('',(44.269088640668,2.561034490616,
    71.556981652082));
#2512 = CARTESIAN_POINT('',(38.516674600403,2.711120167984,
    71.426075190217));
#2513 = CARTESIAN_POINT('',(26.895391808866,3.060731862541,
    71.426075190217));
#2514 = CARTESIAN_POINT('',(15.275693582823,2.661914619236,
    71.426075190217));
#2515 = CARTESIAN_POINT('',(9.523966629228,2.487472501403,
    71.556981652082));
#2516 = CARTESIAN_POINT('',(7.049946343703,2.404141313846,
    71.448275441461));
#2517 = CARTESIAN_POINT('',(6.309972242711,2.382261826588,
    71.334077554066));
#2518 = CARTESIAN_POINT('',(4.960629088851,2.35245252047,70.885282446072
    ));
#2519 = CARTESIAN_POINT('',(4.401499708613,2.347391918529,
    70.448173685409));
#2520 = CARTESIAN_POINT('',(3.948062220334,2.356640929919,
    69.603233446633));
#2521 = CARTESIAN_POINT('',(50.33477045779,2.508259352053,
    70.152317140186));
#2522 = CARTESIAN_POINT('',(49.871244290472,2.500841715676,
    71.091090535121));
#2523 = CARTESIAN_POINT('',(49.270968515286,2.50602048208,
    71.645023187012));
#2524 = CARTESIAN_POINT('',(47.842185160593,2.537659449357,
    72.337695650215));
#2525 = CARTESIAN_POINT('',(47.06807331857,2.560040661614,
    72.548054045613));
#2526 = CARTESIAN_POINT('',(44.551626489007,2.643724915092,
    72.801190148513));
#2527 = CARTESIAN_POINT('',(38.765159857021,2.832564147919,
    72.720791821924));
#2528 = CARTESIAN_POINT('',(26.894958545899,3.265372531159,
    72.720791821923));
#2529 = CARTESIAN_POINT('',(15.026696316456,2.782305334658,
    72.720791821924));
#2530 = CARTESIAN_POINT('',(9.241081172884,2.568965817892,
    72.801190148513));
#2531 = CARTESIAN_POINT('',(6.721661906273,2.474591502021,
    72.540583740376));
#2532 = CARTESIAN_POINT('',(5.949012144726,2.448984867891,
    72.338046303381));
#2533 = CARTESIAN_POINT('',(4.523802678395,2.411422965704,
    71.652657477819));
#2534 = CARTESIAN_POINT('',(3.924291001864,2.403683090754,
    71.097347381113));
#2535 = CARTESIAN_POINT('',(3.461176585146,2.409103600088,
    70.157130205832));
#2536 = CARTESIAN_POINT('',(50.59961062949,2.540809287461,
    70.412839573937));
#2537 = CARTESIAN_POINT('',(50.119180540743,2.534613847587,
    71.351936301595));
#2538 = CARTESIAN_POINT('',(49.49640595338,2.540612796204,
    71.930094167663));
#2539 = CARTESIAN_POINT('',(48.042496923548,2.575443210161,
    72.712921834187));
#2540 = CARTESIAN_POINT('',(47.25709564831,2.599249303863,
    72.970096794214));
#2541 = CARTESIAN_POINT('',(44.714627353004,2.688698885304,
    73.291148143041));
#2542 = CARTESIAN_POINT('',(38.893437576077,2.899609975437,
    73.227726191081));
#2543 = CARTESIAN_POINT('',(26.89472271922,3.376759224204,
    73.227726191081));
#2544 = CARTESIAN_POINT('',(14.8981358513,2.848807387204,73.227726191081
    ));
#2545 = CARTESIAN_POINT('',(9.077891334245,2.613249180745,
    73.291148143041));
#2546 = CARTESIAN_POINT('',(6.533963187294,2.513046337052,
    72.970426956838));
#2547 = CARTESIAN_POINT('',(5.749217091483,2.485969993886,
    72.721217823773));
#2548 = CARTESIAN_POINT('',(4.298879333952,2.445137977912,
    71.941432312146));
#2549 = CARTESIAN_POINT('',(3.675615463903,2.43639494435,71.357900079497
    ));
#2550 = CARTESIAN_POINT('',(3.196028530191,2.44052529871,70.417308276241
    ));
#2551 = CARTESIAN_POINT('',(51.469665772912,2.655916287052,
    71.159268562944));
#2552 = CARTESIAN_POINT('',(50.890725420498,2.650402175406,
    71.988392073336));
#2553 = CARTESIAN_POINT('',(50.221419589703,2.659147718074,
    72.614564874689));
#2554 = CARTESIAN_POINT('',(48.731755018012,2.697136187043,
    73.557101773756));
#2555 = CARTESIAN_POINT('',(47.911396277117,2.726379113346,
    73.873465871468));
#2556 = CARTESIAN_POINT('',(45.268257759278,2.832821080217,
    74.501984180792));
#2557 = CARTESIAN_POINT('',(39.25373154299,3.120557765817,
    74.476724864189));
#2558 = CARTESIAN_POINT('',(26.893965880113,3.734232797233,
    74.476724864189));
#2559 = CARTESIAN_POINT('',(14.536909542143,3.068227582811,
    74.476724864189));
#2560 = CARTESIAN_POINT('',(8.523655626125,2.755025813737,
    74.501984180792));
#2561 = CARTESIAN_POINT('',(5.880991517357,2.637392803827,
    73.873465871468));
#2562 = CARTESIAN_POINT('',(5.060763955974,2.604676446295,
    73.557101773756));
#2563 = CARTESIAN_POINT('',(3.571273595848,2.560380543353,72.61456487469
    ));
#2564 = CARTESIAN_POINT('',(2.902010797105,2.548800997942,
    71.988392073336));
#2565 = CARTESIAN_POINT('',(2.323052286128,2.551863618882,
    71.159268562944));
#2566 = CARTESIAN_POINT('',(53.512583152347,2.926624766967,
    72.343875339302));
#2567 = CARTESIAN_POINT('',(52.890576072113,2.905369888387,
    73.229782622715));
#2568 = CARTESIAN_POINT('',(52.156832933013,2.908801899985,
    73.894213085276));
#2569 = CARTESIAN_POINT('',(50.507402599056,2.953482586695,
    74.890858779116));
#2570 = CARTESIAN_POINT('',(49.591715404199,2.994731261807,
    75.223074010396));
#2571 = CARTESIAN_POINT('',(46.634029828958,3.157866607153,
    75.887504472956));
#2572 = CARTESIAN_POINT('',(39.876162715789,3.641694577886,
    75.887504472956));
#2573 = CARTESIAN_POINT('',(26.89225476561,4.542433918864,
    75.887504472957));
#2574 = CARTESIAN_POINT('',(13.912277269067,3.586724125904,
    75.887504472956));
#2575 = CARTESIAN_POINT('',(7.156519441066,3.07428525745,75.887504472956
    ));
#2576 = CARTESIAN_POINT('',(4.199551154905,2.898627472165,
    75.223074010396));
#2577 = CARTESIAN_POINT('',(3.284046830825,2.85350181856,74.890858779116
    ));
#2578 = CARTESIAN_POINT('',(1.634820477975,2.801837252285,
    73.894213085276));
#2579 = CARTESIAN_POINT('',(0.901098449206,2.795298339615,
    73.229782622715));
#2580 = CARTESIAN_POINT('',(0.279006944441,2.813919226388,
    72.343875339302));
#2581 = CARTESIAN_POINT('',(56.434385665787,3.543762596832,
    75.087570943137));
#2582 = CARTESIAN_POINT('',(55.620582489534,3.521524946986,
    76.011031048036));
#2583 = CARTESIAN_POINT('',(54.641213261101,3.543382590908,
    76.703626126711));
#2584 = CARTESIAN_POINT('',(52.450953431829,3.651483527071,
    77.742518744723));
#2585 = CARTESIAN_POINT('',(51.24006283099,3.737726819311,78.08881628406
    ));
#2586 = CARTESIAN_POINT('',(47.409525067793,4.057327759676,
    78.781411362735));
#2587 = CARTESIAN_POINT('',(38.956985698682,4.940013894986,
    78.781411362735));
#2588 = CARTESIAN_POINT('',(26.888744787142,6.200282373491,
    78.781411362733));
#2589 = CARTESIAN_POINT('',(14.825948495767,4.888923929096,
    78.781411362735));
#2590 = CARTESIAN_POINT('',(6.377222513101,3.970454621141,
    78.781411362735));
#2591 = CARTESIAN_POINT('',(2.548072395546,3.634636674052,78.08881628406
    ));
#2592 = CARTESIAN_POINT('',(1.337557835323,3.543266809504,
    77.742518744723));
#2593 = CARTESIAN_POINT('',(-0.852224620237,3.425892496112,
    76.70362612671));
#2594 = CARTESIAN_POINT('',(-1.831492515574,3.399888047267,
    76.011031048036));
#2595 = CARTESIAN_POINT('',(-2.645382558324,3.418679562978,
    75.087570943137));
#2596 = CARTESIAN_POINT('',(56.350398604107,8.151624817018,
    72.413959832025));
#2597 = CARTESIAN_POINT('',(55.556908644653,8.01908683159,
    73.276656048036));
#2598 = CARTESIAN_POINT('',(54.592688885242,7.958219042926,
    73.923678210044));
#2599 = CARTESIAN_POINT('',(52.424986268698,7.942231476658,
    74.894211453056));
#2600 = CARTESIAN_POINT('',(51.221503411566,7.987111699054,
    75.21772253406));
#2601 = CARTESIAN_POINT('',(47.405454946879,8.223985809127,
    75.864744696068));
#2602 = CARTESIAN_POINT('',(38.950958444344,9.106667800817,
    75.864744696068));
#2603 = CARTESIAN_POINT('',(26.87992320596,10.366930363203,
    75.864744696068));
#2604 = CARTESIAN_POINT('',(14.814332587743,9.05556600269,
    75.864744696068));
#2605 = CARTESIAN_POINT('',(6.363649471652,8.137092551114,
    75.864744696068));
#2606 = CARTESIAN_POINT('',(2.548638227616,7.884062045567,75.21772253406
    ));
#2607 = CARTESIAN_POINT('',(1.345356198605,7.834086247092,
    74.894211453056));
#2608 = CARTESIAN_POINT('',(-0.822394681714,7.840894839021,
    73.923678210044));
#2609 = CARTESIAN_POINT('',(-1.786863533021,7.897679229424,
    73.276656048036));
#2610 = CARTESIAN_POINT('',(-2.580907592294,8.026856105332,
    72.413959832025));
#2611 = CARTESIAN_POINT('',(56.225911315256,10.474178680373,
    71.26383933015));
#2612 = CARTESIAN_POINT('',(55.417415279418,10.273944185483,
    72.058354464733));
#2613 = CARTESIAN_POINT('',(54.436174975393,10.156667294984,
    72.658605039808));
#2614 = CARTESIAN_POINT('',(52.244291217309,10.051197159709,
    73.562284377636));
#2615 = CARTESIAN_POINT('',(51.033647763248,10.063003914933,
    73.86571314039));
#2616 = CARTESIAN_POINT('',(47.231740755517,10.236802304599,
    74.468327670206));
#2617 = CARTESIAN_POINT('',(38.948020157855,11.137911579909,
    74.442869696068));
#2618 = CARTESIAN_POINT('',(26.875622685135,12.398171258187,
    74.442869696068));
#2619 = CARTESIAN_POINT('',(14.80866983258,11.086804013567,
    74.442869696068));
#2620 = CARTESIAN_POINT('',(6.528839118101,10.150626570054,
    74.468327670206));
#2621 = CARTESIAN_POINT('',(2.727702119,9.96073109945,73.86571314039));
#2622 = CARTESIAN_POINT('',(1.517119512323,9.943798151107,
    73.562284377636));
#2623 = CARTESIAN_POINT('',(-0.675191194072,10.039986118203,
    72.658605039808));
#2624 = CARTESIAN_POINT('',(-1.656919293791,10.153107033642,
    72.058354464733));
#2625 = CARTESIAN_POINT('',(-2.466255946241,10.349916271003,
    71.26383933015));
#2626 = CARTESIAN_POINT('',(56.166407274146,11.561834666836,
    70.545499525579));
#2627 = CARTESIAN_POINT('',(55.486308610169,11.262946410233,
    71.441190486491));
#2628 = CARTESIAN_POINT('',(54.543674149511,11.143964632065,
    71.996561670799));
#2629 = CARTESIAN_POINT('',(52.299507350563,11.078179092213,
    72.738239209122));
#2630 = CARTESIAN_POINT('',(51.090234526432,11.109640811034,
    72.9747840841));
#2631 = CARTESIAN_POINT('',(47.261550209827,11.394977540945,
    73.276197661998));
#2632 = CARTESIAN_POINT('',(38.894140950177,12.328885145357,
    73.202780806509));
#2633 = CARTESIAN_POINT('',(26.873100927246,13.589259025844,
    73.189816937701));
#2634 = CARTESIAN_POINT('',(14.857505547638,12.277995045917,
    73.202780806509));
#2635 = CARTESIAN_POINT('',(6.494125801334,11.3086651995,73.276197661998
    ));
#2636 = CARTESIAN_POINT('',(2.668988472014,11.007910347147,
    72.974449347594));
#2637 = CARTESIAN_POINT('',(1.460213795613,10.974971491949,
    72.730310270161));
#2638 = CARTESIAN_POINT('',(-0.788803425534,11.031968199482,
    71.985742831399));
#2639 = CARTESIAN_POINT('',(-1.731542031818,11.144353728899,
    71.435511478522));
#2640 = CARTESIAN_POINT('',(-2.413906984819,11.439295131822,
    70.541277501369));
#2641 = CARTESIAN_POINT('',(56.112397907489,11.897181528604,
    70.293855429177));
#2642 = CARTESIAN_POINT('',(55.476184003674,11.595586974585,
    71.18771229958));
#2643 = CARTESIAN_POINT('',(54.56037702002,11.48029546608,
    71.714904675351));
#2644 = CARTESIAN_POINT('',(52.33294564856,11.451625173661,
    72.364268464858));
#2645 = CARTESIAN_POINT('',(51.126261056016,11.50058785748,
    72.555274095249));
#2646 = CARTESIAN_POINT('',(47.290931119595,11.806330451162,
    72.796500743382));
#2647 = CARTESIAN_POINT('',(38.867446203546,12.755101613156,
    72.701225945063));
#2648 = CARTESIAN_POINT('',(26.872198425038,14.01553283509,
    72.681780141852));
#2649 = CARTESIAN_POINT('',(14.88239530143,12.704320727852,
    72.701225945063));
#2650 = CARTESIAN_POINT('',(6.46300333908,11.719890012645,
    72.796500743382));
#2651 = CARTESIAN_POINT('',(2.632121509484,11.395464990207,
    72.562365631317));
#2652 = CARTESIAN_POINT('',(1.424997880079,11.344695772301,
    72.363912484243));
#2653 = CARTESIAN_POINT('',(-0.806292473113,11.366526354499,
    71.707626082464));
#2654 = CARTESIAN_POINT('',(-1.723558259963,11.477006435395,
    71.18176546585));
#2655 = CARTESIAN_POINT('',(-2.361487936989,11.774986684895,
    70.289308083018));
#2656 = CARTESIAN_POINT('',(55.934650968213,12.523891374534,
    69.7586023711));
#2657 = CARTESIAN_POINT('',(55.367939954998,12.277141123804,
    70.558844073761));
#2658 = CARTESIAN_POINT('',(54.514855864589,12.208970066741,
    70.971302483456));
#2659 = CARTESIAN_POINT('',(52.381201187373,12.277857278446,
    71.39078969051));
#2660 = CARTESIAN_POINT('',(51.202809534322,12.36001055116,
    71.495343841768));
#2661 = CARTESIAN_POINT('',(47.334782605351,12.720130734251,
    71.584850271299));
#2662 = CARTESIAN_POINT('',(38.787832842897,13.708231180162,
    71.424425944057));
#2663 = CARTESIAN_POINT('',(26.870180104441,14.968834888632,
    71.385534337635));
#2664 = CARTESIAN_POINT('',(14.957972055622,13.657778861658,
    71.424425944057));
#2665 = CARTESIAN_POINT('',(6.415282888027,12.633496420639,
    71.584850271299));
#2666 = CARTESIAN_POINT('',(2.55141031195,12.252127892265,
    71.506077354824));
#2667 = CARTESIAN_POINT('',(1.372385539025,12.16653429936,
    71.398027449989));
#2668 = CARTESIAN_POINT('',(-0.763515574172,12.091601105744,
    70.971439902645));
#2669 = CARTESIAN_POINT('',(-1.617968819434,12.157406180226,
    70.556100536874));
#2670 = CARTESIAN_POINT('',(-2.185386829692,12.401937923143,
    69.755550736359));
#2671 = CARTESIAN_POINT('',(55.809702945617,12.818201920009,
    69.472159254759));
#2672 = CARTESIAN_POINT('',(55.277207036991,12.620895147351,
    70.171012826798));
#2673 = CARTESIAN_POINT('',(54.440825358387,12.625309577328,
    70.426542540578));
#2674 = CARTESIAN_POINT('',(52.372878675605,12.743939515242,
    70.735477611329));
#2675 = CARTESIAN_POINT('',(51.202479899539,12.839412145317,
    70.811777250417));
#2676 = CARTESIAN_POINT('',(47.349253181338,13.222578107123,
    70.852896717832));
#2677 = CARTESIAN_POINT('',(38.734914228879,14.235144279368,
    70.649180804498));
#2678 = CARTESIAN_POINT('',(26.869064286054,15.495863132927,
    70.597325329268));
#2679 = CARTESIAN_POINT('',(15.008659056021,14.184911313529,
    70.649180804498));
#2680 = CARTESIAN_POINT('',(6.398684899228,13.135878015488,
    70.852896717832));
#2681 = CARTESIAN_POINT('',(2.547865105982,12.733578253746,
    70.81757288395));
#2682 = CARTESIAN_POINT('',(1.377441132549,12.632748995764,
    70.741706347112));
#2683 = CARTESIAN_POINT('',(-0.691045508222,12.506686551475,
    70.429687710475));
#2684 = CARTESIAN_POINT('',(-1.527274818707,12.5004272841,
    70.171105063029));
#2685 = CARTESIAN_POINT('',(-2.060495627377,12.696144106504,
    69.470946116082));
#2686 = CARTESIAN_POINT('',(55.557564928169,13.207841180493,
    68.940693923682));
#2687 = CARTESIAN_POINT('',(54.991671592179,13.137889797219,
    69.357893143862));
#2688 = CARTESIAN_POINT('',(54.220609017006,13.184121576728,
    69.517232530808));
#2689 = CARTESIAN_POINT('',(52.346625206305,13.326004711693,
    69.75341473475));
#2690 = CARTESIAN_POINT('',(51.235874926147,13.422139141759,
    69.831805530568));
#2691 = CARTESIAN_POINT('',(47.329368998547,13.790825444547,
    69.951006778726));
#2692 = CARTESIAN_POINT('',(38.664506758214,14.833528730664,
    69.688437285085));
#2693 = CARTESIAN_POINT('',(26.867797067733,16.094401258912,
    69.619296651446));
#2694 = CARTESIAN_POINT('',(15.07653212092,14.78358853085,
    69.688437285085));
#2695 = CARTESIAN_POINT('',(6.41616274055,13.704204455378,
    69.951006778726));
#2696 = CARTESIAN_POINT('',(2.510228864747,13.316175508206,
    69.836533619225));
#2697 = CARTESIAN_POINT('',(1.399816067514,13.21512947561,
    69.758503754943));
#2698 = CARTESIAN_POINT('',(-0.473194097453,13.066333055977,
    69.520633645112));
#2699 = CARTESIAN_POINT('',(-1.243615048184,13.018078055525,
    69.359225915804));
#2700 = CARTESIAN_POINT('',(-1.809490859158,13.086384282526,
    68.940693923682));
#2701 = DEFINITIONAL_REPRESENTATION('',(#2702),#2706);
#2702 = LINE('',#2703,#2704);
#2703 = CARTESIAN_POINT('',(2.,-2.22044604925E-16));
#2704 = VECTOR('',#2705,1.);
#2705 = DIRECTION('',(8.881784197001E-16,-1.));
#2706 = ( GEOMETRIC_REPRESENTATION_CONTEXT(2) 
PARAMETRIC_REPRESENTATION_CONTEXT() REPRESENTATION_CONTEXT('2D SPACE',''
  ) );
#2707 = ORIENTED_EDGE('',*,*,#2708,.F.);
#2708 = EDGE_CURVE('',#1942,#2448,#2709,.T.);
#2709 = SURFACE_CURVE('',#2710,(#2725,#2732),.PCURVE_S1.);
#2710 = ( BOUNDED_CURVE() B_SPLINE_CURVE(3,(#2711,#2712,#2713,#2714,
    #2715,#2716,#2717,#2718,#2719,#2720,#2721,#2722,#2723,#2724),
.UNSPECIFIED.,.F.,.F.) B_SPLINE_CURVE_WITH_KNOTS((4,2,2,1,1,2,2,4),(0.,
0.125,0.25,0.5,1.,1.5,1.75,2.),.UNSPECIFIED.) CURVE() 
GEOMETRIC_REPRESENTATION_ITEM() RATIONAL_B_SPLINE_CURVE((1.,
    0.999673591097,1.003256005911,1.006613067109,1.006387713493,1.,1.,1.
    ,1.,1.01677191461,1.017908478598,1.011273458144,1.003501873701,1.)) 
REPRESENTATION_ITEM('') );
#2711 = CARTESIAN_POINT('',(48.84495649463,23.588966915347,-17.664568253
    ));
#2712 = CARTESIAN_POINT('',(49.06817356071,24.036310891515,
    -16.50104911698));
#2713 = CARTESIAN_POINT('',(49.20224079764,24.553111151306,
    -14.98889893982));
#2714 = CARTESIAN_POINT('',(49.402747426631,25.672729006476,
    -11.42745645722));
#2715 = CARTESIAN_POINT('',(49.470171045359,26.279495855219,
    -9.366480852095));
#2716 = CARTESIAN_POINT('',(49.5759883174,28.262332910894,-2.26803061012
    ));
#2717 = CARTESIAN_POINT('',(49.671549140126,32.154861075896,
    13.67403980491));
#2718 = CARTESIAN_POINT('',(51.187035585761,30.222424765911,
    28.324522276337));
#2719 = CARTESIAN_POINT('',(54.621837832536,23.509413213852,
    45.647857354816));
#2720 = CARTESIAN_POINT('',(56.287950702384,19.082014469743,
    56.125055542988));
#2721 = CARTESIAN_POINT('',(56.547735795714,17.745994938415,
    59.1870261062));
#2722 = CARTESIAN_POINT('',(56.497038887815,15.276783699736,
    64.628423377077));
#2723 = CARTESIAN_POINT('',(56.18233631707,14.123013721431,
    67.051640817245));
#2724 = CARTESIAN_POINT('',(55.557564928169,13.207841180493,
    68.940693923682));
#2725 = PCURVE('',#68,#2726);
#2726 = DEFINITIONAL_REPRESENTATION('',(#2727),#2731);
#2727 = LINE('',#2728,#2729);
#2728 = CARTESIAN_POINT('',(1.138289800202E-15,5.950896787612E-16));
#2729 = VECTOR('',#2730,1.);
#2730 = DIRECTION('',(-1.002184558496E-15,1.));
#2731 = ( GEOMETRIC_REPRESENTATION_CONTEXT(2) 
PARAMETRIC_REPRESENTATION_CONTEXT() REPRESENTATION_CONTEXT('2D SPACE',''
  ) );
#2732 = PCURVE('',#2733,#2944);
#2733 = ( BOUNDED_SURFACE() B_SPLINE_SURFACE(3,3,(
    (#2734,#2735,#2736,#2737,#2738,#2739,#2740,#2741,#2742,#2743,#2744
      ,#2745,#2746,#2747)
    ,(#2748,#2749,#2750,#2751,#2752,#2753,#2754,#2755,#2756,#2757,#2758
      ,#2759,#2760,#2761)
    ,(#2762,#2763,#2764,#2765,#2766,#2767,#2768,#2769,#2770,#2771,#2772
      ,#2773,#2774,#2775)
    ,(#2776,#2777,#2778,#2779,#2780,#2781,#2782,#2783,#2784,#2785,#2786
      ,#2787,#2788,#2789)
    ,(#2790,#2791,#2792,#2793,#2794,#2795,#2796,#2797,#2798,#2799,#2800
      ,#2801,#2802,#2803)
    ,(#2804,#2805,#2806,#2807,#2808,#2809,#2810,#2811,#2812,#2813,#2814
      ,#2815,#2816,#2817)
    ,(#2818,#2819,#2820,#2821,#2822,#2823,#2824,#2825,#2826,#2827,#2828
      ,#2829,#2830,#2831)
    ,(#2832,#2833,#2834,#2835,#2836,#2837,#2838,#2839,#2840,#2841,#2842
      ,#2843,#2844,#2845)
    ,(#2846,#2847,#2848,#2849,#2850,#2851,#2852,#2853,#2854,#2855,#2856
      ,#2857,#2858,#2859)
    ,(#2860,#2861,#2862,#2863,#2864,#2865,#2866,#2867,#2868,#2869,#2870
      ,#2871,#2872,#2873)
    ,(#2874,#2875,#2876,#2877,#2878,#2879,#2880,#2881,#2882,#2883,#2884
      ,#2885,#2886,#2887)
    ,(#2888,#2889,#2890,#2891,#2892,#2893,#2894,#2895,#2896,#2897,#2898
      ,#2899,#2900,#2901)
    ,(#2902,#2903,#2904,#2905,#2906,#2907,#2908,#2909,#2910,#2911,#2912
      ,#2913,#2914,#2915)
    ,(#2916,#2917,#2918,#2919,#2920,#2921,#2922,#2923,#2924,#2925,#2926
      ,#2927,#2928,#2929)
    ,(#2930,#2931,#2932,#2933,#2934,#2935,#2936,#2937,#2938,#2939,#2940
      ,#2941,#2942,#2943
)),.UNSPECIFIED.,.F.,.F.,.F.) B_SPLINE_SURFACE_WITH_KNOTS((4,2,2,1,1,1,2
    ,2,4),(4,2,2,1,1,2,2,4),(0.,0.125,0.25,0.5,1.,1.5,1.75,1.875,2.),(0.
    ,0.125,0.25,0.5,1.,1.5,1.75,2.),.UNSPECIFIED.) 
GEOMETRIC_REPRESENTATION_ITEM() RATIONAL_B_SPLINE_SURFACE((
    (1.,0.999673591097,1.003256005911,1.006613067109,1.006387713493,1.
      ,1.,1.,1.,1.01677191461,1.017908478598,1.011273458144
      ,1.003501873701,1.)
    ,(1.000163887618,0.99849765167,1.002584817228,1.006777861191
      ,1.006450255028,1.,1.,1.,1.,1.016638505487,1.017959328921
      ,1.010544287409,1.002105906646,0.999123301832)
    ,(1.004393994018,1.003293708299,1.004047637957,1.006101593095
      ,1.005426796144,1.,1.,1.,1.,1.013227908033,1.015001269838
      ,1.009730511223,1.005456856359,1.003908290919)
    ,(1.008273494138,1.008184953539,1.007054420874,1.008279955675
      ,1.007807722674,1.,1.,1.,1.,1.014785254393,1.015020285717
      ,1.010122167205,1.010219196468,1.008460080563)
    ,(1.007922887859,1.007732235027,1.006247585306,1.008069942284
      ,1.007634246686,1.,1.,1.,1.,1.01334212611,1.01334918143
      ,1.008637968046,1.010997435068,1.008226881121)
    ,(1.,1.,1.,1.,1.,1.,1.,1.,1.,1.,1.,1.,1.,1.)
    ,(1.,1.,1.,1.,1.,1.,1.,1.,1.,1.,1.,1.,1.,1.)
    ,(1.,1.,1.,1.,1.,1.,1.,1.,1.,1.,1.,1.,1.,1.)
    ,(1.,1.,1.,1.,1.,1.,1.,1.,1.,1.,1.,1.,1.,1.)
    ,(1.,1.,1.,1.,1.,1.,1.,1.,1.,1.,1.,1.,1.,1.)
    ,(1.007915155057,1.007870139697,1.0065227411,1.008231995368
      ,1.007656090335,1.,1.,1.,1.,1.013443144769,1.013235973421
      ,1.008230289059,1.010777114051,1.00822854851)
    ,(1.008265268345,1.008287032352,1.007219251642,1.008306785974
      ,1.007703912017,1.,1.,1.,1.,1.015165941988,1.015142322847
      ,1.009900140225,1.010059026342,1.008462124863)
    ,(1.004388951459,1.003306457539,1.00405148261,1.005962505797
      ,1.005182198311,1.,1.,1.,1.,1.013761420906,1.015337766907
      ,1.009759159316,1.005442384864,1.003910731267)
    ,(1.000162521285,0.998497521637,1.002571592214,1.006684855009
      ,1.006325171958,1.,1.,1.,1.,1.016905323734,1.018168219287
      ,1.010586201124,1.002112764069,0.999125761318)
    ,(1.,0.999673591097,1.003256005911,1.006613067109,1.006387713493,1.
      ,1.,1.,1.,1.01677191461,1.017908478598,1.011273458144
,1.003501873701,1.))) REPRESENTATION_ITEM('') SURFACE() );
#2734 = CARTESIAN_POINT('',(50.170947989572,3.295713264278,
    -5.506402785845));
#2735 = CARTESIAN_POINT('',(50.386601292744,3.209107074753,
    -4.691500912115));
#2736 = CARTESIAN_POINT('',(50.527687458531,3.150009345094,
    -3.730415147166));
#2737 = CARTESIAN_POINT('',(50.743269187659,3.055564005179,
    -1.51777220203));
#2738 = CARTESIAN_POINT('',(50.818802555831,3.019779827006,
    -0.258812207265));
#2739 = CARTESIAN_POINT('',(50.950954666702,2.945603986171,
    4.021469906076));
#2740 = CARTESIAN_POINT('',(51.01786806544,2.867478986171,
    13.800367305918));
#2741 = CARTESIAN_POINT('',(51.107085930424,2.763312319504,
    26.838897172375));
#2742 = CARTESIAN_POINT('',(51.032954744801,2.556046431841,
    44.492026383693));
#2743 = CARTESIAN_POINT('',(50.753574294656,2.453121835831,
    55.335315951481));
#2744 = CARTESIAN_POINT('',(50.587333686457,2.430376429932,
    58.519130778342));
#2745 = CARTESIAN_POINT('',(50.101095003204,2.406500113634,
    64.210562056886));
#2746 = CARTESIAN_POINT('',(49.775763933323,2.405300163852,
    66.76423076395));
#2747 = CARTESIAN_POINT('',(49.388763104518,2.417297642927,
    68.751940592214));
#2748 = CARTESIAN_POINT('',(50.394234776375,3.454159779915,
    -6.096839948922));
#2749 = CARTESIAN_POINT('',(50.714497609129,3.367700778762,
    -5.269901488716));
#2750 = CARTESIAN_POINT('',(50.934098708704,3.315440829839,
    -4.256387696584));
#2751 = CARTESIAN_POINT('',(51.256175747155,3.229615639869,
    -1.85337636585));
#2752 = CARTESIAN_POINT('',(51.35881358557,3.198252760914,
    -0.517490603531));
#2753 = CARTESIAN_POINT('',(51.526311302733,3.126598105196,
    3.786578675779));
#2754 = CARTESIAN_POINT('',(51.609953051155,3.028941855196,
    13.666450425581));
#2755 = CARTESIAN_POINT('',(51.721475382386,2.898733521863,
    26.839612758652));
#2756 = CARTESIAN_POINT('',(51.755099501349,2.639651627483,
    44.568417435193));
#2757 = CARTESIAN_POINT('',(51.441068403529,2.505350857509,
    55.430826624463));
#2758 = CARTESIAN_POINT('',(51.231280690996,2.471902186326,
    58.712433693078));
#2759 = CARTESIAN_POINT('',(50.579142140003,2.429991103309,
    64.672527131249));
#2760 = CARTESIAN_POINT('',(50.140024897358,2.422586960657,
    67.318579824066));
#2761 = CARTESIAN_POINT('',(49.622181316453,2.431587048113,
    69.30529544781));
#2762 = CARTESIAN_POINT('',(50.543450955813,3.658571678922,
    -6.647464466597));
#2763 = CARTESIAN_POINT('',(50.941954438332,3.583568672059,
    -5.797020258821));
#2764 = CARTESIAN_POINT('',(51.228300036802,3.535478503501,
    -4.751847981654));
#2765 = CARTESIAN_POINT('',(51.636610243004,3.45569009576,
    -2.275727098325));
#2766 = CARTESIAN_POINT('',(51.770920288309,3.424514610927,
    -0.923783401582));
#2767 = CARTESIAN_POINT('',(51.973602605433,3.352838486132,
    3.492964637907));
#2768 = CARTESIAN_POINT('',(52.078154790961,3.230768173632,
    13.49905432516));
#2769 = CARTESIAN_POINT('',(52.217557704999,3.068007756965,
    26.840507241498));
#2770 = CARTESIAN_POINT('',(52.375137262781,2.744155737889,
    44.706641292303));
#2771 = CARTESIAN_POINT('',(52.047240773761,2.568153628666,
    55.746385194655));
#2772 = CARTESIAN_POINT('',(51.795488947834,2.523884151128,
    59.041866422946));
#2773 = CARTESIAN_POINT('',(51.014808853809,2.462705178424,
    65.058817954752));
#2774 = CARTESIAN_POINT('',(50.48757464463,2.447993467108,
    67.601623102341));
#2775 = CARTESIAN_POINT('',(49.847184387973,2.453760945018,
    69.600003327817));
#2776 = CARTESIAN_POINT('',(50.778397170894,4.149344007418,
    -7.776403710225));
#2777 = CARTESIAN_POINT('',(51.284145641022,4.114620163034,
    -6.916748402613));
#2778 = CARTESIAN_POINT('',(51.655703151845,4.074147676618,
    -5.810081373573));
#2779 = CARTESIAN_POINT('',(52.205692604941,4.004339073141,
    -3.202839872739));
#2780 = CARTESIAN_POINT('',(52.392838465711,3.970850149763,
    -1.778613038119));
#2781 = CARTESIAN_POINT('',(52.676087210836,3.873188640869,
    2.817652350801));
#2782 = CARTESIAN_POINT('',(52.828733401707,3.694965984619,
    13.114043294191));
#2783 = CARTESIAN_POINT('',(53.032261656203,3.457335776285,
    26.842564552044));
#2784 = CARTESIAN_POINT('',(53.447493719547,2.987316818029,
    44.992537075332));
#2785 = CARTESIAN_POINT('',(53.144254533116,2.721655934536,
    56.212885508932));
#2786 = CARTESIAN_POINT('',(52.840481455338,2.650245413399,
    59.622715909003));
#2787 = CARTESIAN_POINT('',(51.863329181904,2.543200136547,
    65.75240414234));
#2788 = CARTESIAN_POINT('',(51.196044144874,2.51463979272,
    68.224533601738));
#2789 = CARTESIAN_POINT('',(50.33477045779,2.508259352053,
    70.152317140186));
#2790 = CARTESIAN_POINT('',(50.865439326368,4.437619432307,
    -8.359742552807));
#2791 = CARTESIAN_POINT('',(51.39896510292,4.418626715212,-7.48676637825
    ));
#2792 = CARTESIAN_POINT('',(51.800877588752,4.374115683279,
    -6.347986739646));
#2793 = CARTESIAN_POINT('',(52.403120536386,4.307442513211,
    -3.69523628862));
#2794 = CARTESIAN_POINT('',(52.613570558496,4.27234079649,
    -2.243122922862));
#2795 = CARTESIAN_POINT('',(52.931280513539,4.16729841467,2.435954101568
    ));
#2796 = CARTESIAN_POINT('',(53.111110272648,3.95733747717,
    12.896428363643));
#2797 = CARTESIAN_POINT('',(53.350883284793,3.677389560503,
    26.843727379745));
#2798 = CARTESIAN_POINT('',(53.899812414881,3.125973787763,
    45.140209001251));
#2799 = CARTESIAN_POINT('',(53.622177321808,2.806258824569,
    56.508744621689));
#2800 = CARTESIAN_POINT('',(53.305263799163,2.719383191275,
    59.953214299515));
#2801 = CARTESIAN_POINT('',(52.270828851422,2.587036345222,
    66.091255170991));
#2802 = CARTESIAN_POINT('',(51.556521071507,2.553149232953,
    68.542366666829));
#2803 = CARTESIAN_POINT('',(50.59961062949,2.540809287461,
    70.412839573937));
#2804 = CARTESIAN_POINT('',(51.038551784851,5.443866629929,
    -10.19127801206));
#2805 = CARTESIAN_POINT('',(51.609008547143,5.416093699126,
    -9.23558848776));
#2806 = CARTESIAN_POINT('',(52.048746834193,5.381375112135,
    -8.030350695669));
#2807 = CARTESIAN_POINT('',(52.731402213222,5.302387509426,
    -5.276082125364));
#2808 = CARTESIAN_POINT('',(52.974319305201,5.258118493708,
    -3.72705134715));
#2809 = CARTESIAN_POINT('',(53.504762421651,5.117497128939,
    1.202775142505));
#2810 = CARTESIAN_POINT('',(53.772416016604,4.804997128939,
    12.193364741874));
#2811 = CARTESIAN_POINT('',(54.129287476541,4.388330462272,
    26.847484207699));
#2812 = CARTESIAN_POINT('',(55.059932287939,3.581706530648,
    45.426070568603));
#2813 = CARTESIAN_POINT('',(54.756488775561,3.091564369589,
    57.315819493564));
#2814 = CARTESIAN_POINT('',(54.488436417947,2.947321280513,
    60.938370660931));
#2815 = CARTESIAN_POINT('',(53.423965269036,2.73501135089,67.03097168523
    ));
#2816 = CARTESIAN_POINT('',(52.627546477738,2.666944510344,
    69.501021542162));
#2817 = CARTESIAN_POINT('',(51.469665772912,2.655916287052,
    71.159268562944));
#2818 = CARTESIAN_POINT('',(51.198892577523,7.860532362748,
    -14.21176264156));
#2819 = CARTESIAN_POINT('',(51.789335173025,7.811926332074,
    -13.16430597403));
#2820 = CARTESIAN_POINT('',(52.252984621481,7.751166253512,
    -11.83638983787));
#2821 = CARTESIAN_POINT('',(52.98879270396,7.612934121781,
    -8.793763589836));
#2822 = CARTESIAN_POINT('',(53.260951337983,7.535462068611,
    -7.079053477962));
#2823 = CARTESIAN_POINT('',(53.88333423789,7.289372128939,
    -1.615919621065));
#2824 = CARTESIAN_POINT('',(54.351728029057,6.742497128939,
    10.58636217783));
#2825 = CARTESIAN_POINT('',(54.976253083947,6.013330462272,
    26.856071243023));
#2826 = CARTESIAN_POINT('',(56.592827182281,4.652219351161,
    45.369176861693));
#2827 = CARTESIAN_POINT('',(56.673853934845,3.781795366625,
    57.627035169177));
#2828 = CARTESIAN_POINT('',(56.512295548835,3.516722263245,
    61.441826120584));
#2829 = CARTESIAN_POINT('',(55.55366723782,3.110391841996,
    67.914338922233));
#2830 = CARTESIAN_POINT('',(54.756597312816,2.969134524127,
    70.572060772474));
#2831 = CARTESIAN_POINT('',(53.512583152347,2.926624766967,
    72.343875339302));
#2832 = CARTESIAN_POINT('',(51.466127231976,11.888308584113,
    -20.9125703574));
#2833 = CARTESIAN_POINT('',(52.089879549495,11.80498072032,
    -19.71216845114));
#2834 = CARTESIAN_POINT('',(52.593380933628,11.700818155808,
    -18.1797884082));
#2835 = CARTESIAN_POINT('',(53.41777685519,11.463845142373,
    -14.65656603062));
#2836 = CARTESIAN_POINT('',(53.73867139262,11.331034693451,
    -12.66572369598));
#2837 = CARTESIAN_POINT('',(54.514287264954,10.909163795605,
    -6.313744227017));
#2838 = CARTESIAN_POINT('',(55.317248049812,9.971663795605,7.90802457109
    ));
#2839 = CARTESIAN_POINT('',(56.387862429622,8.721663795606,
    26.870382968564));
#2840 = CARTESIAN_POINT('',(59.397227550578,6.388330462272,
    46.702373552951));
#2841 = CARTESIAN_POINT('',(60.071122568339,4.917473987502,
    59.680130651494));
#2842 = CARTESIAN_POINT('',(60.0318994371,4.473712416784,63.690010377717
    ));
#2843 = CARTESIAN_POINT('',(59.027334162077,3.809094371296,
    70.470270418638));
#2844 = CARTESIAN_POINT('',(58.061992018292,3.588237896526,
    73.240650733337));
#2845 = CARTESIAN_POINT('',(56.434385665787,3.543762596832,
    75.087570943137));
#2846 = CARTESIAN_POINT('',(50.656888713145,17.051405955471,
    -20.38695705705));
#2847 = CARTESIAN_POINT('',(51.283536376399,17.217187825535,
    -19.06789094845));
#2848 = CARTESIAN_POINT('',(51.769094987169,17.424411913924,
    -17.38399587189));
#2849 = CARTESIAN_POINT('',(52.533155437603,17.869816278105,
    -13.53581831599));
#2850 = CARTESIAN_POINT('',(52.811657277268,18.107996553898,
    -11.37153583664));
#2851 = CARTESIAN_POINT('',(53.449259640406,18.79107928851,
    -4.532013094077));
#2852 = CARTESIAN_POINT('',(53.932851743252,20.031412386677,
    10.533733609106));
#2853 = CARTESIAN_POINT('',(55.288055496121,18.353777406877,
    27.620585550855));
#2854 = CARTESIAN_POINT('',(58.701968177984,14.141610428036,
    45.980218858159));
#2855 = CARTESIAN_POINT('',(59.65047315481,11.304391493514,
    58.041258644462));
#2856 = CARTESIAN_POINT('',(59.697986557991,10.412302898608,
    61.776824374201));
#2857 = CARTESIAN_POINT('',(58.841439242093,8.968457545788,
    68.100478751972));
#2858 = CARTESIAN_POINT('',(57.937378523015,8.416700787875,
    70.688567400004));
#2859 = CARTESIAN_POINT('',(56.350398604107,8.151624817018,
    72.413959832025));
#2860 = CARTESIAN_POINT('',(50.171345601846,20.149264378286,
    -20.07158907684));
#2861 = CARTESIAN_POINT('',(50.799730472542,20.464512088665,
    -18.68132444683));
#2862 = CARTESIAN_POINT('',(51.274523419293,20.858568168794,
    -16.90652035011));
#2863 = CARTESIAN_POINT('',(52.002382587051,21.713398959544,
    -12.86336968721));
#2864 = CARTESIAN_POINT('',(52.255448808058,22.174173670166,
    -10.59502312103));
#2865 = CARTESIAN_POINT('',(52.810243065678,23.520228584253,
    -3.462974414313));
#2866 = CARTESIAN_POINT('',(53.102213959316,26.06726154132,
    12.109159031916));
#2867 = CARTESIAN_POINT('',(54.628171336019,24.13304557364,
    28.070707100229));
#2868 = CARTESIAN_POINT('',(58.476088554249,18.398772497593,
    46.365696907345));
#2869 = CARTESIAN_POINT('',(59.566500621802,14.652225356712,
    57.941038202856));
#2870 = CARTESIAN_POINT('',(59.6307170033,13.495735920777,
    61.441835124723));
#2871 = CARTESIAN_POINT('',(58.768918385865,11.606947077497,
    67.308720553786));
#2872 = CARTESIAN_POINT('',(57.842903386933,10.874647670153,
    69.674809060984));
#2873 = CARTESIAN_POINT('',(56.225911315256,10.474178680373,
    71.26383933015));
#2874 = CARTESIAN_POINT('',(49.840102995871,21.537470563329,
    -19.63466694719));
#2875 = CARTESIAN_POINT('',(50.437067321378,21.887158431211,
    -18.29605788169));
#2876 = CARTESIAN_POINT('',(50.874481086142,22.362586090966,
    -16.56460108364));
#2877 = CARTESIAN_POINT('',(51.513617733049,23.405180929062,
    -12.4400200044));
#2878 = CARTESIAN_POINT('',(51.729118834183,23.955838287502,
    -10.18144297525));
#2879 = CARTESIAN_POINT('',(52.044066156694,25.591660469434,
    -2.971662781086));
#2880 = CARTESIAN_POINT('',(52.251304859734,28.717648742713,
    12.796430532555));
#2881 = CARTESIAN_POINT('',(53.817987342821,26.719621213882,
    28.230827833093));
#2882 = CARTESIAN_POINT('',(57.669052221354,20.478884011141,
    46.208067418908));
#2883 = CARTESIAN_POINT('',(59.133463880372,16.468475816005,
    57.238354372224));
#2884 = CARTESIAN_POINT('',(59.172525500347,15.234332137855,
    60.546820842367));
#2885 = CARTESIAN_POINT('',(58.398594880732,13.039497259461,
    66.42522434468));
#2886 = CARTESIAN_POINT('',(57.521460215681,12.157350336479,
    68.760892768385));
#2887 = CARTESIAN_POINT('',(56.166407274146,11.561834666836,
    70.545499525579));
#2888 = CARTESIAN_POINT('',(49.698468439862,21.971778538306,
    -19.39768084203));
#2889 = CARTESIAN_POINT('',(50.263863614198,22.344707662211,
    -18.10374073697));
#2890 = CARTESIAN_POINT('',(50.666151151601,22.834162774441,
    -16.38708639125));
#2891 = CARTESIAN_POINT('',(51.244958814891,23.930932175539,
    -12.27767428864));
#2892 = CARTESIAN_POINT('',(51.434168172344,24.50796370743,
    -10.02479345334));
#2893 = CARTESIAN_POINT('',(51.714229083429,26.233280637379,
    -2.815093521119));
#2894 = CARTESIAN_POINT('',(51.895070125271,29.539854913857,
    13.008780830973));
#2895 = CARTESIAN_POINT('',(53.467885692896,27.531303353439,
    28.27337807041));
#2896 = CARTESIAN_POINT('',(57.284357356884,21.164176262119,
    46.097129503925));
#2897 = CARTESIAN_POINT('',(58.797232832275,17.066484972113,
    56.974732243374));
#2898 = CARTESIAN_POINT('',(58.86970024834,15.796461835059,
    60.24544990255));
#2899 = CARTESIAN_POINT('',(58.180781173805,13.504896226158,
    66.105159379474));
#2900 = CARTESIAN_POINT('',(57.377860861589,12.578684561767,
    68.457313260114));
#2901 = CARTESIAN_POINT('',(56.112397907489,11.897181528604,
    70.293855429177));
#2902 = CARTESIAN_POINT('',(49.349060543236,22.795964539004,
    -18.73517191246));
#2903 = CARTESIAN_POINT('',(49.787157413643,23.224881233332,
    -17.52200362072));
#2904 = CARTESIAN_POINT('',(50.090210843592,23.7410540892,
    -15.87906676662));
#2905 = CARTESIAN_POINT('',(50.506701347304,24.908908732328,
    -11.89711648894));
#2906 = CARTESIAN_POINT('',(50.637105907836,25.521615749783,
    -9.695796430856));
#2907 = CARTESIAN_POINT('',(50.831220626089,27.369949591924,
    -2.523558854514));
#2908 = CARTESIAN_POINT('',(50.964805552538,31.00049856818,
    13.383260822428));
#2909 = CARTESIAN_POINT('',(52.527561436474,29.003138410983,
    28.326008524133));
#2910 = CARTESIAN_POINT('',(56.205111922951,22.433758187646,
    45.859274863621));
#2911 = CARTESIAN_POINT('',(57.818981351441,18.163521124603,
    56.549674029375));
#2912 = CARTESIAN_POINT('',(57.976644799209,16.849112010582,
    59.705848343136));
#2913 = CARTESIAN_POINT('',(57.554319316612,14.40487719479,
    65.445487946304));
#2914 = CARTESIAN_POINT('',(56.948818776408,13.354883583756,
    67.859214473783));
#2915 = CARTESIAN_POINT('',(55.934650968213,12.523891374534,
    69.7586023711));
#2916 = CARTESIAN_POINT('',(49.139432048808,23.189441678284,
    -18.30588687051));
#2917 = CARTESIAN_POINT('',(49.485449352749,23.629072788008,
    -17.14328554726));
#2918 = CARTESIAN_POINT('',(49.709648932827,24.157780062847,
    -15.5370234745));
#2919 = CARTESIAN_POINT('',(50.030596651233,25.330955308858,
    -11.65877565036));
#2920 = CARTESIAN_POINT('',(50.129557456784,25.947753001413,
    -9.474335160561));
#2921 = CARTESIAN_POINT('',(50.278049242015,27.864998378524,
    -2.388593447875));
#2922 = CARTESIAN_POINT('',(50.390775714268,31.638936051359,
    13.545390515463));
#2923 = CARTESIAN_POINT('',(51.937338829975,29.66329132897,
    28.336088740539));
#2924 = CARTESIAN_POINT('',(55.510561353488,23.018047862194,
    45.732358138301));
#2925 = CARTESIAN_POINT('',(57.137664794338,18.67682023515,
    56.229071964478));
#2926 = CARTESIAN_POINT('',(57.362389541915,17.341249289227,
    59.38348314961));
#2927 = CARTESIAN_POINT('',(57.116554551635,14.841692776038,
    65.076512369342));
#2928 = CARTESIAN_POINT('',(56.643837406462,13.689355292904,
    67.584551311179));
#2929 = CARTESIAN_POINT('',(55.809702945617,12.818201920009,
    69.472159254759));
#2930 = CARTESIAN_POINT('',(48.84495649463,23.588966915347,-17.664568253
    ));
#2931 = CARTESIAN_POINT('',(49.06817356071,24.036310891515,
    -16.50104911698));
#2932 = CARTESIAN_POINT('',(49.20224079764,24.553111151306,
    -14.98889893982));
#2933 = CARTESIAN_POINT('',(49.402747426631,25.672729006476,
    -11.42745645722));
#2934 = CARTESIAN_POINT('',(49.470171045359,26.279495855219,
    -9.366480852095));
#2935 = CARTESIAN_POINT('',(49.5759883174,28.262332910894,-2.26803061012
    ));
#2936 = CARTESIAN_POINT('',(49.671549140126,32.154861075896,
    13.67403980491));
#2937 = CARTESIAN_POINT('',(51.187035585761,30.222424765911,
    28.324522276337));
#2938 = CARTESIAN_POINT('',(54.621837832536,23.509413213852,
    45.647857354816));
#2939 = CARTESIAN_POINT('',(56.287950702384,19.082014469743,
    56.125055542988));
#2940 = CARTESIAN_POINT('',(56.547735795714,17.745994938415,
    59.1870261062));
#2941 = CARTESIAN_POINT('',(56.497038887815,15.276783699736,
    64.628423377077));
#2942 = CARTESIAN_POINT('',(56.18233631707,14.123013721431,
    67.051640817245));
#2943 = CARTESIAN_POINT('',(55.557564928169,13.207841180493,
    68.940693923682));
#2944 = DEFINITIONAL_REPRESENTATION('',(#2945),#2949);
#2945 = LINE('',#2946,#2947);
#2946 = CARTESIAN_POINT('',(2.,-4.611349084139E-16));
#2947 = VECTOR('',#2948,1.);
#2948 = DIRECTION('',(-4.440892098501E-16,1.));
#2949 = ( GEOMETRIC_REPRESENTATION_CONTEXT(2) 
PARAMETRIC_REPRESENTATION_CONTEXT() REPRESENTATION_CONTEXT('2D SPACE',''
  ) );
#2950 = ADVANCED_FACE('',(#2951),#378,.F.);
#2951 = FACE_BOUND('',#2952,.T.);
#2952 = EDGE_LOOP('',(#2953,#3012,#3040,#3066));
#2953 = ORIENTED_EDGE('',*,*,#2954,.F.);
#2954 = EDGE_CURVE('',#2955,#44,#2957,.T.);
#2955 = VERTEX_POINT('',#2956);
#2956 = CARTESIAN_POINT('',(27.29913412175,17.928387340207,
    59.237917305775));
#2957 = SURFACE_CURVE('',#2958,(#2997,#3006),.PCURVE_S1.);
#2958 = B_SPLINE_CURVE_WITH_KNOTS('',7,(#2959,#2960,#2961,#2962,#2963,
    #2964,#2965,#2966,#2967,#2968,#2969,#2970,#2971,#2972,#2973,#2974,
    #2975,#2976,#2977,#2978,#2979,#2980,#2981,#2982,#2983,#2984,#2985,
    #2986,#2987,#2988,#2989,#2990,#2991,#2992,#2993,#2994,#2995,#2996),
  .UNSPECIFIED.,.F.,.F.,(8,6,6,6,6,6,8),(0.,0.125,0.25,0.5,0.625,0.75,1.
    ),.UNSPECIFIED.);
#2959 = CARTESIAN_POINT('',(27.29913412175,17.928387340207,
    59.237917305775));
#2960 = CARTESIAN_POINT('',(27.243049937873,18.002435258296,
    59.239243977859));
#2961 = CARTESIAN_POINT('',(27.186922333354,18.076483384613,
    59.238735402669));
#2962 = CARTESIAN_POINT('',(27.130823390841,18.150531393576,
    59.236389720458));
#2963 = CARTESIAN_POINT('',(27.074825265183,18.224579394163,
    59.23220881584));
#2964 = CARTESIAN_POINT('',(27.018999966237,18.298627386717,
    59.226198065258));
#2965 = CARTESIAN_POINT('',(26.963419123897,18.372675371574,
    59.218366371233));
#2966 = CARTESIAN_POINT('',(26.852888395952,18.520771326577,
    59.19908587389));
#2967 = CARTESIAN_POINT('',(26.797938509907,18.594819296723,
    59.187637072237));
#2968 = CARTESIAN_POINT('',(26.74337512521,18.668867259852,
    59.174392099998));
#2969 = CARTESIAN_POINT('',(26.689268653593,18.742915216304,
    59.159366840074));
#2970 = CARTESIAN_POINT('',(26.635688672033,18.816963166419,
    59.142580613925));
#2971 = CARTESIAN_POINT('',(26.582703699695,18.891011110536,
    59.124056119628));
#2972 = CARTESIAN_POINT('',(26.425735525201,19.113154925912,
    59.063345870543));
#2973 = CARTESIAN_POINT('',(26.323739010753,19.261250780195,
    59.01602343724));
#2974 = CARTESIAN_POINT('',(26.224929566901,19.409346614561,
    58.962059757011));
#2975 = CARTESIAN_POINT('',(26.129824443173,19.557442431725,
    58.901716143503));
#2976 = CARTESIAN_POINT('',(26.038913757631,19.705538234404,
    58.835303574214));
#2977 = CARTESIAN_POINT('',(25.95265425126,19.853634025313,
    58.763178727686));
#2978 = CARTESIAN_POINT('',(25.830867437903,20.075777698096,
    58.647020667196));
#2979 = CARTESIAN_POINT('',(25.791538846285,20.149825586761,
    58.606972739132));
#2980 = CARTESIAN_POINT('',(25.753529623293,20.223873473502,
    58.56564620111));
#2981 = CARTESIAN_POINT('',(25.716889444755,20.297921358658,
    58.523093325319));
#2982 = CARTESIAN_POINT('',(25.681665306542,20.371969242569,
    58.479368691527));
#2983 = CARTESIAN_POINT('',(25.647901524558,20.446017125575,
    58.434529187079));
#2984 = CARTESIAN_POINT('',(25.583377944948,20.594112890456,
    58.342738826726));
#2985 = CARTESIAN_POINT('',(25.552618071622,20.66816077233,
    58.295787882861));
#2986 = CARTESIAN_POINT('',(25.52340158024,20.742208653979,
    58.247840152137));
#2987 = CARTESIAN_POINT('',(25.495767028503,20.816256535739,
    58.198956654081));
#2988 = CARTESIAN_POINT('',(25.469749952426,20.890304417954,
    58.149200249393));
#2989 = CARTESIAN_POINT('',(25.445382752405,20.96435230096,
    58.098635438409));
#2990 = CARTESIAN_POINT('',(25.377318233072,21.186495953373,
    57.94471360192));
#2991 = CARTESIAN_POINT('',(25.338657893729,21.334591726175,
    57.839129196115));
#2992 = CARTESIAN_POINT('',(25.306947223539,21.482687506221,
    57.731102318295));
#2993 = CARTESIAN_POINT('',(25.282367196468,21.630783296224,
    57.621183495826));
#2994 = CARTESIAN_POINT('',(25.265044483998,21.778879098903,
    57.509939188894));
#2995 = CARTESIAN_POINT('',(25.255049835189,21.926975134255,
    57.397944675255));
#2996 = CARTESIAN_POINT('',(25.252396491215,22.075070753149,
    57.285776315681));
#2997 = PCURVE('',#378,#2998);
#2998 = DEFINITIONAL_REPRESENTATION('',(#2999),#3005);
#2999 = B_SPLINE_CURVE_WITH_KNOTS('',4,(#3000,#3001,#3002,#3003,#3004),
  .UNSPECIFIED.,.F.,.F.,(5,5),(0.,1.),.PIECEWISE_BEZIER_KNOTS.);
#3000 = CARTESIAN_POINT('',(-1.570796326795,3.185746858944));
#3001 = CARTESIAN_POINT('',(-1.178096868599,2.149076532792));
#3002 = CARTESIAN_POINT('',(-0.785396002953,1.112402491172));
#3003 = CARTESIAN_POINT('',(-0.392699081698,7.573886218044E-02));
#3004 = CARTESIAN_POINT('',(-2.22044604925E-16,-0.960930470073));
#3005 = ( GEOMETRIC_REPRESENTATION_CONTEXT(2) 
PARAMETRIC_REPRESENTATION_CONTEXT() REPRESENTATION_CONTEXT('2D SPACE',''
  ) );
#3006 = PCURVE('',#1276,#3007);
#3007 = DEFINITIONAL_REPRESENTATION('',(#3008),#3011);
#3008 = B_SPLINE_CURVE_WITH_KNOTS('',1,(#3009,#3010),.UNSPECIFIED.,.F.,
  .F.,(2,2),(0.,1.),.PIECEWISE_BEZIER_KNOTS.);
#3009 = CARTESIAN_POINT('',(1.,0.));
#3010 = CARTESIAN_POINT('',(1.,1.));
#3011 = ( GEOMETRIC_REPRESENTATION_CONTEXT(2) 
PARAMETRIC_REPRESENTATION_CONTEXT() REPRESENTATION_CONTEXT('2D SPACE',''
  ) );
#3012 = ORIENTED_EDGE('',*,*,#3013,.T.);
#3013 = EDGE_CURVE('',#2955,#3014,#3016,.T.);
#3014 = VERTEX_POINT('',#3015);
#3015 = CARTESIAN_POINT('',(27.29913412175,10.,59.237917305775));
#3016 = SURFACE_CURVE('',#3017,(#3021,#3028),.PCURVE_S1.);
#3017 = LINE('',#3018,#3019);
#3018 = CARTESIAN_POINT('',(27.29913412175,21.114134199152,
    59.237917305775));
#3019 = VECTOR('',#3020,1.);
#3020 = DIRECTION('',(0.,-1.,0.));
#3021 = PCURVE('',#378,#3022);
#3022 = DEFINITIONAL_REPRESENTATION('',(#3023),#3027);
#3023 = LINE('',#3024,#3025);
#3024 = CARTESIAN_POINT('',(-1.570796326795,0.));
#3025 = VECTOR('',#3026,1.);
#3026 = DIRECTION('',(-0.,1.));
#3027 = ( GEOMETRIC_REPRESENTATION_CONTEXT(2) 
PARAMETRIC_REPRESENTATION_CONTEXT() REPRESENTATION_CONTEXT('2D SPACE',''
  ) );
#3028 = PCURVE('',#3029,#3034);
#3029 = PLANE('',#3030);
#3030 = AXIS2_PLACEMENT_3D('',#3031,#3032,#3033);
#3031 = CARTESIAN_POINT('',(30.612366370272,50.,59.159542754746));
#3032 = DIRECTION('',(2.364839731482E-02,0.,0.999720337547));
#3033 = DIRECTION('',(-0.999720337547,0.,2.364839731482E-02));
#3034 = DEFINITIONAL_REPRESENTATION('',(#3035),#3039);
#3035 = LINE('',#3036,#3037);
#3036 = CARTESIAN_POINT('',(3.314159094385,28.885865800848));
#3037 = VECTOR('',#3038,1.);
#3038 = DIRECTION('',(0.,1.));
#3039 = ( GEOMETRIC_REPRESENTATION_CONTEXT(2) 
PARAMETRIC_REPRESENTATION_CONTEXT() REPRESENTATION_CONTEXT('2D SPACE',''
  ) );
#3040 = ORIENTED_EDGE('',*,*,#3041,.F.);
#3041 = EDGE_CURVE('',#337,#3014,#3042,.T.);
#3042 = SURFACE_CURVE('',#3043,(#3048,#3055),.PCURVE_S1.);
#3043 = CIRCLE('',#3044,2.);
#3044 = AXIS2_PLACEMENT_3D('',#3045,#3046,#3047);
#3045 = CARTESIAN_POINT('',(27.251837327121,10.,57.238476630682));
#3046 = DIRECTION('',(-0.,1.,0.));
#3047 = DIRECTION('',(0.,0.,-1.));
#3048 = PCURVE('',#378,#3049);
#3049 = DEFINITIONAL_REPRESENTATION('',(#3050),#3054);
#3050 = LINE('',#3051,#3052);
#3051 = CARTESIAN_POINT('',(1.594446928879,11.114134199152));
#3052 = VECTOR('',#3053,1.);
#3053 = DIRECTION('',(-1.,0.));
#3054 = ( GEOMETRIC_REPRESENTATION_CONTEXT(2) 
PARAMETRIC_REPRESENTATION_CONTEXT() REPRESENTATION_CONTEXT('2D SPACE',''
  ) );
#3055 = PCURVE('',#352,#3056);
#3056 = DEFINITIONAL_REPRESENTATION('',(#3057),#3065);
#3057 = ( BOUNDED_CURVE() B_SPLINE_CURVE(2,(#3058,#3059,#3060,#3061,
#3062,#3063,#3064),.UNSPECIFIED.,.T.,.F.) B_SPLINE_CURVE_WITH_KNOTS((1,2
    ,2,2,2,1),(-2.094395102393,0.,2.094395102393,4.188790204786,
6.28318530718,8.377580409573),.UNSPECIFIED.) CURVE() 
GEOMETRIC_REPRESENTATION_ITEM() RATIONAL_B_SPLINE_CURVE((1.,0.5,1.,0.5,
1.,0.5,1.)) REPRESENTATION_ITEM('') );
#3058 = CARTESIAN_POINT('',(-3.838911909332,-0.51914382351));
#3059 = CARTESIAN_POINT('',(-3.838911909332,-3.983245438647));
#3060 = CARTESIAN_POINT('',(-6.838911909332,-2.251194631079));
#3061 = CARTESIAN_POINT('',(-9.838911909332,-0.51914382351));
#3062 = CARTESIAN_POINT('',(-6.838911909332,1.212906984059));
#3063 = CARTESIAN_POINT('',(-3.838911909332,2.944957791628));
#3064 = CARTESIAN_POINT('',(-3.838911909332,-0.51914382351));
#3065 = ( GEOMETRIC_REPRESENTATION_CONTEXT(2) 
PARAMETRIC_REPRESENTATION_CONTEXT() REPRESENTATION_CONTEXT('2D SPACE',''
  ) );
#3066 = ORIENTED_EDGE('',*,*,#364,.F.);
#3067 = ADVANCED_FACE('',(#3068),#324,.F.);
#3068 = FACE_BOUND('',#3069,.T.);
#3069 = EDGE_LOOP('',(#3070,#3071,#3072,#3095));
#3070 = ORIENTED_EDGE('',*,*,#1892,.F.);
#3071 = ORIENTED_EDGE('',*,*,#308,.T.);
#3072 = ORIENTED_EDGE('',*,*,#3073,.T.);
#3073 = EDGE_CURVE('',#309,#3074,#3076,.T.);
#3074 = VERTEX_POINT('',#3075);
#3075 = CARTESIAN_POINT('',(30.242268854604,10.,43.513915342295));
#3076 = SURFACE_CURVE('',#3077,(#3081,#3088),.PCURVE_S1.);
#3077 = LINE('',#3078,#3079);
#3078 = CARTESIAN_POINT('',(24.929595930989,10.,43.639586687954));
#3079 = VECTOR('',#3080,1.);
#3080 = DIRECTION('',(0.999720337547,0.,-2.364839731482E-02));
#3081 = PCURVE('',#324,#3082);
#3082 = DEFINITIONAL_REPRESENTATION('',(#3083),#3087);
#3083 = LINE('',#3084,#3085);
#3084 = CARTESIAN_POINT('',(0.,40.));
#3085 = VECTOR('',#3086,1.);
#3086 = DIRECTION('',(1.,0.));
#3087 = ( GEOMETRIC_REPRESENTATION_CONTEXT(2) 
PARAMETRIC_REPRESENTATION_CONTEXT() REPRESENTATION_CONTEXT('2D SPACE',''
  ) );
#3088 = PCURVE('',#352,#3089);
#3089 = DEFINITIONAL_REPRESENTATION('',(#3090),#3094);
#3090 = LINE('',#3091,#3092);
#3091 = CARTESIAN_POINT('',(7.759978033397,-2.841385219642));
#3092 = VECTOR('',#3093,1.);
#3093 = DIRECTION('',(2.364839731482E-02,0.999720337547));
#3094 = ( GEOMETRIC_REPRESENTATION_CONTEXT(2) 
PARAMETRIC_REPRESENTATION_CONTEXT() REPRESENTATION_CONTEXT('2D SPACE',''
  ) );
#3095 = ORIENTED_EDGE('',*,*,#3096,.F.);
#3096 = EDGE_CURVE('',#394,#3074,#3097,.T.);
#3097 = SURFACE_CURVE('',#3098,(#3102,#3109),.PCURVE_S1.);
#3098 = LINE('',#3099,#3100);
#3099 = CARTESIAN_POINT('',(30.242268854604,50.,43.513915342295));
#3100 = VECTOR('',#3101,1.);
#3101 = DIRECTION('',(0.,-1.,0.));
#3102 = PCURVE('',#324,#3103);
#3103 = DEFINITIONAL_REPRESENTATION('',(#3104),#3108);
#3104 = LINE('',#3105,#3106);
#3105 = CARTESIAN_POINT('',(5.314159094385,0.));
#3106 = VECTOR('',#3107,1.);
#3107 = DIRECTION('',(0.,1.));
#3108 = ( GEOMETRIC_REPRESENTATION_CONTEXT(2) 
PARAMETRIC_REPRESENTATION_CONTEXT() REPRESENTATION_CONTEXT('2D SPACE',''
  ) );
#3109 = PCURVE('',#434,#3110);
#3110 = DEFINITIONAL_REPRESENTATION('',(#3111),#3115);
#3111 = LINE('',#3112,#3113);
#3112 = CARTESIAN_POINT('',(0.,0.));
#3113 = VECTOR('',#3114,1.);
#3114 = DIRECTION('',(0.,1.));
#3115 = ( GEOMETRIC_REPRESENTATION_CONTEXT(2) 
PARAMETRIC_REPRESENTATION_CONTEXT() REPRESENTATION_CONTEXT('2D SPACE',''
  ) );
#3116 = ADVANCED_FACE('',(#3117),#352,.F.);
#3117 = FACE_BOUND('',#3118,.F.);
#3118 = EDGE_LOOP('',(#3119,#3142,#3143,#3144,#3145,#3168));
#3119 = ORIENTED_EDGE('',*,*,#3120,.T.);
#3120 = EDGE_CURVE('',#3121,#3014,#3123,.T.);
#3121 = VERTEX_POINT('',#3122);
#3122 = CARTESIAN_POINT('',(28.612925695179,10.,59.206839549376));
#3123 = SURFACE_CURVE('',#3124,(#3128,#3135),.PCURVE_S1.);
#3124 = LINE('',#3125,#3126);
#3125 = CARTESIAN_POINT('',(30.612366370272,10.,59.159542754746));
#3126 = VECTOR('',#3127,1.);
#3127 = DIRECTION('',(-0.999720337547,0.,2.364839731482E-02));
#3128 = PCURVE('',#352,#3129);
#3129 = DEFINITIONAL_REPRESENTATION('',(#3130),#3134);
#3130 = LINE('',#3131,#3132);
#3131 = CARTESIAN_POINT('',(-7.759978033396,2.841385219642));
#3132 = VECTOR('',#3133,1.);
#3133 = DIRECTION('',(-2.364839731482E-02,-0.999720337547));
#3134 = ( GEOMETRIC_REPRESENTATION_CONTEXT(2) 
PARAMETRIC_REPRESENTATION_CONTEXT() REPRESENTATION_CONTEXT('2D SPACE',''
  ) );
#3135 = PCURVE('',#3029,#3136);
#3136 = DEFINITIONAL_REPRESENTATION('',(#3137),#3141);
#3137 = LINE('',#3138,#3139);
#3138 = CARTESIAN_POINT('',(0.,40.));
#3139 = VECTOR('',#3140,1.);
#3140 = DIRECTION('',(1.,0.));
#3141 = ( GEOMETRIC_REPRESENTATION_CONTEXT(2) 
PARAMETRIC_REPRESENTATION_CONTEXT() REPRESENTATION_CONTEXT('2D SPACE',''
  ) );
#3142 = ORIENTED_EDGE('',*,*,#3041,.F.);
#3143 = ORIENTED_EDGE('',*,*,#336,.T.);
#3144 = ORIENTED_EDGE('',*,*,#3073,.T.);
#3145 = ORIENTED_EDGE('',*,*,#3146,.T.);
#3146 = EDGE_CURVE('',#3074,#3147,#3149,.T.);
#3147 = VERTEX_POINT('',#3148);
#3148 = CARTESIAN_POINT('',(30.565069575643,10.,57.160102079653));
#3149 = SURFACE_CURVE('',#3150,(#3154,#3161),.PCURVE_S1.);
#3150 = LINE('',#3151,#3152);
#3151 = CARTESIAN_POINT('',(30.242268854604,10.,43.513915342295));
#3152 = VECTOR('',#3153,1.);
#3153 = DIRECTION('',(2.364839731482E-02,0.,0.999720337547));
#3154 = PCURVE('',#352,#3155);
#3155 = DEFINITIONAL_REPRESENTATION('',(#3156),#3160);
#3156 = LINE('',#3157,#3158);
#3157 = CARTESIAN_POINT('',(7.885649379055,2.471287703973));
#3158 = VECTOR('',#3159,1.);
#3159 = DIRECTION('',(-0.999720337547,2.364839731482E-02));
#3160 = ( GEOMETRIC_REPRESENTATION_CONTEXT(2) 
PARAMETRIC_REPRESENTATION_CONTEXT() REPRESENTATION_CONTEXT('2D SPACE',''
  ) );
#3161 = PCURVE('',#434,#3162);
#3162 = DEFINITIONAL_REPRESENTATION('',(#3163),#3167);
#3163 = LINE('',#3164,#3165);
#3164 = CARTESIAN_POINT('',(0.,40.));
#3165 = VECTOR('',#3166,1.);
#3166 = DIRECTION('',(1.,0.));
#3167 = ( GEOMETRIC_REPRESENTATION_CONTEXT(2) 
PARAMETRIC_REPRESENTATION_CONTEXT() REPRESENTATION_CONTEXT('2D SPACE',''
  ) );
#3168 = ORIENTED_EDGE('',*,*,#3169,.T.);
#3169 = EDGE_CURVE('',#3147,#3121,#3170,.T.);
#3170 = SURFACE_CURVE('',#3171,(#3176,#3183),.PCURVE_S1.);
#3171 = CIRCLE('',#3172,2.);
#3172 = AXIS2_PLACEMENT_3D('',#3173,#3174,#3175);
#3173 = CARTESIAN_POINT('',(28.565628900549,10.,57.207398874283));
#3174 = DIRECTION('',(0.,-1.,0.));
#3175 = DIRECTION('',(0.,-0.,-1.));
#3176 = PCURVE('',#352,#3177);
#3177 = DEFINITIONAL_REPRESENTATION('',(#3178),#3182);
#3178 = CIRCLE('',#3179,2.);
#3179 = AXIS2_PLACEMENT_2D('',#3180,#3181);
#3180 = CARTESIAN_POINT('',(-5.807834152933,0.794647749919));
#3181 = DIRECTION('',(1.,0.));
#3182 = ( GEOMETRIC_REPRESENTATION_CONTEXT(2) 
PARAMETRIC_REPRESENTATION_CONTEXT() REPRESENTATION_CONTEXT('2D SPACE',''
  ) );
#3183 = PCURVE('',#3184,#3189);
#3184 = CYLINDRICAL_SURFACE('',#3185,2.);
#3185 = AXIS2_PLACEMENT_3D('',#3186,#3187,#3188);
#3186 = CARTESIAN_POINT('',(28.565628900549,21.103107892359,
    57.207398874283));
#3187 = DIRECTION('',(0.,-1.,0.));
#3188 = DIRECTION('',(0.999720337547,0.,-2.364839731482E-02));
#3189 = DEFINITIONAL_REPRESENTATION('',(#3190),#3194);
#3190 = LINE('',#3191,#3192);
#3191 = CARTESIAN_POINT('',(-1.547145724711,11.103107892359));
#3192 = VECTOR('',#3193,1.);
#3193 = DIRECTION('',(1.,0.));
#3194 = ( GEOMETRIC_REPRESENTATION_CONTEXT(2) 
PARAMETRIC_REPRESENTATION_CONTEXT() REPRESENTATION_CONTEXT('2D SPACE',''
  ) );
#3195 = ADVANCED_FACE('',(#3196),#434,.F.);
#3196 = FACE_BOUND('',#3197,.F.);
#3197 = EDGE_LOOP('',(#3198,#3199,#3220,#3221));
#3198 = ORIENTED_EDGE('',*,*,#393,.T.);
#3199 = ORIENTED_EDGE('',*,*,#3200,.T.);
#3200 = EDGE_CURVE('',#396,#3147,#3201,.T.);
#3201 = SURFACE_CURVE('',#3202,(#3206,#3213),.PCURVE_S1.);
#3202 = LINE('',#3203,#3204);
#3203 = CARTESIAN_POINT('',(30.565069575643,21.103107892359,
    57.160102079653));
#3204 = VECTOR('',#3205,1.);
#3205 = DIRECTION('',(0.,-1.,0.));
#3206 = PCURVE('',#434,#3207);
#3207 = DEFINITIONAL_REPRESENTATION('',(#3208),#3212);
#3208 = LINE('',#3209,#3210);
#3209 = CARTESIAN_POINT('',(13.650004131001,28.896892107641));
#3210 = VECTOR('',#3211,1.);
#3211 = DIRECTION('',(0.,1.));
#3212 = ( GEOMETRIC_REPRESENTATION_CONTEXT(2) 
PARAMETRIC_REPRESENTATION_CONTEXT() REPRESENTATION_CONTEXT('2D SPACE',''
  ) );
#3213 = PCURVE('',#3184,#3214);
#3214 = DEFINITIONAL_REPRESENTATION('',(#3215),#3219);
#3215 = LINE('',#3216,#3217);
#3216 = CARTESIAN_POINT('',(0.,0.));
#3217 = VECTOR('',#3218,1.);
#3218 = DIRECTION('',(0.,1.));
#3219 = ( GEOMETRIC_REPRESENTATION_CONTEXT(2) 
PARAMETRIC_REPRESENTATION_CONTEXT() REPRESENTATION_CONTEXT('2D SPACE',''
  ) );
#3220 = ORIENTED_EDGE('',*,*,#3146,.F.);
#3221 = ORIENTED_EDGE('',*,*,#3096,.F.);
#3222 = ADVANCED_FACE('',(#3223),#527,.F.);
#3223 = FACE_BOUND('',#3224,.F.);
#3224 = EDGE_LOOP('',(#3225,#3226,#3275));
#3225 = ORIENTED_EDGE('',*,*,#447,.F.);
#3226 = ORIENTED_EDGE('',*,*,#3227,.T.);
#3227 = EDGE_CURVE('',#448,#3228,#3230,.T.);
#3228 = VERTEX_POINT('',#3229);
#3229 = CARTESIAN_POINT('',(28.612925695179,17.924066810944,
    59.206839549376));
#3230 = SURFACE_CURVE('',#3231,(#3248,#3255),.PCURVE_S1.);
#3231 = B_SPLINE_CURVE_WITH_KNOTS('',8,(#3232,#3233,#3234,#3235,#3236,
    #3237,#3238,#3239,#3240,#3241,#3242,#3243,#3244,#3245,#3246,#3247),
  .UNSPECIFIED.,.F.,.F.,(9,7,9),(0.,0.5,1.),.UNSPECIFIED.);
#3232 = CARTESIAN_POINT('',(28.704663045908,19.706369078659,
    62.112604807472));
#3233 = CARTESIAN_POINT('',(28.700783160344,19.821932331285,
    61.885538106976));
#3234 = CARTESIAN_POINT('',(28.696061708282,19.904772646193,
    61.640747295663));
#3235 = CARTESIAN_POINT('',(28.690621594075,19.951286127397,
    61.385394292789));
#3236 = CARTESIAN_POINT('',(28.6845783422,19.95994032908,61.125198836501
    ));
#3237 = CARTESIAN_POINT('',(28.678070934591,19.930569767999,
    60.866126565696));
#3238 = CARTESIAN_POINT('',(28.671268976942,19.86404958857,
    60.614869984654));
#3239 = CARTESIAN_POINT('',(28.664356191746,19.762347435529,
    60.37812234396));
#3240 = CARTESIAN_POINT('',(28.650624285095,19.495559617238,
    59.943166521755));
#3241 = CARTESIAN_POINT('',(28.643805853966,19.330294766552,
    59.745085280757));
#3242 = CARTESIAN_POINT('',(28.637233236405,19.137521652364,
    59.572403199958));
#3243 = CARTESIAN_POINT('',(28.630989151938,18.918648627053,
    59.42784883527));
#3244 = CARTESIAN_POINT('',(28.625368105688,18.683366859712,
    59.318584997794));
#3245 = CARTESIAN_POINT('',(28.62038887374,18.434705220482,
    59.243752982463));
#3246 = CARTESIAN_POINT('',(28.616212033315,18.178857711343,
    59.206761811006));
#3247 = CARTESIAN_POINT('',(28.612925695179,17.924066810944,
    59.206839549376));
#3248 = PCURVE('',#527,#3249);
#3249 = DEFINITIONAL_REPRESENTATION('',(#3250),#3254);
#3250 = LINE('',#3251,#3252);
#3251 = CARTESIAN_POINT('',(0.,0.));
#3252 = VECTOR('',#3253,1.);
#3253 = DIRECTION('',(1.,0.));
#3254 = ( GEOMETRIC_REPRESENTATION_CONTEXT(2) 
PARAMETRIC_REPRESENTATION_CONTEXT() REPRESENTATION_CONTEXT('2D SPACE',''
  ) );
#3255 = PCURVE('',#1088,#3256);
#3256 = DEFINITIONAL_REPRESENTATION('',(#3257),#3274);
#3257 = B_SPLINE_CURVE_WITH_KNOTS('',8,(#3258,#3259,#3260,#3261,#3262,
    #3263,#3264,#3265,#3266,#3267,#3268,#3269,#3270,#3271,#3272,#3273),
  .UNSPECIFIED.,.F.,.F.,(9,7,9),(0.,0.5,1.),.UNSPECIFIED.);
#3258 = CARTESIAN_POINT('',(11.881339547025,1.980073407485));
#3259 = CARTESIAN_POINT('',(10.993521788859,1.980073407485));
#3260 = CARTESIAN_POINT('',(10.17469482384,1.980073407485));
#3261 = CARTESIAN_POINT('',(9.410409769268,1.980073407485));
#3262 = CARTESIAN_POINT('',(8.682887298646,1.980073407485));
#3263 = CARTESIAN_POINT('',(7.980075589528,1.980073407485));
#3264 = CARTESIAN_POINT('',(7.294333135362,1.980073407485));
#3265 = CARTESIAN_POINT('',(6.617693635556,1.980073407485));
#3266 = CARTESIAN_POINT('',(5.263646720364,1.980073407485));
#3267 = CARTESIAN_POINT('',(4.586255868994,1.980073407485));
#3268 = CARTESIAN_POINT('',(3.902997916165,1.980073407485));
#3269 = CARTESIAN_POINT('',(3.197098491052,1.980073407485));
#3270 = CARTESIAN_POINT('',(2.471037527855,1.980073407485));
#3271 = CARTESIAN_POINT('',(1.706909603125,1.980073407485));
#3272 = CARTESIAN_POINT('',(0.887817783224,1.980073407485));
#3273 = CARTESIAN_POINT('',(8.881784197001E-16,1.980073407485));
#3274 = ( GEOMETRIC_REPRESENTATION_CONTEXT(2) 
PARAMETRIC_REPRESENTATION_CONTEXT() REPRESENTATION_CONTEXT('2D SPACE',''
  ) );
#3275 = ORIENTED_EDGE('',*,*,#3276,.T.);
#3276 = EDGE_CURVE('',#3228,#396,#3277,.T.);
#3277 = SURFACE_CURVE('',#3278,(#3311,#3317),.PCURVE_S1.);
#3278 = B_SPLINE_CURVE_WITH_KNOTS('',6,(#3279,#3280,#3281,#3282,#3283,
    #3284,#3285,#3286,#3287,#3288,#3289,#3290,#3291,#3292,#3293,#3294,
    #3295,#3296,#3297,#3298,#3299,#3300,#3301,#3302,#3303,#3304,#3305,
    #3306,#3307,#3308,#3309,#3310),.UNSPECIFIED.,.F.,.F.,(7,5,5,5,5,5,7)
  ,(0.,0.125,0.25,0.5,0.625,0.75,1.),.UNSPECIFIED.);
#3279 = CARTESIAN_POINT('',(28.612925695179,17.924066810944,
    59.206839549376));
#3280 = CARTESIAN_POINT('',(28.678357242856,18.010333871,59.205291765283
    ));
#3281 = CARTESIAN_POINT('',(28.743728020587,18.096601158853,
    59.201174604116));
#3282 = CARTESIAN_POINT('',(28.808911881197,18.182868315386,
    59.19449087905));
#3283 = CARTESIAN_POINT('',(28.873782895654,18.269135461053,
    59.185251885712));
#3284 = CARTESIAN_POINT('',(28.938216137309,18.355402596417,
    59.173477098684));
#3285 = CARTESIAN_POINT('',(29.06596082752,18.527936847662,
    59.144911003046));
#3286 = CARTESIAN_POINT('',(29.129272430693,18.614203963544,
    59.128119646044));
#3287 = CARTESIAN_POINT('',(29.191899702805,18.700471070246,
    59.108847653823));
#3288 = CARTESIAN_POINT('',(29.253721636206,18.78673816833,
    59.087130538089));
#3289 = CARTESIAN_POINT('',(29.314619804726,18.87300525836,
    59.063011648296));
#3290 = CARTESIAN_POINT('',(29.494195481571,19.131806505967,
    58.983603218326));
#3291 = CARTESIAN_POINT('',(29.609754770698,19.304340641066,
    58.9212617077));
#3292 = CARTESIAN_POINT('',(29.72023315814,19.476874750687,
    58.84992581927));
#3293 = CARTESIAN_POINT('',(29.824760908299,19.649408839327,
    58.770124627014));
#3294 = CARTESIAN_POINT('',(29.922545726659,19.821942911481,
    58.682497371663));
#3295 = CARTESIAN_POINT('',(30.058063658832,20.080744001729,
    58.540412933036));
#3296 = CARTESIAN_POINT('',(30.101376521286,20.167011028814,
    58.491277401944));
#3297 = CARTESIAN_POINT('',(30.142742216365,20.253278053464,
    58.440459491814));
#3298 = CARTESIAN_POINT('',(30.182079859137,20.339545076241,
    58.388055957814));
#3299 = CARTESIAN_POINT('',(30.21931506551,20.425812097706,
    58.33416863776));
#3300 = CARTESIAN_POINT('',(30.289444838951,20.598346139138,
    58.223640266493));
#3301 = CARTESIAN_POINT('',(30.322339579045,20.684613159104,
    58.166998942579));
#3302 = CARTESIAN_POINT('',(30.352996350255,20.770880178883,
    58.109087439561));
#3303 = CARTESIAN_POINT('',(30.381354697827,20.857147199037,
    58.05001643335));
#3304 = CARTESIAN_POINT('',(30.407361534512,20.943414220128,
    57.989900316602));
#3305 = CARTESIAN_POINT('',(30.478190352667,21.202215287896,
    57.806770962933));
#3306 = CARTESIAN_POINT('',(30.515821076642,21.374749339069,
    57.680976169679));
#3307 = CARTESIAN_POINT('',(30.543498499261,21.547283400732,
    57.552414029582));
#3308 = CARTESIAN_POINT('',(30.560983163401,21.719817477383,
    57.422073899414));
#3309 = CARTESIAN_POINT('',(30.568165428657,21.892351813303,
    57.290967892264));
#3310 = CARTESIAN_POINT('',(30.565069860687,22.064885693628,
    57.160104806094));
#3311 = PCURVE('',#527,#3312);
#3312 = DEFINITIONAL_REPRESENTATION('',(#3313),#3316);
#3313 = B_SPLINE_CURVE_WITH_KNOTS('',1,(#3314,#3315),.UNSPECIFIED.,.F.,
  .F.,(2,2),(0.,1.),.PIECEWISE_BEZIER_KNOTS.);
#3314 = CARTESIAN_POINT('',(1.,0.));
#3315 = CARTESIAN_POINT('',(1.,1.));
#3316 = ( GEOMETRIC_REPRESENTATION_CONTEXT(2) 
PARAMETRIC_REPRESENTATION_CONTEXT() REPRESENTATION_CONTEXT('2D SPACE',''
  ) );
#3317 = PCURVE('',#3184,#3318);
#3318 = DEFINITIONAL_REPRESENTATION('',(#3319),#3325);
#3319 = B_SPLINE_CURVE_WITH_KNOTS('',4,(#3320,#3321,#3322,#3323,#3324),
  .UNSPECIFIED.,.F.,.F.,(5,5),(0.,1.),.PIECEWISE_BEZIER_KNOTS.);
#3320 = CARTESIAN_POINT('',(1.570796326795,3.179041081415));
#3321 = CARTESIAN_POINT('',(1.17809688864,2.143836859802));
#3322 = CARTESIAN_POINT('',(0.785396119864,1.108629130508));
#3323 = CARTESIAN_POINT('',(0.392699081699,7.343123556621E-02));
#3324 = CARTESIAN_POINT('',(-1.110223024625E-16,-0.961772046383));
#3325 = ( GEOMETRIC_REPRESENTATION_CONTEXT(2) 
PARAMETRIC_REPRESENTATION_CONTEXT() REPRESENTATION_CONTEXT('2D SPACE',''
  ) );
#3326 = ADVANCED_FACE('',(#3327),#1088,.F.);
#3327 = FACE_BOUND('',#3328,.F.);
#3328 = EDGE_LOOP('',(#3329,#3400,#3401,#3402));
#3329 = ORIENTED_EDGE('',*,*,#3330,.F.);
#3330 = EDGE_CURVE('',#3228,#2955,#3331,.T.);
#3331 = SURFACE_CURVE('',#3332,(#3361,#3368),.PCURVE_S1.);
#3332 = ( BOUNDED_CURVE() B_SPLINE_CURVE(14,(#3333,#3334,#3335,#3336,
    #3337,#3338,#3339,#3340,#3341,#3342,#3343,#3344,#3345,#3346,#3347,
    #3348,#3349,#3350,#3351,#3352,#3353,#3354,#3355,#3356,#3357,#3358,
#3359,#3360),.UNSPECIFIED.,.F.,.F.) B_SPLINE_CURVE_WITH_KNOTS((15,13,15)
,(-3.378175019034,0.,8.50316452799),.UNSPECIFIED.) CURVE() 
GEOMETRIC_REPRESENTATION_ITEM() RATIONAL_B_SPLINE_CURVE((1.,1.,1.,
    1.000000000001,0.999999999998,1.000000000003,0.999999999996,
    1.000000000005,0.999999999996,1.000000000003,0.999999999998,
    1.000000000001,1.,1.,1.,1.,1.,1.,0.999999999999,1.000000000002,
    0.999999999996,1.000000000005,0.999999999996,1.000000000003,
0.999999999998,1.000000000001,1.,1.)) REPRESENTATION_ITEM('') );
#3333 = CARTESIAN_POINT('',(33.843738142316,17.697389088732,
    59.083104614331));
#3334 = CARTESIAN_POINT('',(33.593039796206,17.714371080911,
    59.089034886901));
#3335 = CARTESIAN_POINT('',(33.344408126202,17.730738029762,
    59.09491627222));
#3336 = CARTESIAN_POINT('',(33.097765512274,17.74648366322,
    59.100750606397));
#3337 = CARTESIAN_POINT('',(32.853030499219,17.76160167475,
    59.106539816237));
#3338 = CARTESIAN_POINT('',(32.610117796632,17.776085723422,
    59.112285919329));
#3339 = CARTESIAN_POINT('',(32.368938278952,17.789929433769,
    59.117991023863));
#3340 = CARTESIAN_POINT('',(32.129398985405,17.803126396014,
    59.123657328936));
#3341 = CARTESIAN_POINT('',(31.891403120059,17.815670165756,
    59.129287124127));
#3342 = CARTESIAN_POINT('',(31.654850051786,17.827554264345,
    59.134882789998));
#3343 = CARTESIAN_POINT('',(31.419635314273,17.838772178499,
    59.140446797589));
#3344 = CARTESIAN_POINT('',(31.185650606038,17.849317360636,
    59.145981708853));
#3345 = CARTESIAN_POINT('',(30.952783790398,17.85918322863,
    59.151490176338));
#3346 = CARTESIAN_POINT('',(30.7209188955,17.868363165962,59.15697494338
    ));
#3347 = CARTESIAN_POINT('',(29.908532077926,17.898213944605,
    59.176191963894));
#3348 = CARTESIAN_POINT('',(29.332704340727,17.915247985276,
    59.189813176349));
#3349 = CARTESIAN_POINT('',(28.760568868655,17.927216337998,
    59.203347048232));
#3350 = CARTESIAN_POINT('',(28.189832589094,17.936280191264,
    59.216847822178));
#3351 = CARTESIAN_POINT('',(27.619193927894,17.937905332955,
    59.230346287001));
#3352 = CARTESIAN_POINT('',(27.045121683564,17.93194011072,
    59.243925973213));
#3353 = CARTESIAN_POINT('',(26.467007949854,17.938643860344,
    59.257601260991));
#3354 = CARTESIAN_POINT('',(25.882161652837,17.900412836555,
    59.271435807548));
#3355 = CARTESIAN_POINT('',(25.287099609259,17.90108979964,
    59.285512007807));
#3356 = CARTESIAN_POINT('',(24.682823624584,17.8625283102,
    59.299806163889));
#3357 = CARTESIAN_POINT('',(24.064015299516,17.835021310368,
    59.314444082716));
#3358 = CARTESIAN_POINT('',(23.43030986216,17.795415694023,
    59.329434392898));
#3359 = CARTESIAN_POINT('',(22.779312795581,17.750868103172,
    59.3448337368));
#3360 = CARTESIAN_POINT('',(22.109725718342,17.699901369889,
    59.360672827638));
#3361 = PCURVE('',#1088,#3362);
#3362 = DEFINITIONAL_REPRESENTATION('',(#3363),#3367);
#3363 = LINE('',#3364,#3365);
#3364 = CARTESIAN_POINT('',(0.,0.));
#3365 = VECTOR('',#3366,1.);
#3366 = DIRECTION('',(0.,1.));
#3367 = ( GEOMETRIC_REPRESENTATION_CONTEXT(2) 
PARAMETRIC_REPRESENTATION_CONTEXT() REPRESENTATION_CONTEXT('2D SPACE',''
  ) );
#3368 = PCURVE('',#3029,#3369);
#3369 = DEFINITIONAL_REPRESENTATION('',(#3370),#3399);
#3370 = B_SPLINE_CURVE_WITH_KNOTS('',14,(#3371,#3372,#3373,#3374,#3375,
    #3376,#3377,#3378,#3379,#3380,#3381,#3382,#3383,#3384,#3385,#3386,
    #3387,#3388,#3389,#3390,#3391,#3392,#3393,#3394,#3395,#3396,#3397,
    #3398),.UNSPECIFIED.,.F.,.F.,(15,13,15),(-3.378175019034,0.,
    8.50316452799),.UNSPECIFIED.);
#3371 = CARTESIAN_POINT('',(-3.232275718201,32.302610911268));
#3372 = CARTESIAN_POINT('',(-2.981507241563,32.285628919083));
#3373 = CARTESIAN_POINT('',(-2.732806019165,32.269261970262));
#3374 = CARTESIAN_POINT('',(-2.486094409264,32.253516336711));
#3375 = CARTESIAN_POINT('',(-2.241290933867,32.238398325396));
#3376 = CARTESIAN_POINT('',(-1.998310278715,32.223914276338));
#3377 = CARTESIAN_POINT('',(-1.757063293313,32.21007056655));
#3378 = CARTESIAN_POINT('',(-1.517456990874,32.19687360364));
#3379 = CARTESIAN_POINT('',(-1.27939454841,32.184329834552));
#3380 = CARTESIAN_POINT('',(-1.042775306609,32.172445735429));
#3381 = CARTESIAN_POINT('',(-0.807494769974,32.161227821634));
#3382 = CARTESIAN_POINT('',(-0.573444606689,32.150682639303));
#3383 = CARTESIAN_POINT('',(-0.340512648729,32.140816771391));
#3384 = CARTESIAN_POINT('',(-0.108582891786,32.131636834035));
#3385 = CARTESIAN_POINT('',(0.704031183433,32.101786055403));
#3386 = CARTESIAN_POINT('',(1.280020003081,32.084752014692));
#3387 = CARTESIAN_POINT('',(1.852315524716,32.072783662078));
#3388 = CARTESIAN_POINT('',(2.423211462452,32.063719808605));
#3389 = CARTESIAN_POINT('',(2.99400975447,32.062094667217));
#3390 = CARTESIAN_POINT('',(3.568242590219,32.068059889105));
#3391 = CARTESIAN_POINT('',(4.146518045784,32.061356139796));
#3392 = CARTESIAN_POINT('',(4.731527948197,32.099587163357));
#3393 = CARTESIAN_POINT('',(5.32675645475,32.098910200404));
#3394 = CARTESIAN_POINT('',(5.931201480075,32.137471689783));
#3395 = CARTESIAN_POINT('',(6.550182910962,32.164978689637));
#3396 = CARTESIAN_POINT('',(7.184065621535,32.204584305976));
#3397 = CARTESIAN_POINT('',(7.835244798472,32.249131896828));
#3398 = CARTESIAN_POINT('',(8.505019186461,32.300098630111));
#3399 = ( GEOMETRIC_REPRESENTATION_CONTEXT(2) 
PARAMETRIC_REPRESENTATION_CONTEXT() REPRESENTATION_CONTEXT('2D SPACE',''
  ) );
#3400 = ORIENTED_EDGE('',*,*,#3227,.F.);
#3401 = ORIENTED_EDGE('',*,*,#1046,.T.);
#3402 = ORIENTED_EDGE('',*,*,#3403,.T.);
#3403 = EDGE_CURVE('',#1047,#2955,#3404,.T.);
#3404 = SURFACE_CURVE('',#3405,(#3422,#3442),.PCURVE_S1.);
#3405 = B_SPLINE_CURVE_WITH_KNOTS('',8,(#3406,#3407,#3408,#3409,#3410,
    #3411,#3412,#3413,#3414,#3415,#3416,#3417,#3418,#3419,#3420,#3421),
  .UNSPECIFIED.,.F.,.F.,(9,7,9),(0.,0.5,1.),.UNSPECIFIED.);
#3406 = CARTESIAN_POINT('',(27.355099343729,19.710798253684,
    62.144513920219));
#3407 = CARTESIAN_POINT('',(27.348900084613,19.826365880654,
    61.917502045022));
#3408 = CARTESIAN_POINT('',(27.342516031978,19.909208923163,
    61.672751013657));
#3409 = CARTESIAN_POINT('',(27.336142419675,19.955723188227,
    61.417420838117));
#3410 = CARTESIAN_POINT('',(27.329925526837,19.964376266367,
    61.157230525759));
#3411 = CARTESIAN_POINT('',(27.324007654558,19.935002703839,
    60.898145576346));
#3412 = CARTESIAN_POINT('',(27.318540841107,19.868477725297,
    60.646858816734));
#3413 = CARTESIAN_POINT('',(27.31366931449,19.766769103131,
    60.410064328865));
#3414 = CARTESIAN_POINT('',(27.3052920506,19.499965359094,59.97498468315
    ));
#3415 = CARTESIAN_POINT('',(27.301790599775,19.334691038615,
    59.776826371498));
#3416 = CARTESIAN_POINT('',(27.29908705845,19.141907214872,
    59.604054063079));
#3417 = CARTESIAN_POINT('',(27.297235878885,18.923022190039,
    59.459396908357));
#3418 = CARTESIAN_POINT('',(27.296337057286,18.687727833689,
    59.350022255081));
#3419 = CARTESIAN_POINT('',(27.296348580708,18.439052844225,
    59.275072801493));
#3420 = CARTESIAN_POINT('',(27.297306707819,18.183191834871,
    59.237960533275));
#3421 = CARTESIAN_POINT('',(27.29913412175,17.928387340207,
    59.237917305775));
#3422 = PCURVE('',#1088,#3423);
#3423 = DEFINITIONAL_REPRESENTATION('',(#3424),#3441);
#3424 = B_SPLINE_CURVE_WITH_KNOTS('',8,(#3425,#3426,#3427,#3428,#3429,
    #3430,#3431,#3432,#3433,#3434,#3435,#3436,#3437,#3438,#3439,#3440),
  .UNSPECIFIED.,.F.,.F.,(9,7,9),(0.,0.5,1.),.UNSPECIFIED.);
#3425 = CARTESIAN_POINT('',(11.881339547025,3.369042674034));
#3426 = CARTESIAN_POINT('',(10.993523085777,3.369042674034));
#3427 = CARTESIAN_POINT('',(10.174693206409,3.369042674034));
#3428 = CARTESIAN_POINT('',(9.410412192635,3.369042674034));
#3429 = CARTESIAN_POINT('',(8.682888246142,3.369042674034));
#3430 = CARTESIAN_POINT('',(7.980073694877,3.369042674034));
#3431 = CARTESIAN_POINT('',(7.294333501709,3.369042674034));
#3432 = CARTESIAN_POINT('',(6.617692341122,3.369042674034));
#3433 = CARTESIAN_POINT('',(5.263644681878,3.369042674034));
#3434 = CARTESIAN_POINT('',(4.586252500981,3.369042674034));
#3435 = CARTESIAN_POINT('',(3.902996142112,3.369042674034));
#3436 = CARTESIAN_POINT('',(3.197094259557,3.369042674034));
#3437 = CARTESIAN_POINT('',(2.471035017896,3.369042674034));
#3438 = CARTESIAN_POINT('',(1.70690672968,3.369042674034));
#3439 = CARTESIAN_POINT('',(0.887816276302,3.369042674034));
#3440 = CARTESIAN_POINT('',(0.,3.369042674034));
#3441 = ( GEOMETRIC_REPRESENTATION_CONTEXT(2) 
PARAMETRIC_REPRESENTATION_CONTEXT() REPRESENTATION_CONTEXT('2D SPACE',''
  ) );
#3442 = PCURVE('',#1276,#3443);
#3443 = DEFINITIONAL_REPRESENTATION('',(#3444),#3448);
#3444 = LINE('',#3445,#3446);
#3445 = CARTESIAN_POINT('',(0.,0.));
#3446 = VECTOR('',#3447,1.);
#3447 = DIRECTION('',(1.,0.));
#3448 = ( GEOMETRIC_REPRESENTATION_CONTEXT(2) 
PARAMETRIC_REPRESENTATION_CONTEXT() REPRESENTATION_CONTEXT('2D SPACE',''
  ) );
#3449 = ADVANCED_FACE('',(#3450),#1276,.T.);
#3450 = FACE_BOUND('',#3451,.T.);
#3451 = EDGE_LOOP('',(#3452,#3453,#3454));
#3452 = ORIENTED_EDGE('',*,*,#1180,.F.);
#3453 = ORIENTED_EDGE('',*,*,#3403,.T.);
#3454 = ORIENTED_EDGE('',*,*,#2954,.T.);
#3455 = ADVANCED_FACE('',(#3456),#1969,.T.);
#3456 = FACE_BOUND('',#3457,.T.);
#3457 = EDGE_LOOP('',(#3458,#3706,#3739,#3740));
#3458 = ORIENTED_EDGE('',*,*,#3459,.F.);
#3459 = EDGE_CURVE('',#3460,#3462,#3464,.T.);
#3460 = VERTEX_POINT('',#3461);
#3461 = CARTESIAN_POINT('',(3.619049296475,3.19715409766,-5.506402785845
    ));
#3462 = VERTEX_POINT('',#3463);
#3463 = CARTESIAN_POINT('',(50.170947989572,3.295713264278,
    -5.506402785845));
#3464 = SURFACE_CURVE('',#3465,(#3481,#3488),.PCURVE_S1.);
#3465 = ( BOUNDED_CURVE() B_SPLINE_CURVE(3,(#3466,#3467,#3468,#3469,
    #3470,#3471,#3472,#3473,#3474,#3475,#3476,#3477,#3478,#3479,#3480),
.UNSPECIFIED.,.F.,.F.) B_SPLINE_CURVE_WITH_KNOTS((4,2,2,1,1,1,2,2,4),(
-2.,-1.875,-1.75,-1.5,-1.,-0.5,-0.25,-0.125,0.),.UNSPECIFIED.) CURVE() 
GEOMETRIC_REPRESENTATION_ITEM() RATIONAL_B_SPLINE_CURVE((1.,
    1.000163887618,1.004393994018,1.008273494138,1.007922887859,1.,1.,1.
    ,1.,1.,1.007915155057,1.008265268345,1.004388951459,1.000162521285,
1.)) REPRESENTATION_ITEM('') );
#3466 = CARTESIAN_POINT('',(3.619049296475,3.19715409766,-5.506402785845
    ));
#3467 = CARTESIAN_POINT('',(4.058186371303,3.127297883653,-5.73142354272
    ));
#3468 = CARTESIAN_POINT('',(4.619847199785,3.085065098141,
    -5.881227172182));
#3469 = CARTESIAN_POINT('',(5.960027634793,3.024092274573,
    -6.097623910038));
#3470 = CARTESIAN_POINT('',(6.7438032762,3.004984709292,-6.165520755575)
  );
#3471 = CARTESIAN_POINT('',(9.470821720501,2.981140714606,
    -6.250646026713));
#3472 = CARTESIAN_POINT('',(16.005040232524,3.008753826752,
    -6.186890706471));
#3473 = CARTESIAN_POINT('',(26.895404419229,3.054775680329,-6.0806318394
    ));
#3474 = CARTESIAN_POINT('',(37.785865847542,3.054867950583,
    -6.186890706471));
#3475 = CARTESIAN_POINT('',(44.320142704529,3.054923312735,
    -6.250646026713));
#3476 = CARTESIAN_POINT('',(47.047010660515,3.089694768635,
    -6.162060656363));
#3477 = CARTESIAN_POINT('',(47.83070356386,3.112074711981,
    -6.093901968468));
#3478 = CARTESIAN_POINT('',(49.170629905527,3.178946673675,
    -5.878750814371));
#3479 = CARTESIAN_POINT('',(49.73211301684,3.223830384212,
    -5.730468324512));
#3480 = CARTESIAN_POINT('',(50.170947989572,3.295713264278,
    -5.506402785845));
#3481 = PCURVE('',#1969,#3482);
#3482 = DEFINITIONAL_REPRESENTATION('',(#3483),#3487);
#3483 = LINE('',#3484,#3485);
#3484 = CARTESIAN_POINT('',(0.,-1.285465911373E-16));
#3485 = VECTOR('',#3486,1.);
#3486 = DIRECTION('',(-1.,-7.943401513015E-17));
#3487 = ( GEOMETRIC_REPRESENTATION_CONTEXT(2) 
PARAMETRIC_REPRESENTATION_CONTEXT() REPRESENTATION_CONTEXT('2D SPACE',''
  ) );
#3488 = PCURVE('',#3489,#3700);
#3489 = ( BOUNDED_SURFACE() B_SPLINE_SURFACE(3,3,(
    (#3490,#3491,#3492,#3493,#3494,#3495,#3496,#3497,#3498,#3499,#3500
      ,#3501,#3502,#3503,#3504)
    ,(#3505,#3506,#3507,#3508,#3509,#3510,#3511,#3512,#3513,#3514,#3515
      ,#3516,#3517,#3518,#3519)
    ,(#3520,#3521,#3522,#3523,#3524,#3525,#3526,#3527,#3528,#3529,#3530
      ,#3531,#3532,#3533,#3534)
    ,(#3535,#3536,#3537,#3538,#3539,#3540,#3541,#3542,#3543,#3544,#3545
      ,#3546,#3547,#3548,#3549)
    ,(#3550,#3551,#3552,#3553,#3554,#3555,#3556,#3557,#3558,#3559,#3560
      ,#3561,#3562,#3563,#3564)
    ,(#3565,#3566,#3567,#3568,#3569,#3570,#3571,#3572,#3573,#3574,#3575
      ,#3576,#3577,#3578,#3579)
    ,(#3580,#3581,#3582,#3583,#3584,#3585,#3586,#3587,#3588,#3589,#3590
      ,#3591,#3592,#3593,#3594)
    ,(#3595,#3596,#3597,#3598,#3599,#3600,#3601,#3602,#3603,#3604,#3605
      ,#3606,#3607,#3608,#3609)
    ,(#3610,#3611,#3612,#3613,#3614,#3615,#3616,#3617,#3618,#3619,#3620
      ,#3621,#3622,#3623,#3624)
    ,(#3625,#3626,#3627,#3628,#3629,#3630,#3631,#3632,#3633,#3634,#3635
      ,#3636,#3637,#3638,#3639)
    ,(#3640,#3641,#3642,#3643,#3644,#3645,#3646,#3647,#3648,#3649,#3650
      ,#3651,#3652,#3653,#3654)
    ,(#3655,#3656,#3657,#3658,#3659,#3660,#3661,#3662,#3663,#3664,#3665
      ,#3666,#3667,#3668,#3669)
    ,(#3670,#3671,#3672,#3673,#3674,#3675,#3676,#3677,#3678,#3679,#3680
      ,#3681,#3682,#3683,#3684)
    ,(#3685,#3686,#3687,#3688,#3689,#3690,#3691,#3692,#3693,#3694,#3695
      ,#3696,#3697,#3698,#3699
)),.UNSPECIFIED.,.F.,.F.,.F.) B_SPLINE_SURFACE_WITH_KNOTS((4,2,2,1,1,2,2
    ,4),(4,2,2,1,1,1,2,2,4),(0.,0.125,0.25,0.5,1.,1.5,1.75,2.),(0.,0.125
    ,0.25,0.5,1.,1.5,1.75,1.875,2.),.UNSPECIFIED.) 
GEOMETRIC_REPRESENTATION_ITEM() RATIONAL_B_SPLINE_SURFACE((
    (1.,1.000162521285,1.004388951459,1.008265268345,1.007915155057,1.
      ,1.,1.,1.,1.,1.007922887859,1.008273494138,1.004393994018
      ,1.000163887618,1.)
    ,(0.999673591097,0.998497521637,1.003306457539,1.008287032352
      ,1.007870139697,1.,1.,1.,1.,1.,1.007732235027,1.008184953539
      ,1.003293708299,0.99849765167,0.999673591097)
    ,(1.003256005911,1.002571592214,1.00405148261,1.007219251642
      ,1.0065227411,1.,1.,1.,1.,1.,1.006247585306,1.007054420874
      ,1.004047637957,1.002584817228,1.003256005911)
    ,(1.006613067109,1.006684855009,1.005962505797,1.008306785974
      ,1.008231995368,1.,1.,1.,1.,1.,1.008069942284,1.008279955675
      ,1.006101593095,1.006777861191,1.006613067109)
    ,(1.006387713493,1.006325171958,1.005182198311,1.007703912017
      ,1.007656090335,1.,1.,1.,1.,1.,1.007634246686,1.007807722674
      ,1.005426796144,1.006450255028,1.006387713493)
    ,(1.,1.,1.,1.,1.,1.,1.,1.,1.,1.,1.,1.,1.,1.,1.)
    ,(1.,1.,1.,1.,1.,1.,1.,1.,1.,1.,1.,1.,1.,1.,1.)
    ,(1.,1.,1.,1.,1.,1.,1.,1.,1.,1.,1.,1.,1.,1.,1.)
    ,(1.,1.,1.,1.,1.,1.,1.,1.,1.,1.,1.,1.,1.,1.,1.)
    ,(1.01677191461,1.016905323734,1.013761420906,1.015165941988
      ,1.013443144769,1.,1.,1.,1.,1.,1.01334212611,1.014785254393
      ,1.013227908033,1.016638505487,1.01677191461)
    ,(1.017908478598,1.018168219287,1.015337766907,1.015142322847
      ,1.013235973421,1.,1.,1.,1.,1.,1.01334918143,1.015020285717
      ,1.015001269838,1.017959328921,1.017908478598)
    ,(1.011273458144,1.010586201124,1.009759159316,1.009900140225
      ,1.008230289059,1.,1.,1.,1.,1.,1.008637968046,1.010122167205
      ,1.009730511223,1.010544287409,1.011273458144)
    ,(1.003501873701,1.002112764069,1.005442384864,1.010059026342
      ,1.010777114051,1.,1.,1.,1.,1.,1.010997435068,1.010219196468
      ,1.005456856359,1.002105906646,1.003501873701)
    ,(1.,0.999125761318,1.003910731267,1.008462124863,1.00822854851,1.
      ,1.,1.,1.,1.,1.008226881121,1.008460080563,1.003908290919
,0.999123301832,1.))) REPRESENTATION_ITEM('') SURFACE() );
#3490 = CARTESIAN_POINT('',(50.170947989572,3.295713264278,
    -5.506402785845));
#3491 = CARTESIAN_POINT('',(49.73211301684,3.223830384212,
    -5.730468324512));
#3492 = CARTESIAN_POINT('',(49.170629905527,3.178946673675,
    -5.878750814371));
#3493 = CARTESIAN_POINT('',(47.83070356386,3.112074711981,
    -6.093901968468));
#3494 = CARTESIAN_POINT('',(47.047010660515,3.089694768635,
    -6.162060656363));
#3495 = CARTESIAN_POINT('',(44.320142704529,3.054923312735,
    -6.250646026713));
#3496 = CARTESIAN_POINT('',(37.785865847542,3.054867950583,
    -6.186890706471));
#3497 = CARTESIAN_POINT('',(26.895404419229,3.054775680329,-6.0806318394
    ));
#3498 = CARTESIAN_POINT('',(16.005040232524,3.008753826752,
    -6.186890706471));
#3499 = CARTESIAN_POINT('',(9.470821720501,2.981140714606,
    -6.250646026713));
#3500 = CARTESIAN_POINT('',(6.7438032762,3.004984709292,-6.165520755575)
  );
#3501 = CARTESIAN_POINT('',(5.960027634793,3.024092274573,
    -6.097623910038));
#3502 = CARTESIAN_POINT('',(4.619847199785,3.085065098141,
    -5.881227172182));
#3503 = CARTESIAN_POINT('',(4.058186371303,3.127297883653,-5.73142354272
    ));
#3504 = CARTESIAN_POINT('',(3.619049296475,3.19715409766,-5.506402785845
    ));
#3505 = CARTESIAN_POINT('',(50.386601292744,3.209107074753,
    -4.691500912115));
#3506 = CARTESIAN_POINT('',(49.94020171155,3.099736985629,
    -4.847558464307));
#3507 = CARTESIAN_POINT('',(49.339664494303,3.027217833179,
    -4.915102147844));
#3508 = CARTESIAN_POINT('',(47.874573592156,2.923560315421,
    -5.01027207746));
#3509 = CARTESIAN_POINT('',(47.040930929483,2.892038571262,
    -5.032066333818));
#3510 = CARTESIAN_POINT('',(44.314871089686,2.846590290685,
    -5.062309146552));
#3511 = CARTESIAN_POINT('',(37.782736492912,2.846535161994,
    -5.01449265637));
#3512 = CARTESIAN_POINT('',(26.895845498288,2.846443280843,
    -4.934798506067));
#3513 = CARTESIAN_POINT('',(16.009051714911,2.800436156665,
    -5.01449265637));
#3514 = CARTESIAN_POINT('',(9.476975444885,2.772831882158,
    -5.062309146552));
#3515 = CARTESIAN_POINT('',(6.750469195496,2.807598973451,
    -5.034303696592));
#3516 = CARTESIAN_POINT('',(5.916708574011,2.835597239942,
    -5.013124780434));
#3517 = CARTESIAN_POINT('',(4.451645406386,2.932565296152,
    -4.917292316212));
#3518 = CARTESIAN_POINT('',(3.850981100715,3.002166906481,
    -4.848134303796));
#3519 = CARTESIAN_POINT('',(3.404208231408,3.109481743931,
    -4.691249086185));
#3520 = CARTESIAN_POINT('',(50.527687458531,3.150009345094,
    -3.730415147166));
#3521 = CARTESIAN_POINT('',(50.053933865455,3.013474888831,
    -3.787653313631));
#3522 = CARTESIAN_POINT('',(49.433088938636,2.917910513851,
    -3.788939934915));
#3523 = CARTESIAN_POINT('',(47.928019503888,2.785706833913,
    -3.786442888275));
#3524 = CARTESIAN_POINT('',(47.095101593943,2.744108150337,
    -3.779041433848));
#3525 = CARTESIAN_POINT('',(44.310917378553,2.690340524147,
    -3.754389819764));
#3526 = CARTESIAN_POINT('',(37.780389476939,2.690285570552,
    -3.718527452127));
#3527 = CARTESIAN_POINT('',(26.896176307583,2.690193981229,-3.6587568394
    ));
#3528 = CARTESIAN_POINT('',(16.012060326702,2.644197904099,
    -3.718527452127));
#3529 = CARTESIAN_POINT('',(9.481590738173,2.616600257821,
    -3.754389819764));
#3530 = CARTESIAN_POINT('',(6.696578824207,2.66002011944,-3.781721448606
    ));
#3531 = CARTESIAN_POINT('',(5.863572939994,2.697598248486,
    -3.788370985209));
#3532 = CARTESIAN_POINT('',(4.358891004629,2.822487668314,
    -3.789620379793));
#3533 = CARTESIAN_POINT('',(3.738303601486,2.915067290566,
    -3.787458847147));
#3534 = CARTESIAN_POINT('',(3.264093512547,3.049540122354,
    -3.729765859983));
#3535 = CARTESIAN_POINT('',(50.743269187659,3.055564005179,
    -1.51777220203));
#3536 = CARTESIAN_POINT('',(50.225470971904,2.884216890758,-1.339317424)
  );
#3537 = CARTESIAN_POINT('',(49.568397877664,2.761624908092,
    -1.240455369048));
#3538 = CARTESIAN_POINT('',(47.990802182868,2.585828200597,
    -1.079681111437));
#3539 = CARTESIAN_POINT('',(47.125873779923,2.529056085536,
    -1.029600685557));
#3540 = CARTESIAN_POINT('',(44.304986811854,2.455965874339,
    -0.985219162915));
#3541 = CARTESIAN_POINT('',(37.77686895298,2.45591118339,-0.967287979097
    ));
#3542 = CARTESIAN_POINT('',(26.896672521524,2.455820031807,
    -0.937402672734));
#3543 = CARTESIAN_POINT('',(16.016573244387,2.409840525251,
    -0.967287979097));
#3544 = CARTESIAN_POINT('',(9.488513678105,2.382252821317,
    -0.985219162915));
#3545 = CARTESIAN_POINT('',(6.666402077025,2.444091889349,
    -1.028612283538));
#3546 = CARTESIAN_POINT('',(5.801194680393,2.496448185907,
    -1.078274319316));
#3547 = CARTESIAN_POINT('',(4.224279545165,2.664635116375,
    -1.238543073063));
#3548 = CARTESIAN_POINT('',(3.567344237907,2.784572117831,
    -1.337848222101));
#3549 = CARTESIAN_POINT('',(3.049505780036,2.953979855725,
    -1.516797064572));
#3550 = CARTESIAN_POINT('',(50.818802555831,3.019779827006,
    -0.258812207265));
#3551 = CARTESIAN_POINT('',(50.278724404411,2.84128470947,
    -1.016580841838E-04));
#3552 = CARTESIAN_POINT('',(49.610921644653,2.710143007205,
    0.113091143177));
#3553 = CARTESIAN_POINT('',(48.014809943811,2.519792426165,
    0.332278021728));
#3554 = CARTESIAN_POINT('',(47.14152742475,2.456744220892,0.400233514952
    ));
#3555 = CARTESIAN_POINT('',(44.303009956288,2.37784099107,0.476032167145
    ));
#3556 = CARTESIAN_POINT('',(37.775695444994,2.377786387669,
    0.487986289691));
#3557 = CARTESIAN_POINT('',(26.896837926171,2.377695382,0.507909827266)
  );
#3558 = CARTESIAN_POINT('',(16.018077550282,2.331721398968,
    0.487986289691));
#3559 = CARTESIAN_POINT('',(9.490821324749,2.304137009149,0.476032167145
    ));
#3560 = CARTESIAN_POINT('',(6.651105454321,2.370969190367,0.401572439885
    ));
#3561 = CARTESIAN_POINT('',(5.777183435696,2.429545026287,0.334531385211
    ));
#3562 = CARTESIAN_POINT('',(4.182112043273,2.612463926607,0.115709390247
    ));
#3563 = CARTESIAN_POINT('',(3.513914690259,2.741401362702,
    1.350810788265E-03));
#3564 = CARTESIAN_POINT('',(2.974001887729,2.91791851341,-0.257905883188
    ));
#3565 = CARTESIAN_POINT('',(50.950954666702,2.945603986171,
    4.021469906076));
#3566 = CARTESIAN_POINT('',(50.375598030671,2.764609867145,
    4.256361136374));
#3567 = CARTESIAN_POINT('',(49.672176061308,2.62886201003,4.432529559097
    ));
#3568 = CARTESIAN_POINT('',(48.073234122587,2.425235688665,
    4.696782193182));
#3569 = CARTESIAN_POINT('',(47.177714153229,2.357357224416,
    4.784866404543));
#3570 = CARTESIAN_POINT('',(44.299056245155,2.221591224532,
    4.961034827266));
#3571 = CARTESIAN_POINT('',(37.773348429022,2.221536796227,
    4.961034827266));
#3572 = CARTESIAN_POINT('',(26.897168735465,2.221446082386,
    4.961034827266));
#3573 = CARTESIAN_POINT('',(16.021086162072,2.175483146402,
    4.961034827266));
#3574 = CARTESIAN_POINT('',(9.495436618037,2.147905384812,4.961034827266
    ));
#3575 = CARTESIAN_POINT('',(6.616229634974,2.271480896636,4.784866404543
    ));
#3576 = CARTESIAN_POINT('',(5.720430272113,2.335566799347,4.696782193182
    ));
#3577 = CARTESIAN_POINT('',(4.120640440867,2.532420801078,4.432529559097
    ));
#3578 = CARTESIAN_POINT('',(3.416649972484,2.665188900099,4.256361136374
    ));
#3579 = CARTESIAN_POINT('',(2.840532100418,2.843745129992,4.021469906076
    ));
#3580 = CARTESIAN_POINT('',(51.01786806544,2.867478986171,
    13.800367305918));
#3581 = CARTESIAN_POINT('',(50.425783079724,2.706016117145,
    13.934284186255));
#3582 = CARTESIAN_POINT('',(49.709814848099,2.58491669753,
    14.034721846508));
#3583 = CARTESIAN_POINT('',(48.092053515982,2.403263032415,
    14.185378336887));
#3584 = CARTESIAN_POINT('',(47.190260415492,2.342708786916,
    14.235597167014));
#3585 = CARTESIAN_POINT('',(44.299056245155,2.221591224532,
    14.336034827266));
#3586 = CARTESIAN_POINT('',(37.773348429022,2.221536796227,
    14.336034827266));
#3587 = CARTESIAN_POINT('',(26.897168735466,2.221446082386,
    14.336034827266));
#3588 = CARTESIAN_POINT('',(16.021086162072,2.175483146402,
    14.336034827266));
#3589 = CARTESIAN_POINT('',(9.495436618037,2.147905384812,
    14.336034827266));
#3590 = CARTESIAN_POINT('',(6.60374551193,2.25677946508,14.235597167014)
  );
#3591 = CARTESIAN_POINT('',(5.701704087546,2.313514652013,
    14.185378336887));
#3592 = CARTESIAN_POINT('',(4.083188071735,2.488316506411,
    14.034721846508));
#3593 = CARTESIAN_POINT('',(3.366713480307,2.606383173876,
    13.934284186255));
#3594 = CARTESIAN_POINT('',(2.773950110849,2.765337495028,
    13.800367305918));
#3595 = CARTESIAN_POINT('',(51.107085930424,2.763312319504,
    26.838897172375));
#3596 = CARTESIAN_POINT('',(50.492696478462,2.627891117145,
    26.838181586098));
#3597 = CARTESIAN_POINT('',(49.759999897152,2.52632294753,26.83764489639
    ));
#3598 = CARTESIAN_POINT('',(48.117146040509,2.373966157415,
    26.836839861828));
#3599 = CARTESIAN_POINT('',(47.206988765176,2.323177536916,
    26.836571516974));
#3600 = CARTESIAN_POINT('',(44.299056245155,2.221591224532,
    26.836034827266));
#3601 = CARTESIAN_POINT('',(37.773348429022,2.221536796227,
    26.836034827266));
#3602 = CARTESIAN_POINT('',(26.897168735465,2.221446082386,
    26.836034827266));
#3603 = CARTESIAN_POINT('',(16.021086162072,2.175483146402,
    26.836034827266));
#3604 = CARTESIAN_POINT('',(9.495436618037,2.147905384812,
    26.836034827266));
#3605 = CARTESIAN_POINT('',(6.587100014538,2.237177556339,
    26.836571516974));
#3606 = CARTESIAN_POINT('',(5.676735841458,2.284111788902,
    26.836839861828));
#3607 = CARTESIAN_POINT('',(4.033251579558,2.429510780188,26.83764489639
    ));
#3608 = CARTESIAN_POINT('',(3.300131490737,2.527975538911,
    26.838181586098));
#3609 = CARTESIAN_POINT('',(2.685174124756,2.660793981742,
    26.838897172375));
#3610 = CARTESIAN_POINT('',(51.032954744801,2.556046431841,
    44.492026383693));
#3611 = CARTESIAN_POINT('',(50.310809988252,2.472441236198,
    44.415635332193));
#3612 = CARTESIAN_POINT('',(49.486558236587,2.409734955321,
    44.401077086304));
#3613 = CARTESIAN_POINT('',(47.709763340322,2.315670969238,
    44.389923478152));
#3614 = CARTESIAN_POINT('',(46.757220195722,2.284313264032,
    44.393328115891));
#3615 = CARTESIAN_POINT('',(43.821037568466,2.221589131136,
    44.271932263164));
#3616 = CARTESIAN_POINT('',(37.634459540133,2.221536796227,
    43.502701493933));
#3617 = CARTESIAN_POINT('',(26.897168735466,2.221446082386,
    43.502701493933));
#3618 = CARTESIAN_POINT('',(16.159973805831,2.176071251814,
    43.502701493933));
#3619 = CARTESIAN_POINT('',(9.973451018182,2.149927394105,
    44.271932263164));
#3620 = CARTESIAN_POINT('',(7.037029117127,2.200218113446,
    44.393328115891));
#3621 = CARTESIAN_POINT('',(6.084361732237,2.227542127927,
    44.389923478152));
#3622 = CARTESIAN_POINT('',(4.307184464145,2.31408168333,44.401077086304
    ));
#3623 = CARTESIAN_POINT('',(3.482674580943,2.373297224254,
    44.415635332194));
#3624 = CARTESIAN_POINT('',(2.760182283968,2.453843850255,
    44.492026383693));
#3625 = CARTESIAN_POINT('',(50.753574294656,2.453121835831,
    55.335315951481));
#3626 = CARTESIAN_POINT('',(50.066260572264,2.400906518139,
    55.239830338837));
#3627 = CARTESIAN_POINT('',(49.288598077758,2.360140426385,
    55.362076917443));
#3628 = CARTESIAN_POINT('',(47.520800331953,2.305455300712,
    55.416486833684));
#3629 = CARTESIAN_POINT('',(46.580793457013,2.288299255689,
    55.506335759048));
#3630 = CARTESIAN_POINT('',(43.67157239432,2.271876391066,
    55.742343188777));
#3631 = CARTESIAN_POINT('',(37.699250145769,2.294067666117,
    54.969744510666));
#3632 = CARTESIAN_POINT('',(26.89690548708,2.345784716483,
    54.969744510667));
#3633 = CARTESIAN_POINT('',(16.094876659299,2.248327124788,
    54.969744510666));
#3634 = CARTESIAN_POINT('',(10.122701918072,2.200847092413,
    55.742343188778));
#3635 = CARTESIAN_POINT('',(7.215903047518,2.20509258425,55.507345385062
    ));
#3636 = CARTESIAN_POINT('',(6.274291520064,2.218435137095,
    55.414649272299));
#3637 = CARTESIAN_POINT('',(4.500616825366,2.265710217051,
    55.357927548086));
#3638 = CARTESIAN_POINT('',(3.723889471573,2.303003800754,
    55.237824004961));
#3639 = CARTESIAN_POINT('',(3.035435609021,2.35214173632,55.336120115876
    ));
#3640 = CARTESIAN_POINT('',(50.587333686457,2.430376429932,
    58.519130778342));
#3641 = CARTESIAN_POINT('',(49.938488115276,2.386994131414,
    58.52211485207));
#3642 = CARTESIAN_POINT('',(49.186864530054,2.35514362795,
    58.655584204316));
#3643 = CARTESIAN_POINT('',(47.464209287276,2.313704361812,
    58.814700818428));
#3644 = CARTESIAN_POINT('',(46.543754462498,2.302329698644,
    58.931034339518));
#3645 = CARTESIAN_POINT('',(43.656592141833,2.297020282705,
    59.298061472097));
#3646 = CARTESIAN_POINT('',(37.749006559699,2.330333101062,58.6199326857
    ));
#3647 = CARTESIAN_POINT('',(26.896773862888,2.407954033532,58.6199326857
    ));
#3648 = CARTESIAN_POINT('',(16.044967130563,2.284381548098,58.6199326857
    ));
#3649 = CARTESIAN_POINT('',(10.137575567998,2.226054190405,
    59.298061472097));
#3650 = CARTESIAN_POINT('',(7.255615296515,2.21920557956,58.934904027719
    ));
#3651 = CARTESIAN_POINT('',(6.332639026972,2.226785593422,
    58.815929171015));
#3652 = CARTESIAN_POINT('',(4.603996282345,2.261017542873,
    58.654172401579));
#3653 = CARTESIAN_POINT('',(3.851213703715,2.28960224785,58.521374701178
    ));
#3654 = CARTESIAN_POINT('',(3.201422666679,2.330103422821,
    58.519996363311));
#3655 = CARTESIAN_POINT('',(50.101095003204,2.406500113634,
    64.210562056886));
#3656 = CARTESIAN_POINT('',(49.546359717425,2.380873595635,
    64.508090466389));
#3657 = CARTESIAN_POINT('',(48.890249831609,2.365449812651,
    64.718416190124));
#3658 = CARTESIAN_POINT('',(47.349694859151,2.351831963934,
    65.018695338649));
#3659 = CARTESIAN_POINT('',(46.504615091265,2.352172691479,
    65.148257209089));
#3660 = CARTESIAN_POINT('',(43.749158208665,2.372452555737,65.4299599118
    ));
#3661 = CARTESIAN_POINT('',(37.941678579265,2.439129405897,
    64.987163877467));
#3662 = CARTESIAN_POINT('',(26.89637899031,2.594461984677,
    64.987163877467));
#3663 = CARTESIAN_POINT('',(15.85183615568,2.392361035087,
    64.987163877467));
#3664 = CARTESIAN_POINT('',(10.044690923694,2.301093829236,65.4299599118
    ));
#3665 = CARTESIAN_POINT('',(7.295341174931,2.268928989733,
    65.147823210792));
#3666 = CARTESIAN_POINT('',(6.448329351636,2.265112365795,
    65.018137532197));
#3667 = CARTESIAN_POINT('',(4.90275725304,2.272343749446,64.717548673094
    ));
#3668 = CARTESIAN_POINT('',(4.244549375008,2.285017141893,
    64.507934543262));
#3669 = CARTESIAN_POINT('',(3.689359574504,2.308272769743,
    64.211145205908));
#3670 = CARTESIAN_POINT('',(49.775763933323,2.405300163852,
    66.76423076395));
#3671 = CARTESIAN_POINT('',(49.280615729631,2.388274967052,
    67.179085258701));
#3672 = CARTESIAN_POINT('',(48.715812086045,2.381021089376,
    67.313160723122));
#3673 = CARTESIAN_POINT('',(47.284965268983,2.382051327723,
    67.574868729037));
#3674 = CARTESIAN_POINT('',(46.451116648184,2.389601386449,
    67.686339660209));
#3675 = CARTESIAN_POINT('',(43.856704527984,2.42274093713,
    68.006140068183));
#3676 = CARTESIAN_POINT('',(38.084594184902,2.511660275787,67.7042068942
    ));
#3677 = CARTESIAN_POINT('',(26.896115741925,2.718800618774,67.7042068942
    ));
#3678 = CARTESIAN_POINT('',(15.708614709533,2.464286098766,67.7042068942
    ));
#3679 = CARTESIAN_POINT('',(9.936932629463,2.350926370075,
    68.006140068183));
#3680 = CARTESIAN_POINT('',(7.345842727127,2.3066421057,67.684267478498)
  );
#3681 = CARTESIAN_POINT('',(6.511494531782,2.295570285341,
    67.572032122286));
#3682 = CARTESIAN_POINT('',(5.077929729947,2.28857075399,67.310638468063
    ));
#3683 = CARTESIAN_POINT('',(4.512187850987,2.293493135021,
    67.178278321632));
#3684 = CARTESIAN_POINT('',(4.01667207606,2.308433725513,66.764464869611
    ));
#3685 = CARTESIAN_POINT('',(49.388763104518,2.417297642927,
    68.751940592214));
#3686 = CARTESIAN_POINT('',(48.960997532276,2.409033286582,
    69.196795039291));
#3687 = CARTESIAN_POINT('',(48.461650563912,2.410239533311,
    69.371497956988));
#3688 = CARTESIAN_POINT('',(47.256145916829,2.423662736576,
    69.634028310113));
#3689 = CARTESIAN_POINT('',(46.544921327486,2.435896803215,
    69.723554690933));
#3690 = CARTESIAN_POINT('',(44.051935946879,2.489792336612,
    69.870534122847));
#3691 = CARTESIAN_POINT('',(38.292509436863,2.608368102307,
    69.660264249844));
#3692 = CARTESIAN_POINT('',(26.895764744078,2.884585464237,
    69.660264249845));
#3693 = CARTESIAN_POINT('',(15.500291825868,2.560112670494,
    69.660264249845));
#3694 = CARTESIAN_POINT('',(9.741419041111,2.417150488536,
    69.870534122847));
#3695 = CARTESIAN_POINT('',(7.249131985043,2.352561669114,
    69.718590528502));
#3696 = CARTESIAN_POINT('',(6.537994687752,2.337306673502,
    69.628684834288));
#3697 = CARTESIAN_POINT('',(5.332380032753,2.318832435198,
    69.367925241872));
#3698 = CARTESIAN_POINT('',(4.832834420552,2.315575236236,
    69.195392872164));
#3699 = CARTESIAN_POINT('',(4.404946696353,2.322058402832,
    68.751940592214));
#3700 = DEFINITIONAL_REPRESENTATION('',(#3701),#3705);
#3701 = LINE('',#3702,#3703);
#3702 = CARTESIAN_POINT('',(7.116046810887E-16,0.));
#3703 = VECTOR('',#3704,1.);
#3704 = DIRECTION('',(2.956479075248E-16,-1.));
#3705 = ( GEOMETRIC_REPRESENTATION_CONTEXT(2) 
PARAMETRIC_REPRESENTATION_CONTEXT() REPRESENTATION_CONTEXT('2D SPACE',''
  ) );
#3706 = ORIENTED_EDGE('',*,*,#3707,.T.);
#3707 = EDGE_CURVE('',#3460,#1940,#3708,.T.);
#3708 = SURFACE_CURVE('',#3709,(#3725,#3732),.PCURVE_S1.);
#3709 = ( BOUNDED_CURVE() B_SPLINE_CURVE(3,(#3710,#3711,#3712,#3713,
    #3714,#3715,#3716,#3717,#3718,#3719,#3720,#3721,#3722,#3723,#3724),
.UNSPECIFIED.,.F.,.F.) B_SPLINE_CURVE_WITH_KNOTS((4,2,2,1,1,1,2,2,4),(0.
,0.125,0.25,0.5,1.,1.5,1.75,1.875,2.),.UNSPECIFIED.) CURVE() 
GEOMETRIC_REPRESENTATION_ITEM() RATIONAL_B_SPLINE_CURVE((1.,
    1.000162521285,1.004388951459,1.008265268345,1.007915155057,1.,1.,1.
    ,1.,1.,1.007922887859,1.008273494138,1.004393994018,1.000163887618,
1.)) REPRESENTATION_ITEM('') );
#3710 = CARTESIAN_POINT('',(3.619049296475,3.19715409766,-5.506402785845
    ));
#3711 = CARTESIAN_POINT('',(3.39464766159,3.354639902131,-6.096136932737
    ));
#3712 = CARTESIAN_POINT('',(3.243837910161,3.558397131214,-6.64564374123
    ));
#3713 = CARTESIAN_POINT('',(3.006214163122,4.048156787906,
    -7.773675193369));
#3714 = CARTESIAN_POINT('',(2.918075092451,4.336066715261,
    -8.357210182001));
#3715 = CARTESIAN_POINT('',(2.742357226744,5.341614459338,
    -10.19127801206));
#3716 = CARTESIAN_POINT('',(2.571784841302,7.757579586425,
    -14.21176264156));
#3717 = CARTESIAN_POINT('',(2.287497532231,11.78418813157,-20.9125703574
    ));
#3718 = CARTESIAN_POINT('',(3.074866388637,16.950665822458,
    -20.38695705705));
#3719 = CARTESIAN_POINT('',(3.54728770248,20.050552436991,
    -20.07158907684));
#3720 = CARTESIAN_POINT('',(3.874528339687,21.438961941049,
    -19.63875814695));
#3721 = CARTESIAN_POINT('',(4.014462079219,21.873770931936,
    -19.40208432305));
#3722 = CARTESIAN_POINT('',(4.359693504582,22.699847185414,
    -18.73810982653));
#3723 = CARTESIAN_POINT('',(4.566825875135,23.09472895346,-18.3070287602
    ));
#3724 = CARTESIAN_POINT('',(4.859099983419,23.495840544942,-17.664568253
    ));
#3725 = PCURVE('',#1969,#3726);
#3726 = DEFINITIONAL_REPRESENTATION('',(#3727),#3731);
#3727 = LINE('',#3728,#3729);
#3728 = CARTESIAN_POINT('',(2.,5.365472435238E-17));
#3729 = VECTOR('',#3730,1.);
#3730 = DIRECTION('',(0.,1.));
#3731 = ( GEOMETRIC_REPRESENTATION_CONTEXT(2) 
PARAMETRIC_REPRESENTATION_CONTEXT() REPRESENTATION_CONTEXT('2D SPACE',''
  ) );
#3732 = PCURVE('',#2229,#3733);
#3733 = DEFINITIONAL_REPRESENTATION('',(#3734),#3738);
#3734 = LINE('',#3735,#3736);
#3735 = CARTESIAN_POINT('',(5.38408120876E-17,1.874464541041E-17));
#3736 = VECTOR('',#3737,1.);
#3737 = DIRECTION('',(2.109676706021E-17,1.));
#3738 = ( GEOMETRIC_REPRESENTATION_CONTEXT(2) 
PARAMETRIC_REPRESENTATION_CONTEXT() REPRESENTATION_CONTEXT('2D SPACE',''
  ) );
#3739 = ORIENTED_EDGE('',*,*,#1939,.T.);
#3740 = ORIENTED_EDGE('',*,*,#3741,.F.);
#3741 = EDGE_CURVE('',#3462,#1942,#3742,.T.);
#3742 = SURFACE_CURVE('',#3743,(#3759,#3766),.PCURVE_S1.);
#3743 = ( BOUNDED_CURVE() B_SPLINE_CURVE(3,(#3744,#3745,#3746,#3747,
    #3748,#3749,#3750,#3751,#3752,#3753,#3754,#3755,#3756,#3757,#3758),
.UNSPECIFIED.,.F.,.F.) B_SPLINE_CURVE_WITH_KNOTS((4,2,2,1,1,1,2,2,4),(0.
,0.125,0.25,0.5,1.,1.5,1.75,1.875,2.),.UNSPECIFIED.) CURVE() 
GEOMETRIC_REPRESENTATION_ITEM() RATIONAL_B_SPLINE_CURVE((1.,
    1.000163887618,1.004393994018,1.008273494138,1.007922887859,1.,1.,1.
    ,1.,1.,1.007915155057,1.008265268345,1.004388951459,1.000162521285,
1.)) REPRESENTATION_ITEM('') );
#3744 = CARTESIAN_POINT('',(50.170947989572,3.295713264278,
    -5.506402785845));
#3745 = CARTESIAN_POINT('',(50.394234776375,3.454159779915,
    -6.096839948922));
#3746 = CARTESIAN_POINT('',(50.543450955813,3.658571678922,
    -6.647464466597));
#3747 = CARTESIAN_POINT('',(50.778397170894,4.149344007418,
    -7.776403710225));
#3748 = CARTESIAN_POINT('',(50.865439326368,4.437619432307,
    -8.359742552807));
#3749 = CARTESIAN_POINT('',(51.038551784851,5.443866629929,
    -10.19127801206));
#3750 = CARTESIAN_POINT('',(51.198892577523,7.860532362748,
    -14.21176264156));
#3751 = CARTESIAN_POINT('',(51.466127231976,11.888308584113,
    -20.9125703574));
#3752 = CARTESIAN_POINT('',(50.656888713145,17.051405955471,
    -20.38695705705));
#3753 = CARTESIAN_POINT('',(50.171345601846,20.149264378286,
    -20.07158907684));
#3754 = CARTESIAN_POINT('',(49.840102995871,21.537470563329,
    -19.63466694719));
#3755 = CARTESIAN_POINT('',(49.698468439862,21.971778538306,
    -19.39768084203));
#3756 = CARTESIAN_POINT('',(49.349060543236,22.795964539004,
    -18.73517191246));
#3757 = CARTESIAN_POINT('',(49.139432048808,23.189441678284,
    -18.30588687051));
#3758 = CARTESIAN_POINT('',(48.84495649463,23.588966915347,-17.664568253
    ));
#3759 = PCURVE('',#1969,#3760);
#3760 = DEFINITIONAL_REPRESENTATION('',(#3761),#3765);
#3761 = LINE('',#3762,#3763);
#3762 = CARTESIAN_POINT('',(5.30044030312E-16,-1.285465911373E-16));
#3763 = VECTOR('',#3764,1.);
#3764 = DIRECTION('',(-5.265128346879E-16,1.));
#3765 = ( GEOMETRIC_REPRESENTATION_CONTEXT(2) 
PARAMETRIC_REPRESENTATION_CONTEXT() REPRESENTATION_CONTEXT('2D SPACE',''
  ) );
#3766 = PCURVE('',#2733,#3767);
#3767 = DEFINITIONAL_REPRESENTATION('',(#3768),#3772);
#3768 = LINE('',#3769,#3770);
#3769 = CARTESIAN_POINT('',(-1.630091611407E-15,-1.102407762261E-15));
#3770 = VECTOR('',#3771,1.);
#3771 = DIRECTION('',(1.,4.461266970392E-16));
#3772 = ( GEOMETRIC_REPRESENTATION_CONTEXT(2) 
PARAMETRIC_REPRESENTATION_CONTEXT() REPRESENTATION_CONTEXT('2D SPACE',''
  ) );
#3773 = ADVANCED_FACE('',(#3774),#2229,.T.);
#3774 = FACE_BOUND('',#3775,.T.);
#3775 = EDGE_LOOP('',(#3776,#3810,#3843,#3844));
#3776 = ORIENTED_EDGE('',*,*,#3777,.F.);
#3777 = EDGE_CURVE('',#3778,#3460,#3780,.T.);
#3778 = VERTEX_POINT('',#3779);
#3779 = CARTESIAN_POINT('',(4.404946696353,2.322058402832,
    68.751940592214));
#3780 = SURFACE_CURVE('',#3781,(#3796,#3803),.PCURVE_S1.);
#3781 = ( BOUNDED_CURVE() B_SPLINE_CURVE(3,(#3782,#3783,#3784,#3785,
    #3786,#3787,#3788,#3789,#3790,#3791,#3792,#3793,#3794,#3795),
.UNSPECIFIED.,.F.,.F.) B_SPLINE_CURVE_WITH_KNOTS((4,2,2,1,1,2,2,4),(-2.,
-1.75,-1.5,-1.,-0.5,-0.25,-0.125,0.),.UNSPECIFIED.) CURVE() 
GEOMETRIC_REPRESENTATION_ITEM() RATIONAL_B_SPLINE_CURVE((1.,
    1.003501873701,1.011273458144,1.017908478598,1.01677191461,1.,1.,1.,
    1.,1.006387713493,1.006613067109,1.003256005911,0.999673591097,1.)) 
REPRESENTATION_ITEM('') );
#3782 = CARTESIAN_POINT('',(4.404946696353,2.322058402832,
    68.751940592214));
#3783 = CARTESIAN_POINT('',(4.01667207606,2.308433725513,66.764464869611
    ));
#3784 = CARTESIAN_POINT('',(3.689359574504,2.308272769743,
    64.211145205908));
#3785 = CARTESIAN_POINT('',(3.201422666679,2.330103422821,
    58.519996363311));
#3786 = CARTESIAN_POINT('',(3.035435609021,2.35214173632,55.336120115876
    ));
#3787 = CARTESIAN_POINT('',(2.760182283968,2.453843850255,
    44.492026383693));
#3788 = CARTESIAN_POINT('',(2.685174124756,2.660793981742,
    26.838897172375));
#3789 = CARTESIAN_POINT('',(2.773950110849,2.765337495028,
    13.800367305918));
#3790 = CARTESIAN_POINT('',(2.840532100418,2.843745129992,4.021469906076
    ));
#3791 = CARTESIAN_POINT('',(2.974001887729,2.91791851341,-0.257905883188
    ));
#3792 = CARTESIAN_POINT('',(3.049505780036,2.953979855725,
    -1.516797064572));
#3793 = CARTESIAN_POINT('',(3.264093512547,3.049540122354,
    -3.729765859983));
#3794 = CARTESIAN_POINT('',(3.404208231408,3.109481743931,
    -4.691249086185));
#3795 = CARTESIAN_POINT('',(3.619049296475,3.19715409766,-5.506402785845
    ));
#3796 = PCURVE('',#2229,#3797);
#3797 = DEFINITIONAL_REPRESENTATION('',(#3798),#3802);
#3798 = LINE('',#3799,#3800);
#3799 = CARTESIAN_POINT('',(-6.661338147751E-16,1.874464541041E-17));
#3800 = VECTOR('',#3801,1.);
#3801 = DIRECTION('',(-1.,1.133765154186E-16));
#3802 = ( GEOMETRIC_REPRESENTATION_CONTEXT(2) 
PARAMETRIC_REPRESENTATION_CONTEXT() REPRESENTATION_CONTEXT('2D SPACE',''
  ) );
#3803 = PCURVE('',#3489,#3804);
#3804 = DEFINITIONAL_REPRESENTATION('',(#3805),#3809);
#3805 = LINE('',#3806,#3807);
#3806 = CARTESIAN_POINT('',(1.33226762955E-15,2.));
#3807 = VECTOR('',#3808,1.);
#3808 = DIRECTION('',(-1.,-2.22044604925E-16));
#3809 = ( GEOMETRIC_REPRESENTATION_CONTEXT(2) 
PARAMETRIC_REPRESENTATION_CONTEXT() REPRESENTATION_CONTEXT('2D SPACE',''
  ) );
#3810 = ORIENTED_EDGE('',*,*,#3811,.T.);
#3811 = EDGE_CURVE('',#3778,#2203,#3812,.T.);
#3812 = SURFACE_CURVE('',#3813,(#3829,#3836),.PCURVE_S1.);
#3813 = ( BOUNDED_CURVE() B_SPLINE_CURVE(3,(#3814,#3815,#3816,#3817,
    #3818,#3819,#3820,#3821,#3822,#3823,#3824,#3825,#3826,#3827,#3828),
.UNSPECIFIED.,.F.,.F.) B_SPLINE_CURVE_WITH_KNOTS((4,2,2,1,1,1,2,2,4),(0.
,0.125,0.25,0.5,1.,1.5,1.75,1.875,2.),.UNSPECIFIED.) CURVE() 
GEOMETRIC_REPRESENTATION_ITEM() RATIONAL_B_SPLINE_CURVE((1.,
    0.999125761318,1.003910731267,1.008462124863,1.00822854851,1.,1.,1.,
    1.,1.,1.008226881121,1.008460080563,1.003908290919,0.999123301832,1.
)) REPRESENTATION_ITEM('') );
#3814 = CARTESIAN_POINT('',(4.404946696353,2.322058402832,
    68.751940592214));
#3815 = CARTESIAN_POINT('',(4.172047645667,2.335383729772,
    69.306579778882));
#3816 = CARTESIAN_POINT('',(3.948062220334,2.356640929919,
    69.603233446633));
#3817 = CARTESIAN_POINT('',(3.461176585146,2.409103600088,
    70.157130205832));
#3818 = CARTESIAN_POINT('',(3.196028530191,2.44052529871,70.417308276241
    ));
#3819 = CARTESIAN_POINT('',(2.323052286128,2.551863618882,
    71.159268562944));
#3820 = CARTESIAN_POINT('',(0.279006944441,2.813919226388,
    72.343875339302));
#3821 = CARTESIAN_POINT('',(-2.645382558324,3.418679562978,
    75.087570943137));
#3822 = CARTESIAN_POINT('',(-2.580907592294,8.026856105332,
    72.413959832025));
#3823 = CARTESIAN_POINT('',(-2.466255946241,10.349916271003,
    71.26383933015));
#3824 = CARTESIAN_POINT('',(-2.413906984819,11.439295131822,
    70.541277501369));
#3825 = CARTESIAN_POINT('',(-2.361487936989,11.774986684895,
    70.289308083018));
#3826 = CARTESIAN_POINT('',(-2.185386829692,12.401937923143,
    69.755550736359));
#3827 = CARTESIAN_POINT('',(-2.060495627377,12.696144106504,
    69.470946116082));
#3828 = CARTESIAN_POINT('',(-1.809490859158,13.086384282526,
    68.940693923682));
#3829 = PCURVE('',#2229,#3830);
#3830 = DEFINITIONAL_REPRESENTATION('',(#3831),#3835);
#3831 = LINE('',#3832,#3833);
#3832 = CARTESIAN_POINT('',(2.,-3.197439234071E-16));
#3833 = VECTOR('',#3834,1.);
#3834 = DIRECTION('',(3.330669073875E-16,1.));
#3835 = ( GEOMETRIC_REPRESENTATION_CONTEXT(2) 
PARAMETRIC_REPRESENTATION_CONTEXT() REPRESENTATION_CONTEXT('2D SPACE',''
  ) );
#3836 = PCURVE('',#2475,#3837);
#3837 = DEFINITIONAL_REPRESENTATION('',(#3838),#3842);
#3838 = LINE('',#3839,#3840);
#3839 = CARTESIAN_POINT('',(-8.477964598629E-16,2.));
#3840 = VECTOR('',#3841,1.);
#3841 = DIRECTION('',(1.,-2.22044604925E-16));
#3842 = ( GEOMETRIC_REPRESENTATION_CONTEXT(2) 
PARAMETRIC_REPRESENTATION_CONTEXT() REPRESENTATION_CONTEXT('2D SPACE',''
  ) );
#3843 = ORIENTED_EDGE('',*,*,#2202,.T.);
#3844 = ORIENTED_EDGE('',*,*,#3707,.F.);
#3845 = ADVANCED_FACE('',(#3846),#2475,.T.);
#3846 = FACE_BOUND('',#3847,.T.);
#3847 = EDGE_LOOP('',(#3848,#3883,#3884,#3885));
#3848 = ORIENTED_EDGE('',*,*,#3849,.F.);
#3849 = EDGE_CURVE('',#2448,#3850,#3852,.T.);
#3850 = VERTEX_POINT('',#3851);
#3851 = CARTESIAN_POINT('',(49.388763104518,2.417297642927,
    68.751940592214));
#3852 = SURFACE_CURVE('',#3853,(#3869,#3876),.PCURVE_S1.);
#3853 = ( BOUNDED_CURVE() B_SPLINE_CURVE(3,(#3854,#3855,#3856,#3857,
    #3858,#3859,#3860,#3861,#3862,#3863,#3864,#3865,#3866,#3867,#3868),
.UNSPECIFIED.,.F.,.F.) B_SPLINE_CURVE_WITH_KNOTS((4,2,2,1,1,1,2,2,4),(
-2.,-1.875,-1.75,-1.5,-1.,-0.5,-0.25,-0.125,0.),.UNSPECIFIED.) CURVE() 
GEOMETRIC_REPRESENTATION_ITEM() RATIONAL_B_SPLINE_CURVE((1.,
    0.999125761318,1.003910731267,1.008462124863,1.00822854851,1.,1.,1.,
    1.,1.,1.008226881121,1.008460080563,1.003908290919,0.999123301832,1.
)) REPRESENTATION_ITEM('') );
#3854 = CARTESIAN_POINT('',(55.557564928169,13.207841180493,
    68.940693923682));
#3855 = CARTESIAN_POINT('',(55.809702945617,12.818201920009,
    69.472159254759));
#3856 = CARTESIAN_POINT('',(55.934650968213,12.523891374534,
    69.7586023711));
#3857 = CARTESIAN_POINT('',(56.112397907489,11.897181528604,
    70.293855429177));
#3858 = CARTESIAN_POINT('',(56.166407274146,11.561834666836,
    70.545499525579));
#3859 = CARTESIAN_POINT('',(56.225911315256,10.474178680373,
    71.26383933015));
#3860 = CARTESIAN_POINT('',(56.350398604107,8.151624817018,
    72.413959832025));
#3861 = CARTESIAN_POINT('',(56.434385665787,3.543762596832,
    75.087570943137));
#3862 = CARTESIAN_POINT('',(53.512583152347,2.926624766967,
    72.343875339302));
#3863 = CARTESIAN_POINT('',(51.469665772912,2.655916287052,
    71.159268562944));
#3864 = CARTESIAN_POINT('',(50.59961062949,2.540809287461,
    70.412839573937));
#3865 = CARTESIAN_POINT('',(50.33477045779,2.508259352053,
    70.152317140186));
#3866 = CARTESIAN_POINT('',(49.847184387973,2.453760945018,
    69.600003327817));
#3867 = CARTESIAN_POINT('',(49.622181316453,2.431587048113,
    69.30529544781));
#3868 = CARTESIAN_POINT('',(49.388763104518,2.417297642927,
    68.751940592214));
#3869 = PCURVE('',#2475,#3870);
#3870 = DEFINITIONAL_REPRESENTATION('',(#3871),#3875);
#3871 = LINE('',#3872,#3873);
#3872 = CARTESIAN_POINT('',(2.22044604925E-15,1.02607967545E-15));
#3873 = VECTOR('',#3874,1.);
#3874 = DIRECTION('',(-1.,2.743842729122E-16));
#3875 = ( GEOMETRIC_REPRESENTATION_CONTEXT(2) 
PARAMETRIC_REPRESENTATION_CONTEXT() REPRESENTATION_CONTEXT('2D SPACE',''
  ) );
#3876 = PCURVE('',#2733,#3877);
#3877 = DEFINITIONAL_REPRESENTATION('',(#3878),#3882);
#3878 = LINE('',#3879,#3880);
#3879 = CARTESIAN_POINT('',(0.,2.));
#3880 = VECTOR('',#3881,1.);
#3881 = DIRECTION('',(-1.,4.440892098501E-16));
#3882 = ( GEOMETRIC_REPRESENTATION_CONTEXT(2) 
PARAMETRIC_REPRESENTATION_CONTEXT() REPRESENTATION_CONTEXT('2D SPACE',''
  ) );
#3883 = ORIENTED_EDGE('',*,*,#2447,.F.);
#3884 = ORIENTED_EDGE('',*,*,#3811,.F.);
#3885 = ORIENTED_EDGE('',*,*,#3886,.F.);
#3886 = EDGE_CURVE('',#3850,#3778,#3887,.T.);
#3887 = SURFACE_CURVE('',#3888,(#3904,#3911),.PCURVE_S1.);
#3888 = ( BOUNDED_CURVE() B_SPLINE_CURVE(3,(#3889,#3890,#3891,#3892,
    #3893,#3894,#3895,#3896,#3897,#3898,#3899,#3900,#3901,#3902,#3903),
.UNSPECIFIED.,.F.,.F.) B_SPLINE_CURVE_WITH_KNOTS((4,2,2,1,1,1,2,2,4),(0.
,0.125,0.25,0.5,1.,1.5,1.75,1.875,2.),.UNSPECIFIED.) CURVE() 
GEOMETRIC_REPRESENTATION_ITEM() RATIONAL_B_SPLINE_CURVE((1.,
    0.999125761318,1.003910731267,1.008462124863,1.00822854851,1.,1.,1.,
    1.,1.,1.008226881121,1.008460080563,1.003908290919,0.999123301832,1.
)) REPRESENTATION_ITEM('') );
#3889 = CARTESIAN_POINT('',(49.388763104518,2.417297642927,
    68.751940592214));
#3890 = CARTESIAN_POINT('',(48.960997532276,2.409033286582,
    69.196795039291));
#3891 = CARTESIAN_POINT('',(48.461650563912,2.410239533311,
    69.371497956988));
#3892 = CARTESIAN_POINT('',(47.256145916829,2.423662736576,
    69.634028310113));
#3893 = CARTESIAN_POINT('',(46.544921327486,2.435896803215,
    69.723554690933));
#3894 = CARTESIAN_POINT('',(44.051935946879,2.489792336612,
    69.870534122847));
#3895 = CARTESIAN_POINT('',(38.292509436863,2.608368102307,
    69.660264249844));
#3896 = CARTESIAN_POINT('',(26.895764744078,2.884585464237,
    69.660264249845));
#3897 = CARTESIAN_POINT('',(15.500291825868,2.560112670494,
    69.660264249845));
#3898 = CARTESIAN_POINT('',(9.741419041111,2.417150488536,
    69.870534122847));
#3899 = CARTESIAN_POINT('',(7.249131985043,2.352561669114,
    69.718590528502));
#3900 = CARTESIAN_POINT('',(6.537994687752,2.337306673502,
    69.628684834288));
#3901 = CARTESIAN_POINT('',(5.332380032753,2.318832435198,
    69.367925241872));
#3902 = CARTESIAN_POINT('',(4.832834420552,2.315575236236,
    69.195392872164));
#3903 = CARTESIAN_POINT('',(4.404946696353,2.322058402832,
    68.751940592214));
#3904 = PCURVE('',#2475,#3905);
#3905 = DEFINITIONAL_REPRESENTATION('',(#3906),#3910);
#3906 = LINE('',#3907,#3908);
#3907 = CARTESIAN_POINT('',(-2.315893774234E-15,1.02607967545E-15));
#3908 = VECTOR('',#3909,1.);
#3909 = DIRECTION('',(7.576549792947E-16,1.));
#3910 = ( GEOMETRIC_REPRESENTATION_CONTEXT(2) 
PARAMETRIC_REPRESENTATION_CONTEXT() REPRESENTATION_CONTEXT('2D SPACE',''
  ) );
#3911 = PCURVE('',#3489,#3912);
#3912 = DEFINITIONAL_REPRESENTATION('',(#3913),#3917);
#3913 = LINE('',#3914,#3915);
#3914 = CARTESIAN_POINT('',(2.,2.10666832202E-15));
#3915 = VECTOR('',#3916,1.);
#3916 = DIRECTION('',(1.221245327088E-15,1.));
#3917 = ( GEOMETRIC_REPRESENTATION_CONTEXT(2) 
PARAMETRIC_REPRESENTATION_CONTEXT() REPRESENTATION_CONTEXT('2D SPACE',''
  ) );
#3918 = ADVANCED_FACE('',(#3919),#2733,.T.);
#3919 = FACE_BOUND('',#3920,.T.);
#3920 = EDGE_LOOP('',(#3921,#3922,#3923,#3924));
#3921 = ORIENTED_EDGE('',*,*,#3741,.T.);
#3922 = ORIENTED_EDGE('',*,*,#2708,.T.);
#3923 = ORIENTED_EDGE('',*,*,#3849,.T.);
#3924 = ORIENTED_EDGE('',*,*,#3925,.T.);
#3925 = EDGE_CURVE('',#3850,#3462,#3926,.T.);
#3926 = SURFACE_CURVE('',#3927,(#3942,#3949),.PCURVE_S1.);
#3927 = ( BOUNDED_CURVE() B_SPLINE_CURVE(3,(#3928,#3929,#3930,#3931,
    #3932,#3933,#3934,#3935,#3936,#3937,#3938,#3939,#3940,#3941),
.UNSPECIFIED.,.F.,.F.) B_SPLINE_CURVE_WITH_KNOTS((4,2,2,1,1,2,2,4),(-2.,
-1.75,-1.5,-1.,-0.5,-0.25,-0.125,0.),.UNSPECIFIED.) CURVE() 
GEOMETRIC_REPRESENTATION_ITEM() RATIONAL_B_SPLINE_CURVE((1.,
    1.003501873701,1.011273458144,1.017908478598,1.01677191461,1.,1.,1.,
    1.,1.006387713493,1.006613067109,1.003256005911,0.999673591097,1.)) 
REPRESENTATION_ITEM('') );
#3928 = CARTESIAN_POINT('',(49.388763104518,2.417297642927,
    68.751940592214));
#3929 = CARTESIAN_POINT('',(49.775763933323,2.405300163852,
    66.76423076395));
#3930 = CARTESIAN_POINT('',(50.101095003204,2.406500113634,
    64.210562056886));
#3931 = CARTESIAN_POINT('',(50.587333686457,2.430376429932,
    58.519130778342));
#3932 = CARTESIAN_POINT('',(50.753574294656,2.453121835831,
    55.335315951481));
#3933 = CARTESIAN_POINT('',(51.032954744801,2.556046431841,
    44.492026383693));
#3934 = CARTESIAN_POINT('',(51.107085930424,2.763312319504,
    26.838897172375));
#3935 = CARTESIAN_POINT('',(51.01786806544,2.867478986171,
    13.800367305918));
#3936 = CARTESIAN_POINT('',(50.950954666702,2.945603986171,
    4.021469906076));
#3937 = CARTESIAN_POINT('',(50.818802555831,3.019779827006,
    -0.258812207265));
#3938 = CARTESIAN_POINT('',(50.743269187659,3.055564005179,
    -1.51777220203));
#3939 = CARTESIAN_POINT('',(50.527687458531,3.150009345094,
    -3.730415147166));
#3940 = CARTESIAN_POINT('',(50.386601292744,3.209107074753,
    -4.691500912115));
#3941 = CARTESIAN_POINT('',(50.170947989572,3.295713264278,
    -5.506402785845));
#3942 = PCURVE('',#2733,#3943);
#3943 = DEFINITIONAL_REPRESENTATION('',(#3944),#3948);
#3944 = LINE('',#3945,#3946);
#3945 = CARTESIAN_POINT('',(-1.630091611407E-15,0.));
#3946 = VECTOR('',#3947,1.);
#3947 = DIRECTION('',(1.881752860596E-16,-1.));
#3948 = ( GEOMETRIC_REPRESENTATION_CONTEXT(2) 
PARAMETRIC_REPRESENTATION_CONTEXT() REPRESENTATION_CONTEXT('2D SPACE',''
  ) );
#3949 = PCURVE('',#3489,#3950);
#3950 = DEFINITIONAL_REPRESENTATION('',(#3951),#3955);
#3951 = LINE('',#3952,#3953);
#3952 = CARTESIAN_POINT('',(-1.998401444325E-15,2.209146987171E-15));
#3953 = VECTOR('',#3954,1.);
#3954 = DIRECTION('',(-1.,-3.853742182608E-16));
#3955 = ( GEOMETRIC_REPRESENTATION_CONTEXT(2) 
PARAMETRIC_REPRESENTATION_CONTEXT() REPRESENTATION_CONTEXT('2D SPACE',''
  ) );
#3956 = ADVANCED_FACE('',(#3957),#3029,.F.);
#3957 = FACE_BOUND('',#3958,.F.);
#3958 = EDGE_LOOP('',(#3959,#3960,#3981,#3982));
#3959 = ORIENTED_EDGE('',*,*,#3120,.F.);
#3960 = ORIENTED_EDGE('',*,*,#3961,.F.);
#3961 = EDGE_CURVE('',#3228,#3121,#3962,.T.);
#3962 = SURFACE_CURVE('',#3963,(#3967,#3974),.PCURVE_S1.);
#3963 = LINE('',#3964,#3965);
#3964 = CARTESIAN_POINT('',(28.612925695179,21.103107892359,
    59.206839549376));
#3965 = VECTOR('',#3966,1.);
#3966 = DIRECTION('',(0.,-1.,0.));
#3967 = PCURVE('',#3029,#3968);
#3968 = DEFINITIONAL_REPRESENTATION('',(#3969),#3973);
#3969 = LINE('',#3970,#3971);
#3970 = CARTESIAN_POINT('',(2.,28.896892107641));
#3971 = VECTOR('',#3972,1.);
#3972 = DIRECTION('',(0.,1.));
#3973 = ( GEOMETRIC_REPRESENTATION_CONTEXT(2) 
PARAMETRIC_REPRESENTATION_CONTEXT() REPRESENTATION_CONTEXT('2D SPACE',''
  ) );
#3974 = PCURVE('',#3184,#3975);
#3975 = DEFINITIONAL_REPRESENTATION('',(#3976),#3980);
#3976 = LINE('',#3977,#3978);
#3977 = CARTESIAN_POINT('',(1.570796326795,0.));
#3978 = VECTOR('',#3979,1.);
#3979 = DIRECTION('',(0.,1.));
#3980 = ( GEOMETRIC_REPRESENTATION_CONTEXT(2) 
PARAMETRIC_REPRESENTATION_CONTEXT() REPRESENTATION_CONTEXT('2D SPACE',''
  ) );
#3981 = ORIENTED_EDGE('',*,*,#3330,.T.);
#3982 = ORIENTED_EDGE('',*,*,#3013,.T.);
#3983 = ADVANCED_FACE('',(#3984),#3184,.F.);
#3984 = FACE_BOUND('',#3985,.F.);
#3985 = EDGE_LOOP('',(#3986,#3987,#3988,#3989));
#3986 = ORIENTED_EDGE('',*,*,#3276,.F.);
#3987 = ORIENTED_EDGE('',*,*,#3961,.T.);
#3988 = ORIENTED_EDGE('',*,*,#3169,.F.);
#3989 = ORIENTED_EDGE('',*,*,#3200,.F.);
#3990 = ADVANCED_FACE('',(#3991),#3489,.T.);
#3991 = FACE_BOUND('',#3992,.T.);
#3992 = EDGE_LOOP('',(#3993,#3994,#3995,#3996));
#3993 = ORIENTED_EDGE('',*,*,#3925,.F.);
#3994 = ORIENTED_EDGE('',*,*,#3886,.T.);
#3995 = ORIENTED_EDGE('',*,*,#3777,.T.);
#3996 = ORIENTED_EDGE('',*,*,#3459,.T.);
#3997 = ( GEOMETRIC_REPRESENTATION_CONTEXT(3) 
GLOBAL_UNCERTAINTY_ASSIGNED_CONTEXT((#4001)) 
GLOBAL_UNIT_ASSIGNED_CONTEXT((#3998,#3999,#4000)) REPRESENTATION_CONTEXT
('Context #1','3D Context with UNIT and UNCERTAINTY') );
#3998 = ( LENGTH_UNIT() NAMED_UNIT(*) SI_UNIT(.MILLI.,.METRE.) );
#3999 = ( NAMED_UNIT(*) PLANE_ANGLE_UNIT() SI_UNIT($,.RADIAN.) );
#4000 = ( NAMED_UNIT(*) SI_UNIT($,.STERADIAN.) SOLID_ANGLE_UNIT() );
#4001 = UNCERTAINTY_MEASURE_WITH_UNIT(LENGTH_MEASURE(2.E-04),#3998,
  'distance_accuracy_value','confusion accuracy');
#4002 = CONTEXT_DEPENDENT_SHAPE_REPRESENTATION(#4003,#4005);
#4003 = ( REPRESENTATION_RELATIONSHIP('','',#36,#10) 
REPRESENTATION_RELATIONSHIP_WITH_TRANSFORMATION(#4004) 
SHAPE_REPRESENTATION_RELATIONSHIP() );
#4004 = ITEM_DEFINED_TRANSFORMATION('','',#11,#15);
#4005 = PRODUCT_DEFINITION_SHAPE('Placement','Placement of an item',
  #4006);
#4006 = NEXT_ASSEMBLY_USAGE_OCCURRENCE('1','','',#5,#31,$);
#4007 = PRODUCT_RELATED_PRODUCT_CATEGORY('part',$,(#33));
#4008 = SHAPE_DEFINITION_REPRESENTATION(#4009,#4015);
#4009 = PRODUCT_DEFINITION_SHAPE('','',#4010);
#4010 = PRODUCT_DEFINITION('design','',#4011,#4014);
#4011 = PRODUCT_DEFINITION_FORMATION('','',#4012);
#4012 = PRODUCT('Open CASCADE STEP translator 7.9 1.2',
  'Open CASCADE STEP translator 7.9 1.2','',(#4013));
#4013 = PRODUCT_CONTEXT('',#2,'mechanical');
#4014 = PRODUCT_DEFINITION_CONTEXT('part definition',#2,'design');
#4015 = ADVANCED_BREP_SHAPE_REPRESENTATION('',(#11,#4016),#4204);
#4016 = MANIFOLD_SOLID_BREP('',#4017);
#4017 = CLOSED_SHELL('',(#4018,#4135,#4139,#4200));
#4018 = ADVANCED_FACE('',(#4019),#4032,.T.);
#4019 = FACE_BOUND('',#4020,.T.);
#4020 = EDGE_LOOP('',(#4021,#4059,#4083,#4112,#4134));
#4021 = ORIENTED_EDGE('',*,*,#4022,.T.);
#4022 = EDGE_CURVE('',#4023,#4023,#4025,.T.);
#4023 = VERTEX_POINT('',#4024);
#4024 = CARTESIAN_POINT('',(25.424113347828,22.101459000341,
    47.030601190436));
#4025 = SURFACE_CURVE('',#4026,(#4031,#4043),.PCURVE_S1.);
#4026 = CIRCLE('',#4027,4.282454583027);
#4027 = AXIS2_PLACEMENT_3D('',#4028,#4029,#4030);
#4028 = CARTESIAN_POINT('',(25.52538653529,22.101459000341,
    51.311858131707));
#4029 = DIRECTION('',(0.999720337547,0.,-2.364839731482E-02));
#4030 = DIRECTION('',(2.364839731482E-02,0.,0.999720337547));
#4031 = PCURVE('',#4032,#4037);
#4032 = TOROIDAL_SURFACE('',#4033,4.282454583027,3.);
#4033 = AXIS2_PLACEMENT_3D('',#4034,#4035,#4036);
#4034 = CARTESIAN_POINT('',(28.52454754793,22.101459000341,
    51.240912939763));
#4035 = DIRECTION('',(-0.999720337547,0.,2.364839731482E-02));
#4036 = DIRECTION('',(2.364839731482E-02,0.,0.999720337547));
#4037 = DEFINITIONAL_REPRESENTATION('',(#4038),#4042);
#4038 = LINE('',#4039,#4040);
#4039 = CARTESIAN_POINT('',(6.28318530718,1.570796326795));
#4040 = VECTOR('',#4041,1.);
#4041 = DIRECTION('',(-1.,0.));
#4042 = ( GEOMETRIC_REPRESENTATION_CONTEXT(2) 
PARAMETRIC_REPRESENTATION_CONTEXT() REPRESENTATION_CONTEXT('2D SPACE',''
  ) );
#4043 = PCURVE('',#4044,#4049);
#4044 = PLANE('',#4045);
#4045 = AXIS2_PLACEMENT_3D('',#4046,#4047,#4048);
#4046 = CARTESIAN_POINT('',(25.52538653529,22.101459000341,
    51.311858131707));
#4047 = DIRECTION('',(-0.999720337547,0.,2.364839731482E-02));
#4048 = DIRECTION('',(2.364839731482E-02,0.,0.999720337547));
#4049 = DEFINITIONAL_REPRESENTATION('',(#4050),#4058);
#4050 = ( BOUNDED_CURVE() B_SPLINE_CURVE(2,(#4051,#4052,#4053,#4054,
#4055,#4056,#4057),.UNSPECIFIED.,.T.,.F.) B_SPLINE_CURVE_WITH_KNOTS((1,2
    ,2,2,2,1),(-2.094395102393,0.,2.094395102393,4.188790204786,
6.28318530718,8.377580409573),.UNSPECIFIED.) CURVE() 
GEOMETRIC_REPRESENTATION_ITEM() RATIONAL_B_SPLINE_CURVE((1.,0.5,1.,0.5,
1.,0.5,1.)) REPRESENTATION_ITEM('') );
#4051 = CARTESIAN_POINT('',(4.282454583027,0.));
#4052 = CARTESIAN_POINT('',(4.282454583027,-7.417428918908));
#4053 = CARTESIAN_POINT('',(-2.141227291513,-3.708714459454));
#4054 = CARTESIAN_POINT('',(-8.564909166053,-1.048898859519E-15));
#4055 = CARTESIAN_POINT('',(-2.141227291513,3.708714459454));
#4056 = CARTESIAN_POINT('',(4.282454583026,7.417428918908));
#4057 = CARTESIAN_POINT('',(4.282454583027,0.));
#4058 = ( GEOMETRIC_REPRESENTATION_CONTEXT(2) 
PARAMETRIC_REPRESENTATION_CONTEXT() REPRESENTATION_CONTEXT('2D SPACE',''
  ) );
#4059 = ORIENTED_EDGE('',*,*,#4060,.T.);
#4060 = EDGE_CURVE('',#4023,#4061,#4063,.T.);
#4061 = VERTEX_POINT('',#4062);
#4062 = CARTESIAN_POINT('',(27.158587612956,22.101459000341,
    44.239257602912));
#4063 = SEAM_CURVE('',#4064,(#4069,#4076),.PCURVE_S1.);
#4064 = CIRCLE('',#4065,3.);
#4065 = AXIS2_PLACEMENT_3D('',#4066,#4067,#4068);
#4066 = CARTESIAN_POINT('',(28.423274360468,22.101459000341,
    46.959655998491));
#4067 = DIRECTION('',(0.,-1.,0.));
#4068 = DIRECTION('',(-2.364839731482E-02,-0.,-0.999720337547));
#4069 = PCURVE('',#4032,#4070);
#4070 = DEFINITIONAL_REPRESENTATION('',(#4071),#4075);
#4071 = LINE('',#4072,#4073);
#4072 = CARTESIAN_POINT('',(-3.14159265359,6.28318530718));
#4073 = VECTOR('',#4074,1.);
#4074 = DIRECTION('',(0.,-1.));
#4075 = ( GEOMETRIC_REPRESENTATION_CONTEXT(2) 
PARAMETRIC_REPRESENTATION_CONTEXT() REPRESENTATION_CONTEXT('2D SPACE',''
  ) );
#4076 = PCURVE('',#4032,#4077);
#4077 = DEFINITIONAL_REPRESENTATION('',(#4078),#4082);
#4078 = LINE('',#4079,#4080);
#4079 = CARTESIAN_POINT('',(3.14159265359,6.28318530718));
#4080 = VECTOR('',#4081,1.);
#4081 = DIRECTION('',(0.,-1.));
#4082 = ( GEOMETRIC_REPRESENTATION_CONTEXT(2) 
PARAMETRIC_REPRESENTATION_CONTEXT() REPRESENTATION_CONTEXT('2D SPACE',''
  ) );
#4083 = ORIENTED_EDGE('',*,*,#4084,.F.);
#4084 = EDGE_CURVE('',#4085,#4061,#4087,.T.);
#4085 = VERTEX_POINT('',#4086);
#4086 = CARTESIAN_POINT('',(27.491178672792,22.101459000341,
    58.299324430169));
#4087 = SURFACE_CURVE('',#4088,(#4093,#4100),.PCURVE_S1.);
#4088 = CIRCLE('',#4089,7.032);
#4089 = AXIS2_PLACEMENT_3D('',#4090,#4091,#4092);
#4090 = CARTESIAN_POINT('',(27.324883142874,22.101459000341,
    51.26929101654));
#4091 = DIRECTION('',(0.999720337547,0.,-2.364839731482E-02));
#4092 = DIRECTION('',(-2.364839731482E-02,0.,-0.999720337547));
#4093 = PCURVE('',#4032,#4094);
#4094 = DEFINITIONAL_REPRESENTATION('',(#4095),#4099);
#4095 = LINE('',#4096,#4097);
#4096 = CARTESIAN_POINT('',(3.14159265359,0.411516846067));
#4097 = VECTOR('',#4098,1.);
#4098 = DIRECTION('',(-1.,2.155709284103E-15));
#4099 = ( GEOMETRIC_REPRESENTATION_CONTEXT(2) 
PARAMETRIC_REPRESENTATION_CONTEXT() REPRESENTATION_CONTEXT('2D SPACE',''
  ) );
#4100 = PCURVE('',#4101,#4106);
#4101 = TOROIDAL_SURFACE('',#4102,4.032,3.);
#4102 = AXIS2_PLACEMENT_3D('',#4103,#4104,#4105);
#4103 = CARTESIAN_POINT('',(27.324883142874,22.101459000341,
    51.26929101654));
#4104 = DIRECTION('',(0.999720337547,0.,-2.364839731482E-02));
#4105 = DIRECTION('',(-2.364839731482E-02,0.,-0.999720337547));
#4106 = DEFINITIONAL_REPRESENTATION('',(#4107),#4111);
#4107 = LINE('',#4108,#4109);
#4108 = CARTESIAN_POINT('',(-6.28318530718,0.));
#4109 = VECTOR('',#4110,1.);
#4110 = DIRECTION('',(1.,0.));
#4111 = ( GEOMETRIC_REPRESENTATION_CONTEXT(2) 
PARAMETRIC_REPRESENTATION_CONTEXT() REPRESENTATION_CONTEXT('2D SPACE',''
  ) );
#4112 = ORIENTED_EDGE('',*,*,#4113,.F.);
#4113 = EDGE_CURVE('',#4061,#4085,#4114,.T.);
#4114 = SURFACE_CURVE('',#4115,(#4120,#4127),.PCURVE_S1.);
#4115 = CIRCLE('',#4116,7.032);
#4116 = AXIS2_PLACEMENT_3D('',#4117,#4118,#4119);
#4117 = CARTESIAN_POINT('',(27.324883142874,22.101459000341,
    51.26929101654));
#4118 = DIRECTION('',(0.999720337547,0.,-2.364839731482E-02));
#4119 = DIRECTION('',(-2.364839731482E-02,0.,-0.999720337547));
#4120 = PCURVE('',#4032,#4121);
#4121 = DEFINITIONAL_REPRESENTATION('',(#4122),#4126);
#4122 = LINE('',#4123,#4124);
#4123 = CARTESIAN_POINT('',(3.14159265359,0.411516846067));
#4124 = VECTOR('',#4125,1.);
#4125 = DIRECTION('',(-1.,-2.155709284103E-15));
#4126 = ( GEOMETRIC_REPRESENTATION_CONTEXT(2) 
PARAMETRIC_REPRESENTATION_CONTEXT() REPRESENTATION_CONTEXT('2D SPACE',''
  ) );
#4127 = PCURVE('',#4101,#4128);
#4128 = DEFINITIONAL_REPRESENTATION('',(#4129),#4133);
#4129 = LINE('',#4130,#4131);
#4130 = CARTESIAN_POINT('',(0.,0.));
#4131 = VECTOR('',#4132,1.);
#4132 = DIRECTION('',(1.,0.));
#4133 = ( GEOMETRIC_REPRESENTATION_CONTEXT(2) 
PARAMETRIC_REPRESENTATION_CONTEXT() REPRESENTATION_CONTEXT('2D SPACE',''
  ) );
#4134 = ORIENTED_EDGE('',*,*,#4060,.F.);
#4135 = ADVANCED_FACE('',(#4136),#4044,.T.);
#4136 = FACE_BOUND('',#4137,.T.);
#4137 = EDGE_LOOP('',(#4138));
#4138 = ORIENTED_EDGE('',*,*,#4022,.F.);
#4139 = ADVANCED_FACE('',(#4140),#4101,.T.);
#4140 = FACE_BOUND('',#4141,.T.);
#4141 = EDGE_LOOP('',(#4142,#4175,#4197,#4198,#4199));
#4142 = ORIENTED_EDGE('',*,*,#4143,.T.);
#4143 = EDGE_CURVE('',#4144,#4144,#4146,.T.);
#4144 = VERTEX_POINT('',#4145);
#4145 = CARTESIAN_POINT('',(30.419394493487,22.101459000341,
    55.229218225584));
#4146 = SURFACE_CURVE('',#4147,(#4152,#4159),.PCURVE_S1.);
#4147 = CIRCLE('',#4148,4.032);
#4148 = AXIS2_PLACEMENT_3D('',#4149,#4150,#4151);
#4149 = CARTESIAN_POINT('',(30.324044155514,22.101459000341,
    51.198345824596));
#4150 = DIRECTION('',(-0.999720337547,0.,2.364839731482E-02));
#4151 = DIRECTION('',(-2.364839731482E-02,0.,-0.999720337547));
#4152 = PCURVE('',#4101,#4153);
#4153 = DEFINITIONAL_REPRESENTATION('',(#4154),#4158);
#4154 = LINE('',#4155,#4156);
#4155 = CARTESIAN_POINT('',(6.28318530718,1.570796326795));
#4156 = VECTOR('',#4157,1.);
#4157 = DIRECTION('',(-1.,0.));
#4158 = ( GEOMETRIC_REPRESENTATION_CONTEXT(2) 
PARAMETRIC_REPRESENTATION_CONTEXT() REPRESENTATION_CONTEXT('2D SPACE',''
  ) );
#4159 = PCURVE('',#4160,#4165);
#4160 = PLANE('',#4161);
#4161 = AXIS2_PLACEMENT_3D('',#4162,#4163,#4164);
#4162 = CARTESIAN_POINT('',(30.324044155514,22.101459000341,
    51.198345824596));
#4163 = DIRECTION('',(0.999720337547,0.,-2.364839731482E-02));
#4164 = DIRECTION('',(-2.364839731482E-02,0.,-0.999720337547));
#4165 = DEFINITIONAL_REPRESENTATION('',(#4166),#4174);
#4166 = ( BOUNDED_CURVE() B_SPLINE_CURVE(2,(#4167,#4168,#4169,#4170,
#4171,#4172,#4173),.UNSPECIFIED.,.T.,.F.) B_SPLINE_CURVE_WITH_KNOTS((1,2
    ,2,2,2,1),(-2.094395102393,0.,2.094395102393,4.188790204786,
6.28318530718,8.377580409573),.UNSPECIFIED.) CURVE() 
GEOMETRIC_REPRESENTATION_ITEM() RATIONAL_B_SPLINE_CURVE((1.,0.5,1.,0.5,
1.,0.5,1.)) REPRESENTATION_ITEM('') );
#4167 = CARTESIAN_POINT('',(4.032,0.));
#4168 = CARTESIAN_POINT('',(4.032,-6.983628856118));
#4169 = CARTESIAN_POINT('',(-2.016,-3.491814428059));
#4170 = CARTESIAN_POINT('',(-8.064,-9.875551788324E-16));
#4171 = CARTESIAN_POINT('',(-2.016,3.491814428059));
#4172 = CARTESIAN_POINT('',(4.032,6.983628856118));
#4173 = CARTESIAN_POINT('',(4.032,0.));
#4174 = ( GEOMETRIC_REPRESENTATION_CONTEXT(2) 
PARAMETRIC_REPRESENTATION_CONTEXT() REPRESENTATION_CONTEXT('2D SPACE',''
  ) );
#4175 = ORIENTED_EDGE('',*,*,#4176,.T.);
#4176 = EDGE_CURVE('',#4144,#4085,#4177,.T.);
#4177 = SEAM_CURVE('',#4178,(#4183,#4190),.PCURVE_S1.);
#4178 = CIRCLE('',#4179,3.);
#4179 = AXIS2_PLACEMENT_3D('',#4180,#4181,#4182);
#4180 = CARTESIAN_POINT('',(27.420233480847,22.101459000341,
    55.300163417529));
#4181 = DIRECTION('',(0.,-1.,0.));
#4182 = DIRECTION('',(2.364839731482E-02,0.,0.999720337547));
#4183 = PCURVE('',#4101,#4184);
#4184 = DEFINITIONAL_REPRESENTATION('',(#4185),#4189);
#4185 = LINE('',#4186,#4187);
#4186 = CARTESIAN_POINT('',(-3.14159265359,6.28318530718));
#4187 = VECTOR('',#4188,1.);
#4188 = DIRECTION('',(0.,-1.));
#4189 = ( GEOMETRIC_REPRESENTATION_CONTEXT(2) 
PARAMETRIC_REPRESENTATION_CONTEXT() REPRESENTATION_CONTEXT('2D SPACE',''
  ) );
#4190 = PCURVE('',#4101,#4191);
#4191 = DEFINITIONAL_REPRESENTATION('',(#4192),#4196);
#4192 = LINE('',#4193,#4194);
#4193 = CARTESIAN_POINT('',(3.14159265359,6.28318530718));
#4194 = VECTOR('',#4195,1.);
#4195 = DIRECTION('',(0.,-1.));
#4196 = ( GEOMETRIC_REPRESENTATION_CONTEXT(2) 
PARAMETRIC_REPRESENTATION_CONTEXT() REPRESENTATION_CONTEXT('2D SPACE',''
  ) );
#4197 = ORIENTED_EDGE('',*,*,#4084,.T.);
#4198 = ORIENTED_EDGE('',*,*,#4113,.T.);
#4199 = ORIENTED_EDGE('',*,*,#4176,.F.);
#4200 = ADVANCED_FACE('',(#4201),#4160,.T.);
#4201 = FACE_BOUND('',#4202,.T.);
#4202 = EDGE_LOOP('',(#4203));
#4203 = ORIENTED_EDGE('',*,*,#4143,.F.);
#4204 = ( GEOMETRIC_REPRESENTATION_CONTEXT(3) 
GLOBAL_UNCERTAINTY_ASSIGNED_CONTEXT((#4208)) 
GLOBAL_UNIT_ASSIGNED_CONTEXT((#4205,#4206,#4207)) REPRESENTATION_CONTEXT
('Context #1','3D Context with UNIT and UNCERTAINTY') );
#4205 = ( LENGTH_UNIT() NAMED_UNIT(*) SI_UNIT(.MILLI.,.METRE.) );
#4206 = ( NAMED_UNIT(*) PLANE_ANGLE_UNIT() SI_UNIT($,.RADIAN.) );
#4207 = ( NAMED_UNIT(*) SI_UNIT($,.STERADIAN.) SOLID_ANGLE_UNIT() );
#4208 = UNCERTAINTY_MEASURE_WITH_UNIT(LENGTH_MEASURE(1.E-07),#4205,
  'distance_accuracy_value','confusion accuracy');
#4209 = CONTEXT_DEPENDENT_SHAPE_REPRESENTATION(#4210,#4212);
#4210 = ( REPRESENTATION_RELATIONSHIP('','',#4015,#10) 
REPRESENTATION_RELATIONSHIP_WITH_TRANSFORMATION(#4211) 
SHAPE_REPRESENTATION_RELATIONSHIP() );
#4211 = ITEM_DEFINED_TRANSFORMATION('','',#11,#19);
#4212 = PRODUCT_DEFINITION_SHAPE('Placement','Placement of an item',
  #4213);
#4213 = NEXT_ASSEMBLY_USAGE_OCCURRENCE('2','','',#5,#4010,$);
#4214 = PRODUCT_RELATED_PRODUCT_CATEGORY('part',$,(#4012));
ENDSEC;
END-ISO-10303-21;
