ISO-10303-21;
HEADER;
FILE_DESCRIPTION(('Open CASCADE Model'),'2;1');
FILE_NAME('Open CASCADE Shape Model','2026-08-16T00:24:46',('Author'),(
    'Open CASCADE'),'Open CASCADE STEP processor 7.9','Open CASCADE 7.9'
  ,'Unknown');
FILE_SCHEMA(('AUTOMOTIVE_DESIGN { 1 0 10303 214 1 1 1 1 }'));
ENDSEC;
DATA;
#1 = APPLICATION_PROTOCOL_DEFINITION('international standard',
  'automotive_design',2000,#2);
#2 = APPLICATION_CONTEXT(
  'core data for automotive mechanical design processes');
#3 = SHAPE_DEFINITION_REPRESENTATION(#4,#10);
#4 = PRODUCT_DEFINITION_SHAPE('','',#5);
#5 = PRODUCT_DEFINITION('design','',#6,#9);
#6 = PRODUCT_DEFINITION_FORMATION('','',#7);
#7 = PRODUCT('Open CASCADE STEP translator 7.9 1',
  'Open CASCADE STEP translator 7.9 1','',(#8));
#8 = PRODUCT_CONTEXT('',#2,'mechanical');
#9 = PRODUCT_DEFINITION_CONTEXT('part definition',#2,'design');
#10 = ADVANCED_BREP_SHAPE_REPRESENTATION('',(#11,#15),#5322);
#11 = AXIS2_PLACEMENT_3D('',#12,#13,#14);
#12 = CARTESIAN_POINT('',(0.,0.,0.));
#13 = DIRECTION('',(0.,0.,1.));
#14 = DIRECTION('',(1.,0.,-0.));
#15 = MANIFOLD_SOLID_BREP('',#16);
#16 = CLOSED_SHELL('',(#17,#109,#501,#551,#1167,#1248,#1324,#1351,#1378,
    #1385,#1496,#1551,#1664,#1773,#1875,#1925,#1996,#2058,#2113,#2117,
    #2172,#2343,#2565,#2642,#2769,#2893,#2964,#3067,#3126,#3165,#3220,
    #3224,#3316,#3323,#3350,#3400,#3427,#3481,#3531,#3692,#3763,#3868,
    #3939,#4021,#4090,#4119,#4146,#4173,#4224,#4273,#4344,#4394,#4448,
    #4478,#4487,#4515,#4587,#4636,#4686,#4735,#4785,#4834,#4884,#5074,
    #5155,#5231,#5258,#5285,#5292,#5299));
#17 = ADVANCED_FACE('',(#18),#32,.F.);
#18 = FACE_BOUND('',#19,.F.);
#19 = EDGE_LOOP('',(#20,#50,#77,#78));
#20 = ORIENTED_EDGE('',*,*,#21,.T.);
#21 = EDGE_CURVE('',#22,#24,#26,.T.);
#22 = VERTEX_POINT('',#23);
#23 = CARTESIAN_POINT('',(160.5,15.,-30.));
#24 = VERTEX_POINT('',#25);
#25 = CARTESIAN_POINT('',(160.5,0.,-30.));
#26 = SEAM_CURVE('',#27,(#31,#43),.PCURVE_S1.);
#27 = LINE('',#28,#29);
#28 = CARTESIAN_POINT('',(160.5,15.,-30.));
#29 = VECTOR('',#30,1.);
#30 = DIRECTION('',(0.,-1.,0.));
#31 = PCURVE('',#32,#37);
#32 = CYLINDRICAL_SURFACE('',#33,7.5);
#33 = AXIS2_PLACEMENT_3D('',#34,#35,#36);
#34 = CARTESIAN_POINT('',(153.,15.,-30.));
#35 = DIRECTION('',(0.,-1.,0.));
#36 = DIRECTION('',(-1.,0.,0.));
#37 = DEFINITIONAL_REPRESENTATION('',(#38),#42);
#38 = LINE('',#39,#40);
#39 = CARTESIAN_POINT('',(9.424777960769,0.));
#40 = VECTOR('',#41,1.);
#41 = DIRECTION('',(0.,1.));
#42 = ( GEOMETRIC_REPRESENTATION_CONTEXT(2) 
PARAMETRIC_REPRESENTATION_CONTEXT() REPRESENTATION_CONTEXT('2D SPACE',''
  ) );
#43 = PCURVE('',#32,#44);
#44 = DEFINITIONAL_REPRESENTATION('',(#45),#49);
#45 = LINE('',#46,#47);
#46 = CARTESIAN_POINT('',(3.14159265359,0.));
#47 = VECTOR('',#48,1.);
#48 = DIRECTION('',(0.,1.));
#49 = ( GEOMETRIC_REPRESENTATION_CONTEXT(2) 
PARAMETRIC_REPRESENTATION_CONTEXT() REPRESENTATION_CONTEXT('2D SPACE',''
  ) );
#50 = ORIENTED_EDGE('',*,*,#51,.T.);
#51 = EDGE_CURVE('',#24,#24,#52,.T.);
#52 = SURFACE_CURVE('',#53,(#58,#65),.PCURVE_S1.);
#53 = CIRCLE('',#54,7.5);
#54 = AXIS2_PLACEMENT_3D('',#55,#56,#57);
#55 = CARTESIAN_POINT('',(153.,0.,-30.));
#56 = DIRECTION('',(0.,1.,0.));
#57 = DIRECTION('',(-1.,0.,0.));
#58 = PCURVE('',#32,#59);
#59 = DEFINITIONAL_REPRESENTATION('',(#60),#64);
#60 = LINE('',#61,#62);
#61 = CARTESIAN_POINT('',(12.566370614359,15.));
#62 = VECTOR('',#63,1.);
#63 = DIRECTION('',(-1.,0.));
#64 = ( GEOMETRIC_REPRESENTATION_CONTEXT(2) 
PARAMETRIC_REPRESENTATION_CONTEXT() REPRESENTATION_CONTEXT('2D SPACE',''
  ) );
#65 = PCURVE('',#66,#71);
#66 = PLANE('',#67);
#67 = AXIS2_PLACEMENT_3D('',#68,#69,#70);
#68 = CARTESIAN_POINT('',(84.,0.,-30.));
#69 = DIRECTION('',(0.,1.,0.));
#70 = DIRECTION('',(1.,0.,0.));
#71 = DEFINITIONAL_REPRESENTATION('',(#72),#76);
#72 = CIRCLE('',#73,7.5);
#73 = AXIS2_PLACEMENT_2D('',#74,#75);
#74 = CARTESIAN_POINT('',(69.,0.));
#75 = DIRECTION('',(-1.,0.));
#76 = ( GEOMETRIC_REPRESENTATION_CONTEXT(2) 
PARAMETRIC_REPRESENTATION_CONTEXT() REPRESENTATION_CONTEXT('2D SPACE',''
  ) );
#77 = ORIENTED_EDGE('',*,*,#21,.F.);
#78 = ORIENTED_EDGE('',*,*,#79,.T.);
#79 = EDGE_CURVE('',#22,#22,#80,.T.);
#80 = SURFACE_CURVE('',#81,(#86,#93),.PCURVE_S1.);
#81 = CIRCLE('',#82,7.5);
#82 = AXIS2_PLACEMENT_3D('',#83,#84,#85);
#83 = CARTESIAN_POINT('',(153.,15.,-30.));
#84 = DIRECTION('',(0.,-1.,0.));
#85 = DIRECTION('',(-1.,0.,0.));
#86 = PCURVE('',#32,#87);
#87 = DEFINITIONAL_REPRESENTATION('',(#88),#92);
#88 = LINE('',#89,#90);
#89 = CARTESIAN_POINT('',(0.,0.));
#90 = VECTOR('',#91,1.);
#91 = DIRECTION('',(1.,0.));
#92 = ( GEOMETRIC_REPRESENTATION_CONTEXT(2) 
PARAMETRIC_REPRESENTATION_CONTEXT() REPRESENTATION_CONTEXT('2D SPACE',''
  ) );
#93 = PCURVE('',#94,#99);
#94 = PLANE('',#95);
#95 = AXIS2_PLACEMENT_3D('',#96,#97,#98);
#96 = CARTESIAN_POINT('',(84.,15.,-30.));
#97 = DIRECTION('',(0.,1.,0.));
#98 = DIRECTION('',(0.,-0.,1.));
#99 = DEFINITIONAL_REPRESENTATION('',(#100),#108);
#100 = ( BOUNDED_CURVE() B_SPLINE_CURVE(2,(#101,#102,#103,#104,#105,#106
,#107),.UNSPECIFIED.,.T.,.F.) B_SPLINE_CURVE_WITH_KNOTS((1,2,2,2,2,1),(
    -2.094395102393,0.,2.094395102393,4.188790204786,6.28318530718,
8.377580409573),.UNSPECIFIED.) CURVE() GEOMETRIC_REPRESENTATION_ITEM() 
RATIONAL_B_SPLINE_CURVE((1.,0.5,1.,0.5,1.,0.5,1.)) REPRESENTATION_ITEM(
  '') );
#101 = CARTESIAN_POINT('',(0.,61.5));
#102 = CARTESIAN_POINT('',(-12.99038105676,61.5));
#103 = CARTESIAN_POINT('',(-6.495190528383,72.75));
#104 = CARTESIAN_POINT('',(-1.836970198721E-15,84.));
#105 = CARTESIAN_POINT('',(6.495190528383,72.75));
#106 = CARTESIAN_POINT('',(12.990381056767,61.5));
#107 = CARTESIAN_POINT('',(0.,61.5));
#108 = ( GEOMETRIC_REPRESENTATION_CONTEXT(2) 
PARAMETRIC_REPRESENTATION_CONTEXT() REPRESENTATION_CONTEXT('2D SPACE',''
  ) );
#109 = ADVANCED_FACE('',(#110,#463,#466),#94,.T.);
#110 = FACE_BOUND('',#111,.T.);
#111 = EDGE_LOOP('',(#112,#142,#170,#203,#231,#264,#292,#325,#353,#386,
    #409,#437));
#112 = ORIENTED_EDGE('',*,*,#113,.F.);
#113 = EDGE_CURVE('',#114,#116,#118,.T.);
#114 = VERTEX_POINT('',#115);
#115 = CARTESIAN_POINT('',(134.5,15.,0.));
#116 = VERTEX_POINT('',#117);
#117 = CARTESIAN_POINT('',(134.5,15.,-42.));
#118 = SURFACE_CURVE('',#119,(#123,#130),.PCURVE_S1.);
#119 = LINE('',#120,#121);
#120 = CARTESIAN_POINT('',(134.5,15.,-15.));
#121 = VECTOR('',#122,1.);
#122 = DIRECTION('',(0.,0.,-1.));
#123 = PCURVE('',#94,#124);
#124 = DEFINITIONAL_REPRESENTATION('',(#125),#129);
#125 = LINE('',#126,#127);
#126 = CARTESIAN_POINT('',(15.,50.5));
#127 = VECTOR('',#128,1.);
#128 = DIRECTION('',(-1.,0.));
#129 = ( GEOMETRIC_REPRESENTATION_CONTEXT(2) 
PARAMETRIC_REPRESENTATION_CONTEXT() REPRESENTATION_CONTEXT('2D SPACE',''
  ) );
#130 = PCURVE('',#131,#136);
#131 = CYLINDRICAL_SURFACE('',#132,4.);
#132 = AXIS2_PLACEMENT_3D('',#133,#134,#135);
#133 = CARTESIAN_POINT('',(134.5,19.,-15.));
#134 = DIRECTION('',(0.,0.,1.));
#135 = DIRECTION('',(-0.707106781187,-0.707106781187,0.));
#136 = DEFINITIONAL_REPRESENTATION('',(#137),#141);
#137 = LINE('',#138,#139);
#138 = CARTESIAN_POINT('',(0.785398163397,0.));
#139 = VECTOR('',#140,1.);
#140 = DIRECTION('',(0.,-1.));
#141 = ( GEOMETRIC_REPRESENTATION_CONTEXT(2) 
PARAMETRIC_REPRESENTATION_CONTEXT() REPRESENTATION_CONTEXT('2D SPACE',''
  ) );
#142 = ORIENTED_EDGE('',*,*,#143,.T.);
#143 = EDGE_CURVE('',#114,#144,#146,.T.);
#144 = VERTEX_POINT('',#145);
#145 = CARTESIAN_POINT('',(159.,15.,0.));
#146 = SURFACE_CURVE('',#147,(#151,#158),.PCURVE_S1.);
#147 = LINE('',#148,#149);
#148 = CARTESIAN_POINT('',(0.,15.,0.));
#149 = VECTOR('',#150,1.);
#150 = DIRECTION('',(1.,0.,0.));
#151 = PCURVE('',#94,#152);
#152 = DEFINITIONAL_REPRESENTATION('',(#153),#157);
#153 = LINE('',#154,#155);
#154 = CARTESIAN_POINT('',(30.,-84.));
#155 = VECTOR('',#156,1.);
#156 = DIRECTION('',(0.,1.));
#157 = ( GEOMETRIC_REPRESENTATION_CONTEXT(2) 
PARAMETRIC_REPRESENTATION_CONTEXT() REPRESENTATION_CONTEXT('2D SPACE',''
  ) );
#158 = PCURVE('',#159,#164);
#159 = PLANE('',#160);
#160 = AXIS2_PLACEMENT_3D('',#161,#162,#163);
#161 = CARTESIAN_POINT('',(0.,0.,0.));
#162 = DIRECTION('',(0.,0.,1.));
#163 = DIRECTION('',(1.,0.,-0.));
#164 = DEFINITIONAL_REPRESENTATION('',(#165),#169);
#165 = LINE('',#166,#167);
#166 = CARTESIAN_POINT('',(0.,15.));
#167 = VECTOR('',#168,1.);
#168 = DIRECTION('',(1.,0.));
#169 = ( GEOMETRIC_REPRESENTATION_CONTEXT(2) 
PARAMETRIC_REPRESENTATION_CONTEXT() REPRESENTATION_CONTEXT('2D SPACE',''
  ) );
#170 = ORIENTED_EDGE('',*,*,#171,.F.);
#171 = EDGE_CURVE('',#172,#144,#174,.T.);
#172 = VERTEX_POINT('',#173);
#173 = CARTESIAN_POINT('',(168.,15.,-9.));
#174 = SURFACE_CURVE('',#175,(#180,#191),.PCURVE_S1.);
#175 = CIRCLE('',#176,9.);
#176 = AXIS2_PLACEMENT_3D('',#177,#178,#179);
#177 = CARTESIAN_POINT('',(159.,15.,-9.));
#178 = DIRECTION('',(0.,-1.,0.));
#179 = DIRECTION('',(0.707106781187,0.,0.707106781187));
#180 = PCURVE('',#94,#181);
#181 = DEFINITIONAL_REPRESENTATION('',(#182),#190);
#182 = ( BOUNDED_CURVE() B_SPLINE_CURVE(2,(#183,#184,#185,#186,#187,#188
,#189),.UNSPECIFIED.,.T.,.F.) B_SPLINE_CURVE_WITH_KNOTS((1,2,2,2,2,1),(
    -2.094395102393,0.,2.094395102393,4.188790204786,6.28318530718,
8.377580409573),.UNSPECIFIED.) CURVE() GEOMETRIC_REPRESENTATION_ITEM() 
RATIONAL_B_SPLINE_CURVE((1.,0.5,1.,0.5,1.,0.5,1.)) REPRESENTATION_ITEM(
  '') );
#183 = CARTESIAN_POINT('',(27.363961030679,81.363961030679));
#184 = CARTESIAN_POINT('',(38.386664873203,70.341257188155));
#185 = CARTESIAN_POINT('',(23.329371405923,66.306667563398));
#186 = CARTESIAN_POINT('',(8.272077938642,62.272077938642));
#187 = CARTESIAN_POINT('',(12.306667563398,77.329371405923));
#188 = CARTESIAN_POINT('',(16.341257188155,92.386664873203));
#189 = CARTESIAN_POINT('',(27.363961030679,81.363961030679));
#190 = ( GEOMETRIC_REPRESENTATION_CONTEXT(2) 
PARAMETRIC_REPRESENTATION_CONTEXT() REPRESENTATION_CONTEXT('2D SPACE',''
  ) );
#191 = PCURVE('',#192,#197);
#192 = CYLINDRICAL_SURFACE('',#193,9.);
#193 = AXIS2_PLACEMENT_3D('',#194,#195,#196);
#194 = CARTESIAN_POINT('',(159.,0.,-9.));
#195 = DIRECTION('',(0.,1.,0.));
#196 = DIRECTION('',(0.707106781187,-0.,0.707106781187));
#197 = DEFINITIONAL_REPRESENTATION('',(#198),#202);
#198 = LINE('',#199,#200);
#199 = CARTESIAN_POINT('',(12.566370614359,15.));
#200 = VECTOR('',#201,1.);
#201 = DIRECTION('',(-1.,0.));
#202 = ( GEOMETRIC_REPRESENTATION_CONTEXT(2) 
PARAMETRIC_REPRESENTATION_CONTEXT() REPRESENTATION_CONTEXT('2D SPACE',''
  ) );
#203 = ORIENTED_EDGE('',*,*,#204,.T.);
#204 = EDGE_CURVE('',#172,#205,#207,.T.);
#205 = VERTEX_POINT('',#206);
#206 = CARTESIAN_POINT('',(168.,15.,-51.));
#207 = SURFACE_CURVE('',#208,(#212,#219),.PCURVE_S1.);
#208 = LINE('',#209,#210);
#209 = CARTESIAN_POINT('',(168.,15.,0.));
#210 = VECTOR('',#211,1.);
#211 = DIRECTION('',(0.,0.,-1.));
#212 = PCURVE('',#94,#213);
#213 = DEFINITIONAL_REPRESENTATION('',(#214),#218);
#214 = LINE('',#215,#216);
#215 = CARTESIAN_POINT('',(30.,84.));
#216 = VECTOR('',#217,1.);
#217 = DIRECTION('',(-1.,0.));
#218 = ( GEOMETRIC_REPRESENTATION_CONTEXT(2) 
PARAMETRIC_REPRESENTATION_CONTEXT() REPRESENTATION_CONTEXT('2D SPACE',''
  ) );
#219 = PCURVE('',#220,#225);
#220 = PLANE('',#221);
#221 = AXIS2_PLACEMENT_3D('',#222,#223,#224);
#222 = CARTESIAN_POINT('',(168.,0.,0.));
#223 = DIRECTION('',(1.,0.,0.));
#224 = DIRECTION('',(0.,0.,-1.));
#225 = DEFINITIONAL_REPRESENTATION('',(#226),#230);
#226 = LINE('',#227,#228);
#227 = CARTESIAN_POINT('',(0.,15.));
#228 = VECTOR('',#229,1.);
#229 = DIRECTION('',(1.,0.));
#230 = ( GEOMETRIC_REPRESENTATION_CONTEXT(2) 
PARAMETRIC_REPRESENTATION_CONTEXT() REPRESENTATION_CONTEXT('2D SPACE',''
  ) );
#231 = ORIENTED_EDGE('',*,*,#232,.F.);
#232 = EDGE_CURVE('',#233,#205,#235,.T.);
#233 = VERTEX_POINT('',#234);
#234 = CARTESIAN_POINT('',(159.,15.,-60.));
#235 = SURFACE_CURVE('',#236,(#241,#252),.PCURVE_S1.);
#236 = CIRCLE('',#237,9.);
#237 = AXIS2_PLACEMENT_3D('',#238,#239,#240);
#238 = CARTESIAN_POINT('',(159.,15.,-51.));
#239 = DIRECTION('',(0.,-1.,0.));
#240 = DIRECTION('',(0.707106781187,0.,-0.707106781187));
#241 = PCURVE('',#94,#242);
#242 = DEFINITIONAL_REPRESENTATION('',(#243),#251);
#243 = ( BOUNDED_CURVE() B_SPLINE_CURVE(2,(#244,#245,#246,#247,#248,#249
,#250),.UNSPECIFIED.,.T.,.F.) B_SPLINE_CURVE_WITH_KNOTS((1,2,2,2,2,1),(
    -2.094395102393,0.,2.094395102393,4.188790204786,6.28318530718,
8.377580409573),.UNSPECIFIED.) CURVE() GEOMETRIC_REPRESENTATION_ITEM() 
RATIONAL_B_SPLINE_CURVE((1.,0.5,1.,0.5,1.,0.5,1.)) REPRESENTATION_ITEM(
  '') );
#244 = CARTESIAN_POINT('',(-27.36396103067,81.363961030679));
#245 = CARTESIAN_POINT('',(-16.34125718815,92.386664873203));
#246 = CARTESIAN_POINT('',(-12.30666756339,77.329371405923));
#247 = CARTESIAN_POINT('',(-8.272077938642,62.272077938642));
#248 = CARTESIAN_POINT('',(-23.32937140592,66.306667563398));
#249 = CARTESIAN_POINT('',(-38.3866648732,70.341257188155));
#250 = CARTESIAN_POINT('',(-27.36396103067,81.363961030679));
#251 = ( GEOMETRIC_REPRESENTATION_CONTEXT(2) 
PARAMETRIC_REPRESENTATION_CONTEXT() REPRESENTATION_CONTEXT('2D SPACE',''
  ) );
#252 = PCURVE('',#253,#258);
#253 = CYLINDRICAL_SURFACE('',#254,9.);
#254 = AXIS2_PLACEMENT_3D('',#255,#256,#257);
#255 = CARTESIAN_POINT('',(159.,0.,-51.));
#256 = DIRECTION('',(0.,1.,0.));
#257 = DIRECTION('',(0.707106781187,0.,-0.707106781187));
#258 = DEFINITIONAL_REPRESENTATION('',(#259),#263);
#259 = LINE('',#260,#261);
#260 = CARTESIAN_POINT('',(6.28318530718,15.));
#261 = VECTOR('',#262,1.);
#262 = DIRECTION('',(-1.,0.));
#263 = ( GEOMETRIC_REPRESENTATION_CONTEXT(2) 
PARAMETRIC_REPRESENTATION_CONTEXT() REPRESENTATION_CONTEXT('2D SPACE',''
  ) );
#264 = ORIENTED_EDGE('',*,*,#265,.T.);
#265 = EDGE_CURVE('',#233,#266,#268,.T.);
#266 = VERTEX_POINT('',#267);
#267 = CARTESIAN_POINT('',(9.,15.,-60.));
#268 = SURFACE_CURVE('',#269,(#273,#280),.PCURVE_S1.);
#269 = LINE('',#270,#271);
#270 = CARTESIAN_POINT('',(168.,15.,-60.));
#271 = VECTOR('',#272,1.);
#272 = DIRECTION('',(-1.,0.,0.));
#273 = PCURVE('',#94,#274);
#274 = DEFINITIONAL_REPRESENTATION('',(#275),#279);
#275 = LINE('',#276,#277);
#276 = CARTESIAN_POINT('',(-30.,84.));
#277 = VECTOR('',#278,1.);
#278 = DIRECTION('',(0.,-1.));
#279 = ( GEOMETRIC_REPRESENTATION_CONTEXT(2) 
PARAMETRIC_REPRESENTATION_CONTEXT() REPRESENTATION_CONTEXT('2D SPACE',''
  ) );
#280 = PCURVE('',#281,#286);
#281 = PLANE('',#282);
#282 = AXIS2_PLACEMENT_3D('',#283,#284,#285);
#283 = CARTESIAN_POINT('',(168.,0.,-60.));
#284 = DIRECTION('',(0.,0.,-1.));
#285 = DIRECTION('',(-1.,0.,0.));
#286 = DEFINITIONAL_REPRESENTATION('',(#287),#291);
#287 = LINE('',#288,#289);
#288 = CARTESIAN_POINT('',(0.,15.));
#289 = VECTOR('',#290,1.);
#290 = DIRECTION('',(1.,0.));
#291 = ( GEOMETRIC_REPRESENTATION_CONTEXT(2) 
PARAMETRIC_REPRESENTATION_CONTEXT() REPRESENTATION_CONTEXT('2D SPACE',''
  ) );
#292 = ORIENTED_EDGE('',*,*,#293,.F.);
#293 = EDGE_CURVE('',#294,#266,#296,.T.);
#294 = VERTEX_POINT('',#295);
#295 = CARTESIAN_POINT('',(0.,15.,-51.));
#296 = SURFACE_CURVE('',#297,(#302,#313),.PCURVE_S1.);
#297 = CIRCLE('',#298,9.);
#298 = AXIS2_PLACEMENT_3D('',#299,#300,#301);
#299 = CARTESIAN_POINT('',(9.,15.,-51.));
#300 = DIRECTION('',(0.,-1.,0.));
#301 = DIRECTION('',(-0.707106781187,-0.,-0.707106781187));
#302 = PCURVE('',#94,#303);
#303 = DEFINITIONAL_REPRESENTATION('',(#304),#312);
#304 = ( BOUNDED_CURVE() B_SPLINE_CURVE(2,(#305,#306,#307,#308,#309,#310
,#311),.UNSPECIFIED.,.T.,.F.) B_SPLINE_CURVE_WITH_KNOTS((1,2,2,2,2,1),(
    -2.094395102393,0.,2.094395102393,4.188790204786,6.28318530718,
8.377580409573),.UNSPECIFIED.) CURVE() GEOMETRIC_REPRESENTATION_ITEM() 
RATIONAL_B_SPLINE_CURVE((1.,0.5,1.,0.5,1.,0.5,1.)) REPRESENTATION_ITEM(
  '') );
#305 = CARTESIAN_POINT('',(-27.36396103067,-81.36396103067));
#306 = CARTESIAN_POINT('',(-38.3866648732,-70.34125718815));
#307 = CARTESIAN_POINT('',(-23.32937140592,-66.30666756339));
#308 = CARTESIAN_POINT('',(-8.272077938642,-62.27207793864));
#309 = CARTESIAN_POINT('',(-12.30666756339,-77.32937140592));
#310 = CARTESIAN_POINT('',(-16.34125718815,-92.3866648732));
#311 = CARTESIAN_POINT('',(-27.36396103067,-81.36396103067));
#312 = ( GEOMETRIC_REPRESENTATION_CONTEXT(2) 
PARAMETRIC_REPRESENTATION_CONTEXT() REPRESENTATION_CONTEXT('2D SPACE',''
  ) );
#313 = PCURVE('',#314,#319);
#314 = CYLINDRICAL_SURFACE('',#315,9.);
#315 = AXIS2_PLACEMENT_3D('',#316,#317,#318);
#316 = CARTESIAN_POINT('',(9.,0.,-51.));
#317 = DIRECTION('',(0.,1.,0.));
#318 = DIRECTION('',(-0.707106781187,0.,-0.707106781187));
#319 = DEFINITIONAL_REPRESENTATION('',(#320),#324);
#320 = LINE('',#321,#322);
#321 = CARTESIAN_POINT('',(6.28318530718,15.));
#322 = VECTOR('',#323,1.);
#323 = DIRECTION('',(-1.,0.));
#324 = ( GEOMETRIC_REPRESENTATION_CONTEXT(2) 
PARAMETRIC_REPRESENTATION_CONTEXT() REPRESENTATION_CONTEXT('2D SPACE',''
  ) );
#325 = ORIENTED_EDGE('',*,*,#326,.T.);
#326 = EDGE_CURVE('',#294,#327,#329,.T.);
#327 = VERTEX_POINT('',#328);
#328 = CARTESIAN_POINT('',(0.,15.,-9.));
#329 = SURFACE_CURVE('',#330,(#334,#341),.PCURVE_S1.);
#330 = LINE('',#331,#332);
#331 = CARTESIAN_POINT('',(0.,15.,-60.));
#332 = VECTOR('',#333,1.);
#333 = DIRECTION('',(0.,0.,1.));
#334 = PCURVE('',#94,#335);
#335 = DEFINITIONAL_REPRESENTATION('',(#336),#340);
#336 = LINE('',#337,#338);
#337 = CARTESIAN_POINT('',(-30.,-84.));
#338 = VECTOR('',#339,1.);
#339 = DIRECTION('',(1.,0.));
#340 = ( GEOMETRIC_REPRESENTATION_CONTEXT(2) 
PARAMETRIC_REPRESENTATION_CONTEXT() REPRESENTATION_CONTEXT('2D SPACE',''
  ) );
#341 = PCURVE('',#342,#347);
#342 = PLANE('',#343);
#343 = AXIS2_PLACEMENT_3D('',#344,#345,#346);
#344 = CARTESIAN_POINT('',(0.,0.,-60.));
#345 = DIRECTION('',(-1.,0.,0.));
#346 = DIRECTION('',(0.,0.,1.));
#347 = DEFINITIONAL_REPRESENTATION('',(#348),#352);
#348 = LINE('',#349,#350);
#349 = CARTESIAN_POINT('',(0.,15.));
#350 = VECTOR('',#351,1.);
#351 = DIRECTION('',(1.,0.));
#352 = ( GEOMETRIC_REPRESENTATION_CONTEXT(2) 
PARAMETRIC_REPRESENTATION_CONTEXT() REPRESENTATION_CONTEXT('2D SPACE',''
  ) );
#353 = ORIENTED_EDGE('',*,*,#354,.F.);
#354 = EDGE_CURVE('',#355,#327,#357,.T.);
#355 = VERTEX_POINT('',#356);
#356 = CARTESIAN_POINT('',(9.,15.,0.));
#357 = SURFACE_CURVE('',#358,(#363,#374),.PCURVE_S1.);
#358 = CIRCLE('',#359,9.);
#359 = AXIS2_PLACEMENT_3D('',#360,#361,#362);
#360 = CARTESIAN_POINT('',(9.,15.,-9.));
#361 = DIRECTION('',(0.,-1.,0.));
#362 = DIRECTION('',(-0.707106781187,0.,0.707106781187));
#363 = PCURVE('',#94,#364);
#364 = DEFINITIONAL_REPRESENTATION('',(#365),#373);
#365 = ( BOUNDED_CURVE() B_SPLINE_CURVE(2,(#366,#367,#368,#369,#370,#371
,#372),.UNSPECIFIED.,.T.,.F.) B_SPLINE_CURVE_WITH_KNOTS((1,2,2,2,2,1),(
    -2.094395102393,0.,2.094395102393,4.188790204786,6.28318530718,
8.377580409573),.UNSPECIFIED.) CURVE() GEOMETRIC_REPRESENTATION_ITEM() 
RATIONAL_B_SPLINE_CURVE((1.,0.5,1.,0.5,1.,0.5,1.)) REPRESENTATION_ITEM(
  '') );
#366 = CARTESIAN_POINT('',(27.363961030679,-81.36396103067));
#367 = CARTESIAN_POINT('',(16.341257188155,-92.3866648732));
#368 = CARTESIAN_POINT('',(12.306667563398,-77.32937140592));
#369 = CARTESIAN_POINT('',(8.272077938642,-62.27207793864));
#370 = CARTESIAN_POINT('',(23.329371405923,-66.30666756339));
#371 = CARTESIAN_POINT('',(38.386664873203,-70.34125718815));
#372 = CARTESIAN_POINT('',(27.363961030679,-81.36396103067));
#373 = ( GEOMETRIC_REPRESENTATION_CONTEXT(2) 
PARAMETRIC_REPRESENTATION_CONTEXT() REPRESENTATION_CONTEXT('2D SPACE',''
  ) );
#374 = PCURVE('',#375,#380);
#375 = CYLINDRICAL_SURFACE('',#376,9.);
#376 = AXIS2_PLACEMENT_3D('',#377,#378,#379);
#377 = CARTESIAN_POINT('',(9.,0.,-9.));
#378 = DIRECTION('',(0.,1.,0.));
#379 = DIRECTION('',(-0.707106781187,0.,0.707106781187));
#380 = DEFINITIONAL_REPRESENTATION('',(#381),#385);
#381 = LINE('',#382,#383);
#382 = CARTESIAN_POINT('',(6.28318530718,15.));
#383 = VECTOR('',#384,1.);
#384 = DIRECTION('',(-1.,0.));
#385 = ( GEOMETRIC_REPRESENTATION_CONTEXT(2) 
PARAMETRIC_REPRESENTATION_CONTEXT() REPRESENTATION_CONTEXT('2D SPACE',''
  ) );
#386 = ORIENTED_EDGE('',*,*,#387,.T.);
#387 = EDGE_CURVE('',#355,#388,#390,.T.);
#388 = VERTEX_POINT('',#389);
#389 = CARTESIAN_POINT('',(28.5,15.,0.));
#390 = SURFACE_CURVE('',#391,(#395,#402),.PCURVE_S1.);
#391 = LINE('',#392,#393);
#392 = CARTESIAN_POINT('',(0.,15.,0.));
#393 = VECTOR('',#394,1.);
#394 = DIRECTION('',(1.,0.,0.));
#395 = PCURVE('',#94,#396);
#396 = DEFINITIONAL_REPRESENTATION('',(#397),#401);
#397 = LINE('',#398,#399);
#398 = CARTESIAN_POINT('',(30.,-84.));
#399 = VECTOR('',#400,1.);
#400 = DIRECTION('',(0.,1.));
#401 = ( GEOMETRIC_REPRESENTATION_CONTEXT(2) 
PARAMETRIC_REPRESENTATION_CONTEXT() REPRESENTATION_CONTEXT('2D SPACE',''
  ) );
#402 = PCURVE('',#159,#403);
#403 = DEFINITIONAL_REPRESENTATION('',(#404),#408);
#404 = LINE('',#405,#406);
#405 = CARTESIAN_POINT('',(0.,15.));
#406 = VECTOR('',#407,1.);
#407 = DIRECTION('',(1.,0.));
#408 = ( GEOMETRIC_REPRESENTATION_CONTEXT(2) 
PARAMETRIC_REPRESENTATION_CONTEXT() REPRESENTATION_CONTEXT('2D SPACE',''
  ) );
#409 = ORIENTED_EDGE('',*,*,#410,.F.);
#410 = EDGE_CURVE('',#411,#388,#413,.T.);
#411 = VERTEX_POINT('',#412);
#412 = CARTESIAN_POINT('',(28.5,15.,-42.));
#413 = SURFACE_CURVE('',#414,(#418,#425),.PCURVE_S1.);
#414 = LINE('',#415,#416);
#415 = CARTESIAN_POINT('',(28.5,15.,-36.));
#416 = VECTOR('',#417,1.);
#417 = DIRECTION('',(-1.057355261548E-16,0.,1.));
#418 = PCURVE('',#94,#419);
#419 = DEFINITIONAL_REPRESENTATION('',(#420),#424);
#420 = LINE('',#421,#422);
#421 = CARTESIAN_POINT('',(-6.,-55.5));
#422 = VECTOR('',#423,1.);
#423 = DIRECTION('',(1.,-1.057355261548E-16));
#424 = ( GEOMETRIC_REPRESENTATION_CONTEXT(2) 
PARAMETRIC_REPRESENTATION_CONTEXT() REPRESENTATION_CONTEXT('2D SPACE',''
  ) );
#425 = PCURVE('',#426,#431);
#426 = CYLINDRICAL_SURFACE('',#427,9.);
#427 = AXIS2_PLACEMENT_3D('',#428,#429,#430);
#428 = CARTESIAN_POINT('',(28.5,24.,-36.));
#429 = DIRECTION('',(1.057355261548E-16,0.,-1.));
#430 = DIRECTION('',(0.707106781187,-0.707106781187,7.476630755637E-17)
  );
#431 = DEFINITIONAL_REPRESENTATION('',(#432),#436);
#432 = LINE('',#433,#434);
#433 = CARTESIAN_POINT('',(7.068583470577,0.));
#434 = VECTOR('',#435,1.);
#435 = DIRECTION('',(-2.114710523096E-17,-1.));
#436 = ( GEOMETRIC_REPRESENTATION_CONTEXT(2) 
PARAMETRIC_REPRESENTATION_CONTEXT() REPRESENTATION_CONTEXT('2D SPACE',''
  ) );
#437 = ORIENTED_EDGE('',*,*,#438,.T.);
#438 = EDGE_CURVE('',#411,#116,#439,.T.);
#439 = SURFACE_CURVE('',#440,(#444,#451),.PCURVE_S1.);
#440 = LINE('',#441,#442);
#441 = CARTESIAN_POINT('',(107.25,15.,-42.));
#442 = VECTOR('',#443,1.);
#443 = DIRECTION('',(1.,0.,0.));
#444 = PCURVE('',#94,#445);
#445 = DEFINITIONAL_REPRESENTATION('',(#446),#450);
#446 = LINE('',#447,#448);
#447 = CARTESIAN_POINT('',(-12.,23.25));
#448 = VECTOR('',#449,1.);
#449 = DIRECTION('',(0.,1.));
#450 = ( GEOMETRIC_REPRESENTATION_CONTEXT(2) 
PARAMETRIC_REPRESENTATION_CONTEXT() REPRESENTATION_CONTEXT('2D SPACE',''
  ) );
#451 = PCURVE('',#452,#457);
#452 = PLANE('',#453);
#453 = AXIS2_PLACEMENT_3D('',#454,#455,#456);
#454 = CARTESIAN_POINT('',(130.5,15.,-42.));
#455 = DIRECTION('',(0.,0.,-1.));
#456 = DIRECTION('',(-1.,0.,0.));
#457 = DEFINITIONAL_REPRESENTATION('',(#458),#462);
#458 = LINE('',#459,#460);
#459 = CARTESIAN_POINT('',(23.25,0.));
#460 = VECTOR('',#461,1.);
#461 = DIRECTION('',(-1.,0.));
#462 = ( GEOMETRIC_REPRESENTATION_CONTEXT(2) 
PARAMETRIC_REPRESENTATION_CONTEXT() REPRESENTATION_CONTEXT('2D SPACE',''
  ) );
#463 = FACE_BOUND('',#464,.T.);
#464 = EDGE_LOOP('',(#465));
#465 = ORIENTED_EDGE('',*,*,#79,.T.);
#466 = FACE_BOUND('',#467,.T.);
#467 = EDGE_LOOP('',(#468));
#468 = ORIENTED_EDGE('',*,*,#469,.T.);
#469 = EDGE_CURVE('',#470,#470,#472,.T.);
#470 = VERTEX_POINT('',#471);
#471 = CARTESIAN_POINT('',(22.5,15.,-30.));
#472 = SURFACE_CURVE('',#473,(#478,#489),.PCURVE_S1.);
#473 = CIRCLE('',#474,7.5);
#474 = AXIS2_PLACEMENT_3D('',#475,#476,#477);
#475 = CARTESIAN_POINT('',(15.,15.,-30.));
#476 = DIRECTION('',(0.,-1.,0.));
#477 = DIRECTION('',(-1.,0.,0.));
#478 = PCURVE('',#94,#479);
#479 = DEFINITIONAL_REPRESENTATION('',(#480),#488);
#480 = ( BOUNDED_CURVE() B_SPLINE_CURVE(2,(#481,#482,#483,#484,#485,#486
,#487),.UNSPECIFIED.,.T.,.F.) B_SPLINE_CURVE_WITH_KNOTS((1,2,2,2,2,1),(
    -2.094395102393,0.,2.094395102393,4.188790204786,6.28318530718,
8.377580409573),.UNSPECIFIED.) CURVE() GEOMETRIC_REPRESENTATION_ITEM() 
RATIONAL_B_SPLINE_CURVE((1.,0.5,1.,0.5,1.,0.5,1.)) REPRESENTATION_ITEM(
  '') );
#481 = CARTESIAN_POINT('',(0.,-76.5));
#482 = CARTESIAN_POINT('',(-12.99038105676,-76.5));
#483 = CARTESIAN_POINT('',(-6.495190528383,-65.25));
#484 = CARTESIAN_POINT('',(-1.836970198721E-15,-54.));
#485 = CARTESIAN_POINT('',(6.495190528383,-65.25));
#486 = CARTESIAN_POINT('',(12.990381056767,-76.5));
#487 = CARTESIAN_POINT('',(0.,-76.5));
#488 = ( GEOMETRIC_REPRESENTATION_CONTEXT(2) 
PARAMETRIC_REPRESENTATION_CONTEXT() REPRESENTATION_CONTEXT('2D SPACE',''
  ) );
#489 = PCURVE('',#490,#495);
#490 = CYLINDRICAL_SURFACE('',#491,7.5);
#491 = AXIS2_PLACEMENT_3D('',#492,#493,#494);
#492 = CARTESIAN_POINT('',(15.,15.,-30.));
#493 = DIRECTION('',(0.,-1.,0.));
#494 = DIRECTION('',(-1.,0.,0.));
#495 = DEFINITIONAL_REPRESENTATION('',(#496),#500);
#496 = LINE('',#497,#498);
#497 = CARTESIAN_POINT('',(0.,0.));
#498 = VECTOR('',#499,1.);
#499 = DIRECTION('',(1.,0.));
#500 = ( GEOMETRIC_REPRESENTATION_CONTEXT(2) 
PARAMETRIC_REPRESENTATION_CONTEXT() REPRESENTATION_CONTEXT('2D SPACE',''
  ) );
#501 = ADVANCED_FACE('',(#502),#490,.F.);
#502 = FACE_BOUND('',#503,.F.);
#503 = EDGE_LOOP('',(#504,#527,#549,#550));
#504 = ORIENTED_EDGE('',*,*,#505,.T.);
#505 = EDGE_CURVE('',#470,#506,#508,.T.);
#506 = VERTEX_POINT('',#507);
#507 = CARTESIAN_POINT('',(22.5,0.,-30.));
#508 = SEAM_CURVE('',#509,(#513,#520),.PCURVE_S1.);
#509 = LINE('',#510,#511);
#510 = CARTESIAN_POINT('',(22.5,15.,-30.));
#511 = VECTOR('',#512,1.);
#512 = DIRECTION('',(0.,-1.,0.));
#513 = PCURVE('',#490,#514);
#514 = DEFINITIONAL_REPRESENTATION('',(#515),#519);
#515 = LINE('',#516,#517);
#516 = CARTESIAN_POINT('',(9.424777960769,0.));
#517 = VECTOR('',#518,1.);
#518 = DIRECTION('',(0.,1.));
#519 = ( GEOMETRIC_REPRESENTATION_CONTEXT(2) 
PARAMETRIC_REPRESENTATION_CONTEXT() REPRESENTATION_CONTEXT('2D SPACE',''
  ) );
#520 = PCURVE('',#490,#521);
#521 = DEFINITIONAL_REPRESENTATION('',(#522),#526);
#522 = LINE('',#523,#524);
#523 = CARTESIAN_POINT('',(3.14159265359,0.));
#524 = VECTOR('',#525,1.);
#525 = DIRECTION('',(0.,1.));
#526 = ( GEOMETRIC_REPRESENTATION_CONTEXT(2) 
PARAMETRIC_REPRESENTATION_CONTEXT() REPRESENTATION_CONTEXT('2D SPACE',''
  ) );
#527 = ORIENTED_EDGE('',*,*,#528,.T.);
#528 = EDGE_CURVE('',#506,#506,#529,.T.);
#529 = SURFACE_CURVE('',#530,(#535,#542),.PCURVE_S1.);
#530 = CIRCLE('',#531,7.5);
#531 = AXIS2_PLACEMENT_3D('',#532,#533,#534);
#532 = CARTESIAN_POINT('',(15.,0.,-30.));
#533 = DIRECTION('',(0.,1.,0.));
#534 = DIRECTION('',(-1.,0.,0.));
#535 = PCURVE('',#490,#536);
#536 = DEFINITIONAL_REPRESENTATION('',(#537),#541);
#537 = LINE('',#538,#539);
#538 = CARTESIAN_POINT('',(12.566370614359,15.));
#539 = VECTOR('',#540,1.);
#540 = DIRECTION('',(-1.,0.));
#541 = ( GEOMETRIC_REPRESENTATION_CONTEXT(2) 
PARAMETRIC_REPRESENTATION_CONTEXT() REPRESENTATION_CONTEXT('2D SPACE',''
  ) );
#542 = PCURVE('',#66,#543);
#543 = DEFINITIONAL_REPRESENTATION('',(#544),#548);
#544 = CIRCLE('',#545,7.5);
#545 = AXIS2_PLACEMENT_2D('',#546,#547);
#546 = CARTESIAN_POINT('',(-69.,0.));
#547 = DIRECTION('',(-1.,0.));
#548 = ( GEOMETRIC_REPRESENTATION_CONTEXT(2) 
PARAMETRIC_REPRESENTATION_CONTEXT() REPRESENTATION_CONTEXT('2D SPACE',''
  ) );
#549 = ORIENTED_EDGE('',*,*,#505,.F.);
#550 = ORIENTED_EDGE('',*,*,#469,.T.);
#551 = ADVANCED_FACE('',(#552,#1043),#452,.T.);
#552 = FACE_BOUND('',#553,.T.);
#553 = EDGE_LOOP('',(#554,#584,#612,#645,#674,#702,#724,#725,#749,#777,
    #805,#833,#866,#894,#927,#960,#988,#1017));
#554 = ORIENTED_EDGE('',*,*,#555,.F.);
#555 = EDGE_CURVE('',#556,#558,#560,.T.);
#556 = VERTEX_POINT('',#557);
#557 = CARTESIAN_POINT('',(97.5,156.,-42.));
#558 = VERTEX_POINT('',#559);
#559 = CARTESIAN_POINT('',(37.5,156.,-42.));
#560 = SURFACE_CURVE('',#561,(#565,#572),.PCURVE_S1.);
#561 = LINE('',#562,#563);
#562 = CARTESIAN_POINT('',(99.,156.,-42.));
#563 = VECTOR('',#564,1.);
#564 = DIRECTION('',(-1.,0.,0.));
#565 = PCURVE('',#452,#566);
#566 = DEFINITIONAL_REPRESENTATION('',(#567),#571);
#567 = LINE('',#568,#569);
#568 = CARTESIAN_POINT('',(31.5,141.));
#569 = VECTOR('',#570,1.);
#570 = DIRECTION('',(1.,0.));
#571 = ( GEOMETRIC_REPRESENTATION_CONTEXT(2) 
PARAMETRIC_REPRESENTATION_CONTEXT() REPRESENTATION_CONTEXT('2D SPACE',''
  ) );
#572 = PCURVE('',#573,#578);
#573 = CYLINDRICAL_SURFACE('',#574,6.);
#574 = AXIS2_PLACEMENT_3D('',#575,#576,#577);
#575 = CARTESIAN_POINT('',(99.,156.,-36.));
#576 = DIRECTION('',(-1.,0.,0.));
#577 = DIRECTION('',(0.,0.707106781187,-0.707106781187));
#578 = DEFINITIONAL_REPRESENTATION('',(#579),#583);
#579 = LINE('',#580,#581);
#580 = CARTESIAN_POINT('',(7.068583470577,0.));
#581 = VECTOR('',#582,1.);
#582 = DIRECTION('',(0.,1.));
#583 = ( GEOMETRIC_REPRESENTATION_CONTEXT(2) 
PARAMETRIC_REPRESENTATION_CONTEXT() REPRESENTATION_CONTEXT('2D SPACE',''
  ) );
#584 = ORIENTED_EDGE('',*,*,#585,.T.);
#585 = EDGE_CURVE('',#556,#586,#588,.T.);
#586 = VERTEX_POINT('',#587);
#587 = CARTESIAN_POINT('',(97.5,111.31160097069,-42.));
#588 = SURFACE_CURVE('',#589,(#593,#600),.PCURVE_S1.);
#589 = LINE('',#590,#591);
#590 = CARTESIAN_POINT('',(97.5,63.155800485347,-42.));
#591 = VECTOR('',#592,1.);
#592 = DIRECTION('',(0.,-1.,0.));
#593 = PCURVE('',#452,#594);
#594 = DEFINITIONAL_REPRESENTATION('',(#595),#599);
#595 = LINE('',#596,#597);
#596 = CARTESIAN_POINT('',(33.,48.155800485347));
#597 = VECTOR('',#598,1.);
#598 = DIRECTION('',(0.,-1.));
#599 = ( GEOMETRIC_REPRESENTATION_CONTEXT(2) 
PARAMETRIC_REPRESENTATION_CONTEXT() REPRESENTATION_CONTEXT('2D SPACE',''
  ) );
#600 = PCURVE('',#601,#606);
#601 = PLANE('',#602);
#602 = AXIS2_PLACEMENT_3D('',#603,#604,#605);
#603 = CARTESIAN_POINT('',(97.5,111.31160097069,0.));
#604 = DIRECTION('',(-1.,0.,0.));
#605 = DIRECTION('',(0.,1.,0.));
#606 = DEFINITIONAL_REPRESENTATION('',(#607),#611);
#607 = LINE('',#608,#609);
#608 = CARTESIAN_POINT('',(-48.15580048534,42.));
#609 = VECTOR('',#610,1.);
#610 = DIRECTION('',(-1.,0.));
#611 = ( GEOMETRIC_REPRESENTATION_CONTEXT(2) 
PARAMETRIC_REPRESENTATION_CONTEXT() REPRESENTATION_CONTEXT('2D SPACE',''
  ) );
#612 = ORIENTED_EDGE('',*,*,#613,.T.);
#613 = EDGE_CURVE('',#586,#614,#616,.T.);
#614 = VERTEX_POINT('',#615);
#615 = CARTESIAN_POINT('',(102.675,103.16486082509,-42.));
#616 = SURFACE_CURVE('',#617,(#622,#633),.PCURVE_S1.);
#617 = CIRCLE('',#618,9.);
#618 = AXIS2_PLACEMENT_3D('',#619,#620,#621);
#619 = CARTESIAN_POINT('',(106.5,111.31160097069,-42.));
#620 = DIRECTION('',(0.,0.,1.));
#621 = DIRECTION('',(-1.,1.973729821556E-15,0.));
#622 = PCURVE('',#452,#623);
#623 = DEFINITIONAL_REPRESENTATION('',(#624),#632);
#624 = ( BOUNDED_CURVE() B_SPLINE_CURVE(2,(#625,#626,#627,#628,#629,#630
,#631),.UNSPECIFIED.,.T.,.F.) B_SPLINE_CURVE_WITH_KNOTS((1,2,2,2,2,1),(
    -2.094395102393,0.,2.094395102393,4.188790204786,6.28318530718,
8.377580409573),.UNSPECIFIED.) CURVE() GEOMETRIC_REPRESENTATION_ITEM() 
RATIONAL_B_SPLINE_CURVE((1.,0.5,1.,0.5,1.,0.5,1.)) REPRESENTATION_ITEM(
  '') );
#625 = CARTESIAN_POINT('',(33.,96.311600970695));
#626 = CARTESIAN_POINT('',(33.,80.723143702575));
#627 = CARTESIAN_POINT('',(19.5,88.517372336635));
#628 = CARTESIAN_POINT('',(6.,96.311600970695));
#629 = CARTESIAN_POINT('',(19.5,104.10582960475));
#630 = CARTESIAN_POINT('',(33.,111.90005823881));
#631 = CARTESIAN_POINT('',(33.,96.311600970695));
#632 = ( GEOMETRIC_REPRESENTATION_CONTEXT(2) 
PARAMETRIC_REPRESENTATION_CONTEXT() REPRESENTATION_CONTEXT('2D SPACE',''
  ) );
#633 = PCURVE('',#634,#639);
#634 = CYLINDRICAL_SURFACE('',#635,9.);
#635 = AXIS2_PLACEMENT_3D('',#636,#637,#638);
#636 = CARTESIAN_POINT('',(106.5,111.31160097069,0.));
#637 = DIRECTION('',(0.,0.,-1.));
#638 = DIRECTION('',(-1.,1.973729821556E-15,0.));
#639 = DEFINITIONAL_REPRESENTATION('',(#640),#644);
#640 = LINE('',#641,#642);
#641 = CARTESIAN_POINT('',(6.28318530718,42.));
#642 = VECTOR('',#643,1.);
#643 = DIRECTION('',(-1.,0.));
#644 = ( GEOMETRIC_REPRESENTATION_CONTEXT(2) 
PARAMETRIC_REPRESENTATION_CONTEXT() REPRESENTATION_CONTEXT('2D SPACE',''
  ) );
#645 = ORIENTED_EDGE('',*,*,#646,.T.);
#646 = EDGE_CURVE('',#614,#647,#649,.T.);
#647 = VERTEX_POINT('',#648);
#648 = CARTESIAN_POINT('',(130.5,69.278029157809,-42.));
#649 = SURFACE_CURVE('',#650,(#655,#662),.PCURVE_S1.);
#650 = CIRCLE('',#651,51.);
#651 = AXIS2_PLACEMENT_3D('',#652,#653,#654);
#652 = CARTESIAN_POINT('',(81.,57.,-42.));
#653 = DIRECTION('',(0.,0.,-1.));
#654 = DIRECTION('',(0.970588235294,0.240745669761,0.));
#655 = PCURVE('',#452,#656);
#656 = DEFINITIONAL_REPRESENTATION('',(#657),#661);
#657 = CIRCLE('',#658,51.);
#658 = AXIS2_PLACEMENT_2D('',#659,#660);
#659 = CARTESIAN_POINT('',(49.5,42.));
#660 = DIRECTION('',(-0.970588235294,0.240745669761));
#661 = ( GEOMETRIC_REPRESENTATION_CONTEXT(2) 
PARAMETRIC_REPRESENTATION_CONTEXT() REPRESENTATION_CONTEXT('2D SPACE',''
  ) );
#662 = PCURVE('',#663,#668);
#663 = CYLINDRICAL_SURFACE('',#664,51.);
#664 = AXIS2_PLACEMENT_3D('',#665,#666,#667);
#665 = CARTESIAN_POINT('',(81.,57.,0.));
#666 = DIRECTION('',(0.,0.,-1.));
#667 = DIRECTION('',(0.970588235294,0.240745669761,0.));
#668 = DEFINITIONAL_REPRESENTATION('',(#669),#673);
#669 = LINE('',#670,#671);
#670 = CARTESIAN_POINT('',(0.,42.));
#671 = VECTOR('',#672,1.);
#672 = DIRECTION('',(1.,0.));
#673 = ( GEOMETRIC_REPRESENTATION_CONTEXT(2) 
PARAMETRIC_REPRESENTATION_CONTEXT() REPRESENTATION_CONTEXT('2D SPACE',''
  ) );
#674 = ORIENTED_EDGE('',*,*,#675,.F.);
#675 = EDGE_CURVE('',#676,#647,#678,.T.);
#676 = VERTEX_POINT('',#677);
#677 = CARTESIAN_POINT('',(130.5,19.,-42.));
#678 = SURFACE_CURVE('',#679,(#683,#690),.PCURVE_S1.);
#679 = LINE('',#680,#681);
#680 = CARTESIAN_POINT('',(130.5,15.,-42.));
#681 = VECTOR('',#682,1.);
#682 = DIRECTION('',(0.,1.,0.));
#683 = PCURVE('',#452,#684);
#684 = DEFINITIONAL_REPRESENTATION('',(#685),#689);
#685 = LINE('',#686,#687);
#686 = CARTESIAN_POINT('',(0.,0.));
#687 = VECTOR('',#688,1.);
#688 = DIRECTION('',(0.,1.));
#689 = ( GEOMETRIC_REPRESENTATION_CONTEXT(2) 
PARAMETRIC_REPRESENTATION_CONTEXT() REPRESENTATION_CONTEXT('2D SPACE',''
  ) );
#690 = PCURVE('',#691,#696);
#691 = PLANE('',#692);
#692 = AXIS2_PLACEMENT_3D('',#693,#694,#695);
#693 = CARTESIAN_POINT('',(130.5,15.,0.));
#694 = DIRECTION('',(1.,0.,0.));
#695 = DIRECTION('',(0.,0.,-1.));
#696 = DEFINITIONAL_REPRESENTATION('',(#697),#701);
#697 = LINE('',#698,#699);
#698 = CARTESIAN_POINT('',(42.,0.));
#699 = VECTOR('',#700,1.);
#700 = DIRECTION('',(0.,1.));
#701 = ( GEOMETRIC_REPRESENTATION_CONTEXT(2) 
PARAMETRIC_REPRESENTATION_CONTEXT() REPRESENTATION_CONTEXT('2D SPACE',''
  ) );
#702 = ORIENTED_EDGE('',*,*,#703,.F.);
#703 = EDGE_CURVE('',#116,#676,#704,.T.);
#704 = SURFACE_CURVE('',#705,(#710,#717),.PCURVE_S1.);
#705 = CIRCLE('',#706,4.);
#706 = AXIS2_PLACEMENT_3D('',#707,#708,#709);
#707 = CARTESIAN_POINT('',(134.5,19.,-42.));
#708 = DIRECTION('',(0.,0.,-1.));
#709 = DIRECTION('',(-0.707106781187,-0.707106781187,-0.));
#710 = PCURVE('',#452,#711);
#711 = DEFINITIONAL_REPRESENTATION('',(#712),#716);
#712 = CIRCLE('',#713,4.);
#713 = AXIS2_PLACEMENT_2D('',#714,#715);
#714 = CARTESIAN_POINT('',(-4.,4.));
#715 = DIRECTION('',(0.707106781187,-0.707106781187));
#716 = ( GEOMETRIC_REPRESENTATION_CONTEXT(2) 
PARAMETRIC_REPRESENTATION_CONTEXT() REPRESENTATION_CONTEXT('2D SPACE',''
  ) );
#717 = PCURVE('',#131,#718);
#718 = DEFINITIONAL_REPRESENTATION('',(#719),#723);
#719 = LINE('',#720,#721);
#720 = CARTESIAN_POINT('',(6.28318530718,-27.));
#721 = VECTOR('',#722,1.);
#722 = DIRECTION('',(-1.,0.));
#723 = ( GEOMETRIC_REPRESENTATION_CONTEXT(2) 
PARAMETRIC_REPRESENTATION_CONTEXT() REPRESENTATION_CONTEXT('2D SPACE',''
  ) );
#724 = ORIENTED_EDGE('',*,*,#438,.F.);
#725 = ORIENTED_EDGE('',*,*,#726,.F.);
#726 = EDGE_CURVE('',#727,#411,#729,.T.);
#727 = VERTEX_POINT('',#728);
#728 = CARTESIAN_POINT('',(37.5,24.,-42.));
#729 = SURFACE_CURVE('',#730,(#735,#742),.PCURVE_S1.);
#730 = CIRCLE('',#731,9.);
#731 = AXIS2_PLACEMENT_3D('',#732,#733,#734);
#732 = CARTESIAN_POINT('',(28.5,24.,-42.));
#733 = DIRECTION('',(0.,0.,-1.));
#734 = DIRECTION('',(0.707106781187,-0.707106781187,0.));
#735 = PCURVE('',#452,#736);
#736 = DEFINITIONAL_REPRESENTATION('',(#737),#741);
#737 = CIRCLE('',#738,9.);
#738 = AXIS2_PLACEMENT_2D('',#739,#740);
#739 = CARTESIAN_POINT('',(102.,9.));
#740 = DIRECTION('',(-0.707106781187,-0.707106781187));
#741 = ( GEOMETRIC_REPRESENTATION_CONTEXT(2) 
PARAMETRIC_REPRESENTATION_CONTEXT() REPRESENTATION_CONTEXT('2D SPACE',''
  ) );
#742 = PCURVE('',#426,#743);
#743 = DEFINITIONAL_REPRESENTATION('',(#744),#748);
#744 = LINE('',#745,#746);
#745 = CARTESIAN_POINT('',(0.,6.));
#746 = VECTOR('',#747,1.);
#747 = DIRECTION('',(1.,-4.52345554697E-15));
#748 = ( GEOMETRIC_REPRESENTATION_CONTEXT(2) 
PARAMETRIC_REPRESENTATION_CONTEXT() REPRESENTATION_CONTEXT('2D SPACE',''
  ) );
#749 = ORIENTED_EDGE('',*,*,#750,.T.);
#750 = EDGE_CURVE('',#727,#751,#753,.T.);
#751 = VERTEX_POINT('',#752);
#752 = CARTESIAN_POINT('',(37.5,45.,-42.));
#753 = SURFACE_CURVE('',#754,(#758,#765),.PCURVE_S1.);
#754 = LINE('',#755,#756);
#755 = CARTESIAN_POINT('',(37.5,15.,-42.));
#756 = VECTOR('',#757,1.);
#757 = DIRECTION('',(0.,1.,0.));
#758 = PCURVE('',#452,#759);
#759 = DEFINITIONAL_REPRESENTATION('',(#760),#764);
#760 = LINE('',#761,#762);
#761 = CARTESIAN_POINT('',(93.,0.));
#762 = VECTOR('',#763,1.);
#763 = DIRECTION('',(0.,1.));
#764 = ( GEOMETRIC_REPRESENTATION_CONTEXT(2) 
PARAMETRIC_REPRESENTATION_CONTEXT() REPRESENTATION_CONTEXT('2D SPACE',''
  ) );
#765 = PCURVE('',#766,#771);
#766 = PLANE('',#767);
#767 = AXIS2_PLACEMENT_3D('',#768,#769,#770);
#768 = CARTESIAN_POINT('',(37.5,15.,-42.));
#769 = DIRECTION('',(-1.,0.,-1.057355261548E-16));
#770 = DIRECTION('',(-1.057355261548E-16,0.,1.));
#771 = DEFINITIONAL_REPRESENTATION('',(#772),#776);
#772 = LINE('',#773,#774);
#773 = CARTESIAN_POINT('',(0.,0.));
#774 = VECTOR('',#775,1.);
#775 = DIRECTION('',(0.,1.));
#776 = ( GEOMETRIC_REPRESENTATION_CONTEXT(2) 
PARAMETRIC_REPRESENTATION_CONTEXT() REPRESENTATION_CONTEXT('2D SPACE',''
  ) );
#777 = ORIENTED_EDGE('',*,*,#778,.T.);
#778 = EDGE_CURVE('',#751,#779,#781,.T.);
#779 = VERTEX_POINT('',#780);
#780 = CARTESIAN_POINT('',(46.5,45.,-42.));
#781 = SURFACE_CURVE('',#782,(#786,#793),.PCURVE_S1.);
#782 = LINE('',#783,#784);
#783 = CARTESIAN_POINT('',(88.5,45.,-42.));
#784 = VECTOR('',#785,1.);
#785 = DIRECTION('',(1.,0.,0.));
#786 = PCURVE('',#452,#787);
#787 = DEFINITIONAL_REPRESENTATION('',(#788),#792);
#788 = LINE('',#789,#790);
#789 = CARTESIAN_POINT('',(42.,30.));
#790 = VECTOR('',#791,1.);
#791 = DIRECTION('',(-1.,0.));
#792 = ( GEOMETRIC_REPRESENTATION_CONTEXT(2) 
PARAMETRIC_REPRESENTATION_CONTEXT() REPRESENTATION_CONTEXT('2D SPACE',''
  ) );
#793 = PCURVE('',#794,#799);
#794 = PLANE('',#795);
#795 = AXIS2_PLACEMENT_3D('',#796,#797,#798);
#796 = CARTESIAN_POINT('',(46.5,45.,0.));
#797 = DIRECTION('',(0.,-1.,0.));
#798 = DIRECTION('',(-1.,0.,0.));
#799 = DEFINITIONAL_REPRESENTATION('',(#800),#804);
#800 = LINE('',#801,#802);
#801 = CARTESIAN_POINT('',(-42.,42.));
#802 = VECTOR('',#803,1.);
#803 = DIRECTION('',(-1.,-0.));
#804 = ( GEOMETRIC_REPRESENTATION_CONTEXT(2) 
PARAMETRIC_REPRESENTATION_CONTEXT() REPRESENTATION_CONTEXT('2D SPACE',''
  ) );
#805 = ORIENTED_EDGE('',*,*,#806,.T.);
#806 = EDGE_CURVE('',#779,#807,#809,.T.);
#807 = VERTEX_POINT('',#808);
#808 = CARTESIAN_POINT('',(63.772029585268,32.674133133705,-42.));
#809 = SURFACE_CURVE('',#810,(#814,#821),.PCURVE_S1.);
#810 = LINE('',#811,#812);
#811 = CARTESIAN_POINT('',(90.056519644259,13.91668928403,-42.));
#812 = VECTOR('',#813,1.);
#813 = DIRECTION('',(0.813985207366,-0.580885601637,0.));
#814 = PCURVE('',#452,#815);
#815 = DEFINITIONAL_REPRESENTATION('',(#816),#820);
#816 = LINE('',#817,#818);
#817 = CARTESIAN_POINT('',(40.443480355741,-1.08331071597));
#818 = VECTOR('',#819,1.);
#819 = DIRECTION('',(-0.813985207366,-0.580885601637));
#820 = ( GEOMETRIC_REPRESENTATION_CONTEXT(2) 
PARAMETRIC_REPRESENTATION_CONTEXT() REPRESENTATION_CONTEXT('2D SPACE',''
  ) );
#821 = PCURVE('',#822,#827);
#822 = PLANE('',#823);
#823 = AXIS2_PLACEMENT_3D('',#824,#825,#826);
#824 = CARTESIAN_POINT('',(63.772029585268,32.674133133705,0.));
#825 = DIRECTION('',(-0.580885601637,-0.813985207366,0.));
#826 = DIRECTION('',(-0.813985207366,0.580885601637,0.));
#827 = DEFINITIONAL_REPRESENTATION('',(#828),#832);
#828 = LINE('',#829,#830);
#829 = CARTESIAN_POINT('',(-32.29111514697,42.));
#830 = VECTOR('',#831,1.);
#831 = DIRECTION('',(-1.,-0.));
#832 = ( GEOMETRIC_REPRESENTATION_CONTEXT(2) 
PARAMETRIC_REPRESENTATION_CONTEXT() REPRESENTATION_CONTEXT('2D SPACE',''
  ) );
#833 = ORIENTED_EDGE('',*,*,#834,.T.);
#834 = EDGE_CURVE('',#807,#835,#837,.T.);
#835 = VERTEX_POINT('',#836);
#836 = CARTESIAN_POINT('',(74.546394116851,32.912157429756,-42.));
#837 = SURFACE_CURVE('',#838,(#843,#854),.PCURVE_S1.);
#838 = CIRCLE('',#839,9.);
#839 = AXIS2_PLACEMENT_3D('',#840,#841,#842);
#840 = CARTESIAN_POINT('',(69.,40.,-42.));
#841 = DIRECTION('',(0.,0.,1.));
#842 = DIRECTION('',(-0.580885601637,-0.813985207366,0.));
#843 = PCURVE('',#452,#844);
#844 = DEFINITIONAL_REPRESENTATION('',(#845),#853);
#845 = ( BOUNDED_CURVE() B_SPLINE_CURVE(2,(#846,#847,#848,#849,#850,#851
,#852),.UNSPECIFIED.,.T.,.F.) B_SPLINE_CURVE_WITH_KNOTS((1,2,2,2,2,1),(
    -2.094395102393,0.,2.094395102393,4.188790204786,6.28318530718,
8.377580409573),.UNSPECIFIED.) CURVE() GEOMETRIC_REPRESENTATION_ITEM() 
RATIONAL_B_SPLINE_CURVE((1.,0.5,1.,0.5,1.,0.5,1.)) REPRESENTATION_ITEM(
  '') );
#846 = CARTESIAN_POINT('',(66.727970414732,17.674133133705));
#847 = CARTESIAN_POINT('',(54.039196792823,8.619022754921));
#848 = CARTESIAN_POINT('',(52.541627981679,24.135378243756));
#849 = CARTESIAN_POINT('',(51.044059170535,39.651733732591));
#850 = CARTESIAN_POINT('',(65.230401603588,33.190488622539));
#851 = CARTESIAN_POINT('',(79.416744036641,26.729243512488));
#852 = CARTESIAN_POINT('',(66.727970414732,17.674133133705));
#853 = ( GEOMETRIC_REPRESENTATION_CONTEXT(2) 
PARAMETRIC_REPRESENTATION_CONTEXT() REPRESENTATION_CONTEXT('2D SPACE',''
  ) );
#854 = PCURVE('',#855,#860);
#855 = CYLINDRICAL_SURFACE('',#856,9.);
#856 = AXIS2_PLACEMENT_3D('',#857,#858,#859);
#857 = CARTESIAN_POINT('',(69.,40.,0.));
#858 = DIRECTION('',(0.,0.,-1.));
#859 = DIRECTION('',(-0.580885601637,-0.813985207366,-0.));
#860 = DEFINITIONAL_REPRESENTATION('',(#861),#865);
#861 = LINE('',#862,#863);
#862 = CARTESIAN_POINT('',(6.28318530718,42.));
#863 = VECTOR('',#864,1.);
#864 = DIRECTION('',(-1.,0.));
#865 = ( GEOMETRIC_REPRESENTATION_CONTEXT(2) 
PARAMETRIC_REPRESENTATION_CONTEXT() REPRESENTATION_CONTEXT('2D SPACE',''
  ) );
#866 = ORIENTED_EDGE('',*,*,#867,.T.);
#867 = EDGE_CURVE('',#835,#868,#870,.T.);
#868 = VERTEX_POINT('',#869);
#869 = CARTESIAN_POINT('',(90.239625250156,45.183514683431,-42.));
#870 = SURFACE_CURVE('',#871,(#875,#882),.PCURVE_S1.);
#871 = LINE('',#872,#873);
#872 = CARTESIAN_POINT('',(95.408359918398,49.225218340548,-42.));
#873 = VECTOR('',#874,1.);
#874 = DIRECTION('',(0.787755920666,0.615987507549,0.));
#875 = PCURVE('',#452,#876);
#876 = DEFINITIONAL_REPRESENTATION('',(#877),#881);
#877 = LINE('',#878,#879);
#878 = CARTESIAN_POINT('',(35.091640081602,34.225218340548));
#879 = VECTOR('',#880,1.);
#880 = DIRECTION('',(-0.787755920666,0.615987507549));
#881 = ( GEOMETRIC_REPRESENTATION_CONTEXT(2) 
PARAMETRIC_REPRESENTATION_CONTEXT() REPRESENTATION_CONTEXT('2D SPACE',''
  ) );
#882 = PCURVE('',#883,#888);
#883 = PLANE('',#884);
#884 = AXIS2_PLACEMENT_3D('',#885,#886,#887);
#885 = CARTESIAN_POINT('',(90.239625250156,45.183514683431,0.));
#886 = DIRECTION('',(0.615987507549,-0.787755920666,0.));
#887 = DIRECTION('',(-0.787755920666,-0.615987507549,0.));
#888 = DEFINITIONAL_REPRESENTATION('',(#889),#893);
#889 = LINE('',#890,#891);
#890 = CARTESIAN_POINT('',(-6.561340299256,42.));
#891 = VECTOR('',#892,1.);
#892 = DIRECTION('',(-1.,0.));
#893 = ( GEOMETRIC_REPRESENTATION_CONTEXT(2) 
PARAMETRIC_REPRESENTATION_CONTEXT() REPRESENTATION_CONTEXT('2D SPACE',''
  ) );
#894 = ORIENTED_EDGE('',*,*,#895,.T.);
#895 = EDGE_CURVE('',#868,#896,#898,.T.);
#896 = VERTEX_POINT('',#897);
#897 = CARTESIAN_POINT('',(96.,57.,-42.));
#898 = SURFACE_CURVE('',#899,(#904,#915),.PCURVE_S1.);
#899 = CIRCLE('',#900,15.);
#900 = AXIS2_PLACEMENT_3D('',#901,#902,#903);
#901 = CARTESIAN_POINT('',(81.,57.,-42.));
#902 = DIRECTION('',(0.,0.,1.));
#903 = DIRECTION('',(0.615975016677,-0.787765687771,0.));
#904 = PCURVE('',#452,#905);
#905 = DEFINITIONAL_REPRESENTATION('',(#906),#914);
#906 = ( BOUNDED_CURVE() B_SPLINE_CURVE(2,(#907,#908,#909,#910,#911,#912
,#913),.UNSPECIFIED.,.T.,.F.) B_SPLINE_CURVE_WITH_KNOTS((1,2,2,2,2,1),(
    -2.094395102393,0.,2.094395102393,4.188790204786,6.28318530718,
8.377580409573),.UNSPECIFIED.) CURVE() GEOMETRIC_REPRESENTATION_ITEM() 
RATIONAL_B_SPLINE_CURVE((1.,0.5,1.,0.5,1.,0.5,1.)) REPRESENTATION_ITEM(
  '') );
#907 = CARTESIAN_POINT('',(40.260374749844,30.183514683431));
#908 = CARTESIAN_POINT('',(19.793621814656,46.187015059598));
#909 = CARTESIAN_POINT('',(43.886436157484,55.909992846368));
#910 = CARTESIAN_POINT('',(67.979250500312,65.632970633137));
#911 = CARTESIAN_POINT('',(64.353189092672,39.906492470201));
#912 = CARTESIAN_POINT('',(60.727127685033,14.180014307265));
#913 = CARTESIAN_POINT('',(40.260374749844,30.183514683431));
#914 = ( GEOMETRIC_REPRESENTATION_CONTEXT(2) 
PARAMETRIC_REPRESENTATION_CONTEXT() REPRESENTATION_CONTEXT('2D SPACE',''
  ) );
#915 = PCURVE('',#916,#921);
#916 = CYLINDRICAL_SURFACE('',#917,15.);
#917 = AXIS2_PLACEMENT_3D('',#918,#919,#920);
#918 = CARTESIAN_POINT('',(81.,57.,0.));
#919 = DIRECTION('',(0.,0.,-1.));
#920 = DIRECTION('',(0.615975016677,-0.787765687771,0.));
#921 = DEFINITIONAL_REPRESENTATION('',(#922),#926);
#922 = LINE('',#923,#924);
#923 = CARTESIAN_POINT('',(6.28318530718,42.));
#924 = VECTOR('',#925,1.);
#925 = DIRECTION('',(-1.,0.));
#926 = ( GEOMETRIC_REPRESENTATION_CONTEXT(2) 
PARAMETRIC_REPRESENTATION_CONTEXT() REPRESENTATION_CONTEXT('2D SPACE',''
  ) );
#927 = ORIENTED_EDGE('',*,*,#928,.T.);
#928 = EDGE_CURVE('',#896,#929,#931,.T.);
#929 = VERTEX_POINT('',#930);
#930 = CARTESIAN_POINT('',(69.,84.,-42.));
#931 = SURFACE_CURVE('',#932,(#937,#948),.PCURVE_S1.);
#932 = CIRCLE('',#933,27.);
#933 = AXIS2_PLACEMENT_3D('',#934,#935,#936);
#934 = CARTESIAN_POINT('',(69.,57.,-42.));
#935 = DIRECTION('',(0.,0.,1.));
#936 = DIRECTION('',(1.,6.579099405186E-16,-0.));
#937 = PCURVE('',#452,#938);
#938 = DEFINITIONAL_REPRESENTATION('',(#939),#947);
#939 = ( BOUNDED_CURVE() B_SPLINE_CURVE(2,(#940,#941,#942,#943,#944,#945
,#946),.UNSPECIFIED.,.T.,.F.) B_SPLINE_CURVE_WITH_KNOTS((1,2,2,2,2,1),(
    -2.094395102393,0.,2.094395102393,4.188790204786,6.28318530718,
8.377580409573),.UNSPECIFIED.) CURVE() GEOMETRIC_REPRESENTATION_ITEM() 
RATIONAL_B_SPLINE_CURVE((1.,0.5,1.,0.5,1.,0.5,1.)) REPRESENTATION_ITEM(
  '') );
#940 = CARTESIAN_POINT('',(34.5,42.));
#941 = CARTESIAN_POINT('',(34.5,88.76537180436));
#942 = CARTESIAN_POINT('',(75.,65.38268590218));
#943 = CARTESIAN_POINT('',(115.5,42.));
#944 = CARTESIAN_POINT('',(75.,18.61731409782));
#945 = CARTESIAN_POINT('',(34.5,-4.76537180436));
#946 = CARTESIAN_POINT('',(34.5,42.));
#947 = ( GEOMETRIC_REPRESENTATION_CONTEXT(2) 
PARAMETRIC_REPRESENTATION_CONTEXT() REPRESENTATION_CONTEXT('2D SPACE',''
  ) );
#948 = PCURVE('',#949,#954);
#949 = CYLINDRICAL_SURFACE('',#950,27.);
#950 = AXIS2_PLACEMENT_3D('',#951,#952,#953);
#951 = CARTESIAN_POINT('',(69.,57.,0.));
#952 = DIRECTION('',(0.,0.,-1.));
#953 = DIRECTION('',(1.,6.579099405186E-16,0.));
#954 = DEFINITIONAL_REPRESENTATION('',(#955),#959);
#955 = LINE('',#956,#957);
#956 = CARTESIAN_POINT('',(6.28318530718,42.));
#957 = VECTOR('',#958,1.);
#958 = DIRECTION('',(-1.,0.));
#959 = ( GEOMETRIC_REPRESENTATION_CONTEXT(2) 
PARAMETRIC_REPRESENTATION_CONTEXT() REPRESENTATION_CONTEXT('2D SPACE',''
  ) );
#960 = ORIENTED_EDGE('',*,*,#961,.T.);
#961 = EDGE_CURVE('',#929,#962,#964,.T.);
#962 = VERTEX_POINT('',#963);
#963 = CARTESIAN_POINT('',(46.5,84.,-42.));
#964 = SURFACE_CURVE('',#965,(#969,#976),.PCURVE_S1.);
#965 = LINE('',#966,#967);
#966 = CARTESIAN_POINT('',(88.5,84.,-42.));
#967 = VECTOR('',#968,1.);
#968 = DIRECTION('',(-1.,0.,0.));
#969 = PCURVE('',#452,#970);
#970 = DEFINITIONAL_REPRESENTATION('',(#971),#975);
#971 = LINE('',#972,#973);
#972 = CARTESIAN_POINT('',(42.,69.));
#973 = VECTOR('',#974,1.);
#974 = DIRECTION('',(1.,0.));
#975 = ( GEOMETRIC_REPRESENTATION_CONTEXT(2) 
PARAMETRIC_REPRESENTATION_CONTEXT() REPRESENTATION_CONTEXT('2D SPACE',''
  ) );
#976 = PCURVE('',#977,#982);
#977 = PLANE('',#978);
#978 = AXIS2_PLACEMENT_3D('',#979,#980,#981);
#979 = CARTESIAN_POINT('',(46.5,84.,0.));
#980 = DIRECTION('',(0.,1.,0.));
#981 = DIRECTION('',(1.,0.,0.));
#982 = DEFINITIONAL_REPRESENTATION('',(#983),#987);
#983 = LINE('',#984,#985);
#984 = CARTESIAN_POINT('',(42.,42.));
#985 = VECTOR('',#986,1.);
#986 = DIRECTION('',(-1.,0.));
#987 = ( GEOMETRIC_REPRESENTATION_CONTEXT(2) 
PARAMETRIC_REPRESENTATION_CONTEXT() REPRESENTATION_CONTEXT('2D SPACE',''
  ) );
#988 = ORIENTED_EDGE('',*,*,#989,.T.);
#989 = EDGE_CURVE('',#962,#990,#992,.T.);
#990 = VERTEX_POINT('',#991);
#991 = CARTESIAN_POINT('',(37.5,92.996133808522,-42.));
#992 = SURFACE_CURVE('',#993,(#998,#1005),.PCURVE_S1.);
#993 = CIRCLE('',#994,9.000002494454);
#994 = AXIS2_PLACEMENT_3D('',#995,#996,#997);
#995 = CARTESIAN_POINT('',(46.5,93.000002494454,-42.));
#996 = DIRECTION('',(0.,0.,-1.));
#997 = DIRECTION('',(-0.999999722838,7.445287257613E-04,0.));
#998 = PCURVE('',#452,#999);
#999 = DEFINITIONAL_REPRESENTATION('',(#1000),#1004);
#1000 = CIRCLE('',#1001,9.000002494454);
#1001 = AXIS2_PLACEMENT_2D('',#1002,#1003);
#1002 = CARTESIAN_POINT('',(84.,78.000002494454));
#1003 = DIRECTION('',(0.999999722838,7.445287257613E-04));
#1004 = ( GEOMETRIC_REPRESENTATION_CONTEXT(2) 
PARAMETRIC_REPRESENTATION_CONTEXT() REPRESENTATION_CONTEXT('2D SPACE',''
  ) );
#1005 = PCURVE('',#1006,#1011);
#1006 = CYLINDRICAL_SURFACE('',#1007,9.000002494454);
#1007 = AXIS2_PLACEMENT_3D('',#1008,#1009,#1010);
#1008 = CARTESIAN_POINT('',(46.5,93.000002494454,0.));
#1009 = DIRECTION('',(0.,0.,-1.));
#1010 = DIRECTION('',(-0.999999722838,7.445287257613E-04,0.));
#1011 = DEFINITIONAL_REPRESENTATION('',(#1012),#1016);
#1012 = LINE('',#1013,#1014);
#1013 = CARTESIAN_POINT('',(-8.881784197001E-16,42.));
#1014 = VECTOR('',#1015,1.);
#1015 = DIRECTION('',(1.,0.));
#1016 = ( GEOMETRIC_REPRESENTATION_CONTEXT(2) 
PARAMETRIC_REPRESENTATION_CONTEXT() REPRESENTATION_CONTEXT('2D SPACE',''
  ) );
#1017 = ORIENTED_EDGE('',*,*,#1018,.T.);
#1018 = EDGE_CURVE('',#990,#558,#1019,.T.);
#1019 = SURFACE_CURVE('',#1020,(#1024,#1031),.PCURVE_S1.);
#1020 = LINE('',#1021,#1022);
#1021 = CARTESIAN_POINT('',(37.5,15.,-42.));
#1022 = VECTOR('',#1023,1.);
#1023 = DIRECTION('',(0.,1.,0.));
#1024 = PCURVE('',#452,#1025);
#1025 = DEFINITIONAL_REPRESENTATION('',(#1026),#1030);
#1026 = LINE('',#1027,#1028);
#1027 = CARTESIAN_POINT('',(93.,0.));
#1028 = VECTOR('',#1029,1.);
#1029 = DIRECTION('',(0.,1.));
#1030 = ( GEOMETRIC_REPRESENTATION_CONTEXT(2) 
PARAMETRIC_REPRESENTATION_CONTEXT() REPRESENTATION_CONTEXT('2D SPACE',''
  ) );
#1031 = PCURVE('',#1032,#1037);
#1032 = PLANE('',#1033);
#1033 = AXIS2_PLACEMENT_3D('',#1034,#1035,#1036);
#1034 = CARTESIAN_POINT('',(37.5,15.,-42.));
#1035 = DIRECTION('',(-1.,0.,-1.057355261548E-16));
#1036 = DIRECTION('',(-1.057355261548E-16,0.,1.));
#1037 = DEFINITIONAL_REPRESENTATION('',(#1038),#1042);
#1038 = LINE('',#1039,#1040);
#1039 = CARTESIAN_POINT('',(0.,0.));
#1040 = VECTOR('',#1041,1.);
#1041 = DIRECTION('',(0.,1.));
#1042 = ( GEOMETRIC_REPRESENTATION_CONTEXT(2) 
PARAMETRIC_REPRESENTATION_CONTEXT() REPRESENTATION_CONTEXT('2D SPACE',''
  ) );
#1043 = FACE_BOUND('',#1044,.T.);
#1044 = EDGE_LOOP('',(#1045,#1075,#1108,#1136));
#1045 = ORIENTED_EDGE('',*,*,#1046,.T.);
#1046 = EDGE_CURVE('',#1047,#1049,#1051,.T.);
#1047 = VERTEX_POINT('',#1048);
#1048 = CARTESIAN_POINT('',(121.99999989546,40.001371714289,-42.));
#1049 = VERTEX_POINT('',#1050);
#1050 = CARTESIAN_POINT('',(122.,70.,-42.));
#1051 = SURFACE_CURVE('',#1052,(#1056,#1063),.PCURVE_S1.);
#1052 = LINE('',#1053,#1054);
#1053 = CARTESIAN_POINT('',(121.9999998519,27.500685871954,-42.));
#1054 = VECTOR('',#1055,1.);
#1055 = DIRECTION('',(3.484604062121E-09,1.,0.));
#1056 = PCURVE('',#452,#1057);
#1057 = DEFINITIONAL_REPRESENTATION('',(#1058),#1062);
#1058 = LINE('',#1059,#1060);
#1059 = CARTESIAN_POINT('',(8.500000148093,12.500685871954));
#1060 = VECTOR('',#1061,1.);
#1061 = DIRECTION('',(-3.484604062121E-09,1.));
#1062 = ( GEOMETRIC_REPRESENTATION_CONTEXT(2) 
PARAMETRIC_REPRESENTATION_CONTEXT() REPRESENTATION_CONTEXT('2D SPACE',''
  ) );
#1063 = PCURVE('',#1064,#1069);
#1064 = PLANE('',#1065);
#1065 = AXIS2_PLACEMENT_3D('',#1066,#1067,#1068);
#1066 = CARTESIAN_POINT('',(121.99999989546,40.001371714289,-42.));
#1067 = DIRECTION('',(1.,-3.484604062121E-09,0.));
#1068 = DIRECTION('',(3.484604062121E-09,1.,0.));
#1069 = DEFINITIONAL_REPRESENTATION('',(#1070),#1074);
#1070 = LINE('',#1071,#1072);
#1071 = CARTESIAN_POINT('',(-12.50068584233,0.));
#1072 = VECTOR('',#1073,1.);
#1073 = DIRECTION('',(1.,0.));
#1074 = ( GEOMETRIC_REPRESENTATION_CONTEXT(2) 
PARAMETRIC_REPRESENTATION_CONTEXT() REPRESENTATION_CONTEXT('2D SPACE',''
  ) );
#1075 = ORIENTED_EDGE('',*,*,#1076,.T.);
#1076 = EDGE_CURVE('',#1049,#1077,#1079,.T.);
#1077 = VERTEX_POINT('',#1078);
#1078 = CARTESIAN_POINT('',(104.,70.,-42.));
#1079 = SURFACE_CURVE('',#1080,(#1085,#1096),.PCURVE_S1.);
#1080 = CIRCLE('',#1081,9.);
#1081 = AXIS2_PLACEMENT_3D('',#1082,#1083,#1084);
#1082 = CARTESIAN_POINT('',(113.,70.,-42.));
#1083 = DIRECTION('',(0.,0.,1.));
#1084 = DIRECTION('',(-1.,0.,0.));
#1085 = PCURVE('',#452,#1086);
#1086 = DEFINITIONAL_REPRESENTATION('',(#1087),#1095);
#1087 = ( BOUNDED_CURVE() B_SPLINE_CURVE(2,(#1088,#1089,#1090,#1091,
#1092,#1093,#1094),.UNSPECIFIED.,.T.,.F.) B_SPLINE_CURVE_WITH_KNOTS((1,2
    ,2,2,2,1),(-2.094395102393,0.,2.094395102393,4.188790204786,
6.28318530718,8.377580409573),.UNSPECIFIED.) CURVE() 
GEOMETRIC_REPRESENTATION_ITEM() RATIONAL_B_SPLINE_CURVE((1.,0.5,1.,0.5,
1.,0.5,1.)) REPRESENTATION_ITEM('') );
#1088 = CARTESIAN_POINT('',(26.5,55.));
#1089 = CARTESIAN_POINT('',(26.5,39.41154273188));
#1090 = CARTESIAN_POINT('',(13.,47.20577136594));
#1091 = CARTESIAN_POINT('',(-0.5,55.));
#1092 = CARTESIAN_POINT('',(13.,62.79422863406));
#1093 = CARTESIAN_POINT('',(26.5,70.58845726812));
#1094 = CARTESIAN_POINT('',(26.5,55.));
#1095 = ( GEOMETRIC_REPRESENTATION_CONTEXT(2) 
PARAMETRIC_REPRESENTATION_CONTEXT() REPRESENTATION_CONTEXT('2D SPACE',''
  ) );
#1096 = PCURVE('',#1097,#1102);
#1097 = CYLINDRICAL_SURFACE('',#1098,9.);
#1098 = AXIS2_PLACEMENT_3D('',#1099,#1100,#1101);
#1099 = CARTESIAN_POINT('',(113.,70.,-42.));
#1100 = DIRECTION('',(0.,0.,1.));
#1101 = DIRECTION('',(-1.,0.,0.));
#1102 = DEFINITIONAL_REPRESENTATION('',(#1103),#1107);
#1103 = LINE('',#1104,#1105);
#1104 = CARTESIAN_POINT('',(0.,0.));
#1105 = VECTOR('',#1106,1.);
#1106 = DIRECTION('',(1.,0.));
#1107 = ( GEOMETRIC_REPRESENTATION_CONTEXT(2) 
PARAMETRIC_REPRESENTATION_CONTEXT() REPRESENTATION_CONTEXT('2D SPACE',''
  ) );
#1108 = ORIENTED_EDGE('',*,*,#1109,.T.);
#1109 = EDGE_CURVE('',#1077,#1110,#1112,.T.);
#1110 = VERTEX_POINT('',#1111);
#1111 = CARTESIAN_POINT('',(104.,40.,-42.));
#1112 = SURFACE_CURVE('',#1113,(#1117,#1124),.PCURVE_S1.);
#1113 = LINE('',#1114,#1115);
#1114 = CARTESIAN_POINT('',(104.,42.5,-42.));
#1115 = VECTOR('',#1116,1.);
#1116 = DIRECTION('',(0.,-1.,0.));
#1117 = PCURVE('',#452,#1118);
#1118 = DEFINITIONAL_REPRESENTATION('',(#1119),#1123);
#1119 = LINE('',#1120,#1121);
#1120 = CARTESIAN_POINT('',(26.5,27.5));
#1121 = VECTOR('',#1122,1.);
#1122 = DIRECTION('',(0.,-1.));
#1123 = ( GEOMETRIC_REPRESENTATION_CONTEXT(2) 
PARAMETRIC_REPRESENTATION_CONTEXT() REPRESENTATION_CONTEXT('2D SPACE',''
  ) );
#1124 = PCURVE('',#1125,#1130);
#1125 = PLANE('',#1126);
#1126 = AXIS2_PLACEMENT_3D('',#1127,#1128,#1129);
#1127 = CARTESIAN_POINT('',(104.,70.,-42.));
#1128 = DIRECTION('',(-1.,0.,0.));
#1129 = DIRECTION('',(0.,-1.,0.));
#1130 = DEFINITIONAL_REPRESENTATION('',(#1131),#1135);
#1131 = LINE('',#1132,#1133);
#1132 = CARTESIAN_POINT('',(27.5,0.));
#1133 = VECTOR('',#1134,1.);
#1134 = DIRECTION('',(1.,0.));
#1135 = ( GEOMETRIC_REPRESENTATION_CONTEXT(2) 
PARAMETRIC_REPRESENTATION_CONTEXT() REPRESENTATION_CONTEXT('2D SPACE',''
  ) );
#1136 = ORIENTED_EDGE('',*,*,#1137,.T.);
#1137 = EDGE_CURVE('',#1110,#1047,#1138,.T.);
#1138 = SURFACE_CURVE('',#1139,(#1144,#1155),.PCURVE_S1.);
#1139 = CIRCLE('',#1140,9.);
#1140 = AXIS2_PLACEMENT_3D('',#1141,#1142,#1143);
#1141 = CARTESIAN_POINT('',(113.,40.,-42.));
#1142 = DIRECTION('',(0.,0.,1.));
#1143 = DIRECTION('',(0.999999988385,1.524126987783E-04,-0.));
#1144 = PCURVE('',#452,#1145);
#1145 = DEFINITIONAL_REPRESENTATION('',(#1146),#1154);
#1146 = ( BOUNDED_CURVE() B_SPLINE_CURVE(2,(#1147,#1148,#1149,#1150,
#1151,#1152,#1153),.UNSPECIFIED.,.T.,.F.) B_SPLINE_CURVE_WITH_KNOTS((1,2
    ,2,2,2,1),(-2.094395102393,0.,2.094395102393,4.188790204786,
6.28318530718,8.377580409573),.UNSPECIFIED.) CURVE() 
GEOMETRIC_REPRESENTATION_ITEM() RATIONAL_B_SPLINE_CURVE((1.,0.5,1.,0.5,
1.,0.5,1.)) REPRESENTATION_ITEM('') );
#1147 = CARTESIAN_POINT('',(8.500000104533,25.001371714289));
#1148 = CARTESIAN_POINT('',(8.502375983375,40.589828801352));
#1149 = CARTESIAN_POINT('',(22.001187887154,32.793542686387));
#1150 = CARTESIAN_POINT('',(35.499999790933,24.997256571422));
#1151 = CARTESIAN_POINT('',(21.998812008312,17.205085599324));
#1152 = CARTESIAN_POINT('',(8.497624225691,9.412914627226));
#1153 = CARTESIAN_POINT('',(8.500000104533,25.001371714289));
#1154 = ( GEOMETRIC_REPRESENTATION_CONTEXT(2) 
PARAMETRIC_REPRESENTATION_CONTEXT() REPRESENTATION_CONTEXT('2D SPACE',''
  ) );
#1155 = PCURVE('',#1156,#1161);
#1156 = CYLINDRICAL_SURFACE('',#1157,9.);
#1157 = AXIS2_PLACEMENT_3D('',#1158,#1159,#1160);
#1158 = CARTESIAN_POINT('',(113.,40.,-42.));
#1159 = DIRECTION('',(0.,0.,1.));
#1160 = DIRECTION('',(7.62063496069E-05,-0.999999997096,0.));
#1161 = DEFINITIONAL_REPRESENTATION('',(#1162),#1166);
#1162 = LINE('',#1163,#1164);
#1163 = CARTESIAN_POINT('',(1.570872533145,0.));
#1164 = VECTOR('',#1165,1.);
#1165 = DIRECTION('',(1.,0.));
#1166 = ( GEOMETRIC_REPRESENTATION_CONTEXT(2) 
PARAMETRIC_REPRESENTATION_CONTEXT() REPRESENTATION_CONTEXT('2D SPACE',''
  ) );
#1167 = ADVANCED_FACE('',(#1168),#1156,.F.);
#1168 = FACE_BOUND('',#1169,.F.);
#1169 = EDGE_LOOP('',(#1170,#1193,#1226,#1247));
#1170 = ORIENTED_EDGE('',*,*,#1171,.T.);
#1171 = EDGE_CURVE('',#1047,#1172,#1174,.T.);
#1172 = VERTEX_POINT('',#1173);
#1173 = CARTESIAN_POINT('',(121.99999989546,40.001371714289,-32.));
#1174 = SURFACE_CURVE('',#1175,(#1179,#1186),.PCURVE_S1.);
#1175 = LINE('',#1176,#1177);
#1176 = CARTESIAN_POINT('',(121.99999989546,40.001371714289,-42.));
#1177 = VECTOR('',#1178,1.);
#1178 = DIRECTION('',(0.,0.,1.));
#1179 = PCURVE('',#1156,#1180);
#1180 = DEFINITIONAL_REPRESENTATION('',(#1181),#1185);
#1181 = LINE('',#1182,#1183);
#1182 = CARTESIAN_POINT('',(7.854057840324,0.));
#1183 = VECTOR('',#1184,1.);
#1184 = DIRECTION('',(0.,1.));
#1185 = ( GEOMETRIC_REPRESENTATION_CONTEXT(2) 
PARAMETRIC_REPRESENTATION_CONTEXT() REPRESENTATION_CONTEXT('2D SPACE',''
  ) );
#1186 = PCURVE('',#1064,#1187);
#1187 = DEFINITIONAL_REPRESENTATION('',(#1188),#1192);
#1188 = LINE('',#1189,#1190);
#1189 = CARTESIAN_POINT('',(0.,0.));
#1190 = VECTOR('',#1191,1.);
#1191 = DIRECTION('',(0.,1.));
#1192 = ( GEOMETRIC_REPRESENTATION_CONTEXT(2) 
PARAMETRIC_REPRESENTATION_CONTEXT() REPRESENTATION_CONTEXT('2D SPACE',''
  ) );
#1193 = ORIENTED_EDGE('',*,*,#1194,.F.);
#1194 = EDGE_CURVE('',#1195,#1172,#1197,.T.);
#1195 = VERTEX_POINT('',#1196);
#1196 = CARTESIAN_POINT('',(104.,40.,-32.));
#1197 = SURFACE_CURVE('',#1198,(#1203,#1210),.PCURVE_S1.);
#1198 = CIRCLE('',#1199,9.);
#1199 = AXIS2_PLACEMENT_3D('',#1200,#1201,#1202);
#1200 = CARTESIAN_POINT('',(113.,40.,-32.));
#1201 = DIRECTION('',(0.,0.,1.));
#1202 = DIRECTION('',(0.999999988385,1.524126987783E-04,-0.));
#1203 = PCURVE('',#1156,#1204);
#1204 = DEFINITIONAL_REPRESENTATION('',(#1205),#1209);
#1205 = LINE('',#1206,#1207);
#1206 = CARTESIAN_POINT('',(1.570872533145,10.));
#1207 = VECTOR('',#1208,1.);
#1208 = DIRECTION('',(1.,0.));
#1209 = ( GEOMETRIC_REPRESENTATION_CONTEXT(2) 
PARAMETRIC_REPRESENTATION_CONTEXT() REPRESENTATION_CONTEXT('2D SPACE',''
  ) );
#1210 = PCURVE('',#1211,#1216);
#1211 = PLANE('',#1212);
#1212 = AXIS2_PLACEMENT_3D('',#1213,#1214,#1215);
#1213 = CARTESIAN_POINT('',(113.,55.,-32.));
#1214 = DIRECTION('',(0.,0.,-1.));
#1215 = DIRECTION('',(-1.,0.,0.));
#1216 = DEFINITIONAL_REPRESENTATION('',(#1217),#1225);
#1217 = ( BOUNDED_CURVE() B_SPLINE_CURVE(2,(#1218,#1219,#1220,#1221,
#1222,#1223,#1224),.UNSPECIFIED.,.T.,.F.) B_SPLINE_CURVE_WITH_KNOTS((1,2
    ,2,2,2,1),(-2.094395102393,0.,2.094395102393,4.188790204786,
6.28318530718,8.377580409573),.UNSPECIFIED.) CURVE() 
GEOMETRIC_REPRESENTATION_ITEM() RATIONAL_B_SPLINE_CURVE((1.,0.5,1.,0.5,
1.,0.5,1.)) REPRESENTATION_ITEM('') );
#1218 = CARTESIAN_POINT('',(-8.999999895467,-14.99862828571));
#1219 = CARTESIAN_POINT('',(-8.997624016625,0.589828801352));
#1220 = CARTESIAN_POINT('',(4.501187887154,-7.206457313613));
#1221 = CARTESIAN_POINT('',(17.999999790933,-15.00274342857));
#1222 = CARTESIAN_POINT('',(4.498812008312,-22.79491440067));
#1223 = CARTESIAN_POINT('',(-9.002375774309,-30.58708537277));
#1224 = CARTESIAN_POINT('',(-8.999999895467,-14.99862828571));
#1225 = ( GEOMETRIC_REPRESENTATION_CONTEXT(2) 
PARAMETRIC_REPRESENTATION_CONTEXT() REPRESENTATION_CONTEXT('2D SPACE',''
  ) );
#1226 = ORIENTED_EDGE('',*,*,#1227,.F.);
#1227 = EDGE_CURVE('',#1110,#1195,#1228,.T.);
#1228 = SURFACE_CURVE('',#1229,(#1233,#1240),.PCURVE_S1.);
#1229 = LINE('',#1230,#1231);
#1230 = CARTESIAN_POINT('',(104.,40.,-42.));
#1231 = VECTOR('',#1232,1.);
#1232 = DIRECTION('',(0.,0.,1.));
#1233 = PCURVE('',#1156,#1234);
#1234 = DEFINITIONAL_REPRESENTATION('',(#1235),#1239);
#1235 = LINE('',#1236,#1237);
#1236 = CARTESIAN_POINT('',(4.712312774035,0.));
#1237 = VECTOR('',#1238,1.);
#1238 = DIRECTION('',(0.,1.));
#1239 = ( GEOMETRIC_REPRESENTATION_CONTEXT(2) 
PARAMETRIC_REPRESENTATION_CONTEXT() REPRESENTATION_CONTEXT('2D SPACE',''
  ) );
#1240 = PCURVE('',#1125,#1241);
#1241 = DEFINITIONAL_REPRESENTATION('',(#1242),#1246);
#1242 = LINE('',#1243,#1244);
#1243 = CARTESIAN_POINT('',(30.,0.));
#1244 = VECTOR('',#1245,1.);
#1245 = DIRECTION('',(0.,1.));
#1246 = ( GEOMETRIC_REPRESENTATION_CONTEXT(2) 
PARAMETRIC_REPRESENTATION_CONTEXT() REPRESENTATION_CONTEXT('2D SPACE',''
  ) );
#1247 = ORIENTED_EDGE('',*,*,#1137,.T.);
#1248 = ADVANCED_FACE('',(#1249),#1211,.T.);
#1249 = FACE_BOUND('',#1250,.T.);
#1250 = EDGE_LOOP('',(#1251,#1281,#1302,#1303));
#1251 = ORIENTED_EDGE('',*,*,#1252,.F.);
#1252 = EDGE_CURVE('',#1253,#1255,#1257,.T.);
#1253 = VERTEX_POINT('',#1254);
#1254 = CARTESIAN_POINT('',(122.,70.,-32.));
#1255 = VERTEX_POINT('',#1256);
#1256 = CARTESIAN_POINT('',(104.,70.,-32.));
#1257 = SURFACE_CURVE('',#1258,(#1263,#1274),.PCURVE_S1.);
#1258 = CIRCLE('',#1259,9.);
#1259 = AXIS2_PLACEMENT_3D('',#1260,#1261,#1262);
#1260 = CARTESIAN_POINT('',(113.,70.,-32.));
#1261 = DIRECTION('',(0.,0.,1.));
#1262 = DIRECTION('',(-1.,0.,0.));
#1263 = PCURVE('',#1211,#1264);
#1264 = DEFINITIONAL_REPRESENTATION('',(#1265),#1273);
#1265 = ( BOUNDED_CURVE() B_SPLINE_CURVE(2,(#1266,#1267,#1268,#1269,
#1270,#1271,#1272),.UNSPECIFIED.,.T.,.F.) B_SPLINE_CURVE_WITH_KNOTS((1,2
    ,2,2,2,1),(-2.094395102393,0.,2.094395102393,4.188790204786,
6.28318530718,8.377580409573),.UNSPECIFIED.) CURVE() 
GEOMETRIC_REPRESENTATION_ITEM() RATIONAL_B_SPLINE_CURVE((1.,0.5,1.,0.5,
1.,0.5,1.)) REPRESENTATION_ITEM('') );
#1266 = CARTESIAN_POINT('',(9.,15.));
#1267 = CARTESIAN_POINT('',(9.,-0.58845726812));
#1268 = CARTESIAN_POINT('',(-4.5,7.20577136594));
#1269 = CARTESIAN_POINT('',(-18.,15.));
#1270 = CARTESIAN_POINT('',(-4.5,22.79422863406));
#1271 = CARTESIAN_POINT('',(9.,30.58845726812));
#1272 = CARTESIAN_POINT('',(9.,15.));
#1273 = ( GEOMETRIC_REPRESENTATION_CONTEXT(2) 
PARAMETRIC_REPRESENTATION_CONTEXT() REPRESENTATION_CONTEXT('2D SPACE',''
  ) );
#1274 = PCURVE('',#1097,#1275);
#1275 = DEFINITIONAL_REPRESENTATION('',(#1276),#1280);
#1276 = LINE('',#1277,#1278);
#1277 = CARTESIAN_POINT('',(0.,10.));
#1278 = VECTOR('',#1279,1.);
#1279 = DIRECTION('',(1.,0.));
#1280 = ( GEOMETRIC_REPRESENTATION_CONTEXT(2) 
PARAMETRIC_REPRESENTATION_CONTEXT() REPRESENTATION_CONTEXT('2D SPACE',''
  ) );
#1281 = ORIENTED_EDGE('',*,*,#1282,.F.);
#1282 = EDGE_CURVE('',#1172,#1253,#1283,.T.);
#1283 = SURFACE_CURVE('',#1284,(#1288,#1295),.PCURVE_S1.);
#1284 = LINE('',#1285,#1286);
#1285 = CARTESIAN_POINT('',(122.,70.,-32.));
#1286 = VECTOR('',#1287,1.);
#1287 = DIRECTION('',(3.484604062121E-09,1.,0.));
#1288 = PCURVE('',#1211,#1289);
#1289 = DEFINITIONAL_REPRESENTATION('',(#1290),#1294);
#1290 = LINE('',#1291,#1292);
#1291 = CARTESIAN_POINT('',(-9.,15.));
#1292 = VECTOR('',#1293,1.);
#1293 = DIRECTION('',(-3.484604062121E-09,1.));
#1294 = ( GEOMETRIC_REPRESENTATION_CONTEXT(2) 
PARAMETRIC_REPRESENTATION_CONTEXT() REPRESENTATION_CONTEXT('2D SPACE',''
  ) );
#1295 = PCURVE('',#1064,#1296);
#1296 = DEFINITIONAL_REPRESENTATION('',(#1297),#1301);
#1297 = LINE('',#1298,#1299);
#1298 = CARTESIAN_POINT('',(29.998628285711,10.));
#1299 = VECTOR('',#1300,1.);
#1300 = DIRECTION('',(1.,0.));
#1301 = ( GEOMETRIC_REPRESENTATION_CONTEXT(2) 
PARAMETRIC_REPRESENTATION_CONTEXT() REPRESENTATION_CONTEXT('2D SPACE',''
  ) );
#1302 = ORIENTED_EDGE('',*,*,#1194,.F.);
#1303 = ORIENTED_EDGE('',*,*,#1304,.F.);
#1304 = EDGE_CURVE('',#1255,#1195,#1305,.T.);
#1305 = SURFACE_CURVE('',#1306,(#1310,#1317),.PCURVE_S1.);
#1306 = LINE('',#1307,#1308);
#1307 = CARTESIAN_POINT('',(104.,70.,-32.));
#1308 = VECTOR('',#1309,1.);
#1309 = DIRECTION('',(0.,-1.,0.));
#1310 = PCURVE('',#1211,#1311);
#1311 = DEFINITIONAL_REPRESENTATION('',(#1312),#1316);
#1312 = LINE('',#1313,#1314);
#1313 = CARTESIAN_POINT('',(9.,15.));
#1314 = VECTOR('',#1315,1.);
#1315 = DIRECTION('',(0.,-1.));
#1316 = ( GEOMETRIC_REPRESENTATION_CONTEXT(2) 
PARAMETRIC_REPRESENTATION_CONTEXT() REPRESENTATION_CONTEXT('2D SPACE',''
  ) );
#1317 = PCURVE('',#1125,#1318);
#1318 = DEFINITIONAL_REPRESENTATION('',(#1319),#1323);
#1319 = LINE('',#1320,#1321);
#1320 = CARTESIAN_POINT('',(0.,10.));
#1321 = VECTOR('',#1322,1.);
#1322 = DIRECTION('',(1.,0.));
#1323 = ( GEOMETRIC_REPRESENTATION_CONTEXT(2) 
PARAMETRIC_REPRESENTATION_CONTEXT() REPRESENTATION_CONTEXT('2D SPACE',''
  ) );
#1324 = ADVANCED_FACE('',(#1325),#1125,.F.);
#1325 = FACE_BOUND('',#1326,.T.);
#1326 = EDGE_LOOP('',(#1327,#1328,#1349,#1350));
#1327 = ORIENTED_EDGE('',*,*,#1109,.F.);
#1328 = ORIENTED_EDGE('',*,*,#1329,.T.);
#1329 = EDGE_CURVE('',#1077,#1255,#1330,.T.);
#1330 = SURFACE_CURVE('',#1331,(#1335,#1342),.PCURVE_S1.);
#1331 = LINE('',#1332,#1333);
#1332 = CARTESIAN_POINT('',(104.,70.,-42.));
#1333 = VECTOR('',#1334,1.);
#1334 = DIRECTION('',(0.,0.,1.));
#1335 = PCURVE('',#1125,#1336);
#1336 = DEFINITIONAL_REPRESENTATION('',(#1337),#1341);
#1337 = LINE('',#1338,#1339);
#1338 = CARTESIAN_POINT('',(0.,0.));
#1339 = VECTOR('',#1340,1.);
#1340 = DIRECTION('',(0.,1.));
#1341 = ( GEOMETRIC_REPRESENTATION_CONTEXT(2) 
PARAMETRIC_REPRESENTATION_CONTEXT() REPRESENTATION_CONTEXT('2D SPACE',''
  ) );
#1342 = PCURVE('',#1097,#1343);
#1343 = DEFINITIONAL_REPRESENTATION('',(#1344),#1348);
#1344 = LINE('',#1345,#1346);
#1345 = CARTESIAN_POINT('',(6.28318530718,0.));
#1346 = VECTOR('',#1347,1.);
#1347 = DIRECTION('',(0.,1.));
#1348 = ( GEOMETRIC_REPRESENTATION_CONTEXT(2) 
PARAMETRIC_REPRESENTATION_CONTEXT() REPRESENTATION_CONTEXT('2D SPACE',''
  ) );
#1349 = ORIENTED_EDGE('',*,*,#1304,.T.);
#1350 = ORIENTED_EDGE('',*,*,#1227,.F.);
#1351 = ADVANCED_FACE('',(#1352),#1097,.F.);
#1352 = FACE_BOUND('',#1353,.F.);
#1353 = EDGE_LOOP('',(#1354,#1355,#1356,#1377));
#1354 = ORIENTED_EDGE('',*,*,#1329,.T.);
#1355 = ORIENTED_EDGE('',*,*,#1252,.F.);
#1356 = ORIENTED_EDGE('',*,*,#1357,.F.);
#1357 = EDGE_CURVE('',#1049,#1253,#1358,.T.);
#1358 = SURFACE_CURVE('',#1359,(#1363,#1370),.PCURVE_S1.);
#1359 = LINE('',#1360,#1361);
#1360 = CARTESIAN_POINT('',(122.,70.,-42.));
#1361 = VECTOR('',#1362,1.);
#1362 = DIRECTION('',(0.,0.,1.));
#1363 = PCURVE('',#1097,#1364);
#1364 = DEFINITIONAL_REPRESENTATION('',(#1365),#1369);
#1365 = LINE('',#1366,#1367);
#1366 = CARTESIAN_POINT('',(3.14159265359,0.));
#1367 = VECTOR('',#1368,1.);
#1368 = DIRECTION('',(0.,1.));
#1369 = ( GEOMETRIC_REPRESENTATION_CONTEXT(2) 
PARAMETRIC_REPRESENTATION_CONTEXT() REPRESENTATION_CONTEXT('2D SPACE',''
  ) );
#1370 = PCURVE('',#1064,#1371);
#1371 = DEFINITIONAL_REPRESENTATION('',(#1372),#1376);
#1372 = LINE('',#1373,#1374);
#1373 = CARTESIAN_POINT('',(29.998628285711,0.));
#1374 = VECTOR('',#1375,1.);
#1375 = DIRECTION('',(0.,1.));
#1376 = ( GEOMETRIC_REPRESENTATION_CONTEXT(2) 
PARAMETRIC_REPRESENTATION_CONTEXT() REPRESENTATION_CONTEXT('2D SPACE',''
  ) );
#1377 = ORIENTED_EDGE('',*,*,#1076,.T.);
#1378 = ADVANCED_FACE('',(#1379),#1064,.F.);
#1379 = FACE_BOUND('',#1380,.T.);
#1380 = EDGE_LOOP('',(#1381,#1382,#1383,#1384));
#1381 = ORIENTED_EDGE('',*,*,#1046,.F.);
#1382 = ORIENTED_EDGE('',*,*,#1171,.T.);
#1383 = ORIENTED_EDGE('',*,*,#1282,.T.);
#1384 = ORIENTED_EDGE('',*,*,#1357,.F.);
#1385 = ADVANCED_FACE('',(#1386,#1461),#1032,.T.);
#1386 = FACE_BOUND('',#1387,.T.);
#1387 = EDGE_LOOP('',(#1388,#1416,#1417,#1440));
#1388 = ORIENTED_EDGE('',*,*,#1389,.F.);
#1389 = EDGE_CURVE('',#558,#1390,#1392,.T.);
#1390 = VERTEX_POINT('',#1391);
#1391 = CARTESIAN_POINT('',(37.5,156.,0.));
#1392 = SURFACE_CURVE('',#1393,(#1397,#1404),.PCURVE_S1.);
#1393 = LINE('',#1394,#1395);
#1394 = CARTESIAN_POINT('',(37.5,156.,-31.5));
#1395 = VECTOR('',#1396,1.);
#1396 = DIRECTION('',(-1.057355261548E-16,0.,1.));
#1397 = PCURVE('',#1032,#1398);
#1398 = DEFINITIONAL_REPRESENTATION('',(#1399),#1403);
#1399 = LINE('',#1400,#1401);
#1400 = CARTESIAN_POINT('',(10.5,141.));
#1401 = VECTOR('',#1402,1.);
#1402 = DIRECTION('',(1.,0.));
#1403 = ( GEOMETRIC_REPRESENTATION_CONTEXT(2) 
PARAMETRIC_REPRESENTATION_CONTEXT() REPRESENTATION_CONTEXT('2D SPACE',''
  ) );
#1404 = PCURVE('',#1405,#1410);
#1405 = CYLINDRICAL_SURFACE('',#1406,6.);
#1406 = AXIS2_PLACEMENT_3D('',#1407,#1408,#1409);
#1407 = CARTESIAN_POINT('',(43.5,156.,-31.5));
#1408 = DIRECTION('',(-1.057355261548E-16,0.,1.));
#1409 = DIRECTION('',(-0.707106781187,0.707106781187,-7.476630755637E-17
    ));
#1410 = DEFINITIONAL_REPRESENTATION('',(#1411),#1415);
#1411 = LINE('',#1412,#1413);
#1412 = CARTESIAN_POINT('',(7.068583470577,-3.552713678801E-15));
#1413 = VECTOR('',#1414,1.);
#1414 = DIRECTION('',(0.,1.));
#1415 = ( GEOMETRIC_REPRESENTATION_CONTEXT(2) 
PARAMETRIC_REPRESENTATION_CONTEXT() REPRESENTATION_CONTEXT('2D SPACE',''
  ) );
#1416 = ORIENTED_EDGE('',*,*,#1018,.F.);
#1417 = ORIENTED_EDGE('',*,*,#1418,.F.);
#1418 = EDGE_CURVE('',#1419,#990,#1421,.T.);
#1419 = VERTEX_POINT('',#1420);
#1420 = CARTESIAN_POINT('',(37.49999833703,92.996133808522,0.));
#1421 = SURFACE_CURVE('',#1422,(#1426,#1433),.PCURVE_S1.);
#1422 = LINE('',#1423,#1424);
#1423 = CARTESIAN_POINT('',(37.49999833703,92.996133808522,0.));
#1424 = VECTOR('',#1425,1.);
#1425 = DIRECTION('',(0.,0.,-1.));
#1426 = PCURVE('',#1032,#1427);
#1427 = DEFINITIONAL_REPRESENTATION('',(#1428),#1432);
#1428 = LINE('',#1429,#1430);
#1429 = CARTESIAN_POINT('',(42.,77.996133808522));
#1430 = VECTOR('',#1431,1.);
#1431 = DIRECTION('',(-1.,0.));
#1432 = ( GEOMETRIC_REPRESENTATION_CONTEXT(2) 
PARAMETRIC_REPRESENTATION_CONTEXT() REPRESENTATION_CONTEXT('2D SPACE',''
  ) );
#1433 = PCURVE('',#1006,#1434);
#1434 = DEFINITIONAL_REPRESENTATION('',(#1435),#1439);
#1435 = LINE('',#1436,#1437);
#1436 = CARTESIAN_POINT('',(6.282010924498,0.));
#1437 = VECTOR('',#1438,1.);
#1438 = DIRECTION('',(0.,1.));
#1439 = ( GEOMETRIC_REPRESENTATION_CONTEXT(2) 
PARAMETRIC_REPRESENTATION_CONTEXT() REPRESENTATION_CONTEXT('2D SPACE',''
  ) );
#1440 = ORIENTED_EDGE('',*,*,#1441,.T.);
#1441 = EDGE_CURVE('',#1419,#1390,#1442,.T.);
#1442 = SURFACE_CURVE('',#1443,(#1447,#1454),.PCURVE_S1.);
#1443 = LINE('',#1444,#1445);
#1444 = CARTESIAN_POINT('',(37.5,15.,0.));
#1445 = VECTOR('',#1446,1.);
#1446 = DIRECTION('',(0.,1.,0.));
#1447 = PCURVE('',#1032,#1448);
#1448 = DEFINITIONAL_REPRESENTATION('',(#1449),#1453);
#1449 = LINE('',#1450,#1451);
#1450 = CARTESIAN_POINT('',(42.,0.));
#1451 = VECTOR('',#1452,1.);
#1452 = DIRECTION('',(0.,1.));
#1453 = ( GEOMETRIC_REPRESENTATION_CONTEXT(2) 
PARAMETRIC_REPRESENTATION_CONTEXT() REPRESENTATION_CONTEXT('2D SPACE',''
  ) );
#1454 = PCURVE('',#159,#1455);
#1455 = DEFINITIONAL_REPRESENTATION('',(#1456),#1460);
#1456 = LINE('',#1457,#1458);
#1457 = CARTESIAN_POINT('',(37.5,15.));
#1458 = VECTOR('',#1459,1.);
#1459 = DIRECTION('',(0.,1.));
#1460 = ( GEOMETRIC_REPRESENTATION_CONTEXT(2) 
PARAMETRIC_REPRESENTATION_CONTEXT() REPRESENTATION_CONTEXT('2D SPACE',''
  ) );
#1461 = FACE_BOUND('',#1462,.T.);
#1462 = EDGE_LOOP('',(#1463));
#1463 = ORIENTED_EDGE('',*,*,#1464,.T.);
#1464 = EDGE_CURVE('',#1465,#1465,#1467,.T.);
#1465 = VERTEX_POINT('',#1466);
#1466 = CARTESIAN_POINT('',(37.5,137.,-24.));
#1467 = SURFACE_CURVE('',#1468,(#1473,#1484),.PCURVE_S1.);
#1468 = CIRCLE('',#1469,3.);
#1469 = AXIS2_PLACEMENT_3D('',#1470,#1471,#1472);
#1470 = CARTESIAN_POINT('',(37.5,137.,-21.));
#1471 = DIRECTION('',(1.,0.,1.057355261548E-16));
#1472 = DIRECTION('',(-1.057355261548E-16,0.,1.));
#1473 = PCURVE('',#1032,#1474);
#1474 = DEFINITIONAL_REPRESENTATION('',(#1475),#1483);
#1475 = ( BOUNDED_CURVE() B_SPLINE_CURVE(2,(#1476,#1477,#1478,#1479,
#1480,#1481,#1482),.UNSPECIFIED.,.T.,.F.) B_SPLINE_CURVE_WITH_KNOTS((1,2
    ,2,2,2,1),(-2.094395102393,0.,2.094395102393,4.188790204786,
6.28318530718,8.377580409573),.UNSPECIFIED.) CURVE() 
GEOMETRIC_REPRESENTATION_ITEM() RATIONAL_B_SPLINE_CURVE((1.,0.5,1.,0.5,
1.,0.5,1.)) REPRESENTATION_ITEM('') );
#1476 = CARTESIAN_POINT('',(24.,122.));
#1477 = CARTESIAN_POINT('',(24.,116.80384757729));
#1478 = CARTESIAN_POINT('',(19.5,119.40192378864));
#1479 = CARTESIAN_POINT('',(15.,122.));
#1480 = CARTESIAN_POINT('',(19.5,124.59807621135));
#1481 = CARTESIAN_POINT('',(24.,127.1961524227));
#1482 = CARTESIAN_POINT('',(24.,122.));
#1483 = ( GEOMETRIC_REPRESENTATION_CONTEXT(2) 
PARAMETRIC_REPRESENTATION_CONTEXT() REPRESENTATION_CONTEXT('2D SPACE',''
  ) );
#1484 = PCURVE('',#1485,#1490);
#1485 = CYLINDRICAL_SURFACE('',#1486,3.);
#1486 = AXIS2_PLACEMENT_3D('',#1487,#1488,#1489);
#1487 = CARTESIAN_POINT('',(37.5,137.,-21.));
#1488 = DIRECTION('',(1.,0.,1.184237892934E-16));
#1489 = DIRECTION('',(-1.184237892934E-16,0.,1.));
#1490 = DEFINITIONAL_REPRESENTATION('',(#1491),#1495);
#1491 = LINE('',#1492,#1493);
#1492 = CARTESIAN_POINT('',(0.,0.));
#1493 = VECTOR('',#1494,1.);
#1494 = DIRECTION('',(1.,0.));
#1495 = ( GEOMETRIC_REPRESENTATION_CONTEXT(2) 
PARAMETRIC_REPRESENTATION_CONTEXT() REPRESENTATION_CONTEXT('2D SPACE',''
  ) );
#1496 = ADVANCED_FACE('',(#1497),#1485,.F.);
#1497 = FACE_BOUND('',#1498,.F.);
#1498 = EDGE_LOOP('',(#1499,#1522,#1549,#1550));
#1499 = ORIENTED_EDGE('',*,*,#1500,.T.);
#1500 = EDGE_CURVE('',#1465,#1501,#1503,.T.);
#1501 = VERTEX_POINT('',#1502);
#1502 = CARTESIAN_POINT('',(46.5,137.,-24.));
#1503 = SEAM_CURVE('',#1504,(#1508,#1515),.PCURVE_S1.);
#1504 = LINE('',#1505,#1506);
#1505 = CARTESIAN_POINT('',(37.5,137.,-24.));
#1506 = VECTOR('',#1507,1.);
#1507 = DIRECTION('',(1.,0.,1.184237892934E-16));
#1508 = PCURVE('',#1485,#1509);
#1509 = DEFINITIONAL_REPRESENTATION('',(#1510),#1514);
#1510 = LINE('',#1511,#1512);
#1511 = CARTESIAN_POINT('',(9.424777960769,0.));
#1512 = VECTOR('',#1513,1.);
#1513 = DIRECTION('',(0.,1.));
#1514 = ( GEOMETRIC_REPRESENTATION_CONTEXT(2) 
PARAMETRIC_REPRESENTATION_CONTEXT() REPRESENTATION_CONTEXT('2D SPACE',''
  ) );
#1515 = PCURVE('',#1485,#1516);
#1516 = DEFINITIONAL_REPRESENTATION('',(#1517),#1521);
#1517 = LINE('',#1518,#1519);
#1518 = CARTESIAN_POINT('',(3.14159265359,0.));
#1519 = VECTOR('',#1520,1.);
#1520 = DIRECTION('',(0.,1.));
#1521 = ( GEOMETRIC_REPRESENTATION_CONTEXT(2) 
PARAMETRIC_REPRESENTATION_CONTEXT() REPRESENTATION_CONTEXT('2D SPACE',''
  ) );
#1522 = ORIENTED_EDGE('',*,*,#1523,.T.);
#1523 = EDGE_CURVE('',#1501,#1501,#1524,.T.);
#1524 = SURFACE_CURVE('',#1525,(#1530,#1537),.PCURVE_S1.);
#1525 = CIRCLE('',#1526,3.);
#1526 = AXIS2_PLACEMENT_3D('',#1527,#1528,#1529);
#1527 = CARTESIAN_POINT('',(46.5,137.,-21.));
#1528 = DIRECTION('',(-1.,0.,0.));
#1529 = DIRECTION('',(0.,0.,1.));
#1530 = PCURVE('',#1485,#1531);
#1531 = DEFINITIONAL_REPRESENTATION('',(#1532),#1536);
#1532 = LINE('',#1533,#1534);
#1533 = CARTESIAN_POINT('',(12.566370614359,9.));
#1534 = VECTOR('',#1535,1.);
#1535 = DIRECTION('',(-1.,0.));
#1536 = ( GEOMETRIC_REPRESENTATION_CONTEXT(2) 
PARAMETRIC_REPRESENTATION_CONTEXT() REPRESENTATION_CONTEXT('2D SPACE',''
  ) );
#1537 = PCURVE('',#1538,#1543);
#1538 = PLANE('',#1539);
#1539 = AXIS2_PLACEMENT_3D('',#1540,#1541,#1542);
#1540 = CARTESIAN_POINT('',(46.5,153.,-12.00000017881));
#1541 = DIRECTION('',(-1.,0.,0.));
#1542 = DIRECTION('',(0.,0.,-1.));
#1543 = DEFINITIONAL_REPRESENTATION('',(#1544),#1548);
#1544 = CIRCLE('',#1545,3.);
#1545 = AXIS2_PLACEMENT_2D('',#1546,#1547);
#1546 = CARTESIAN_POINT('',(8.999999821186,16.));
#1547 = DIRECTION('',(-1.,-0.));
#1548 = ( GEOMETRIC_REPRESENTATION_CONTEXT(2) 
PARAMETRIC_REPRESENTATION_CONTEXT() REPRESENTATION_CONTEXT('2D SPACE',''
  ) );
#1549 = ORIENTED_EDGE('',*,*,#1500,.F.);
#1550 = ORIENTED_EDGE('',*,*,#1464,.T.);
#1551 = ADVANCED_FACE('',(#1552,#1661),#1538,.F.);
#1552 = FACE_BOUND('',#1553,.T.);
#1553 = EDGE_LOOP('',(#1554,#1579,#1607,#1635));
#1554 = ORIENTED_EDGE('',*,*,#1555,.T.);
#1555 = EDGE_CURVE('',#1556,#1558,#1560,.T.);
#1556 = VERTEX_POINT('',#1557);
#1557 = CARTESIAN_POINT('',(46.5,84.,-12.00000017881));
#1558 = VERTEX_POINT('',#1559);
#1559 = CARTESIAN_POINT('',(46.5,84.,-30.));
#1560 = SURFACE_CURVE('',#1561,(#1565,#1572),.PCURVE_S1.);
#1561 = LINE('',#1562,#1563);
#1562 = CARTESIAN_POINT('',(46.5,84.,0.));
#1563 = VECTOR('',#1564,1.);
#1564 = DIRECTION('',(0.,0.,-1.));
#1565 = PCURVE('',#1538,#1566);
#1566 = DEFINITIONAL_REPRESENTATION('',(#1567),#1571);
#1567 = LINE('',#1568,#1569);
#1568 = CARTESIAN_POINT('',(-12.00000017881,69.));
#1569 = VECTOR('',#1570,1.);
#1570 = DIRECTION('',(1.,0.));
#1571 = ( GEOMETRIC_REPRESENTATION_CONTEXT(2) 
PARAMETRIC_REPRESENTATION_CONTEXT() REPRESENTATION_CONTEXT('2D SPACE',''
  ) );
#1572 = PCURVE('',#1006,#1573);
#1573 = DEFINITIONAL_REPRESENTATION('',(#1574),#1578);
#1574 = LINE('',#1575,#1576);
#1575 = CARTESIAN_POINT('',(4.71164445159,0.));
#1576 = VECTOR('',#1577,1.);
#1577 = DIRECTION('',(0.,1.));
#1578 = ( GEOMETRIC_REPRESENTATION_CONTEXT(2) 
PARAMETRIC_REPRESENTATION_CONTEXT() REPRESENTATION_CONTEXT('2D SPACE',''
  ) );
#1579 = ORIENTED_EDGE('',*,*,#1580,.F.);
#1580 = EDGE_CURVE('',#1581,#1558,#1583,.T.);
#1581 = VERTEX_POINT('',#1582);
#1582 = CARTESIAN_POINT('',(46.5,153.,-30.));
#1583 = SURFACE_CURVE('',#1584,(#1588,#1595),.PCURVE_S1.);
#1584 = LINE('',#1585,#1586);
#1585 = CARTESIAN_POINT('',(46.5,153.,-30.));
#1586 = VECTOR('',#1587,1.);
#1587 = DIRECTION('',(0.,-1.,0.));
#1588 = PCURVE('',#1538,#1589);
#1589 = DEFINITIONAL_REPRESENTATION('',(#1590),#1594);
#1590 = LINE('',#1591,#1592);
#1591 = CARTESIAN_POINT('',(17.999999821186,0.));
#1592 = VECTOR('',#1593,1.);
#1593 = DIRECTION('',(0.,1.));
#1594 = ( GEOMETRIC_REPRESENTATION_CONTEXT(2) 
PARAMETRIC_REPRESENTATION_CONTEXT() REPRESENTATION_CONTEXT('2D SPACE',''
  ) );
#1595 = PCURVE('',#1596,#1601);
#1596 = PLANE('',#1597);
#1597 = AXIS2_PLACEMENT_3D('',#1598,#1599,#1600);
#1598 = CARTESIAN_POINT('',(46.5,153.,-30.));
#1599 = DIRECTION('',(0.,0.,-1.));
#1600 = DIRECTION('',(1.,0.,0.));
#1601 = DEFINITIONAL_REPRESENTATION('',(#1602),#1606);
#1602 = LINE('',#1603,#1604);
#1603 = CARTESIAN_POINT('',(0.,0.));
#1604 = VECTOR('',#1605,1.);
#1605 = DIRECTION('',(0.,1.));
#1606 = ( GEOMETRIC_REPRESENTATION_CONTEXT(2) 
PARAMETRIC_REPRESENTATION_CONTEXT() REPRESENTATION_CONTEXT('2D SPACE',''
  ) );
#1607 = ORIENTED_EDGE('',*,*,#1608,.F.);
#1608 = EDGE_CURVE('',#1609,#1581,#1611,.T.);
#1609 = VERTEX_POINT('',#1610);
#1610 = CARTESIAN_POINT('',(46.5,153.,-12.00000017881));
#1611 = SURFACE_CURVE('',#1612,(#1616,#1623),.PCURVE_S1.);
#1612 = LINE('',#1613,#1614);
#1613 = CARTESIAN_POINT('',(46.5,153.,-16.5000000894));
#1614 = VECTOR('',#1615,1.);
#1615 = DIRECTION('',(0.,0.,-1.));
#1616 = PCURVE('',#1538,#1617);
#1617 = DEFINITIONAL_REPRESENTATION('',(#1618),#1622);
#1618 = LINE('',#1619,#1620);
#1619 = CARTESIAN_POINT('',(4.499999910593,0.));
#1620 = VECTOR('',#1621,1.);
#1621 = DIRECTION('',(1.,0.));
#1622 = ( GEOMETRIC_REPRESENTATION_CONTEXT(2) 
PARAMETRIC_REPRESENTATION_CONTEXT() REPRESENTATION_CONTEXT('2D SPACE',''
  ) );
#1623 = PCURVE('',#1624,#1629);
#1624 = PLANE('',#1625);
#1625 = AXIS2_PLACEMENT_3D('',#1626,#1627,#1628);
#1626 = CARTESIAN_POINT('',(67.5,153.,-21.));
#1627 = DIRECTION('',(0.,1.,0.));
#1628 = DIRECTION('',(-1.,0.,0.));
#1629 = DEFINITIONAL_REPRESENTATION('',(#1630),#1634);
#1630 = LINE('',#1631,#1632);
#1631 = CARTESIAN_POINT('',(21.,4.499999910593));
#1632 = VECTOR('',#1633,1.);
#1633 = DIRECTION('',(0.,-1.));
#1634 = ( GEOMETRIC_REPRESENTATION_CONTEXT(2) 
PARAMETRIC_REPRESENTATION_CONTEXT() REPRESENTATION_CONTEXT('2D SPACE',''
  ) );
#1635 = ORIENTED_EDGE('',*,*,#1636,.T.);
#1636 = EDGE_CURVE('',#1609,#1556,#1637,.T.);
#1637 = SURFACE_CURVE('',#1638,(#1642,#1649),.PCURVE_S1.);
#1638 = LINE('',#1639,#1640);
#1639 = CARTESIAN_POINT('',(46.5,153.,-12.00000017881));
#1640 = VECTOR('',#1641,1.);
#1641 = DIRECTION('',(0.,-1.,0.));
#1642 = PCURVE('',#1538,#1643);
#1643 = DEFINITIONAL_REPRESENTATION('',(#1644),#1648);
#1644 = LINE('',#1645,#1646);
#1645 = CARTESIAN_POINT('',(0.,-0.));
#1646 = VECTOR('',#1647,1.);
#1647 = DIRECTION('',(0.,1.));
#1648 = ( GEOMETRIC_REPRESENTATION_CONTEXT(2) 
PARAMETRIC_REPRESENTATION_CONTEXT() REPRESENTATION_CONTEXT('2D SPACE',''
  ) );
#1649 = PCURVE('',#1650,#1655);
#1650 = PLANE('',#1651);
#1651 = AXIS2_PLACEMENT_3D('',#1652,#1653,#1654);
#1652 = CARTESIAN_POINT('',(88.5,153.,-12.00000017881));
#1653 = DIRECTION('',(0.,0.,1.));
#1654 = DIRECTION('',(-1.,0.,0.));
#1655 = DEFINITIONAL_REPRESENTATION('',(#1656),#1660);
#1656 = LINE('',#1657,#1658);
#1657 = CARTESIAN_POINT('',(42.,0.));
#1658 = VECTOR('',#1659,1.);
#1659 = DIRECTION('',(0.,1.));
#1660 = ( GEOMETRIC_REPRESENTATION_CONTEXT(2) 
PARAMETRIC_REPRESENTATION_CONTEXT() REPRESENTATION_CONTEXT('2D SPACE',''
  ) );
#1661 = FACE_BOUND('',#1662,.T.);
#1662 = EDGE_LOOP('',(#1663));
#1663 = ORIENTED_EDGE('',*,*,#1523,.T.);
#1664 = ADVANCED_FACE('',(#1665),#1650,.F.);
#1665 = FACE_BOUND('',#1666,.T.);
#1666 = EDGE_LOOP('',(#1667,#1695,#1696,#1719,#1747));
#1667 = ORIENTED_EDGE('',*,*,#1668,.F.);
#1668 = EDGE_CURVE('',#1556,#1669,#1671,.T.);
#1669 = VERTEX_POINT('',#1670);
#1670 = CARTESIAN_POINT('',(69.,84.,-12.00000017881));
#1671 = SURFACE_CURVE('',#1672,(#1676,#1683),.PCURVE_S1.);
#1672 = LINE('',#1673,#1674);
#1673 = CARTESIAN_POINT('',(67.5,84.,-12.00000017881));
#1674 = VECTOR('',#1675,1.);
#1675 = DIRECTION('',(1.,0.,0.));
#1676 = PCURVE('',#1650,#1677);
#1677 = DEFINITIONAL_REPRESENTATION('',(#1678),#1682);
#1678 = LINE('',#1679,#1680);
#1679 = CARTESIAN_POINT('',(21.,69.));
#1680 = VECTOR('',#1681,1.);
#1681 = DIRECTION('',(-1.,0.));
#1682 = ( GEOMETRIC_REPRESENTATION_CONTEXT(2) 
PARAMETRIC_REPRESENTATION_CONTEXT() REPRESENTATION_CONTEXT('2D SPACE',''
  ) );
#1683 = PCURVE('',#1684,#1689);
#1684 = PLANE('',#1685);
#1685 = AXIS2_PLACEMENT_3D('',#1686,#1687,#1688);
#1686 = CARTESIAN_POINT('',(46.5,84.,0.));
#1687 = DIRECTION('',(0.,1.,0.));
#1688 = DIRECTION('',(1.,0.,0.));
#1689 = DEFINITIONAL_REPRESENTATION('',(#1690),#1694);
#1690 = LINE('',#1691,#1692);
#1691 = CARTESIAN_POINT('',(21.,12.000000178814));
#1692 = VECTOR('',#1693,1.);
#1693 = DIRECTION('',(1.,0.));
#1694 = ( GEOMETRIC_REPRESENTATION_CONTEXT(2) 
PARAMETRIC_REPRESENTATION_CONTEXT() REPRESENTATION_CONTEXT('2D SPACE',''
  ) );
#1695 = ORIENTED_EDGE('',*,*,#1636,.F.);
#1696 = ORIENTED_EDGE('',*,*,#1697,.F.);
#1697 = EDGE_CURVE('',#1698,#1609,#1700,.T.);
#1698 = VERTEX_POINT('',#1699);
#1699 = CARTESIAN_POINT('',(88.5,153.,-12.00000017881));
#1700 = SURFACE_CURVE('',#1701,(#1705,#1712),.PCURVE_S1.);
#1701 = LINE('',#1702,#1703);
#1702 = CARTESIAN_POINT('',(86.25,153.,-12.00000017881));
#1703 = VECTOR('',#1704,1.);
#1704 = DIRECTION('',(-1.,0.,0.));
#1705 = PCURVE('',#1650,#1706);
#1706 = DEFINITIONAL_REPRESENTATION('',(#1707),#1711);
#1707 = LINE('',#1708,#1709);
#1708 = CARTESIAN_POINT('',(2.25,0.));
#1709 = VECTOR('',#1710,1.);
#1710 = DIRECTION('',(1.,0.));
#1711 = ( GEOMETRIC_REPRESENTATION_CONTEXT(2) 
PARAMETRIC_REPRESENTATION_CONTEXT() REPRESENTATION_CONTEXT('2D SPACE',''
  ) );
#1712 = PCURVE('',#1624,#1713);
#1713 = DEFINITIONAL_REPRESENTATION('',(#1714),#1718);
#1714 = LINE('',#1715,#1716);
#1715 = CARTESIAN_POINT('',(-18.75,8.999999821186));
#1716 = VECTOR('',#1717,1.);
#1717 = DIRECTION('',(1.,0.));
#1718 = ( GEOMETRIC_REPRESENTATION_CONTEXT(2) 
PARAMETRIC_REPRESENTATION_CONTEXT() REPRESENTATION_CONTEXT('2D SPACE',''
  ) );
#1719 = ORIENTED_EDGE('',*,*,#1720,.T.);
#1720 = EDGE_CURVE('',#1698,#1721,#1723,.T.);
#1721 = VERTEX_POINT('',#1722);
#1722 = CARTESIAN_POINT('',(88.5,75.674849396983,-12.00000017881));
#1723 = SURFACE_CURVE('',#1724,(#1728,#1735),.PCURVE_S1.);
#1724 = LINE('',#1725,#1726);
#1725 = CARTESIAN_POINT('',(88.5,153.,-12.00000017881));
#1726 = VECTOR('',#1727,1.);
#1727 = DIRECTION('',(0.,-1.,0.));
#1728 = PCURVE('',#1650,#1729);
#1729 = DEFINITIONAL_REPRESENTATION('',(#1730),#1734);
#1730 = LINE('',#1731,#1732);
#1731 = CARTESIAN_POINT('',(0.,0.));
#1732 = VECTOR('',#1733,1.);
#1733 = DIRECTION('',(0.,1.));
#1734 = ( GEOMETRIC_REPRESENTATION_CONTEXT(2) 
PARAMETRIC_REPRESENTATION_CONTEXT() REPRESENTATION_CONTEXT('2D SPACE',''
  ) );
#1735 = PCURVE('',#1736,#1741);
#1736 = PLANE('',#1737);
#1737 = AXIS2_PLACEMENT_3D('',#1738,#1739,#1740);
#1738 = CARTESIAN_POINT('',(88.5,153.,-30.));
#1739 = DIRECTION('',(1.,0.,0.));
#1740 = DIRECTION('',(0.,0.,1.));
#1741 = DEFINITIONAL_REPRESENTATION('',(#1742),#1746);
#1742 = LINE('',#1743,#1744);
#1743 = CARTESIAN_POINT('',(17.999999821186,0.));
#1744 = VECTOR('',#1745,1.);
#1745 = DIRECTION('',(0.,1.));
#1746 = ( GEOMETRIC_REPRESENTATION_CONTEXT(2) 
PARAMETRIC_REPRESENTATION_CONTEXT() REPRESENTATION_CONTEXT('2D SPACE',''
  ) );
#1747 = ORIENTED_EDGE('',*,*,#1748,.F.);
#1748 = EDGE_CURVE('',#1669,#1721,#1749,.T.);
#1749 = SURFACE_CURVE('',#1750,(#1755,#1766),.PCURVE_S1.);
#1750 = CIRCLE('',#1751,27.);
#1751 = AXIS2_PLACEMENT_3D('',#1752,#1753,#1754);
#1752 = CARTESIAN_POINT('',(69.,57.,-12.00000017881));
#1753 = DIRECTION('',(0.,0.,-1.));
#1754 = DIRECTION('',(1.,6.579099405186E-16,0.));
#1755 = PCURVE('',#1650,#1756);
#1756 = DEFINITIONAL_REPRESENTATION('',(#1757),#1765);
#1757 = ( BOUNDED_CURVE() B_SPLINE_CURVE(2,(#1758,#1759,#1760,#1761,
#1762,#1763,#1764),.UNSPECIFIED.,.T.,.F.) B_SPLINE_CURVE_WITH_KNOTS((1,2
    ,2,2,2,1),(-2.094395102393,0.,2.094395102393,4.188790204786,
6.28318530718,8.377580409573),.UNSPECIFIED.) CURVE() 
GEOMETRIC_REPRESENTATION_ITEM() RATIONAL_B_SPLINE_CURVE((1.,0.5,1.,0.5,
1.,0.5,1.)) REPRESENTATION_ITEM('') );
#1758 = CARTESIAN_POINT('',(-7.5,96.));
#1759 = CARTESIAN_POINT('',(-7.5,142.76537180436));
#1760 = CARTESIAN_POINT('',(33.,119.38268590218));
#1761 = CARTESIAN_POINT('',(73.5,96.));
#1762 = CARTESIAN_POINT('',(33.,72.61731409782));
#1763 = CARTESIAN_POINT('',(-7.5,49.23462819564));
#1764 = CARTESIAN_POINT('',(-7.5,96.));
#1765 = ( GEOMETRIC_REPRESENTATION_CONTEXT(2) 
PARAMETRIC_REPRESENTATION_CONTEXT() REPRESENTATION_CONTEXT('2D SPACE',''
  ) );
#1766 = PCURVE('',#949,#1767);
#1767 = DEFINITIONAL_REPRESENTATION('',(#1768),#1772);
#1768 = LINE('',#1769,#1770);
#1769 = CARTESIAN_POINT('',(-8.881784197001E-16,12.000000178814));
#1770 = VECTOR('',#1771,1.);
#1771 = DIRECTION('',(1.,0.));
#1772 = ( GEOMETRIC_REPRESENTATION_CONTEXT(2) 
PARAMETRIC_REPRESENTATION_CONTEXT() REPRESENTATION_CONTEXT('2D SPACE',''
  ) );
#1773 = ADVANCED_FACE('',(#1774,#1844),#1736,.F.);
#1774 = FACE_BOUND('',#1775,.T.);
#1775 = EDGE_LOOP('',(#1776,#1799,#1800,#1823));
#1776 = ORIENTED_EDGE('',*,*,#1777,.F.);
#1777 = EDGE_CURVE('',#1721,#1778,#1780,.T.);
#1778 = VERTEX_POINT('',#1779);
#1779 = CARTESIAN_POINT('',(88.5,75.674849396983,-30.));
#1780 = SURFACE_CURVE('',#1781,(#1785,#1792),.PCURVE_S1.);
#1781 = LINE('',#1782,#1783);
#1782 = CARTESIAN_POINT('',(88.5,75.674849396983,0.));
#1783 = VECTOR('',#1784,1.);
#1784 = DIRECTION('',(0.,0.,-1.));
#1785 = PCURVE('',#1736,#1786);
#1786 = DEFINITIONAL_REPRESENTATION('',(#1787),#1791);
#1787 = LINE('',#1788,#1789);
#1788 = CARTESIAN_POINT('',(30.,77.325150603017));
#1789 = VECTOR('',#1790,1.);
#1790 = DIRECTION('',(-1.,0.));
#1791 = ( GEOMETRIC_REPRESENTATION_CONTEXT(2) 
PARAMETRIC_REPRESENTATION_CONTEXT() REPRESENTATION_CONTEXT('2D SPACE',''
  ) );
#1792 = PCURVE('',#949,#1793);
#1793 = DEFINITIONAL_REPRESENTATION('',(#1794),#1798);
#1794 = LINE('',#1795,#1796);
#1795 = CARTESIAN_POINT('',(5.519398810782,0.));
#1796 = VECTOR('',#1797,1.);
#1797 = DIRECTION('',(0.,1.));
#1798 = ( GEOMETRIC_REPRESENTATION_CONTEXT(2) 
PARAMETRIC_REPRESENTATION_CONTEXT() REPRESENTATION_CONTEXT('2D SPACE',''
  ) );
#1799 = ORIENTED_EDGE('',*,*,#1720,.F.);
#1800 = ORIENTED_EDGE('',*,*,#1801,.F.);
#1801 = EDGE_CURVE('',#1802,#1698,#1804,.T.);
#1802 = VERTEX_POINT('',#1803);
#1803 = CARTESIAN_POINT('',(88.5,153.,-30.));
#1804 = SURFACE_CURVE('',#1805,(#1809,#1816),.PCURVE_S1.);
#1805 = LINE('',#1806,#1807);
#1806 = CARTESIAN_POINT('',(88.5,153.,-25.5));
#1807 = VECTOR('',#1808,1.);
#1808 = DIRECTION('',(0.,0.,1.));
#1809 = PCURVE('',#1736,#1810);
#1810 = DEFINITIONAL_REPRESENTATION('',(#1811),#1815);
#1811 = LINE('',#1812,#1813);
#1812 = CARTESIAN_POINT('',(4.5,0.));
#1813 = VECTOR('',#1814,1.);
#1814 = DIRECTION('',(1.,0.));
#1815 = ( GEOMETRIC_REPRESENTATION_CONTEXT(2) 
PARAMETRIC_REPRESENTATION_CONTEXT() REPRESENTATION_CONTEXT('2D SPACE',''
  ) );
#1816 = PCURVE('',#1624,#1817);
#1817 = DEFINITIONAL_REPRESENTATION('',(#1818),#1822);
#1818 = LINE('',#1819,#1820);
#1819 = CARTESIAN_POINT('',(-21.,-4.5));
#1820 = VECTOR('',#1821,1.);
#1821 = DIRECTION('',(0.,1.));
#1822 = ( GEOMETRIC_REPRESENTATION_CONTEXT(2) 
PARAMETRIC_REPRESENTATION_CONTEXT() REPRESENTATION_CONTEXT('2D SPACE',''
  ) );
#1823 = ORIENTED_EDGE('',*,*,#1824,.T.);
#1824 = EDGE_CURVE('',#1802,#1778,#1825,.T.);
#1825 = SURFACE_CURVE('',#1826,(#1830,#1837),.PCURVE_S1.);
#1826 = LINE('',#1827,#1828);
#1827 = CARTESIAN_POINT('',(88.5,153.,-30.));
#1828 = VECTOR('',#1829,1.);
#1829 = DIRECTION('',(0.,-1.,0.));
#1830 = PCURVE('',#1736,#1831);
#1831 = DEFINITIONAL_REPRESENTATION('',(#1832),#1836);
#1832 = LINE('',#1833,#1834);
#1833 = CARTESIAN_POINT('',(0.,0.));
#1834 = VECTOR('',#1835,1.);
#1835 = DIRECTION('',(0.,1.));
#1836 = ( GEOMETRIC_REPRESENTATION_CONTEXT(2) 
PARAMETRIC_REPRESENTATION_CONTEXT() REPRESENTATION_CONTEXT('2D SPACE',''
  ) );
#1837 = PCURVE('',#1596,#1838);
#1838 = DEFINITIONAL_REPRESENTATION('',(#1839),#1843);
#1839 = LINE('',#1840,#1841);
#1840 = CARTESIAN_POINT('',(42.,0.));
#1841 = VECTOR('',#1842,1.);
#1842 = DIRECTION('',(0.,1.));
#1843 = ( GEOMETRIC_REPRESENTATION_CONTEXT(2) 
PARAMETRIC_REPRESENTATION_CONTEXT() REPRESENTATION_CONTEXT('2D SPACE',''
  ) );
#1844 = FACE_BOUND('',#1845,.T.);
#1845 = EDGE_LOOP('',(#1846));
#1846 = ORIENTED_EDGE('',*,*,#1847,.T.);
#1847 = EDGE_CURVE('',#1848,#1848,#1850,.T.);
#1848 = VERTEX_POINT('',#1849);
#1849 = CARTESIAN_POINT('',(88.5,137.,-24.));
#1850 = SURFACE_CURVE('',#1851,(#1856,#1863),.PCURVE_S1.);
#1851 = CIRCLE('',#1852,3.);
#1852 = AXIS2_PLACEMENT_3D('',#1853,#1854,#1855);
#1853 = CARTESIAN_POINT('',(88.5,137.,-21.));
#1854 = DIRECTION('',(1.,0.,0.));
#1855 = DIRECTION('',(-0.,0.,1.));
#1856 = PCURVE('',#1736,#1857);
#1857 = DEFINITIONAL_REPRESENTATION('',(#1858),#1862);
#1858 = CIRCLE('',#1859,3.);
#1859 = AXIS2_PLACEMENT_2D('',#1860,#1861);
#1860 = CARTESIAN_POINT('',(9.,16.));
#1861 = DIRECTION('',(1.,0.));
#1862 = ( GEOMETRIC_REPRESENTATION_CONTEXT(2) 
PARAMETRIC_REPRESENTATION_CONTEXT() REPRESENTATION_CONTEXT('2D SPACE',''
  ) );
#1863 = PCURVE('',#1864,#1869);
#1864 = CYLINDRICAL_SURFACE('',#1865,3.);
#1865 = AXIS2_PLACEMENT_3D('',#1866,#1867,#1868);
#1866 = CARTESIAN_POINT('',(37.5,137.,-21.));
#1867 = DIRECTION('',(1.,0.,1.184237892934E-16));
#1868 = DIRECTION('',(-1.184237892934E-16,0.,1.));
#1869 = DEFINITIONAL_REPRESENTATION('',(#1870),#1874);
#1870 = LINE('',#1871,#1872);
#1871 = CARTESIAN_POINT('',(0.,51.));
#1872 = VECTOR('',#1873,1.);
#1873 = DIRECTION('',(1.,0.));
#1874 = ( GEOMETRIC_REPRESENTATION_CONTEXT(2) 
PARAMETRIC_REPRESENTATION_CONTEXT() REPRESENTATION_CONTEXT('2D SPACE',''
  ) );
#1875 = ADVANCED_FACE('',(#1876),#1864,.F.);
#1876 = FACE_BOUND('',#1877,.F.);
#1877 = EDGE_LOOP('',(#1878,#1901,#1923,#1924));
#1878 = ORIENTED_EDGE('',*,*,#1879,.T.);
#1879 = EDGE_CURVE('',#1848,#1880,#1882,.T.);
#1880 = VERTEX_POINT('',#1881);
#1881 = CARTESIAN_POINT('',(97.5,137.,-24.));
#1882 = SEAM_CURVE('',#1883,(#1887,#1894),.PCURVE_S1.);
#1883 = LINE('',#1884,#1885);
#1884 = CARTESIAN_POINT('',(37.5,137.,-24.));
#1885 = VECTOR('',#1886,1.);
#1886 = DIRECTION('',(1.,0.,1.184237892934E-16));
#1887 = PCURVE('',#1864,#1888);
#1888 = DEFINITIONAL_REPRESENTATION('',(#1889),#1893);
#1889 = LINE('',#1890,#1891);
#1890 = CARTESIAN_POINT('',(9.424777960769,0.));
#1891 = VECTOR('',#1892,1.);
#1892 = DIRECTION('',(0.,1.));
#1893 = ( GEOMETRIC_REPRESENTATION_CONTEXT(2) 
PARAMETRIC_REPRESENTATION_CONTEXT() REPRESENTATION_CONTEXT('2D SPACE',''
  ) );
#1894 = PCURVE('',#1864,#1895);
#1895 = DEFINITIONAL_REPRESENTATION('',(#1896),#1900);
#1896 = LINE('',#1897,#1898);
#1897 = CARTESIAN_POINT('',(3.14159265359,0.));
#1898 = VECTOR('',#1899,1.);
#1899 = DIRECTION('',(0.,1.));
#1900 = ( GEOMETRIC_REPRESENTATION_CONTEXT(2) 
PARAMETRIC_REPRESENTATION_CONTEXT() REPRESENTATION_CONTEXT('2D SPACE',''
  ) );
#1901 = ORIENTED_EDGE('',*,*,#1902,.T.);
#1902 = EDGE_CURVE('',#1880,#1880,#1903,.T.);
#1903 = SURFACE_CURVE('',#1904,(#1909,#1916),.PCURVE_S1.);
#1904 = CIRCLE('',#1905,3.);
#1905 = AXIS2_PLACEMENT_3D('',#1906,#1907,#1908);
#1906 = CARTESIAN_POINT('',(97.5,137.,-21.));
#1907 = DIRECTION('',(-1.,0.,0.));
#1908 = DIRECTION('',(0.,0.,1.));
#1909 = PCURVE('',#1864,#1910);
#1910 = DEFINITIONAL_REPRESENTATION('',(#1911),#1915);
#1911 = LINE('',#1912,#1913);
#1912 = CARTESIAN_POINT('',(12.566370614359,60.));
#1913 = VECTOR('',#1914,1.);
#1914 = DIRECTION('',(-1.,0.));
#1915 = ( GEOMETRIC_REPRESENTATION_CONTEXT(2) 
PARAMETRIC_REPRESENTATION_CONTEXT() REPRESENTATION_CONTEXT('2D SPACE',''
  ) );
#1916 = PCURVE('',#601,#1917);
#1917 = DEFINITIONAL_REPRESENTATION('',(#1918),#1922);
#1918 = CIRCLE('',#1919,3.);
#1919 = AXIS2_PLACEMENT_2D('',#1920,#1921);
#1920 = CARTESIAN_POINT('',(25.688399029305,21.));
#1921 = DIRECTION('',(0.,-1.));
#1922 = ( GEOMETRIC_REPRESENTATION_CONTEXT(2) 
PARAMETRIC_REPRESENTATION_CONTEXT() REPRESENTATION_CONTEXT('2D SPACE',''
  ) );
#1923 = ORIENTED_EDGE('',*,*,#1879,.F.);
#1924 = ORIENTED_EDGE('',*,*,#1847,.T.);
#1925 = ADVANCED_FACE('',(#1926),#1684,.F.);
#1926 = FACE_BOUND('',#1927,.T.);
#1927 = EDGE_LOOP('',(#1928,#1929,#1952,#1975));
#1928 = ORIENTED_EDGE('',*,*,#1668,.T.);
#1929 = ORIENTED_EDGE('',*,*,#1930,.F.);
#1930 = EDGE_CURVE('',#1931,#1669,#1933,.T.);
#1931 = VERTEX_POINT('',#1932);
#1932 = CARTESIAN_POINT('',(69.,84.,0.));
#1933 = SURFACE_CURVE('',#1934,(#1938,#1945),.PCURVE_S1.);
#1934 = LINE('',#1935,#1936);
#1935 = CARTESIAN_POINT('',(69.,84.,0.));
#1936 = VECTOR('',#1937,1.);
#1937 = DIRECTION('',(0.,0.,-1.));
#1938 = PCURVE('',#1684,#1939);
#1939 = DEFINITIONAL_REPRESENTATION('',(#1940),#1944);
#1940 = LINE('',#1941,#1942);
#1941 = CARTESIAN_POINT('',(22.5,0.));
#1942 = VECTOR('',#1943,1.);
#1943 = DIRECTION('',(0.,1.));
#1944 = ( GEOMETRIC_REPRESENTATION_CONTEXT(2) 
PARAMETRIC_REPRESENTATION_CONTEXT() REPRESENTATION_CONTEXT('2D SPACE',''
  ) );
#1945 = PCURVE('',#949,#1946);
#1946 = DEFINITIONAL_REPRESENTATION('',(#1947),#1951);
#1947 = LINE('',#1948,#1949);
#1948 = CARTESIAN_POINT('',(4.712388980385,0.));
#1949 = VECTOR('',#1950,1.);
#1950 = DIRECTION('',(0.,1.));
#1951 = ( GEOMETRIC_REPRESENTATION_CONTEXT(2) 
PARAMETRIC_REPRESENTATION_CONTEXT() REPRESENTATION_CONTEXT('2D SPACE',''
  ) );
#1952 = ORIENTED_EDGE('',*,*,#1953,.T.);
#1953 = EDGE_CURVE('',#1931,#1954,#1956,.T.);
#1954 = VERTEX_POINT('',#1955);
#1955 = CARTESIAN_POINT('',(46.5,84.,0.));
#1956 = SURFACE_CURVE('',#1957,(#1961,#1968),.PCURVE_S1.);
#1957 = LINE('',#1958,#1959);
#1958 = CARTESIAN_POINT('',(69.,84.,0.));
#1959 = VECTOR('',#1960,1.);
#1960 = DIRECTION('',(-1.,0.,0.));
#1961 = PCURVE('',#1684,#1962);
#1962 = DEFINITIONAL_REPRESENTATION('',(#1963),#1967);
#1963 = LINE('',#1964,#1965);
#1964 = CARTESIAN_POINT('',(22.5,0.));
#1965 = VECTOR('',#1966,1.);
#1966 = DIRECTION('',(-1.,0.));
#1967 = ( GEOMETRIC_REPRESENTATION_CONTEXT(2) 
PARAMETRIC_REPRESENTATION_CONTEXT() REPRESENTATION_CONTEXT('2D SPACE',''
  ) );
#1968 = PCURVE('',#159,#1969);
#1969 = DEFINITIONAL_REPRESENTATION('',(#1970),#1974);
#1970 = LINE('',#1971,#1972);
#1971 = CARTESIAN_POINT('',(69.,84.));
#1972 = VECTOR('',#1973,1.);
#1973 = DIRECTION('',(-1.,0.));
#1974 = ( GEOMETRIC_REPRESENTATION_CONTEXT(2) 
PARAMETRIC_REPRESENTATION_CONTEXT() REPRESENTATION_CONTEXT('2D SPACE',''
  ) );
#1975 = ORIENTED_EDGE('',*,*,#1976,.T.);
#1976 = EDGE_CURVE('',#1954,#1556,#1977,.T.);
#1977 = SURFACE_CURVE('',#1978,(#1982,#1989),.PCURVE_S1.);
#1978 = LINE('',#1979,#1980);
#1979 = CARTESIAN_POINT('',(46.5,84.,0.));
#1980 = VECTOR('',#1981,1.);
#1981 = DIRECTION('',(0.,0.,-1.));
#1982 = PCURVE('',#1684,#1983);
#1983 = DEFINITIONAL_REPRESENTATION('',(#1984),#1988);
#1984 = LINE('',#1985,#1986);
#1985 = CARTESIAN_POINT('',(0.,0.));
#1986 = VECTOR('',#1987,1.);
#1987 = DIRECTION('',(0.,1.));
#1988 = ( GEOMETRIC_REPRESENTATION_CONTEXT(2) 
PARAMETRIC_REPRESENTATION_CONTEXT() REPRESENTATION_CONTEXT('2D SPACE',''
  ) );
#1989 = PCURVE('',#1006,#1990);
#1990 = DEFINITIONAL_REPRESENTATION('',(#1991),#1995);
#1991 = LINE('',#1992,#1993);
#1992 = CARTESIAN_POINT('',(4.71164445159,0.));
#1993 = VECTOR('',#1994,1.);
#1994 = DIRECTION('',(0.,1.));
#1995 = ( GEOMETRIC_REPRESENTATION_CONTEXT(2) 
PARAMETRIC_REPRESENTATION_CONTEXT() REPRESENTATION_CONTEXT('2D SPACE',''
  ) );
#1996 = ADVANCED_FACE('',(#1997,#2023),#1624,.F.);
#1997 = FACE_BOUND('',#1998,.T.);
#1998 = EDGE_LOOP('',(#1999,#2000,#2001,#2022));
#1999 = ORIENTED_EDGE('',*,*,#1697,.T.);
#2000 = ORIENTED_EDGE('',*,*,#1608,.T.);
#2001 = ORIENTED_EDGE('',*,*,#2002,.T.);
#2002 = EDGE_CURVE('',#1581,#1802,#2003,.T.);
#2003 = SURFACE_CURVE('',#2004,(#2008,#2015),.PCURVE_S1.);
#2004 = LINE('',#2005,#2006);
#2005 = CARTESIAN_POINT('',(65.25,153.,-30.));
#2006 = VECTOR('',#2007,1.);
#2007 = DIRECTION('',(1.,0.,0.));
#2008 = PCURVE('',#1624,#2009);
#2009 = DEFINITIONAL_REPRESENTATION('',(#2010),#2014);
#2010 = LINE('',#2011,#2012);
#2011 = CARTESIAN_POINT('',(2.25,-9.));
#2012 = VECTOR('',#2013,1.);
#2013 = DIRECTION('',(-1.,0.));
#2014 = ( GEOMETRIC_REPRESENTATION_CONTEXT(2) 
PARAMETRIC_REPRESENTATION_CONTEXT() REPRESENTATION_CONTEXT('2D SPACE',''
  ) );
#2015 = PCURVE('',#1596,#2016);
#2016 = DEFINITIONAL_REPRESENTATION('',(#2017),#2021);
#2017 = LINE('',#2018,#2019);
#2018 = CARTESIAN_POINT('',(18.75,0.));
#2019 = VECTOR('',#2020,1.);
#2020 = DIRECTION('',(1.,0.));
#2021 = ( GEOMETRIC_REPRESENTATION_CONTEXT(2) 
PARAMETRIC_REPRESENTATION_CONTEXT() REPRESENTATION_CONTEXT('2D SPACE',''
  ) );
#2022 = ORIENTED_EDGE('',*,*,#1801,.T.);
#2023 = FACE_BOUND('',#2024,.T.);
#2024 = EDGE_LOOP('',(#2025));
#2025 = ORIENTED_EDGE('',*,*,#2026,.F.);
#2026 = EDGE_CURVE('',#2027,#2027,#2029,.T.);
#2027 = VERTEX_POINT('',#2028);
#2028 = CARTESIAN_POINT('',(74.5175,153.,-21.));
#2029 = SURFACE_CURVE('',#2030,(#2035,#2046),.PCURVE_S1.);
#2030 = CIRCLE('',#2031,7.0175);
#2031 = AXIS2_PLACEMENT_3D('',#2032,#2033,#2034);
#2032 = CARTESIAN_POINT('',(67.5,153.,-21.));
#2033 = DIRECTION('',(0.,-1.,0.));
#2034 = DIRECTION('',(-1.,0.,0.));
#2035 = PCURVE('',#1624,#2036);
#2036 = DEFINITIONAL_REPRESENTATION('',(#2037),#2045);
#2037 = ( BOUNDED_CURVE() B_SPLINE_CURVE(2,(#2038,#2039,#2040,#2041,
#2042,#2043,#2044),.UNSPECIFIED.,.T.,.F.) B_SPLINE_CURVE_WITH_KNOTS((1,2
    ,2,2,2,1),(-2.094395102393,0.,2.094395102393,4.188790204786,
6.28318530718,8.377580409573),.UNSPECIFIED.) CURVE() 
GEOMETRIC_REPRESENTATION_ITEM() RATIONAL_B_SPLINE_CURVE((1.,0.5,1.,0.5,
1.,0.5,1.)) REPRESENTATION_ITEM('') );
#2038 = CARTESIAN_POINT('',(7.0175,0.));
#2039 = CARTESIAN_POINT('',(7.0175,-12.15466654211));
#2040 = CARTESIAN_POINT('',(-3.50875,-6.077333271057));
#2041 = CARTESIAN_POINT('',(-14.035,-1.718791782603E-15));
#2042 = CARTESIAN_POINT('',(-3.50875,6.077333271057));
#2043 = CARTESIAN_POINT('',(7.0175,12.154666542115));
#2044 = CARTESIAN_POINT('',(7.0175,0.));
#2045 = ( GEOMETRIC_REPRESENTATION_CONTEXT(2) 
PARAMETRIC_REPRESENTATION_CONTEXT() REPRESENTATION_CONTEXT('2D SPACE',''
  ) );
#2046 = PCURVE('',#2047,#2052);
#2047 = CYLINDRICAL_SURFACE('',#2048,7.0175);
#2048 = AXIS2_PLACEMENT_3D('',#2049,#2050,#2051);
#2049 = CARTESIAN_POINT('',(67.5,162.,-21.));
#2050 = DIRECTION('',(0.,-1.,0.));
#2051 = DIRECTION('',(-1.,0.,0.));
#2052 = DEFINITIONAL_REPRESENTATION('',(#2053),#2057);
#2053 = LINE('',#2054,#2055);
#2054 = CARTESIAN_POINT('',(0.,9.));
#2055 = VECTOR('',#2056,1.);
#2056 = DIRECTION('',(1.,0.));
#2057 = ( GEOMETRIC_REPRESENTATION_CONTEXT(2) 
PARAMETRIC_REPRESENTATION_CONTEXT() REPRESENTATION_CONTEXT('2D SPACE',''
  ) );
#2058 = ADVANCED_FACE('',(#2059),#2047,.F.);
#2059 = FACE_BOUND('',#2060,.F.);
#2060 = EDGE_LOOP('',(#2061,#2090,#2111,#2112));
#2061 = ORIENTED_EDGE('',*,*,#2062,.F.);
#2062 = EDGE_CURVE('',#2063,#2063,#2065,.T.);
#2063 = VERTEX_POINT('',#2064);
#2064 = CARTESIAN_POINT('',(74.5175,179.95,-21.));
#2065 = SURFACE_CURVE('',#2066,(#2071,#2078),.PCURVE_S1.);
#2066 = CIRCLE('',#2067,7.0175);
#2067 = AXIS2_PLACEMENT_3D('',#2068,#2069,#2070);
#2068 = CARTESIAN_POINT('',(67.5,179.95,-21.));
#2069 = DIRECTION('',(0.,1.,0.));
#2070 = DIRECTION('',(1.,-0.,-1.518794590153E-15));
#2071 = PCURVE('',#2047,#2072);
#2072 = DEFINITIONAL_REPRESENTATION('',(#2073),#2077);
#2073 = LINE('',#2074,#2075);
#2074 = CARTESIAN_POINT('',(9.424777960769,-17.95));
#2075 = VECTOR('',#2076,1.);
#2076 = DIRECTION('',(-1.,0.));
#2077 = ( GEOMETRIC_REPRESENTATION_CONTEXT(2) 
PARAMETRIC_REPRESENTATION_CONTEXT() REPRESENTATION_CONTEXT('2D SPACE',''
  ) );
#2078 = PCURVE('',#2079,#2084);
#2079 = PLANE('',#2080);
#2080 = AXIS2_PLACEMENT_3D('',#2081,#2082,#2083);
#2081 = CARTESIAN_POINT('',(67.5,179.95,-21.));
#2082 = DIRECTION('',(0.,1.,0.));
#2083 = DIRECTION('',(0.,-0.,1.));
#2084 = DEFINITIONAL_REPRESENTATION('',(#2085),#2089);
#2085 = CIRCLE('',#2086,7.0175);
#2086 = AXIS2_PLACEMENT_2D('',#2087,#2088);
#2087 = CARTESIAN_POINT('',(-7.105427357601E-15,0.));
#2088 = DIRECTION('',(-1.518794590153E-15,1.));
#2089 = ( GEOMETRIC_REPRESENTATION_CONTEXT(2) 
PARAMETRIC_REPRESENTATION_CONTEXT() REPRESENTATION_CONTEXT('2D SPACE',''
  ) );
#2090 = ORIENTED_EDGE('',*,*,#2091,.T.);
#2091 = EDGE_CURVE('',#2063,#2027,#2092,.T.);
#2092 = SEAM_CURVE('',#2093,(#2097,#2104),.PCURVE_S1.);
#2093 = LINE('',#2094,#2095);
#2094 = CARTESIAN_POINT('',(74.5175,162.,-21.));
#2095 = VECTOR('',#2096,1.);
#2096 = DIRECTION('',(0.,-1.,0.));
#2097 = PCURVE('',#2047,#2098);
#2098 = DEFINITIONAL_REPRESENTATION('',(#2099),#2103);
#2099 = LINE('',#2100,#2101);
#2100 = CARTESIAN_POINT('',(9.424777960769,0.));
#2101 = VECTOR('',#2102,1.);
#2102 = DIRECTION('',(0.,1.));
#2103 = ( GEOMETRIC_REPRESENTATION_CONTEXT(2) 
PARAMETRIC_REPRESENTATION_CONTEXT() REPRESENTATION_CONTEXT('2D SPACE',''
  ) );
#2104 = PCURVE('',#2047,#2105);
#2105 = DEFINITIONAL_REPRESENTATION('',(#2106),#2110);
#2106 = LINE('',#2107,#2108);
#2107 = CARTESIAN_POINT('',(3.14159265359,0.));
#2108 = VECTOR('',#2109,1.);
#2109 = DIRECTION('',(0.,1.));
#2110 = ( GEOMETRIC_REPRESENTATION_CONTEXT(2) 
PARAMETRIC_REPRESENTATION_CONTEXT() REPRESENTATION_CONTEXT('2D SPACE',''
  ) );
#2111 = ORIENTED_EDGE('',*,*,#2026,.F.);
#2112 = ORIENTED_EDGE('',*,*,#2091,.F.);
#2113 = ADVANCED_FACE('',(#2114),#2079,.F.);
#2114 = FACE_BOUND('',#2115,.T.);
#2115 = EDGE_LOOP('',(#2116));
#2116 = ORIENTED_EDGE('',*,*,#2062,.F.);
#2117 = ADVANCED_FACE('',(#2118),#1596,.F.);
#2118 = FACE_BOUND('',#2119,.T.);
#2119 = EDGE_LOOP('',(#2120,#2143,#2169,#2170,#2171));
#2120 = ORIENTED_EDGE('',*,*,#2121,.F.);
#2121 = EDGE_CURVE('',#2122,#1558,#2124,.T.);
#2122 = VERTEX_POINT('',#2123);
#2123 = CARTESIAN_POINT('',(69.,84.,-30.));
#2124 = SURFACE_CURVE('',#2125,(#2129,#2136),.PCURVE_S1.);
#2125 = LINE('',#2126,#2127);
#2126 = CARTESIAN_POINT('',(46.5,84.,-30.));
#2127 = VECTOR('',#2128,1.);
#2128 = DIRECTION('',(-1.,0.,0.));
#2129 = PCURVE('',#1596,#2130);
#2130 = DEFINITIONAL_REPRESENTATION('',(#2131),#2135);
#2131 = LINE('',#2132,#2133);
#2132 = CARTESIAN_POINT('',(-1.989519660128E-13,69.));
#2133 = VECTOR('',#2134,1.);
#2134 = DIRECTION('',(-1.,0.));
#2135 = ( GEOMETRIC_REPRESENTATION_CONTEXT(2) 
PARAMETRIC_REPRESENTATION_CONTEXT() REPRESENTATION_CONTEXT('2D SPACE',''
  ) );
#2136 = PCURVE('',#977,#2137);
#2137 = DEFINITIONAL_REPRESENTATION('',(#2138),#2142);
#2138 = LINE('',#2139,#2140);
#2139 = CARTESIAN_POINT('',(9.947598300641E-14,30.));
#2140 = VECTOR('',#2141,1.);
#2141 = DIRECTION('',(-1.,0.));
#2142 = ( GEOMETRIC_REPRESENTATION_CONTEXT(2) 
PARAMETRIC_REPRESENTATION_CONTEXT() REPRESENTATION_CONTEXT('2D SPACE',''
  ) );
#2143 = ORIENTED_EDGE('',*,*,#2144,.F.);
#2144 = EDGE_CURVE('',#1778,#2122,#2145,.T.);
#2145 = SURFACE_CURVE('',#2146,(#2151,#2162),.PCURVE_S1.);
#2146 = CIRCLE('',#2147,27.);
#2147 = AXIS2_PLACEMENT_3D('',#2148,#2149,#2150);
#2148 = CARTESIAN_POINT('',(69.,57.,-30.));
#2149 = DIRECTION('',(0.,0.,1.));
#2150 = DIRECTION('',(1.,6.579099405186E-16,-0.));
#2151 = PCURVE('',#1596,#2152);
#2152 = DEFINITIONAL_REPRESENTATION('',(#2153),#2161);
#2153 = ( BOUNDED_CURVE() B_SPLINE_CURVE(2,(#2154,#2155,#2156,#2157,
#2158,#2159,#2160),.UNSPECIFIED.,.T.,.F.) B_SPLINE_CURVE_WITH_KNOTS((1,2
    ,2,2,2,1),(-2.094395102393,0.,2.094395102393,4.188790204786,
6.28318530718,8.377580409573),.UNSPECIFIED.) CURVE() 
GEOMETRIC_REPRESENTATION_ITEM() RATIONAL_B_SPLINE_CURVE((1.,0.5,1.,0.5,
1.,0.5,1.)) REPRESENTATION_ITEM('') );
#2154 = CARTESIAN_POINT('',(49.5,96.));
#2155 = CARTESIAN_POINT('',(49.5,49.23462819564));
#2156 = CARTESIAN_POINT('',(9.,72.61731409782));
#2157 = CARTESIAN_POINT('',(-31.5,96.));
#2158 = CARTESIAN_POINT('',(9.,119.38268590218));
#2159 = CARTESIAN_POINT('',(49.5,142.76537180436));
#2160 = CARTESIAN_POINT('',(49.5,96.));
#2161 = ( GEOMETRIC_REPRESENTATION_CONTEXT(2) 
PARAMETRIC_REPRESENTATION_CONTEXT() REPRESENTATION_CONTEXT('2D SPACE',''
  ) );
#2162 = PCURVE('',#949,#2163);
#2163 = DEFINITIONAL_REPRESENTATION('',(#2164),#2168);
#2164 = LINE('',#2165,#2166);
#2165 = CARTESIAN_POINT('',(6.28318530718,30.));
#2166 = VECTOR('',#2167,1.);
#2167 = DIRECTION('',(-1.,0.));
#2168 = ( GEOMETRIC_REPRESENTATION_CONTEXT(2) 
PARAMETRIC_REPRESENTATION_CONTEXT() REPRESENTATION_CONTEXT('2D SPACE',''
  ) );
#2169 = ORIENTED_EDGE('',*,*,#1824,.F.);
#2170 = ORIENTED_EDGE('',*,*,#2002,.F.);
#2171 = ORIENTED_EDGE('',*,*,#1580,.T.);
#2172 = ADVANCED_FACE('',(#2173),#1405,.T.);
#2173 = FACE_BOUND('',#2174,.T.);
#2174 = EDGE_LOOP('',(#2175,#2205,#2271,#2272));
#2175 = ORIENTED_EDGE('',*,*,#2176,.T.);
#2176 = EDGE_CURVE('',#2177,#2179,#2181,.T.);
#2177 = VERTEX_POINT('',#2178);
#2178 = CARTESIAN_POINT('',(43.5,162.,-6.));
#2179 = VERTEX_POINT('',#2180);
#2180 = CARTESIAN_POINT('',(43.5,162.,-36.));
#2181 = SURFACE_CURVE('',#2182,(#2186,#2193),.PCURVE_S1.);
#2182 = LINE('',#2183,#2184);
#2183 = CARTESIAN_POINT('',(43.5,162.,-31.5));
#2184 = VECTOR('',#2185,1.);
#2185 = DIRECTION('',(1.057355261548E-16,0.,-1.));
#2186 = PCURVE('',#1405,#2187);
#2187 = DEFINITIONAL_REPRESENTATION('',(#2188),#2192);
#2188 = LINE('',#2189,#2190);
#2189 = CARTESIAN_POINT('',(5.497787143782,0.));
#2190 = VECTOR('',#2191,1.);
#2191 = DIRECTION('',(0.,-1.));
#2192 = ( GEOMETRIC_REPRESENTATION_CONTEXT(2) 
PARAMETRIC_REPRESENTATION_CONTEXT() REPRESENTATION_CONTEXT('2D SPACE',''
  ) );
#2193 = PCURVE('',#2194,#2199);
#2194 = PLANE('',#2195);
#2195 = AXIS2_PLACEMENT_3D('',#2196,#2197,#2198);
#2196 = CARTESIAN_POINT('',(67.5,162.,-21.));
#2197 = DIRECTION('',(0.,1.,0.));
#2198 = DIRECTION('',(0.,-0.,1.));
#2199 = DEFINITIONAL_REPRESENTATION('',(#2200),#2204);
#2200 = LINE('',#2201,#2202);
#2201 = CARTESIAN_POINT('',(-10.5,-24.));
#2202 = VECTOR('',#2203,1.);
#2203 = DIRECTION('',(-1.,1.057355261548E-16));
#2204 = ( GEOMETRIC_REPRESENTATION_CONTEXT(2) 
PARAMETRIC_REPRESENTATION_CONTEXT() REPRESENTATION_CONTEXT('2D SPACE',''
  ) );
#2205 = ORIENTED_EDGE('',*,*,#2206,.T.);
#2206 = EDGE_CURVE('',#2179,#558,#2207,.T.);
#2207 = SURFACE_CURVE('',#2208,(#2213,#2242),.PCURVE_S1.);
#2208 = ELLIPSE('',#2209,8.485281374239,6.);
#2209 = AXIS2_PLACEMENT_3D('',#2210,#2211,#2212);
#2210 = CARTESIAN_POINT('',(43.5,156.,-36.));
#2211 = DIRECTION('',(-0.707106781187,0.,0.707106781187));
#2212 = DIRECTION('',(-0.707106781187,0.,-0.707106781187));
#2213 = PCURVE('',#1405,#2214);
#2214 = DEFINITIONAL_REPRESENTATION('',(#2215),#2241);
#2215 = B_SPLINE_CURVE_WITH_KNOTS('',3,(#2216,#2217,#2218,#2219,#2220,
    #2221,#2222,#2223,#2224,#2225,#2226,#2227,#2228,#2229,#2230,#2231,
    #2232,#2233,#2234,#2235,#2236,#2237,#2238,#2239,#2240),
  .UNSPECIFIED.,.F.,.F.,(4,1,1,1,1,1,1,1,1,1,1,1,1,1,1,1,1,1,1,1,1,1,4),
  (4.712388980385,4.783788813421,4.855188646457,4.926588479493,
    4.997988312529,5.069388145565,5.140787978601,5.212187811638,
    5.283587644674,5.35498747771,5.426387310746,5.497787143782,
    5.569186976818,5.640586809854,5.711986642891,5.783386475927,
    5.854786308963,5.926186141999,5.997585975035,6.068985808071,
    6.140385641107,6.211785474143,6.28318530718),.QUASI_UNIFORM_KNOTS.);
#2216 = CARTESIAN_POINT('',(5.497787143782,-4.5));
#2217 = CARTESIAN_POINT('',(5.521587088128,-4.642800777411));
#2218 = CARTESIAN_POINT('',(5.569186976818,-4.928398410977));
#2219 = CARTESIAN_POINT('',(5.640586809854,-5.354614990636));
#2220 = CARTESIAN_POINT('',(5.711986642891,-5.776475804316));
#2221 = CARTESIAN_POINT('',(5.783386475927,-6.191832216008));
#2222 = CARTESIAN_POINT('',(5.854786308963,-6.598567377943));
#2223 = CARTESIAN_POINT('',(5.926186141999,-6.994608737788));
#2224 = CARTESIAN_POINT('',(5.997585975035,-7.377938138972));
#2225 = CARTESIAN_POINT('',(6.068985808071,-7.746602228247));
#2226 = CARTESIAN_POINT('',(6.140385641107,-8.098722376442));
#2227 = CARTESIAN_POINT('',(6.211785474143,-8.432504260395));
#2228 = CARTESIAN_POINT('',(6.28318530718,-8.746247004008));
#2229 = CARTESIAN_POINT('',(6.354585140216,-9.038351846289));
#2230 = CARTESIAN_POINT('',(6.425984973252,-9.307330287588));
#2231 = CARTESIAN_POINT('',(6.497384806288,-9.551811676636));
#2232 = CARTESIAN_POINT('',(6.568784639324,-9.770550187789));
#2233 = CARTESIAN_POINT('',(6.64018447236,-9.962431196627));
#2234 = CARTESIAN_POINT('',(6.711584305396,-10.12647685846));
#2235 = CARTESIAN_POINT('',(6.782984138433,-10.2618514695));
#2236 = CARTESIAN_POINT('',(6.854383971469,-10.36786431362));
#2237 = CARTESIAN_POINT('',(6.925783804505,-10.44397845094));
#2238 = CARTESIAN_POINT('',(6.997183637541,-10.48979379029));
#2239 = CARTESIAN_POINT('',(7.044783526232,-10.50001293933));
#2240 = CARTESIAN_POINT('',(7.068583470577,-10.5));
#2241 = ( GEOMETRIC_REPRESENTATION_CONTEXT(2) 
PARAMETRIC_REPRESENTATION_CONTEXT() REPRESENTATION_CONTEXT('2D SPACE',''
  ) );
#2242 = PCURVE('',#573,#2243);
#2243 = DEFINITIONAL_REPRESENTATION('',(#2244),#2270);
#2244 = B_SPLINE_CURVE_WITH_KNOTS('',3,(#2245,#2246,#2247,#2248,#2249,
    #2250,#2251,#2252,#2253,#2254,#2255,#2256,#2257,#2258,#2259,#2260,
    #2261,#2262,#2263,#2264,#2265,#2266,#2267,#2268,#2269),
  .UNSPECIFIED.,.F.,.F.,(4,1,1,1,1,1,1,1,1,1,1,1,1,1,1,1,1,1,1,1,1,1,4),
  (4.712388980385,4.783788813421,4.855188646457,4.926588479493,
    4.997988312529,5.069388145565,5.140787978601,5.212187811638,
    5.283587644674,5.35498747771,5.426387310746,5.497787143782,
    5.569186976818,5.640586809854,5.711986642891,5.783386475927,
    5.854786308963,5.926186141999,5.997585975035,6.068985808071,
    6.140385641107,6.211785474143,6.28318530718),.QUASI_UNIFORM_KNOTS.);
#2245 = CARTESIAN_POINT('',(5.497787143782,55.5));
#2246 = CARTESIAN_POINT('',(5.521587088128,55.642800777411));
#2247 = CARTESIAN_POINT('',(5.569186976818,55.928398410977));
#2248 = CARTESIAN_POINT('',(5.640586809854,56.354614990636));
#2249 = CARTESIAN_POINT('',(5.711986642891,56.776475804316));
#2250 = CARTESIAN_POINT('',(5.783386475927,57.191832216008));
#2251 = CARTESIAN_POINT('',(5.854786308963,57.598567377943));
#2252 = CARTESIAN_POINT('',(5.926186141999,57.994608737788));
#2253 = CARTESIAN_POINT('',(5.997585975035,58.377938138972));
#2254 = CARTESIAN_POINT('',(6.068985808071,58.746602228247));
#2255 = CARTESIAN_POINT('',(6.140385641107,59.098722376442));
#2256 = CARTESIAN_POINT('',(6.211785474143,59.432504260395));
#2257 = CARTESIAN_POINT('',(6.28318530718,59.746247004008));
#2258 = CARTESIAN_POINT('',(6.354585140216,60.038351846289));
#2259 = CARTESIAN_POINT('',(6.425984973252,60.307330287588));
#2260 = CARTESIAN_POINT('',(6.497384806288,60.551811676636));
#2261 = CARTESIAN_POINT('',(6.568784639324,60.770550187789));
#2262 = CARTESIAN_POINT('',(6.64018447236,60.962431196627));
#2263 = CARTESIAN_POINT('',(6.711584305396,61.126476858464));
#2264 = CARTESIAN_POINT('',(6.782984138433,61.261851469508));
#2265 = CARTESIAN_POINT('',(6.854383971469,61.367864313626));
#2266 = CARTESIAN_POINT('',(6.925783804505,61.443978450949));
#2267 = CARTESIAN_POINT('',(6.997183637541,61.489793790292));
#2268 = CARTESIAN_POINT('',(7.044783526232,61.500012939333));
#2269 = CARTESIAN_POINT('',(7.068583470577,61.5));
#2270 = ( GEOMETRIC_REPRESENTATION_CONTEXT(2) 
PARAMETRIC_REPRESENTATION_CONTEXT() REPRESENTATION_CONTEXT('2D SPACE',''
  ) );
#2271 = ORIENTED_EDGE('',*,*,#1389,.T.);
#2272 = ORIENTED_EDGE('',*,*,#2273,.F.);
#2273 = EDGE_CURVE('',#2177,#1390,#2274,.T.);
#2274 = SURFACE_CURVE('',#2275,(#2280,#2309),.PCURVE_S1.);
#2275 = ELLIPSE('',#2276,8.485281374239,6.);
#2276 = AXIS2_PLACEMENT_3D('',#2277,#2278,#2279);
#2277 = CARTESIAN_POINT('',(43.5,156.,-6.));
#2278 = DIRECTION('',(0.707106781187,0.,0.707106781187));
#2279 = DIRECTION('',(-0.707106781187,0.,0.707106781187));
#2280 = PCURVE('',#1405,#2281);
#2281 = DEFINITIONAL_REPRESENTATION('',(#2282),#2308);
#2282 = B_SPLINE_CURVE_WITH_KNOTS('',3,(#2283,#2284,#2285,#2286,#2287,
    #2288,#2289,#2290,#2291,#2292,#2293,#2294,#2295,#2296,#2297,#2298,
    #2299,#2300,#2301,#2302,#2303,#2304,#2305,#2306,#2307),
  .UNSPECIFIED.,.F.,.F.,(4,1,1,1,1,1,1,1,1,1,1,1,1,1,1,1,1,1,1,1,1,1,4),
  (4.712388980385,4.783788813421,4.855188646457,4.926588479493,
    4.997988312529,5.069388145565,5.140787978601,5.212187811638,
    5.283587644674,5.35498747771,5.426387310746,5.497787143782,
    5.569186976818,5.640586809854,5.711986642891,5.783386475927,
    5.854786308963,5.926186141999,5.997585975035,6.068985808071,
    6.140385641107,6.211785474143,6.28318530718),.QUASI_UNIFORM_KNOTS.);
#2283 = CARTESIAN_POINT('',(5.497787143782,25.5));
#2284 = CARTESIAN_POINT('',(5.521587088128,25.642800777411));
#2285 = CARTESIAN_POINT('',(5.569186976818,25.928398410977));
#2286 = CARTESIAN_POINT('',(5.640586809854,26.354614990636));
#2287 = CARTESIAN_POINT('',(5.711986642891,26.776475804316));
#2288 = CARTESIAN_POINT('',(5.783386475927,27.191832216008));
#2289 = CARTESIAN_POINT('',(5.854786308963,27.598567377943));
#2290 = CARTESIAN_POINT('',(5.926186141999,27.994608737788));
#2291 = CARTESIAN_POINT('',(5.997585975035,28.377938138972));
#2292 = CARTESIAN_POINT('',(6.068985808071,28.746602228247));
#2293 = CARTESIAN_POINT('',(6.140385641107,29.098722376442));
#2294 = CARTESIAN_POINT('',(6.211785474143,29.432504260395));
#2295 = CARTESIAN_POINT('',(6.28318530718,29.746247004008));
#2296 = CARTESIAN_POINT('',(6.354585140216,30.038351846289));
#2297 = CARTESIAN_POINT('',(6.425984973252,30.307330287588));
#2298 = CARTESIAN_POINT('',(6.497384806288,30.551811676636));
#2299 = CARTESIAN_POINT('',(6.568784639324,30.770550187789));
#2300 = CARTESIAN_POINT('',(6.64018447236,30.962431196627));
#2301 = CARTESIAN_POINT('',(6.711584305396,31.126476858464));
#2302 = CARTESIAN_POINT('',(6.782984138433,31.261851469508));
#2303 = CARTESIAN_POINT('',(6.854383971469,31.367864313626));
#2304 = CARTESIAN_POINT('',(6.925783804505,31.443978450949));
#2305 = CARTESIAN_POINT('',(6.997183637541,31.489793790292));
#2306 = CARTESIAN_POINT('',(7.044783526232,31.500012939333));
#2307 = CARTESIAN_POINT('',(7.068583470577,31.5));
#2308 = ( GEOMETRIC_REPRESENTATION_CONTEXT(2) 
PARAMETRIC_REPRESENTATION_CONTEXT() REPRESENTATION_CONTEXT('2D SPACE',''
  ) );
#2309 = PCURVE('',#2310,#2315);
#2310 = CYLINDRICAL_SURFACE('',#2311,6.);
#2311 = AXIS2_PLACEMENT_3D('',#2312,#2313,#2314);
#2312 = CARTESIAN_POINT('',(33.75,156.,-6.));
#2313 = DIRECTION('',(1.,0.,0.));
#2314 = DIRECTION('',(-0.,0.707106781187,0.707106781187));
#2315 = DEFINITIONAL_REPRESENTATION('',(#2316),#2342);
#2316 = B_SPLINE_CURVE_WITH_KNOTS('',3,(#2317,#2318,#2319,#2320,#2321,
    #2322,#2323,#2324,#2325,#2326,#2327,#2328,#2329,#2330,#2331,#2332,
    #2333,#2334,#2335,#2336,#2337,#2338,#2339,#2340,#2341),
  .UNSPECIFIED.,.F.,.F.,(4,1,1,1,1,1,1,1,1,1,1,1,1,1,1,1,1,1,1,1,1,1,4),
  (4.712388980385,4.783788813421,4.855188646457,4.926588479493,
    4.997988312529,5.069388145565,5.140787978601,5.212187811638,
    5.283587644674,5.35498747771,5.426387310746,5.497787143782,
    5.569186976818,5.640586809854,5.711986642891,5.783386475927,
    5.854786308963,5.926186141999,5.997585975035,6.068985808071,
    6.140385641107,6.211785474143,6.28318530718),.QUASI_UNIFORM_KNOTS.);
#2317 = CARTESIAN_POINT('',(5.497787143782,9.75));
#2318 = CARTESIAN_POINT('',(5.521587088128,9.607199222589));
#2319 = CARTESIAN_POINT('',(5.569186976818,9.321601589023));
#2320 = CARTESIAN_POINT('',(5.640586809854,8.895385009364));
#2321 = CARTESIAN_POINT('',(5.711986642891,8.473524195684));
#2322 = CARTESIAN_POINT('',(5.783386475927,8.058167783992));
#2323 = CARTESIAN_POINT('',(5.854786308963,7.651432622057));
#2324 = CARTESIAN_POINT('',(5.926186141999,7.255391262212));
#2325 = CARTESIAN_POINT('',(5.997585975035,6.872061861028));
#2326 = CARTESIAN_POINT('',(6.068985808071,6.503397771753));
#2327 = CARTESIAN_POINT('',(6.140385641107,6.151277623558));
#2328 = CARTESIAN_POINT('',(6.211785474143,5.817495739605));
#2329 = CARTESIAN_POINT('',(6.28318530718,5.503752995992));
#2330 = CARTESIAN_POINT('',(6.354585140216,5.211648153711));
#2331 = CARTESIAN_POINT('',(6.425984973252,4.942669712412));
#2332 = CARTESIAN_POINT('',(6.497384806288,4.698188323364));
#2333 = CARTESIAN_POINT('',(6.568784639324,4.479449812211));
#2334 = CARTESIAN_POINT('',(6.64018447236,4.287568803373));
#2335 = CARTESIAN_POINT('',(6.711584305396,4.123523141536));
#2336 = CARTESIAN_POINT('',(6.782984138433,3.988148530492));
#2337 = CARTESIAN_POINT('',(6.854383971469,3.882135686374));
#2338 = CARTESIAN_POINT('',(6.925783804505,3.806021549051));
#2339 = CARTESIAN_POINT('',(6.997183637541,3.760206209708));
#2340 = CARTESIAN_POINT('',(7.044783526232,3.749987060667));
#2341 = CARTESIAN_POINT('',(7.068583470577,3.75));
#2342 = ( GEOMETRIC_REPRESENTATION_CONTEXT(2) 
PARAMETRIC_REPRESENTATION_CONTEXT() REPRESENTATION_CONTEXT('2D SPACE',''
  ) );
#2343 = ADVANCED_FACE('',(#2344),#2310,.T.);
#2344 = FACE_BOUND('',#2345,.T.);
#2345 = EDGE_LOOP('',(#2346,#2421,#2442,#2443,#2466,#2539));
#2346 = ORIENTED_EDGE('',*,*,#2347,.F.);
#2347 = EDGE_CURVE('',#2348,#2350,#2352,.T.);
#2348 = VERTEX_POINT('',#2349);
#2349 = CARTESIAN_POINT('',(61.93223563717,162.,-6.));
#2350 = VERTEX_POINT('',#2351);
#2351 = CARTESIAN_POINT('',(73.06776436283,162.,-6.));
#2352 = SURFACE_CURVE('',#2353,(#2359,#2388),.PCURVE_S1.);
#2353 = B_SPLINE_CURVE_WITH_KNOTS('',3,(#2354,#2355,#2356,#2357,#2358),
  .UNSPECIFIED.,.F.,.F.,(4,1,4),(-3.14159265359,0.448798950513,
    3.14159265359),.QUASI_UNIFORM_KNOTS.);
#2354 = CARTESIAN_POINT('',(61.93223563717,162.,-6.));
#2355 = CARTESIAN_POINT('',(63.96326511145,162.,-5.54766825893));
#2356 = CARTESIAN_POINT('',(67.787742109174,161.93946553246,
    -5.19570727942));
#2357 = CARTESIAN_POINT('',(71.54449225712,162.,-5.660751194197));
#2358 = CARTESIAN_POINT('',(73.06776436283,162.,-6.));
#2359 = PCURVE('',#2310,#2360);
#2360 = DEFINITIONAL_REPRESENTATION('',(#2361),#2387);
#2361 = B_SPLINE_CURVE_WITH_KNOTS('',3,(#2362,#2363,#2364,#2365,#2366,
    #2367,#2368,#2369,#2370,#2371,#2372,#2373,#2374,#2375,#2376,#2377,
    #2378,#2379,#2380,#2381,#2382,#2383,#2384,#2385,#2386),
  .UNSPECIFIED.,.F.,.F.,(4,1,1,1,1,1,1,1,1,1,1,1,1,1,1,1,1,1,1,1,1,1,4),
  (-3.14159265359,-2.855993321445,-2.570393989301,-2.284794657156,
    -1.999195325012,-1.713595992867,-1.427996660723,-1.142397328578,
    -0.856797996434,-0.571198664289,-0.285599332145,1.110223024625E-16,
    0.285599332145,0.571198664289,0.856797996434,1.142397328578,
    1.427996660723,1.713595992867,1.999195325012,2.284794657156,
    2.570393989301,2.855993321445,3.14159265359),.UNSPECIFIED.);
#2362 = CARTESIAN_POINT('',(5.497787143782,28.18223563717));
#2363 = CARTESIAN_POINT('',(5.503784015924,28.343794799897));
#2364 = CARTESIAN_POINT('',(5.515247709052,28.668866873206));
#2365 = CARTESIAN_POINT('',(5.530846705179,29.16180320596));
#2366 = CARTESIAN_POINT('',(5.544842669196,29.659534740729));
#2367 = CARTESIAN_POINT('',(5.557229457123,30.161528456736));
#2368 = CARTESIAN_POINT('',(5.568000521972,30.667251333204));
#2369 = CARTESIAN_POINT('',(5.577148628415,31.176170349365));
#2370 = CARTESIAN_POINT('',(5.584665587229,31.68775248441));
#2371 = CARTESIAN_POINT('',(5.590542139899,32.201464717686));
#2372 = CARTESIAN_POINT('',(5.594767929988,32.716774027959));
#2373 = CARTESIAN_POINT('',(5.597331705372,33.233147396161));
#2374 = CARTESIAN_POINT('',(5.598221266139,33.750051795144));
#2375 = CARTESIAN_POINT('',(5.597424989694,34.266954227907));
#2376 = CARTESIAN_POINT('',(5.594928132842,34.783321584947));
#2377 = CARTESIAN_POINT('',(5.590731605328,35.298621253961));
#2378 = CARTESIAN_POINT('',(5.584856674012,35.812321301311));
#2379 = CARTESIAN_POINT('',(5.577320146692,36.323889660634));
#2380 = CARTESIAN_POINT('',(5.568138943571,36.832794301129));
#2381 = CARTESIAN_POINT('',(5.557328425002,37.338503182467));
#2382 = CARTESIAN_POINT('',(5.54490256672,37.840484266869));
#2383 = CARTESIAN_POINT('',(5.530873744432,38.338205515877));
#2384 = CARTESIAN_POINT('',(5.515252942988,38.831134891212));
#2385 = CARTESIAN_POINT('',(5.503783868304,39.156205200103));
#2386 = CARTESIAN_POINT('',(5.497787143782,39.31776436283));
#2387 = ( GEOMETRIC_REPRESENTATION_CONTEXT(2) 
PARAMETRIC_REPRESENTATION_CONTEXT() REPRESENTATION_CONTEXT('2D SPACE',''
  ) );
#2388 = PCURVE('',#2389,#2415);
#2389 = B_SPLINE_SURFACE_WITH_KNOTS('',3,3,(
    (#2390,#2391,#2392,#2393,#2394)
    ,(#2395,#2396,#2397,#2398,#2399)
    ,(#2400,#2401,#2402,#2403,#2404)
    ,(#2405,#2406,#2407,#2408,#2409)
    ,(#2410,#2411,#2412,#2413,#2414
  )),.UNSPECIFIED.,.F.,.F.,.F.,(4,1,4),(4,1,4),(0.,0.571428571429,1.),(
    -3.14159265359,-0.448798950513,3.14159265359),.UNSPECIFIED.);
#2390 = CARTESIAN_POINT('',(73.06776436283,162.,-6.));
#2391 = CARTESIAN_POINT('',(71.54449225712,162.,-5.660751194197));
#2392 = CARTESIAN_POINT('',(67.787742109174,161.93946553246,
    -5.19570727942));
#2393 = CARTESIAN_POINT('',(63.96326511145,162.,-5.54766825893));
#2394 = CARTESIAN_POINT('',(61.93223563717,162.,-6.));
#2395 = CARTESIAN_POINT('',(72.651296562373,162.,-7.121997376282));
#2396 = CARTESIAN_POINT('',(71.256758380281,162.06521556805,
    -6.787252696537));
#2397 = CARTESIAN_POINT('',(67.771183292453,162.08924262801,
    -6.297854342581));
#2398 = CARTESIAN_POINT('',(64.208087680417,162.08695409073,
    -6.675671136622));
#2399 = CARTESIAN_POINT('',(62.348703437627,162.,-7.121997376282));
#2400 = CARTESIAN_POINT('',(71.93033871894,163.00466518478,
    -9.064315144558));
#2401 = CARTESIAN_POINT('',(70.755408541926,163.10580252885,
    -8.683251782333));
#2402 = CARTESIAN_POINT('',(67.741504474073,163.16878920358,
    -8.104429057427));
#2403 = CARTESIAN_POINT('',(64.636234850412,163.13951497687,
    -8.556230661591));
#2404 = CARTESIAN_POINT('',(63.06966128106,163.00466518478,
    -9.064315144558));
#2405 = CARTESIAN_POINT('',(71.675823272122,165.10240209897,-9.75));
#2406 = CARTESIAN_POINT('',(70.55032002545,165.13225218967,
    -9.331667689757));
#2407 = CARTESIAN_POINT('',(67.721556867263,165.08079873432,
    -8.737411180896));
#2408 = CARTESIAN_POINT('',(64.824847723441,165.1422022199,
    -9.192223586342));
#2409 = CARTESIAN_POINT('',(63.324176727878,165.10240209897,-9.75));
#2410 = CARTESIAN_POINT('',(71.675823272122,166.,-9.75));
#2411 = CARTESIAN_POINT('',(70.53336919284,166.,-9.325938992747));
#2412 = CARTESIAN_POINT('',(67.71580658188,165.89910922078,
    -8.744634099275));
#2413 = CARTESIAN_POINT('',(64.847448833588,166.,-9.184585323662));
#2414 = CARTESIAN_POINT('',(63.324176727878,166.,-9.75));
#2415 = DEFINITIONAL_REPRESENTATION('',(#2416),#2420);
#2416 = LINE('',#2417,#2418);
#2417 = CARTESIAN_POINT('',(-8.152132827219E-17,-2.22044604925E-15));
#2418 = VECTOR('',#2419,1.);
#2419 = DIRECTION('',(-2.225625792602E-17,-1.));
#2420 = ( GEOMETRIC_REPRESENTATION_CONTEXT(2) 
PARAMETRIC_REPRESENTATION_CONTEXT() REPRESENTATION_CONTEXT('2D SPACE',''
  ) );
#2421 = ORIENTED_EDGE('',*,*,#2422,.T.);
#2422 = EDGE_CURVE('',#2348,#2177,#2423,.T.);
#2423 = SURFACE_CURVE('',#2424,(#2428,#2435),.PCURVE_S1.);
#2424 = LINE('',#2425,#2426);
#2425 = CARTESIAN_POINT('',(33.75,162.,-6.));
#2426 = VECTOR('',#2427,1.);
#2427 = DIRECTION('',(-1.,0.,0.));
#2428 = PCURVE('',#2310,#2429);
#2429 = DEFINITIONAL_REPRESENTATION('',(#2430),#2434);
#2430 = LINE('',#2431,#2432);
#2431 = CARTESIAN_POINT('',(5.497787143782,0.));
#2432 = VECTOR('',#2433,1.);
#2433 = DIRECTION('',(0.,-1.));
#2434 = ( GEOMETRIC_REPRESENTATION_CONTEXT(2) 
PARAMETRIC_REPRESENTATION_CONTEXT() REPRESENTATION_CONTEXT('2D SPACE',''
  ) );
#2435 = PCURVE('',#2194,#2436);
#2436 = DEFINITIONAL_REPRESENTATION('',(#2437),#2441);
#2437 = LINE('',#2438,#2439);
#2438 = CARTESIAN_POINT('',(15.,-33.75));
#2439 = VECTOR('',#2440,1.);
#2440 = DIRECTION('',(0.,-1.));
#2441 = ( GEOMETRIC_REPRESENTATION_CONTEXT(2) 
PARAMETRIC_REPRESENTATION_CONTEXT() REPRESENTATION_CONTEXT('2D SPACE',''
  ) );
#2442 = ORIENTED_EDGE('',*,*,#2273,.T.);
#2443 = ORIENTED_EDGE('',*,*,#2444,.T.);
#2444 = EDGE_CURVE('',#1390,#2445,#2447,.T.);
#2445 = VERTEX_POINT('',#2446);
#2446 = CARTESIAN_POINT('',(97.5,156.,0.));
#2447 = SURFACE_CURVE('',#2448,(#2452,#2459),.PCURVE_S1.);
#2448 = LINE('',#2449,#2450);
#2449 = CARTESIAN_POINT('',(33.75,156.,0.));
#2450 = VECTOR('',#2451,1.);
#2451 = DIRECTION('',(1.,0.,0.));
#2452 = PCURVE('',#2310,#2453);
#2453 = DEFINITIONAL_REPRESENTATION('',(#2454),#2458);
#2454 = LINE('',#2455,#2456);
#2455 = CARTESIAN_POINT('',(7.068583470577,0.));
#2456 = VECTOR('',#2457,1.);
#2457 = DIRECTION('',(0.,1.));
#2458 = ( GEOMETRIC_REPRESENTATION_CONTEXT(2) 
PARAMETRIC_REPRESENTATION_CONTEXT() REPRESENTATION_CONTEXT('2D SPACE',''
  ) );
#2459 = PCURVE('',#159,#2460);
#2460 = DEFINITIONAL_REPRESENTATION('',(#2461),#2465);
#2461 = LINE('',#2462,#2463);
#2462 = CARTESIAN_POINT('',(33.75,156.));
#2463 = VECTOR('',#2464,1.);
#2464 = DIRECTION('',(1.,0.));
#2465 = ( GEOMETRIC_REPRESENTATION_CONTEXT(2) 
PARAMETRIC_REPRESENTATION_CONTEXT() REPRESENTATION_CONTEXT('2D SPACE',''
  ) );
#2466 = ORIENTED_EDGE('',*,*,#2467,.F.);
#2467 = EDGE_CURVE('',#2468,#2445,#2470,.T.);
#2468 = VERTEX_POINT('',#2469);
#2469 = CARTESIAN_POINT('',(91.5,162.,-6.));
#2470 = SURFACE_CURVE('',#2471,(#2476,#2505),.PCURVE_S1.);
#2471 = ELLIPSE('',#2472,8.485281374239,6.);
#2472 = AXIS2_PLACEMENT_3D('',#2473,#2474,#2475);
#2473 = CARTESIAN_POINT('',(91.5,156.,-6.));
#2474 = DIRECTION('',(0.707106781187,0.,-0.707106781187));
#2475 = DIRECTION('',(0.707106781187,0.,0.707106781187));
#2476 = PCURVE('',#2310,#2477);
#2477 = DEFINITIONAL_REPRESENTATION('',(#2478),#2504);
#2478 = B_SPLINE_CURVE_WITH_KNOTS('',3,(#2479,#2480,#2481,#2482,#2483,
    #2484,#2485,#2486,#2487,#2488,#2489,#2490,#2491,#2492,#2493,#2494,
    #2495,#2496,#2497,#2498,#2499,#2500,#2501,#2502,#2503),
  .UNSPECIFIED.,.F.,.F.,(4,1,1,1,1,1,1,1,1,1,1,1,1,1,1,1,1,1,1,1,1,1,4),
  (4.712388980385,4.783788813421,4.855188646457,4.926588479493,
    4.997988312529,5.069388145565,5.140787978601,5.212187811638,
    5.283587644674,5.35498747771,5.426387310746,5.497787143782,
    5.569186976818,5.640586809854,5.711986642891,5.783386475927,
    5.854786308963,5.926186141999,5.997585975035,6.068985808071,
    6.140385641107,6.211785474143,6.28318530718),.QUASI_UNIFORM_KNOTS.);
#2479 = CARTESIAN_POINT('',(5.497787143782,57.75));
#2480 = CARTESIAN_POINT('',(5.521587088128,57.892800777411));
#2481 = CARTESIAN_POINT('',(5.569186976818,58.178398410977));
#2482 = CARTESIAN_POINT('',(5.640586809854,58.604614990636));
#2483 = CARTESIAN_POINT('',(5.711986642891,59.026475804316));
#2484 = CARTESIAN_POINT('',(5.783386475927,59.441832216008));
#2485 = CARTESIAN_POINT('',(5.854786308963,59.848567377943));
#2486 = CARTESIAN_POINT('',(5.926186141999,60.244608737788));
#2487 = CARTESIAN_POINT('',(5.997585975035,60.627938138972));
#2488 = CARTESIAN_POINT('',(6.068985808071,60.996602228247));
#2489 = CARTESIAN_POINT('',(6.140385641107,61.348722376442));
#2490 = CARTESIAN_POINT('',(6.211785474143,61.682504260395));
#2491 = CARTESIAN_POINT('',(6.28318530718,61.996247004008));
#2492 = CARTESIAN_POINT('',(6.354585140216,62.288351846289));
#2493 = CARTESIAN_POINT('',(6.425984973252,62.557330287588));
#2494 = CARTESIAN_POINT('',(6.497384806288,62.801811676636));
#2495 = CARTESIAN_POINT('',(6.568784639324,63.020550187789));
#2496 = CARTESIAN_POINT('',(6.64018447236,63.212431196627));
#2497 = CARTESIAN_POINT('',(6.711584305396,63.376476858464));
#2498 = CARTESIAN_POINT('',(6.782984138433,63.511851469508));
#2499 = CARTESIAN_POINT('',(6.854383971469,63.617864313626));
#2500 = CARTESIAN_POINT('',(6.925783804505,63.693978450949));
#2501 = CARTESIAN_POINT('',(6.997183637541,63.739793790292));
#2502 = CARTESIAN_POINT('',(7.044783526232,63.750012939333));
#2503 = CARTESIAN_POINT('',(7.068583470577,63.75));
#2504 = ( GEOMETRIC_REPRESENTATION_CONTEXT(2) 
PARAMETRIC_REPRESENTATION_CONTEXT() REPRESENTATION_CONTEXT('2D SPACE',''
  ) );
#2505 = PCURVE('',#2506,#2511);
#2506 = CYLINDRICAL_SURFACE('',#2507,6.);
#2507 = AXIS2_PLACEMENT_3D('',#2508,#2509,#2510);
#2508 = CARTESIAN_POINT('',(91.5,156.,-10.5));
#2509 = DIRECTION('',(0.,0.,-1.));
#2510 = DIRECTION('',(0.707106781187,0.707106781187,0.));
#2511 = DEFINITIONAL_REPRESENTATION('',(#2512),#2538);
#2512 = B_SPLINE_CURVE_WITH_KNOTS('',3,(#2513,#2514,#2515,#2516,#2517,
    #2518,#2519,#2520,#2521,#2522,#2523,#2524,#2525,#2526,#2527,#2528,
    #2529,#2530,#2531,#2532,#2533,#2534,#2535,#2536,#2537),
  .UNSPECIFIED.,.F.,.F.,(4,1,1,1,1,1,1,1,1,1,1,1,1,1,1,1,1,1,1,1,1,1,4),
  (4.712388980385,4.783788813421,4.855188646457,4.926588479493,
    4.997988312529,5.069388145565,5.140787978601,5.212187811638,
    5.283587644674,5.35498747771,5.426387310746,5.497787143782,
    5.569186976818,5.640586809854,5.711986642891,5.783386475927,
    5.854786308963,5.926186141999,5.997585975035,6.068985808071,
    6.140385641107,6.211785474143,6.28318530718),.QUASI_UNIFORM_KNOTS.);
#2513 = CARTESIAN_POINT('',(5.497787143782,-4.5));
#2514 = CARTESIAN_POINT('',(5.521587088128,-4.642800777411));
#2515 = CARTESIAN_POINT('',(5.569186976818,-4.928398410977));
#2516 = CARTESIAN_POINT('',(5.640586809854,-5.354614990636));
#2517 = CARTESIAN_POINT('',(5.711986642891,-5.776475804316));
#2518 = CARTESIAN_POINT('',(5.783386475927,-6.191832216008));
#2519 = CARTESIAN_POINT('',(5.854786308963,-6.598567377943));
#2520 = CARTESIAN_POINT('',(5.926186141999,-6.994608737788));
#2521 = CARTESIAN_POINT('',(5.997585975035,-7.377938138972));
#2522 = CARTESIAN_POINT('',(6.068985808071,-7.746602228247));
#2523 = CARTESIAN_POINT('',(6.140385641107,-8.098722376442));
#2524 = CARTESIAN_POINT('',(6.211785474143,-8.432504260395));
#2525 = CARTESIAN_POINT('',(6.28318530718,-8.746247004008));
#2526 = CARTESIAN_POINT('',(6.354585140216,-9.038351846289));
#2527 = CARTESIAN_POINT('',(6.425984973252,-9.307330287588));
#2528 = CARTESIAN_POINT('',(6.497384806288,-9.551811676636));
#2529 = CARTESIAN_POINT('',(6.568784639324,-9.770550187789));
#2530 = CARTESIAN_POINT('',(6.64018447236,-9.962431196627));
#2531 = CARTESIAN_POINT('',(6.711584305396,-10.12647685846));
#2532 = CARTESIAN_POINT('',(6.782984138433,-10.2618514695));
#2533 = CARTESIAN_POINT('',(6.854383971469,-10.36786431362));
#2534 = CARTESIAN_POINT('',(6.925783804505,-10.44397845094));
#2535 = CARTESIAN_POINT('',(6.997183637541,-10.48979379029));
#2536 = CARTESIAN_POINT('',(7.044783526232,-10.50001293933));
#2537 = CARTESIAN_POINT('',(7.068583470577,-10.5));
#2538 = ( GEOMETRIC_REPRESENTATION_CONTEXT(2) 
PARAMETRIC_REPRESENTATION_CONTEXT() REPRESENTATION_CONTEXT('2D SPACE',''
  ) );
#2539 = ORIENTED_EDGE('',*,*,#2540,.T.);
#2540 = EDGE_CURVE('',#2468,#2350,#2541,.T.);
#2541 = SURFACE_CURVE('',#2542,(#2546,#2553),.PCURVE_S1.);
#2542 = LINE('',#2543,#2544);
#2543 = CARTESIAN_POINT('',(33.75,162.,-6.));
#2544 = VECTOR('',#2545,1.);
#2545 = DIRECTION('',(-1.,0.,0.));
#2546 = PCURVE('',#2310,#2547);
#2547 = DEFINITIONAL_REPRESENTATION('',(#2548),#2552);
#2548 = LINE('',#2549,#2550);
#2549 = CARTESIAN_POINT('',(5.497787143782,0.));
#2550 = VECTOR('',#2551,1.);
#2551 = DIRECTION('',(0.,-1.));
#2552 = ( GEOMETRIC_REPRESENTATION_CONTEXT(2) 
PARAMETRIC_REPRESENTATION_CONTEXT() REPRESENTATION_CONTEXT('2D SPACE',''
  ) );
#2553 = PCURVE('',#2554,#2559);
#2554 = PLANE('',#2555);
#2555 = AXIS2_PLACEMENT_3D('',#2556,#2557,#2558);
#2556 = CARTESIAN_POINT('',(67.5,162.,-21.));
#2557 = DIRECTION('',(0.,1.,0.));
#2558 = DIRECTION('',(0.,-0.,1.));
#2559 = DEFINITIONAL_REPRESENTATION('',(#2560),#2564);
#2560 = LINE('',#2561,#2562);
#2561 = CARTESIAN_POINT('',(15.,-33.75));
#2562 = VECTOR('',#2563,1.);
#2563 = DIRECTION('',(0.,-1.));
#2564 = ( GEOMETRIC_REPRESENTATION_CONTEXT(2) 
PARAMETRIC_REPRESENTATION_CONTEXT() REPRESENTATION_CONTEXT('2D SPACE',''
  ) );
#2565 = ADVANCED_FACE('',(#2566),#2554,.T.);
#2566 = FACE_BOUND('',#2567,.T.);
#2567 = EDGE_LOOP('',(#2568,#2597,#2598,#2621));
#2568 = ORIENTED_EDGE('',*,*,#2569,.F.);
#2569 = EDGE_CURVE('',#2350,#2570,#2572,.T.);
#2570 = VERTEX_POINT('',#2571);
#2571 = CARTESIAN_POINT('',(73.06776436283,162.,-36.));
#2572 = SURFACE_CURVE('',#2573,(#2578,#2585),.PCURVE_S1.);
#2573 = CIRCLE('',#2574,16.);
#2574 = AXIS2_PLACEMENT_3D('',#2575,#2576,#2577);
#2575 = CARTESIAN_POINT('',(67.5,162.,-21.));
#2576 = DIRECTION('',(0.,1.,0.));
#2577 = DIRECTION('',(-1.,0.,0.));
#2578 = PCURVE('',#2554,#2579);
#2579 = DEFINITIONAL_REPRESENTATION('',(#2580),#2584);
#2580 = CIRCLE('',#2581,16.);
#2581 = AXIS2_PLACEMENT_2D('',#2582,#2583);
#2582 = CARTESIAN_POINT('',(0.,0.));
#2583 = DIRECTION('',(0.,-1.));
#2584 = ( GEOMETRIC_REPRESENTATION_CONTEXT(2) 
PARAMETRIC_REPRESENTATION_CONTEXT() REPRESENTATION_CONTEXT('2D SPACE',''
  ) );
#2585 = PCURVE('',#2586,#2591);
#2586 = TOROIDAL_SURFACE('',#2587,16.,4.);
#2587 = AXIS2_PLACEMENT_3D('',#2588,#2589,#2590);
#2588 = CARTESIAN_POINT('',(67.5,166.,-21.));
#2589 = DIRECTION('',(0.,-1.,0.));
#2590 = DIRECTION('',(0.,0.,-1.));
#2591 = DEFINITIONAL_REPRESENTATION('',(#2592),#2596);
#2592 = LINE('',#2593,#2594);
#2593 = CARTESIAN_POINT('',(4.712388980385,1.570796326795));
#2594 = VECTOR('',#2595,1.);
#2595 = DIRECTION('',(-1.,4.567408866993E-16));
#2596 = ( GEOMETRIC_REPRESENTATION_CONTEXT(2) 
PARAMETRIC_REPRESENTATION_CONTEXT() REPRESENTATION_CONTEXT('2D SPACE',''
  ) );
#2597 = ORIENTED_EDGE('',*,*,#2540,.F.);
#2598 = ORIENTED_EDGE('',*,*,#2599,.F.);
#2599 = EDGE_CURVE('',#2600,#2468,#2602,.T.);
#2600 = VERTEX_POINT('',#2601);
#2601 = CARTESIAN_POINT('',(91.5,162.,-36.));
#2602 = SURFACE_CURVE('',#2603,(#2607,#2614),.PCURVE_S1.);
#2603 = LINE('',#2604,#2605);
#2604 = CARTESIAN_POINT('',(91.5,162.,-10.5));
#2605 = VECTOR('',#2606,1.);
#2606 = DIRECTION('',(0.,0.,1.));
#2607 = PCURVE('',#2554,#2608);
#2608 = DEFINITIONAL_REPRESENTATION('',(#2609),#2613);
#2609 = LINE('',#2610,#2611);
#2610 = CARTESIAN_POINT('',(10.5,24.));
#2611 = VECTOR('',#2612,1.);
#2612 = DIRECTION('',(1.,0.));
#2613 = ( GEOMETRIC_REPRESENTATION_CONTEXT(2) 
PARAMETRIC_REPRESENTATION_CONTEXT() REPRESENTATION_CONTEXT('2D SPACE',''
  ) );
#2614 = PCURVE('',#2506,#2615);
#2615 = DEFINITIONAL_REPRESENTATION('',(#2616),#2620);
#2616 = LINE('',#2617,#2618);
#2617 = CARTESIAN_POINT('',(5.497787143782,0.));
#2618 = VECTOR('',#2619,1.);
#2619 = DIRECTION('',(0.,-1.));
#2620 = ( GEOMETRIC_REPRESENTATION_CONTEXT(2) 
PARAMETRIC_REPRESENTATION_CONTEXT() REPRESENTATION_CONTEXT('2D SPACE',''
  ) );
#2621 = ORIENTED_EDGE('',*,*,#2622,.F.);
#2622 = EDGE_CURVE('',#2570,#2600,#2623,.T.);
#2623 = SURFACE_CURVE('',#2624,(#2628,#2635),.PCURVE_S1.);
#2624 = LINE('',#2625,#2626);
#2625 = CARTESIAN_POINT('',(99.,162.,-36.));
#2626 = VECTOR('',#2627,1.);
#2627 = DIRECTION('',(1.,0.,0.));
#2628 = PCURVE('',#2554,#2629);
#2629 = DEFINITIONAL_REPRESENTATION('',(#2630),#2634);
#2630 = LINE('',#2631,#2632);
#2631 = CARTESIAN_POINT('',(-15.,31.5));
#2632 = VECTOR('',#2633,1.);
#2633 = DIRECTION('',(0.,1.));
#2634 = ( GEOMETRIC_REPRESENTATION_CONTEXT(2) 
PARAMETRIC_REPRESENTATION_CONTEXT() REPRESENTATION_CONTEXT('2D SPACE',''
  ) );
#2635 = PCURVE('',#573,#2636);
#2636 = DEFINITIONAL_REPRESENTATION('',(#2637),#2641);
#2637 = LINE('',#2638,#2639);
#2638 = CARTESIAN_POINT('',(5.497787143782,0.));
#2639 = VECTOR('',#2640,1.);
#2640 = DIRECTION('',(0.,-1.));
#2641 = ( GEOMETRIC_REPRESENTATION_CONTEXT(2) 
PARAMETRIC_REPRESENTATION_CONTEXT() REPRESENTATION_CONTEXT('2D SPACE',''
  ) );
#2642 = ADVANCED_FACE('',(#2643),#2586,.F.);
#2643 = FACE_BOUND('',#2644,.F.);
#2644 = EDGE_LOOP('',(#2645,#2646,#2669,#2698,#2722));
#2645 = ORIENTED_EDGE('',*,*,#2569,.F.);
#2646 = ORIENTED_EDGE('',*,*,#2647,.F.);
#2647 = EDGE_CURVE('',#2648,#2350,#2650,.T.);
#2648 = VERTEX_POINT('',#2649);
#2649 = CARTESIAN_POINT('',(71.675823272122,166.,-9.75));
#2650 = SURFACE_CURVE('',#2651,(#2656,#2663),.PCURVE_S1.);
#2651 = CIRCLE('',#2652,4.);
#2652 = AXIS2_PLACEMENT_3D('',#2653,#2654,#2655);
#2653 = CARTESIAN_POINT('',(73.06776436283,166.,-6.));
#2654 = DIRECTION('',(-0.9375,1.931706309782E-16,0.347985272677));
#2655 = DIRECTION('',(-0.347985272677,2.136934414415E-33,-0.9375));
#2656 = PCURVE('',#2586,#2657);
#2657 = DEFINITIONAL_REPRESENTATION('',(#2658),#2662);
#2658 = LINE('',#2659,#2660);
#2659 = CARTESIAN_POINT('',(2.7861714519,3.14159265359));
#2660 = VECTOR('',#2661,1.);
#2661 = DIRECTION('',(-2.827159716856E-16,-1.));
#2662 = ( GEOMETRIC_REPRESENTATION_CONTEXT(2) 
PARAMETRIC_REPRESENTATION_CONTEXT() REPRESENTATION_CONTEXT('2D SPACE',''
  ) );
#2663 = PCURVE('',#2389,#2664);
#2664 = DEFINITIONAL_REPRESENTATION('',(#2665),#2668);
#2665 = B_SPLINE_CURVE_WITH_KNOTS('',1,(#2666,#2667),.UNSPECIFIED.,.F.,
  .F.,(2,2),(0.,1.570796326795),.PIECEWISE_BEZIER_KNOTS.);
#2666 = CARTESIAN_POINT('',(1.,-3.14159265359));
#2667 = CARTESIAN_POINT('',(-1.217247309969E-17,-3.14159265359));
#2668 = ( GEOMETRIC_REPRESENTATION_CONTEXT(2) 
PARAMETRIC_REPRESENTATION_CONTEXT() REPRESENTATION_CONTEXT('2D SPACE',''
  ) );
#2669 = ORIENTED_EDGE('',*,*,#2670,.F.);
#2670 = EDGE_CURVE('',#2671,#2648,#2673,.T.);
#2671 = VERTEX_POINT('',#2672);
#2672 = CARTESIAN_POINT('',(79.5,166.,-21.));
#2673 = SURFACE_CURVE('',#2674,(#2679,#2686),.PCURVE_S1.);
#2674 = CIRCLE('',#2675,12.);
#2675 = AXIS2_PLACEMENT_3D('',#2676,#2677,#2678);
#2676 = CARTESIAN_POINT('',(67.5,166.,-21.));
#2677 = DIRECTION('',(0.,-1.,0.));
#2678 = DIRECTION('',(-1.,0.,0.));
#2679 = PCURVE('',#2586,#2680);
#2680 = DEFINITIONAL_REPRESENTATION('',(#2681),#2685);
#2681 = LINE('',#2682,#2683);
#2682 = CARTESIAN_POINT('',(-1.570796326795,3.14159265359));
#2683 = VECTOR('',#2684,1.);
#2684 = DIRECTION('',(1.,-3.653927093594E-16));
#2685 = ( GEOMETRIC_REPRESENTATION_CONTEXT(2) 
PARAMETRIC_REPRESENTATION_CONTEXT() REPRESENTATION_CONTEXT('2D SPACE',''
  ) );
#2686 = PCURVE('',#2687,#2692);
#2687 = CYLINDRICAL_SURFACE('',#2688,12.);
#2688 = AXIS2_PLACEMENT_3D('',#2689,#2690,#2691);
#2689 = CARTESIAN_POINT('',(67.5,162.,-21.));
#2690 = DIRECTION('',(0.,1.,0.));
#2691 = DIRECTION('',(-1.,0.,0.));
#2692 = DEFINITIONAL_REPRESENTATION('',(#2693),#2697);
#2693 = LINE('',#2694,#2695);
#2694 = CARTESIAN_POINT('',(6.28318530718,4.));
#2695 = VECTOR('',#2696,1.);
#2696 = DIRECTION('',(-1.,0.));
#2697 = ( GEOMETRIC_REPRESENTATION_CONTEXT(2) 
PARAMETRIC_REPRESENTATION_CONTEXT() REPRESENTATION_CONTEXT('2D SPACE',''
  ) );
#2698 = ORIENTED_EDGE('',*,*,#2699,.F.);
#2699 = EDGE_CURVE('',#2700,#2671,#2702,.T.);
#2700 = VERTEX_POINT('',#2701);
#2701 = CARTESIAN_POINT('',(71.675823272123,166.,-32.25));
#2702 = SURFACE_CURVE('',#2703,(#2708,#2715),.PCURVE_S1.);
#2703 = CIRCLE('',#2704,12.);
#2704 = AXIS2_PLACEMENT_3D('',#2705,#2706,#2707);
#2705 = CARTESIAN_POINT('',(67.5,166.,-21.));
#2706 = DIRECTION('',(0.,-1.,0.));
#2707 = DIRECTION('',(-1.,0.,0.));
#2708 = PCURVE('',#2586,#2709);
#2709 = DEFINITIONAL_REPRESENTATION('',(#2710),#2714);
#2710 = LINE('',#2711,#2712);
#2711 = CARTESIAN_POINT('',(-1.570796326795,3.14159265359));
#2712 = VECTOR('',#2713,1.);
#2713 = DIRECTION('',(1.,0.));
#2714 = ( GEOMETRIC_REPRESENTATION_CONTEXT(2) 
PARAMETRIC_REPRESENTATION_CONTEXT() REPRESENTATION_CONTEXT('2D SPACE',''
  ) );
#2715 = PCURVE('',#2687,#2716);
#2716 = DEFINITIONAL_REPRESENTATION('',(#2717),#2721);
#2717 = LINE('',#2718,#2719);
#2718 = CARTESIAN_POINT('',(1.7763568394E-15,4.));
#2719 = VECTOR('',#2720,1.);
#2720 = DIRECTION('',(-1.,0.));
#2721 = ( GEOMETRIC_REPRESENTATION_CONTEXT(2) 
PARAMETRIC_REPRESENTATION_CONTEXT() REPRESENTATION_CONTEXT('2D SPACE',''
  ) );
#2722 = ORIENTED_EDGE('',*,*,#2723,.F.);
#2723 = EDGE_CURVE('',#2570,#2700,#2724,.T.);
#2724 = SURFACE_CURVE('',#2725,(#2730,#2737),.PCURVE_S1.);
#2725 = CIRCLE('',#2726,4.);
#2726 = AXIS2_PLACEMENT_3D('',#2727,#2728,#2729);
#2727 = CARTESIAN_POINT('',(73.06776436283,166.,-36.));
#2728 = DIRECTION('',(-0.9375,0.,-0.347985272677));
#2729 = DIRECTION('',(0.,-1.,-0.));
#2730 = PCURVE('',#2586,#2731);
#2731 = DEFINITIONAL_REPRESENTATION('',(#2732),#2736);
#2732 = LINE('',#2733,#2734);
#2733 = CARTESIAN_POINT('',(0.35542120169,1.570796326795));
#2734 = VECTOR('',#2735,1.);
#2735 = DIRECTION('',(-4.240739575285E-16,1.));
#2736 = ( GEOMETRIC_REPRESENTATION_CONTEXT(2) 
PARAMETRIC_REPRESENTATION_CONTEXT() REPRESENTATION_CONTEXT('2D SPACE',''
  ) );
#2737 = PCURVE('',#2738,#2764);
#2738 = B_SPLINE_SURFACE_WITH_KNOTS('',3,3,(
    (#2739,#2740,#2741,#2742,#2743)
    ,(#2744,#2745,#2746,#2747,#2748)
    ,(#2749,#2750,#2751,#2752,#2753)
    ,(#2754,#2755,#2756,#2757,#2758)
    ,(#2759,#2760,#2761,#2762,#2763
  )),.UNSPECIFIED.,.F.,.F.,.F.,(4,1,4),(4,1,4),(0.,0.571428571429,1.),(
    -3.14159265359,0.448798950513,3.14159265359),.UNSPECIFIED.);
#2739 = CARTESIAN_POINT('',(61.93223563717,162.,-36.));
#2740 = CARTESIAN_POINT('',(63.96326511145,162.,-36.45233174107));
#2741 = CARTESIAN_POINT('',(67.787728985903,161.93952678515,
    -36.80427932422));
#2742 = CARTESIAN_POINT('',(71.54449225712,162.,-36.3392488058));
#2743 = CARTESIAN_POINT('',(73.06776436283,162.,-36.));
#2744 = CARTESIAN_POINT('',(62.348703437627,162.,-34.87800262371));
#2745 = CARTESIAN_POINT('',(64.208087680417,162.08695409073,
    -35.32432886337));
#2746 = CARTESIAN_POINT('',(67.77117978046,162.08943984388,
    -35.70210550055));
#2747 = CARTESIAN_POINT('',(71.256758380281,162.06521556805,
    -35.21274730346));
#2748 = CARTESIAN_POINT('',(72.651296562373,162.,-34.87800262371));
#2749 = CARTESIAN_POINT('',(63.069653768266,163.0046938555,
    -32.9357050955));
#2750 = CARTESIAN_POINT('',(64.636227337617,163.13954364758,
    -33.44378957847));
#2751 = CARTESIAN_POINT('',(67.741490684177,163.16885366372,
    -33.89550432787));
#2752 = CARTESIAN_POINT('',(70.755416054721,163.10583119956,
    -33.31676845773));
#2753 = CARTESIAN_POINT('',(71.930346231734,163.0046938555,
    -32.9357050955));
#2754 = CARTESIAN_POINT('',(63.324176727878,165.10240209897,-32.25));
#2755 = CARTESIAN_POINT('',(64.824847723441,165.1422022199,
    -32.80777641365));
#2756 = CARTESIAN_POINT('',(67.721550925767,165.08085344604,
    -33.26258090563));
#2757 = CARTESIAN_POINT('',(70.55032002545,165.13225218967,
    -32.66833231024));
#2758 = CARTESIAN_POINT('',(71.675823272123,165.10240209897,-32.25));
#2759 = CARTESIAN_POINT('',(63.324176727878,166.,-32.25));
#2760 = CARTESIAN_POINT('',(64.847448833588,166.,-32.81541467633));
#2761 = CARTESIAN_POINT('',(67.715796739427,165.89921130858,
    -33.25534915528));
#2762 = CARTESIAN_POINT('',(70.53336919284,166.,-32.67406100725));
#2763 = CARTESIAN_POINT('',(71.675823272123,166.,-32.25));
#2764 = DEFINITIONAL_REPRESENTATION('',(#2765),#2768);
#2765 = B_SPLINE_CURVE_WITH_KNOTS('',1,(#2766,#2767),.UNSPECIFIED.,.F.,
  .F.,(2,2),(0.,1.570796326795),.PIECEWISE_BEZIER_KNOTS.);
#2766 = CARTESIAN_POINT('',(-2.845868370953E-16,3.14159265359));
#2767 = CARTESIAN_POINT('',(1.,3.14159265359));
#2768 = ( GEOMETRIC_REPRESENTATION_CONTEXT(2) 
PARAMETRIC_REPRESENTATION_CONTEXT() REPRESENTATION_CONTEXT('2D SPACE',''
  ) );
#2769 = ADVANCED_FACE('',(#2770),#2738,.T.);
#2770 = FACE_BOUND('',#2771,.T.);
#2771 = EDGE_LOOP('',(#2772,#2773,#2820,#2848));
#2772 = ORIENTED_EDGE('',*,*,#2723,.F.);
#2773 = ORIENTED_EDGE('',*,*,#2774,.T.);
#2774 = EDGE_CURVE('',#2570,#2775,#2777,.T.);
#2775 = VERTEX_POINT('',#2776);
#2776 = CARTESIAN_POINT('',(61.93223563717,162.,-36.));
#2777 = SURFACE_CURVE('',#2778,(#2784,#2791),.PCURVE_S1.);
#2778 = B_SPLINE_CURVE_WITH_KNOTS('',3,(#2779,#2780,#2781,#2782,#2783),
  .UNSPECIFIED.,.F.,.F.,(4,1,4),(-3.14159265359,-0.448798950513,
    3.14159265359),.UNSPECIFIED.);
#2779 = CARTESIAN_POINT('',(73.06776436283,162.,-36.));
#2780 = CARTESIAN_POINT('',(71.54449225712,162.,-36.3392488058));
#2781 = CARTESIAN_POINT('',(67.787728985903,161.93952678515,
    -36.80427932422));
#2782 = CARTESIAN_POINT('',(63.96326511145,162.,-36.45233174107));
#2783 = CARTESIAN_POINT('',(61.93223563717,162.,-36.));
#2784 = PCURVE('',#2738,#2785);
#2785 = DEFINITIONAL_REPRESENTATION('',(#2786),#2790);
#2786 = LINE('',#2787,#2788);
#2787 = CARTESIAN_POINT('',(-1.644170094967E-15,-8.881784197001E-16));
#2788 = VECTOR('',#2789,1.);
#2789 = DIRECTION('',(-4.327687920704E-16,-1.));
#2790 = ( GEOMETRIC_REPRESENTATION_CONTEXT(2) 
PARAMETRIC_REPRESENTATION_CONTEXT() REPRESENTATION_CONTEXT('2D SPACE',''
  ) );
#2791 = PCURVE('',#573,#2792);
#2792 = DEFINITIONAL_REPRESENTATION('',(#2793),#2819);
#2793 = B_SPLINE_CURVE_WITH_KNOTS('',3,(#2794,#2795,#2796,#2797,#2798,
    #2799,#2800,#2801,#2802,#2803,#2804,#2805,#2806,#2807,#2808,#2809,
    #2810,#2811,#2812,#2813,#2814,#2815,#2816,#2817,#2818),
  .UNSPECIFIED.,.F.,.F.,(4,1,1,1,1,1,1,1,1,1,1,1,1,1,1,1,1,1,1,1,1,1,4),
  (-3.14159265359,-2.855993321445,-2.570393989301,-2.284794657156,
    -1.999195325012,-1.713595992867,-1.427996660723,-1.142397328578,
    -0.856797996434,-0.571198664289,-0.285599332145,5.440092820663E-15,
    0.285599332145,0.571198664289,0.856797996434,1.142397328578,
    1.427996660723,1.713595992867,1.999195325012,2.284794657156,
    2.570393989301,2.855993321445,3.14159265359),.UNSPECIFIED.);
#2794 = CARTESIAN_POINT('',(5.497787143782,25.93223563717));
#2795 = CARTESIAN_POINT('',(5.503783868798,26.093794799897));
#2796 = CARTESIAN_POINT('',(5.51525292104,26.418865235321));
#2797 = CARTESIAN_POINT('',(5.530873625273,26.911795105284));
#2798 = CARTESIAN_POINT('',(5.544902291451,27.409517078981));
#2799 = CARTESIAN_POINT('',(5.557327946736,27.91149904336));
#2800 = CARTESIAN_POINT('',(5.568138231049,28.417208885209));
#2801 = CARTESIAN_POINT('',(5.577319187741,28.926114491913));
#2802 = CARTESIAN_POINT('',(5.584855477773,29.437683748627));
#2803 = CARTESIAN_POINT('',(5.590730203993,29.951384548837));
#2804 = CARTESIAN_POINT('',(5.594926581023,30.466684754929));
#2805 = CARTESIAN_POINT('',(5.59742336811,30.98305234536));
#2806 = CARTESIAN_POINT('',(5.598219658853,31.499954705093));
#2807 = CARTESIAN_POINT('',(5.597330181751,32.016858784287));
#2808 = CARTESIAN_POINT('',(5.594766546349,32.533231631485));
#2809 = CARTESIAN_POINT('',(5.590540937359,33.048540268869));
#2810 = CARTESIAN_POINT('',(5.58466459137,33.562251725683));
#2811 = CARTESIAN_POINT('',(5.577147849228,34.07383302928));
#2812 = CARTESIAN_POINT('',(5.567999954474,34.582751207519));
#2813 = CARTESIAN_POINT('',(5.55722908254,35.088473288124));
#2814 = CARTESIAN_POINT('',(5.544842456704,35.590466298854));
#2815 = CARTESIAN_POINT('',(5.530846614395,36.08819726746));
#2816 = CARTESIAN_POINT('',(5.515247692612,36.581133221694));
#2817 = CARTESIAN_POINT('',(5.503784016271,36.906205200103));
#2818 = CARTESIAN_POINT('',(5.497787143782,37.06776436283));
#2819 = ( GEOMETRIC_REPRESENTATION_CONTEXT(2) 
PARAMETRIC_REPRESENTATION_CONTEXT() REPRESENTATION_CONTEXT('2D SPACE',''
  ) );
#2820 = ORIENTED_EDGE('',*,*,#2821,.F.);
#2821 = EDGE_CURVE('',#2822,#2775,#2824,.T.);
#2822 = VERTEX_POINT('',#2823);
#2823 = CARTESIAN_POINT('',(63.324176727878,166.,-32.25));
#2824 = SURFACE_CURVE('',#2825,(#2830,#2836),.PCURVE_S1.);
#2825 = CIRCLE('',#2826,4.);
#2826 = AXIS2_PLACEMENT_3D('',#2827,#2828,#2829);
#2827 = CARTESIAN_POINT('',(61.93223563717,166.,-36.));
#2828 = DIRECTION('',(0.9375,0.,-0.347985272677));
#2829 = DIRECTION('',(0.347985272677,0.,0.9375));
#2830 = PCURVE('',#2738,#2831);
#2831 = DEFINITIONAL_REPRESENTATION('',(#2832),#2835);
#2832 = B_SPLINE_CURVE_WITH_KNOTS('',1,(#2833,#2834),.UNSPECIFIED.,.F.,
  .F.,(2,2),(0.,1.570796326795),.PIECEWISE_BEZIER_KNOTS.);
#2833 = CARTESIAN_POINT('',(1.,-3.14159265359));
#2834 = CARTESIAN_POINT('',(-2.755620007111E-15,-3.14159265359));
#2835 = ( GEOMETRIC_REPRESENTATION_CONTEXT(2) 
PARAMETRIC_REPRESENTATION_CONTEXT() REPRESENTATION_CONTEXT('2D SPACE',''
  ) );
#2836 = PCURVE('',#2837,#2842);
#2837 = TOROIDAL_SURFACE('',#2838,16.,4.);
#2838 = AXIS2_PLACEMENT_3D('',#2839,#2840,#2841);
#2839 = CARTESIAN_POINT('',(67.5,166.,-21.));
#2840 = DIRECTION('',(0.,-1.,0.));
#2841 = DIRECTION('',(0.,0.,-1.));
#2842 = DEFINITIONAL_REPRESENTATION('',(#2843),#2847);
#2843 = LINE('',#2844,#2845);
#2844 = CARTESIAN_POINT('',(5.927764105489,3.14159265359));
#2845 = VECTOR('',#2846,1.);
#2846 = DIRECTION('',(-5.654319433713E-16,-1.));
#2847 = ( GEOMETRIC_REPRESENTATION_CONTEXT(2) 
PARAMETRIC_REPRESENTATION_CONTEXT() REPRESENTATION_CONTEXT('2D SPACE',''
  ) );
#2848 = ORIENTED_EDGE('',*,*,#2849,.T.);
#2849 = EDGE_CURVE('',#2822,#2700,#2850,.T.);
#2850 = SURFACE_CURVE('',#2851,(#2857,#2864),.PCURVE_S1.);
#2851 = B_SPLINE_CURVE_WITH_KNOTS('',3,(#2852,#2853,#2854,#2855,#2856),
  .UNSPECIFIED.,.F.,.F.,(4,1,4),(-3.14159265359,0.448798950513,
    3.14159265359),.UNSPECIFIED.);
#2852 = CARTESIAN_POINT('',(63.324176727878,166.,-32.25));
#2853 = CARTESIAN_POINT('',(64.847448833588,166.,-32.81541467633));
#2854 = CARTESIAN_POINT('',(67.715796739427,165.89921130858,
    -33.25534915528));
#2855 = CARTESIAN_POINT('',(70.53336919284,166.,-32.67406100725));
#2856 = CARTESIAN_POINT('',(71.675823272123,166.,-32.25));
#2857 = PCURVE('',#2738,#2858);
#2858 = DEFINITIONAL_REPRESENTATION('',(#2859),#2863);
#2859 = LINE('',#2860,#2861);
#2860 = CARTESIAN_POINT('',(1.,-3.996802888651E-15));
#2861 = VECTOR('',#2862,1.);
#2862 = DIRECTION('',(6.00771439832E-16,1.));
#2863 = ( GEOMETRIC_REPRESENTATION_CONTEXT(2) 
PARAMETRIC_REPRESENTATION_CONTEXT() REPRESENTATION_CONTEXT('2D SPACE',''
  ) );
#2864 = PCURVE('',#2687,#2865);
#2865 = DEFINITIONAL_REPRESENTATION('',(#2866),#2892);
#2866 = B_SPLINE_CURVE_WITH_KNOTS('',3,(#2867,#2868,#2869,#2870,#2871,
    #2872,#2873,#2874,#2875,#2876,#2877,#2878,#2879,#2880,#2881,#2882,
    #2883,#2884,#2885,#2886,#2887,#2888,#2889,#2890,#2891),
  .UNSPECIFIED.,.F.,.F.,(4,1,1,1,1,1,1,1,1,1,1,1,1,1,1,1,1,1,1,1,1,1,4),
  (-3.14159265359,-2.855993321445,-2.570393989301,-2.284794657156,
    -1.999195325012,-1.713595992867,-1.427996660723,-1.142397328578,
    -0.856797996434,-0.571198664289,-0.285599332145,-4.773959005888E-15,
    0.285599332145,0.571198664289,0.856797996434,1.142397328578,
    1.427996660723,1.713595992867,1.999195325012,2.284794657156,
    2.570393989301,2.855993321445,3.14159265359),.UNSPECIFIED.);
#2867 = CARTESIAN_POINT('',(-1.215375125105,4.));
#2868 = CARTESIAN_POINT('',(-1.226145674753,4.));
#2869 = CARTESIAN_POINT('',(-1.247686242028,3.999271156163));
#2870 = CARTESIAN_POINT('',(-1.279996498679,3.996364063081));
#2871 = CARTESIAN_POINT('',(-1.312307420148,3.992015847074));
#2872 = CARTESIAN_POINT('',(-1.34461936504,3.986599211772));
#2873 = CARTESIAN_POINT('',(-1.376932274431,3.980486863685));
#2874 = CARTESIAN_POINT('',(-1.409245718622,3.97405149857));
#2875 = CARTESIAN_POINT('',(-1.441559063385,3.967665852316));
#2876 = CARTESIAN_POINT('',(-1.473871605684,3.961702511038));
#2877 = CARTESIAN_POINT('',(-1.506182718848,3.956534619812));
#2878 = CARTESIAN_POINT('',(-1.538491992675,3.952533237644));
#2879 = CARTESIAN_POINT('',(-1.570799381826,3.950077208862));
#2880 = CARTESIAN_POINT('',(-1.603105319027,3.949516322579));
#2881 = CARTESIAN_POINT('',(-1.635410949204,3.951308803439));
#2882 = CARTESIAN_POINT('',(-1.667717840482,3.95543364833));
#2883 = CARTESIAN_POINT('',(-1.700026650801,3.961215720897));
#2884 = CARTESIAN_POINT('',(-1.732337512633,3.96810781547));
#2885 = CARTESIAN_POINT('',(-1.764650125577,3.975528447457));
#2886 = CARTESIAN_POINT('',(-1.796963914018,3.982905317277));
#2887 = CARTESIAN_POINT('',(-1.829278164989,3.989663664227));
#2888 = CARTESIAN_POINT('',(-1.861592189026,3.995229387078));
#2889 = CARTESIAN_POINT('',(-1.893905413181,3.999028207832));
#2890 = CARTESIAN_POINT('',(-1.91544695243,4.));
#2891 = CARTESIAN_POINT('',(-1.926217528485,4.));
#2892 = ( GEOMETRIC_REPRESENTATION_CONTEXT(2) 
PARAMETRIC_REPRESENTATION_CONTEXT() REPRESENTATION_CONTEXT('2D SPACE',''
  ) );
#2893 = ADVANCED_FACE('',(#2894),#2837,.F.);
#2894 = FACE_BOUND('',#2895,.F.);
#2895 = EDGE_LOOP('',(#2896,#2918,#2919,#2943));
#2896 = ORIENTED_EDGE('',*,*,#2897,.F.);
#2897 = EDGE_CURVE('',#2775,#2348,#2898,.T.);
#2898 = SURFACE_CURVE('',#2899,(#2904,#2911),.PCURVE_S1.);
#2899 = CIRCLE('',#2900,16.);
#2900 = AXIS2_PLACEMENT_3D('',#2901,#2902,#2903);
#2901 = CARTESIAN_POINT('',(67.5,162.,-21.));
#2902 = DIRECTION('',(0.,1.,0.));
#2903 = DIRECTION('',(-1.,0.,0.));
#2904 = PCURVE('',#2837,#2905);
#2905 = DEFINITIONAL_REPRESENTATION('',(#2906),#2910);
#2906 = LINE('',#2907,#2908);
#2907 = CARTESIAN_POINT('',(10.995574287564,1.570796326795));
#2908 = VECTOR('',#2909,1.);
#2909 = DIRECTION('',(-1.,2.740445320196E-16));
#2910 = ( GEOMETRIC_REPRESENTATION_CONTEXT(2) 
PARAMETRIC_REPRESENTATION_CONTEXT() REPRESENTATION_CONTEXT('2D SPACE',''
  ) );
#2911 = PCURVE('',#2194,#2912);
#2912 = DEFINITIONAL_REPRESENTATION('',(#2913),#2917);
#2913 = CIRCLE('',#2914,16.);
#2914 = AXIS2_PLACEMENT_2D('',#2915,#2916);
#2915 = CARTESIAN_POINT('',(0.,0.));
#2916 = DIRECTION('',(0.,-1.));
#2917 = ( GEOMETRIC_REPRESENTATION_CONTEXT(2) 
PARAMETRIC_REPRESENTATION_CONTEXT() REPRESENTATION_CONTEXT('2D SPACE',''
  ) );
#2918 = ORIENTED_EDGE('',*,*,#2821,.F.);
#2919 = ORIENTED_EDGE('',*,*,#2920,.F.);
#2920 = EDGE_CURVE('',#2921,#2822,#2923,.T.);
#2921 = VERTEX_POINT('',#2922);
#2922 = CARTESIAN_POINT('',(63.324176727878,166.,-9.75));
#2923 = SURFACE_CURVE('',#2924,(#2929,#2936),.PCURVE_S1.);
#2924 = CIRCLE('',#2925,12.);
#2925 = AXIS2_PLACEMENT_3D('',#2926,#2927,#2928);
#2926 = CARTESIAN_POINT('',(67.5,166.,-21.));
#2927 = DIRECTION('',(0.,-1.,0.));
#2928 = DIRECTION('',(-1.,0.,0.));
#2929 = PCURVE('',#2837,#2930);
#2930 = DEFINITIONAL_REPRESENTATION('',(#2931),#2935);
#2931 = LINE('',#2932,#2933);
#2932 = CARTESIAN_POINT('',(-1.570796326795,3.14159265359));
#2933 = VECTOR('',#2934,1.);
#2934 = DIRECTION('',(1.,3.653927093594E-16));
#2935 = ( GEOMETRIC_REPRESENTATION_CONTEXT(2) 
PARAMETRIC_REPRESENTATION_CONTEXT() REPRESENTATION_CONTEXT('2D SPACE',''
  ) );
#2936 = PCURVE('',#2687,#2937);
#2937 = DEFINITIONAL_REPRESENTATION('',(#2938),#2942);
#2938 = LINE('',#2939,#2940);
#2939 = CARTESIAN_POINT('',(6.28318530718,4.));
#2940 = VECTOR('',#2941,1.);
#2941 = DIRECTION('',(-1.,0.));
#2942 = ( GEOMETRIC_REPRESENTATION_CONTEXT(2) 
PARAMETRIC_REPRESENTATION_CONTEXT() REPRESENTATION_CONTEXT('2D SPACE',''
  ) );
#2943 = ORIENTED_EDGE('',*,*,#2944,.T.);
#2944 = EDGE_CURVE('',#2921,#2348,#2945,.T.);
#2945 = SURFACE_CURVE('',#2946,(#2951,#2958),.PCURVE_S1.);
#2946 = CIRCLE('',#2947,4.);
#2947 = AXIS2_PLACEMENT_3D('',#2948,#2949,#2950);
#2948 = CARTESIAN_POINT('',(61.93223563717,166.,-6.));
#2949 = DIRECTION('',(-0.9375,-4.066751026855E-15,-0.347985272677));
#2950 = DIRECTION('',(0.347985272677,-4.057560204625E-31,-0.9375));
#2951 = PCURVE('',#2837,#2952);
#2952 = DEFINITIONAL_REPRESENTATION('',(#2953),#2957);
#2953 = LINE('',#2954,#2955);
#2954 = CARTESIAN_POINT('',(3.49701385528,3.14159265359));
#2955 = VECTOR('',#2956,1.);
#2956 = DIRECTION('',(2.827159716856E-16,-1.));
#2957 = ( GEOMETRIC_REPRESENTATION_CONTEXT(2) 
PARAMETRIC_REPRESENTATION_CONTEXT() REPRESENTATION_CONTEXT('2D SPACE',''
  ) );
#2958 = PCURVE('',#2389,#2959);
#2959 = DEFINITIONAL_REPRESENTATION('',(#2960),#2963);
#2960 = B_SPLINE_CURVE_WITH_KNOTS('',1,(#2961,#2962),.UNSPECIFIED.,.F.,
  .F.,(2,2),(0.,1.570796326795),.PIECEWISE_BEZIER_KNOTS.);
#2961 = CARTESIAN_POINT('',(1.,3.14159265359));
#2962 = CARTESIAN_POINT('',(3.645404745846E-17,3.14159265359));
#2963 = ( GEOMETRIC_REPRESENTATION_CONTEXT(2) 
PARAMETRIC_REPRESENTATION_CONTEXT() REPRESENTATION_CONTEXT('2D SPACE',''
  ) );
#2964 = ADVANCED_FACE('',(#2965),#2687,.T.);
#2965 = FACE_BOUND('',#2966,.T.);
#2966 = EDGE_LOOP('',(#2967,#2996,#3017,#3018,#3019,#3020,#3065,#3066));
#2967 = ORIENTED_EDGE('',*,*,#2968,.F.);
#2968 = EDGE_CURVE('',#2969,#2969,#2971,.T.);
#2969 = VERTEX_POINT('',#2970);
#2970 = CARTESIAN_POINT('',(79.5,177.,-21.));
#2971 = SURFACE_CURVE('',#2972,(#2977,#2984),.PCURVE_S1.);
#2972 = CIRCLE('',#2973,12.);
#2973 = AXIS2_PLACEMENT_3D('',#2974,#2975,#2976);
#2974 = CARTESIAN_POINT('',(67.5,177.,-21.));
#2975 = DIRECTION('',(0.,1.,0.));
#2976 = DIRECTION('',(-1.,0.,0.));
#2977 = PCURVE('',#2687,#2978);
#2978 = DEFINITIONAL_REPRESENTATION('',(#2979),#2983);
#2979 = LINE('',#2980,#2981);
#2980 = CARTESIAN_POINT('',(-6.28318530718,15.));
#2981 = VECTOR('',#2982,1.);
#2982 = DIRECTION('',(1.,0.));
#2983 = ( GEOMETRIC_REPRESENTATION_CONTEXT(2) 
PARAMETRIC_REPRESENTATION_CONTEXT() REPRESENTATION_CONTEXT('2D SPACE',''
  ) );
#2984 = PCURVE('',#2985,#2990);
#2985 = CONICAL_SURFACE('',#2986,10.5,0.785398163397);
#2986 = AXIS2_PLACEMENT_3D('',#2987,#2988,#2989);
#2987 = CARTESIAN_POINT('',(67.5,178.5,-21.));
#2988 = DIRECTION('',(0.,-1.,0.));
#2989 = DIRECTION('',(-1.,0.,0.));
#2990 = DEFINITIONAL_REPRESENTATION('',(#2991),#2995);
#2991 = LINE('',#2992,#2993);
#2992 = CARTESIAN_POINT('',(6.28318530718,1.5));
#2993 = VECTOR('',#2994,1.);
#2994 = DIRECTION('',(-1.,0.));
#2995 = ( GEOMETRIC_REPRESENTATION_CONTEXT(2) 
PARAMETRIC_REPRESENTATION_CONTEXT() REPRESENTATION_CONTEXT('2D SPACE',''
  ) );
#2996 = ORIENTED_EDGE('',*,*,#2997,.T.);
#2997 = EDGE_CURVE('',#2969,#2671,#2998,.T.);
#2998 = SEAM_CURVE('',#2999,(#3003,#3010),.PCURVE_S1.);
#2999 = LINE('',#3000,#3001);
#3000 = CARTESIAN_POINT('',(79.5,162.,-21.));
#3001 = VECTOR('',#3002,1.);
#3002 = DIRECTION('',(0.,-1.,0.));
#3003 = PCURVE('',#2687,#3004);
#3004 = DEFINITIONAL_REPRESENTATION('',(#3005),#3009);
#3005 = LINE('',#3006,#3007);
#3006 = CARTESIAN_POINT('',(-3.14159265359,0.));
#3007 = VECTOR('',#3008,1.);
#3008 = DIRECTION('',(0.,-1.));
#3009 = ( GEOMETRIC_REPRESENTATION_CONTEXT(2) 
PARAMETRIC_REPRESENTATION_CONTEXT() REPRESENTATION_CONTEXT('2D SPACE',''
  ) );
#3010 = PCURVE('',#2687,#3011);
#3011 = DEFINITIONAL_REPRESENTATION('',(#3012),#3016);
#3012 = LINE('',#3013,#3014);
#3013 = CARTESIAN_POINT('',(3.14159265359,0.));
#3014 = VECTOR('',#3015,1.);
#3015 = DIRECTION('',(0.,-1.));
#3016 = ( GEOMETRIC_REPRESENTATION_CONTEXT(2) 
PARAMETRIC_REPRESENTATION_CONTEXT() REPRESENTATION_CONTEXT('2D SPACE',''
  ) );
#3017 = ORIENTED_EDGE('',*,*,#2699,.F.);
#3018 = ORIENTED_EDGE('',*,*,#2849,.F.);
#3019 = ORIENTED_EDGE('',*,*,#2920,.F.);
#3020 = ORIENTED_EDGE('',*,*,#3021,.F.);
#3021 = EDGE_CURVE('',#2648,#2921,#3022,.T.);
#3022 = SURFACE_CURVE('',#3023,(#3029,#3058),.PCURVE_S1.);
#3023 = B_SPLINE_CURVE_WITH_KNOTS('',3,(#3024,#3025,#3026,#3027,#3028),
  .UNSPECIFIED.,.F.,.F.,(4,1,4),(-3.14159265359,-0.448798950513,
    3.14159265359),.QUASI_UNIFORM_KNOTS.);
#3024 = CARTESIAN_POINT('',(71.675823272122,166.,-9.75));
#3025 = CARTESIAN_POINT('',(70.53336919284,166.,-9.325938992747));
#3026 = CARTESIAN_POINT('',(67.71580658188,165.89910922078,
    -8.744634099275));
#3027 = CARTESIAN_POINT('',(64.847448833588,166.,-9.184585323662));
#3028 = CARTESIAN_POINT('',(63.324176727878,166.,-9.75));
#3029 = PCURVE('',#2687,#3030);
#3030 = DEFINITIONAL_REPRESENTATION('',(#3031),#3057);
#3031 = B_SPLINE_CURVE_WITH_KNOTS('',3,(#3032,#3033,#3034,#3035,#3036,
    #3037,#3038,#3039,#3040,#3041,#3042,#3043,#3044,#3045,#3046,#3047,
    #3048,#3049,#3050,#3051,#3052,#3053,#3054,#3055,#3056),
  .UNSPECIFIED.,.F.,.F.,(4,1,1,1,1,1,1,1,1,1,1,1,1,1,1,1,1,1,1,1,1,1,4),
  (-3.14159265359,-2.855993321445,-2.570393989301,-2.284794657156,
    -1.999195325012,-1.713595992867,-1.427996660723,-1.142397328578,
    -0.856797996434,-0.571198664289,-0.285599332145,1.110223024625E-16,
    0.285599332145,0.571198664289,0.856797996434,1.142397328578,
    1.427996660723,1.713595992867,1.999195325012,2.284794657156,
    2.570393989301,2.855993321445,3.14159265359),.UNSPECIFIED.);
#3032 = CARTESIAN_POINT('',(1.926217528485,4.));
#3033 = CARTESIAN_POINT('',(1.915446952328,4.));
#3034 = CARTESIAN_POINT('',(1.893905415994,3.999027223514));
#3035 = CARTESIAN_POINT('',(1.861592206468,3.995224554974));
#3036 = CARTESIAN_POINT('',(1.829278208698,3.989653194662));
#3037 = CARTESIAN_POINT('',(1.796963995347,3.982888002252));
#3038 = CARTESIAN_POINT('',(1.764650254523,3.975503660478));
#3039 = CARTESIAN_POINT('',(1.73233769663,3.968075512211));
#3040 = CARTESIAN_POINT('',(1.700026893607,3.961176436708));
#3041 = CARTESIAN_POINT('',(1.667718140996,3.955388507541));
#3042 = CARTESIAN_POINT('',(1.635411300676,3.951259484637));
#3043 = CARTESIAN_POINT('',(1.603105707041,3.949465188192));
#3044 = CARTESIAN_POINT('',(1.570799788399,3.950026642591));
#3045 = CARTESIAN_POINT('',(1.538492400541,3.952485159059));
#3046 = CARTESIAN_POINT('',(1.506183111435,3.956490594185));
#3047 = CARTESIAN_POINT('',(1.473871968068,3.961663719913));
#3048 = CARTESIAN_POINT('',(1.441559382948,3.967633101398));
#3049 = CARTESIAN_POINT('',(1.409245985754,3.974025215606));
#3050 = CARTESIAN_POINT('',(1.376932483171,3.980467099035));
#3051 = CARTESIAN_POINT('',(1.34461951369,3.986585638255));
#3052 = CARTESIAN_POINT('',(1.31230751184,3.99200776001));
#3053 = CARTESIAN_POINT('',(1.279996541904,3.996360380278));
#3054 = CARTESIAN_POINT('',(1.247686251076,3.999270417925));
#3055 = CARTESIAN_POINT('',(1.226145674785,4.));
#3056 = CARTESIAN_POINT('',(1.215375125105,4.));
#3057 = ( GEOMETRIC_REPRESENTATION_CONTEXT(2) 
PARAMETRIC_REPRESENTATION_CONTEXT() REPRESENTATION_CONTEXT('2D SPACE',''
  ) );
#3058 = PCURVE('',#2389,#3059);
#3059 = DEFINITIONAL_REPRESENTATION('',(#3060),#3064);
#3060 = LINE('',#3061,#3062);
#3061 = CARTESIAN_POINT('',(1.,5.773159728051E-15));
#3062 = VECTOR('',#3063,1.);
#3063 = DIRECTION('',(6.537806845231E-16,1.));
#3064 = ( GEOMETRIC_REPRESENTATION_CONTEXT(2) 
PARAMETRIC_REPRESENTATION_CONTEXT() REPRESENTATION_CONTEXT('2D SPACE',''
  ) );
#3065 = ORIENTED_EDGE('',*,*,#2670,.F.);
#3066 = ORIENTED_EDGE('',*,*,#2997,.F.);
#3067 = ADVANCED_FACE('',(#3068),#2985,.T.);
#3068 = FACE_BOUND('',#3069,.T.);
#3069 = EDGE_LOOP('',(#3070,#3103,#3124,#3125));
#3070 = ORIENTED_EDGE('',*,*,#3071,.T.);
#3071 = EDGE_CURVE('',#3072,#3072,#3074,.T.);
#3072 = VERTEX_POINT('',#3073);
#3073 = CARTESIAN_POINT('',(76.5,180.,-21.));
#3074 = SURFACE_CURVE('',#3075,(#3080,#3087),.PCURVE_S1.);
#3075 = CIRCLE('',#3076,9.);
#3076 = AXIS2_PLACEMENT_3D('',#3077,#3078,#3079);
#3077 = CARTESIAN_POINT('',(67.5,180.,-21.));
#3078 = DIRECTION('',(0.,-1.,0.));
#3079 = DIRECTION('',(-1.,0.,0.));
#3080 = PCURVE('',#2985,#3081);
#3081 = DEFINITIONAL_REPRESENTATION('',(#3082),#3086);
#3082 = LINE('',#3083,#3084);
#3083 = CARTESIAN_POINT('',(-6.28318530718,-1.5));
#3084 = VECTOR('',#3085,1.);
#3085 = DIRECTION('',(1.,0.));
#3086 = ( GEOMETRIC_REPRESENTATION_CONTEXT(2) 
PARAMETRIC_REPRESENTATION_CONTEXT() REPRESENTATION_CONTEXT('2D SPACE',''
  ) );
#3087 = PCURVE('',#3088,#3093);
#3088 = PLANE('',#3089);
#3089 = AXIS2_PLACEMENT_3D('',#3090,#3091,#3092);
#3090 = CARTESIAN_POINT('',(67.5,180.,-21.));
#3091 = DIRECTION('',(0.,1.,0.));
#3092 = DIRECTION('',(-1.,0.,0.));
#3093 = DEFINITIONAL_REPRESENTATION('',(#3094),#3102);
#3094 = ( BOUNDED_CURVE() B_SPLINE_CURVE(2,(#3095,#3096,#3097,#3098,
#3099,#3100,#3101),.UNSPECIFIED.,.T.,.F.) B_SPLINE_CURVE_WITH_KNOTS((1,2
    ,2,2,2,1),(-2.094395102393,0.,2.094395102393,4.188790204786,
6.28318530718,8.377580409573),.UNSPECIFIED.) CURVE() 
GEOMETRIC_REPRESENTATION_ITEM() RATIONAL_B_SPLINE_CURVE((1.,0.5,1.,0.5,
1.,0.5,1.)) REPRESENTATION_ITEM('') );
#3095 = CARTESIAN_POINT('',(9.,0.));
#3096 = CARTESIAN_POINT('',(9.,-15.58845726812));
#3097 = CARTESIAN_POINT('',(-4.5,-7.79422863406));
#3098 = CARTESIAN_POINT('',(-18.,-2.204364238465E-15));
#3099 = CARTESIAN_POINT('',(-4.5,7.79422863406));
#3100 = CARTESIAN_POINT('',(9.,15.58845726812));
#3101 = CARTESIAN_POINT('',(9.,0.));
#3102 = ( GEOMETRIC_REPRESENTATION_CONTEXT(2) 
PARAMETRIC_REPRESENTATION_CONTEXT() REPRESENTATION_CONTEXT('2D SPACE',''
  ) );
#3103 = ORIENTED_EDGE('',*,*,#3104,.T.);
#3104 = EDGE_CURVE('',#3072,#2969,#3105,.T.);
#3105 = SEAM_CURVE('',#3106,(#3110,#3117),.PCURVE_S1.);
#3106 = LINE('',#3107,#3108);
#3107 = CARTESIAN_POINT('',(78.,178.5,-21.));
#3108 = VECTOR('',#3109,1.);
#3109 = DIRECTION('',(0.707106781187,-0.707106781187,-8.659560562355E-17
    ));
#3110 = PCURVE('',#2985,#3111);
#3111 = DEFINITIONAL_REPRESENTATION('',(#3112),#3116);
#3112 = LINE('',#3113,#3114);
#3113 = CARTESIAN_POINT('',(3.14159265359,0.));
#3114 = VECTOR('',#3115,1.);
#3115 = DIRECTION('',(0.,1.));
#3116 = ( GEOMETRIC_REPRESENTATION_CONTEXT(2) 
PARAMETRIC_REPRESENTATION_CONTEXT() REPRESENTATION_CONTEXT('2D SPACE',''
  ) );
#3117 = PCURVE('',#2985,#3118);
#3118 = DEFINITIONAL_REPRESENTATION('',(#3119),#3123);
#3119 = LINE('',#3120,#3121);
#3120 = CARTESIAN_POINT('',(-3.14159265359,0.));
#3121 = VECTOR('',#3122,1.);
#3122 = DIRECTION('',(0.,1.));
#3123 = ( GEOMETRIC_REPRESENTATION_CONTEXT(2) 
PARAMETRIC_REPRESENTATION_CONTEXT() REPRESENTATION_CONTEXT('2D SPACE',''
  ) );
#3124 = ORIENTED_EDGE('',*,*,#2968,.T.);
#3125 = ORIENTED_EDGE('',*,*,#3104,.F.);
#3126 = ADVANCED_FACE('',(#3127,#3130),#3088,.T.);
#3127 = FACE_BOUND('',#3128,.T.);
#3128 = EDGE_LOOP('',(#3129));
#3129 = ORIENTED_EDGE('',*,*,#3071,.F.);
#3130 = FACE_BOUND('',#3131,.T.);
#3131 = EDGE_LOOP('',(#3132));
#3132 = ORIENTED_EDGE('',*,*,#3133,.T.);
#3133 = EDGE_CURVE('',#3134,#3134,#3136,.T.);
#3134 = VERTEX_POINT('',#3135);
#3135 = CARTESIAN_POINT('',(67.5,180.,-13.9825));
#3136 = SURFACE_CURVE('',#3137,(#3142,#3153),.PCURVE_S1.);
#3137 = CIRCLE('',#3138,7.0175);
#3138 = AXIS2_PLACEMENT_3D('',#3139,#3140,#3141);
#3139 = CARTESIAN_POINT('',(67.5,180.,-21.));
#3140 = DIRECTION('',(0.,-1.,-0.));
#3141 = DIRECTION('',(-1.012529726769E-14,-0.,1.));
#3142 = PCURVE('',#3088,#3143);
#3143 = DEFINITIONAL_REPRESENTATION('',(#3144),#3152);
#3144 = ( BOUNDED_CURVE() B_SPLINE_CURVE(2,(#3145,#3146,#3147,#3148,
#3149,#3150,#3151),.UNSPECIFIED.,.T.,.F.) B_SPLINE_CURVE_WITH_KNOTS((1,2
    ,2,2,2,1),(-2.094395102393,0.,2.094395102393,4.188790204786,
6.28318530718,8.377580409573),.UNSPECIFIED.) CURVE() 
GEOMETRIC_REPRESENTATION_ITEM() RATIONAL_B_SPLINE_CURVE((1.,0.5,1.,0.5,
1.,0.5,1.)) REPRESENTATION_ITEM('') );
#3145 = CARTESIAN_POINT('',(7.105427357601E-14,7.0175));
#3146 = CARTESIAN_POINT('',(12.154666542115,7.0175));
#3147 = CARTESIAN_POINT('',(6.077333271057,-3.50875));
#3148 = CARTESIAN_POINT('',(-1.403897553694E-13,-14.035));
#3149 = CARTESIAN_POINT('',(-6.077333271057,-3.50875));
#3150 = CARTESIAN_POINT('',(-12.15466654211,7.0175));
#3151 = CARTESIAN_POINT('',(7.105427357601E-14,7.0175));
#3152 = ( GEOMETRIC_REPRESENTATION_CONTEXT(2) 
PARAMETRIC_REPRESENTATION_CONTEXT() REPRESENTATION_CONTEXT('2D SPACE',''
  ) );
#3153 = PCURVE('',#3154,#3159);
#3154 = CYLINDRICAL_SURFACE('',#3155,7.0175);
#3155 = AXIS2_PLACEMENT_3D('',#3156,#3157,#3158);
#3156 = CARTESIAN_POINT('',(67.5,179.95,-21.));
#3157 = DIRECTION('',(0.,1.,0.));
#3158 = DIRECTION('',(0.,-0.,1.));
#3159 = DEFINITIONAL_REPRESENTATION('',(#3160),#3164);
#3160 = LINE('',#3161,#3162);
#3161 = CARTESIAN_POINT('',(6.28318530718,5.000000000001E-02));
#3162 = VECTOR('',#3163,1.);
#3163 = DIRECTION('',(-1.,0.));
#3164 = ( GEOMETRIC_REPRESENTATION_CONTEXT(2) 
PARAMETRIC_REPRESENTATION_CONTEXT() REPRESENTATION_CONTEXT('2D SPACE',''
  ) );
#3165 = ADVANCED_FACE('',(#3166),#3154,.T.);
#3166 = FACE_BOUND('',#3167,.T.);
#3167 = EDGE_LOOP('',(#3168,#3191,#3218,#3219));
#3168 = ORIENTED_EDGE('',*,*,#3169,.T.);
#3169 = EDGE_CURVE('',#3134,#3170,#3172,.T.);
#3170 = VERTEX_POINT('',#3171);
#3171 = CARTESIAN_POINT('',(67.5,380.,-13.9825));
#3172 = SEAM_CURVE('',#3173,(#3177,#3184),.PCURVE_S1.);
#3173 = LINE('',#3174,#3175);
#3174 = CARTESIAN_POINT('',(67.5,179.95,-13.9825));
#3175 = VECTOR('',#3176,1.);
#3176 = DIRECTION('',(0.,1.,0.));
#3177 = PCURVE('',#3154,#3178);
#3178 = DEFINITIONAL_REPRESENTATION('',(#3179),#3183);
#3179 = LINE('',#3180,#3181);
#3180 = CARTESIAN_POINT('',(6.28318530718,-0.));
#3181 = VECTOR('',#3182,1.);
#3182 = DIRECTION('',(0.,1.));
#3183 = ( GEOMETRIC_REPRESENTATION_CONTEXT(2) 
PARAMETRIC_REPRESENTATION_CONTEXT() REPRESENTATION_CONTEXT('2D SPACE',''
  ) );
#3184 = PCURVE('',#3154,#3185);
#3185 = DEFINITIONAL_REPRESENTATION('',(#3186),#3190);
#3186 = LINE('',#3187,#3188);
#3187 = CARTESIAN_POINT('',(0.,-0.));
#3188 = VECTOR('',#3189,1.);
#3189 = DIRECTION('',(0.,1.));
#3190 = ( GEOMETRIC_REPRESENTATION_CONTEXT(2) 
PARAMETRIC_REPRESENTATION_CONTEXT() REPRESENTATION_CONTEXT('2D SPACE',''
  ) );
#3191 = ORIENTED_EDGE('',*,*,#3192,.F.);
#3192 = EDGE_CURVE('',#3170,#3170,#3193,.T.);
#3193 = SURFACE_CURVE('',#3194,(#3199,#3206),.PCURVE_S1.);
#3194 = CIRCLE('',#3195,7.0175);
#3195 = AXIS2_PLACEMENT_3D('',#3196,#3197,#3198);
#3196 = CARTESIAN_POINT('',(67.5,380.,-21.));
#3197 = DIRECTION('',(0.,1.,0.));
#3198 = DIRECTION('',(0.,-0.,1.));
#3199 = PCURVE('',#3154,#3200);
#3200 = DEFINITIONAL_REPRESENTATION('',(#3201),#3205);
#3201 = LINE('',#3202,#3203);
#3202 = CARTESIAN_POINT('',(0.,200.05));
#3203 = VECTOR('',#3204,1.);
#3204 = DIRECTION('',(1.,0.));
#3205 = ( GEOMETRIC_REPRESENTATION_CONTEXT(2) 
PARAMETRIC_REPRESENTATION_CONTEXT() REPRESENTATION_CONTEXT('2D SPACE',''
  ) );
#3206 = PCURVE('',#3207,#3212);
#3207 = PLANE('',#3208);
#3208 = AXIS2_PLACEMENT_3D('',#3209,#3210,#3211);
#3209 = CARTESIAN_POINT('',(67.5,380.,-21.));
#3210 = DIRECTION('',(0.,1.,0.));
#3211 = DIRECTION('',(0.,-0.,1.));
#3212 = DEFINITIONAL_REPRESENTATION('',(#3213),#3217);
#3213 = CIRCLE('',#3214,7.0175);
#3214 = AXIS2_PLACEMENT_2D('',#3215,#3216);
#3215 = CARTESIAN_POINT('',(0.,0.));
#3216 = DIRECTION('',(1.,0.));
#3217 = ( GEOMETRIC_REPRESENTATION_CONTEXT(2) 
PARAMETRIC_REPRESENTATION_CONTEXT() REPRESENTATION_CONTEXT('2D SPACE',''
  ) );
#3218 = ORIENTED_EDGE('',*,*,#3169,.F.);
#3219 = ORIENTED_EDGE('',*,*,#3133,.F.);
#3220 = ADVANCED_FACE('',(#3221),#3207,.T.);
#3221 = FACE_BOUND('',#3222,.T.);
#3222 = EDGE_LOOP('',(#3223));
#3223 = ORIENTED_EDGE('',*,*,#3192,.T.);
#3224 = ADVANCED_FACE('',(#3225),#2506,.T.);
#3225 = FACE_BOUND('',#3226,.T.);
#3226 = EDGE_LOOP('',(#3227,#3248,#3314,#3315));
#3227 = ORIENTED_EDGE('',*,*,#3228,.T.);
#3228 = EDGE_CURVE('',#2445,#556,#3229,.T.);
#3229 = SURFACE_CURVE('',#3230,(#3234,#3241),.PCURVE_S1.);
#3230 = LINE('',#3231,#3232);
#3231 = CARTESIAN_POINT('',(97.5,156.,-10.5));
#3232 = VECTOR('',#3233,1.);
#3233 = DIRECTION('',(0.,0.,-1.));
#3234 = PCURVE('',#2506,#3235);
#3235 = DEFINITIONAL_REPRESENTATION('',(#3236),#3240);
#3236 = LINE('',#3237,#3238);
#3237 = CARTESIAN_POINT('',(7.068583470577,0.));
#3238 = VECTOR('',#3239,1.);
#3239 = DIRECTION('',(0.,1.));
#3240 = ( GEOMETRIC_REPRESENTATION_CONTEXT(2) 
PARAMETRIC_REPRESENTATION_CONTEXT() REPRESENTATION_CONTEXT('2D SPACE',''
  ) );
#3241 = PCURVE('',#601,#3242);
#3242 = DEFINITIONAL_REPRESENTATION('',(#3243),#3247);
#3243 = LINE('',#3244,#3245);
#3244 = CARTESIAN_POINT('',(44.688399029305,10.5));
#3245 = VECTOR('',#3246,1.);
#3246 = DIRECTION('',(0.,1.));
#3247 = ( GEOMETRIC_REPRESENTATION_CONTEXT(2) 
PARAMETRIC_REPRESENTATION_CONTEXT() REPRESENTATION_CONTEXT('2D SPACE',''
  ) );
#3248 = ORIENTED_EDGE('',*,*,#3249,.F.);
#3249 = EDGE_CURVE('',#2600,#556,#3250,.T.);
#3250 = SURFACE_CURVE('',#3251,(#3256,#3285),.PCURVE_S1.);
#3251 = ELLIPSE('',#3252,8.485281374239,6.);
#3252 = AXIS2_PLACEMENT_3D('',#3253,#3254,#3255);
#3253 = CARTESIAN_POINT('',(91.5,156.,-36.));
#3254 = DIRECTION('',(-0.707106781187,5.233641528946E-16,-0.707106781187
    ));
#3255 = DIRECTION('',(0.707106781187,5.233641528946E-16,-0.707106781187)
  );
#3256 = PCURVE('',#2506,#3257);
#3257 = DEFINITIONAL_REPRESENTATION('',(#3258),#3284);
#3258 = B_SPLINE_CURVE_WITH_KNOTS('',3,(#3259,#3260,#3261,#3262,#3263,
    #3264,#3265,#3266,#3267,#3268,#3269,#3270,#3271,#3272,#3273,#3274,
    #3275,#3276,#3277,#3278,#3279,#3280,#3281,#3282,#3283),
  .UNSPECIFIED.,.F.,.F.,(4,1,1,1,1,1,1,1,1,1,1,1,1,1,1,1,1,1,1,1,1,1,4),
  (4.712388980385,4.783788813421,4.855188646457,4.926588479493,
    4.997988312529,5.069388145565,5.140787978601,5.212187811638,
    5.283587644674,5.35498747771,5.426387310746,5.497787143782,
    5.569186976818,5.640586809854,5.711986642891,5.783386475927,
    5.854786308963,5.926186141999,5.997585975035,6.068985808071,
    6.140385641107,6.211785474143,6.28318530718),.QUASI_UNIFORM_KNOTS.);
#3259 = CARTESIAN_POINT('',(5.497787143782,25.5));
#3260 = CARTESIAN_POINT('',(5.521587088128,25.642800777411));
#3261 = CARTESIAN_POINT('',(5.569186976818,25.928398410977));
#3262 = CARTESIAN_POINT('',(5.640586809854,26.354614990636));
#3263 = CARTESIAN_POINT('',(5.711986642891,26.776475804316));
#3264 = CARTESIAN_POINT('',(5.783386475927,27.191832216008));
#3265 = CARTESIAN_POINT('',(5.854786308963,27.598567377943));
#3266 = CARTESIAN_POINT('',(5.926186141999,27.994608737788));
#3267 = CARTESIAN_POINT('',(5.997585975035,28.377938138972));
#3268 = CARTESIAN_POINT('',(6.068985808071,28.746602228247));
#3269 = CARTESIAN_POINT('',(6.140385641107,29.098722376442));
#3270 = CARTESIAN_POINT('',(6.211785474143,29.432504260395));
#3271 = CARTESIAN_POINT('',(6.28318530718,29.746247004008));
#3272 = CARTESIAN_POINT('',(6.354585140216,30.038351846289));
#3273 = CARTESIAN_POINT('',(6.425984973252,30.307330287588));
#3274 = CARTESIAN_POINT('',(6.497384806288,30.551811676636));
#3275 = CARTESIAN_POINT('',(6.568784639324,30.770550187789));
#3276 = CARTESIAN_POINT('',(6.64018447236,30.962431196627));
#3277 = CARTESIAN_POINT('',(6.711584305396,31.126476858464));
#3278 = CARTESIAN_POINT('',(6.782984138433,31.261851469508));
#3279 = CARTESIAN_POINT('',(6.854383971469,31.367864313626));
#3280 = CARTESIAN_POINT('',(6.925783804505,31.443978450949));
#3281 = CARTESIAN_POINT('',(6.997183637541,31.489793790292));
#3282 = CARTESIAN_POINT('',(7.044783526232,31.500012939333));
#3283 = CARTESIAN_POINT('',(7.068583470577,31.5));
#3284 = ( GEOMETRIC_REPRESENTATION_CONTEXT(2) 
PARAMETRIC_REPRESENTATION_CONTEXT() REPRESENTATION_CONTEXT('2D SPACE',''
  ) );
#3285 = PCURVE('',#573,#3286);
#3286 = DEFINITIONAL_REPRESENTATION('',(#3287),#3313);
#3287 = B_SPLINE_CURVE_WITH_KNOTS('',3,(#3288,#3289,#3290,#3291,#3292,
    #3293,#3294,#3295,#3296,#3297,#3298,#3299,#3300,#3301,#3302,#3303,
    #3304,#3305,#3306,#3307,#3308,#3309,#3310,#3311,#3312),
  .UNSPECIFIED.,.F.,.F.,(4,1,1,1,1,1,1,1,1,1,1,1,1,1,1,1,1,1,1,1,1,1,4),
  (4.712388980385,4.783788813421,4.855188646457,4.926588479493,
    4.997988312529,5.069388145565,5.140787978601,5.212187811638,
    5.283587644674,5.35498747771,5.426387310746,5.497787143782,
    5.569186976818,5.640586809854,5.711986642891,5.783386475927,
    5.854786308963,5.926186141999,5.997585975035,6.068985808071,
    6.140385641107,6.211785474143,6.28318530718),.QUASI_UNIFORM_KNOTS.);
#3288 = CARTESIAN_POINT('',(5.497787143782,7.5));
#3289 = CARTESIAN_POINT('',(5.521587088128,7.357199222589));
#3290 = CARTESIAN_POINT('',(5.569186976818,7.071601589023));
#3291 = CARTESIAN_POINT('',(5.640586809854,6.645385009364));
#3292 = CARTESIAN_POINT('',(5.711986642891,6.223524195684));
#3293 = CARTESIAN_POINT('',(5.783386475927,5.808167783992));
#3294 = CARTESIAN_POINT('',(5.854786308963,5.401432622057));
#3295 = CARTESIAN_POINT('',(5.926186141999,5.005391262212));
#3296 = CARTESIAN_POINT('',(5.997585975035,4.622061861028));
#3297 = CARTESIAN_POINT('',(6.068985808071,4.253397771753));
#3298 = CARTESIAN_POINT('',(6.140385641107,3.901277623558));
#3299 = CARTESIAN_POINT('',(6.211785474143,3.567495739605));
#3300 = CARTESIAN_POINT('',(6.28318530718,3.253752995992));
#3301 = CARTESIAN_POINT('',(6.354585140216,2.961648153711));
#3302 = CARTESIAN_POINT('',(6.425984973252,2.692669712412));
#3303 = CARTESIAN_POINT('',(6.497384806288,2.448188323364));
#3304 = CARTESIAN_POINT('',(6.568784639324,2.229449812211));
#3305 = CARTESIAN_POINT('',(6.64018447236,2.037568803373));
#3306 = CARTESIAN_POINT('',(6.711584305396,1.873523141536));
#3307 = CARTESIAN_POINT('',(6.782984138433,1.738148530492));
#3308 = CARTESIAN_POINT('',(6.854383971469,1.632135686374));
#3309 = CARTESIAN_POINT('',(6.925783804505,1.556021549051));
#3310 = CARTESIAN_POINT('',(6.997183637541,1.510206209708));
#3311 = CARTESIAN_POINT('',(7.044783526232,1.499987060667));
#3312 = CARTESIAN_POINT('',(7.068583470577,1.5));
#3313 = ( GEOMETRIC_REPRESENTATION_CONTEXT(2) 
PARAMETRIC_REPRESENTATION_CONTEXT() REPRESENTATION_CONTEXT('2D SPACE',''
  ) );
#3314 = ORIENTED_EDGE('',*,*,#2599,.T.);
#3315 = ORIENTED_EDGE('',*,*,#2467,.T.);
#3316 = ADVANCED_FACE('',(#3317),#2389,.T.);
#3317 = FACE_BOUND('',#3318,.T.);
#3318 = EDGE_LOOP('',(#3319,#3320,#3321,#3322));
#3319 = ORIENTED_EDGE('',*,*,#2944,.T.);
#3320 = ORIENTED_EDGE('',*,*,#2347,.T.);
#3321 = ORIENTED_EDGE('',*,*,#2647,.F.);
#3322 = ORIENTED_EDGE('',*,*,#3021,.T.);
#3323 = ADVANCED_FACE('',(#3324),#2194,.T.);
#3324 = FACE_BOUND('',#3325,.T.);
#3325 = EDGE_LOOP('',(#3326,#3327,#3348,#3349));
#3326 = ORIENTED_EDGE('',*,*,#2897,.F.);
#3327 = ORIENTED_EDGE('',*,*,#3328,.F.);
#3328 = EDGE_CURVE('',#2179,#2775,#3329,.T.);
#3329 = SURFACE_CURVE('',#3330,(#3334,#3341),.PCURVE_S1.);
#3330 = LINE('',#3331,#3332);
#3331 = CARTESIAN_POINT('',(99.,162.,-36.));
#3332 = VECTOR('',#3333,1.);
#3333 = DIRECTION('',(1.,0.,0.));
#3334 = PCURVE('',#2194,#3335);
#3335 = DEFINITIONAL_REPRESENTATION('',(#3336),#3340);
#3336 = LINE('',#3337,#3338);
#3337 = CARTESIAN_POINT('',(-15.,31.5));
#3338 = VECTOR('',#3339,1.);
#3339 = DIRECTION('',(0.,1.));
#3340 = ( GEOMETRIC_REPRESENTATION_CONTEXT(2) 
PARAMETRIC_REPRESENTATION_CONTEXT() REPRESENTATION_CONTEXT('2D SPACE',''
  ) );
#3341 = PCURVE('',#573,#3342);
#3342 = DEFINITIONAL_REPRESENTATION('',(#3343),#3347);
#3343 = LINE('',#3344,#3345);
#3344 = CARTESIAN_POINT('',(5.497787143782,0.));
#3345 = VECTOR('',#3346,1.);
#3346 = DIRECTION('',(0.,-1.));
#3347 = ( GEOMETRIC_REPRESENTATION_CONTEXT(2) 
PARAMETRIC_REPRESENTATION_CONTEXT() REPRESENTATION_CONTEXT('2D SPACE',''
  ) );
#3348 = ORIENTED_EDGE('',*,*,#2176,.F.);
#3349 = ORIENTED_EDGE('',*,*,#2422,.F.);
#3350 = ADVANCED_FACE('',(#3351),#1006,.T.);
#3351 = FACE_BOUND('',#3352,.T.);
#3352 = EDGE_LOOP('',(#3353,#3354,#3375,#3376,#3377,#3399));
#3353 = ORIENTED_EDGE('',*,*,#989,.F.);
#3354 = ORIENTED_EDGE('',*,*,#3355,.F.);
#3355 = EDGE_CURVE('',#1558,#962,#3356,.T.);
#3356 = SURFACE_CURVE('',#3357,(#3361,#3368),.PCURVE_S1.);
#3357 = LINE('',#3358,#3359);
#3358 = CARTESIAN_POINT('',(46.5,84.,0.));
#3359 = VECTOR('',#3360,1.);
#3360 = DIRECTION('',(0.,0.,-1.));
#3361 = PCURVE('',#1006,#3362);
#3362 = DEFINITIONAL_REPRESENTATION('',(#3363),#3367);
#3363 = LINE('',#3364,#3365);
#3364 = CARTESIAN_POINT('',(4.71164445159,0.));
#3365 = VECTOR('',#3366,1.);
#3366 = DIRECTION('',(0.,1.));
#3367 = ( GEOMETRIC_REPRESENTATION_CONTEXT(2) 
PARAMETRIC_REPRESENTATION_CONTEXT() REPRESENTATION_CONTEXT('2D SPACE',''
  ) );
#3368 = PCURVE('',#977,#3369);
#3369 = DEFINITIONAL_REPRESENTATION('',(#3370),#3374);
#3370 = LINE('',#3371,#3372);
#3371 = CARTESIAN_POINT('',(0.,0.));
#3372 = VECTOR('',#3373,1.);
#3373 = DIRECTION('',(0.,1.));
#3374 = ( GEOMETRIC_REPRESENTATION_CONTEXT(2) 
PARAMETRIC_REPRESENTATION_CONTEXT() REPRESENTATION_CONTEXT('2D SPACE',''
  ) );
#3375 = ORIENTED_EDGE('',*,*,#1555,.F.);
#3376 = ORIENTED_EDGE('',*,*,#1976,.F.);
#3377 = ORIENTED_EDGE('',*,*,#3378,.F.);
#3378 = EDGE_CURVE('',#1419,#1954,#3379,.T.);
#3379 = SURFACE_CURVE('',#3380,(#3385,#3392),.PCURVE_S1.);
#3380 = CIRCLE('',#3381,9.000002494454);
#3381 = AXIS2_PLACEMENT_3D('',#3382,#3383,#3384);
#3382 = CARTESIAN_POINT('',(46.5,93.000002494454,0.));
#3383 = DIRECTION('',(0.,0.,1.));
#3384 = DIRECTION('',(-0.999999722838,7.445287257613E-04,0.));
#3385 = PCURVE('',#1006,#3386);
#3386 = DEFINITIONAL_REPRESENTATION('',(#3387),#3391);
#3387 = LINE('',#3388,#3389);
#3388 = CARTESIAN_POINT('',(6.28318530718,0.));
#3389 = VECTOR('',#3390,1.);
#3390 = DIRECTION('',(-1.,0.));
#3391 = ( GEOMETRIC_REPRESENTATION_CONTEXT(2) 
PARAMETRIC_REPRESENTATION_CONTEXT() REPRESENTATION_CONTEXT('2D SPACE',''
  ) );
#3392 = PCURVE('',#159,#3393);
#3393 = DEFINITIONAL_REPRESENTATION('',(#3394),#3398);
#3394 = CIRCLE('',#3395,9.000002494454);
#3395 = AXIS2_PLACEMENT_2D('',#3396,#3397);
#3396 = CARTESIAN_POINT('',(46.5,93.000002494454));
#3397 = DIRECTION('',(-0.999999722838,7.445287257613E-04));
#3398 = ( GEOMETRIC_REPRESENTATION_CONTEXT(2) 
PARAMETRIC_REPRESENTATION_CONTEXT() REPRESENTATION_CONTEXT('2D SPACE',''
  ) );
#3399 = ORIENTED_EDGE('',*,*,#1418,.T.);
#3400 = ADVANCED_FACE('',(#3401),#977,.F.);
#3401 = FACE_BOUND('',#3402,.T.);
#3402 = EDGE_LOOP('',(#3403,#3404,#3405,#3406));
#3403 = ORIENTED_EDGE('',*,*,#2121,.T.);
#3404 = ORIENTED_EDGE('',*,*,#3355,.T.);
#3405 = ORIENTED_EDGE('',*,*,#961,.F.);
#3406 = ORIENTED_EDGE('',*,*,#3407,.F.);
#3407 = EDGE_CURVE('',#2122,#929,#3408,.T.);
#3408 = SURFACE_CURVE('',#3409,(#3413,#3420),.PCURVE_S1.);
#3409 = LINE('',#3410,#3411);
#3410 = CARTESIAN_POINT('',(69.,84.,0.));
#3411 = VECTOR('',#3412,1.);
#3412 = DIRECTION('',(0.,0.,-1.));
#3413 = PCURVE('',#977,#3414);
#3414 = DEFINITIONAL_REPRESENTATION('',(#3415),#3419);
#3415 = LINE('',#3416,#3417);
#3416 = CARTESIAN_POINT('',(22.5,0.));
#3417 = VECTOR('',#3418,1.);
#3418 = DIRECTION('',(0.,1.));
#3419 = ( GEOMETRIC_REPRESENTATION_CONTEXT(2) 
PARAMETRIC_REPRESENTATION_CONTEXT() REPRESENTATION_CONTEXT('2D SPACE',''
  ) );
#3420 = PCURVE('',#949,#3421);
#3421 = DEFINITIONAL_REPRESENTATION('',(#3422),#3426);
#3422 = LINE('',#3423,#3424);
#3423 = CARTESIAN_POINT('',(4.712388980385,0.));
#3424 = VECTOR('',#3425,1.);
#3425 = DIRECTION('',(0.,1.));
#3426 = ( GEOMETRIC_REPRESENTATION_CONTEXT(2) 
PARAMETRIC_REPRESENTATION_CONTEXT() REPRESENTATION_CONTEXT('2D SPACE',''
  ) );
#3427 = ADVANCED_FACE('',(#3428),#949,.F.);
#3428 = FACE_BOUND('',#3429,.F.);
#3429 = EDGE_LOOP('',(#3430,#3431,#3432,#3433,#3457,#3478,#3479,#3480));
#3430 = ORIENTED_EDGE('',*,*,#1777,.F.);
#3431 = ORIENTED_EDGE('',*,*,#1748,.F.);
#3432 = ORIENTED_EDGE('',*,*,#1930,.F.);
#3433 = ORIENTED_EDGE('',*,*,#3434,.F.);
#3434 = EDGE_CURVE('',#3435,#1931,#3437,.T.);
#3435 = VERTEX_POINT('',#3436);
#3436 = CARTESIAN_POINT('',(96.,57.,0.));
#3437 = SURFACE_CURVE('',#3438,(#3443,#3450),.PCURVE_S1.);
#3438 = CIRCLE('',#3439,27.);
#3439 = AXIS2_PLACEMENT_3D('',#3440,#3441,#3442);
#3440 = CARTESIAN_POINT('',(69.,57.,0.));
#3441 = DIRECTION('',(0.,0.,1.));
#3442 = DIRECTION('',(1.,6.579099405186E-16,-0.));
#3443 = PCURVE('',#949,#3444);
#3444 = DEFINITIONAL_REPRESENTATION('',(#3445),#3449);
#3445 = LINE('',#3446,#3447);
#3446 = CARTESIAN_POINT('',(6.28318530718,0.));
#3447 = VECTOR('',#3448,1.);
#3448 = DIRECTION('',(-1.,0.));
#3449 = ( GEOMETRIC_REPRESENTATION_CONTEXT(2) 
PARAMETRIC_REPRESENTATION_CONTEXT() REPRESENTATION_CONTEXT('2D SPACE',''
  ) );
#3450 = PCURVE('',#159,#3451);
#3451 = DEFINITIONAL_REPRESENTATION('',(#3452),#3456);
#3452 = CIRCLE('',#3453,27.);
#3453 = AXIS2_PLACEMENT_2D('',#3454,#3455);
#3454 = CARTESIAN_POINT('',(69.,57.));
#3455 = DIRECTION('',(1.,6.579099405186E-16));
#3456 = ( GEOMETRIC_REPRESENTATION_CONTEXT(2) 
PARAMETRIC_REPRESENTATION_CONTEXT() REPRESENTATION_CONTEXT('2D SPACE',''
  ) );
#3457 = ORIENTED_EDGE('',*,*,#3458,.T.);
#3458 = EDGE_CURVE('',#3435,#896,#3459,.T.);
#3459 = SURFACE_CURVE('',#3460,(#3464,#3471),.PCURVE_S1.);
#3460 = LINE('',#3461,#3462);
#3461 = CARTESIAN_POINT('',(96.,57.,0.));
#3462 = VECTOR('',#3463,1.);
#3463 = DIRECTION('',(0.,0.,-1.));
#3464 = PCURVE('',#949,#3465);
#3465 = DEFINITIONAL_REPRESENTATION('',(#3466),#3470);
#3466 = LINE('',#3467,#3468);
#3467 = CARTESIAN_POINT('',(6.28318530718,0.));
#3468 = VECTOR('',#3469,1.);
#3469 = DIRECTION('',(0.,1.));
#3470 = ( GEOMETRIC_REPRESENTATION_CONTEXT(2) 
PARAMETRIC_REPRESENTATION_CONTEXT() REPRESENTATION_CONTEXT('2D SPACE',''
  ) );
#3471 = PCURVE('',#916,#3472);
#3472 = DEFINITIONAL_REPRESENTATION('',(#3473),#3477);
#3473 = LINE('',#3474,#3475);
#3474 = CARTESIAN_POINT('',(5.376012047703,0.));
#3475 = VECTOR('',#3476,1.);
#3476 = DIRECTION('',(0.,1.));
#3477 = ( GEOMETRIC_REPRESENTATION_CONTEXT(2) 
PARAMETRIC_REPRESENTATION_CONTEXT() REPRESENTATION_CONTEXT('2D SPACE',''
  ) );
#3478 = ORIENTED_EDGE('',*,*,#928,.T.);
#3479 = ORIENTED_EDGE('',*,*,#3407,.F.);
#3480 = ORIENTED_EDGE('',*,*,#2144,.F.);
#3481 = ADVANCED_FACE('',(#3482),#916,.F.);
#3482 = FACE_BOUND('',#3483,.F.);
#3483 = EDGE_LOOP('',(#3484,#3485,#3509,#3530));
#3484 = ORIENTED_EDGE('',*,*,#3458,.F.);
#3485 = ORIENTED_EDGE('',*,*,#3486,.F.);
#3486 = EDGE_CURVE('',#3487,#3435,#3489,.T.);
#3487 = VERTEX_POINT('',#3488);
#3488 = CARTESIAN_POINT('',(90.239625250156,45.183514683431,0.));
#3489 = SURFACE_CURVE('',#3490,(#3495,#3502),.PCURVE_S1.);
#3490 = CIRCLE('',#3491,15.);
#3491 = AXIS2_PLACEMENT_3D('',#3492,#3493,#3494);
#3492 = CARTESIAN_POINT('',(81.,57.,0.));
#3493 = DIRECTION('',(0.,0.,1.));
#3494 = DIRECTION('',(0.615975016677,-0.787765687771,0.));
#3495 = PCURVE('',#916,#3496);
#3496 = DEFINITIONAL_REPRESENTATION('',(#3497),#3501);
#3497 = LINE('',#3498,#3499);
#3498 = CARTESIAN_POINT('',(6.28318530718,0.));
#3499 = VECTOR('',#3500,1.);
#3500 = DIRECTION('',(-1.,0.));
#3501 = ( GEOMETRIC_REPRESENTATION_CONTEXT(2) 
PARAMETRIC_REPRESENTATION_CONTEXT() REPRESENTATION_CONTEXT('2D SPACE',''
  ) );
#3502 = PCURVE('',#159,#3503);
#3503 = DEFINITIONAL_REPRESENTATION('',(#3504),#3508);
#3504 = CIRCLE('',#3505,15.);
#3505 = AXIS2_PLACEMENT_2D('',#3506,#3507);
#3506 = CARTESIAN_POINT('',(81.,57.));
#3507 = DIRECTION('',(0.615975016677,-0.787765687771));
#3508 = ( GEOMETRIC_REPRESENTATION_CONTEXT(2) 
PARAMETRIC_REPRESENTATION_CONTEXT() REPRESENTATION_CONTEXT('2D SPACE',''
  ) );
#3509 = ORIENTED_EDGE('',*,*,#3510,.T.);
#3510 = EDGE_CURVE('',#3487,#868,#3511,.T.);
#3511 = SURFACE_CURVE('',#3512,(#3516,#3523),.PCURVE_S1.);
#3512 = LINE('',#3513,#3514);
#3513 = CARTESIAN_POINT('',(90.239625250156,45.183514683431,0.));
#3514 = VECTOR('',#3515,1.);
#3515 = DIRECTION('',(0.,0.,-1.));
#3516 = PCURVE('',#916,#3517);
#3517 = DEFINITIONAL_REPRESENTATION('',(#3518),#3522);
#3518 = LINE('',#3519,#3520);
#3519 = CARTESIAN_POINT('',(6.28318530718,0.));
#3520 = VECTOR('',#3521,1.);
#3521 = DIRECTION('',(0.,1.));
#3522 = ( GEOMETRIC_REPRESENTATION_CONTEXT(2) 
PARAMETRIC_REPRESENTATION_CONTEXT() REPRESENTATION_CONTEXT('2D SPACE',''
  ) );
#3523 = PCURVE('',#883,#3524);
#3524 = DEFINITIONAL_REPRESENTATION('',(#3525),#3529);
#3525 = LINE('',#3526,#3527);
#3526 = CARTESIAN_POINT('',(0.,0.));
#3527 = VECTOR('',#3528,1.);
#3528 = DIRECTION('',(-0.,1.));
#3529 = ( GEOMETRIC_REPRESENTATION_CONTEXT(2) 
PARAMETRIC_REPRESENTATION_CONTEXT() REPRESENTATION_CONTEXT('2D SPACE',''
  ) );
#3530 = ORIENTED_EDGE('',*,*,#895,.T.);
#3531 = ADVANCED_FACE('',(#3532),#883,.F.);
#3532 = FACE_BOUND('',#3533,.T.);
#3533 = EDGE_LOOP('',(#3534,#3564,#3592,#3613,#3614,#3615,#3638,#3666));
#3534 = ORIENTED_EDGE('',*,*,#3535,.T.);
#3535 = EDGE_CURVE('',#3536,#3538,#3540,.T.);
#3536 = VERTEX_POINT('',#3537);
#3537 = CARTESIAN_POINT('',(88.5,43.823210820521,-12.00000017881));
#3538 = VERTEX_POINT('',#3539);
#3539 = CARTESIAN_POINT('',(74.546394116851,32.912157429756,
    -12.00000017881));
#3540 = SURFACE_CURVE('',#3541,(#3545,#3552),.PCURVE_S1.);
#3541 = LINE('',#3542,#3543);
#3542 = CARTESIAN_POINT('',(115.85871133977,65.216416464327,
    -12.00000017881));
#3543 = VECTOR('',#3544,1.);
#3544 = DIRECTION('',(-0.787755920666,-0.615987507549,0.));
#3545 = PCURVE('',#883,#3546);
#3546 = DEFINITIONAL_REPRESENTATION('',(#3547),#3551);
#3547 = LINE('',#3548,#3549);
#3548 = CARTESIAN_POINT('',(-32.52160398612,12.000000178814));
#3549 = VECTOR('',#3550,1.);
#3550 = DIRECTION('',(1.,0.));
#3551 = ( GEOMETRIC_REPRESENTATION_CONTEXT(2) 
PARAMETRIC_REPRESENTATION_CONTEXT() REPRESENTATION_CONTEXT('2D SPACE',''
  ) );
#3552 = PCURVE('',#3553,#3558);
#3553 = PLANE('',#3554);
#3554 = AXIS2_PLACEMENT_3D('',#3555,#3556,#3557);
#3555 = CARTESIAN_POINT('',(88.5,153.,-12.00000017881));
#3556 = DIRECTION('',(0.,0.,1.));
#3557 = DIRECTION('',(-1.,0.,0.));
#3558 = DEFINITIONAL_REPRESENTATION('',(#3559),#3563);
#3559 = LINE('',#3560,#3561);
#3560 = CARTESIAN_POINT('',(-27.35871133977,87.783583535673));
#3561 = VECTOR('',#3562,1.);
#3562 = DIRECTION('',(0.787755920666,0.615987507549));
#3563 = ( GEOMETRIC_REPRESENTATION_CONTEXT(2) 
PARAMETRIC_REPRESENTATION_CONTEXT() REPRESENTATION_CONTEXT('2D SPACE',''
  ) );
#3564 = ORIENTED_EDGE('',*,*,#3565,.F.);
#3565 = EDGE_CURVE('',#3566,#3538,#3568,.T.);
#3566 = VERTEX_POINT('',#3567);
#3567 = CARTESIAN_POINT('',(74.546394116851,32.912157429756,0.));
#3568 = SURFACE_CURVE('',#3569,(#3573,#3580),.PCURVE_S1.);
#3569 = LINE('',#3570,#3571);
#3570 = CARTESIAN_POINT('',(74.546394116851,32.912157429756,0.));
#3571 = VECTOR('',#3572,1.);
#3572 = DIRECTION('',(0.,0.,-1.));
#3573 = PCURVE('',#883,#3574);
#3574 = DEFINITIONAL_REPRESENTATION('',(#3575),#3579);
#3575 = LINE('',#3576,#3577);
#3576 = CARTESIAN_POINT('',(19.921438508568,0.));
#3577 = VECTOR('',#3578,1.);
#3578 = DIRECTION('',(-0.,1.));
#3579 = ( GEOMETRIC_REPRESENTATION_CONTEXT(2) 
PARAMETRIC_REPRESENTATION_CONTEXT() REPRESENTATION_CONTEXT('2D SPACE',''
  ) );
#3580 = PCURVE('',#3581,#3586);
#3581 = CYLINDRICAL_SURFACE('',#3582,9.);
#3582 = AXIS2_PLACEMENT_3D('',#3583,#3584,#3585);
#3583 = CARTESIAN_POINT('',(69.,40.,0.));
#3584 = DIRECTION('',(0.,0.,-1.));
#3585 = DIRECTION('',(-0.580885601637,-0.813985207366,-0.));
#3586 = DEFINITIONAL_REPRESENTATION('',(#3587),#3591);
#3587 = LINE('',#3588,#3589);
#3588 = CARTESIAN_POINT('',(4.999376540677,0.));
#3589 = VECTOR('',#3590,1.);
#3590 = DIRECTION('',(0.,1.));
#3591 = ( GEOMETRIC_REPRESENTATION_CONTEXT(2) 
PARAMETRIC_REPRESENTATION_CONTEXT() REPRESENTATION_CONTEXT('2D SPACE',''
  ) );
#3592 = ORIENTED_EDGE('',*,*,#3593,.F.);
#3593 = EDGE_CURVE('',#3487,#3566,#3594,.T.);
#3594 = SURFACE_CURVE('',#3595,(#3599,#3606),.PCURVE_S1.);
#3595 = LINE('',#3596,#3597);
#3596 = CARTESIAN_POINT('',(90.239999973188,45.183807698946,0.));
#3597 = VECTOR('',#3598,1.);
#3598 = DIRECTION('',(-0.787755920666,-0.615987507549,0.));
#3599 = PCURVE('',#883,#3600);
#3600 = DEFINITIONAL_REPRESENTATION('',(#3601),#3605);
#3601 = LINE('',#3602,#3603);
#3602 = CARTESIAN_POINT('',(-4.756841840089E-04,0.));
#3603 = VECTOR('',#3604,1.);
#3604 = DIRECTION('',(1.,0.));
#3605 = ( GEOMETRIC_REPRESENTATION_CONTEXT(2) 
PARAMETRIC_REPRESENTATION_CONTEXT() REPRESENTATION_CONTEXT('2D SPACE',''
  ) );
#3606 = PCURVE('',#159,#3607);
#3607 = DEFINITIONAL_REPRESENTATION('',(#3608),#3612);
#3608 = LINE('',#3609,#3610);
#3609 = CARTESIAN_POINT('',(90.239999973188,45.183807698946));
#3610 = VECTOR('',#3611,1.);
#3611 = DIRECTION('',(-0.787755920666,-0.615987507549));
#3612 = ( GEOMETRIC_REPRESENTATION_CONTEXT(2) 
PARAMETRIC_REPRESENTATION_CONTEXT() REPRESENTATION_CONTEXT('2D SPACE',''
  ) );
#3613 = ORIENTED_EDGE('',*,*,#3510,.T.);
#3614 = ORIENTED_EDGE('',*,*,#867,.F.);
#3615 = ORIENTED_EDGE('',*,*,#3616,.F.);
#3616 = EDGE_CURVE('',#3617,#835,#3619,.T.);
#3617 = VERTEX_POINT('',#3618);
#3618 = CARTESIAN_POINT('',(74.546394116851,32.912157429756,-30.));
#3619 = SURFACE_CURVE('',#3620,(#3624,#3631),.PCURVE_S1.);
#3620 = LINE('',#3621,#3622);
#3621 = CARTESIAN_POINT('',(74.546394116851,32.912157429756,0.));
#3622 = VECTOR('',#3623,1.);
#3623 = DIRECTION('',(0.,0.,-1.));
#3624 = PCURVE('',#883,#3625);
#3625 = DEFINITIONAL_REPRESENTATION('',(#3626),#3630);
#3626 = LINE('',#3627,#3628);
#3627 = CARTESIAN_POINT('',(19.921438508568,0.));
#3628 = VECTOR('',#3629,1.);
#3629 = DIRECTION('',(-0.,1.));
#3630 = ( GEOMETRIC_REPRESENTATION_CONTEXT(2) 
PARAMETRIC_REPRESENTATION_CONTEXT() REPRESENTATION_CONTEXT('2D SPACE',''
  ) );
#3631 = PCURVE('',#855,#3632);
#3632 = DEFINITIONAL_REPRESENTATION('',(#3633),#3637);
#3633 = LINE('',#3634,#3635);
#3634 = CARTESIAN_POINT('',(4.999376540677,0.));
#3635 = VECTOR('',#3636,1.);
#3636 = DIRECTION('',(0.,1.));
#3637 = ( GEOMETRIC_REPRESENTATION_CONTEXT(2) 
PARAMETRIC_REPRESENTATION_CONTEXT() REPRESENTATION_CONTEXT('2D SPACE',''
  ) );
#3638 = ORIENTED_EDGE('',*,*,#3639,.T.);
#3639 = EDGE_CURVE('',#3617,#3640,#3642,.T.);
#3640 = VERTEX_POINT('',#3641);
#3641 = CARTESIAN_POINT('',(88.5,43.823210820521,-30.));
#3642 = SURFACE_CURVE('',#3643,(#3647,#3654),.PCURVE_S1.);
#3643 = LINE('',#3644,#3645);
#3644 = CARTESIAN_POINT('',(102.82696413835,55.026212535648,-30.));
#3645 = VECTOR('',#3646,1.);
#3646 = DIRECTION('',(0.787755920666,0.615987507549,0.));
#3647 = PCURVE('',#883,#3648);
#3648 = DEFINITIONAL_REPRESENTATION('',(#3649),#3653);
#3649 = LINE('',#3650,#3651);
#3650 = CARTESIAN_POINT('',(-15.97872965214,30.));
#3651 = VECTOR('',#3652,1.);
#3652 = DIRECTION('',(-1.,0.));
#3653 = ( GEOMETRIC_REPRESENTATION_CONTEXT(2) 
PARAMETRIC_REPRESENTATION_CONTEXT() REPRESENTATION_CONTEXT('2D SPACE',''
  ) );
#3654 = PCURVE('',#3655,#3660);
#3655 = PLANE('',#3656);
#3656 = AXIS2_PLACEMENT_3D('',#3657,#3658,#3659);
#3657 = CARTESIAN_POINT('',(46.5,153.,-30.));
#3658 = DIRECTION('',(0.,0.,-1.));
#3659 = DIRECTION('',(1.,0.,0.));
#3660 = DEFINITIONAL_REPRESENTATION('',(#3661),#3665);
#3661 = LINE('',#3662,#3663);
#3662 = CARTESIAN_POINT('',(56.32696413835,97.973787464352));
#3663 = VECTOR('',#3664,1.);
#3664 = DIRECTION('',(0.787755920666,-0.615987507549));
#3665 = ( GEOMETRIC_REPRESENTATION_CONTEXT(2) 
PARAMETRIC_REPRESENTATION_CONTEXT() REPRESENTATION_CONTEXT('2D SPACE',''
  ) );
#3666 = ORIENTED_EDGE('',*,*,#3667,.T.);
#3667 = EDGE_CURVE('',#3640,#3536,#3668,.T.);
#3668 = SURFACE_CURVE('',#3669,(#3673,#3680),.PCURVE_S1.);
#3669 = LINE('',#3670,#3671);
#3670 = CARTESIAN_POINT('',(88.5,43.823210820521,-15.));
#3671 = VECTOR('',#3672,1.);
#3672 = DIRECTION('',(0.,0.,1.));
#3673 = PCURVE('',#883,#3674);
#3674 = DEFINITIONAL_REPRESENTATION('',(#3675),#3679);
#3675 = LINE('',#3676,#3677);
#3676 = CARTESIAN_POINT('',(2.208330276573,15.));
#3677 = VECTOR('',#3678,1.);
#3678 = DIRECTION('',(0.,-1.));
#3679 = ( GEOMETRIC_REPRESENTATION_CONTEXT(2) 
PARAMETRIC_REPRESENTATION_CONTEXT() REPRESENTATION_CONTEXT('2D SPACE',''
  ) );
#3680 = PCURVE('',#3681,#3686);
#3681 = PLANE('',#3682);
#3682 = AXIS2_PLACEMENT_3D('',#3683,#3684,#3685);
#3683 = CARTESIAN_POINT('',(88.5,153.,-30.));
#3684 = DIRECTION('',(1.,0.,0.));
#3685 = DIRECTION('',(0.,0.,1.));
#3686 = DEFINITIONAL_REPRESENTATION('',(#3687),#3691);
#3687 = LINE('',#3688,#3689);
#3688 = CARTESIAN_POINT('',(15.,109.17678917947));
#3689 = VECTOR('',#3690,1.);
#3690 = DIRECTION('',(1.,0.));
#3691 = ( GEOMETRIC_REPRESENTATION_CONTEXT(2) 
PARAMETRIC_REPRESENTATION_CONTEXT() REPRESENTATION_CONTEXT('2D SPACE',''
  ) );
#3692 = ADVANCED_FACE('',(#3693),#3681,.F.);
#3693 = FACE_BOUND('',#3694,.T.);
#3694 = EDGE_LOOP('',(#3695,#3720,#3741,#3742));
#3695 = ORIENTED_EDGE('',*,*,#3696,.F.);
#3696 = EDGE_CURVE('',#3697,#3699,#3701,.T.);
#3697 = VERTEX_POINT('',#3698);
#3698 = CARTESIAN_POINT('',(88.5,0.,-12.00000017881));
#3699 = VERTEX_POINT('',#3700);
#3700 = CARTESIAN_POINT('',(88.5,0.,-30.));
#3701 = SURFACE_CURVE('',#3702,(#3706,#3713),.PCURVE_S1.);
#3702 = LINE('',#3703,#3704);
#3703 = CARTESIAN_POINT('',(88.5,0.,-30.));
#3704 = VECTOR('',#3705,1.);
#3705 = DIRECTION('',(0.,0.,-1.));
#3706 = PCURVE('',#3681,#3707);
#3707 = DEFINITIONAL_REPRESENTATION('',(#3708),#3712);
#3708 = LINE('',#3709,#3710);
#3709 = CARTESIAN_POINT('',(0.,153.));
#3710 = VECTOR('',#3711,1.);
#3711 = DIRECTION('',(-1.,0.));
#3712 = ( GEOMETRIC_REPRESENTATION_CONTEXT(2) 
PARAMETRIC_REPRESENTATION_CONTEXT() REPRESENTATION_CONTEXT('2D SPACE',''
  ) );
#3713 = PCURVE('',#66,#3714);
#3714 = DEFINITIONAL_REPRESENTATION('',(#3715),#3719);
#3715 = LINE('',#3716,#3717);
#3716 = CARTESIAN_POINT('',(4.5,0.));
#3717 = VECTOR('',#3718,1.);
#3718 = DIRECTION('',(0.,1.));
#3719 = ( GEOMETRIC_REPRESENTATION_CONTEXT(2) 
PARAMETRIC_REPRESENTATION_CONTEXT() REPRESENTATION_CONTEXT('2D SPACE',''
  ) );
#3720 = ORIENTED_EDGE('',*,*,#3721,.F.);
#3721 = EDGE_CURVE('',#3536,#3697,#3722,.T.);
#3722 = SURFACE_CURVE('',#3723,(#3727,#3734),.PCURVE_S1.);
#3723 = LINE('',#3724,#3725);
#3724 = CARTESIAN_POINT('',(88.5,153.,-12.00000017881));
#3725 = VECTOR('',#3726,1.);
#3726 = DIRECTION('',(0.,-1.,0.));
#3727 = PCURVE('',#3681,#3728);
#3728 = DEFINITIONAL_REPRESENTATION('',(#3729),#3733);
#3729 = LINE('',#3730,#3731);
#3730 = CARTESIAN_POINT('',(17.999999821186,0.));
#3731 = VECTOR('',#3732,1.);
#3732 = DIRECTION('',(0.,1.));
#3733 = ( GEOMETRIC_REPRESENTATION_CONTEXT(2) 
PARAMETRIC_REPRESENTATION_CONTEXT() REPRESENTATION_CONTEXT('2D SPACE',''
  ) );
#3734 = PCURVE('',#3553,#3735);
#3735 = DEFINITIONAL_REPRESENTATION('',(#3736),#3740);
#3736 = LINE('',#3737,#3738);
#3737 = CARTESIAN_POINT('',(0.,0.));
#3738 = VECTOR('',#3739,1.);
#3739 = DIRECTION('',(0.,1.));
#3740 = ( GEOMETRIC_REPRESENTATION_CONTEXT(2) 
PARAMETRIC_REPRESENTATION_CONTEXT() REPRESENTATION_CONTEXT('2D SPACE',''
  ) );
#3741 = ORIENTED_EDGE('',*,*,#3667,.F.);
#3742 = ORIENTED_EDGE('',*,*,#3743,.T.);
#3743 = EDGE_CURVE('',#3640,#3699,#3744,.T.);
#3744 = SURFACE_CURVE('',#3745,(#3749,#3756),.PCURVE_S1.);
#3745 = LINE('',#3746,#3747);
#3746 = CARTESIAN_POINT('',(88.5,153.,-30.));
#3747 = VECTOR('',#3748,1.);
#3748 = DIRECTION('',(0.,-1.,0.));
#3749 = PCURVE('',#3681,#3750);
#3750 = DEFINITIONAL_REPRESENTATION('',(#3751),#3755);
#3751 = LINE('',#3752,#3753);
#3752 = CARTESIAN_POINT('',(0.,0.));
#3753 = VECTOR('',#3754,1.);
#3754 = DIRECTION('',(0.,1.));
#3755 = ( GEOMETRIC_REPRESENTATION_CONTEXT(2) 
PARAMETRIC_REPRESENTATION_CONTEXT() REPRESENTATION_CONTEXT('2D SPACE',''
  ) );
#3756 = PCURVE('',#3655,#3757);
#3757 = DEFINITIONAL_REPRESENTATION('',(#3758),#3762);
#3758 = LINE('',#3759,#3760);
#3759 = CARTESIAN_POINT('',(42.,0.));
#3760 = VECTOR('',#3761,1.);
#3761 = DIRECTION('',(0.,1.));
#3762 = ( GEOMETRIC_REPRESENTATION_CONTEXT(2) 
PARAMETRIC_REPRESENTATION_CONTEXT() REPRESENTATION_CONTEXT('2D SPACE',''
  ) );
#3763 = ADVANCED_FACE('',(#3764),#3655,.F.);
#3764 = FACE_BOUND('',#3765,.T.);
#3765 = EDGE_LOOP('',(#3766,#3789,#3790,#3791,#3819,#3842));
#3766 = ORIENTED_EDGE('',*,*,#3767,.F.);
#3767 = EDGE_CURVE('',#3699,#3768,#3770,.T.);
#3768 = VERTEX_POINT('',#3769);
#3769 = CARTESIAN_POINT('',(46.5,0.,-30.));
#3770 = SURFACE_CURVE('',#3771,(#3775,#3782),.PCURVE_S1.);
#3771 = LINE('',#3772,#3773);
#3772 = CARTESIAN_POINT('',(65.25,0.,-30.));
#3773 = VECTOR('',#3774,1.);
#3774 = DIRECTION('',(-1.,0.,0.));
#3775 = PCURVE('',#3655,#3776);
#3776 = DEFINITIONAL_REPRESENTATION('',(#3777),#3781);
#3777 = LINE('',#3778,#3779);
#3778 = CARTESIAN_POINT('',(18.75,153.));
#3779 = VECTOR('',#3780,1.);
#3780 = DIRECTION('',(-1.,0.));
#3781 = ( GEOMETRIC_REPRESENTATION_CONTEXT(2) 
PARAMETRIC_REPRESENTATION_CONTEXT() REPRESENTATION_CONTEXT('2D SPACE',''
  ) );
#3782 = PCURVE('',#66,#3783);
#3783 = DEFINITIONAL_REPRESENTATION('',(#3784),#3788);
#3784 = LINE('',#3785,#3786);
#3785 = CARTESIAN_POINT('',(-18.75,0.));
#3786 = VECTOR('',#3787,1.);
#3787 = DIRECTION('',(-1.,0.));
#3788 = ( GEOMETRIC_REPRESENTATION_CONTEXT(2) 
PARAMETRIC_REPRESENTATION_CONTEXT() REPRESENTATION_CONTEXT('2D SPACE',''
  ) );
#3789 = ORIENTED_EDGE('',*,*,#3743,.F.);
#3790 = ORIENTED_EDGE('',*,*,#3639,.F.);
#3791 = ORIENTED_EDGE('',*,*,#3792,.F.);
#3792 = EDGE_CURVE('',#3793,#3617,#3795,.T.);
#3793 = VERTEX_POINT('',#3794);
#3794 = CARTESIAN_POINT('',(63.772029585268,32.674133133705,-30.));
#3795 = SURFACE_CURVE('',#3796,(#3801,#3812),.PCURVE_S1.);
#3796 = CIRCLE('',#3797,9.);
#3797 = AXIS2_PLACEMENT_3D('',#3798,#3799,#3800);
#3798 = CARTESIAN_POINT('',(69.,40.,-30.));
#3799 = DIRECTION('',(0.,0.,1.));
#3800 = DIRECTION('',(-0.580885601637,-0.813985207366,0.));
#3801 = PCURVE('',#3655,#3802);
#3802 = DEFINITIONAL_REPRESENTATION('',(#3803),#3811);
#3803 = ( BOUNDED_CURVE() B_SPLINE_CURVE(2,(#3804,#3805,#3806,#3807,
#3808,#3809,#3810),.UNSPECIFIED.,.T.,.F.) B_SPLINE_CURVE_WITH_KNOTS((1,2
    ,2,2,2,1),(-2.094395102393,0.,2.094395102393,4.188790204786,
6.28318530718,8.377580409573),.UNSPECIFIED.) CURVE() 
GEOMETRIC_REPRESENTATION_ITEM() RATIONAL_B_SPLINE_CURVE((1.,0.5,1.,0.5,
1.,0.5,1.)) REPRESENTATION_ITEM('') );
#3804 = CARTESIAN_POINT('',(17.272029585268,120.32586686629));
#3805 = CARTESIAN_POINT('',(29.960803207177,129.38097724507));
#3806 = CARTESIAN_POINT('',(31.458372018321,113.86462175624));
#3807 = CARTESIAN_POINT('',(32.955940829465,98.348266267409));
#3808 = CARTESIAN_POINT('',(18.769598396412,104.80951137746));
#3809 = CARTESIAN_POINT('',(4.583255963359,111.27075648751));
#3810 = CARTESIAN_POINT('',(17.272029585268,120.32586686629));
#3811 = ( GEOMETRIC_REPRESENTATION_CONTEXT(2) 
PARAMETRIC_REPRESENTATION_CONTEXT() REPRESENTATION_CONTEXT('2D SPACE',''
  ) );
#3812 = PCURVE('',#855,#3813);
#3813 = DEFINITIONAL_REPRESENTATION('',(#3814),#3818);
#3814 = LINE('',#3815,#3816);
#3815 = CARTESIAN_POINT('',(6.28318530718,30.));
#3816 = VECTOR('',#3817,1.);
#3817 = DIRECTION('',(-1.,0.));
#3818 = ( GEOMETRIC_REPRESENTATION_CONTEXT(2) 
PARAMETRIC_REPRESENTATION_CONTEXT() REPRESENTATION_CONTEXT('2D SPACE',''
  ) );
#3819 = ORIENTED_EDGE('',*,*,#3820,.F.);
#3820 = EDGE_CURVE('',#3821,#3793,#3823,.T.);
#3821 = VERTEX_POINT('',#3822);
#3822 = CARTESIAN_POINT('',(46.5,45.,-30.));
#3823 = SURFACE_CURVE('',#3824,(#3828,#3835),.PCURVE_S1.);
#3824 = LINE('',#3825,#3826);
#3825 = CARTESIAN_POINT('',(29.603071299794,57.058183005063,-30.));
#3826 = VECTOR('',#3827,1.);
#3827 = DIRECTION('',(0.813985207366,-0.580885601637,0.));
#3828 = PCURVE('',#3655,#3829);
#3829 = DEFINITIONAL_REPRESENTATION('',(#3830),#3834);
#3830 = LINE('',#3831,#3832);
#3831 = CARTESIAN_POINT('',(-16.8969287002,95.941816994937));
#3832 = VECTOR('',#3833,1.);
#3833 = DIRECTION('',(0.813985207366,0.580885601637));
#3834 = ( GEOMETRIC_REPRESENTATION_CONTEXT(2) 
PARAMETRIC_REPRESENTATION_CONTEXT() REPRESENTATION_CONTEXT('2D SPACE',''
  ) );
#3835 = PCURVE('',#822,#3836);
#3836 = DEFINITIONAL_REPRESENTATION('',(#3837),#3841);
#3837 = LINE('',#3838,#3839);
#3838 = CARTESIAN_POINT('',(41.977370075355,30.));
#3839 = VECTOR('',#3840,1.);
#3840 = DIRECTION('',(-1.,-0.));
#3841 = ( GEOMETRIC_REPRESENTATION_CONTEXT(2) 
PARAMETRIC_REPRESENTATION_CONTEXT() REPRESENTATION_CONTEXT('2D SPACE',''
  ) );
#3842 = ORIENTED_EDGE('',*,*,#3843,.T.);
#3843 = EDGE_CURVE('',#3821,#3768,#3844,.T.);
#3844 = SURFACE_CURVE('',#3845,(#3849,#3856),.PCURVE_S1.);
#3845 = LINE('',#3846,#3847);
#3846 = CARTESIAN_POINT('',(46.5,153.,-30.));
#3847 = VECTOR('',#3848,1.);
#3848 = DIRECTION('',(0.,-1.,0.));
#3849 = PCURVE('',#3655,#3850);
#3850 = DEFINITIONAL_REPRESENTATION('',(#3851),#3855);
#3851 = LINE('',#3852,#3853);
#3852 = CARTESIAN_POINT('',(0.,0.));
#3853 = VECTOR('',#3854,1.);
#3854 = DIRECTION('',(0.,1.));
#3855 = ( GEOMETRIC_REPRESENTATION_CONTEXT(2) 
PARAMETRIC_REPRESENTATION_CONTEXT() REPRESENTATION_CONTEXT('2D SPACE',''
  ) );
#3856 = PCURVE('',#3857,#3862);
#3857 = PLANE('',#3858);
#3858 = AXIS2_PLACEMENT_3D('',#3859,#3860,#3861);
#3859 = CARTESIAN_POINT('',(46.5,153.,-12.00000017881));
#3860 = DIRECTION('',(-1.,0.,0.));
#3861 = DIRECTION('',(0.,0.,-1.));
#3862 = DEFINITIONAL_REPRESENTATION('',(#3863),#3867);
#3863 = LINE('',#3864,#3865);
#3864 = CARTESIAN_POINT('',(17.999999821186,0.));
#3865 = VECTOR('',#3866,1.);
#3866 = DIRECTION('',(0.,1.));
#3867 = ( GEOMETRIC_REPRESENTATION_CONTEXT(2) 
PARAMETRIC_REPRESENTATION_CONTEXT() REPRESENTATION_CONTEXT('2D SPACE',''
  ) );
#3868 = ADVANCED_FACE('',(#3869),#3857,.F.);
#3869 = FACE_BOUND('',#3870,.T.);
#3870 = EDGE_LOOP('',(#3871,#3894,#3895,#3918));
#3871 = ORIENTED_EDGE('',*,*,#3872,.F.);
#3872 = EDGE_CURVE('',#3768,#3873,#3875,.T.);
#3873 = VERTEX_POINT('',#3874);
#3874 = CARTESIAN_POINT('',(46.5,0.,-12.00000017881));
#3875 = SURFACE_CURVE('',#3876,(#3880,#3887),.PCURVE_S1.);
#3876 = LINE('',#3877,#3878);
#3877 = CARTESIAN_POINT('',(46.5,0.,-21.0000000894));
#3878 = VECTOR('',#3879,1.);
#3879 = DIRECTION('',(0.,0.,1.));
#3880 = PCURVE('',#3857,#3881);
#3881 = DEFINITIONAL_REPRESENTATION('',(#3882),#3886);
#3882 = LINE('',#3883,#3884);
#3883 = CARTESIAN_POINT('',(8.999999910593,153.));
#3884 = VECTOR('',#3885,1.);
#3885 = DIRECTION('',(-1.,-0.));
#3886 = ( GEOMETRIC_REPRESENTATION_CONTEXT(2) 
PARAMETRIC_REPRESENTATION_CONTEXT() REPRESENTATION_CONTEXT('2D SPACE',''
  ) );
#3887 = PCURVE('',#66,#3888);
#3888 = DEFINITIONAL_REPRESENTATION('',(#3889),#3893);
#3889 = LINE('',#3890,#3891);
#3890 = CARTESIAN_POINT('',(-37.5,-8.999999910593));
#3891 = VECTOR('',#3892,1.);
#3892 = DIRECTION('',(0.,-1.));
#3893 = ( GEOMETRIC_REPRESENTATION_CONTEXT(2) 
PARAMETRIC_REPRESENTATION_CONTEXT() REPRESENTATION_CONTEXT('2D SPACE',''
  ) );
#3894 = ORIENTED_EDGE('',*,*,#3843,.F.);
#3895 = ORIENTED_EDGE('',*,*,#3896,.F.);
#3896 = EDGE_CURVE('',#3897,#3821,#3899,.T.);
#3897 = VERTEX_POINT('',#3898);
#3898 = CARTESIAN_POINT('',(46.5,45.,-12.00000017881));
#3899 = SURFACE_CURVE('',#3900,(#3904,#3911),.PCURVE_S1.);
#3900 = LINE('',#3901,#3902);
#3901 = CARTESIAN_POINT('',(46.5,45.,0.));
#3902 = VECTOR('',#3903,1.);
#3903 = DIRECTION('',(0.,0.,-1.));
#3904 = PCURVE('',#3857,#3905);
#3905 = DEFINITIONAL_REPRESENTATION('',(#3906),#3910);
#3906 = LINE('',#3907,#3908);
#3907 = CARTESIAN_POINT('',(-12.00000017881,108.));
#3908 = VECTOR('',#3909,1.);
#3909 = DIRECTION('',(1.,0.));
#3910 = ( GEOMETRIC_REPRESENTATION_CONTEXT(2) 
PARAMETRIC_REPRESENTATION_CONTEXT() REPRESENTATION_CONTEXT('2D SPACE',''
  ) );
#3911 = PCURVE('',#794,#3912);
#3912 = DEFINITIONAL_REPRESENTATION('',(#3913),#3917);
#3913 = LINE('',#3914,#3915);
#3914 = CARTESIAN_POINT('',(0.,-0.));
#3915 = VECTOR('',#3916,1.);
#3916 = DIRECTION('',(0.,1.));
#3917 = ( GEOMETRIC_REPRESENTATION_CONTEXT(2) 
PARAMETRIC_REPRESENTATION_CONTEXT() REPRESENTATION_CONTEXT('2D SPACE',''
  ) );
#3918 = ORIENTED_EDGE('',*,*,#3919,.T.);
#3919 = EDGE_CURVE('',#3897,#3873,#3920,.T.);
#3920 = SURFACE_CURVE('',#3921,(#3925,#3932),.PCURVE_S1.);
#3921 = LINE('',#3922,#3923);
#3922 = CARTESIAN_POINT('',(46.5,153.,-12.00000017881));
#3923 = VECTOR('',#3924,1.);
#3924 = DIRECTION('',(0.,-1.,0.));
#3925 = PCURVE('',#3857,#3926);
#3926 = DEFINITIONAL_REPRESENTATION('',(#3927),#3931);
#3927 = LINE('',#3928,#3929);
#3928 = CARTESIAN_POINT('',(0.,-0.));
#3929 = VECTOR('',#3930,1.);
#3930 = DIRECTION('',(0.,1.));
#3931 = ( GEOMETRIC_REPRESENTATION_CONTEXT(2) 
PARAMETRIC_REPRESENTATION_CONTEXT() REPRESENTATION_CONTEXT('2D SPACE',''
  ) );
#3932 = PCURVE('',#3553,#3933);
#3933 = DEFINITIONAL_REPRESENTATION('',(#3934),#3938);
#3934 = LINE('',#3935,#3936);
#3935 = CARTESIAN_POINT('',(42.,0.));
#3936 = VECTOR('',#3937,1.);
#3937 = DIRECTION('',(0.,1.));
#3938 = ( GEOMETRIC_REPRESENTATION_CONTEXT(2) 
PARAMETRIC_REPRESENTATION_CONTEXT() REPRESENTATION_CONTEXT('2D SPACE',''
  ) );
#3939 = ADVANCED_FACE('',(#3940),#3581,.F.);
#3940 = FACE_BOUND('',#3941,.F.);
#3941 = EDGE_LOOP('',(#3942,#3943,#3967,#3995));
#3942 = ORIENTED_EDGE('',*,*,#3565,.F.);
#3943 = ORIENTED_EDGE('',*,*,#3944,.F.);
#3944 = EDGE_CURVE('',#3945,#3566,#3947,.T.);
#3945 = VERTEX_POINT('',#3946);
#3946 = CARTESIAN_POINT('',(63.772029585268,32.674133133705,0.));
#3947 = SURFACE_CURVE('',#3948,(#3953,#3960),.PCURVE_S1.);
#3948 = CIRCLE('',#3949,9.);
#3949 = AXIS2_PLACEMENT_3D('',#3950,#3951,#3952);
#3950 = CARTESIAN_POINT('',(69.,40.,0.));
#3951 = DIRECTION('',(0.,0.,1.));
#3952 = DIRECTION('',(-0.580885601637,-0.813985207366,0.));
#3953 = PCURVE('',#3581,#3954);
#3954 = DEFINITIONAL_REPRESENTATION('',(#3955),#3959);
#3955 = LINE('',#3956,#3957);
#3956 = CARTESIAN_POINT('',(6.28318530718,0.));
#3957 = VECTOR('',#3958,1.);
#3958 = DIRECTION('',(-1.,0.));
#3959 = ( GEOMETRIC_REPRESENTATION_CONTEXT(2) 
PARAMETRIC_REPRESENTATION_CONTEXT() REPRESENTATION_CONTEXT('2D SPACE',''
  ) );
#3960 = PCURVE('',#159,#3961);
#3961 = DEFINITIONAL_REPRESENTATION('',(#3962),#3966);
#3962 = CIRCLE('',#3963,9.);
#3963 = AXIS2_PLACEMENT_2D('',#3964,#3965);
#3964 = CARTESIAN_POINT('',(69.,40.));
#3965 = DIRECTION('',(-0.580885601637,-0.813985207366));
#3966 = ( GEOMETRIC_REPRESENTATION_CONTEXT(2) 
PARAMETRIC_REPRESENTATION_CONTEXT() REPRESENTATION_CONTEXT('2D SPACE',''
  ) );
#3967 = ORIENTED_EDGE('',*,*,#3968,.T.);
#3968 = EDGE_CURVE('',#3945,#3969,#3971,.T.);
#3969 = VERTEX_POINT('',#3970);
#3970 = CARTESIAN_POINT('',(63.772029585268,32.674133133705,
    -12.00000017881));
#3971 = SURFACE_CURVE('',#3972,(#3976,#3983),.PCURVE_S1.);
#3972 = LINE('',#3973,#3974);
#3973 = CARTESIAN_POINT('',(63.772029585268,32.674133133705,0.));
#3974 = VECTOR('',#3975,1.);
#3975 = DIRECTION('',(0.,0.,-1.));
#3976 = PCURVE('',#3581,#3977);
#3977 = DEFINITIONAL_REPRESENTATION('',(#3978),#3982);
#3978 = LINE('',#3979,#3980);
#3979 = CARTESIAN_POINT('',(6.28318530718,0.));
#3980 = VECTOR('',#3981,1.);
#3981 = DIRECTION('',(0.,1.));
#3982 = ( GEOMETRIC_REPRESENTATION_CONTEXT(2) 
PARAMETRIC_REPRESENTATION_CONTEXT() REPRESENTATION_CONTEXT('2D SPACE',''
  ) );
#3983 = PCURVE('',#3984,#3989);
#3984 = PLANE('',#3985);
#3985 = AXIS2_PLACEMENT_3D('',#3986,#3987,#3988);
#3986 = CARTESIAN_POINT('',(63.772029585268,32.674133133705,0.));
#3987 = DIRECTION('',(-0.580885601637,-0.813985207366,0.));
#3988 = DIRECTION('',(-0.813985207366,0.580885601637,0.));
#3989 = DEFINITIONAL_REPRESENTATION('',(#3990),#3994);
#3990 = LINE('',#3991,#3992);
#3991 = CARTESIAN_POINT('',(0.,0.));
#3992 = VECTOR('',#3993,1.);
#3993 = DIRECTION('',(0.,1.));
#3994 = ( GEOMETRIC_REPRESENTATION_CONTEXT(2) 
PARAMETRIC_REPRESENTATION_CONTEXT() REPRESENTATION_CONTEXT('2D SPACE',''
  ) );
#3995 = ORIENTED_EDGE('',*,*,#3996,.F.);
#3996 = EDGE_CURVE('',#3538,#3969,#3997,.T.);
#3997 = SURFACE_CURVE('',#3998,(#4003,#4010),.PCURVE_S1.);
#3998 = CIRCLE('',#3999,9.);
#3999 = AXIS2_PLACEMENT_3D('',#4000,#4001,#4002);
#4000 = CARTESIAN_POINT('',(69.,40.,-12.00000017881));
#4001 = DIRECTION('',(0.,0.,-1.));
#4002 = DIRECTION('',(-0.580885601637,-0.813985207366,-0.));
#4003 = PCURVE('',#3581,#4004);
#4004 = DEFINITIONAL_REPRESENTATION('',(#4005),#4009);
#4005 = LINE('',#4006,#4007);
#4006 = CARTESIAN_POINT('',(-1.7763568394E-15,12.000000178814));
#4007 = VECTOR('',#4008,1.);
#4008 = DIRECTION('',(1.,0.));
#4009 = ( GEOMETRIC_REPRESENTATION_CONTEXT(2) 
PARAMETRIC_REPRESENTATION_CONTEXT() REPRESENTATION_CONTEXT('2D SPACE',''
  ) );
#4010 = PCURVE('',#3553,#4011);
#4011 = DEFINITIONAL_REPRESENTATION('',(#4012),#4020);
#4012 = ( BOUNDED_CURVE() B_SPLINE_CURVE(2,(#4013,#4014,#4015,#4016,
#4017,#4018,#4019),.UNSPECIFIED.,.T.,.F.) B_SPLINE_CURVE_WITH_KNOTS((1,2
    ,2,2,2,1),(-2.094395102393,0.,2.094395102393,4.188790204786,
6.28318530718,8.377580409573),.UNSPECIFIED.) CURVE() 
GEOMETRIC_REPRESENTATION_ITEM() RATIONAL_B_SPLINE_CURVE((1.,0.5,1.,0.5,
1.,0.5,1.)) REPRESENTATION_ITEM('') );
#4013 = CARTESIAN_POINT('',(24.727970414732,120.32586686629));
#4014 = CARTESIAN_POINT('',(37.416744036641,111.27075648751));
#4015 = CARTESIAN_POINT('',(23.230401603588,104.80951137746));
#4016 = CARTESIAN_POINT('',(9.044059170535,98.348266267409));
#4017 = CARTESIAN_POINT('',(10.541627981679,113.86462175624));
#4018 = CARTESIAN_POINT('',(12.039196792823,129.38097724507));
#4019 = CARTESIAN_POINT('',(24.727970414732,120.32586686629));
#4020 = ( GEOMETRIC_REPRESENTATION_CONTEXT(2) 
PARAMETRIC_REPRESENTATION_CONTEXT() REPRESENTATION_CONTEXT('2D SPACE',''
  ) );
#4021 = ADVANCED_FACE('',(#4022),#3984,.F.);
#4022 = FACE_BOUND('',#4023,.T.);
#4023 = EDGE_LOOP('',(#4024,#4045,#4068,#4089));
#4024 = ORIENTED_EDGE('',*,*,#4025,.T.);
#4025 = EDGE_CURVE('',#3969,#3897,#4026,.T.);
#4026 = SURFACE_CURVE('',#4027,(#4031,#4038),.PCURVE_S1.);
#4027 = LINE('',#4028,#4029);
#4028 = CARTESIAN_POINT('',(43.517081573823,47.12870498007,
    -12.00000017881));
#4029 = VECTOR('',#4030,1.);
#4030 = DIRECTION('',(-0.813985207366,0.580885601637,0.));
#4031 = PCURVE('',#3984,#4032);
#4032 = DEFINITIONAL_REPRESENTATION('',(#4033),#4037);
#4033 = LINE('',#4034,#4035);
#4034 = CARTESIAN_POINT('',(24.883680720666,12.000000178814));
#4035 = VECTOR('',#4036,1.);
#4036 = DIRECTION('',(1.,0.));
#4037 = ( GEOMETRIC_REPRESENTATION_CONTEXT(2) 
PARAMETRIC_REPRESENTATION_CONTEXT() REPRESENTATION_CONTEXT('2D SPACE',''
  ) );
#4038 = PCURVE('',#3553,#4039);
#4039 = DEFINITIONAL_REPRESENTATION('',(#4040),#4044);
#4040 = LINE('',#4041,#4042);
#4041 = CARTESIAN_POINT('',(44.982918426177,105.87129501993));
#4042 = VECTOR('',#4043,1.);
#4043 = DIRECTION('',(0.813985207366,-0.580885601637));
#4044 = ( GEOMETRIC_REPRESENTATION_CONTEXT(2) 
PARAMETRIC_REPRESENTATION_CONTEXT() REPRESENTATION_CONTEXT('2D SPACE',''
  ) );
#4045 = ORIENTED_EDGE('',*,*,#4046,.F.);
#4046 = EDGE_CURVE('',#4047,#3897,#4049,.T.);
#4047 = VERTEX_POINT('',#4048);
#4048 = CARTESIAN_POINT('',(46.5,45.,0.));
#4049 = SURFACE_CURVE('',#4050,(#4054,#4061),.PCURVE_S1.);
#4050 = LINE('',#4051,#4052);
#4051 = CARTESIAN_POINT('',(46.5,45.,0.));
#4052 = VECTOR('',#4053,1.);
#4053 = DIRECTION('',(0.,0.,-1.));
#4054 = PCURVE('',#3984,#4055);
#4055 = DEFINITIONAL_REPRESENTATION('',(#4056),#4060);
#4056 = LINE('',#4057,#4058);
#4057 = CARTESIAN_POINT('',(21.219095173923,0.));
#4058 = VECTOR('',#4059,1.);
#4059 = DIRECTION('',(0.,1.));
#4060 = ( GEOMETRIC_REPRESENTATION_CONTEXT(2) 
PARAMETRIC_REPRESENTATION_CONTEXT() REPRESENTATION_CONTEXT('2D SPACE',''
  ) );
#4061 = PCURVE('',#794,#4062);
#4062 = DEFINITIONAL_REPRESENTATION('',(#4063),#4067);
#4063 = LINE('',#4064,#4065);
#4064 = CARTESIAN_POINT('',(0.,-0.));
#4065 = VECTOR('',#4066,1.);
#4066 = DIRECTION('',(0.,1.));
#4067 = ( GEOMETRIC_REPRESENTATION_CONTEXT(2) 
PARAMETRIC_REPRESENTATION_CONTEXT() REPRESENTATION_CONTEXT('2D SPACE',''
  ) );
#4068 = ORIENTED_EDGE('',*,*,#4069,.T.);
#4069 = EDGE_CURVE('',#4047,#3945,#4070,.T.);
#4070 = SURFACE_CURVE('',#4071,(#4075,#4082),.PCURVE_S1.);
#4071 = LINE('',#4072,#4073);
#4072 = CARTESIAN_POINT('',(46.5,45.,0.));
#4073 = VECTOR('',#4074,1.);
#4074 = DIRECTION('',(0.813985207366,-0.580885601637,0.));
#4075 = PCURVE('',#3984,#4076);
#4076 = DEFINITIONAL_REPRESENTATION('',(#4077),#4081);
#4077 = LINE('',#4078,#4079);
#4078 = CARTESIAN_POINT('',(21.219095173923,0.));
#4079 = VECTOR('',#4080,1.);
#4080 = DIRECTION('',(-1.,-0.));
#4081 = ( GEOMETRIC_REPRESENTATION_CONTEXT(2) 
PARAMETRIC_REPRESENTATION_CONTEXT() REPRESENTATION_CONTEXT('2D SPACE',''
  ) );
#4082 = PCURVE('',#159,#4083);
#4083 = DEFINITIONAL_REPRESENTATION('',(#4084),#4088);
#4084 = LINE('',#4085,#4086);
#4085 = CARTESIAN_POINT('',(46.5,45.));
#4086 = VECTOR('',#4087,1.);
#4087 = DIRECTION('',(0.813985207366,-0.580885601637));
#4088 = ( GEOMETRIC_REPRESENTATION_CONTEXT(2) 
PARAMETRIC_REPRESENTATION_CONTEXT() REPRESENTATION_CONTEXT('2D SPACE',''
  ) );
#4089 = ORIENTED_EDGE('',*,*,#3968,.T.);
#4090 = ADVANCED_FACE('',(#4091),#3553,.F.);
#4091 = FACE_BOUND('',#4092,.T.);
#4092 = EDGE_LOOP('',(#4093,#4114,#4115,#4116,#4117,#4118));
#4093 = ORIENTED_EDGE('',*,*,#4094,.F.);
#4094 = EDGE_CURVE('',#3873,#3697,#4095,.T.);
#4095 = SURFACE_CURVE('',#4096,(#4100,#4107),.PCURVE_S1.);
#4096 = LINE('',#4097,#4098);
#4097 = CARTESIAN_POINT('',(86.25,0.,-12.00000017881));
#4098 = VECTOR('',#4099,1.);
#4099 = DIRECTION('',(1.,0.,0.));
#4100 = PCURVE('',#3553,#4101);
#4101 = DEFINITIONAL_REPRESENTATION('',(#4102),#4106);
#4102 = LINE('',#4103,#4104);
#4103 = CARTESIAN_POINT('',(2.25,153.));
#4104 = VECTOR('',#4105,1.);
#4105 = DIRECTION('',(-1.,0.));
#4106 = ( GEOMETRIC_REPRESENTATION_CONTEXT(2) 
PARAMETRIC_REPRESENTATION_CONTEXT() REPRESENTATION_CONTEXT('2D SPACE',''
  ) );
#4107 = PCURVE('',#66,#4108);
#4108 = DEFINITIONAL_REPRESENTATION('',(#4109),#4113);
#4109 = LINE('',#4110,#4111);
#4110 = CARTESIAN_POINT('',(2.25,-17.99999982118));
#4111 = VECTOR('',#4112,1.);
#4112 = DIRECTION('',(1.,0.));
#4113 = ( GEOMETRIC_REPRESENTATION_CONTEXT(2) 
PARAMETRIC_REPRESENTATION_CONTEXT() REPRESENTATION_CONTEXT('2D SPACE',''
  ) );
#4114 = ORIENTED_EDGE('',*,*,#3919,.F.);
#4115 = ORIENTED_EDGE('',*,*,#4025,.F.);
#4116 = ORIENTED_EDGE('',*,*,#3996,.F.);
#4117 = ORIENTED_EDGE('',*,*,#3535,.F.);
#4118 = ORIENTED_EDGE('',*,*,#3721,.T.);
#4119 = ADVANCED_FACE('',(#4120),#855,.F.);
#4120 = FACE_BOUND('',#4121,.F.);
#4121 = EDGE_LOOP('',(#4122,#4143,#4144,#4145));
#4122 = ORIENTED_EDGE('',*,*,#4123,.T.);
#4123 = EDGE_CURVE('',#3793,#807,#4124,.T.);
#4124 = SURFACE_CURVE('',#4125,(#4129,#4136),.PCURVE_S1.);
#4125 = LINE('',#4126,#4127);
#4126 = CARTESIAN_POINT('',(63.772029585268,32.674133133705,0.));
#4127 = VECTOR('',#4128,1.);
#4128 = DIRECTION('',(0.,0.,-1.));
#4129 = PCURVE('',#855,#4130);
#4130 = DEFINITIONAL_REPRESENTATION('',(#4131),#4135);
#4131 = LINE('',#4132,#4133);
#4132 = CARTESIAN_POINT('',(6.28318530718,0.));
#4133 = VECTOR('',#4134,1.);
#4134 = DIRECTION('',(0.,1.));
#4135 = ( GEOMETRIC_REPRESENTATION_CONTEXT(2) 
PARAMETRIC_REPRESENTATION_CONTEXT() REPRESENTATION_CONTEXT('2D SPACE',''
  ) );
#4136 = PCURVE('',#822,#4137);
#4137 = DEFINITIONAL_REPRESENTATION('',(#4138),#4142);
#4138 = LINE('',#4139,#4140);
#4139 = CARTESIAN_POINT('',(0.,0.));
#4140 = VECTOR('',#4141,1.);
#4141 = DIRECTION('',(0.,1.));
#4142 = ( GEOMETRIC_REPRESENTATION_CONTEXT(2) 
PARAMETRIC_REPRESENTATION_CONTEXT() REPRESENTATION_CONTEXT('2D SPACE',''
  ) );
#4143 = ORIENTED_EDGE('',*,*,#834,.T.);
#4144 = ORIENTED_EDGE('',*,*,#3616,.F.);
#4145 = ORIENTED_EDGE('',*,*,#3792,.F.);
#4146 = ADVANCED_FACE('',(#4147),#822,.F.);
#4147 = FACE_BOUND('',#4148,.T.);
#4148 = EDGE_LOOP('',(#4149,#4150,#4151,#4152));
#4149 = ORIENTED_EDGE('',*,*,#3820,.T.);
#4150 = ORIENTED_EDGE('',*,*,#4123,.T.);
#4151 = ORIENTED_EDGE('',*,*,#806,.F.);
#4152 = ORIENTED_EDGE('',*,*,#4153,.F.);
#4153 = EDGE_CURVE('',#3821,#779,#4154,.T.);
#4154 = SURFACE_CURVE('',#4155,(#4159,#4166),.PCURVE_S1.);
#4155 = LINE('',#4156,#4157);
#4156 = CARTESIAN_POINT('',(46.5,45.,0.));
#4157 = VECTOR('',#4158,1.);
#4158 = DIRECTION('',(0.,0.,-1.));
#4159 = PCURVE('',#822,#4160);
#4160 = DEFINITIONAL_REPRESENTATION('',(#4161),#4165);
#4161 = LINE('',#4162,#4163);
#4162 = CARTESIAN_POINT('',(21.219095173923,0.));
#4163 = VECTOR('',#4164,1.);
#4164 = DIRECTION('',(0.,1.));
#4165 = ( GEOMETRIC_REPRESENTATION_CONTEXT(2) 
PARAMETRIC_REPRESENTATION_CONTEXT() REPRESENTATION_CONTEXT('2D SPACE',''
  ) );
#4166 = PCURVE('',#794,#4167);
#4167 = DEFINITIONAL_REPRESENTATION('',(#4168),#4172);
#4168 = LINE('',#4169,#4170);
#4169 = CARTESIAN_POINT('',(0.,-0.));
#4170 = VECTOR('',#4171,1.);
#4171 = DIRECTION('',(0.,1.));
#4172 = ( GEOMETRIC_REPRESENTATION_CONTEXT(2) 
PARAMETRIC_REPRESENTATION_CONTEXT() REPRESENTATION_CONTEXT('2D SPACE',''
  ) );
#4173 = ADVANCED_FACE('',(#4174),#794,.F.);
#4174 = FACE_BOUND('',#4175,.T.);
#4175 = EDGE_LOOP('',(#4176,#4177,#4200,#4221,#4222,#4223));
#4176 = ORIENTED_EDGE('',*,*,#778,.F.);
#4177 = ORIENTED_EDGE('',*,*,#4178,.F.);
#4178 = EDGE_CURVE('',#4179,#751,#4181,.T.);
#4179 = VERTEX_POINT('',#4180);
#4180 = CARTESIAN_POINT('',(37.5,45.,0.));
#4181 = SURFACE_CURVE('',#4182,(#4186,#4193),.PCURVE_S1.);
#4182 = LINE('',#4183,#4184);
#4183 = CARTESIAN_POINT('',(37.5,45.,0.));
#4184 = VECTOR('',#4185,1.);
#4185 = DIRECTION('',(0.,0.,-1.));
#4186 = PCURVE('',#794,#4187);
#4187 = DEFINITIONAL_REPRESENTATION('',(#4188),#4192);
#4188 = LINE('',#4189,#4190);
#4189 = CARTESIAN_POINT('',(9.,0.));
#4190 = VECTOR('',#4191,1.);
#4191 = DIRECTION('',(0.,1.));
#4192 = ( GEOMETRIC_REPRESENTATION_CONTEXT(2) 
PARAMETRIC_REPRESENTATION_CONTEXT() REPRESENTATION_CONTEXT('2D SPACE',''
  ) );
#4193 = PCURVE('',#766,#4194);
#4194 = DEFINITIONAL_REPRESENTATION('',(#4195),#4199);
#4195 = LINE('',#4196,#4197);
#4196 = CARTESIAN_POINT('',(42.,30.));
#4197 = VECTOR('',#4198,1.);
#4198 = DIRECTION('',(-1.,0.));
#4199 = ( GEOMETRIC_REPRESENTATION_CONTEXT(2) 
PARAMETRIC_REPRESENTATION_CONTEXT() REPRESENTATION_CONTEXT('2D SPACE',''
  ) );
#4200 = ORIENTED_EDGE('',*,*,#4201,.T.);
#4201 = EDGE_CURVE('',#4179,#4047,#4202,.T.);
#4202 = SURFACE_CURVE('',#4203,(#4207,#4214),.PCURVE_S1.);
#4203 = LINE('',#4204,#4205);
#4204 = CARTESIAN_POINT('',(37.5,45.,0.));
#4205 = VECTOR('',#4206,1.);
#4206 = DIRECTION('',(1.,0.,0.));
#4207 = PCURVE('',#794,#4208);
#4208 = DEFINITIONAL_REPRESENTATION('',(#4209),#4213);
#4209 = LINE('',#4210,#4211);
#4210 = CARTESIAN_POINT('',(9.,0.));
#4211 = VECTOR('',#4212,1.);
#4212 = DIRECTION('',(-1.,-0.));
#4213 = ( GEOMETRIC_REPRESENTATION_CONTEXT(2) 
PARAMETRIC_REPRESENTATION_CONTEXT() REPRESENTATION_CONTEXT('2D SPACE',''
  ) );
#4214 = PCURVE('',#159,#4215);
#4215 = DEFINITIONAL_REPRESENTATION('',(#4216),#4220);
#4216 = LINE('',#4217,#4218);
#4217 = CARTESIAN_POINT('',(37.5,45.));
#4218 = VECTOR('',#4219,1.);
#4219 = DIRECTION('',(1.,0.));
#4220 = ( GEOMETRIC_REPRESENTATION_CONTEXT(2) 
PARAMETRIC_REPRESENTATION_CONTEXT() REPRESENTATION_CONTEXT('2D SPACE',''
  ) );
#4221 = ORIENTED_EDGE('',*,*,#4046,.T.);
#4222 = ORIENTED_EDGE('',*,*,#3896,.T.);
#4223 = ORIENTED_EDGE('',*,*,#4153,.T.);
#4224 = ADVANCED_FACE('',(#4225),#766,.T.);
#4225 = FACE_BOUND('',#4226,.T.);
#4226 = EDGE_LOOP('',(#4227,#4228,#4229,#4252));
#4227 = ORIENTED_EDGE('',*,*,#4178,.T.);
#4228 = ORIENTED_EDGE('',*,*,#750,.F.);
#4229 = ORIENTED_EDGE('',*,*,#4230,.F.);
#4230 = EDGE_CURVE('',#4231,#727,#4233,.T.);
#4231 = VERTEX_POINT('',#4232);
#4232 = CARTESIAN_POINT('',(37.5,24.,0.));
#4233 = SURFACE_CURVE('',#4234,(#4238,#4245),.PCURVE_S1.);
#4234 = LINE('',#4235,#4236);
#4235 = CARTESIAN_POINT('',(37.5,24.,-36.));
#4236 = VECTOR('',#4237,1.);
#4237 = DIRECTION('',(1.057355261548E-16,0.,-1.));
#4238 = PCURVE('',#766,#4239);
#4239 = DEFINITIONAL_REPRESENTATION('',(#4240),#4244);
#4240 = LINE('',#4241,#4242);
#4241 = CARTESIAN_POINT('',(6.,9.));
#4242 = VECTOR('',#4243,1.);
#4243 = DIRECTION('',(-1.,0.));
#4244 = ( GEOMETRIC_REPRESENTATION_CONTEXT(2) 
PARAMETRIC_REPRESENTATION_CONTEXT() REPRESENTATION_CONTEXT('2D SPACE',''
  ) );
#4245 = PCURVE('',#426,#4246);
#4246 = DEFINITIONAL_REPRESENTATION('',(#4247),#4251);
#4247 = LINE('',#4248,#4249);
#4248 = CARTESIAN_POINT('',(5.497787143782,7.105427357601E-15));
#4249 = VECTOR('',#4250,1.);
#4250 = DIRECTION('',(0.,1.));
#4251 = ( GEOMETRIC_REPRESENTATION_CONTEXT(2) 
PARAMETRIC_REPRESENTATION_CONTEXT() REPRESENTATION_CONTEXT('2D SPACE',''
  ) );
#4252 = ORIENTED_EDGE('',*,*,#4253,.T.);
#4253 = EDGE_CURVE('',#4231,#4179,#4254,.T.);
#4254 = SURFACE_CURVE('',#4255,(#4259,#4266),.PCURVE_S1.);
#4255 = LINE('',#4256,#4257);
#4256 = CARTESIAN_POINT('',(37.5,15.,0.));
#4257 = VECTOR('',#4258,1.);
#4258 = DIRECTION('',(0.,1.,0.));
#4259 = PCURVE('',#766,#4260);
#4260 = DEFINITIONAL_REPRESENTATION('',(#4261),#4265);
#4261 = LINE('',#4262,#4263);
#4262 = CARTESIAN_POINT('',(42.,0.));
#4263 = VECTOR('',#4264,1.);
#4264 = DIRECTION('',(0.,1.));
#4265 = ( GEOMETRIC_REPRESENTATION_CONTEXT(2) 
PARAMETRIC_REPRESENTATION_CONTEXT() REPRESENTATION_CONTEXT('2D SPACE',''
  ) );
#4266 = PCURVE('',#159,#4267);
#4267 = DEFINITIONAL_REPRESENTATION('',(#4268),#4272);
#4268 = LINE('',#4269,#4270);
#4269 = CARTESIAN_POINT('',(37.5,15.));
#4270 = VECTOR('',#4271,1.);
#4271 = DIRECTION('',(0.,1.));
#4272 = ( GEOMETRIC_REPRESENTATION_CONTEXT(2) 
PARAMETRIC_REPRESENTATION_CONTEXT() REPRESENTATION_CONTEXT('2D SPACE',''
  ) );
#4273 = ADVANCED_FACE('',(#4274),#691,.T.);
#4274 = FACE_BOUND('',#4275,.T.);
#4275 = EDGE_LOOP('',(#4276,#4299,#4322,#4343));
#4276 = ORIENTED_EDGE('',*,*,#4277,.T.);
#4277 = EDGE_CURVE('',#647,#4278,#4280,.T.);
#4278 = VERTEX_POINT('',#4279);
#4279 = CARTESIAN_POINT('',(130.5,69.278029157809,0.));
#4280 = SURFACE_CURVE('',#4281,(#4285,#4292),.PCURVE_S1.);
#4281 = LINE('',#4282,#4283);
#4282 = CARTESIAN_POINT('',(130.5,69.278029157809,0.));
#4283 = VECTOR('',#4284,1.);
#4284 = DIRECTION('',(0.,0.,1.));
#4285 = PCURVE('',#691,#4286);
#4286 = DEFINITIONAL_REPRESENTATION('',(#4287),#4291);
#4287 = LINE('',#4288,#4289);
#4288 = CARTESIAN_POINT('',(0.,54.278029157809));
#4289 = VECTOR('',#4290,1.);
#4290 = DIRECTION('',(-1.,0.));
#4291 = ( GEOMETRIC_REPRESENTATION_CONTEXT(2) 
PARAMETRIC_REPRESENTATION_CONTEXT() REPRESENTATION_CONTEXT('2D SPACE',''
  ) );
#4292 = PCURVE('',#663,#4293);
#4293 = DEFINITIONAL_REPRESENTATION('',(#4294),#4298);
#4294 = LINE('',#4295,#4296);
#4295 = CARTESIAN_POINT('',(6.28318530718,0.));
#4296 = VECTOR('',#4297,1.);
#4297 = DIRECTION('',(0.,-1.));
#4298 = ( GEOMETRIC_REPRESENTATION_CONTEXT(2) 
PARAMETRIC_REPRESENTATION_CONTEXT() REPRESENTATION_CONTEXT('2D SPACE',''
  ) );
#4299 = ORIENTED_EDGE('',*,*,#4300,.F.);
#4300 = EDGE_CURVE('',#4301,#4278,#4303,.T.);
#4301 = VERTEX_POINT('',#4302);
#4302 = CARTESIAN_POINT('',(130.5,19.,0.));
#4303 = SURFACE_CURVE('',#4304,(#4308,#4315),.PCURVE_S1.);
#4304 = LINE('',#4305,#4306);
#4305 = CARTESIAN_POINT('',(130.5,15.,0.));
#4306 = VECTOR('',#4307,1.);
#4307 = DIRECTION('',(0.,1.,0.));
#4308 = PCURVE('',#691,#4309);
#4309 = DEFINITIONAL_REPRESENTATION('',(#4310),#4314);
#4310 = LINE('',#4311,#4312);
#4311 = CARTESIAN_POINT('',(0.,0.));
#4312 = VECTOR('',#4313,1.);
#4313 = DIRECTION('',(0.,1.));
#4314 = ( GEOMETRIC_REPRESENTATION_CONTEXT(2) 
PARAMETRIC_REPRESENTATION_CONTEXT() REPRESENTATION_CONTEXT('2D SPACE',''
  ) );
#4315 = PCURVE('',#159,#4316);
#4316 = DEFINITIONAL_REPRESENTATION('',(#4317),#4321);
#4317 = LINE('',#4318,#4319);
#4318 = CARTESIAN_POINT('',(130.5,15.));
#4319 = VECTOR('',#4320,1.);
#4320 = DIRECTION('',(0.,1.));
#4321 = ( GEOMETRIC_REPRESENTATION_CONTEXT(2) 
PARAMETRIC_REPRESENTATION_CONTEXT() REPRESENTATION_CONTEXT('2D SPACE',''
  ) );
#4322 = ORIENTED_EDGE('',*,*,#4323,.F.);
#4323 = EDGE_CURVE('',#676,#4301,#4324,.T.);
#4324 = SURFACE_CURVE('',#4325,(#4329,#4336),.PCURVE_S1.);
#4325 = LINE('',#4326,#4327);
#4326 = CARTESIAN_POINT('',(130.5,19.,-15.));
#4327 = VECTOR('',#4328,1.);
#4328 = DIRECTION('',(0.,0.,1.));
#4329 = PCURVE('',#691,#4330);
#4330 = DEFINITIONAL_REPRESENTATION('',(#4331),#4335);
#4331 = LINE('',#4332,#4333);
#4332 = CARTESIAN_POINT('',(15.,4.));
#4333 = VECTOR('',#4334,1.);
#4334 = DIRECTION('',(-1.,0.));
#4335 = ( GEOMETRIC_REPRESENTATION_CONTEXT(2) 
PARAMETRIC_REPRESENTATION_CONTEXT() REPRESENTATION_CONTEXT('2D SPACE',''
  ) );
#4336 = PCURVE('',#131,#4337);
#4337 = DEFINITIONAL_REPRESENTATION('',(#4338),#4342);
#4338 = LINE('',#4339,#4340);
#4339 = CARTESIAN_POINT('',(-0.785398163397,0.));
#4340 = VECTOR('',#4341,1.);
#4341 = DIRECTION('',(0.,1.));
#4342 = ( GEOMETRIC_REPRESENTATION_CONTEXT(2) 
PARAMETRIC_REPRESENTATION_CONTEXT() REPRESENTATION_CONTEXT('2D SPACE',''
  ) );
#4343 = ORIENTED_EDGE('',*,*,#675,.T.);
#4344 = ADVANCED_FACE('',(#4345),#663,.T.);
#4345 = FACE_BOUND('',#4346,.T.);
#4346 = EDGE_LOOP('',(#4347,#4348,#4371,#4393));
#4347 = ORIENTED_EDGE('',*,*,#646,.F.);
#4348 = ORIENTED_EDGE('',*,*,#4349,.F.);
#4349 = EDGE_CURVE('',#4350,#614,#4352,.T.);
#4350 = VERTEX_POINT('',#4351);
#4351 = CARTESIAN_POINT('',(102.675,103.16486082509,0.));
#4352 = SURFACE_CURVE('',#4353,(#4357,#4364),.PCURVE_S1.);
#4353 = LINE('',#4354,#4355);
#4354 = CARTESIAN_POINT('',(102.675,103.16486082509,0.));
#4355 = VECTOR('',#4356,1.);
#4356 = DIRECTION('',(0.,0.,-1.));
#4357 = PCURVE('',#663,#4358);
#4358 = DEFINITIONAL_REPRESENTATION('',(#4359),#4363);
#4359 = LINE('',#4360,#4361);
#4360 = CARTESIAN_POINT('',(5.394484909736,0.));
#4361 = VECTOR('',#4362,1.);
#4362 = DIRECTION('',(0.,1.));
#4363 = ( GEOMETRIC_REPRESENTATION_CONTEXT(2) 
PARAMETRIC_REPRESENTATION_CONTEXT() REPRESENTATION_CONTEXT('2D SPACE',''
  ) );
#4364 = PCURVE('',#634,#4365);
#4365 = DEFINITIONAL_REPRESENTATION('',(#4366),#4370);
#4366 = LINE('',#4367,#4368);
#4367 = CARTESIAN_POINT('',(5.151350865994,0.));
#4368 = VECTOR('',#4369,1.);
#4369 = DIRECTION('',(0.,1.));
#4370 = ( GEOMETRIC_REPRESENTATION_CONTEXT(2) 
PARAMETRIC_REPRESENTATION_CONTEXT() REPRESENTATION_CONTEXT('2D SPACE',''
  ) );
#4371 = ORIENTED_EDGE('',*,*,#4372,.F.);
#4372 = EDGE_CURVE('',#4278,#4350,#4373,.T.);
#4373 = SURFACE_CURVE('',#4374,(#4379,#4386),.PCURVE_S1.);
#4374 = CIRCLE('',#4375,51.);
#4375 = AXIS2_PLACEMENT_3D('',#4376,#4377,#4378);
#4376 = CARTESIAN_POINT('',(81.,57.,0.));
#4377 = DIRECTION('',(0.,0.,1.));
#4378 = DIRECTION('',(0.970588235294,0.240745669761,-0.));
#4379 = PCURVE('',#663,#4380);
#4380 = DEFINITIONAL_REPRESENTATION('',(#4381),#4385);
#4381 = LINE('',#4382,#4383);
#4382 = CARTESIAN_POINT('',(6.28318530718,0.));
#4383 = VECTOR('',#4384,1.);
#4384 = DIRECTION('',(-1.,0.));
#4385 = ( GEOMETRIC_REPRESENTATION_CONTEXT(2) 
PARAMETRIC_REPRESENTATION_CONTEXT() REPRESENTATION_CONTEXT('2D SPACE',''
  ) );
#4386 = PCURVE('',#159,#4387);
#4387 = DEFINITIONAL_REPRESENTATION('',(#4388),#4392);
#4388 = CIRCLE('',#4389,51.);
#4389 = AXIS2_PLACEMENT_2D('',#4390,#4391);
#4390 = CARTESIAN_POINT('',(81.,57.));
#4391 = DIRECTION('',(0.970588235294,0.240745669761));
#4392 = ( GEOMETRIC_REPRESENTATION_CONTEXT(2) 
PARAMETRIC_REPRESENTATION_CONTEXT() REPRESENTATION_CONTEXT('2D SPACE',''
  ) );
#4393 = ORIENTED_EDGE('',*,*,#4277,.F.);
#4394 = ADVANCED_FACE('',(#4395),#634,.F.);
#4395 = FACE_BOUND('',#4396,.F.);
#4396 = EDGE_LOOP('',(#4397,#4398,#4426,#4447));
#4397 = ORIENTED_EDGE('',*,*,#4349,.F.);
#4398 = ORIENTED_EDGE('',*,*,#4399,.T.);
#4399 = EDGE_CURVE('',#4350,#4400,#4402,.T.);
#4400 = VERTEX_POINT('',#4401);
#4401 = CARTESIAN_POINT('',(97.5,111.31160097069,0.));
#4402 = SURFACE_CURVE('',#4403,(#4408,#4415),.PCURVE_S1.);
#4403 = CIRCLE('',#4404,9.);
#4404 = AXIS2_PLACEMENT_3D('',#4405,#4406,#4407);
#4405 = CARTESIAN_POINT('',(106.5,111.31160097069,0.));
#4406 = DIRECTION('',(0.,0.,-1.));
#4407 = DIRECTION('',(-1.,1.973729821556E-15,0.));
#4408 = PCURVE('',#634,#4409);
#4409 = DEFINITIONAL_REPRESENTATION('',(#4410),#4414);
#4410 = LINE('',#4411,#4412);
#4411 = CARTESIAN_POINT('',(0.,0.));
#4412 = VECTOR('',#4413,1.);
#4413 = DIRECTION('',(1.,0.));
#4414 = ( GEOMETRIC_REPRESENTATION_CONTEXT(2) 
PARAMETRIC_REPRESENTATION_CONTEXT() REPRESENTATION_CONTEXT('2D SPACE',''
  ) );
#4415 = PCURVE('',#159,#4416);
#4416 = DEFINITIONAL_REPRESENTATION('',(#4417),#4425);
#4417 = ( BOUNDED_CURVE() B_SPLINE_CURVE(2,(#4418,#4419,#4420,#4421,
#4422,#4423,#4424),.UNSPECIFIED.,.T.,.F.) B_SPLINE_CURVE_WITH_KNOTS((1,2
    ,2,2,2,1),(-2.094395102393,0.,2.094395102393,4.188790204786,
6.28318530718,8.377580409573),.UNSPECIFIED.) CURVE() 
GEOMETRIC_REPRESENTATION_ITEM() RATIONAL_B_SPLINE_CURVE((1.,0.5,1.,0.5,
1.,0.5,1.)) REPRESENTATION_ITEM('') );
#4418 = CARTESIAN_POINT('',(97.5,111.31160097069));
#4419 = CARTESIAN_POINT('',(97.5,126.90005823881));
#4420 = CARTESIAN_POINT('',(111.,119.10582960475));
#4421 = CARTESIAN_POINT('',(124.5,111.31160097069));
#4422 = CARTESIAN_POINT('',(111.,103.51737233663));
#4423 = CARTESIAN_POINT('',(97.5,95.723143702575));
#4424 = CARTESIAN_POINT('',(97.5,111.31160097069));
#4425 = ( GEOMETRIC_REPRESENTATION_CONTEXT(2) 
PARAMETRIC_REPRESENTATION_CONTEXT() REPRESENTATION_CONTEXT('2D SPACE',''
  ) );
#4426 = ORIENTED_EDGE('',*,*,#4427,.T.);
#4427 = EDGE_CURVE('',#4400,#586,#4428,.T.);
#4428 = SURFACE_CURVE('',#4429,(#4433,#4440),.PCURVE_S1.);
#4429 = LINE('',#4430,#4431);
#4430 = CARTESIAN_POINT('',(97.5,111.31160097069,0.));
#4431 = VECTOR('',#4432,1.);
#4432 = DIRECTION('',(0.,0.,-1.));
#4433 = PCURVE('',#634,#4434);
#4434 = DEFINITIONAL_REPRESENTATION('',(#4435),#4439);
#4435 = LINE('',#4436,#4437);
#4436 = CARTESIAN_POINT('',(6.28318530718,0.));
#4437 = VECTOR('',#4438,1.);
#4438 = DIRECTION('',(0.,1.));
#4439 = ( GEOMETRIC_REPRESENTATION_CONTEXT(2) 
PARAMETRIC_REPRESENTATION_CONTEXT() REPRESENTATION_CONTEXT('2D SPACE',''
  ) );
#4440 = PCURVE('',#601,#4441);
#4441 = DEFINITIONAL_REPRESENTATION('',(#4442),#4446);
#4442 = LINE('',#4443,#4444);
#4443 = CARTESIAN_POINT('',(0.,0.));
#4444 = VECTOR('',#4445,1.);
#4445 = DIRECTION('',(0.,1.));
#4446 = ( GEOMETRIC_REPRESENTATION_CONTEXT(2) 
PARAMETRIC_REPRESENTATION_CONTEXT() REPRESENTATION_CONTEXT('2D SPACE',''
  ) );
#4447 = ORIENTED_EDGE('',*,*,#613,.T.);
#4448 = ADVANCED_FACE('',(#4449,#4475),#601,.F.);
#4449 = FACE_BOUND('',#4450,.T.);
#4450 = EDGE_LOOP('',(#4451,#4452,#4473,#4474));
#4451 = ORIENTED_EDGE('',*,*,#3228,.F.);
#4452 = ORIENTED_EDGE('',*,*,#4453,.F.);
#4453 = EDGE_CURVE('',#4400,#2445,#4454,.T.);
#4454 = SURFACE_CURVE('',#4455,(#4459,#4466),.PCURVE_S1.);
#4455 = LINE('',#4456,#4457);
#4456 = CARTESIAN_POINT('',(97.5,55.655800485347,0.));
#4457 = VECTOR('',#4458,1.);
#4458 = DIRECTION('',(0.,1.,0.));
#4459 = PCURVE('',#601,#4460);
#4460 = DEFINITIONAL_REPRESENTATION('',(#4461),#4465);
#4461 = LINE('',#4462,#4463);
#4462 = CARTESIAN_POINT('',(-55.65580048534,0.));
#4463 = VECTOR('',#4464,1.);
#4464 = DIRECTION('',(1.,0.));
#4465 = ( GEOMETRIC_REPRESENTATION_CONTEXT(2) 
PARAMETRIC_REPRESENTATION_CONTEXT() REPRESENTATION_CONTEXT('2D SPACE',''
  ) );
#4466 = PCURVE('',#159,#4467);
#4467 = DEFINITIONAL_REPRESENTATION('',(#4468),#4472);
#4468 = LINE('',#4469,#4470);
#4469 = CARTESIAN_POINT('',(97.5,55.655800485347));
#4470 = VECTOR('',#4471,1.);
#4471 = DIRECTION('',(0.,1.));
#4472 = ( GEOMETRIC_REPRESENTATION_CONTEXT(2) 
PARAMETRIC_REPRESENTATION_CONTEXT() REPRESENTATION_CONTEXT('2D SPACE',''
  ) );
#4473 = ORIENTED_EDGE('',*,*,#4427,.T.);
#4474 = ORIENTED_EDGE('',*,*,#585,.F.);
#4475 = FACE_BOUND('',#4476,.T.);
#4476 = EDGE_LOOP('',(#4477));
#4477 = ORIENTED_EDGE('',*,*,#1902,.T.);
#4478 = ADVANCED_FACE('',(#4479),#573,.T.);
#4479 = FACE_BOUND('',#4480,.T.);
#4480 = EDGE_LOOP('',(#4481,#4482,#4483,#4484,#4485,#4486));
#4481 = ORIENTED_EDGE('',*,*,#2774,.F.);
#4482 = ORIENTED_EDGE('',*,*,#2622,.T.);
#4483 = ORIENTED_EDGE('',*,*,#3249,.T.);
#4484 = ORIENTED_EDGE('',*,*,#555,.T.);
#4485 = ORIENTED_EDGE('',*,*,#2206,.F.);
#4486 = ORIENTED_EDGE('',*,*,#3328,.T.);
#4487 = ADVANCED_FACE('',(#4488),#426,.F.);
#4488 = FACE_BOUND('',#4489,.F.);
#4489 = EDGE_LOOP('',(#4490,#4491,#4513,#4514));
#4490 = ORIENTED_EDGE('',*,*,#4230,.F.);
#4491 = ORIENTED_EDGE('',*,*,#4492,.F.);
#4492 = EDGE_CURVE('',#388,#4231,#4493,.T.);
#4493 = SURFACE_CURVE('',#4494,(#4499,#4506),.PCURVE_S1.);
#4494 = CIRCLE('',#4495,9.);
#4495 = AXIS2_PLACEMENT_3D('',#4496,#4497,#4498);
#4496 = CARTESIAN_POINT('',(28.5,24.,4.440892098501E-15));
#4497 = DIRECTION('',(0.,0.,1.));
#4498 = DIRECTION('',(0.707106781187,-0.707106781187,0.));
#4499 = PCURVE('',#426,#4500);
#4500 = DEFINITIONAL_REPRESENTATION('',(#4501),#4505);
#4501 = LINE('',#4502,#4503);
#4502 = CARTESIAN_POINT('',(12.566370614359,-36.));
#4503 = VECTOR('',#4504,1.);
#4504 = DIRECTION('',(-1.,0.));
#4505 = ( GEOMETRIC_REPRESENTATION_CONTEXT(2) 
PARAMETRIC_REPRESENTATION_CONTEXT() REPRESENTATION_CONTEXT('2D SPACE',''
  ) );
#4506 = PCURVE('',#159,#4507);
#4507 = DEFINITIONAL_REPRESENTATION('',(#4508),#4512);
#4508 = CIRCLE('',#4509,9.);
#4509 = AXIS2_PLACEMENT_2D('',#4510,#4511);
#4510 = CARTESIAN_POINT('',(28.5,24.));
#4511 = DIRECTION('',(0.707106781187,-0.707106781187));
#4512 = ( GEOMETRIC_REPRESENTATION_CONTEXT(2) 
PARAMETRIC_REPRESENTATION_CONTEXT() REPRESENTATION_CONTEXT('2D SPACE',''
  ) );
#4513 = ORIENTED_EDGE('',*,*,#410,.F.);
#4514 = ORIENTED_EDGE('',*,*,#726,.F.);
#4515 = ADVANCED_FACE('',(#4516),#375,.T.);
#4516 = FACE_BOUND('',#4517,.T.);
#4517 = EDGE_LOOP('',(#4518,#4519,#4542,#4566));
#4518 = ORIENTED_EDGE('',*,*,#354,.T.);
#4519 = ORIENTED_EDGE('',*,*,#4520,.T.);
#4520 = EDGE_CURVE('',#327,#4521,#4523,.T.);
#4521 = VERTEX_POINT('',#4522);
#4522 = CARTESIAN_POINT('',(0.,0.,-9.));
#4523 = SURFACE_CURVE('',#4524,(#4528,#4535),.PCURVE_S1.);
#4524 = LINE('',#4525,#4526);
#4525 = CARTESIAN_POINT('',(0.,0.,-9.));
#4526 = VECTOR('',#4527,1.);
#4527 = DIRECTION('',(0.,-1.,0.));
#4528 = PCURVE('',#375,#4529);
#4529 = DEFINITIONAL_REPRESENTATION('',(#4530),#4534);
#4530 = LINE('',#4531,#4532);
#4531 = CARTESIAN_POINT('',(-0.785398163397,0.));
#4532 = VECTOR('',#4533,1.);
#4533 = DIRECTION('',(0.,-1.));
#4534 = ( GEOMETRIC_REPRESENTATION_CONTEXT(2) 
PARAMETRIC_REPRESENTATION_CONTEXT() REPRESENTATION_CONTEXT('2D SPACE',''
  ) );
#4535 = PCURVE('',#342,#4536);
#4536 = DEFINITIONAL_REPRESENTATION('',(#4537),#4541);
#4537 = LINE('',#4538,#4539);
#4538 = CARTESIAN_POINT('',(51.,0.));
#4539 = VECTOR('',#4540,1.);
#4540 = DIRECTION('',(0.,-1.));
#4541 = ( GEOMETRIC_REPRESENTATION_CONTEXT(2) 
PARAMETRIC_REPRESENTATION_CONTEXT() REPRESENTATION_CONTEXT('2D SPACE',''
  ) );
#4542 = ORIENTED_EDGE('',*,*,#4543,.T.);
#4543 = EDGE_CURVE('',#4521,#4544,#4546,.T.);
#4544 = VERTEX_POINT('',#4545);
#4545 = CARTESIAN_POINT('',(9.,0.,0.));
#4546 = SURFACE_CURVE('',#4547,(#4552,#4559),.PCURVE_S1.);
#4547 = CIRCLE('',#4548,9.);
#4548 = AXIS2_PLACEMENT_3D('',#4549,#4550,#4551);
#4549 = CARTESIAN_POINT('',(9.,0.,-9.));
#4550 = DIRECTION('',(0.,1.,0.));
#4551 = DIRECTION('',(-0.707106781187,0.,0.707106781187));
#4552 = PCURVE('',#375,#4553);
#4553 = DEFINITIONAL_REPRESENTATION('',(#4554),#4558);
#4554 = LINE('',#4555,#4556);
#4555 = CARTESIAN_POINT('',(-6.28318530718,0.));
#4556 = VECTOR('',#4557,1.);
#4557 = DIRECTION('',(1.,0.));
#4558 = ( GEOMETRIC_REPRESENTATION_CONTEXT(2) 
PARAMETRIC_REPRESENTATION_CONTEXT() REPRESENTATION_CONTEXT('2D SPACE',''
  ) );
#4559 = PCURVE('',#66,#4560);
#4560 = DEFINITIONAL_REPRESENTATION('',(#4561),#4565);
#4561 = CIRCLE('',#4562,9.);
#4562 = AXIS2_PLACEMENT_2D('',#4563,#4564);
#4563 = CARTESIAN_POINT('',(-75.,-21.));
#4564 = DIRECTION('',(-0.707106781187,-0.707106781187));
#4565 = ( GEOMETRIC_REPRESENTATION_CONTEXT(2) 
PARAMETRIC_REPRESENTATION_CONTEXT() REPRESENTATION_CONTEXT('2D SPACE',''
  ) );
#4566 = ORIENTED_EDGE('',*,*,#4567,.T.);
#4567 = EDGE_CURVE('',#4544,#355,#4568,.T.);
#4568 = SURFACE_CURVE('',#4569,(#4573,#4580),.PCURVE_S1.);
#4569 = LINE('',#4570,#4571);
#4570 = CARTESIAN_POINT('',(9.,0.,0.));
#4571 = VECTOR('',#4572,1.);
#4572 = DIRECTION('',(0.,1.,0.));
#4573 = PCURVE('',#375,#4574);
#4574 = DEFINITIONAL_REPRESENTATION('',(#4575),#4579);
#4575 = LINE('',#4576,#4577);
#4576 = CARTESIAN_POINT('',(0.785398163397,0.));
#4577 = VECTOR('',#4578,1.);
#4578 = DIRECTION('',(0.,1.));
#4579 = ( GEOMETRIC_REPRESENTATION_CONTEXT(2) 
PARAMETRIC_REPRESENTATION_CONTEXT() REPRESENTATION_CONTEXT('2D SPACE',''
  ) );
#4580 = PCURVE('',#159,#4581);
#4581 = DEFINITIONAL_REPRESENTATION('',(#4582),#4586);
#4582 = LINE('',#4583,#4584);
#4583 = CARTESIAN_POINT('',(9.,0.));
#4584 = VECTOR('',#4585,1.);
#4585 = DIRECTION('',(0.,1.));
#4586 = ( GEOMETRIC_REPRESENTATION_CONTEXT(2) 
PARAMETRIC_REPRESENTATION_CONTEXT() REPRESENTATION_CONTEXT('2D SPACE',''
  ) );
#4587 = ADVANCED_FACE('',(#4588),#342,.T.);
#4588 = FACE_BOUND('',#4589,.T.);
#4589 = EDGE_LOOP('',(#4590,#4591,#4592,#4615));
#4590 = ORIENTED_EDGE('',*,*,#4520,.F.);
#4591 = ORIENTED_EDGE('',*,*,#326,.F.);
#4592 = ORIENTED_EDGE('',*,*,#4593,.F.);
#4593 = EDGE_CURVE('',#4594,#294,#4596,.T.);
#4594 = VERTEX_POINT('',#4595);
#4595 = CARTESIAN_POINT('',(0.,0.,-51.));
#4596 = SURFACE_CURVE('',#4597,(#4601,#4608),.PCURVE_S1.);
#4597 = LINE('',#4598,#4599);
#4598 = CARTESIAN_POINT('',(0.,0.,-51.));
#4599 = VECTOR('',#4600,1.);
#4600 = DIRECTION('',(0.,1.,0.));
#4601 = PCURVE('',#342,#4602);
#4602 = DEFINITIONAL_REPRESENTATION('',(#4603),#4607);
#4603 = LINE('',#4604,#4605);
#4604 = CARTESIAN_POINT('',(9.,0.));
#4605 = VECTOR('',#4606,1.);
#4606 = DIRECTION('',(0.,1.));
#4607 = ( GEOMETRIC_REPRESENTATION_CONTEXT(2) 
PARAMETRIC_REPRESENTATION_CONTEXT() REPRESENTATION_CONTEXT('2D SPACE',''
  ) );
#4608 = PCURVE('',#314,#4609);
#4609 = DEFINITIONAL_REPRESENTATION('',(#4610),#4614);
#4610 = LINE('',#4611,#4612);
#4611 = CARTESIAN_POINT('',(0.785398163397,0.));
#4612 = VECTOR('',#4613,1.);
#4613 = DIRECTION('',(0.,1.));
#4614 = ( GEOMETRIC_REPRESENTATION_CONTEXT(2) 
PARAMETRIC_REPRESENTATION_CONTEXT() REPRESENTATION_CONTEXT('2D SPACE',''
  ) );
#4615 = ORIENTED_EDGE('',*,*,#4616,.T.);
#4616 = EDGE_CURVE('',#4594,#4521,#4617,.T.);
#4617 = SURFACE_CURVE('',#4618,(#4622,#4629),.PCURVE_S1.);
#4618 = LINE('',#4619,#4620);
#4619 = CARTESIAN_POINT('',(0.,0.,-60.));
#4620 = VECTOR('',#4621,1.);
#4621 = DIRECTION('',(0.,0.,1.));
#4622 = PCURVE('',#342,#4623);
#4623 = DEFINITIONAL_REPRESENTATION('',(#4624),#4628);
#4624 = LINE('',#4625,#4626);
#4625 = CARTESIAN_POINT('',(0.,0.));
#4626 = VECTOR('',#4627,1.);
#4627 = DIRECTION('',(1.,0.));
#4628 = ( GEOMETRIC_REPRESENTATION_CONTEXT(2) 
PARAMETRIC_REPRESENTATION_CONTEXT() REPRESENTATION_CONTEXT('2D SPACE',''
  ) );
#4629 = PCURVE('',#66,#4630);
#4630 = DEFINITIONAL_REPRESENTATION('',(#4631),#4635);
#4631 = LINE('',#4632,#4633);
#4632 = CARTESIAN_POINT('',(-84.,30.));
#4633 = VECTOR('',#4634,1.);
#4634 = DIRECTION('',(0.,-1.));
#4635 = ( GEOMETRIC_REPRESENTATION_CONTEXT(2) 
PARAMETRIC_REPRESENTATION_CONTEXT() REPRESENTATION_CONTEXT('2D SPACE',''
  ) );
#4636 = ADVANCED_FACE('',(#4637),#314,.T.);
#4637 = FACE_BOUND('',#4638,.T.);
#4638 = EDGE_LOOP('',(#4639,#4640,#4663,#4685));
#4639 = ORIENTED_EDGE('',*,*,#293,.T.);
#4640 = ORIENTED_EDGE('',*,*,#4641,.T.);
#4641 = EDGE_CURVE('',#266,#4642,#4644,.T.);
#4642 = VERTEX_POINT('',#4643);
#4643 = CARTESIAN_POINT('',(9.,0.,-60.));
#4644 = SURFACE_CURVE('',#4645,(#4649,#4656),.PCURVE_S1.);
#4645 = LINE('',#4646,#4647);
#4646 = CARTESIAN_POINT('',(9.,0.,-60.));
#4647 = VECTOR('',#4648,1.);
#4648 = DIRECTION('',(0.,-1.,0.));
#4649 = PCURVE('',#314,#4650);
#4650 = DEFINITIONAL_REPRESENTATION('',(#4651),#4655);
#4651 = LINE('',#4652,#4653);
#4652 = CARTESIAN_POINT('',(-0.785398163397,0.));
#4653 = VECTOR('',#4654,1.);
#4654 = DIRECTION('',(0.,-1.));
#4655 = ( GEOMETRIC_REPRESENTATION_CONTEXT(2) 
PARAMETRIC_REPRESENTATION_CONTEXT() REPRESENTATION_CONTEXT('2D SPACE',''
  ) );
#4656 = PCURVE('',#281,#4657);
#4657 = DEFINITIONAL_REPRESENTATION('',(#4658),#4662);
#4658 = LINE('',#4659,#4660);
#4659 = CARTESIAN_POINT('',(159.,0.));
#4660 = VECTOR('',#4661,1.);
#4661 = DIRECTION('',(0.,-1.));
#4662 = ( GEOMETRIC_REPRESENTATION_CONTEXT(2) 
PARAMETRIC_REPRESENTATION_CONTEXT() REPRESENTATION_CONTEXT('2D SPACE',''
  ) );
#4663 = ORIENTED_EDGE('',*,*,#4664,.T.);
#4664 = EDGE_CURVE('',#4642,#4594,#4665,.T.);
#4665 = SURFACE_CURVE('',#4666,(#4671,#4678),.PCURVE_S1.);
#4666 = CIRCLE('',#4667,9.);
#4667 = AXIS2_PLACEMENT_3D('',#4668,#4669,#4670);
#4668 = CARTESIAN_POINT('',(9.,0.,-51.));
#4669 = DIRECTION('',(0.,1.,0.));
#4670 = DIRECTION('',(-0.707106781187,0.,-0.707106781187));
#4671 = PCURVE('',#314,#4672);
#4672 = DEFINITIONAL_REPRESENTATION('',(#4673),#4677);
#4673 = LINE('',#4674,#4675);
#4674 = CARTESIAN_POINT('',(-6.28318530718,0.));
#4675 = VECTOR('',#4676,1.);
#4676 = DIRECTION('',(1.,0.));
#4677 = ( GEOMETRIC_REPRESENTATION_CONTEXT(2) 
PARAMETRIC_REPRESENTATION_CONTEXT() REPRESENTATION_CONTEXT('2D SPACE',''
  ) );
#4678 = PCURVE('',#66,#4679);
#4679 = DEFINITIONAL_REPRESENTATION('',(#4680),#4684);
#4680 = CIRCLE('',#4681,9.);
#4681 = AXIS2_PLACEMENT_2D('',#4682,#4683);
#4682 = CARTESIAN_POINT('',(-75.,21.));
#4683 = DIRECTION('',(-0.707106781187,0.707106781187));
#4684 = ( GEOMETRIC_REPRESENTATION_CONTEXT(2) 
PARAMETRIC_REPRESENTATION_CONTEXT() REPRESENTATION_CONTEXT('2D SPACE',''
  ) );
#4685 = ORIENTED_EDGE('',*,*,#4593,.T.);
#4686 = ADVANCED_FACE('',(#4687),#281,.T.);
#4687 = FACE_BOUND('',#4688,.T.);
#4688 = EDGE_LOOP('',(#4689,#4690,#4691,#4714));
#4689 = ORIENTED_EDGE('',*,*,#4641,.F.);
#4690 = ORIENTED_EDGE('',*,*,#265,.F.);
#4691 = ORIENTED_EDGE('',*,*,#4692,.F.);
#4692 = EDGE_CURVE('',#4693,#233,#4695,.T.);
#4693 = VERTEX_POINT('',#4694);
#4694 = CARTESIAN_POINT('',(159.,0.,-60.));
#4695 = SURFACE_CURVE('',#4696,(#4700,#4707),.PCURVE_S1.);
#4696 = LINE('',#4697,#4698);
#4697 = CARTESIAN_POINT('',(159.,0.,-60.));
#4698 = VECTOR('',#4699,1.);
#4699 = DIRECTION('',(0.,1.,0.));
#4700 = PCURVE('',#281,#4701);
#4701 = DEFINITIONAL_REPRESENTATION('',(#4702),#4706);
#4702 = LINE('',#4703,#4704);
#4703 = CARTESIAN_POINT('',(9.,0.));
#4704 = VECTOR('',#4705,1.);
#4705 = DIRECTION('',(0.,1.));
#4706 = ( GEOMETRIC_REPRESENTATION_CONTEXT(2) 
PARAMETRIC_REPRESENTATION_CONTEXT() REPRESENTATION_CONTEXT('2D SPACE',''
  ) );
#4707 = PCURVE('',#253,#4708);
#4708 = DEFINITIONAL_REPRESENTATION('',(#4709),#4713);
#4709 = LINE('',#4710,#4711);
#4710 = CARTESIAN_POINT('',(0.785398163397,0.));
#4711 = VECTOR('',#4712,1.);
#4712 = DIRECTION('',(0.,1.));
#4713 = ( GEOMETRIC_REPRESENTATION_CONTEXT(2) 
PARAMETRIC_REPRESENTATION_CONTEXT() REPRESENTATION_CONTEXT('2D SPACE',''
  ) );
#4714 = ORIENTED_EDGE('',*,*,#4715,.T.);
#4715 = EDGE_CURVE('',#4693,#4642,#4716,.T.);
#4716 = SURFACE_CURVE('',#4717,(#4721,#4728),.PCURVE_S1.);
#4717 = LINE('',#4718,#4719);
#4718 = CARTESIAN_POINT('',(168.,0.,-60.));
#4719 = VECTOR('',#4720,1.);
#4720 = DIRECTION('',(-1.,0.,0.));
#4721 = PCURVE('',#281,#4722);
#4722 = DEFINITIONAL_REPRESENTATION('',(#4723),#4727);
#4723 = LINE('',#4724,#4725);
#4724 = CARTESIAN_POINT('',(0.,0.));
#4725 = VECTOR('',#4726,1.);
#4726 = DIRECTION('',(1.,0.));
#4727 = ( GEOMETRIC_REPRESENTATION_CONTEXT(2) 
PARAMETRIC_REPRESENTATION_CONTEXT() REPRESENTATION_CONTEXT('2D SPACE',''
  ) );
#4728 = PCURVE('',#66,#4729);
#4729 = DEFINITIONAL_REPRESENTATION('',(#4730),#4734);
#4730 = LINE('',#4731,#4732);
#4731 = CARTESIAN_POINT('',(84.,30.));
#4732 = VECTOR('',#4733,1.);
#4733 = DIRECTION('',(-1.,0.));
#4734 = ( GEOMETRIC_REPRESENTATION_CONTEXT(2) 
PARAMETRIC_REPRESENTATION_CONTEXT() REPRESENTATION_CONTEXT('2D SPACE',''
  ) );
#4735 = ADVANCED_FACE('',(#4736),#253,.T.);
#4736 = FACE_BOUND('',#4737,.T.);
#4737 = EDGE_LOOP('',(#4738,#4739,#4762,#4784));
#4738 = ORIENTED_EDGE('',*,*,#232,.T.);
#4739 = ORIENTED_EDGE('',*,*,#4740,.T.);
#4740 = EDGE_CURVE('',#205,#4741,#4743,.T.);
#4741 = VERTEX_POINT('',#4742);
#4742 = CARTESIAN_POINT('',(168.,0.,-51.));
#4743 = SURFACE_CURVE('',#4744,(#4748,#4755),.PCURVE_S1.);
#4744 = LINE('',#4745,#4746);
#4745 = CARTESIAN_POINT('',(168.,0.,-51.));
#4746 = VECTOR('',#4747,1.);
#4747 = DIRECTION('',(0.,-1.,0.));
#4748 = PCURVE('',#253,#4749);
#4749 = DEFINITIONAL_REPRESENTATION('',(#4750),#4754);
#4750 = LINE('',#4751,#4752);
#4751 = CARTESIAN_POINT('',(-0.785398163397,0.));
#4752 = VECTOR('',#4753,1.);
#4753 = DIRECTION('',(0.,-1.));
#4754 = ( GEOMETRIC_REPRESENTATION_CONTEXT(2) 
PARAMETRIC_REPRESENTATION_CONTEXT() REPRESENTATION_CONTEXT('2D SPACE',''
  ) );
#4755 = PCURVE('',#220,#4756);
#4756 = DEFINITIONAL_REPRESENTATION('',(#4757),#4761);
#4757 = LINE('',#4758,#4759);
#4758 = CARTESIAN_POINT('',(51.,0.));
#4759 = VECTOR('',#4760,1.);
#4760 = DIRECTION('',(0.,-1.));
#4761 = ( GEOMETRIC_REPRESENTATION_CONTEXT(2) 
PARAMETRIC_REPRESENTATION_CONTEXT() REPRESENTATION_CONTEXT('2D SPACE',''
  ) );
#4762 = ORIENTED_EDGE('',*,*,#4763,.T.);
#4763 = EDGE_CURVE('',#4741,#4693,#4764,.T.);
#4764 = SURFACE_CURVE('',#4765,(#4770,#4777),.PCURVE_S1.);
#4765 = CIRCLE('',#4766,9.);
#4766 = AXIS2_PLACEMENT_3D('',#4767,#4768,#4769);
#4767 = CARTESIAN_POINT('',(159.,0.,-51.));
#4768 = DIRECTION('',(0.,1.,0.));
#4769 = DIRECTION('',(0.707106781187,0.,-0.707106781187));
#4770 = PCURVE('',#253,#4771);
#4771 = DEFINITIONAL_REPRESENTATION('',(#4772),#4776);
#4772 = LINE('',#4773,#4774);
#4773 = CARTESIAN_POINT('',(-6.28318530718,0.));
#4774 = VECTOR('',#4775,1.);
#4775 = DIRECTION('',(1.,0.));
#4776 = ( GEOMETRIC_REPRESENTATION_CONTEXT(2) 
PARAMETRIC_REPRESENTATION_CONTEXT() REPRESENTATION_CONTEXT('2D SPACE',''
  ) );
#4777 = PCURVE('',#66,#4778);
#4778 = DEFINITIONAL_REPRESENTATION('',(#4779),#4783);
#4779 = CIRCLE('',#4780,9.);
#4780 = AXIS2_PLACEMENT_2D('',#4781,#4782);
#4781 = CARTESIAN_POINT('',(75.,21.));
#4782 = DIRECTION('',(0.707106781187,0.707106781187));
#4783 = ( GEOMETRIC_REPRESENTATION_CONTEXT(2) 
PARAMETRIC_REPRESENTATION_CONTEXT() REPRESENTATION_CONTEXT('2D SPACE',''
  ) );
#4784 = ORIENTED_EDGE('',*,*,#4692,.T.);
#4785 = ADVANCED_FACE('',(#4786),#220,.T.);
#4786 = FACE_BOUND('',#4787,.T.);
#4787 = EDGE_LOOP('',(#4788,#4789,#4790,#4813));
#4788 = ORIENTED_EDGE('',*,*,#4740,.F.);
#4789 = ORIENTED_EDGE('',*,*,#204,.F.);
#4790 = ORIENTED_EDGE('',*,*,#4791,.F.);
#4791 = EDGE_CURVE('',#4792,#172,#4794,.T.);
#4792 = VERTEX_POINT('',#4793);
#4793 = CARTESIAN_POINT('',(168.,0.,-9.));
#4794 = SURFACE_CURVE('',#4795,(#4799,#4806),.PCURVE_S1.);
#4795 = LINE('',#4796,#4797);
#4796 = CARTESIAN_POINT('',(168.,0.,-9.));
#4797 = VECTOR('',#4798,1.);
#4798 = DIRECTION('',(0.,1.,0.));
#4799 = PCURVE('',#220,#4800);
#4800 = DEFINITIONAL_REPRESENTATION('',(#4801),#4805);
#4801 = LINE('',#4802,#4803);
#4802 = CARTESIAN_POINT('',(9.,0.));
#4803 = VECTOR('',#4804,1.);
#4804 = DIRECTION('',(0.,1.));
#4805 = ( GEOMETRIC_REPRESENTATION_CONTEXT(2) 
PARAMETRIC_REPRESENTATION_CONTEXT() REPRESENTATION_CONTEXT('2D SPACE',''
  ) );
#4806 = PCURVE('',#192,#4807);
#4807 = DEFINITIONAL_REPRESENTATION('',(#4808),#4812);
#4808 = LINE('',#4809,#4810);
#4809 = CARTESIAN_POINT('',(7.068583470577,0.));
#4810 = VECTOR('',#4811,1.);
#4811 = DIRECTION('',(0.,1.));
#4812 = ( GEOMETRIC_REPRESENTATION_CONTEXT(2) 
PARAMETRIC_REPRESENTATION_CONTEXT() REPRESENTATION_CONTEXT('2D SPACE',''
  ) );
#4813 = ORIENTED_EDGE('',*,*,#4814,.T.);
#4814 = EDGE_CURVE('',#4792,#4741,#4815,.T.);
#4815 = SURFACE_CURVE('',#4816,(#4820,#4827),.PCURVE_S1.);
#4816 = LINE('',#4817,#4818);
#4817 = CARTESIAN_POINT('',(168.,0.,0.));
#4818 = VECTOR('',#4819,1.);
#4819 = DIRECTION('',(0.,0.,-1.));
#4820 = PCURVE('',#220,#4821);
#4821 = DEFINITIONAL_REPRESENTATION('',(#4822),#4826);
#4822 = LINE('',#4823,#4824);
#4823 = CARTESIAN_POINT('',(0.,0.));
#4824 = VECTOR('',#4825,1.);
#4825 = DIRECTION('',(1.,0.));
#4826 = ( GEOMETRIC_REPRESENTATION_CONTEXT(2) 
PARAMETRIC_REPRESENTATION_CONTEXT() REPRESENTATION_CONTEXT('2D SPACE',''
  ) );
#4827 = PCURVE('',#66,#4828);
#4828 = DEFINITIONAL_REPRESENTATION('',(#4829),#4833);
#4829 = LINE('',#4830,#4831);
#4830 = CARTESIAN_POINT('',(84.,-30.));
#4831 = VECTOR('',#4832,1.);
#4832 = DIRECTION('',(0.,1.));
#4833 = ( GEOMETRIC_REPRESENTATION_CONTEXT(2) 
PARAMETRIC_REPRESENTATION_CONTEXT() REPRESENTATION_CONTEXT('2D SPACE',''
  ) );
#4834 = ADVANCED_FACE('',(#4835),#192,.T.);
#4835 = FACE_BOUND('',#4836,.T.);
#4836 = EDGE_LOOP('',(#4837,#4838,#4861,#4883));
#4837 = ORIENTED_EDGE('',*,*,#171,.T.);
#4838 = ORIENTED_EDGE('',*,*,#4839,.T.);
#4839 = EDGE_CURVE('',#144,#4840,#4842,.T.);
#4840 = VERTEX_POINT('',#4841);
#4841 = CARTESIAN_POINT('',(159.,0.,0.));
#4842 = SURFACE_CURVE('',#4843,(#4847,#4854),.PCURVE_S1.);
#4843 = LINE('',#4844,#4845);
#4844 = CARTESIAN_POINT('',(159.,0.,0.));
#4845 = VECTOR('',#4846,1.);
#4846 = DIRECTION('',(0.,-1.,0.));
#4847 = PCURVE('',#192,#4848);
#4848 = DEFINITIONAL_REPRESENTATION('',(#4849),#4853);
#4849 = LINE('',#4850,#4851);
#4850 = CARTESIAN_POINT('',(5.497787143782,0.));
#4851 = VECTOR('',#4852,1.);
#4852 = DIRECTION('',(0.,-1.));
#4853 = ( GEOMETRIC_REPRESENTATION_CONTEXT(2) 
PARAMETRIC_REPRESENTATION_CONTEXT() REPRESENTATION_CONTEXT('2D SPACE',''
  ) );
#4854 = PCURVE('',#159,#4855);
#4855 = DEFINITIONAL_REPRESENTATION('',(#4856),#4860);
#4856 = LINE('',#4857,#4858);
#4857 = CARTESIAN_POINT('',(159.,0.));
#4858 = VECTOR('',#4859,1.);
#4859 = DIRECTION('',(0.,-1.));
#4860 = ( GEOMETRIC_REPRESENTATION_CONTEXT(2) 
PARAMETRIC_REPRESENTATION_CONTEXT() REPRESENTATION_CONTEXT('2D SPACE',''
  ) );
#4861 = ORIENTED_EDGE('',*,*,#4862,.T.);
#4862 = EDGE_CURVE('',#4840,#4792,#4863,.T.);
#4863 = SURFACE_CURVE('',#4864,(#4869,#4876),.PCURVE_S1.);
#4864 = CIRCLE('',#4865,9.);
#4865 = AXIS2_PLACEMENT_3D('',#4866,#4867,#4868);
#4866 = CARTESIAN_POINT('',(159.,0.,-9.));
#4867 = DIRECTION('',(0.,1.,0.));
#4868 = DIRECTION('',(0.707106781187,-0.,0.707106781187));
#4869 = PCURVE('',#192,#4870);
#4870 = DEFINITIONAL_REPRESENTATION('',(#4871),#4875);
#4871 = LINE('',#4872,#4873);
#4872 = CARTESIAN_POINT('',(0.,0.));
#4873 = VECTOR('',#4874,1.);
#4874 = DIRECTION('',(1.,0.));
#4875 = ( GEOMETRIC_REPRESENTATION_CONTEXT(2) 
PARAMETRIC_REPRESENTATION_CONTEXT() REPRESENTATION_CONTEXT('2D SPACE',''
  ) );
#4876 = PCURVE('',#66,#4877);
#4877 = DEFINITIONAL_REPRESENTATION('',(#4878),#4882);
#4878 = CIRCLE('',#4879,9.);
#4879 = AXIS2_PLACEMENT_2D('',#4880,#4881);
#4880 = CARTESIAN_POINT('',(75.,-21.));
#4881 = DIRECTION('',(0.707106781187,-0.707106781187));
#4882 = ( GEOMETRIC_REPRESENTATION_CONTEXT(2) 
PARAMETRIC_REPRESENTATION_CONTEXT() REPRESENTATION_CONTEXT('2D SPACE',''
  ) );
#4883 = ORIENTED_EDGE('',*,*,#4791,.T.);
#4884 = ADVANCED_FACE('',(#4885,#4950),#159,.T.);
#4885 = FACE_BOUND('',#4886,.T.);
#4886 = EDGE_LOOP('',(#4887,#4888,#4889,#4890,#4891,#4892,#4893,#4894,
    #4895,#4896,#4897,#4898,#4899,#4900,#4901,#4922,#4923,#4924,#4946,
    #4947,#4948,#4949));
#4887 = ORIENTED_EDGE('',*,*,#2444,.F.);
#4888 = ORIENTED_EDGE('',*,*,#1441,.F.);
#4889 = ORIENTED_EDGE('',*,*,#3378,.T.);
#4890 = ORIENTED_EDGE('',*,*,#1953,.F.);
#4891 = ORIENTED_EDGE('',*,*,#3434,.F.);
#4892 = ORIENTED_EDGE('',*,*,#3486,.F.);
#4893 = ORIENTED_EDGE('',*,*,#3593,.T.);
#4894 = ORIENTED_EDGE('',*,*,#3944,.F.);
#4895 = ORIENTED_EDGE('',*,*,#4069,.F.);
#4896 = ORIENTED_EDGE('',*,*,#4201,.F.);
#4897 = ORIENTED_EDGE('',*,*,#4253,.F.);
#4898 = ORIENTED_EDGE('',*,*,#4492,.F.);
#4899 = ORIENTED_EDGE('',*,*,#387,.F.);
#4900 = ORIENTED_EDGE('',*,*,#4567,.F.);
#4901 = ORIENTED_EDGE('',*,*,#4902,.T.);
#4902 = EDGE_CURVE('',#4544,#4840,#4903,.T.);
#4903 = SURFACE_CURVE('',#4904,(#4908,#4915),.PCURVE_S1.);
#4904 = LINE('',#4905,#4906);
#4905 = CARTESIAN_POINT('',(0.,0.,0.));
#4906 = VECTOR('',#4907,1.);
#4907 = DIRECTION('',(1.,0.,0.));
#4908 = PCURVE('',#159,#4909);
#4909 = DEFINITIONAL_REPRESENTATION('',(#4910),#4914);
#4910 = LINE('',#4911,#4912);
#4911 = CARTESIAN_POINT('',(0.,0.));
#4912 = VECTOR('',#4913,1.);
#4913 = DIRECTION('',(1.,0.));
#4914 = ( GEOMETRIC_REPRESENTATION_CONTEXT(2) 
PARAMETRIC_REPRESENTATION_CONTEXT() REPRESENTATION_CONTEXT('2D SPACE',''
  ) );
#4915 = PCURVE('',#66,#4916);
#4916 = DEFINITIONAL_REPRESENTATION('',(#4917),#4921);
#4917 = LINE('',#4918,#4919);
#4918 = CARTESIAN_POINT('',(-84.,-30.));
#4919 = VECTOR('',#4920,1.);
#4920 = DIRECTION('',(1.,0.));
#4921 = ( GEOMETRIC_REPRESENTATION_CONTEXT(2) 
PARAMETRIC_REPRESENTATION_CONTEXT() REPRESENTATION_CONTEXT('2D SPACE',''
  ) );
#4922 = ORIENTED_EDGE('',*,*,#4839,.F.);
#4923 = ORIENTED_EDGE('',*,*,#143,.F.);
#4924 = ORIENTED_EDGE('',*,*,#4925,.F.);
#4925 = EDGE_CURVE('',#4301,#114,#4926,.T.);
#4926 = SURFACE_CURVE('',#4927,(#4932,#4939),.PCURVE_S1.);
#4927 = CIRCLE('',#4928,4.);
#4928 = AXIS2_PLACEMENT_3D('',#4929,#4930,#4931);
#4929 = CARTESIAN_POINT('',(134.5,19.,0.));
#4930 = DIRECTION('',(0.,0.,1.));
#4931 = DIRECTION('',(-0.707106781187,-0.707106781187,0.));
#4932 = PCURVE('',#159,#4933);
#4933 = DEFINITIONAL_REPRESENTATION('',(#4934),#4938);
#4934 = CIRCLE('',#4935,4.);
#4935 = AXIS2_PLACEMENT_2D('',#4936,#4937);
#4936 = CARTESIAN_POINT('',(134.5,19.));
#4937 = DIRECTION('',(-0.707106781187,-0.707106781187));
#4938 = ( GEOMETRIC_REPRESENTATION_CONTEXT(2) 
PARAMETRIC_REPRESENTATION_CONTEXT() REPRESENTATION_CONTEXT('2D SPACE',''
  ) );
#4939 = PCURVE('',#131,#4940);
#4940 = DEFINITIONAL_REPRESENTATION('',(#4941),#4945);
#4941 = LINE('',#4942,#4943);
#4942 = CARTESIAN_POINT('',(-6.28318530718,15.));
#4943 = VECTOR('',#4944,1.);
#4944 = DIRECTION('',(1.,0.));
#4945 = ( GEOMETRIC_REPRESENTATION_CONTEXT(2) 
PARAMETRIC_REPRESENTATION_CONTEXT() REPRESENTATION_CONTEXT('2D SPACE',''
  ) );
#4946 = ORIENTED_EDGE('',*,*,#4300,.T.);
#4947 = ORIENTED_EDGE('',*,*,#4372,.T.);
#4948 = ORIENTED_EDGE('',*,*,#4399,.T.);
#4949 = ORIENTED_EDGE('',*,*,#4453,.T.);
#4950 = FACE_BOUND('',#4951,.T.);
#4951 = EDGE_LOOP('',(#4952,#4982,#5015,#5043));
#4952 = ORIENTED_EDGE('',*,*,#4953,.T.);
#4953 = EDGE_CURVE('',#4954,#4956,#4958,.T.);
#4954 = VERTEX_POINT('',#4955);
#4955 = CARTESIAN_POINT('',(122.,70.,0.));
#4956 = VERTEX_POINT('',#4957);
#4957 = CARTESIAN_POINT('',(121.99999989546,40.001371714289,0.));
#4958 = SURFACE_CURVE('',#4959,(#4963,#4970),.PCURVE_S1.);
#4959 = LINE('',#4960,#4961);
#4960 = CARTESIAN_POINT('',(121.99999987803,34.999999787439,0.));
#4961 = VECTOR('',#4962,1.);
#4962 = DIRECTION('',(-3.484604062122E-09,-1.,0.));
#4963 = PCURVE('',#159,#4964);
#4964 = DEFINITIONAL_REPRESENTATION('',(#4965),#4969);
#4965 = LINE('',#4966,#4967);
#4966 = CARTESIAN_POINT('',(121.99999987803,34.999999787439));
#4967 = VECTOR('',#4968,1.);
#4968 = DIRECTION('',(-3.484604062122E-09,-1.));
#4969 = ( GEOMETRIC_REPRESENTATION_CONTEXT(2) 
PARAMETRIC_REPRESENTATION_CONTEXT() REPRESENTATION_CONTEXT('2D SPACE',''
  ) );
#4970 = PCURVE('',#4971,#4976);
#4971 = PLANE('',#4972);
#4972 = AXIS2_PLACEMENT_3D('',#4973,#4974,#4975);
#4973 = CARTESIAN_POINT('',(122.,70.,0.));
#4974 = DIRECTION('',(1.,-3.484604062122E-09,0.));
#4975 = DIRECTION('',(-3.484604062122E-09,-1.,0.));
#4976 = DEFINITIONAL_REPRESENTATION('',(#4977),#4981);
#4977 = LINE('',#4978,#4979);
#4978 = CARTESIAN_POINT('',(35.000000212561,0.));
#4979 = VECTOR('',#4980,1.);
#4980 = DIRECTION('',(1.,0.));
#4981 = ( GEOMETRIC_REPRESENTATION_CONTEXT(2) 
PARAMETRIC_REPRESENTATION_CONTEXT() REPRESENTATION_CONTEXT('2D SPACE',''
  ) );
#4982 = ORIENTED_EDGE('',*,*,#4983,.T.);
#4983 = EDGE_CURVE('',#4956,#4984,#4986,.T.);
#4984 = VERTEX_POINT('',#4985);
#4985 = CARTESIAN_POINT('',(104.,40.,0.));
#4986 = SURFACE_CURVE('',#4987,(#4992,#5003),.PCURVE_S1.);
#4987 = CIRCLE('',#4988,9.);
#4988 = AXIS2_PLACEMENT_3D('',#4989,#4990,#4991);
#4989 = CARTESIAN_POINT('',(113.,40.,0.));
#4990 = DIRECTION('',(0.,0.,-1.));
#4991 = DIRECTION('',(-1.,6.414621920056E-15,0.));
#4992 = PCURVE('',#159,#4993);
#4993 = DEFINITIONAL_REPRESENTATION('',(#4994),#5002);
#4994 = ( BOUNDED_CURVE() B_SPLINE_CURVE(2,(#4995,#4996,#4997,#4998,
#4999,#5000,#5001),.UNSPECIFIED.,.T.,.F.) B_SPLINE_CURVE_WITH_KNOTS((1,2
    ,2,2,2,1),(-2.094395102393,0.,2.094395102393,4.188790204786,
6.28318530718,8.377580409573),.UNSPECIFIED.) CURVE() 
GEOMETRIC_REPRESENTATION_ITEM() RATIONAL_B_SPLINE_CURVE((1.,0.5,1.,0.5,
1.,0.5,1.)) REPRESENTATION_ITEM('') );
#4995 = CARTESIAN_POINT('',(104.,40.));
#4996 = CARTESIAN_POINT('',(104.,55.58845726812));
#4997 = CARTESIAN_POINT('',(117.5,47.79422863406));
#4998 = CARTESIAN_POINT('',(131.,40.));
#4999 = CARTESIAN_POINT('',(117.5,32.20577136594));
#5000 = CARTESIAN_POINT('',(104.,24.41154273188));
#5001 = CARTESIAN_POINT('',(104.,40.));
#5002 = ( GEOMETRIC_REPRESENTATION_CONTEXT(2) 
PARAMETRIC_REPRESENTATION_CONTEXT() REPRESENTATION_CONTEXT('2D SPACE',''
  ) );
#5003 = PCURVE('',#5004,#5009);
#5004 = CYLINDRICAL_SURFACE('',#5005,9.);
#5005 = AXIS2_PLACEMENT_3D('',#5006,#5007,#5008);
#5006 = CARTESIAN_POINT('',(113.,40.,0.));
#5007 = DIRECTION('',(0.,0.,-1.));
#5008 = DIRECTION('',(7.620634960753E-05,-0.999999997096,0.));
#5009 = DEFINITIONAL_REPRESENTATION('',(#5010),#5014);
#5010 = LINE('',#5011,#5012);
#5011 = CARTESIAN_POINT('',(-4.712312774035,0.));
#5012 = VECTOR('',#5013,1.);
#5013 = DIRECTION('',(1.,0.));
#5014 = ( GEOMETRIC_REPRESENTATION_CONTEXT(2) 
PARAMETRIC_REPRESENTATION_CONTEXT() REPRESENTATION_CONTEXT('2D SPACE',''
  ) );
#5015 = ORIENTED_EDGE('',*,*,#5016,.T.);
#5016 = EDGE_CURVE('',#4984,#5017,#5019,.T.);
#5017 = VERTEX_POINT('',#5018);
#5018 = CARTESIAN_POINT('',(104.,70.,0.));
#5019 = SURFACE_CURVE('',#5020,(#5024,#5031),.PCURVE_S1.);
#5020 = LINE('',#5021,#5022);
#5021 = CARTESIAN_POINT('',(104.,20.,0.));
#5022 = VECTOR('',#5023,1.);
#5023 = DIRECTION('',(0.,1.,0.));
#5024 = PCURVE('',#159,#5025);
#5025 = DEFINITIONAL_REPRESENTATION('',(#5026),#5030);
#5026 = LINE('',#5027,#5028);
#5027 = CARTESIAN_POINT('',(104.,20.));
#5028 = VECTOR('',#5029,1.);
#5029 = DIRECTION('',(0.,1.));
#5030 = ( GEOMETRIC_REPRESENTATION_CONTEXT(2) 
PARAMETRIC_REPRESENTATION_CONTEXT() REPRESENTATION_CONTEXT('2D SPACE',''
  ) );
#5031 = PCURVE('',#5032,#5037);
#5032 = PLANE('',#5033);
#5033 = AXIS2_PLACEMENT_3D('',#5034,#5035,#5036);
#5034 = CARTESIAN_POINT('',(104.,40.,0.));
#5035 = DIRECTION('',(-1.,0.,0.));
#5036 = DIRECTION('',(0.,1.,0.));
#5037 = DEFINITIONAL_REPRESENTATION('',(#5038),#5042);
#5038 = LINE('',#5039,#5040);
#5039 = CARTESIAN_POINT('',(-20.,0.));
#5040 = VECTOR('',#5041,1.);
#5041 = DIRECTION('',(1.,0.));
#5042 = ( GEOMETRIC_REPRESENTATION_CONTEXT(2) 
PARAMETRIC_REPRESENTATION_CONTEXT() REPRESENTATION_CONTEXT('2D SPACE',''
  ) );
#5043 = ORIENTED_EDGE('',*,*,#5044,.T.);
#5044 = EDGE_CURVE('',#5017,#4954,#5045,.T.);
#5045 = SURFACE_CURVE('',#5046,(#5051,#5062),.PCURVE_S1.);
#5046 = CIRCLE('',#5047,9.);
#5047 = AXIS2_PLACEMENT_3D('',#5048,#5049,#5050);
#5048 = CARTESIAN_POINT('',(113.,70.,0.));
#5049 = DIRECTION('',(0.,0.,-1.));
#5050 = DIRECTION('',(1.,0.,0.));
#5051 = PCURVE('',#159,#5052);
#5052 = DEFINITIONAL_REPRESENTATION('',(#5053),#5061);
#5053 = ( BOUNDED_CURVE() B_SPLINE_CURVE(2,(#5054,#5055,#5056,#5057,
#5058,#5059,#5060),.UNSPECIFIED.,.T.,.F.) B_SPLINE_CURVE_WITH_KNOTS((1,2
    ,2,2,2,1),(-2.094395102393,0.,2.094395102393,4.188790204786,
6.28318530718,8.377580409573),.UNSPECIFIED.) CURVE() 
GEOMETRIC_REPRESENTATION_ITEM() RATIONAL_B_SPLINE_CURVE((1.,0.5,1.,0.5,
1.,0.5,1.)) REPRESENTATION_ITEM('') );
#5054 = CARTESIAN_POINT('',(122.,70.));
#5055 = CARTESIAN_POINT('',(122.,54.41154273188));
#5056 = CARTESIAN_POINT('',(108.5,62.20577136594));
#5057 = CARTESIAN_POINT('',(95.,70.));
#5058 = CARTESIAN_POINT('',(108.5,77.79422863406));
#5059 = CARTESIAN_POINT('',(122.,85.58845726812));
#5060 = CARTESIAN_POINT('',(122.,70.));
#5061 = ( GEOMETRIC_REPRESENTATION_CONTEXT(2) 
PARAMETRIC_REPRESENTATION_CONTEXT() REPRESENTATION_CONTEXT('2D SPACE',''
  ) );
#5062 = PCURVE('',#5063,#5068);
#5063 = CYLINDRICAL_SURFACE('',#5064,9.);
#5064 = AXIS2_PLACEMENT_3D('',#5065,#5066,#5067);
#5065 = CARTESIAN_POINT('',(113.,70.,0.));
#5066 = DIRECTION('',(0.,0.,-1.));
#5067 = DIRECTION('',(1.,0.,0.));
#5068 = DEFINITIONAL_REPRESENTATION('',(#5069),#5073);
#5069 = LINE('',#5070,#5071);
#5070 = CARTESIAN_POINT('',(0.,0.));
#5071 = VECTOR('',#5072,1.);
#5072 = DIRECTION('',(1.,0.));
#5073 = ( GEOMETRIC_REPRESENTATION_CONTEXT(2) 
PARAMETRIC_REPRESENTATION_CONTEXT() REPRESENTATION_CONTEXT('2D SPACE',''
  ) );
#5074 = ADVANCED_FACE('',(#5075),#5063,.F.);
#5075 = FACE_BOUND('',#5076,.F.);
#5076 = EDGE_LOOP('',(#5077,#5100,#5133,#5154));
#5077 = ORIENTED_EDGE('',*,*,#5078,.T.);
#5078 = EDGE_CURVE('',#4954,#5079,#5081,.T.);
#5079 = VERTEX_POINT('',#5080);
#5080 = CARTESIAN_POINT('',(122.,70.,-10.));
#5081 = SURFACE_CURVE('',#5082,(#5086,#5093),.PCURVE_S1.);
#5082 = LINE('',#5083,#5084);
#5083 = CARTESIAN_POINT('',(122.,70.,0.));
#5084 = VECTOR('',#5085,1.);
#5085 = DIRECTION('',(0.,0.,-1.));
#5086 = PCURVE('',#5063,#5087);
#5087 = DEFINITIONAL_REPRESENTATION('',(#5088),#5092);
#5088 = LINE('',#5089,#5090);
#5089 = CARTESIAN_POINT('',(6.28318530718,0.));
#5090 = VECTOR('',#5091,1.);
#5091 = DIRECTION('',(0.,1.));
#5092 = ( GEOMETRIC_REPRESENTATION_CONTEXT(2) 
PARAMETRIC_REPRESENTATION_CONTEXT() REPRESENTATION_CONTEXT('2D SPACE',''
  ) );
#5093 = PCURVE('',#4971,#5094);
#5094 = DEFINITIONAL_REPRESENTATION('',(#5095),#5099);
#5095 = LINE('',#5096,#5097);
#5096 = CARTESIAN_POINT('',(0.,0.));
#5097 = VECTOR('',#5098,1.);
#5098 = DIRECTION('',(-0.,1.));
#5099 = ( GEOMETRIC_REPRESENTATION_CONTEXT(2) 
PARAMETRIC_REPRESENTATION_CONTEXT() REPRESENTATION_CONTEXT('2D SPACE',''
  ) );
#5100 = ORIENTED_EDGE('',*,*,#5101,.F.);
#5101 = EDGE_CURVE('',#5102,#5079,#5104,.T.);
#5102 = VERTEX_POINT('',#5103);
#5103 = CARTESIAN_POINT('',(104.,70.,-10.));
#5104 = SURFACE_CURVE('',#5105,(#5110,#5117),.PCURVE_S1.);
#5105 = CIRCLE('',#5106,9.);
#5106 = AXIS2_PLACEMENT_3D('',#5107,#5108,#5109);
#5107 = CARTESIAN_POINT('',(113.,70.,-10.));
#5108 = DIRECTION('',(0.,0.,-1.));
#5109 = DIRECTION('',(1.,0.,0.));
#5110 = PCURVE('',#5063,#5111);
#5111 = DEFINITIONAL_REPRESENTATION('',(#5112),#5116);
#5112 = LINE('',#5113,#5114);
#5113 = CARTESIAN_POINT('',(0.,10.));
#5114 = VECTOR('',#5115,1.);
#5115 = DIRECTION('',(1.,0.));
#5116 = ( GEOMETRIC_REPRESENTATION_CONTEXT(2) 
PARAMETRIC_REPRESENTATION_CONTEXT() REPRESENTATION_CONTEXT('2D SPACE',''
  ) );
#5117 = PCURVE('',#5118,#5123);
#5118 = PLANE('',#5119);
#5119 = AXIS2_PLACEMENT_3D('',#5120,#5121,#5122);
#5120 = CARTESIAN_POINT('',(113.,55.,-10.));
#5121 = DIRECTION('',(0.,0.,1.));
#5122 = DIRECTION('',(1.,0.,-0.));
#5123 = DEFINITIONAL_REPRESENTATION('',(#5124),#5132);
#5124 = ( BOUNDED_CURVE() B_SPLINE_CURVE(2,(#5125,#5126,#5127,#5128,
#5129,#5130,#5131),.UNSPECIFIED.,.T.,.F.) B_SPLINE_CURVE_WITH_KNOTS((1,2
    ,2,2,2,1),(-2.094395102393,0.,2.094395102393,4.188790204786,
6.28318530718,8.377580409573),.UNSPECIFIED.) CURVE() 
GEOMETRIC_REPRESENTATION_ITEM() RATIONAL_B_SPLINE_CURVE((1.,0.5,1.,0.5,
1.,0.5,1.)) REPRESENTATION_ITEM('') );
#5125 = CARTESIAN_POINT('',(9.,15.));
#5126 = CARTESIAN_POINT('',(9.,-0.58845726812));
#5127 = CARTESIAN_POINT('',(-4.5,7.20577136594));
#5128 = CARTESIAN_POINT('',(-18.,15.));
#5129 = CARTESIAN_POINT('',(-4.5,22.79422863406));
#5130 = CARTESIAN_POINT('',(9.,30.58845726812));
#5131 = CARTESIAN_POINT('',(9.,15.));
#5132 = ( GEOMETRIC_REPRESENTATION_CONTEXT(2) 
PARAMETRIC_REPRESENTATION_CONTEXT() REPRESENTATION_CONTEXT('2D SPACE',''
  ) );
#5133 = ORIENTED_EDGE('',*,*,#5134,.F.);
#5134 = EDGE_CURVE('',#5017,#5102,#5135,.T.);
#5135 = SURFACE_CURVE('',#5136,(#5140,#5147),.PCURVE_S1.);
#5136 = LINE('',#5137,#5138);
#5137 = CARTESIAN_POINT('',(104.,70.,0.));
#5138 = VECTOR('',#5139,1.);
#5139 = DIRECTION('',(0.,0.,-1.));
#5140 = PCURVE('',#5063,#5141);
#5141 = DEFINITIONAL_REPRESENTATION('',(#5142),#5146);
#5142 = LINE('',#5143,#5144);
#5143 = CARTESIAN_POINT('',(3.14159265359,0.));
#5144 = VECTOR('',#5145,1.);
#5145 = DIRECTION('',(0.,1.));
#5146 = ( GEOMETRIC_REPRESENTATION_CONTEXT(2) 
PARAMETRIC_REPRESENTATION_CONTEXT() REPRESENTATION_CONTEXT('2D SPACE',''
  ) );
#5147 = PCURVE('',#5032,#5148);
#5148 = DEFINITIONAL_REPRESENTATION('',(#5149),#5153);
#5149 = LINE('',#5150,#5151);
#5150 = CARTESIAN_POINT('',(30.,0.));
#5151 = VECTOR('',#5152,1.);
#5152 = DIRECTION('',(0.,1.));
#5153 = ( GEOMETRIC_REPRESENTATION_CONTEXT(2) 
PARAMETRIC_REPRESENTATION_CONTEXT() REPRESENTATION_CONTEXT('2D SPACE',''
  ) );
#5154 = ORIENTED_EDGE('',*,*,#5044,.T.);
#5155 = ADVANCED_FACE('',(#5156),#5118,.T.);
#5156 = FACE_BOUND('',#5157,.T.);
#5157 = EDGE_LOOP('',(#5158,#5188,#5209,#5210));
#5158 = ORIENTED_EDGE('',*,*,#5159,.F.);
#5159 = EDGE_CURVE('',#5160,#5162,#5164,.T.);
#5160 = VERTEX_POINT('',#5161);
#5161 = CARTESIAN_POINT('',(121.99999989546,40.001371714289,-10.));
#5162 = VERTEX_POINT('',#5163);
#5163 = CARTESIAN_POINT('',(104.,40.,-10.));
#5164 = SURFACE_CURVE('',#5165,(#5170,#5181),.PCURVE_S1.);
#5165 = CIRCLE('',#5166,9.);
#5166 = AXIS2_PLACEMENT_3D('',#5167,#5168,#5169);
#5167 = CARTESIAN_POINT('',(113.,40.,-10.));
#5168 = DIRECTION('',(0.,0.,-1.));
#5169 = DIRECTION('',(-1.,6.414621920056E-15,0.));
#5170 = PCURVE('',#5118,#5171);
#5171 = DEFINITIONAL_REPRESENTATION('',(#5172),#5180);
#5172 = ( BOUNDED_CURVE() B_SPLINE_CURVE(2,(#5173,#5174,#5175,#5176,
#5177,#5178,#5179),.UNSPECIFIED.,.T.,.F.) B_SPLINE_CURVE_WITH_KNOTS((1,2
    ,2,2,2,1),(-2.094395102393,0.,2.094395102393,4.188790204786,
6.28318530718,8.377580409573),.UNSPECIFIED.) CURVE() 
GEOMETRIC_REPRESENTATION_ITEM() RATIONAL_B_SPLINE_CURVE((1.,0.5,1.,0.5,
1.,0.5,1.)) REPRESENTATION_ITEM('') );
#5173 = CARTESIAN_POINT('',(-9.,-15.));
#5174 = CARTESIAN_POINT('',(-9.,0.58845726812));
#5175 = CARTESIAN_POINT('',(4.5,-7.20577136594));
#5176 = CARTESIAN_POINT('',(18.,-15.));
#5177 = CARTESIAN_POINT('',(4.5,-22.79422863406));
#5178 = CARTESIAN_POINT('',(-9.,-30.58845726812));
#5179 = CARTESIAN_POINT('',(-9.,-15.));
#5180 = ( GEOMETRIC_REPRESENTATION_CONTEXT(2) 
PARAMETRIC_REPRESENTATION_CONTEXT() REPRESENTATION_CONTEXT('2D SPACE',''
  ) );
#5181 = PCURVE('',#5004,#5182);
#5182 = DEFINITIONAL_REPRESENTATION('',(#5183),#5187);
#5183 = LINE('',#5184,#5185);
#5184 = CARTESIAN_POINT('',(-4.712312774035,10.));
#5185 = VECTOR('',#5186,1.);
#5186 = DIRECTION('',(1.,0.));
#5187 = ( GEOMETRIC_REPRESENTATION_CONTEXT(2) 
PARAMETRIC_REPRESENTATION_CONTEXT() REPRESENTATION_CONTEXT('2D SPACE',''
  ) );
#5188 = ORIENTED_EDGE('',*,*,#5189,.F.);
#5189 = EDGE_CURVE('',#5079,#5160,#5190,.T.);
#5190 = SURFACE_CURVE('',#5191,(#5195,#5202),.PCURVE_S1.);
#5191 = LINE('',#5192,#5193);
#5192 = CARTESIAN_POINT('',(121.99999989546,40.001371714291,-10.));
#5193 = VECTOR('',#5194,1.);
#5194 = DIRECTION('',(-3.484604062122E-09,-1.,0.));
#5195 = PCURVE('',#5118,#5196);
#5196 = DEFINITIONAL_REPRESENTATION('',(#5197),#5201);
#5197 = LINE('',#5198,#5199);
#5198 = CARTESIAN_POINT('',(8.999999895467,-14.9986282857));
#5199 = VECTOR('',#5200,1.);
#5200 = DIRECTION('',(-3.484604062122E-09,-1.));
#5201 = ( GEOMETRIC_REPRESENTATION_CONTEXT(2) 
PARAMETRIC_REPRESENTATION_CONTEXT() REPRESENTATION_CONTEXT('2D SPACE',''
  ) );
#5202 = PCURVE('',#4971,#5203);
#5203 = DEFINITIONAL_REPRESENTATION('',(#5204),#5208);
#5204 = LINE('',#5205,#5206);
#5205 = CARTESIAN_POINT('',(29.998628285709,10.));
#5206 = VECTOR('',#5207,1.);
#5207 = DIRECTION('',(1.,0.));
#5208 = ( GEOMETRIC_REPRESENTATION_CONTEXT(2) 
PARAMETRIC_REPRESENTATION_CONTEXT() REPRESENTATION_CONTEXT('2D SPACE',''
  ) );
#5209 = ORIENTED_EDGE('',*,*,#5101,.F.);
#5210 = ORIENTED_EDGE('',*,*,#5211,.F.);
#5211 = EDGE_CURVE('',#5162,#5102,#5212,.T.);
#5212 = SURFACE_CURVE('',#5213,(#5217,#5224),.PCURVE_S1.);
#5213 = LINE('',#5214,#5215);
#5214 = CARTESIAN_POINT('',(104.,70.,-10.));
#5215 = VECTOR('',#5216,1.);
#5216 = DIRECTION('',(0.,1.,0.));
#5217 = PCURVE('',#5118,#5218);
#5218 = DEFINITIONAL_REPRESENTATION('',(#5219),#5223);
#5219 = LINE('',#5220,#5221);
#5220 = CARTESIAN_POINT('',(-9.,15.));
#5221 = VECTOR('',#5222,1.);
#5222 = DIRECTION('',(0.,1.));
#5223 = ( GEOMETRIC_REPRESENTATION_CONTEXT(2) 
PARAMETRIC_REPRESENTATION_CONTEXT() REPRESENTATION_CONTEXT('2D SPACE',''
  ) );
#5224 = PCURVE('',#5032,#5225);
#5225 = DEFINITIONAL_REPRESENTATION('',(#5226),#5230);
#5226 = LINE('',#5227,#5228);
#5227 = CARTESIAN_POINT('',(30.,10.));
#5228 = VECTOR('',#5229,1.);
#5229 = DIRECTION('',(1.,0.));
#5230 = ( GEOMETRIC_REPRESENTATION_CONTEXT(2) 
PARAMETRIC_REPRESENTATION_CONTEXT() REPRESENTATION_CONTEXT('2D SPACE',''
  ) );
#5231 = ADVANCED_FACE('',(#5232),#5032,.F.);
#5232 = FACE_BOUND('',#5233,.T.);
#5233 = EDGE_LOOP('',(#5234,#5235,#5256,#5257));
#5234 = ORIENTED_EDGE('',*,*,#5016,.F.);
#5235 = ORIENTED_EDGE('',*,*,#5236,.T.);
#5236 = EDGE_CURVE('',#4984,#5162,#5237,.T.);
#5237 = SURFACE_CURVE('',#5238,(#5242,#5249),.PCURVE_S1.);
#5238 = LINE('',#5239,#5240);
#5239 = CARTESIAN_POINT('',(104.,40.,0.));
#5240 = VECTOR('',#5241,1.);
#5241 = DIRECTION('',(0.,0.,-1.));
#5242 = PCURVE('',#5032,#5243);
#5243 = DEFINITIONAL_REPRESENTATION('',(#5244),#5248);
#5244 = LINE('',#5245,#5246);
#5245 = CARTESIAN_POINT('',(0.,0.));
#5246 = VECTOR('',#5247,1.);
#5247 = DIRECTION('',(0.,1.));
#5248 = ( GEOMETRIC_REPRESENTATION_CONTEXT(2) 
PARAMETRIC_REPRESENTATION_CONTEXT() REPRESENTATION_CONTEXT('2D SPACE',''
  ) );
#5249 = PCURVE('',#5004,#5250);
#5250 = DEFINITIONAL_REPRESENTATION('',(#5251),#5255);
#5251 = LINE('',#5252,#5253);
#5252 = CARTESIAN_POINT('',(1.570872533145,0.));
#5253 = VECTOR('',#5254,1.);
#5254 = DIRECTION('',(0.,1.));
#5255 = ( GEOMETRIC_REPRESENTATION_CONTEXT(2) 
PARAMETRIC_REPRESENTATION_CONTEXT() REPRESENTATION_CONTEXT('2D SPACE',''
  ) );
#5256 = ORIENTED_EDGE('',*,*,#5211,.T.);
#5257 = ORIENTED_EDGE('',*,*,#5134,.F.);
#5258 = ADVANCED_FACE('',(#5259),#5004,.F.);
#5259 = FACE_BOUND('',#5260,.F.);
#5260 = EDGE_LOOP('',(#5261,#5262,#5263,#5284));
#5261 = ORIENTED_EDGE('',*,*,#5236,.T.);
#5262 = ORIENTED_EDGE('',*,*,#5159,.F.);
#5263 = ORIENTED_EDGE('',*,*,#5264,.F.);
#5264 = EDGE_CURVE('',#4956,#5160,#5265,.T.);
#5265 = SURFACE_CURVE('',#5266,(#5270,#5277),.PCURVE_S1.);
#5266 = LINE('',#5267,#5268);
#5267 = CARTESIAN_POINT('',(121.99999989546,40.001371714289,0.));
#5268 = VECTOR('',#5269,1.);
#5269 = DIRECTION('',(0.,0.,-1.));
#5270 = PCURVE('',#5004,#5271);
#5271 = DEFINITIONAL_REPRESENTATION('',(#5272),#5276);
#5272 = LINE('',#5273,#5274);
#5273 = CARTESIAN_POINT('',(-1.570872533145,0.));
#5274 = VECTOR('',#5275,1.);
#5275 = DIRECTION('',(0.,1.));
#5276 = ( GEOMETRIC_REPRESENTATION_CONTEXT(2) 
PARAMETRIC_REPRESENTATION_CONTEXT() REPRESENTATION_CONTEXT('2D SPACE',''
  ) );
#5277 = PCURVE('',#4971,#5278);
#5278 = DEFINITIONAL_REPRESENTATION('',(#5279),#5283);
#5279 = LINE('',#5280,#5281);
#5280 = CARTESIAN_POINT('',(29.998628285711,0.));
#5281 = VECTOR('',#5282,1.);
#5282 = DIRECTION('',(-0.,1.));
#5283 = ( GEOMETRIC_REPRESENTATION_CONTEXT(2) 
PARAMETRIC_REPRESENTATION_CONTEXT() REPRESENTATION_CONTEXT('2D SPACE',''
  ) );
#5284 = ORIENTED_EDGE('',*,*,#4983,.T.);
#5285 = ADVANCED_FACE('',(#5286),#4971,.F.);
#5286 = FACE_BOUND('',#5287,.T.);
#5287 = EDGE_LOOP('',(#5288,#5289,#5290,#5291));
#5288 = ORIENTED_EDGE('',*,*,#4953,.F.);
#5289 = ORIENTED_EDGE('',*,*,#5078,.T.);
#5290 = ORIENTED_EDGE('',*,*,#5189,.T.);
#5291 = ORIENTED_EDGE('',*,*,#5264,.F.);
#5292 = ADVANCED_FACE('',(#5293),#131,.F.);
#5293 = FACE_BOUND('',#5294,.F.);
#5294 = EDGE_LOOP('',(#5295,#5296,#5297,#5298));
#5295 = ORIENTED_EDGE('',*,*,#113,.F.);
#5296 = ORIENTED_EDGE('',*,*,#4925,.F.);
#5297 = ORIENTED_EDGE('',*,*,#4323,.F.);
#5298 = ORIENTED_EDGE('',*,*,#703,.F.);
#5299 = ADVANCED_FACE('',(#5300,#5310,#5313,#5316),#66,.F.);
#5300 = FACE_BOUND('',#5301,.T.);
#5301 = EDGE_LOOP('',(#5302,#5303,#5304,#5305,#5306,#5307,#5308,#5309));
#5302 = ORIENTED_EDGE('',*,*,#4543,.F.);
#5303 = ORIENTED_EDGE('',*,*,#4616,.F.);
#5304 = ORIENTED_EDGE('',*,*,#4664,.F.);
#5305 = ORIENTED_EDGE('',*,*,#4715,.F.);
#5306 = ORIENTED_EDGE('',*,*,#4763,.F.);
#5307 = ORIENTED_EDGE('',*,*,#4814,.F.);
#5308 = ORIENTED_EDGE('',*,*,#4862,.F.);
#5309 = ORIENTED_EDGE('',*,*,#4902,.F.);
#5310 = FACE_BOUND('',#5311,.T.);
#5311 = EDGE_LOOP('',(#5312));
#5312 = ORIENTED_EDGE('',*,*,#51,.T.);
#5313 = FACE_BOUND('',#5314,.T.);
#5314 = EDGE_LOOP('',(#5315));
#5315 = ORIENTED_EDGE('',*,*,#528,.T.);
#5316 = FACE_BOUND('',#5317,.T.);
#5317 = EDGE_LOOP('',(#5318,#5319,#5320,#5321));
#5318 = ORIENTED_EDGE('',*,*,#4094,.T.);
#5319 = ORIENTED_EDGE('',*,*,#3696,.T.);
#5320 = ORIENTED_EDGE('',*,*,#3767,.T.);
#5321 = ORIENTED_EDGE('',*,*,#3872,.T.);
#5322 = ( GEOMETRIC_REPRESENTATION_CONTEXT(3) 
GLOBAL_UNCERTAINTY_ASSIGNED_CONTEXT((#5326)) 
GLOBAL_UNIT_ASSIGNED_CONTEXT((#5323,#5324,#5325)) REPRESENTATION_CONTEXT
('Context #1','3D Context with UNIT and UNCERTAINTY') );
#5323 = ( LENGTH_UNIT() NAMED_UNIT(*) SI_UNIT(.MILLI.,.METRE.) );
#5324 = ( NAMED_UNIT(*) PLANE_ANGLE_UNIT() SI_UNIT($,.RADIAN.) );
#5325 = ( NAMED_UNIT(*) SI_UNIT($,.STERADIAN.) SOLID_ANGLE_UNIT() );
#5326 = UNCERTAINTY_MEASURE_WITH_UNIT(LENGTH_MEASURE(5.E-04),#5323,
  'distance_accuracy_value','confusion accuracy');
#5327 = PRODUCT_RELATED_PRODUCT_CATEGORY('part',$,(#7));
ENDSEC;
END-ISO-10303-21;
