ISO-10303-21;
HEADER;
FILE_DESCRIPTION(('Open CASCADE Model'),'2;1');
FILE_NAME('Open CASCADE Shape Model','2026-08-16T23:05:19',('Author'),(
    'Open CASCADE'),'Open CASCADE STEP processor 7.9','Open CASCADE 7.9'
  ,'Unknown');
FILE_SCHEMA(('AUTOMOTIVE_DESIGN { 1 0 10303 214 1 1 1 1 }'));
ENDSEC;
DATA;
#1 = APPLICATION_PROTOCOL_DEFINITION('international standard',
  'automotive_design',2000,#2);
#2 = APPLICATION_CONTEXT(
  'core data for automotive mechanical design processes');
#3 = SHAPE_DEFINITION_REPRESENTATION(#4,#10);
#4 = PRODUCT_DEFINITION_SHAPE('','',#5);
#5 = PRODUCT_DEFINITION('design','',#6,#9);
#6 = PRODUCT_DEFINITION_FORMATION('','',#7);
#7 = PRODUCT('Open CASCADE STEP translator 7.9 1',
  'Open CASCADE STEP translator 7.9 1','',(#8));
#8 = PRODUCT_CONTEXT('',#2,'mechanical');
#9 = PRODUCT_DEFINITION_CONTEXT('part definition',#2,'design');
#10 = ADVANCED_BREP_SHAPE_REPRESENTATION('',(#11,#15),#2794);
#11 = AXIS2_PLACEMENT_3D('',#12,#13,#14);
#12 = CARTESIAN_POINT('',(0.,0.,0.));
#13 = DIRECTION('',(0.,0.,1.));
#14 = DIRECTION('',(1.,0.,-0.));
#15 = MANIFOLD_SOLID_BREP('',#16);
#16 = CLOSED_SHELL('',(#17,#135,#517,#625,#724,#829,#910,#963,#989,#1233
    ,#1360,#1387,#1506,#1738,#1765,#1947,#1973,#2004,#2149,#2176,#2183,
    #2210,#2242,#2279,#2356,#2406,#2453,#2507,#2561,#2586,#2634,#2661,
    #2688,#2695,#2786,#2790));
#17 = ADVANCED_FACE('',(#18),#32,.F.);
#18 = FACE_BOUND('',#19,.F.);
#19 = EDGE_LOOP('',(#20,#50,#103,#104));
#20 = ORIENTED_EDGE('',*,*,#21,.T.);
#21 = EDGE_CURVE('',#22,#24,#26,.T.);
#22 = VERTEX_POINT('',#23);
#23 = CARTESIAN_POINT('',(-65.25,3.5,7.5));
#24 = VERTEX_POINT('',#25);
#25 = CARTESIAN_POINT('',(-65.25,7.820894822758,7.5));
#26 = SEAM_CURVE('',#27,(#31,#43),.PCURVE_S1.);
#27 = LINE('',#28,#29);
#28 = CARTESIAN_POINT('',(-65.25,5.765209719854,7.5));
#29 = VECTOR('',#30,1.);
#30 = DIRECTION('',(0.,1.,0.));
#31 = PCURVE('',#32,#37);
#32 = CYLINDRICAL_SURFACE('',#33,3.);
#33 = AXIS2_PLACEMENT_3D('',#34,#35,#36);
#34 = CARTESIAN_POINT('',(-68.25,5.765209719854,7.5));
#35 = DIRECTION('',(0.,1.,0.));
#36 = DIRECTION('',(-1.,0.,2.22044604925E-15));
#37 = DEFINITIONAL_REPRESENTATION('',(#38),#42);
#38 = LINE('',#39,#40);
#39 = CARTESIAN_POINT('',(9.424777960769,0.));
#40 = VECTOR('',#41,1.);
#41 = DIRECTION('',(0.,1.));
#42 = ( GEOMETRIC_REPRESENTATION_CONTEXT(2) 
PARAMETRIC_REPRESENTATION_CONTEXT() REPRESENTATION_CONTEXT('2D SPACE',''
  ) );
#43 = PCURVE('',#32,#44);
#44 = DEFINITIONAL_REPRESENTATION('',(#45),#49);
#45 = LINE('',#46,#47);
#46 = CARTESIAN_POINT('',(3.14159265359,0.));
#47 = VECTOR('',#48,1.);
#48 = DIRECTION('',(0.,1.));
#49 = ( GEOMETRIC_REPRESENTATION_CONTEXT(2) 
PARAMETRIC_REPRESENTATION_CONTEXT() REPRESENTATION_CONTEXT('2D SPACE',''
  ) );
#50 = ORIENTED_EDGE('',*,*,#51,.T.);
#51 = EDGE_CURVE('',#24,#24,#52,.T.);
#52 = SURFACE_CURVE('',#53,(#58,#87),.PCURVE_S1.);
#53 = ELLIPSE('',#54,3.001828632896,3.);
#54 = AXIS2_PLACEMENT_3D('',#55,#56,#57);
#55 = CARTESIAN_POINT('',(-68.25,7.925657131233,7.5));
#56 = DIRECTION('',(-3.48994967025E-02,-0.999390827019,
    -1.522322904912E-16));
#57 = DIRECTION('',(0.999390827019,-3.48994967025E-02,1.325089148638E-12
    ));
#58 = PCURVE('',#32,#59);
#59 = DEFINITIONAL_REPRESENTATION('',(#60),#86);
#60 = B_SPLINE_CURVE_WITH_KNOTS('',3,(#61,#62,#63,#64,#65,#66,#67,#68,
    #69,#70,#71,#72,#73,#74,#75,#76,#77,#78,#79,#80,#81,#82,#83,#84,#85)
  ,.UNSPECIFIED.,.F.,.F.,(4,1,1,1,1,1,1,1,1,1,1,1,1,1,1,1,1,1,1,1,1,1,4)
  ,(-1.326050380612E-12,0.285599332143,0.571198664288,0.856797996432,
    1.142397328577,1.427996660721,1.713595992866,1.99919532501,
    2.284794657155,2.570393989299,2.855993321444,3.141592653588,
    3.427191985733,3.712791317878,3.998390650022,4.283989982167,
    4.569589314311,4.855188646456,5.1407879786,5.426387310745,
    5.711986642889,5.997585975034,6.283185307178),.UNSPECIFIED.);
#61 = CARTESIAN_POINT('',(9.424777960769,2.055685102904));
#62 = CARTESIAN_POINT('',(9.329578183388,2.0556308989));
#63 = CARTESIAN_POINT('',(9.139178628625,2.058578054081));
#64 = CARTESIAN_POINT('',(8.85357929648,2.07110273735));
#65 = CARTESIAN_POINT('',(8.567979964336,2.090905492119));
#66 = CARTESIAN_POINT('',(8.282380632191,2.116331429139));
#67 = CARTESIAN_POINT('',(7.996781300047,2.145334245174));
#68 = CARTESIAN_POINT('',(7.711181967902,2.175560672512));
#69 = CARTESIAN_POINT('',(7.425582635758,2.204562918978));
#70 = CARTESIAN_POINT('',(7.139983303613,2.229991134274));
#71 = CARTESIAN_POINT('',(6.854383971469,2.249785345506));
#72 = CARTESIAN_POINT('',(6.568784639324,2.26234192465));
#73 = CARTESIAN_POINT('',(6.28318530718,2.266643617456));
#74 = CARTESIAN_POINT('',(5.997585975035,2.26234192465));
#75 = CARTESIAN_POINT('',(5.711986642891,2.249785345506));
#76 = CARTESIAN_POINT('',(5.426387310746,2.229991134274));
#77 = CARTESIAN_POINT('',(5.140787978601,2.204562918978));
#78 = CARTESIAN_POINT('',(4.855188646457,2.175560672512));
#79 = CARTESIAN_POINT('',(4.569589314312,2.145334245174));
#80 = CARTESIAN_POINT('',(4.283989982168,2.116331429139));
#81 = CARTESIAN_POINT('',(3.998390650023,2.090905492119));
#82 = CARTESIAN_POINT('',(3.712791317879,2.07110273735));
#83 = CARTESIAN_POINT('',(3.427191985734,2.058578054081));
#84 = CARTESIAN_POINT('',(3.236792430971,2.0556308989));
#85 = CARTESIAN_POINT('',(3.14159265359,2.055685102904));
#86 = ( GEOMETRIC_REPRESENTATION_CONTEXT(2) 
PARAMETRIC_REPRESENTATION_CONTEXT() REPRESENTATION_CONTEXT('2D SPACE',''
  ) );
#87 = PCURVE('',#88,#93);
#88 = PLANE('',#89);
#89 = AXIS2_PLACEMENT_3D('',#90,#91,#92);
#90 = CARTESIAN_POINT('',(-2.086462859924,5.615175502006,-0.179652108012
    ));
#91 = DIRECTION('',(3.48994967025E-02,0.999390827019,0.));
#92 = DIRECTION('',(0.,-0.,1.));
#93 = DEFINITIONAL_REPRESENTATION('',(#94),#102);
#94 = ( BOUNDED_CURVE() B_SPLINE_CURVE(2,(#95,#96,#97,#98,#99,#100,#101)
,.UNSPECIFIED.,.T.,.F.) B_SPLINE_CURVE_WITH_KNOTS((1,2,2,2,2,1),(
    -2.094395102393,0.,2.094395102393,4.188790204786,6.28318530718,
8.377580409573),.UNSPECIFIED.) CURVE() GEOMETRIC_REPRESENTATION_ITEM() 
RATIONAL_B_SPLINE_CURVE((1.,0.5,1.,0.5,1.,0.5,1.)) REPRESENTATION_ITEM(
  '') );
#95 = CARTESIAN_POINT('',(7.679652108016,-63.20203811403));
#96 = CARTESIAN_POINT('',(12.875804530723,-63.20203811404));
#97 = CARTESIAN_POINT('',(10.277728319364,-67.70478106338));
#98 = CARTESIAN_POINT('',(7.679652108004,-72.20752401272));
#99 = CARTESIAN_POINT('',(5.081575896657,-67.70478106337));
#100 = CARTESIAN_POINT('',(2.48349968531,-63.20203811402));
#101 = CARTESIAN_POINT('',(7.679652108016,-63.20203811403));
#102 = ( GEOMETRIC_REPRESENTATION_CONTEXT(2) 
PARAMETRIC_REPRESENTATION_CONTEXT() REPRESENTATION_CONTEXT('2D SPACE',''
  ) );
#103 = ORIENTED_EDGE('',*,*,#21,.F.);
#104 = ORIENTED_EDGE('',*,*,#105,.T.);
#105 = EDGE_CURVE('',#22,#22,#106,.T.);
#106 = SURFACE_CURVE('',#107,(#112,#119),.PCURVE_S1.);
#107 = CIRCLE('',#108,3.);
#108 = AXIS2_PLACEMENT_3D('',#109,#110,#111);
#109 = CARTESIAN_POINT('',(-68.25,3.5,7.5));
#110 = DIRECTION('',(0.,1.,0.));
#111 = DIRECTION('',(-0.813826036051,0.,-0.581108581115));
#112 = PCURVE('',#32,#113);
#113 = DEFINITIONAL_REPRESENTATION('',(#114),#118);
#114 = LINE('',#115,#116);
#115 = CARTESIAN_POINT('',(-0.620090213645,-2.265209719854));
#116 = VECTOR('',#117,1.);
#117 = DIRECTION('',(1.,0.));
#118 = ( GEOMETRIC_REPRESENTATION_CONTEXT(2) 
PARAMETRIC_REPRESENTATION_CONTEXT() REPRESENTATION_CONTEXT('2D SPACE',''
  ) );
#119 = PCURVE('',#120,#125);
#120 = PLANE('',#121);
#121 = AXIS2_PLACEMENT_3D('',#122,#123,#124);
#122 = CARTESIAN_POINT('',(-68.86264545731,3.5,15.151043820814));
#123 = DIRECTION('',(0.,-1.,0.));
#124 = DIRECTION('',(0.,0.,-1.));
#125 = DEFINITIONAL_REPRESENTATION('',(#126),#134);
#126 = ( BOUNDED_CURVE() B_SPLINE_CURVE(2,(#127,#128,#129,#130,#131,#132
,#133),.UNSPECIFIED.,.T.,.F.) B_SPLINE_CURVE_WITH_KNOTS((1,2,2,2,2,1),(
    -2.094395102393,0.,2.094395102393,4.188790204786,6.28318530718,
8.377580409573),.UNSPECIFIED.) CURVE() GEOMETRIC_REPRESENTATION_ITEM() 
RATIONAL_B_SPLINE_CURVE((1.,0.5,1.,0.5,1.,0.5,1.)) REPRESENTATION_ITEM(
  '') );
#127 = CARTESIAN_POINT('',(9.394369564159,-1.828832650837));
#128 = CARTESIAN_POINT('',(5.16560543527,-4.848361412453));
#129 = CARTESIAN_POINT('',(4.664998884697,0.323620130585));
#130 = CARTESIAN_POINT('',(4.164392334125,5.495601673623));
#131 = CARTESIAN_POINT('',(8.893763013586,3.343148892201));
#132 = CARTESIAN_POINT('',(13.623133693047,1.190696110779));
#133 = CARTESIAN_POINT('',(9.394369564159,-1.828832650837));
#134 = ( GEOMETRIC_REPRESENTATION_CONTEXT(2) 
PARAMETRIC_REPRESENTATION_CONTEXT() REPRESENTATION_CONTEXT('2D SPACE',''
  ) );
#135 = ADVANCED_FACE('',(#136,#514),#88,.T.);
#136 = FACE_BOUND('',#137,.T.);
#137 = EDGE_LOOP('',(#138,#191,#219,#247,#275,#303,#354,#382,#433,#461)
  );
#138 = ORIENTED_EDGE('',*,*,#139,.T.);
#139 = EDGE_CURVE('',#140,#142,#144,.T.);
#140 = VERTEX_POINT('',#141);
#141 = CARTESIAN_POINT('',(69.437419249433,3.11750650171,12.333333333333
    ));
#142 = VERTEX_POINT('',#143);
#143 = CARTESIAN_POINT('',(69.437419249433,3.11750650171,15.));
#144 = SURFACE_CURVE('',#145,(#150,#157),.PCURVE_S1.);
#145 = ELLIPSE('',#146,3.001828632897,3.);
#146 = AXIS2_PLACEMENT_3D('',#147,#148,#149);
#147 = CARTESIAN_POINT('',(72.124838498866,3.023659753573,
    13.666666666667));
#148 = DIRECTION('',(3.48994967025E-02,0.999390827019,
    -5.664446587718E-32));
#149 = DIRECTION('',(-0.999390827019,3.48994967025E-02,
    3.078992111247E-14));
#150 = PCURVE('',#88,#151);
#151 = DEFINITIONAL_REPRESENTATION('',(#152),#156);
#152 = ELLIPSE('',#153,3.001828632897,3.);
#153 = AXIS2_PLACEMENT_2D('',#154,#155);
#154 = CARTESIAN_POINT('',(13.846318774679,74.256536434442));
#155 = DIRECTION('',(3.078992111247E-14,-1.));
#156 = ( GEOMETRIC_REPRESENTATION_CONTEXT(2) 
PARAMETRIC_REPRESENTATION_CONTEXT() REPRESENTATION_CONTEXT('2D SPACE',''
  ) );
#157 = PCURVE('',#158,#163);
#158 = CYLINDRICAL_SURFACE('',#159,3.);
#159 = AXIS2_PLACEMENT_3D('',#160,#161,#162);
#160 = CARTESIAN_POINT('',(72.124838498866,0.,13.666666666667));
#161 = DIRECTION('',(0.,1.,0.));
#162 = DIRECTION('',(-0.895806416478,0.,-0.444444444444));
#163 = DEFINITIONAL_REPRESENTATION('',(#164),#190);
#164 = B_SPLINE_CURVE_WITH_KNOTS('',3,(#165,#166,#167,#168,#169,#170,
    #171,#172,#173,#174,#175,#176,#177,#178,#179,#180,#181,#182,#183,
    #184,#185,#186,#187,#188,#189),.UNSPECIFIED.,.F.,.F.,(4,1,1,1,1,1,1,
    1,1,1,1,1,1,1,1,1,1,1,1,1,1,1,4),(5.822631315498,5.864499860197,
    5.906368404895,5.948236949593,5.990105494291,6.03197403899,
    6.073842583688,6.115711128386,6.157579673085,6.199448217783,
    6.241316762481,6.28318530718,6.325053851878,6.366922396576,
    6.408790941274,6.450659485973,6.492528030671,6.534396575369,
    6.576265120068,6.618133664766,6.660002209464,6.701870754163,
    6.743739298861),.QUASI_UNIFORM_KNOTS.);
#165 = CARTESIAN_POINT('',(0.,3.11750650171));
#166 = CARTESIAN_POINT('',(1.39561815661E-02,3.118156340438));
#167 = CARTESIAN_POINT('',(4.18685446983E-02,3.119401087641));
#168 = CARTESIAN_POINT('',(8.37370893966E-02,3.121100469293));
#169 = CARTESIAN_POINT('',(0.125605634095,3.122629046399));
#170 = CARTESIAN_POINT('',(0.167474178793,3.123984163066));
#171 = CARTESIAN_POINT('',(0.209342723491,3.125163437919));
#172 = CARTESIAN_POINT('',(0.25121126819,3.126164805691));
#173 = CARTESIAN_POINT('',(0.293079812888,3.12698651082));
#174 = CARTESIAN_POINT('',(0.334948357586,3.127627113205));
#175 = CARTESIAN_POINT('',(0.376816902285,3.128085490021));
#176 = CARTESIAN_POINT('',(0.418685446983,3.128360837868));
#177 = CARTESIAN_POINT('',(0.460553991681,3.128452674138));
#178 = CARTESIAN_POINT('',(0.50242253638,3.128360837868));
#179 = CARTESIAN_POINT('',(0.544291081078,3.128085490021));
#180 = CARTESIAN_POINT('',(0.586159625776,3.127627113205));
#181 = CARTESIAN_POINT('',(0.628028170474,3.12698651082));
#182 = CARTESIAN_POINT('',(0.669896715173,3.126164805691));
#183 = CARTESIAN_POINT('',(0.711765259871,3.125163437919));
#184 = CARTESIAN_POINT('',(0.753633804569,3.123984163066));
#185 = CARTESIAN_POINT('',(0.795502349268,3.122629046399));
#186 = CARTESIAN_POINT('',(0.837370893966,3.121100469293));
#187 = CARTESIAN_POINT('',(0.879239438664,3.119401087641));
#188 = CARTESIAN_POINT('',(0.907151801796,3.118156340438));
#189 = CARTESIAN_POINT('',(0.921107983363,3.11750650171));
#190 = ( GEOMETRIC_REPRESENTATION_CONTEXT(2) 
PARAMETRIC_REPRESENTATION_CONTEXT() REPRESENTATION_CONTEXT('2D SPACE',''
  ) );
#191 = ORIENTED_EDGE('',*,*,#192,.F.);
#192 = EDGE_CURVE('',#193,#142,#195,.T.);
#193 = VERTEX_POINT('',#194);
#194 = CARTESIAN_POINT('',(72.802365194785,3.,15.));
#195 = SURFACE_CURVE('',#196,(#200,#207),.PCURVE_S1.);
#196 = LINE('',#197,#198);
#197 = CARTESIAN_POINT('',(72.802365194785,3.,15.));
#198 = VECTOR('',#199,1.);
#199 = DIRECTION('',(-0.999390827019,3.48994967025E-02,0.));
#200 = PCURVE('',#88,#201);
#201 = DEFINITIONAL_REPRESENTATION('',(#202),#206);
#202 = LINE('',#203,#204);
#203 = CARTESIAN_POINT('',(15.179652108012,74.934476112895));
#204 = VECTOR('',#205,1.);
#205 = DIRECTION('',(0.,-1.));
#206 = ( GEOMETRIC_REPRESENTATION_CONTEXT(2) 
PARAMETRIC_REPRESENTATION_CONTEXT() REPRESENTATION_CONTEXT('2D SPACE',''
  ) );
#207 = PCURVE('',#208,#213);
#208 = PLANE('',#209);
#209 = AXIS2_PLACEMENT_3D('',#210,#211,#212);
#210 = CARTESIAN_POINT('',(72.593709624716,-3.11750650171,15.));
#211 = DIRECTION('',(0.,0.,1.));
#212 = DIRECTION('',(1.,0.,-0.));
#213 = DEFINITIONAL_REPRESENTATION('',(#214),#218);
#214 = LINE('',#215,#216);
#215 = CARTESIAN_POINT('',(0.208655570068,6.11750650171));
#216 = VECTOR('',#217,1.);
#217 = DIRECTION('',(-0.999390827019,3.48994967025E-02));
#218 = ( GEOMETRIC_REPRESENTATION_CONTEXT(2) 
PARAMETRIC_REPRESENTATION_CONTEXT() REPRESENTATION_CONTEXT('2D SPACE',''
  ) );
#219 = ORIENTED_EDGE('',*,*,#220,.F.);
#220 = EDGE_CURVE('',#221,#193,#223,.T.);
#221 = VERTEX_POINT('',#222);
#222 = CARTESIAN_POINT('',(72.802365194785,3.,14.949931524285));
#223 = SURFACE_CURVE('',#224,(#228,#235),.PCURVE_S1.);
#224 = LINE('',#225,#226);
#225 = CARTESIAN_POINT('',(72.802365194785,3.,4.339003411729));
#226 = VECTOR('',#227,1.);
#227 = DIRECTION('',(0.,0.,1.));
#228 = PCURVE('',#88,#229);
#229 = DEFINITIONAL_REPRESENTATION('',(#230),#234);
#230 = LINE('',#231,#232);
#231 = CARTESIAN_POINT('',(4.518655519741,74.934476112895));
#232 = VECTOR('',#233,1.);
#233 = DIRECTION('',(1.,0.));
#234 = ( GEOMETRIC_REPRESENTATION_CONTEXT(2) 
PARAMETRIC_REPRESENTATION_CONTEXT() REPRESENTATION_CONTEXT('2D SPACE',''
  ) );
#235 = PCURVE('',#236,#241);
#236 = PLANE('',#237);
#237 = AXIS2_PLACEMENT_3D('',#238,#239,#240);
#238 = CARTESIAN_POINT('',(72.776182597392,3.,4.291796067501));
#239 = DIRECTION('',(0.,-1.,0.));
#240 = DIRECTION('',(0.,0.,-1.));
#241 = DEFINITIONAL_REPRESENTATION('',(#242),#246);
#242 = LINE('',#243,#244);
#243 = CARTESIAN_POINT('',(-4.720734422812E-02,2.618259739231E-02));
#244 = VECTOR('',#245,1.);
#245 = DIRECTION('',(-1.,0.));
#246 = ( GEOMETRIC_REPRESENTATION_CONTEXT(2) 
PARAMETRIC_REPRESENTATION_CONTEXT() REPRESENTATION_CONTEXT('2D SPACE',''
  ) );
#247 = ORIENTED_EDGE('',*,*,#248,.F.);
#248 = EDGE_CURVE('',#249,#221,#251,.T.);
#249 = VERTEX_POINT('',#250);
#250 = CARTESIAN_POINT('',(72.802365194785,3.,11.437234165768));
#251 = SURFACE_CURVE('',#252,(#256,#263),.PCURVE_S1.);
#252 = LINE('',#253,#254);
#253 = CARTESIAN_POINT('',(72.802365194785,3.,4.339003411729));
#254 = VECTOR('',#255,1.);
#255 = DIRECTION('',(0.,0.,1.));
#256 = PCURVE('',#88,#257);
#257 = DEFINITIONAL_REPRESENTATION('',(#258),#262);
#258 = LINE('',#259,#260);
#259 = CARTESIAN_POINT('',(4.518655519741,74.934476112895));
#260 = VECTOR('',#261,1.);
#261 = DIRECTION('',(1.,0.));
#262 = ( GEOMETRIC_REPRESENTATION_CONTEXT(2) 
PARAMETRIC_REPRESENTATION_CONTEXT() REPRESENTATION_CONTEXT('2D SPACE',''
  ) );
#263 = PCURVE('',#264,#269);
#264 = PLANE('',#265);
#265 = AXIS2_PLACEMENT_3D('',#266,#267,#268);
#266 = CARTESIAN_POINT('',(74.556948841403,3.,13.272303300764));
#267 = DIRECTION('',(0.,-1.,0.));
#268 = DIRECTION('',(-0.691078679695,0.,-0.722779536561));
#269 = DEFINITIONAL_REPRESENTATION('',(#270),#274);
#270 = LINE('',#271,#272);
#271 = CARTESIAN_POINT('',(7.669361703678,4.905435937669));
#272 = VECTOR('',#273,1.);
#273 = DIRECTION('',(-0.722779536561,-0.691078679695));
#274 = ( GEOMETRIC_REPRESENTATION_CONTEXT(2) 
PARAMETRIC_REPRESENTATION_CONTEXT() REPRESENTATION_CONTEXT('2D SPACE',''
  ) );
#275 = ORIENTED_EDGE('',*,*,#276,.F.);
#276 = EDGE_CURVE('',#277,#249,#279,.T.);
#277 = VERTEX_POINT('',#278);
#278 = CARTESIAN_POINT('',(72.802365194785,3.,4.339003411729));
#279 = SURFACE_CURVE('',#280,(#284,#291),.PCURVE_S1.);
#280 = LINE('',#281,#282);
#281 = CARTESIAN_POINT('',(72.802365194785,3.,4.339003411729));
#282 = VECTOR('',#283,1.);
#283 = DIRECTION('',(0.,0.,1.));
#284 = PCURVE('',#88,#285);
#285 = DEFINITIONAL_REPRESENTATION('',(#286),#290);
#286 = LINE('',#287,#288);
#287 = CARTESIAN_POINT('',(4.518655519741,74.934476112895));
#288 = VECTOR('',#289,1.);
#289 = DIRECTION('',(1.,0.));
#290 = ( GEOMETRIC_REPRESENTATION_CONTEXT(2) 
PARAMETRIC_REPRESENTATION_CONTEXT() REPRESENTATION_CONTEXT('2D SPACE',''
  ) );
#291 = PCURVE('',#292,#297);
#292 = PLANE('',#293);
#293 = AXIS2_PLACEMENT_3D('',#294,#295,#296);
#294 = CARTESIAN_POINT('',(72.776182597392,3.,4.291796067501));
#295 = DIRECTION('',(0.,-1.,0.));
#296 = DIRECTION('',(0.,0.,-1.));
#297 = DEFINITIONAL_REPRESENTATION('',(#298),#302);
#298 = LINE('',#299,#300);
#299 = CARTESIAN_POINT('',(-4.720734422812E-02,2.618259739231E-02));
#300 = VECTOR('',#301,1.);
#301 = DIRECTION('',(-1.,0.));
#302 = ( GEOMETRIC_REPRESENTATION_CONTEXT(2) 
PARAMETRIC_REPRESENTATION_CONTEXT() REPRESENTATION_CONTEXT('2D SPACE',''
  ) );
#303 = ORIENTED_EDGE('',*,*,#304,.T.);
#304 = EDGE_CURVE('',#277,#305,#307,.T.);
#305 = VERTEX_POINT('',#306);
#306 = CARTESIAN_POINT('',(59.75,3.455798636289,5.343145750508));
#307 = SURFACE_CURVE('',#308,(#313,#320),.PCURVE_S1.);
#308 = ELLIPSE('',#309,9.005485898689,9.);
#309 = AXIS2_PLACEMENT_3D('',#310,#311,#312);
#310 = CARTESIAN_POINT('',(66.75,3.211353249847,10.999999999999));
#311 = DIRECTION('',(3.48994967025E-02,0.999390827019,
    -1.794402244273E-15));
#312 = DIRECTION('',(0.999390827019,-3.48994967025E-02,
    7.224632264566E-12));
#313 = PCURVE('',#88,#314);
#314 = DEFINITIONAL_REPRESENTATION('',(#315),#319);
#315 = ELLIPSE('',#316,9.005485898689,9.);
#316 = AXIS2_PLACEMENT_2D('',#317,#318);
#317 = CARTESIAN_POINT('',(11.179652108012,68.878421733412));
#318 = DIRECTION('',(7.224632264566E-12,1.));
#319 = ( GEOMETRIC_REPRESENTATION_CONTEXT(2) 
PARAMETRIC_REPRESENTATION_CONTEXT() REPRESENTATION_CONTEXT('2D SPACE',''
  ) );
#320 = PCURVE('',#321,#326);
#321 = CYLINDRICAL_SURFACE('',#322,9.);
#322 = AXIS2_PLACEMENT_3D('',#323,#324,#325);
#323 = CARTESIAN_POINT('',(66.75,0.,11.));
#324 = DIRECTION('',(0.,1.,0.));
#325 = DIRECTION('',(1.,0.,-1.233581138472E-15));
#326 = DEFINITIONAL_REPRESENTATION('',(#327),#353);
#327 = B_SPLINE_CURVE_WITH_KNOTS('',3,(#328,#329,#330,#331,#332,#333,
    #334,#335,#336,#337,#338,#339,#340,#341,#342,#343,#344,#345,#346,
    #347,#348,#349,#350,#351,#352),.UNSPECIFIED.,.F.,.F.,(4,1,1,1,1,1,1,
    1,1,1,1,1,1,1,1,1,1,1,1,1,1,1,4),(0.833235004394,0.907266087589,
    0.981297170784,1.055328253979,1.129359337175,1.20339042037,
    1.277421503565,1.35145258676,1.425483669956,1.499514753151,
    1.573545836346,1.647576919541,1.721608002737,1.795639085932,
    1.869670169127,1.943701252322,2.017732335517,2.091763418713,
    2.165794501908,2.239825585103,2.313856668298,2.387887751494,
    2.461918834689),.QUASI_UNIFORM_KNOTS.);
#328 = CARTESIAN_POINT('',(0.833235004387,3.));
#329 = CARTESIAN_POINT('',(0.857912032118,3.005739577512));
#330 = CARTESIAN_POINT('',(0.907266087582,3.017606665331));
#331 = CARTESIAN_POINT('',(0.981297170777,3.036467341153));
#332 = CARTESIAN_POINT('',(1.055328253972,3.056286412611));
#333 = CARTESIAN_POINT('',(1.129359337167,3.076954860814));
#334 = CARTESIAN_POINT('',(1.203390420363,3.098359582023));
#335 = CARTESIAN_POINT('',(1.277421503558,3.120383286893));
#336 = CARTESIAN_POINT('',(1.351452586753,3.142905336016));
#337 = CARTESIAN_POINT('',(1.425483669948,3.165802349076));
#338 = CARTESIAN_POINT('',(1.499514753144,3.188948894595));
#339 = CARTESIAN_POINT('',(1.573545836339,3.212218173347));
#340 = CARTESIAN_POINT('',(1.647576919534,3.235482713972));
#341 = CARTESIAN_POINT('',(1.721608002729,3.258615071012));
#342 = CARTESIAN_POINT('',(1.795639085924,3.281488523122));
#343 = CARTESIAN_POINT('',(1.86967016912,3.303977767328));
#344 = CARTESIAN_POINT('',(1.943701252315,3.325959605134));
#345 = CARTESIAN_POINT('',(2.01773233551,3.347313618601));
#346 = CARTESIAN_POINT('',(2.091763418705,3.367922825585));
#347 = CARTESIAN_POINT('',(2.165794501901,3.387674337082));
#348 = CARTESIAN_POINT('',(2.239825585096,3.40645991406));
#349 = CARTESIAN_POINT('',(2.313856668291,3.424176790222));
#350 = CARTESIAN_POINT('',(2.387887751486,3.440727377286));
#351 = CARTESIAN_POINT('',(2.43724180695,3.450924459434));
#352 = CARTESIAN_POINT('',(2.461918834682,3.455798636289));
#353 = ( GEOMETRIC_REPRESENTATION_CONTEXT(2) 
PARAMETRIC_REPRESENTATION_CONTEXT() REPRESENTATION_CONTEXT('2D SPACE',''
  ) );
#354 = ORIENTED_EDGE('',*,*,#355,.T.);
#355 = EDGE_CURVE('',#305,#356,#358,.T.);
#356 = VERTEX_POINT('',#357);
#357 = CARTESIAN_POINT('',(-67.93681482073,7.914720463779,
    6.541850154373E-03));
#358 = SURFACE_CURVE('',#359,(#363,#370),.PCURVE_S1.);
#359 = LINE('',#360,#361);
#360 = CARTESIAN_POINT('',(59.75,3.455798636289,5.343145750508));
#361 = VECTOR('',#362,1.);
#362 = DIRECTION('',(-0.998520172021,3.486909276002E-02,
    -4.173263035867E-02));
#363 = PCURVE('',#88,#364);
#364 = DEFINITIONAL_REPRESENTATION('',(#365),#369);
#365 = LINE('',#366,#367);
#366 = CARTESIAN_POINT('',(5.52279785852,61.87415492332));
#367 = VECTOR('',#368,1.);
#368 = DIRECTION('',(-4.173263035867E-02,-0.999128814299));
#369 = ( GEOMETRIC_REPRESENTATION_CONTEXT(2) 
PARAMETRIC_REPRESENTATION_CONTEXT() REPRESENTATION_CONTEXT('2D SPACE',''
  ) );
#370 = PCURVE('',#371,#376);
#371 = PLANE('',#372);
#372 = AXIS2_PLACEMENT_3D('',#373,#374,#375);
#373 = CARTESIAN_POINT('',(-4.093407410367,-7.914720463779,
    2.674843800331));
#374 = DIRECTION('',(4.17580239022E-02,0.,-0.999127753313));
#375 = DIRECTION('',(-0.999127753313,0.,-4.17580239022E-02));
#376 = DEFINITIONAL_REPRESENTATION('',(#377),#381);
#377 = LINE('',#378,#379);
#378 = CARTESIAN_POINT('',(-63.89914322636,11.370519100069));
#379 = VECTOR('',#380,1.);
#380 = DIRECTION('',(0.999391888285,3.486909276002E-02));
#381 = ( GEOMETRIC_REPRESENTATION_CONTEXT(2) 
PARAMETRIC_REPRESENTATION_CONTEXT() REPRESENTATION_CONTEXT('2D SPACE',''
  ) );
#382 = ORIENTED_EDGE('',*,*,#383,.T.);
#383 = EDGE_CURVE('',#356,#384,#386,.T.);
#384 = VERTEX_POINT('',#385);
#385 = CARTESIAN_POINT('',(-67.98825377473,7.916516751635,
    14.995431202643));
#386 = SURFACE_CURVE('',#387,(#392,#399),.PCURVE_S1.);
#387 = ELLIPSE('',#388,7.504571582241,7.5);
#388 = AXIS2_PLACEMENT_3D('',#389,#390,#391);
#389 = CARTESIAN_POINT('',(-68.25,7.925657131233,7.5));
#390 = DIRECTION('',(3.48994967025E-02,0.999390827019,1.830027872367E-16
    ));
#391 = DIRECTION('',(0.999390827019,-3.48994967025E-02,
    -4.151595555586E-12));
#392 = PCURVE('',#88,#393);
#393 = DEFINITIONAL_REPRESENTATION('',(#394),#398);
#394 = ELLIPSE('',#395,7.504571582241,7.5);
#395 = AXIS2_PLACEMENT_2D('',#396,#397);
#396 = CARTESIAN_POINT('',(7.679652108012,-66.20386674692));
#397 = DIRECTION('',(-4.151595555586E-12,1.));
#398 = ( GEOMETRIC_REPRESENTATION_CONTEXT(2) 
PARAMETRIC_REPRESENTATION_CONTEXT() REPRESENTATION_CONTEXT('2D SPACE',''
  ) );
#399 = PCURVE('',#400,#405);
#400 = CYLINDRICAL_SURFACE('',#401,7.5);
#401 = AXIS2_PLACEMENT_3D('',#402,#403,#404);
#402 = CARTESIAN_POINT('',(-68.25,5.864134700522,7.5));
#403 = DIRECTION('',(0.,1.,0.));
#404 = DIRECTION('',(-0.999994111407,0.,-3.431785363484E-03));
#405 = DEFINITIONAL_REPRESENTATION('',(#406),#432);
#406 = B_SPLINE_CURVE_WITH_KNOTS('',3,(#407,#408,#409,#410,#411,#412,
    #413,#414,#415,#416,#417,#418,#419,#420,#421,#422,#423,#424,#425,
    #426,#427,#428,#429,#430,#431),.UNSPECIFIED.,.F.,.F.,(4,1,1,1,1,1,1,
    1,1,1,1,1,1,1,1,1,1,1,1,1,1,1,4),(1.529026157552,1.675311130637,
    1.821596103721,1.967881076806,2.114166049891,2.260451022976,
    2.406735996061,2.553020969146,2.699305942231,2.845590915316,
    2.991875888401,3.138160861486,3.284445834571,3.430730807656,
    3.577015780741,3.723300753826,3.869585726911,4.015870699996,
    4.162155673081,4.308440646166,4.454725619251,4.601010592335,
    4.74729556542),.QUASI_UNIFORM_KNOTS.);
#407 = CARTESIAN_POINT('',(4.674050603245,2.050585763258));
#408 = CARTESIAN_POINT('',(4.72281226094,2.063346913026));
#409 = CARTESIAN_POINT('',(4.82033557633,2.088942645378));
#410 = CARTESIAN_POINT('',(4.966620549415,2.126754295947));
#411 = CARTESIAN_POINT('',(5.1129055225,2.163171505474));
#412 = CARTESIAN_POINT('',(5.259190495585,2.197417644242));
#413 = CARTESIAN_POINT('',(5.40547546867,2.228760830933));
#414 = CARTESIAN_POINT('',(5.551760441755,2.256531630924));
#415 = CARTESIAN_POINT('',(5.69804541484,2.280136803016));
#416 = CARTESIAN_POINT('',(5.844330387925,2.299072119977));
#417 = CARTESIAN_POINT('',(5.99061536101,2.312933099703));
#418 = CARTESIAN_POINT('',(6.136900334095,2.321423656068));
#419 = CARTESIAN_POINT('',(6.28318530718,2.32436242081));
#420 = CARTESIAN_POINT('',(6.429470280265,2.32168661855));
#421 = CARTESIAN_POINT('',(6.575755253349,2.313453407483));
#422 = CARTESIAN_POINT('',(6.722040226434,2.299838658682));
#423 = CARTESIAN_POINT('',(6.868325199519,2.281133198471));
#424 = CARTESIAN_POINT('',(7.014610172604,2.257736599036));
#425 = CARTESIAN_POINT('',(7.160895145689,2.230148631926));
#426 = CARTESIAN_POINT('',(7.307180118774,2.198958634048));
#427 = CARTESIAN_POINT('',(7.453465091859,2.164832763144));
#428 = CARTESIAN_POINT('',(7.599750064944,2.128500348596));
#429 = CARTESIAN_POINT('',(7.746035038029,2.090736144891));
#430 = CARTESIAN_POINT('',(7.843558353419,2.065146628374));
#431 = CARTESIAN_POINT('',(7.892320011114,2.052382051113));
#432 = ( GEOMETRIC_REPRESENTATION_CONTEXT(2) 
PARAMETRIC_REPRESENTATION_CONTEXT() REPRESENTATION_CONTEXT('2D SPACE',''
  ) );
#433 = ORIENTED_EDGE('',*,*,#434,.T.);
#434 = EDGE_CURVE('',#384,#435,#437,.T.);
#435 = VERTEX_POINT('',#436);
#436 = CARTESIAN_POINT('',(63.812078340955,3.313947734887,
    10.392862185895));
#437 = SURFACE_CURVE('',#438,(#442,#449),.PCURVE_S1.);
#438 = LINE('',#439,#440);
#439 = CARTESIAN_POINT('',(-67.98825377473,7.916516751635,
    14.995431202643));
#440 = VECTOR('',#441,1.);
#441 = DIRECTION('',(0.998782765959,-3.487826274237E-02,
    -3.487826274237E-02));
#442 = PCURVE('',#88,#443);
#443 = DEFINITIONAL_REPRESENTATION('',(#444),#448);
#444 = LINE('',#445,#446);
#445 = CARTESIAN_POINT('',(15.175083310655,-65.94196097574));
#446 = VECTOR('',#447,1.);
#447 = DIRECTION('',(-3.487826274237E-02,0.999391568299));
#448 = ( GEOMETRIC_REPRESENTATION_CONTEXT(2) 
PARAMETRIC_REPRESENTATION_CONTEXT() REPRESENTATION_CONTEXT('2D SPACE',''
  ) );
#449 = PCURVE('',#450,#455);
#450 = PLANE('',#451);
#451 = AXIS2_PLACEMENT_3D('',#452,#453,#454);
#452 = CARTESIAN_POINT('',(-2.088087716888,-7.916516751635,
    12.694146694269));
#453 = DIRECTION('',(3.48994967025E-02,0.,0.999390827019));
#454 = DIRECTION('',(0.999390827019,0.,-3.48994967025E-02));
#455 = DEFINITIONAL_REPRESENTATION('',(#456),#460);
#456 = LINE('',#457,#458);
#457 = CARTESIAN_POINT('',(-65.94033512835,15.83303350327));
#458 = VECTOR('',#459,1.);
#459 = DIRECTION('',(0.999391568299,-3.487826274237E-02));
#460 = ( GEOMETRIC_REPRESENTATION_CONTEXT(2) 
PARAMETRIC_REPRESENTATION_CONTEXT() REPRESENTATION_CONTEXT('2D SPACE',''
  ) );
#461 = ORIENTED_EDGE('',*,*,#462,.T.);
#462 = EDGE_CURVE('',#435,#140,#463,.T.);
#463 = SURFACE_CURVE('',#464,(#469,#480),.PCURVE_S1.);
#464 = ELLIPSE('',#465,3.001828632896,3.);
#465 = AXIS2_PLACEMENT_3D('',#466,#467,#468);
#466 = CARTESIAN_POINT('',(66.75,3.211353249847,11.));
#467 = DIRECTION('',(-3.48994967025E-02,-0.999390827019,
    1.537733322212E-16));
#468 = DIRECTION('',(0.999390827019,-3.48994967025E-02,
    1.246642079075E-11));
#469 = PCURVE('',#88,#470);
#470 = DEFINITIONAL_REPRESENTATION('',(#471),#479);
#471 = ( BOUNDED_CURVE() B_SPLINE_CURVE(2,(#472,#473,#474,#475,#476,#477
,#478),.UNSPECIFIED.,.T.,.F.) B_SPLINE_CURVE_WITH_KNOTS((1,2,2,2,2,1),(
    -2.094395102393,0.,2.094395102393,4.188790204786,6.28318530718,
8.377580409573),.UNSPECIFIED.) CURVE() GEOMETRIC_REPRESENTATION_ITEM() 
RATIONAL_B_SPLINE_CURVE((1.,0.5,1.,0.5,1.,0.5,1.)) REPRESENTATION_ITEM(
  '') );
#472 = CARTESIAN_POINT('',(11.17965210805,71.880250366308));
#473 = CARTESIAN_POINT('',(16.375804530756,71.880250366243));
#474 = CARTESIAN_POINT('',(13.777728319347,67.377507416931));
#475 = CARTESIAN_POINT('',(11.179652107937,62.874764467619));
#476 = CARTESIAN_POINT('',(8.58157589664,67.377507416996));
#477 = CARTESIAN_POINT('',(5.983499685343,71.880250366373));
#478 = CARTESIAN_POINT('',(11.17965210805,71.880250366308));
#479 = ( GEOMETRIC_REPRESENTATION_CONTEXT(2) 
PARAMETRIC_REPRESENTATION_CONTEXT() REPRESENTATION_CONTEXT('2D SPACE',''
  ) );
#480 = PCURVE('',#481,#486);
#481 = CYLINDRICAL_SURFACE('',#482,3.);
#482 = AXIS2_PLACEMENT_3D('',#483,#484,#485);
#483 = CARTESIAN_POINT('',(66.75,0.,11.));
#484 = DIRECTION('',(0.,1.,0.));
#485 = DIRECTION('',(0.326095577812,0.,-0.9453368046));
#486 = DEFINITIONAL_REPRESENTATION('',(#487),#513);
#487 = B_SPLINE_CURVE_WITH_KNOTS('',3,(#488,#489,#490,#491,#492,#493,
    #494,#495,#496,#497,#498,#499,#500,#501,#502,#503,#504,#505,#506,
    #507,#508,#509,#510,#511,#512),.UNSPECIFIED.,.F.,.F.,(4,1,1,1,1,1,1,
    1,1,1,1,1,1,1,1,1,1,1,1,1,1,1,4),(3.345379512567,3.499850411943,
    3.65432131132,3.808792210696,3.963263110073,4.117734009449,
    4.272204908826,4.426675808202,4.581146707578,4.735617606955,
    4.890088506331,5.044559405708,5.199030305084,5.353501204461,
    5.507972103837,5.662443003213,5.81691390259,5.971384801966,
    6.125855701343,6.280326600719,6.434797500096,6.589268399472,
    6.743739298848),.QUASI_UNIFORM_KNOTS.);
#488 = CARTESIAN_POINT('',(1.699179893141,3.313947734887));
#489 = CARTESIAN_POINT('',(1.647689593349,3.312860638568));
#490 = CARTESIAN_POINT('',(1.544708993764,3.30985293448));
#491 = CARTESIAN_POINT('',(1.390238094388,3.303008433193));
#492 = CARTESIAN_POINT('',(1.235767195011,3.293977863085));
#493 = CARTESIAN_POINT('',(1.081296295635,3.282980595492));
#494 = CARTESIAN_POINT('',(0.926825396259,3.270277360503));
#495 = CARTESIAN_POINT('',(0.772354496882,3.256170981116));
#496 = CARTESIAN_POINT('',(0.617883597506,3.240997301449));
#497 = CARTESIAN_POINT('',(0.463412698129,3.225117687493));
#498 = CARTESIAN_POINT('',(0.308941798753,3.208910288026));
#499 = CARTESIAN_POINT('',(0.154470899376,3.192761065221));
#500 = CARTESIAN_POINT('',(3.353056179793E-14,3.177054593825));
#501 = CARTESIAN_POINT('',(-0.154470899376,3.162164905472));
#502 = CARTESIAN_POINT('',(-0.308941798753,3.148446581053));
#503 = CARTESIAN_POINT('',(-0.463412698129,3.136226306249));
#504 = CARTESIAN_POINT('',(-0.617883597506,3.125795094511));
#505 = CARTESIAN_POINT('',(-0.772354496882,3.117401346933));
#506 = CARTESIAN_POINT('',(-0.926825396259,3.111244974167));
#507 = CARTESIAN_POINT('',(-1.081296295635,3.107472496531));
#508 = CARTESIAN_POINT('',(-1.235767195011,3.106174074511));
#509 = CARTESIAN_POINT('',(-1.390238094388,3.107379422072));
#510 = CARTESIAN_POINT('',(-1.544708993764,3.111064337823));
#511 = CARTESIAN_POINT('',(-1.647689593349,3.115104289872));
#512 = CARTESIAN_POINT('',(-1.699179893141,3.11750650171));
#513 = ( GEOMETRIC_REPRESENTATION_CONTEXT(2) 
PARAMETRIC_REPRESENTATION_CONTEXT() REPRESENTATION_CONTEXT('2D SPACE',''
  ) );
#514 = FACE_BOUND('',#515,.T.);
#515 = EDGE_LOOP('',(#516));
#516 = ORIENTED_EDGE('',*,*,#51,.T.);
#517 = ADVANCED_FACE('',(#518,#622),#120,.T.);
#518 = FACE_BOUND('',#519,.T.);
#519 = EDGE_LOOP('',(#520,#545,#573,#596));
#520 = ORIENTED_EDGE('',*,*,#521,.F.);
#521 = EDGE_CURVE('',#522,#524,#526,.T.);
#522 = VERTEX_POINT('',#523);
#523 = CARTESIAN_POINT('',(-67.98825377473,3.5,14.995431202643));
#524 = VERTEX_POINT('',#525);
#525 = CARTESIAN_POINT('',(-60.75,3.5,14.742665811053));
#526 = SURFACE_CURVE('',#527,(#531,#538),.PCURVE_S1.);
#527 = LINE('',#528,#529);
#528 = CARTESIAN_POINT('',(-67.98825377473,3.5,14.995431202643));
#529 = VECTOR('',#530,1.);
#530 = DIRECTION('',(0.999390827019,0.,-3.489949670249E-02));
#531 = PCURVE('',#120,#532);
#532 = DEFINITIONAL_REPRESENTATION('',(#533),#537);
#533 = LINE('',#534,#535);
#534 = CARTESIAN_POINT('',(0.155612618171,0.874391682585));
#535 = VECTOR('',#536,1.);
#536 = DIRECTION('',(3.489949670249E-02,0.999390827019));
#537 = ( GEOMETRIC_REPRESENTATION_CONTEXT(2) 
PARAMETRIC_REPRESENTATION_CONTEXT() REPRESENTATION_CONTEXT('2D SPACE',''
  ) );
#538 = PCURVE('',#450,#539);
#539 = DEFINITIONAL_REPRESENTATION('',(#540),#544);
#540 = LINE('',#541,#542);
#541 = CARTESIAN_POINT('',(-65.94033512835,11.416516751635));
#542 = VECTOR('',#543,1.);
#543 = DIRECTION('',(1.,0.));
#544 = ( GEOMETRIC_REPRESENTATION_CONTEXT(2) 
PARAMETRIC_REPRESENTATION_CONTEXT() REPRESENTATION_CONTEXT('2D SPACE',''
  ) );
#545 = ORIENTED_EDGE('',*,*,#546,.F.);
#546 = EDGE_CURVE('',#547,#522,#549,.T.);
#547 = VERTEX_POINT('',#548);
#548 = CARTESIAN_POINT('',(-67.93681482073,3.5,6.541850154373E-03));
#549 = SURFACE_CURVE('',#550,(#555,#566),.PCURVE_S1.);
#550 = CIRCLE('',#551,7.5);
#551 = AXIS2_PLACEMENT_3D('',#552,#553,#554);
#552 = CARTESIAN_POINT('',(-68.25,3.5,7.5));
#553 = DIRECTION('',(0.,1.,0.));
#554 = DIRECTION('',(3.489949670249E-02,-0.,0.999390827019));
#555 = PCURVE('',#120,#556);
#556 = DEFINITIONAL_REPRESENTATION('',(#557),#565);
#557 = ( BOUNDED_CURVE() B_SPLINE_CURVE(2,(#558,#559,#560,#561,#562,#563
,#564),.UNSPECIFIED.,.T.,.F.) B_SPLINE_CURVE_WITH_KNOTS((1,2,2,2,2,1),(
    -2.094395102393,0.,2.094395102393,4.188790204786,6.28318530718,
8.377580409573),.UNSPECIFIED.) CURVE() GEOMETRIC_REPRESENTATION_ITEM() 
RATIONAL_B_SPLINE_CURVE((1.,0.5,1.,0.5,1.,0.5,1.)) REPRESENTATION_ITEM(
  '') );
#558 = CARTESIAN_POINT('',(0.155612618171,0.874391682585));
#559 = CARTESIAN_POINT('',(0.608970379026,13.8568593502));
#560 = CARTESIAN_POINT('',(11.625438302563,6.97300617849));
#561 = CARTESIAN_POINT('',(22.641906226101,8.915300677922E-02));
#562 = CARTESIAN_POINT('',(11.172080541708,-6.009461489125));
#563 = CARTESIAN_POINT('',(-0.297745142684,-12.10807598503));
#564 = CARTESIAN_POINT('',(0.155612618171,0.874391682585));
#565 = ( GEOMETRIC_REPRESENTATION_CONTEXT(2) 
PARAMETRIC_REPRESENTATION_CONTEXT() REPRESENTATION_CONTEXT('2D SPACE',''
  ) );
#566 = PCURVE('',#400,#567);
#567 = DEFINITIONAL_REPRESENTATION('',(#568),#572);
#568 = LINE('',#569,#570);
#569 = CARTESIAN_POINT('',(1.609134703934,-2.364134700522));
#570 = VECTOR('',#571,1.);
#571 = DIRECTION('',(1.,0.));
#572 = ( GEOMETRIC_REPRESENTATION_CONTEXT(2) 
PARAMETRIC_REPRESENTATION_CONTEXT() REPRESENTATION_CONTEXT('2D SPACE',''
  ) );
#573 = ORIENTED_EDGE('',*,*,#574,.F.);
#574 = EDGE_CURVE('',#575,#547,#577,.T.);
#575 = VERTEX_POINT('',#576);
#576 = CARTESIAN_POINT('',(-60.75,3.5,0.306911031242));
#577 = SURFACE_CURVE('',#578,(#582,#589),.PCURVE_S1.);
#578 = LINE('',#579,#580);
#579 = CARTESIAN_POINT('',(-60.75,3.5,0.306911031242));
#580 = VECTOR('',#581,1.);
#581 = DIRECTION('',(-0.999127753313,0.,-4.17580239022E-02));
#582 = PCURVE('',#120,#583);
#583 = DEFINITIONAL_REPRESENTATION('',(#584),#588);
#584 = LINE('',#585,#586);
#585 = CARTESIAN_POINT('',(14.844132789572,8.112645457317));
#586 = VECTOR('',#587,1.);
#587 = DIRECTION('',(4.17580239022E-02,-0.999127753313));
#588 = ( GEOMETRIC_REPRESENTATION_CONTEXT(2) 
PARAMETRIC_REPRESENTATION_CONTEXT() REPRESENTATION_CONTEXT('2D SPACE',''
  ) );
#589 = PCURVE('',#371,#590);
#590 = DEFINITIONAL_REPRESENTATION('',(#591),#595);
#591 = LINE('',#592,#593);
#592 = CARTESIAN_POINT('',(56.706054257606,11.414720463779));
#593 = VECTOR('',#594,1.);
#594 = DIRECTION('',(1.,0.));
#595 = ( GEOMETRIC_REPRESENTATION_CONTEXT(2) 
PARAMETRIC_REPRESENTATION_CONTEXT() REPRESENTATION_CONTEXT('2D SPACE',''
  ) );
#596 = ORIENTED_EDGE('',*,*,#597,.F.);
#597 = EDGE_CURVE('',#524,#575,#598,.T.);
#598 = SURFACE_CURVE('',#599,(#603,#610),.PCURVE_S1.);
#599 = LINE('',#600,#601);
#600 = CARTESIAN_POINT('',(-60.75,3.5,14.742665811053));
#601 = VECTOR('',#602,1.);
#602 = DIRECTION('',(0.,0.,-1.));
#603 = PCURVE('',#120,#604);
#604 = DEFINITIONAL_REPRESENTATION('',(#605),#609);
#605 = LINE('',#606,#607);
#606 = CARTESIAN_POINT('',(0.408378009761,8.112645457317));
#607 = VECTOR('',#608,1.);
#608 = DIRECTION('',(1.,0.));
#609 = ( GEOMETRIC_REPRESENTATION_CONTEXT(2) 
PARAMETRIC_REPRESENTATION_CONTEXT() REPRESENTATION_CONTEXT('2D SPACE',''
  ) );
#610 = PCURVE('',#611,#616);
#611 = PLANE('',#612);
#612 = AXIS2_PLACEMENT_3D('',#613,#614,#615);
#613 = CARTESIAN_POINT('',(-60.75,-1.054711873394E-14,14.742665811053));
#614 = DIRECTION('',(-1.,0.,0.));
#615 = DIRECTION('',(0.,0.,1.));
#616 = DEFINITIONAL_REPRESENTATION('',(#617),#621);
#617 = LINE('',#618,#619);
#618 = CARTESIAN_POINT('',(0.,3.5));
#619 = VECTOR('',#620,1.);
#620 = DIRECTION('',(-1.,0.));
#621 = ( GEOMETRIC_REPRESENTATION_CONTEXT(2) 
PARAMETRIC_REPRESENTATION_CONTEXT() REPRESENTATION_CONTEXT('2D SPACE',''
  ) );
#622 = FACE_BOUND('',#623,.T.);
#623 = EDGE_LOOP('',(#624));
#624 = ORIENTED_EDGE('',*,*,#105,.T.);
#625 = ADVANCED_FACE('',(#626),#158,.T.);
#626 = FACE_BOUND('',#627,.T.);
#627 = EDGE_LOOP('',(#628,#681,#702,#703));
#628 = ORIENTED_EDGE('',*,*,#629,.F.);
#629 = EDGE_CURVE('',#630,#632,#634,.T.);
#630 = VERTEX_POINT('',#631);
#631 = CARTESIAN_POINT('',(69.437419249433,-3.11750650171,15.));
#632 = VERTEX_POINT('',#633);
#633 = CARTESIAN_POINT('',(69.437419249433,-3.11750650171,
    12.333333333333));
#634 = SURFACE_CURVE('',#635,(#640,#669),.PCURVE_S1.);
#635 = ELLIPSE('',#636,3.001828632897,3.);
#636 = AXIS2_PLACEMENT_3D('',#637,#638,#639);
#637 = CARTESIAN_POINT('',(72.124838498866,-3.023659753573,
    13.666666666667));
#638 = DIRECTION('',(3.48994967025E-02,-0.999390827019,
    -5.664446587718E-32));
#639 = DIRECTION('',(-0.999390827019,-3.48994967025E-02,
    3.078992111247E-14));
#640 = PCURVE('',#158,#641);
#641 = DEFINITIONAL_REPRESENTATION('',(#642),#668);
#642 = B_SPLINE_CURVE_WITH_KNOTS('',3,(#643,#644,#645,#646,#647,#648,
    #649,#650,#651,#652,#653,#654,#655,#656,#657,#658,#659,#660,#661,
    #662,#663,#664,#665,#666,#667),.UNSPECIFIED.,.F.,.F.,(4,1,1,1,1,1,1,
    1,1,1,1,1,1,1,1,1,1,1,1,1,1,1,4),(5.822631315498,5.864499860197,
    5.906368404895,5.948236949593,5.990105494292,6.03197403899,
    6.073842583688,6.115711128386,6.157579673085,6.199448217783,
    6.241316762481,6.28318530718,6.325053851878,6.366922396576,
    6.408790941275,6.450659485973,6.492528030671,6.534396575369,
    6.576265120068,6.618133664766,6.660002209464,6.701870754163,
    6.743739298861),.QUASI_UNIFORM_KNOTS.);
#643 = CARTESIAN_POINT('',(0.921107983363,-3.11750650171));
#644 = CARTESIAN_POINT('',(0.907151801796,-3.118156340438));
#645 = CARTESIAN_POINT('',(0.879239438664,-3.119401087641));
#646 = CARTESIAN_POINT('',(0.837370893966,-3.121100469293));
#647 = CARTESIAN_POINT('',(0.795502349268,-3.122629046399));
#648 = CARTESIAN_POINT('',(0.753633804569,-3.123984163066));
#649 = CARTESIAN_POINT('',(0.711765259871,-3.125163437919));
#650 = CARTESIAN_POINT('',(0.669896715173,-3.126164805691));
#651 = CARTESIAN_POINT('',(0.628028170474,-3.12698651082));
#652 = CARTESIAN_POINT('',(0.586159625776,-3.127627113205));
#653 = CARTESIAN_POINT('',(0.544291081078,-3.128085490021));
#654 = CARTESIAN_POINT('',(0.50242253638,-3.128360837868));
#655 = CARTESIAN_POINT('',(0.460553991681,-3.128452674138));
#656 = CARTESIAN_POINT('',(0.418685446983,-3.128360837868));
#657 = CARTESIAN_POINT('',(0.376816902285,-3.128085490021));
#658 = CARTESIAN_POINT('',(0.334948357586,-3.127627113205));
#659 = CARTESIAN_POINT('',(0.293079812888,-3.12698651082));
#660 = CARTESIAN_POINT('',(0.25121126819,-3.126164805691));
#661 = CARTESIAN_POINT('',(0.209342723491,-3.125163437919));
#662 = CARTESIAN_POINT('',(0.167474178793,-3.123984163066));
#663 = CARTESIAN_POINT('',(0.125605634095,-3.122629046399));
#664 = CARTESIAN_POINT('',(8.37370893966E-02,-3.121100469293));
#665 = CARTESIAN_POINT('',(4.18685446983E-02,-3.119401087641));
#666 = CARTESIAN_POINT('',(1.39561815661E-02,-3.118156340438));
#667 = CARTESIAN_POINT('',(0.,-3.11750650171));
#668 = ( GEOMETRIC_REPRESENTATION_CONTEXT(2) 
PARAMETRIC_REPRESENTATION_CONTEXT() REPRESENTATION_CONTEXT('2D SPACE',''
  ) );
#669 = PCURVE('',#670,#675);
#670 = PLANE('',#671);
#671 = AXIS2_PLACEMENT_3D('',#672,#673,#674);
#672 = CARTESIAN_POINT('',(-2.086462859924,-5.615175502006,
    -0.179652108012));
#673 = DIRECTION('',(3.48994967025E-02,-0.999390827019,0.));
#674 = DIRECTION('',(0.,0.,-1.));
#675 = DEFINITIONAL_REPRESENTATION('',(#676),#680);
#676 = ELLIPSE('',#677,3.001828632897,3.);
#677 = AXIS2_PLACEMENT_2D('',#678,#679);
#678 = CARTESIAN_POINT('',(-13.84631877467,74.256536434441));
#679 = DIRECTION('',(-3.078992111247E-14,-1.));
#680 = ( GEOMETRIC_REPRESENTATION_CONTEXT(2) 
PARAMETRIC_REPRESENTATION_CONTEXT() REPRESENTATION_CONTEXT('2D SPACE',''
  ) );
#681 = ORIENTED_EDGE('',*,*,#682,.F.);
#682 = EDGE_CURVE('',#142,#630,#683,.T.);
#683 = SURFACE_CURVE('',#684,(#688,#695),.PCURVE_S1.);
#684 = LINE('',#685,#686);
#685 = CARTESIAN_POINT('',(69.437419249433,3.11750650171,15.));
#686 = VECTOR('',#687,1.);
#687 = DIRECTION('',(0.,-1.,0.));
#688 = PCURVE('',#158,#689);
#689 = DEFINITIONAL_REPRESENTATION('',(#690),#694);
#690 = LINE('',#691,#692);
#691 = CARTESIAN_POINT('',(0.921107983363,3.11750650171));
#692 = VECTOR('',#693,1.);
#693 = DIRECTION('',(0.,-1.));
#694 = ( GEOMETRIC_REPRESENTATION_CONTEXT(2) 
PARAMETRIC_REPRESENTATION_CONTEXT() REPRESENTATION_CONTEXT('2D SPACE',''
  ) );
#695 = PCURVE('',#208,#696);
#696 = DEFINITIONAL_REPRESENTATION('',(#697),#701);
#697 = LINE('',#698,#699);
#698 = CARTESIAN_POINT('',(-3.156290375284,6.23501300342));
#699 = VECTOR('',#700,1.);
#700 = DIRECTION('',(0.,-1.));
#701 = ( GEOMETRIC_REPRESENTATION_CONTEXT(2) 
PARAMETRIC_REPRESENTATION_CONTEXT() REPRESENTATION_CONTEXT('2D SPACE',''
  ) );
#702 = ORIENTED_EDGE('',*,*,#139,.F.);
#703 = ORIENTED_EDGE('',*,*,#704,.F.);
#704 = EDGE_CURVE('',#632,#140,#705,.T.);
#705 = SURFACE_CURVE('',#706,(#710,#717),.PCURVE_S1.);
#706 = LINE('',#707,#708);
#707 = CARTESIAN_POINT('',(69.437419249433,-3.11750650171,
    12.333333333333));
#708 = VECTOR('',#709,1.);
#709 = DIRECTION('',(0.,1.,0.));
#710 = PCURVE('',#158,#711);
#711 = DEFINITIONAL_REPRESENTATION('',(#712),#716);
#712 = LINE('',#713,#714);
#713 = CARTESIAN_POINT('',(0.,-3.11750650171));
#714 = VECTOR('',#715,1.);
#715 = DIRECTION('',(0.,1.));
#716 = ( GEOMETRIC_REPRESENTATION_CONTEXT(2) 
PARAMETRIC_REPRESENTATION_CONTEXT() REPRESENTATION_CONTEXT('2D SPACE',''
  ) );
#717 = PCURVE('',#481,#718);
#718 = DEFINITIONAL_REPRESENTATION('',(#719),#723);
#719 = LINE('',#720,#721);
#720 = CARTESIAN_POINT('',(-1.699179893141,-3.11750650171));
#721 = VECTOR('',#722,1.);
#722 = DIRECTION('',(0.,1.));
#723 = ( GEOMETRIC_REPRESENTATION_CONTEXT(2) 
PARAMETRIC_REPRESENTATION_CONTEXT() REPRESENTATION_CONTEXT('2D SPACE',''
  ) );
#724 = ADVANCED_FACE('',(#725),#208,.T.);
#725 = FACE_BOUND('',#726,.T.);
#726 = EDGE_LOOP('',(#727,#728,#729,#752,#780,#808));
#727 = ORIENTED_EDGE('',*,*,#192,.T.);
#728 = ORIENTED_EDGE('',*,*,#682,.T.);
#729 = ORIENTED_EDGE('',*,*,#730,.T.);
#730 = EDGE_CURVE('',#630,#731,#733,.T.);
#731 = VERTEX_POINT('',#732);
#732 = CARTESIAN_POINT('',(72.802365194785,-3.,15.));
#733 = SURFACE_CURVE('',#734,(#738,#745),.PCURVE_S1.);
#734 = LINE('',#735,#736);
#735 = CARTESIAN_POINT('',(69.437419249433,-3.11750650171,15.));
#736 = VECTOR('',#737,1.);
#737 = DIRECTION('',(0.999390827019,3.48994967025E-02,0.));
#738 = PCURVE('',#208,#739);
#739 = DEFINITIONAL_REPRESENTATION('',(#740),#744);
#740 = LINE('',#741,#742);
#741 = CARTESIAN_POINT('',(-3.156290375284,0.));
#742 = VECTOR('',#743,1.);
#743 = DIRECTION('',(0.999390827019,3.48994967025E-02));
#744 = ( GEOMETRIC_REPRESENTATION_CONTEXT(2) 
PARAMETRIC_REPRESENTATION_CONTEXT() REPRESENTATION_CONTEXT('2D SPACE',''
  ) );
#745 = PCURVE('',#670,#746);
#746 = DEFINITIONAL_REPRESENTATION('',(#747),#751);
#747 = LINE('',#748,#749);
#748 = CARTESIAN_POINT('',(-15.17965210801,71.567479083926));
#749 = VECTOR('',#750,1.);
#750 = DIRECTION('',(0.,1.));
#751 = ( GEOMETRIC_REPRESENTATION_CONTEXT(2) 
PARAMETRIC_REPRESENTATION_CONTEXT() REPRESENTATION_CONTEXT('2D SPACE',''
  ) );
#752 = ORIENTED_EDGE('',*,*,#753,.T.);
#753 = EDGE_CURVE('',#731,#754,#756,.T.);
#754 = VERTEX_POINT('',#755);
#755 = CARTESIAN_POINT('',(72.75,-3.,15.));
#756 = SURFACE_CURVE('',#757,(#761,#768),.PCURVE_S1.);
#757 = LINE('',#758,#759);
#758 = CARTESIAN_POINT('',(72.802365194785,-3.,15.));
#759 = VECTOR('',#760,1.);
#760 = DIRECTION('',(-1.,0.,0.));
#761 = PCURVE('',#208,#762);
#762 = DEFINITIONAL_REPRESENTATION('',(#763),#767);
#763 = LINE('',#764,#765);
#764 = CARTESIAN_POINT('',(0.208655570069,0.11750650171));
#765 = VECTOR('',#766,1.);
#766 = DIRECTION('',(-1.,0.));
#767 = ( GEOMETRIC_REPRESENTATION_CONTEXT(2) 
PARAMETRIC_REPRESENTATION_CONTEXT() REPRESENTATION_CONTEXT('2D SPACE',''
  ) );
#768 = PCURVE('',#769,#774);
#769 = PLANE('',#770);
#770 = AXIS2_PLACEMENT_3D('',#771,#772,#773);
#771 = CARTESIAN_POINT('',(72.776182597393,-3.,4.291796067501));
#772 = DIRECTION('',(0.,1.,0.));
#773 = DIRECTION('',(0.,-0.,1.));
#774 = DEFINITIONAL_REPRESENTATION('',(#775),#779);
#775 = LINE('',#776,#777);
#776 = CARTESIAN_POINT('',(10.708203932499,2.618259739251E-02));
#777 = VECTOR('',#778,1.);
#778 = DIRECTION('',(0.,-1.));
#779 = ( GEOMETRIC_REPRESENTATION_CONTEXT(2) 
PARAMETRIC_REPRESENTATION_CONTEXT() REPRESENTATION_CONTEXT('2D SPACE',''
  ) );
#780 = ORIENTED_EDGE('',*,*,#781,.T.);
#781 = EDGE_CURVE('',#754,#782,#784,.T.);
#782 = VERTEX_POINT('',#783);
#783 = CARTESIAN_POINT('',(72.75,3.,15.));
#784 = SURFACE_CURVE('',#785,(#789,#796),.PCURVE_S1.);
#785 = LINE('',#786,#787);
#786 = CARTESIAN_POINT('',(72.75,-3.,15.));
#787 = VECTOR('',#788,1.);
#788 = DIRECTION('',(0.,1.,0.));
#789 = PCURVE('',#208,#790);
#790 = DEFINITIONAL_REPRESENTATION('',(#791),#795);
#791 = LINE('',#792,#793);
#792 = CARTESIAN_POINT('',(0.156290375284,0.11750650171));
#793 = VECTOR('',#794,1.);
#794 = DIRECTION('',(0.,1.));
#795 = ( GEOMETRIC_REPRESENTATION_CONTEXT(2) 
PARAMETRIC_REPRESENTATION_CONTEXT() REPRESENTATION_CONTEXT('2D SPACE',''
  ) );
#796 = PCURVE('',#797,#802);
#797 = PLANE('',#798);
#798 = AXIS2_PLACEMENT_3D('',#799,#800,#801);
#799 = CARTESIAN_POINT('',(72.593709624716,-3.11750650171,15.));
#800 = DIRECTION('',(0.,0.,1.));
#801 = DIRECTION('',(1.,0.,-0.));
#802 = DEFINITIONAL_REPRESENTATION('',(#803),#807);
#803 = LINE('',#804,#805);
#804 = CARTESIAN_POINT('',(0.156290375284,0.11750650171));
#805 = VECTOR('',#806,1.);
#806 = DIRECTION('',(0.,1.));
#807 = ( GEOMETRIC_REPRESENTATION_CONTEXT(2) 
PARAMETRIC_REPRESENTATION_CONTEXT() REPRESENTATION_CONTEXT('2D SPACE',''
  ) );
#808 = ORIENTED_EDGE('',*,*,#809,.T.);
#809 = EDGE_CURVE('',#782,#193,#810,.T.);
#810 = SURFACE_CURVE('',#811,(#815,#822),.PCURVE_S1.);
#811 = LINE('',#812,#813);
#812 = CARTESIAN_POINT('',(72.75,3.,15.));
#813 = VECTOR('',#814,1.);
#814 = DIRECTION('',(1.,0.,0.));
#815 = PCURVE('',#208,#816);
#816 = DEFINITIONAL_REPRESENTATION('',(#817),#821);
#817 = LINE('',#818,#819);
#818 = CARTESIAN_POINT('',(0.156290375284,6.11750650171));
#819 = VECTOR('',#820,1.);
#820 = DIRECTION('',(1.,0.));
#821 = ( GEOMETRIC_REPRESENTATION_CONTEXT(2) 
PARAMETRIC_REPRESENTATION_CONTEXT() REPRESENTATION_CONTEXT('2D SPACE',''
  ) );
#822 = PCURVE('',#236,#823);
#823 = DEFINITIONAL_REPRESENTATION('',(#824),#828);
#824 = LINE('',#825,#826);
#825 = CARTESIAN_POINT('',(-10.70820393249,-2.618259739219E-02));
#826 = VECTOR('',#827,1.);
#827 = DIRECTION('',(0.,1.));
#828 = ( GEOMETRIC_REPRESENTATION_CONTEXT(2) 
PARAMETRIC_REPRESENTATION_CONTEXT() REPRESENTATION_CONTEXT('2D SPACE',''
  ) );
#829 = ADVANCED_FACE('',(#830),#292,.T.);
#830 = FACE_BOUND('',#831,.T.);
#831 = EDGE_LOOP('',(#832,#862,#883,#884));
#832 = ORIENTED_EDGE('',*,*,#833,.F.);
#833 = EDGE_CURVE('',#834,#836,#838,.T.);
#834 = VERTEX_POINT('',#835);
#835 = CARTESIAN_POINT('',(72.75,3.,4.291796067501));
#836 = VERTEX_POINT('',#837);
#837 = CARTESIAN_POINT('',(72.75,3.,11.382466897828));
#838 = SURFACE_CURVE('',#839,(#843,#850),.PCURVE_S1.);
#839 = LINE('',#840,#841);
#840 = CARTESIAN_POINT('',(72.75,3.,4.291796067501));
#841 = VECTOR('',#842,1.);
#842 = DIRECTION('',(0.,0.,1.));
#843 = PCURVE('',#292,#844);
#844 = DEFINITIONAL_REPRESENTATION('',(#845),#849);
#845 = LINE('',#846,#847);
#846 = CARTESIAN_POINT('',(0.,-2.618259739219E-02));
#847 = VECTOR('',#848,1.);
#848 = DIRECTION('',(-1.,0.));
#849 = ( GEOMETRIC_REPRESENTATION_CONTEXT(2) 
PARAMETRIC_REPRESENTATION_CONTEXT() REPRESENTATION_CONTEXT('2D SPACE',''
  ) );
#850 = PCURVE('',#851,#856);
#851 = CYLINDRICAL_SURFACE('',#852,3.);
#852 = AXIS2_PLACEMENT_3D('',#853,#854,#855);
#853 = CARTESIAN_POINT('',(72.75,4.440892098501E-15,9.64589803375));
#854 = DIRECTION('',(0.,0.,1.));
#855 = DIRECTION('',(0.,-1.,0.));
#856 = DEFINITIONAL_REPRESENTATION('',(#857),#861);
#857 = LINE('',#858,#859);
#858 = CARTESIAN_POINT('',(3.14159265359,-5.35410196625));
#859 = VECTOR('',#860,1.);
#860 = DIRECTION('',(0.,1.));
#861 = ( GEOMETRIC_REPRESENTATION_CONTEXT(2) 
PARAMETRIC_REPRESENTATION_CONTEXT() REPRESENTATION_CONTEXT('2D SPACE',''
  ) );
#862 = ORIENTED_EDGE('',*,*,#863,.T.);
#863 = EDGE_CURVE('',#834,#277,#864,.T.);
#864 = SURFACE_CURVE('',#865,(#870,#877),.PCURVE_S1.);
#865 = ELLIPSE('',#866,8.99988496023,8.999769918296);
#866 = AXIS2_PLACEMENT_3D('',#867,#868,#869);
#867 = CARTESIAN_POINT('',(66.750153832734,3.000000000072,
    10.999828906223));
#868 = DIRECTION('',(-5.383952928043E-12,-1.,5.972200902157E-12));
#869 = DIRECTION('',(0.743621820832,-1.060855353041E-14,0.668600469326)
  );
#870 = PCURVE('',#292,#871);
#871 = DEFINITIONAL_REPRESENTATION('',(#872),#876);
#872 = ELLIPSE('',#873,8.99988496023,8.999769918296);
#873 = AXIS2_PLACEMENT_2D('',#874,#875);
#874 = CARTESIAN_POINT('',(-6.708032838723,-6.026028764658));
#875 = DIRECTION('',(-0.668600469326,0.743621820832));
#876 = ( GEOMETRIC_REPRESENTATION_CONTEXT(2) 
PARAMETRIC_REPRESENTATION_CONTEXT() REPRESENTATION_CONTEXT('2D SPACE',''
  ) );
#877 = PCURVE('',#321,#878);
#878 = DEFINITIONAL_REPRESENTATION('',(#879),#882);
#879 = B_SPLINE_CURVE_WITH_KNOTS('',1,(#880,#881),.UNSPECIFIED.,.F.,.F.,
  (2,2),(4.709791458416,4.71762522473),.PIECEWISE_BEZIER_KNOTS.);
#880 = CARTESIAN_POINT('',(0.841068670568,3.));
#881 = CARTESIAN_POINT('',(0.833235004387,3.));
#882 = ( GEOMETRIC_REPRESENTATION_CONTEXT(2) 
PARAMETRIC_REPRESENTATION_CONTEXT() REPRESENTATION_CONTEXT('2D SPACE',''
  ) );
#883 = ORIENTED_EDGE('',*,*,#276,.T.);
#884 = ORIENTED_EDGE('',*,*,#885,.T.);
#885 = EDGE_CURVE('',#249,#836,#886,.T.);
#886 = SURFACE_CURVE('',#887,(#891,#898),.PCURVE_S1.);
#887 = LINE('',#888,#889);
#888 = CARTESIAN_POINT('',(74.556948841403,3.,13.272303300764));
#889 = VECTOR('',#890,1.);
#890 = DIRECTION('',(-0.691078679695,0.,-0.722779536561));
#891 = PCURVE('',#292,#892);
#892 = DEFINITIONAL_REPRESENTATION('',(#893),#897);
#893 = LINE('',#894,#895);
#894 = CARTESIAN_POINT('',(-8.980507233263,1.780766244011));
#895 = VECTOR('',#896,1.);
#896 = DIRECTION('',(0.722779536561,-0.691078679695));
#897 = ( GEOMETRIC_REPRESENTATION_CONTEXT(2) 
PARAMETRIC_REPRESENTATION_CONTEXT() REPRESENTATION_CONTEXT('2D SPACE',''
  ) );
#898 = PCURVE('',#899,#904);
#899 = PLANE('',#900);
#900 = AXIS2_PLACEMENT_3D('',#901,#902,#903);
#901 = CARTESIAN_POINT('',(71.831948841403,1.279222540575E-16,
    10.422303300764));
#902 = DIRECTION('',(-0.722779536561,0.,0.691078679695));
#903 = DIRECTION('',(0.691078679695,0.,0.722779536561));
#904 = DEFINITIONAL_REPRESENTATION('',(#905),#909);
#905 = LINE('',#906,#907);
#906 = CARTESIAN_POINT('',(3.943111081367,3.));
#907 = VECTOR('',#908,1.);
#908 = DIRECTION('',(-1.,0.));
#909 = ( GEOMETRIC_REPRESENTATION_CONTEXT(2) 
PARAMETRIC_REPRESENTATION_CONTEXT() REPRESENTATION_CONTEXT('2D SPACE',''
  ) );
#910 = ADVANCED_FACE('',(#911),#264,.F.);
#911 = FACE_BOUND('',#912,.F.);
#912 = EDGE_LOOP('',(#913,#936,#962));
#913 = ORIENTED_EDGE('',*,*,#914,.F.);
#914 = EDGE_CURVE('',#915,#249,#917,.T.);
#915 = VERTEX_POINT('',#916);
#916 = CARTESIAN_POINT('',(74.556948841403,3.,13.272303300764));
#917 = SURFACE_CURVE('',#918,(#922,#929),.PCURVE_S1.);
#918 = LINE('',#919,#920);
#919 = CARTESIAN_POINT('',(74.556948841403,3.,13.272303300764));
#920 = VECTOR('',#921,1.);
#921 = DIRECTION('',(-0.691078679695,0.,-0.722779536561));
#922 = PCURVE('',#264,#923);
#923 = DEFINITIONAL_REPRESENTATION('',(#924),#928);
#924 = LINE('',#925,#926);
#925 = CARTESIAN_POINT('',(0.,0.));
#926 = VECTOR('',#927,1.);
#927 = DIRECTION('',(1.,2.010125520398E-17));
#928 = ( GEOMETRIC_REPRESENTATION_CONTEXT(2) 
PARAMETRIC_REPRESENTATION_CONTEXT() REPRESENTATION_CONTEXT('2D SPACE',''
  ) );
#929 = PCURVE('',#899,#930);
#930 = DEFINITIONAL_REPRESENTATION('',(#931),#935);
#931 = LINE('',#932,#933);
#932 = CARTESIAN_POINT('',(3.943111081367,3.));
#933 = VECTOR('',#934,1.);
#934 = DIRECTION('',(-1.,0.));
#935 = ( GEOMETRIC_REPRESENTATION_CONTEXT(2) 
PARAMETRIC_REPRESENTATION_CONTEXT() REPRESENTATION_CONTEXT('2D SPACE',''
  ) );
#936 = ORIENTED_EDGE('',*,*,#937,.T.);
#937 = EDGE_CURVE('',#915,#221,#938,.T.);
#938 = SURFACE_CURVE('',#939,(#943,#950),.PCURVE_S1.);
#939 = LINE('',#940,#941);
#940 = CARTESIAN_POINT('',(74.556948841403,3.,13.272303300764));
#941 = VECTOR('',#942,1.);
#942 = DIRECTION('',(-0.722779536561,0.,0.691078679695));
#943 = PCURVE('',#264,#944);
#944 = DEFINITIONAL_REPRESENTATION('',(#945),#949);
#945 = LINE('',#946,#947);
#946 = CARTESIAN_POINT('',(0.,0.));
#947 = VECTOR('',#948,1.);
#948 = DIRECTION('',(-2.010125520398E-17,-1.));
#949 = ( GEOMETRIC_REPRESENTATION_CONTEXT(2) 
PARAMETRIC_REPRESENTATION_CONTEXT() REPRESENTATION_CONTEXT('2D SPACE',''
  ) );
#950 = PCURVE('',#951,#956);
#951 = PLANE('',#952);
#952 = AXIS2_PLACEMENT_3D('',#953,#954,#955);
#953 = CARTESIAN_POINT('',(74.556948841403,-3.,13.272303300764));
#954 = DIRECTION('',(-0.691078679695,0.,-0.722779536561));
#955 = DIRECTION('',(0.,1.,0.));
#956 = DEFINITIONAL_REPRESENTATION('',(#957),#961);
#957 = LINE('',#958,#959);
#958 = CARTESIAN_POINT('',(6.,0.));
#959 = VECTOR('',#960,1.);
#960 = DIRECTION('',(0.,-1.));
#961 = ( GEOMETRIC_REPRESENTATION_CONTEXT(2) 
PARAMETRIC_REPRESENTATION_CONTEXT() REPRESENTATION_CONTEXT('2D SPACE',''
  ) );
#962 = ORIENTED_EDGE('',*,*,#248,.F.);
#963 = ADVANCED_FACE('',(#964),#236,.T.);
#964 = FACE_BOUND('',#965,.T.);
#965 = EDGE_LOOP('',(#966,#967,#988));
#966 = ORIENTED_EDGE('',*,*,#809,.F.);
#967 = ORIENTED_EDGE('',*,*,#968,.F.);
#968 = EDGE_CURVE('',#221,#782,#969,.T.);
#969 = SURFACE_CURVE('',#970,(#974,#981),.PCURVE_S1.);
#970 = LINE('',#971,#972);
#971 = CARTESIAN_POINT('',(74.556948841403,3.,13.272303300764));
#972 = VECTOR('',#973,1.);
#973 = DIRECTION('',(-0.722779536561,0.,0.691078679695));
#974 = PCURVE('',#236,#975);
#975 = DEFINITIONAL_REPRESENTATION('',(#976),#980);
#976 = LINE('',#977,#978);
#977 = CARTESIAN_POINT('',(-8.980507233263,1.780766244011));
#978 = VECTOR('',#979,1.);
#979 = DIRECTION('',(-0.691078679695,-0.722779536561));
#980 = ( GEOMETRIC_REPRESENTATION_CONTEXT(2) 
PARAMETRIC_REPRESENTATION_CONTEXT() REPRESENTATION_CONTEXT('2D SPACE',''
  ) );
#981 = PCURVE('',#951,#982);
#982 = DEFINITIONAL_REPRESENTATION('',(#983),#987);
#983 = LINE('',#984,#985);
#984 = CARTESIAN_POINT('',(6.,0.));
#985 = VECTOR('',#986,1.);
#986 = DIRECTION('',(0.,-1.));
#987 = ( GEOMETRIC_REPRESENTATION_CONTEXT(2) 
PARAMETRIC_REPRESENTATION_CONTEXT() REPRESENTATION_CONTEXT('2D SPACE',''
  ) );
#988 = ORIENTED_EDGE('',*,*,#220,.T.);
#989 = ADVANCED_FACE('',(#990),#321,.T.);
#990 = FACE_BOUND('',#991,.T.);
#991 = EDGE_LOOP('',(#992,#1040,#1061,#1062,#1063,#1135,#1207));
#992 = ORIENTED_EDGE('',*,*,#993,.F.);
#993 = EDGE_CURVE('',#994,#996,#998,.T.);
#994 = VERTEX_POINT('',#995);
#995 = CARTESIAN_POINT('',(59.75,-3.455798636289,5.343145750508));
#996 = VERTEX_POINT('',#997);
#997 = CARTESIAN_POINT('',(72.802365194785,-3.,4.339003411729));
#998 = SURFACE_CURVE('',#999,(#1004,#1033),.PCURVE_S1.);
#999 = ELLIPSE('',#1000,9.00548589869,9.000000000002);
#1000 = AXIS2_PLACEMENT_3D('',#1001,#1002,#1003);
#1001 = CARTESIAN_POINT('',(66.75,-3.211353249847,11.000000000002));
#1002 = DIRECTION('',(3.48994967025E-02,-0.999390827019,
    -1.056976664435E-15));
#1003 = DIRECTION('',(0.999390827019,3.48994967025E-02,
    2.424357479455E-11));
#1004 = PCURVE('',#321,#1005);
#1005 = DEFINITIONAL_REPRESENTATION('',(#1006),#1032);
#1006 = B_SPLINE_CURVE_WITH_KNOTS('',3,(#1007,#1008,#1009,#1010,#1011,
    #1012,#1013,#1014,#1015,#1016,#1017,#1018,#1019,#1020,#1021,#1022,
    #1023,#1024,#1025,#1026,#1027,#1028,#1029,#1030,#1031),
  .UNSPECIFIED.,.F.,.F.,(4,1,1,1,1,1,1,1,1,1,1,1,1,1,1,1,1,1,1,1,1,1,4),
  (3.821266472474,3.895297555669,3.969328638864,4.04335972206,
    4.117390805255,4.19142188845,4.265452971645,4.33948405484,
    4.413515138036,4.487546221231,4.561577304426,4.635608387621,
    4.709639470817,4.783670554012,4.857701637207,4.931732720402,
    5.005763803597,5.079794886793,5.153825969988,5.227857053183,
    5.301888136378,5.375919219574,5.449950302769),
  .QUASI_UNIFORM_KNOTS.);
#1007 = CARTESIAN_POINT('',(2.461918834682,-3.455798636289));
#1008 = CARTESIAN_POINT('',(2.43724180695,-3.450924459434));
#1009 = CARTESIAN_POINT('',(2.387887751486,-3.440727377286));
#1010 = CARTESIAN_POINT('',(2.313856668291,-3.424176790222));
#1011 = CARTESIAN_POINT('',(2.239825585096,-3.40645991406));
#1012 = CARTESIAN_POINT('',(2.165794501901,-3.387674337082));
#1013 = CARTESIAN_POINT('',(2.091763418705,-3.367922825585));
#1014 = CARTESIAN_POINT('',(2.01773233551,-3.347313618601));
#1015 = CARTESIAN_POINT('',(1.943701252315,-3.325959605134));
#1016 = CARTESIAN_POINT('',(1.86967016912,-3.303977767328));
#1017 = CARTESIAN_POINT('',(1.795639085924,-3.281488523122));
#1018 = CARTESIAN_POINT('',(1.721608002729,-3.258615071012));
#1019 = CARTESIAN_POINT('',(1.647576919534,-3.235482713972));
#1020 = CARTESIAN_POINT('',(1.573545836339,-3.212218173347));
#1021 = CARTESIAN_POINT('',(1.499514753144,-3.188948894595));
#1022 = CARTESIAN_POINT('',(1.425483669948,-3.165802349076));
#1023 = CARTESIAN_POINT('',(1.351452586753,-3.142905336016));
#1024 = CARTESIAN_POINT('',(1.277421503558,-3.120383286893));
#1025 = CARTESIAN_POINT('',(1.203390420363,-3.098359582023));
#1026 = CARTESIAN_POINT('',(1.129359337167,-3.076954860814));
#1027 = CARTESIAN_POINT('',(1.055328253972,-3.056286412611));
#1028 = CARTESIAN_POINT('',(0.981297170777,-3.036467341153));
#1029 = CARTESIAN_POINT('',(0.907266087582,-3.017606665331));
#1030 = CARTESIAN_POINT('',(0.857912032118,-3.005739577512));
#1031 = CARTESIAN_POINT('',(0.833235004386,-3.));
#1032 = ( GEOMETRIC_REPRESENTATION_CONTEXT(2) 
PARAMETRIC_REPRESENTATION_CONTEXT() REPRESENTATION_CONTEXT('2D SPACE',''
  ) );
#1033 = PCURVE('',#670,#1034);
#1034 = DEFINITIONAL_REPRESENTATION('',(#1035),#1039);
#1035 = ELLIPSE('',#1036,9.00548589869,9.000000000002);
#1036 = AXIS2_PLACEMENT_2D('',#1037,#1038);
#1037 = CARTESIAN_POINT('',(-11.17965210801,68.878421733412));
#1038 = DIRECTION('',(-2.424357479455E-11,1.));
#1039 = ( GEOMETRIC_REPRESENTATION_CONTEXT(2) 
PARAMETRIC_REPRESENTATION_CONTEXT() REPRESENTATION_CONTEXT('2D SPACE',''
  ) );
#1040 = ORIENTED_EDGE('',*,*,#1041,.T.);
#1041 = EDGE_CURVE('',#994,#305,#1042,.T.);
#1042 = SURFACE_CURVE('',#1043,(#1047,#1054),.PCURVE_S1.);
#1043 = LINE('',#1044,#1045);
#1044 = CARTESIAN_POINT('',(59.75,-3.455798636289,5.343145750508));
#1045 = VECTOR('',#1046,1.);
#1046 = DIRECTION('',(0.,1.,0.));
#1047 = PCURVE('',#321,#1048);
#1048 = DEFINITIONAL_REPRESENTATION('',(#1049),#1053);
#1049 = LINE('',#1050,#1051);
#1050 = CARTESIAN_POINT('',(2.461918834682,-3.455798636289));
#1051 = VECTOR('',#1052,1.);
#1052 = DIRECTION('',(0.,1.));
#1053 = ( GEOMETRIC_REPRESENTATION_CONTEXT(2) 
PARAMETRIC_REPRESENTATION_CONTEXT() REPRESENTATION_CONTEXT('2D SPACE',''
  ) );
#1054 = PCURVE('',#371,#1055);
#1055 = DEFINITIONAL_REPRESENTATION('',(#1056),#1060);
#1056 = LINE('',#1057,#1058);
#1057 = CARTESIAN_POINT('',(-63.89914322636,4.45892182749));
#1058 = VECTOR('',#1059,1.);
#1059 = DIRECTION('',(0.,1.));
#1060 = ( GEOMETRIC_REPRESENTATION_CONTEXT(2) 
PARAMETRIC_REPRESENTATION_CONTEXT() REPRESENTATION_CONTEXT('2D SPACE',''
  ) );
#1061 = ORIENTED_EDGE('',*,*,#304,.F.);
#1062 = ORIENTED_EDGE('',*,*,#863,.F.);
#1063 = ORIENTED_EDGE('',*,*,#1064,.F.);
#1064 = EDGE_CURVE('',#1065,#834,#1067,.T.);
#1065 = VERTEX_POINT('',#1066);
#1066 = CARTESIAN_POINT('',(75.75,9.339062083853E-15,11.));
#1067 = SURFACE_CURVE('',#1068,(#1077,#1106),.PCURVE_S1.);
#1068 = B_SPLINE_CURVE_WITH_KNOTS('',3,(#1069,#1070,#1071,#1072,#1073,
    #1074,#1075,#1076),.UNSPECIFIED.,.F.,.F.,(4,2,2,4),(-2.60578783141,
    -2.202346586008,-2.000625963306,-1.798905340605),.UNSPECIFIED.);
#1069 = CARTESIAN_POINT('',(75.75,4.440892098501E-15,11.));
#1070 = CARTESIAN_POINT('',(75.75,0.672402075671,9.835365441823));
#1071 = CARTESIAN_POINT('',(75.513136739541,1.396617203862,
    8.589025622333));
#1072 = CARTESIAN_POINT('',(74.758401596706,2.261100739142,
    6.844643575889));
#1073 = CARTESIAN_POINT('',(74.442781718648,2.51207604258,6.284050084059
    ));
#1074 = CARTESIAN_POINT('',(73.688656690128,2.880097165026,
    5.231627806706));
#1075 = CARTESIAN_POINT('',(73.251178916471,3.,4.740064117948));
#1076 = CARTESIAN_POINT('',(72.75,3.,4.291796067501));
#1077 = PCURVE('',#321,#1078);
#1078 = DEFINITIONAL_REPRESENTATION('',(#1079),#1105);
#1079 = B_SPLINE_CURVE_WITH_KNOTS('',3,(#1080,#1081,#1082,#1083,#1084,
    #1085,#1086,#1087,#1088,#1089,#1090,#1091,#1092,#1093,#1094,#1095,
    #1096,#1097,#1098,#1099,#1100,#1101,#1102,#1103,#1104),
  .UNSPECIFIED.,.F.,.F.,(4,1,1,1,1,1,1,1,1,1,1,1,1,1,1,1,1,1,1,1,1,1,4),
  (-2.60578783141,-2.569111354555,-2.532434877701,-2.495758400846,
    -2.459081923991,-2.422405447136,-2.385728970282,-2.349052493427,
    -2.312376016572,-2.275699539717,-2.239023062862,-2.202346586008,
    -2.165670109153,-2.128993632298,-2.092317155443,-2.055640678589,
    -2.018964201734,-1.982287724879,-1.945611248024,-1.908934771169,
    -1.872258294315,-1.83558181746,-1.798905340605),
  .QUASI_UNIFORM_KNOTS.);
#1080 = CARTESIAN_POINT('',(0.,4.440892098501E-15));
#1081 = CARTESIAN_POINT('',(1.176394653252E-02,6.112746142463E-02));
#1082 = CARTESIAN_POINT('',(3.544205791427E-02,0.184238798372));
#1083 = CARTESIAN_POINT('',(7.137641175037E-02,0.370574794377));
#1084 = CARTESIAN_POINT('',(0.107694532483,0.55767952951));
#1085 = CARTESIAN_POINT('',(0.144362831127,0.744652751413));
#1086 = CARTESIAN_POINT('',(0.181348395348,0.930594211093));
#1087 = CARTESIAN_POINT('',(0.218619580702,1.114603646991));
#1088 = CARTESIAN_POINT('',(0.256146731255,1.295780844452));
#1089 = CARTESIAN_POINT('',(0.293902738899,1.473225413766));
#1090 = CARTESIAN_POINT('',(0.331864147372,1.646037618543));
#1091 = CARTESIAN_POINT('',(0.370010198403,1.813315284164));
#1092 = CARTESIAN_POINT('',(0.408329462717,1.97416533561));
#1093 = CARTESIAN_POINT('',(0.446798036589,2.127660737688));
#1094 = CARTESIAN_POINT('',(0.48540549544,2.272700974707));
#1095 = CARTESIAN_POINT('',(0.524160004335,2.408218745413));
#1096 = CARTESIAN_POINT('',(0.563066095474,2.533140259048));
#1097 = CARTESIAN_POINT('',(0.60213125316,2.646384468434));
#1098 = CARTESIAN_POINT('',(0.641363374073,2.746905841574));
#1099 = CARTESIAN_POINT('',(0.680765885578,2.833831774485));
#1100 = CARTESIAN_POINT('',(0.720385385814,2.904990087692));
#1101 = CARTESIAN_POINT('',(0.760265406948,2.958411521037));
#1102 = CARTESIAN_POINT('',(0.800453666023,2.992072423617));
#1103 = CARTESIAN_POINT('',(0.827484963003,3.));
#1104 = CARTESIAN_POINT('',(0.841068670568,3.));
#1105 = ( GEOMETRIC_REPRESENTATION_CONTEXT(2) 
PARAMETRIC_REPRESENTATION_CONTEXT() REPRESENTATION_CONTEXT('2D SPACE',''
  ) );
#1106 = PCURVE('',#851,#1107);
#1107 = DEFINITIONAL_REPRESENTATION('',(#1108),#1134);
#1108 = B_SPLINE_CURVE_WITH_KNOTS('',3,(#1109,#1110,#1111,#1112,#1113,
    #1114,#1115,#1116,#1117,#1118,#1119,#1120,#1121,#1122,#1123,#1124,
    #1125,#1126,#1127,#1128,#1129,#1130,#1131,#1132,#1133),
  .UNSPECIFIED.,.F.,.F.,(4,1,1,1,1,1,1,1,1,1,1,1,1,1,1,1,1,1,1,1,1,1,4),
  (-2.60578783141,-2.569111354555,-2.532434877701,-2.495758400846,
    -2.459081923991,-2.422405447136,-2.385728970282,-2.349052493427,
    -2.312376016572,-2.275699539717,-2.239023062862,-2.202346586008,
    -2.165670109153,-2.128993632298,-2.092317155443,-2.055640678589,
    -2.018964201734,-1.982287724879,-1.945611248024,-1.908934771169,
    -1.872258294315,-1.83558181746,-1.798905340605),
  .QUASI_UNIFORM_KNOTS.);
#1109 = CARTESIAN_POINT('',(1.570796326795,1.35410196625));
#1110 = CARTESIAN_POINT('',(1.591172012488,1.248226097325));
#1111 = CARTESIAN_POINT('',(1.632209500125,1.035123859287));
#1112 = CARTESIAN_POINT('',(1.694580132365,0.712163361025));
#1113 = CARTESIAN_POINT('',(1.757720679417,0.386640080899));
#1114 = CARTESIAN_POINT('',(1.821588538358,5.929837830525E-02));
#1115 = CARTESIAN_POINT('',(1.88614894292,-0.26911738756));
#1116 = CARTESIAN_POINT('',(1.951379908025,-0.597862856763));
#1117 = CARTESIAN_POINT('',(2.017277409662,-0.926193672114));
#1118 = CARTESIAN_POINT('',(2.083859300841,-1.253365466189));
#1119 = CARTESIAN_POINT('',(2.151171692358,-1.578633909753));
#1120 = CARTESIAN_POINT('',(2.219283451661,-1.901254531052));
#1121 = CARTESIAN_POINT('',(2.288321640869,-2.220483390216));
#1122 = CARTESIAN_POINT('',(2.358350150859,-2.535574562364));
#1123 = CARTESIAN_POINT('',(2.429348751018,-2.846039007763));
#1124 = CARTESIAN_POINT('',(2.501429491293,-3.151389973273));
#1125 = CARTESIAN_POINT('',(2.574717764434,-3.45113911833));
#1126 = CARTESIAN_POINT('',(2.649382885475,-3.744802165469));
#1127 = CARTESIAN_POINT('',(2.725642164108,-4.031880172253));
#1128 = CARTESIAN_POINT('',(2.803713040152,-4.311911296931));
#1129 = CARTESIAN_POINT('',(2.883832878827,-4.584607395504));
#1130 = CARTESIAN_POINT('',(2.966387628295,-4.849650226617));
#1131 = CARTESIAN_POINT('',(3.051868925375,-5.106729616248));
#1132 = CARTESIAN_POINT('',(3.111224747775,-5.27259868435));
#1133 = CARTESIAN_POINT('',(3.14159265359,-5.35410196625));
#1134 = ( GEOMETRIC_REPRESENTATION_CONTEXT(2) 
PARAMETRIC_REPRESENTATION_CONTEXT() REPRESENTATION_CONTEXT('2D SPACE',''
  ) );
#1135 = ORIENTED_EDGE('',*,*,#1136,.F.);
#1136 = EDGE_CURVE('',#1137,#1065,#1139,.T.);
#1137 = VERTEX_POINT('',#1138);
#1138 = CARTESIAN_POINT('',(72.75,-3.,4.291796067501));
#1139 = SURFACE_CURVE('',#1140,(#1149,#1178),.PCURVE_S1.);
#1140 = B_SPLINE_CURVE_WITH_KNOTS('',3,(#1141,#1142,#1143,#1144,#1145,
    #1146,#1147,#1148),.UNSPECIFIED.,.F.,.F.,(4,2,2,4),(-0.806882490805,
    -0.605161868104,-0.403441245403,0.),.UNSPECIFIED.);
#1141 = CARTESIAN_POINT('',(72.75,-3.,4.291796067501));
#1142 = CARTESIAN_POINT('',(73.251178916471,-3.,4.740064117948));
#1143 = CARTESIAN_POINT('',(73.688656690128,-2.880097165026,
    5.231627806706));
#1144 = CARTESIAN_POINT('',(74.442781718648,-2.51207604258,
    6.284050084059));
#1145 = CARTESIAN_POINT('',(74.758401596706,-2.261100739142,
    6.844643575889));
#1146 = CARTESIAN_POINT('',(75.513136739541,-1.396617203862,
    8.589025622333));
#1147 = CARTESIAN_POINT('',(75.75,-0.672402075671,9.835365441823));
#1148 = CARTESIAN_POINT('',(75.75,4.440892098501E-15,11.));
#1149 = PCURVE('',#321,#1150);
#1150 = DEFINITIONAL_REPRESENTATION('',(#1151),#1177);
#1151 = B_SPLINE_CURVE_WITH_KNOTS('',3,(#1152,#1153,#1154,#1155,#1156,
    #1157,#1158,#1159,#1160,#1161,#1162,#1163,#1164,#1165,#1166,#1167,
    #1168,#1169,#1170,#1171,#1172,#1173,#1174,#1175,#1176),
  .UNSPECIFIED.,.F.,.F.,(4,1,1,1,1,1,1,1,1,1,1,1,1,1,1,1,1,1,1,1,1,1,4),
  (-0.806882490805,-0.77020601395,-0.733529537095,-0.696853060241,
    -0.660176583386,-0.623500106531,-0.586823629676,-0.550147152822,
    -0.513470675967,-0.476794199112,-0.440117722257,-0.403441245403,
    -0.366764768548,-0.330088291693,-0.293411814838,-0.256735337983,
    -0.220058861129,-0.183382384274,-0.146705907419,-0.110029430564,
    -7.335295370955E-02,-3.667647685477E-02,0.),.UNSPECIFIED.);
#1152 = CARTESIAN_POINT('',(0.841068670568,-3.));
#1153 = CARTESIAN_POINT('',(0.827484963003,-3.));
#1154 = CARTESIAN_POINT('',(0.800453666023,-2.992072423617));
#1155 = CARTESIAN_POINT('',(0.760265406948,-2.958411521037));
#1156 = CARTESIAN_POINT('',(0.720385385814,-2.904990087692));
#1157 = CARTESIAN_POINT('',(0.680765885578,-2.833831774485));
#1158 = CARTESIAN_POINT('',(0.641363374073,-2.746905841574));
#1159 = CARTESIAN_POINT('',(0.60213125316,-2.646384468434));
#1160 = CARTESIAN_POINT('',(0.563066095474,-2.533140259048));
#1161 = CARTESIAN_POINT('',(0.524160004335,-2.408218745413));
#1162 = CARTESIAN_POINT('',(0.48540549544,-2.272700974707));
#1163 = CARTESIAN_POINT('',(0.446798036589,-2.127660737688));
#1164 = CARTESIAN_POINT('',(0.408329462717,-1.97416533561));
#1165 = CARTESIAN_POINT('',(0.370010198403,-1.813315284164));
#1166 = CARTESIAN_POINT('',(0.331864147372,-1.646037618543));
#1167 = CARTESIAN_POINT('',(0.293902738899,-1.473225413766));
#1168 = CARTESIAN_POINT('',(0.256146731255,-1.295780844452));
#1169 = CARTESIAN_POINT('',(0.218619580702,-1.114603646991));
#1170 = CARTESIAN_POINT('',(0.181348395348,-0.930594211093));
#1171 = CARTESIAN_POINT('',(0.144362831127,-0.744652751413));
#1172 = CARTESIAN_POINT('',(0.107694532483,-0.55767952951));
#1173 = CARTESIAN_POINT('',(7.137641175037E-02,-0.370574794377));
#1174 = CARTESIAN_POINT('',(3.544205791427E-02,-0.184238798372));
#1175 = CARTESIAN_POINT('',(1.176394653252E-02,-6.112746142462E-02));
#1176 = CARTESIAN_POINT('',(0.,4.440892098501E-15));
#1177 = ( GEOMETRIC_REPRESENTATION_CONTEXT(2) 
PARAMETRIC_REPRESENTATION_CONTEXT() REPRESENTATION_CONTEXT('2D SPACE',''
  ) );
#1178 = PCURVE('',#851,#1179);
#1179 = DEFINITIONAL_REPRESENTATION('',(#1180),#1206);
#1180 = B_SPLINE_CURVE_WITH_KNOTS('',3,(#1181,#1182,#1183,#1184,#1185,
    #1186,#1187,#1188,#1189,#1190,#1191,#1192,#1193,#1194,#1195,#1196,
    #1197,#1198,#1199,#1200,#1201,#1202,#1203,#1204,#1205),
  .UNSPECIFIED.,.F.,.F.,(4,1,1,1,1,1,1,1,1,1,1,1,1,1,1,1,1,1,1,1,1,1,4),
  (-0.806882490805,-0.77020601395,-0.733529537095,-0.696853060241,
    -0.660176583386,-0.623500106531,-0.586823629676,-0.550147152822,
    -0.513470675967,-0.476794199112,-0.440117722257,-0.403441245403,
    -0.366764768548,-0.330088291693,-0.293411814838,-0.256735337983,
    -0.220058861129,-0.183382384274,-0.146705907419,-0.110029430564,
    -7.335295370955E-02,-3.667647685477E-02,0.),.UNSPECIFIED.);
#1181 = CARTESIAN_POINT('',(0.,-5.35410196625));
#1182 = CARTESIAN_POINT('',(3.03679058144E-02,-5.27259868435));
#1183 = CARTESIAN_POINT('',(8.972372821432E-02,-5.106729616248));
#1184 = CARTESIAN_POINT('',(0.175205025295,-4.849650226617));
#1185 = CARTESIAN_POINT('',(0.257759774763,-4.584607395504));
#1186 = CARTESIAN_POINT('',(0.337879613438,-4.311911296931));
#1187 = CARTESIAN_POINT('',(0.415950489482,-4.031880172253));
#1188 = CARTESIAN_POINT('',(0.492209768115,-3.744802165469));
#1189 = CARTESIAN_POINT('',(0.566874889156,-3.45113911833));
#1190 = CARTESIAN_POINT('',(0.640163162297,-3.151389973273));
#1191 = CARTESIAN_POINT('',(0.712243902572,-2.846039007763));
#1192 = CARTESIAN_POINT('',(0.783242502731,-2.535574562364));
#1193 = CARTESIAN_POINT('',(0.853271012721,-2.220483390216));
#1194 = CARTESIAN_POINT('',(0.922309201929,-1.901254531052));
#1195 = CARTESIAN_POINT('',(0.990420961232,-1.578633909753));
#1196 = CARTESIAN_POINT('',(1.057733352749,-1.253365466189));
#1197 = CARTESIAN_POINT('',(1.124315243927,-0.926193672114));
#1198 = CARTESIAN_POINT('',(1.190212745565,-0.597862856763));
#1199 = CARTESIAN_POINT('',(1.25544371067,-0.26911738756));
#1200 = CARTESIAN_POINT('',(1.320004115232,5.929837830527E-02));
#1201 = CARTESIAN_POINT('',(1.383871974173,0.386640080899));
#1202 = CARTESIAN_POINT('',(1.447012521225,0.712163361025));
#1203 = CARTESIAN_POINT('',(1.509383153465,1.035123859287));
#1204 = CARTESIAN_POINT('',(1.550420641101,1.248226097325));
#1205 = CARTESIAN_POINT('',(1.570796326795,1.35410196625));
#1206 = ( GEOMETRIC_REPRESENTATION_CONTEXT(2) 
PARAMETRIC_REPRESENTATION_CONTEXT() REPRESENTATION_CONTEXT('2D SPACE',''
  ) );
#1207 = ORIENTED_EDGE('',*,*,#1208,.F.);
#1208 = EDGE_CURVE('',#996,#1137,#1209,.T.);
#1209 = SURFACE_CURVE('',#1210,(#1215,#1221),.PCURVE_S1.);
#1210 = ELLIPSE('',#1211,9.001499865407,9.000749900912);
#1211 = AXIS2_PLACEMENT_3D('',#1212,#1213,#1214);
#1212 = CARTESIAN_POINT('',(66.7489959228,-2.999999999928,
    11.001114192629));
#1213 = DIRECTION('',(5.383952929482E-12,1.,-5.972200903754E-12));
#1214 = DIRECTION('',(-0.669444868473,8.040779229077E-12,0.742861742234)
  );
#1215 = PCURVE('',#321,#1216);
#1216 = DEFINITIONAL_REPRESENTATION('',(#1217),#1220);
#1217 = B_SPLINE_CURVE_WITH_KNOTS('',1,(#1218,#1219),.UNSPECIFIED.,.F.,
  .F.,(2,2),(3.137492920559,3.145325934072),.PIECEWISE_BEZIER_KNOTS.);
#1218 = CARTESIAN_POINT('',(0.833235004386,-3.));
#1219 = CARTESIAN_POINT('',(0.841068670568,-3.));
#1220 = ( GEOMETRIC_REPRESENTATION_CONTEXT(2) 
PARAMETRIC_REPRESENTATION_CONTEXT() REPRESENTATION_CONTEXT('2D SPACE',''
  ) );
#1221 = PCURVE('',#1222,#1227);
#1222 = PLANE('',#1223);
#1223 = AXIS2_PLACEMENT_3D('',#1224,#1225,#1226);
#1224 = CARTESIAN_POINT('',(72.776182597393,-3.,4.291796067501));
#1225 = DIRECTION('',(0.,1.,0.));
#1226 = DIRECTION('',(0.,-0.,1.));
#1227 = DEFINITIONAL_REPRESENTATION('',(#1228),#1232);
#1228 = ELLIPSE('',#1229,9.001499865407,9.000749900912);
#1229 = AXIS2_PLACEMENT_2D('',#1230,#1231);
#1230 = CARTESIAN_POINT('',(6.709318125129,-6.027186674593));
#1231 = DIRECTION('',(0.742861742234,-0.669444868473));
#1232 = ( GEOMETRIC_REPRESENTATION_CONTEXT(2) 
PARAMETRIC_REPRESENTATION_CONTEXT() REPRESENTATION_CONTEXT('2D SPACE',''
  ) );
#1233 = ADVANCED_FACE('',(#1234),#371,.T.);
#1234 = FACE_BOUND('',#1235,.T.);
#1235 = EDGE_LOOP('',(#1236,#1237,#1258,#1259,#1260,#1283,#1311,#1339));
#1236 = ORIENTED_EDGE('',*,*,#574,.T.);
#1237 = ORIENTED_EDGE('',*,*,#1238,.T.);
#1238 = EDGE_CURVE('',#547,#356,#1239,.T.);
#1239 = SURFACE_CURVE('',#1240,(#1244,#1251),.PCURVE_S1.);
#1240 = LINE('',#1241,#1242);
#1241 = CARTESIAN_POINT('',(-67.93681482073,3.5,6.541850154373E-03));
#1242 = VECTOR('',#1243,1.);
#1243 = DIRECTION('',(0.,1.,0.));
#1244 = PCURVE('',#371,#1245);
#1245 = DEFINITIONAL_REPRESENTATION('',(#1246),#1250);
#1246 = LINE('',#1247,#1248);
#1247 = CARTESIAN_POINT('',(63.899143226364,11.414720463779));
#1248 = VECTOR('',#1249,1.);
#1249 = DIRECTION('',(0.,1.));
#1250 = ( GEOMETRIC_REPRESENTATION_CONTEXT(2) 
PARAMETRIC_REPRESENTATION_CONTEXT() REPRESENTATION_CONTEXT('2D SPACE',''
  ) );
#1251 = PCURVE('',#400,#1252);
#1252 = DEFINITIONAL_REPRESENTATION('',(#1253),#1257);
#1253 = LINE('',#1254,#1255);
#1254 = CARTESIAN_POINT('',(4.674050603245,-2.364134700522));
#1255 = VECTOR('',#1256,1.);
#1256 = DIRECTION('',(0.,1.));
#1257 = ( GEOMETRIC_REPRESENTATION_CONTEXT(2) 
PARAMETRIC_REPRESENTATION_CONTEXT() REPRESENTATION_CONTEXT('2D SPACE',''
  ) );
#1258 = ORIENTED_EDGE('',*,*,#355,.F.);
#1259 = ORIENTED_EDGE('',*,*,#1041,.F.);
#1260 = ORIENTED_EDGE('',*,*,#1261,.F.);
#1261 = EDGE_CURVE('',#1262,#994,#1264,.T.);
#1262 = VERTEX_POINT('',#1263);
#1263 = CARTESIAN_POINT('',(-67.93681482073,-7.914720463779,
    6.541850154373E-03));
#1264 = SURFACE_CURVE('',#1265,(#1269,#1276),.PCURVE_S1.);
#1265 = LINE('',#1266,#1267);
#1266 = CARTESIAN_POINT('',(-67.93681482073,-7.914720463779,
    6.541850154374E-03));
#1267 = VECTOR('',#1268,1.);
#1268 = DIRECTION('',(0.998520172021,3.486909276002E-02,
    4.173263035867E-02));
#1269 = PCURVE('',#371,#1270);
#1270 = DEFINITIONAL_REPRESENTATION('',(#1271),#1275);
#1271 = LINE('',#1272,#1273);
#1272 = CARTESIAN_POINT('',(63.899143226364,0.));
#1273 = VECTOR('',#1274,1.);
#1274 = DIRECTION('',(-0.999391888285,3.486909276002E-02));
#1275 = ( GEOMETRIC_REPRESENTATION_CONTEXT(2) 
PARAMETRIC_REPRESENTATION_CONTEXT() REPRESENTATION_CONTEXT('2D SPACE',''
  ) );
#1276 = PCURVE('',#670,#1277);
#1277 = DEFINITIONAL_REPRESENTATION('',(#1278),#1282);
#1278 = LINE('',#1279,#1280);
#1279 = CARTESIAN_POINT('',(-0.186193958167,-65.89049066742));
#1280 = VECTOR('',#1281,1.);
#1281 = DIRECTION('',(-4.173263035867E-02,0.999128814299));
#1282 = ( GEOMETRIC_REPRESENTATION_CONTEXT(2) 
PARAMETRIC_REPRESENTATION_CONTEXT() REPRESENTATION_CONTEXT('2D SPACE',''
  ) );
#1283 = ORIENTED_EDGE('',*,*,#1284,.T.);
#1284 = EDGE_CURVE('',#1262,#1285,#1287,.T.);
#1285 = VERTEX_POINT('',#1286);
#1286 = CARTESIAN_POINT('',(-67.93681482073,-3.5,6.541850154373E-03));
#1287 = SURFACE_CURVE('',#1288,(#1292,#1299),.PCURVE_S1.);
#1288 = LINE('',#1289,#1290);
#1289 = CARTESIAN_POINT('',(-67.93681482073,-7.914720463779,
    6.541850154373E-03));
#1290 = VECTOR('',#1291,1.);
#1291 = DIRECTION('',(0.,1.,0.));
#1292 = PCURVE('',#371,#1293);
#1293 = DEFINITIONAL_REPRESENTATION('',(#1294),#1298);
#1294 = LINE('',#1295,#1296);
#1295 = CARTESIAN_POINT('',(63.899143226364,0.));
#1296 = VECTOR('',#1297,1.);
#1297 = DIRECTION('',(0.,1.));
#1298 = ( GEOMETRIC_REPRESENTATION_CONTEXT(2) 
PARAMETRIC_REPRESENTATION_CONTEXT() REPRESENTATION_CONTEXT('2D SPACE',''
  ) );
#1299 = PCURVE('',#1300,#1305);
#1300 = CYLINDRICAL_SURFACE('',#1301,7.5);
#1301 = AXIS2_PLACEMENT_3D('',#1302,#1303,#1304);
#1302 = CARTESIAN_POINT('',(-68.25,-5.863994761578,7.5));
#1303 = DIRECTION('',(0.,1.,0.));
#1304 = DIRECTION('',(-0.999994111407,0.,-3.431785363484E-03));
#1305 = DEFINITIONAL_REPRESENTATION('',(#1306),#1310);
#1306 = LINE('',#1307,#1308);
#1307 = CARTESIAN_POINT('',(-1.609134703934,-2.050725702201));
#1308 = VECTOR('',#1309,1.);
#1309 = DIRECTION('',(0.,1.));
#1310 = ( GEOMETRIC_REPRESENTATION_CONTEXT(2) 
PARAMETRIC_REPRESENTATION_CONTEXT() REPRESENTATION_CONTEXT('2D SPACE',''
  ) );
#1311 = ORIENTED_EDGE('',*,*,#1312,.T.);
#1312 = EDGE_CURVE('',#1285,#1313,#1315,.T.);
#1313 = VERTEX_POINT('',#1314);
#1314 = CARTESIAN_POINT('',(-60.75,-3.5,0.306911031242));
#1315 = SURFACE_CURVE('',#1316,(#1320,#1327),.PCURVE_S1.);
#1316 = LINE('',#1317,#1318);
#1317 = CARTESIAN_POINT('',(-67.93681482073,-3.5,6.541850154373E-03));
#1318 = VECTOR('',#1319,1.);
#1319 = DIRECTION('',(0.999127753313,0.,4.17580239022E-02));
#1320 = PCURVE('',#371,#1321);
#1321 = DEFINITIONAL_REPRESENTATION('',(#1322),#1326);
#1322 = LINE('',#1323,#1324);
#1323 = CARTESIAN_POINT('',(63.899143226364,4.414720463779));
#1324 = VECTOR('',#1325,1.);
#1325 = DIRECTION('',(-1.,0.));
#1326 = ( GEOMETRIC_REPRESENTATION_CONTEXT(2) 
PARAMETRIC_REPRESENTATION_CONTEXT() REPRESENTATION_CONTEXT('2D SPACE',''
  ) );
#1327 = PCURVE('',#1328,#1333);
#1328 = PLANE('',#1329);
#1329 = AXIS2_PLACEMENT_3D('',#1330,#1331,#1332);
#1330 = CARTESIAN_POINT('',(-68.86264545731,-3.5,15.151043820814));
#1331 = DIRECTION('',(0.,1.,0.));
#1332 = DIRECTION('',(0.,-0.,1.));
#1333 = DEFINITIONAL_REPRESENTATION('',(#1334),#1338);
#1334 = LINE('',#1335,#1336);
#1335 = CARTESIAN_POINT('',(-15.14450197066,0.925830636583));
#1336 = VECTOR('',#1337,1.);
#1337 = DIRECTION('',(4.17580239022E-02,0.999127753313));
#1338 = ( GEOMETRIC_REPRESENTATION_CONTEXT(2) 
PARAMETRIC_REPRESENTATION_CONTEXT() REPRESENTATION_CONTEXT('2D SPACE',''
  ) );
#1339 = ORIENTED_EDGE('',*,*,#1340,.T.);
#1340 = EDGE_CURVE('',#1313,#575,#1341,.T.);
#1341 = SURFACE_CURVE('',#1342,(#1346,#1353),.PCURVE_S1.);
#1342 = LINE('',#1343,#1344);
#1343 = CARTESIAN_POINT('',(-60.75,-3.5,0.306911031242));
#1344 = VECTOR('',#1345,1.);
#1345 = DIRECTION('',(0.,1.,0.));
#1346 = PCURVE('',#371,#1347);
#1347 = DEFINITIONAL_REPRESENTATION('',(#1348),#1352);
#1348 = LINE('',#1349,#1350);
#1349 = CARTESIAN_POINT('',(56.706054257606,4.414720463779));
#1350 = VECTOR('',#1351,1.);
#1351 = DIRECTION('',(0.,1.));
#1352 = ( GEOMETRIC_REPRESENTATION_CONTEXT(2) 
PARAMETRIC_REPRESENTATION_CONTEXT() REPRESENTATION_CONTEXT('2D SPACE',''
  ) );
#1353 = PCURVE('',#611,#1354);
#1354 = DEFINITIONAL_REPRESENTATION('',(#1355),#1359);
#1355 = LINE('',#1356,#1357);
#1356 = CARTESIAN_POINT('',(-14.43575477981,-3.5));
#1357 = VECTOR('',#1358,1.);
#1358 = DIRECTION('',(0.,1.));
#1359 = ( GEOMETRIC_REPRESENTATION_CONTEXT(2) 
PARAMETRIC_REPRESENTATION_CONTEXT() REPRESENTATION_CONTEXT('2D SPACE',''
  ) );
#1360 = ADVANCED_FACE('',(#1361),#400,.T.);
#1361 = FACE_BOUND('',#1362,.T.);
#1362 = EDGE_LOOP('',(#1363,#1364,#1385,#1386));
#1363 = ORIENTED_EDGE('',*,*,#546,.T.);
#1364 = ORIENTED_EDGE('',*,*,#1365,.T.);
#1365 = EDGE_CURVE('',#522,#384,#1366,.T.);
#1366 = SURFACE_CURVE('',#1367,(#1371,#1378),.PCURVE_S1.);
#1367 = LINE('',#1368,#1369);
#1368 = CARTESIAN_POINT('',(-67.98825377473,3.5,14.995431202643));
#1369 = VECTOR('',#1370,1.);
#1370 = DIRECTION('',(0.,1.,0.));
#1371 = PCURVE('',#400,#1372);
#1372 = DEFINITIONAL_REPRESENTATION('',(#1373),#1377);
#1373 = LINE('',#1374,#1375);
#1374 = CARTESIAN_POINT('',(7.892320011114,-2.364134700522));
#1375 = VECTOR('',#1376,1.);
#1376 = DIRECTION('',(0.,1.));
#1377 = ( GEOMETRIC_REPRESENTATION_CONTEXT(2) 
PARAMETRIC_REPRESENTATION_CONTEXT() REPRESENTATION_CONTEXT('2D SPACE',''
  ) );
#1378 = PCURVE('',#450,#1379);
#1379 = DEFINITIONAL_REPRESENTATION('',(#1380),#1384);
#1380 = LINE('',#1381,#1382);
#1381 = CARTESIAN_POINT('',(-65.94033512835,11.416516751635));
#1382 = VECTOR('',#1383,1.);
#1383 = DIRECTION('',(0.,1.));
#1384 = ( GEOMETRIC_REPRESENTATION_CONTEXT(2) 
PARAMETRIC_REPRESENTATION_CONTEXT() REPRESENTATION_CONTEXT('2D SPACE',''
  ) );
#1385 = ORIENTED_EDGE('',*,*,#383,.F.);
#1386 = ORIENTED_EDGE('',*,*,#1238,.F.);
#1387 = ADVANCED_FACE('',(#1388),#450,.T.);
#1388 = FACE_BOUND('',#1389,.T.);
#1389 = EDGE_LOOP('',(#1390,#1391,#1414,#1437,#1460,#1483,#1504,#1505));
#1390 = ORIENTED_EDGE('',*,*,#521,.T.);
#1391 = ORIENTED_EDGE('',*,*,#1392,.T.);
#1392 = EDGE_CURVE('',#524,#1393,#1395,.T.);
#1393 = VERTEX_POINT('',#1394);
#1394 = CARTESIAN_POINT('',(-60.75,-3.5,14.742665811053));
#1395 = SURFACE_CURVE('',#1396,(#1400,#1407),.PCURVE_S1.);
#1396 = LINE('',#1397,#1398);
#1397 = CARTESIAN_POINT('',(-60.75,3.5,14.742665811053));
#1398 = VECTOR('',#1399,1.);
#1399 = DIRECTION('',(0.,-1.,0.));
#1400 = PCURVE('',#450,#1401);
#1401 = DEFINITIONAL_REPRESENTATION('',(#1402),#1406);
#1402 = LINE('',#1403,#1404);
#1403 = CARTESIAN_POINT('',(-58.6976693173,11.416516751635));
#1404 = VECTOR('',#1405,1.);
#1405 = DIRECTION('',(0.,-1.));
#1406 = ( GEOMETRIC_REPRESENTATION_CONTEXT(2) 
PARAMETRIC_REPRESENTATION_CONTEXT() REPRESENTATION_CONTEXT('2D SPACE',''
  ) );
#1407 = PCURVE('',#611,#1408);
#1408 = DEFINITIONAL_REPRESENTATION('',(#1409),#1413);
#1409 = LINE('',#1410,#1411);
#1410 = CARTESIAN_POINT('',(0.,3.5));
#1411 = VECTOR('',#1412,1.);
#1412 = DIRECTION('',(0.,-1.));
#1413 = ( GEOMETRIC_REPRESENTATION_CONTEXT(2) 
PARAMETRIC_REPRESENTATION_CONTEXT() REPRESENTATION_CONTEXT('2D SPACE',''
  ) );
#1414 = ORIENTED_EDGE('',*,*,#1415,.T.);
#1415 = EDGE_CURVE('',#1393,#1416,#1418,.T.);
#1416 = VERTEX_POINT('',#1417);
#1417 = CARTESIAN_POINT('',(-67.98825377473,-3.5,14.995431202643));
#1418 = SURFACE_CURVE('',#1419,(#1423,#1430),.PCURVE_S1.);
#1419 = LINE('',#1420,#1421);
#1420 = CARTESIAN_POINT('',(-60.75,-3.5,14.742665811053));
#1421 = VECTOR('',#1422,1.);
#1422 = DIRECTION('',(-0.999390827019,0.,3.489949670249E-02));
#1423 = PCURVE('',#450,#1424);
#1424 = DEFINITIONAL_REPRESENTATION('',(#1425),#1429);
#1425 = LINE('',#1426,#1427);
#1426 = CARTESIAN_POINT('',(-58.6976693173,4.416516751635));
#1427 = VECTOR('',#1428,1.);
#1428 = DIRECTION('',(-1.,0.));
#1429 = ( GEOMETRIC_REPRESENTATION_CONTEXT(2) 
PARAMETRIC_REPRESENTATION_CONTEXT() REPRESENTATION_CONTEXT('2D SPACE',''
  ) );
#1430 = PCURVE('',#1328,#1431);
#1431 = DEFINITIONAL_REPRESENTATION('',(#1432),#1436);
#1432 = LINE('',#1433,#1434);
#1433 = CARTESIAN_POINT('',(-0.408378009761,8.112645457317));
#1434 = VECTOR('',#1435,1.);
#1435 = DIRECTION('',(3.489949670249E-02,-0.999390827019));
#1436 = ( GEOMETRIC_REPRESENTATION_CONTEXT(2) 
PARAMETRIC_REPRESENTATION_CONTEXT() REPRESENTATION_CONTEXT('2D SPACE',''
  ) );
#1437 = ORIENTED_EDGE('',*,*,#1438,.F.);
#1438 = EDGE_CURVE('',#1439,#1416,#1441,.T.);
#1439 = VERTEX_POINT('',#1440);
#1440 = CARTESIAN_POINT('',(-67.98825377473,-7.916516751635,
    14.995431202643));
#1441 = SURFACE_CURVE('',#1442,(#1446,#1453),.PCURVE_S1.);
#1442 = LINE('',#1443,#1444);
#1443 = CARTESIAN_POINT('',(-67.98825377473,-7.916516751635,
    14.995431202643));
#1444 = VECTOR('',#1445,1.);
#1445 = DIRECTION('',(0.,1.,0.));
#1446 = PCURVE('',#450,#1447);
#1447 = DEFINITIONAL_REPRESENTATION('',(#1448),#1452);
#1448 = LINE('',#1449,#1450);
#1449 = CARTESIAN_POINT('',(-65.94033512835,0.));
#1450 = VECTOR('',#1451,1.);
#1451 = DIRECTION('',(0.,1.));
#1452 = ( GEOMETRIC_REPRESENTATION_CONTEXT(2) 
PARAMETRIC_REPRESENTATION_CONTEXT() REPRESENTATION_CONTEXT('2D SPACE',''
  ) );
#1453 = PCURVE('',#1300,#1454);
#1454 = DEFINITIONAL_REPRESENTATION('',(#1455),#1459);
#1455 = LINE('',#1456,#1457);
#1456 = CARTESIAN_POINT('',(1.609134703934,-2.052521990057));
#1457 = VECTOR('',#1458,1.);
#1458 = DIRECTION('',(0.,1.));
#1459 = ( GEOMETRIC_REPRESENTATION_CONTEXT(2) 
PARAMETRIC_REPRESENTATION_CONTEXT() REPRESENTATION_CONTEXT('2D SPACE',''
  ) );
#1460 = ORIENTED_EDGE('',*,*,#1461,.F.);
#1461 = EDGE_CURVE('',#1462,#1439,#1464,.T.);
#1462 = VERTEX_POINT('',#1463);
#1463 = CARTESIAN_POINT('',(63.812078340955,-3.313947734887,
    10.392862185895));
#1464 = SURFACE_CURVE('',#1465,(#1469,#1476),.PCURVE_S1.);
#1465 = LINE('',#1466,#1467);
#1466 = CARTESIAN_POINT('',(63.812078340955,-3.313947734887,
    10.392862185895));
#1467 = VECTOR('',#1468,1.);
#1468 = DIRECTION('',(-0.998782765959,-3.487826274237E-02,
    3.487826274237E-02));
#1469 = PCURVE('',#450,#1470);
#1470 = DEFINITIONAL_REPRESENTATION('',(#1471),#1475);
#1471 = LINE('',#1472,#1473);
#1472 = CARTESIAN_POINT('',(65.940335128355,4.602569016748));
#1473 = VECTOR('',#1474,1.);
#1474 = DIRECTION('',(-0.999391568299,-3.487826274237E-02));
#1475 = ( GEOMETRIC_REPRESENTATION_CONTEXT(2) 
PARAMETRIC_REPRESENTATION_CONTEXT() REPRESENTATION_CONTEXT('2D SPACE',''
  ) );
#1476 = PCURVE('',#670,#1477);
#1477 = DEFINITIONAL_REPRESENTATION('',(#1478),#1482);
#1478 = LINE('',#1479,#1480);
#1479 = CARTESIAN_POINT('',(-10.5725142939,65.938709280969));
#1480 = VECTOR('',#1481,1.);
#1481 = DIRECTION('',(-3.487826274237E-02,-0.999391568299));
#1482 = ( GEOMETRIC_REPRESENTATION_CONTEXT(2) 
PARAMETRIC_REPRESENTATION_CONTEXT() REPRESENTATION_CONTEXT('2D SPACE',''
  ) );
#1483 = ORIENTED_EDGE('',*,*,#1484,.T.);
#1484 = EDGE_CURVE('',#1462,#435,#1485,.T.);
#1485 = SURFACE_CURVE('',#1486,(#1490,#1497),.PCURVE_S1.);
#1486 = LINE('',#1487,#1488);
#1487 = CARTESIAN_POINT('',(63.812078340955,-3.313947734887,
    10.392862185895));
#1488 = VECTOR('',#1489,1.);
#1489 = DIRECTION('',(0.,1.,0.));
#1490 = PCURVE('',#450,#1491);
#1491 = DEFINITIONAL_REPRESENTATION('',(#1492),#1496);
#1492 = LINE('',#1493,#1494);
#1493 = CARTESIAN_POINT('',(65.940335128355,4.602569016748));
#1494 = VECTOR('',#1495,1.);
#1495 = DIRECTION('',(0.,1.));
#1496 = ( GEOMETRIC_REPRESENTATION_CONTEXT(2) 
PARAMETRIC_REPRESENTATION_CONTEXT() REPRESENTATION_CONTEXT('2D SPACE',''
  ) );
#1497 = PCURVE('',#481,#1498);
#1498 = DEFINITIONAL_REPRESENTATION('',(#1499),#1503);
#1499 = LINE('',#1500,#1501);
#1500 = CARTESIAN_POINT('',(1.699179893141,-3.313947734887));
#1501 = VECTOR('',#1502,1.);
#1502 = DIRECTION('',(0.,1.));
#1503 = ( GEOMETRIC_REPRESENTATION_CONTEXT(2) 
PARAMETRIC_REPRESENTATION_CONTEXT() REPRESENTATION_CONTEXT('2D SPACE',''
  ) );
#1504 = ORIENTED_EDGE('',*,*,#434,.F.);
#1505 = ORIENTED_EDGE('',*,*,#1365,.F.);
#1506 = ADVANCED_FACE('',(#1507,#1560),#481,.F.);
#1507 = FACE_BOUND('',#1508,.F.);
#1508 = EDGE_LOOP('',(#1509,#1510,#1511,#1512));
#1509 = ORIENTED_EDGE('',*,*,#1484,.T.);
#1510 = ORIENTED_EDGE('',*,*,#462,.T.);
#1511 = ORIENTED_EDGE('',*,*,#704,.F.);
#1512 = ORIENTED_EDGE('',*,*,#1513,.T.);
#1513 = EDGE_CURVE('',#632,#1462,#1514,.T.);
#1514 = SURFACE_CURVE('',#1515,(#1520,#1549),.PCURVE_S1.);
#1515 = ELLIPSE('',#1516,3.001828632896,3.);
#1516 = AXIS2_PLACEMENT_3D('',#1517,#1518,#1519);
#1517 = CARTESIAN_POINT('',(66.75,-3.211353249847,11.));
#1518 = DIRECTION('',(-3.48994967025E-02,0.999390827019,
    1.512104433508E-16));
#1519 = DIRECTION('',(0.999390827019,3.48994967025E-02,
    1.102895623757E-11));
#1520 = PCURVE('',#481,#1521);
#1521 = DEFINITIONAL_REPRESENTATION('',(#1522),#1548);
#1522 = B_SPLINE_CURVE_WITH_KNOTS('',3,(#1523,#1524,#1525,#1526,#1527,
    #1528,#1529,#1530,#1531,#1532,#1533,#1534,#1535,#1536,#1537,#1538,
    #1539,#1540,#1541,#1542,#1543,#1544,#1545,#1546,#1547),
  .UNSPECIFIED.,.F.,.F.,(4,1,1,1,1,1,1,1,1,1,1,1,1,1,1,1,1,1,1,1,1,1,4),
  (5.822631315509,5.977102214886,6.131573114262,6.286044013639,
    6.440514913015,6.594985812391,6.749456711768,6.903927611144,
    7.058398510521,7.212869409897,7.367340309274,7.52181120865,
    7.676282108026,7.830753007403,7.985223906779,8.139694806156,
    8.294165705532,8.448636604909,8.603107504285,8.757578403661,
    8.912049303038,9.066520202414,9.220991101791),
  .QUASI_UNIFORM_KNOTS.);
#1523 = CARTESIAN_POINT('',(-1.699179893141,-3.11750650171));
#1524 = CARTESIAN_POINT('',(-1.647689593349,-3.115104289872));
#1525 = CARTESIAN_POINT('',(-1.544708993764,-3.111064337823));
#1526 = CARTESIAN_POINT('',(-1.390238094388,-3.107379422072));
#1527 = CARTESIAN_POINT('',(-1.235767195011,-3.106174074511));
#1528 = CARTESIAN_POINT('',(-1.081296295635,-3.107472496531));
#1529 = CARTESIAN_POINT('',(-0.926825396259,-3.111244974167));
#1530 = CARTESIAN_POINT('',(-0.772354496882,-3.117401346933));
#1531 = CARTESIAN_POINT('',(-0.617883597506,-3.125795094511));
#1532 = CARTESIAN_POINT('',(-0.463412698129,-3.136226306249));
#1533 = CARTESIAN_POINT('',(-0.308941798753,-3.148446581053));
#1534 = CARTESIAN_POINT('',(-0.154470899376,-3.162164905472));
#1535 = CARTESIAN_POINT('',(3.206075631364E-14,-3.177054593825));
#1536 = CARTESIAN_POINT('',(0.154470899376,-3.192761065221));
#1537 = CARTESIAN_POINT('',(0.308941798753,-3.208910288026));
#1538 = CARTESIAN_POINT('',(0.463412698129,-3.225117687493));
#1539 = CARTESIAN_POINT('',(0.617883597506,-3.240997301449));
#1540 = CARTESIAN_POINT('',(0.772354496882,-3.256170981116));
#1541 = CARTESIAN_POINT('',(0.926825396259,-3.270277360503));
#1542 = CARTESIAN_POINT('',(1.081296295635,-3.282980595492));
#1543 = CARTESIAN_POINT('',(1.235767195011,-3.293977863085));
#1544 = CARTESIAN_POINT('',(1.390238094388,-3.303008433193));
#1545 = CARTESIAN_POINT('',(1.544708993764,-3.30985293448));
#1546 = CARTESIAN_POINT('',(1.647689593349,-3.312860638568));
#1547 = CARTESIAN_POINT('',(1.699179893141,-3.313947734887));
#1548 = ( GEOMETRIC_REPRESENTATION_CONTEXT(2) 
PARAMETRIC_REPRESENTATION_CONTEXT() REPRESENTATION_CONTEXT('2D SPACE',''
  ) );
#1549 = PCURVE('',#670,#1550);
#1550 = DEFINITIONAL_REPRESENTATION('',(#1551),#1559);
#1551 = ( BOUNDED_CURVE() B_SPLINE_CURVE(2,(#1552,#1553,#1554,#1555,
#1556,#1557,#1558),.UNSPECIFIED.,.T.,.F.) B_SPLINE_CURVE_WITH_KNOTS((1,2
    ,2,2,2,1),(-2.094395102393,0.,2.094395102393,4.188790204786,
6.28318530718,8.377580409573),.UNSPECIFIED.) CURVE() 
GEOMETRIC_REPRESENTATION_ITEM() RATIONAL_B_SPLINE_CURVE((1.,0.5,1.,0.5,
1.,0.5,1.)) REPRESENTATION_ITEM('') );
#1552 = CARTESIAN_POINT('',(-11.17965210804,71.880250366308));
#1553 = CARTESIAN_POINT('',(-5.983499685339,71.880250366365));
#1554 = CARTESIAN_POINT('',(-8.581575896642,67.377507416992));
#1555 = CARTESIAN_POINT('',(-11.17965210794,62.874764467619));
#1556 = CARTESIAN_POINT('',(-13.77772831934,67.377507416935));
#1557 = CARTESIAN_POINT('',(-16.37580453075,71.880250366251));
#1558 = CARTESIAN_POINT('',(-11.17965210804,71.880250366308));
#1559 = ( GEOMETRIC_REPRESENTATION_CONTEXT(2) 
PARAMETRIC_REPRESENTATION_CONTEXT() REPRESENTATION_CONTEXT('2D SPACE',''
  ) );
#1560 = FACE_BOUND('',#1561,.F.);
#1561 = EDGE_LOOP('',(#1562,#1593,#1619,#1652,#1685,#1711));
#1562 = ORIENTED_EDGE('',*,*,#1563,.F.);
#1563 = EDGE_CURVE('',#1564,#1566,#1568,.T.);
#1564 = VERTEX_POINT('',#1565);
#1565 = CARTESIAN_POINT('',(69.652130289106,-3.,11.760026173927));
#1566 = VERTEX_POINT('',#1567);
#1567 = CARTESIAN_POINT('',(68.24330376684,-3.,8.39806920539));
#1568 = SURFACE_CURVE('',#1569,(#1574,#1581),.PCURVE_S1.);
#1569 = CIRCLE('',#1570,3.);
#1570 = AXIS2_PLACEMENT_3D('',#1571,#1572,#1573);
#1571 = CARTESIAN_POINT('',(66.75,-3.,11.));
#1572 = DIRECTION('',(0.,1.,0.));
#1573 = DIRECTION('',(0.326095577812,0.,-0.9453368046));
#1574 = PCURVE('',#481,#1575);
#1575 = DEFINITIONAL_REPRESENTATION('',(#1576),#1580);
#1576 = LINE('',#1577,#1578);
#1577 = CARTESIAN_POINT('',(-6.28318530718,-3.));
#1578 = VECTOR('',#1579,1.);
#1579 = DIRECTION('',(1.,0.));
#1580 = ( GEOMETRIC_REPRESENTATION_CONTEXT(2) 
PARAMETRIC_REPRESENTATION_CONTEXT() REPRESENTATION_CONTEXT('2D SPACE',''
  ) );
#1581 = PCURVE('',#1582,#1587);
#1582 = PLANE('',#1583);
#1583 = AXIS2_PLACEMENT_3D('',#1584,#1585,#1586);
#1584 = CARTESIAN_POINT('',(69.106948841403,-3.,7.572303300764));
#1585 = DIRECTION('',(0.,1.,0.));
#1586 = DIRECTION('',(0.691078679695,0.,0.722779536561));
#1587 = DEFINITIONAL_REPRESENTATION('',(#1588),#1592);
#1588 = CIRCLE('',#1589,3.);
#1589 = AXIS2_PLACEMENT_2D('',#1590,#1591);
#1590 = CARTESIAN_POINT('',(0.848631938322,-4.072362500589));
#1591 = DIRECTION('',(-0.457912396155,0.888997321395));
#1592 = ( GEOMETRIC_REPRESENTATION_CONTEXT(2) 
PARAMETRIC_REPRESENTATION_CONTEXT() REPRESENTATION_CONTEXT('2D SPACE',''
  ) );
#1593 = ORIENTED_EDGE('',*,*,#1594,.T.);
#1594 = EDGE_CURVE('',#1564,#1595,#1597,.T.);
#1595 = VERTEX_POINT('',#1596);
#1596 = CARTESIAN_POINT('',(69.652130289106,3.,11.760026173927));
#1597 = SURFACE_CURVE('',#1598,(#1602,#1608),.PCURVE_S1.);
#1598 = LINE('',#1599,#1600);
#1599 = CARTESIAN_POINT('',(69.652130289106,0.,11.760026173927));
#1600 = VECTOR('',#1601,1.);
#1601 = DIRECTION('',(0.,1.,0.));
#1602 = PCURVE('',#481,#1603);
#1603 = DEFINITIONAL_REPRESENTATION('',(#1604),#1607);
#1604 = B_SPLINE_CURVE_WITH_KNOTS('',1,(#1605,#1606),.UNSPECIFIED.,.F.,
  .F.,(2,2),(-3.313948334887,3.313948334887),.PIECEWISE_BEZIER_KNOTS.);
#1605 = CARTESIAN_POINT('',(-1.494759365564,-3.313948334887));
#1606 = CARTESIAN_POINT('',(-1.494759365564,3.313948334887));
#1607 = ( GEOMETRIC_REPRESENTATION_CONTEXT(2) 
PARAMETRIC_REPRESENTATION_CONTEXT() REPRESENTATION_CONTEXT('2D SPACE',''
  ) );
#1608 = PCURVE('',#1609,#1614);
#1609 = PLANE('',#1610);
#1610 = AXIS2_PLACEMENT_3D('',#1611,#1612,#1613);
#1611 = CARTESIAN_POINT('',(70.025,1.279222540575E-16,12.15));
#1612 = DIRECTION('',(-0.722779536561,0.,0.691078679695));
#1613 = DIRECTION('',(0.691078679695,0.,0.722779536561));
#1614 = DEFINITIONAL_REPRESENTATION('',(#1615),#1618);
#1615 = B_SPLINE_CURVE_WITH_KNOTS('',1,(#1616,#1617),.UNSPECIFIED.,.F.,
  .F.,(2,2),(-3.313948334887,3.313948334887),.PIECEWISE_BEZIER_KNOTS.);
#1616 = CARTESIAN_POINT('',(-0.539547408783,-3.313948334887));
#1617 = CARTESIAN_POINT('',(-0.539547408783,3.313948334887));
#1618 = ( GEOMETRIC_REPRESENTATION_CONTEXT(2) 
PARAMETRIC_REPRESENTATION_CONTEXT() REPRESENTATION_CONTEXT('2D SPACE',''
  ) );
#1619 = ORIENTED_EDGE('',*,*,#1620,.T.);
#1620 = EDGE_CURVE('',#1595,#1621,#1623,.T.);
#1621 = VERTEX_POINT('',#1622);
#1622 = CARTESIAN_POINT('',(68.24330376684,3.,8.39806920539));
#1623 = SURFACE_CURVE('',#1624,(#1629,#1636),.PCURVE_S1.);
#1624 = CIRCLE('',#1625,3.);
#1625 = AXIS2_PLACEMENT_3D('',#1626,#1627,#1628);
#1626 = CARTESIAN_POINT('',(66.75,3.,11.));
#1627 = DIRECTION('',(0.,1.,0.));
#1628 = DIRECTION('',(0.326095577812,0.,-0.9453368046));
#1629 = PCURVE('',#481,#1630);
#1630 = DEFINITIONAL_REPRESENTATION('',(#1631),#1635);
#1631 = LINE('',#1632,#1633);
#1632 = CARTESIAN_POINT('',(-6.28318530718,3.));
#1633 = VECTOR('',#1634,1.);
#1634 = DIRECTION('',(1.,0.));
#1635 = ( GEOMETRIC_REPRESENTATION_CONTEXT(2) 
PARAMETRIC_REPRESENTATION_CONTEXT() REPRESENTATION_CONTEXT('2D SPACE',''
  ) );
#1636 = PCURVE('',#1637,#1642);
#1637 = PLANE('',#1638);
#1638 = AXIS2_PLACEMENT_3D('',#1639,#1640,#1641);
#1639 = CARTESIAN_POINT('',(74.556948841403,3.,13.272303300764));
#1640 = DIRECTION('',(0.,-1.,0.));
#1641 = DIRECTION('',(-0.691078679695,0.,-0.722779536561));
#1642 = DEFINITIONAL_REPRESENTATION('',(#1643),#1651);
#1643 = ( BOUNDED_CURVE() B_SPLINE_CURVE(2,(#1644,#1645,#1646,#1647,
#1648,#1649,#1650),.UNSPECIFIED.,.T.,.F.) B_SPLINE_CURVE_WITH_KNOTS((1,2
    ,2,2,2,1),(-2.094395102393,0.,2.094395102393,4.188790204786,
6.28318530718,8.377580409573),.UNSPECIFIED.) CURVE() 
GEOMETRIC_REPRESENTATION_ITEM() RATIONAL_B_SPLINE_CURVE((1.,0.5,1.,0.5,
1.,0.5,1.)) REPRESENTATION_ITEM('') );
#1644 = CARTESIAN_POINT('',(8.411327412877,-1.405370536404));
#1645 = CARTESIAN_POINT('',(13.030692998223,-3.784753143071));
#1646 = CARTESIAN_POINT('',(8.660404422853,-6.595549786016));
#1647 = CARTESIAN_POINT('',(4.290115847483,-9.40634642896));
#1648 = CARTESIAN_POINT('',(4.041038837506,-4.216167179348));
#1649 = CARTESIAN_POINT('',(3.79196182753,0.974012070264));
#1650 = CARTESIAN_POINT('',(8.411327412877,-1.405370536404));
#1651 = ( GEOMETRIC_REPRESENTATION_CONTEXT(2) 
PARAMETRIC_REPRESENTATION_CONTEXT() REPRESENTATION_CONTEXT('2D SPACE',''
  ) );
#1652 = ORIENTED_EDGE('',*,*,#1653,.T.);
#1653 = EDGE_CURVE('',#1621,#1654,#1656,.T.);
#1654 = VERTEX_POINT('',#1655);
#1655 = CARTESIAN_POINT('',(66.120812589859,3.,8.066721424256));
#1656 = SURFACE_CURVE('',#1657,(#1662,#1669),.PCURVE_S1.);
#1657 = CIRCLE('',#1658,3.);
#1658 = AXIS2_PLACEMENT_3D('',#1659,#1660,#1661);
#1659 = CARTESIAN_POINT('',(66.75,3.,11.));
#1660 = DIRECTION('',(0.,1.,0.));
#1661 = DIRECTION('',(0.326095577812,0.,-0.9453368046));
#1662 = PCURVE('',#481,#1663);
#1663 = DEFINITIONAL_REPRESENTATION('',(#1664),#1668);
#1664 = LINE('',#1665,#1666);
#1665 = CARTESIAN_POINT('',(-6.28318530718,3.));
#1666 = VECTOR('',#1667,1.);
#1667 = DIRECTION('',(1.,0.));
#1668 = ( GEOMETRIC_REPRESENTATION_CONTEXT(2) 
PARAMETRIC_REPRESENTATION_CONTEXT() REPRESENTATION_CONTEXT('2D SPACE',''
  ) );
#1669 = PCURVE('',#1670,#1675);
#1670 = PLANE('',#1671);
#1671 = AXIS2_PLACEMENT_3D('',#1672,#1673,#1674);
#1672 = CARTESIAN_POINT('',(69.468338609684,3.,7.226763960916));
#1673 = DIRECTION('',(0.,-1.,0.));
#1674 = DIRECTION('',(-0.691078679695,0.,-0.722779536561));
#1675 = DEFINITIONAL_REPRESENTATION('',(#1676),#1684);
#1676 = ( BOUNDED_CURVE() B_SPLINE_CURVE(2,(#1677,#1678,#1679,#1680,
#1681,#1682,#1683),.UNSPECIFIED.,.T.,.F.) B_SPLINE_CURVE_WITH_KNOTS((1,2
    ,2,2,2,1),(-2.094395102393,0.,2.094395102393,4.188790204786,
6.28318530718,8.377580409573),.UNSPECIFIED.) CURVE() 
GEOMETRIC_REPRESENTATION_ITEM() RATIONAL_B_SPLINE_CURVE((1.,0.5,1.,0.5,
1.,0.5,1.)) REPRESENTATION_ITEM('') );
#1677 = CARTESIAN_POINT('',(0.525105250142,-1.905370536404));
#1678 = CARTESIAN_POINT('',(5.144470835489,-4.284753143071));
#1679 = CARTESIAN_POINT('',(0.774182260119,-7.095549786016));
#1680 = CARTESIAN_POINT('',(-3.596106315251,-9.90634642896));
#1681 = CARTESIAN_POINT('',(-3.845183325228,-4.716167179348));
#1682 = CARTESIAN_POINT('',(-4.094260335204,0.474012070264));
#1683 = CARTESIAN_POINT('',(0.525105250142,-1.905370536404));
#1684 = ( GEOMETRIC_REPRESENTATION_CONTEXT(2) 
PARAMETRIC_REPRESENTATION_CONTEXT() REPRESENTATION_CONTEXT('2D SPACE',''
  ) );
#1685 = ORIENTED_EDGE('',*,*,#1686,.F.);
#1686 = EDGE_CURVE('',#1687,#1654,#1689,.T.);
#1687 = VERTEX_POINT('',#1688);
#1688 = CARTESIAN_POINT('',(66.120812589859,-3.,8.066721424256));
#1689 = SURFACE_CURVE('',#1690,(#1694,#1700),.PCURVE_S1.);
#1690 = LINE('',#1691,#1692);
#1691 = CARTESIAN_POINT('',(66.120812589859,0.,8.066721424256));
#1692 = VECTOR('',#1693,1.);
#1693 = DIRECTION('',(0.,1.,0.));
#1694 = PCURVE('',#481,#1695);
#1695 = DEFINITIONAL_REPRESENTATION('',(#1696),#1699);
#1696 = B_SPLINE_CURVE_WITH_KNOTS('',1,(#1697,#1698),.UNSPECIFIED.,.F.,
  .F.,(2,2),(-3.313948334887,3.313948334887),.PIECEWISE_BEZIER_KNOTS.);
#1697 = CARTESIAN_POINT('',(0.543468352418,-3.313948334887));
#1698 = CARTESIAN_POINT('',(0.543468352418,3.313948334887));
#1699 = ( GEOMETRIC_REPRESENTATION_CONTEXT(2) 
PARAMETRIC_REPRESENTATION_CONTEXT() REPRESENTATION_CONTEXT('2D SPACE',''
  ) );
#1700 = PCURVE('',#1701,#1706);
#1701 = PLANE('',#1702);
#1702 = AXIS2_PLACEMENT_3D('',#1703,#1704,#1705);
#1703 = CARTESIAN_POINT('',(66.263381980458,0.,8.215830695158));
#1704 = DIRECTION('',(-0.722779536561,0.,0.691078679695));
#1705 = DIRECTION('',(0.691078679695,0.,0.722779536561));
#1706 = DEFINITIONAL_REPRESENTATION('',(#1707),#1710);
#1707 = B_SPLINE_CURVE_WITH_KNOTS('',1,(#1708,#1709),.UNSPECIFIED.,.F.,
  .F.,(2,2),(-3.313948334887,3.313948334887),.PIECEWISE_BEZIER_KNOTS.);
#1708 = CARTESIAN_POINT('',(-0.20629979594,-3.313948334887));
#1709 = CARTESIAN_POINT('',(-0.20629979594,3.313948334887));
#1710 = ( GEOMETRIC_REPRESENTATION_CONTEXT(2) 
PARAMETRIC_REPRESENTATION_CONTEXT() REPRESENTATION_CONTEXT('2D SPACE',''
  ) );
#1711 = ORIENTED_EDGE('',*,*,#1712,.F.);
#1712 = EDGE_CURVE('',#1566,#1687,#1713,.T.);
#1713 = SURFACE_CURVE('',#1714,(#1719,#1726),.PCURVE_S1.);
#1714 = CIRCLE('',#1715,3.);
#1715 = AXIS2_PLACEMENT_3D('',#1716,#1717,#1718);
#1716 = CARTESIAN_POINT('',(66.75,-3.,11.));
#1717 = DIRECTION('',(0.,1.,0.));
#1718 = DIRECTION('',(0.326095577812,0.,-0.9453368046));
#1719 = PCURVE('',#481,#1720);
#1720 = DEFINITIONAL_REPRESENTATION('',(#1721),#1725);
#1721 = LINE('',#1722,#1723);
#1722 = CARTESIAN_POINT('',(-6.28318530718,-3.));
#1723 = VECTOR('',#1724,1.);
#1724 = DIRECTION('',(1.,0.));
#1725 = ( GEOMETRIC_REPRESENTATION_CONTEXT(2) 
PARAMETRIC_REPRESENTATION_CONTEXT() REPRESENTATION_CONTEXT('2D SPACE',''
  ) );
#1726 = PCURVE('',#1727,#1732);
#1727 = PLANE('',#1728);
#1728 = AXIS2_PLACEMENT_3D('',#1729,#1730,#1731);
#1729 = CARTESIAN_POINT('',(67.3951025706,-3.,5.058425351233));
#1730 = DIRECTION('',(0.,1.,0.));
#1731 = DIRECTION('',(0.691078679695,0.,0.722779536561));
#1732 = DEFINITIONAL_REPRESENTATION('',(#1733),#1737);
#1733 = CIRCLE('',#1734,3.);
#1734 = AXIS2_PLACEMENT_2D('',#1735,#1736);
#1735 = CARTESIAN_POINT('',(3.848631938322,-4.572362500589));
#1736 = DIRECTION('',(-0.457912396155,0.888997321395));
#1737 = ( GEOMETRIC_REPRESENTATION_CONTEXT(2) 
PARAMETRIC_REPRESENTATION_CONTEXT() REPRESENTATION_CONTEXT('2D SPACE',''
  ) );
#1738 = ADVANCED_FACE('',(#1739),#611,.T.);
#1739 = FACE_BOUND('',#1740,.T.);
#1740 = EDGE_LOOP('',(#1741,#1742,#1743,#1744));
#1741 = ORIENTED_EDGE('',*,*,#1392,.F.);
#1742 = ORIENTED_EDGE('',*,*,#597,.T.);
#1743 = ORIENTED_EDGE('',*,*,#1340,.F.);
#1744 = ORIENTED_EDGE('',*,*,#1745,.F.);
#1745 = EDGE_CURVE('',#1393,#1313,#1746,.T.);
#1746 = SURFACE_CURVE('',#1747,(#1751,#1758),.PCURVE_S1.);
#1747 = LINE('',#1748,#1749);
#1748 = CARTESIAN_POINT('',(-60.75,-3.5,14.742665811053));
#1749 = VECTOR('',#1750,1.);
#1750 = DIRECTION('',(0.,0.,-1.));
#1751 = PCURVE('',#611,#1752);
#1752 = DEFINITIONAL_REPRESENTATION('',(#1753),#1757);
#1753 = LINE('',#1754,#1755);
#1754 = CARTESIAN_POINT('',(0.,-3.5));
#1755 = VECTOR('',#1756,1.);
#1756 = DIRECTION('',(-1.,0.));
#1757 = ( GEOMETRIC_REPRESENTATION_CONTEXT(2) 
PARAMETRIC_REPRESENTATION_CONTEXT() REPRESENTATION_CONTEXT('2D SPACE',''
  ) );
#1758 = PCURVE('',#1328,#1759);
#1759 = DEFINITIONAL_REPRESENTATION('',(#1760),#1764);
#1760 = LINE('',#1761,#1762);
#1761 = CARTESIAN_POINT('',(-0.408378009761,8.112645457317));
#1762 = VECTOR('',#1763,1.);
#1763 = DIRECTION('',(-1.,0.));
#1764 = ( GEOMETRIC_REPRESENTATION_CONTEXT(2) 
PARAMETRIC_REPRESENTATION_CONTEXT() REPRESENTATION_CONTEXT('2D SPACE',''
  ) );
#1765 = ADVANCED_FACE('',(#1766,#1890),#670,.T.);
#1766 = FACE_BOUND('',#1767,.T.);
#1767 = EDGE_LOOP('',(#1768,#1769,#1770,#1771,#1815,#1816,#1817,#1840,
    #1868,#1889));
#1768 = ORIENTED_EDGE('',*,*,#629,.T.);
#1769 = ORIENTED_EDGE('',*,*,#1513,.T.);
#1770 = ORIENTED_EDGE('',*,*,#1461,.T.);
#1771 = ORIENTED_EDGE('',*,*,#1772,.T.);
#1772 = EDGE_CURVE('',#1439,#1262,#1773,.T.);
#1773 = SURFACE_CURVE('',#1774,(#1779,#1786),.PCURVE_S1.);
#1774 = ELLIPSE('',#1775,7.504571582241,7.5);
#1775 = AXIS2_PLACEMENT_3D('',#1776,#1777,#1778);
#1776 = CARTESIAN_POINT('',(-68.25,-7.925657131233,7.5));
#1777 = DIRECTION('',(3.48994967025E-02,-0.999390827019,
    1.828636480713E-16));
#1778 = DIRECTION('',(0.999390827019,3.48994967025E-02,
    -5.222934607636E-12));
#1779 = PCURVE('',#670,#1780);
#1780 = DEFINITIONAL_REPRESENTATION('',(#1781),#1785);
#1781 = ELLIPSE('',#1782,7.504571582241,7.5);
#1782 = AXIS2_PLACEMENT_2D('',#1783,#1784);
#1783 = CARTESIAN_POINT('',(-7.679652108012,-66.20386674693));
#1784 = DIRECTION('',(5.222934607636E-12,1.));
#1785 = ( GEOMETRIC_REPRESENTATION_CONTEXT(2) 
PARAMETRIC_REPRESENTATION_CONTEXT() REPRESENTATION_CONTEXT('2D SPACE',''
  ) );
#1786 = PCURVE('',#1300,#1787);
#1787 = DEFINITIONAL_REPRESENTATION('',(#1788),#1814);
#1788 = B_SPLINE_CURVE_WITH_KNOTS('',3,(#1789,#1790,#1791,#1792,#1793,
    #1794,#1795,#1796,#1797,#1798,#1799,#1800,#1801,#1802,#1803,#1804,
    #1805,#1806,#1807,#1808,#1809,#1810,#1811,#1812,#1813),
  .UNSPECIFIED.,.F.,.F.,(4,1,1,1,1,1,1,1,1,1,1,1,1,1,1,1,1,1,1,1,1,1,4),
  (1.53588974176,1.682174714845,1.82845968793,1.974744661015,
    2.1210296341,2.267314607185,2.41359958027,2.559884553355,
    2.70616952644,2.852454499525,2.99873947261,3.145024445695,
    3.29130941878,3.437594391865,3.583879364949,3.730164338034,
    3.876449311119,4.022734284204,4.169019257289,4.315304230374,
    4.461589203459,4.607874176544,4.754159149629),
  .QUASI_UNIFORM_KNOTS.);
#1789 = CARTESIAN_POINT('',(1.609134703934,-2.052521990057));
#1790 = CARTESIAN_POINT('',(1.560373046239,-2.065286567318));
#1791 = CARTESIAN_POINT('',(1.462849730849,-2.090876083835));
#1792 = CARTESIAN_POINT('',(1.316564757765,-2.12864028754));
#1793 = CARTESIAN_POINT('',(1.17027978468,-2.164972702087));
#1794 = CARTESIAN_POINT('',(1.023994811595,-2.199098572991));
#1795 = CARTESIAN_POINT('',(0.87770983851,-2.23028857087));
#1796 = CARTESIAN_POINT('',(0.731424865425,-2.257876537979));
#1797 = CARTESIAN_POINT('',(0.58513989234,-2.281273137414));
#1798 = CARTESIAN_POINT('',(0.438854919255,-2.299978597625));
#1799 = CARTESIAN_POINT('',(0.29256994617,-2.313593346426));
#1800 = CARTESIAN_POINT('',(0.146284973085,-2.321826557493));
#1801 = CARTESIAN_POINT('',(9.706430972004E-15,-2.324502359753));
#1802 = CARTESIAN_POINT('',(-0.146284973085,-2.321563595011));
#1803 = CARTESIAN_POINT('',(-0.29256994617,-2.313073038647));
#1804 = CARTESIAN_POINT('',(-0.438854919255,-2.299212058921));
#1805 = CARTESIAN_POINT('',(-0.58513989234,-2.28027674196));
#1806 = CARTESIAN_POINT('',(-0.731424865425,-2.256671569867));
#1807 = CARTESIAN_POINT('',(-0.87770983851,-2.228900769877));
#1808 = CARTESIAN_POINT('',(-1.023994811595,-2.197557583186));
#1809 = CARTESIAN_POINT('',(-1.17027978468,-2.163311444418));
#1810 = CARTESIAN_POINT('',(-1.316564757765,-2.126894234891));
#1811 = CARTESIAN_POINT('',(-1.462849730849,-2.089082584322));
#1812 = CARTESIAN_POINT('',(-1.560373046239,-2.063486851969));
#1813 = CARTESIAN_POINT('',(-1.609134703934,-2.050725702201));
#1814 = ( GEOMETRIC_REPRESENTATION_CONTEXT(2) 
PARAMETRIC_REPRESENTATION_CONTEXT() REPRESENTATION_CONTEXT('2D SPACE',''
  ) );
#1815 = ORIENTED_EDGE('',*,*,#1261,.T.);
#1816 = ORIENTED_EDGE('',*,*,#993,.T.);
#1817 = ORIENTED_EDGE('',*,*,#1818,.T.);
#1818 = EDGE_CURVE('',#996,#1819,#1821,.T.);
#1819 = VERTEX_POINT('',#1820);
#1820 = CARTESIAN_POINT('',(72.802365194785,-3.,11.437234165769));
#1821 = SURFACE_CURVE('',#1822,(#1826,#1833),.PCURVE_S1.);
#1822 = LINE('',#1823,#1824);
#1823 = CARTESIAN_POINT('',(72.802365194785,-3.,4.339003411729));
#1824 = VECTOR('',#1825,1.);
#1825 = DIRECTION('',(0.,0.,1.));
#1826 = PCURVE('',#670,#1827);
#1827 = DEFINITIONAL_REPRESENTATION('',(#1828),#1832);
#1828 = LINE('',#1829,#1830);
#1829 = CARTESIAN_POINT('',(-4.518655519741,74.934476112895));
#1830 = VECTOR('',#1831,1.);
#1831 = DIRECTION('',(-1.,0.));
#1832 = ( GEOMETRIC_REPRESENTATION_CONTEXT(2) 
PARAMETRIC_REPRESENTATION_CONTEXT() REPRESENTATION_CONTEXT('2D SPACE',''
  ) );
#1833 = PCURVE('',#1222,#1834);
#1834 = DEFINITIONAL_REPRESENTATION('',(#1835),#1839);
#1835 = LINE('',#1836,#1837);
#1836 = CARTESIAN_POINT('',(4.720734422856E-02,2.618259739251E-02));
#1837 = VECTOR('',#1838,1.);
#1838 = DIRECTION('',(1.,0.));
#1839 = ( GEOMETRIC_REPRESENTATION_CONTEXT(2) 
PARAMETRIC_REPRESENTATION_CONTEXT() REPRESENTATION_CONTEXT('2D SPACE',''
  ) );
#1840 = ORIENTED_EDGE('',*,*,#1841,.T.);
#1841 = EDGE_CURVE('',#1819,#1842,#1844,.T.);
#1842 = VERTEX_POINT('',#1843);
#1843 = CARTESIAN_POINT('',(72.802365194785,-3.,14.949931524284));
#1844 = SURFACE_CURVE('',#1845,(#1849,#1856),.PCURVE_S1.);
#1845 = LINE('',#1846,#1847);
#1846 = CARTESIAN_POINT('',(72.802365194785,-3.,4.339003411729));
#1847 = VECTOR('',#1848,1.);
#1848 = DIRECTION('',(0.,0.,1.));
#1849 = PCURVE('',#670,#1850);
#1850 = DEFINITIONAL_REPRESENTATION('',(#1851),#1855);
#1851 = LINE('',#1852,#1853);
#1852 = CARTESIAN_POINT('',(-4.518655519741,74.934476112895));
#1853 = VECTOR('',#1854,1.);
#1854 = DIRECTION('',(-1.,0.));
#1855 = ( GEOMETRIC_REPRESENTATION_CONTEXT(2) 
PARAMETRIC_REPRESENTATION_CONTEXT() REPRESENTATION_CONTEXT('2D SPACE',''
  ) );
#1856 = PCURVE('',#1857,#1862);
#1857 = PLANE('',#1858);
#1858 = AXIS2_PLACEMENT_3D('',#1859,#1860,#1861);
#1859 = CARTESIAN_POINT('',(69.106948841403,-3.,7.572303300764));
#1860 = DIRECTION('',(0.,1.,0.));
#1861 = DIRECTION('',(0.691078679695,0.,0.722779536561));
#1862 = DEFINITIONAL_REPRESENTATION('',(#1863),#1867);
#1863 = LINE('',#1864,#1865);
#1864 = CARTESIAN_POINT('',(0.216860459057,4.905435937669));
#1865 = VECTOR('',#1866,1.);
#1866 = DIRECTION('',(0.722779536561,-0.691078679695));
#1867 = ( GEOMETRIC_REPRESENTATION_CONTEXT(2) 
PARAMETRIC_REPRESENTATION_CONTEXT() REPRESENTATION_CONTEXT('2D SPACE',''
  ) );
#1868 = ORIENTED_EDGE('',*,*,#1869,.T.);
#1869 = EDGE_CURVE('',#1842,#731,#1870,.T.);
#1870 = SURFACE_CURVE('',#1871,(#1875,#1882),.PCURVE_S1.);
#1871 = LINE('',#1872,#1873);
#1872 = CARTESIAN_POINT('',(72.802365194785,-3.,4.339003411729));
#1873 = VECTOR('',#1874,1.);
#1874 = DIRECTION('',(0.,0.,1.));
#1875 = PCURVE('',#670,#1876);
#1876 = DEFINITIONAL_REPRESENTATION('',(#1877),#1881);
#1877 = LINE('',#1878,#1879);
#1878 = CARTESIAN_POINT('',(-4.518655519741,74.934476112895));
#1879 = VECTOR('',#1880,1.);
#1880 = DIRECTION('',(-1.,0.));
#1881 = ( GEOMETRIC_REPRESENTATION_CONTEXT(2) 
PARAMETRIC_REPRESENTATION_CONTEXT() REPRESENTATION_CONTEXT('2D SPACE',''
  ) );
#1882 = PCURVE('',#769,#1883);
#1883 = DEFINITIONAL_REPRESENTATION('',(#1884),#1888);
#1884 = LINE('',#1885,#1886);
#1885 = CARTESIAN_POINT('',(4.720734422856E-02,2.618259739251E-02));
#1886 = VECTOR('',#1887,1.);
#1887 = DIRECTION('',(1.,0.));
#1888 = ( GEOMETRIC_REPRESENTATION_CONTEXT(2) 
PARAMETRIC_REPRESENTATION_CONTEXT() REPRESENTATION_CONTEXT('2D SPACE',''
  ) );
#1889 = ORIENTED_EDGE('',*,*,#730,.F.);
#1890 = FACE_BOUND('',#1891,.T.);
#1891 = EDGE_LOOP('',(#1892));
#1892 = ORIENTED_EDGE('',*,*,#1893,.T.);
#1893 = EDGE_CURVE('',#1894,#1894,#1896,.T.);
#1894 = VERTEX_POINT('',#1895);
#1895 = CARTESIAN_POINT('',(-65.25,-7.820894822758,7.5));
#1896 = SURFACE_CURVE('',#1897,(#1902,#1913),.PCURVE_S1.);
#1897 = ELLIPSE('',#1898,3.001828632896,3.);
#1898 = AXIS2_PLACEMENT_3D('',#1899,#1900,#1901);
#1899 = CARTESIAN_POINT('',(-68.25,-7.925657131233,7.5));
#1900 = DIRECTION('',(-3.48994967025E-02,0.999390827019,
    8.556504603469E-16));
#1901 = DIRECTION('',(0.999390827019,3.48994967025E-02,
    -5.140054293593E-12));
#1902 = PCURVE('',#670,#1903);
#1903 = DEFINITIONAL_REPRESENTATION('',(#1904),#1912);
#1904 = ( BOUNDED_CURVE() B_SPLINE_CURVE(2,(#1905,#1906,#1907,#1908,
#1909,#1910,#1911),.UNSPECIFIED.,.T.,.F.) B_SPLINE_CURVE_WITH_KNOTS((1,2
    ,2,2,2,1),(-2.094395102393,0.,2.094395102393,4.188790204786,
6.28318530718,8.377580409573),.UNSPECIFIED.) CURVE() 
GEOMETRIC_REPRESENTATION_ITEM() RATIONAL_B_SPLINE_CURVE((1.,0.5,1.,0.5,
1.,0.5,1.)) REPRESENTATION_ITEM('') );
#1905 = CARTESIAN_POINT('',(-7.679652107997,-63.20203811403));
#1906 = CARTESIAN_POINT('',(-2.48349968529,-63.20203811406));
#1907 = CARTESIAN_POINT('',(-5.081575896667,-67.70478106339));
#1908 = CARTESIAN_POINT('',(-7.679652108043,-72.20752401272));
#1909 = CARTESIAN_POINT('',(-10.27772831937,-67.70478106336));
#1910 = CARTESIAN_POINT('',(-12.8758045307,-63.202038114));
#1911 = CARTESIAN_POINT('',(-7.679652107997,-63.20203811403));
#1912 = ( GEOMETRIC_REPRESENTATION_CONTEXT(2) 
PARAMETRIC_REPRESENTATION_CONTEXT() REPRESENTATION_CONTEXT('2D SPACE',''
  ) );
#1913 = PCURVE('',#1914,#1919);
#1914 = CYLINDRICAL_SURFACE('',#1915,3.);
#1915 = AXIS2_PLACEMENT_3D('',#1916,#1917,#1918);
#1916 = CARTESIAN_POINT('',(-68.25,-5.765209719854,7.5));
#1917 = DIRECTION('',(0.,1.,0.));
#1918 = DIRECTION('',(-1.,0.,2.22044604925E-15));
#1919 = DEFINITIONAL_REPRESENTATION('',(#1920),#1946);
#1920 = B_SPLINE_CURVE_WITH_KNOTS('',3,(#1921,#1922,#1923,#1924,#1925,
    #1926,#1927,#1928,#1929,#1930,#1931,#1932,#1933,#1934,#1935,#1936,
    #1937,#1938,#1939,#1940,#1941,#1942,#1943,#1944,#1945),
  .UNSPECIFIED.,.F.,.F.,(4,1,1,1,1,1,1,1,1,1,1,1,1,1,1,1,1,1,1,1,1,1,4),
  (-5.139888514805E-12,0.285599332139,0.571198664284,0.856797996428,
    1.142397328573,1.427996660717,1.713595992862,1.999195325007,
    2.284794657151,2.570393989296,2.85599332144,3.141592653585,
    3.427191985729,3.712791317874,3.998390650018,4.283989982163,
    4.569589314307,4.855188646452,5.140787978596,5.426387310741,
    5.711986642885,5.99758597503,6.283185307174),.UNSPECIFIED.);
#1921 = CARTESIAN_POINT('',(3.14159265359,-2.055685102904));
#1922 = CARTESIAN_POINT('',(3.236792430971,-2.0556308989));
#1923 = CARTESIAN_POINT('',(3.427191985734,-2.058578054081));
#1924 = CARTESIAN_POINT('',(3.712791317879,-2.07110273735));
#1925 = CARTESIAN_POINT('',(3.998390650023,-2.090905492119));
#1926 = CARTESIAN_POINT('',(4.283989982168,-2.116331429139));
#1927 = CARTESIAN_POINT('',(4.569589314312,-2.145334245174));
#1928 = CARTESIAN_POINT('',(4.855188646457,-2.175560672512));
#1929 = CARTESIAN_POINT('',(5.140787978601,-2.204562918978));
#1930 = CARTESIAN_POINT('',(5.426387310746,-2.229991134274));
#1931 = CARTESIAN_POINT('',(5.711986642891,-2.249785345506));
#1932 = CARTESIAN_POINT('',(5.997585975035,-2.26234192465));
#1933 = CARTESIAN_POINT('',(6.28318530718,-2.266643617456));
#1934 = CARTESIAN_POINT('',(6.568784639324,-2.26234192465));
#1935 = CARTESIAN_POINT('',(6.854383971469,-2.249785345506));
#1936 = CARTESIAN_POINT('',(7.139983303613,-2.229991134274));
#1937 = CARTESIAN_POINT('',(7.425582635758,-2.204562918978));
#1938 = CARTESIAN_POINT('',(7.711181967902,-2.175560672512));
#1939 = CARTESIAN_POINT('',(7.996781300047,-2.145334245174));
#1940 = CARTESIAN_POINT('',(8.282380632191,-2.116331429139));
#1941 = CARTESIAN_POINT('',(8.567979964336,-2.090905492119));
#1942 = CARTESIAN_POINT('',(8.85357929648,-2.07110273735));
#1943 = CARTESIAN_POINT('',(9.139178628625,-2.058578054081));
#1944 = CARTESIAN_POINT('',(9.329578183388,-2.0556308989));
#1945 = CARTESIAN_POINT('',(9.424777960769,-2.055685102904));
#1946 = ( GEOMETRIC_REPRESENTATION_CONTEXT(2) 
PARAMETRIC_REPRESENTATION_CONTEXT() REPRESENTATION_CONTEXT('2D SPACE',''
  ) );
#1947 = ADVANCED_FACE('',(#1948),#797,.T.);
#1948 = FACE_BOUND('',#1949,.T.);
#1949 = EDGE_LOOP('',(#1950,#1972));
#1950 = ORIENTED_EDGE('',*,*,#1951,.T.);
#1951 = EDGE_CURVE('',#754,#782,#1952,.T.);
#1952 = SURFACE_CURVE('',#1953,(#1958,#1965),.PCURVE_S1.);
#1953 = CIRCLE('',#1954,3.);
#1954 = AXIS2_PLACEMENT_3D('',#1955,#1956,#1957);
#1955 = CARTESIAN_POINT('',(72.75,9.436895709314E-15,15.));
#1956 = DIRECTION('',(0.,0.,1.));
#1957 = DIRECTION('',(-2.960594732334E-15,1.,0.));
#1958 = PCURVE('',#797,#1959);
#1959 = DEFINITIONAL_REPRESENTATION('',(#1960),#1964);
#1960 = CIRCLE('',#1961,3.);
#1961 = AXIS2_PLACEMENT_2D('',#1962,#1963);
#1962 = CARTESIAN_POINT('',(0.156290375284,3.11750650171));
#1963 = DIRECTION('',(-2.960594732334E-15,1.));
#1964 = ( GEOMETRIC_REPRESENTATION_CONTEXT(2) 
PARAMETRIC_REPRESENTATION_CONTEXT() REPRESENTATION_CONTEXT('2D SPACE',''
  ) );
#1965 = PCURVE('',#851,#1966);
#1966 = DEFINITIONAL_REPRESENTATION('',(#1967),#1971);
#1967 = LINE('',#1968,#1969);
#1968 = CARTESIAN_POINT('',(-3.14159265359,5.35410196625));
#1969 = VECTOR('',#1970,1.);
#1970 = DIRECTION('',(1.,0.));
#1971 = ( GEOMETRIC_REPRESENTATION_CONTEXT(2) 
PARAMETRIC_REPRESENTATION_CONTEXT() REPRESENTATION_CONTEXT('2D SPACE',''
  ) );
#1972 = ORIENTED_EDGE('',*,*,#781,.F.);
#1973 = ADVANCED_FACE('',(#1974),#769,.T.);
#1974 = FACE_BOUND('',#1975,.T.);
#1975 = EDGE_LOOP('',(#1976,#1977,#2003));
#1976 = ORIENTED_EDGE('',*,*,#1869,.F.);
#1977 = ORIENTED_EDGE('',*,*,#1978,.T.);
#1978 = EDGE_CURVE('',#1842,#754,#1979,.T.);
#1979 = SURFACE_CURVE('',#1980,(#1984,#1991),.PCURVE_S1.);
#1980 = LINE('',#1981,#1982);
#1981 = CARTESIAN_POINT('',(74.556948841403,-3.,13.272303300764));
#1982 = VECTOR('',#1983,1.);
#1983 = DIRECTION('',(-0.722779536561,0.,0.691078679695));
#1984 = PCURVE('',#769,#1985);
#1985 = DEFINITIONAL_REPRESENTATION('',(#1986),#1990);
#1986 = LINE('',#1987,#1988);
#1987 = CARTESIAN_POINT('',(8.980507233263,1.780766244011));
#1988 = VECTOR('',#1989,1.);
#1989 = DIRECTION('',(0.691078679695,-0.722779536561));
#1990 = ( GEOMETRIC_REPRESENTATION_CONTEXT(2) 
PARAMETRIC_REPRESENTATION_CONTEXT() REPRESENTATION_CONTEXT('2D SPACE',''
  ) );
#1991 = PCURVE('',#1992,#1997);
#1992 = PLANE('',#1993);
#1993 = AXIS2_PLACEMENT_3D('',#1994,#1995,#1996);
#1994 = CARTESIAN_POINT('',(74.556948841403,-3.,13.272303300764));
#1995 = DIRECTION('',(-0.691078679695,0.,-0.722779536561));
#1996 = DIRECTION('',(0.,1.,0.));
#1997 = DEFINITIONAL_REPRESENTATION('',(#1998),#2002);
#1998 = LINE('',#1999,#2000);
#1999 = CARTESIAN_POINT('',(0.,0.));
#2000 = VECTOR('',#2001,1.);
#2001 = DIRECTION('',(0.,-1.));
#2002 = ( GEOMETRIC_REPRESENTATION_CONTEXT(2) 
PARAMETRIC_REPRESENTATION_CONTEXT() REPRESENTATION_CONTEXT('2D SPACE',''
  ) );
#2003 = ORIENTED_EDGE('',*,*,#753,.F.);
#2004 = ADVANCED_FACE('',(#2005),#851,.T.);
#2005 = FACE_BOUND('',#2006,.T.);
#2006 = EDGE_LOOP('',(#2007,#2030,#2031,#2032,#2033,#2062,#2088,#2089,
    #2117));
#2007 = ORIENTED_EDGE('',*,*,#2008,.F.);
#2008 = EDGE_CURVE('',#1137,#2009,#2011,.T.);
#2009 = VERTEX_POINT('',#2010);
#2010 = CARTESIAN_POINT('',(72.75,-3.,11.382466897828));
#2011 = SURFACE_CURVE('',#2012,(#2016,#2023),.PCURVE_S1.);
#2012 = LINE('',#2013,#2014);
#2013 = CARTESIAN_POINT('',(72.75,-3.,4.291796067501));
#2014 = VECTOR('',#2015,1.);
#2015 = DIRECTION('',(0.,0.,1.));
#2016 = PCURVE('',#851,#2017);
#2017 = DEFINITIONAL_REPRESENTATION('',(#2018),#2022);
#2018 = LINE('',#2019,#2020);
#2019 = CARTESIAN_POINT('',(0.,-5.35410196625));
#2020 = VECTOR('',#2021,1.);
#2021 = DIRECTION('',(0.,1.));
#2022 = ( GEOMETRIC_REPRESENTATION_CONTEXT(2) 
PARAMETRIC_REPRESENTATION_CONTEXT() REPRESENTATION_CONTEXT('2D SPACE',''
  ) );
#2023 = PCURVE('',#1222,#2024);
#2024 = DEFINITIONAL_REPRESENTATION('',(#2025),#2029);
#2025 = LINE('',#2026,#2027);
#2026 = CARTESIAN_POINT('',(0.,-2.618259739249E-02));
#2027 = VECTOR('',#2028,1.);
#2028 = DIRECTION('',(1.,0.));
#2029 = ( GEOMETRIC_REPRESENTATION_CONTEXT(2) 
PARAMETRIC_REPRESENTATION_CONTEXT() REPRESENTATION_CONTEXT('2D SPACE',''
  ) );
#2030 = ORIENTED_EDGE('',*,*,#1136,.T.);
#2031 = ORIENTED_EDGE('',*,*,#1064,.T.);
#2032 = ORIENTED_EDGE('',*,*,#833,.T.);
#2033 = ORIENTED_EDGE('',*,*,#2034,.F.);
#2034 = EDGE_CURVE('',#2035,#836,#2037,.T.);
#2035 = VERTEX_POINT('',#2036);
#2036 = CARTESIAN_POINT('',(74.556948841403,2.394772616461,
    13.272303300764));
#2037 = SURFACE_CURVE('',#2038,(#2043,#2055),.PCURVE_S1.);
#2038 = ELLIPSE('',#2039,4.341039722606,3.);
#2039 = AXIS2_PLACEMENT_3D('',#2040,#2041,#2042);
#2040 = CARTESIAN_POINT('',(72.75,4.440892098501E-15,11.382466897828));
#2041 = DIRECTION('',(-0.722779536561,0.,0.691078679695));
#2042 = DIRECTION('',(0.691078679695,0.,0.722779536561));
#2043 = PCURVE('',#851,#2044);
#2044 = DEFINITIONAL_REPRESENTATION('',(#2045),#2054);
#2045 = B_SPLINE_CURVE_WITH_KNOTS('',7,(#2046,#2047,#2048,#2049,#2050,
    #2051,#2052,#2053),.UNSPECIFIED.,.F.,.F.,(8,8),(0.669740239389,
    1.570796326795),.PIECEWISE_BEZIER_KNOTS.);
#2046 = CARTESIAN_POINT('',(2.240536566183,4.196405267013));
#2047 = CARTESIAN_POINT('',(2.369258864384,3.945683083809));
#2048 = CARTESIAN_POINT('',(2.497981162585,3.647409774957));
#2049 = CARTESIAN_POINT('',(2.626703460787,3.308370934907));
#2050 = CARTESIAN_POINT('',(2.755425758987,2.937281490071));
#2051 = CARTESIAN_POINT('',(2.884148057188,2.544330788027));
#2052 = CARTESIAN_POINT('',(3.012870355389,2.140449836415));
#2053 = CARTESIAN_POINT('',(3.14159265359,1.736568864078));
#2054 = ( GEOMETRIC_REPRESENTATION_CONTEXT(2) 
PARAMETRIC_REPRESENTATION_CONTEXT() REPRESENTATION_CONTEXT('2D SPACE',''
  ) );
#2055 = PCURVE('',#899,#2056);
#2056 = DEFINITIONAL_REPRESENTATION('',(#2057),#2061);
#2057 = ELLIPSE('',#2058,4.341039722606,3.);
#2058 = AXIS2_PLACEMENT_2D('',#2059,#2060);
#2059 = CARTESIAN_POINT('',(1.328432182285,4.312969844443E-15));
#2060 = DIRECTION('',(1.,0.));
#2061 = ( GEOMETRIC_REPRESENTATION_CONTEXT(2) 
PARAMETRIC_REPRESENTATION_CONTEXT() REPRESENTATION_CONTEXT('2D SPACE',''
  ) );
#2062 = ORIENTED_EDGE('',*,*,#2063,.F.);
#2063 = EDGE_CURVE('',#782,#2035,#2064,.T.);
#2064 = SURFACE_CURVE('',#2065,(#2070,#2081),.PCURVE_S1.);
#2065 = ELLIPSE('',#2066,4.150643243544,3.);
#2066 = AXIS2_PLACEMENT_3D('',#2067,#2068,#2069);
#2067 = CARTESIAN_POINT('',(72.75,4.440892098501E-15,15.));
#2068 = DIRECTION('',(-0.691078679695,0.,-0.722779536561));
#2069 = DIRECTION('',(-0.722779536561,0.,0.691078679695));
#2070 = PCURVE('',#851,#2071);
#2071 = DEFINITIONAL_REPRESENTATION('',(#2072),#2080);
#2072 = B_SPLINE_CURVE_WITH_KNOTS('',6,(#2073,#2074,#2075,#2076,#2077,
    #2078,#2079),.UNSPECIFIED.,.F.,.F.,(7,7),(1.570796326795,
    2.295011650094),.PIECEWISE_BEZIER_KNOTS.);
#2073 = CARTESIAN_POINT('',(3.14159265359,5.35410196625));
#2074 = CARTESIAN_POINT('',(3.020890099707,5.007876219585));
#2075 = CARTESIAN_POINT('',(2.900187545824,4.661650797343));
#2076 = CARTESIAN_POINT('',(2.77948499194,4.324502876607));
#2077 = CARTESIAN_POINT('',(2.658782438057,4.005520694923));
#2078 = CARTESIAN_POINT('',(2.538079884174,3.712965446043));
#2079 = CARTESIAN_POINT('',(2.417377330291,3.45363559709));
#2080 = ( GEOMETRIC_REPRESENTATION_CONTEXT(2) 
PARAMETRIC_REPRESENTATION_CONTEXT() REPRESENTATION_CONTEXT('2D SPACE',''
  ) );
#2081 = PCURVE('',#951,#2082);
#2082 = DEFINITIONAL_REPRESENTATION('',(#2083),#2087);
#2083 = ELLIPSE('',#2084,4.150643243544,3.);
#2084 = AXIS2_PLACEMENT_2D('',#2085,#2086);
#2085 = CARTESIAN_POINT('',(3.,-2.5));
#2086 = DIRECTION('',(0.,-1.));
#2087 = ( GEOMETRIC_REPRESENTATION_CONTEXT(2) 
PARAMETRIC_REPRESENTATION_CONTEXT() REPRESENTATION_CONTEXT('2D SPACE',''
  ) );
#2088 = ORIENTED_EDGE('',*,*,#1951,.F.);
#2089 = ORIENTED_EDGE('',*,*,#2090,.F.);
#2090 = EDGE_CURVE('',#2091,#754,#2093,.T.);
#2091 = VERTEX_POINT('',#2092);
#2092 = CARTESIAN_POINT('',(74.556948841403,-2.394772616461,
    13.272303300764));
#2093 = SURFACE_CURVE('',#2094,(#2099,#2110),.PCURVE_S1.);
#2094 = ELLIPSE('',#2095,4.150643243544,3.);
#2095 = AXIS2_PLACEMENT_3D('',#2096,#2097,#2098);
#2096 = CARTESIAN_POINT('',(72.75,4.440892098501E-15,15.));
#2097 = DIRECTION('',(-0.691078679695,0.,-0.722779536561));
#2098 = DIRECTION('',(-0.722779536561,0.,0.691078679695));
#2099 = PCURVE('',#851,#2100);
#2100 = DEFINITIONAL_REPRESENTATION('',(#2101),#2109);
#2101 = B_SPLINE_CURVE_WITH_KNOTS('',6,(#2102,#2103,#2104,#2105,#2106,
    #2107,#2108),.UNSPECIFIED.,.F.,.F.,(7,7),(3.988173657086,
    4.712388980385),.PIECEWISE_BEZIER_KNOTS.);
#2102 = CARTESIAN_POINT('',(0.724215323299,3.45363559709));
#2103 = CARTESIAN_POINT('',(0.603512769416,3.712965446043));
#2104 = CARTESIAN_POINT('',(0.482810215533,4.005520694922));
#2105 = CARTESIAN_POINT('',(0.362107661649,4.324502876607));
#2106 = CARTESIAN_POINT('',(0.241405107766,4.661650797342));
#2107 = CARTESIAN_POINT('',(0.120702553883,5.007876219585));
#2108 = CARTESIAN_POINT('',(0.,5.35410196625));
#2109 = ( GEOMETRIC_REPRESENTATION_CONTEXT(2) 
PARAMETRIC_REPRESENTATION_CONTEXT() REPRESENTATION_CONTEXT('2D SPACE',''
  ) );
#2110 = PCURVE('',#1992,#2111);
#2111 = DEFINITIONAL_REPRESENTATION('',(#2112),#2116);
#2112 = ELLIPSE('',#2113,4.150643243544,3.);
#2113 = AXIS2_PLACEMENT_2D('',#2114,#2115);
#2114 = CARTESIAN_POINT('',(3.,-2.5));
#2115 = DIRECTION('',(0.,-1.));
#2116 = ( GEOMETRIC_REPRESENTATION_CONTEXT(2) 
PARAMETRIC_REPRESENTATION_CONTEXT() REPRESENTATION_CONTEXT('2D SPACE',''
  ) );
#2117 = ORIENTED_EDGE('',*,*,#2118,.F.);
#2118 = EDGE_CURVE('',#2009,#2091,#2119,.T.);
#2119 = SURFACE_CURVE('',#2120,(#2125,#2137),.PCURVE_S1.);
#2120 = ELLIPSE('',#2121,4.341039722606,3.);
#2121 = AXIS2_PLACEMENT_3D('',#2122,#2123,#2124);
#2122 = CARTESIAN_POINT('',(72.75,4.440892098501E-15,11.382466897828));
#2123 = DIRECTION('',(-0.722779536561,0.,0.691078679695));
#2124 = DIRECTION('',(0.691078679695,0.,0.722779536561));
#2125 = PCURVE('',#851,#2126);
#2126 = DEFINITIONAL_REPRESENTATION('',(#2127),#2136);
#2127 = B_SPLINE_CURVE_WITH_KNOTS('',7,(#2128,#2129,#2130,#2131,#2132,
    #2133,#2134,#2135),.UNSPECIFIED.,.F.,.F.,(8,8),(4.712388980385,
    5.613445067791),.PIECEWISE_BEZIER_KNOTS.);
#2128 = CARTESIAN_POINT('',(0.,1.736568864078));
#2129 = CARTESIAN_POINT('',(0.128722298201,2.140449836415));
#2130 = CARTESIAN_POINT('',(0.257444596402,2.544330788027));
#2131 = CARTESIAN_POINT('',(0.386166894603,2.937281490071));
#2132 = CARTESIAN_POINT('',(0.514889192804,3.308370934908));
#2133 = CARTESIAN_POINT('',(0.643611491004,3.647409774957));
#2134 = CARTESIAN_POINT('',(0.772333789205,3.945683083809));
#2135 = CARTESIAN_POINT('',(0.901056087406,4.196405267013));
#2136 = ( GEOMETRIC_REPRESENTATION_CONTEXT(2) 
PARAMETRIC_REPRESENTATION_CONTEXT() REPRESENTATION_CONTEXT('2D SPACE',''
  ) );
#2137 = PCURVE('',#2138,#2143);
#2138 = PLANE('',#2139);
#2139 = AXIS2_PLACEMENT_3D('',#2140,#2141,#2142);
#2140 = CARTESIAN_POINT('',(71.831948841403,1.279222540575E-16,
    10.422303300764));
#2141 = DIRECTION('',(-0.722779536561,0.,0.691078679695));
#2142 = DIRECTION('',(0.691078679695,0.,0.722779536561));
#2143 = DEFINITIONAL_REPRESENTATION('',(#2144),#2148);
#2144 = ELLIPSE('',#2145,4.341039722606,3.);
#2145 = AXIS2_PLACEMENT_2D('',#2146,#2147);
#2146 = CARTESIAN_POINT('',(1.328432182285,4.312969844443E-15));
#2147 = DIRECTION('',(1.,0.));
#2148 = ( GEOMETRIC_REPRESENTATION_CONTEXT(2) 
PARAMETRIC_REPRESENTATION_CONTEXT() REPRESENTATION_CONTEXT('2D SPACE',''
  ) );
#2149 = ADVANCED_FACE('',(#2150),#899,.F.);
#2150 = FACE_BOUND('',#2151,.F.);
#2151 = EDGE_LOOP('',(#2152,#2153,#2154,#2175));
#2152 = ORIENTED_EDGE('',*,*,#885,.T.);
#2153 = ORIENTED_EDGE('',*,*,#2034,.F.);
#2154 = ORIENTED_EDGE('',*,*,#2155,.T.);
#2155 = EDGE_CURVE('',#2035,#915,#2156,.T.);
#2156 = SURFACE_CURVE('',#2157,(#2161,#2168),.PCURVE_S1.);
#2157 = LINE('',#2158,#2159);
#2158 = CARTESIAN_POINT('',(74.556948841403,-3.,13.272303300764));
#2159 = VECTOR('',#2160,1.);
#2160 = DIRECTION('',(0.,1.,0.));
#2161 = PCURVE('',#899,#2162);
#2162 = DEFINITIONAL_REPRESENTATION('',(#2163),#2167);
#2163 = LINE('',#2164,#2165);
#2164 = CARTESIAN_POINT('',(3.943111081367,-3.));
#2165 = VECTOR('',#2166,1.);
#2166 = DIRECTION('',(0.,1.));
#2167 = ( GEOMETRIC_REPRESENTATION_CONTEXT(2) 
PARAMETRIC_REPRESENTATION_CONTEXT() REPRESENTATION_CONTEXT('2D SPACE',''
  ) );
#2168 = PCURVE('',#951,#2169);
#2169 = DEFINITIONAL_REPRESENTATION('',(#2170),#2174);
#2170 = LINE('',#2171,#2172);
#2171 = CARTESIAN_POINT('',(0.,0.));
#2172 = VECTOR('',#2173,1.);
#2173 = DIRECTION('',(1.,0.));
#2174 = ( GEOMETRIC_REPRESENTATION_CONTEXT(2) 
PARAMETRIC_REPRESENTATION_CONTEXT() REPRESENTATION_CONTEXT('2D SPACE',''
  ) );
#2175 = ORIENTED_EDGE('',*,*,#914,.T.);
#2176 = ADVANCED_FACE('',(#2177),#951,.F.);
#2177 = FACE_BOUND('',#2178,.F.);
#2178 = EDGE_LOOP('',(#2179,#2180,#2181,#2182));
#2179 = ORIENTED_EDGE('',*,*,#2155,.F.);
#2180 = ORIENTED_EDGE('',*,*,#2063,.F.);
#2181 = ORIENTED_EDGE('',*,*,#968,.F.);
#2182 = ORIENTED_EDGE('',*,*,#937,.F.);
#2183 = ADVANCED_FACE('',(#2184),#1222,.T.);
#2184 = FACE_BOUND('',#2185,.T.);
#2185 = EDGE_LOOP('',(#2186,#2187,#2188,#2189));
#2186 = ORIENTED_EDGE('',*,*,#1818,.F.);
#2187 = ORIENTED_EDGE('',*,*,#1208,.T.);
#2188 = ORIENTED_EDGE('',*,*,#2008,.T.);
#2189 = ORIENTED_EDGE('',*,*,#2190,.T.);
#2190 = EDGE_CURVE('',#2009,#1819,#2191,.T.);
#2191 = SURFACE_CURVE('',#2192,(#2196,#2203),.PCURVE_S1.);
#2192 = LINE('',#2193,#2194);
#2193 = CARTESIAN_POINT('',(69.106948841403,-3.,7.572303300764));
#2194 = VECTOR('',#2195,1.);
#2195 = DIRECTION('',(0.691078679695,0.,0.722779536561));
#2196 = PCURVE('',#1222,#2197);
#2197 = DEFINITIONAL_REPRESENTATION('',(#2198),#2202);
#2198 = LINE('',#2199,#2200);
#2199 = CARTESIAN_POINT('',(3.280507233263,-3.669233755989));
#2200 = VECTOR('',#2201,1.);
#2201 = DIRECTION('',(0.722779536561,0.691078679695));
#2202 = ( GEOMETRIC_REPRESENTATION_CONTEXT(2) 
PARAMETRIC_REPRESENTATION_CONTEXT() REPRESENTATION_CONTEXT('2D SPACE',''
  ) );
#2203 = PCURVE('',#2138,#2204);
#2204 = DEFINITIONAL_REPRESENTATION('',(#2205),#2209);
#2205 = LINE('',#2206,#2207);
#2206 = CARTESIAN_POINT('',(-3.943111081367,-3.));
#2207 = VECTOR('',#2208,1.);
#2208 = DIRECTION('',(1.,0.));
#2209 = ( GEOMETRIC_REPRESENTATION_CONTEXT(2) 
PARAMETRIC_REPRESENTATION_CONTEXT() REPRESENTATION_CONTEXT('2D SPACE',''
  ) );
#2210 = ADVANCED_FACE('',(#2211),#1300,.T.);
#2211 = FACE_BOUND('',#2212,.T.);
#2212 = EDGE_LOOP('',(#2213,#2239,#2240,#2241));
#2213 = ORIENTED_EDGE('',*,*,#2214,.T.);
#2214 = EDGE_CURVE('',#1416,#1285,#2215,.T.);
#2215 = SURFACE_CURVE('',#2216,(#2221,#2228),.PCURVE_S1.);
#2216 = CIRCLE('',#2217,7.5);
#2217 = AXIS2_PLACEMENT_3D('',#2218,#2219,#2220);
#2218 = CARTESIAN_POINT('',(-68.25,-3.5,7.5));
#2219 = DIRECTION('',(0.,-1.,0.));
#2220 = DIRECTION('',(4.17580239022E-02,0.,-0.999127753313));
#2221 = PCURVE('',#1300,#2222);
#2222 = DEFINITIONAL_REPRESENTATION('',(#2223),#2227);
#2223 = LINE('',#2224,#2225);
#2224 = CARTESIAN_POINT('',(4.674050603245,2.363994761578));
#2225 = VECTOR('',#2226,1.);
#2226 = DIRECTION('',(-1.,0.));
#2227 = ( GEOMETRIC_REPRESENTATION_CONTEXT(2) 
PARAMETRIC_REPRESENTATION_CONTEXT() REPRESENTATION_CONTEXT('2D SPACE',''
  ) );
#2228 = PCURVE('',#1328,#2229);
#2229 = DEFINITIONAL_REPRESENTATION('',(#2230),#2238);
#2230 = ( BOUNDED_CURVE() B_SPLINE_CURVE(2,(#2231,#2232,#2233,#2234,
#2235,#2236,#2237),.UNSPECIFIED.,.T.,.F.) B_SPLINE_CURVE_WITH_KNOTS((1,2
    ,2,2,2,1),(-2.094395102393,0.,2.094395102393,4.188790204786,
6.28318530718,8.377580409573),.UNSPECIFIED.) CURVE() 
GEOMETRIC_REPRESENTATION_ITEM() RATIONAL_B_SPLINE_CURVE((1.,0.5,1.,0.5,
1.,0.5,1.)) REPRESENTATION_ITEM('') );
#2231 = CARTESIAN_POINT('',(-15.14450197066,0.925830636583));
#2232 = CARTESIAN_POINT('',(-14.60204932799,13.904880876507));
#2233 = CARTESIAN_POINT('',(-3.633088424558,6.945577987645));
#2234 = CARTESIAN_POINT('',(7.335872478877,-1.372490121641E-02));
#2235 = CARTESIAN_POINT('',(-4.175541067225,-6.033472252278));
#2236 = CARTESIAN_POINT('',(-15.68695461332,-12.05321960334));
#2237 = CARTESIAN_POINT('',(-15.14450197066,0.925830636583));
#2238 = ( GEOMETRIC_REPRESENTATION_CONTEXT(2) 
PARAMETRIC_REPRESENTATION_CONTEXT() REPRESENTATION_CONTEXT('2D SPACE',''
  ) );
#2239 = ORIENTED_EDGE('',*,*,#1284,.F.);
#2240 = ORIENTED_EDGE('',*,*,#1772,.F.);
#2241 = ORIENTED_EDGE('',*,*,#1438,.T.);
#2242 = ADVANCED_FACE('',(#2243,#2249),#1328,.T.);
#2243 = FACE_BOUND('',#2244,.T.);
#2244 = EDGE_LOOP('',(#2245,#2246,#2247,#2248));
#2245 = ORIENTED_EDGE('',*,*,#1415,.F.);
#2246 = ORIENTED_EDGE('',*,*,#1745,.T.);
#2247 = ORIENTED_EDGE('',*,*,#1312,.F.);
#2248 = ORIENTED_EDGE('',*,*,#2214,.F.);
#2249 = FACE_BOUND('',#2250,.T.);
#2250 = EDGE_LOOP('',(#2251));
#2251 = ORIENTED_EDGE('',*,*,#2252,.T.);
#2252 = EDGE_CURVE('',#2253,#2253,#2255,.T.);
#2253 = VERTEX_POINT('',#2254);
#2254 = CARTESIAN_POINT('',(-65.25,-3.5,7.5));
#2255 = SURFACE_CURVE('',#2256,(#2261,#2272),.PCURVE_S1.);
#2256 = CIRCLE('',#2257,3.);
#2257 = AXIS2_PLACEMENT_3D('',#2258,#2259,#2260);
#2258 = CARTESIAN_POINT('',(-68.25,-3.5,7.5));
#2259 = DIRECTION('',(0.,-1.,0.));
#2260 = DIRECTION('',(-0.813826036051,0.,0.581108581115));
#2261 = PCURVE('',#1328,#2262);
#2262 = DEFINITIONAL_REPRESENTATION('',(#2263),#2271);
#2263 = ( BOUNDED_CURVE() B_SPLINE_CURVE(2,(#2264,#2265,#2266,#2267,
#2268,#2269,#2270),.UNSPECIFIED.,.T.,.F.) B_SPLINE_CURVE_WITH_KNOTS((1,2
    ,2,2,2,1),(-2.094395102393,0.,2.094395102393,4.188790204786,
6.28318530718,8.377580409573),.UNSPECIFIED.) CURVE() 
GEOMETRIC_REPRESENTATION_ITEM() RATIONAL_B_SPLINE_CURVE((1.,0.5,1.,0.5,
1.,0.5,1.)) REPRESENTATION_ITEM('') );
#2264 = CARTESIAN_POINT('',(-5.907718077469,-1.828832650837));
#2265 = CARTESIAN_POINT('',(-10.13648220635,-4.848361412453));
#2266 = CARTESIAN_POINT('',(-10.63708875693,0.323620130585));
#2267 = CARTESIAN_POINT('',(-11.1376953075,5.495601673623));
#2268 = CARTESIAN_POINT('',(-6.408324628042,3.343148892201));
#2269 = CARTESIAN_POINT('',(-1.678953948581,1.190696110779));
#2270 = CARTESIAN_POINT('',(-5.907718077469,-1.828832650837));
#2271 = ( GEOMETRIC_REPRESENTATION_CONTEXT(2) 
PARAMETRIC_REPRESENTATION_CONTEXT() REPRESENTATION_CONTEXT('2D SPACE',''
  ) );
#2272 = PCURVE('',#1914,#2273);
#2273 = DEFINITIONAL_REPRESENTATION('',(#2274),#2278);
#2274 = LINE('',#2275,#2276);
#2275 = CARTESIAN_POINT('',(13.186460828004,2.265209719854));
#2276 = VECTOR('',#2277,1.);
#2277 = DIRECTION('',(-1.,0.));
#2278 = ( GEOMETRIC_REPRESENTATION_CONTEXT(2) 
PARAMETRIC_REPRESENTATION_CONTEXT() REPRESENTATION_CONTEXT('2D SPACE',''
  ) );
#2279 = ADVANCED_FACE('',(#2280),#1582,.F.);
#2280 = FACE_BOUND('',#2281,.F.);
#2281 = EDGE_LOOP('',(#2282,#2283,#2306,#2335));
#2282 = ORIENTED_EDGE('',*,*,#1563,.T.);
#2283 = ORIENTED_EDGE('',*,*,#2284,.T.);
#2284 = EDGE_CURVE('',#1566,#2285,#2287,.T.);
#2285 = VERTEX_POINT('',#2286);
#2286 = CARTESIAN_POINT('',(68.022779536561,-3.,8.608921320305));
#2287 = SURFACE_CURVE('',#2288,(#2292,#2299),.PCURVE_S1.);
#2288 = LINE('',#2289,#2290);
#2289 = CARTESIAN_POINT('',(69.106948841403,-3.,7.572303300764));
#2290 = VECTOR('',#2291,1.);
#2291 = DIRECTION('',(-0.722779536561,0.,0.691078679695));
#2292 = PCURVE('',#1582,#2293);
#2293 = DEFINITIONAL_REPRESENTATION('',(#2294),#2298);
#2294 = LINE('',#2295,#2296);
#2295 = CARTESIAN_POINT('',(0.,0.));
#2296 = VECTOR('',#2297,1.);
#2297 = DIRECTION('',(2.010125520398E-17,-1.));
#2298 = ( GEOMETRIC_REPRESENTATION_CONTEXT(2) 
PARAMETRIC_REPRESENTATION_CONTEXT() REPRESENTATION_CONTEXT('2D SPACE',''
  ) );
#2299 = PCURVE('',#1727,#2300);
#2300 = DEFINITIONAL_REPRESENTATION('',(#2301),#2305);
#2301 = LINE('',#2302,#2303);
#2302 = CARTESIAN_POINT('',(3.,-0.5));
#2303 = VECTOR('',#2304,1.);
#2304 = DIRECTION('',(2.010125520398E-17,-1.));
#2305 = ( GEOMETRIC_REPRESENTATION_CONTEXT(2) 
PARAMETRIC_REPRESENTATION_CONTEXT() REPRESENTATION_CONTEXT('2D SPACE',''
  ) );
#2306 = ORIENTED_EDGE('',*,*,#2307,.F.);
#2307 = EDGE_CURVE('',#2308,#2285,#2310,.T.);
#2308 = VERTEX_POINT('',#2309);
#2309 = CARTESIAN_POINT('',(67.991078679695,-3.,10.022779536561));
#2310 = SURFACE_CURVE('',#2311,(#2316,#2323),.PCURVE_S1.);
#2311 = CIRCLE('',#2312,1.);
#2312 = AXIS2_PLACEMENT_3D('',#2313,#2314,#2315);
#2313 = CARTESIAN_POINT('',(67.3,-3.,9.3));
#2314 = DIRECTION('',(0.,1.,0.));
#2315 = DIRECTION('',(0.,-0.,1.));
#2316 = PCURVE('',#1582,#2317);
#2317 = DEFINITIONAL_REPRESENTATION('',(#2318),#2322);
#2318 = CIRCLE('',#2319,1.);
#2319 = AXIS2_PLACEMENT_2D('',#2320,#2321);
#2320 = CARTESIAN_POINT('',(-6.104759889757E-17,-2.5));
#2321 = DIRECTION('',(0.722779536561,-0.691078679695));
#2322 = ( GEOMETRIC_REPRESENTATION_CONTEXT(2) 
PARAMETRIC_REPRESENTATION_CONTEXT() REPRESENTATION_CONTEXT('2D SPACE',''
  ) );
#2323 = PCURVE('',#2324,#2329);
#2324 = CYLINDRICAL_SURFACE('',#2325,1.);
#2325 = AXIS2_PLACEMENT_3D('',#2326,#2327,#2328);
#2326 = CARTESIAN_POINT('',(67.3,-3.5,9.3));
#2327 = DIRECTION('',(0.,1.,0.));
#2328 = DIRECTION('',(0.,-0.,1.));
#2329 = DEFINITIONAL_REPRESENTATION('',(#2330),#2334);
#2330 = LINE('',#2331,#2332);
#2331 = CARTESIAN_POINT('',(0.,0.5));
#2332 = VECTOR('',#2333,1.);
#2333 = DIRECTION('',(1.,0.));
#2334 = ( GEOMETRIC_REPRESENTATION_CONTEXT(2) 
PARAMETRIC_REPRESENTATION_CONTEXT() REPRESENTATION_CONTEXT('2D SPACE',''
  ) );
#2335 = ORIENTED_EDGE('',*,*,#2336,.T.);
#2336 = EDGE_CURVE('',#2308,#1564,#2337,.T.);
#2337 = SURFACE_CURVE('',#2338,(#2342,#2349),.PCURVE_S1.);
#2338 = LINE('',#2339,#2340);
#2339 = CARTESIAN_POINT('',(67.3,-3.,9.3));
#2340 = VECTOR('',#2341,1.);
#2341 = DIRECTION('',(0.691078679695,0.,0.722779536561));
#2342 = PCURVE('',#1582,#2343);
#2343 = DEFINITIONAL_REPRESENTATION('',(#2344),#2348);
#2344 = LINE('',#2345,#2346);
#2345 = CARTESIAN_POINT('',(-6.104759889757E-17,-2.5));
#2346 = VECTOR('',#2347,1.);
#2347 = DIRECTION('',(1.,-2.010125520398E-17));
#2348 = ( GEOMETRIC_REPRESENTATION_CONTEXT(2) 
PARAMETRIC_REPRESENTATION_CONTEXT() REPRESENTATION_CONTEXT('2D SPACE',''
  ) );
#2349 = PCURVE('',#1609,#2350);
#2350 = DEFINITIONAL_REPRESENTATION('',(#2351),#2355);
#2351 = LINE('',#2352,#2353);
#2352 = CARTESIAN_POINT('',(-3.943111081367,-3.));
#2353 = VECTOR('',#2354,1.);
#2354 = DIRECTION('',(1.,0.));
#2355 = ( GEOMETRIC_REPRESENTATION_CONTEXT(2) 
PARAMETRIC_REPRESENTATION_CONTEXT() REPRESENTATION_CONTEXT('2D SPACE',''
  ) );
#2356 = ADVANCED_FACE('',(#2357),#1727,.F.);
#2357 = FACE_BOUND('',#2358,.F.);
#2358 = EDGE_LOOP('',(#2359,#2360,#2383,#2405));
#2359 = ORIENTED_EDGE('',*,*,#1712,.T.);
#2360 = ORIENTED_EDGE('',*,*,#2361,.T.);
#2361 = EDGE_CURVE('',#1687,#2362,#2364,.T.);
#2362 = VERTEX_POINT('',#2363);
#2363 = CARTESIAN_POINT('',(66.608921320305,-3.,8.577220463439));
#2364 = SURFACE_CURVE('',#2365,(#2369,#2376),.PCURVE_S1.);
#2365 = LINE('',#2366,#2367);
#2366 = CARTESIAN_POINT('',(65.226763960916,-3.,7.131661390316));
#2367 = VECTOR('',#2368,1.);
#2368 = DIRECTION('',(0.691078679695,0.,0.722779536561));
#2369 = PCURVE('',#1727,#2370);
#2370 = DEFINITIONAL_REPRESENTATION('',(#2371),#2375);
#2371 = LINE('',#2372,#2373);
#2372 = CARTESIAN_POINT('',(2.527527916878E-15,-3.));
#2373 = VECTOR('',#2374,1.);
#2374 = DIRECTION('',(1.,-2.010125520398E-17));
#2375 = ( GEOMETRIC_REPRESENTATION_CONTEXT(2) 
PARAMETRIC_REPRESENTATION_CONTEXT() REPRESENTATION_CONTEXT('2D SPACE',''
  ) );
#2376 = PCURVE('',#1701,#2377);
#2377 = DEFINITIONAL_REPRESENTATION('',(#2378),#2382);
#2378 = LINE('',#2379,#2380);
#2379 = CARTESIAN_POINT('',(-1.5,-3.));
#2380 = VECTOR('',#2381,1.);
#2381 = DIRECTION('',(1.,0.));
#2382 = ( GEOMETRIC_REPRESENTATION_CONTEXT(2) 
PARAMETRIC_REPRESENTATION_CONTEXT() REPRESENTATION_CONTEXT('2D SPACE',''
  ) );
#2383 = ORIENTED_EDGE('',*,*,#2384,.F.);
#2384 = EDGE_CURVE('',#2285,#2362,#2385,.T.);
#2385 = SURFACE_CURVE('',#2386,(#2391,#2398),.PCURVE_S1.);
#2386 = CIRCLE('',#2387,1.);
#2387 = AXIS2_PLACEMENT_3D('',#2388,#2389,#2390);
#2388 = CARTESIAN_POINT('',(67.3,-3.,9.3));
#2389 = DIRECTION('',(0.,1.,0.));
#2390 = DIRECTION('',(0.,-0.,1.));
#2391 = PCURVE('',#1727,#2392);
#2392 = DEFINITIONAL_REPRESENTATION('',(#2393),#2397);
#2393 = CIRCLE('',#2394,1.);
#2394 = AXIS2_PLACEMENT_2D('',#2395,#2396);
#2395 = CARTESIAN_POINT('',(3.,-3.));
#2396 = DIRECTION('',(0.722779536561,-0.691078679695));
#2397 = ( GEOMETRIC_REPRESENTATION_CONTEXT(2) 
PARAMETRIC_REPRESENTATION_CONTEXT() REPRESENTATION_CONTEXT('2D SPACE',''
  ) );
#2398 = PCURVE('',#2324,#2399);
#2399 = DEFINITIONAL_REPRESENTATION('',(#2400),#2404);
#2400 = LINE('',#2401,#2402);
#2401 = CARTESIAN_POINT('',(0.,0.5));
#2402 = VECTOR('',#2403,1.);
#2403 = DIRECTION('',(1.,0.));
#2404 = ( GEOMETRIC_REPRESENTATION_CONTEXT(2) 
PARAMETRIC_REPRESENTATION_CONTEXT() REPRESENTATION_CONTEXT('2D SPACE',''
  ) );
#2405 = ORIENTED_EDGE('',*,*,#2284,.F.);
#2406 = ADVANCED_FACE('',(#2407),#1701,.T.);
#2407 = FACE_BOUND('',#2408,.T.);
#2408 = EDGE_LOOP('',(#2409,#2432,#2433,#2434));
#2409 = ORIENTED_EDGE('',*,*,#2410,.T.);
#2410 = EDGE_CURVE('',#2411,#1654,#2413,.T.);
#2411 = VERTEX_POINT('',#2412);
#2412 = CARTESIAN_POINT('',(66.608921320305,3.,8.577220463439));
#2413 = SURFACE_CURVE('',#2414,(#2418,#2425),.PCURVE_S1.);
#2414 = LINE('',#2415,#2416);
#2415 = CARTESIAN_POINT('',(67.3,3.,9.3));
#2416 = VECTOR('',#2417,1.);
#2417 = DIRECTION('',(-0.691078679695,0.,-0.722779536561));
#2418 = PCURVE('',#1701,#2419);
#2419 = DEFINITIONAL_REPRESENTATION('',(#2420),#2424);
#2420 = LINE('',#2421,#2422);
#2421 = CARTESIAN_POINT('',(1.5,3.));
#2422 = VECTOR('',#2423,1.);
#2423 = DIRECTION('',(-1.,0.));
#2424 = ( GEOMETRIC_REPRESENTATION_CONTEXT(2) 
PARAMETRIC_REPRESENTATION_CONTEXT() REPRESENTATION_CONTEXT('2D SPACE',''
  ) );
#2425 = PCURVE('',#1670,#2426);
#2426 = DEFINITIONAL_REPRESENTATION('',(#2427),#2431);
#2427 = LINE('',#2428,#2429);
#2428 = CARTESIAN_POINT('',(-2.527527916878E-15,-3.));
#2429 = VECTOR('',#2430,1.);
#2430 = DIRECTION('',(1.,2.010125520398E-17));
#2431 = ( GEOMETRIC_REPRESENTATION_CONTEXT(2) 
PARAMETRIC_REPRESENTATION_CONTEXT() REPRESENTATION_CONTEXT('2D SPACE',''
  ) );
#2432 = ORIENTED_EDGE('',*,*,#1686,.F.);
#2433 = ORIENTED_EDGE('',*,*,#2361,.T.);
#2434 = ORIENTED_EDGE('',*,*,#2435,.T.);
#2435 = EDGE_CURVE('',#2362,#2411,#2436,.T.);
#2436 = SURFACE_CURVE('',#2437,(#2441,#2447),.PCURVE_S1.);
#2437 = LINE('',#2438,#2439);
#2438 = CARTESIAN_POINT('',(66.608921320305,-3.5,8.577220463439));
#2439 = VECTOR('',#2440,1.);
#2440 = DIRECTION('',(0.,1.,0.));
#2441 = PCURVE('',#1701,#2442);
#2442 = DEFINITIONAL_REPRESENTATION('',(#2443),#2446);
#2443 = B_SPLINE_CURVE_WITH_KNOTS('',1,(#2444,#2445),.UNSPECIFIED.,.F.,
  .F.,(2,2),(-5.999999999062E-07,7.0000006),.PIECEWISE_BEZIER_KNOTS.);
#2444 = CARTESIAN_POINT('',(0.5,-3.5000006));
#2445 = CARTESIAN_POINT('',(0.5,3.5000006));
#2446 = ( GEOMETRIC_REPRESENTATION_CONTEXT(2) 
PARAMETRIC_REPRESENTATION_CONTEXT() REPRESENTATION_CONTEXT('2D SPACE',''
  ) );
#2447 = PCURVE('',#2324,#2448);
#2448 = DEFINITIONAL_REPRESENTATION('',(#2449),#2452);
#2449 = B_SPLINE_CURVE_WITH_KNOTS('',1,(#2450,#2451),.UNSPECIFIED.,.F.,
  .F.,(2,2),(-5.999999999062E-07,7.0000006),.PIECEWISE_BEZIER_KNOTS.);
#2450 = CARTESIAN_POINT('',(3.904573048476,-5.999999999062E-07));
#2451 = CARTESIAN_POINT('',(3.904573048476,7.0000006));
#2452 = ( GEOMETRIC_REPRESENTATION_CONTEXT(2) 
PARAMETRIC_REPRESENTATION_CONTEXT() REPRESENTATION_CONTEXT('2D SPACE',''
  ) );
#2453 = ADVANCED_FACE('',(#2454),#1670,.F.);
#2454 = FACE_BOUND('',#2455,.F.);
#2455 = EDGE_LOOP('',(#2456,#2457,#2480,#2506));
#2456 = ORIENTED_EDGE('',*,*,#1653,.F.);
#2457 = ORIENTED_EDGE('',*,*,#2458,.T.);
#2458 = EDGE_CURVE('',#1621,#2459,#2461,.T.);
#2459 = VERTEX_POINT('',#2460);
#2460 = CARTESIAN_POINT('',(68.022779536561,3.,8.608921320305));
#2461 = SURFACE_CURVE('',#2462,(#2466,#2473),.PCURVE_S1.);
#2462 = LINE('',#2463,#2464);
#2463 = CARTESIAN_POINT('',(69.106948841403,3.,7.572303300764));
#2464 = VECTOR('',#2465,1.);
#2465 = DIRECTION('',(-0.722779536561,0.,0.691078679695));
#2466 = PCURVE('',#1670,#2467);
#2467 = DEFINITIONAL_REPRESENTATION('',(#2468),#2472);
#2468 = LINE('',#2469,#2470);
#2469 = CARTESIAN_POINT('',(-2.477553213313E-15,-0.5));
#2470 = VECTOR('',#2471,1.);
#2471 = DIRECTION('',(-2.010125520398E-17,-1.));
#2472 = ( GEOMETRIC_REPRESENTATION_CONTEXT(2) 
PARAMETRIC_REPRESENTATION_CONTEXT() REPRESENTATION_CONTEXT('2D SPACE',''
  ) );
#2473 = PCURVE('',#1637,#2474);
#2474 = DEFINITIONAL_REPRESENTATION('',(#2475),#2479);
#2475 = LINE('',#2476,#2477);
#2476 = CARTESIAN_POINT('',(7.886222162734,3.638307932657E-16));
#2477 = VECTOR('',#2478,1.);
#2478 = DIRECTION('',(-2.010125520398E-17,-1.));
#2479 = ( GEOMETRIC_REPRESENTATION_CONTEXT(2) 
PARAMETRIC_REPRESENTATION_CONTEXT() REPRESENTATION_CONTEXT('2D SPACE',''
  ) );
#2480 = ORIENTED_EDGE('',*,*,#2481,.T.);
#2481 = EDGE_CURVE('',#2459,#2411,#2482,.T.);
#2482 = SURFACE_CURVE('',#2483,(#2488,#2499),.PCURVE_S1.);
#2483 = CIRCLE('',#2484,1.);
#2484 = AXIS2_PLACEMENT_3D('',#2485,#2486,#2487);
#2485 = CARTESIAN_POINT('',(67.3,3.,9.3));
#2486 = DIRECTION('',(0.,1.,0.));
#2487 = DIRECTION('',(0.,-0.,1.));
#2488 = PCURVE('',#1670,#2489);
#2489 = DEFINITIONAL_REPRESENTATION('',(#2490),#2498);
#2490 = ( BOUNDED_CURVE() B_SPLINE_CURVE(2,(#2491,#2492,#2493,#2494,
#2495,#2496,#2497),.UNSPECIFIED.,.T.,.F.) B_SPLINE_CURVE_WITH_KNOTS((1,2
    ,2,2,2,1),(-2.094395102393,0.,2.094395102393,4.188790204786,
6.28318530718,8.377580409573),.UNSPECIFIED.) CURVE() 
GEOMETRIC_REPRESENTATION_ITEM() RATIONAL_B_SPLINE_CURVE((1.,0.5,1.,0.5,
1.,0.5,1.)) REPRESENTATION_ITEM('') );
#2491 = CARTESIAN_POINT('',(-0.722779536561,-3.691078679695));
#2492 = CARTESIAN_POINT('',(-1.91976292182,-2.439187799699));
#2493 = CARTESIAN_POINT('',(-0.237101924349,-2.028515220155));
#2494 = CARTESIAN_POINT('',(1.445559073122,-1.617842640611));
#2495 = CARTESIAN_POINT('',(0.95988146091,-3.28040610015));
#2496 = CARTESIAN_POINT('',(0.474203848697,-4.94296955969));
#2497 = CARTESIAN_POINT('',(-0.722779536561,-3.691078679695));
#2498 = ( GEOMETRIC_REPRESENTATION_CONTEXT(2) 
PARAMETRIC_REPRESENTATION_CONTEXT() REPRESENTATION_CONTEXT('2D SPACE',''
  ) );
#2499 = PCURVE('',#2324,#2500);
#2500 = DEFINITIONAL_REPRESENTATION('',(#2501),#2505);
#2501 = LINE('',#2502,#2503);
#2502 = CARTESIAN_POINT('',(0.,6.5));
#2503 = VECTOR('',#2504,1.);
#2504 = DIRECTION('',(1.,0.));
#2505 = ( GEOMETRIC_REPRESENTATION_CONTEXT(2) 
PARAMETRIC_REPRESENTATION_CONTEXT() REPRESENTATION_CONTEXT('2D SPACE',''
  ) );
#2506 = ORIENTED_EDGE('',*,*,#2410,.T.);
#2507 = ADVANCED_FACE('',(#2508),#1637,.F.);
#2508 = FACE_BOUND('',#2509,.F.);
#2509 = EDGE_LOOP('',(#2510,#2511,#2534,#2560));
#2510 = ORIENTED_EDGE('',*,*,#1620,.F.);
#2511 = ORIENTED_EDGE('',*,*,#2512,.T.);
#2512 = EDGE_CURVE('',#1595,#2513,#2515,.T.);
#2513 = VERTEX_POINT('',#2514);
#2514 = CARTESIAN_POINT('',(67.991078679695,3.,10.022779536562));
#2515 = SURFACE_CURVE('',#2516,(#2520,#2527),.PCURVE_S1.);
#2516 = LINE('',#2517,#2518);
#2517 = CARTESIAN_POINT('',(72.75,3.,15.));
#2518 = VECTOR('',#2519,1.);
#2519 = DIRECTION('',(-0.691078679695,0.,-0.722779536561));
#2520 = PCURVE('',#1637,#2521);
#2521 = DEFINITIONAL_REPRESENTATION('',(#2522),#2526);
#2522 = LINE('',#2523,#2524);
#2523 = CARTESIAN_POINT('',(6.104759889757E-17,-2.5));
#2524 = VECTOR('',#2525,1.);
#2525 = DIRECTION('',(1.,2.010125520398E-17));
#2526 = ( GEOMETRIC_REPRESENTATION_CONTEXT(2) 
PARAMETRIC_REPRESENTATION_CONTEXT() REPRESENTATION_CONTEXT('2D SPACE',''
  ) );
#2527 = PCURVE('',#1609,#2528);
#2528 = DEFINITIONAL_REPRESENTATION('',(#2529),#2533);
#2529 = LINE('',#2530,#2531);
#2530 = CARTESIAN_POINT('',(3.943111081367,3.));
#2531 = VECTOR('',#2532,1.);
#2532 = DIRECTION('',(-1.,0.));
#2533 = ( GEOMETRIC_REPRESENTATION_CONTEXT(2) 
PARAMETRIC_REPRESENTATION_CONTEXT() REPRESENTATION_CONTEXT('2D SPACE',''
  ) );
#2534 = ORIENTED_EDGE('',*,*,#2535,.T.);
#2535 = EDGE_CURVE('',#2513,#2459,#2536,.T.);
#2536 = SURFACE_CURVE('',#2537,(#2542,#2553),.PCURVE_S1.);
#2537 = CIRCLE('',#2538,1.);
#2538 = AXIS2_PLACEMENT_3D('',#2539,#2540,#2541);
#2539 = CARTESIAN_POINT('',(67.3,3.,9.3));
#2540 = DIRECTION('',(0.,1.,0.));
#2541 = DIRECTION('',(0.,-0.,1.));
#2542 = PCURVE('',#1637,#2543);
#2543 = DEFINITIONAL_REPRESENTATION('',(#2544),#2552);
#2544 = ( BOUNDED_CURVE() B_SPLINE_CURVE(2,(#2545,#2546,#2547,#2548,
#2549,#2550,#2551),.UNSPECIFIED.,.T.,.F.) B_SPLINE_CURVE_WITH_KNOTS((1,2
    ,2,2,2,1),(-2.094395102393,0.,2.094395102393,4.188790204786,
6.28318530718,8.377580409573),.UNSPECIFIED.) CURVE() 
GEOMETRIC_REPRESENTATION_ITEM() RATIONAL_B_SPLINE_CURVE((1.,0.5,1.,0.5,
1.,0.5,1.)) REPRESENTATION_ITEM('') );
#2545 = CARTESIAN_POINT('',(7.163442626173,-3.191078679695));
#2546 = CARTESIAN_POINT('',(5.966459240914,-1.939187799699));
#2547 = CARTESIAN_POINT('',(7.649120238386,-1.528515220155));
#2548 = CARTESIAN_POINT('',(9.331781235857,-1.117842640611));
#2549 = CARTESIAN_POINT('',(8.846103623644,-2.78040610015));
#2550 = CARTESIAN_POINT('',(8.360426011431,-4.44296955969));
#2551 = CARTESIAN_POINT('',(7.163442626173,-3.191078679695));
#2552 = ( GEOMETRIC_REPRESENTATION_CONTEXT(2) 
PARAMETRIC_REPRESENTATION_CONTEXT() REPRESENTATION_CONTEXT('2D SPACE',''
  ) );
#2553 = PCURVE('',#2324,#2554);
#2554 = DEFINITIONAL_REPRESENTATION('',(#2555),#2559);
#2555 = LINE('',#2556,#2557);
#2556 = CARTESIAN_POINT('',(0.,6.5));
#2557 = VECTOR('',#2558,1.);
#2558 = DIRECTION('',(1.,0.));
#2559 = ( GEOMETRIC_REPRESENTATION_CONTEXT(2) 
PARAMETRIC_REPRESENTATION_CONTEXT() REPRESENTATION_CONTEXT('2D SPACE',''
  ) );
#2560 = ORIENTED_EDGE('',*,*,#2458,.F.);
#2561 = ADVANCED_FACE('',(#2562),#1609,.T.);
#2562 = FACE_BOUND('',#2563,.T.);
#2563 = EDGE_LOOP('',(#2564,#2583,#2584,#2585));
#2564 = ORIENTED_EDGE('',*,*,#2565,.F.);
#2565 = EDGE_CURVE('',#2308,#2513,#2566,.T.);
#2566 = SURFACE_CURVE('',#2567,(#2571,#2577),.PCURVE_S1.);
#2567 = LINE('',#2568,#2569);
#2568 = CARTESIAN_POINT('',(67.991078679695,-3.5,10.022779536561));
#2569 = VECTOR('',#2570,1.);
#2570 = DIRECTION('',(0.,1.,0.));
#2571 = PCURVE('',#1609,#2572);
#2572 = DEFINITIONAL_REPRESENTATION('',(#2573),#2576);
#2573 = B_SPLINE_CURVE_WITH_KNOTS('',1,(#2574,#2575),.UNSPECIFIED.,.F.,
  .F.,(2,2),(-5.999999999062E-07,7.0000006),.PIECEWISE_BEZIER_KNOTS.);
#2574 = CARTESIAN_POINT('',(-2.943111081367,-3.5000006));
#2575 = CARTESIAN_POINT('',(-2.943111081367,3.5000006));
#2576 = ( GEOMETRIC_REPRESENTATION_CONTEXT(2) 
PARAMETRIC_REPRESENTATION_CONTEXT() REPRESENTATION_CONTEXT('2D SPACE',''
  ) );
#2577 = PCURVE('',#2324,#2578);
#2578 = DEFINITIONAL_REPRESENTATION('',(#2579),#2582);
#2579 = B_SPLINE_CURVE_WITH_KNOTS('',1,(#2580,#2581),.UNSPECIFIED.,.F.,
  .F.,(2,2),(-5.999999999062E-07,7.0000006),.PIECEWISE_BEZIER_KNOTS.);
#2580 = CARTESIAN_POINT('',(0.762980394886,-5.999999999062E-07));
#2581 = CARTESIAN_POINT('',(0.762980394886,7.0000006));
#2582 = ( GEOMETRIC_REPRESENTATION_CONTEXT(2) 
PARAMETRIC_REPRESENTATION_CONTEXT() REPRESENTATION_CONTEXT('2D SPACE',''
  ) );
#2583 = ORIENTED_EDGE('',*,*,#2336,.T.);
#2584 = ORIENTED_EDGE('',*,*,#1594,.T.);
#2585 = ORIENTED_EDGE('',*,*,#2512,.T.);
#2586 = ADVANCED_FACE('',(#2587),#1857,.F.);
#2587 = FACE_BOUND('',#2588,.F.);
#2588 = EDGE_LOOP('',(#2589,#2612,#2613));
#2589 = ORIENTED_EDGE('',*,*,#2590,.F.);
#2590 = EDGE_CURVE('',#1819,#2591,#2593,.T.);
#2591 = VERTEX_POINT('',#2592);
#2592 = CARTESIAN_POINT('',(74.556948841403,-3.,13.272303300764));
#2593 = SURFACE_CURVE('',#2594,(#2598,#2605),.PCURVE_S1.);
#2594 = LINE('',#2595,#2596);
#2595 = CARTESIAN_POINT('',(69.106948841403,-3.,7.572303300764));
#2596 = VECTOR('',#2597,1.);
#2597 = DIRECTION('',(0.691078679695,0.,0.722779536561));
#2598 = PCURVE('',#1857,#2599);
#2599 = DEFINITIONAL_REPRESENTATION('',(#2600),#2604);
#2600 = LINE('',#2601,#2602);
#2601 = CARTESIAN_POINT('',(0.,0.));
#2602 = VECTOR('',#2603,1.);
#2603 = DIRECTION('',(1.,-2.010125520398E-17));
#2604 = ( GEOMETRIC_REPRESENTATION_CONTEXT(2) 
PARAMETRIC_REPRESENTATION_CONTEXT() REPRESENTATION_CONTEXT('2D SPACE',''
  ) );
#2605 = PCURVE('',#2138,#2606);
#2606 = DEFINITIONAL_REPRESENTATION('',(#2607),#2611);
#2607 = LINE('',#2608,#2609);
#2608 = CARTESIAN_POINT('',(-3.943111081367,-3.));
#2609 = VECTOR('',#2610,1.);
#2610 = DIRECTION('',(1.,0.));
#2611 = ( GEOMETRIC_REPRESENTATION_CONTEXT(2) 
PARAMETRIC_REPRESENTATION_CONTEXT() REPRESENTATION_CONTEXT('2D SPACE',''
  ) );
#2612 = ORIENTED_EDGE('',*,*,#1841,.T.);
#2613 = ORIENTED_EDGE('',*,*,#2614,.F.);
#2614 = EDGE_CURVE('',#2591,#1842,#2615,.T.);
#2615 = SURFACE_CURVE('',#2616,(#2620,#2627),.PCURVE_S1.);
#2616 = LINE('',#2617,#2618);
#2617 = CARTESIAN_POINT('',(74.556948841403,-3.,13.272303300764));
#2618 = VECTOR('',#2619,1.);
#2619 = DIRECTION('',(-0.722779536561,0.,0.691078679695));
#2620 = PCURVE('',#1857,#2621);
#2621 = DEFINITIONAL_REPRESENTATION('',(#2622),#2626);
#2622 = LINE('',#2623,#2624);
#2623 = CARTESIAN_POINT('',(7.886222162734,-3.638307932657E-16));
#2624 = VECTOR('',#2625,1.);
#2625 = DIRECTION('',(2.010125520398E-17,-1.));
#2626 = ( GEOMETRIC_REPRESENTATION_CONTEXT(2) 
PARAMETRIC_REPRESENTATION_CONTEXT() REPRESENTATION_CONTEXT('2D SPACE',''
  ) );
#2627 = PCURVE('',#1992,#2628);
#2628 = DEFINITIONAL_REPRESENTATION('',(#2629),#2633);
#2629 = LINE('',#2630,#2631);
#2630 = CARTESIAN_POINT('',(0.,0.));
#2631 = VECTOR('',#2632,1.);
#2632 = DIRECTION('',(0.,-1.));
#2633 = ( GEOMETRIC_REPRESENTATION_CONTEXT(2) 
PARAMETRIC_REPRESENTATION_CONTEXT() REPRESENTATION_CONTEXT('2D SPACE',''
  ) );
#2634 = ADVANCED_FACE('',(#2635),#1914,.F.);
#2635 = FACE_BOUND('',#2636,.F.);
#2636 = EDGE_LOOP('',(#2637,#2658,#2659,#2660));
#2637 = ORIENTED_EDGE('',*,*,#2638,.T.);
#2638 = EDGE_CURVE('',#1894,#2253,#2639,.T.);
#2639 = SEAM_CURVE('',#2640,(#2644,#2651),.PCURVE_S1.);
#2640 = LINE('',#2641,#2642);
#2641 = CARTESIAN_POINT('',(-65.25,-5.765209719854,7.5));
#2642 = VECTOR('',#2643,1.);
#2643 = DIRECTION('',(0.,1.,0.));
#2644 = PCURVE('',#1914,#2645);
#2645 = DEFINITIONAL_REPRESENTATION('',(#2646),#2650);
#2646 = LINE('',#2647,#2648);
#2647 = CARTESIAN_POINT('',(9.424777960769,0.));
#2648 = VECTOR('',#2649,1.);
#2649 = DIRECTION('',(0.,1.));
#2650 = ( GEOMETRIC_REPRESENTATION_CONTEXT(2) 
PARAMETRIC_REPRESENTATION_CONTEXT() REPRESENTATION_CONTEXT('2D SPACE',''
  ) );
#2651 = PCURVE('',#1914,#2652);
#2652 = DEFINITIONAL_REPRESENTATION('',(#2653),#2657);
#2653 = LINE('',#2654,#2655);
#2654 = CARTESIAN_POINT('',(3.14159265359,0.));
#2655 = VECTOR('',#2656,1.);
#2656 = DIRECTION('',(0.,1.));
#2657 = ( GEOMETRIC_REPRESENTATION_CONTEXT(2) 
PARAMETRIC_REPRESENTATION_CONTEXT() REPRESENTATION_CONTEXT('2D SPACE',''
  ) );
#2658 = ORIENTED_EDGE('',*,*,#2252,.T.);
#2659 = ORIENTED_EDGE('',*,*,#2638,.F.);
#2660 = ORIENTED_EDGE('',*,*,#1893,.T.);
#2661 = ADVANCED_FACE('',(#2662),#1992,.F.);
#2662 = FACE_BOUND('',#2663,.F.);
#2663 = EDGE_LOOP('',(#2664,#2685,#2686,#2687));
#2664 = ORIENTED_EDGE('',*,*,#2665,.F.);
#2665 = EDGE_CURVE('',#2591,#2091,#2666,.T.);
#2666 = SURFACE_CURVE('',#2667,(#2671,#2678),.PCURVE_S1.);
#2667 = LINE('',#2668,#2669);
#2668 = CARTESIAN_POINT('',(74.556948841403,-3.,13.272303300764));
#2669 = VECTOR('',#2670,1.);
#2670 = DIRECTION('',(0.,1.,0.));
#2671 = PCURVE('',#1992,#2672);
#2672 = DEFINITIONAL_REPRESENTATION('',(#2673),#2677);
#2673 = LINE('',#2674,#2675);
#2674 = CARTESIAN_POINT('',(0.,0.));
#2675 = VECTOR('',#2676,1.);
#2676 = DIRECTION('',(1.,0.));
#2677 = ( GEOMETRIC_REPRESENTATION_CONTEXT(2) 
PARAMETRIC_REPRESENTATION_CONTEXT() REPRESENTATION_CONTEXT('2D SPACE',''
  ) );
#2678 = PCURVE('',#2138,#2679);
#2679 = DEFINITIONAL_REPRESENTATION('',(#2680),#2684);
#2680 = LINE('',#2681,#2682);
#2681 = CARTESIAN_POINT('',(3.943111081367,-3.));
#2682 = VECTOR('',#2683,1.);
#2683 = DIRECTION('',(0.,1.));
#2684 = ( GEOMETRIC_REPRESENTATION_CONTEXT(2) 
PARAMETRIC_REPRESENTATION_CONTEXT() REPRESENTATION_CONTEXT('2D SPACE',''
  ) );
#2685 = ORIENTED_EDGE('',*,*,#2614,.T.);
#2686 = ORIENTED_EDGE('',*,*,#1978,.T.);
#2687 = ORIENTED_EDGE('',*,*,#2090,.F.);
#2688 = ADVANCED_FACE('',(#2689),#2138,.F.);
#2689 = FACE_BOUND('',#2690,.F.);
#2690 = EDGE_LOOP('',(#2691,#2692,#2693,#2694));
#2691 = ORIENTED_EDGE('',*,*,#2118,.F.);
#2692 = ORIENTED_EDGE('',*,*,#2190,.T.);
#2693 = ORIENTED_EDGE('',*,*,#2590,.T.);
#2694 = ORIENTED_EDGE('',*,*,#2665,.T.);
#2695 = ADVANCED_FACE('',(#2696,#2778),#2324,.T.);
#2696 = FACE_BOUND('',#2697,.T.);
#2697 = EDGE_LOOP('',(#2698,#2723,#2750,#2751));
#2698 = ORIENTED_EDGE('',*,*,#2699,.T.);
#2699 = EDGE_CURVE('',#2700,#2702,#2704,.T.);
#2700 = VERTEX_POINT('',#2701);
#2701 = CARTESIAN_POINT('',(67.3,-3.5,10.3));
#2702 = VERTEX_POINT('',#2703);
#2703 = CARTESIAN_POINT('',(67.3,3.5,10.3));
#2704 = SEAM_CURVE('',#2705,(#2709,#2716),.PCURVE_S1.);
#2705 = LINE('',#2706,#2707);
#2706 = CARTESIAN_POINT('',(67.3,-3.5,10.3));
#2707 = VECTOR('',#2708,1.);
#2708 = DIRECTION('',(0.,1.,0.));
#2709 = PCURVE('',#2324,#2710);
#2710 = DEFINITIONAL_REPRESENTATION('',(#2711),#2715);
#2711 = LINE('',#2712,#2713);
#2712 = CARTESIAN_POINT('',(6.28318530718,-0.));
#2713 = VECTOR('',#2714,1.);
#2714 = DIRECTION('',(0.,1.));
#2715 = ( GEOMETRIC_REPRESENTATION_CONTEXT(2) 
PARAMETRIC_REPRESENTATION_CONTEXT() REPRESENTATION_CONTEXT('2D SPACE',''
  ) );
#2716 = PCURVE('',#2324,#2717);
#2717 = DEFINITIONAL_REPRESENTATION('',(#2718),#2722);
#2718 = LINE('',#2719,#2720);
#2719 = CARTESIAN_POINT('',(0.,-0.));
#2720 = VECTOR('',#2721,1.);
#2721 = DIRECTION('',(0.,1.));
#2722 = ( GEOMETRIC_REPRESENTATION_CONTEXT(2) 
PARAMETRIC_REPRESENTATION_CONTEXT() REPRESENTATION_CONTEXT('2D SPACE',''
  ) );
#2723 = ORIENTED_EDGE('',*,*,#2724,.F.);
#2724 = EDGE_CURVE('',#2702,#2702,#2725,.T.);
#2725 = SURFACE_CURVE('',#2726,(#2731,#2738),.PCURVE_S1.);
#2726 = CIRCLE('',#2727,1.);
#2727 = AXIS2_PLACEMENT_3D('',#2728,#2729,#2730);
#2728 = CARTESIAN_POINT('',(67.3,3.5,9.3));
#2729 = DIRECTION('',(0.,1.,0.));
#2730 = DIRECTION('',(0.,-0.,1.));
#2731 = PCURVE('',#2324,#2732);
#2732 = DEFINITIONAL_REPRESENTATION('',(#2733),#2737);
#2733 = LINE('',#2734,#2735);
#2734 = CARTESIAN_POINT('',(0.,7.));
#2735 = VECTOR('',#2736,1.);
#2736 = DIRECTION('',(1.,0.));
#2737 = ( GEOMETRIC_REPRESENTATION_CONTEXT(2) 
PARAMETRIC_REPRESENTATION_CONTEXT() REPRESENTATION_CONTEXT('2D SPACE',''
  ) );
#2738 = PCURVE('',#2739,#2744);
#2739 = PLANE('',#2740);
#2740 = AXIS2_PLACEMENT_3D('',#2741,#2742,#2743);
#2741 = CARTESIAN_POINT('',(67.3,3.5,9.3));
#2742 = DIRECTION('',(0.,1.,0.));
#2743 = DIRECTION('',(0.,-0.,1.));
#2744 = DEFINITIONAL_REPRESENTATION('',(#2745),#2749);
#2745 = CIRCLE('',#2746,1.);
#2746 = AXIS2_PLACEMENT_2D('',#2747,#2748);
#2747 = CARTESIAN_POINT('',(0.,0.));
#2748 = DIRECTION('',(1.,0.));
#2749 = ( GEOMETRIC_REPRESENTATION_CONTEXT(2) 
PARAMETRIC_REPRESENTATION_CONTEXT() REPRESENTATION_CONTEXT('2D SPACE',''
  ) );
#2750 = ORIENTED_EDGE('',*,*,#2699,.F.);
#2751 = ORIENTED_EDGE('',*,*,#2752,.T.);
#2752 = EDGE_CURVE('',#2700,#2700,#2753,.T.);
#2753 = SURFACE_CURVE('',#2754,(#2759,#2766),.PCURVE_S1.);
#2754 = CIRCLE('',#2755,1.);
#2755 = AXIS2_PLACEMENT_3D('',#2756,#2757,#2758);
#2756 = CARTESIAN_POINT('',(67.3,-3.5,9.3));
#2757 = DIRECTION('',(0.,1.,0.));
#2758 = DIRECTION('',(0.,-0.,1.));
#2759 = PCURVE('',#2324,#2760);
#2760 = DEFINITIONAL_REPRESENTATION('',(#2761),#2765);
#2761 = LINE('',#2762,#2763);
#2762 = CARTESIAN_POINT('',(0.,0.));
#2763 = VECTOR('',#2764,1.);
#2764 = DIRECTION('',(1.,0.));
#2765 = ( GEOMETRIC_REPRESENTATION_CONTEXT(2) 
PARAMETRIC_REPRESENTATION_CONTEXT() REPRESENTATION_CONTEXT('2D SPACE',''
  ) );
#2766 = PCURVE('',#2767,#2772);
#2767 = PLANE('',#2768);
#2768 = AXIS2_PLACEMENT_3D('',#2769,#2770,#2771);
#2769 = CARTESIAN_POINT('',(67.3,-3.5,9.3));
#2770 = DIRECTION('',(0.,1.,0.));
#2771 = DIRECTION('',(0.,-0.,1.));
#2772 = DEFINITIONAL_REPRESENTATION('',(#2773),#2777);
#2773 = CIRCLE('',#2774,1.);
#2774 = AXIS2_PLACEMENT_2D('',#2775,#2776);
#2775 = CARTESIAN_POINT('',(0.,0.));
#2776 = DIRECTION('',(1.,0.));
#2777 = ( GEOMETRIC_REPRESENTATION_CONTEXT(2) 
PARAMETRIC_REPRESENTATION_CONTEXT() REPRESENTATION_CONTEXT('2D SPACE',''
  ) );
#2778 = FACE_BOUND('',#2779,.T.);
#2779 = EDGE_LOOP('',(#2780,#2781,#2782,#2783,#2784,#2785));
#2780 = ORIENTED_EDGE('',*,*,#2307,.F.);
#2781 = ORIENTED_EDGE('',*,*,#2565,.T.);
#2782 = ORIENTED_EDGE('',*,*,#2535,.T.);
#2783 = ORIENTED_EDGE('',*,*,#2481,.T.);
#2784 = ORIENTED_EDGE('',*,*,#2435,.F.);
#2785 = ORIENTED_EDGE('',*,*,#2384,.F.);
#2786 = ADVANCED_FACE('',(#2787),#2767,.F.);
#2787 = FACE_BOUND('',#2788,.T.);
#2788 = EDGE_LOOP('',(#2789));
#2789 = ORIENTED_EDGE('',*,*,#2752,.F.);
#2790 = ADVANCED_FACE('',(#2791),#2739,.T.);
#2791 = FACE_BOUND('',#2792,.T.);
#2792 = EDGE_LOOP('',(#2793));
#2793 = ORIENTED_EDGE('',*,*,#2724,.T.);
#2794 = ( GEOMETRIC_REPRESENTATION_CONTEXT(3) 
GLOBAL_UNCERTAINTY_ASSIGNED_CONTEXT((#2798)) 
GLOBAL_UNIT_ASSIGNED_CONTEXT((#2795,#2796,#2797)) REPRESENTATION_CONTEXT
('Context #1','3D Context with UNIT and UNCERTAINTY') );
#2795 = ( LENGTH_UNIT() NAMED_UNIT(*) SI_UNIT(.MILLI.,.METRE.) );
#2796 = ( NAMED_UNIT(*) PLANE_ANGLE_UNIT() SI_UNIT($,.RADIAN.) );
#2797 = ( NAMED_UNIT(*) SI_UNIT($,.STERADIAN.) SOLID_ANGLE_UNIT() );
#2798 = UNCERTAINTY_MEASURE_WITH_UNIT(LENGTH_MEASURE(1.E-04),#2795,
  'distance_accuracy_value','confusion accuracy');
#2799 = PRODUCT_RELATED_PRODUCT_CATEGORY('part',$,(#7));
ENDSEC;
END-ISO-10303-21;
