ISO-10303-21;
HEADER;
FILE_DESCRIPTION(('Open CASCADE Model'),'2;1');
FILE_NAME('Open CASCADE Shape Model','2026-08-16T21:53:26',('Author'),(
    'Open CASCADE'),'Open CASCADE STEP processor 7.9','Open CASCADE 7.9'
  ,'Unknown');
FILE_SCHEMA(('AUTOMOTIVE_DESIGN { 1 0 10303 214 1 1 1 1 }'));
ENDSEC;
DATA;
#1 = APPLICATION_PROTOCOL_DEFINITION('international standard',
  'automotive_design',2000,#2);
#2 = APPLICATION_CONTEXT(
  'core data for automotive mechanical design processes');
#3 = SHAPE_DEFINITION_REPRESENTATION(#4,#10);
#4 = PRODUCT_DEFINITION_SHAPE('','',#5);
#5 = PRODUCT_DEFINITION('design','',#6,#9);
#6 = PRODUCT_DEFINITION_FORMATION('','',#7);
#7 = PRODUCT('Open CASCADE STEP translator 7.9 1',
  'Open CASCADE STEP translator 7.9 1','',(#8));
#8 = PRODUCT_CONTEXT('',#2,'mechanical');
#9 = PRODUCT_DEFINITION_CONTEXT('part definition',#2,'design');
#10 = SHAPE_REPRESENTATION('',(#11,#15,#19,#23,#27,#31,#35,#39,#43,#47),
  #51);
#11 = AXIS2_PLACEMENT_3D('',#12,#13,#14);
#12 = CARTESIAN_POINT('',(0.,0.,0.));
#13 = DIRECTION('',(0.,0.,1.));
#14 = DIRECTION('',(1.,0.,-0.));
#15 = AXIS2_PLACEMENT_3D('',#16,#17,#18);
#16 = CARTESIAN_POINT('',(0.,0.,0.));
#17 = DIRECTION('',(0.,0.,1.));
#18 = DIRECTION('',(1.,0.,0.));
#19 = AXIS2_PLACEMENT_3D('',#20,#21,#22);
#20 = CARTESIAN_POINT('',(0.,0.,0.));
#21 = DIRECTION('',(0.,0.,1.));
#22 = DIRECTION('',(1.,0.,0.));
#23 = AXIS2_PLACEMENT_3D('',#24,#25,#26);
#24 = CARTESIAN_POINT('',(0.,0.,0.));
#25 = DIRECTION('',(0.,0.,1.));
#26 = DIRECTION('',(1.,0.,0.));
#27 = AXIS2_PLACEMENT_3D('',#28,#29,#30);
#28 = CARTESIAN_POINT('',(0.,0.,0.));
#29 = DIRECTION('',(0.,0.,1.));
#30 = DIRECTION('',(1.,0.,0.));
#31 = AXIS2_PLACEMENT_3D('',#32,#33,#34);
#32 = CARTESIAN_POINT('',(0.,0.,0.));
#33 = DIRECTION('',(0.,0.,1.));
#34 = DIRECTION('',(1.,0.,0.));
#35 = AXIS2_PLACEMENT_3D('',#36,#37,#38);
#36 = CARTESIAN_POINT('',(0.,0.,0.));
#37 = DIRECTION('',(0.,0.,1.));
#38 = DIRECTION('',(1.,0.,0.));
#39 = AXIS2_PLACEMENT_3D('',#40,#41,#42);
#40 = CARTESIAN_POINT('',(0.,0.,0.));
#41 = DIRECTION('',(0.,0.,1.));
#42 = DIRECTION('',(1.,0.,0.));
#43 = AXIS2_PLACEMENT_3D('',#44,#45,#46);
#44 = CARTESIAN_POINT('',(0.,0.,0.));
#45 = DIRECTION('',(0.,0.,1.));
#46 = DIRECTION('',(1.,0.,0.));
#47 = AXIS2_PLACEMENT_3D('',#48,#49,#50);
#48 = CARTESIAN_POINT('',(0.,0.,0.));
#49 = DIRECTION('',(0.,0.,1.));
#50 = DIRECTION('',(1.,0.,0.));
#51 = ( GEOMETRIC_REPRESENTATION_CONTEXT(3) 
GLOBAL_UNCERTAINTY_ASSIGNED_CONTEXT((#55)) GLOBAL_UNIT_ASSIGNED_CONTEXT(
(#52,#53,#54)) REPRESENTATION_CONTEXT('Context #1',
  '3D Context with UNIT and UNCERTAINTY') );
#52 = ( LENGTH_UNIT() NAMED_UNIT(*) SI_UNIT(.MILLI.,.METRE.) );
#53 = ( NAMED_UNIT(*) PLANE_ANGLE_UNIT() SI_UNIT($,.RADIAN.) );
#54 = ( NAMED_UNIT(*) SI_UNIT($,.STERADIAN.) SOLID_ANGLE_UNIT() );
#55 = UNCERTAINTY_MEASURE_WITH_UNIT(LENGTH_MEASURE(5.E-04),#52,
  'distance_accuracy_value','confusion accuracy');
#56 = PRODUCT_RELATED_PRODUCT_CATEGORY('part',$,(#7));
#57 = SHAPE_DEFINITION_REPRESENTATION(#58,#64);
#58 = PRODUCT_DEFINITION_SHAPE('','',#59);
#59 = PRODUCT_DEFINITION('design','',#60,#63);
#60 = PRODUCT_DEFINITION_FORMATION('','',#61);
#61 = PRODUCT('Open CASCADE STEP translator 7.9 1.1',
  'Open CASCADE STEP translator 7.9 1.1','',(#62));
#62 = PRODUCT_CONTEXT('',#2,'mechanical');
#63 = PRODUCT_DEFINITION_CONTEXT('part definition',#2,'design');
#64 = ADVANCED_BREP_SHAPE_REPRESENTATION('',(#11,#65),#253);
#65 = MANIFOLD_SOLID_BREP('',#66);
#66 = CLOSED_SHELL('',(#67,#155,#190,#194,#249));
#67 = ADVANCED_FACE('',(#68),#81,.T.);
#68 = FACE_BOUND('',#69,.T.);
#69 = EDGE_LOOP('',(#70,#104,#127,#154));
#70 = ORIENTED_EDGE('',*,*,#71,.F.);
#71 = EDGE_CURVE('',#72,#72,#74,.T.);
#72 = VERTEX_POINT('',#73);
#73 = CARTESIAN_POINT('',(80.,34.,11.));
#74 = SURFACE_CURVE('',#75,(#80,#92),.PCURVE_S1.);
#75 = CIRCLE('',#76,7.);
#76 = AXIS2_PLACEMENT_3D('',#77,#78,#79);
#77 = CARTESIAN_POINT('',(80.,34.,4.));
#78 = DIRECTION('',(0.,1.,0.));
#79 = DIRECTION('',(0.,-0.,1.));
#80 = PCURVE('',#81,#86);
#81 = CYLINDRICAL_SURFACE('',#82,7.);
#82 = AXIS2_PLACEMENT_3D('',#83,#84,#85);
#83 = CARTESIAN_POINT('',(80.,24.,4.));
#84 = DIRECTION('',(0.,1.,0.));
#85 = DIRECTION('',(0.,-0.,1.));
#86 = DEFINITIONAL_REPRESENTATION('',(#87),#91);
#87 = LINE('',#88,#89);
#88 = CARTESIAN_POINT('',(0.,10.));
#89 = VECTOR('',#90,1.);
#90 = DIRECTION('',(1.,0.));
#91 = ( GEOMETRIC_REPRESENTATION_CONTEXT(2) 
PARAMETRIC_REPRESENTATION_CONTEXT() REPRESENTATION_CONTEXT('2D SPACE',''
  ) );
#92 = PCURVE('',#93,#98);
#93 = PLANE('',#94);
#94 = AXIS2_PLACEMENT_3D('',#95,#96,#97);
#95 = CARTESIAN_POINT('',(80.,34.,4.));
#96 = DIRECTION('',(0.,1.,0.));
#97 = DIRECTION('',(0.,-0.,1.));
#98 = DEFINITIONAL_REPRESENTATION('',(#99),#103);
#99 = CIRCLE('',#100,7.);
#100 = AXIS2_PLACEMENT_2D('',#101,#102);
#101 = CARTESIAN_POINT('',(0.,0.));
#102 = DIRECTION('',(1.,0.));
#103 = ( GEOMETRIC_REPRESENTATION_CONTEXT(2) 
PARAMETRIC_REPRESENTATION_CONTEXT() REPRESENTATION_CONTEXT('2D SPACE',''
  ) );
#104 = ORIENTED_EDGE('',*,*,#105,.F.);
#105 = EDGE_CURVE('',#106,#72,#108,.T.);
#106 = VERTEX_POINT('',#107);
#107 = CARTESIAN_POINT('',(80.,24.,11.));
#108 = SEAM_CURVE('',#109,(#113,#120),.PCURVE_S1.);
#109 = LINE('',#110,#111);
#110 = CARTESIAN_POINT('',(80.,24.,11.));
#111 = VECTOR('',#112,1.);
#112 = DIRECTION('',(0.,1.,0.));
#113 = PCURVE('',#81,#114);
#114 = DEFINITIONAL_REPRESENTATION('',(#115),#119);
#115 = LINE('',#116,#117);
#116 = CARTESIAN_POINT('',(0.,-0.));
#117 = VECTOR('',#118,1.);
#118 = DIRECTION('',(0.,1.));
#119 = ( GEOMETRIC_REPRESENTATION_CONTEXT(2) 
PARAMETRIC_REPRESENTATION_CONTEXT() REPRESENTATION_CONTEXT('2D SPACE',''
  ) );
#120 = PCURVE('',#81,#121);
#121 = DEFINITIONAL_REPRESENTATION('',(#122),#126);
#122 = LINE('',#123,#124);
#123 = CARTESIAN_POINT('',(6.28318530718,-0.));
#124 = VECTOR('',#125,1.);
#125 = DIRECTION('',(0.,1.));
#126 = ( GEOMETRIC_REPRESENTATION_CONTEXT(2) 
PARAMETRIC_REPRESENTATION_CONTEXT() REPRESENTATION_CONTEXT('2D SPACE',''
  ) );
#127 = ORIENTED_EDGE('',*,*,#128,.T.);
#128 = EDGE_CURVE('',#106,#106,#129,.T.);
#129 = SURFACE_CURVE('',#130,(#135,#142),.PCURVE_S1.);
#130 = CIRCLE('',#131,7.);
#131 = AXIS2_PLACEMENT_3D('',#132,#133,#134);
#132 = CARTESIAN_POINT('',(80.,24.,4.));
#133 = DIRECTION('',(0.,1.,0.));
#134 = DIRECTION('',(0.,-0.,1.));
#135 = PCURVE('',#81,#136);
#136 = DEFINITIONAL_REPRESENTATION('',(#137),#141);
#137 = LINE('',#138,#139);
#138 = CARTESIAN_POINT('',(0.,0.));
#139 = VECTOR('',#140,1.);
#140 = DIRECTION('',(1.,0.));
#141 = ( GEOMETRIC_REPRESENTATION_CONTEXT(2) 
PARAMETRIC_REPRESENTATION_CONTEXT() REPRESENTATION_CONTEXT('2D SPACE',''
  ) );
#142 = PCURVE('',#143,#148);
#143 = PLANE('',#144);
#144 = AXIS2_PLACEMENT_3D('',#145,#146,#147);
#145 = CARTESIAN_POINT('',(80.,24.,4.));
#146 = DIRECTION('',(0.,1.,0.));
#147 = DIRECTION('',(0.,-0.,1.));
#148 = DEFINITIONAL_REPRESENTATION('',(#149),#153);
#149 = CIRCLE('',#150,7.);
#150 = AXIS2_PLACEMENT_2D('',#151,#152);
#151 = CARTESIAN_POINT('',(0.,0.));
#152 = DIRECTION('',(1.,0.));
#153 = ( GEOMETRIC_REPRESENTATION_CONTEXT(2) 
PARAMETRIC_REPRESENTATION_CONTEXT() REPRESENTATION_CONTEXT('2D SPACE',''
  ) );
#154 = ORIENTED_EDGE('',*,*,#105,.T.);
#155 = ADVANCED_FACE('',(#156,#159),#93,.T.);
#156 = FACE_BOUND('',#157,.T.);
#157 = EDGE_LOOP('',(#158));
#158 = ORIENTED_EDGE('',*,*,#71,.T.);
#159 = FACE_BOUND('',#160,.T.);
#160 = EDGE_LOOP('',(#161));
#161 = ORIENTED_EDGE('',*,*,#162,.F.);
#162 = EDGE_CURVE('',#163,#163,#165,.T.);
#163 = VERTEX_POINT('',#164);
#164 = CARTESIAN_POINT('',(80.,34.,9.));
#165 = SURFACE_CURVE('',#166,(#171,#178),.PCURVE_S1.);
#166 = CIRCLE('',#167,5.);
#167 = AXIS2_PLACEMENT_3D('',#168,#169,#170);
#168 = CARTESIAN_POINT('',(80.,34.,4.));
#169 = DIRECTION('',(0.,1.,0.));
#170 = DIRECTION('',(0.,-0.,1.));
#171 = PCURVE('',#93,#172);
#172 = DEFINITIONAL_REPRESENTATION('',(#173),#177);
#173 = CIRCLE('',#174,5.);
#174 = AXIS2_PLACEMENT_2D('',#175,#176);
#175 = CARTESIAN_POINT('',(0.,0.));
#176 = DIRECTION('',(1.,0.));
#177 = ( GEOMETRIC_REPRESENTATION_CONTEXT(2) 
PARAMETRIC_REPRESENTATION_CONTEXT() REPRESENTATION_CONTEXT('2D SPACE',''
  ) );
#178 = PCURVE('',#179,#184);
#179 = CYLINDRICAL_SURFACE('',#180,5.);
#180 = AXIS2_PLACEMENT_3D('',#181,#182,#183);
#181 = CARTESIAN_POINT('',(80.,25.,4.));
#182 = DIRECTION('',(0.,1.,0.));
#183 = DIRECTION('',(0.,-0.,1.));
#184 = DEFINITIONAL_REPRESENTATION('',(#185),#189);
#185 = LINE('',#186,#187);
#186 = CARTESIAN_POINT('',(0.,9.));
#187 = VECTOR('',#188,1.);
#188 = DIRECTION('',(1.,0.));
#189 = ( GEOMETRIC_REPRESENTATION_CONTEXT(2) 
PARAMETRIC_REPRESENTATION_CONTEXT() REPRESENTATION_CONTEXT('2D SPACE',''
  ) );
#190 = ADVANCED_FACE('',(#191),#143,.F.);
#191 = FACE_BOUND('',#192,.T.);
#192 = EDGE_LOOP('',(#193));
#193 = ORIENTED_EDGE('',*,*,#128,.F.);
#194 = ADVANCED_FACE('',(#195),#179,.F.);
#195 = FACE_BOUND('',#196,.F.);
#196 = EDGE_LOOP('',(#197,#198,#221,#248));
#197 = ORIENTED_EDGE('',*,*,#162,.F.);
#198 = ORIENTED_EDGE('',*,*,#199,.F.);
#199 = EDGE_CURVE('',#200,#163,#202,.T.);
#200 = VERTEX_POINT('',#201);
#201 = CARTESIAN_POINT('',(80.,25.,9.));
#202 = SEAM_CURVE('',#203,(#207,#214),.PCURVE_S1.);
#203 = LINE('',#204,#205);
#204 = CARTESIAN_POINT('',(80.,25.,9.));
#205 = VECTOR('',#206,1.);
#206 = DIRECTION('',(0.,1.,0.));
#207 = PCURVE('',#179,#208);
#208 = DEFINITIONAL_REPRESENTATION('',(#209),#213);
#209 = LINE('',#210,#211);
#210 = CARTESIAN_POINT('',(0.,-0.));
#211 = VECTOR('',#212,1.);
#212 = DIRECTION('',(0.,1.));
#213 = ( GEOMETRIC_REPRESENTATION_CONTEXT(2) 
PARAMETRIC_REPRESENTATION_CONTEXT() REPRESENTATION_CONTEXT('2D SPACE',''
  ) );
#214 = PCURVE('',#179,#215);
#215 = DEFINITIONAL_REPRESENTATION('',(#216),#220);
#216 = LINE('',#217,#218);
#217 = CARTESIAN_POINT('',(6.28318530718,-0.));
#218 = VECTOR('',#219,1.);
#219 = DIRECTION('',(0.,1.));
#220 = ( GEOMETRIC_REPRESENTATION_CONTEXT(2) 
PARAMETRIC_REPRESENTATION_CONTEXT() REPRESENTATION_CONTEXT('2D SPACE',''
  ) );
#221 = ORIENTED_EDGE('',*,*,#222,.T.);
#222 = EDGE_CURVE('',#200,#200,#223,.T.);
#223 = SURFACE_CURVE('',#224,(#229,#236),.PCURVE_S1.);
#224 = CIRCLE('',#225,5.);
#225 = AXIS2_PLACEMENT_3D('',#226,#227,#228);
#226 = CARTESIAN_POINT('',(80.,25.,4.));
#227 = DIRECTION('',(0.,1.,0.));
#228 = DIRECTION('',(0.,-0.,1.));
#229 = PCURVE('',#179,#230);
#230 = DEFINITIONAL_REPRESENTATION('',(#231),#235);
#231 = LINE('',#232,#233);
#232 = CARTESIAN_POINT('',(0.,0.));
#233 = VECTOR('',#234,1.);
#234 = DIRECTION('',(1.,0.));
#235 = ( GEOMETRIC_REPRESENTATION_CONTEXT(2) 
PARAMETRIC_REPRESENTATION_CONTEXT() REPRESENTATION_CONTEXT('2D SPACE',''
  ) );
#236 = PCURVE('',#237,#242);
#237 = PLANE('',#238);
#238 = AXIS2_PLACEMENT_3D('',#239,#240,#241);
#239 = CARTESIAN_POINT('',(80.,25.,4.));
#240 = DIRECTION('',(0.,1.,0.));
#241 = DIRECTION('',(0.,-0.,1.));
#242 = DEFINITIONAL_REPRESENTATION('',(#243),#247);
#243 = CIRCLE('',#244,5.);
#244 = AXIS2_PLACEMENT_2D('',#245,#246);
#245 = CARTESIAN_POINT('',(0.,0.));
#246 = DIRECTION('',(1.,0.));
#247 = ( GEOMETRIC_REPRESENTATION_CONTEXT(2) 
PARAMETRIC_REPRESENTATION_CONTEXT() REPRESENTATION_CONTEXT('2D SPACE',''
  ) );
#248 = ORIENTED_EDGE('',*,*,#199,.T.);
#249 = ADVANCED_FACE('',(#250),#237,.T.);
#250 = FACE_BOUND('',#251,.F.);
#251 = EDGE_LOOP('',(#252));
#252 = ORIENTED_EDGE('',*,*,#222,.F.);
#253 = ( GEOMETRIC_REPRESENTATION_CONTEXT(3) 
GLOBAL_UNCERTAINTY_ASSIGNED_CONTEXT((#257)) GLOBAL_UNIT_ASSIGNED_CONTEXT
((#254,#255,#256)) REPRESENTATION_CONTEXT('Context #1',
  '3D Context with UNIT and UNCERTAINTY') );
#254 = ( LENGTH_UNIT() NAMED_UNIT(*) SI_UNIT(.MILLI.,.METRE.) );
#255 = ( NAMED_UNIT(*) PLANE_ANGLE_UNIT() SI_UNIT($,.RADIAN.) );
#256 = ( NAMED_UNIT(*) SI_UNIT($,.STERADIAN.) SOLID_ANGLE_UNIT() );
#257 = UNCERTAINTY_MEASURE_WITH_UNIT(LENGTH_MEASURE(1.E-07),#254,
  'distance_accuracy_value','confusion accuracy');
#258 = CONTEXT_DEPENDENT_SHAPE_REPRESENTATION(#259,#261);
#259 = ( REPRESENTATION_RELATIONSHIP('','',#64,#10) 
REPRESENTATION_RELATIONSHIP_WITH_TRANSFORMATION(#260) 
SHAPE_REPRESENTATION_RELATIONSHIP() );
#260 = ITEM_DEFINED_TRANSFORMATION('','',#11,#15);
#261 = PRODUCT_DEFINITION_SHAPE('Placement','Placement of an item',#262
  );
#262 = NEXT_ASSEMBLY_USAGE_OCCURRENCE('1','','',#5,#59,$);
#263 = PRODUCT_RELATED_PRODUCT_CATEGORY('part',$,(#61));
#264 = SHAPE_DEFINITION_REPRESENTATION(#265,#271);
#265 = PRODUCT_DEFINITION_SHAPE('','',#266);
#266 = PRODUCT_DEFINITION('design','',#267,#270);
#267 = PRODUCT_DEFINITION_FORMATION('','',#268);
#268 = PRODUCT('Open CASCADE STEP translator 7.9 1.2',
  'Open CASCADE STEP translator 7.9 1.2','',(#269));
#269 = PRODUCT_CONTEXT('',#2,'mechanical');
#270 = PRODUCT_DEFINITION_CONTEXT('part definition',#2,'design');
#271 = ADVANCED_BREP_SHAPE_REPRESENTATION('',(#11,#272),#1513);
#272 = MANIFOLD_SOLID_BREP('',#273);
#273 = CLOSED_SHELL('',(#274,#404,#744,#820,#912,#916,#965,#1201,#1228,
    #1282,#1455,#1506));
#274 = ADVANCED_FACE('',(#275),#290,.T.);
#275 = FACE_BOUND('',#276,.T.);
#276 = EDGE_LOOP('',(#277,#317,#345,#378));
#277 = ORIENTED_EDGE('',*,*,#278,.T.);
#278 = EDGE_CURVE('',#279,#281,#283,.T.);
#279 = VERTEX_POINT('',#280);
#280 = CARTESIAN_POINT('',(-25.00000037252,11.,5.999999970198));
#281 = VERTEX_POINT('',#282);
#282 = CARTESIAN_POINT('',(-8.386752646693,23.,5.999999970198));
#283 = SURFACE_CURVE('',#284,(#289,#301),.PCURVE_S1.);
#284 = CIRCLE('',#285,17.5);
#285 = AXIS2_PLACEMENT_3D('',#286,#287,#288);
#286 = CARTESIAN_POINT('',(-8.386752646693,5.5,5.999999970198));
#287 = DIRECTION('',(-9.921665082679E-34,8.570213720248E-17,-1.));
#288 = DIRECTION('',(-0.949328441476,0.314285714286,2.693495740652E-17)
  );
#289 = PCURVE('',#290,#295);
#290 = CYLINDRICAL_SURFACE('',#291,17.5);
#291 = AXIS2_PLACEMENT_3D('',#292,#293,#294);
#292 = CARTESIAN_POINT('',(-8.386752646693,5.5,1.999999970198));
#293 = DIRECTION('',(0.,9.95799250103E-17,-1.));
#294 = DIRECTION('',(-0.949328441476,0.314285714286,3.129654786042E-17)
  );
#295 = DEFINITIONAL_REPRESENTATION('',(#296),#300);
#296 = LINE('',#297,#298);
#297 = CARTESIAN_POINT('',(0.,-4.));
#298 = VECTOR('',#299,1.);
#299 = DIRECTION('',(1.,7.09922446343E-16));
#300 = ( GEOMETRIC_REPRESENTATION_CONTEXT(2) 
PARAMETRIC_REPRESENTATION_CONTEXT() REPRESENTATION_CONTEXT('2D SPACE',''
  ) );
#301 = PCURVE('',#302,#307);
#302 = PLANE('',#303);
#303 = AXIS2_PLACEMENT_3D('',#304,#305,#306);
#304 = CARTESIAN_POINT('',(0.,19.,5.999999970198));
#305 = DIRECTION('',(0.,-8.570213720248E-17,1.));
#306 = DIRECTION('',(1.,0.,0.));
#307 = DEFINITIONAL_REPRESENTATION('',(#308),#316);
#308 = ( BOUNDED_CURVE() B_SPLINE_CURVE(2,(#309,#310,#311,#312,#313,#314
,#315),.UNSPECIFIED.,.T.,.F.) B_SPLINE_CURVE_WITH_KNOTS((1,2,2,2,2,1),(
    -2.094395102393,0.,2.094395102393,4.188790204786,6.28318530718,
8.377580409573),.UNSPECIFIED.) CURVE() GEOMETRIC_REPRESENTATION_ITEM() 
RATIONAL_B_SPLINE_CURVE((1.,0.5,1.,0.5,1.,0.5,1.)) REPRESENTATION_ITEM(
  '') );
#309 = CARTESIAN_POINT('',(-25.00000037252,-7.999999999994));
#310 = CARTESIAN_POINT('',(-15.47372093088,20.774989139879));
#311 = CARTESIAN_POINT('',(4.683010937044,-1.862505430067));
#312 = CARTESIAN_POINT('',(24.839742804975,-24.50000000001));
#313 = CARTESIAN_POINT('',(-4.843268504596,-30.63749456994));
#314 = CARTESIAN_POINT('',(-34.52627981416,-36.77498913986));
#315 = CARTESIAN_POINT('',(-25.00000037252,-7.999999999994));
#316 = ( GEOMETRIC_REPRESENTATION_CONTEXT(2) 
PARAMETRIC_REPRESENTATION_CONTEXT() REPRESENTATION_CONTEXT('2D SPACE',''
  ) );
#317 = ORIENTED_EDGE('',*,*,#318,.T.);
#318 = EDGE_CURVE('',#281,#319,#321,.T.);
#319 = VERTEX_POINT('',#320);
#320 = CARTESIAN_POINT('',(-8.386752646693,23.,1.999999970198));
#321 = SURFACE_CURVE('',#322,(#326,#333),.PCURVE_S1.);
#322 = LINE('',#323,#324);
#323 = CARTESIAN_POINT('',(-8.386752646693,23.,1.999999970198));
#324 = VECTOR('',#325,1.);
#325 = DIRECTION('',(0.,9.95799250103E-17,-1.));
#326 = PCURVE('',#290,#327);
#327 = DEFINITIONAL_REPRESENTATION('',(#328),#332);
#328 = LINE('',#329,#330);
#329 = CARTESIAN_POINT('',(1.251092178132,1.7763568394E-15));
#330 = VECTOR('',#331,1.);
#331 = DIRECTION('',(0.,1.));
#332 = ( GEOMETRIC_REPRESENTATION_CONTEXT(2) 
PARAMETRIC_REPRESENTATION_CONTEXT() REPRESENTATION_CONTEXT('2D SPACE',''
  ) );
#333 = PCURVE('',#334,#339);
#334 = PLANE('',#335);
#335 = AXIS2_PLACEMENT_3D('',#336,#337,#338);
#336 = CARTESIAN_POINT('',(-12.50000018626,23.,3.999999960264));
#337 = DIRECTION('',(0.,-1.,-9.95799250103E-17));
#338 = DIRECTION('',(-1.,-0.,0.));
#339 = DEFINITIONAL_REPRESENTATION('',(#340),#344);
#340 = LINE('',#341,#342);
#341 = CARTESIAN_POINT('',(-4.113247539567,1.999999990066));
#342 = VECTOR('',#343,1.);
#343 = DIRECTION('',(-0.,1.));
#344 = ( GEOMETRIC_REPRESENTATION_CONTEXT(2) 
PARAMETRIC_REPRESENTATION_CONTEXT() REPRESENTATION_CONTEXT('2D SPACE',''
  ) );
#345 = ORIENTED_EDGE('',*,*,#346,.T.);
#346 = EDGE_CURVE('',#319,#347,#349,.T.);
#347 = VERTEX_POINT('',#348);
#348 = CARTESIAN_POINT('',(-25.00000037252,11.,1.999999970198));
#349 = SURFACE_CURVE('',#350,(#355,#362),.PCURVE_S1.);
#350 = CIRCLE('',#351,17.5);
#351 = AXIS2_PLACEMENT_3D('',#352,#353,#354);
#352 = CARTESIAN_POINT('',(-8.386752646693,5.5,1.999999970198));
#353 = DIRECTION('',(9.921665082679E-34,-8.570213720248E-17,1.));
#354 = DIRECTION('',(-0.949328441476,0.314285714286,2.693495740652E-17)
  );
#355 = PCURVE('',#290,#356);
#356 = DEFINITIONAL_REPRESENTATION('',(#357),#361);
#357 = LINE('',#358,#359);
#358 = CARTESIAN_POINT('',(6.28318530718,2.22044604925E-16));
#359 = VECTOR('',#360,1.);
#360 = DIRECTION('',(-1.,0.));
#361 = ( GEOMETRIC_REPRESENTATION_CONTEXT(2) 
PARAMETRIC_REPRESENTATION_CONTEXT() REPRESENTATION_CONTEXT('2D SPACE',''
  ) );
#362 = PCURVE('',#363,#368);
#363 = PLANE('',#364);
#364 = AXIS2_PLACEMENT_3D('',#365,#366,#367);
#365 = CARTESIAN_POINT('',(79.999999627471,19.,1.999999970198));
#366 = DIRECTION('',(0.,8.570213720248E-17,-1.));
#367 = DIRECTION('',(-1.,0.,0.));
#368 = DEFINITIONAL_REPRESENTATION('',(#369),#377);
#369 = ( BOUNDED_CURVE() B_SPLINE_CURVE(2,(#370,#371,#372,#373,#374,#375
,#376),.UNSPECIFIED.,.T.,.F.) B_SPLINE_CURVE_WITH_KNOTS((1,2,2,2,2,1),(
    -2.094395102393,0.,2.094395102393,4.188790204786,6.28318530718,
8.377580409573),.UNSPECIFIED.) CURVE() GEOMETRIC_REPRESENTATION_ITEM() 
RATIONAL_B_SPLINE_CURVE((1.,0.5,1.,0.5,1.,0.5,1.)) REPRESENTATION_ITEM(
  '') );
#370 = CARTESIAN_POINT('',(104.99999999999,-7.999999999994));
#371 = CARTESIAN_POINT('',(114.52627944163,-36.77498913986));
#372 = CARTESIAN_POINT('',(84.843268132067,-30.63749456994));
#373 = CARTESIAN_POINT('',(55.160256822496,-24.50000000001));
#374 = CARTESIAN_POINT('',(75.316988690427,-1.862505430067));
#375 = CARTESIAN_POINT('',(95.473720558358,20.774989139879));
#376 = CARTESIAN_POINT('',(104.99999999999,-7.999999999994));
#377 = ( GEOMETRIC_REPRESENTATION_CONTEXT(2) 
PARAMETRIC_REPRESENTATION_CONTEXT() REPRESENTATION_CONTEXT('2D SPACE',''
  ) );
#378 = ORIENTED_EDGE('',*,*,#379,.F.);
#379 = EDGE_CURVE('',#279,#347,#380,.T.);
#380 = SURFACE_CURVE('',#381,(#385,#392),.PCURVE_S1.);
#381 = LINE('',#382,#383);
#382 = CARTESIAN_POINT('',(-25.00000037252,11.,1.999999970198));
#383 = VECTOR('',#384,1.);
#384 = DIRECTION('',(0.,9.95799250103E-17,-1.));
#385 = PCURVE('',#290,#386);
#386 = DEFINITIONAL_REPRESENTATION('',(#387),#391);
#387 = LINE('',#388,#389);
#388 = CARTESIAN_POINT('',(0.,0.));
#389 = VECTOR('',#390,1.);
#390 = DIRECTION('',(0.,1.));
#391 = ( GEOMETRIC_REPRESENTATION_CONTEXT(2) 
PARAMETRIC_REPRESENTATION_CONTEXT() REPRESENTATION_CONTEXT('2D SPACE',''
  ) );
#392 = PCURVE('',#393,#398);
#393 = PLANE('',#394);
#394 = AXIS2_PLACEMENT_3D('',#395,#396,#397);
#395 = CARTESIAN_POINT('',(0.,11.,3.999999940395));
#396 = DIRECTION('',(0.,-1.,-8.570213720248E-17));
#397 = DIRECTION('',(0.,8.570213720248E-17,-1.));
#398 = DEFINITIONAL_REPRESENTATION('',(#399),#403);
#399 = LINE('',#400,#401);
#400 = CARTESIAN_POINT('',(1.999999970197,-25.00000037252));
#401 = VECTOR('',#402,1.);
#402 = DIRECTION('',(1.,0.));
#403 = ( GEOMETRIC_REPRESENTATION_CONTEXT(2) 
PARAMETRIC_REPRESENTATION_CONTEXT() REPRESENTATION_CONTEXT('2D SPACE',''
  ) );
#404 = ADVANCED_FACE('',(#405),#363,.T.);
#405 = FACE_BOUND('',#406,.T.);
#406 = EDGE_LOOP('',(#407,#408,#431,#570,#667,#695,#723));
#407 = ORIENTED_EDGE('',*,*,#346,.F.);
#408 = ORIENTED_EDGE('',*,*,#409,.F.);
#409 = EDGE_CURVE('',#410,#319,#412,.T.);
#410 = VERTEX_POINT('',#411);
#411 = CARTESIAN_POINT('',(-6.60272050457,23.,1.999999970198));
#412 = SURFACE_CURVE('',#413,(#417,#424),.PCURVE_S1.);
#413 = LINE('',#414,#415);
#414 = CARTESIAN_POINT('',(79.999999627471,23.,1.999999970198));
#415 = VECTOR('',#416,1.);
#416 = DIRECTION('',(-1.,0.,0.));
#417 = PCURVE('',#363,#418);
#418 = DEFINITIONAL_REPRESENTATION('',(#419),#423);
#419 = LINE('',#420,#421);
#420 = CARTESIAN_POINT('',(0.,4.));
#421 = VECTOR('',#422,1.);
#422 = DIRECTION('',(1.,0.));
#423 = ( GEOMETRIC_REPRESENTATION_CONTEXT(2) 
PARAMETRIC_REPRESENTATION_CONTEXT() REPRESENTATION_CONTEXT('2D SPACE',''
  ) );
#424 = PCURVE('',#334,#425);
#425 = DEFINITIONAL_REPRESENTATION('',(#426),#430);
#426 = LINE('',#427,#428);
#427 = CARTESIAN_POINT('',(-92.49999981373,1.999999990066));
#428 = VECTOR('',#429,1.);
#429 = DIRECTION('',(1.,0.));
#430 = ( GEOMETRIC_REPRESENTATION_CONTEXT(2) 
PARAMETRIC_REPRESENTATION_CONTEXT() REPRESENTATION_CONTEXT('2D SPACE',''
  ) );
#431 = ORIENTED_EDGE('',*,*,#432,.F.);
#432 = EDGE_CURVE('',#433,#410,#435,.T.);
#433 = VERTEX_POINT('',#434);
#434 = CARTESIAN_POINT('',(-1.993399869704E-04,19.,1.999999970198));
#435 = SURFACE_CURVE('',#436,(#453,#473),.PCURVE_S1.);
#436 = B_SPLINE_CURVE_WITH_KNOTS('',3,(#437,#438,#439,#440,#441,#442,
    #443,#444,#445,#446,#447,#448,#449,#450,#451,#452),.UNSPECIFIED.,.F.
  ,.F.,(4,2,2,2,2,2,2,4),(1.790801908198,1.964818974928,2.138855975421,
    2.225285273565,2.31171457171,2.406354856116,2.500995140522,
    2.591213604045),.UNSPECIFIED.);
#437 = CARTESIAN_POINT('',(-1.993399869706E-04,19.,1.999999970198));
#438 = CARTESIAN_POINT('',(-0.580269914661,19.,1.999999970198));
#439 = CARTESIAN_POINT('',(-1.220072249475,18.990339307398,
    1.999999970198));
#440 = CARTESIAN_POINT('',(-2.474439531157,19.114631353163,
    1.999999970198));
#441 = CARTESIAN_POINT('',(-3.087988672138,19.258616745824,
    1.999999970198));
#442 = CARTESIAN_POINT('',(-3.890061816291,19.591011644076,
    1.999999970198));
#443 = CARTESIAN_POINT('',(-4.171878439113,19.734404710602,
    1.999999970198));
#444 = CARTESIAN_POINT('',(-4.702316257817,20.072860382179,
    1.999999970198));
#445 = CARTESIAN_POINT('',(-4.950893785242,20.26799142087,1.999999970198
    ));
#446 = CARTESIAN_POINT('',(-5.39232807512,20.67960630047,1.999999970198)
  );
#447 = CARTESIAN_POINT('',(-5.622305343421,20.937948255308,
    1.999999970198));
#448 = CARTESIAN_POINT('',(-6.019449164785,21.498984629393,
    1.999999970198));
#449 = CARTESIAN_POINT('',(-6.186589926075,21.801697305557,
    1.999999970198));
#450 = CARTESIAN_POINT('',(-6.4315743958,22.367099734014,1.999999970198)
  );
#451 = CARTESIAN_POINT('',(-6.534374741473,22.679553687755,
    1.999999970198));
#452 = CARTESIAN_POINT('',(-6.60272050457,23.,1.999999970198));
#453 = PCURVE('',#363,#454);
#454 = DEFINITIONAL_REPRESENTATION('',(#455),#472);
#455 = B_SPLINE_CURVE_WITH_KNOTS('',3,(#456,#457,#458,#459,#460,#461,
    #462,#463,#464,#465,#466,#467,#468,#469,#470,#471),.UNSPECIFIED.,.F.
  ,.F.,(4,2,2,2,2,2,2,4),(1.790801908198,1.964818974928,2.138855975421,
    2.225285273565,2.31171457171,2.406354856116,2.500995140522,
    2.591213604045),.UNSPECIFIED.);
#456 = CARTESIAN_POINT('',(80.000198967458,0.));
#457 = CARTESIAN_POINT('',(80.580269542132,0.));
#458 = CARTESIAN_POINT('',(81.220071876946,-9.660692602001E-03));
#459 = CARTESIAN_POINT('',(82.474439158628,0.114631353163));
#460 = CARTESIAN_POINT('',(83.087988299609,0.258616745824));
#461 = CARTESIAN_POINT('',(83.890061443762,0.591011644076));
#462 = CARTESIAN_POINT('',(84.171878066584,0.734404710602));
#463 = CARTESIAN_POINT('',(84.702315885288,1.072860382179));
#464 = CARTESIAN_POINT('',(84.950893412713,1.26799142087));
#465 = CARTESIAN_POINT('',(85.392327702591,1.67960630047));
#466 = CARTESIAN_POINT('',(85.622304970892,1.937948255308));
#467 = CARTESIAN_POINT('',(86.019448792256,2.498984629393));
#468 = CARTESIAN_POINT('',(86.186589553546,2.801697305557));
#469 = CARTESIAN_POINT('',(86.431574023271,3.367099734014));
#470 = CARTESIAN_POINT('',(86.534374368944,3.679553687755));
#471 = CARTESIAN_POINT('',(86.602720132041,4.));
#472 = ( GEOMETRIC_REPRESENTATION_CONTEXT(2) 
PARAMETRIC_REPRESENTATION_CONTEXT() REPRESENTATION_CONTEXT('2D SPACE',''
  ) );
#473 = PCURVE('',#474,#520);
#474 = ( BOUNDED_SURFACE() B_SPLINE_SURFACE(2,2,(
    (#475,#476,#477,#478,#479,#480,#481,#482,#483)
    ,(#484,#485,#486,#487,#488,#489,#490,#491,#492)
    ,(#493,#494,#495,#496,#497,#498,#499,#500,#501)
    ,(#502,#503,#504,#505,#506,#507,#508,#509,#510)
    ,(#511,#512,#513,#514,#515,#516,#517,#518,#519
)),.UNSPECIFIED.,.F.,.T.,.F.) B_SPLINE_SURFACE_WITH_KNOTS((3,2,3),(1,2,2
    ,2,2,2,1),(-1.394118950144E-16,0.785398166378,1.570796332755),(
    -4.712388980385,-3.14159265359,-1.570796326795,0.,1.570796326795,
    3.14159265359,4.712388980385),.UNSPECIFIED.) 
GEOMETRIC_REPRESENTATION_ITEM() RATIONAL_B_SPLINE_SURFACE((
    (1.,0.707106781187,1.,0.707106781187,1.,0.707106781187,1.
      ,0.707106781187,1.)
    ,(0.923879531941,0.653281482035,0.923879531941,0.653281482035
      ,0.923879531941,0.653281482035,0.923879531941,0.653281482035
      ,0.923879531941)
    ,(1.,0.707106781187,1.,0.707106781187,1.,0.707106781187,1.
      ,0.707106781187,1.)
    ,(0.923879531941,0.653281482035,0.923879531941,0.653281482035
      ,0.923879531941,0.653281482035,0.923879531941,0.653281482035
      ,0.923879531941)
    ,(1.,0.707106781187,1.,0.707106781187,1.,0.707106781187,1.
,0.707106781187,1.))) REPRESENTATION_ITEM('') SURFACE() );
#475 = CARTESIAN_POINT('',(0.,24.,10.999999940395));
#476 = CARTESIAN_POINT('',(-7.,24.,10.999999940395));
#477 = CARTESIAN_POINT('',(-7.,24.,3.999999940395));
#478 = CARTESIAN_POINT('',(-7.,24.,-3.000000059605));
#479 = CARTESIAN_POINT('',(0.,24.,-3.000000059605));
#480 = CARTESIAN_POINT('',(7.,24.,-3.000000059605));
#481 = CARTESIAN_POINT('',(7.,24.,3.999999940395));
#482 = CARTESIAN_POINT('',(7.,24.,10.999999940395));
#483 = CARTESIAN_POINT('',(0.,24.,10.999999940395));
#484 = CARTESIAN_POINT('',(0.,21.928932179406,10.999999940395));
#485 = CARTESIAN_POINT('',(-7.,21.928932179406,10.999999940395));
#486 = CARTESIAN_POINT('',(-7.,21.928932179406,3.999999940395));
#487 = CARTESIAN_POINT('',(-7.,21.928932179406,-3.000000059605));
#488 = CARTESIAN_POINT('',(0.,21.928932179406,-3.000000059605));
#489 = CARTESIAN_POINT('',(7.,21.928932179406,-3.000000059605));
#490 = CARTESIAN_POINT('',(7.,21.928932179406,3.999999940395));
#491 = CARTESIAN_POINT('',(7.,21.928932179406,10.999999940395));
#492 = CARTESIAN_POINT('',(0.,21.928932179406,10.999999940395));
#493 = CARTESIAN_POINT('',(0.,20.46446608353,9.535533835791));
#494 = CARTESIAN_POINT('',(-5.535533895396,20.46446608353,9.535533835791
    ));
#495 = CARTESIAN_POINT('',(-5.535533895396,20.46446608353,3.999999940395
    ));
#496 = CARTESIAN_POINT('',(-5.535533895396,20.46446608353,
    -1.535533955001));
#497 = CARTESIAN_POINT('',(0.,20.46446608353,-1.535533955001));
#498 = CARTESIAN_POINT('',(5.535533895396,20.46446608353,-1.535533955001
    ));
#499 = CARTESIAN_POINT('',(5.535533895396,20.46446608353,3.999999940395)
  );
#500 = CARTESIAN_POINT('',(5.535533895396,20.46446608353,9.535533835791)
  );
#501 = CARTESIAN_POINT('',(0.,20.46446608353,9.535533835791));
#502 = CARTESIAN_POINT('',(0.,18.999999987655,8.071067731187));
#503 = CARTESIAN_POINT('',(-4.071067790792,18.999999987655,
    8.071067731187));
#504 = CARTESIAN_POINT('',(-4.071067790792,18.999999987655,
    3.999999940395));
#505 = CARTESIAN_POINT('',(-4.071067790792,18.999999987655,
    -7.106785039669E-02));
#506 = CARTESIAN_POINT('',(0.,18.999999987655,-7.106785039669E-02));
#507 = CARTESIAN_POINT('',(4.071067790792,18.999999987655,
    -7.106785039669E-02));
#508 = CARTESIAN_POINT('',(4.071067790792,18.999999987655,3.999999940395
    ));
#509 = CARTESIAN_POINT('',(4.071067790792,18.999999987655,8.071067731187
    ));
#510 = CARTESIAN_POINT('',(0.,18.999999987655,8.071067731187));
#511 = CARTESIAN_POINT('',(0.,19.,5.999999910593));
#512 = CARTESIAN_POINT('',(-1.999999970198,19.,5.999999910593));
#513 = CARTESIAN_POINT('',(-1.999999970198,19.,3.999999940395));
#514 = CARTESIAN_POINT('',(-1.999999970198,19.,1.999999970198));
#515 = CARTESIAN_POINT('',(0.,19.,1.999999970198));
#516 = CARTESIAN_POINT('',(1.999999970198,19.,1.999999970198));
#517 = CARTESIAN_POINT('',(1.999999970198,19.,3.999999940395));
#518 = CARTESIAN_POINT('',(1.999999970198,19.,5.999999910593));
#519 = CARTESIAN_POINT('',(0.,19.,5.999999910593));
#520 = DEFINITIONAL_REPRESENTATION('',(#521),#569);
#521 = B_SPLINE_CURVE_WITH_KNOTS('',3,(#522,#523,#524,#525,#526,#527,
    #528,#529,#530,#531,#532,#533,#534,#535,#536,#537,#538,#539,#540,
    #541,#542,#543,#544,#545,#546,#547,#548,#549,#550,#551,#552,#553,
    #554,#555,#556,#557,#558,#559,#560,#561,#562,#563,#564,#565,#566,
    #567,#568),.UNSPECIFIED.,.F.,.F.,(4,1,1,1,1,1,1,1,1,1,1,1,1,1,1,1,1,
    1,1,1,1,1,1,1,1,1,1,1,1,1,1,1,1,1,1,1,1,1,1,1,1,1,1,1,4),(
    1.790801908198,1.808993083104,1.827184258009,1.845375432915,
    1.86356660782,1.881757782726,1.899948957632,1.918140132537,
    1.936331307443,1.954522482349,1.972713657254,1.99090483216,
    2.009096007065,2.027287181971,2.045478356877,2.063669531782,
    2.081860706688,2.100051881593,2.118243056499,2.136434231405,
    2.15462540631,2.172816581216,2.191007756122,2.209198931027,
    2.227390105933,2.245581280838,2.263772455744,2.28196363065,
    2.300154805555,2.318345980461,2.336537155367,2.354728330272,
    2.372919505178,2.391110680083,2.409301854989,2.427493029895,
    2.4456842048,2.463875379706,2.482066554611,2.500257729517,
    2.518448904423,2.536640079328,2.554831254234,2.57302242914,
    2.591213604045),.UNSPECIFIED.);
#522 = CARTESIAN_POINT('',(1.570796332755,-1.10703244577E-04));
#523 = CARTESIAN_POINT('',(1.570806258176,-3.380443607064E-02));
#524 = CARTESIAN_POINT('',(1.569651783337,-0.100579580048));
#525 = CARTESIAN_POINT('',(1.564389946768,-0.19764582668));
#526 = CARTESIAN_POINT('',(1.555539664111,-0.290244541003));
#527 = CARTESIAN_POINT('',(1.543221724352,-0.377395115367));
#528 = CARTESIAN_POINT('',(1.527650439557,-0.458443576074));
#529 = CARTESIAN_POINT('',(1.509119721657,-0.53308134159));
#530 = CARTESIAN_POINT('',(1.487965565552,-0.601286923607));
#531 = CARTESIAN_POINT('',(1.464538162113,-0.663257935922));
#532 = CARTESIAN_POINT('',(1.43917809146,-0.71933822394));
#533 = CARTESIAN_POINT('',(1.412203226203,-0.769957376322));
#534 = CARTESIAN_POINT('',(1.383883902472,-0.815568606557));
#535 = CARTESIAN_POINT('',(1.354472733692,-0.856656960165));
#536 = CARTESIAN_POINT('',(1.324193059353,-0.89367995436));
#537 = CARTESIAN_POINT('',(1.293240673979,-0.927061945233));
#538 = CARTESIAN_POINT('',(1.261787176849,-0.957186967575));
#539 = CARTESIAN_POINT('',(1.229976779138,-0.984401501569));
#540 = CARTESIAN_POINT('',(1.197948767964,-1.009003322));
#541 = CARTESIAN_POINT('',(1.165763529464,-1.031290726111));
#542 = CARTESIAN_POINT('',(1.133687613247,-1.051392190364));
#543 = CARTESIAN_POINT('',(1.101137744011,-1.069917649715));
#544 = CARTESIAN_POINT('',(1.06679895515,-1.087670257469));
#545 = CARTESIAN_POINT('',(1.03134047277,-1.104299214337));
#546 = CARTESIAN_POINT('',(0.994926892012,-1.119799955988));
#547 = CARTESIAN_POINT('',(0.957852793714,-1.134114026518));
#548 = CARTESIAN_POINT('',(0.920369464399,-1.147231055595));
#549 = CARTESIAN_POINT('',(0.882750633716,-1.159195707157));
#550 = CARTESIAN_POINT('',(0.845323105065,-1.170039313205));
#551 = CARTESIAN_POINT('',(0.808277502991,-1.179833052979));
#552 = CARTESIAN_POINT('',(0.772369949603,-1.188491805782));
#553 = CARTESIAN_POINT('',(0.735418321802,-1.196746779168));
#554 = CARTESIAN_POINT('',(0.6976322479,-1.204549576209));
#555 = CARTESIAN_POINT('',(0.659270362137,-1.211859350221));
#556 = CARTESIAN_POINT('',(0.620562985409,-1.218644019418));
#557 = CARTESIAN_POINT('',(0.581728555797,-1.224875350113));
#558 = CARTESIAN_POINT('',(0.542968642973,-1.230536390852));
#559 = CARTESIAN_POINT('',(0.504486122922,-1.235653372768));
#560 = CARTESIAN_POINT('',(0.466526649504,-1.240241409304));
#561 = CARTESIAN_POINT('',(0.429215391755,-1.244325468547));
#562 = CARTESIAN_POINT('',(0.393151951779,-1.247882867513));
#563 = CARTESIAN_POINT('',(0.357180593037,-1.251052583133));
#564 = CARTESIAN_POINT('',(0.319719555815,-1.253979465897));
#565 = CARTESIAN_POINT('',(0.281489488352,-1.256593482533));
#566 = CARTESIAN_POINT('',(0.242591287136,-1.258882985167));
#567 = CARTESIAN_POINT('',(0.216382989551,-1.260174864864));
#568 = CARTESIAN_POINT('',(0.203244829326,-1.260758401788));
#569 = ( GEOMETRIC_REPRESENTATION_CONTEXT(2) 
PARAMETRIC_REPRESENTATION_CONTEXT() REPRESENTATION_CONTEXT('2D SPACE',''
  ) );
#570 = ORIENTED_EDGE('',*,*,#571,.F.);
#571 = EDGE_CURVE('',#572,#433,#574,.T.);
#572 = VERTEX_POINT('',#573);
#573 = CARTESIAN_POINT('',(6.60272050457,23.,1.999999970198));
#574 = SURFACE_CURVE('',#575,(#594,#616),.PCURVE_S1.);
#575 = B_SPLINE_CURVE_WITH_KNOTS('',3,(#576,#577,#578,#579,#580,#581,
    #582,#583,#584,#585,#586,#587,#588,#589,#590,#591,#592,#593),
  .UNSPECIFIED.,.F.,.F.,(4,2,2,2,2,2,2,2,4),(0.990350344824,
    1.080568808347,1.175209092753,1.269849377159,1.356278675304,
    1.442707973448,1.616744973941,1.790781974434,1.790801908198),
  .UNSPECIFIED.);
#576 = CARTESIAN_POINT('',(6.60272050457,23.,1.999999970198));
#577 = CARTESIAN_POINT('',(6.534374741473,22.679553687755,1.999999970198
    ));
#578 = CARTESIAN_POINT('',(6.4315743958,22.367099734014,1.999999970198)
  );
#579 = CARTESIAN_POINT('',(6.186589926075,21.801697305557,1.999999970198
    ));
#580 = CARTESIAN_POINT('',(6.019449164785,21.498984629393,1.999999970198
    ));
#581 = CARTESIAN_POINT('',(5.622305343421,20.937948255308,1.999999970198
    ));
#582 = CARTESIAN_POINT('',(5.39232807512,20.67960630047,1.999999970198)
  );
#583 = CARTESIAN_POINT('',(4.950893785242,20.26799142087,1.999999970198)
  );
#584 = CARTESIAN_POINT('',(4.702316257817,20.072860382179,1.999999970198
    ));
#585 = CARTESIAN_POINT('',(4.171878439113,19.734404710602,1.999999970198
    ));
#586 = CARTESIAN_POINT('',(3.890061816291,19.591011644076,1.999999970198
    ));
#587 = CARTESIAN_POINT('',(3.087988672138,19.258616745824,1.999999970198
    ));
#588 = CARTESIAN_POINT('',(2.474439531157,19.114631353163,1.999999970198
    ));
#589 = CARTESIAN_POINT('',(1.220000409313,18.99033218894,1.999999970198)
  );
#590 = CARTESIAN_POINT('',(0.580123334977,19.,1.999999970198));
#591 = CARTESIAN_POINT('',(-6.644587846008E-05,19.,1.999999970198));
#592 = CARTESIAN_POINT('',(-1.328925408192E-04,19.,1.999999970198));
#593 = CARTESIAN_POINT('',(-1.993399869704E-04,19.,1.999999970198));
#594 = PCURVE('',#363,#595);
#595 = DEFINITIONAL_REPRESENTATION('',(#596),#615);
#596 = B_SPLINE_CURVE_WITH_KNOTS('',3,(#597,#598,#599,#600,#601,#602,
    #603,#604,#605,#606,#607,#608,#609,#610,#611,#612,#613,#614),
  .UNSPECIFIED.,.F.,.F.,(4,2,2,2,2,2,2,2,4),(0.990350344824,
    1.080568808347,1.175209092753,1.269849377159,1.356278675304,
    1.442707973448,1.616744973941,1.790781974434,1.790801908198),
  .UNSPECIFIED.);
#597 = CARTESIAN_POINT('',(73.397279122901,4.));
#598 = CARTESIAN_POINT('',(73.465624885998,3.679553687755));
#599 = CARTESIAN_POINT('',(73.568425231671,3.367099734014));
#600 = CARTESIAN_POINT('',(73.813409701396,2.801697305557));
#601 = CARTESIAN_POINT('',(73.980550462686,2.498984629393));
#602 = CARTESIAN_POINT('',(74.37769428405,1.937948255308));
#603 = CARTESIAN_POINT('',(74.607671552351,1.67960630047));
#604 = CARTESIAN_POINT('',(75.049105842229,1.26799142087));
#605 = CARTESIAN_POINT('',(75.297683369654,1.072860382179));
#606 = CARTESIAN_POINT('',(75.828121188358,0.734404710602));
#607 = CARTESIAN_POINT('',(76.10993781118,0.591011644076));
#608 = CARTESIAN_POINT('',(76.912010955333,0.258616745824));
#609 = CARTESIAN_POINT('',(77.525560096314,0.114631353163));
#610 = CARTESIAN_POINT('',(78.779999218158,-9.667811060002E-03));
#611 = CARTESIAN_POINT('',(79.419876292494,0.));
#612 = CARTESIAN_POINT('',(80.000066073349,0.));
#613 = CARTESIAN_POINT('',(80.000132520012,0.));
#614 = CARTESIAN_POINT('',(80.000198967458,0.));
#615 = ( GEOMETRIC_REPRESENTATION_CONTEXT(2) 
PARAMETRIC_REPRESENTATION_CONTEXT() REPRESENTATION_CONTEXT('2D SPACE',''
  ) );
#616 = PCURVE('',#474,#617);
#617 = DEFINITIONAL_REPRESENTATION('',(#618),#666);
#618 = B_SPLINE_CURVE_WITH_KNOTS('',3,(#619,#620,#621,#622,#623,#624,
    #625,#626,#627,#628,#629,#630,#631,#632,#633,#634,#635,#636,#637,
    #638,#639,#640,#641,#642,#643,#644,#645,#646,#647,#648,#649,#650,
    #651,#652,#653,#654,#655,#656,#657,#658,#659,#660,#661,#662,#663,
    #664,#665),.UNSPECIFIED.,.F.,.F.,(4,1,1,1,1,1,1,1,1,1,1,1,1,1,1,1,1,
    1,1,1,1,1,1,1,1,1,1,1,1,1,1,1,1,1,1,1,1,1,1,1,1,1,1,1,4),(
    0.990350344824,1.00854242581,1.026734506795,1.044926587781,
    1.063118668767,1.081310749753,1.099502830738,1.117694911724,
    1.13588699271,1.154079073696,1.172271154682,1.190463235667,
    1.208655316653,1.226847397639,1.245039478625,1.26323155961,
    1.281423640596,1.299615721582,1.317807802568,1.335999883554,
    1.354191964539,1.372384045525,1.390576126511,1.408768207497,
    1.426960288482,1.445152369468,1.463344450454,1.48153653144,
    1.499728612426,1.517920693411,1.536112774397,1.554304855383,
    1.572496936369,1.590689017354,1.60888109834,1.627073179326,
    1.645265260312,1.663457341298,1.681649422283,1.699841503269,
    1.718033584255,1.736225665241,1.754417746226,1.772609827212,
    1.790801908198),.UNSPECIFIED.);
#619 = CARTESIAN_POINT('',(0.203244829326,1.260758401788));
#620 = CARTESIAN_POINT('',(0.216383643826,1.260174835797));
#621 = CARTESIAN_POINT('',(0.242593242677,1.258882885616));
#622 = CARTESIAN_POINT('',(0.281493348474,1.256593242936));
#623 = CARTESIAN_POINT('',(0.319725214592,1.25397905796));
#624 = CARTESIAN_POINT('',(0.357188001944,1.251051973076));
#625 = CARTESIAN_POINT('',(0.393160680132,1.247882059315));
#626 = CARTESIAN_POINT('',(0.429226417723,1.244324329464));
#627 = CARTESIAN_POINT('',(0.466539753801,1.240239908484));
#628 = CARTESIAN_POINT('',(0.504501364678,1.235651448478));
#629 = CARTESIAN_POINT('',(0.542985965982,1.230533985882));
#630 = CARTESIAN_POINT('',(0.581747896409,1.224872399078));
#631 = CARTESIAN_POINT('',(0.620584247331,1.218640460142));
#632 = CARTESIAN_POINT('',(0.659293427883,1.211855142537));
#633 = CARTESIAN_POINT('',(0.697656917638,1.204544693018));
#634 = CARTESIAN_POINT('',(0.735444494084,1.196741162237));
#635 = CARTESIAN_POINT('',(0.772396950399,1.188485563354));
#636 = CARTESIAN_POINT('',(0.808306584518,1.179825730287));
#637 = CARTESIAN_POINT('',(0.845354675117,1.17003059669));
#638 = CARTESIAN_POINT('',(0.882784317317,1.159185506963));
#639 = CARTESIAN_POINT('',(0.920405049361,1.147219213063));
#640 = CARTESIAN_POINT('',(0.957889981146,1.13410038669));
#641 = CARTESIAN_POINT('',(0.994965378117,1.119784377727));
#642 = CARTESIAN_POINT('',(1.031379928056,1.104281611435));
#643 = CARTESIAN_POINT('',(1.066838958479,1.087650595387));
#644 = CARTESIAN_POINT('',(1.101177983396,1.069895835822));
#645 = CARTESIAN_POINT('',(1.133727175058,1.051368607226));
#646 = CARTESIAN_POINT('',(1.165805343989,1.031263252094));
#647 = CARTESIAN_POINT('',(1.197991919644,1.008971915119));
#648 = CARTESIAN_POINT('',(1.23002133946,0.984365468325));
#649 = CARTESIAN_POINT('',(1.26183290246,0.957145680919));
#650 = CARTESIAN_POINT('',(1.293287347649,0.92701463769));
#651 = CARTESIAN_POINT('',(1.324240389891,0.893625759625));
#652 = CARTESIAN_POINT('',(1.354520372536,0.856594889772));
#653 = CARTESIAN_POINT('',(1.383931430295,0.815497552111));
#654 = CARTESIAN_POINT('',(1.412250139893,0.769876105096));
#655 = CARTESIAN_POINT('',(1.439223820113,0.719245431044));
#656 = CARTESIAN_POINT('',(1.464582034288,0.663152304002));
#657 = CARTESIAN_POINT('',(1.488006792899,0.601167151099));
#658 = CARTESIAN_POINT('',(1.509157434381,0.532946287517));
#659 = CARTESIAN_POINT('',(1.527683716423,0.458292407716));
#660 = CARTESIAN_POINT('',(1.543249647242,0.377227492726));
#661 = CARTESIAN_POINT('',(1.555561388323,0.290060798954));
#662 = CARTESIAN_POINT('',(1.56440478302,0.197447104869));
#663 = CARTESIAN_POINT('',(1.569659272254,0.100367878155));
#664 = CARTESIAN_POINT('',(1.570808741423,3.358588139137E-02));
#665 = CARTESIAN_POINT('',(1.570796332755,-1.107032445771E-04));
#666 = ( GEOMETRIC_REPRESENTATION_CONTEXT(2) 
PARAMETRIC_REPRESENTATION_CONTEXT() REPRESENTATION_CONTEXT('2D SPACE',''
  ) );
#667 = ORIENTED_EDGE('',*,*,#668,.F.);
#668 = EDGE_CURVE('',#669,#572,#671,.T.);
#669 = VERTEX_POINT('',#670);
#670 = CARTESIAN_POINT('',(79.999999627471,23.,1.999999970198));
#671 = SURFACE_CURVE('',#672,(#676,#683),.PCURVE_S1.);
#672 = LINE('',#673,#674);
#673 = CARTESIAN_POINT('',(79.999999627471,23.,1.999999970198));
#674 = VECTOR('',#675,1.);
#675 = DIRECTION('',(-1.,0.,0.));
#676 = PCURVE('',#363,#677);
#677 = DEFINITIONAL_REPRESENTATION('',(#678),#682);
#678 = LINE('',#679,#680);
#679 = CARTESIAN_POINT('',(0.,4.));
#680 = VECTOR('',#681,1.);
#681 = DIRECTION('',(1.,0.));
#682 = ( GEOMETRIC_REPRESENTATION_CONTEXT(2) 
PARAMETRIC_REPRESENTATION_CONTEXT() REPRESENTATION_CONTEXT('2D SPACE',''
  ) );
#683 = PCURVE('',#684,#689);
#684 = PLANE('',#685);
#685 = AXIS2_PLACEMENT_3D('',#686,#687,#688);
#686 = CARTESIAN_POINT('',(39.999900143742,23.,3.999999955297));
#687 = DIRECTION('',(0.,-1.,-9.95799250103E-17));
#688 = DIRECTION('',(-1.,-0.,0.));
#689 = DEFINITIONAL_REPRESENTATION('',(#690),#694);
#690 = LINE('',#691,#692);
#691 = CARTESIAN_POINT('',(-40.00009948372,1.999999985099));
#692 = VECTOR('',#693,1.);
#693 = DIRECTION('',(1.,0.));
#694 = ( GEOMETRIC_REPRESENTATION_CONTEXT(2) 
PARAMETRIC_REPRESENTATION_CONTEXT() REPRESENTATION_CONTEXT('2D SPACE',''
  ) );
#695 = ORIENTED_EDGE('',*,*,#696,.F.);
#696 = EDGE_CURVE('',#697,#669,#699,.T.);
#697 = VERTEX_POINT('',#698);
#698 = CARTESIAN_POINT('',(79.999999627471,11.,1.999999970198));
#699 = SURFACE_CURVE('',#700,(#704,#711),.PCURVE_S1.);
#700 = LINE('',#701,#702);
#701 = CARTESIAN_POINT('',(79.999999627471,19.,1.999999970198));
#702 = VECTOR('',#703,1.);
#703 = DIRECTION('',(0.,1.,8.570213720248E-17));
#704 = PCURVE('',#363,#705);
#705 = DEFINITIONAL_REPRESENTATION('',(#706),#710);
#706 = LINE('',#707,#708);
#707 = CARTESIAN_POINT('',(0.,0.));
#708 = VECTOR('',#709,1.);
#709 = DIRECTION('',(0.,1.));
#710 = ( GEOMETRIC_REPRESENTATION_CONTEXT(2) 
PARAMETRIC_REPRESENTATION_CONTEXT() REPRESENTATION_CONTEXT('2D SPACE',''
  ) );
#711 = PCURVE('',#712,#717);
#712 = PLANE('',#713);
#713 = AXIS2_PLACEMENT_3D('',#714,#715,#716);
#714 = CARTESIAN_POINT('',(79.999999627471,19.,5.999999970198));
#715 = DIRECTION('',(1.,0.,0.));
#716 = DIRECTION('',(0.,9.95799250103E-17,-1.));
#717 = DEFINITIONAL_REPRESENTATION('',(#718),#722);
#718 = LINE('',#719,#720);
#719 = CARTESIAN_POINT('',(4.,-3.983197000412E-16));
#720 = VECTOR('',#721,1.);
#721 = DIRECTION('',(1.387778780782E-17,1.));
#722 = ( GEOMETRIC_REPRESENTATION_CONTEXT(2) 
PARAMETRIC_REPRESENTATION_CONTEXT() REPRESENTATION_CONTEXT('2D SPACE',''
  ) );
#723 = ORIENTED_EDGE('',*,*,#724,.F.);
#724 = EDGE_CURVE('',#347,#697,#725,.T.);
#725 = SURFACE_CURVE('',#726,(#730,#737),.PCURVE_S1.);
#726 = LINE('',#727,#728);
#727 = CARTESIAN_POINT('',(79.999999627471,11.,1.999999970198));
#728 = VECTOR('',#729,1.);
#729 = DIRECTION('',(1.,0.,0.));
#730 = PCURVE('',#363,#731);
#731 = DEFINITIONAL_REPRESENTATION('',(#732),#736);
#732 = LINE('',#733,#734);
#733 = CARTESIAN_POINT('',(-0.,-8.));
#734 = VECTOR('',#735,1.);
#735 = DIRECTION('',(-1.,0.));
#736 = ( GEOMETRIC_REPRESENTATION_CONTEXT(2) 
PARAMETRIC_REPRESENTATION_CONTEXT() REPRESENTATION_CONTEXT('2D SPACE',''
  ) );
#737 = PCURVE('',#393,#738);
#738 = DEFINITIONAL_REPRESENTATION('',(#739),#743);
#739 = LINE('',#740,#741);
#740 = CARTESIAN_POINT('',(1.999999970197,79.999999627471));
#741 = VECTOR('',#742,1.);
#742 = DIRECTION('',(0.,1.));
#743 = ( GEOMETRIC_REPRESENTATION_CONTEXT(2) 
PARAMETRIC_REPRESENTATION_CONTEXT() REPRESENTATION_CONTEXT('2D SPACE',''
  ) );
#744 = ADVANCED_FACE('',(#745),#334,.F.);
#745 = FACE_BOUND('',#746,.T.);
#746 = EDGE_LOOP('',(#747,#748,#771,#819));
#747 = ORIENTED_EDGE('',*,*,#318,.F.);
#748 = ORIENTED_EDGE('',*,*,#749,.T.);
#749 = EDGE_CURVE('',#281,#750,#752,.T.);
#750 = VERTEX_POINT('',#751);
#751 = CARTESIAN_POINT('',(-6.602720486516,23.,5.999999970198));
#752 = SURFACE_CURVE('',#753,(#757,#764),.PCURVE_S1.);
#753 = LINE('',#754,#755);
#754 = CARTESIAN_POINT('',(-25.00000037252,23.,5.999999970198));
#755 = VECTOR('',#756,1.);
#756 = DIRECTION('',(1.,0.,0.));
#757 = PCURVE('',#334,#758);
#758 = DEFINITIONAL_REPRESENTATION('',(#759),#763);
#759 = LINE('',#760,#761);
#760 = CARTESIAN_POINT('',(12.50000018626,-2.000000009934));
#761 = VECTOR('',#762,1.);
#762 = DIRECTION('',(-1.,0.));
#763 = ( GEOMETRIC_REPRESENTATION_CONTEXT(2) 
PARAMETRIC_REPRESENTATION_CONTEXT() REPRESENTATION_CONTEXT('2D SPACE',''
  ) );
#764 = PCURVE('',#302,#765);
#765 = DEFINITIONAL_REPRESENTATION('',(#766),#770);
#766 = LINE('',#767,#768);
#767 = CARTESIAN_POINT('',(-25.00000037252,4.));
#768 = VECTOR('',#769,1.);
#769 = DIRECTION('',(1.,0.));
#770 = ( GEOMETRIC_REPRESENTATION_CONTEXT(2) 
PARAMETRIC_REPRESENTATION_CONTEXT() REPRESENTATION_CONTEXT('2D SPACE',''
  ) );
#771 = ORIENTED_EDGE('',*,*,#772,.F.);
#772 = EDGE_CURVE('',#410,#750,#773,.T.);
#773 = SURFACE_CURVE('',#774,(#779,#790),.PCURVE_S1.);
#774 = CIRCLE('',#775,6.898979485566);
#775 = AXIS2_PLACEMENT_3D('',#776,#777,#778);
#776 = CARTESIAN_POINT('',(0.,23.,3.999999940395));
#777 = DIRECTION('',(0.,1.,9.95799250103E-17));
#778 = DIRECTION('',(0.,9.95799250103E-17,-1.));
#779 = PCURVE('',#334,#780);
#780 = DEFINITIONAL_REPRESENTATION('',(#781),#789);
#781 = ( BOUNDED_CURVE() B_SPLINE_CURVE(2,(#782,#783,#784,#785,#786,#787
,#788),.UNSPECIFIED.,.T.,.F.) B_SPLINE_CURVE_WITH_KNOTS((1,2,2,2,2,1),(
    -2.094395102393,0.,2.094395102393,4.188790204786,6.28318530718,
8.377580409573),.UNSPECIFIED.) CURVE() GEOMETRIC_REPRESENTATION_ITEM() 
RATIONAL_B_SPLINE_CURVE((1.,0.5,1.,0.5,1.,0.5,1.)) REPRESENTATION_ITEM(
  '') );
#782 = CARTESIAN_POINT('',(-12.50000018626,6.898979505435));
#783 = CARTESIAN_POINT('',(-0.550617196884,6.898979505435));
#784 = CARTESIAN_POINT('',(-6.525308691572,-3.449489722914));
#785 = CARTESIAN_POINT('',(-12.50000018626,-13.79795895126));
#786 = CARTESIAN_POINT('',(-18.47469168094,-3.449489722914));
#787 = CARTESIAN_POINT('',(-24.44938317563,6.898979505435));
#788 = CARTESIAN_POINT('',(-12.50000018626,6.898979505435));
#789 = ( GEOMETRIC_REPRESENTATION_CONTEXT(2) 
PARAMETRIC_REPRESENTATION_CONTEXT() REPRESENTATION_CONTEXT('2D SPACE',''
  ) );
#790 = PCURVE('',#474,#791);
#791 = DEFINITIONAL_REPRESENTATION('',(#792),#818);
#792 = B_SPLINE_CURVE_WITH_KNOTS('',3,(#793,#794,#795,#796,#797,#798,
    #799,#800,#801,#802,#803,#804,#805,#806,#807,#808,#809,#810,#811,
    #812,#813,#814,#815,#816,#817),.UNSPECIFIED.,.F.,.F.,(4,1,1,1,1,1,1,
    1,1,1,1,1,1,1,1,1,1,1,1,1,1,1,4),(1.276676125695,1.303414326205,
    1.330152526716,1.356890727226,1.383628927736,1.410367128247,
    1.437105328757,1.463843529267,1.490581729778,1.517319930288,
    1.544058130798,1.570796331309,1.597534531819,1.624272732329,
    1.65101093284,1.67774913335,1.70448733386,1.73122553437,
    1.757963734881,1.784701935391,1.811440135901,1.838178336412,
    1.864916536922),.UNSPECIFIED.);
#793 = CARTESIAN_POINT('',(0.203244829326,-1.260758401788));
#794 = CARTESIAN_POINT('',(0.203244829326,-1.269739310054));
#795 = CARTESIAN_POINT('',(0.203244829326,-1.287761231398));
#796 = CARTESIAN_POINT('',(0.203244829326,-1.314986355879));
#797 = CARTESIAN_POINT('',(0.203244829326,-1.342415528844));
#798 = CARTESIAN_POINT('',(0.203244829326,-1.370060983328));
#799 = CARTESIAN_POINT('',(0.203244829326,-1.397935323307));
#800 = CARTESIAN_POINT('',(0.203244829326,-1.426051339294));
#801 = CARTESIAN_POINT('',(0.203244829326,-1.454422949795));
#802 = CARTESIAN_POINT('',(0.203244829326,-1.483061775793));
#803 = CARTESIAN_POINT('',(0.203244829326,-1.511990066105));
#804 = CARTESIAN_POINT('',(0.203244829326,-1.54119259576));
#805 = CARTESIAN_POINT('',(0.203244829326,-1.57079633184));
#806 = CARTESIAN_POINT('',(0.203244829326,-1.60040006773));
#807 = CARTESIAN_POINT('',(0.203244829326,-1.629602597303));
#808 = CARTESIAN_POINT('',(0.203244829326,-1.658530887512));
#809 = CARTESIAN_POINT('',(0.203244829326,-1.687169713418));
#810 = CARTESIAN_POINT('',(0.203244829326,-1.715541323831));
#811 = CARTESIAN_POINT('',(0.203244829326,-1.743657339733));
#812 = CARTESIAN_POINT('',(0.203244829326,-1.771531679633));
#813 = CARTESIAN_POINT('',(0.203244829326,-1.799177134043));
#814 = CARTESIAN_POINT('',(0.203244829326,-1.826606306936));
#815 = CARTESIAN_POINT('',(0.203244829326,-1.85383143135));
#816 = CARTESIAN_POINT('',(0.203244829326,-1.871853352653));
#817 = CARTESIAN_POINT('',(0.203244829326,-1.880834260898));
#818 = ( GEOMETRIC_REPRESENTATION_CONTEXT(2) 
PARAMETRIC_REPRESENTATION_CONTEXT() REPRESENTATION_CONTEXT('2D SPACE',''
  ) );
#819 = ORIENTED_EDGE('',*,*,#409,.T.);
#820 = ADVANCED_FACE('',(#821),#835,.F.);
#821 = FACE_BOUND('',#822,.F.);
#822 = EDGE_LOOP('',(#823,#853,#880,#881));
#823 = ORIENTED_EDGE('',*,*,#824,.T.);
#824 = EDGE_CURVE('',#825,#827,#829,.T.);
#825 = VERTEX_POINT('',#826);
#826 = CARTESIAN_POINT('',(-6.123233995737E-16,34.,8.999999940395));
#827 = VERTEX_POINT('',#828);
#828 = CARTESIAN_POINT('',(-6.123233995737E-16,25.,8.999999940395));
#829 = SEAM_CURVE('',#830,(#834,#846),.PCURVE_S1.);
#830 = LINE('',#831,#832);
#831 = CARTESIAN_POINT('',(-6.123233995737E-16,29.5,8.999999940395));
#832 = VECTOR('',#833,1.);
#833 = DIRECTION('',(0.,-1.,-9.95799250103E-17));
#834 = PCURVE('',#835,#840);
#835 = CYLINDRICAL_SURFACE('',#836,5.);
#836 = AXIS2_PLACEMENT_3D('',#837,#838,#839);
#837 = CARTESIAN_POINT('',(0.,29.5,3.999999940395));
#838 = DIRECTION('',(0.,-1.,-9.95799250103E-17));
#839 = DIRECTION('',(0.,9.95799250103E-17,-1.));
#840 = DEFINITIONAL_REPRESENTATION('',(#841),#845);
#841 = LINE('',#842,#843);
#842 = CARTESIAN_POINT('',(9.42477796077,0.));
#843 = VECTOR('',#844,1.);
#844 = DIRECTION('',(0.,1.));
#845 = ( GEOMETRIC_REPRESENTATION_CONTEXT(2) 
PARAMETRIC_REPRESENTATION_CONTEXT() REPRESENTATION_CONTEXT('2D SPACE',''
  ) );
#846 = PCURVE('',#835,#847);
#847 = DEFINITIONAL_REPRESENTATION('',(#848),#852);
#848 = LINE('',#849,#850);
#849 = CARTESIAN_POINT('',(3.141592653589,0.));
#850 = VECTOR('',#851,1.);
#851 = DIRECTION('',(0.,1.));
#852 = ( GEOMETRIC_REPRESENTATION_CONTEXT(2) 
PARAMETRIC_REPRESENTATION_CONTEXT() REPRESENTATION_CONTEXT('2D SPACE',''
  ) );
#853 = ORIENTED_EDGE('',*,*,#854,.F.);
#854 = EDGE_CURVE('',#827,#827,#855,.T.);
#855 = SURFACE_CURVE('',#856,(#861,#868),.PCURVE_S1.);
#856 = CIRCLE('',#857,5.);
#857 = AXIS2_PLACEMENT_3D('',#858,#859,#860);
#858 = CARTESIAN_POINT('',(0.,25.,3.999999940395));
#859 = DIRECTION('',(0.,-1.,-9.95799250103E-17));
#860 = DIRECTION('',(0.,9.95799250103E-17,-1.));
#861 = PCURVE('',#835,#862);
#862 = DEFINITIONAL_REPRESENTATION('',(#863),#867);
#863 = LINE('',#864,#865);
#864 = CARTESIAN_POINT('',(0.,4.5));
#865 = VECTOR('',#866,1.);
#866 = DIRECTION('',(1.,0.));
#867 = ( GEOMETRIC_REPRESENTATION_CONTEXT(2) 
PARAMETRIC_REPRESENTATION_CONTEXT() REPRESENTATION_CONTEXT('2D SPACE',''
  ) );
#868 = PCURVE('',#869,#874);
#869 = PLANE('',#870);
#870 = AXIS2_PLACEMENT_3D('',#871,#872,#873);
#871 = CARTESIAN_POINT('',(0.,25.,3.999999940395));
#872 = DIRECTION('',(0.,-1.,-9.95799250103E-17));
#873 = DIRECTION('',(0.,9.95799250103E-17,-1.));
#874 = DEFINITIONAL_REPRESENTATION('',(#875),#879);
#875 = CIRCLE('',#876,5.);
#876 = AXIS2_PLACEMENT_2D('',#877,#878);
#877 = CARTESIAN_POINT('',(0.,0.));
#878 = DIRECTION('',(1.,0.));
#879 = ( GEOMETRIC_REPRESENTATION_CONTEXT(2) 
PARAMETRIC_REPRESENTATION_CONTEXT() REPRESENTATION_CONTEXT('2D SPACE',''
  ) );
#880 = ORIENTED_EDGE('',*,*,#824,.F.);
#881 = ORIENTED_EDGE('',*,*,#882,.T.);
#882 = EDGE_CURVE('',#825,#825,#883,.T.);
#883 = SURFACE_CURVE('',#884,(#889,#896),.PCURVE_S1.);
#884 = CIRCLE('',#885,5.);
#885 = AXIS2_PLACEMENT_3D('',#886,#887,#888);
#886 = CARTESIAN_POINT('',(0.,34.,3.999999940395));
#887 = DIRECTION('',(0.,-1.,-9.95799250103E-17));
#888 = DIRECTION('',(0.,9.95799250103E-17,-1.));
#889 = PCURVE('',#835,#890);
#890 = DEFINITIONAL_REPRESENTATION('',(#891),#895);
#891 = LINE('',#892,#893);
#892 = CARTESIAN_POINT('',(0.,-4.5));
#893 = VECTOR('',#894,1.);
#894 = DIRECTION('',(1.,0.));
#895 = ( GEOMETRIC_REPRESENTATION_CONTEXT(2) 
PARAMETRIC_REPRESENTATION_CONTEXT() REPRESENTATION_CONTEXT('2D SPACE',''
  ) );
#896 = PCURVE('',#897,#902);
#897 = PLANE('',#898);
#898 = AXIS2_PLACEMENT_3D('',#899,#900,#901);
#899 = CARTESIAN_POINT('',(0.,34.,3.999999940395));
#900 = DIRECTION('',(0.,1.,9.95799250103E-17));
#901 = DIRECTION('',(-1.,0.,0.));
#902 = DEFINITIONAL_REPRESENTATION('',(#903),#911);
#903 = ( BOUNDED_CURVE() B_SPLINE_CURVE(2,(#904,#905,#906,#907,#908,#909
,#910),.UNSPECIFIED.,.T.,.F.) B_SPLINE_CURVE_WITH_KNOTS((1,2,2,2,2,1),(
    -2.094395102393,0.,2.094395102393,4.188790204786,6.28318530718,
8.377580409573),.UNSPECIFIED.) CURVE() GEOMETRIC_REPRESENTATION_ITEM() 
RATIONAL_B_SPLINE_CURVE((1.,0.5,1.,0.5,1.,0.5,1.)) REPRESENTATION_ITEM(
  '') );
#904 = CARTESIAN_POINT('',(0.,-5.));
#905 = CARTESIAN_POINT('',(-8.660254037844,-5.));
#906 = CARTESIAN_POINT('',(-4.330127018922,2.5));
#907 = CARTESIAN_POINT('',(-1.224646799147E-15,10.));
#908 = CARTESIAN_POINT('',(4.330127018922,2.5));
#909 = CARTESIAN_POINT('',(8.660254037844,-5.));
#910 = CARTESIAN_POINT('',(0.,-5.));
#911 = ( GEOMETRIC_REPRESENTATION_CONTEXT(2) 
PARAMETRIC_REPRESENTATION_CONTEXT() REPRESENTATION_CONTEXT('2D SPACE',''
  ) );
#912 = ADVANCED_FACE('',(#913),#869,.F.);
#913 = FACE_BOUND('',#914,.T.);
#914 = EDGE_LOOP('',(#915));
#915 = ORIENTED_EDGE('',*,*,#854,.F.);
#916 = ADVANCED_FACE('',(#917),#393,.T.);
#917 = FACE_BOUND('',#918,.T.);
#918 = EDGE_LOOP('',(#919,#942,#943,#944));
#919 = ORIENTED_EDGE('',*,*,#920,.T.);
#920 = EDGE_CURVE('',#921,#279,#923,.T.);
#921 = VERTEX_POINT('',#922);
#922 = CARTESIAN_POINT('',(79.999999627471,11.,5.999999970198));
#923 = SURFACE_CURVE('',#924,(#928,#935),.PCURVE_S1.);
#924 = LINE('',#925,#926);
#925 = CARTESIAN_POINT('',(-25.00000037252,11.,5.999999970198));
#926 = VECTOR('',#927,1.);
#927 = DIRECTION('',(-1.,0.,0.));
#928 = PCURVE('',#393,#929);
#929 = DEFINITIONAL_REPRESENTATION('',(#930),#934);
#930 = LINE('',#931,#932);
#931 = CARTESIAN_POINT('',(-2.000000029803,-25.00000037252));
#932 = VECTOR('',#933,1.);
#933 = DIRECTION('',(0.,-1.));
#934 = ( GEOMETRIC_REPRESENTATION_CONTEXT(2) 
PARAMETRIC_REPRESENTATION_CONTEXT() REPRESENTATION_CONTEXT('2D SPACE',''
  ) );
#935 = PCURVE('',#302,#936);
#936 = DEFINITIONAL_REPRESENTATION('',(#937),#941);
#937 = LINE('',#938,#939);
#938 = CARTESIAN_POINT('',(-25.00000037252,-8.));
#939 = VECTOR('',#940,1.);
#940 = DIRECTION('',(-1.,0.));
#941 = ( GEOMETRIC_REPRESENTATION_CONTEXT(2) 
PARAMETRIC_REPRESENTATION_CONTEXT() REPRESENTATION_CONTEXT('2D SPACE',''
  ) );
#942 = ORIENTED_EDGE('',*,*,#379,.T.);
#943 = ORIENTED_EDGE('',*,*,#724,.T.);
#944 = ORIENTED_EDGE('',*,*,#945,.T.);
#945 = EDGE_CURVE('',#697,#921,#946,.T.);
#946 = SURFACE_CURVE('',#947,(#951,#958),.PCURVE_S1.);
#947 = LINE('',#948,#949);
#948 = CARTESIAN_POINT('',(79.999999627471,11.,5.999999970198));
#949 = VECTOR('',#950,1.);
#950 = DIRECTION('',(0.,-9.95799250103E-17,1.));
#951 = PCURVE('',#393,#952);
#952 = DEFINITIONAL_REPRESENTATION('',(#953),#957);
#953 = LINE('',#954,#955);
#954 = CARTESIAN_POINT('',(-2.000000029803,79.999999627471));
#955 = VECTOR('',#956,1.);
#956 = DIRECTION('',(-1.,0.));
#957 = ( GEOMETRIC_REPRESENTATION_CONTEXT(2) 
PARAMETRIC_REPRESENTATION_CONTEXT() REPRESENTATION_CONTEXT('2D SPACE',''
  ) );
#958 = PCURVE('',#712,#959);
#959 = DEFINITIONAL_REPRESENTATION('',(#960),#964);
#960 = LINE('',#961,#962);
#961 = CARTESIAN_POINT('',(-7.966394000824E-16,-8.));
#962 = VECTOR('',#963,1.);
#963 = DIRECTION('',(-1.,0.));
#964 = ( GEOMETRIC_REPRESENTATION_CONTEXT(2) 
PARAMETRIC_REPRESENTATION_CONTEXT() REPRESENTATION_CONTEXT('2D SPACE',''
  ) );
#965 = ADVANCED_FACE('',(#966),#302,.T.);
#966 = FACE_BOUND('',#967,.T.);
#967 = EDGE_LOOP('',(#968,#969,#970,#993,#1016,#1109,#1200));
#968 = ORIENTED_EDGE('',*,*,#278,.F.);
#969 = ORIENTED_EDGE('',*,*,#920,.F.);
#970 = ORIENTED_EDGE('',*,*,#971,.F.);
#971 = EDGE_CURVE('',#972,#921,#974,.T.);
#972 = VERTEX_POINT('',#973);
#973 = CARTESIAN_POINT('',(79.999999627471,23.,5.999999970198));
#974 = SURFACE_CURVE('',#975,(#979,#986),.PCURVE_S1.);
#975 = LINE('',#976,#977);
#976 = CARTESIAN_POINT('',(79.999999627471,19.,5.999999970198));
#977 = VECTOR('',#978,1.);
#978 = DIRECTION('',(0.,-1.,-8.570213720248E-17));
#979 = PCURVE('',#302,#980);
#980 = DEFINITIONAL_REPRESENTATION('',(#981),#985);
#981 = LINE('',#982,#983);
#982 = CARTESIAN_POINT('',(79.999999627471,0.));
#983 = VECTOR('',#984,1.);
#984 = DIRECTION('',(0.,-1.));
#985 = ( GEOMETRIC_REPRESENTATION_CONTEXT(2) 
PARAMETRIC_REPRESENTATION_CONTEXT() REPRESENTATION_CONTEXT('2D SPACE',''
  ) );
#986 = PCURVE('',#712,#987);
#987 = DEFINITIONAL_REPRESENTATION('',(#988),#992);
#988 = LINE('',#989,#990);
#989 = CARTESIAN_POINT('',(0.,0.));
#990 = VECTOR('',#991,1.);
#991 = DIRECTION('',(-1.387778780782E-17,-1.));
#992 = ( GEOMETRIC_REPRESENTATION_CONTEXT(2) 
PARAMETRIC_REPRESENTATION_CONTEXT() REPRESENTATION_CONTEXT('2D SPACE',''
  ) );
#993 = ORIENTED_EDGE('',*,*,#994,.F.);
#994 = EDGE_CURVE('',#995,#972,#997,.T.);
#995 = VERTEX_POINT('',#996);
#996 = CARTESIAN_POINT('',(6.602720486516,23.,5.999999970198));
#997 = SURFACE_CURVE('',#998,(#1002,#1009),.PCURVE_S1.);
#998 = LINE('',#999,#1000);
#999 = CARTESIAN_POINT('',(-25.00000037252,23.,5.999999970198));
#1000 = VECTOR('',#1001,1.);
#1001 = DIRECTION('',(1.,0.,0.));
#1002 = PCURVE('',#302,#1003);
#1003 = DEFINITIONAL_REPRESENTATION('',(#1004),#1008);
#1004 = LINE('',#1005,#1006);
#1005 = CARTESIAN_POINT('',(-25.00000037252,4.));
#1006 = VECTOR('',#1007,1.);
#1007 = DIRECTION('',(1.,0.));
#1008 = ( GEOMETRIC_REPRESENTATION_CONTEXT(2) 
PARAMETRIC_REPRESENTATION_CONTEXT() REPRESENTATION_CONTEXT('2D SPACE',''
  ) );
#1009 = PCURVE('',#684,#1010);
#1010 = DEFINITIONAL_REPRESENTATION('',(#1011),#1015);
#1011 = LINE('',#1012,#1013);
#1012 = CARTESIAN_POINT('',(64.999900516262,-2.000000014901));
#1013 = VECTOR('',#1014,1.);
#1014 = DIRECTION('',(-1.,0.));
#1015 = ( GEOMETRIC_REPRESENTATION_CONTEXT(2) 
PARAMETRIC_REPRESENTATION_CONTEXT() REPRESENTATION_CONTEXT('2D SPACE',''
  ) );
#1016 = ORIENTED_EDGE('',*,*,#1017,.F.);
#1017 = EDGE_CURVE('',#1018,#995,#1020,.T.);
#1018 = VERTEX_POINT('',#1019);
#1019 = CARTESIAN_POINT('',(0.,19.,5.999999970198));
#1020 = SURFACE_CURVE('',#1021,(#1038,#1058),.PCURVE_S1.);
#1021 = B_SPLINE_CURVE_WITH_KNOTS('',3,(#1022,#1023,#1024,#1025,#1026,
    #1027,#1028,#1029,#1030,#1031,#1032,#1033,#1034,#1035,#1036,#1037),
  .UNSPECIFIED.,.F.,.F.,(4,2,2,2,2,2,2,4),(1.791302591763,1.973466414892
    ,2.155630238021,2.248176718593,2.340723199166,2.42806929439,
    2.515415389615,2.592260364922),.UNSPECIFIED.);
#1022 = CARTESIAN_POINT('',(0.,19.,5.999999970198));
#1023 = CARTESIAN_POINT('',(0.607212743763,19.,5.999999970198));
#1024 = CARTESIAN_POINT('',(1.277420162282,18.989438128506,
    5.999999970198));
#1025 = CARTESIAN_POINT('',(2.586558272326,19.133229013187,
    5.999999970198));
#1026 = CARTESIAN_POINT('',(3.22438456993,19.297464739204,5.999999970198
    ));
#1027 = CARTESIAN_POINT('',(4.058973738002,19.674252828893,
    5.999999970198));
#1028 = CARTESIAN_POINT('',(4.354579386645,19.839050162646,
    5.999999970198));
#1029 = CARTESIAN_POINT('',(4.904783991319,20.226497969315,
    5.999999970198));
#1030 = CARTESIAN_POINT('',(5.159338299742,20.449211841264,
    5.999999970198));
#1031 = CARTESIAN_POINT('',(5.572636004813,20.883671780029,
    5.999999970198));
#1032 = CARTESIAN_POINT('',(5.77199216477,21.133170742438,5.999999970198
    ));
#1033 = CARTESIAN_POINT('',(6.115257533581,21.66770719496,5.999999970198
    ));
#1034 = CARTESIAN_POINT('',(6.259145976884,21.952758019883,
    5.999999970198));
#1035 = CARTESIAN_POINT('',(6.461743979412,22.46118229684,5.999999970198
    ));
#1036 = CARTESIAN_POINT('',(6.544475278601,22.726911205826,
    5.999999970198));
#1037 = CARTESIAN_POINT('',(6.602720486516,23.,5.999999970198));
#1038 = PCURVE('',#302,#1039);
#1039 = DEFINITIONAL_REPRESENTATION('',(#1040),#1057);
#1040 = B_SPLINE_CURVE_WITH_KNOTS('',3,(#1041,#1042,#1043,#1044,#1045,
    #1046,#1047,#1048,#1049,#1050,#1051,#1052,#1053,#1054,#1055,#1056),
  .UNSPECIFIED.,.F.,.F.,(4,2,2,2,2,2,2,4),(1.791302591763,1.973466414892
    ,2.155630238021,2.248176718593,2.340723199166,2.42806929439,
    2.515415389615,2.592260364922),.UNSPECIFIED.);
#1041 = CARTESIAN_POINT('',(0.,0.));
#1042 = CARTESIAN_POINT('',(0.607212743763,0.));
#1043 = CARTESIAN_POINT('',(1.277420162282,-1.0561871494E-02));
#1044 = CARTESIAN_POINT('',(2.586558272326,0.133229013187));
#1045 = CARTESIAN_POINT('',(3.22438456993,0.297464739204));
#1046 = CARTESIAN_POINT('',(4.058973738002,0.674252828893));
#1047 = CARTESIAN_POINT('',(4.354579386645,0.839050162646));
#1048 = CARTESIAN_POINT('',(4.904783991319,1.226497969315));
#1049 = CARTESIAN_POINT('',(5.159338299742,1.449211841264));
#1050 = CARTESIAN_POINT('',(5.572636004813,1.883671780029));
#1051 = CARTESIAN_POINT('',(5.77199216477,2.133170742438));
#1052 = CARTESIAN_POINT('',(6.115257533581,2.66770719496));
#1053 = CARTESIAN_POINT('',(6.259145976884,2.952758019883));
#1054 = CARTESIAN_POINT('',(6.461743979412,3.46118229684));
#1055 = CARTESIAN_POINT('',(6.544475278601,3.726911205826));
#1056 = CARTESIAN_POINT('',(6.602720486516,4.));
#1057 = ( GEOMETRIC_REPRESENTATION_CONTEXT(2) 
PARAMETRIC_REPRESENTATION_CONTEXT() REPRESENTATION_CONTEXT('2D SPACE',''
  ) );
#1058 = PCURVE('',#474,#1059);
#1059 = DEFINITIONAL_REPRESENTATION('',(#1060),#1108);
#1060 = B_SPLINE_CURVE_WITH_KNOTS('',3,(#1061,#1062,#1063,#1064,#1065,
    #1066,#1067,#1068,#1069,#1070,#1071,#1072,#1073,#1074,#1075,#1076,
    #1077,#1078,#1079,#1080,#1081,#1082,#1083,#1084,#1085,#1086,#1087,
    #1088,#1089,#1090,#1091,#1092,#1093,#1094,#1095,#1096,#1097,#1098,
    #1099,#1100,#1101,#1102,#1103,#1104,#1105,#1106,#1107),
  .UNSPECIFIED.,.F.,.F.,(4,1,1,1,1,1,1,1,1,1,1,1,1,1,1,1,1,1,1,1,1,1,1,1
    ,1,1,1,1,1,1,1,1,1,1,1,1,1,1,1,1,1,1,1,1,4),(1.791302591763,
    1.809506177517,1.827709763271,1.845913349024,1.864116934778,
    1.882320520531,1.900524106285,1.918727692039,1.936931277792,
    1.955134863546,1.973338449299,1.991542035053,2.009745620807,
    2.02794920656,2.046152792314,2.064356378068,2.082559963821,
    2.100763549575,2.118967135328,2.137170721082,2.155374306836,
    2.173577892589,2.191781478343,2.209985064096,2.22818864985,
    2.246392235604,2.264595821357,2.282799407111,2.301002992864,
    2.319206578618,2.337410164372,2.355613750125,2.373817335879,
    2.392020921633,2.410224507386,2.42842809314,2.446631678893,
    2.464835264647,2.483038850401,2.501242436154,2.519446021908,
    2.537649607661,2.555853193415,2.574056779169,2.592260364922),
  .UNSPECIFIED.);
#1061 = CARTESIAN_POINT('',(1.570796332755,3.14159265359));
#1062 = CARTESIAN_POINT('',(1.570807316102,3.107875325846));
#1063 = CARTESIAN_POINT('',(1.569654151286,3.041080724416));
#1064 = CARTESIAN_POINT('',(1.564396494949,2.944046074014));
#1065 = CARTESIAN_POINT('',(1.555558165586,2.851516832142));
#1066 = CARTESIAN_POINT('',(1.543262271938,2.764452420299));
#1067 = CARTESIAN_POINT('',(1.527723183855,2.683489496596));
#1068 = CARTESIAN_POINT('',(1.509232685444,2.608924096025));
#1069 = CARTESIAN_POINT('',(1.488123064343,2.540769881406));
#1070 = CARTESIAN_POINT('',(1.464739796597,2.478825151855));
#1071 = CARTESIAN_POINT('',(1.439418201783,2.422745345254));
#1072 = CARTESIAN_POINT('',(1.412470916665,2.372099929006));
#1073 = CARTESIAN_POINT('',(1.384168248906,2.326435302461));
#1074 = CARTESIAN_POINT('',(1.354747675628,2.285278534611));
#1075 = CARTESIAN_POINT('',(1.324426374664,2.248168134344));
#1076 = CARTESIAN_POINT('',(1.293392508502,2.214681141565));
#1077 = CARTESIAN_POINT('',(1.261809729296,2.184432995972));
#1078 = CARTESIAN_POINT('',(1.229820953663,2.157080657585));
#1079 = CARTESIAN_POINT('',(1.197542562734,2.132316300493));
#1080 = CARTESIAN_POINT('',(1.16509696683,2.109881266635));
#1081 = CARTESIAN_POINT('',(1.132499971384,2.089500675893));
#1082 = CARTESIAN_POINT('',(1.100089044591,2.071111623521));
#1083 = CARTESIAN_POINT('',(1.066931667381,2.053995444302));
#1084 = CARTESIAN_POINT('',(1.032167965794,2.037672937926));
#1085 = CARTESIAN_POINT('',(0.996324021298,2.022378971708));
#1086 = CARTESIAN_POINT('',(0.959554719053,2.008119019807));
#1087 = CARTESIAN_POINT('',(0.922109019333,1.994929761663));
#1088 = CARTESIAN_POINT('',(0.884200771025,1.982820902747));
#1089 = CARTESIAN_POINT('',(0.846052533845,1.971751710718));
#1090 = CARTESIAN_POINT('',(0.807955091258,1.961681926414));
#1091 = CARTESIAN_POINT('',(0.770019669359,1.952560634253));
#1092 = CARTESIAN_POINT('',(0.733353329328,1.944396837969));
#1093 = CARTESIAN_POINT('',(0.697417490539,1.936993551659));
#1094 = CARTESIAN_POINT('',(0.659929484582,1.929855554953));
#1095 = CARTESIAN_POINT('',(0.621803853197,1.923170139501));
#1096 = CARTESIAN_POINT('',(0.58315563137,1.916945480753));
#1097 = CARTESIAN_POINT('',(0.544294954879,1.911228845689));
#1098 = CARTESIAN_POINT('',(0.505458960278,1.906049728962));
#1099 = CARTESIAN_POINT('',(0.466891285103,1.901389585048));
#1100 = CARTESIAN_POINT('',(0.428902495465,1.897237873837));
#1101 = CARTESIAN_POINT('',(0.391591669456,1.893568601697));
#1102 = CARTESIAN_POINT('',(0.355880693275,1.890427341181));
#1103 = CARTESIAN_POINT('',(0.319230352217,1.887571700949));
#1104 = CARTESIAN_POINT('',(0.281324820258,1.884984794489));
#1105 = CARTESIAN_POINT('',(0.242605372373,1.882709824928));
#1106 = CARTESIAN_POINT('',(0.21639885,1.881418466339));
#1107 = CARTESIAN_POINT('',(0.203244829326,1.880834260898));
#1108 = ( GEOMETRIC_REPRESENTATION_CONTEXT(2) 
PARAMETRIC_REPRESENTATION_CONTEXT() REPRESENTATION_CONTEXT('2D SPACE',''
  ) );
#1109 = ORIENTED_EDGE('',*,*,#1110,.F.);
#1110 = EDGE_CURVE('',#750,#1018,#1111,.T.);
#1111 = SURFACE_CURVE('',#1112,(#1129,#1149),.PCURVE_S1.);
#1112 = B_SPLINE_CURVE_WITH_KNOTS('',3,(#1113,#1114,#1115,#1116,#1117,
    #1118,#1119,#1120,#1121,#1122,#1123,#1124,#1125,#1126,#1127,#1128),
  .UNSPECIFIED.,.F.,.F.,(4,2,2,2,2,2,2,4),(0.990344818605,1.067189793912
    ,1.154535889137,1.241881984361,1.334428464933,1.426974945506,
    1.609138768634,1.791302591763),.UNSPECIFIED.);
#1113 = CARTESIAN_POINT('',(-6.602720486516,23.,5.999999970198));
#1114 = CARTESIAN_POINT('',(-6.544475278601,22.726911205826,
    5.999999970198));
#1115 = CARTESIAN_POINT('',(-6.461743979412,22.46118229684,
    5.999999970198));
#1116 = CARTESIAN_POINT('',(-6.259145976884,21.952758019883,
    5.999999970198));
#1117 = CARTESIAN_POINT('',(-6.115257533581,21.66770719496,
    5.999999970198));
#1118 = CARTESIAN_POINT('',(-5.77199216477,21.133170742438,
    5.999999970198));
#1119 = CARTESIAN_POINT('',(-5.572636004813,20.883671780029,
    5.999999970198));
#1120 = CARTESIAN_POINT('',(-5.159338299742,20.449211841264,
    5.999999970198));
#1121 = CARTESIAN_POINT('',(-4.904783991319,20.226497969315,
    5.999999970198));
#1122 = CARTESIAN_POINT('',(-4.354579386645,19.839050162646,
    5.999999970198));
#1123 = CARTESIAN_POINT('',(-4.058973738002,19.674252828893,
    5.999999970198));
#1124 = CARTESIAN_POINT('',(-3.22438456993,19.297464739204,
    5.999999970198));
#1125 = CARTESIAN_POINT('',(-2.586558272326,19.133229013187,
    5.999999970198));
#1126 = CARTESIAN_POINT('',(-1.277420162282,18.989438128506,
    5.999999970198));
#1127 = CARTESIAN_POINT('',(-0.607212743763,19.,5.999999970198));
#1128 = CARTESIAN_POINT('',(6.938893903907E-17,19.,5.999999970198));
#1129 = PCURVE('',#302,#1130);
#1130 = DEFINITIONAL_REPRESENTATION('',(#1131),#1148);
#1131 = B_SPLINE_CURVE_WITH_KNOTS('',3,(#1132,#1133,#1134,#1135,#1136,
    #1137,#1138,#1139,#1140,#1141,#1142,#1143,#1144,#1145,#1146,#1147),
  .UNSPECIFIED.,.F.,.F.,(4,2,2,2,2,2,2,4),(0.990344818605,1.067189793912
    ,1.154535889137,1.241881984361,1.334428464933,1.426974945506,
    1.609138768634,1.791302591763),.UNSPECIFIED.);
#1132 = CARTESIAN_POINT('',(-6.602720486516,4.));
#1133 = CARTESIAN_POINT('',(-6.544475278601,3.726911205826));
#1134 = CARTESIAN_POINT('',(-6.461743979412,3.46118229684));
#1135 = CARTESIAN_POINT('',(-6.259145976884,2.952758019883));
#1136 = CARTESIAN_POINT('',(-6.115257533581,2.66770719496));
#1137 = CARTESIAN_POINT('',(-5.77199216477,2.133170742438));
#1138 = CARTESIAN_POINT('',(-5.572636004813,1.883671780029));
#1139 = CARTESIAN_POINT('',(-5.159338299742,1.449211841264));
#1140 = CARTESIAN_POINT('',(-4.904783991319,1.226497969315));
#1141 = CARTESIAN_POINT('',(-4.354579386645,0.839050162646));
#1142 = CARTESIAN_POINT('',(-4.058973738002,0.674252828893));
#1143 = CARTESIAN_POINT('',(-3.22438456993,0.297464739204));
#1144 = CARTESIAN_POINT('',(-2.586558272326,0.133229013187));
#1145 = CARTESIAN_POINT('',(-1.277420162282,-1.0561871494E-02));
#1146 = CARTESIAN_POINT('',(-0.607212743763,0.));
#1147 = CARTESIAN_POINT('',(6.938893903907E-17,0.));
#1148 = ( GEOMETRIC_REPRESENTATION_CONTEXT(2) 
PARAMETRIC_REPRESENTATION_CONTEXT() REPRESENTATION_CONTEXT('2D SPACE',''
  ) );
#1149 = PCURVE('',#474,#1150);
#1150 = DEFINITIONAL_REPRESENTATION('',(#1151),#1199);
#1151 = B_SPLINE_CURVE_WITH_KNOTS('',3,(#1152,#1153,#1154,#1155,#1156,
    #1157,#1158,#1159,#1160,#1161,#1162,#1163,#1164,#1165,#1166,#1167,
    #1168,#1169,#1170,#1171,#1172,#1173,#1174,#1175,#1176,#1177,#1178,
    #1179,#1180,#1181,#1182,#1183,#1184,#1185,#1186,#1187,#1188,#1189,
    #1190,#1191,#1192,#1193,#1194,#1195,#1196,#1197,#1198),
  .UNSPECIFIED.,.F.,.F.,(4,1,1,1,1,1,1,1,1,1,1,1,1,1,1,1,1,1,1,1,1,1,1,1
    ,1,1,1,1,1,1,1,1,1,1,1,1,1,1,1,1,1,1,1,1,4),(0.990344818605,
    1.008548404358,1.026751990112,1.044955575865,1.063159161619,
    1.081362747373,1.099566333126,1.11776991888,1.135973504633,
    1.154177090387,1.172380676141,1.190584261894,1.208787847648,
    1.226991433401,1.245195019155,1.263398604909,1.281602190662,
    1.299805776416,1.31800936217,1.336212947923,1.354416533677,
    1.37262011943,1.390823705184,1.409027290938,1.427230876691,
    1.445434462445,1.463638048198,1.481841633952,1.500045219706,
    1.518248805459,1.536452391213,1.554655976966,1.57285956272,
    1.591063148474,1.609266734227,1.627470319981,1.645673905734,
    1.663877491488,1.682081077242,1.700284662995,1.718488248749,
    1.736691834503,1.754895420256,1.77309900601,1.791302591763),
  .UNSPECIFIED.);
#1152 = CARTESIAN_POINT('',(0.203244829326,-1.880834260898));
#1153 = CARTESIAN_POINT('',(0.21639885,-1.881418466339));
#1154 = CARTESIAN_POINT('',(0.242605372373,-1.882709824928));
#1155 = CARTESIAN_POINT('',(0.281324820258,-1.884984794489));
#1156 = CARTESIAN_POINT('',(0.319230352217,-1.887571700949));
#1157 = CARTESIAN_POINT('',(0.355880693275,-1.890427341181));
#1158 = CARTESIAN_POINT('',(0.391591669456,-1.893568601697));
#1159 = CARTESIAN_POINT('',(0.428902495465,-1.897237873837));
#1160 = CARTESIAN_POINT('',(0.466891285103,-1.901389585048));
#1161 = CARTESIAN_POINT('',(0.505458960278,-1.906049728962));
#1162 = CARTESIAN_POINT('',(0.544294954879,-1.911228845689));
#1163 = CARTESIAN_POINT('',(0.58315563137,-1.916945480753));
#1164 = CARTESIAN_POINT('',(0.621803853197,-1.923170139501));
#1165 = CARTESIAN_POINT('',(0.659929484582,-1.929855554953));
#1166 = CARTESIAN_POINT('',(0.697417490539,-1.936993551659));
#1167 = CARTESIAN_POINT('',(0.733353329328,-1.944396837969));
#1168 = CARTESIAN_POINT('',(0.770019669359,-1.952560634253));
#1169 = CARTESIAN_POINT('',(0.807955091258,-1.961681926414));
#1170 = CARTESIAN_POINT('',(0.846052533845,-1.971751710718));
#1171 = CARTESIAN_POINT('',(0.884200771025,-1.982820902747));
#1172 = CARTESIAN_POINT('',(0.922109019333,-1.994929761663));
#1173 = CARTESIAN_POINT('',(0.959554719053,-2.008119019807));
#1174 = CARTESIAN_POINT('',(0.996324021298,-2.022378971708));
#1175 = CARTESIAN_POINT('',(1.032167965794,-2.037672937926));
#1176 = CARTESIAN_POINT('',(1.066931667381,-2.053995444302));
#1177 = CARTESIAN_POINT('',(1.100089044591,-2.071111623521));
#1178 = CARTESIAN_POINT('',(1.132499971384,-2.089500675893));
#1179 = CARTESIAN_POINT('',(1.16509696683,-2.109881266635));
#1180 = CARTESIAN_POINT('',(1.197542562734,-2.132316300493));
#1181 = CARTESIAN_POINT('',(1.229820953663,-2.157080657585));
#1182 = CARTESIAN_POINT('',(1.261809729296,-2.184432995972));
#1183 = CARTESIAN_POINT('',(1.293392508502,-2.214681141565));
#1184 = CARTESIAN_POINT('',(1.324426374664,-2.248168134344));
#1185 = CARTESIAN_POINT('',(1.354747675628,-2.285278534611));
#1186 = CARTESIAN_POINT('',(1.384168248906,-2.326435302461));
#1187 = CARTESIAN_POINT('',(1.412470916665,-2.372099929006));
#1188 = CARTESIAN_POINT('',(1.439418201783,-2.422745345254));
#1189 = CARTESIAN_POINT('',(1.464739796597,-2.478825151855));
#1190 = CARTESIAN_POINT('',(1.488123064343,-2.540769881406));
#1191 = CARTESIAN_POINT('',(1.509232685444,-2.608924096025));
#1192 = CARTESIAN_POINT('',(1.527723183855,-2.683489496596));
#1193 = CARTESIAN_POINT('',(1.543262271938,-2.764452420299));
#1194 = CARTESIAN_POINT('',(1.555558165586,-2.851516832142));
#1195 = CARTESIAN_POINT('',(1.564396494949,-2.944046074014));
#1196 = CARTESIAN_POINT('',(1.569654151286,-3.041080724416));
#1197 = CARTESIAN_POINT('',(1.570807316102,-3.107875325846));
#1198 = CARTESIAN_POINT('',(1.570796332755,-3.14159265359));
#1199 = ( GEOMETRIC_REPRESENTATION_CONTEXT(2) 
PARAMETRIC_REPRESENTATION_CONTEXT() REPRESENTATION_CONTEXT('2D SPACE',''
  ) );
#1200 = ORIENTED_EDGE('',*,*,#749,.F.);
#1201 = ADVANCED_FACE('',(#1202),#712,.T.);
#1202 = FACE_BOUND('',#1203,.T.);
#1203 = EDGE_LOOP('',(#1204,#1205,#1226,#1227));
#1204 = ORIENTED_EDGE('',*,*,#696,.T.);
#1205 = ORIENTED_EDGE('',*,*,#1206,.F.);
#1206 = EDGE_CURVE('',#972,#669,#1207,.T.);
#1207 = SURFACE_CURVE('',#1208,(#1212,#1219),.PCURVE_S1.);
#1208 = LINE('',#1209,#1210);
#1209 = CARTESIAN_POINT('',(79.999999627471,23.,5.999999970198));
#1210 = VECTOR('',#1211,1.);
#1211 = DIRECTION('',(0.,9.95799250103E-17,-1.));
#1212 = PCURVE('',#712,#1213);
#1213 = DEFINITIONAL_REPRESENTATION('',(#1214),#1218);
#1214 = LINE('',#1215,#1216);
#1215 = CARTESIAN_POINT('',(3.983197000412E-16,4.));
#1216 = VECTOR('',#1217,1.);
#1217 = DIRECTION('',(1.,0.));
#1218 = ( GEOMETRIC_REPRESENTATION_CONTEXT(2) 
PARAMETRIC_REPRESENTATION_CONTEXT() REPRESENTATION_CONTEXT('2D SPACE',''
  ) );
#1219 = PCURVE('',#684,#1220);
#1220 = DEFINITIONAL_REPRESENTATION('',(#1221),#1225);
#1221 = LINE('',#1222,#1223);
#1222 = CARTESIAN_POINT('',(-40.00009948372,-2.000000014901));
#1223 = VECTOR('',#1224,1.);
#1224 = DIRECTION('',(-0.,1.));
#1225 = ( GEOMETRIC_REPRESENTATION_CONTEXT(2) 
PARAMETRIC_REPRESENTATION_CONTEXT() REPRESENTATION_CONTEXT('2D SPACE',''
  ) );
#1226 = ORIENTED_EDGE('',*,*,#971,.T.);
#1227 = ORIENTED_EDGE('',*,*,#945,.F.);
#1228 = ADVANCED_FACE('',(#1229),#684,.F.);
#1229 = FACE_BOUND('',#1230,.T.);
#1230 = EDGE_LOOP('',(#1231,#1279,#1280,#1281));
#1231 = ORIENTED_EDGE('',*,*,#1232,.F.);
#1232 = EDGE_CURVE('',#995,#572,#1233,.T.);
#1233 = SURFACE_CURVE('',#1234,(#1239,#1250),.PCURVE_S1.);
#1234 = CIRCLE('',#1235,6.898979485566);
#1235 = AXIS2_PLACEMENT_3D('',#1236,#1237,#1238);
#1236 = CARTESIAN_POINT('',(0.,23.,3.999999940395));
#1237 = DIRECTION('',(0.,1.,9.95799250103E-17));
#1238 = DIRECTION('',(0.,9.95799250103E-17,-1.));
#1239 = PCURVE('',#684,#1240);
#1240 = DEFINITIONAL_REPRESENTATION('',(#1241),#1249);
#1241 = ( BOUNDED_CURVE() B_SPLINE_CURVE(2,(#1242,#1243,#1244,#1245,
#1246,#1247,#1248),.UNSPECIFIED.,.T.,.F.) B_SPLINE_CURVE_WITH_KNOTS((1,2
    ,2,2,2,1),(-2.094395102393,0.,2.094395102393,4.188790204786,
6.28318530718,8.377580409573),.UNSPECIFIED.) CURVE() 
GEOMETRIC_REPRESENTATION_ITEM() RATIONAL_B_SPLINE_CURVE((1.,0.5,1.,0.5,
1.,0.5,1.)) REPRESENTATION_ITEM('') );
#1242 = CARTESIAN_POINT('',(39.999900143742,6.898979500468));
#1243 = CARTESIAN_POINT('',(51.949283133118,6.898979500468));
#1244 = CARTESIAN_POINT('',(45.97459163843,-3.449489727881));
#1245 = CARTESIAN_POINT('',(39.999900143742,-13.79795895623));
#1246 = CARTESIAN_POINT('',(34.025208649054,-3.449489727881));
#1247 = CARTESIAN_POINT('',(28.050517154366,6.898979500468));
#1248 = CARTESIAN_POINT('',(39.999900143742,6.898979500468));
#1249 = ( GEOMETRIC_REPRESENTATION_CONTEXT(2) 
PARAMETRIC_REPRESENTATION_CONTEXT() REPRESENTATION_CONTEXT('2D SPACE',''
  ) );
#1250 = PCURVE('',#474,#1251);
#1251 = DEFINITIONAL_REPRESENTATION('',(#1252),#1278);
#1252 = B_SPLINE_CURVE_WITH_KNOTS('',3,(#1253,#1254,#1255,#1256,#1257,
    #1258,#1259,#1260,#1261,#1262,#1263,#1264,#1265,#1266,#1267,#1268,
    #1269,#1270,#1271,#1272,#1273,#1274,#1275,#1276,#1277),
  .UNSPECIFIED.,.F.,.F.,(4,1,1,1,1,1,1,1,1,1,1,1,1,1,1,1,1,1,1,1,1,1,4),
  (4.418268770257,4.445006970768,4.471745171278,4.498483371788,
    4.525221572299,4.551959772809,4.578697973319,4.60543617383,
    4.63217437434,4.65891257485,4.685650775361,4.712388975871,
    4.739127176381,4.765865376892,4.792603577402,4.819341777912,
    4.846079978423,4.872818178933,4.899556379443,4.926294579954,
    4.953032780464,4.979770980974,5.006509181485),.UNSPECIFIED.);
#1253 = CARTESIAN_POINT('',(0.203244829326,1.880834260898));
#1254 = CARTESIAN_POINT('',(0.203244829326,1.871853352653));
#1255 = CARTESIAN_POINT('',(0.203244829326,1.85383143135));
#1256 = CARTESIAN_POINT('',(0.203244829326,1.826606306936));
#1257 = CARTESIAN_POINT('',(0.203244829326,1.799177134043));
#1258 = CARTESIAN_POINT('',(0.203244829326,1.771531679633));
#1259 = CARTESIAN_POINT('',(0.203244829326,1.743657339733));
#1260 = CARTESIAN_POINT('',(0.203244829326,1.715541323831));
#1261 = CARTESIAN_POINT('',(0.203244829326,1.687169713418));
#1262 = CARTESIAN_POINT('',(0.203244829326,1.658530887512));
#1263 = CARTESIAN_POINT('',(0.203244829326,1.629602597303));
#1264 = CARTESIAN_POINT('',(0.203244829326,1.60040006773));
#1265 = CARTESIAN_POINT('',(0.203244829326,1.57079633184));
#1266 = CARTESIAN_POINT('',(0.203244829326,1.54119259576));
#1267 = CARTESIAN_POINT('',(0.203244829326,1.511990066105));
#1268 = CARTESIAN_POINT('',(0.203244829326,1.483061775793));
#1269 = CARTESIAN_POINT('',(0.203244829326,1.454422949795));
#1270 = CARTESIAN_POINT('',(0.203244829326,1.426051339294));
#1271 = CARTESIAN_POINT('',(0.203244829326,1.397935323307));
#1272 = CARTESIAN_POINT('',(0.203244829326,1.370060983328));
#1273 = CARTESIAN_POINT('',(0.203244829326,1.342415528844));
#1274 = CARTESIAN_POINT('',(0.203244829326,1.314986355879));
#1275 = CARTESIAN_POINT('',(0.203244829326,1.287761231398));
#1276 = CARTESIAN_POINT('',(0.203244829326,1.269739310054));
#1277 = CARTESIAN_POINT('',(0.203244829326,1.260758401788));
#1278 = ( GEOMETRIC_REPRESENTATION_CONTEXT(2) 
PARAMETRIC_REPRESENTATION_CONTEXT() REPRESENTATION_CONTEXT('2D SPACE',''
  ) );
#1279 = ORIENTED_EDGE('',*,*,#994,.T.);
#1280 = ORIENTED_EDGE('',*,*,#1206,.T.);
#1281 = ORIENTED_EDGE('',*,*,#668,.T.);
#1282 = ADVANCED_FACE('',(#1283),#474,.F.);
#1283 = FACE_BOUND('',#1284,.F.);
#1284 = EDGE_LOOP('',(#1285,#1286,#1287,#1288,#1356,#1407,#1451,#1452,
    #1453,#1454));
#1285 = ORIENTED_EDGE('',*,*,#571,.F.);
#1286 = ORIENTED_EDGE('',*,*,#1232,.F.);
#1287 = ORIENTED_EDGE('',*,*,#1017,.F.);
#1288 = ORIENTED_EDGE('',*,*,#1289,.T.);
#1289 = EDGE_CURVE('',#1018,#1290,#1292,.T.);
#1290 = VERTEX_POINT('',#1291);
#1291 = CARTESIAN_POINT('',(-8.572527594031E-16,24.,10.999999940395));
#1292 = SEAM_CURVE('',#1293,(#1298,#1327),.PCURVE_S1.);
#1293 = CIRCLE('',#1294,5.);
#1294 = AXIS2_PLACEMENT_3D('',#1295,#1296,#1297);
#1295 = CARTESIAN_POINT('',(-2.449293598295E-16,24.,5.999999940395));
#1296 = DIRECTION('',(-1.,1.219502364232E-32,-1.224646799147E-16));
#1297 = DIRECTION('',(-1.224646799147E-16,-6.040407428518E-66,1.));
#1298 = PCURVE('',#474,#1299);
#1299 = DEFINITIONAL_REPRESENTATION('',(#1300),#1326);
#1300 = B_SPLINE_CURVE_WITH_KNOTS('',3,(#1301,#1302,#1303,#1304,#1305,
    #1306,#1307,#1308,#1309,#1310,#1311,#1312,#1313,#1314,#1315,#1316,
    #1317,#1318,#1319,#1320,#1321,#1322,#1323,#1324,#1325),
  .UNSPECIFIED.,.F.,.F.,(4,1,1,1,1,1,1,1,1,1,1,1,1,1,1,1,1,1,1,1,1,1,4),
  (4.712388986345,4.78378881911,4.855188651876,4.926588484641,
    4.997988317406,5.069388150171,5.140787982936,5.212187815702,
    5.283587648467,5.354987481232,5.426387313997,5.497787146762,
    5.569186979528,5.640586812293,5.711986645058,5.783386477823,
    5.854786310588,5.926186143354,5.997585976119,6.068985808884,
    6.140385641649,6.211785474414,6.28318530718),.QUASI_UNIFORM_KNOTS.);
#1301 = CARTESIAN_POINT('',(1.570796332755,3.14159265359));
#1302 = CARTESIAN_POINT('',(1.546374188812,3.14159265359));
#1303 = CARTESIAN_POINT('',(1.497874036209,3.14159265359));
#1304 = CARTESIAN_POINT('',(1.425961900279,3.14159265359));
#1305 = CARTESIAN_POINT('',(1.354690717033,3.14159265359));
#1306 = CARTESIAN_POINT('',(1.283873242132,3.14159265359));
#1307 = CARTESIAN_POINT('',(1.213325905134,3.14159265359));
#1308 = CARTESIAN_POINT('',(1.142868750308,3.14159265359));
#1309 = CARTESIAN_POINT('',(1.072320369515,3.14159265359));
#1310 = CARTESIAN_POINT('',(1.001507069525,3.14159265359));
#1311 = CARTESIAN_POINT('',(0.930220229885,3.14159265359));
#1312 = CARTESIAN_POINT('',(0.858366543797,3.14159265359));
#1313 = CARTESIAN_POINT('',(0.785398170808,3.14159265359));
#1314 = CARTESIAN_POINT('',(0.712429771238,3.14159265359));
#1315 = CARTESIAN_POINT('',(0.640576092436,3.14159265359));
#1316 = CARTESIAN_POINT('',(0.569289250969,3.14159265359));
#1317 = CARTESIAN_POINT('',(0.498475951552,3.14159265359));
#1318 = CARTESIAN_POINT('',(0.427927570655,3.14159265359));
#1319 = CARTESIAN_POINT('',(0.357470415852,3.14159265359));
#1320 = CARTESIAN_POINT('',(0.286923078868,3.14159265359));
#1321 = CARTESIAN_POINT('',(0.216105603707,3.14159265359));
#1322 = CARTESIAN_POINT('',(0.14483442112,3.14159265359));
#1323 = CARTESIAN_POINT('',(7.292228226711E-02,3.14159265359));
#1324 = CARTESIAN_POINT('',(2.442213652502E-02,3.14159265359));
#1325 = CARTESIAN_POINT('',(-1.394118950144E-16,3.14159265359));
#1326 = ( GEOMETRIC_REPRESENTATION_CONTEXT(2) 
PARAMETRIC_REPRESENTATION_CONTEXT() REPRESENTATION_CONTEXT('2D SPACE',''
  ) );
#1327 = PCURVE('',#474,#1328);
#1328 = DEFINITIONAL_REPRESENTATION('',(#1329),#1355);
#1329 = B_SPLINE_CURVE_WITH_KNOTS('',3,(#1330,#1331,#1332,#1333,#1334,
    #1335,#1336,#1337,#1338,#1339,#1340,#1341,#1342,#1343,#1344,#1345,
    #1346,#1347,#1348,#1349,#1350,#1351,#1352,#1353,#1354),
  .UNSPECIFIED.,.F.,.F.,(4,1,1,1,1,1,1,1,1,1,1,1,1,1,1,1,1,1,1,1,1,1,4),
  (4.712388986345,4.78378881911,4.855188651876,4.926588484641,
    4.997988317406,5.069388150171,5.140787982936,5.212187815702,
    5.283587648467,5.354987481232,5.426387313997,5.497787146762,
    5.569186979528,5.640586812293,5.711986645058,5.783386477823,
    5.854786310588,5.926186143354,5.997585976119,6.068985808884,
    6.140385641649,6.211785474414,6.28318530718),.QUASI_UNIFORM_KNOTS.);
#1330 = CARTESIAN_POINT('',(1.570796332755,-3.14159265359));
#1331 = CARTESIAN_POINT('',(1.546374188812,-3.14159265359));
#1332 = CARTESIAN_POINT('',(1.497874036209,-3.14159265359));
#1333 = CARTESIAN_POINT('',(1.425961900279,-3.14159265359));
#1334 = CARTESIAN_POINT('',(1.354690717033,-3.14159265359));
#1335 = CARTESIAN_POINT('',(1.283873242132,-3.14159265359));
#1336 = CARTESIAN_POINT('',(1.213325905134,-3.14159265359));
#1337 = CARTESIAN_POINT('',(1.142868750308,-3.14159265359));
#1338 = CARTESIAN_POINT('',(1.072320369515,-3.14159265359));
#1339 = CARTESIAN_POINT('',(1.001507069525,-3.14159265359));
#1340 = CARTESIAN_POINT('',(0.930220229885,-3.14159265359));
#1341 = CARTESIAN_POINT('',(0.858366543797,-3.14159265359));
#1342 = CARTESIAN_POINT('',(0.785398170808,-3.14159265359));
#1343 = CARTESIAN_POINT('',(0.712429771238,-3.14159265359));
#1344 = CARTESIAN_POINT('',(0.640576092436,-3.14159265359));
#1345 = CARTESIAN_POINT('',(0.569289250969,-3.14159265359));
#1346 = CARTESIAN_POINT('',(0.498475951552,-3.14159265359));
#1347 = CARTESIAN_POINT('',(0.427927570655,-3.14159265359));
#1348 = CARTESIAN_POINT('',(0.357470415852,-3.14159265359));
#1349 = CARTESIAN_POINT('',(0.286923078868,-3.14159265359));
#1350 = CARTESIAN_POINT('',(0.216105603707,-3.14159265359));
#1351 = CARTESIAN_POINT('',(0.14483442112,-3.14159265359));
#1352 = CARTESIAN_POINT('',(7.292228226711E-02,-3.14159265359));
#1353 = CARTESIAN_POINT('',(2.442213652502E-02,-3.14159265359));
#1354 = CARTESIAN_POINT('',(-1.394118950144E-16,-3.14159265359));
#1355 = ( GEOMETRIC_REPRESENTATION_CONTEXT(2) 
PARAMETRIC_REPRESENTATION_CONTEXT() REPRESENTATION_CONTEXT('2D SPACE',''
  ) );
#1356 = ORIENTED_EDGE('',*,*,#1357,.F.);
#1357 = EDGE_CURVE('',#1358,#1290,#1360,.T.);
#1358 = VERTEX_POINT('',#1359);
#1359 = CARTESIAN_POINT('',(-7.,24.,3.999999940395));
#1360 = SURFACE_CURVE('',#1361,(#1366,#1395),.PCURVE_S1.);
#1361 = CIRCLE('',#1362,7.);
#1362 = AXIS2_PLACEMENT_3D('',#1363,#1364,#1365);
#1363 = CARTESIAN_POINT('',(0.,24.,3.999999940395));
#1364 = DIRECTION('',(0.,-1.,-9.95799250103E-17));
#1365 = DIRECTION('',(-1.,-1.219502364232E-32,1.224646799147E-16));
#1366 = PCURVE('',#474,#1367);
#1367 = DEFINITIONAL_REPRESENTATION('',(#1368),#1394);
#1368 = B_SPLINE_CURVE_WITH_KNOTS('',3,(#1369,#1370,#1371,#1372,#1373,
    #1374,#1375,#1376,#1377,#1378,#1379,#1380,#1381,#1382,#1383,#1384,
    #1385,#1386,#1387,#1388,#1389,#1390,#1391,#1392,#1393),
  .UNSPECIFIED.,.F.,.F.,(4,1,1,1,1,1,1,1,1,1,1,1,1,1,1,1,1,1,1,1,1,1,4),
  (0.,0.214199499108,0.428398998217,0.642598497325,0.856797996434,
    1.070997495542,1.28519699465,1.499396493759,1.713595992867,
    1.927795491976,2.141994991084,2.356194490192,2.570393989301,
    2.784593488409,2.998792987518,3.212992486626,3.427191985734,
    3.641391484843,3.855590983951,4.06979048306,4.283989982168,
    4.498189481276,4.712388980385),.UNSPECIFIED.);
#1369 = CARTESIAN_POINT('',(-1.394118950144E-16,-1.570796326795));
#1370 = CARTESIAN_POINT('',(-1.394118950144E-16,-1.491600902977));
#1371 = CARTESIAN_POINT('',(-1.394118950144E-16,-1.339806414379));
#1372 = CARTESIAN_POINT('',(-1.394118950144E-16,-1.126169628765));
#1373 = CARTESIAN_POINT('',(-1.394118950144E-16,-0.920488978282));
#1374 = CARTESIAN_POINT('',(-1.394118950144E-16,-0.717942038876));
#1375 = CARTESIAN_POINT('',(-1.394118950144E-16,-0.513811497476));
#1376 = CARTESIAN_POINT('',(-1.394118950144E-16,-0.303476509462));
#1377 = CARTESIAN_POINT('',(-1.394118950144E-16,-8.093848883122E-02));
#1378 = CARTESIAN_POINT('',(-1.394118950144E-16,0.158136193241));
#1379 = CARTESIAN_POINT('',(-1.394118950144E-16,0.374248904887));
#1380 = CARTESIAN_POINT('',(-1.394118950144E-16,0.582404656046));
#1381 = CARTESIAN_POINT('',(-1.394118950144E-16,0.785398163397));
#1382 = CARTESIAN_POINT('',(-1.394118950144E-16,0.988391670749));
#1383 = CARTESIAN_POINT('',(-1.394118950144E-16,1.196547421908));
#1384 = CARTESIAN_POINT('',(-1.394118950144E-16,1.412660133553));
#1385 = CARTESIAN_POINT('',(-1.394118950144E-16,1.651734815626));
#1386 = CARTESIAN_POINT('',(-1.394118950144E-16,1.874272836257));
#1387 = CARTESIAN_POINT('',(-1.394118950144E-16,2.084607824271));
#1388 = CARTESIAN_POINT('',(-1.394118950144E-16,2.288738365671));
#1389 = CARTESIAN_POINT('',(-1.394118950144E-16,2.491285305077));
#1390 = CARTESIAN_POINT('',(-1.394118950144E-16,2.696965955559));
#1391 = CARTESIAN_POINT('',(-1.394118950144E-16,2.910602741174));
#1392 = CARTESIAN_POINT('',(-1.394118950144E-16,3.062397229772));
#1393 = CARTESIAN_POINT('',(-1.394118950144E-16,3.14159265359));
#1394 = ( GEOMETRIC_REPRESENTATION_CONTEXT(2) 
PARAMETRIC_REPRESENTATION_CONTEXT() REPRESENTATION_CONTEXT('2D SPACE',''
  ) );
#1395 = PCURVE('',#1396,#1401);
#1396 = CYLINDRICAL_SURFACE('',#1397,7.);
#1397 = AXIS2_PLACEMENT_3D('',#1398,#1399,#1400);
#1398 = CARTESIAN_POINT('',(0.,26.5,3.999999940395));
#1399 = DIRECTION('',(0.,-1.,-9.95799250103E-17));
#1400 = DIRECTION('',(1.,0.,0.));
#1401 = DEFINITIONAL_REPRESENTATION('',(#1402),#1406);
#1402 = LINE('',#1403,#1404);
#1403 = CARTESIAN_POINT('',(-3.14159265359,2.5));
#1404 = VECTOR('',#1405,1.);
#1405 = DIRECTION('',(1.,0.));
#1406 = ( GEOMETRIC_REPRESENTATION_CONTEXT(2) 
PARAMETRIC_REPRESENTATION_CONTEXT() REPRESENTATION_CONTEXT('2D SPACE',''
  ) );
#1407 = ORIENTED_EDGE('',*,*,#1408,.F.);
#1408 = EDGE_CURVE('',#1290,#1358,#1409,.T.);
#1409 = SURFACE_CURVE('',#1410,(#1415,#1444),.PCURVE_S1.);
#1410 = CIRCLE('',#1411,7.);
#1411 = AXIS2_PLACEMENT_3D('',#1412,#1413,#1414);
#1412 = CARTESIAN_POINT('',(0.,24.,3.999999940395));
#1413 = DIRECTION('',(0.,-1.,-9.95799250103E-17));
#1414 = DIRECTION('',(-1.,-1.219502364232E-32,1.224646799147E-16));
#1415 = PCURVE('',#474,#1416);
#1416 = DEFINITIONAL_REPRESENTATION('',(#1417),#1443);
#1417 = B_SPLINE_CURVE_WITH_KNOTS('',3,(#1418,#1419,#1420,#1421,#1422,
    #1423,#1424,#1425,#1426,#1427,#1428,#1429,#1430,#1431,#1432,#1433,
    #1434,#1435,#1436,#1437,#1438,#1439,#1440,#1441,#1442),
  .UNSPECIFIED.,.F.,.F.,(4,1,1,1,1,1,1,1,1,1,1,1,1,1,1,1,1,1,1,1,1,1,4),
  (4.712388980385,4.783788813421,4.855188646457,4.926588479493,
    4.997988312529,5.069388145565,5.140787978601,5.212187811638,
    5.283587644674,5.35498747771,5.426387310746,5.497787143782,
    5.569186976818,5.640586809854,5.711986642891,5.783386475927,
    5.854786308963,5.926186141999,5.997585975035,6.068985808071,
    6.140385641107,6.211785474143,6.28318530718),.UNSPECIFIED.);
#1418 = CARTESIAN_POINT('',(-1.394118950144E-16,-3.14159265359));
#1419 = CARTESIAN_POINT('',(-1.394118950144E-16,-3.115159605062));
#1420 = CARTESIAN_POINT('',(-1.394118950144E-16,-3.063067440961));
#1421 = CARTESIAN_POINT('',(-1.394118950144E-16,-2.986986199037));
#1422 = CARTESIAN_POINT('',(-1.394118950144E-16,-2.912688495409));
#1423 = CARTESIAN_POINT('',(-1.394118950144E-16,-2.839931213656));
#1424 = CARTESIAN_POINT('',(-1.394118950144E-16,-2.768486547351));
#1425 = CARTESIAN_POINT('',(-1.394118950144E-16,-2.698142049645));
#1426 = CARTESIAN_POINT('',(-1.394118950144E-16,-2.628697122557));
#1427 = CARTESIAN_POINT('',(-1.394118950144E-16,-2.559960843422));
#1428 = CARTESIAN_POINT('',(-1.394118950144E-16,-2.491749732825));
#1429 = CARTESIAN_POINT('',(-1.394118950144E-16,-2.423885766815));
#1430 = CARTESIAN_POINT('',(-1.394118950144E-16,-2.356194490192));
#1431 = CARTESIAN_POINT('',(-1.394118950144E-16,-2.28850321357));
#1432 = CARTESIAN_POINT('',(-1.394118950144E-16,-2.22063924756));
#1433 = CARTESIAN_POINT('',(-1.394118950144E-16,-2.152428136962));
#1434 = CARTESIAN_POINT('',(-1.394118950144E-16,-2.083691857828));
#1435 = CARTESIAN_POINT('',(-1.394118950144E-16,-2.014246930739));
#1436 = CARTESIAN_POINT('',(-1.394118950144E-16,-1.943902433034));
#1437 = CARTESIAN_POINT('',(-1.394118950144E-16,-1.872457766729));
#1438 = CARTESIAN_POINT('',(-1.394118950144E-16,-1.799700484976));
#1439 = CARTESIAN_POINT('',(-1.394118950144E-16,-1.725402781348));
#1440 = CARTESIAN_POINT('',(-1.394118950144E-16,-1.649321539424));
#1441 = CARTESIAN_POINT('',(-1.394118950144E-16,-1.597229375323));
#1442 = CARTESIAN_POINT('',(-1.394118950144E-16,-1.570796326795));
#1443 = ( GEOMETRIC_REPRESENTATION_CONTEXT(2) 
PARAMETRIC_REPRESENTATION_CONTEXT() REPRESENTATION_CONTEXT('2D SPACE',''
  ) );
#1444 = PCURVE('',#1396,#1445);
#1445 = DEFINITIONAL_REPRESENTATION('',(#1446),#1450);
#1446 = LINE('',#1447,#1448);
#1447 = CARTESIAN_POINT('',(-3.14159265359,2.5));
#1448 = VECTOR('',#1449,1.);
#1449 = DIRECTION('',(1.,0.));
#1450 = ( GEOMETRIC_REPRESENTATION_CONTEXT(2) 
PARAMETRIC_REPRESENTATION_CONTEXT() REPRESENTATION_CONTEXT('2D SPACE',''
  ) );
#1451 = ORIENTED_EDGE('',*,*,#1289,.F.);
#1452 = ORIENTED_EDGE('',*,*,#1110,.F.);
#1453 = ORIENTED_EDGE('',*,*,#772,.F.);
#1454 = ORIENTED_EDGE('',*,*,#432,.F.);
#1455 = ADVANCED_FACE('',(#1456),#1396,.T.);
#1456 = FACE_BOUND('',#1457,.T.);
#1457 = EDGE_LOOP('',(#1458,#1459,#1482,#1504,#1505));
#1458 = ORIENTED_EDGE('',*,*,#1357,.F.);
#1459 = ORIENTED_EDGE('',*,*,#1460,.T.);
#1460 = EDGE_CURVE('',#1358,#1461,#1463,.T.);
#1461 = VERTEX_POINT('',#1462);
#1462 = CARTESIAN_POINT('',(-7.,34.,3.999999940395));
#1463 = SEAM_CURVE('',#1464,(#1468,#1475),.PCURVE_S1.);
#1464 = LINE('',#1465,#1466);
#1465 = CARTESIAN_POINT('',(-7.,26.5,3.999999940395));
#1466 = VECTOR('',#1467,1.);
#1467 = DIRECTION('',(0.,1.,9.95799250103E-17));
#1468 = PCURVE('',#1396,#1469);
#1469 = DEFINITIONAL_REPRESENTATION('',(#1470),#1474);
#1470 = LINE('',#1471,#1472);
#1471 = CARTESIAN_POINT('',(-3.14159265359,0.));
#1472 = VECTOR('',#1473,1.);
#1473 = DIRECTION('',(0.,-1.));
#1474 = ( GEOMETRIC_REPRESENTATION_CONTEXT(2) 
PARAMETRIC_REPRESENTATION_CONTEXT() REPRESENTATION_CONTEXT('2D SPACE',''
  ) );
#1475 = PCURVE('',#1396,#1476);
#1476 = DEFINITIONAL_REPRESENTATION('',(#1477),#1481);
#1477 = LINE('',#1478,#1479);
#1478 = CARTESIAN_POINT('',(3.14159265359,0.));
#1479 = VECTOR('',#1480,1.);
#1480 = DIRECTION('',(0.,-1.));
#1481 = ( GEOMETRIC_REPRESENTATION_CONTEXT(2) 
PARAMETRIC_REPRESENTATION_CONTEXT() REPRESENTATION_CONTEXT('2D SPACE',''
  ) );
#1482 = ORIENTED_EDGE('',*,*,#1483,.F.);
#1483 = EDGE_CURVE('',#1461,#1461,#1484,.T.);
#1484 = SURFACE_CURVE('',#1485,(#1490,#1497),.PCURVE_S1.);
#1485 = CIRCLE('',#1486,7.);
#1486 = AXIS2_PLACEMENT_3D('',#1487,#1488,#1489);
#1487 = CARTESIAN_POINT('',(0.,34.,3.999999940395));
#1488 = DIRECTION('',(0.,1.,9.95799250103E-17));
#1489 = DIRECTION('',(1.,0.,-0.));
#1490 = PCURVE('',#1396,#1491);
#1491 = DEFINITIONAL_REPRESENTATION('',(#1492),#1496);
#1492 = LINE('',#1493,#1494);
#1493 = CARTESIAN_POINT('',(6.28318530718,-7.5));
#1494 = VECTOR('',#1495,1.);
#1495 = DIRECTION('',(-1.,0.));
#1496 = ( GEOMETRIC_REPRESENTATION_CONTEXT(2) 
PARAMETRIC_REPRESENTATION_CONTEXT() REPRESENTATION_CONTEXT('2D SPACE',''
  ) );
#1497 = PCURVE('',#897,#1498);
#1498 = DEFINITIONAL_REPRESENTATION('',(#1499),#1503);
#1499 = CIRCLE('',#1500,7.);
#1500 = AXIS2_PLACEMENT_2D('',#1501,#1502);
#1501 = CARTESIAN_POINT('',(0.,0.));
#1502 = DIRECTION('',(-1.,0.));
#1503 = ( GEOMETRIC_REPRESENTATION_CONTEXT(2) 
PARAMETRIC_REPRESENTATION_CONTEXT() REPRESENTATION_CONTEXT('2D SPACE',''
  ) );
#1504 = ORIENTED_EDGE('',*,*,#1460,.F.);
#1505 = ORIENTED_EDGE('',*,*,#1408,.F.);
#1506 = ADVANCED_FACE('',(#1507,#1510),#897,.T.);
#1507 = FACE_BOUND('',#1508,.T.);
#1508 = EDGE_LOOP('',(#1509));
#1509 = ORIENTED_EDGE('',*,*,#1483,.T.);
#1510 = FACE_BOUND('',#1511,.T.);
#1511 = EDGE_LOOP('',(#1512));
#1512 = ORIENTED_EDGE('',*,*,#882,.T.);
#1513 = ( GEOMETRIC_REPRESENTATION_CONTEXT(3) 
GLOBAL_UNCERTAINTY_ASSIGNED_CONTEXT((#1517)) 
GLOBAL_UNIT_ASSIGNED_CONTEXT((#1514,#1515,#1516)) REPRESENTATION_CONTEXT
('Context #1','3D Context with UNIT and UNCERTAINTY') );
#1514 = ( LENGTH_UNIT() NAMED_UNIT(*) SI_UNIT(.MILLI.,.METRE.) );
#1515 = ( NAMED_UNIT(*) PLANE_ANGLE_UNIT() SI_UNIT($,.RADIAN.) );
#1516 = ( NAMED_UNIT(*) SI_UNIT($,.STERADIAN.) SOLID_ANGLE_UNIT() );
#1517 = UNCERTAINTY_MEASURE_WITH_UNIT(LENGTH_MEASURE(5.E-04),#1514,
  'distance_accuracy_value','confusion accuracy');
#1518 = CONTEXT_DEPENDENT_SHAPE_REPRESENTATION(#1519,#1521);
#1519 = ( REPRESENTATION_RELATIONSHIP('','',#271,#10) 
REPRESENTATION_RELATIONSHIP_WITH_TRANSFORMATION(#1520) 
SHAPE_REPRESENTATION_RELATIONSHIP() );
#1520 = ITEM_DEFINED_TRANSFORMATION('','',#11,#19);
#1521 = PRODUCT_DEFINITION_SHAPE('Placement','Placement of an item',
  #1522);
#1522 = NEXT_ASSEMBLY_USAGE_OCCURRENCE('2','','',#5,#266,$);
#1523 = PRODUCT_RELATED_PRODUCT_CATEGORY('part',$,(#268));
#1524 = SHAPE_DEFINITION_REPRESENTATION(#1525,#1531);
#1525 = PRODUCT_DEFINITION_SHAPE('','',#1526);
#1526 = PRODUCT_DEFINITION('design','',#1527,#1530);
#1527 = PRODUCT_DEFINITION_FORMATION('','',#1528);
#1528 = PRODUCT('Open CASCADE STEP translator 7.9 1.3',
  'Open CASCADE STEP translator 7.9 1.3','',(#1529));
#1529 = PRODUCT_CONTEXT('',#2,'mechanical');
#1530 = PRODUCT_DEFINITION_CONTEXT('part definition',#2,'design');
#1531 = ADVANCED_BREP_SHAPE_REPRESENTATION('',(#11,#1532),#2773);
#1532 = MANIFOLD_SOLID_BREP('',#1533);
#1533 = CLOSED_SHELL('',(#1534,#1664,#2004,#2080,#2172,#2176,#2225,#2461
    ,#2488,#2542,#2715,#2766));
#1534 = ADVANCED_FACE('',(#1535),#1550,.T.);
#1535 = FACE_BOUND('',#1536,.T.);
#1536 = EDGE_LOOP('',(#1537,#1577,#1605,#1638));
#1537 = ORIENTED_EDGE('',*,*,#1538,.T.);
#1538 = EDGE_CURVE('',#1539,#1541,#1543,.T.);
#1539 = VERTEX_POINT('',#1540);
#1540 = CARTESIAN_POINT('',(7.168001253301,11.,79.660425829299));
#1541 = VERTEX_POINT('',#1542);
#1542 = CARTESIAN_POINT('',(18.915341377765,23.,67.913085704835));
#1543 = SURFACE_CURVE('',#1544,(#1549,#1561),.PCURVE_S1.);
#1544 = CIRCLE('',#1545,17.5);
#1545 = AXIS2_PLACEMENT_3D('',#1546,#1547,#1548);
#1546 = CARTESIAN_POINT('',(18.915341377765,5.5,67.913085704835));
#1547 = DIRECTION('',(-0.707106781187,8.170979215246E-17,-0.707106781187
    ));
#1548 = DIRECTION('',(-0.671276578541,0.314285714286,0.671276578541));
#1549 = PCURVE('',#1550,#1555);
#1550 = CYLINDRICAL_SURFACE('',#1551,17.5);
#1551 = AXIS2_PLACEMENT_3D('',#1552,#1553,#1554);
#1552 = CARTESIAN_POINT('',(16.086914253019,5.5,65.084658580088));
#1553 = DIRECTION('',(-0.707106781187,9.95799250103E-17,-0.707106781187)
  );
#1554 = DIRECTION('',(-0.671276578541,0.314285714286,0.671276578541));
#1555 = DEFINITIONAL_REPRESENTATION('',(#1556),#1560);
#1556 = LINE('',#1557,#1558);
#1557 = CARTESIAN_POINT('',(0.,-4.));
#1558 = VECTOR('',#1559,1.);
#1559 = DIRECTION('',(1.,7.09922446343E-16));
#1560 = ( GEOMETRIC_REPRESENTATION_CONTEXT(2) 
PARAMETRIC_REPRESENTATION_CONTEXT() REPRESENTATION_CONTEXT('2D SPACE',''
  ) );
#1561 = PCURVE('',#1562,#1567);
#1562 = PLANE('',#1563);
#1563 = AXIS2_PLACEMENT_3D('',#1564,#1565,#1566);
#1564 = CARTESIAN_POINT('',(24.845671046376,19.,61.982756036224));
#1565 = DIRECTION('',(0.707106781187,-8.570213720248E-17,0.707106781187)
  );
#1566 = DIRECTION('',(0.707106781187,0.,-0.707106781187));
#1567 = DEFINITIONAL_REPRESENTATION('',(#1568),#1576);
#1568 = ( BOUNDED_CURVE() B_SPLINE_CURVE(2,(#1569,#1570,#1571,#1572,
#1573,#1574,#1575),.UNSPECIFIED.,.T.,.F.) B_SPLINE_CURVE_WITH_KNOTS((1,2
    ,2,2,2,1),(-2.094395102393,0.,2.094395102393,4.188790204786,
6.28318530718,8.377580409573),.UNSPECIFIED.) CURVE() 
GEOMETRIC_REPRESENTATION_ITEM() RATIONAL_B_SPLINE_CURVE((1.,0.5,1.,0.5,
1.,0.5,1.)) REPRESENTATION_ITEM('') );
#1569 = CARTESIAN_POINT('',(-25.00000037252,-7.999999999994));
#1570 = CARTESIAN_POINT('',(-15.47372093088,20.774989139879));
#1571 = CARTESIAN_POINT('',(4.683010937044,-1.862505430067));
#1572 = CARTESIAN_POINT('',(24.839742804975,-24.50000000001));
#1573 = CARTESIAN_POINT('',(-4.843268504596,-30.63749456994));
#1574 = CARTESIAN_POINT('',(-34.52627981416,-36.77498913986));
#1575 = CARTESIAN_POINT('',(-25.00000037252,-7.999999999994));
#1576 = ( GEOMETRIC_REPRESENTATION_CONTEXT(2) 
PARAMETRIC_REPRESENTATION_CONTEXT() REPRESENTATION_CONTEXT('2D SPACE',''
  ) );
#1577 = ORIENTED_EDGE('',*,*,#1578,.T.);
#1578 = EDGE_CURVE('',#1541,#1579,#1581,.T.);
#1579 = VERTEX_POINT('',#1580);
#1580 = CARTESIAN_POINT('',(16.086914253019,23.,65.084658580088));
#1581 = SURFACE_CURVE('',#1582,(#1586,#1593),.PCURVE_S1.);
#1582 = LINE('',#1583,#1584);
#1583 = CARTESIAN_POINT('',(16.086914253019,23.,65.084658580088));
#1584 = VECTOR('',#1585,1.);
#1585 = DIRECTION('',(-0.707106781187,9.95799250103E-17,-0.707106781187)
  );
#1586 = PCURVE('',#1550,#1587);
#1587 = DEFINITIONAL_REPRESENTATION('',(#1588),#1592);
#1588 = LINE('',#1589,#1590);
#1589 = CARTESIAN_POINT('',(1.251092178132,1.7763568394E-15));
#1590 = VECTOR('',#1591,1.);
#1591 = DIRECTION('',(0.,1.));
#1592 = ( GEOMETRIC_REPRESENTATION_CONTEXT(2) 
PARAMETRIC_REPRESENTATION_CONTEXT() REPRESENTATION_CONTEXT('2D SPACE',''
  ) );
#1593 = PCURVE('',#1594,#1599);
#1594 = PLANE('',#1595);
#1595 = AXIS2_PLACEMENT_3D('',#1596,#1597,#1598);
#1596 = CARTESIAN_POINT('',(14.592622580441,23.,69.407377363364));
#1597 = DIRECTION('',(-7.041364024483E-17,-1.,-7.041364024483E-17));
#1598 = DIRECTION('',(-0.707106781187,0.,0.707106781187));
#1599 = DEFINITIONAL_REPRESENTATION('',(#1600),#1604);
#1600 = LINE('',#1601,#1602);
#1601 = CARTESIAN_POINT('',(-4.113247539567,1.999999990066));
#1602 = VECTOR('',#1603,1.);
#1603 = DIRECTION('',(1.014653635757E-17,1.));
#1604 = ( GEOMETRIC_REPRESENTATION_CONTEXT(2) 
PARAMETRIC_REPRESENTATION_CONTEXT() REPRESENTATION_CONTEXT('2D SPACE',''
  ) );
#1605 = ORIENTED_EDGE('',*,*,#1606,.T.);
#1606 = EDGE_CURVE('',#1579,#1607,#1609,.T.);
#1607 = VERTEX_POINT('',#1608);
#1608 = CARTESIAN_POINT('',(4.339574128555,11.,76.831998704553));
#1609 = SURFACE_CURVE('',#1610,(#1615,#1622),.PCURVE_S1.);
#1610 = CIRCLE('',#1611,17.5);
#1611 = AXIS2_PLACEMENT_3D('',#1612,#1613,#1614);
#1612 = CARTESIAN_POINT('',(16.086914253019,5.5,65.084658580088));
#1613 = DIRECTION('',(0.707106781187,-8.170979215246E-17,0.707106781187)
  );
#1614 = DIRECTION('',(-0.671276578541,0.314285714286,0.671276578541));
#1615 = PCURVE('',#1550,#1616);
#1616 = DEFINITIONAL_REPRESENTATION('',(#1617),#1621);
#1617 = LINE('',#1618,#1619);
#1618 = CARTESIAN_POINT('',(6.28318530718,2.22044604925E-16));
#1619 = VECTOR('',#1620,1.);
#1620 = DIRECTION('',(-1.,0.));
#1621 = ( GEOMETRIC_REPRESENTATION_CONTEXT(2) 
PARAMETRIC_REPRESENTATION_CONTEXT() REPRESENTATION_CONTEXT('2D SPACE',''
  ) );
#1622 = PCURVE('',#1623,#1628);
#1623 = PLANE('',#1624);
#1624 = AXIS2_PLACEMENT_3D('',#1625,#1626,#1627);
#1625 = CARTESIAN_POINT('',(78.585786153136,19.,2.585786679971));
#1626 = DIRECTION('',(-0.707106781187,8.570213720248E-17,-0.707106781187
    ));
#1627 = DIRECTION('',(-0.707106781187,0.,0.707106781187));
#1628 = DEFINITIONAL_REPRESENTATION('',(#1629),#1637);
#1629 = ( BOUNDED_CURVE() B_SPLINE_CURVE(2,(#1630,#1631,#1632,#1633,
#1634,#1635,#1636),.UNSPECIFIED.,.T.,.F.) B_SPLINE_CURVE_WITH_KNOTS((1,2
    ,2,2,2,1),(-2.094395102393,0.,2.094395102393,4.188790204786,
6.28318530718,8.377580409573),.UNSPECIFIED.) CURVE() 
GEOMETRIC_REPRESENTATION_ITEM() RATIONAL_B_SPLINE_CURVE((1.,0.5,1.,0.5,
1.,0.5,1.)) REPRESENTATION_ITEM('') );
#1630 = CARTESIAN_POINT('',(104.99999999999,-7.999999999994));
#1631 = CARTESIAN_POINT('',(114.52627944163,-36.77498913986));
#1632 = CARTESIAN_POINT('',(84.843268132067,-30.63749456994));
#1633 = CARTESIAN_POINT('',(55.160256822496,-24.50000000001));
#1634 = CARTESIAN_POINT('',(75.316988690427,-1.862505430067));
#1635 = CARTESIAN_POINT('',(95.473720558358,20.774989139879));
#1636 = CARTESIAN_POINT('',(104.99999999999,-7.999999999994));
#1637 = ( GEOMETRIC_REPRESENTATION_CONTEXT(2) 
PARAMETRIC_REPRESENTATION_CONTEXT() REPRESENTATION_CONTEXT('2D SPACE',''
  ) );
#1638 = ORIENTED_EDGE('',*,*,#1639,.F.);
#1639 = EDGE_CURVE('',#1539,#1607,#1640,.T.);
#1640 = SURFACE_CURVE('',#1641,(#1645,#1652),.PCURVE_S1.);
#1641 = LINE('',#1642,#1643);
#1642 = CARTESIAN_POINT('',(4.339574128555,11.,76.831998704553));
#1643 = VECTOR('',#1644,1.);
#1644 = DIRECTION('',(-0.707106781187,9.95799250103E-17,-0.707106781187)
  );
#1645 = PCURVE('',#1550,#1646);
#1646 = DEFINITIONAL_REPRESENTATION('',(#1647),#1651);
#1647 = LINE('',#1648,#1649);
#1648 = CARTESIAN_POINT('',(0.,0.));
#1649 = VECTOR('',#1650,1.);
#1650 = DIRECTION('',(0.,1.));
#1651 = ( GEOMETRIC_REPRESENTATION_CONTEXT(2) 
PARAMETRIC_REPRESENTATION_CONTEXT() REPRESENTATION_CONTEXT('2D SPACE',''
  ) );
#1652 = PCURVE('',#1653,#1658);
#1653 = PLANE('',#1654);
#1654 = AXIS2_PLACEMENT_3D('',#1655,#1656,#1657);
#1655 = CARTESIAN_POINT('',(23.431457462929,11.,60.568542452777));
#1656 = DIRECTION('',(-6.060056237805E-17,-1.,-6.060056237805E-17));
#1657 = DIRECTION('',(-0.707106781187,8.570213720248E-17,-0.707106781187
    ));
#1658 = DEFINITIONAL_REPRESENTATION('',(#1659),#1663);
#1659 = LINE('',#1660,#1661);
#1660 = CARTESIAN_POINT('',(1.999999970197,-25.00000037252));
#1661 = VECTOR('',#1662,1.);
#1662 = DIRECTION('',(1.,-1.014653635757E-17));
#1663 = ( GEOMETRIC_REPRESENTATION_CONTEXT(2) 
PARAMETRIC_REPRESENTATION_CONTEXT() REPRESENTATION_CONTEXT('2D SPACE',''
  ) );
#1664 = ADVANCED_FACE('',(#1665),#1623,.T.);
#1665 = FACE_BOUND('',#1666,.T.);
#1666 = EDGE_LOOP('',(#1667,#1668,#1691,#1830,#1927,#1955,#1983));
#1667 = ORIENTED_EDGE('',*,*,#1606,.F.);
#1668 = ORIENTED_EDGE('',*,*,#1669,.F.);
#1669 = EDGE_CURVE('',#1670,#1579,#1672,.T.);
#1670 = VERTEX_POINT('',#1671);
#1671 = CARTESIAN_POINT('',(17.348415478569,23.,63.823157354538));
#1672 = SURFACE_CURVE('',#1673,(#1677,#1684),.PCURVE_S1.);
#1673 = LINE('',#1674,#1675);
#1674 = CARTESIAN_POINT('',(78.585786153136,23.,2.585786679971));
#1675 = VECTOR('',#1676,1.);
#1676 = DIRECTION('',(-0.707106781187,0.,0.707106781187));
#1677 = PCURVE('',#1623,#1678);
#1678 = DEFINITIONAL_REPRESENTATION('',(#1679),#1683);
#1679 = LINE('',#1680,#1681);
#1680 = CARTESIAN_POINT('',(3.140184917368E-16,4.));
#1681 = VECTOR('',#1682,1.);
#1682 = DIRECTION('',(1.,-1.75304687834E-33));
#1683 = ( GEOMETRIC_REPRESENTATION_CONTEXT(2) 
PARAMETRIC_REPRESENTATION_CONTEXT() REPRESENTATION_CONTEXT('2D SPACE',''
  ) );
#1684 = PCURVE('',#1594,#1685);
#1685 = DEFINITIONAL_REPRESENTATION('',(#1686),#1690);
#1686 = LINE('',#1687,#1688);
#1687 = CARTESIAN_POINT('',(-92.49999981373,1.999999990066));
#1688 = VECTOR('',#1689,1.);
#1689 = DIRECTION('',(1.,1.014653635757E-17));
#1690 = ( GEOMETRIC_REPRESENTATION_CONTEXT(2) 
PARAMETRIC_REPRESENTATION_CONTEXT() REPRESENTATION_CONTEXT('2D SPACE',''
  ) );
#1691 = ORIENTED_EDGE('',*,*,#1692,.F.);
#1692 = EDGE_CURVE('',#1693,#1670,#1695,.T.);
#1693 = VERTEX_POINT('',#1694);
#1694 = CARTESIAN_POINT('',(22.017102966973,19.,59.154469866134));
#1695 = SURFACE_CURVE('',#1696,(#1713,#1733),.PCURVE_S1.);
#1696 = B_SPLINE_CURVE_WITH_KNOTS('',3,(#1697,#1698,#1699,#1700,#1701,
    #1702,#1703,#1704,#1705,#1706,#1707,#1708,#1709,#1710,#1711,#1712),
  .UNSPECIFIED.,.F.,.F.,(4,2,2,2,2,2,2,4),(1.790801908198,1.964818974928
    ,2.138855975421,2.225285273565,2.31171457171,2.406354856116,
    2.500995140522,2.591213604045),.UNSPECIFIED.);
#1697 = CARTESIAN_POINT('',(22.017102966973,19.,59.154469866134));
#1698 = CARTESIAN_POINT('',(21.606931130055,19.,59.564641703053));
#1699 = CARTESIAN_POINT('',(21.154522560489,18.990339307398,
    60.017050272619));
#1700 = CARTESIAN_POINT('',(20.267550949513,19.114631353163,
    60.904021883595));
#1701 = CARTESIAN_POINT('',(19.833706191334,19.258616745824,
    61.337866641774));
#1702 = CARTESIAN_POINT('',(19.266554832096,19.591011644076,
    61.905018001012));
#1703 = CARTESIAN_POINT('',(19.067280387047,19.734404710602,
    62.10429244606));
#1704 = CARTESIAN_POINT('',(18.692204208444,20.072860382179,
    62.479368624664));
#1705 = CARTESIAN_POINT('',(18.516433353151,20.26799142087,
    62.655139479956));
#1706 = CARTESIAN_POINT('',(18.20429217333,20.67960630047,
    62.967280659777));
#1707 = CARTESIAN_POINT('',(18.041673687396,20.937948255308,
    63.129899145712));
#1708 = CARTESIAN_POINT('',(17.760850598203,21.498984629393,
    63.410722234905));
#1709 = CARTESIAN_POINT('',(17.642664232482,21.801697305557,
    63.528908600626));
#1710 = CARTESIAN_POINT('',(17.469434052654,22.367099734014,
    63.702138780453));
#1711 = CARTESIAN_POINT('',(17.39674323112,22.679553687755,
    63.774829601987));
#1712 = CARTESIAN_POINT('',(17.348415478569,23.,63.823157354538));
#1713 = PCURVE('',#1623,#1714);
#1714 = DEFINITIONAL_REPRESENTATION('',(#1715),#1732);
#1715 = B_SPLINE_CURVE_WITH_KNOTS('',3,(#1716,#1717,#1718,#1719,#1720,
    #1721,#1722,#1723,#1724,#1725,#1726,#1727,#1728,#1729,#1730,#1731),
  .UNSPECIFIED.,.F.,.F.,(4,2,2,2,2,2,2,4),(1.790801908198,1.964818974928
    ,2.138855975421,2.225285273565,2.31171457171,2.406354856116,
    2.500995140522,2.591213604045),.UNSPECIFIED.);
#1716 = CARTESIAN_POINT('',(80.000198967458,0.));
#1717 = CARTESIAN_POINT('',(80.580269542132,0.));
#1718 = CARTESIAN_POINT('',(81.220071876946,-9.660692602001E-03));
#1719 = CARTESIAN_POINT('',(82.474439158628,0.114631353163));
#1720 = CARTESIAN_POINT('',(83.087988299609,0.258616745824));
#1721 = CARTESIAN_POINT('',(83.890061443762,0.591011644076));
#1722 = CARTESIAN_POINT('',(84.171878066584,0.734404710602));
#1723 = CARTESIAN_POINT('',(84.702315885288,1.072860382179));
#1724 = CARTESIAN_POINT('',(84.950893412713,1.26799142087));
#1725 = CARTESIAN_POINT('',(85.392327702591,1.67960630047));
#1726 = CARTESIAN_POINT('',(85.622304970892,1.937948255308));
#1727 = CARTESIAN_POINT('',(86.019448792256,2.498984629393));
#1728 = CARTESIAN_POINT('',(86.186589553546,2.801697305557));
#1729 = CARTESIAN_POINT('',(86.431574023271,3.367099734014));
#1730 = CARTESIAN_POINT('',(86.534374368944,3.679553687755));
#1731 = CARTESIAN_POINT('',(86.602720132041,4.));
#1732 = ( GEOMETRIC_REPRESENTATION_CONTEXT(2) 
PARAMETRIC_REPRESENTATION_CONTEXT() REPRESENTATION_CONTEXT('2D SPACE',''
  ) );
#1733 = PCURVE('',#1734,#1780);
#1734 = ( BOUNDED_SURFACE() B_SPLINE_SURFACE(2,2,(
    (#1735,#1736,#1737,#1738,#1739,#1740,#1741,#1742,#1743)
    ,(#1744,#1745,#1746,#1747,#1748,#1749,#1750,#1751,#1752)
    ,(#1753,#1754,#1755,#1756,#1757,#1758,#1759,#1760,#1761)
    ,(#1762,#1763,#1764,#1765,#1766,#1767,#1768,#1769,#1770)
    ,(#1771,#1772,#1773,#1774,#1775,#1776,#1777,#1778,#1779
)),.UNSPECIFIED.,.F.,.T.,.F.) B_SPLINE_SURFACE_WITH_KNOTS((3,2,3),(1,2,2
    ,2,2,2,1),(-1.394118950144E-16,0.785398166378,1.570796332755),(
    -4.712388980385,-3.14159265359,-1.570796326795,0.,1.570796326795,
    3.14159265359,4.712388980385),.UNSPECIFIED.) 
GEOMETRIC_REPRESENTATION_ITEM() RATIONAL_B_SPLINE_SURFACE((
    (1.,0.707106781187,1.,0.707106781187,1.,0.707106781187,1.
      ,0.707106781187,1.)
    ,(0.923879531941,0.653281482035,0.923879531941,0.653281482035
      ,0.923879531941,0.653281482035,0.923879531941,0.653281482035
      ,0.923879531941)
    ,(1.,0.707106781187,1.,0.707106781187,1.,0.707106781187,1.
      ,0.707106781187,1.)
    ,(0.923879531941,0.653281482035,0.923879531941,0.653281482035
      ,0.923879531941,0.653281482035,0.923879531941,0.653281482035
      ,0.923879531941)
    ,(1.,0.707106781187,1.,0.707106781187,1.,0.707106781187,1.
,0.707106781187,1.))) REPRESENTATION_ITEM('') SURFACE() );
#1735 = CARTESIAN_POINT('',(28.381204931235,24.,65.518289921083));
#1736 = CARTESIAN_POINT('',(23.431457462929,24.,70.468037389388));
#1737 = CARTESIAN_POINT('',(18.481709994623,24.,65.518289921083));
#1738 = CARTESIAN_POINT('',(13.531962526317,24.,60.568542452777));
#1739 = CARTESIAN_POINT('',(18.481709994623,24.,55.618794984471));
#1740 = CARTESIAN_POINT('',(23.431457462929,24.,50.669047516165));
#1741 = CARTESIAN_POINT('',(28.381204931235,24.,55.618794984471));
#1742 = CARTESIAN_POINT('',(33.330952399541,24.,60.568542452777));
#1743 = CARTESIAN_POINT('',(28.381204931235,24.,65.518289921083));
#1744 = CARTESIAN_POINT('',(28.381204931235,21.928932179406,
    65.518289921083));
#1745 = CARTESIAN_POINT('',(23.431457462929,21.928932179406,
    70.468037389388));
#1746 = CARTESIAN_POINT('',(18.481709994623,21.928932179406,
    65.518289921083));
#1747 = CARTESIAN_POINT('',(13.531962526317,21.928932179406,
    60.568542452777));
#1748 = CARTESIAN_POINT('',(18.481709994623,21.928932179406,
    55.618794984471));
#1749 = CARTESIAN_POINT('',(23.431457462929,21.928932179406,
    50.669047516165));
#1750 = CARTESIAN_POINT('',(28.381204931235,21.928932179406,
    55.618794984471));
#1751 = CARTESIAN_POINT('',(33.330952399541,21.928932179406,
    60.568542452777));
#1752 = CARTESIAN_POINT('',(28.381204931235,21.928932179406,
    65.518289921083));
#1753 = CARTESIAN_POINT('',(27.345671017852,20.46446608353,
    64.482756007699));
#1754 = CARTESIAN_POINT('',(23.431457462929,20.46446608353,
    68.396969562622));
#1755 = CARTESIAN_POINT('',(19.517243908007,20.46446608353,
    64.482756007699));
#1756 = CARTESIAN_POINT('',(15.603030353084,20.46446608353,
    60.568542452777));
#1757 = CARTESIAN_POINT('',(19.517243908007,20.46446608353,
    56.654328897854));
#1758 = CARTESIAN_POINT('',(23.431457462929,20.46446608353,
    52.740115342932));
#1759 = CARTESIAN_POINT('',(27.345671017852,20.46446608353,
    56.654328897854));
#1760 = CARTESIAN_POINT('',(31.259884572774,20.46446608353,
    60.568542452777));
#1761 = CARTESIAN_POINT('',(27.345671017852,20.46446608353,
    64.482756007699));
#1762 = CARTESIAN_POINT('',(26.310137104468,18.999999987655,
    63.447222094316));
#1763 = CARTESIAN_POINT('',(23.431457462929,18.999999987655,
    66.325901735855));
#1764 = CARTESIAN_POINT('',(20.55277782139,18.999999987655,
    63.447222094316));
#1765 = CARTESIAN_POINT('',(17.674098179851,18.999999987655,
    60.568542452777));
#1766 = CARTESIAN_POINT('',(20.55277782139,18.999999987655,
    57.689862811238));
#1767 = CARTESIAN_POINT('',(23.431457462929,18.999999987655,
    54.811183169699));
#1768 = CARTESIAN_POINT('',(26.310137104468,18.999999987655,
    57.689862811238));
#1769 = CARTESIAN_POINT('',(29.188816746007,18.999999987655,
    60.568542452777));
#1770 = CARTESIAN_POINT('',(26.310137104468,18.999999987655,
    63.447222094316));
#1771 = CARTESIAN_POINT('',(24.845671004229,19.,61.982755994077));
#1772 = CARTESIAN_POINT('',(23.431457462929,19.,63.396969535376));
#1773 = CARTESIAN_POINT('',(22.017243921629,19.,61.982755994077));
#1774 = CARTESIAN_POINT('',(20.60303038033,19.,60.568542452777));
#1775 = CARTESIAN_POINT('',(22.01724392163,19.,59.154328911478));
#1776 = CARTESIAN_POINT('',(23.43145746293,19.,57.740115370178));
#1777 = CARTESIAN_POINT('',(24.845671004229,19.,59.154328911477));
#1778 = CARTESIAN_POINT('',(26.259884545529,19.,60.568542452777));
#1779 = CARTESIAN_POINT('',(24.845671004229,19.,61.982755994077));
#1780 = DEFINITIONAL_REPRESENTATION('',(#1781),#1829);
#1781 = B_SPLINE_CURVE_WITH_KNOTS('',3,(#1782,#1783,#1784,#1785,#1786,
    #1787,#1788,#1789,#1790,#1791,#1792,#1793,#1794,#1795,#1796,#1797,
    #1798,#1799,#1800,#1801,#1802,#1803,#1804,#1805,#1806,#1807,#1808,
    #1809,#1810,#1811,#1812,#1813,#1814,#1815,#1816,#1817,#1818,#1819,
    #1820,#1821,#1822,#1823,#1824,#1825,#1826,#1827,#1828),
  .UNSPECIFIED.,.F.,.F.,(4,1,1,1,1,1,1,1,1,1,1,1,1,1,1,1,1,1,1,1,1,1,1,1
    ,1,1,1,1,1,1,1,1,1,1,1,1,1,1,1,1,1,1,1,1,4),(1.790801908198,
    1.808993083104,1.827184258009,1.845375432915,1.86356660782,
    1.881757782726,1.899948957632,1.918140132537,1.936331307443,
    1.954522482349,1.972713657254,1.99090483216,2.009096007065,
    2.027287181971,2.045478356877,2.063669531782,2.081860706688,
    2.100051881593,2.118243056499,2.136434231405,2.15462540631,
    2.172816581216,2.191007756122,2.209198931027,2.227390105933,
    2.245581280838,2.263772455744,2.28196363065,2.300154805555,
    2.318345980461,2.336537155367,2.354728330272,2.372919505178,
    2.391110680083,2.409301854989,2.427493029895,2.4456842048,
    2.463875379706,2.482066554611,2.500257729517,2.518448904423,
    2.536640079328,2.554831254234,2.57302242914,2.591213604045),
  .UNSPECIFIED.);
#1782 = CARTESIAN_POINT('',(1.570796332755,-1.10703244577E-04));
#1783 = CARTESIAN_POINT('',(1.570806258176,-3.380443607064E-02));
#1784 = CARTESIAN_POINT('',(1.569651783337,-0.100579580048));
#1785 = CARTESIAN_POINT('',(1.564389946768,-0.19764582668));
#1786 = CARTESIAN_POINT('',(1.555539664111,-0.290244541003));
#1787 = CARTESIAN_POINT('',(1.543221724352,-0.377395115367));
#1788 = CARTESIAN_POINT('',(1.527650439557,-0.458443576074));
#1789 = CARTESIAN_POINT('',(1.509119721657,-0.53308134159));
#1790 = CARTESIAN_POINT('',(1.487965565552,-0.601286923607));
#1791 = CARTESIAN_POINT('',(1.464538162113,-0.663257935922));
#1792 = CARTESIAN_POINT('',(1.43917809146,-0.71933822394));
#1793 = CARTESIAN_POINT('',(1.412203226203,-0.769957376322));
#1794 = CARTESIAN_POINT('',(1.383883902472,-0.815568606557));
#1795 = CARTESIAN_POINT('',(1.354472733692,-0.856656960165));
#1796 = CARTESIAN_POINT('',(1.324193059353,-0.89367995436));
#1797 = CARTESIAN_POINT('',(1.293240673979,-0.927061945233));
#1798 = CARTESIAN_POINT('',(1.261787176849,-0.957186967575));
#1799 = CARTESIAN_POINT('',(1.229976779138,-0.984401501569));
#1800 = CARTESIAN_POINT('',(1.197948767964,-1.009003322));
#1801 = CARTESIAN_POINT('',(1.165763529464,-1.031290726111));
#1802 = CARTESIAN_POINT('',(1.133687613247,-1.051392190364));
#1803 = CARTESIAN_POINT('',(1.101137744011,-1.069917649715));
#1804 = CARTESIAN_POINT('',(1.06679895515,-1.087670257469));
#1805 = CARTESIAN_POINT('',(1.03134047277,-1.104299214337));
#1806 = CARTESIAN_POINT('',(0.994926892012,-1.119799955988));
#1807 = CARTESIAN_POINT('',(0.957852793714,-1.134114026518));
#1808 = CARTESIAN_POINT('',(0.920369464399,-1.147231055595));
#1809 = CARTESIAN_POINT('',(0.882750633716,-1.159195707157));
#1810 = CARTESIAN_POINT('',(0.845323105065,-1.170039313205));
#1811 = CARTESIAN_POINT('',(0.808277502991,-1.179833052979));
#1812 = CARTESIAN_POINT('',(0.772369949603,-1.188491805782));
#1813 = CARTESIAN_POINT('',(0.735418321802,-1.196746779168));
#1814 = CARTESIAN_POINT('',(0.6976322479,-1.204549576209));
#1815 = CARTESIAN_POINT('',(0.659270362137,-1.211859350221));
#1816 = CARTESIAN_POINT('',(0.620562985409,-1.218644019418));
#1817 = CARTESIAN_POINT('',(0.581728555797,-1.224875350113));
#1818 = CARTESIAN_POINT('',(0.542968642973,-1.230536390852));
#1819 = CARTESIAN_POINT('',(0.504486122922,-1.235653372768));
#1820 = CARTESIAN_POINT('',(0.466526649504,-1.240241409304));
#1821 = CARTESIAN_POINT('',(0.429215391755,-1.244325468547));
#1822 = CARTESIAN_POINT('',(0.393151951779,-1.247882867513));
#1823 = CARTESIAN_POINT('',(0.357180593037,-1.251052583133));
#1824 = CARTESIAN_POINT('',(0.319719555815,-1.253979465897));
#1825 = CARTESIAN_POINT('',(0.281489488352,-1.256593482533));
#1826 = CARTESIAN_POINT('',(0.242591287136,-1.258882985167));
#1827 = CARTESIAN_POINT('',(0.216382989551,-1.260174864864));
#1828 = CARTESIAN_POINT('',(0.203244829326,-1.260758401788));
#1829 = ( GEOMETRIC_REPRESENTATION_CONTEXT(2) 
PARAMETRIC_REPRESENTATION_CONTEXT() REPRESENTATION_CONTEXT('2D SPACE',''
  ) );
#1830 = ORIENTED_EDGE('',*,*,#1831,.F.);
#1831 = EDGE_CURVE('',#1832,#1693,#1834,.T.);
#1832 = VERTEX_POINT('',#1833);
#1833 = CARTESIAN_POINT('',(26.686072364691,23.,54.485500468417));
#1834 = SURFACE_CURVE('',#1835,(#1854,#1876),.PCURVE_S1.);
#1835 = B_SPLINE_CURVE_WITH_KNOTS('',3,(#1836,#1837,#1838,#1839,#1840,
    #1841,#1842,#1843,#1844,#1845,#1846,#1847,#1848,#1849,#1850,#1851,
    #1852,#1853),.UNSPECIFIED.,.F.,.F.,(4,2,2,2,2,2,2,2,4),(
    0.990350344824,1.080568808347,1.175209092753,1.269849377159,
    1.356278675304,1.442707973448,1.616744973941,1.790781974434,
    1.790801908198),.UNSPECIFIED.);
#1836 = CARTESIAN_POINT('',(26.686072364691,23.,54.485500468417));
#1837 = CARTESIAN_POINT('',(26.63774461214,22.679553687755,
    54.533828220968));
#1838 = CARTESIAN_POINT('',(26.565053790606,22.367099734014,
    54.606519042502));
#1839 = CARTESIAN_POINT('',(26.391823610778,21.801697305557,
    54.779749222329));
#1840 = CARTESIAN_POINT('',(26.273637245057,21.498984629393,
    54.89793558805));
#1841 = CARTESIAN_POINT('',(25.992814155864,20.937948255308,
    55.178758677243));
#1842 = CARTESIAN_POINT('',(25.83019566993,20.67960630047,
    55.341377163178));
#1843 = CARTESIAN_POINT('',(25.518054490109,20.26799142087,
    55.653518342999));
#1844 = CARTESIAN_POINT('',(25.342283634816,20.072860382179,
    55.829289198291));
#1845 = CARTESIAN_POINT('',(24.967207456213,19.734404710602,
    56.204365376895));
#1846 = CARTESIAN_POINT('',(24.767933011164,19.591011644076,
    56.403639821943));
#1847 = CARTESIAN_POINT('',(24.200781651926,19.258616745824,
    56.970791181181));
#1848 = CARTESIAN_POINT('',(23.766936893747,19.114631353163,
    57.40463593936));
#1849 = CARTESIAN_POINT('',(22.879914484105,18.99033218894,
    58.291658349002));
#1850 = CARTESIAN_POINT('',(22.427453065717,19.,58.744119767391));
#1851 = CARTESIAN_POINT('',(22.017196937299,19.,59.154375895809));
#1852 = CARTESIAN_POINT('',(22.017149952413,19.,59.154422880694));
#1853 = CARTESIAN_POINT('',(22.017102966973,19.,59.154469866134));
#1854 = PCURVE('',#1623,#1855);
#1855 = DEFINITIONAL_REPRESENTATION('',(#1856),#1875);
#1856 = B_SPLINE_CURVE_WITH_KNOTS('',3,(#1857,#1858,#1859,#1860,#1861,
    #1862,#1863,#1864,#1865,#1866,#1867,#1868,#1869,#1870,#1871,#1872,
    #1873,#1874),.UNSPECIFIED.,.F.,.F.,(4,2,2,2,2,2,2,2,4),(
    0.990350344824,1.080568808347,1.175209092753,1.269849377159,
    1.356278675304,1.442707973448,1.616744973941,1.790781974434,
    1.790801908198),.UNSPECIFIED.);
#1857 = CARTESIAN_POINT('',(73.397279122901,4.));
#1858 = CARTESIAN_POINT('',(73.465624885998,3.679553687755));
#1859 = CARTESIAN_POINT('',(73.568425231671,3.367099734014));
#1860 = CARTESIAN_POINT('',(73.813409701396,2.801697305557));
#1861 = CARTESIAN_POINT('',(73.980550462686,2.498984629393));
#1862 = CARTESIAN_POINT('',(74.37769428405,1.937948255308));
#1863 = CARTESIAN_POINT('',(74.607671552351,1.67960630047));
#1864 = CARTESIAN_POINT('',(75.049105842229,1.26799142087));
#1865 = CARTESIAN_POINT('',(75.297683369654,1.072860382179));
#1866 = CARTESIAN_POINT('',(75.828121188358,0.734404710602));
#1867 = CARTESIAN_POINT('',(76.10993781118,0.591011644076));
#1868 = CARTESIAN_POINT('',(76.912010955333,0.258616745824));
#1869 = CARTESIAN_POINT('',(77.525560096314,0.114631353163));
#1870 = CARTESIAN_POINT('',(78.779999218158,-9.667811060002E-03));
#1871 = CARTESIAN_POINT('',(79.419876292494,0.));
#1872 = CARTESIAN_POINT('',(80.000066073349,0.));
#1873 = CARTESIAN_POINT('',(80.000132520012,0.));
#1874 = CARTESIAN_POINT('',(80.000198967458,0.));
#1875 = ( GEOMETRIC_REPRESENTATION_CONTEXT(2) 
PARAMETRIC_REPRESENTATION_CONTEXT() REPRESENTATION_CONTEXT('2D SPACE',''
  ) );
#1876 = PCURVE('',#1734,#1877);
#1877 = DEFINITIONAL_REPRESENTATION('',(#1878),#1926);
#1878 = B_SPLINE_CURVE_WITH_KNOTS('',3,(#1879,#1880,#1881,#1882,#1883,
    #1884,#1885,#1886,#1887,#1888,#1889,#1890,#1891,#1892,#1893,#1894,
    #1895,#1896,#1897,#1898,#1899,#1900,#1901,#1902,#1903,#1904,#1905,
    #1906,#1907,#1908,#1909,#1910,#1911,#1912,#1913,#1914,#1915,#1916,
    #1917,#1918,#1919,#1920,#1921,#1922,#1923,#1924,#1925),
  .UNSPECIFIED.,.F.,.F.,(4,1,1,1,1,1,1,1,1,1,1,1,1,1,1,1,1,1,1,1,1,1,1,1
    ,1,1,1,1,1,1,1,1,1,1,1,1,1,1,1,1,1,1,1,1,4),(0.990350344824,
    1.00854242581,1.026734506795,1.044926587781,1.063118668767,
    1.081310749753,1.099502830738,1.117694911724,1.13588699271,
    1.154079073696,1.172271154682,1.190463235667,1.208655316653,
    1.226847397639,1.245039478625,1.26323155961,1.281423640596,
    1.299615721582,1.317807802568,1.335999883554,1.354191964539,
    1.372384045525,1.390576126511,1.408768207497,1.426960288482,
    1.445152369468,1.463344450454,1.48153653144,1.499728612426,
    1.517920693411,1.536112774397,1.554304855383,1.572496936369,
    1.590689017354,1.60888109834,1.627073179326,1.645265260312,
    1.663457341298,1.681649422283,1.699841503269,1.718033584255,
    1.736225665241,1.754417746226,1.772609827212,1.790801908198),
  .UNSPECIFIED.);
#1879 = CARTESIAN_POINT('',(0.203244829326,1.260758401788));
#1880 = CARTESIAN_POINT('',(0.216383643826,1.260174835797));
#1881 = CARTESIAN_POINT('',(0.242593242677,1.258882885616));
#1882 = CARTESIAN_POINT('',(0.281493348474,1.256593242936));
#1883 = CARTESIAN_POINT('',(0.319725214592,1.25397905796));
#1884 = CARTESIAN_POINT('',(0.357188001944,1.251051973076));
#1885 = CARTESIAN_POINT('',(0.393160680132,1.247882059315));
#1886 = CARTESIAN_POINT('',(0.429226417723,1.244324329464));
#1887 = CARTESIAN_POINT('',(0.466539753801,1.240239908484));
#1888 = CARTESIAN_POINT('',(0.504501364678,1.235651448478));
#1889 = CARTESIAN_POINT('',(0.542985965982,1.230533985882));
#1890 = CARTESIAN_POINT('',(0.581747896409,1.224872399078));
#1891 = CARTESIAN_POINT('',(0.620584247331,1.218640460142));
#1892 = CARTESIAN_POINT('',(0.659293427883,1.211855142537));
#1893 = CARTESIAN_POINT('',(0.697656917638,1.204544693018));
#1894 = CARTESIAN_POINT('',(0.735444494084,1.196741162237));
#1895 = CARTESIAN_POINT('',(0.772396950399,1.188485563354));
#1896 = CARTESIAN_POINT('',(0.808306584518,1.179825730287));
#1897 = CARTESIAN_POINT('',(0.845354675117,1.17003059669));
#1898 = CARTESIAN_POINT('',(0.882784317317,1.159185506963));
#1899 = CARTESIAN_POINT('',(0.920405049361,1.147219213063));
#1900 = CARTESIAN_POINT('',(0.957889981146,1.13410038669));
#1901 = CARTESIAN_POINT('',(0.994965378117,1.119784377727));
#1902 = CARTESIAN_POINT('',(1.031379928056,1.104281611435));
#1903 = CARTESIAN_POINT('',(1.066838958479,1.087650595387));
#1904 = CARTESIAN_POINT('',(1.101177983396,1.069895835822));
#1905 = CARTESIAN_POINT('',(1.133727175058,1.051368607226));
#1906 = CARTESIAN_POINT('',(1.165805343989,1.031263252094));
#1907 = CARTESIAN_POINT('',(1.197991919644,1.008971915119));
#1908 = CARTESIAN_POINT('',(1.23002133946,0.984365468325));
#1909 = CARTESIAN_POINT('',(1.26183290246,0.957145680919));
#1910 = CARTESIAN_POINT('',(1.293287347649,0.92701463769));
#1911 = CARTESIAN_POINT('',(1.324240389891,0.893625759625));
#1912 = CARTESIAN_POINT('',(1.354520372536,0.856594889772));
#1913 = CARTESIAN_POINT('',(1.383931430295,0.815497552111));
#1914 = CARTESIAN_POINT('',(1.412250139893,0.769876105096));
#1915 = CARTESIAN_POINT('',(1.439223820113,0.719245431044));
#1916 = CARTESIAN_POINT('',(1.464582034288,0.663152304002));
#1917 = CARTESIAN_POINT('',(1.488006792899,0.601167151099));
#1918 = CARTESIAN_POINT('',(1.509157434381,0.532946287517));
#1919 = CARTESIAN_POINT('',(1.527683716423,0.458292407716));
#1920 = CARTESIAN_POINT('',(1.543249647242,0.377227492726));
#1921 = CARTESIAN_POINT('',(1.555561388323,0.290060798954));
#1922 = CARTESIAN_POINT('',(1.56440478302,0.197447104869));
#1923 = CARTESIAN_POINT('',(1.569659272254,0.100367878155));
#1924 = CARTESIAN_POINT('',(1.570808741423,3.358588139137E-02));
#1925 = CARTESIAN_POINT('',(1.570796332755,-1.107032445771E-04));
#1926 = ( GEOMETRIC_REPRESENTATION_CONTEXT(2) 
PARAMETRIC_REPRESENTATION_CONTEXT() REPRESENTATION_CONTEXT('2D SPACE',''
  ) );
#1927 = ORIENTED_EDGE('',*,*,#1928,.F.);
#1928 = EDGE_CURVE('',#1929,#1832,#1931,.T.);
#1929 = VERTEX_POINT('',#1930);
#1930 = CARTESIAN_POINT('',(78.585786153136,23.,2.585786679971));
#1931 = SURFACE_CURVE('',#1932,(#1936,#1943),.PCURVE_S1.);
#1932 = LINE('',#1933,#1934);
#1933 = CARTESIAN_POINT('',(78.585786153136,23.,2.585786679971));
#1934 = VECTOR('',#1935,1.);
#1935 = DIRECTION('',(-0.707106781187,0.,0.707106781187));
#1936 = PCURVE('',#1623,#1937);
#1937 = DEFINITIONAL_REPRESENTATION('',(#1938),#1942);
#1938 = LINE('',#1939,#1940);
#1939 = CARTESIAN_POINT('',(3.140184917368E-16,4.));
#1940 = VECTOR('',#1941,1.);
#1941 = DIRECTION('',(1.,-1.75304687834E-33));
#1942 = ( GEOMETRIC_REPRESENTATION_CONTEXT(2) 
PARAMETRIC_REPRESENTATION_CONTEXT() REPRESENTATION_CONTEXT('2D SPACE',''
  ) );
#1943 = PCURVE('',#1944,#1949);
#1944 = PLANE('',#1945);
#1945 = AXIS2_PLACEMENT_3D('',#1946,#1947,#1948);
#1946 = CARTESIAN_POINT('',(51.715658111891,23.,32.284341824889));
#1947 = DIRECTION('',(-7.041364024483E-17,-1.,-7.041364024483E-17));
#1948 = DIRECTION('',(-0.707106781187,0.,0.707106781187));
#1949 = DEFINITIONAL_REPRESENTATION('',(#1950),#1954);
#1950 = LINE('',#1951,#1952);
#1951 = CARTESIAN_POINT('',(-40.00009948372,1.999999985099));
#1952 = VECTOR('',#1953,1.);
#1953 = DIRECTION('',(1.,1.014653635757E-17));
#1954 = ( GEOMETRIC_REPRESENTATION_CONTEXT(2) 
PARAMETRIC_REPRESENTATION_CONTEXT() REPRESENTATION_CONTEXT('2D SPACE',''
  ) );
#1955 = ORIENTED_EDGE('',*,*,#1956,.F.);
#1956 = EDGE_CURVE('',#1957,#1929,#1959,.T.);
#1957 = VERTEX_POINT('',#1958);
#1958 = CARTESIAN_POINT('',(78.585786153136,11.,2.585786679971));
#1959 = SURFACE_CURVE('',#1960,(#1964,#1971),.PCURVE_S1.);
#1960 = LINE('',#1961,#1962);
#1961 = CARTESIAN_POINT('',(78.585786153136,19.,2.585786679971));
#1962 = VECTOR('',#1963,1.);
#1963 = DIRECTION('',(6.060056237805E-17,1.,6.060056237805E-17));
#1964 = PCURVE('',#1623,#1965);
#1965 = DEFINITIONAL_REPRESENTATION('',(#1966),#1970);
#1966 = LINE('',#1967,#1968);
#1967 = CARTESIAN_POINT('',(0.,0.));
#1968 = VECTOR('',#1969,1.);
#1969 = DIRECTION('',(4.409928943699E-33,1.));
#1970 = ( GEOMETRIC_REPRESENTATION_CONTEXT(2) 
PARAMETRIC_REPRESENTATION_CONTEXT() REPRESENTATION_CONTEXT('2D SPACE',''
  ) );
#1971 = PCURVE('',#1972,#1977);
#1972 = PLANE('',#1973);
#1973 = AXIS2_PLACEMENT_3D('',#1974,#1975,#1976);
#1974 = CARTESIAN_POINT('',(81.414213277882,19.,5.414213804718));
#1975 = DIRECTION('',(0.707106781187,0.,-0.707106781187));
#1976 = DIRECTION('',(-0.707106781187,9.95799250103E-17,-0.707106781187)
  );
#1977 = DEFINITIONAL_REPRESENTATION('',(#1978),#1982);
#1978 = LINE('',#1979,#1980);
#1979 = CARTESIAN_POINT('',(4.,-3.983197000412E-16));
#1980 = VECTOR('',#1981,1.);
#1981 = DIRECTION('',(1.387778780782E-17,1.));
#1982 = ( GEOMETRIC_REPRESENTATION_CONTEXT(2) 
PARAMETRIC_REPRESENTATION_CONTEXT() REPRESENTATION_CONTEXT('2D SPACE',''
  ) );
#1983 = ORIENTED_EDGE('',*,*,#1984,.F.);
#1984 = EDGE_CURVE('',#1607,#1957,#1985,.T.);
#1985 = SURFACE_CURVE('',#1986,(#1990,#1997),.PCURVE_S1.);
#1986 = LINE('',#1987,#1988);
#1987 = CARTESIAN_POINT('',(78.585786153136,11.,2.585786679971));
#1988 = VECTOR('',#1989,1.);
#1989 = DIRECTION('',(0.707106781187,0.,-0.707106781187));
#1990 = PCURVE('',#1623,#1991);
#1991 = DEFINITIONAL_REPRESENTATION('',(#1992),#1996);
#1992 = LINE('',#1993,#1994);
#1993 = CARTESIAN_POINT('',(-3.140184917368E-16,-8.));
#1994 = VECTOR('',#1995,1.);
#1995 = DIRECTION('',(-1.,1.75304687834E-33));
#1996 = ( GEOMETRIC_REPRESENTATION_CONTEXT(2) 
PARAMETRIC_REPRESENTATION_CONTEXT() REPRESENTATION_CONTEXT('2D SPACE',''
  ) );
#1997 = PCURVE('',#1653,#1998);
#1998 = DEFINITIONAL_REPRESENTATION('',(#1999),#2003);
#1999 = LINE('',#2000,#2001);
#2000 = CARTESIAN_POINT('',(1.999999970197,79.999999627471));
#2001 = VECTOR('',#2002,1.);
#2002 = DIRECTION('',(-1.014653635757E-17,1.));
#2003 = ( GEOMETRIC_REPRESENTATION_CONTEXT(2) 
PARAMETRIC_REPRESENTATION_CONTEXT() REPRESENTATION_CONTEXT('2D SPACE',''
  ) );
#2004 = ADVANCED_FACE('',(#2005),#1594,.F.);
#2005 = FACE_BOUND('',#2006,.T.);
#2006 = EDGE_LOOP('',(#2007,#2008,#2031,#2079));
#2007 = ORIENTED_EDGE('',*,*,#1578,.F.);
#2008 = ORIENTED_EDGE('',*,*,#2009,.T.);
#2009 = EDGE_CURVE('',#1541,#2010,#2012,.T.);
#2010 = VERTEX_POINT('',#2011);
#2011 = CARTESIAN_POINT('',(20.176842616081,23.,66.651584466518));
#2012 = SURFACE_CURVE('',#2013,(#2017,#2024),.PCURVE_S1.);
#2013 = LINE('',#2014,#2015);
#2014 = CARTESIAN_POINT('',(7.168001253301,23.,79.660425829299));
#2015 = VECTOR('',#2016,1.);
#2016 = DIRECTION('',(0.707106781187,0.,-0.707106781187));
#2017 = PCURVE('',#1594,#2018);
#2018 = DEFINITIONAL_REPRESENTATION('',(#2019),#2023);
#2019 = LINE('',#2020,#2021);
#2020 = CARTESIAN_POINT('',(12.50000018626,-2.000000009934));
#2021 = VECTOR('',#2022,1.);
#2022 = DIRECTION('',(-1.,-1.014653635757E-17));
#2023 = ( GEOMETRIC_REPRESENTATION_CONTEXT(2) 
PARAMETRIC_REPRESENTATION_CONTEXT() REPRESENTATION_CONTEXT('2D SPACE',''
  ) );
#2024 = PCURVE('',#1562,#2025);
#2025 = DEFINITIONAL_REPRESENTATION('',(#2026),#2030);
#2026 = LINE('',#2027,#2028);
#2027 = CARTESIAN_POINT('',(-25.00000037252,4.));
#2028 = VECTOR('',#2029,1.);
#2029 = DIRECTION('',(1.,1.75304687834E-33));
#2030 = ( GEOMETRIC_REPRESENTATION_CONTEXT(2) 
PARAMETRIC_REPRESENTATION_CONTEXT() REPRESENTATION_CONTEXT('2D SPACE',''
  ) );
#2031 = ORIENTED_EDGE('',*,*,#2032,.F.);
#2032 = EDGE_CURVE('',#1670,#2010,#2033,.T.);
#2033 = SURFACE_CURVE('',#2034,(#2039,#2050),.PCURVE_S1.);
#2034 = CIRCLE('',#2035,6.898979485566);
#2035 = AXIS2_PLACEMENT_3D('',#2036,#2037,#2038);
#2036 = CARTESIAN_POINT('',(23.431457462929,23.,60.568542452777));
#2037 = DIRECTION('',(7.041364024483E-17,1.,7.041364024483E-17));
#2038 = DIRECTION('',(-0.707106781187,9.95799250103E-17,-0.707106781187)
  );
#2039 = PCURVE('',#1594,#2040);
#2040 = DEFINITIONAL_REPRESENTATION('',(#2041),#2049);
#2041 = ( BOUNDED_CURVE() B_SPLINE_CURVE(2,(#2042,#2043,#2044,#2045,
#2046,#2047,#2048),.UNSPECIFIED.,.T.,.F.) B_SPLINE_CURVE_WITH_KNOTS((1,2
    ,2,2,2,1),(-2.094395102393,0.,2.094395102393,4.188790204786,
6.28318530718,8.377580409573),.UNSPECIFIED.) CURVE() 
GEOMETRIC_REPRESENTATION_ITEM() RATIONAL_B_SPLINE_CURVE((1.,0.5,1.,0.5,
1.,0.5,1.)) REPRESENTATION_ITEM('') );
#2042 = CARTESIAN_POINT('',(-12.50000018626,6.898979505435));
#2043 = CARTESIAN_POINT('',(-0.550617196884,6.898979505435));
#2044 = CARTESIAN_POINT('',(-6.525308691572,-3.449489722914));
#2045 = CARTESIAN_POINT('',(-12.50000018626,-13.79795895126));
#2046 = CARTESIAN_POINT('',(-18.47469168094,-3.449489722914));
#2047 = CARTESIAN_POINT('',(-24.44938317563,6.898979505435));
#2048 = CARTESIAN_POINT('',(-12.50000018626,6.898979505435));
#2049 = ( GEOMETRIC_REPRESENTATION_CONTEXT(2) 
PARAMETRIC_REPRESENTATION_CONTEXT() REPRESENTATION_CONTEXT('2D SPACE',''
  ) );
#2050 = PCURVE('',#1734,#2051);
#2051 = DEFINITIONAL_REPRESENTATION('',(#2052),#2078);
#2052 = B_SPLINE_CURVE_WITH_KNOTS('',3,(#2053,#2054,#2055,#2056,#2057,
    #2058,#2059,#2060,#2061,#2062,#2063,#2064,#2065,#2066,#2067,#2068,
    #2069,#2070,#2071,#2072,#2073,#2074,#2075,#2076,#2077),
  .UNSPECIFIED.,.F.,.F.,(4,1,1,1,1,1,1,1,1,1,1,1,1,1,1,1,1,1,1,1,1,1,4),
  (1.276676125695,1.303414326205,1.330152526716,1.356890727226,
    1.383628927736,1.410367128247,1.437105328757,1.463843529267,
    1.490581729778,1.517319930288,1.544058130798,1.570796331309,
    1.597534531819,1.624272732329,1.65101093284,1.67774913335,
    1.70448733386,1.73122553437,1.757963734881,1.784701935391,
    1.811440135901,1.838178336412,1.864916536922),.UNSPECIFIED.);
#2053 = CARTESIAN_POINT('',(0.203244829326,-1.260758401788));
#2054 = CARTESIAN_POINT('',(0.203244829326,-1.269739310054));
#2055 = CARTESIAN_POINT('',(0.203244829326,-1.287761231398));
#2056 = CARTESIAN_POINT('',(0.203244829326,-1.314986355879));
#2057 = CARTESIAN_POINT('',(0.203244829326,-1.342415528844));
#2058 = CARTESIAN_POINT('',(0.203244829326,-1.370060983328));
#2059 = CARTESIAN_POINT('',(0.203244829326,-1.397935323307));
#2060 = CARTESIAN_POINT('',(0.203244829326,-1.426051339294));
#2061 = CARTESIAN_POINT('',(0.203244829326,-1.454422949795));
#2062 = CARTESIAN_POINT('',(0.203244829326,-1.483061775793));
#2063 = CARTESIAN_POINT('',(0.203244829326,-1.511990066105));
#2064 = CARTESIAN_POINT('',(0.203244829326,-1.54119259576));
#2065 = CARTESIAN_POINT('',(0.203244829326,-1.57079633184));
#2066 = CARTESIAN_POINT('',(0.203244829326,-1.60040006773));
#2067 = CARTESIAN_POINT('',(0.203244829326,-1.629602597303));
#2068 = CARTESIAN_POINT('',(0.203244829326,-1.658530887512));
#2069 = CARTESIAN_POINT('',(0.203244829326,-1.687169713418));
#2070 = CARTESIAN_POINT('',(0.203244829326,-1.715541323831));
#2071 = CARTESIAN_POINT('',(0.203244829326,-1.743657339733));
#2072 = CARTESIAN_POINT('',(0.203244829326,-1.771531679633));
#2073 = CARTESIAN_POINT('',(0.203244829326,-1.799177134043));
#2074 = CARTESIAN_POINT('',(0.203244829326,-1.826606306936));
#2075 = CARTESIAN_POINT('',(0.203244829326,-1.85383143135));
#2076 = CARTESIAN_POINT('',(0.203244829326,-1.871853352653));
#2077 = CARTESIAN_POINT('',(0.203244829326,-1.880834260898));
#2078 = ( GEOMETRIC_REPRESENTATION_CONTEXT(2) 
PARAMETRIC_REPRESENTATION_CONTEXT() REPRESENTATION_CONTEXT('2D SPACE',''
  ) );
#2079 = ORIENTED_EDGE('',*,*,#1669,.T.);
#2080 = ADVANCED_FACE('',(#2081),#2095,.F.);
#2081 = FACE_BOUND('',#2082,.F.);
#2082 = EDGE_LOOP('',(#2083,#2113,#2140,#2141));
#2083 = ORIENTED_EDGE('',*,*,#2084,.T.);
#2084 = EDGE_CURVE('',#2085,#2087,#2089,.T.);
#2085 = VERTEX_POINT('',#2086);
#2086 = CARTESIAN_POINT('',(26.966991368862,34.,64.104076358709));
#2087 = VERTEX_POINT('',#2088);
#2088 = CARTESIAN_POINT('',(26.966991368862,25.,64.104076358709));
#2089 = SEAM_CURVE('',#2090,(#2094,#2106),.PCURVE_S1.);
#2090 = LINE('',#2091,#2092);
#2091 = CARTESIAN_POINT('',(26.966991368862,29.5,64.104076358709));
#2092 = VECTOR('',#2093,1.);
#2093 = DIRECTION('',(-7.041364024483E-17,-1.,-7.041364024483E-17));
#2094 = PCURVE('',#2095,#2100);
#2095 = CYLINDRICAL_SURFACE('',#2096,5.);
#2096 = AXIS2_PLACEMENT_3D('',#2097,#2098,#2099);
#2097 = CARTESIAN_POINT('',(23.431457462929,29.5,60.568542452777));
#2098 = DIRECTION('',(-7.041364024483E-17,-1.,-7.041364024483E-17));
#2099 = DIRECTION('',(-0.707106781187,9.95799250103E-17,-0.707106781187)
  );
#2100 = DEFINITIONAL_REPRESENTATION('',(#2101),#2105);
#2101 = LINE('',#2102,#2103);
#2102 = CARTESIAN_POINT('',(9.42477796077,0.));
#2103 = VECTOR('',#2104,1.);
#2104 = DIRECTION('',(0.,1.));
#2105 = ( GEOMETRIC_REPRESENTATION_CONTEXT(2) 
PARAMETRIC_REPRESENTATION_CONTEXT() REPRESENTATION_CONTEXT('2D SPACE',''
  ) );
#2106 = PCURVE('',#2095,#2107);
#2107 = DEFINITIONAL_REPRESENTATION('',(#2108),#2112);
#2108 = LINE('',#2109,#2110);
#2109 = CARTESIAN_POINT('',(3.141592653589,0.));
#2110 = VECTOR('',#2111,1.);
#2111 = DIRECTION('',(0.,1.));
#2112 = ( GEOMETRIC_REPRESENTATION_CONTEXT(2) 
PARAMETRIC_REPRESENTATION_CONTEXT() REPRESENTATION_CONTEXT('2D SPACE',''
  ) );
#2113 = ORIENTED_EDGE('',*,*,#2114,.F.);
#2114 = EDGE_CURVE('',#2087,#2087,#2115,.T.);
#2115 = SURFACE_CURVE('',#2116,(#2121,#2128),.PCURVE_S1.);
#2116 = CIRCLE('',#2117,5.);
#2117 = AXIS2_PLACEMENT_3D('',#2118,#2119,#2120);
#2118 = CARTESIAN_POINT('',(23.431457462929,25.,60.568542452777));
#2119 = DIRECTION('',(-7.041364024483E-17,-1.,-7.041364024483E-17));
#2120 = DIRECTION('',(-0.707106781187,9.95799250103E-17,-0.707106781187)
  );
#2121 = PCURVE('',#2095,#2122);
#2122 = DEFINITIONAL_REPRESENTATION('',(#2123),#2127);
#2123 = LINE('',#2124,#2125);
#2124 = CARTESIAN_POINT('',(0.,4.5));
#2125 = VECTOR('',#2126,1.);
#2126 = DIRECTION('',(1.,0.));
#2127 = ( GEOMETRIC_REPRESENTATION_CONTEXT(2) 
PARAMETRIC_REPRESENTATION_CONTEXT() REPRESENTATION_CONTEXT('2D SPACE',''
  ) );
#2128 = PCURVE('',#2129,#2134);
#2129 = PLANE('',#2130);
#2130 = AXIS2_PLACEMENT_3D('',#2131,#2132,#2133);
#2131 = CARTESIAN_POINT('',(23.431457462929,25.,60.568542452777));
#2132 = DIRECTION('',(-7.041364024483E-17,-1.,-7.041364024483E-17));
#2133 = DIRECTION('',(-0.707106781187,9.95799250103E-17,-0.707106781187)
  );
#2134 = DEFINITIONAL_REPRESENTATION('',(#2135),#2139);
#2135 = CIRCLE('',#2136,5.);
#2136 = AXIS2_PLACEMENT_2D('',#2137,#2138);
#2137 = CARTESIAN_POINT('',(0.,0.));
#2138 = DIRECTION('',(1.,-1.014653635757E-17));
#2139 = ( GEOMETRIC_REPRESENTATION_CONTEXT(2) 
PARAMETRIC_REPRESENTATION_CONTEXT() REPRESENTATION_CONTEXT('2D SPACE',''
  ) );
#2140 = ORIENTED_EDGE('',*,*,#2084,.F.);
#2141 = ORIENTED_EDGE('',*,*,#2142,.T.);
#2142 = EDGE_CURVE('',#2085,#2085,#2143,.T.);
#2143 = SURFACE_CURVE('',#2144,(#2149,#2156),.PCURVE_S1.);
#2144 = CIRCLE('',#2145,5.);
#2145 = AXIS2_PLACEMENT_3D('',#2146,#2147,#2148);
#2146 = CARTESIAN_POINT('',(23.431457462929,34.,60.568542452777));
#2147 = DIRECTION('',(-7.041364024483E-17,-1.,-7.041364024483E-17));
#2148 = DIRECTION('',(-0.707106781187,9.95799250103E-17,-0.707106781187)
  );
#2149 = PCURVE('',#2095,#2150);
#2150 = DEFINITIONAL_REPRESENTATION('',(#2151),#2155);
#2151 = LINE('',#2152,#2153);
#2152 = CARTESIAN_POINT('',(0.,-4.5));
#2153 = VECTOR('',#2154,1.);
#2154 = DIRECTION('',(1.,0.));
#2155 = ( GEOMETRIC_REPRESENTATION_CONTEXT(2) 
PARAMETRIC_REPRESENTATION_CONTEXT() REPRESENTATION_CONTEXT('2D SPACE',''
  ) );
#2156 = PCURVE('',#2157,#2162);
#2157 = PLANE('',#2158);
#2158 = AXIS2_PLACEMENT_3D('',#2159,#2160,#2161);
#2159 = CARTESIAN_POINT('',(23.431457462929,34.,60.568542452777));
#2160 = DIRECTION('',(7.041364024483E-17,1.,7.041364024483E-17));
#2161 = DIRECTION('',(-0.707106781187,0.,0.707106781187));
#2162 = DEFINITIONAL_REPRESENTATION('',(#2163),#2171);
#2163 = ( BOUNDED_CURVE() B_SPLINE_CURVE(2,(#2164,#2165,#2166,#2167,
#2168,#2169,#2170),.UNSPECIFIED.,.T.,.F.) B_SPLINE_CURVE_WITH_KNOTS((1,2
    ,2,2,2,1),(-2.094395102393,0.,2.094395102393,4.188790204786,
6.28318530718,8.377580409573),.UNSPECIFIED.) CURVE() 
GEOMETRIC_REPRESENTATION_ITEM() RATIONAL_B_SPLINE_CURVE((1.,0.5,1.,0.5,
1.,0.5,1.)) REPRESENTATION_ITEM('') );
#2164 = CARTESIAN_POINT('',(5.073268178785E-17,-5.));
#2165 = CARTESIAN_POINT('',(-8.660254037844,-5.));
#2166 = CARTESIAN_POINT('',(-4.330127018922,2.5));
#2167 = CARTESIAN_POINT('',(-1.326112162723E-15,10.));
#2168 = CARTESIAN_POINT('',(4.330127018922,2.5));
#2169 = CARTESIAN_POINT('',(8.660254037844,-5.));
#2170 = CARTESIAN_POINT('',(5.073268178785E-17,-5.));
#2171 = ( GEOMETRIC_REPRESENTATION_CONTEXT(2) 
PARAMETRIC_REPRESENTATION_CONTEXT() REPRESENTATION_CONTEXT('2D SPACE',''
  ) );
#2172 = ADVANCED_FACE('',(#2173),#2129,.F.);
#2173 = FACE_BOUND('',#2174,.T.);
#2174 = EDGE_LOOP('',(#2175));
#2175 = ORIENTED_EDGE('',*,*,#2114,.F.);
#2176 = ADVANCED_FACE('',(#2177),#1653,.T.);
#2177 = FACE_BOUND('',#2178,.T.);
#2178 = EDGE_LOOP('',(#2179,#2202,#2203,#2204));
#2179 = ORIENTED_EDGE('',*,*,#2180,.T.);
#2180 = EDGE_CURVE('',#2181,#1539,#2183,.T.);
#2181 = VERTEX_POINT('',#2182);
#2182 = CARTESIAN_POINT('',(81.414213277882,11.,5.414213804718));
#2183 = SURFACE_CURVE('',#2184,(#2188,#2195),.PCURVE_S1.);
#2184 = LINE('',#2185,#2186);
#2185 = CARTESIAN_POINT('',(7.168001253301,11.,79.660425829299));
#2186 = VECTOR('',#2187,1.);
#2187 = DIRECTION('',(-0.707106781187,0.,0.707106781187));
#2188 = PCURVE('',#1653,#2189);
#2189 = DEFINITIONAL_REPRESENTATION('',(#2190),#2194);
#2190 = LINE('',#2191,#2192);
#2191 = CARTESIAN_POINT('',(-2.000000029803,-25.00000037252));
#2192 = VECTOR('',#2193,1.);
#2193 = DIRECTION('',(1.014653635757E-17,-1.));
#2194 = ( GEOMETRIC_REPRESENTATION_CONTEXT(2) 
PARAMETRIC_REPRESENTATION_CONTEXT() REPRESENTATION_CONTEXT('2D SPACE',''
  ) );
#2195 = PCURVE('',#1562,#2196);
#2196 = DEFINITIONAL_REPRESENTATION('',(#2197),#2201);
#2197 = LINE('',#2198,#2199);
#2198 = CARTESIAN_POINT('',(-25.00000037252,-8.));
#2199 = VECTOR('',#2200,1.);
#2200 = DIRECTION('',(-1.,-1.75304687834E-33));
#2201 = ( GEOMETRIC_REPRESENTATION_CONTEXT(2) 
PARAMETRIC_REPRESENTATION_CONTEXT() REPRESENTATION_CONTEXT('2D SPACE',''
  ) );
#2202 = ORIENTED_EDGE('',*,*,#1639,.T.);
#2203 = ORIENTED_EDGE('',*,*,#1984,.T.);
#2204 = ORIENTED_EDGE('',*,*,#2205,.T.);
#2205 = EDGE_CURVE('',#1957,#2181,#2206,.T.);
#2206 = SURFACE_CURVE('',#2207,(#2211,#2218),.PCURVE_S1.);
#2207 = LINE('',#2208,#2209);
#2208 = CARTESIAN_POINT('',(81.414213277882,11.,5.414213804718));
#2209 = VECTOR('',#2210,1.);
#2210 = DIRECTION('',(0.707106781187,-9.95799250103E-17,0.707106781187)
  );
#2211 = PCURVE('',#1653,#2212);
#2212 = DEFINITIONAL_REPRESENTATION('',(#2213),#2217);
#2213 = LINE('',#2214,#2215);
#2214 = CARTESIAN_POINT('',(-2.000000029803,79.999999627471));
#2215 = VECTOR('',#2216,1.);
#2216 = DIRECTION('',(-1.,1.014653635757E-17));
#2217 = ( GEOMETRIC_REPRESENTATION_CONTEXT(2) 
PARAMETRIC_REPRESENTATION_CONTEXT() REPRESENTATION_CONTEXT('2D SPACE',''
  ) );
#2218 = PCURVE('',#1972,#2219);
#2219 = DEFINITIONAL_REPRESENTATION('',(#2220),#2224);
#2220 = LINE('',#2221,#2222);
#2221 = CARTESIAN_POINT('',(-7.966394000824E-16,-8.));
#2222 = VECTOR('',#2223,1.);
#2223 = DIRECTION('',(-1.,1.302891354702E-33));
#2224 = ( GEOMETRIC_REPRESENTATION_CONTEXT(2) 
PARAMETRIC_REPRESENTATION_CONTEXT() REPRESENTATION_CONTEXT('2D SPACE',''
  ) );
#2225 = ADVANCED_FACE('',(#2226),#1562,.T.);
#2226 = FACE_BOUND('',#2227,.T.);
#2227 = EDGE_LOOP('',(#2228,#2229,#2230,#2253,#2276,#2369,#2460));
#2228 = ORIENTED_EDGE('',*,*,#1538,.F.);
#2229 = ORIENTED_EDGE('',*,*,#2180,.F.);
#2230 = ORIENTED_EDGE('',*,*,#2231,.F.);
#2231 = EDGE_CURVE('',#2232,#2181,#2234,.T.);
#2232 = VERTEX_POINT('',#2233);
#2233 = CARTESIAN_POINT('',(81.414213277882,23.,5.414213804718));
#2234 = SURFACE_CURVE('',#2235,(#2239,#2246),.PCURVE_S1.);
#2235 = LINE('',#2236,#2237);
#2236 = CARTESIAN_POINT('',(81.414213277882,19.,5.414213804718));
#2237 = VECTOR('',#2238,1.);
#2238 = DIRECTION('',(-6.060056237805E-17,-1.,-6.060056237805E-17));
#2239 = PCURVE('',#1562,#2240);
#2240 = DEFINITIONAL_REPRESENTATION('',(#2241),#2245);
#2241 = LINE('',#2242,#2243);
#2242 = CARTESIAN_POINT('',(79.999999627471,-1.24095031166E-31));
#2243 = VECTOR('',#2244,1.);
#2244 = DIRECTION('',(4.409928943699E-33,-1.));
#2245 = ( GEOMETRIC_REPRESENTATION_CONTEXT(2) 
PARAMETRIC_REPRESENTATION_CONTEXT() REPRESENTATION_CONTEXT('2D SPACE',''
  ) );
#2246 = PCURVE('',#1972,#2247);
#2247 = DEFINITIONAL_REPRESENTATION('',(#2248),#2252);
#2248 = LINE('',#2249,#2250);
#2249 = CARTESIAN_POINT('',(0.,0.));
#2250 = VECTOR('',#2251,1.);
#2251 = DIRECTION('',(-1.387778780782E-17,-1.));
#2252 = ( GEOMETRIC_REPRESENTATION_CONTEXT(2) 
PARAMETRIC_REPRESENTATION_CONTEXT() REPRESENTATION_CONTEXT('2D SPACE',''
  ) );
#2253 = ORIENTED_EDGE('',*,*,#2254,.F.);
#2254 = EDGE_CURVE('',#2255,#2232,#2257,.T.);
#2255 = VERTEX_POINT('',#2256);
#2256 = CARTESIAN_POINT('',(29.514499476671,23.,57.313927605929));
#2257 = SURFACE_CURVE('',#2258,(#2262,#2269),.PCURVE_S1.);
#2258 = LINE('',#2259,#2260);
#2259 = CARTESIAN_POINT('',(7.168001253301,23.,79.660425829299));
#2260 = VECTOR('',#2261,1.);
#2261 = DIRECTION('',(0.707106781187,0.,-0.707106781187));
#2262 = PCURVE('',#1562,#2263);
#2263 = DEFINITIONAL_REPRESENTATION('',(#2264),#2268);
#2264 = LINE('',#2265,#2266);
#2265 = CARTESIAN_POINT('',(-25.00000037252,4.));
#2266 = VECTOR('',#2267,1.);
#2267 = DIRECTION('',(1.,1.75304687834E-33));
#2268 = ( GEOMETRIC_REPRESENTATION_CONTEXT(2) 
PARAMETRIC_REPRESENTATION_CONTEXT() REPRESENTATION_CONTEXT('2D SPACE',''
  ) );
#2269 = PCURVE('',#1944,#2270);
#2270 = DEFINITIONAL_REPRESENTATION('',(#2271),#2275);
#2271 = LINE('',#2272,#2273);
#2272 = CARTESIAN_POINT('',(64.999900516262,-2.000000014901));
#2273 = VECTOR('',#2274,1.);
#2274 = DIRECTION('',(-1.,-1.014653635757E-17));
#2275 = ( GEOMETRIC_REPRESENTATION_CONTEXT(2) 
PARAMETRIC_REPRESENTATION_CONTEXT() REPRESENTATION_CONTEXT('2D SPACE',''
  ) );
#2276 = ORIENTED_EDGE('',*,*,#2277,.F.);
#2277 = EDGE_CURVE('',#2278,#2255,#2280,.T.);
#2278 = VERTEX_POINT('',#2279);
#2279 = CARTESIAN_POINT('',(24.845671046376,19.,61.982756036224));
#2280 = SURFACE_CURVE('',#2281,(#2298,#2318),.PCURVE_S1.);
#2281 = B_SPLINE_CURVE_WITH_KNOTS('',3,(#2282,#2283,#2284,#2285,#2286,
    #2287,#2288,#2289,#2290,#2291,#2292,#2293,#2294,#2295,#2296,#2297),
  .UNSPECIFIED.,.F.,.F.,(4,2,2,2,2,2,2,4),(1.791302591763,1.973466414892
    ,2.155630238021,2.248176718593,2.340723199166,2.42806929439,
    2.515415389615,2.592260364922),.UNSPECIFIED.);
#2282 = CARTESIAN_POINT('',(24.845671046376,19.,61.982756036224));
#2283 = CARTESIAN_POINT('',(25.275035295114,19.,61.553391787486));
#2284 = CARTESIAN_POINT('',(25.74894350555,18.989438128506,
    61.07948357705));
#2285 = CARTESIAN_POINT('',(26.674643940672,19.133229013187,
    60.153783141928));
#2286 = CARTESIAN_POINT('',(27.125655240927,19.297464739204,
    59.702771841673));
#2287 = CARTESIAN_POINT('',(27.715798901175,19.674252828893,
    59.112628181424));
#2288 = CARTESIAN_POINT('',(27.924823659888,19.839050162646,
    58.903603422712));
#2289 = CARTESIAN_POINT('',(28.313877066893,20.226497969315,
    58.514550015707));
#2290 = CARTESIAN_POINT('',(28.493874144559,20.449211841264,
    58.334552938041));
#2291 = CARTESIAN_POINT('',(28.786119754464,20.883671780029,
    58.042307328136));
#2292 = CARTESIAN_POINT('',(28.927085847041,21.133170742438,
    57.901341235559));
#2293 = CARTESIAN_POINT('',(29.169811117073,21.66770719496,
    57.658615965526));
#2294 = CARTESIAN_POINT('',(29.271555611067,21.952758019883,
    57.556871471533));
#2295 = CARTESIAN_POINT('',(29.41481403251,22.46118229684,57.41361305009
    ));
#2296 = CARTESIAN_POINT('',(29.473313895183,22.726911205826,
    57.355113187417));
#2297 = CARTESIAN_POINT('',(29.514499476671,23.,57.313927605929));
#2298 = PCURVE('',#1562,#2299);
#2299 = DEFINITIONAL_REPRESENTATION('',(#2300),#2317);
#2300 = B_SPLINE_CURVE_WITH_KNOTS('',3,(#2301,#2302,#2303,#2304,#2305,
    #2306,#2307,#2308,#2309,#2310,#2311,#2312,#2313,#2314,#2315,#2316),
  .UNSPECIFIED.,.F.,.F.,(4,2,2,2,2,2,2,4),(1.791302591763,1.973466414892
    ,2.155630238021,2.248176718593,2.340723199166,2.42806929439,
    2.515415389615,2.592260364922),.UNSPECIFIED.);
#2301 = CARTESIAN_POINT('',(0.,0.));
#2302 = CARTESIAN_POINT('',(0.607212743763,0.));
#2303 = CARTESIAN_POINT('',(1.277420162282,-1.0561871494E-02));
#2304 = CARTESIAN_POINT('',(2.586558272326,0.133229013187));
#2305 = CARTESIAN_POINT('',(3.22438456993,0.297464739204));
#2306 = CARTESIAN_POINT('',(4.058973738002,0.674252828893));
#2307 = CARTESIAN_POINT('',(4.354579386645,0.839050162646));
#2308 = CARTESIAN_POINT('',(4.904783991319,1.226497969315));
#2309 = CARTESIAN_POINT('',(5.159338299742,1.449211841264));
#2310 = CARTESIAN_POINT('',(5.572636004813,1.883671780029));
#2311 = CARTESIAN_POINT('',(5.77199216477,2.133170742438));
#2312 = CARTESIAN_POINT('',(6.115257533581,2.66770719496));
#2313 = CARTESIAN_POINT('',(6.259145976884,2.952758019883));
#2314 = CARTESIAN_POINT('',(6.461743979412,3.46118229684));
#2315 = CARTESIAN_POINT('',(6.544475278601,3.726911205826));
#2316 = CARTESIAN_POINT('',(6.602720486516,4.));
#2317 = ( GEOMETRIC_REPRESENTATION_CONTEXT(2) 
PARAMETRIC_REPRESENTATION_CONTEXT() REPRESENTATION_CONTEXT('2D SPACE',''
  ) );
#2318 = PCURVE('',#1734,#2319);
#2319 = DEFINITIONAL_REPRESENTATION('',(#2320),#2368);
#2320 = B_SPLINE_CURVE_WITH_KNOTS('',3,(#2321,#2322,#2323,#2324,#2325,
    #2326,#2327,#2328,#2329,#2330,#2331,#2332,#2333,#2334,#2335,#2336,
    #2337,#2338,#2339,#2340,#2341,#2342,#2343,#2344,#2345,#2346,#2347,
    #2348,#2349,#2350,#2351,#2352,#2353,#2354,#2355,#2356,#2357,#2358,
    #2359,#2360,#2361,#2362,#2363,#2364,#2365,#2366,#2367),
  .UNSPECIFIED.,.F.,.F.,(4,1,1,1,1,1,1,1,1,1,1,1,1,1,1,1,1,1,1,1,1,1,1,1
    ,1,1,1,1,1,1,1,1,1,1,1,1,1,1,1,1,1,1,1,1,4),(1.791302591763,
    1.809506177517,1.827709763271,1.845913349024,1.864116934778,
    1.882320520531,1.900524106285,1.918727692039,1.936931277792,
    1.955134863546,1.973338449299,1.991542035053,2.009745620807,
    2.02794920656,2.046152792314,2.064356378068,2.082559963821,
    2.100763549575,2.118967135328,2.137170721082,2.155374306836,
    2.173577892589,2.191781478343,2.209985064096,2.22818864985,
    2.246392235604,2.264595821357,2.282799407111,2.301002992864,
    2.319206578618,2.337410164372,2.355613750125,2.373817335879,
    2.392020921633,2.410224507386,2.42842809314,2.446631678893,
    2.464835264647,2.483038850401,2.501242436154,2.519446021908,
    2.537649607661,2.555853193415,2.574056779169,2.592260364922),
  .UNSPECIFIED.);
#2321 = CARTESIAN_POINT('',(1.570796332755,3.14159265359));
#2322 = CARTESIAN_POINT('',(1.570807316102,3.107875325846));
#2323 = CARTESIAN_POINT('',(1.569654151286,3.041080724416));
#2324 = CARTESIAN_POINT('',(1.564396494949,2.944046074014));
#2325 = CARTESIAN_POINT('',(1.555558165586,2.851516832142));
#2326 = CARTESIAN_POINT('',(1.543262271938,2.764452420299));
#2327 = CARTESIAN_POINT('',(1.527723183855,2.683489496596));
#2328 = CARTESIAN_POINT('',(1.509232685444,2.608924096025));
#2329 = CARTESIAN_POINT('',(1.488123064343,2.540769881406));
#2330 = CARTESIAN_POINT('',(1.464739796597,2.478825151855));
#2331 = CARTESIAN_POINT('',(1.439418201783,2.422745345254));
#2332 = CARTESIAN_POINT('',(1.412470916665,2.372099929006));
#2333 = CARTESIAN_POINT('',(1.384168248906,2.326435302461));
#2334 = CARTESIAN_POINT('',(1.354747675628,2.285278534611));
#2335 = CARTESIAN_POINT('',(1.324426374664,2.248168134344));
#2336 = CARTESIAN_POINT('',(1.293392508502,2.214681141565));
#2337 = CARTESIAN_POINT('',(1.261809729296,2.184432995972));
#2338 = CARTESIAN_POINT('',(1.229820953663,2.157080657585));
#2339 = CARTESIAN_POINT('',(1.197542562734,2.132316300493));
#2340 = CARTESIAN_POINT('',(1.16509696683,2.109881266635));
#2341 = CARTESIAN_POINT('',(1.132499971384,2.089500675893));
#2342 = CARTESIAN_POINT('',(1.100089044591,2.071111623521));
#2343 = CARTESIAN_POINT('',(1.066931667381,2.053995444302));
#2344 = CARTESIAN_POINT('',(1.032167965794,2.037672937926));
#2345 = CARTESIAN_POINT('',(0.996324021298,2.022378971708));
#2346 = CARTESIAN_POINT('',(0.959554719053,2.008119019807));
#2347 = CARTESIAN_POINT('',(0.922109019333,1.994929761663));
#2348 = CARTESIAN_POINT('',(0.884200771025,1.982820902747));
#2349 = CARTESIAN_POINT('',(0.846052533845,1.971751710718));
#2350 = CARTESIAN_POINT('',(0.807955091258,1.961681926414));
#2351 = CARTESIAN_POINT('',(0.770019669359,1.952560634253));
#2352 = CARTESIAN_POINT('',(0.733353329328,1.944396837969));
#2353 = CARTESIAN_POINT('',(0.697417490539,1.936993551659));
#2354 = CARTESIAN_POINT('',(0.659929484582,1.929855554953));
#2355 = CARTESIAN_POINT('',(0.621803853197,1.923170139501));
#2356 = CARTESIAN_POINT('',(0.58315563137,1.916945480753));
#2357 = CARTESIAN_POINT('',(0.544294954879,1.911228845689));
#2358 = CARTESIAN_POINT('',(0.505458960278,1.906049728962));
#2359 = CARTESIAN_POINT('',(0.466891285103,1.901389585048));
#2360 = CARTESIAN_POINT('',(0.428902495465,1.897237873837));
#2361 = CARTESIAN_POINT('',(0.391591669456,1.893568601697));
#2362 = CARTESIAN_POINT('',(0.355880693275,1.890427341181));
#2363 = CARTESIAN_POINT('',(0.319230352217,1.887571700949));
#2364 = CARTESIAN_POINT('',(0.281324820258,1.884984794489));
#2365 = CARTESIAN_POINT('',(0.242605372373,1.882709824928));
#2366 = CARTESIAN_POINT('',(0.21639885,1.881418466339));
#2367 = CARTESIAN_POINT('',(0.203244829326,1.880834260898));
#2368 = ( GEOMETRIC_REPRESENTATION_CONTEXT(2) 
PARAMETRIC_REPRESENTATION_CONTEXT() REPRESENTATION_CONTEXT('2D SPACE',''
  ) );
#2369 = ORIENTED_EDGE('',*,*,#2370,.F.);
#2370 = EDGE_CURVE('',#2010,#2278,#2371,.T.);
#2371 = SURFACE_CURVE('',#2372,(#2389,#2409),.PCURVE_S1.);
#2372 = B_SPLINE_CURVE_WITH_KNOTS('',3,(#2373,#2374,#2375,#2376,#2377,
    #2378,#2379,#2380,#2381,#2382,#2383,#2384,#2385,#2386,#2387,#2388),
  .UNSPECIFIED.,.F.,.F.,(4,2,2,2,2,2,2,4),(0.990344818605,1.067189793912
    ,1.154535889137,1.241881984361,1.334428464933,1.426974945506,
    1.609138768634,1.791302591763),.UNSPECIFIED.);
#2373 = CARTESIAN_POINT('',(20.176842616081,23.,66.651584466518));
#2374 = CARTESIAN_POINT('',(20.21802819757,22.726911205826,
    66.61039888503));
#2375 = CARTESIAN_POINT('',(20.276528060243,22.46118229684,
    66.551899022357));
#2376 = CARTESIAN_POINT('',(20.419786481685,21.952758019883,
    66.408640600915));
#2377 = CARTESIAN_POINT('',(20.521530975679,21.66770719496,
    66.306896106921));
#2378 = CARTESIAN_POINT('',(20.764256245712,21.133170742438,
    66.064170836888));
#2379 = CARTESIAN_POINT('',(20.905222338289,20.883671780029,
    65.923204744311));
#2380 = CARTESIAN_POINT('',(21.197467948193,20.449211841264,
    65.630959134407));
#2381 = CARTESIAN_POINT('',(21.377465025859,20.226497969315,
    65.450962056741));
#2382 = CARTESIAN_POINT('',(21.766518432864,19.839050162646,
    65.061908649736));
#2383 = CARTESIAN_POINT('',(21.975543191577,19.674252828893,
    64.852883891023));
#2384 = CARTESIAN_POINT('',(22.565686851825,19.297464739204,
    64.262740230774));
#2385 = CARTESIAN_POINT('',(23.01669815208,19.133229013187,
    63.81172893052));
#2386 = CARTESIAN_POINT('',(23.942398587202,18.989438128506,
    62.886028495398));
#2387 = CARTESIAN_POINT('',(24.416306797638,19.,62.412120284961));
#2388 = CARTESIAN_POINT('',(24.845671046376,19.,61.982756036224));
#2389 = PCURVE('',#1562,#2390);
#2390 = DEFINITIONAL_REPRESENTATION('',(#2391),#2408);
#2391 = B_SPLINE_CURVE_WITH_KNOTS('',3,(#2392,#2393,#2394,#2395,#2396,
    #2397,#2398,#2399,#2400,#2401,#2402,#2403,#2404,#2405,#2406,#2407),
  .UNSPECIFIED.,.F.,.F.,(4,2,2,2,2,2,2,4),(0.990344818605,1.067189793912
    ,1.154535889137,1.241881984361,1.334428464933,1.426974945506,
    1.609138768634,1.791302591763),.UNSPECIFIED.);
#2392 = CARTESIAN_POINT('',(-6.602720486516,4.));
#2393 = CARTESIAN_POINT('',(-6.544475278601,3.726911205826));
#2394 = CARTESIAN_POINT('',(-6.461743979412,3.46118229684));
#2395 = CARTESIAN_POINT('',(-6.259145976884,2.952758019883));
#2396 = CARTESIAN_POINT('',(-6.115257533581,2.66770719496));
#2397 = CARTESIAN_POINT('',(-5.77199216477,2.133170742438));
#2398 = CARTESIAN_POINT('',(-5.572636004813,1.883671780029));
#2399 = CARTESIAN_POINT('',(-5.159338299742,1.449211841264));
#2400 = CARTESIAN_POINT('',(-4.904783991319,1.226497969315));
#2401 = CARTESIAN_POINT('',(-4.354579386645,0.839050162646));
#2402 = CARTESIAN_POINT('',(-4.058973738002,0.674252828893));
#2403 = CARTESIAN_POINT('',(-3.22438456993,0.297464739204));
#2404 = CARTESIAN_POINT('',(-2.586558272326,0.133229013187));
#2405 = CARTESIAN_POINT('',(-1.277420162282,-1.0561871494E-02));
#2406 = CARTESIAN_POINT('',(-0.607212743763,0.));
#2407 = CARTESIAN_POINT('',(0.,0.));
#2408 = ( GEOMETRIC_REPRESENTATION_CONTEXT(2) 
PARAMETRIC_REPRESENTATION_CONTEXT() REPRESENTATION_CONTEXT('2D SPACE',''
  ) );
#2409 = PCURVE('',#1734,#2410);
#2410 = DEFINITIONAL_REPRESENTATION('',(#2411),#2459);
#2411 = B_SPLINE_CURVE_WITH_KNOTS('',3,(#2412,#2413,#2414,#2415,#2416,
    #2417,#2418,#2419,#2420,#2421,#2422,#2423,#2424,#2425,#2426,#2427,
    #2428,#2429,#2430,#2431,#2432,#2433,#2434,#2435,#2436,#2437,#2438,
    #2439,#2440,#2441,#2442,#2443,#2444,#2445,#2446,#2447,#2448,#2449,
    #2450,#2451,#2452,#2453,#2454,#2455,#2456,#2457,#2458),
  .UNSPECIFIED.,.F.,.F.,(4,1,1,1,1,1,1,1,1,1,1,1,1,1,1,1,1,1,1,1,1,1,1,1
    ,1,1,1,1,1,1,1,1,1,1,1,1,1,1,1,1,1,1,1,1,4),(0.990344818605,
    1.008548404358,1.026751990112,1.044955575865,1.063159161619,
    1.081362747373,1.099566333126,1.11776991888,1.135973504633,
    1.154177090387,1.172380676141,1.190584261894,1.208787847648,
    1.226991433401,1.245195019155,1.263398604909,1.281602190662,
    1.299805776416,1.31800936217,1.336212947923,1.354416533677,
    1.37262011943,1.390823705184,1.409027290938,1.427230876691,
    1.445434462445,1.463638048198,1.481841633952,1.500045219706,
    1.518248805459,1.536452391213,1.554655976966,1.57285956272,
    1.591063148474,1.609266734227,1.627470319981,1.645673905734,
    1.663877491488,1.682081077242,1.700284662995,1.718488248749,
    1.736691834503,1.754895420256,1.77309900601,1.791302591763),
  .UNSPECIFIED.);
#2412 = CARTESIAN_POINT('',(0.203244829326,-1.880834260898));
#2413 = CARTESIAN_POINT('',(0.21639885,-1.881418466339));
#2414 = CARTESIAN_POINT('',(0.242605372373,-1.882709824928));
#2415 = CARTESIAN_POINT('',(0.281324820258,-1.884984794489));
#2416 = CARTESIAN_POINT('',(0.319230352217,-1.887571700949));
#2417 = CARTESIAN_POINT('',(0.355880693275,-1.890427341181));
#2418 = CARTESIAN_POINT('',(0.391591669456,-1.893568601697));
#2419 = CARTESIAN_POINT('',(0.428902495465,-1.897237873837));
#2420 = CARTESIAN_POINT('',(0.466891285103,-1.901389585048));
#2421 = CARTESIAN_POINT('',(0.505458960278,-1.906049728962));
#2422 = CARTESIAN_POINT('',(0.544294954879,-1.911228845689));
#2423 = CARTESIAN_POINT('',(0.58315563137,-1.916945480753));
#2424 = CARTESIAN_POINT('',(0.621803853197,-1.923170139501));
#2425 = CARTESIAN_POINT('',(0.659929484582,-1.929855554953));
#2426 = CARTESIAN_POINT('',(0.697417490539,-1.936993551659));
#2427 = CARTESIAN_POINT('',(0.733353329328,-1.944396837969));
#2428 = CARTESIAN_POINT('',(0.770019669359,-1.952560634253));
#2429 = CARTESIAN_POINT('',(0.807955091258,-1.961681926414));
#2430 = CARTESIAN_POINT('',(0.846052533845,-1.971751710718));
#2431 = CARTESIAN_POINT('',(0.884200771025,-1.982820902747));
#2432 = CARTESIAN_POINT('',(0.922109019333,-1.994929761663));
#2433 = CARTESIAN_POINT('',(0.959554719053,-2.008119019807));
#2434 = CARTESIAN_POINT('',(0.996324021298,-2.022378971708));
#2435 = CARTESIAN_POINT('',(1.032167965794,-2.037672937926));
#2436 = CARTESIAN_POINT('',(1.066931667381,-2.053995444302));
#2437 = CARTESIAN_POINT('',(1.100089044591,-2.071111623521));
#2438 = CARTESIAN_POINT('',(1.132499971384,-2.089500675893));
#2439 = CARTESIAN_POINT('',(1.16509696683,-2.109881266635));
#2440 = CARTESIAN_POINT('',(1.197542562734,-2.132316300493));
#2441 = CARTESIAN_POINT('',(1.229820953663,-2.157080657585));
#2442 = CARTESIAN_POINT('',(1.261809729296,-2.184432995972));
#2443 = CARTESIAN_POINT('',(1.293392508502,-2.214681141565));
#2444 = CARTESIAN_POINT('',(1.324426374664,-2.248168134344));
#2445 = CARTESIAN_POINT('',(1.354747675628,-2.285278534611));
#2446 = CARTESIAN_POINT('',(1.384168248906,-2.326435302461));
#2447 = CARTESIAN_POINT('',(1.412470916665,-2.372099929006));
#2448 = CARTESIAN_POINT('',(1.439418201783,-2.422745345254));
#2449 = CARTESIAN_POINT('',(1.464739796597,-2.478825151855));
#2450 = CARTESIAN_POINT('',(1.488123064343,-2.540769881406));
#2451 = CARTESIAN_POINT('',(1.509232685444,-2.608924096025));
#2452 = CARTESIAN_POINT('',(1.527723183855,-2.683489496596));
#2453 = CARTESIAN_POINT('',(1.543262271938,-2.764452420299));
#2454 = CARTESIAN_POINT('',(1.555558165586,-2.851516832142));
#2455 = CARTESIAN_POINT('',(1.564396494949,-2.944046074014));
#2456 = CARTESIAN_POINT('',(1.569654151286,-3.041080724416));
#2457 = CARTESIAN_POINT('',(1.570807316102,-3.107875325846));
#2458 = CARTESIAN_POINT('',(1.570796332755,-3.14159265359));
#2459 = ( GEOMETRIC_REPRESENTATION_CONTEXT(2) 
PARAMETRIC_REPRESENTATION_CONTEXT() REPRESENTATION_CONTEXT('2D SPACE',''
  ) );
#2460 = ORIENTED_EDGE('',*,*,#2009,.F.);
#2461 = ADVANCED_FACE('',(#2462),#1972,.T.);
#2462 = FACE_BOUND('',#2463,.T.);
#2463 = EDGE_LOOP('',(#2464,#2465,#2486,#2487));
#2464 = ORIENTED_EDGE('',*,*,#1956,.T.);
#2465 = ORIENTED_EDGE('',*,*,#2466,.F.);
#2466 = EDGE_CURVE('',#2232,#1929,#2467,.T.);
#2467 = SURFACE_CURVE('',#2468,(#2472,#2479),.PCURVE_S1.);
#2468 = LINE('',#2469,#2470);
#2469 = CARTESIAN_POINT('',(81.414213277882,23.,5.414213804718));
#2470 = VECTOR('',#2471,1.);
#2471 = DIRECTION('',(-0.707106781187,9.95799250103E-17,-0.707106781187)
  );
#2472 = PCURVE('',#1972,#2473);
#2473 = DEFINITIONAL_REPRESENTATION('',(#2474),#2478);
#2474 = LINE('',#2475,#2476);
#2475 = CARTESIAN_POINT('',(3.983197000412E-16,4.));
#2476 = VECTOR('',#2477,1.);
#2477 = DIRECTION('',(1.,-1.302891354702E-33));
#2478 = ( GEOMETRIC_REPRESENTATION_CONTEXT(2) 
PARAMETRIC_REPRESENTATION_CONTEXT() REPRESENTATION_CONTEXT('2D SPACE',''
  ) );
#2479 = PCURVE('',#1944,#2480);
#2480 = DEFINITIONAL_REPRESENTATION('',(#2481),#2485);
#2481 = LINE('',#2482,#2483);
#2482 = CARTESIAN_POINT('',(-40.00009948372,-2.000000014901));
#2483 = VECTOR('',#2484,1.);
#2484 = DIRECTION('',(1.014653635757E-17,1.));
#2485 = ( GEOMETRIC_REPRESENTATION_CONTEXT(2) 
PARAMETRIC_REPRESENTATION_CONTEXT() REPRESENTATION_CONTEXT('2D SPACE',''
  ) );
#2486 = ORIENTED_EDGE('',*,*,#2231,.T.);
#2487 = ORIENTED_EDGE('',*,*,#2205,.F.);
#2488 = ADVANCED_FACE('',(#2489),#1944,.F.);
#2489 = FACE_BOUND('',#2490,.T.);
#2490 = EDGE_LOOP('',(#2491,#2539,#2540,#2541));
#2491 = ORIENTED_EDGE('',*,*,#2492,.F.);
#2492 = EDGE_CURVE('',#2255,#1832,#2493,.T.);
#2493 = SURFACE_CURVE('',#2494,(#2499,#2510),.PCURVE_S1.);
#2494 = CIRCLE('',#2495,6.898979485566);
#2495 = AXIS2_PLACEMENT_3D('',#2496,#2497,#2498);
#2496 = CARTESIAN_POINT('',(23.431457462929,23.,60.568542452777));
#2497 = DIRECTION('',(7.041364024483E-17,1.,7.041364024483E-17));
#2498 = DIRECTION('',(-0.707106781187,9.95799250103E-17,-0.707106781187)
  );
#2499 = PCURVE('',#1944,#2500);
#2500 = DEFINITIONAL_REPRESENTATION('',(#2501),#2509);
#2501 = ( BOUNDED_CURVE() B_SPLINE_CURVE(2,(#2502,#2503,#2504,#2505,
#2506,#2507,#2508),.UNSPECIFIED.,.T.,.F.) B_SPLINE_CURVE_WITH_KNOTS((1,2
    ,2,2,2,1),(-2.094395102393,0.,2.094395102393,4.188790204786,
6.28318530718,8.377580409573),.UNSPECIFIED.) CURVE() 
GEOMETRIC_REPRESENTATION_ITEM() RATIONAL_B_SPLINE_CURVE((1.,0.5,1.,0.5,
1.,0.5,1.)) REPRESENTATION_ITEM('') );
#2502 = CARTESIAN_POINT('',(39.999900143742,6.898979500468));
#2503 = CARTESIAN_POINT('',(51.949283133118,6.898979500468));
#2504 = CARTESIAN_POINT('',(45.97459163843,-3.449489727881));
#2505 = CARTESIAN_POINT('',(39.999900143742,-13.79795895623));
#2506 = CARTESIAN_POINT('',(34.025208649054,-3.449489727881));
#2507 = CARTESIAN_POINT('',(28.050517154366,6.898979500468));
#2508 = CARTESIAN_POINT('',(39.999900143742,6.898979500468));
#2509 = ( GEOMETRIC_REPRESENTATION_CONTEXT(2) 
PARAMETRIC_REPRESENTATION_CONTEXT() REPRESENTATION_CONTEXT('2D SPACE',''
  ) );
#2510 = PCURVE('',#1734,#2511);
#2511 = DEFINITIONAL_REPRESENTATION('',(#2512),#2538);
#2512 = B_SPLINE_CURVE_WITH_KNOTS('',3,(#2513,#2514,#2515,#2516,#2517,
    #2518,#2519,#2520,#2521,#2522,#2523,#2524,#2525,#2526,#2527,#2528,
    #2529,#2530,#2531,#2532,#2533,#2534,#2535,#2536,#2537),
  .UNSPECIFIED.,.F.,.F.,(4,1,1,1,1,1,1,1,1,1,1,1,1,1,1,1,1,1,1,1,1,1,4),
  (4.418268770257,4.445006970768,4.471745171278,4.498483371788,
    4.525221572299,4.551959772809,4.578697973319,4.60543617383,
    4.63217437434,4.65891257485,4.685650775361,4.712388975871,
    4.739127176381,4.765865376892,4.792603577402,4.819341777912,
    4.846079978423,4.872818178933,4.899556379443,4.926294579954,
    4.953032780464,4.979770980974,5.006509181485),.UNSPECIFIED.);
#2513 = CARTESIAN_POINT('',(0.203244829326,1.880834260898));
#2514 = CARTESIAN_POINT('',(0.203244829326,1.871853352653));
#2515 = CARTESIAN_POINT('',(0.203244829326,1.85383143135));
#2516 = CARTESIAN_POINT('',(0.203244829326,1.826606306936));
#2517 = CARTESIAN_POINT('',(0.203244829326,1.799177134043));
#2518 = CARTESIAN_POINT('',(0.203244829326,1.771531679633));
#2519 = CARTESIAN_POINT('',(0.203244829326,1.743657339733));
#2520 = CARTESIAN_POINT('',(0.203244829326,1.715541323831));
#2521 = CARTESIAN_POINT('',(0.203244829326,1.687169713418));
#2522 = CARTESIAN_POINT('',(0.203244829326,1.658530887512));
#2523 = CARTESIAN_POINT('',(0.203244829326,1.629602597303));
#2524 = CARTESIAN_POINT('',(0.203244829326,1.60040006773));
#2525 = CARTESIAN_POINT('',(0.203244829326,1.57079633184));
#2526 = CARTESIAN_POINT('',(0.203244829326,1.54119259576));
#2527 = CARTESIAN_POINT('',(0.203244829326,1.511990066105));
#2528 = CARTESIAN_POINT('',(0.203244829326,1.483061775793));
#2529 = CARTESIAN_POINT('',(0.203244829326,1.454422949795));
#2530 = CARTESIAN_POINT('',(0.203244829326,1.426051339294));
#2531 = CARTESIAN_POINT('',(0.203244829326,1.397935323307));
#2532 = CARTESIAN_POINT('',(0.203244829326,1.370060983328));
#2533 = CARTESIAN_POINT('',(0.203244829326,1.342415528844));
#2534 = CARTESIAN_POINT('',(0.203244829326,1.314986355879));
#2535 = CARTESIAN_POINT('',(0.203244829326,1.287761231398));
#2536 = CARTESIAN_POINT('',(0.203244829326,1.269739310054));
#2537 = CARTESIAN_POINT('',(0.203244829326,1.260758401788));
#2538 = ( GEOMETRIC_REPRESENTATION_CONTEXT(2) 
PARAMETRIC_REPRESENTATION_CONTEXT() REPRESENTATION_CONTEXT('2D SPACE',''
  ) );
#2539 = ORIENTED_EDGE('',*,*,#2254,.T.);
#2540 = ORIENTED_EDGE('',*,*,#2466,.T.);
#2541 = ORIENTED_EDGE('',*,*,#1928,.T.);
#2542 = ADVANCED_FACE('',(#2543),#1734,.F.);
#2543 = FACE_BOUND('',#2544,.F.);
#2544 = EDGE_LOOP('',(#2545,#2546,#2547,#2548,#2616,#2667,#2711,#2712,
    #2713,#2714));
#2545 = ORIENTED_EDGE('',*,*,#1831,.F.);
#2546 = ORIENTED_EDGE('',*,*,#2492,.F.);
#2547 = ORIENTED_EDGE('',*,*,#2277,.F.);
#2548 = ORIENTED_EDGE('',*,*,#2549,.T.);
#2549 = EDGE_CURVE('',#2278,#2550,#2552,.T.);
#2550 = VERTEX_POINT('',#2551);
#2551 = CARTESIAN_POINT('',(28.381204931235,24.,65.518289921083));
#2552 = SEAM_CURVE('',#2553,(#2558,#2587),.PCURVE_S1.);
#2553 = CIRCLE('',#2554,5.);
#2554 = AXIS2_PLACEMENT_3D('',#2555,#2556,#2557);
#2555 = CARTESIAN_POINT('',(24.845671025302,24.,61.98275601515));
#2556 = DIRECTION('',(-0.707106781187,1.219502364232E-32,0.707106781187)
  );
#2557 = DIRECTION('',(0.707106781187,-6.040407428518E-66,0.707106781187)
  );
#2558 = PCURVE('',#1734,#2559);
#2559 = DEFINITIONAL_REPRESENTATION('',(#2560),#2586);
#2560 = B_SPLINE_CURVE_WITH_KNOTS('',3,(#2561,#2562,#2563,#2564,#2565,
    #2566,#2567,#2568,#2569,#2570,#2571,#2572,#2573,#2574,#2575,#2576,
    #2577,#2578,#2579,#2580,#2581,#2582,#2583,#2584,#2585),
  .UNSPECIFIED.,.F.,.F.,(4,1,1,1,1,1,1,1,1,1,1,1,1,1,1,1,1,1,1,1,1,1,4),
  (4.712388986345,4.78378881911,4.855188651876,4.926588484641,
    4.997988317406,5.069388150171,5.140787982936,5.212187815702,
    5.283587648467,5.354987481232,5.426387313997,5.497787146762,
    5.569186979528,5.640586812293,5.711986645058,5.783386477823,
    5.854786310588,5.926186143354,5.997585976119,6.068985808884,
    6.140385641649,6.211785474414,6.28318530718),.QUASI_UNIFORM_KNOTS.);
#2561 = CARTESIAN_POINT('',(1.570796332755,3.14159265359));
#2562 = CARTESIAN_POINT('',(1.546374188812,3.14159265359));
#2563 = CARTESIAN_POINT('',(1.497874036209,3.14159265359));
#2564 = CARTESIAN_POINT('',(1.425961900279,3.14159265359));
#2565 = CARTESIAN_POINT('',(1.354690717033,3.14159265359));
#2566 = CARTESIAN_POINT('',(1.283873242132,3.14159265359));
#2567 = CARTESIAN_POINT('',(1.213325905134,3.14159265359));
#2568 = CARTESIAN_POINT('',(1.142868750308,3.14159265359));
#2569 = CARTESIAN_POINT('',(1.072320369515,3.14159265359));
#2570 = CARTESIAN_POINT('',(1.001507069525,3.14159265359));
#2571 = CARTESIAN_POINT('',(0.930220229885,3.14159265359));
#2572 = CARTESIAN_POINT('',(0.858366543797,3.14159265359));
#2573 = CARTESIAN_POINT('',(0.785398170808,3.14159265359));
#2574 = CARTESIAN_POINT('',(0.712429771238,3.14159265359));
#2575 = CARTESIAN_POINT('',(0.640576092436,3.14159265359));
#2576 = CARTESIAN_POINT('',(0.569289250969,3.14159265359));
#2577 = CARTESIAN_POINT('',(0.498475951552,3.14159265359));
#2578 = CARTESIAN_POINT('',(0.427927570655,3.14159265359));
#2579 = CARTESIAN_POINT('',(0.357470415852,3.14159265359));
#2580 = CARTESIAN_POINT('',(0.286923078868,3.14159265359));
#2581 = CARTESIAN_POINT('',(0.216105603707,3.14159265359));
#2582 = CARTESIAN_POINT('',(0.14483442112,3.14159265359));
#2583 = CARTESIAN_POINT('',(7.292228226711E-02,3.14159265359));
#2584 = CARTESIAN_POINT('',(2.442213652502E-02,3.14159265359));
#2585 = CARTESIAN_POINT('',(-1.394118950144E-16,3.14159265359));
#2586 = ( GEOMETRIC_REPRESENTATION_CONTEXT(2) 
PARAMETRIC_REPRESENTATION_CONTEXT() REPRESENTATION_CONTEXT('2D SPACE',''
  ) );
#2587 = PCURVE('',#1734,#2588);
#2588 = DEFINITIONAL_REPRESENTATION('',(#2589),#2615);
#2589 = B_SPLINE_CURVE_WITH_KNOTS('',3,(#2590,#2591,#2592,#2593,#2594,
    #2595,#2596,#2597,#2598,#2599,#2600,#2601,#2602,#2603,#2604,#2605,
    #2606,#2607,#2608,#2609,#2610,#2611,#2612,#2613,#2614),
  .UNSPECIFIED.,.F.,.F.,(4,1,1,1,1,1,1,1,1,1,1,1,1,1,1,1,1,1,1,1,1,1,4),
  (4.712388986345,4.78378881911,4.855188651876,4.926588484641,
    4.997988317406,5.069388150171,5.140787982936,5.212187815702,
    5.283587648467,5.354987481232,5.426387313997,5.497787146762,
    5.569186979528,5.640586812293,5.711986645058,5.783386477823,
    5.854786310588,5.926186143354,5.997585976119,6.068985808884,
    6.140385641649,6.211785474414,6.28318530718),.QUASI_UNIFORM_KNOTS.);
#2590 = CARTESIAN_POINT('',(1.570796332755,-3.14159265359));
#2591 = CARTESIAN_POINT('',(1.546374188812,-3.14159265359));
#2592 = CARTESIAN_POINT('',(1.497874036209,-3.14159265359));
#2593 = CARTESIAN_POINT('',(1.425961900279,-3.14159265359));
#2594 = CARTESIAN_POINT('',(1.354690717033,-3.14159265359));
#2595 = CARTESIAN_POINT('',(1.283873242132,-3.14159265359));
#2596 = CARTESIAN_POINT('',(1.213325905134,-3.14159265359));
#2597 = CARTESIAN_POINT('',(1.142868750308,-3.14159265359));
#2598 = CARTESIAN_POINT('',(1.072320369515,-3.14159265359));
#2599 = CARTESIAN_POINT('',(1.001507069525,-3.14159265359));
#2600 = CARTESIAN_POINT('',(0.930220229885,-3.14159265359));
#2601 = CARTESIAN_POINT('',(0.858366543797,-3.14159265359));
#2602 = CARTESIAN_POINT('',(0.785398170808,-3.14159265359));
#2603 = CARTESIAN_POINT('',(0.712429771238,-3.14159265359));
#2604 = CARTESIAN_POINT('',(0.640576092436,-3.14159265359));
#2605 = CARTESIAN_POINT('',(0.569289250969,-3.14159265359));
#2606 = CARTESIAN_POINT('',(0.498475951552,-3.14159265359));
#2607 = CARTESIAN_POINT('',(0.427927570655,-3.14159265359));
#2608 = CARTESIAN_POINT('',(0.357470415852,-3.14159265359));
#2609 = CARTESIAN_POINT('',(0.286923078868,-3.14159265359));
#2610 = CARTESIAN_POINT('',(0.216105603707,-3.14159265359));
#2611 = CARTESIAN_POINT('',(0.14483442112,-3.14159265359));
#2612 = CARTESIAN_POINT('',(7.292228226711E-02,-3.14159265359));
#2613 = CARTESIAN_POINT('',(2.442213652502E-02,-3.14159265359));
#2614 = CARTESIAN_POINT('',(-1.394118950144E-16,-3.14159265359));
#2615 = ( GEOMETRIC_REPRESENTATION_CONTEXT(2) 
PARAMETRIC_REPRESENTATION_CONTEXT() REPRESENTATION_CONTEXT('2D SPACE',''
  ) );
#2616 = ORIENTED_EDGE('',*,*,#2617,.F.);
#2617 = EDGE_CURVE('',#2618,#2550,#2620,.T.);
#2618 = VERTEX_POINT('',#2619);
#2619 = CARTESIAN_POINT('',(18.481709994623,24.,65.518289921083));
#2620 = SURFACE_CURVE('',#2621,(#2626,#2655),.PCURVE_S1.);
#2621 = CIRCLE('',#2622,7.);
#2622 = AXIS2_PLACEMENT_3D('',#2623,#2624,#2625);
#2623 = CARTESIAN_POINT('',(23.431457462929,24.,60.568542452777));
#2624 = DIRECTION('',(-7.041364024483E-17,-1.,-7.041364024483E-17));
#2625 = DIRECTION('',(-0.707106781187,-1.219502364232E-32,0.707106781187
    ));
#2626 = PCURVE('',#1734,#2627);
#2627 = DEFINITIONAL_REPRESENTATION('',(#2628),#2654);
#2628 = B_SPLINE_CURVE_WITH_KNOTS('',3,(#2629,#2630,#2631,#2632,#2633,
    #2634,#2635,#2636,#2637,#2638,#2639,#2640,#2641,#2642,#2643,#2644,
    #2645,#2646,#2647,#2648,#2649,#2650,#2651,#2652,#2653),
  .UNSPECIFIED.,.F.,.F.,(4,1,1,1,1,1,1,1,1,1,1,1,1,1,1,1,1,1,1,1,1,1,4),
  (0.,0.214199499108,0.428398998217,0.642598497325,0.856797996434,
    1.070997495542,1.28519699465,1.499396493759,1.713595992867,
    1.927795491976,2.141994991084,2.356194490192,2.570393989301,
    2.784593488409,2.998792987518,3.212992486626,3.427191985734,
    3.641391484843,3.855590983951,4.06979048306,4.283989982168,
    4.498189481276,4.712388980385),.UNSPECIFIED.);
#2629 = CARTESIAN_POINT('',(-1.394118950144E-16,-1.570796326795));
#2630 = CARTESIAN_POINT('',(-1.394118950144E-16,-1.491600902977));
#2631 = CARTESIAN_POINT('',(-1.394118950144E-16,-1.339806414379));
#2632 = CARTESIAN_POINT('',(-1.394118950144E-16,-1.126169628765));
#2633 = CARTESIAN_POINT('',(-1.394118950144E-16,-0.920488978282));
#2634 = CARTESIAN_POINT('',(-1.394118950144E-16,-0.717942038876));
#2635 = CARTESIAN_POINT('',(-1.394118950144E-16,-0.513811497476));
#2636 = CARTESIAN_POINT('',(-1.394118950144E-16,-0.303476509462));
#2637 = CARTESIAN_POINT('',(-1.394118950144E-16,-8.093848883122E-02));
#2638 = CARTESIAN_POINT('',(-1.394118950144E-16,0.158136193241));
#2639 = CARTESIAN_POINT('',(-1.394118950144E-16,0.374248904887));
#2640 = CARTESIAN_POINT('',(-1.394118950144E-16,0.582404656046));
#2641 = CARTESIAN_POINT('',(-1.394118950144E-16,0.785398163397));
#2642 = CARTESIAN_POINT('',(-1.394118950144E-16,0.988391670749));
#2643 = CARTESIAN_POINT('',(-1.394118950144E-16,1.196547421908));
#2644 = CARTESIAN_POINT('',(-1.394118950144E-16,1.412660133553));
#2645 = CARTESIAN_POINT('',(-1.394118950144E-16,1.651734815626));
#2646 = CARTESIAN_POINT('',(-1.394118950144E-16,1.874272836257));
#2647 = CARTESIAN_POINT('',(-1.394118950144E-16,2.084607824271));
#2648 = CARTESIAN_POINT('',(-1.394118950144E-16,2.288738365671));
#2649 = CARTESIAN_POINT('',(-1.394118950144E-16,2.491285305077));
#2650 = CARTESIAN_POINT('',(-1.394118950144E-16,2.696965955559));
#2651 = CARTESIAN_POINT('',(-1.394118950144E-16,2.910602741174));
#2652 = CARTESIAN_POINT('',(-1.394118950144E-16,3.062397229772));
#2653 = CARTESIAN_POINT('',(-1.394118950144E-16,3.14159265359));
#2654 = ( GEOMETRIC_REPRESENTATION_CONTEXT(2) 
PARAMETRIC_REPRESENTATION_CONTEXT() REPRESENTATION_CONTEXT('2D SPACE',''
  ) );
#2655 = PCURVE('',#2656,#2661);
#2656 = CYLINDRICAL_SURFACE('',#2657,7.);
#2657 = AXIS2_PLACEMENT_3D('',#2658,#2659,#2660);
#2658 = CARTESIAN_POINT('',(23.431457462929,26.5,60.568542452777));
#2659 = DIRECTION('',(-7.041364024483E-17,-1.,-7.041364024483E-17));
#2660 = DIRECTION('',(0.707106781187,0.,-0.707106781187));
#2661 = DEFINITIONAL_REPRESENTATION('',(#2662),#2666);
#2662 = LINE('',#2663,#2664);
#2663 = CARTESIAN_POINT('',(-3.14159265359,2.5));
#2664 = VECTOR('',#2665,1.);
#2665 = DIRECTION('',(1.,0.));
#2666 = ( GEOMETRIC_REPRESENTATION_CONTEXT(2) 
PARAMETRIC_REPRESENTATION_CONTEXT() REPRESENTATION_CONTEXT('2D SPACE',''
  ) );
#2667 = ORIENTED_EDGE('',*,*,#2668,.F.);
#2668 = EDGE_CURVE('',#2550,#2618,#2669,.T.);
#2669 = SURFACE_CURVE('',#2670,(#2675,#2704),.PCURVE_S1.);
#2670 = CIRCLE('',#2671,7.);
#2671 = AXIS2_PLACEMENT_3D('',#2672,#2673,#2674);
#2672 = CARTESIAN_POINT('',(23.431457462929,24.,60.568542452777));
#2673 = DIRECTION('',(-7.041364024483E-17,-1.,-7.041364024483E-17));
#2674 = DIRECTION('',(-0.707106781187,-1.219502364232E-32,0.707106781187
    ));
#2675 = PCURVE('',#1734,#2676);
#2676 = DEFINITIONAL_REPRESENTATION('',(#2677),#2703);
#2677 = B_SPLINE_CURVE_WITH_KNOTS('',3,(#2678,#2679,#2680,#2681,#2682,
    #2683,#2684,#2685,#2686,#2687,#2688,#2689,#2690,#2691,#2692,#2693,
    #2694,#2695,#2696,#2697,#2698,#2699,#2700,#2701,#2702),
  .UNSPECIFIED.,.F.,.F.,(4,1,1,1,1,1,1,1,1,1,1,1,1,1,1,1,1,1,1,1,1,1,4),
  (4.712388980385,4.783788813421,4.855188646457,4.926588479493,
    4.997988312529,5.069388145565,5.140787978601,5.212187811638,
    5.283587644674,5.35498747771,5.426387310746,5.497787143782,
    5.569186976818,5.640586809854,5.711986642891,5.783386475927,
    5.854786308963,5.926186141999,5.997585975035,6.068985808071,
    6.140385641107,6.211785474143,6.28318530718),.UNSPECIFIED.);
#2678 = CARTESIAN_POINT('',(-1.394118950144E-16,-3.14159265359));
#2679 = CARTESIAN_POINT('',(-1.394118950144E-16,-3.115159605062));
#2680 = CARTESIAN_POINT('',(-1.394118950144E-16,-3.063067440961));
#2681 = CARTESIAN_POINT('',(-1.394118950144E-16,-2.986986199037));
#2682 = CARTESIAN_POINT('',(-1.394118950144E-16,-2.912688495409));
#2683 = CARTESIAN_POINT('',(-1.394118950144E-16,-2.839931213656));
#2684 = CARTESIAN_POINT('',(-1.394118950144E-16,-2.768486547351));
#2685 = CARTESIAN_POINT('',(-1.394118950144E-16,-2.698142049645));
#2686 = CARTESIAN_POINT('',(-1.394118950144E-16,-2.628697122557));
#2687 = CARTESIAN_POINT('',(-1.394118950144E-16,-2.559960843422));
#2688 = CARTESIAN_POINT('',(-1.394118950144E-16,-2.491749732825));
#2689 = CARTESIAN_POINT('',(-1.394118950144E-16,-2.423885766815));
#2690 = CARTESIAN_POINT('',(-1.394118950144E-16,-2.356194490192));
#2691 = CARTESIAN_POINT('',(-1.394118950144E-16,-2.28850321357));
#2692 = CARTESIAN_POINT('',(-1.394118950144E-16,-2.22063924756));
#2693 = CARTESIAN_POINT('',(-1.394118950144E-16,-2.152428136962));
#2694 = CARTESIAN_POINT('',(-1.394118950144E-16,-2.083691857828));
#2695 = CARTESIAN_POINT('',(-1.394118950144E-16,-2.014246930739));
#2696 = CARTESIAN_POINT('',(-1.394118950144E-16,-1.943902433034));
#2697 = CARTESIAN_POINT('',(-1.394118950144E-16,-1.872457766729));
#2698 = CARTESIAN_POINT('',(-1.394118950144E-16,-1.799700484976));
#2699 = CARTESIAN_POINT('',(-1.394118950144E-16,-1.725402781348));
#2700 = CARTESIAN_POINT('',(-1.394118950144E-16,-1.649321539424));
#2701 = CARTESIAN_POINT('',(-1.394118950144E-16,-1.597229375323));
#2702 = CARTESIAN_POINT('',(-1.394118950144E-16,-1.570796326795));
#2703 = ( GEOMETRIC_REPRESENTATION_CONTEXT(2) 
PARAMETRIC_REPRESENTATION_CONTEXT() REPRESENTATION_CONTEXT('2D SPACE',''
  ) );
#2704 = PCURVE('',#2656,#2705);
#2705 = DEFINITIONAL_REPRESENTATION('',(#2706),#2710);
#2706 = LINE('',#2707,#2708);
#2707 = CARTESIAN_POINT('',(-3.14159265359,2.5));
#2708 = VECTOR('',#2709,1.);
#2709 = DIRECTION('',(1.,0.));
#2710 = ( GEOMETRIC_REPRESENTATION_CONTEXT(2) 
PARAMETRIC_REPRESENTATION_CONTEXT() REPRESENTATION_CONTEXT('2D SPACE',''
  ) );
#2711 = ORIENTED_EDGE('',*,*,#2549,.F.);
#2712 = ORIENTED_EDGE('',*,*,#2370,.F.);
#2713 = ORIENTED_EDGE('',*,*,#2032,.F.);
#2714 = ORIENTED_EDGE('',*,*,#1692,.F.);
#2715 = ADVANCED_FACE('',(#2716),#2656,.T.);
#2716 = FACE_BOUND('',#2717,.T.);
#2717 = EDGE_LOOP('',(#2718,#2719,#2742,#2764,#2765));
#2718 = ORIENTED_EDGE('',*,*,#2617,.F.);
#2719 = ORIENTED_EDGE('',*,*,#2720,.T.);
#2720 = EDGE_CURVE('',#2618,#2721,#2723,.T.);
#2721 = VERTEX_POINT('',#2722);
#2722 = CARTESIAN_POINT('',(18.481709994623,34.,65.518289921083));
#2723 = SEAM_CURVE('',#2724,(#2728,#2735),.PCURVE_S1.);
#2724 = LINE('',#2725,#2726);
#2725 = CARTESIAN_POINT('',(18.481709994623,26.5,65.518289921083));
#2726 = VECTOR('',#2727,1.);
#2727 = DIRECTION('',(7.041364024483E-17,1.,7.041364024483E-17));
#2728 = PCURVE('',#2656,#2729);
#2729 = DEFINITIONAL_REPRESENTATION('',(#2730),#2734);
#2730 = LINE('',#2731,#2732);
#2731 = CARTESIAN_POINT('',(-3.14159265359,0.));
#2732 = VECTOR('',#2733,1.);
#2733 = DIRECTION('',(0.,-1.));
#2734 = ( GEOMETRIC_REPRESENTATION_CONTEXT(2) 
PARAMETRIC_REPRESENTATION_CONTEXT() REPRESENTATION_CONTEXT('2D SPACE',''
  ) );
#2735 = PCURVE('',#2656,#2736);
#2736 = DEFINITIONAL_REPRESENTATION('',(#2737),#2741);
#2737 = LINE('',#2738,#2739);
#2738 = CARTESIAN_POINT('',(3.14159265359,0.));
#2739 = VECTOR('',#2740,1.);
#2740 = DIRECTION('',(0.,-1.));
#2741 = ( GEOMETRIC_REPRESENTATION_CONTEXT(2) 
PARAMETRIC_REPRESENTATION_CONTEXT() REPRESENTATION_CONTEXT('2D SPACE',''
  ) );
#2742 = ORIENTED_EDGE('',*,*,#2743,.F.);
#2743 = EDGE_CURVE('',#2721,#2721,#2744,.T.);
#2744 = SURFACE_CURVE('',#2745,(#2750,#2757),.PCURVE_S1.);
#2745 = CIRCLE('',#2746,7.);
#2746 = AXIS2_PLACEMENT_3D('',#2747,#2748,#2749);
#2747 = CARTESIAN_POINT('',(23.431457462929,34.,60.568542452777));
#2748 = DIRECTION('',(7.041364024483E-17,1.,7.041364024483E-17));
#2749 = DIRECTION('',(0.707106781187,0.,-0.707106781187));
#2750 = PCURVE('',#2656,#2751);
#2751 = DEFINITIONAL_REPRESENTATION('',(#2752),#2756);
#2752 = LINE('',#2753,#2754);
#2753 = CARTESIAN_POINT('',(6.28318530718,-7.5));
#2754 = VECTOR('',#2755,1.);
#2755 = DIRECTION('',(-1.,0.));
#2756 = ( GEOMETRIC_REPRESENTATION_CONTEXT(2) 
PARAMETRIC_REPRESENTATION_CONTEXT() REPRESENTATION_CONTEXT('2D SPACE',''
  ) );
#2757 = PCURVE('',#2157,#2758);
#2758 = DEFINITIONAL_REPRESENTATION('',(#2759),#2763);
#2759 = CIRCLE('',#2760,7.);
#2760 = AXIS2_PLACEMENT_2D('',#2761,#2762);
#2761 = CARTESIAN_POINT('',(0.,0.));
#2762 = DIRECTION('',(-1.,1.014653635757E-17));
#2763 = ( GEOMETRIC_REPRESENTATION_CONTEXT(2) 
PARAMETRIC_REPRESENTATION_CONTEXT() REPRESENTATION_CONTEXT('2D SPACE',''
  ) );
#2764 = ORIENTED_EDGE('',*,*,#2720,.F.);
#2765 = ORIENTED_EDGE('',*,*,#2668,.F.);
#2766 = ADVANCED_FACE('',(#2767,#2770),#2157,.T.);
#2767 = FACE_BOUND('',#2768,.T.);
#2768 = EDGE_LOOP('',(#2769));
#2769 = ORIENTED_EDGE('',*,*,#2743,.T.);
#2770 = FACE_BOUND('',#2771,.T.);
#2771 = EDGE_LOOP('',(#2772));
#2772 = ORIENTED_EDGE('',*,*,#2142,.T.);
#2773 = ( GEOMETRIC_REPRESENTATION_CONTEXT(3) 
GLOBAL_UNCERTAINTY_ASSIGNED_CONTEXT((#2777)) 
GLOBAL_UNIT_ASSIGNED_CONTEXT((#2774,#2775,#2776)) REPRESENTATION_CONTEXT
('Context #1','3D Context with UNIT and UNCERTAINTY') );
#2774 = ( LENGTH_UNIT() NAMED_UNIT(*) SI_UNIT(.MILLI.,.METRE.) );
#2775 = ( NAMED_UNIT(*) PLANE_ANGLE_UNIT() SI_UNIT($,.RADIAN.) );
#2776 = ( NAMED_UNIT(*) SI_UNIT($,.STERADIAN.) SOLID_ANGLE_UNIT() );
#2777 = UNCERTAINTY_MEASURE_WITH_UNIT(LENGTH_MEASURE(5.E-04),#2774,
  'distance_accuracy_value','confusion accuracy');
#2778 = CONTEXT_DEPENDENT_SHAPE_REPRESENTATION(#2779,#2781);
#2779 = ( REPRESENTATION_RELATIONSHIP('','',#1531,#10) 
REPRESENTATION_RELATIONSHIP_WITH_TRANSFORMATION(#2780) 
SHAPE_REPRESENTATION_RELATIONSHIP() );
#2780 = ITEM_DEFINED_TRANSFORMATION('','',#11,#23);
#2781 = PRODUCT_DEFINITION_SHAPE('Placement','Placement of an item',
  #2782);
#2782 = NEXT_ASSEMBLY_USAGE_OCCURRENCE('3','','',#5,#1526,$);
#2783 = PRODUCT_RELATED_PRODUCT_CATEGORY('part',$,(#1528));
#2784 = SHAPE_DEFINITION_REPRESENTATION(#2785,#2791);
#2785 = PRODUCT_DEFINITION_SHAPE('','',#2786);
#2786 = PRODUCT_DEFINITION('design','',#2787,#2790);
#2787 = PRODUCT_DEFINITION_FORMATION('','',#2788);
#2788 = PRODUCT('Open CASCADE STEP translator 7.9 1.4',
  'Open CASCADE STEP translator 7.9 1.4','',(#2789));
#2789 = PRODUCT_CONTEXT('',#2,'mechanical');
#2790 = PRODUCT_DEFINITION_CONTEXT('part definition',#2,'design');
#2791 = ADVANCED_BREP_SHAPE_REPRESENTATION('',(#11,#2792),#4033);
#2792 = MANIFOLD_SOLID_BREP('',#2793);
#2793 = CLOSED_SHELL('',(#2794,#2924,#3264,#3340,#3432,#3436,#3485,#3721
    ,#3748,#3802,#3975,#4026));
#2794 = ADVANCED_FACE('',(#2795),#2810,.T.);
#2795 = FACE_BOUND('',#2796,.T.);
#2796 = EDGE_LOOP('',(#2797,#2837,#2865,#2898));
#2797 = ORIENTED_EDGE('',*,*,#2798,.T.);
#2798 = EDGE_CURVE('',#2799,#2801,#2803,.T.);
#2799 = VERTEX_POINT('',#2800);
#2800 = CARTESIAN_POINT('',(81.999999970198,11.,109.00000037252));
#2801 = VERTEX_POINT('',#2802);
#2802 = CARTESIAN_POINT('',(81.999999970198,23.,92.386752646693));
#2803 = SURFACE_CURVE('',#2804,(#2809,#2821),.PCURVE_S1.);
#2804 = CIRCLE('',#2805,17.5);
#2805 = AXIS2_PLACEMENT_3D('',#2806,#2807,#2808);
#2806 = CARTESIAN_POINT('',(81.999999970198,5.5,92.386752646693));
#2807 = DIRECTION('',(-1.,8.570213720248E-17,-1.110223024625E-16));
#2808 = DIRECTION('',(-7.846167195932E-17,0.314285714286,0.949328441476)
  );
#2809 = PCURVE('',#2810,#2815);
#2810 = CYLINDRICAL_SURFACE('',#2811,17.5);
#2811 = AXIS2_PLACEMENT_3D('',#2812,#2813,#2814);
#2812 = CARTESIAN_POINT('',(77.999999970198,5.5,92.386752646693));
#2813 = DIRECTION('',(-1.,9.95799250103E-17,-1.110223024625E-16));
#2814 = DIRECTION('',(-7.410008150543E-17,0.314285714286,0.949328441476)
  );
#2815 = DEFINITIONAL_REPRESENTATION('',(#2816),#2820);
#2816 = LINE('',#2817,#2818);
#2817 = CARTESIAN_POINT('',(0.,-4.));
#2818 = VECTOR('',#2819,1.);
#2819 = DIRECTION('',(1.,7.09922446343E-16));
#2820 = ( GEOMETRIC_REPRESENTATION_CONTEXT(2) 
PARAMETRIC_REPRESENTATION_CONTEXT() REPRESENTATION_CONTEXT('2D SPACE',''
  ) );
#2821 = PCURVE('',#2822,#2827);
#2822 = PLANE('',#2823);
#2823 = AXIS2_PLACEMENT_3D('',#2824,#2825,#2826);
#2824 = CARTESIAN_POINT('',(81.999999970198,19.,84.));
#2825 = DIRECTION('',(1.,-8.570213720248E-17,1.110223024625E-16));
#2826 = DIRECTION('',(1.110223024625E-16,0.,-1.));
#2827 = DEFINITIONAL_REPRESENTATION('',(#2828),#2836);
#2828 = ( BOUNDED_CURVE() B_SPLINE_CURVE(2,(#2829,#2830,#2831,#2832,
#2833,#2834,#2835),.UNSPECIFIED.,.T.,.F.) B_SPLINE_CURVE_WITH_KNOTS((1,2
    ,2,2,2,1),(-2.094395102393,0.,2.094395102393,4.188790204786,
6.28318530718,8.377580409573),.UNSPECIFIED.) CURVE() 
GEOMETRIC_REPRESENTATION_ITEM() RATIONAL_B_SPLINE_CURVE((1.,0.5,1.,0.5,
1.,0.5,1.)) REPRESENTATION_ITEM('') );
#2829 = CARTESIAN_POINT('',(-25.00000037252,-7.999999999994));
#2830 = CARTESIAN_POINT('',(-15.47372093088,20.774989139879));
#2831 = CARTESIAN_POINT('',(4.683010937044,-1.862505430067));
#2832 = CARTESIAN_POINT('',(24.839742804975,-24.50000000001));
#2833 = CARTESIAN_POINT('',(-4.843268504596,-30.63749456994));
#2834 = CARTESIAN_POINT('',(-34.52627981416,-36.77498913986));
#2835 = CARTESIAN_POINT('',(-25.00000037252,-7.999999999994));
#2836 = ( GEOMETRIC_REPRESENTATION_CONTEXT(2) 
PARAMETRIC_REPRESENTATION_CONTEXT() REPRESENTATION_CONTEXT('2D SPACE',''
  ) );
#2837 = ORIENTED_EDGE('',*,*,#2838,.T.);
#2838 = EDGE_CURVE('',#2801,#2839,#2841,.T.);
#2839 = VERTEX_POINT('',#2840);
#2840 = CARTESIAN_POINT('',(77.999999970198,23.,92.386752646693));
#2841 = SURFACE_CURVE('',#2842,(#2846,#2853),.PCURVE_S1.);
#2842 = LINE('',#2843,#2844);
#2843 = CARTESIAN_POINT('',(77.999999970198,23.,92.386752646693));
#2844 = VECTOR('',#2845,1.);
#2845 = DIRECTION('',(-1.,9.95799250103E-17,-1.110223024625E-16));
#2846 = PCURVE('',#2810,#2847);
#2847 = DEFINITIONAL_REPRESENTATION('',(#2848),#2852);
#2848 = LINE('',#2849,#2850);
#2849 = CARTESIAN_POINT('',(1.251092178132,1.7763568394E-15));
#2850 = VECTOR('',#2851,1.);
#2851 = DIRECTION('',(0.,1.));
#2852 = ( GEOMETRIC_REPRESENTATION_CONTEXT(2) 
PARAMETRIC_REPRESENTATION_CONTEXT() REPRESENTATION_CONTEXT('2D SPACE',''
  ) );
#2853 = PCURVE('',#2854,#2859);
#2854 = PLANE('',#2855);
#2855 = AXIS2_PLACEMENT_3D('',#2856,#2857,#2858);
#2856 = CARTESIAN_POINT('',(79.999999960264,23.,96.50000018626));
#2857 = DIRECTION('',(-9.95799250103E-17,-1.,-1.105559255369E-32));
#2858 = DIRECTION('',(-1.110223024625E-16,0.,1.));
#2859 = DEFINITIONAL_REPRESENTATION('',(#2860),#2864);
#2860 = LINE('',#2861,#2862);
#2861 = CARTESIAN_POINT('',(-4.113247539567,1.999999990066));
#2862 = VECTOR('',#2863,1.);
#2863 = DIRECTION('',(0.,1.));
#2864 = ( GEOMETRIC_REPRESENTATION_CONTEXT(2) 
PARAMETRIC_REPRESENTATION_CONTEXT() REPRESENTATION_CONTEXT('2D SPACE',''
  ) );
#2865 = ORIENTED_EDGE('',*,*,#2866,.T.);
#2866 = EDGE_CURVE('',#2839,#2867,#2869,.T.);
#2867 = VERTEX_POINT('',#2868);
#2868 = CARTESIAN_POINT('',(77.999999970198,11.,109.00000037252));
#2869 = SURFACE_CURVE('',#2870,(#2875,#2882),.PCURVE_S1.);
#2870 = CIRCLE('',#2871,17.5);
#2871 = AXIS2_PLACEMENT_3D('',#2872,#2873,#2874);
#2872 = CARTESIAN_POINT('',(77.999999970198,5.5,92.386752646693));
#2873 = DIRECTION('',(1.,-8.570213720248E-17,1.110223024625E-16));
#2874 = DIRECTION('',(-7.846167195932E-17,0.314285714286,0.949328441476)
  );
#2875 = PCURVE('',#2810,#2876);
#2876 = DEFINITIONAL_REPRESENTATION('',(#2877),#2881);
#2877 = LINE('',#2878,#2879);
#2878 = CARTESIAN_POINT('',(6.28318530718,2.22044604925E-16));
#2879 = VECTOR('',#2880,1.);
#2880 = DIRECTION('',(-1.,0.));
#2881 = ( GEOMETRIC_REPRESENTATION_CONTEXT(2) 
PARAMETRIC_REPRESENTATION_CONTEXT() REPRESENTATION_CONTEXT('2D SPACE',''
  ) );
#2882 = PCURVE('',#2883,#2888);
#2883 = PLANE('',#2884);
#2884 = AXIS2_PLACEMENT_3D('',#2885,#2886,#2887);
#2885 = CARTESIAN_POINT('',(77.999999970198,19.,4.000000372529));
#2886 = DIRECTION('',(-1.,8.570213720248E-17,-1.110223024625E-16));
#2887 = DIRECTION('',(-1.110223024625E-16,0.,1.));
#2888 = DEFINITIONAL_REPRESENTATION('',(#2889),#2897);
#2889 = ( BOUNDED_CURVE() B_SPLINE_CURVE(2,(#2890,#2891,#2892,#2893,
#2894,#2895,#2896),.UNSPECIFIED.,.T.,.F.) B_SPLINE_CURVE_WITH_KNOTS((1,2
    ,2,2,2,1),(-2.094395102393,0.,2.094395102393,4.188790204786,
6.28318530718,8.377580409573),.UNSPECIFIED.) CURVE() 
GEOMETRIC_REPRESENTATION_ITEM() RATIONAL_B_SPLINE_CURVE((1.,0.5,1.,0.5,
1.,0.5,1.)) REPRESENTATION_ITEM('') );
#2890 = CARTESIAN_POINT('',(104.99999999999,-7.999999999994));
#2891 = CARTESIAN_POINT('',(114.52627944163,-36.77498913986));
#2892 = CARTESIAN_POINT('',(84.843268132067,-30.63749456994));
#2893 = CARTESIAN_POINT('',(55.160256822496,-24.50000000001));
#2894 = CARTESIAN_POINT('',(75.316988690427,-1.862505430067));
#2895 = CARTESIAN_POINT('',(95.473720558358,20.774989139879));
#2896 = CARTESIAN_POINT('',(104.99999999999,-7.999999999994));
#2897 = ( GEOMETRIC_REPRESENTATION_CONTEXT(2) 
PARAMETRIC_REPRESENTATION_CONTEXT() REPRESENTATION_CONTEXT('2D SPACE',''
  ) );
#2898 = ORIENTED_EDGE('',*,*,#2899,.F.);
#2899 = EDGE_CURVE('',#2799,#2867,#2900,.T.);
#2900 = SURFACE_CURVE('',#2901,(#2905,#2912),.PCURVE_S1.);
#2901 = LINE('',#2902,#2903);
#2902 = CARTESIAN_POINT('',(77.999999970198,11.,109.00000037252));
#2903 = VECTOR('',#2904,1.);
#2904 = DIRECTION('',(-1.,9.95799250103E-17,-1.110223024625E-16));
#2905 = PCURVE('',#2810,#2906);
#2906 = DEFINITIONAL_REPRESENTATION('',(#2907),#2911);
#2907 = LINE('',#2908,#2909);
#2908 = CARTESIAN_POINT('',(0.,0.));
#2909 = VECTOR('',#2910,1.);
#2910 = DIRECTION('',(0.,1.));
#2911 = ( GEOMETRIC_REPRESENTATION_CONTEXT(2) 
PARAMETRIC_REPRESENTATION_CONTEXT() REPRESENTATION_CONTEXT('2D SPACE',''
  ) );
#2912 = PCURVE('',#2913,#2918);
#2913 = PLANE('',#2914);
#2914 = AXIS2_PLACEMENT_3D('',#2915,#2916,#2917);
#2915 = CARTESIAN_POINT('',(79.999999940395,11.,84.));
#2916 = DIRECTION('',(-8.570213720248E-17,-1.,-9.514848598178E-33));
#2917 = DIRECTION('',(-1.,8.570213720248E-17,-1.110223024625E-16));
#2918 = DEFINITIONAL_REPRESENTATION('',(#2919),#2923);
#2919 = LINE('',#2920,#2921);
#2920 = CARTESIAN_POINT('',(1.999999970197,-25.00000037252));
#2921 = VECTOR('',#2922,1.);
#2922 = DIRECTION('',(1.,0.));
#2923 = ( GEOMETRIC_REPRESENTATION_CONTEXT(2) 
PARAMETRIC_REPRESENTATION_CONTEXT() REPRESENTATION_CONTEXT('2D SPACE',''
  ) );
#2924 = ADVANCED_FACE('',(#2925),#2883,.T.);
#2925 = FACE_BOUND('',#2926,.T.);
#2926 = EDGE_LOOP('',(#2927,#2928,#2951,#3090,#3187,#3215,#3243));
#2927 = ORIENTED_EDGE('',*,*,#2866,.F.);
#2928 = ORIENTED_EDGE('',*,*,#2929,.F.);
#2929 = EDGE_CURVE('',#2930,#2839,#2932,.T.);
#2930 = VERTEX_POINT('',#2931);
#2931 = CARTESIAN_POINT('',(77.999999970198,23.,90.60272050457));
#2932 = SURFACE_CURVE('',#2933,(#2937,#2944),.PCURVE_S1.);
#2933 = LINE('',#2934,#2935);
#2934 = CARTESIAN_POINT('',(77.999999970198,23.,4.000000372529));
#2935 = VECTOR('',#2936,1.);
#2936 = DIRECTION('',(-1.110223024625E-16,0.,1.));
#2937 = PCURVE('',#2883,#2938);
#2938 = DEFINITIONAL_REPRESENTATION('',(#2939),#2943);
#2939 = LINE('',#2940,#2941);
#2940 = CARTESIAN_POINT('',(0.,4.));
#2941 = VECTOR('',#2942,1.);
#2942 = DIRECTION('',(1.,0.));
#2943 = ( GEOMETRIC_REPRESENTATION_CONTEXT(2) 
PARAMETRIC_REPRESENTATION_CONTEXT() REPRESENTATION_CONTEXT('2D SPACE',''
  ) );
#2944 = PCURVE('',#2854,#2945);
#2945 = DEFINITIONAL_REPRESENTATION('',(#2946),#2950);
#2946 = LINE('',#2947,#2948);
#2947 = CARTESIAN_POINT('',(-92.49999981373,1.999999990066));
#2948 = VECTOR('',#2949,1.);
#2949 = DIRECTION('',(1.,0.));
#2950 = ( GEOMETRIC_REPRESENTATION_CONTEXT(2) 
PARAMETRIC_REPRESENTATION_CONTEXT() REPRESENTATION_CONTEXT('2D SPACE',''
  ) );
#2951 = ORIENTED_EDGE('',*,*,#2952,.F.);
#2952 = EDGE_CURVE('',#2953,#2930,#2955,.T.);
#2953 = VERTEX_POINT('',#2954);
#2954 = CARTESIAN_POINT('',(77.999999970198,19.,84.000199339987));
#2955 = SURFACE_CURVE('',#2956,(#2973,#2993),.PCURVE_S1.);
#2956 = B_SPLINE_CURVE_WITH_KNOTS('',3,(#2957,#2958,#2959,#2960,#2961,
    #2962,#2963,#2964,#2965,#2966,#2967,#2968,#2969,#2970,#2971,#2972),
  .UNSPECIFIED.,.F.,.F.,(4,2,2,2,2,2,2,4),(1.790801908198,1.964818974928
    ,2.138855975421,2.225285273565,2.31171457171,2.406354856116,
    2.500995140522,2.591213604045),.UNSPECIFIED.);
#2957 = CARTESIAN_POINT('',(77.999999970198,19.,84.000199339987));
#2958 = CARTESIAN_POINT('',(77.999999970198,19.,84.580269914661));
#2959 = CARTESIAN_POINT('',(77.999999970198,18.990339307398,
    85.220072249475));
#2960 = CARTESIAN_POINT('',(77.999999970198,19.114631353163,
    86.474439531157));
#2961 = CARTESIAN_POINT('',(77.999999970198,19.258616745824,
    87.087988672138));
#2962 = CARTESIAN_POINT('',(77.999999970198,19.591011644076,
    87.890061816291));
#2963 = CARTESIAN_POINT('',(77.999999970198,19.734404710602,
    88.171878439113));
#2964 = CARTESIAN_POINT('',(77.999999970198,20.072860382179,
    88.702316257817));
#2965 = CARTESIAN_POINT('',(77.999999970198,20.26799142087,
    88.950893785242));
#2966 = CARTESIAN_POINT('',(77.999999970198,20.67960630047,
    89.39232807512));
#2967 = CARTESIAN_POINT('',(77.999999970198,20.937948255308,
    89.622305343421));
#2968 = CARTESIAN_POINT('',(77.999999970198,21.498984629393,
    90.019449164785));
#2969 = CARTESIAN_POINT('',(77.999999970198,21.801697305557,
    90.186589926075));
#2970 = CARTESIAN_POINT('',(77.999999970198,22.367099734014,
    90.4315743958));
#2971 = CARTESIAN_POINT('',(77.999999970198,22.679553687755,
    90.534374741473));
#2972 = CARTESIAN_POINT('',(77.999999970198,23.,90.60272050457));
#2973 = PCURVE('',#2883,#2974);
#2974 = DEFINITIONAL_REPRESENTATION('',(#2975),#2992);
#2975 = B_SPLINE_CURVE_WITH_KNOTS('',3,(#2976,#2977,#2978,#2979,#2980,
    #2981,#2982,#2983,#2984,#2985,#2986,#2987,#2988,#2989,#2990,#2991),
  .UNSPECIFIED.,.F.,.F.,(4,2,2,2,2,2,2,4),(1.790801908198,1.964818974928
    ,2.138855975421,2.225285273565,2.31171457171,2.406354856116,
    2.500995140522,2.591213604045),.UNSPECIFIED.);
#2976 = CARTESIAN_POINT('',(80.000198967458,0.));
#2977 = CARTESIAN_POINT('',(80.580269542132,0.));
#2978 = CARTESIAN_POINT('',(81.220071876946,-9.660692602001E-03));
#2979 = CARTESIAN_POINT('',(82.474439158628,0.114631353163));
#2980 = CARTESIAN_POINT('',(83.087988299609,0.258616745824));
#2981 = CARTESIAN_POINT('',(83.890061443762,0.591011644076));
#2982 = CARTESIAN_POINT('',(84.171878066584,0.734404710602));
#2983 = CARTESIAN_POINT('',(84.702315885288,1.072860382179));
#2984 = CARTESIAN_POINT('',(84.950893412713,1.26799142087));
#2985 = CARTESIAN_POINT('',(85.392327702591,1.67960630047));
#2986 = CARTESIAN_POINT('',(85.622304970892,1.937948255308));
#2987 = CARTESIAN_POINT('',(86.019448792256,2.498984629393));
#2988 = CARTESIAN_POINT('',(86.186589553546,2.801697305557));
#2989 = CARTESIAN_POINT('',(86.431574023271,3.367099734014));
#2990 = CARTESIAN_POINT('',(86.534374368944,3.679553687755));
#2991 = CARTESIAN_POINT('',(86.602720132041,4.));
#2992 = ( GEOMETRIC_REPRESENTATION_CONTEXT(2) 
PARAMETRIC_REPRESENTATION_CONTEXT() REPRESENTATION_CONTEXT('2D SPACE',''
  ) );
#2993 = PCURVE('',#2994,#3040);
#2994 = ( BOUNDED_SURFACE() B_SPLINE_SURFACE(2,2,(
    (#2995,#2996,#2997,#2998,#2999,#3000,#3001,#3002,#3003)
    ,(#3004,#3005,#3006,#3007,#3008,#3009,#3010,#3011,#3012)
    ,(#3013,#3014,#3015,#3016,#3017,#3018,#3019,#3020,#3021)
    ,(#3022,#3023,#3024,#3025,#3026,#3027,#3028,#3029,#3030)
    ,(#3031,#3032,#3033,#3034,#3035,#3036,#3037,#3038,#3039
)),.UNSPECIFIED.,.F.,.T.,.F.) B_SPLINE_SURFACE_WITH_KNOTS((3,2,3),(1,2,2
    ,2,2,2,1),(-1.394118950144E-16,0.785398166378,1.570796332755),(
    -4.712388980385,-3.14159265359,-1.570796326795,0.,1.570796326795,
    3.14159265359,4.712388980385),.UNSPECIFIED.) 
GEOMETRIC_REPRESENTATION_ITEM() RATIONAL_B_SPLINE_SURFACE((
    (1.,0.707106781187,1.,0.707106781187,1.,0.707106781187,1.
      ,0.707106781187,1.)
    ,(0.923879531941,0.653281482035,0.923879531941,0.653281482035
      ,0.923879531941,0.653281482035,0.923879531941,0.653281482035
      ,0.923879531941)
    ,(1.,0.707106781187,1.,0.707106781187,1.,0.707106781187,1.
      ,0.707106781187,1.)
    ,(0.923879531941,0.653281482035,0.923879531941,0.653281482035
      ,0.923879531941,0.653281482035,0.923879531941,0.653281482035
      ,0.923879531941)
    ,(1.,0.707106781187,1.,0.707106781187,1.,0.707106781187,1.
,0.707106781187,1.))) REPRESENTATION_ITEM('') SURFACE() );
#2995 = CARTESIAN_POINT('',(86.999999940395,24.,84.));
#2996 = CARTESIAN_POINT('',(86.999999940395,24.,91.));
#2997 = CARTESIAN_POINT('',(79.999999940395,24.,91.));
#2998 = CARTESIAN_POINT('',(72.999999940395,24.,91.));
#2999 = CARTESIAN_POINT('',(72.999999940395,24.,84.));
#3000 = CARTESIAN_POINT('',(72.999999940395,24.,77.));
#3001 = CARTESIAN_POINT('',(79.999999940395,24.,77.));
#3002 = CARTESIAN_POINT('',(86.999999940395,24.,77.));
#3003 = CARTESIAN_POINT('',(86.999999940395,24.,84.));
#3004 = CARTESIAN_POINT('',(86.999999940395,21.928932179406,84.));
#3005 = CARTESIAN_POINT('',(86.999999940395,21.928932179406,91.));
#3006 = CARTESIAN_POINT('',(79.999999940395,21.928932179406,91.));
#3007 = CARTESIAN_POINT('',(72.999999940395,21.928932179406,91.));
#3008 = CARTESIAN_POINT('',(72.999999940395,21.928932179406,84.));
#3009 = CARTESIAN_POINT('',(72.999999940395,21.928932179406,77.));
#3010 = CARTESIAN_POINT('',(79.999999940395,21.928932179406,77.));
#3011 = CARTESIAN_POINT('',(86.999999940395,21.928932179406,77.));
#3012 = CARTESIAN_POINT('',(86.999999940395,21.928932179406,84.));
#3013 = CARTESIAN_POINT('',(85.535533835791,20.46446608353,84.));
#3014 = CARTESIAN_POINT('',(85.535533835791,20.46446608353,
    89.535533895396));
#3015 = CARTESIAN_POINT('',(79.999999940395,20.46446608353,
    89.535533895396));
#3016 = CARTESIAN_POINT('',(74.464466044999,20.46446608353,
    89.535533895396));
#3017 = CARTESIAN_POINT('',(74.464466044999,20.46446608353,84.));
#3018 = CARTESIAN_POINT('',(74.464466044999,20.46446608353,
    78.464466104604));
#3019 = CARTESIAN_POINT('',(79.999999940395,20.46446608353,
    78.464466104604));
#3020 = CARTESIAN_POINT('',(85.535533835791,20.46446608353,
    78.464466104604));
#3021 = CARTESIAN_POINT('',(85.535533835791,20.46446608353,84.));
#3022 = CARTESIAN_POINT('',(84.071067731187,18.999999987655,84.));
#3023 = CARTESIAN_POINT('',(84.071067731187,18.999999987655,
    88.071067790792));
#3024 = CARTESIAN_POINT('',(79.999999940395,18.999999987655,
    88.071067790792));
#3025 = CARTESIAN_POINT('',(75.928932149603,18.999999987655,
    88.071067790792));
#3026 = CARTESIAN_POINT('',(75.928932149603,18.999999987655,84.));
#3027 = CARTESIAN_POINT('',(75.928932149603,18.999999987655,
    79.928932209208));
#3028 = CARTESIAN_POINT('',(79.999999940395,18.999999987655,
    79.928932209208));
#3029 = CARTESIAN_POINT('',(84.071067731187,18.999999987655,
    79.928932209208));
#3030 = CARTESIAN_POINT('',(84.071067731187,18.999999987655,84.));
#3031 = CARTESIAN_POINT('',(81.999999910593,19.,84.));
#3032 = CARTESIAN_POINT('',(81.999999910593,19.,85.999999970198));
#3033 = CARTESIAN_POINT('',(79.999999940395,19.,85.999999970198));
#3034 = CARTESIAN_POINT('',(77.999999970198,19.,85.999999970198));
#3035 = CARTESIAN_POINT('',(77.999999970198,19.,84.));
#3036 = CARTESIAN_POINT('',(77.999999970198,19.,82.000000029802));
#3037 = CARTESIAN_POINT('',(79.999999940395,19.,82.000000029802));
#3038 = CARTESIAN_POINT('',(81.999999910593,19.,82.000000029802));
#3039 = CARTESIAN_POINT('',(81.999999910593,19.,84.));
#3040 = DEFINITIONAL_REPRESENTATION('',(#3041),#3089);
#3041 = B_SPLINE_CURVE_WITH_KNOTS('',3,(#3042,#3043,#3044,#3045,#3046,
    #3047,#3048,#3049,#3050,#3051,#3052,#3053,#3054,#3055,#3056,#3057,
    #3058,#3059,#3060,#3061,#3062,#3063,#3064,#3065,#3066,#3067,#3068,
    #3069,#3070,#3071,#3072,#3073,#3074,#3075,#3076,#3077,#3078,#3079,
    #3080,#3081,#3082,#3083,#3084,#3085,#3086,#3087,#3088),
  .UNSPECIFIED.,.F.,.F.,(4,1,1,1,1,1,1,1,1,1,1,1,1,1,1,1,1,1,1,1,1,1,1,1
    ,1,1,1,1,1,1,1,1,1,1,1,1,1,1,1,1,1,1,1,1,4),(1.790801908198,
    1.808993083104,1.827184258009,1.845375432915,1.86356660782,
    1.881757782726,1.899948957632,1.918140132537,1.936331307443,
    1.954522482349,1.972713657254,1.99090483216,2.009096007065,
    2.027287181971,2.045478356877,2.063669531782,2.081860706688,
    2.100051881593,2.118243056499,2.136434231405,2.15462540631,
    2.172816581216,2.191007756122,2.209198931027,2.227390105933,
    2.245581280838,2.263772455744,2.28196363065,2.300154805555,
    2.318345980461,2.336537155367,2.354728330272,2.372919505178,
    2.391110680083,2.409301854989,2.427493029895,2.4456842048,
    2.463875379706,2.482066554611,2.500257729517,2.518448904423,
    2.536640079328,2.554831254234,2.57302242914,2.591213604045),
  .UNSPECIFIED.);
#3042 = CARTESIAN_POINT('',(1.570796332755,-1.10703244577E-04));
#3043 = CARTESIAN_POINT('',(1.570806258176,-3.380443607064E-02));
#3044 = CARTESIAN_POINT('',(1.569651783337,-0.100579580048));
#3045 = CARTESIAN_POINT('',(1.564389946768,-0.19764582668));
#3046 = CARTESIAN_POINT('',(1.555539664111,-0.290244541003));
#3047 = CARTESIAN_POINT('',(1.543221724352,-0.377395115367));
#3048 = CARTESIAN_POINT('',(1.527650439557,-0.458443576074));
#3049 = CARTESIAN_POINT('',(1.509119721657,-0.53308134159));
#3050 = CARTESIAN_POINT('',(1.487965565552,-0.601286923607));
#3051 = CARTESIAN_POINT('',(1.464538162113,-0.663257935922));
#3052 = CARTESIAN_POINT('',(1.43917809146,-0.71933822394));
#3053 = CARTESIAN_POINT('',(1.412203226203,-0.769957376322));
#3054 = CARTESIAN_POINT('',(1.383883902472,-0.815568606557));
#3055 = CARTESIAN_POINT('',(1.354472733692,-0.856656960165));
#3056 = CARTESIAN_POINT('',(1.324193059353,-0.89367995436));
#3057 = CARTESIAN_POINT('',(1.293240673979,-0.927061945233));
#3058 = CARTESIAN_POINT('',(1.261787176849,-0.957186967575));
#3059 = CARTESIAN_POINT('',(1.229976779138,-0.984401501569));
#3060 = CARTESIAN_POINT('',(1.197948767964,-1.009003322));
#3061 = CARTESIAN_POINT('',(1.165763529464,-1.031290726111));
#3062 = CARTESIAN_POINT('',(1.133687613247,-1.051392190364));
#3063 = CARTESIAN_POINT('',(1.101137744011,-1.069917649715));
#3064 = CARTESIAN_POINT('',(1.06679895515,-1.087670257469));
#3065 = CARTESIAN_POINT('',(1.03134047277,-1.104299214337));
#3066 = CARTESIAN_POINT('',(0.994926892012,-1.119799955988));
#3067 = CARTESIAN_POINT('',(0.957852793714,-1.134114026518));
#3068 = CARTESIAN_POINT('',(0.920369464399,-1.147231055595));
#3069 = CARTESIAN_POINT('',(0.882750633716,-1.159195707157));
#3070 = CARTESIAN_POINT('',(0.845323105065,-1.170039313205));
#3071 = CARTESIAN_POINT('',(0.808277502991,-1.179833052979));
#3072 = CARTESIAN_POINT('',(0.772369949603,-1.188491805782));
#3073 = CARTESIAN_POINT('',(0.735418321802,-1.196746779168));
#3074 = CARTESIAN_POINT('',(0.6976322479,-1.204549576209));
#3075 = CARTESIAN_POINT('',(0.659270362137,-1.211859350221));
#3076 = CARTESIAN_POINT('',(0.620562985409,-1.218644019418));
#3077 = CARTESIAN_POINT('',(0.581728555797,-1.224875350113));
#3078 = CARTESIAN_POINT('',(0.542968642973,-1.230536390852));
#3079 = CARTESIAN_POINT('',(0.504486122922,-1.235653372768));
#3080 = CARTESIAN_POINT('',(0.466526649504,-1.240241409304));
#3081 = CARTESIAN_POINT('',(0.429215391755,-1.244325468547));
#3082 = CARTESIAN_POINT('',(0.393151951779,-1.247882867513));
#3083 = CARTESIAN_POINT('',(0.357180593037,-1.251052583133));
#3084 = CARTESIAN_POINT('',(0.319719555815,-1.253979465897));
#3085 = CARTESIAN_POINT('',(0.281489488352,-1.256593482533));
#3086 = CARTESIAN_POINT('',(0.242591287136,-1.258882985167));
#3087 = CARTESIAN_POINT('',(0.216382989551,-1.260174864864));
#3088 = CARTESIAN_POINT('',(0.203244829326,-1.260758401788));
#3089 = ( GEOMETRIC_REPRESENTATION_CONTEXT(2) 
PARAMETRIC_REPRESENTATION_CONTEXT() REPRESENTATION_CONTEXT('2D SPACE',''
  ) );
#3090 = ORIENTED_EDGE('',*,*,#3091,.F.);
#3091 = EDGE_CURVE('',#3092,#2953,#3094,.T.);
#3092 = VERTEX_POINT('',#3093);
#3093 = CARTESIAN_POINT('',(77.999999970198,23.,77.39727949543));
#3094 = SURFACE_CURVE('',#3095,(#3114,#3136),.PCURVE_S1.);
#3095 = B_SPLINE_CURVE_WITH_KNOTS('',3,(#3096,#3097,#3098,#3099,#3100,
    #3101,#3102,#3103,#3104,#3105,#3106,#3107,#3108,#3109,#3110,#3111,
    #3112,#3113),.UNSPECIFIED.,.F.,.F.,(4,2,2,2,2,2,2,2,4),(
    0.990350344824,1.080568808347,1.175209092753,1.269849377159,
    1.356278675304,1.442707973448,1.616744973941,1.790781974434,
    1.790801908198),.UNSPECIFIED.);
#3096 = CARTESIAN_POINT('',(77.999999970198,23.,77.39727949543));
#3097 = CARTESIAN_POINT('',(77.999999970198,22.679553687755,
    77.465625258527));
#3098 = CARTESIAN_POINT('',(77.999999970198,22.367099734014,
    77.5684256042));
#3099 = CARTESIAN_POINT('',(77.999999970198,21.801697305557,
    77.813410073925));
#3100 = CARTESIAN_POINT('',(77.999999970198,21.498984629393,
    77.980550835215));
#3101 = CARTESIAN_POINT('',(77.999999970198,20.937948255308,
    78.377694656579));
#3102 = CARTESIAN_POINT('',(77.999999970198,20.67960630047,
    78.60767192488));
#3103 = CARTESIAN_POINT('',(77.999999970198,20.26799142087,
    79.049106214758));
#3104 = CARTESIAN_POINT('',(77.999999970198,20.072860382179,
    79.297683742183));
#3105 = CARTESIAN_POINT('',(77.999999970198,19.734404710602,
    79.828121560887));
#3106 = CARTESIAN_POINT('',(77.999999970198,19.591011644076,
    80.109938183709));
#3107 = CARTESIAN_POINT('',(77.999999970198,19.258616745824,
    80.912011327862));
#3108 = CARTESIAN_POINT('',(77.999999970198,19.114631353163,
    81.525560468843));
#3109 = CARTESIAN_POINT('',(77.999999970198,18.99033218894,
    82.779999590687));
#3110 = CARTESIAN_POINT('',(77.999999970198,19.,83.419876665023));
#3111 = CARTESIAN_POINT('',(77.999999970198,19.,84.000066445878));
#3112 = CARTESIAN_POINT('',(77.999999970198,19.,84.000132892541));
#3113 = CARTESIAN_POINT('',(77.999999970198,19.,84.000199339987));
#3114 = PCURVE('',#2883,#3115);
#3115 = DEFINITIONAL_REPRESENTATION('',(#3116),#3135);
#3116 = B_SPLINE_CURVE_WITH_KNOTS('',3,(#3117,#3118,#3119,#3120,#3121,
    #3122,#3123,#3124,#3125,#3126,#3127,#3128,#3129,#3130,#3131,#3132,
    #3133,#3134),.UNSPECIFIED.,.F.,.F.,(4,2,2,2,2,2,2,2,4),(
    0.990350344824,1.080568808347,1.175209092753,1.269849377159,
    1.356278675304,1.442707973448,1.616744973941,1.790781974434,
    1.790801908198),.UNSPECIFIED.);
#3117 = CARTESIAN_POINT('',(73.397279122901,4.));
#3118 = CARTESIAN_POINT('',(73.465624885998,3.679553687755));
#3119 = CARTESIAN_POINT('',(73.568425231671,3.367099734014));
#3120 = CARTESIAN_POINT('',(73.813409701396,2.801697305557));
#3121 = CARTESIAN_POINT('',(73.980550462686,2.498984629393));
#3122 = CARTESIAN_POINT('',(74.37769428405,1.937948255308));
#3123 = CARTESIAN_POINT('',(74.607671552351,1.67960630047));
#3124 = CARTESIAN_POINT('',(75.049105842229,1.26799142087));
#3125 = CARTESIAN_POINT('',(75.297683369654,1.072860382179));
#3126 = CARTESIAN_POINT('',(75.828121188358,0.734404710602));
#3127 = CARTESIAN_POINT('',(76.10993781118,0.591011644076));
#3128 = CARTESIAN_POINT('',(76.912010955333,0.258616745824));
#3129 = CARTESIAN_POINT('',(77.525560096314,0.114631353163));
#3130 = CARTESIAN_POINT('',(78.779999218158,-9.667811060002E-03));
#3131 = CARTESIAN_POINT('',(79.419876292494,0.));
#3132 = CARTESIAN_POINT('',(80.000066073349,0.));
#3133 = CARTESIAN_POINT('',(80.000132520012,0.));
#3134 = CARTESIAN_POINT('',(80.000198967458,0.));
#3135 = ( GEOMETRIC_REPRESENTATION_CONTEXT(2) 
PARAMETRIC_REPRESENTATION_CONTEXT() REPRESENTATION_CONTEXT('2D SPACE',''
  ) );
#3136 = PCURVE('',#2994,#3137);
#3137 = DEFINITIONAL_REPRESENTATION('',(#3138),#3186);
#3138 = B_SPLINE_CURVE_WITH_KNOTS('',3,(#3139,#3140,#3141,#3142,#3143,
    #3144,#3145,#3146,#3147,#3148,#3149,#3150,#3151,#3152,#3153,#3154,
    #3155,#3156,#3157,#3158,#3159,#3160,#3161,#3162,#3163,#3164,#3165,
    #3166,#3167,#3168,#3169,#3170,#3171,#3172,#3173,#3174,#3175,#3176,
    #3177,#3178,#3179,#3180,#3181,#3182,#3183,#3184,#3185),
  .UNSPECIFIED.,.F.,.F.,(4,1,1,1,1,1,1,1,1,1,1,1,1,1,1,1,1,1,1,1,1,1,1,1
    ,1,1,1,1,1,1,1,1,1,1,1,1,1,1,1,1,1,1,1,1,4),(0.990350344824,
    1.00854242581,1.026734506795,1.044926587781,1.063118668767,
    1.081310749753,1.099502830738,1.117694911724,1.13588699271,
    1.154079073696,1.172271154682,1.190463235667,1.208655316653,
    1.226847397639,1.245039478625,1.26323155961,1.281423640596,
    1.299615721582,1.317807802568,1.335999883554,1.354191964539,
    1.372384045525,1.390576126511,1.408768207497,1.426960288482,
    1.445152369468,1.463344450454,1.48153653144,1.499728612426,
    1.517920693411,1.536112774397,1.554304855383,1.572496936369,
    1.590689017354,1.60888109834,1.627073179326,1.645265260312,
    1.663457341298,1.681649422283,1.699841503269,1.718033584255,
    1.736225665241,1.754417746226,1.772609827212,1.790801908198),
  .UNSPECIFIED.);
#3139 = CARTESIAN_POINT('',(0.203244829326,1.260758401788));
#3140 = CARTESIAN_POINT('',(0.216383643826,1.260174835797));
#3141 = CARTESIAN_POINT('',(0.242593242677,1.258882885616));
#3142 = CARTESIAN_POINT('',(0.281493348474,1.256593242936));
#3143 = CARTESIAN_POINT('',(0.319725214592,1.25397905796));
#3144 = CARTESIAN_POINT('',(0.357188001944,1.251051973076));
#3145 = CARTESIAN_POINT('',(0.393160680132,1.247882059315));
#3146 = CARTESIAN_POINT('',(0.429226417723,1.244324329464));
#3147 = CARTESIAN_POINT('',(0.466539753801,1.240239908484));
#3148 = CARTESIAN_POINT('',(0.504501364678,1.235651448478));
#3149 = CARTESIAN_POINT('',(0.542985965982,1.230533985882));
#3150 = CARTESIAN_POINT('',(0.581747896409,1.224872399078));
#3151 = CARTESIAN_POINT('',(0.620584247331,1.218640460142));
#3152 = CARTESIAN_POINT('',(0.659293427883,1.211855142537));
#3153 = CARTESIAN_POINT('',(0.697656917638,1.204544693018));
#3154 = CARTESIAN_POINT('',(0.735444494084,1.196741162237));
#3155 = CARTESIAN_POINT('',(0.772396950399,1.188485563354));
#3156 = CARTESIAN_POINT('',(0.808306584518,1.179825730287));
#3157 = CARTESIAN_POINT('',(0.845354675117,1.17003059669));
#3158 = CARTESIAN_POINT('',(0.882784317317,1.159185506963));
#3159 = CARTESIAN_POINT('',(0.920405049361,1.147219213063));
#3160 = CARTESIAN_POINT('',(0.957889981146,1.13410038669));
#3161 = CARTESIAN_POINT('',(0.994965378117,1.119784377727));
#3162 = CARTESIAN_POINT('',(1.031379928056,1.104281611435));
#3163 = CARTESIAN_POINT('',(1.066838958479,1.087650595387));
#3164 = CARTESIAN_POINT('',(1.101177983396,1.069895835822));
#3165 = CARTESIAN_POINT('',(1.133727175058,1.051368607226));
#3166 = CARTESIAN_POINT('',(1.165805343989,1.031263252094));
#3167 = CARTESIAN_POINT('',(1.197991919644,1.008971915119));
#3168 = CARTESIAN_POINT('',(1.23002133946,0.984365468325));
#3169 = CARTESIAN_POINT('',(1.26183290246,0.957145680919));
#3170 = CARTESIAN_POINT('',(1.293287347649,0.92701463769));
#3171 = CARTESIAN_POINT('',(1.324240389891,0.893625759625));
#3172 = CARTESIAN_POINT('',(1.354520372536,0.856594889772));
#3173 = CARTESIAN_POINT('',(1.383931430295,0.815497552111));
#3174 = CARTESIAN_POINT('',(1.412250139893,0.769876105096));
#3175 = CARTESIAN_POINT('',(1.439223820113,0.719245431044));
#3176 = CARTESIAN_POINT('',(1.464582034288,0.663152304002));
#3177 = CARTESIAN_POINT('',(1.488006792899,0.601167151099));
#3178 = CARTESIAN_POINT('',(1.509157434381,0.532946287517));
#3179 = CARTESIAN_POINT('',(1.527683716423,0.458292407716));
#3180 = CARTESIAN_POINT('',(1.543249647242,0.377227492726));
#3181 = CARTESIAN_POINT('',(1.555561388323,0.290060798954));
#3182 = CARTESIAN_POINT('',(1.56440478302,0.197447104869));
#3183 = CARTESIAN_POINT('',(1.569659272254,0.100367878155));
#3184 = CARTESIAN_POINT('',(1.570808741423,3.358588139137E-02));
#3185 = CARTESIAN_POINT('',(1.570796332755,-1.107032445771E-04));
#3186 = ( GEOMETRIC_REPRESENTATION_CONTEXT(2) 
PARAMETRIC_REPRESENTATION_CONTEXT() REPRESENTATION_CONTEXT('2D SPACE',''
  ) );
#3187 = ORIENTED_EDGE('',*,*,#3188,.F.);
#3188 = EDGE_CURVE('',#3189,#3092,#3191,.T.);
#3189 = VERTEX_POINT('',#3190);
#3190 = CARTESIAN_POINT('',(77.999999970198,23.,4.000000372529));
#3191 = SURFACE_CURVE('',#3192,(#3196,#3203),.PCURVE_S1.);
#3192 = LINE('',#3193,#3194);
#3193 = CARTESIAN_POINT('',(77.999999970198,23.,4.000000372529));
#3194 = VECTOR('',#3195,1.);
#3195 = DIRECTION('',(-1.110223024625E-16,0.,1.));
#3196 = PCURVE('',#2883,#3197);
#3197 = DEFINITIONAL_REPRESENTATION('',(#3198),#3202);
#3198 = LINE('',#3199,#3200);
#3199 = CARTESIAN_POINT('',(0.,4.));
#3200 = VECTOR('',#3201,1.);
#3201 = DIRECTION('',(1.,0.));
#3202 = ( GEOMETRIC_REPRESENTATION_CONTEXT(2) 
PARAMETRIC_REPRESENTATION_CONTEXT() REPRESENTATION_CONTEXT('2D SPACE',''
  ) );
#3203 = PCURVE('',#3204,#3209);
#3204 = PLANE('',#3205);
#3205 = AXIS2_PLACEMENT_3D('',#3206,#3207,#3208);
#3206 = CARTESIAN_POINT('',(79.999999955297,23.,44.000099856258));
#3207 = DIRECTION('',(-9.95799250103E-17,-1.,-1.105559255369E-32));
#3208 = DIRECTION('',(-1.110223024625E-16,0.,1.));
#3209 = DEFINITIONAL_REPRESENTATION('',(#3210),#3214);
#3210 = LINE('',#3211,#3212);
#3211 = CARTESIAN_POINT('',(-40.00009948372,1.999999985099));
#3212 = VECTOR('',#3213,1.);
#3213 = DIRECTION('',(1.,0.));
#3214 = ( GEOMETRIC_REPRESENTATION_CONTEXT(2) 
PARAMETRIC_REPRESENTATION_CONTEXT() REPRESENTATION_CONTEXT('2D SPACE',''
  ) );
#3215 = ORIENTED_EDGE('',*,*,#3216,.F.);
#3216 = EDGE_CURVE('',#3217,#3189,#3219,.T.);
#3217 = VERTEX_POINT('',#3218);
#3218 = CARTESIAN_POINT('',(77.999999970198,11.,4.000000372529));
#3219 = SURFACE_CURVE('',#3220,(#3224,#3231),.PCURVE_S1.);
#3220 = LINE('',#3221,#3222);
#3221 = CARTESIAN_POINT('',(77.999999970198,19.,4.000000372529));
#3222 = VECTOR('',#3223,1.);
#3223 = DIRECTION('',(8.570213720248E-17,1.,9.514848598178E-33));
#3224 = PCURVE('',#2883,#3225);
#3225 = DEFINITIONAL_REPRESENTATION('',(#3226),#3230);
#3226 = LINE('',#3227,#3228);
#3227 = CARTESIAN_POINT('',(0.,0.));
#3228 = VECTOR('',#3229,1.);
#3229 = DIRECTION('',(0.,1.));
#3230 = ( GEOMETRIC_REPRESENTATION_CONTEXT(2) 
PARAMETRIC_REPRESENTATION_CONTEXT() REPRESENTATION_CONTEXT('2D SPACE',''
  ) );
#3231 = PCURVE('',#3232,#3237);
#3232 = PLANE('',#3233);
#3233 = AXIS2_PLACEMENT_3D('',#3234,#3235,#3236);
#3234 = CARTESIAN_POINT('',(81.999999970198,19.,4.000000372529));
#3235 = DIRECTION('',(1.110223024625E-16,0.,-1.));
#3236 = DIRECTION('',(-1.,9.95799250103E-17,-1.110223024625E-16));
#3237 = DEFINITIONAL_REPRESENTATION('',(#3238),#3242);
#3238 = LINE('',#3239,#3240);
#3239 = CARTESIAN_POINT('',(4.,-3.983197000412E-16));
#3240 = VECTOR('',#3241,1.);
#3241 = DIRECTION('',(1.387778780782E-17,1.));
#3242 = ( GEOMETRIC_REPRESENTATION_CONTEXT(2) 
PARAMETRIC_REPRESENTATION_CONTEXT() REPRESENTATION_CONTEXT('2D SPACE',''
  ) );
#3243 = ORIENTED_EDGE('',*,*,#3244,.F.);
#3244 = EDGE_CURVE('',#2867,#3217,#3245,.T.);
#3245 = SURFACE_CURVE('',#3246,(#3250,#3257),.PCURVE_S1.);
#3246 = LINE('',#3247,#3248);
#3247 = CARTESIAN_POINT('',(77.999999970198,11.,4.000000372529));
#3248 = VECTOR('',#3249,1.);
#3249 = DIRECTION('',(1.110223024625E-16,0.,-1.));
#3250 = PCURVE('',#2883,#3251);
#3251 = DEFINITIONAL_REPRESENTATION('',(#3252),#3256);
#3252 = LINE('',#3253,#3254);
#3253 = CARTESIAN_POINT('',(0.,-8.));
#3254 = VECTOR('',#3255,1.);
#3255 = DIRECTION('',(-1.,0.));
#3256 = ( GEOMETRIC_REPRESENTATION_CONTEXT(2) 
PARAMETRIC_REPRESENTATION_CONTEXT() REPRESENTATION_CONTEXT('2D SPACE',''
  ) );
#3257 = PCURVE('',#2913,#3258);
#3258 = DEFINITIONAL_REPRESENTATION('',(#3259),#3263);
#3259 = LINE('',#3260,#3261);
#3260 = CARTESIAN_POINT('',(1.999999970197,79.999999627471));
#3261 = VECTOR('',#3262,1.);
#3262 = DIRECTION('',(0.,1.));
#3263 = ( GEOMETRIC_REPRESENTATION_CONTEXT(2) 
PARAMETRIC_REPRESENTATION_CONTEXT() REPRESENTATION_CONTEXT('2D SPACE',''
  ) );
#3264 = ADVANCED_FACE('',(#3265),#2854,.F.);
#3265 = FACE_BOUND('',#3266,.T.);
#3266 = EDGE_LOOP('',(#3267,#3268,#3291,#3339));
#3267 = ORIENTED_EDGE('',*,*,#2838,.F.);
#3268 = ORIENTED_EDGE('',*,*,#3269,.T.);
#3269 = EDGE_CURVE('',#2801,#3270,#3272,.T.);
#3270 = VERTEX_POINT('',#3271);
#3271 = CARTESIAN_POINT('',(81.999999970198,23.,90.602720486516));
#3272 = SURFACE_CURVE('',#3273,(#3277,#3284),.PCURVE_S1.);
#3273 = LINE('',#3274,#3275);
#3274 = CARTESIAN_POINT('',(81.999999970198,23.,109.00000037252));
#3275 = VECTOR('',#3276,1.);
#3276 = DIRECTION('',(1.110223024625E-16,0.,-1.));
#3277 = PCURVE('',#2854,#3278);
#3278 = DEFINITIONAL_REPRESENTATION('',(#3279),#3283);
#3279 = LINE('',#3280,#3281);
#3280 = CARTESIAN_POINT('',(12.50000018626,-2.000000009934));
#3281 = VECTOR('',#3282,1.);
#3282 = DIRECTION('',(-1.,0.));
#3283 = ( GEOMETRIC_REPRESENTATION_CONTEXT(2) 
PARAMETRIC_REPRESENTATION_CONTEXT() REPRESENTATION_CONTEXT('2D SPACE',''
  ) );
#3284 = PCURVE('',#2822,#3285);
#3285 = DEFINITIONAL_REPRESENTATION('',(#3286),#3290);
#3286 = LINE('',#3287,#3288);
#3287 = CARTESIAN_POINT('',(-25.00000037252,4.));
#3288 = VECTOR('',#3289,1.);
#3289 = DIRECTION('',(1.,0.));
#3290 = ( GEOMETRIC_REPRESENTATION_CONTEXT(2) 
PARAMETRIC_REPRESENTATION_CONTEXT() REPRESENTATION_CONTEXT('2D SPACE',''
  ) );
#3291 = ORIENTED_EDGE('',*,*,#3292,.F.);
#3292 = EDGE_CURVE('',#2930,#3270,#3293,.T.);
#3293 = SURFACE_CURVE('',#3294,(#3299,#3310),.PCURVE_S1.);
#3294 = CIRCLE('',#3295,6.898979485566);
#3295 = AXIS2_PLACEMENT_3D('',#3296,#3297,#3298);
#3296 = CARTESIAN_POINT('',(79.999999940395,23.,84.));
#3297 = DIRECTION('',(9.95799250103E-17,1.,1.105559255369E-32));
#3298 = DIRECTION('',(-1.,9.95799250103E-17,-1.110223024625E-16));
#3299 = PCURVE('',#2854,#3300);
#3300 = DEFINITIONAL_REPRESENTATION('',(#3301),#3309);
#3301 = ( BOUNDED_CURVE() B_SPLINE_CURVE(2,(#3302,#3303,#3304,#3305,
#3306,#3307,#3308),.UNSPECIFIED.,.T.,.F.) B_SPLINE_CURVE_WITH_KNOTS((1,2
    ,2,2,2,1),(-2.094395102393,0.,2.094395102393,4.188790204786,
6.28318530718,8.377580409573),.UNSPECIFIED.) CURVE() 
GEOMETRIC_REPRESENTATION_ITEM() RATIONAL_B_SPLINE_CURVE((1.,0.5,1.,0.5,
1.,0.5,1.)) REPRESENTATION_ITEM('') );
#3302 = CARTESIAN_POINT('',(-12.50000018626,6.898979505435));
#3303 = CARTESIAN_POINT('',(-0.550617196884,6.898979505435));
#3304 = CARTESIAN_POINT('',(-6.525308691572,-3.449489722914));
#3305 = CARTESIAN_POINT('',(-12.50000018626,-13.79795895126));
#3306 = CARTESIAN_POINT('',(-18.47469168094,-3.449489722914));
#3307 = CARTESIAN_POINT('',(-24.44938317563,6.898979505435));
#3308 = CARTESIAN_POINT('',(-12.50000018626,6.898979505435));
#3309 = ( GEOMETRIC_REPRESENTATION_CONTEXT(2) 
PARAMETRIC_REPRESENTATION_CONTEXT() REPRESENTATION_CONTEXT('2D SPACE',''
  ) );
#3310 = PCURVE('',#2994,#3311);
#3311 = DEFINITIONAL_REPRESENTATION('',(#3312),#3338);
#3312 = B_SPLINE_CURVE_WITH_KNOTS('',3,(#3313,#3314,#3315,#3316,#3317,
    #3318,#3319,#3320,#3321,#3322,#3323,#3324,#3325,#3326,#3327,#3328,
    #3329,#3330,#3331,#3332,#3333,#3334,#3335,#3336,#3337),
  .UNSPECIFIED.,.F.,.F.,(4,1,1,1,1,1,1,1,1,1,1,1,1,1,1,1,1,1,1,1,1,1,4),
  (1.276676125695,1.303414326205,1.330152526716,1.356890727226,
    1.383628927736,1.410367128247,1.437105328757,1.463843529267,
    1.490581729778,1.517319930288,1.544058130798,1.570796331309,
    1.597534531819,1.624272732329,1.65101093284,1.67774913335,
    1.70448733386,1.73122553437,1.757963734881,1.784701935391,
    1.811440135901,1.838178336412,1.864916536922),.UNSPECIFIED.);
#3313 = CARTESIAN_POINT('',(0.203244829326,-1.260758401788));
#3314 = CARTESIAN_POINT('',(0.203244829326,-1.269739310054));
#3315 = CARTESIAN_POINT('',(0.203244829326,-1.287761231398));
#3316 = CARTESIAN_POINT('',(0.203244829326,-1.314986355879));
#3317 = CARTESIAN_POINT('',(0.203244829326,-1.342415528844));
#3318 = CARTESIAN_POINT('',(0.203244829326,-1.370060983328));
#3319 = CARTESIAN_POINT('',(0.203244829326,-1.397935323307));
#3320 = CARTESIAN_POINT('',(0.203244829326,-1.426051339294));
#3321 = CARTESIAN_POINT('',(0.203244829326,-1.454422949795));
#3322 = CARTESIAN_POINT('',(0.203244829326,-1.483061775793));
#3323 = CARTESIAN_POINT('',(0.203244829326,-1.511990066105));
#3324 = CARTESIAN_POINT('',(0.203244829326,-1.54119259576));
#3325 = CARTESIAN_POINT('',(0.203244829326,-1.57079633184));
#3326 = CARTESIAN_POINT('',(0.203244829326,-1.60040006773));
#3327 = CARTESIAN_POINT('',(0.203244829326,-1.629602597303));
#3328 = CARTESIAN_POINT('',(0.203244829326,-1.658530887512));
#3329 = CARTESIAN_POINT('',(0.203244829326,-1.687169713418));
#3330 = CARTESIAN_POINT('',(0.203244829326,-1.715541323831));
#3331 = CARTESIAN_POINT('',(0.203244829326,-1.743657339733));
#3332 = CARTESIAN_POINT('',(0.203244829326,-1.771531679633));
#3333 = CARTESIAN_POINT('',(0.203244829326,-1.799177134043));
#3334 = CARTESIAN_POINT('',(0.203244829326,-1.826606306936));
#3335 = CARTESIAN_POINT('',(0.203244829326,-1.85383143135));
#3336 = CARTESIAN_POINT('',(0.203244829326,-1.871853352653));
#3337 = CARTESIAN_POINT('',(0.203244829326,-1.880834260898));
#3338 = ( GEOMETRIC_REPRESENTATION_CONTEXT(2) 
PARAMETRIC_REPRESENTATION_CONTEXT() REPRESENTATION_CONTEXT('2D SPACE',''
  ) );
#3339 = ORIENTED_EDGE('',*,*,#2929,.T.);
#3340 = ADVANCED_FACE('',(#3341),#3355,.F.);
#3341 = FACE_BOUND('',#3342,.F.);
#3342 = EDGE_LOOP('',(#3343,#3373,#3400,#3401));
#3343 = ORIENTED_EDGE('',*,*,#3344,.T.);
#3344 = EDGE_CURVE('',#3345,#3347,#3349,.T.);
#3345 = VERTEX_POINT('',#3346);
#3346 = CARTESIAN_POINT('',(84.999999940395,34.,84.));
#3347 = VERTEX_POINT('',#3348);
#3348 = CARTESIAN_POINT('',(84.999999940395,25.,84.));
#3349 = SEAM_CURVE('',#3350,(#3354,#3366),.PCURVE_S1.);
#3350 = LINE('',#3351,#3352);
#3351 = CARTESIAN_POINT('',(84.999999940395,29.5,84.));
#3352 = VECTOR('',#3353,1.);
#3353 = DIRECTION('',(-9.95799250103E-17,-1.,-1.105559255369E-32));
#3354 = PCURVE('',#3355,#3360);
#3355 = CYLINDRICAL_SURFACE('',#3356,5.);
#3356 = AXIS2_PLACEMENT_3D('',#3357,#3358,#3359);
#3357 = CARTESIAN_POINT('',(79.999999940395,29.5,84.));
#3358 = DIRECTION('',(-9.95799250103E-17,-1.,-1.105559255369E-32));
#3359 = DIRECTION('',(-1.,9.95799250103E-17,-1.110223024625E-16));
#3360 = DEFINITIONAL_REPRESENTATION('',(#3361),#3365);
#3361 = LINE('',#3362,#3363);
#3362 = CARTESIAN_POINT('',(9.42477796077,0.));
#3363 = VECTOR('',#3364,1.);
#3364 = DIRECTION('',(0.,1.));
#3365 = ( GEOMETRIC_REPRESENTATION_CONTEXT(2) 
PARAMETRIC_REPRESENTATION_CONTEXT() REPRESENTATION_CONTEXT('2D SPACE',''
  ) );
#3366 = PCURVE('',#3355,#3367);
#3367 = DEFINITIONAL_REPRESENTATION('',(#3368),#3372);
#3368 = LINE('',#3369,#3370);
#3369 = CARTESIAN_POINT('',(3.141592653589,0.));
#3370 = VECTOR('',#3371,1.);
#3371 = DIRECTION('',(0.,1.));
#3372 = ( GEOMETRIC_REPRESENTATION_CONTEXT(2) 
PARAMETRIC_REPRESENTATION_CONTEXT() REPRESENTATION_CONTEXT('2D SPACE',''
  ) );
#3373 = ORIENTED_EDGE('',*,*,#3374,.F.);
#3374 = EDGE_CURVE('',#3347,#3347,#3375,.T.);
#3375 = SURFACE_CURVE('',#3376,(#3381,#3388),.PCURVE_S1.);
#3376 = CIRCLE('',#3377,5.);
#3377 = AXIS2_PLACEMENT_3D('',#3378,#3379,#3380);
#3378 = CARTESIAN_POINT('',(79.999999940395,25.,84.));
#3379 = DIRECTION('',(-9.95799250103E-17,-1.,-1.105559255369E-32));
#3380 = DIRECTION('',(-1.,9.95799250103E-17,-1.110223024625E-16));
#3381 = PCURVE('',#3355,#3382);
#3382 = DEFINITIONAL_REPRESENTATION('',(#3383),#3387);
#3383 = LINE('',#3384,#3385);
#3384 = CARTESIAN_POINT('',(0.,4.5));
#3385 = VECTOR('',#3386,1.);
#3386 = DIRECTION('',(1.,0.));
#3387 = ( GEOMETRIC_REPRESENTATION_CONTEXT(2) 
PARAMETRIC_REPRESENTATION_CONTEXT() REPRESENTATION_CONTEXT('2D SPACE',''
  ) );
#3388 = PCURVE('',#3389,#3394);
#3389 = PLANE('',#3390);
#3390 = AXIS2_PLACEMENT_3D('',#3391,#3392,#3393);
#3391 = CARTESIAN_POINT('',(79.999999940395,25.,84.));
#3392 = DIRECTION('',(-9.95799250103E-17,-1.,-1.105559255369E-32));
#3393 = DIRECTION('',(-1.,9.95799250103E-17,-1.110223024625E-16));
#3394 = DEFINITIONAL_REPRESENTATION('',(#3395),#3399);
#3395 = CIRCLE('',#3396,5.);
#3396 = AXIS2_PLACEMENT_2D('',#3397,#3398);
#3397 = CARTESIAN_POINT('',(0.,0.));
#3398 = DIRECTION('',(1.,0.));
#3399 = ( GEOMETRIC_REPRESENTATION_CONTEXT(2) 
PARAMETRIC_REPRESENTATION_CONTEXT() REPRESENTATION_CONTEXT('2D SPACE',''
  ) );
#3400 = ORIENTED_EDGE('',*,*,#3344,.F.);
#3401 = ORIENTED_EDGE('',*,*,#3402,.T.);
#3402 = EDGE_CURVE('',#3345,#3345,#3403,.T.);
#3403 = SURFACE_CURVE('',#3404,(#3409,#3416),.PCURVE_S1.);
#3404 = CIRCLE('',#3405,5.);
#3405 = AXIS2_PLACEMENT_3D('',#3406,#3407,#3408);
#3406 = CARTESIAN_POINT('',(79.999999940395,34.,84.));
#3407 = DIRECTION('',(-9.95799250103E-17,-1.,-1.105559255369E-32));
#3408 = DIRECTION('',(-1.,9.95799250103E-17,-1.110223024625E-16));
#3409 = PCURVE('',#3355,#3410);
#3410 = DEFINITIONAL_REPRESENTATION('',(#3411),#3415);
#3411 = LINE('',#3412,#3413);
#3412 = CARTESIAN_POINT('',(0.,-4.5));
#3413 = VECTOR('',#3414,1.);
#3414 = DIRECTION('',(1.,0.));
#3415 = ( GEOMETRIC_REPRESENTATION_CONTEXT(2) 
PARAMETRIC_REPRESENTATION_CONTEXT() REPRESENTATION_CONTEXT('2D SPACE',''
  ) );
#3416 = PCURVE('',#3417,#3422);
#3417 = PLANE('',#3418);
#3418 = AXIS2_PLACEMENT_3D('',#3419,#3420,#3421);
#3419 = CARTESIAN_POINT('',(79.999999940395,34.,84.));
#3420 = DIRECTION('',(9.95799250103E-17,1.,1.105559255369E-32));
#3421 = DIRECTION('',(-1.110223024625E-16,0.,1.));
#3422 = DEFINITIONAL_REPRESENTATION('',(#3423),#3431);
#3423 = ( BOUNDED_CURVE() B_SPLINE_CURVE(2,(#3424,#3425,#3426,#3427,
#3428,#3429,#3430),.UNSPECIFIED.,.T.,.F.) B_SPLINE_CURVE_WITH_KNOTS((1,2
    ,2,2,2,1),(-2.094395102393,0.,2.094395102393,4.188790204786,
6.28318530718,8.377580409573),.UNSPECIFIED.) CURVE() 
GEOMETRIC_REPRESENTATION_ITEM() RATIONAL_B_SPLINE_CURVE((1.,0.5,1.,0.5,
1.,0.5,1.)) REPRESENTATION_ITEM('') );
#3424 = CARTESIAN_POINT('',(0.,-5.));
#3425 = CARTESIAN_POINT('',(-8.660254037844,-5.));
#3426 = CARTESIAN_POINT('',(-4.330127018922,2.5));
#3427 = CARTESIAN_POINT('',(-1.224646799147E-15,10.));
#3428 = CARTESIAN_POINT('',(4.330127018922,2.5));
#3429 = CARTESIAN_POINT('',(8.660254037844,-5.));
#3430 = CARTESIAN_POINT('',(0.,-5.));
#3431 = ( GEOMETRIC_REPRESENTATION_CONTEXT(2) 
PARAMETRIC_REPRESENTATION_CONTEXT() REPRESENTATION_CONTEXT('2D SPACE',''
  ) );
#3432 = ADVANCED_FACE('',(#3433),#3389,.F.);
#3433 = FACE_BOUND('',#3434,.T.);
#3434 = EDGE_LOOP('',(#3435));
#3435 = ORIENTED_EDGE('',*,*,#3374,.F.);
#3436 = ADVANCED_FACE('',(#3437),#2913,.T.);
#3437 = FACE_BOUND('',#3438,.T.);
#3438 = EDGE_LOOP('',(#3439,#3462,#3463,#3464));
#3439 = ORIENTED_EDGE('',*,*,#3440,.T.);
#3440 = EDGE_CURVE('',#3441,#2799,#3443,.T.);
#3441 = VERTEX_POINT('',#3442);
#3442 = CARTESIAN_POINT('',(81.999999970198,11.,4.000000372529));
#3443 = SURFACE_CURVE('',#3444,(#3448,#3455),.PCURVE_S1.);
#3444 = LINE('',#3445,#3446);
#3445 = CARTESIAN_POINT('',(81.999999970198,11.,109.00000037252));
#3446 = VECTOR('',#3447,1.);
#3447 = DIRECTION('',(-1.110223024625E-16,0.,1.));
#3448 = PCURVE('',#2913,#3449);
#3449 = DEFINITIONAL_REPRESENTATION('',(#3450),#3454);
#3450 = LINE('',#3451,#3452);
#3451 = CARTESIAN_POINT('',(-2.000000029803,-25.00000037252));
#3452 = VECTOR('',#3453,1.);
#3453 = DIRECTION('',(0.,-1.));
#3454 = ( GEOMETRIC_REPRESENTATION_CONTEXT(2) 
PARAMETRIC_REPRESENTATION_CONTEXT() REPRESENTATION_CONTEXT('2D SPACE',''
  ) );
#3455 = PCURVE('',#2822,#3456);
#3456 = DEFINITIONAL_REPRESENTATION('',(#3457),#3461);
#3457 = LINE('',#3458,#3459);
#3458 = CARTESIAN_POINT('',(-25.00000037252,-8.));
#3459 = VECTOR('',#3460,1.);
#3460 = DIRECTION('',(-1.,0.));
#3461 = ( GEOMETRIC_REPRESENTATION_CONTEXT(2) 
PARAMETRIC_REPRESENTATION_CONTEXT() REPRESENTATION_CONTEXT('2D SPACE',''
  ) );
#3462 = ORIENTED_EDGE('',*,*,#2899,.T.);
#3463 = ORIENTED_EDGE('',*,*,#3244,.T.);
#3464 = ORIENTED_EDGE('',*,*,#3465,.T.);
#3465 = EDGE_CURVE('',#3217,#3441,#3466,.T.);
#3466 = SURFACE_CURVE('',#3467,(#3471,#3478),.PCURVE_S1.);
#3467 = LINE('',#3468,#3469);
#3468 = CARTESIAN_POINT('',(81.999999970198,11.,4.000000372529));
#3469 = VECTOR('',#3470,1.);
#3470 = DIRECTION('',(1.,-9.95799250103E-17,1.110223024625E-16));
#3471 = PCURVE('',#2913,#3472);
#3472 = DEFINITIONAL_REPRESENTATION('',(#3473),#3477);
#3473 = LINE('',#3474,#3475);
#3474 = CARTESIAN_POINT('',(-2.000000029803,79.999999627471));
#3475 = VECTOR('',#3476,1.);
#3476 = DIRECTION('',(-1.,0.));
#3477 = ( GEOMETRIC_REPRESENTATION_CONTEXT(2) 
PARAMETRIC_REPRESENTATION_CONTEXT() REPRESENTATION_CONTEXT('2D SPACE',''
  ) );
#3478 = PCURVE('',#3232,#3479);
#3479 = DEFINITIONAL_REPRESENTATION('',(#3480),#3484);
#3480 = LINE('',#3481,#3482);
#3481 = CARTESIAN_POINT('',(-7.966394000824E-16,-8.));
#3482 = VECTOR('',#3483,1.);
#3483 = DIRECTION('',(-1.,1.227417340398E-48));
#3484 = ( GEOMETRIC_REPRESENTATION_CONTEXT(2) 
PARAMETRIC_REPRESENTATION_CONTEXT() REPRESENTATION_CONTEXT('2D SPACE',''
  ) );
#3485 = ADVANCED_FACE('',(#3486),#2822,.T.);
#3486 = FACE_BOUND('',#3487,.T.);
#3487 = EDGE_LOOP('',(#3488,#3489,#3490,#3513,#3536,#3629,#3720));
#3488 = ORIENTED_EDGE('',*,*,#2798,.F.);
#3489 = ORIENTED_EDGE('',*,*,#3440,.F.);
#3490 = ORIENTED_EDGE('',*,*,#3491,.F.);
#3491 = EDGE_CURVE('',#3492,#3441,#3494,.T.);
#3492 = VERTEX_POINT('',#3493);
#3493 = CARTESIAN_POINT('',(81.999999970198,23.,4.000000372529));
#3494 = SURFACE_CURVE('',#3495,(#3499,#3506),.PCURVE_S1.);
#3495 = LINE('',#3496,#3497);
#3496 = CARTESIAN_POINT('',(81.999999970198,19.,4.000000372529));
#3497 = VECTOR('',#3498,1.);
#3498 = DIRECTION('',(-8.570213720248E-17,-1.,-9.514848598178E-33));
#3499 = PCURVE('',#2822,#3500);
#3500 = DEFINITIONAL_REPRESENTATION('',(#3501),#3505);
#3501 = LINE('',#3502,#3503);
#3502 = CARTESIAN_POINT('',(79.999999627471,4.567127362571E-31));
#3503 = VECTOR('',#3504,1.);
#3504 = DIRECTION('',(0.,-1.));
#3505 = ( GEOMETRIC_REPRESENTATION_CONTEXT(2) 
PARAMETRIC_REPRESENTATION_CONTEXT() REPRESENTATION_CONTEXT('2D SPACE',''
  ) );
#3506 = PCURVE('',#3232,#3507);
#3507 = DEFINITIONAL_REPRESENTATION('',(#3508),#3512);
#3508 = LINE('',#3509,#3510);
#3509 = CARTESIAN_POINT('',(0.,0.));
#3510 = VECTOR('',#3511,1.);
#3511 = DIRECTION('',(-1.387778780782E-17,-1.));
#3512 = ( GEOMETRIC_REPRESENTATION_CONTEXT(2) 
PARAMETRIC_REPRESENTATION_CONTEXT() REPRESENTATION_CONTEXT('2D SPACE',''
  ) );
#3513 = ORIENTED_EDGE('',*,*,#3514,.F.);
#3514 = EDGE_CURVE('',#3515,#3492,#3517,.T.);
#3515 = VERTEX_POINT('',#3516);
#3516 = CARTESIAN_POINT('',(81.999999970198,23.,77.397279513484));
#3517 = SURFACE_CURVE('',#3518,(#3522,#3529),.PCURVE_S1.);
#3518 = LINE('',#3519,#3520);
#3519 = CARTESIAN_POINT('',(81.999999970198,23.,109.00000037252));
#3520 = VECTOR('',#3521,1.);
#3521 = DIRECTION('',(1.110223024625E-16,0.,-1.));
#3522 = PCURVE('',#2822,#3523);
#3523 = DEFINITIONAL_REPRESENTATION('',(#3524),#3528);
#3524 = LINE('',#3525,#3526);
#3525 = CARTESIAN_POINT('',(-25.00000037252,4.));
#3526 = VECTOR('',#3527,1.);
#3527 = DIRECTION('',(1.,0.));
#3528 = ( GEOMETRIC_REPRESENTATION_CONTEXT(2) 
PARAMETRIC_REPRESENTATION_CONTEXT() REPRESENTATION_CONTEXT('2D SPACE',''
  ) );
#3529 = PCURVE('',#3204,#3530);
#3530 = DEFINITIONAL_REPRESENTATION('',(#3531),#3535);
#3531 = LINE('',#3532,#3533);
#3532 = CARTESIAN_POINT('',(64.999900516262,-2.000000014901));
#3533 = VECTOR('',#3534,1.);
#3534 = DIRECTION('',(-1.,0.));
#3535 = ( GEOMETRIC_REPRESENTATION_CONTEXT(2) 
PARAMETRIC_REPRESENTATION_CONTEXT() REPRESENTATION_CONTEXT('2D SPACE',''
  ) );
#3536 = ORIENTED_EDGE('',*,*,#3537,.F.);
#3537 = EDGE_CURVE('',#3538,#3515,#3540,.T.);
#3538 = VERTEX_POINT('',#3539);
#3539 = CARTESIAN_POINT('',(81.999999970198,19.,84.));
#3540 = SURFACE_CURVE('',#3541,(#3558,#3578),.PCURVE_S1.);
#3541 = B_SPLINE_CURVE_WITH_KNOTS('',3,(#3542,#3543,#3544,#3545,#3546,
    #3547,#3548,#3549,#3550,#3551,#3552,#3553,#3554,#3555,#3556,#3557),
  .UNSPECIFIED.,.F.,.F.,(4,2,2,2,2,2,2,4),(1.791302591763,1.973466414892
    ,2.155630238021,2.248176718593,2.340723199166,2.42806929439,
    2.515415389615,2.592260364922),.UNSPECIFIED.);
#3542 = CARTESIAN_POINT('',(81.999999970198,19.,84.));
#3543 = CARTESIAN_POINT('',(81.999999970198,19.,83.392787256237));
#3544 = CARTESIAN_POINT('',(81.999999970198,18.989438128506,
    82.722579837718));
#3545 = CARTESIAN_POINT('',(81.999999970198,19.133229013187,
    81.413441727674));
#3546 = CARTESIAN_POINT('',(81.999999970198,19.297464739204,
    80.77561543007));
#3547 = CARTESIAN_POINT('',(81.999999970198,19.674252828893,
    79.941026261998));
#3548 = CARTESIAN_POINT('',(81.999999970198,19.839050162646,
    79.645420613355));
#3549 = CARTESIAN_POINT('',(81.999999970198,20.226497969315,
    79.095216008681));
#3550 = CARTESIAN_POINT('',(81.999999970198,20.449211841264,
    78.840661700258));
#3551 = CARTESIAN_POINT('',(81.999999970198,20.883671780029,
    78.427363995187));
#3552 = CARTESIAN_POINT('',(81.999999970198,21.133170742438,
    78.22800783523));
#3553 = CARTESIAN_POINT('',(81.999999970198,21.66770719496,
    77.884742466419));
#3554 = CARTESIAN_POINT('',(81.999999970198,21.952758019883,
    77.740854023116));
#3555 = CARTESIAN_POINT('',(81.999999970198,22.46118229684,
    77.538256020588));
#3556 = CARTESIAN_POINT('',(81.999999970198,22.726911205826,
    77.455524721399));
#3557 = CARTESIAN_POINT('',(81.999999970198,23.,77.397279513484));
#3558 = PCURVE('',#2822,#3559);
#3559 = DEFINITIONAL_REPRESENTATION('',(#3560),#3577);
#3560 = B_SPLINE_CURVE_WITH_KNOTS('',3,(#3561,#3562,#3563,#3564,#3565,
    #3566,#3567,#3568,#3569,#3570,#3571,#3572,#3573,#3574,#3575,#3576),
  .UNSPECIFIED.,.F.,.F.,(4,2,2,2,2,2,2,4),(1.791302591763,1.973466414892
    ,2.155630238021,2.248176718593,2.340723199166,2.42806929439,
    2.515415389615,2.592260364922),.UNSPECIFIED.);
#3561 = CARTESIAN_POINT('',(0.,0.));
#3562 = CARTESIAN_POINT('',(0.607212743763,0.));
#3563 = CARTESIAN_POINT('',(1.277420162282,-1.0561871494E-02));
#3564 = CARTESIAN_POINT('',(2.586558272326,0.133229013187));
#3565 = CARTESIAN_POINT('',(3.22438456993,0.297464739204));
#3566 = CARTESIAN_POINT('',(4.058973738002,0.674252828893));
#3567 = CARTESIAN_POINT('',(4.354579386645,0.839050162646));
#3568 = CARTESIAN_POINT('',(4.904783991319,1.226497969315));
#3569 = CARTESIAN_POINT('',(5.159338299742,1.449211841264));
#3570 = CARTESIAN_POINT('',(5.572636004813,1.883671780029));
#3571 = CARTESIAN_POINT('',(5.77199216477,2.133170742438));
#3572 = CARTESIAN_POINT('',(6.115257533581,2.66770719496));
#3573 = CARTESIAN_POINT('',(6.259145976884,2.952758019883));
#3574 = CARTESIAN_POINT('',(6.461743979412,3.46118229684));
#3575 = CARTESIAN_POINT('',(6.544475278601,3.726911205826));
#3576 = CARTESIAN_POINT('',(6.602720486516,4.));
#3577 = ( GEOMETRIC_REPRESENTATION_CONTEXT(2) 
PARAMETRIC_REPRESENTATION_CONTEXT() REPRESENTATION_CONTEXT('2D SPACE',''
  ) );
#3578 = PCURVE('',#2994,#3579);
#3579 = DEFINITIONAL_REPRESENTATION('',(#3580),#3628);
#3580 = B_SPLINE_CURVE_WITH_KNOTS('',3,(#3581,#3582,#3583,#3584,#3585,
    #3586,#3587,#3588,#3589,#3590,#3591,#3592,#3593,#3594,#3595,#3596,
    #3597,#3598,#3599,#3600,#3601,#3602,#3603,#3604,#3605,#3606,#3607,
    #3608,#3609,#3610,#3611,#3612,#3613,#3614,#3615,#3616,#3617,#3618,
    #3619,#3620,#3621,#3622,#3623,#3624,#3625,#3626,#3627),
  .UNSPECIFIED.,.F.,.F.,(4,1,1,1,1,1,1,1,1,1,1,1,1,1,1,1,1,1,1,1,1,1,1,1
    ,1,1,1,1,1,1,1,1,1,1,1,1,1,1,1,1,1,1,1,1,4),(1.791302591763,
    1.809506177517,1.827709763271,1.845913349024,1.864116934778,
    1.882320520531,1.900524106285,1.918727692039,1.936931277792,
    1.955134863546,1.973338449299,1.991542035053,2.009745620807,
    2.02794920656,2.046152792314,2.064356378068,2.082559963821,
    2.100763549575,2.118967135328,2.137170721082,2.155374306836,
    2.173577892589,2.191781478343,2.209985064096,2.22818864985,
    2.246392235604,2.264595821357,2.282799407111,2.301002992864,
    2.319206578618,2.337410164372,2.355613750125,2.373817335879,
    2.392020921633,2.410224507386,2.42842809314,2.446631678893,
    2.464835264647,2.483038850401,2.501242436154,2.519446021908,
    2.537649607661,2.555853193415,2.574056779169,2.592260364922),
  .UNSPECIFIED.);
#3581 = CARTESIAN_POINT('',(1.570796332755,3.14159265359));
#3582 = CARTESIAN_POINT('',(1.570807316102,3.107875325846));
#3583 = CARTESIAN_POINT('',(1.569654151286,3.041080724416));
#3584 = CARTESIAN_POINT('',(1.564396494949,2.944046074014));
#3585 = CARTESIAN_POINT('',(1.555558165586,2.851516832142));
#3586 = CARTESIAN_POINT('',(1.543262271938,2.764452420299));
#3587 = CARTESIAN_POINT('',(1.527723183855,2.683489496596));
#3588 = CARTESIAN_POINT('',(1.509232685444,2.608924096025));
#3589 = CARTESIAN_POINT('',(1.488123064343,2.540769881406));
#3590 = CARTESIAN_POINT('',(1.464739796597,2.478825151855));
#3591 = CARTESIAN_POINT('',(1.439418201783,2.422745345254));
#3592 = CARTESIAN_POINT('',(1.412470916665,2.372099929006));
#3593 = CARTESIAN_POINT('',(1.384168248906,2.326435302461));
#3594 = CARTESIAN_POINT('',(1.354747675628,2.285278534611));
#3595 = CARTESIAN_POINT('',(1.324426374664,2.248168134344));
#3596 = CARTESIAN_POINT('',(1.293392508502,2.214681141565));
#3597 = CARTESIAN_POINT('',(1.261809729296,2.184432995972));
#3598 = CARTESIAN_POINT('',(1.229820953663,2.157080657585));
#3599 = CARTESIAN_POINT('',(1.197542562734,2.132316300493));
#3600 = CARTESIAN_POINT('',(1.16509696683,2.109881266635));
#3601 = CARTESIAN_POINT('',(1.132499971384,2.089500675893));
#3602 = CARTESIAN_POINT('',(1.100089044591,2.071111623521));
#3603 = CARTESIAN_POINT('',(1.066931667381,2.053995444302));
#3604 = CARTESIAN_POINT('',(1.032167965794,2.037672937926));
#3605 = CARTESIAN_POINT('',(0.996324021298,2.022378971708));
#3606 = CARTESIAN_POINT('',(0.959554719053,2.008119019807));
#3607 = CARTESIAN_POINT('',(0.922109019333,1.994929761663));
#3608 = CARTESIAN_POINT('',(0.884200771025,1.982820902747));
#3609 = CARTESIAN_POINT('',(0.846052533845,1.971751710718));
#3610 = CARTESIAN_POINT('',(0.807955091258,1.961681926414));
#3611 = CARTESIAN_POINT('',(0.770019669359,1.952560634253));
#3612 = CARTESIAN_POINT('',(0.733353329328,1.944396837969));
#3613 = CARTESIAN_POINT('',(0.697417490539,1.936993551659));
#3614 = CARTESIAN_POINT('',(0.659929484582,1.929855554953));
#3615 = CARTESIAN_POINT('',(0.621803853197,1.923170139501));
#3616 = CARTESIAN_POINT('',(0.58315563137,1.916945480753));
#3617 = CARTESIAN_POINT('',(0.544294954879,1.911228845689));
#3618 = CARTESIAN_POINT('',(0.505458960278,1.906049728962));
#3619 = CARTESIAN_POINT('',(0.466891285103,1.901389585048));
#3620 = CARTESIAN_POINT('',(0.428902495465,1.897237873837));
#3621 = CARTESIAN_POINT('',(0.391591669456,1.893568601697));
#3622 = CARTESIAN_POINT('',(0.355880693275,1.890427341181));
#3623 = CARTESIAN_POINT('',(0.319230352217,1.887571700949));
#3624 = CARTESIAN_POINT('',(0.281324820258,1.884984794489));
#3625 = CARTESIAN_POINT('',(0.242605372373,1.882709824928));
#3626 = CARTESIAN_POINT('',(0.21639885,1.881418466339));
#3627 = CARTESIAN_POINT('',(0.203244829326,1.880834260898));
#3628 = ( GEOMETRIC_REPRESENTATION_CONTEXT(2) 
PARAMETRIC_REPRESENTATION_CONTEXT() REPRESENTATION_CONTEXT('2D SPACE',''
  ) );
#3629 = ORIENTED_EDGE('',*,*,#3630,.F.);
#3630 = EDGE_CURVE('',#3270,#3538,#3631,.T.);
#3631 = SURFACE_CURVE('',#3632,(#3649,#3669),.PCURVE_S1.);
#3632 = B_SPLINE_CURVE_WITH_KNOTS('',3,(#3633,#3634,#3635,#3636,#3637,
    #3638,#3639,#3640,#3641,#3642,#3643,#3644,#3645,#3646,#3647,#3648),
  .UNSPECIFIED.,.F.,.F.,(4,2,2,2,2,2,2,4),(0.990344818605,1.067189793912
    ,1.154535889137,1.241881984361,1.334428464933,1.426974945506,
    1.609138768634,1.791302591763),.UNSPECIFIED.);
#3633 = CARTESIAN_POINT('',(81.999999970198,23.,90.602720486516));
#3634 = CARTESIAN_POINT('',(81.999999970198,22.726911205826,
    90.544475278601));
#3635 = CARTESIAN_POINT('',(81.999999970198,22.46118229684,
    90.461743979412));
#3636 = CARTESIAN_POINT('',(81.999999970198,21.952758019883,
    90.259145976884));
#3637 = CARTESIAN_POINT('',(81.999999970198,21.66770719496,
    90.115257533581));
#3638 = CARTESIAN_POINT('',(81.999999970198,21.133170742438,
    89.77199216477));
#3639 = CARTESIAN_POINT('',(81.999999970198,20.883671780029,
    89.572636004813));
#3640 = CARTESIAN_POINT('',(81.999999970198,20.449211841264,
    89.159338299742));
#3641 = CARTESIAN_POINT('',(81.999999970198,20.226497969315,
    88.904783991319));
#3642 = CARTESIAN_POINT('',(81.999999970198,19.839050162646,
    88.354579386645));
#3643 = CARTESIAN_POINT('',(81.999999970198,19.674252828893,
    88.058973738002));
#3644 = CARTESIAN_POINT('',(81.999999970198,19.297464739204,
    87.22438456993));
#3645 = CARTESIAN_POINT('',(81.999999970198,19.133229013187,
    86.586558272326));
#3646 = CARTESIAN_POINT('',(81.999999970198,18.989438128506,
    85.277420162282));
#3647 = CARTESIAN_POINT('',(81.999999970198,19.,84.607212743763));
#3648 = CARTESIAN_POINT('',(81.999999970198,19.,84.));
#3649 = PCURVE('',#2822,#3650);
#3650 = DEFINITIONAL_REPRESENTATION('',(#3651),#3668);
#3651 = B_SPLINE_CURVE_WITH_KNOTS('',3,(#3652,#3653,#3654,#3655,#3656,
    #3657,#3658,#3659,#3660,#3661,#3662,#3663,#3664,#3665,#3666,#3667),
  .UNSPECIFIED.,.F.,.F.,(4,2,2,2,2,2,2,4),(0.990344818605,1.067189793912
    ,1.154535889137,1.241881984361,1.334428464933,1.426974945506,
    1.609138768634,1.791302591763),.UNSPECIFIED.);
#3652 = CARTESIAN_POINT('',(-6.602720486516,4.));
#3653 = CARTESIAN_POINT('',(-6.544475278601,3.726911205826));
#3654 = CARTESIAN_POINT('',(-6.461743979412,3.46118229684));
#3655 = CARTESIAN_POINT('',(-6.259145976884,2.952758019883));
#3656 = CARTESIAN_POINT('',(-6.115257533581,2.66770719496));
#3657 = CARTESIAN_POINT('',(-5.77199216477,2.133170742438));
#3658 = CARTESIAN_POINT('',(-5.572636004813,1.883671780029));
#3659 = CARTESIAN_POINT('',(-5.159338299742,1.449211841264));
#3660 = CARTESIAN_POINT('',(-4.904783991319,1.226497969315));
#3661 = CARTESIAN_POINT('',(-4.354579386645,0.839050162646));
#3662 = CARTESIAN_POINT('',(-4.058973738002,0.674252828893));
#3663 = CARTESIAN_POINT('',(-3.22438456993,0.297464739204));
#3664 = CARTESIAN_POINT('',(-2.586558272326,0.133229013187));
#3665 = CARTESIAN_POINT('',(-1.277420162282,-1.0561871494E-02));
#3666 = CARTESIAN_POINT('',(-0.607212743763,0.));
#3667 = CARTESIAN_POINT('',(0.,0.));
#3668 = ( GEOMETRIC_REPRESENTATION_CONTEXT(2) 
PARAMETRIC_REPRESENTATION_CONTEXT() REPRESENTATION_CONTEXT('2D SPACE',''
  ) );
#3669 = PCURVE('',#2994,#3670);
#3670 = DEFINITIONAL_REPRESENTATION('',(#3671),#3719);
#3671 = B_SPLINE_CURVE_WITH_KNOTS('',3,(#3672,#3673,#3674,#3675,#3676,
    #3677,#3678,#3679,#3680,#3681,#3682,#3683,#3684,#3685,#3686,#3687,
    #3688,#3689,#3690,#3691,#3692,#3693,#3694,#3695,#3696,#3697,#3698,
    #3699,#3700,#3701,#3702,#3703,#3704,#3705,#3706,#3707,#3708,#3709,
    #3710,#3711,#3712,#3713,#3714,#3715,#3716,#3717,#3718),
  .UNSPECIFIED.,.F.,.F.,(4,1,1,1,1,1,1,1,1,1,1,1,1,1,1,1,1,1,1,1,1,1,1,1
    ,1,1,1,1,1,1,1,1,1,1,1,1,1,1,1,1,1,1,1,1,4),(0.990344818605,
    1.008548404358,1.026751990112,1.044955575865,1.063159161619,
    1.081362747373,1.099566333126,1.11776991888,1.135973504633,
    1.154177090387,1.172380676141,1.190584261894,1.208787847648,
    1.226991433401,1.245195019155,1.263398604909,1.281602190662,
    1.299805776416,1.31800936217,1.336212947923,1.354416533677,
    1.37262011943,1.390823705184,1.409027290938,1.427230876691,
    1.445434462445,1.463638048198,1.481841633952,1.500045219706,
    1.518248805459,1.536452391213,1.554655976966,1.57285956272,
    1.591063148474,1.609266734227,1.627470319981,1.645673905734,
    1.663877491488,1.682081077242,1.700284662995,1.718488248749,
    1.736691834503,1.754895420256,1.77309900601,1.791302591763),
  .UNSPECIFIED.);
#3672 = CARTESIAN_POINT('',(0.203244829326,-1.880834260898));
#3673 = CARTESIAN_POINT('',(0.21639885,-1.881418466339));
#3674 = CARTESIAN_POINT('',(0.242605372373,-1.882709824928));
#3675 = CARTESIAN_POINT('',(0.281324820258,-1.884984794489));
#3676 = CARTESIAN_POINT('',(0.319230352217,-1.887571700949));
#3677 = CARTESIAN_POINT('',(0.355880693275,-1.890427341181));
#3678 = CARTESIAN_POINT('',(0.391591669456,-1.893568601697));
#3679 = CARTESIAN_POINT('',(0.428902495465,-1.897237873837));
#3680 = CARTESIAN_POINT('',(0.466891285103,-1.901389585048));
#3681 = CARTESIAN_POINT('',(0.505458960278,-1.906049728962));
#3682 = CARTESIAN_POINT('',(0.544294954879,-1.911228845689));
#3683 = CARTESIAN_POINT('',(0.58315563137,-1.916945480753));
#3684 = CARTESIAN_POINT('',(0.621803853197,-1.923170139501));
#3685 = CARTESIAN_POINT('',(0.659929484582,-1.929855554953));
#3686 = CARTESIAN_POINT('',(0.697417490539,-1.936993551659));
#3687 = CARTESIAN_POINT('',(0.733353329328,-1.944396837969));
#3688 = CARTESIAN_POINT('',(0.770019669359,-1.952560634253));
#3689 = CARTESIAN_POINT('',(0.807955091258,-1.961681926414));
#3690 = CARTESIAN_POINT('',(0.846052533845,-1.971751710718));
#3691 = CARTESIAN_POINT('',(0.884200771025,-1.982820902747));
#3692 = CARTESIAN_POINT('',(0.922109019333,-1.994929761663));
#3693 = CARTESIAN_POINT('',(0.959554719053,-2.008119019807));
#3694 = CARTESIAN_POINT('',(0.996324021298,-2.022378971708));
#3695 = CARTESIAN_POINT('',(1.032167965794,-2.037672937926));
#3696 = CARTESIAN_POINT('',(1.066931667381,-2.053995444302));
#3697 = CARTESIAN_POINT('',(1.100089044591,-2.071111623521));
#3698 = CARTESIAN_POINT('',(1.132499971384,-2.089500675893));
#3699 = CARTESIAN_POINT('',(1.16509696683,-2.109881266635));
#3700 = CARTESIAN_POINT('',(1.197542562734,-2.132316300493));
#3701 = CARTESIAN_POINT('',(1.229820953663,-2.157080657585));
#3702 = CARTESIAN_POINT('',(1.261809729296,-2.184432995972));
#3703 = CARTESIAN_POINT('',(1.293392508502,-2.214681141565));
#3704 = CARTESIAN_POINT('',(1.324426374664,-2.248168134344));
#3705 = CARTESIAN_POINT('',(1.354747675628,-2.285278534611));
#3706 = CARTESIAN_POINT('',(1.384168248906,-2.326435302461));
#3707 = CARTESIAN_POINT('',(1.412470916665,-2.372099929006));
#3708 = CARTESIAN_POINT('',(1.439418201783,-2.422745345254));
#3709 = CARTESIAN_POINT('',(1.464739796597,-2.478825151855));
#3710 = CARTESIAN_POINT('',(1.488123064343,-2.540769881406));
#3711 = CARTESIAN_POINT('',(1.509232685444,-2.608924096025));
#3712 = CARTESIAN_POINT('',(1.527723183855,-2.683489496596));
#3713 = CARTESIAN_POINT('',(1.543262271938,-2.764452420299));
#3714 = CARTESIAN_POINT('',(1.555558165586,-2.851516832142));
#3715 = CARTESIAN_POINT('',(1.564396494949,-2.944046074014));
#3716 = CARTESIAN_POINT('',(1.569654151286,-3.041080724416));
#3717 = CARTESIAN_POINT('',(1.570807316102,-3.107875325846));
#3718 = CARTESIAN_POINT('',(1.570796332755,-3.14159265359));
#3719 = ( GEOMETRIC_REPRESENTATION_CONTEXT(2) 
PARAMETRIC_REPRESENTATION_CONTEXT() REPRESENTATION_CONTEXT('2D SPACE',''
  ) );
#3720 = ORIENTED_EDGE('',*,*,#3269,.F.);
#3721 = ADVANCED_FACE('',(#3722),#3232,.T.);
#3722 = FACE_BOUND('',#3723,.T.);
#3723 = EDGE_LOOP('',(#3724,#3725,#3746,#3747));
#3724 = ORIENTED_EDGE('',*,*,#3216,.T.);
#3725 = ORIENTED_EDGE('',*,*,#3726,.F.);
#3726 = EDGE_CURVE('',#3492,#3189,#3727,.T.);
#3727 = SURFACE_CURVE('',#3728,(#3732,#3739),.PCURVE_S1.);
#3728 = LINE('',#3729,#3730);
#3729 = CARTESIAN_POINT('',(81.999999970198,23.,4.000000372529));
#3730 = VECTOR('',#3731,1.);
#3731 = DIRECTION('',(-1.,9.95799250103E-17,-1.110223024625E-16));
#3732 = PCURVE('',#3232,#3733);
#3733 = DEFINITIONAL_REPRESENTATION('',(#3734),#3738);
#3734 = LINE('',#3735,#3736);
#3735 = CARTESIAN_POINT('',(3.983197000412E-16,4.));
#3736 = VECTOR('',#3737,1.);
#3737 = DIRECTION('',(1.,-1.227417340398E-48));
#3738 = ( GEOMETRIC_REPRESENTATION_CONTEXT(2) 
PARAMETRIC_REPRESENTATION_CONTEXT() REPRESENTATION_CONTEXT('2D SPACE',''
  ) );
#3739 = PCURVE('',#3204,#3740);
#3740 = DEFINITIONAL_REPRESENTATION('',(#3741),#3745);
#3741 = LINE('',#3742,#3743);
#3742 = CARTESIAN_POINT('',(-40.00009948372,-2.000000014901));
#3743 = VECTOR('',#3744,1.);
#3744 = DIRECTION('',(0.,1.));
#3745 = ( GEOMETRIC_REPRESENTATION_CONTEXT(2) 
PARAMETRIC_REPRESENTATION_CONTEXT() REPRESENTATION_CONTEXT('2D SPACE',''
  ) );
#3746 = ORIENTED_EDGE('',*,*,#3491,.T.);
#3747 = ORIENTED_EDGE('',*,*,#3465,.F.);
#3748 = ADVANCED_FACE('',(#3749),#3204,.F.);
#3749 = FACE_BOUND('',#3750,.T.);
#3750 = EDGE_LOOP('',(#3751,#3799,#3800,#3801));
#3751 = ORIENTED_EDGE('',*,*,#3752,.F.);
#3752 = EDGE_CURVE('',#3515,#3092,#3753,.T.);
#3753 = SURFACE_CURVE('',#3754,(#3759,#3770),.PCURVE_S1.);
#3754 = CIRCLE('',#3755,6.898979485566);
#3755 = AXIS2_PLACEMENT_3D('',#3756,#3757,#3758);
#3756 = CARTESIAN_POINT('',(79.999999940395,23.,84.));
#3757 = DIRECTION('',(9.95799250103E-17,1.,1.105559255369E-32));
#3758 = DIRECTION('',(-1.,9.95799250103E-17,-1.110223024625E-16));
#3759 = PCURVE('',#3204,#3760);
#3760 = DEFINITIONAL_REPRESENTATION('',(#3761),#3769);
#3761 = ( BOUNDED_CURVE() B_SPLINE_CURVE(2,(#3762,#3763,#3764,#3765,
#3766,#3767,#3768),.UNSPECIFIED.,.T.,.F.) B_SPLINE_CURVE_WITH_KNOTS((1,2
    ,2,2,2,1),(-2.094395102393,0.,2.094395102393,4.188790204786,
6.28318530718,8.377580409573),.UNSPECIFIED.) CURVE() 
GEOMETRIC_REPRESENTATION_ITEM() RATIONAL_B_SPLINE_CURVE((1.,0.5,1.,0.5,
1.,0.5,1.)) REPRESENTATION_ITEM('') );
#3762 = CARTESIAN_POINT('',(39.999900143742,6.898979500468));
#3763 = CARTESIAN_POINT('',(51.949283133118,6.898979500468));
#3764 = CARTESIAN_POINT('',(45.97459163843,-3.449489727881));
#3765 = CARTESIAN_POINT('',(39.999900143742,-13.79795895623));
#3766 = CARTESIAN_POINT('',(34.025208649054,-3.449489727881));
#3767 = CARTESIAN_POINT('',(28.050517154366,6.898979500468));
#3768 = CARTESIAN_POINT('',(39.999900143742,6.898979500468));
#3769 = ( GEOMETRIC_REPRESENTATION_CONTEXT(2) 
PARAMETRIC_REPRESENTATION_CONTEXT() REPRESENTATION_CONTEXT('2D SPACE',''
  ) );
#3770 = PCURVE('',#2994,#3771);
#3771 = DEFINITIONAL_REPRESENTATION('',(#3772),#3798);
#3772 = B_SPLINE_CURVE_WITH_KNOTS('',3,(#3773,#3774,#3775,#3776,#3777,
    #3778,#3779,#3780,#3781,#3782,#3783,#3784,#3785,#3786,#3787,#3788,
    #3789,#3790,#3791,#3792,#3793,#3794,#3795,#3796,#3797),
  .UNSPECIFIED.,.F.,.F.,(4,1,1,1,1,1,1,1,1,1,1,1,1,1,1,1,1,1,1,1,1,1,4),
  (4.418268770257,4.445006970768,4.471745171278,4.498483371788,
    4.525221572299,4.551959772809,4.578697973319,4.60543617383,
    4.63217437434,4.65891257485,4.685650775361,4.712388975871,
    4.739127176381,4.765865376892,4.792603577402,4.819341777912,
    4.846079978423,4.872818178933,4.899556379443,4.926294579954,
    4.953032780464,4.979770980974,5.006509181485),.UNSPECIFIED.);
#3773 = CARTESIAN_POINT('',(0.203244829326,1.880834260898));
#3774 = CARTESIAN_POINT('',(0.203244829326,1.871853352653));
#3775 = CARTESIAN_POINT('',(0.203244829326,1.85383143135));
#3776 = CARTESIAN_POINT('',(0.203244829326,1.826606306936));
#3777 = CARTESIAN_POINT('',(0.203244829326,1.799177134043));
#3778 = CARTESIAN_POINT('',(0.203244829326,1.771531679633));
#3779 = CARTESIAN_POINT('',(0.203244829326,1.743657339733));
#3780 = CARTESIAN_POINT('',(0.203244829326,1.715541323831));
#3781 = CARTESIAN_POINT('',(0.203244829326,1.687169713418));
#3782 = CARTESIAN_POINT('',(0.203244829326,1.658530887512));
#3783 = CARTESIAN_POINT('',(0.203244829326,1.629602597303));
#3784 = CARTESIAN_POINT('',(0.203244829326,1.60040006773));
#3785 = CARTESIAN_POINT('',(0.203244829326,1.57079633184));
#3786 = CARTESIAN_POINT('',(0.203244829326,1.54119259576));
#3787 = CARTESIAN_POINT('',(0.203244829326,1.511990066105));
#3788 = CARTESIAN_POINT('',(0.203244829326,1.483061775793));
#3789 = CARTESIAN_POINT('',(0.203244829326,1.454422949795));
#3790 = CARTESIAN_POINT('',(0.203244829326,1.426051339294));
#3791 = CARTESIAN_POINT('',(0.203244829326,1.397935323307));
#3792 = CARTESIAN_POINT('',(0.203244829326,1.370060983328));
#3793 = CARTESIAN_POINT('',(0.203244829326,1.342415528844));
#3794 = CARTESIAN_POINT('',(0.203244829326,1.314986355879));
#3795 = CARTESIAN_POINT('',(0.203244829326,1.287761231398));
#3796 = CARTESIAN_POINT('',(0.203244829326,1.269739310054));
#3797 = CARTESIAN_POINT('',(0.203244829326,1.260758401788));
#3798 = ( GEOMETRIC_REPRESENTATION_CONTEXT(2) 
PARAMETRIC_REPRESENTATION_CONTEXT() REPRESENTATION_CONTEXT('2D SPACE',''
  ) );
#3799 = ORIENTED_EDGE('',*,*,#3514,.T.);
#3800 = ORIENTED_EDGE('',*,*,#3726,.T.);
#3801 = ORIENTED_EDGE('',*,*,#3188,.T.);
#3802 = ADVANCED_FACE('',(#3803),#2994,.F.);
#3803 = FACE_BOUND('',#3804,.F.);
#3804 = EDGE_LOOP('',(#3805,#3806,#3807,#3808,#3876,#3927,#3971,#3972,
    #3973,#3974));
#3805 = ORIENTED_EDGE('',*,*,#3091,.F.);
#3806 = ORIENTED_EDGE('',*,*,#3752,.F.);
#3807 = ORIENTED_EDGE('',*,*,#3537,.F.);
#3808 = ORIENTED_EDGE('',*,*,#3809,.T.);
#3809 = EDGE_CURVE('',#3538,#3810,#3812,.T.);
#3810 = VERTEX_POINT('',#3811);
#3811 = CARTESIAN_POINT('',(86.999999940395,24.,84.));
#3812 = SEAM_CURVE('',#3813,(#3818,#3847),.PCURVE_S1.);
#3813 = CIRCLE('',#3814,5.);
#3814 = AXIS2_PLACEMENT_3D('',#3815,#3816,#3817);
#3815 = CARTESIAN_POINT('',(81.999999940395,24.,84.));
#3816 = DIRECTION('',(-2.334869823772E-16,1.219502364232E-32,1.));
#3817 = DIRECTION('',(1.,-6.040407428518E-66,2.334869823772E-16));
#3818 = PCURVE('',#2994,#3819);
#3819 = DEFINITIONAL_REPRESENTATION('',(#3820),#3846);
#3820 = B_SPLINE_CURVE_WITH_KNOTS('',3,(#3821,#3822,#3823,#3824,#3825,
    #3826,#3827,#3828,#3829,#3830,#3831,#3832,#3833,#3834,#3835,#3836,
    #3837,#3838,#3839,#3840,#3841,#3842,#3843,#3844,#3845),
  .UNSPECIFIED.,.F.,.F.,(4,1,1,1,1,1,1,1,1,1,1,1,1,1,1,1,1,1,1,1,1,1,4),
  (4.712388986345,4.78378881911,4.855188651876,4.926588484641,
    4.997988317406,5.069388150171,5.140787982936,5.212187815702,
    5.283587648467,5.354987481232,5.426387313997,5.497787146762,
    5.569186979528,5.640586812293,5.711986645058,5.783386477823,
    5.854786310588,5.926186143354,5.997585976119,6.068985808884,
    6.140385641649,6.211785474414,6.28318530718),.QUASI_UNIFORM_KNOTS.);
#3821 = CARTESIAN_POINT('',(1.570796332755,3.14159265359));
#3822 = CARTESIAN_POINT('',(1.546374188812,3.14159265359));
#3823 = CARTESIAN_POINT('',(1.497874036209,3.14159265359));
#3824 = CARTESIAN_POINT('',(1.425961900279,3.14159265359));
#3825 = CARTESIAN_POINT('',(1.354690717033,3.14159265359));
#3826 = CARTESIAN_POINT('',(1.283873242132,3.14159265359));
#3827 = CARTESIAN_POINT('',(1.213325905134,3.14159265359));
#3828 = CARTESIAN_POINT('',(1.142868750308,3.14159265359));
#3829 = CARTESIAN_POINT('',(1.072320369515,3.14159265359));
#3830 = CARTESIAN_POINT('',(1.001507069525,3.14159265359));
#3831 = CARTESIAN_POINT('',(0.930220229885,3.14159265359));
#3832 = CARTESIAN_POINT('',(0.858366543797,3.14159265359));
#3833 = CARTESIAN_POINT('',(0.785398170808,3.14159265359));
#3834 = CARTESIAN_POINT('',(0.712429771238,3.14159265359));
#3835 = CARTESIAN_POINT('',(0.640576092436,3.14159265359));
#3836 = CARTESIAN_POINT('',(0.569289250969,3.14159265359));
#3837 = CARTESIAN_POINT('',(0.498475951552,3.14159265359));
#3838 = CARTESIAN_POINT('',(0.427927570655,3.14159265359));
#3839 = CARTESIAN_POINT('',(0.357470415852,3.14159265359));
#3840 = CARTESIAN_POINT('',(0.286923078868,3.14159265359));
#3841 = CARTESIAN_POINT('',(0.216105603707,3.14159265359));
#3842 = CARTESIAN_POINT('',(0.14483442112,3.14159265359));
#3843 = CARTESIAN_POINT('',(7.292228226711E-02,3.14159265359));
#3844 = CARTESIAN_POINT('',(2.442213652502E-02,3.14159265359));
#3845 = CARTESIAN_POINT('',(-1.394118950144E-16,3.14159265359));
#3846 = ( GEOMETRIC_REPRESENTATION_CONTEXT(2) 
PARAMETRIC_REPRESENTATION_CONTEXT() REPRESENTATION_CONTEXT('2D SPACE',''
  ) );
#3847 = PCURVE('',#2994,#3848);
#3848 = DEFINITIONAL_REPRESENTATION('',(#3849),#3875);
#3849 = B_SPLINE_CURVE_WITH_KNOTS('',3,(#3850,#3851,#3852,#3853,#3854,
    #3855,#3856,#3857,#3858,#3859,#3860,#3861,#3862,#3863,#3864,#3865,
    #3866,#3867,#3868,#3869,#3870,#3871,#3872,#3873,#3874),
  .UNSPECIFIED.,.F.,.F.,(4,1,1,1,1,1,1,1,1,1,1,1,1,1,1,1,1,1,1,1,1,1,4),
  (4.712388986345,4.78378881911,4.855188651876,4.926588484641,
    4.997988317406,5.069388150171,5.140787982936,5.212187815702,
    5.283587648467,5.354987481232,5.426387313997,5.497787146762,
    5.569186979528,5.640586812293,5.711986645058,5.783386477823,
    5.854786310588,5.926186143354,5.997585976119,6.068985808884,
    6.140385641649,6.211785474414,6.28318530718),.QUASI_UNIFORM_KNOTS.);
#3850 = CARTESIAN_POINT('',(1.570796332755,-3.14159265359));
#3851 = CARTESIAN_POINT('',(1.546374188812,-3.14159265359));
#3852 = CARTESIAN_POINT('',(1.497874036209,-3.14159265359));
#3853 = CARTESIAN_POINT('',(1.425961900279,-3.14159265359));
#3854 = CARTESIAN_POINT('',(1.354690717033,-3.14159265359));
#3855 = CARTESIAN_POINT('',(1.283873242132,-3.14159265359));
#3856 = CARTESIAN_POINT('',(1.213325905134,-3.14159265359));
#3857 = CARTESIAN_POINT('',(1.142868750308,-3.14159265359));
#3858 = CARTESIAN_POINT('',(1.072320369515,-3.14159265359));
#3859 = CARTESIAN_POINT('',(1.001507069525,-3.14159265359));
#3860 = CARTESIAN_POINT('',(0.930220229885,-3.14159265359));
#3861 = CARTESIAN_POINT('',(0.858366543797,-3.14159265359));
#3862 = CARTESIAN_POINT('',(0.785398170808,-3.14159265359));
#3863 = CARTESIAN_POINT('',(0.712429771238,-3.14159265359));
#3864 = CARTESIAN_POINT('',(0.640576092436,-3.14159265359));
#3865 = CARTESIAN_POINT('',(0.569289250969,-3.14159265359));
#3866 = CARTESIAN_POINT('',(0.498475951552,-3.14159265359));
#3867 = CARTESIAN_POINT('',(0.427927570655,-3.14159265359));
#3868 = CARTESIAN_POINT('',(0.357470415852,-3.14159265359));
#3869 = CARTESIAN_POINT('',(0.286923078868,-3.14159265359));
#3870 = CARTESIAN_POINT('',(0.216105603707,-3.14159265359));
#3871 = CARTESIAN_POINT('',(0.14483442112,-3.14159265359));
#3872 = CARTESIAN_POINT('',(7.292228226711E-02,-3.14159265359));
#3873 = CARTESIAN_POINT('',(2.442213652502E-02,-3.14159265359));
#3874 = CARTESIAN_POINT('',(-1.394118950144E-16,-3.14159265359));
#3875 = ( GEOMETRIC_REPRESENTATION_CONTEXT(2) 
PARAMETRIC_REPRESENTATION_CONTEXT() REPRESENTATION_CONTEXT('2D SPACE',''
  ) );
#3876 = ORIENTED_EDGE('',*,*,#3877,.F.);
#3877 = EDGE_CURVE('',#3878,#3810,#3880,.T.);
#3878 = VERTEX_POINT('',#3879);
#3879 = CARTESIAN_POINT('',(79.999999940395,24.,91.));
#3880 = SURFACE_CURVE('',#3881,(#3886,#3915),.PCURVE_S1.);
#3881 = CIRCLE('',#3882,7.);
#3882 = AXIS2_PLACEMENT_3D('',#3883,#3884,#3885);
#3883 = CARTESIAN_POINT('',(79.999999940395,24.,84.));
#3884 = DIRECTION('',(-9.95799250103E-17,-1.,-1.105559255369E-32));
#3885 = DIRECTION('',(1.144237745218E-17,-1.219502364232E-32,1.));
#3886 = PCURVE('',#2994,#3887);
#3887 = DEFINITIONAL_REPRESENTATION('',(#3888),#3914);
#3888 = B_SPLINE_CURVE_WITH_KNOTS('',3,(#3889,#3890,#3891,#3892,#3893,
    #3894,#3895,#3896,#3897,#3898,#3899,#3900,#3901,#3902,#3903,#3904,
    #3905,#3906,#3907,#3908,#3909,#3910,#3911,#3912,#3913),
  .UNSPECIFIED.,.F.,.F.,(4,1,1,1,1,1,1,1,1,1,1,1,1,1,1,1,1,1,1,1,1,1,4),
  (0.,0.214199499108,0.428398998217,0.642598497325,0.856797996434,
    1.070997495542,1.28519699465,1.499396493759,1.713595992867,
    1.927795491976,2.141994991084,2.356194490192,2.570393989301,
    2.784593488409,2.998792987518,3.212992486626,3.427191985734,
    3.641391484843,3.855590983951,4.06979048306,4.283989982168,
    4.498189481276,4.712388980385),.UNSPECIFIED.);
#3889 = CARTESIAN_POINT('',(-1.394118950144E-16,-1.570796326795));
#3890 = CARTESIAN_POINT('',(-1.394118950144E-16,-1.491600902977));
#3891 = CARTESIAN_POINT('',(-1.394118950144E-16,-1.339806414379));
#3892 = CARTESIAN_POINT('',(-1.394118950144E-16,-1.126169628765));
#3893 = CARTESIAN_POINT('',(-1.394118950144E-16,-0.920488978282));
#3894 = CARTESIAN_POINT('',(-1.394118950144E-16,-0.717942038876));
#3895 = CARTESIAN_POINT('',(-1.394118950144E-16,-0.513811497476));
#3896 = CARTESIAN_POINT('',(-1.394118950144E-16,-0.303476509462));
#3897 = CARTESIAN_POINT('',(-1.394118950144E-16,-8.093848883122E-02));
#3898 = CARTESIAN_POINT('',(-1.394118950144E-16,0.158136193241));
#3899 = CARTESIAN_POINT('',(-1.394118950144E-16,0.374248904887));
#3900 = CARTESIAN_POINT('',(-1.394118950144E-16,0.582404656046));
#3901 = CARTESIAN_POINT('',(-1.394118950144E-16,0.785398163397));
#3902 = CARTESIAN_POINT('',(-1.394118950144E-16,0.988391670749));
#3903 = CARTESIAN_POINT('',(-1.394118950144E-16,1.196547421908));
#3904 = CARTESIAN_POINT('',(-1.394118950144E-16,1.412660133553));
#3905 = CARTESIAN_POINT('',(-1.394118950144E-16,1.651734815626));
#3906 = CARTESIAN_POINT('',(-1.394118950144E-16,1.874272836257));
#3907 = CARTESIAN_POINT('',(-1.394118950144E-16,2.084607824271));
#3908 = CARTESIAN_POINT('',(-1.394118950144E-16,2.288738365671));
#3909 = CARTESIAN_POINT('',(-1.394118950144E-16,2.491285305077));
#3910 = CARTESIAN_POINT('',(-1.394118950144E-16,2.696965955559));
#3911 = CARTESIAN_POINT('',(-1.394118950144E-16,2.910602741174));
#3912 = CARTESIAN_POINT('',(-1.394118950144E-16,3.062397229772));
#3913 = CARTESIAN_POINT('',(-1.394118950144E-16,3.14159265359));
#3914 = ( GEOMETRIC_REPRESENTATION_CONTEXT(2) 
PARAMETRIC_REPRESENTATION_CONTEXT() REPRESENTATION_CONTEXT('2D SPACE',''
  ) );
#3915 = PCURVE('',#3916,#3921);
#3916 = CYLINDRICAL_SURFACE('',#3917,7.);
#3917 = AXIS2_PLACEMENT_3D('',#3918,#3919,#3920);
#3918 = CARTESIAN_POINT('',(79.999999940395,26.5,84.));
#3919 = DIRECTION('',(-9.95799250103E-17,-1.,-1.105559255369E-32));
#3920 = DIRECTION('',(1.110223024625E-16,0.,-1.));
#3921 = DEFINITIONAL_REPRESENTATION('',(#3922),#3926);
#3922 = LINE('',#3923,#3924);
#3923 = CARTESIAN_POINT('',(-3.14159265359,2.5));
#3924 = VECTOR('',#3925,1.);
#3925 = DIRECTION('',(1.,0.));
#3926 = ( GEOMETRIC_REPRESENTATION_CONTEXT(2) 
PARAMETRIC_REPRESENTATION_CONTEXT() REPRESENTATION_CONTEXT('2D SPACE',''
  ) );
#3927 = ORIENTED_EDGE('',*,*,#3928,.F.);
#3928 = EDGE_CURVE('',#3810,#3878,#3929,.T.);
#3929 = SURFACE_CURVE('',#3930,(#3935,#3964),.PCURVE_S1.);
#3930 = CIRCLE('',#3931,7.);
#3931 = AXIS2_PLACEMENT_3D('',#3932,#3933,#3934);
#3932 = CARTESIAN_POINT('',(79.999999940395,24.,84.));
#3933 = DIRECTION('',(-9.95799250103E-17,-1.,-1.105559255369E-32));
#3934 = DIRECTION('',(1.144237745218E-17,-1.219502364232E-32,1.));
#3935 = PCURVE('',#2994,#3936);
#3936 = DEFINITIONAL_REPRESENTATION('',(#3937),#3963);
#3937 = B_SPLINE_CURVE_WITH_KNOTS('',3,(#3938,#3939,#3940,#3941,#3942,
    #3943,#3944,#3945,#3946,#3947,#3948,#3949,#3950,#3951,#3952,#3953,
    #3954,#3955,#3956,#3957,#3958,#3959,#3960,#3961,#3962),
  .UNSPECIFIED.,.F.,.F.,(4,1,1,1,1,1,1,1,1,1,1,1,1,1,1,1,1,1,1,1,1,1,4),
  (4.712388980385,4.783788813421,4.855188646457,4.926588479493,
    4.997988312529,5.069388145565,5.140787978601,5.212187811638,
    5.283587644674,5.35498747771,5.426387310746,5.497787143782,
    5.569186976818,5.640586809854,5.711986642891,5.783386475927,
    5.854786308963,5.926186141999,5.997585975035,6.068985808071,
    6.140385641107,6.211785474143,6.28318530718),.UNSPECIFIED.);
#3938 = CARTESIAN_POINT('',(-1.394118950144E-16,-3.14159265359));
#3939 = CARTESIAN_POINT('',(-1.394118950144E-16,-3.115159605062));
#3940 = CARTESIAN_POINT('',(-1.394118950144E-16,-3.063067440961));
#3941 = CARTESIAN_POINT('',(-1.394118950144E-16,-2.986986199037));
#3942 = CARTESIAN_POINT('',(-1.394118950144E-16,-2.912688495409));
#3943 = CARTESIAN_POINT('',(-1.394118950144E-16,-2.839931213656));
#3944 = CARTESIAN_POINT('',(-1.394118950144E-16,-2.768486547351));
#3945 = CARTESIAN_POINT('',(-1.394118950144E-16,-2.698142049645));
#3946 = CARTESIAN_POINT('',(-1.394118950144E-16,-2.628697122557));
#3947 = CARTESIAN_POINT('',(-1.394118950144E-16,-2.559960843422));
#3948 = CARTESIAN_POINT('',(-1.394118950144E-16,-2.491749732825));
#3949 = CARTESIAN_POINT('',(-1.394118950144E-16,-2.423885766815));
#3950 = CARTESIAN_POINT('',(-1.394118950144E-16,-2.356194490192));
#3951 = CARTESIAN_POINT('',(-1.394118950144E-16,-2.28850321357));
#3952 = CARTESIAN_POINT('',(-1.394118950144E-16,-2.22063924756));
#3953 = CARTESIAN_POINT('',(-1.394118950144E-16,-2.152428136962));
#3954 = CARTESIAN_POINT('',(-1.394118950144E-16,-2.083691857828));
#3955 = CARTESIAN_POINT('',(-1.394118950144E-16,-2.014246930739));
#3956 = CARTESIAN_POINT('',(-1.394118950144E-16,-1.943902433034));
#3957 = CARTESIAN_POINT('',(-1.394118950144E-16,-1.872457766729));
#3958 = CARTESIAN_POINT('',(-1.394118950144E-16,-1.799700484976));
#3959 = CARTESIAN_POINT('',(-1.394118950144E-16,-1.725402781348));
#3960 = CARTESIAN_POINT('',(-1.394118950144E-16,-1.649321539424));
#3961 = CARTESIAN_POINT('',(-1.394118950144E-16,-1.597229375323));
#3962 = CARTESIAN_POINT('',(-1.394118950144E-16,-1.570796326795));
#3963 = ( GEOMETRIC_REPRESENTATION_CONTEXT(2) 
PARAMETRIC_REPRESENTATION_CONTEXT() REPRESENTATION_CONTEXT('2D SPACE',''
  ) );
#3964 = PCURVE('',#3916,#3965);
#3965 = DEFINITIONAL_REPRESENTATION('',(#3966),#3970);
#3966 = LINE('',#3967,#3968);
#3967 = CARTESIAN_POINT('',(-3.14159265359,2.5));
#3968 = VECTOR('',#3969,1.);
#3969 = DIRECTION('',(1.,0.));
#3970 = ( GEOMETRIC_REPRESENTATION_CONTEXT(2) 
PARAMETRIC_REPRESENTATION_CONTEXT() REPRESENTATION_CONTEXT('2D SPACE',''
  ) );
#3971 = ORIENTED_EDGE('',*,*,#3809,.F.);
#3972 = ORIENTED_EDGE('',*,*,#3630,.F.);
#3973 = ORIENTED_EDGE('',*,*,#3292,.F.);
#3974 = ORIENTED_EDGE('',*,*,#2952,.F.);
#3975 = ADVANCED_FACE('',(#3976),#3916,.T.);
#3976 = FACE_BOUND('',#3977,.T.);
#3977 = EDGE_LOOP('',(#3978,#3979,#4002,#4024,#4025));
#3978 = ORIENTED_EDGE('',*,*,#3877,.F.);
#3979 = ORIENTED_EDGE('',*,*,#3980,.T.);
#3980 = EDGE_CURVE('',#3878,#3981,#3983,.T.);
#3981 = VERTEX_POINT('',#3982);
#3982 = CARTESIAN_POINT('',(79.999999940395,34.,91.));
#3983 = SEAM_CURVE('',#3984,(#3988,#3995),.PCURVE_S1.);
#3984 = LINE('',#3985,#3986);
#3985 = CARTESIAN_POINT('',(79.999999940395,26.5,91.));
#3986 = VECTOR('',#3987,1.);
#3987 = DIRECTION('',(9.95799250103E-17,1.,1.105559255369E-32));
#3988 = PCURVE('',#3916,#3989);
#3989 = DEFINITIONAL_REPRESENTATION('',(#3990),#3994);
#3990 = LINE('',#3991,#3992);
#3991 = CARTESIAN_POINT('',(-3.14159265359,0.));
#3992 = VECTOR('',#3993,1.);
#3993 = DIRECTION('',(0.,-1.));
#3994 = ( GEOMETRIC_REPRESENTATION_CONTEXT(2) 
PARAMETRIC_REPRESENTATION_CONTEXT() REPRESENTATION_CONTEXT('2D SPACE',''
  ) );
#3995 = PCURVE('',#3916,#3996);
#3996 = DEFINITIONAL_REPRESENTATION('',(#3997),#4001);
#3997 = LINE('',#3998,#3999);
#3998 = CARTESIAN_POINT('',(3.14159265359,0.));
#3999 = VECTOR('',#4000,1.);
#4000 = DIRECTION('',(0.,-1.));
#4001 = ( GEOMETRIC_REPRESENTATION_CONTEXT(2) 
PARAMETRIC_REPRESENTATION_CONTEXT() REPRESENTATION_CONTEXT('2D SPACE',''
  ) );
#4002 = ORIENTED_EDGE('',*,*,#4003,.F.);
#4003 = EDGE_CURVE('',#3981,#3981,#4004,.T.);
#4004 = SURFACE_CURVE('',#4005,(#4010,#4017),.PCURVE_S1.);
#4005 = CIRCLE('',#4006,7.);
#4006 = AXIS2_PLACEMENT_3D('',#4007,#4008,#4009);
#4007 = CARTESIAN_POINT('',(79.999999940395,34.,84.));
#4008 = DIRECTION('',(9.95799250103E-17,1.,1.105559255369E-32));
#4009 = DIRECTION('',(1.110223024625E-16,0.,-1.));
#4010 = PCURVE('',#3916,#4011);
#4011 = DEFINITIONAL_REPRESENTATION('',(#4012),#4016);
#4012 = LINE('',#4013,#4014);
#4013 = CARTESIAN_POINT('',(6.28318530718,-7.5));
#4014 = VECTOR('',#4015,1.);
#4015 = DIRECTION('',(-1.,0.));
#4016 = ( GEOMETRIC_REPRESENTATION_CONTEXT(2) 
PARAMETRIC_REPRESENTATION_CONTEXT() REPRESENTATION_CONTEXT('2D SPACE',''
  ) );
#4017 = PCURVE('',#3417,#4018);
#4018 = DEFINITIONAL_REPRESENTATION('',(#4019),#4023);
#4019 = CIRCLE('',#4020,7.);
#4020 = AXIS2_PLACEMENT_2D('',#4021,#4022);
#4021 = CARTESIAN_POINT('',(0.,0.));
#4022 = DIRECTION('',(-1.,0.));
#4023 = ( GEOMETRIC_REPRESENTATION_CONTEXT(2) 
PARAMETRIC_REPRESENTATION_CONTEXT() REPRESENTATION_CONTEXT('2D SPACE',''
  ) );
#4024 = ORIENTED_EDGE('',*,*,#3980,.F.);
#4025 = ORIENTED_EDGE('',*,*,#3928,.F.);
#4026 = ADVANCED_FACE('',(#4027,#4030),#3417,.T.);
#4027 = FACE_BOUND('',#4028,.T.);
#4028 = EDGE_LOOP('',(#4029));
#4029 = ORIENTED_EDGE('',*,*,#4003,.T.);
#4030 = FACE_BOUND('',#4031,.T.);
#4031 = EDGE_LOOP('',(#4032));
#4032 = ORIENTED_EDGE('',*,*,#3402,.T.);
#4033 = ( GEOMETRIC_REPRESENTATION_CONTEXT(3) 
GLOBAL_UNCERTAINTY_ASSIGNED_CONTEXT((#4037)) 
GLOBAL_UNIT_ASSIGNED_CONTEXT((#4034,#4035,#4036)) REPRESENTATION_CONTEXT
('Context #1','3D Context with UNIT and UNCERTAINTY') );
#4034 = ( LENGTH_UNIT() NAMED_UNIT(*) SI_UNIT(.MILLI.,.METRE.) );
#4035 = ( NAMED_UNIT(*) PLANE_ANGLE_UNIT() SI_UNIT($,.RADIAN.) );
#4036 = ( NAMED_UNIT(*) SI_UNIT($,.STERADIAN.) SOLID_ANGLE_UNIT() );
#4037 = UNCERTAINTY_MEASURE_WITH_UNIT(LENGTH_MEASURE(5.E-04),#4034,
  'distance_accuracy_value','confusion accuracy');
#4038 = CONTEXT_DEPENDENT_SHAPE_REPRESENTATION(#4039,#4041);
#4039 = ( REPRESENTATION_RELATIONSHIP('','',#2791,#10) 
REPRESENTATION_RELATIONSHIP_WITH_TRANSFORMATION(#4040) 
SHAPE_REPRESENTATION_RELATIONSHIP() );
#4040 = ITEM_DEFINED_TRANSFORMATION('','',#11,#27);
#4041 = PRODUCT_DEFINITION_SHAPE('Placement','Placement of an item',
  #4042);
#4042 = NEXT_ASSEMBLY_USAGE_OCCURRENCE('4','','',#5,#2786,$);
#4043 = PRODUCT_RELATED_PRODUCT_CATEGORY('part',$,(#2788));
#4044 = SHAPE_DEFINITION_REPRESENTATION(#4045,#4051);
#4045 = PRODUCT_DEFINITION_SHAPE('','',#4046);
#4046 = PRODUCT_DEFINITION('design','',#4047,#4050);
#4047 = PRODUCT_DEFINITION_FORMATION('','',#4048);
#4048 = PRODUCT('Open CASCADE STEP translator 7.9 1.5',
  'Open CASCADE STEP translator 7.9 1.5','',(#4049));
#4049 = PRODUCT_CONTEXT('',#2,'mechanical');
#4050 = PRODUCT_DEFINITION_CONTEXT('part definition',#2,'design');
#4051 = ADVANCED_BREP_SHAPE_REPRESENTATION('',(#11,#4052),#5293);
#4052 = MANIFOLD_SOLID_BREP('',#4053);
#4053 = CLOSED_SHELL('',(#4054,#4184,#4524,#4600,#4692,#4696,#4745,#4981
    ,#5008,#5062,#5235,#5286));
#4054 = ADVANCED_FACE('',(#4055),#4070,.T.);
#4055 = FACE_BOUND('',#4056,.T.);
#4056 = EDGE_LOOP('',(#4057,#4097,#4125,#4158));
#4057 = ORIENTED_EDGE('',*,*,#4058,.T.);
#4058 = EDGE_CURVE('',#4059,#4061,#4063,.T.);
#4059 = VERTEX_POINT('',#4060);
#4060 = CARTESIAN_POINT('',(155.66042582929,11.,76.831998746699));
#4061 = VERTEX_POINT('',#4062);
#4062 = CARTESIAN_POINT('',(143.91308570483,23.,65.084658622235));
#4063 = SURFACE_CURVE('',#4064,(#4069,#4081),.PCURVE_S1.);
#4064 = CIRCLE('',#4065,17.5);
#4065 = AXIS2_PLACEMENT_3D('',#4066,#4067,#4068);
#4066 = CARTESIAN_POINT('',(143.91308570483,5.5,65.084658622235));
#4067 = DIRECTION('',(-0.707106781187,8.867406020898E-17,0.707106781187)
  );
#4068 = DIRECTION('',(0.671276578541,0.314285714286,0.671276578541));
#4069 = PCURVE('',#4070,#4075);
#4070 = CYLINDRICAL_SURFACE('',#4071,17.5);
#4071 = AXIS2_PLACEMENT_3D('',#4072,#4073,#4074);
#4072 = CARTESIAN_POINT('',(141.08465858008,5.5,67.913085746981));
#4073 = DIRECTION('',(-0.707106781187,9.95799250103E-17,0.707106781187)
  );
#4074 = DIRECTION('',(0.671276578541,0.314285714286,0.671276578541));
#4075 = DEFINITIONAL_REPRESENTATION('',(#4076),#4080);
#4076 = LINE('',#4077,#4078);
#4077 = CARTESIAN_POINT('',(0.,-4.));
#4078 = VECTOR('',#4079,1.);
#4079 = DIRECTION('',(1.,7.09922446343E-16));
#4080 = ( GEOMETRIC_REPRESENTATION_CONTEXT(2) 
PARAMETRIC_REPRESENTATION_CONTEXT() REPRESENTATION_CONTEXT('2D SPACE',''
  ) );
#4081 = PCURVE('',#4082,#4087);
#4082 = PLANE('',#4083);
#4083 = AXIS2_PLACEMENT_3D('',#4084,#4085,#4086);
#4084 = CARTESIAN_POINT('',(137.98275603622,19.,59.154328953624));
#4085 = DIRECTION('',(0.707106781187,-8.570213720248E-17,-0.707106781187
    ));
#4086 = DIRECTION('',(-0.707106781187,0.,-0.707106781187));
#4087 = DEFINITIONAL_REPRESENTATION('',(#4088),#4096);
#4088 = ( BOUNDED_CURVE() B_SPLINE_CURVE(2,(#4089,#4090,#4091,#4092,
#4093,#4094,#4095),.UNSPECIFIED.,.T.,.F.) B_SPLINE_CURVE_WITH_KNOTS((1,2
    ,2,2,2,1),(-2.094395102393,0.,2.094395102393,4.188790204786,
6.28318530718,8.377580409573),.UNSPECIFIED.) CURVE() 
GEOMETRIC_REPRESENTATION_ITEM() RATIONAL_B_SPLINE_CURVE((1.,0.5,1.,0.5,
1.,0.5,1.)) REPRESENTATION_ITEM('') );
#4089 = CARTESIAN_POINT('',(-25.00000037252,-7.999999999994));
#4090 = CARTESIAN_POINT('',(-15.47372093088,20.774989139879));
#4091 = CARTESIAN_POINT('',(4.683010937044,-1.862505430067));
#4092 = CARTESIAN_POINT('',(24.839742804975,-24.50000000001));
#4093 = CARTESIAN_POINT('',(-4.843268504596,-30.63749456994));
#4094 = CARTESIAN_POINT('',(-34.52627981416,-36.77498913986));
#4095 = CARTESIAN_POINT('',(-25.00000037252,-7.999999999994));
#4096 = ( GEOMETRIC_REPRESENTATION_CONTEXT(2) 
PARAMETRIC_REPRESENTATION_CONTEXT() REPRESENTATION_CONTEXT('2D SPACE',''
  ) );
#4097 = ORIENTED_EDGE('',*,*,#4098,.T.);
#4098 = EDGE_CURVE('',#4061,#4099,#4101,.T.);
#4099 = VERTEX_POINT('',#4100);
#4100 = CARTESIAN_POINT('',(141.08465858008,23.,67.913085746981));
#4101 = SURFACE_CURVE('',#4102,(#4106,#4113),.PCURVE_S1.);
#4102 = LINE('',#4103,#4104);
#4103 = CARTESIAN_POINT('',(141.08465858008,23.,67.913085746981));
#4104 = VECTOR('',#4105,1.);
#4105 = DIRECTION('',(-0.707106781187,9.95799250103E-17,0.707106781187)
  );
#4106 = PCURVE('',#4070,#4107);
#4107 = DEFINITIONAL_REPRESENTATION('',(#4108),#4112);
#4108 = LINE('',#4109,#4110);
#4109 = CARTESIAN_POINT('',(1.251092178132,1.7763568394E-15));
#4110 = VECTOR('',#4111,1.);
#4111 = DIRECTION('',(0.,1.));
#4112 = ( GEOMETRIC_REPRESENTATION_CONTEXT(2) 
PARAMETRIC_REPRESENTATION_CONTEXT() REPRESENTATION_CONTEXT('2D SPACE',''
  ) );
#4113 = PCURVE('',#4114,#4119);
#4114 = PLANE('',#4115);
#4115 = AXIS2_PLACEMENT_3D('',#4116,#4117,#4118);
#4116 = CARTESIAN_POINT('',(145.40737736336,23.,69.407377419559));
#4117 = DIRECTION('',(-7.041364024483E-17,-1.,7.041364024483E-17));
#4118 = DIRECTION('',(0.707106781187,0.,0.707106781187));
#4119 = DEFINITIONAL_REPRESENTATION('',(#4120),#4124);
#4120 = LINE('',#4121,#4122);
#4121 = CARTESIAN_POINT('',(-4.113247539567,1.999999990066));
#4122 = VECTOR('',#4123,1.);
#4123 = DIRECTION('',(-1.014653635757E-17,1.));
#4124 = ( GEOMETRIC_REPRESENTATION_CONTEXT(2) 
PARAMETRIC_REPRESENTATION_CONTEXT() REPRESENTATION_CONTEXT('2D SPACE',''
  ) );
#4125 = ORIENTED_EDGE('',*,*,#4126,.T.);
#4126 = EDGE_CURVE('',#4099,#4127,#4129,.T.);
#4127 = VERTEX_POINT('',#4128);
#4128 = CARTESIAN_POINT('',(152.83199870455,11.,79.660425871445));
#4129 = SURFACE_CURVE('',#4130,(#4135,#4142),.PCURVE_S1.);
#4130 = CIRCLE('',#4131,17.5);
#4131 = AXIS2_PLACEMENT_3D('',#4132,#4133,#4134);
#4132 = CARTESIAN_POINT('',(141.08465858008,5.5,67.913085746981));
#4133 = DIRECTION('',(0.707106781187,-8.867406020898E-17,-0.707106781187
    ));
#4134 = DIRECTION('',(0.671276578541,0.314285714286,0.671276578541));
#4135 = PCURVE('',#4070,#4136);
#4136 = DEFINITIONAL_REPRESENTATION('',(#4137),#4141);
#4137 = LINE('',#4138,#4139);
#4138 = CARTESIAN_POINT('',(6.28318530718,2.22044604925E-16));
#4139 = VECTOR('',#4140,1.);
#4140 = DIRECTION('',(-1.,0.));
#4141 = ( GEOMETRIC_REPRESENTATION_CONTEXT(2) 
PARAMETRIC_REPRESENTATION_CONTEXT() REPRESENTATION_CONTEXT('2D SPACE',''
  ) );
#4142 = PCURVE('',#4143,#4148);
#4143 = PLANE('',#4144);
#4144 = AXIS2_PLACEMENT_3D('',#4145,#4146,#4147);
#4145 = CARTESIAN_POINT('',(78.585786679971,19.,5.414213846864));
#4146 = DIRECTION('',(-0.707106781187,8.570213720248E-17,0.707106781187)
  );
#4147 = DIRECTION('',(0.707106781187,0.,0.707106781187));
#4148 = DEFINITIONAL_REPRESENTATION('',(#4149),#4157);
#4149 = ( BOUNDED_CURVE() B_SPLINE_CURVE(2,(#4150,#4151,#4152,#4153,
#4154,#4155,#4156),.UNSPECIFIED.,.T.,.F.) B_SPLINE_CURVE_WITH_KNOTS((1,2
    ,2,2,2,1),(-2.094395102393,0.,2.094395102393,4.188790204786,
6.28318530718,8.377580409573),.UNSPECIFIED.) CURVE() 
GEOMETRIC_REPRESENTATION_ITEM() RATIONAL_B_SPLINE_CURVE((1.,0.5,1.,0.5,
1.,0.5,1.)) REPRESENTATION_ITEM('') );
#4150 = CARTESIAN_POINT('',(104.99999999999,-7.999999999994));
#4151 = CARTESIAN_POINT('',(114.52627944163,-36.77498913986));
#4152 = CARTESIAN_POINT('',(84.843268132067,-30.63749456994));
#4153 = CARTESIAN_POINT('',(55.160256822496,-24.50000000001));
#4154 = CARTESIAN_POINT('',(75.316988690427,-1.862505430067));
#4155 = CARTESIAN_POINT('',(95.473720558358,20.774989139879));
#4156 = CARTESIAN_POINT('',(104.99999999999,-7.999999999994));
#4157 = ( GEOMETRIC_REPRESENTATION_CONTEXT(2) 
PARAMETRIC_REPRESENTATION_CONTEXT() REPRESENTATION_CONTEXT('2D SPACE',''
  ) );
#4158 = ORIENTED_EDGE('',*,*,#4159,.F.);
#4159 = EDGE_CURVE('',#4059,#4127,#4160,.T.);
#4160 = SURFACE_CURVE('',#4161,(#4165,#4172),.PCURVE_S1.);
#4161 = LINE('',#4162,#4163);
#4162 = CARTESIAN_POINT('',(152.83199870455,11.,79.660425871445));
#4163 = VECTOR('',#4164,1.);
#4164 = DIRECTION('',(-0.707106781187,9.95799250103E-17,0.707106781187)
  );
#4165 = PCURVE('',#4070,#4166);
#4166 = DEFINITIONAL_REPRESENTATION('',(#4167),#4171);
#4167 = LINE('',#4168,#4169);
#4168 = CARTESIAN_POINT('',(0.,0.));
#4169 = VECTOR('',#4170,1.);
#4170 = DIRECTION('',(0.,1.));
#4171 = ( GEOMETRIC_REPRESENTATION_CONTEXT(2) 
PARAMETRIC_REPRESENTATION_CONTEXT() REPRESENTATION_CONTEXT('2D SPACE',''
  ) );
#4172 = PCURVE('',#4173,#4178);
#4173 = PLANE('',#4174);
#4174 = AXIS2_PLACEMENT_3D('',#4175,#4176,#4177);
#4175 = CARTESIAN_POINT('',(136.56854245277,11.,60.568542537071));
#4176 = DIRECTION('',(-6.060056237805E-17,-1.,6.060056237805E-17));
#4177 = DIRECTION('',(-0.707106781187,8.570213720248E-17,0.707106781187)
  );
#4178 = DEFINITIONAL_REPRESENTATION('',(#4179),#4183);
#4179 = LINE('',#4180,#4181);
#4180 = CARTESIAN_POINT('',(1.999999970197,-25.00000037252));
#4181 = VECTOR('',#4182,1.);
#4182 = DIRECTION('',(1.,1.014653635757E-17));
#4183 = ( GEOMETRIC_REPRESENTATION_CONTEXT(2) 
PARAMETRIC_REPRESENTATION_CONTEXT() REPRESENTATION_CONTEXT('2D SPACE',''
  ) );
#4184 = ADVANCED_FACE('',(#4185),#4143,.T.);
#4185 = FACE_BOUND('',#4186,.T.);
#4186 = EDGE_LOOP('',(#4187,#4188,#4211,#4350,#4447,#4475,#4503));
#4187 = ORIENTED_EDGE('',*,*,#4126,.F.);
#4188 = ORIENTED_EDGE('',*,*,#4189,.F.);
#4189 = EDGE_CURVE('',#4190,#4099,#4192,.T.);
#4190 = VERTEX_POINT('',#4191);
#4191 = CARTESIAN_POINT('',(139.82315735453,23.,66.651584521431));
#4192 = SURFACE_CURVE('',#4193,(#4197,#4204),.PCURVE_S1.);
#4193 = LINE('',#4194,#4195);
#4194 = CARTESIAN_POINT('',(78.585786679971,23.,5.414213846864));
#4195 = VECTOR('',#4196,1.);
#4196 = DIRECTION('',(0.707106781187,0.,0.707106781187));
#4197 = PCURVE('',#4143,#4198);
#4198 = DEFINITIONAL_REPRESENTATION('',(#4199),#4203);
#4199 = LINE('',#4200,#4201);
#4200 = CARTESIAN_POINT('',(0.,4.));
#4201 = VECTOR('',#4202,1.);
#4202 = DIRECTION('',(1.,3.740796904711E-33));
#4203 = ( GEOMETRIC_REPRESENTATION_CONTEXT(2) 
PARAMETRIC_REPRESENTATION_CONTEXT() REPRESENTATION_CONTEXT('2D SPACE',''
  ) );
#4204 = PCURVE('',#4114,#4205);
#4205 = DEFINITIONAL_REPRESENTATION('',(#4206),#4210);
#4206 = LINE('',#4207,#4208);
#4207 = CARTESIAN_POINT('',(-92.49999981373,1.999999990066));
#4208 = VECTOR('',#4209,1.);
#4209 = DIRECTION('',(1.,-1.014653635757E-17));
#4210 = ( GEOMETRIC_REPRESENTATION_CONTEXT(2) 
PARAMETRIC_REPRESENTATION_CONTEXT() REPRESENTATION_CONTEXT('2D SPACE',''
  ) );
#4211 = ORIENTED_EDGE('',*,*,#4212,.F.);
#4212 = EDGE_CURVE('',#4213,#4190,#4215,.T.);
#4213 = VERTEX_POINT('',#4214);
#4214 = CARTESIAN_POINT('',(135.15446986613,19.,61.982897033027));
#4215 = SURFACE_CURVE('',#4216,(#4233,#4253),.PCURVE_S1.);
#4216 = B_SPLINE_CURVE_WITH_KNOTS('',3,(#4217,#4218,#4219,#4220,#4221,
    #4222,#4223,#4224,#4225,#4226,#4227,#4228,#4229,#4230,#4231,#4232),
  .UNSPECIFIED.,.F.,.F.,(4,2,2,2,2,2,2,4),(1.790801908198,1.964818974928
    ,2.138855975421,2.225285273565,2.31171457171,2.406354856116,
    2.500995140522,2.591213604045),.UNSPECIFIED.);
#4217 = CARTESIAN_POINT('',(135.15446986613,19.,61.982897033027));
#4218 = CARTESIAN_POINT('',(135.56464170305,19.,62.393068869945));
#4219 = CARTESIAN_POINT('',(136.01705027261,18.990339307398,
    62.845477439511));
#4220 = CARTESIAN_POINT('',(136.90402188359,19.114631353163,
    63.732449050487));
#4221 = CARTESIAN_POINT('',(137.33786664177,19.258616745824,
    64.166293808666));
#4222 = CARTESIAN_POINT('',(137.90501800101,19.591011644076,
    64.733445167904));
#4223 = CARTESIAN_POINT('',(138.10429244606,19.734404710602,
    64.932719612953));
#4224 = CARTESIAN_POINT('',(138.47936862466,20.072860382179,
    65.307795791556));
#4225 = CARTESIAN_POINT('',(138.65513947995,20.26799142087,
    65.483566646849));
#4226 = CARTESIAN_POINT('',(138.96728065977,20.67960630047,
    65.79570782667));
#4227 = CARTESIAN_POINT('',(139.12989914571,20.937948255308,
    65.958326312604));
#4228 = CARTESIAN_POINT('',(139.4107222349,21.498984629393,
    66.239149401797));
#4229 = CARTESIAN_POINT('',(139.52890860062,21.801697305557,
    66.357335767518));
#4230 = CARTESIAN_POINT('',(139.70213878045,22.367099734014,
    66.530565947346));
#4231 = CARTESIAN_POINT('',(139.77482960198,22.679553687755,
    66.60325676888));
#4232 = CARTESIAN_POINT('',(139.82315735453,23.,66.651584521431));
#4233 = PCURVE('',#4143,#4234);
#4234 = DEFINITIONAL_REPRESENTATION('',(#4235),#4252);
#4235 = B_SPLINE_CURVE_WITH_KNOTS('',3,(#4236,#4237,#4238,#4239,#4240,
    #4241,#4242,#4243,#4244,#4245,#4246,#4247,#4248,#4249,#4250,#4251),
  .UNSPECIFIED.,.F.,.F.,(4,2,2,2,2,2,2,4),(1.790801908198,1.964818974928
    ,2.138855975421,2.225285273565,2.31171457171,2.406354856116,
    2.500995140522,2.591213604045),.UNSPECIFIED.);
#4236 = CARTESIAN_POINT('',(80.000198967458,0.));
#4237 = CARTESIAN_POINT('',(80.580269542132,0.));
#4238 = CARTESIAN_POINT('',(81.220071876946,-9.660692602001E-03));
#4239 = CARTESIAN_POINT('',(82.474439158628,0.114631353163));
#4240 = CARTESIAN_POINT('',(83.087988299609,0.258616745824));
#4241 = CARTESIAN_POINT('',(83.890061443762,0.591011644076));
#4242 = CARTESIAN_POINT('',(84.171878066584,0.734404710602));
#4243 = CARTESIAN_POINT('',(84.702315885288,1.072860382179));
#4244 = CARTESIAN_POINT('',(84.950893412713,1.26799142087));
#4245 = CARTESIAN_POINT('',(85.392327702591,1.67960630047));
#4246 = CARTESIAN_POINT('',(85.622304970892,1.937948255308));
#4247 = CARTESIAN_POINT('',(86.019448792256,2.498984629393));
#4248 = CARTESIAN_POINT('',(86.186589553546,2.801697305557));
#4249 = CARTESIAN_POINT('',(86.431574023271,3.367099734014));
#4250 = CARTESIAN_POINT('',(86.534374368944,3.679553687755));
#4251 = CARTESIAN_POINT('',(86.602720132041,4.));
#4252 = ( GEOMETRIC_REPRESENTATION_CONTEXT(2) 
PARAMETRIC_REPRESENTATION_CONTEXT() REPRESENTATION_CONTEXT('2D SPACE',''
  ) );
#4253 = PCURVE('',#4254,#4300);
#4254 = ( BOUNDED_SURFACE() B_SPLINE_SURFACE(2,2,(
    (#4255,#4256,#4257,#4258,#4259,#4260,#4261,#4262,#4263)
    ,(#4264,#4265,#4266,#4267,#4268,#4269,#4270,#4271,#4272)
    ,(#4273,#4274,#4275,#4276,#4277,#4278,#4279,#4280,#4281)
    ,(#4282,#4283,#4284,#4285,#4286,#4287,#4288,#4289,#4290)
    ,(#4291,#4292,#4293,#4294,#4295,#4296,#4297,#4298,#4299
)),.UNSPECIFIED.,.F.,.T.,.F.) B_SPLINE_SURFACE_WITH_KNOTS((3,2,3),(1,2,2
    ,2,2,2,1),(-1.394118950144E-16,0.785398166378,1.570796332755),(
    -4.712388980385,-3.14159265359,-1.570796326795,0.,1.570796326795,
    3.14159265359,4.712388980385),.UNSPECIFIED.) 
GEOMETRIC_REPRESENTATION_ITEM() RATIONAL_B_SPLINE_SURFACE((
    (1.,0.707106781187,1.,0.707106781187,1.,0.707106781187,1.
      ,0.707106781187,1.)
    ,(0.923879531941,0.653281482035,0.923879531941,0.653281482035
      ,0.923879531941,0.653281482035,0.923879531941,0.653281482035
      ,0.923879531941)
    ,(1.,0.707106781187,1.,0.707106781187,1.,0.707106781187,1.
      ,0.707106781187,1.)
    ,(0.923879531941,0.653281482035,0.923879531941,0.653281482035
      ,0.923879531941,0.653281482035,0.923879531941,0.653281482035
      ,0.923879531941)
    ,(1.,0.707106781187,1.,0.707106781187,1.,0.707106781187,1.
,0.707106781187,1.))) REPRESENTATION_ITEM('') SURFACE() );
#4255 = CARTESIAN_POINT('',(141.51828992108,24.,55.618795068765));
#4256 = CARTESIAN_POINT('',(146.46803738938,24.,60.568542537071));
#4257 = CARTESIAN_POINT('',(141.51828992108,24.,65.518290005377));
#4258 = CARTESIAN_POINT('',(136.56854245277,24.,70.468037473683));
#4259 = CARTESIAN_POINT('',(131.61879498447,24.,65.518290005377));
#4260 = CARTESIAN_POINT('',(126.66904751616,24.,60.568542537071));
#4261 = CARTESIAN_POINT('',(131.61879498447,24.,55.618795068765));
#4262 = CARTESIAN_POINT('',(136.56854245277,24.,50.669047600459));
#4263 = CARTESIAN_POINT('',(141.51828992108,24.,55.618795068765));
#4264 = CARTESIAN_POINT('',(141.51828992108,21.928932179406,
    55.618795068765));
#4265 = CARTESIAN_POINT('',(146.46803738938,21.928932179406,
    60.568542537071));
#4266 = CARTESIAN_POINT('',(141.51828992108,21.928932179406,
    65.518290005377));
#4267 = CARTESIAN_POINT('',(136.56854245277,21.928932179406,
    70.468037473683));
#4268 = CARTESIAN_POINT('',(131.61879498447,21.928932179406,
    65.518290005377));
#4269 = CARTESIAN_POINT('',(126.66904751616,21.928932179406,
    60.568542537071));
#4270 = CARTESIAN_POINT('',(131.61879498447,21.928932179406,
    55.618795068765));
#4271 = CARTESIAN_POINT('',(136.56854245277,21.928932179406,
    50.669047600459));
#4272 = CARTESIAN_POINT('',(141.51828992108,21.928932179406,
    55.618795068765));
#4273 = CARTESIAN_POINT('',(140.48275600769,20.46446608353,
    56.654328982148));
#4274 = CARTESIAN_POINT('',(144.39696956262,20.46446608353,
    60.568542537071));
#4275 = CARTESIAN_POINT('',(140.48275600769,20.46446608353,
    64.482756091993));
#4276 = CARTESIAN_POINT('',(136.56854245277,20.46446608353,
    68.396969646916));
#4277 = CARTESIAN_POINT('',(132.65432889785,20.46446608353,
    64.482756091993));
#4278 = CARTESIAN_POINT('',(128.74011534293,20.46446608353,
    60.568542537071));
#4279 = CARTESIAN_POINT('',(132.65432889785,20.46446608353,
    56.654328982148));
#4280 = CARTESIAN_POINT('',(136.56854245277,20.46446608353,
    52.740115427226));
#4281 = CARTESIAN_POINT('',(140.48275600769,20.46446608353,
    56.654328982148));
#4282 = CARTESIAN_POINT('',(139.44722209431,18.999999987655,
    57.689862895532));
#4283 = CARTESIAN_POINT('',(142.32590173585,18.999999987655,
    60.568542537071));
#4284 = CARTESIAN_POINT('',(139.44722209431,18.999999987655,
    63.44722217861));
#4285 = CARTESIAN_POINT('',(136.56854245277,18.999999987655,
    66.325901820149));
#4286 = CARTESIAN_POINT('',(133.68986281123,18.999999987655,
    63.44722217861));
#4287 = CARTESIAN_POINT('',(130.81118316969,18.999999987655,
    60.568542537071));
#4288 = CARTESIAN_POINT('',(133.68986281123,18.999999987655,
    57.689862895532));
#4289 = CARTESIAN_POINT('',(136.56854245277,18.999999987655,
    54.811183253993));
#4290 = CARTESIAN_POINT('',(139.44722209431,18.999999987655,
    57.689862895532));
#4291 = CARTESIAN_POINT('',(137.98275599407,19.,59.154328995771));
#4292 = CARTESIAN_POINT('',(139.39696953537,19.,60.568542537071));
#4293 = CARTESIAN_POINT('',(137.98275599407,19.,61.982756078371));
#4294 = CARTESIAN_POINT('',(136.56854245277,19.,63.39696961967));
#4295 = CARTESIAN_POINT('',(135.15432891147,19.,61.98275607837));
#4296 = CARTESIAN_POINT('',(133.74011537017,19.,60.56854253707));
#4297 = CARTESIAN_POINT('',(135.15432891147,19.,59.154328995771));
#4298 = CARTESIAN_POINT('',(136.56854245277,19.,57.740115454471));
#4299 = CARTESIAN_POINT('',(137.98275599407,19.,59.154328995771));
#4300 = DEFINITIONAL_REPRESENTATION('',(#4301),#4349);
#4301 = B_SPLINE_CURVE_WITH_KNOTS('',3,(#4302,#4303,#4304,#4305,#4306,
    #4307,#4308,#4309,#4310,#4311,#4312,#4313,#4314,#4315,#4316,#4317,
    #4318,#4319,#4320,#4321,#4322,#4323,#4324,#4325,#4326,#4327,#4328,
    #4329,#4330,#4331,#4332,#4333,#4334,#4335,#4336,#4337,#4338,#4339,
    #4340,#4341,#4342,#4343,#4344,#4345,#4346,#4347,#4348),
  .UNSPECIFIED.,.F.,.F.,(4,1,1,1,1,1,1,1,1,1,1,1,1,1,1,1,1,1,1,1,1,1,1,1
    ,1,1,1,1,1,1,1,1,1,1,1,1,1,1,1,1,1,1,1,1,4),(1.790801908198,
    1.808993083104,1.827184258009,1.845375432915,1.86356660782,
    1.881757782726,1.899948957632,1.918140132537,1.936331307443,
    1.954522482349,1.972713657254,1.99090483216,2.009096007065,
    2.027287181971,2.045478356877,2.063669531782,2.081860706688,
    2.100051881593,2.118243056499,2.136434231405,2.15462540631,
    2.172816581216,2.191007756122,2.209198931027,2.227390105933,
    2.245581280838,2.263772455744,2.28196363065,2.300154805555,
    2.318345980461,2.336537155367,2.354728330272,2.372919505178,
    2.391110680083,2.409301854989,2.427493029895,2.4456842048,
    2.463875379706,2.482066554611,2.500257729517,2.518448904423,
    2.536640079328,2.554831254234,2.57302242914,2.591213604045),
  .UNSPECIFIED.);
#4302 = CARTESIAN_POINT('',(1.570796332755,-1.10703244577E-04));
#4303 = CARTESIAN_POINT('',(1.570806258176,-3.380443607064E-02));
#4304 = CARTESIAN_POINT('',(1.569651783337,-0.100579580048));
#4305 = CARTESIAN_POINT('',(1.564389946768,-0.19764582668));
#4306 = CARTESIAN_POINT('',(1.555539664111,-0.290244541003));
#4307 = CARTESIAN_POINT('',(1.543221724352,-0.377395115367));
#4308 = CARTESIAN_POINT('',(1.527650439557,-0.458443576074));
#4309 = CARTESIAN_POINT('',(1.509119721657,-0.53308134159));
#4310 = CARTESIAN_POINT('',(1.487965565552,-0.601286923607));
#4311 = CARTESIAN_POINT('',(1.464538162113,-0.663257935922));
#4312 = CARTESIAN_POINT('',(1.43917809146,-0.71933822394));
#4313 = CARTESIAN_POINT('',(1.412203226203,-0.769957376322));
#4314 = CARTESIAN_POINT('',(1.383883902472,-0.815568606557));
#4315 = CARTESIAN_POINT('',(1.354472733692,-0.856656960165));
#4316 = CARTESIAN_POINT('',(1.324193059353,-0.89367995436));
#4317 = CARTESIAN_POINT('',(1.293240673979,-0.927061945233));
#4318 = CARTESIAN_POINT('',(1.261787176849,-0.957186967575));
#4319 = CARTESIAN_POINT('',(1.229976779138,-0.984401501569));
#4320 = CARTESIAN_POINT('',(1.197948767964,-1.009003322));
#4321 = CARTESIAN_POINT('',(1.165763529464,-1.031290726111));
#4322 = CARTESIAN_POINT('',(1.133687613247,-1.051392190364));
#4323 = CARTESIAN_POINT('',(1.101137744011,-1.069917649715));
#4324 = CARTESIAN_POINT('',(1.06679895515,-1.087670257469));
#4325 = CARTESIAN_POINT('',(1.03134047277,-1.104299214337));
#4326 = CARTESIAN_POINT('',(0.994926892012,-1.119799955988));
#4327 = CARTESIAN_POINT('',(0.957852793714,-1.134114026518));
#4328 = CARTESIAN_POINT('',(0.920369464399,-1.147231055595));
#4329 = CARTESIAN_POINT('',(0.882750633716,-1.159195707157));
#4330 = CARTESIAN_POINT('',(0.845323105065,-1.170039313205));
#4331 = CARTESIAN_POINT('',(0.808277502991,-1.179833052979));
#4332 = CARTESIAN_POINT('',(0.772369949603,-1.188491805782));
#4333 = CARTESIAN_POINT('',(0.735418321802,-1.196746779168));
#4334 = CARTESIAN_POINT('',(0.6976322479,-1.204549576209));
#4335 = CARTESIAN_POINT('',(0.659270362137,-1.211859350221));
#4336 = CARTESIAN_POINT('',(0.620562985409,-1.218644019418));
#4337 = CARTESIAN_POINT('',(0.581728555797,-1.224875350113));
#4338 = CARTESIAN_POINT('',(0.542968642973,-1.230536390852));
#4339 = CARTESIAN_POINT('',(0.504486122922,-1.235653372768));
#4340 = CARTESIAN_POINT('',(0.466526649504,-1.240241409304));
#4341 = CARTESIAN_POINT('',(0.429215391755,-1.244325468547));
#4342 = CARTESIAN_POINT('',(0.393151951779,-1.247882867513));
#4343 = CARTESIAN_POINT('',(0.357180593037,-1.251052583133));
#4344 = CARTESIAN_POINT('',(0.319719555815,-1.253979465897));
#4345 = CARTESIAN_POINT('',(0.281489488352,-1.256593482533));
#4346 = CARTESIAN_POINT('',(0.242591287136,-1.258882985167));
#4347 = CARTESIAN_POINT('',(0.216382989551,-1.260174864864));
#4348 = CARTESIAN_POINT('',(0.203244829326,-1.260758401788));
#4349 = ( GEOMETRIC_REPRESENTATION_CONTEXT(2) 
PARAMETRIC_REPRESENTATION_CONTEXT() REPRESENTATION_CONTEXT('2D SPACE',''
  ) );
#4350 = ORIENTED_EDGE('',*,*,#4351,.F.);
#4351 = EDGE_CURVE('',#4352,#4213,#4354,.T.);
#4352 = VERTEX_POINT('',#4353);
#4353 = CARTESIAN_POINT('',(130.48550046841,23.,57.313927635309));
#4354 = SURFACE_CURVE('',#4355,(#4374,#4396),.PCURVE_S1.);
#4355 = B_SPLINE_CURVE_WITH_KNOTS('',3,(#4356,#4357,#4358,#4359,#4360,
    #4361,#4362,#4363,#4364,#4365,#4366,#4367,#4368,#4369,#4370,#4371,
    #4372,#4373),.UNSPECIFIED.,.F.,.F.,(4,2,2,2,2,2,2,2,4),(
    0.990350344824,1.080568808347,1.175209092753,1.269849377159,
    1.356278675304,1.442707973448,1.616744973941,1.790781974434,
    1.790801908198),.UNSPECIFIED.);
#4356 = CARTESIAN_POINT('',(130.48550046841,23.,57.313927635309));
#4357 = CARTESIAN_POINT('',(130.53382822096,22.679553687755,
    57.36225538786));
#4358 = CARTESIAN_POINT('',(130.6065190425,22.367099734014,
    57.434946209394));
#4359 = CARTESIAN_POINT('',(130.77974922232,21.801697305557,
    57.608176389222));
#4360 = CARTESIAN_POINT('',(130.89793558805,21.498984629393,
    57.726362754943));
#4361 = CARTESIAN_POINT('',(131.17875867724,20.937948255308,
    58.007185844136));
#4362 = CARTESIAN_POINT('',(131.34137716317,20.67960630047,
    58.16980433007));
#4363 = CARTESIAN_POINT('',(131.65351834299,20.26799142087,
    58.481945509891));
#4364 = CARTESIAN_POINT('',(131.82928919829,20.072860382179,
    58.657716365184));
#4365 = CARTESIAN_POINT('',(132.20436537689,19.734404710602,
    59.032792543787));
#4366 = CARTESIAN_POINT('',(132.40363982194,19.591011644076,
    59.232066988836));
#4367 = CARTESIAN_POINT('',(132.97079118118,19.258616745824,
    59.799218348074));
#4368 = CARTESIAN_POINT('',(133.40463593936,19.114631353163,
    60.233063106253));
#4369 = CARTESIAN_POINT('',(134.291658349,18.99033218894,61.120085515895
    ));
#4370 = CARTESIAN_POINT('',(134.74411976739,19.,61.572546934283));
#4371 = CARTESIAN_POINT('',(135.1543758958,19.,61.982803062701));
#4372 = CARTESIAN_POINT('',(135.15442288069,19.,61.982850047587));
#4373 = CARTESIAN_POINT('',(135.15446986613,19.,61.982897033027));
#4374 = PCURVE('',#4143,#4375);
#4375 = DEFINITIONAL_REPRESENTATION('',(#4376),#4395);
#4376 = B_SPLINE_CURVE_WITH_KNOTS('',3,(#4377,#4378,#4379,#4380,#4381,
    #4382,#4383,#4384,#4385,#4386,#4387,#4388,#4389,#4390,#4391,#4392,
    #4393,#4394),.UNSPECIFIED.,.F.,.F.,(4,2,2,2,2,2,2,2,4),(
    0.990350344824,1.080568808347,1.175209092753,1.269849377159,
    1.356278675304,1.442707973448,1.616744973941,1.790781974434,
    1.790801908198),.UNSPECIFIED.);
#4377 = CARTESIAN_POINT('',(73.397279122901,4.));
#4378 = CARTESIAN_POINT('',(73.465624885998,3.679553687755));
#4379 = CARTESIAN_POINT('',(73.568425231671,3.367099734014));
#4380 = CARTESIAN_POINT('',(73.813409701396,2.801697305557));
#4381 = CARTESIAN_POINT('',(73.980550462686,2.498984629393));
#4382 = CARTESIAN_POINT('',(74.37769428405,1.937948255308));
#4383 = CARTESIAN_POINT('',(74.607671552351,1.67960630047));
#4384 = CARTESIAN_POINT('',(75.049105842229,1.26799142087));
#4385 = CARTESIAN_POINT('',(75.297683369654,1.072860382179));
#4386 = CARTESIAN_POINT('',(75.828121188358,0.734404710602));
#4387 = CARTESIAN_POINT('',(76.10993781118,0.591011644076));
#4388 = CARTESIAN_POINT('',(76.912010955333,0.258616745824));
#4389 = CARTESIAN_POINT('',(77.525560096314,0.114631353163));
#4390 = CARTESIAN_POINT('',(78.779999218158,-9.667811060002E-03));
#4391 = CARTESIAN_POINT('',(79.419876292494,0.));
#4392 = CARTESIAN_POINT('',(80.000066073349,0.));
#4393 = CARTESIAN_POINT('',(80.000132520012,0.));
#4394 = CARTESIAN_POINT('',(80.000198967458,0.));
#4395 = ( GEOMETRIC_REPRESENTATION_CONTEXT(2) 
PARAMETRIC_REPRESENTATION_CONTEXT() REPRESENTATION_CONTEXT('2D SPACE',''
  ) );
#4396 = PCURVE('',#4254,#4397);
#4397 = DEFINITIONAL_REPRESENTATION('',(#4398),#4446);
#4398 = B_SPLINE_CURVE_WITH_KNOTS('',3,(#4399,#4400,#4401,#4402,#4403,
    #4404,#4405,#4406,#4407,#4408,#4409,#4410,#4411,#4412,#4413,#4414,
    #4415,#4416,#4417,#4418,#4419,#4420,#4421,#4422,#4423,#4424,#4425,
    #4426,#4427,#4428,#4429,#4430,#4431,#4432,#4433,#4434,#4435,#4436,
    #4437,#4438,#4439,#4440,#4441,#4442,#4443,#4444,#4445),
  .UNSPECIFIED.,.F.,.F.,(4,1,1,1,1,1,1,1,1,1,1,1,1,1,1,1,1,1,1,1,1,1,1,1
    ,1,1,1,1,1,1,1,1,1,1,1,1,1,1,1,1,1,1,1,1,4),(0.990350344824,
    1.00854242581,1.026734506795,1.044926587781,1.063118668767,
    1.081310749753,1.099502830738,1.117694911724,1.13588699271,
    1.154079073696,1.172271154682,1.190463235667,1.208655316653,
    1.226847397639,1.245039478625,1.26323155961,1.281423640596,
    1.299615721582,1.317807802568,1.335999883554,1.354191964539,
    1.372384045525,1.390576126511,1.408768207497,1.426960288482,
    1.445152369468,1.463344450454,1.48153653144,1.499728612426,
    1.517920693411,1.536112774397,1.554304855383,1.572496936369,
    1.590689017354,1.60888109834,1.627073179326,1.645265260312,
    1.663457341298,1.681649422283,1.699841503269,1.718033584255,
    1.736225665241,1.754417746226,1.772609827212,1.790801908198),
  .UNSPECIFIED.);
#4399 = CARTESIAN_POINT('',(0.203244829326,1.260758401788));
#4400 = CARTESIAN_POINT('',(0.216383643826,1.260174835797));
#4401 = CARTESIAN_POINT('',(0.242593242677,1.258882885616));
#4402 = CARTESIAN_POINT('',(0.281493348474,1.256593242936));
#4403 = CARTESIAN_POINT('',(0.319725214592,1.25397905796));
#4404 = CARTESIAN_POINT('',(0.357188001944,1.251051973076));
#4405 = CARTESIAN_POINT('',(0.393160680132,1.247882059315));
#4406 = CARTESIAN_POINT('',(0.429226417723,1.244324329464));
#4407 = CARTESIAN_POINT('',(0.466539753801,1.240239908484));
#4408 = CARTESIAN_POINT('',(0.504501364678,1.235651448478));
#4409 = CARTESIAN_POINT('',(0.542985965982,1.230533985882));
#4410 = CARTESIAN_POINT('',(0.581747896409,1.224872399078));
#4411 = CARTESIAN_POINT('',(0.620584247331,1.218640460142));
#4412 = CARTESIAN_POINT('',(0.659293427883,1.211855142537));
#4413 = CARTESIAN_POINT('',(0.697656917638,1.204544693018));
#4414 = CARTESIAN_POINT('',(0.735444494084,1.196741162237));
#4415 = CARTESIAN_POINT('',(0.772396950399,1.188485563354));
#4416 = CARTESIAN_POINT('',(0.808306584518,1.179825730287));
#4417 = CARTESIAN_POINT('',(0.845354675117,1.17003059669));
#4418 = CARTESIAN_POINT('',(0.882784317317,1.159185506963));
#4419 = CARTESIAN_POINT('',(0.920405049361,1.147219213063));
#4420 = CARTESIAN_POINT('',(0.957889981146,1.13410038669));
#4421 = CARTESIAN_POINT('',(0.994965378117,1.119784377727));
#4422 = CARTESIAN_POINT('',(1.031379928056,1.104281611435));
#4423 = CARTESIAN_POINT('',(1.066838958479,1.087650595387));
#4424 = CARTESIAN_POINT('',(1.101177983396,1.069895835822));
#4425 = CARTESIAN_POINT('',(1.133727175058,1.051368607226));
#4426 = CARTESIAN_POINT('',(1.165805343989,1.031263252094));
#4427 = CARTESIAN_POINT('',(1.197991919644,1.008971915119));
#4428 = CARTESIAN_POINT('',(1.23002133946,0.984365468325));
#4429 = CARTESIAN_POINT('',(1.26183290246,0.957145680919));
#4430 = CARTESIAN_POINT('',(1.293287347649,0.92701463769));
#4431 = CARTESIAN_POINT('',(1.324240389891,0.893625759625));
#4432 = CARTESIAN_POINT('',(1.354520372536,0.856594889772));
#4433 = CARTESIAN_POINT('',(1.383931430295,0.815497552111));
#4434 = CARTESIAN_POINT('',(1.412250139893,0.769876105096));
#4435 = CARTESIAN_POINT('',(1.439223820113,0.719245431044));
#4436 = CARTESIAN_POINT('',(1.464582034288,0.663152304002));
#4437 = CARTESIAN_POINT('',(1.488006792899,0.601167151099));
#4438 = CARTESIAN_POINT('',(1.509157434381,0.532946287517));
#4439 = CARTESIAN_POINT('',(1.527683716423,0.458292407716));
#4440 = CARTESIAN_POINT('',(1.543249647242,0.377227492726));
#4441 = CARTESIAN_POINT('',(1.555561388323,0.290060798954));
#4442 = CARTESIAN_POINT('',(1.56440478302,0.197447104869));
#4443 = CARTESIAN_POINT('',(1.569659272254,0.100367878155));
#4444 = CARTESIAN_POINT('',(1.570808741423,3.358588139137E-02));
#4445 = CARTESIAN_POINT('',(1.570796332755,-1.107032445771E-04));
#4446 = ( GEOMETRIC_REPRESENTATION_CONTEXT(2) 
PARAMETRIC_REPRESENTATION_CONTEXT() REPRESENTATION_CONTEXT('2D SPACE',''
  ) );
#4447 = ORIENTED_EDGE('',*,*,#4448,.F.);
#4448 = EDGE_CURVE('',#4449,#4352,#4451,.T.);
#4449 = VERTEX_POINT('',#4450);
#4450 = CARTESIAN_POINT('',(78.585786679971,23.,5.414213846864));
#4451 = SURFACE_CURVE('',#4452,(#4456,#4463),.PCURVE_S1.);
#4452 = LINE('',#4453,#4454);
#4453 = CARTESIAN_POINT('',(78.585786679971,23.,5.414213846864));
#4454 = VECTOR('',#4455,1.);
#4455 = DIRECTION('',(0.707106781187,0.,0.707106781187));
#4456 = PCURVE('',#4143,#4457);
#4457 = DEFINITIONAL_REPRESENTATION('',(#4458),#4462);
#4458 = LINE('',#4459,#4460);
#4459 = CARTESIAN_POINT('',(0.,4.));
#4460 = VECTOR('',#4461,1.);
#4461 = DIRECTION('',(1.,3.740796904711E-33));
#4462 = ( GEOMETRIC_REPRESENTATION_CONTEXT(2) 
PARAMETRIC_REPRESENTATION_CONTEXT() REPRESENTATION_CONTEXT('2D SPACE',''
  ) );
#4463 = PCURVE('',#4464,#4469);
#4464 = PLANE('',#4465);
#4465 = AXIS2_PLACEMENT_3D('',#4466,#4467,#4468);
#4466 = CARTESIAN_POINT('',(108.28434182488,23.,32.284341888109));
#4467 = DIRECTION('',(-7.041364024483E-17,-1.,7.041364024483E-17));
#4468 = DIRECTION('',(0.707106781187,0.,0.707106781187));
#4469 = DEFINITIONAL_REPRESENTATION('',(#4470),#4474);
#4470 = LINE('',#4471,#4472);
#4471 = CARTESIAN_POINT('',(-40.00009948372,1.999999985099));
#4472 = VECTOR('',#4473,1.);
#4473 = DIRECTION('',(1.,-1.014653635757E-17));
#4474 = ( GEOMETRIC_REPRESENTATION_CONTEXT(2) 
PARAMETRIC_REPRESENTATION_CONTEXT() REPRESENTATION_CONTEXT('2D SPACE',''
  ) );
#4475 = ORIENTED_EDGE('',*,*,#4476,.F.);
#4476 = EDGE_CURVE('',#4477,#4449,#4479,.T.);
#4477 = VERTEX_POINT('',#4478);
#4478 = CARTESIAN_POINT('',(78.585786679971,11.,5.414213846864));
#4479 = SURFACE_CURVE('',#4480,(#4484,#4491),.PCURVE_S1.);
#4480 = LINE('',#4481,#4482);
#4481 = CARTESIAN_POINT('',(78.585786679971,19.,5.414213846864));
#4482 = VECTOR('',#4483,1.);
#4483 = DIRECTION('',(6.060056237805E-17,1.,-6.060056237805E-17));
#4484 = PCURVE('',#4143,#4485);
#4485 = DEFINITIONAL_REPRESENTATION('',(#4486),#4490);
#4486 = LINE('',#4487,#4488);
#4487 = CARTESIAN_POINT('',(0.,0.));
#4488 = VECTOR('',#4489,1.);
#4489 = DIRECTION('',(3.740796904711E-33,1.));
#4490 = ( GEOMETRIC_REPRESENTATION_CONTEXT(2) 
PARAMETRIC_REPRESENTATION_CONTEXT() REPRESENTATION_CONTEXT('2D SPACE',''
  ) );
#4491 = PCURVE('',#4492,#4497);
#4492 = PLANE('',#4493);
#4493 = AXIS2_PLACEMENT_3D('',#4494,#4495,#4496);
#4494 = CARTESIAN_POINT('',(81.414213804718,19.,2.585786722118));
#4495 = DIRECTION('',(-0.707106781187,0.,-0.707106781187));
#4496 = DIRECTION('',(-0.707106781187,9.95799250103E-17,0.707106781187)
  );
#4497 = DEFINITIONAL_REPRESENTATION('',(#4498),#4502);
#4498 = LINE('',#4499,#4500);
#4499 = CARTESIAN_POINT('',(4.,-3.983197000412E-16));
#4500 = VECTOR('',#4501,1.);
#4501 = DIRECTION('',(1.387778780782E-17,1.));
#4502 = ( GEOMETRIC_REPRESENTATION_CONTEXT(2) 
PARAMETRIC_REPRESENTATION_CONTEXT() REPRESENTATION_CONTEXT('2D SPACE',''
  ) );
#4503 = ORIENTED_EDGE('',*,*,#4504,.F.);
#4504 = EDGE_CURVE('',#4127,#4477,#4505,.T.);
#4505 = SURFACE_CURVE('',#4506,(#4510,#4517),.PCURVE_S1.);
#4506 = LINE('',#4507,#4508);
#4507 = CARTESIAN_POINT('',(78.585786679971,11.,5.414213846864));
#4508 = VECTOR('',#4509,1.);
#4509 = DIRECTION('',(-0.707106781187,0.,-0.707106781187));
#4510 = PCURVE('',#4143,#4511);
#4511 = DEFINITIONAL_REPRESENTATION('',(#4512),#4516);
#4512 = LINE('',#4513,#4514);
#4513 = CARTESIAN_POINT('',(6.280369834735E-16,-8.));
#4514 = VECTOR('',#4515,1.);
#4515 = DIRECTION('',(-1.,-3.740796904711E-33));
#4516 = ( GEOMETRIC_REPRESENTATION_CONTEXT(2) 
PARAMETRIC_REPRESENTATION_CONTEXT() REPRESENTATION_CONTEXT('2D SPACE',''
  ) );
#4517 = PCURVE('',#4173,#4518);
#4518 = DEFINITIONAL_REPRESENTATION('',(#4519),#4523);
#4519 = LINE('',#4520,#4521);
#4520 = CARTESIAN_POINT('',(1.999999970197,79.999999627471));
#4521 = VECTOR('',#4522,1.);
#4522 = DIRECTION('',(1.014653635757E-17,1.));
#4523 = ( GEOMETRIC_REPRESENTATION_CONTEXT(2) 
PARAMETRIC_REPRESENTATION_CONTEXT() REPRESENTATION_CONTEXT('2D SPACE',''
  ) );
#4524 = ADVANCED_FACE('',(#4525),#4114,.F.);
#4525 = FACE_BOUND('',#4526,.T.);
#4526 = EDGE_LOOP('',(#4527,#4528,#4551,#4599));
#4527 = ORIENTED_EDGE('',*,*,#4098,.F.);
#4528 = ORIENTED_EDGE('',*,*,#4529,.T.);
#4529 = EDGE_CURVE('',#4061,#4530,#4532,.T.);
#4530 = VERTEX_POINT('',#4531);
#4531 = CARTESIAN_POINT('',(142.65158446651,23.,63.823157383919));
#4532 = SURFACE_CURVE('',#4533,(#4537,#4544),.PCURVE_S1.);
#4533 = LINE('',#4534,#4535);
#4534 = CARTESIAN_POINT('',(155.66042582929,23.,76.831998746699));
#4535 = VECTOR('',#4536,1.);
#4536 = DIRECTION('',(-0.707106781187,0.,-0.707106781187));
#4537 = PCURVE('',#4114,#4538);
#4538 = DEFINITIONAL_REPRESENTATION('',(#4539),#4543);
#4539 = LINE('',#4540,#4541);
#4540 = CARTESIAN_POINT('',(12.50000018626,-2.000000009934));
#4541 = VECTOR('',#4542,1.);
#4542 = DIRECTION('',(-1.,1.014653635757E-17));
#4543 = ( GEOMETRIC_REPRESENTATION_CONTEXT(2) 
PARAMETRIC_REPRESENTATION_CONTEXT() REPRESENTATION_CONTEXT('2D SPACE',''
  ) );
#4544 = PCURVE('',#4082,#4545);
#4545 = DEFINITIONAL_REPRESENTATION('',(#4546),#4550);
#4546 = LINE('',#4547,#4548);
#4547 = CARTESIAN_POINT('',(-25.00000037252,4.));
#4548 = VECTOR('',#4549,1.);
#4549 = DIRECTION('',(1.,-3.740796904711E-33));
#4550 = ( GEOMETRIC_REPRESENTATION_CONTEXT(2) 
PARAMETRIC_REPRESENTATION_CONTEXT() REPRESENTATION_CONTEXT('2D SPACE',''
  ) );
#4551 = ORIENTED_EDGE('',*,*,#4552,.F.);
#4552 = EDGE_CURVE('',#4190,#4530,#4553,.T.);
#4553 = SURFACE_CURVE('',#4554,(#4559,#4570),.PCURVE_S1.);
#4554 = CIRCLE('',#4555,6.898979485566);
#4555 = AXIS2_PLACEMENT_3D('',#4556,#4557,#4558);
#4556 = CARTESIAN_POINT('',(136.56854245277,23.,60.568542537071));
#4557 = DIRECTION('',(7.041364024483E-17,1.,-7.041364024483E-17));
#4558 = DIRECTION('',(-0.707106781187,9.95799250103E-17,0.707106781187)
  );
#4559 = PCURVE('',#4114,#4560);
#4560 = DEFINITIONAL_REPRESENTATION('',(#4561),#4569);
#4561 = ( BOUNDED_CURVE() B_SPLINE_CURVE(2,(#4562,#4563,#4564,#4565,
#4566,#4567,#4568),.UNSPECIFIED.,.T.,.F.) B_SPLINE_CURVE_WITH_KNOTS((1,2
    ,2,2,2,1),(-2.094395102393,0.,2.094395102393,4.188790204786,
6.28318530718,8.377580409573),.UNSPECIFIED.) CURVE() 
GEOMETRIC_REPRESENTATION_ITEM() RATIONAL_B_SPLINE_CURVE((1.,0.5,1.,0.5,
1.,0.5,1.)) REPRESENTATION_ITEM('') );
#4562 = CARTESIAN_POINT('',(-12.50000018626,6.898979505435));
#4563 = CARTESIAN_POINT('',(-0.550617196884,6.898979505435));
#4564 = CARTESIAN_POINT('',(-6.525308691572,-3.449489722914));
#4565 = CARTESIAN_POINT('',(-12.50000018626,-13.79795895126));
#4566 = CARTESIAN_POINT('',(-18.47469168094,-3.449489722914));
#4567 = CARTESIAN_POINT('',(-24.44938317563,6.898979505435));
#4568 = CARTESIAN_POINT('',(-12.50000018626,6.898979505435));
#4569 = ( GEOMETRIC_REPRESENTATION_CONTEXT(2) 
PARAMETRIC_REPRESENTATION_CONTEXT() REPRESENTATION_CONTEXT('2D SPACE',''
  ) );
#4570 = PCURVE('',#4254,#4571);
#4571 = DEFINITIONAL_REPRESENTATION('',(#4572),#4598);
#4572 = B_SPLINE_CURVE_WITH_KNOTS('',3,(#4573,#4574,#4575,#4576,#4577,
    #4578,#4579,#4580,#4581,#4582,#4583,#4584,#4585,#4586,#4587,#4588,
    #4589,#4590,#4591,#4592,#4593,#4594,#4595,#4596,#4597),
  .UNSPECIFIED.,.F.,.F.,(4,1,1,1,1,1,1,1,1,1,1,1,1,1,1,1,1,1,1,1,1,1,4),
  (1.276676125695,1.303414326205,1.330152526716,1.356890727226,
    1.383628927736,1.410367128247,1.437105328757,1.463843529267,
    1.490581729778,1.517319930288,1.544058130798,1.570796331309,
    1.597534531819,1.624272732329,1.65101093284,1.67774913335,
    1.70448733386,1.73122553437,1.757963734881,1.784701935391,
    1.811440135901,1.838178336412,1.864916536922),.UNSPECIFIED.);
#4573 = CARTESIAN_POINT('',(0.203244829326,-1.260758401788));
#4574 = CARTESIAN_POINT('',(0.203244829326,-1.269739310054));
#4575 = CARTESIAN_POINT('',(0.203244829326,-1.287761231398));
#4576 = CARTESIAN_POINT('',(0.203244829326,-1.314986355879));
#4577 = CARTESIAN_POINT('',(0.203244829326,-1.342415528844));
#4578 = CARTESIAN_POINT('',(0.203244829326,-1.370060983328));
#4579 = CARTESIAN_POINT('',(0.203244829326,-1.397935323307));
#4580 = CARTESIAN_POINT('',(0.203244829326,-1.426051339294));
#4581 = CARTESIAN_POINT('',(0.203244829326,-1.454422949795));
#4582 = CARTESIAN_POINT('',(0.203244829326,-1.483061775793));
#4583 = CARTESIAN_POINT('',(0.203244829326,-1.511990066105));
#4584 = CARTESIAN_POINT('',(0.203244829326,-1.54119259576));
#4585 = CARTESIAN_POINT('',(0.203244829326,-1.57079633184));
#4586 = CARTESIAN_POINT('',(0.203244829326,-1.60040006773));
#4587 = CARTESIAN_POINT('',(0.203244829326,-1.629602597303));
#4588 = CARTESIAN_POINT('',(0.203244829326,-1.658530887512));
#4589 = CARTESIAN_POINT('',(0.203244829326,-1.687169713418));
#4590 = CARTESIAN_POINT('',(0.203244829326,-1.715541323831));
#4591 = CARTESIAN_POINT('',(0.203244829326,-1.743657339733));
#4592 = CARTESIAN_POINT('',(0.203244829326,-1.771531679633));
#4593 = CARTESIAN_POINT('',(0.203244829326,-1.799177134043));
#4594 = CARTESIAN_POINT('',(0.203244829326,-1.826606306936));
#4595 = CARTESIAN_POINT('',(0.203244829326,-1.85383143135));
#4596 = CARTESIAN_POINT('',(0.203244829326,-1.871853352653));
#4597 = CARTESIAN_POINT('',(0.203244829326,-1.880834260898));
#4598 = ( GEOMETRIC_REPRESENTATION_CONTEXT(2) 
PARAMETRIC_REPRESENTATION_CONTEXT() REPRESENTATION_CONTEXT('2D SPACE',''
  ) );
#4599 = ORIENTED_EDGE('',*,*,#4189,.T.);
#4600 = ADVANCED_FACE('',(#4601),#4615,.F.);
#4601 = FACE_BOUND('',#4602,.F.);
#4602 = EDGE_LOOP('',(#4603,#4633,#4660,#4661));
#4603 = ORIENTED_EDGE('',*,*,#4604,.T.);
#4604 = EDGE_CURVE('',#4605,#4607,#4609,.T.);
#4605 = VERTEX_POINT('',#4606);
#4606 = CARTESIAN_POINT('',(140.1040763587,34.,57.033008631138));
#4607 = VERTEX_POINT('',#4608);
#4608 = CARTESIAN_POINT('',(140.1040763587,25.,57.033008631138));
#4609 = SEAM_CURVE('',#4610,(#4614,#4626),.PCURVE_S1.);
#4610 = LINE('',#4611,#4612);
#4611 = CARTESIAN_POINT('',(140.1040763587,29.5,57.033008631138));
#4612 = VECTOR('',#4613,1.);
#4613 = DIRECTION('',(-7.041364024483E-17,-1.,7.041364024483E-17));
#4614 = PCURVE('',#4615,#4620);
#4615 = CYLINDRICAL_SURFACE('',#4616,5.);
#4616 = AXIS2_PLACEMENT_3D('',#4617,#4618,#4619);
#4617 = CARTESIAN_POINT('',(136.56854245277,29.5,60.568542537071));
#4618 = DIRECTION('',(-7.041364024483E-17,-1.,7.041364024483E-17));
#4619 = DIRECTION('',(-0.707106781187,9.95799250103E-17,0.707106781187)
  );
#4620 = DEFINITIONAL_REPRESENTATION('',(#4621),#4625);
#4621 = LINE('',#4622,#4623);
#4622 = CARTESIAN_POINT('',(9.42477796077,0.));
#4623 = VECTOR('',#4624,1.);
#4624 = DIRECTION('',(0.,1.));
#4625 = ( GEOMETRIC_REPRESENTATION_CONTEXT(2) 
PARAMETRIC_REPRESENTATION_CONTEXT() REPRESENTATION_CONTEXT('2D SPACE',''
  ) );
#4626 = PCURVE('',#4615,#4627);
#4627 = DEFINITIONAL_REPRESENTATION('',(#4628),#4632);
#4628 = LINE('',#4629,#4630);
#4629 = CARTESIAN_POINT('',(3.141592653589,0.));
#4630 = VECTOR('',#4631,1.);
#4631 = DIRECTION('',(0.,1.));
#4632 = ( GEOMETRIC_REPRESENTATION_CONTEXT(2) 
PARAMETRIC_REPRESENTATION_CONTEXT() REPRESENTATION_CONTEXT('2D SPACE',''
  ) );
#4633 = ORIENTED_EDGE('',*,*,#4634,.F.);
#4634 = EDGE_CURVE('',#4607,#4607,#4635,.T.);
#4635 = SURFACE_CURVE('',#4636,(#4641,#4648),.PCURVE_S1.);
#4636 = CIRCLE('',#4637,5.);
#4637 = AXIS2_PLACEMENT_3D('',#4638,#4639,#4640);
#4638 = CARTESIAN_POINT('',(136.56854245277,25.,60.568542537071));
#4639 = DIRECTION('',(-7.041364024483E-17,-1.,7.041364024483E-17));
#4640 = DIRECTION('',(-0.707106781187,9.95799250103E-17,0.707106781187)
  );
#4641 = PCURVE('',#4615,#4642);
#4642 = DEFINITIONAL_REPRESENTATION('',(#4643),#4647);
#4643 = LINE('',#4644,#4645);
#4644 = CARTESIAN_POINT('',(0.,4.5));
#4645 = VECTOR('',#4646,1.);
#4646 = DIRECTION('',(1.,0.));
#4647 = ( GEOMETRIC_REPRESENTATION_CONTEXT(2) 
PARAMETRIC_REPRESENTATION_CONTEXT() REPRESENTATION_CONTEXT('2D SPACE',''
  ) );
#4648 = PCURVE('',#4649,#4654);
#4649 = PLANE('',#4650);
#4650 = AXIS2_PLACEMENT_3D('',#4651,#4652,#4653);
#4651 = CARTESIAN_POINT('',(136.56854245277,25.,60.568542537071));
#4652 = DIRECTION('',(-7.041364024483E-17,-1.,7.041364024483E-17));
#4653 = DIRECTION('',(-0.707106781187,9.95799250103E-17,0.707106781187)
  );
#4654 = DEFINITIONAL_REPRESENTATION('',(#4655),#4659);
#4655 = CIRCLE('',#4656,5.);
#4656 = AXIS2_PLACEMENT_2D('',#4657,#4658);
#4657 = CARTESIAN_POINT('',(0.,0.));
#4658 = DIRECTION('',(1.,1.014653635757E-17));
#4659 = ( GEOMETRIC_REPRESENTATION_CONTEXT(2) 
PARAMETRIC_REPRESENTATION_CONTEXT() REPRESENTATION_CONTEXT('2D SPACE',''
  ) );
#4660 = ORIENTED_EDGE('',*,*,#4604,.F.);
#4661 = ORIENTED_EDGE('',*,*,#4662,.T.);
#4662 = EDGE_CURVE('',#4605,#4605,#4663,.T.);
#4663 = SURFACE_CURVE('',#4664,(#4669,#4676),.PCURVE_S1.);
#4664 = CIRCLE('',#4665,5.);
#4665 = AXIS2_PLACEMENT_3D('',#4666,#4667,#4668);
#4666 = CARTESIAN_POINT('',(136.56854245277,34.,60.568542537071));
#4667 = DIRECTION('',(-7.041364024483E-17,-1.,7.041364024483E-17));
#4668 = DIRECTION('',(-0.707106781187,9.95799250103E-17,0.707106781187)
  );
#4669 = PCURVE('',#4615,#4670);
#4670 = DEFINITIONAL_REPRESENTATION('',(#4671),#4675);
#4671 = LINE('',#4672,#4673);
#4672 = CARTESIAN_POINT('',(0.,-4.5));
#4673 = VECTOR('',#4674,1.);
#4674 = DIRECTION('',(1.,0.));
#4675 = ( GEOMETRIC_REPRESENTATION_CONTEXT(2) 
PARAMETRIC_REPRESENTATION_CONTEXT() REPRESENTATION_CONTEXT('2D SPACE',''
  ) );
#4676 = PCURVE('',#4677,#4682);
#4677 = PLANE('',#4678);
#4678 = AXIS2_PLACEMENT_3D('',#4679,#4680,#4681);
#4679 = CARTESIAN_POINT('',(136.56854245277,34.,60.568542537071));
#4680 = DIRECTION('',(7.041364024483E-17,1.,-7.041364024483E-17));
#4681 = DIRECTION('',(0.707106781187,0.,0.707106781187));
#4682 = DEFINITIONAL_REPRESENTATION('',(#4683),#4691);
#4683 = ( BOUNDED_CURVE() B_SPLINE_CURVE(2,(#4684,#4685,#4686,#4687,
#4688,#4689,#4690),.UNSPECIFIED.,.T.,.F.) B_SPLINE_CURVE_WITH_KNOTS((1,2
    ,2,2,2,1),(-2.094395102393,0.,2.094395102393,4.188790204786,
6.28318530718,8.377580409573),.UNSPECIFIED.) CURVE() 
GEOMETRIC_REPRESENTATION_ITEM() RATIONAL_B_SPLINE_CURVE((1.,0.5,1.,0.5,
1.,0.5,1.)) REPRESENTATION_ITEM('') );
#4684 = CARTESIAN_POINT('',(-5.073268178785E-17,-5.));
#4685 = CARTESIAN_POINT('',(-8.660254037844,-5.));
#4686 = CARTESIAN_POINT('',(-4.330127018922,2.5));
#4687 = CARTESIAN_POINT('',(-1.123181435572E-15,10.));
#4688 = CARTESIAN_POINT('',(4.330127018922,2.5));
#4689 = CARTESIAN_POINT('',(8.660254037844,-5.));
#4690 = CARTESIAN_POINT('',(-5.073268178785E-17,-5.));
#4691 = ( GEOMETRIC_REPRESENTATION_CONTEXT(2) 
PARAMETRIC_REPRESENTATION_CONTEXT() REPRESENTATION_CONTEXT('2D SPACE',''
  ) );
#4692 = ADVANCED_FACE('',(#4693),#4649,.F.);
#4693 = FACE_BOUND('',#4694,.T.);
#4694 = EDGE_LOOP('',(#4695));
#4695 = ORIENTED_EDGE('',*,*,#4634,.F.);
#4696 = ADVANCED_FACE('',(#4697),#4173,.T.);
#4697 = FACE_BOUND('',#4698,.T.);
#4698 = EDGE_LOOP('',(#4699,#4722,#4723,#4724));
#4699 = ORIENTED_EDGE('',*,*,#4700,.T.);
#4700 = EDGE_CURVE('',#4701,#4059,#4703,.T.);
#4701 = VERTEX_POINT('',#4702);
#4702 = CARTESIAN_POINT('',(81.414213804718,11.,2.585786722118));
#4703 = SURFACE_CURVE('',#4704,(#4708,#4715),.PCURVE_S1.);
#4704 = LINE('',#4705,#4706);
#4705 = CARTESIAN_POINT('',(155.66042582929,11.,76.831998746699));
#4706 = VECTOR('',#4707,1.);
#4707 = DIRECTION('',(0.707106781187,0.,0.707106781187));
#4708 = PCURVE('',#4173,#4709);
#4709 = DEFINITIONAL_REPRESENTATION('',(#4710),#4714);
#4710 = LINE('',#4711,#4712);
#4711 = CARTESIAN_POINT('',(-2.000000029803,-25.00000037252));
#4712 = VECTOR('',#4713,1.);
#4713 = DIRECTION('',(-1.014653635757E-17,-1.));
#4714 = ( GEOMETRIC_REPRESENTATION_CONTEXT(2) 
PARAMETRIC_REPRESENTATION_CONTEXT() REPRESENTATION_CONTEXT('2D SPACE',''
  ) );
#4715 = PCURVE('',#4082,#4716);
#4716 = DEFINITIONAL_REPRESENTATION('',(#4717),#4721);
#4717 = LINE('',#4718,#4719);
#4718 = CARTESIAN_POINT('',(-25.00000037252,-8.));
#4719 = VECTOR('',#4720,1.);
#4720 = DIRECTION('',(-1.,3.740796904711E-33));
#4721 = ( GEOMETRIC_REPRESENTATION_CONTEXT(2) 
PARAMETRIC_REPRESENTATION_CONTEXT() REPRESENTATION_CONTEXT('2D SPACE',''
  ) );
#4722 = ORIENTED_EDGE('',*,*,#4159,.T.);
#4723 = ORIENTED_EDGE('',*,*,#4504,.T.);
#4724 = ORIENTED_EDGE('',*,*,#4725,.T.);
#4725 = EDGE_CURVE('',#4477,#4701,#4726,.T.);
#4726 = SURFACE_CURVE('',#4727,(#4731,#4738),.PCURVE_S1.);
#4727 = LINE('',#4728,#4729);
#4728 = CARTESIAN_POINT('',(81.414213804718,11.,2.585786722118));
#4729 = VECTOR('',#4730,1.);
#4730 = DIRECTION('',(0.707106781187,-9.95799250103E-17,-0.707106781187)
  );
#4731 = PCURVE('',#4173,#4732);
#4732 = DEFINITIONAL_REPRESENTATION('',(#4733),#4737);
#4733 = LINE('',#4734,#4735);
#4734 = CARTESIAN_POINT('',(-2.000000029803,79.999999627471));
#4735 = VECTOR('',#4736,1.);
#4736 = DIRECTION('',(-1.,-1.014653635757E-17));
#4737 = ( GEOMETRIC_REPRESENTATION_CONTEXT(2) 
PARAMETRIC_REPRESENTATION_CONTEXT() REPRESENTATION_CONTEXT('2D SPACE',''
  ) );
#4738 = PCURVE('',#4492,#4739);
#4739 = DEFINITIONAL_REPRESENTATION('',(#4740),#4744);
#4740 = LINE('',#4741,#4742);
#4741 = CARTESIAN_POINT('',(-7.966394000824E-16,-8.));
#4742 = VECTOR('',#4743,1.);
#4743 = DIRECTION('',(-1.,-2.904405458073E-33));
#4744 = ( GEOMETRIC_REPRESENTATION_CONTEXT(2) 
PARAMETRIC_REPRESENTATION_CONTEXT() REPRESENTATION_CONTEXT('2D SPACE',''
  ) );
#4745 = ADVANCED_FACE('',(#4746),#4082,.T.);
#4746 = FACE_BOUND('',#4747,.T.);
#4747 = EDGE_LOOP('',(#4748,#4749,#4750,#4773,#4796,#4889,#4980));
#4748 = ORIENTED_EDGE('',*,*,#4058,.F.);
#4749 = ORIENTED_EDGE('',*,*,#4700,.F.);
#4750 = ORIENTED_EDGE('',*,*,#4751,.F.);
#4751 = EDGE_CURVE('',#4752,#4701,#4754,.T.);
#4752 = VERTEX_POINT('',#4753);
#4753 = CARTESIAN_POINT('',(81.414213804718,23.,2.585786722118));
#4754 = SURFACE_CURVE('',#4755,(#4759,#4766),.PCURVE_S1.);
#4755 = LINE('',#4756,#4757);
#4756 = CARTESIAN_POINT('',(81.414213804718,19.,2.585786722118));
#4757 = VECTOR('',#4758,1.);
#4758 = DIRECTION('',(-6.060056237805E-17,-1.,6.060056237805E-17));
#4759 = PCURVE('',#4082,#4760);
#4760 = DEFINITIONAL_REPRESENTATION('',(#4761),#4765);
#4761 = LINE('',#4762,#4763);
#4762 = CARTESIAN_POINT('',(79.999999627471,-8.591092139764E-31));
#4763 = VECTOR('',#4764,1.);
#4764 = DIRECTION('',(3.740796904711E-33,-1.));
#4765 = ( GEOMETRIC_REPRESENTATION_CONTEXT(2) 
PARAMETRIC_REPRESENTATION_CONTEXT() REPRESENTATION_CONTEXT('2D SPACE',''
  ) );
#4766 = PCURVE('',#4492,#4767);
#4767 = DEFINITIONAL_REPRESENTATION('',(#4768),#4772);
#4768 = LINE('',#4769,#4770);
#4769 = CARTESIAN_POINT('',(0.,0.));
#4770 = VECTOR('',#4771,1.);
#4771 = DIRECTION('',(-1.387778780782E-17,-1.));
#4772 = ( GEOMETRIC_REPRESENTATION_CONTEXT(2) 
PARAMETRIC_REPRESENTATION_CONTEXT() REPRESENTATION_CONTEXT('2D SPACE',''
  ) );
#4773 = ORIENTED_EDGE('',*,*,#4774,.F.);
#4774 = EDGE_CURVE('',#4775,#4752,#4777,.T.);
#4775 = VERTEX_POINT('',#4776);
#4776 = CARTESIAN_POINT('',(133.31392760592,23.,54.485500523329));
#4777 = SURFACE_CURVE('',#4778,(#4782,#4789),.PCURVE_S1.);
#4778 = LINE('',#4779,#4780);
#4779 = CARTESIAN_POINT('',(155.66042582929,23.,76.831998746699));
#4780 = VECTOR('',#4781,1.);
#4781 = DIRECTION('',(-0.707106781187,0.,-0.707106781187));
#4782 = PCURVE('',#4082,#4783);
#4783 = DEFINITIONAL_REPRESENTATION('',(#4784),#4788);
#4784 = LINE('',#4785,#4786);
#4785 = CARTESIAN_POINT('',(-25.00000037252,4.));
#4786 = VECTOR('',#4787,1.);
#4787 = DIRECTION('',(1.,-3.740796904711E-33));
#4788 = ( GEOMETRIC_REPRESENTATION_CONTEXT(2) 
PARAMETRIC_REPRESENTATION_CONTEXT() REPRESENTATION_CONTEXT('2D SPACE',''
  ) );
#4789 = PCURVE('',#4464,#4790);
#4790 = DEFINITIONAL_REPRESENTATION('',(#4791),#4795);
#4791 = LINE('',#4792,#4793);
#4792 = CARTESIAN_POINT('',(64.999900516262,-2.000000014901));
#4793 = VECTOR('',#4794,1.);
#4794 = DIRECTION('',(-1.,1.014653635757E-17));
#4795 = ( GEOMETRIC_REPRESENTATION_CONTEXT(2) 
PARAMETRIC_REPRESENTATION_CONTEXT() REPRESENTATION_CONTEXT('2D SPACE',''
  ) );
#4796 = ORIENTED_EDGE('',*,*,#4797,.F.);
#4797 = EDGE_CURVE('',#4798,#4775,#4800,.T.);
#4798 = VERTEX_POINT('',#4799);
#4799 = CARTESIAN_POINT('',(137.98275603622,19.,59.154328953624));
#4800 = SURFACE_CURVE('',#4801,(#4818,#4838),.PCURVE_S1.);
#4801 = B_SPLINE_CURVE_WITH_KNOTS('',3,(#4802,#4803,#4804,#4805,#4806,
    #4807,#4808,#4809,#4810,#4811,#4812,#4813,#4814,#4815,#4816,#4817),
  .UNSPECIFIED.,.F.,.F.,(4,2,2,2,2,2,2,4),(1.791302591763,1.973466414892
    ,2.155630238021,2.248176718593,2.340723199166,2.42806929439,
    2.515415389615,2.592260364922),.UNSPECIFIED.);
#4802 = CARTESIAN_POINT('',(137.98275603622,19.,59.154328953624));
#4803 = CARTESIAN_POINT('',(137.55339178748,19.,58.724964704886));
#4804 = CARTESIAN_POINT('',(137.07948357705,18.989438128506,
    58.25105649445));
#4805 = CARTESIAN_POINT('',(136.15378314192,19.133229013187,
    57.325356059328));
#4806 = CARTESIAN_POINT('',(135.70277184167,19.297464739204,
    56.874344759073));
#4807 = CARTESIAN_POINT('',(135.11262818142,19.674252828893,
    56.284201098825));
#4808 = CARTESIAN_POINT('',(134.90360342271,19.839050162646,
    56.075176340112));
#4809 = CARTESIAN_POINT('',(134.5145500157,20.226497969315,
    55.686122933107));
#4810 = CARTESIAN_POINT('',(134.33455293804,20.449211841264,
    55.506125855441));
#4811 = CARTESIAN_POINT('',(134.04230732813,20.883671780029,
    55.213880245536));
#4812 = CARTESIAN_POINT('',(133.90134123555,21.133170742438,
    55.072914152959));
#4813 = CARTESIAN_POINT('',(133.65861596552,21.66770719496,
    54.830188882927));
#4814 = CARTESIAN_POINT('',(133.55687147153,21.952758019883,
    54.728444388933));
#4815 = CARTESIAN_POINT('',(133.41361305009,22.46118229684,
    54.58518596749));
#4816 = CARTESIAN_POINT('',(133.35511318741,22.726911205826,
    54.526686104817));
#4817 = CARTESIAN_POINT('',(133.31392760592,23.,54.485500523329));
#4818 = PCURVE('',#4082,#4819);
#4819 = DEFINITIONAL_REPRESENTATION('',(#4820),#4837);
#4820 = B_SPLINE_CURVE_WITH_KNOTS('',3,(#4821,#4822,#4823,#4824,#4825,
    #4826,#4827,#4828,#4829,#4830,#4831,#4832,#4833,#4834,#4835,#4836),
  .UNSPECIFIED.,.F.,.F.,(4,2,2,2,2,2,2,4),(1.791302591763,1.973466414892
    ,2.155630238021,2.248176718593,2.340723199166,2.42806929439,
    2.515415389615,2.592260364922),.UNSPECIFIED.);
#4821 = CARTESIAN_POINT('',(0.,0.));
#4822 = CARTESIAN_POINT('',(0.607212743763,0.));
#4823 = CARTESIAN_POINT('',(1.277420162282,-1.0561871494E-02));
#4824 = CARTESIAN_POINT('',(2.586558272326,0.133229013187));
#4825 = CARTESIAN_POINT('',(3.22438456993,0.297464739204));
#4826 = CARTESIAN_POINT('',(4.058973738002,0.674252828893));
#4827 = CARTESIAN_POINT('',(4.354579386645,0.839050162646));
#4828 = CARTESIAN_POINT('',(4.904783991319,1.226497969315));
#4829 = CARTESIAN_POINT('',(5.159338299742,1.449211841264));
#4830 = CARTESIAN_POINT('',(5.572636004813,1.883671780029));
#4831 = CARTESIAN_POINT('',(5.77199216477,2.133170742438));
#4832 = CARTESIAN_POINT('',(6.115257533581,2.66770719496));
#4833 = CARTESIAN_POINT('',(6.259145976884,2.952758019883));
#4834 = CARTESIAN_POINT('',(6.461743979412,3.46118229684));
#4835 = CARTESIAN_POINT('',(6.544475278601,3.726911205826));
#4836 = CARTESIAN_POINT('',(6.602720486516,4.));
#4837 = ( GEOMETRIC_REPRESENTATION_CONTEXT(2) 
PARAMETRIC_REPRESENTATION_CONTEXT() REPRESENTATION_CONTEXT('2D SPACE',''
  ) );
#4838 = PCURVE('',#4254,#4839);
#4839 = DEFINITIONAL_REPRESENTATION('',(#4840),#4888);
#4840 = B_SPLINE_CURVE_WITH_KNOTS('',3,(#4841,#4842,#4843,#4844,#4845,
    #4846,#4847,#4848,#4849,#4850,#4851,#4852,#4853,#4854,#4855,#4856,
    #4857,#4858,#4859,#4860,#4861,#4862,#4863,#4864,#4865,#4866,#4867,
    #4868,#4869,#4870,#4871,#4872,#4873,#4874,#4875,#4876,#4877,#4878,
    #4879,#4880,#4881,#4882,#4883,#4884,#4885,#4886,#4887),
  .UNSPECIFIED.,.F.,.F.,(4,1,1,1,1,1,1,1,1,1,1,1,1,1,1,1,1,1,1,1,1,1,1,1
    ,1,1,1,1,1,1,1,1,1,1,1,1,1,1,1,1,1,1,1,1,4),(1.791302591763,
    1.809506177517,1.827709763271,1.845913349024,1.864116934778,
    1.882320520531,1.900524106285,1.918727692039,1.936931277792,
    1.955134863546,1.973338449299,1.991542035053,2.009745620807,
    2.02794920656,2.046152792314,2.064356378068,2.082559963821,
    2.100763549575,2.118967135328,2.137170721082,2.155374306836,
    2.173577892589,2.191781478343,2.209985064096,2.22818864985,
    2.246392235604,2.264595821357,2.282799407111,2.301002992864,
    2.319206578618,2.337410164372,2.355613750125,2.373817335879,
    2.392020921633,2.410224507386,2.42842809314,2.446631678893,
    2.464835264647,2.483038850401,2.501242436154,2.519446021908,
    2.537649607661,2.555853193415,2.574056779169,2.592260364922),
  .UNSPECIFIED.);
#4841 = CARTESIAN_POINT('',(1.570796332755,3.14159265359));
#4842 = CARTESIAN_POINT('',(1.570807316102,3.107875325846));
#4843 = CARTESIAN_POINT('',(1.569654151286,3.041080724416));
#4844 = CARTESIAN_POINT('',(1.564396494949,2.944046074014));
#4845 = CARTESIAN_POINT('',(1.555558165586,2.851516832142));
#4846 = CARTESIAN_POINT('',(1.543262271938,2.764452420299));
#4847 = CARTESIAN_POINT('',(1.527723183855,2.683489496596));
#4848 = CARTESIAN_POINT('',(1.509232685444,2.608924096025));
#4849 = CARTESIAN_POINT('',(1.488123064343,2.540769881406));
#4850 = CARTESIAN_POINT('',(1.464739796597,2.478825151855));
#4851 = CARTESIAN_POINT('',(1.439418201783,2.422745345254));
#4852 = CARTESIAN_POINT('',(1.412470916665,2.372099929006));
#4853 = CARTESIAN_POINT('',(1.384168248906,2.326435302461));
#4854 = CARTESIAN_POINT('',(1.354747675628,2.285278534611));
#4855 = CARTESIAN_POINT('',(1.324426374664,2.248168134344));
#4856 = CARTESIAN_POINT('',(1.293392508502,2.214681141565));
#4857 = CARTESIAN_POINT('',(1.261809729296,2.184432995972));
#4858 = CARTESIAN_POINT('',(1.229820953663,2.157080657585));
#4859 = CARTESIAN_POINT('',(1.197542562734,2.132316300493));
#4860 = CARTESIAN_POINT('',(1.16509696683,2.109881266635));
#4861 = CARTESIAN_POINT('',(1.132499971384,2.089500675893));
#4862 = CARTESIAN_POINT('',(1.100089044591,2.071111623521));
#4863 = CARTESIAN_POINT('',(1.066931667381,2.053995444302));
#4864 = CARTESIAN_POINT('',(1.032167965794,2.037672937926));
#4865 = CARTESIAN_POINT('',(0.996324021298,2.022378971708));
#4866 = CARTESIAN_POINT('',(0.959554719053,2.008119019807));
#4867 = CARTESIAN_POINT('',(0.922109019333,1.994929761663));
#4868 = CARTESIAN_POINT('',(0.884200771025,1.982820902747));
#4869 = CARTESIAN_POINT('',(0.846052533845,1.971751710718));
#4870 = CARTESIAN_POINT('',(0.807955091258,1.961681926414));
#4871 = CARTESIAN_POINT('',(0.770019669359,1.952560634253));
#4872 = CARTESIAN_POINT('',(0.733353329328,1.944396837969));
#4873 = CARTESIAN_POINT('',(0.697417490539,1.936993551659));
#4874 = CARTESIAN_POINT('',(0.659929484582,1.929855554953));
#4875 = CARTESIAN_POINT('',(0.621803853197,1.923170139501));
#4876 = CARTESIAN_POINT('',(0.58315563137,1.916945480753));
#4877 = CARTESIAN_POINT('',(0.544294954879,1.911228845689));
#4878 = CARTESIAN_POINT('',(0.505458960278,1.906049728962));
#4879 = CARTESIAN_POINT('',(0.466891285103,1.901389585048));
#4880 = CARTESIAN_POINT('',(0.428902495465,1.897237873837));
#4881 = CARTESIAN_POINT('',(0.391591669456,1.893568601697));
#4882 = CARTESIAN_POINT('',(0.355880693275,1.890427341181));
#4883 = CARTESIAN_POINT('',(0.319230352217,1.887571700949));
#4884 = CARTESIAN_POINT('',(0.281324820258,1.884984794489));
#4885 = CARTESIAN_POINT('',(0.242605372373,1.882709824928));
#4886 = CARTESIAN_POINT('',(0.21639885,1.881418466339));
#4887 = CARTESIAN_POINT('',(0.203244829326,1.880834260898));
#4888 = ( GEOMETRIC_REPRESENTATION_CONTEXT(2) 
PARAMETRIC_REPRESENTATION_CONTEXT() REPRESENTATION_CONTEXT('2D SPACE',''
  ) );
#4889 = ORIENTED_EDGE('',*,*,#4890,.F.);
#4890 = EDGE_CURVE('',#4530,#4798,#4891,.T.);
#4891 = SURFACE_CURVE('',#4892,(#4909,#4929),.PCURVE_S1.);
#4892 = B_SPLINE_CURVE_WITH_KNOTS('',3,(#4893,#4894,#4895,#4896,#4897,
    #4898,#4899,#4900,#4901,#4902,#4903,#4904,#4905,#4906,#4907,#4908),
  .UNSPECIFIED.,.F.,.F.,(4,2,2,2,2,2,2,4),(0.990344818605,1.067189793912
    ,1.154535889137,1.241881984361,1.334428464933,1.426974945506,
    1.609138768634,1.791302591763),.UNSPECIFIED.);
#4893 = CARTESIAN_POINT('',(142.65158446651,23.,63.823157383919));
#4894 = CARTESIAN_POINT('',(142.61039888503,22.726911205826,
    63.78197180243));
#4895 = CARTESIAN_POINT('',(142.55189902235,22.46118229684,
    63.723471939757));
#4896 = CARTESIAN_POINT('',(142.40864060091,21.952758019883,
    63.580213518315));
#4897 = CARTESIAN_POINT('',(142.30689610692,21.66770719496,
    63.478469024321));
#4898 = CARTESIAN_POINT('',(142.06417083688,21.133170742438,
    63.235743754288));
#4899 = CARTESIAN_POINT('',(141.92320474431,20.883671780029,
    63.094777661711));
#4900 = CARTESIAN_POINT('',(141.6309591344,20.449211841264,
    62.802532051807));
#4901 = CARTESIAN_POINT('',(141.45096205674,20.226497969315,
    62.622534974141));
#4902 = CARTESIAN_POINT('',(141.06190864973,19.839050162646,
    62.233481567136));
#4903 = CARTESIAN_POINT('',(140.85288389102,19.674252828893,
    62.024456808423));
#4904 = CARTESIAN_POINT('',(140.26274023077,19.297464739204,
    61.434313148175));
#4905 = CARTESIAN_POINT('',(139.81172893052,19.133229013187,
    60.98330184792));
#4906 = CARTESIAN_POINT('',(138.88602849539,18.989438128506,
    60.057601412798));
#4907 = CARTESIAN_POINT('',(138.41212028496,19.,59.583693202362));
#4908 = CARTESIAN_POINT('',(137.98275603622,19.,59.154328953624));
#4909 = PCURVE('',#4082,#4910);
#4910 = DEFINITIONAL_REPRESENTATION('',(#4911),#4928);
#4911 = B_SPLINE_CURVE_WITH_KNOTS('',3,(#4912,#4913,#4914,#4915,#4916,
    #4917,#4918,#4919,#4920,#4921,#4922,#4923,#4924,#4925,#4926,#4927),
  .UNSPECIFIED.,.F.,.F.,(4,2,2,2,2,2,2,4),(0.990344818605,1.067189793912
    ,1.154535889137,1.241881984361,1.334428464933,1.426974945506,
    1.609138768634,1.791302591763),.UNSPECIFIED.);
#4912 = CARTESIAN_POINT('',(-6.602720486516,4.));
#4913 = CARTESIAN_POINT('',(-6.544475278601,3.726911205826));
#4914 = CARTESIAN_POINT('',(-6.461743979412,3.46118229684));
#4915 = CARTESIAN_POINT('',(-6.259145976884,2.952758019883));
#4916 = CARTESIAN_POINT('',(-6.115257533581,2.66770719496));
#4917 = CARTESIAN_POINT('',(-5.77199216477,2.133170742438));
#4918 = CARTESIAN_POINT('',(-5.572636004813,1.883671780029));
#4919 = CARTESIAN_POINT('',(-5.159338299742,1.449211841264));
#4920 = CARTESIAN_POINT('',(-4.904783991319,1.226497969315));
#4921 = CARTESIAN_POINT('',(-4.354579386645,0.839050162646));
#4922 = CARTESIAN_POINT('',(-4.058973738002,0.674252828893));
#4923 = CARTESIAN_POINT('',(-3.22438456993,0.297464739204));
#4924 = CARTESIAN_POINT('',(-2.586558272326,0.133229013187));
#4925 = CARTESIAN_POINT('',(-1.277420162282,-1.0561871494E-02));
#4926 = CARTESIAN_POINT('',(-0.607212743763,0.));
#4927 = CARTESIAN_POINT('',(0.,0.));
#4928 = ( GEOMETRIC_REPRESENTATION_CONTEXT(2) 
PARAMETRIC_REPRESENTATION_CONTEXT() REPRESENTATION_CONTEXT('2D SPACE',''
  ) );
#4929 = PCURVE('',#4254,#4930);
#4930 = DEFINITIONAL_REPRESENTATION('',(#4931),#4979);
#4931 = B_SPLINE_CURVE_WITH_KNOTS('',3,(#4932,#4933,#4934,#4935,#4936,
    #4937,#4938,#4939,#4940,#4941,#4942,#4943,#4944,#4945,#4946,#4947,
    #4948,#4949,#4950,#4951,#4952,#4953,#4954,#4955,#4956,#4957,#4958,
    #4959,#4960,#4961,#4962,#4963,#4964,#4965,#4966,#4967,#4968,#4969,
    #4970,#4971,#4972,#4973,#4974,#4975,#4976,#4977,#4978),
  .UNSPECIFIED.,.F.,.F.,(4,1,1,1,1,1,1,1,1,1,1,1,1,1,1,1,1,1,1,1,1,1,1,1
    ,1,1,1,1,1,1,1,1,1,1,1,1,1,1,1,1,1,1,1,1,4),(0.990344818605,
    1.008548404358,1.026751990112,1.044955575865,1.063159161619,
    1.081362747373,1.099566333126,1.11776991888,1.135973504633,
    1.154177090387,1.172380676141,1.190584261894,1.208787847648,
    1.226991433401,1.245195019155,1.263398604909,1.281602190662,
    1.299805776416,1.31800936217,1.336212947923,1.354416533677,
    1.37262011943,1.390823705184,1.409027290938,1.427230876691,
    1.445434462445,1.463638048198,1.481841633952,1.500045219706,
    1.518248805459,1.536452391213,1.554655976966,1.57285956272,
    1.591063148474,1.609266734227,1.627470319981,1.645673905734,
    1.663877491488,1.682081077242,1.700284662995,1.718488248749,
    1.736691834503,1.754895420256,1.77309900601,1.791302591763),
  .UNSPECIFIED.);
#4932 = CARTESIAN_POINT('',(0.203244829326,-1.880834260898));
#4933 = CARTESIAN_POINT('',(0.21639885,-1.881418466339));
#4934 = CARTESIAN_POINT('',(0.242605372373,-1.882709824928));
#4935 = CARTESIAN_POINT('',(0.281324820258,-1.884984794489));
#4936 = CARTESIAN_POINT('',(0.319230352217,-1.887571700949));
#4937 = CARTESIAN_POINT('',(0.355880693275,-1.890427341181));
#4938 = CARTESIAN_POINT('',(0.391591669456,-1.893568601697));
#4939 = CARTESIAN_POINT('',(0.428902495465,-1.897237873837));
#4940 = CARTESIAN_POINT('',(0.466891285103,-1.901389585048));
#4941 = CARTESIAN_POINT('',(0.505458960278,-1.906049728962));
#4942 = CARTESIAN_POINT('',(0.544294954879,-1.911228845689));
#4943 = CARTESIAN_POINT('',(0.58315563137,-1.916945480753));
#4944 = CARTESIAN_POINT('',(0.621803853197,-1.923170139501));
#4945 = CARTESIAN_POINT('',(0.659929484582,-1.929855554953));
#4946 = CARTESIAN_POINT('',(0.697417490539,-1.936993551659));
#4947 = CARTESIAN_POINT('',(0.733353329328,-1.944396837969));
#4948 = CARTESIAN_POINT('',(0.770019669359,-1.952560634253));
#4949 = CARTESIAN_POINT('',(0.807955091258,-1.961681926414));
#4950 = CARTESIAN_POINT('',(0.846052533845,-1.971751710718));
#4951 = CARTESIAN_POINT('',(0.884200771025,-1.982820902747));
#4952 = CARTESIAN_POINT('',(0.922109019333,-1.994929761663));
#4953 = CARTESIAN_POINT('',(0.959554719053,-2.008119019807));
#4954 = CARTESIAN_POINT('',(0.996324021298,-2.022378971708));
#4955 = CARTESIAN_POINT('',(1.032167965794,-2.037672937926));
#4956 = CARTESIAN_POINT('',(1.066931667381,-2.053995444302));
#4957 = CARTESIAN_POINT('',(1.100089044591,-2.071111623521));
#4958 = CARTESIAN_POINT('',(1.132499971384,-2.089500675893));
#4959 = CARTESIAN_POINT('',(1.16509696683,-2.109881266635));
#4960 = CARTESIAN_POINT('',(1.197542562734,-2.132316300493));
#4961 = CARTESIAN_POINT('',(1.229820953663,-2.157080657585));
#4962 = CARTESIAN_POINT('',(1.261809729296,-2.184432995972));
#4963 = CARTESIAN_POINT('',(1.293392508502,-2.214681141565));
#4964 = CARTESIAN_POINT('',(1.324426374664,-2.248168134344));
#4965 = CARTESIAN_POINT('',(1.354747675628,-2.285278534611));
#4966 = CARTESIAN_POINT('',(1.384168248906,-2.326435302461));
#4967 = CARTESIAN_POINT('',(1.412470916665,-2.372099929006));
#4968 = CARTESIAN_POINT('',(1.439418201783,-2.422745345254));
#4969 = CARTESIAN_POINT('',(1.464739796597,-2.478825151855));
#4970 = CARTESIAN_POINT('',(1.488123064343,-2.540769881406));
#4971 = CARTESIAN_POINT('',(1.509232685444,-2.608924096025));
#4972 = CARTESIAN_POINT('',(1.527723183855,-2.683489496596));
#4973 = CARTESIAN_POINT('',(1.543262271938,-2.764452420299));
#4974 = CARTESIAN_POINT('',(1.555558165586,-2.851516832142));
#4975 = CARTESIAN_POINT('',(1.564396494949,-2.944046074014));
#4976 = CARTESIAN_POINT('',(1.569654151286,-3.041080724416));
#4977 = CARTESIAN_POINT('',(1.570807316102,-3.107875325846));
#4978 = CARTESIAN_POINT('',(1.570796332755,-3.14159265359));
#4979 = ( GEOMETRIC_REPRESENTATION_CONTEXT(2) 
PARAMETRIC_REPRESENTATION_CONTEXT() REPRESENTATION_CONTEXT('2D SPACE',''
  ) );
#4980 = ORIENTED_EDGE('',*,*,#4529,.F.);
#4981 = ADVANCED_FACE('',(#4982),#4492,.T.);
#4982 = FACE_BOUND('',#4983,.T.);
#4983 = EDGE_LOOP('',(#4984,#4985,#5006,#5007));
#4984 = ORIENTED_EDGE('',*,*,#4476,.T.);
#4985 = ORIENTED_EDGE('',*,*,#4986,.F.);
#4986 = EDGE_CURVE('',#4752,#4449,#4987,.T.);
#4987 = SURFACE_CURVE('',#4988,(#4992,#4999),.PCURVE_S1.);
#4988 = LINE('',#4989,#4990);
#4989 = CARTESIAN_POINT('',(81.414213804718,23.,2.585786722118));
#4990 = VECTOR('',#4991,1.);
#4991 = DIRECTION('',(-0.707106781187,9.95799250103E-17,0.707106781187)
  );
#4992 = PCURVE('',#4492,#4993);
#4993 = DEFINITIONAL_REPRESENTATION('',(#4994),#4998);
#4994 = LINE('',#4995,#4996);
#4995 = CARTESIAN_POINT('',(3.983197000412E-16,4.));
#4996 = VECTOR('',#4997,1.);
#4997 = DIRECTION('',(1.,2.904405458073E-33));
#4998 = ( GEOMETRIC_REPRESENTATION_CONTEXT(2) 
PARAMETRIC_REPRESENTATION_CONTEXT() REPRESENTATION_CONTEXT('2D SPACE',''
  ) );
#4999 = PCURVE('',#4464,#5000);
#5000 = DEFINITIONAL_REPRESENTATION('',(#5001),#5005);
#5001 = LINE('',#5002,#5003);
#5002 = CARTESIAN_POINT('',(-40.00009948372,-2.000000014901));
#5003 = VECTOR('',#5004,1.);
#5004 = DIRECTION('',(-1.014653635757E-17,1.));
#5005 = ( GEOMETRIC_REPRESENTATION_CONTEXT(2) 
PARAMETRIC_REPRESENTATION_CONTEXT() REPRESENTATION_CONTEXT('2D SPACE',''
  ) );
#5006 = ORIENTED_EDGE('',*,*,#4751,.T.);
#5007 = ORIENTED_EDGE('',*,*,#4725,.F.);
#5008 = ADVANCED_FACE('',(#5009),#4464,.F.);
#5009 = FACE_BOUND('',#5010,.T.);
#5010 = EDGE_LOOP('',(#5011,#5059,#5060,#5061));
#5011 = ORIENTED_EDGE('',*,*,#5012,.F.);
#5012 = EDGE_CURVE('',#4775,#4352,#5013,.T.);
#5013 = SURFACE_CURVE('',#5014,(#5019,#5030),.PCURVE_S1.);
#5014 = CIRCLE('',#5015,6.898979485566);
#5015 = AXIS2_PLACEMENT_3D('',#5016,#5017,#5018);
#5016 = CARTESIAN_POINT('',(136.56854245277,23.,60.568542537071));
#5017 = DIRECTION('',(7.041364024483E-17,1.,-7.041364024483E-17));
#5018 = DIRECTION('',(-0.707106781187,9.95799250103E-17,0.707106781187)
  );
#5019 = PCURVE('',#4464,#5020);
#5020 = DEFINITIONAL_REPRESENTATION('',(#5021),#5029);
#5021 = ( BOUNDED_CURVE() B_SPLINE_CURVE(2,(#5022,#5023,#5024,#5025,
#5026,#5027,#5028),.UNSPECIFIED.,.T.,.F.) B_SPLINE_CURVE_WITH_KNOTS((1,2
    ,2,2,2,1),(-2.094395102393,0.,2.094395102393,4.188790204786,
6.28318530718,8.377580409573),.UNSPECIFIED.) CURVE() 
GEOMETRIC_REPRESENTATION_ITEM() RATIONAL_B_SPLINE_CURVE((1.,0.5,1.,0.5,
1.,0.5,1.)) REPRESENTATION_ITEM('') );
#5022 = CARTESIAN_POINT('',(39.999900143742,6.898979500468));
#5023 = CARTESIAN_POINT('',(51.949283133118,6.898979500468));
#5024 = CARTESIAN_POINT('',(45.97459163843,-3.449489727881));
#5025 = CARTESIAN_POINT('',(39.999900143742,-13.79795895623));
#5026 = CARTESIAN_POINT('',(34.025208649054,-3.449489727881));
#5027 = CARTESIAN_POINT('',(28.050517154366,6.898979500468));
#5028 = CARTESIAN_POINT('',(39.999900143742,6.898979500468));
#5029 = ( GEOMETRIC_REPRESENTATION_CONTEXT(2) 
PARAMETRIC_REPRESENTATION_CONTEXT() REPRESENTATION_CONTEXT('2D SPACE',''
  ) );
#5030 = PCURVE('',#4254,#5031);
#5031 = DEFINITIONAL_REPRESENTATION('',(#5032),#5058);
#5032 = B_SPLINE_CURVE_WITH_KNOTS('',3,(#5033,#5034,#5035,#5036,#5037,
    #5038,#5039,#5040,#5041,#5042,#5043,#5044,#5045,#5046,#5047,#5048,
    #5049,#5050,#5051,#5052,#5053,#5054,#5055,#5056,#5057),
  .UNSPECIFIED.,.F.,.F.,(4,1,1,1,1,1,1,1,1,1,1,1,1,1,1,1,1,1,1,1,1,1,4),
  (4.418268770257,4.445006970768,4.471745171278,4.498483371788,
    4.525221572299,4.551959772809,4.578697973319,4.60543617383,
    4.63217437434,4.65891257485,4.685650775361,4.712388975871,
    4.739127176381,4.765865376892,4.792603577402,4.819341777912,
    4.846079978423,4.872818178933,4.899556379443,4.926294579954,
    4.953032780464,4.979770980974,5.006509181485),.UNSPECIFIED.);
#5033 = CARTESIAN_POINT('',(0.203244829326,1.880834260898));
#5034 = CARTESIAN_POINT('',(0.203244829326,1.871853352653));
#5035 = CARTESIAN_POINT('',(0.203244829326,1.85383143135));
#5036 = CARTESIAN_POINT('',(0.203244829326,1.826606306936));
#5037 = CARTESIAN_POINT('',(0.203244829326,1.799177134043));
#5038 = CARTESIAN_POINT('',(0.203244829326,1.771531679633));
#5039 = CARTESIAN_POINT('',(0.203244829326,1.743657339733));
#5040 = CARTESIAN_POINT('',(0.203244829326,1.715541323831));
#5041 = CARTESIAN_POINT('',(0.203244829326,1.687169713418));
#5042 = CARTESIAN_POINT('',(0.203244829326,1.658530887512));
#5043 = CARTESIAN_POINT('',(0.203244829326,1.629602597303));
#5044 = CARTESIAN_POINT('',(0.203244829326,1.60040006773));
#5045 = CARTESIAN_POINT('',(0.203244829326,1.57079633184));
#5046 = CARTESIAN_POINT('',(0.203244829326,1.54119259576));
#5047 = CARTESIAN_POINT('',(0.203244829326,1.511990066105));
#5048 = CARTESIAN_POINT('',(0.203244829326,1.483061775793));
#5049 = CARTESIAN_POINT('',(0.203244829326,1.454422949795));
#5050 = CARTESIAN_POINT('',(0.203244829326,1.426051339294));
#5051 = CARTESIAN_POINT('',(0.203244829326,1.397935323307));
#5052 = CARTESIAN_POINT('',(0.203244829326,1.370060983328));
#5053 = CARTESIAN_POINT('',(0.203244829326,1.342415528844));
#5054 = CARTESIAN_POINT('',(0.203244829326,1.314986355879));
#5055 = CARTESIAN_POINT('',(0.203244829326,1.287761231398));
#5056 = CARTESIAN_POINT('',(0.203244829326,1.269739310054));
#5057 = CARTESIAN_POINT('',(0.203244829326,1.260758401788));
#5058 = ( GEOMETRIC_REPRESENTATION_CONTEXT(2) 
PARAMETRIC_REPRESENTATION_CONTEXT() REPRESENTATION_CONTEXT('2D SPACE',''
  ) );
#5059 = ORIENTED_EDGE('',*,*,#4774,.T.);
#5060 = ORIENTED_EDGE('',*,*,#4986,.T.);
#5061 = ORIENTED_EDGE('',*,*,#4448,.T.);
#5062 = ADVANCED_FACE('',(#5063),#4254,.F.);
#5063 = FACE_BOUND('',#5064,.F.);
#5064 = EDGE_LOOP('',(#5065,#5066,#5067,#5068,#5136,#5187,#5231,#5232,
    #5233,#5234));
#5065 = ORIENTED_EDGE('',*,*,#4351,.F.);
#5066 = ORIENTED_EDGE('',*,*,#5012,.F.);
#5067 = ORIENTED_EDGE('',*,*,#4797,.F.);
#5068 = ORIENTED_EDGE('',*,*,#5069,.T.);
#5069 = EDGE_CURVE('',#4798,#5070,#5072,.T.);
#5070 = VERTEX_POINT('',#5071);
#5071 = CARTESIAN_POINT('',(141.51828992108,24.,55.618795068765));
#5072 = SEAM_CURVE('',#5073,(#5078,#5107),.PCURVE_S1.);
#5073 = CIRCLE('',#5074,5.);
#5074 = AXIS2_PLACEMENT_3D('',#5075,#5076,#5077);
#5075 = CARTESIAN_POINT('',(137.98275601515,24.,59.154328974698));
#5076 = DIRECTION('',(0.707106781187,1.219502364232E-32,0.707106781187)
  );
#5077 = DIRECTION('',(0.707106781187,-6.040407428518E-66,-0.707106781187
    ));
#5078 = PCURVE('',#4254,#5079);
#5079 = DEFINITIONAL_REPRESENTATION('',(#5080),#5106);
#5080 = B_SPLINE_CURVE_WITH_KNOTS('',3,(#5081,#5082,#5083,#5084,#5085,
    #5086,#5087,#5088,#5089,#5090,#5091,#5092,#5093,#5094,#5095,#5096,
    #5097,#5098,#5099,#5100,#5101,#5102,#5103,#5104,#5105),
  .UNSPECIFIED.,.F.,.F.,(4,1,1,1,1,1,1,1,1,1,1,1,1,1,1,1,1,1,1,1,1,1,4),
  (4.712388986345,4.78378881911,4.855188651876,4.926588484641,
    4.997988317406,5.069388150171,5.140787982936,5.212187815702,
    5.283587648467,5.354987481232,5.426387313997,5.497787146762,
    5.569186979528,5.640586812293,5.711986645058,5.783386477823,
    5.854786310588,5.926186143354,5.997585976119,6.068985808884,
    6.140385641649,6.211785474414,6.28318530718),.QUASI_UNIFORM_KNOTS.);
#5081 = CARTESIAN_POINT('',(1.570796332755,3.14159265359));
#5082 = CARTESIAN_POINT('',(1.546374188812,3.14159265359));
#5083 = CARTESIAN_POINT('',(1.497874036209,3.14159265359));
#5084 = CARTESIAN_POINT('',(1.425961900279,3.14159265359));
#5085 = CARTESIAN_POINT('',(1.354690717033,3.14159265359));
#5086 = CARTESIAN_POINT('',(1.283873242132,3.14159265359));
#5087 = CARTESIAN_POINT('',(1.213325905134,3.14159265359));
#5088 = CARTESIAN_POINT('',(1.142868750308,3.14159265359));
#5089 = CARTESIAN_POINT('',(1.072320369515,3.14159265359));
#5090 = CARTESIAN_POINT('',(1.001507069525,3.14159265359));
#5091 = CARTESIAN_POINT('',(0.930220229885,3.14159265359));
#5092 = CARTESIAN_POINT('',(0.858366543797,3.14159265359));
#5093 = CARTESIAN_POINT('',(0.785398170808,3.14159265359));
#5094 = CARTESIAN_POINT('',(0.712429771238,3.14159265359));
#5095 = CARTESIAN_POINT('',(0.640576092436,3.14159265359));
#5096 = CARTESIAN_POINT('',(0.569289250969,3.14159265359));
#5097 = CARTESIAN_POINT('',(0.498475951552,3.14159265359));
#5098 = CARTESIAN_POINT('',(0.427927570655,3.14159265359));
#5099 = CARTESIAN_POINT('',(0.357470415852,3.14159265359));
#5100 = CARTESIAN_POINT('',(0.286923078868,3.14159265359));
#5101 = CARTESIAN_POINT('',(0.216105603707,3.14159265359));
#5102 = CARTESIAN_POINT('',(0.14483442112,3.14159265359));
#5103 = CARTESIAN_POINT('',(7.292228226711E-02,3.14159265359));
#5104 = CARTESIAN_POINT('',(2.442213652502E-02,3.14159265359));
#5105 = CARTESIAN_POINT('',(-1.394118950144E-16,3.14159265359));
#5106 = ( GEOMETRIC_REPRESENTATION_CONTEXT(2) 
PARAMETRIC_REPRESENTATION_CONTEXT() REPRESENTATION_CONTEXT('2D SPACE',''
  ) );
#5107 = PCURVE('',#4254,#5108);
#5108 = DEFINITIONAL_REPRESENTATION('',(#5109),#5135);
#5109 = B_SPLINE_CURVE_WITH_KNOTS('',3,(#5110,#5111,#5112,#5113,#5114,
    #5115,#5116,#5117,#5118,#5119,#5120,#5121,#5122,#5123,#5124,#5125,
    #5126,#5127,#5128,#5129,#5130,#5131,#5132,#5133,#5134),
  .UNSPECIFIED.,.F.,.F.,(4,1,1,1,1,1,1,1,1,1,1,1,1,1,1,1,1,1,1,1,1,1,4),
  (4.712388986345,4.78378881911,4.855188651876,4.926588484641,
    4.997988317406,5.069388150171,5.140787982936,5.212187815702,
    5.283587648467,5.354987481232,5.426387313997,5.497787146762,
    5.569186979528,5.640586812293,5.711986645058,5.783386477823,
    5.854786310588,5.926186143354,5.997585976119,6.068985808884,
    6.140385641649,6.211785474414,6.28318530718),.QUASI_UNIFORM_KNOTS.);
#5110 = CARTESIAN_POINT('',(1.570796332755,-3.14159265359));
#5111 = CARTESIAN_POINT('',(1.546374188812,-3.14159265359));
#5112 = CARTESIAN_POINT('',(1.497874036209,-3.14159265359));
#5113 = CARTESIAN_POINT('',(1.425961900279,-3.14159265359));
#5114 = CARTESIAN_POINT('',(1.354690717033,-3.14159265359));
#5115 = CARTESIAN_POINT('',(1.283873242132,-3.14159265359));
#5116 = CARTESIAN_POINT('',(1.213325905134,-3.14159265359));
#5117 = CARTESIAN_POINT('',(1.142868750308,-3.14159265359));
#5118 = CARTESIAN_POINT('',(1.072320369515,-3.14159265359));
#5119 = CARTESIAN_POINT('',(1.001507069525,-3.14159265359));
#5120 = CARTESIAN_POINT('',(0.930220229885,-3.14159265359));
#5121 = CARTESIAN_POINT('',(0.858366543797,-3.14159265359));
#5122 = CARTESIAN_POINT('',(0.785398170808,-3.14159265359));
#5123 = CARTESIAN_POINT('',(0.712429771238,-3.14159265359));
#5124 = CARTESIAN_POINT('',(0.640576092436,-3.14159265359));
#5125 = CARTESIAN_POINT('',(0.569289250969,-3.14159265359));
#5126 = CARTESIAN_POINT('',(0.498475951552,-3.14159265359));
#5127 = CARTESIAN_POINT('',(0.427927570655,-3.14159265359));
#5128 = CARTESIAN_POINT('',(0.357470415852,-3.14159265359));
#5129 = CARTESIAN_POINT('',(0.286923078868,-3.14159265359));
#5130 = CARTESIAN_POINT('',(0.216105603707,-3.14159265359));
#5131 = CARTESIAN_POINT('',(0.14483442112,-3.14159265359));
#5132 = CARTESIAN_POINT('',(7.292228226711E-02,-3.14159265359));
#5133 = CARTESIAN_POINT('',(2.442213652502E-02,-3.14159265359));
#5134 = CARTESIAN_POINT('',(-1.394118950144E-16,-3.14159265359));
#5135 = ( GEOMETRIC_REPRESENTATION_CONTEXT(2) 
PARAMETRIC_REPRESENTATION_CONTEXT() REPRESENTATION_CONTEXT('2D SPACE',''
  ) );
#5136 = ORIENTED_EDGE('',*,*,#5137,.F.);
#5137 = EDGE_CURVE('',#5138,#5070,#5140,.T.);
#5138 = VERTEX_POINT('',#5139);
#5139 = CARTESIAN_POINT('',(141.51828992108,24.,65.518290005377));
#5140 = SURFACE_CURVE('',#5141,(#5146,#5175),.PCURVE_S1.);
#5141 = CIRCLE('',#5142,7.);
#5142 = AXIS2_PLACEMENT_3D('',#5143,#5144,#5145);
#5143 = CARTESIAN_POINT('',(136.56854245277,24.,60.568542537071));
#5144 = DIRECTION('',(-7.041364024483E-17,-1.,7.041364024483E-17));
#5145 = DIRECTION('',(0.707106781187,-1.219502364232E-32,0.707106781187)
  );
#5146 = PCURVE('',#4254,#5147);
#5147 = DEFINITIONAL_REPRESENTATION('',(#5148),#5174);
#5148 = B_SPLINE_CURVE_WITH_KNOTS('',3,(#5149,#5150,#5151,#5152,#5153,
    #5154,#5155,#5156,#5157,#5158,#5159,#5160,#5161,#5162,#5163,#5164,
    #5165,#5166,#5167,#5168,#5169,#5170,#5171,#5172,#5173),
  .UNSPECIFIED.,.F.,.F.,(4,1,1,1,1,1,1,1,1,1,1,1,1,1,1,1,1,1,1,1,1,1,4),
  (0.,0.214199499108,0.428398998217,0.642598497325,0.856797996434,
    1.070997495542,1.28519699465,1.499396493759,1.713595992867,
    1.927795491976,2.141994991084,2.356194490192,2.570393989301,
    2.784593488409,2.998792987518,3.212992486626,3.427191985734,
    3.641391484843,3.855590983951,4.06979048306,4.283989982168,
    4.498189481276,4.712388980385),.UNSPECIFIED.);
#5149 = CARTESIAN_POINT('',(-1.394118950144E-16,-1.570796326795));
#5150 = CARTESIAN_POINT('',(-1.394118950144E-16,-1.491600902977));
#5151 = CARTESIAN_POINT('',(-1.394118950144E-16,-1.339806414379));
#5152 = CARTESIAN_POINT('',(-1.394118950144E-16,-1.126169628765));
#5153 = CARTESIAN_POINT('',(-1.394118950144E-16,-0.920488978282));
#5154 = CARTESIAN_POINT('',(-1.394118950144E-16,-0.717942038876));
#5155 = CARTESIAN_POINT('',(-1.394118950144E-16,-0.513811497476));
#5156 = CARTESIAN_POINT('',(-1.394118950144E-16,-0.303476509462));
#5157 = CARTESIAN_POINT('',(-1.394118950144E-16,-8.093848883122E-02));
#5158 = CARTESIAN_POINT('',(-1.394118950144E-16,0.158136193241));
#5159 = CARTESIAN_POINT('',(-1.394118950144E-16,0.374248904887));
#5160 = CARTESIAN_POINT('',(-1.394118950144E-16,0.582404656046));
#5161 = CARTESIAN_POINT('',(-1.394118950144E-16,0.785398163397));
#5162 = CARTESIAN_POINT('',(-1.394118950144E-16,0.988391670749));
#5163 = CARTESIAN_POINT('',(-1.394118950144E-16,1.196547421908));
#5164 = CARTESIAN_POINT('',(-1.394118950144E-16,1.412660133553));
#5165 = CARTESIAN_POINT('',(-1.394118950144E-16,1.651734815626));
#5166 = CARTESIAN_POINT('',(-1.394118950144E-16,1.874272836257));
#5167 = CARTESIAN_POINT('',(-1.394118950144E-16,2.084607824271));
#5168 = CARTESIAN_POINT('',(-1.394118950144E-16,2.288738365671));
#5169 = CARTESIAN_POINT('',(-1.394118950144E-16,2.491285305077));
#5170 = CARTESIAN_POINT('',(-1.394118950144E-16,2.696965955559));
#5171 = CARTESIAN_POINT('',(-1.394118950144E-16,2.910602741174));
#5172 = CARTESIAN_POINT('',(-1.394118950144E-16,3.062397229772));
#5173 = CARTESIAN_POINT('',(-1.394118950144E-16,3.14159265359));
#5174 = ( GEOMETRIC_REPRESENTATION_CONTEXT(2) 
PARAMETRIC_REPRESENTATION_CONTEXT() REPRESENTATION_CONTEXT('2D SPACE',''
  ) );
#5175 = PCURVE('',#5176,#5181);
#5176 = CYLINDRICAL_SURFACE('',#5177,7.);
#5177 = AXIS2_PLACEMENT_3D('',#5178,#5179,#5180);
#5178 = CARTESIAN_POINT('',(136.56854245277,26.5,60.568542537071));
#5179 = DIRECTION('',(-7.041364024483E-17,-1.,7.041364024483E-17));
#5180 = DIRECTION('',(-0.707106781187,0.,-0.707106781187));
#5181 = DEFINITIONAL_REPRESENTATION('',(#5182),#5186);
#5182 = LINE('',#5183,#5184);
#5183 = CARTESIAN_POINT('',(-3.14159265359,2.5));
#5184 = VECTOR('',#5185,1.);
#5185 = DIRECTION('',(1.,0.));
#5186 = ( GEOMETRIC_REPRESENTATION_CONTEXT(2) 
PARAMETRIC_REPRESENTATION_CONTEXT() REPRESENTATION_CONTEXT('2D SPACE',''
  ) );
#5187 = ORIENTED_EDGE('',*,*,#5188,.F.);
#5188 = EDGE_CURVE('',#5070,#5138,#5189,.T.);
#5189 = SURFACE_CURVE('',#5190,(#5195,#5224),.PCURVE_S1.);
#5190 = CIRCLE('',#5191,7.);
#5191 = AXIS2_PLACEMENT_3D('',#5192,#5193,#5194);
#5192 = CARTESIAN_POINT('',(136.56854245277,24.,60.568542537071));
#5193 = DIRECTION('',(-7.041364024483E-17,-1.,7.041364024483E-17));
#5194 = DIRECTION('',(0.707106781187,-1.219502364232E-32,0.707106781187)
  );
#5195 = PCURVE('',#4254,#5196);
#5196 = DEFINITIONAL_REPRESENTATION('',(#5197),#5223);
#5197 = B_SPLINE_CURVE_WITH_KNOTS('',3,(#5198,#5199,#5200,#5201,#5202,
    #5203,#5204,#5205,#5206,#5207,#5208,#5209,#5210,#5211,#5212,#5213,
    #5214,#5215,#5216,#5217,#5218,#5219,#5220,#5221,#5222),
  .UNSPECIFIED.,.F.,.F.,(4,1,1,1,1,1,1,1,1,1,1,1,1,1,1,1,1,1,1,1,1,1,4),
  (4.712388980385,4.783788813421,4.855188646457,4.926588479493,
    4.997988312529,5.069388145565,5.140787978601,5.212187811638,
    5.283587644674,5.35498747771,5.426387310746,5.497787143782,
    5.569186976818,5.640586809854,5.711986642891,5.783386475927,
    5.854786308963,5.926186141999,5.997585975035,6.068985808071,
    6.140385641107,6.211785474143,6.28318530718),.UNSPECIFIED.);
#5198 = CARTESIAN_POINT('',(-1.394118950144E-16,-3.14159265359));
#5199 = CARTESIAN_POINT('',(-1.394118950144E-16,-3.115159605062));
#5200 = CARTESIAN_POINT('',(-1.394118950144E-16,-3.063067440961));
#5201 = CARTESIAN_POINT('',(-1.394118950144E-16,-2.986986199037));
#5202 = CARTESIAN_POINT('',(-1.394118950144E-16,-2.912688495409));
#5203 = CARTESIAN_POINT('',(-1.394118950144E-16,-2.839931213656));
#5204 = CARTESIAN_POINT('',(-1.394118950144E-16,-2.768486547351));
#5205 = CARTESIAN_POINT('',(-1.394118950144E-16,-2.698142049645));
#5206 = CARTESIAN_POINT('',(-1.394118950144E-16,-2.628697122557));
#5207 = CARTESIAN_POINT('',(-1.394118950144E-16,-2.559960843422));
#5208 = CARTESIAN_POINT('',(-1.394118950144E-16,-2.491749732825));
#5209 = CARTESIAN_POINT('',(-1.394118950144E-16,-2.423885766815));
#5210 = CARTESIAN_POINT('',(-1.394118950144E-16,-2.356194490192));
#5211 = CARTESIAN_POINT('',(-1.394118950144E-16,-2.28850321357));
#5212 = CARTESIAN_POINT('',(-1.394118950144E-16,-2.22063924756));
#5213 = CARTESIAN_POINT('',(-1.394118950144E-16,-2.152428136962));
#5214 = CARTESIAN_POINT('',(-1.394118950144E-16,-2.083691857828));
#5215 = CARTESIAN_POINT('',(-1.394118950144E-16,-2.014246930739));
#5216 = CARTESIAN_POINT('',(-1.394118950144E-16,-1.943902433034));
#5217 = CARTESIAN_POINT('',(-1.394118950144E-16,-1.872457766729));
#5218 = CARTESIAN_POINT('',(-1.394118950144E-16,-1.799700484976));
#5219 = CARTESIAN_POINT('',(-1.394118950144E-16,-1.725402781348));
#5220 = CARTESIAN_POINT('',(-1.394118950144E-16,-1.649321539424));
#5221 = CARTESIAN_POINT('',(-1.394118950144E-16,-1.597229375323));
#5222 = CARTESIAN_POINT('',(-1.394118950144E-16,-1.570796326795));
#5223 = ( GEOMETRIC_REPRESENTATION_CONTEXT(2) 
PARAMETRIC_REPRESENTATION_CONTEXT() REPRESENTATION_CONTEXT('2D SPACE',''
  ) );
#5224 = PCURVE('',#5176,#5225);
#5225 = DEFINITIONAL_REPRESENTATION('',(#5226),#5230);
#5226 = LINE('',#5227,#5228);
#5227 = CARTESIAN_POINT('',(-3.14159265359,2.5));
#5228 = VECTOR('',#5229,1.);
#5229 = DIRECTION('',(1.,0.));
#5230 = ( GEOMETRIC_REPRESENTATION_CONTEXT(2) 
PARAMETRIC_REPRESENTATION_CONTEXT() REPRESENTATION_CONTEXT('2D SPACE',''
  ) );
#5231 = ORIENTED_EDGE('',*,*,#5069,.F.);
#5232 = ORIENTED_EDGE('',*,*,#4890,.F.);
#5233 = ORIENTED_EDGE('',*,*,#4552,.F.);
#5234 = ORIENTED_EDGE('',*,*,#4212,.F.);
#5235 = ADVANCED_FACE('',(#5236),#5176,.T.);
#5236 = FACE_BOUND('',#5237,.T.);
#5237 = EDGE_LOOP('',(#5238,#5239,#5262,#5284,#5285));
#5238 = ORIENTED_EDGE('',*,*,#5137,.F.);
#5239 = ORIENTED_EDGE('',*,*,#5240,.T.);
#5240 = EDGE_CURVE('',#5138,#5241,#5243,.T.);
#5241 = VERTEX_POINT('',#5242);
#5242 = CARTESIAN_POINT('',(141.51828992108,34.,65.518290005377));
#5243 = SEAM_CURVE('',#5244,(#5248,#5255),.PCURVE_S1.);
#5244 = LINE('',#5245,#5246);
#5245 = CARTESIAN_POINT('',(141.51828992108,26.5,65.518290005377));
#5246 = VECTOR('',#5247,1.);
#5247 = DIRECTION('',(7.041364024483E-17,1.,-7.041364024483E-17));
#5248 = PCURVE('',#5176,#5249);
#5249 = DEFINITIONAL_REPRESENTATION('',(#5250),#5254);
#5250 = LINE('',#5251,#5252);
#5251 = CARTESIAN_POINT('',(-3.14159265359,0.));
#5252 = VECTOR('',#5253,1.);
#5253 = DIRECTION('',(0.,-1.));
#5254 = ( GEOMETRIC_REPRESENTATION_CONTEXT(2) 
PARAMETRIC_REPRESENTATION_CONTEXT() REPRESENTATION_CONTEXT('2D SPACE',''
  ) );
#5255 = PCURVE('',#5176,#5256);
#5256 = DEFINITIONAL_REPRESENTATION('',(#5257),#5261);
#5257 = LINE('',#5258,#5259);
#5258 = CARTESIAN_POINT('',(3.14159265359,0.));
#5259 = VECTOR('',#5260,1.);
#5260 = DIRECTION('',(0.,-1.));
#5261 = ( GEOMETRIC_REPRESENTATION_CONTEXT(2) 
PARAMETRIC_REPRESENTATION_CONTEXT() REPRESENTATION_CONTEXT('2D SPACE',''
  ) );
#5262 = ORIENTED_EDGE('',*,*,#5263,.F.);
#5263 = EDGE_CURVE('',#5241,#5241,#5264,.T.);
#5264 = SURFACE_CURVE('',#5265,(#5270,#5277),.PCURVE_S1.);
#5265 = CIRCLE('',#5266,7.);
#5266 = AXIS2_PLACEMENT_3D('',#5267,#5268,#5269);
#5267 = CARTESIAN_POINT('',(136.56854245277,34.,60.568542537071));
#5268 = DIRECTION('',(7.041364024483E-17,1.,-7.041364024483E-17));
#5269 = DIRECTION('',(-0.707106781187,0.,-0.707106781187));
#5270 = PCURVE('',#5176,#5271);
#5271 = DEFINITIONAL_REPRESENTATION('',(#5272),#5276);
#5272 = LINE('',#5273,#5274);
#5273 = CARTESIAN_POINT('',(6.28318530718,-7.5));
#5274 = VECTOR('',#5275,1.);
#5275 = DIRECTION('',(-1.,0.));
#5276 = ( GEOMETRIC_REPRESENTATION_CONTEXT(2) 
PARAMETRIC_REPRESENTATION_CONTEXT() REPRESENTATION_CONTEXT('2D SPACE',''
  ) );
#5277 = PCURVE('',#4677,#5278);
#5278 = DEFINITIONAL_REPRESENTATION('',(#5279),#5283);
#5279 = CIRCLE('',#5280,7.);
#5280 = AXIS2_PLACEMENT_2D('',#5281,#5282);
#5281 = CARTESIAN_POINT('',(0.,0.));
#5282 = DIRECTION('',(-1.,-1.014653635757E-17));
#5283 = ( GEOMETRIC_REPRESENTATION_CONTEXT(2) 
PARAMETRIC_REPRESENTATION_CONTEXT() REPRESENTATION_CONTEXT('2D SPACE',''
  ) );
#5284 = ORIENTED_EDGE('',*,*,#5240,.F.);
#5285 = ORIENTED_EDGE('',*,*,#5188,.F.);
#5286 = ADVANCED_FACE('',(#5287,#5290),#4677,.T.);
#5287 = FACE_BOUND('',#5288,.T.);
#5288 = EDGE_LOOP('',(#5289));
#5289 = ORIENTED_EDGE('',*,*,#5263,.T.);
#5290 = FACE_BOUND('',#5291,.T.);
#5291 = EDGE_LOOP('',(#5292));
#5292 = ORIENTED_EDGE('',*,*,#4662,.T.);
#5293 = ( GEOMETRIC_REPRESENTATION_CONTEXT(3) 
GLOBAL_UNCERTAINTY_ASSIGNED_CONTEXT((#5297)) 
GLOBAL_UNIT_ASSIGNED_CONTEXT((#5294,#5295,#5296)) REPRESENTATION_CONTEXT
('Context #1','3D Context with UNIT and UNCERTAINTY') );
#5294 = ( LENGTH_UNIT() NAMED_UNIT(*) SI_UNIT(.MILLI.,.METRE.) );
#5295 = ( NAMED_UNIT(*) PLANE_ANGLE_UNIT() SI_UNIT($,.RADIAN.) );
#5296 = ( NAMED_UNIT(*) SI_UNIT($,.STERADIAN.) SOLID_ANGLE_UNIT() );
#5297 = UNCERTAINTY_MEASURE_WITH_UNIT(LENGTH_MEASURE(5.E-04),#5294,
  'distance_accuracy_value','confusion accuracy');
#5298 = CONTEXT_DEPENDENT_SHAPE_REPRESENTATION(#5299,#5301);
#5299 = ( REPRESENTATION_RELATIONSHIP('','',#4051,#10) 
REPRESENTATION_RELATIONSHIP_WITH_TRANSFORMATION(#5300) 
SHAPE_REPRESENTATION_RELATIONSHIP() );
#5300 = ITEM_DEFINED_TRANSFORMATION('','',#11,#31);
#5301 = PRODUCT_DEFINITION_SHAPE('Placement','Placement of an item',
  #5302);
#5302 = NEXT_ASSEMBLY_USAGE_OCCURRENCE('5','','',#5,#4046,$);
#5303 = PRODUCT_RELATED_PRODUCT_CATEGORY('part',$,(#4048));
#5304 = SHAPE_DEFINITION_REPRESENTATION(#5305,#5311);
#5305 = PRODUCT_DEFINITION_SHAPE('','',#5306);
#5306 = PRODUCT_DEFINITION('design','',#5307,#5310);
#5307 = PRODUCT_DEFINITION_FORMATION('','',#5308);
#5308 = PRODUCT('Open CASCADE STEP translator 7.9 1.6',
  'Open CASCADE STEP translator 7.9 1.6','',(#5309));
#5309 = PRODUCT_CONTEXT('',#2,'mechanical');
#5310 = PRODUCT_DEFINITION_CONTEXT('part definition',#2,'design');
#5311 = ADVANCED_BREP_SHAPE_REPRESENTATION('',(#11,#5312),#6553);
#5312 = MANIFOLD_SOLID_BREP('',#5313);
#5313 = CLOSED_SHELL('',(#5314,#5444,#5784,#5860,#5952,#5956,#6005,#6241
    ,#6268,#6322,#6495,#6546));
#5314 = ADVANCED_FACE('',(#5315),#5330,.T.);
#5315 = FACE_BOUND('',#5316,.T.);
#5316 = EDGE_LOOP('',(#5317,#5357,#5385,#5418));
#5317 = ORIENTED_EDGE('',*,*,#5318,.T.);
#5318 = EDGE_CURVE('',#5319,#5321,#5323,.T.);
#5319 = VERTEX_POINT('',#5320);
#5320 = CARTESIAN_POINT('',(185.00000037252,11.,2.000000029802));
#5321 = VERTEX_POINT('',#5322);
#5322 = CARTESIAN_POINT('',(168.38675264669,23.,2.000000029802));
#5323 = SURFACE_CURVE('',#5324,(#5329,#5341),.PCURVE_S1.);
#5324 = CIRCLE('',#5325,17.5);
#5325 = AXIS2_PLACEMENT_3D('',#5326,#5327,#5328);
#5326 = CARTESIAN_POINT('',(168.38675264669,5.5,2.000000029802));
#5327 = DIRECTION('',(-1.224646799147E-16,8.570213720248E-17,1.));
#5328 = DIRECTION('',(0.949328441476,0.314285714286,8.932424631282E-17)
  );
#5329 = PCURVE('',#5330,#5335);
#5330 = CYLINDRICAL_SURFACE('',#5331,17.5);
#5331 = AXIS2_PLACEMENT_3D('',#5332,#5333,#5334);
#5332 = CARTESIAN_POINT('',(168.38675264669,5.5,6.000000029802));
#5333 = DIRECTION('',(-1.224646799147E-16,9.95799250103E-17,1.));
#5334 = DIRECTION('',(0.949328441476,0.314285714286,8.496265585893E-17)
  );
#5335 = DEFINITIONAL_REPRESENTATION('',(#5336),#5340);
#5336 = LINE('',#5337,#5338);
#5337 = CARTESIAN_POINT('',(0.,-4.));
#5338 = VECTOR('',#5339,1.);
#5339 = DIRECTION('',(1.,7.09922446343E-16));
#5340 = ( GEOMETRIC_REPRESENTATION_CONTEXT(2) 
PARAMETRIC_REPRESENTATION_CONTEXT() REPRESENTATION_CONTEXT('2D SPACE',''
  ) );
#5341 = PCURVE('',#5342,#5347);
#5342 = PLANE('',#5343);
#5343 = AXIS2_PLACEMENT_3D('',#5344,#5345,#5346);
#5344 = CARTESIAN_POINT('',(160.,19.,2.000000029802));
#5345 = DIRECTION('',(1.224646799147E-16,-8.570213720248E-17,-1.));
#5346 = DIRECTION('',(-1.,0.,-1.224646799147E-16));
#5347 = DEFINITIONAL_REPRESENTATION('',(#5348),#5356);
#5348 = ( BOUNDED_CURVE() B_SPLINE_CURVE(2,(#5349,#5350,#5351,#5352,
#5353,#5354,#5355),.UNSPECIFIED.,.T.,.F.) B_SPLINE_CURVE_WITH_KNOTS((1,2
    ,2,2,2,1),(-2.094395102393,0.,2.094395102393,4.188790204786,
6.28318530718,8.377580409573),.UNSPECIFIED.) CURVE() 
GEOMETRIC_REPRESENTATION_ITEM() RATIONAL_B_SPLINE_CURVE((1.,0.5,1.,0.5,
1.,0.5,1.)) REPRESENTATION_ITEM('') );
#5349 = CARTESIAN_POINT('',(-25.00000037252,-7.999999999994));
#5350 = CARTESIAN_POINT('',(-15.47372093088,20.774989139879));
#5351 = CARTESIAN_POINT('',(4.683010937044,-1.862505430067));
#5352 = CARTESIAN_POINT('',(24.839742804975,-24.50000000001));
#5353 = CARTESIAN_POINT('',(-4.843268504596,-30.63749456994));
#5354 = CARTESIAN_POINT('',(-34.52627981416,-36.77498913986));
#5355 = CARTESIAN_POINT('',(-25.00000037252,-7.999999999994));
#5356 = ( GEOMETRIC_REPRESENTATION_CONTEXT(2) 
PARAMETRIC_REPRESENTATION_CONTEXT() REPRESENTATION_CONTEXT('2D SPACE',''
  ) );
#5357 = ORIENTED_EDGE('',*,*,#5358,.T.);
#5358 = EDGE_CURVE('',#5321,#5359,#5361,.T.);
#5359 = VERTEX_POINT('',#5360);
#5360 = CARTESIAN_POINT('',(168.38675264669,23.,6.000000029802));
#5361 = SURFACE_CURVE('',#5362,(#5366,#5373),.PCURVE_S1.);
#5362 = LINE('',#5363,#5364);
#5363 = CARTESIAN_POINT('',(168.38675264669,23.,6.000000029802));
#5364 = VECTOR('',#5365,1.);
#5365 = DIRECTION('',(-1.224646799147E-16,9.95799250103E-17,1.));
#5366 = PCURVE('',#5330,#5367);
#5367 = DEFINITIONAL_REPRESENTATION('',(#5368),#5372);
#5368 = LINE('',#5369,#5370);
#5369 = CARTESIAN_POINT('',(1.251092178132,1.7763568394E-15));
#5370 = VECTOR('',#5371,1.);
#5371 = DIRECTION('',(0.,1.));
#5372 = ( GEOMETRIC_REPRESENTATION_CONTEXT(2) 
PARAMETRIC_REPRESENTATION_CONTEXT() REPRESENTATION_CONTEXT('2D SPACE',''
  ) );
#5373 = PCURVE('',#5374,#5379);
#5374 = PLANE('',#5375);
#5375 = AXIS2_PLACEMENT_3D('',#5376,#5377,#5378);
#5376 = CARTESIAN_POINT('',(172.50000018626,23.,4.000000039736));
#5377 = DIRECTION('',(-1.219502364232E-32,-1.,9.95799250103E-17));
#5378 = DIRECTION('',(1.,0.,1.224646799147E-16));
#5379 = DEFINITIONAL_REPRESENTATION('',(#5380),#5384);
#5380 = LINE('',#5381,#5382);
#5381 = CARTESIAN_POINT('',(-4.113247539567,1.999999990066));
#5382 = VECTOR('',#5383,1.);
#5383 = DIRECTION('',(0.,1.));
#5384 = ( GEOMETRIC_REPRESENTATION_CONTEXT(2) 
PARAMETRIC_REPRESENTATION_CONTEXT() REPRESENTATION_CONTEXT('2D SPACE',''
  ) );
#5385 = ORIENTED_EDGE('',*,*,#5386,.T.);
#5386 = EDGE_CURVE('',#5359,#5387,#5389,.T.);
#5387 = VERTEX_POINT('',#5388);
#5388 = CARTESIAN_POINT('',(185.00000037252,11.,6.000000029802));
#5389 = SURFACE_CURVE('',#5390,(#5395,#5402),.PCURVE_S1.);
#5390 = CIRCLE('',#5391,17.5);
#5391 = AXIS2_PLACEMENT_3D('',#5392,#5393,#5394);
#5392 = CARTESIAN_POINT('',(168.38675264669,5.5,6.000000029802));
#5393 = DIRECTION('',(1.224646799147E-16,-8.570213720248E-17,-1.));
#5394 = DIRECTION('',(0.949328441476,0.314285714286,8.932424631282E-17)
  );
#5395 = PCURVE('',#5330,#5396);
#5396 = DEFINITIONAL_REPRESENTATION('',(#5397),#5401);
#5397 = LINE('',#5398,#5399);
#5398 = CARTESIAN_POINT('',(6.28318530718,2.22044604925E-16));
#5399 = VECTOR('',#5400,1.);
#5400 = DIRECTION('',(-1.,0.));
#5401 = ( GEOMETRIC_REPRESENTATION_CONTEXT(2) 
PARAMETRIC_REPRESENTATION_CONTEXT() REPRESENTATION_CONTEXT('2D SPACE',''
  ) );
#5402 = PCURVE('',#5403,#5408);
#5403 = PLANE('',#5404);
#5404 = AXIS2_PLACEMENT_3D('',#5405,#5406,#5407);
#5405 = CARTESIAN_POINT('',(80.000000372529,19.,6.000000029802));
#5406 = DIRECTION('',(-1.224646799147E-16,8.570213720248E-17,1.));
#5407 = DIRECTION('',(1.,0.,1.224646799147E-16));
#5408 = DEFINITIONAL_REPRESENTATION('',(#5409),#5417);
#5409 = ( BOUNDED_CURVE() B_SPLINE_CURVE(2,(#5410,#5411,#5412,#5413,
#5414,#5415,#5416),.UNSPECIFIED.,.T.,.F.) B_SPLINE_CURVE_WITH_KNOTS((1,2
    ,2,2,2,1),(-2.094395102393,0.,2.094395102393,4.188790204786,
6.28318530718,8.377580409573),.UNSPECIFIED.) CURVE() 
GEOMETRIC_REPRESENTATION_ITEM() RATIONAL_B_SPLINE_CURVE((1.,0.5,1.,0.5,
1.,0.5,1.)) REPRESENTATION_ITEM('') );
#5410 = CARTESIAN_POINT('',(104.99999999999,-7.999999999994));
#5411 = CARTESIAN_POINT('',(114.52627944163,-36.77498913986));
#5412 = CARTESIAN_POINT('',(84.843268132067,-30.63749456994));
#5413 = CARTESIAN_POINT('',(55.160256822496,-24.50000000001));
#5414 = CARTESIAN_POINT('',(75.316988690427,-1.862505430067));
#5415 = CARTESIAN_POINT('',(95.473720558358,20.774989139879));
#5416 = CARTESIAN_POINT('',(104.99999999999,-7.999999999994));
#5417 = ( GEOMETRIC_REPRESENTATION_CONTEXT(2) 
PARAMETRIC_REPRESENTATION_CONTEXT() REPRESENTATION_CONTEXT('2D SPACE',''
  ) );
#5418 = ORIENTED_EDGE('',*,*,#5419,.F.);
#5419 = EDGE_CURVE('',#5319,#5387,#5420,.T.);
#5420 = SURFACE_CURVE('',#5421,(#5425,#5432),.PCURVE_S1.);
#5421 = LINE('',#5422,#5423);
#5422 = CARTESIAN_POINT('',(185.00000037252,11.,6.000000029802));
#5423 = VECTOR('',#5424,1.);
#5424 = DIRECTION('',(-1.224646799147E-16,9.95799250103E-17,1.));
#5425 = PCURVE('',#5330,#5426);
#5426 = DEFINITIONAL_REPRESENTATION('',(#5427),#5431);
#5427 = LINE('',#5428,#5429);
#5428 = CARTESIAN_POINT('',(0.,0.));
#5429 = VECTOR('',#5430,1.);
#5430 = DIRECTION('',(0.,1.));
#5431 = ( GEOMETRIC_REPRESENTATION_CONTEXT(2) 
PARAMETRIC_REPRESENTATION_CONTEXT() REPRESENTATION_CONTEXT('2D SPACE',''
  ) );
#5432 = PCURVE('',#5433,#5438);
#5433 = PLANE('',#5434);
#5434 = AXIS2_PLACEMENT_3D('',#5435,#5436,#5437);
#5435 = CARTESIAN_POINT('',(160.,11.,4.000000059605));
#5436 = DIRECTION('',(-1.049548480051E-32,-1.,8.570213720248E-17));
#5437 = DIRECTION('',(-1.224646799147E-16,8.570213720248E-17,1.));
#5438 = DEFINITIONAL_REPRESENTATION('',(#5439),#5443);
#5439 = LINE('',#5440,#5441);
#5440 = CARTESIAN_POINT('',(1.999999970197,-25.00000037252));
#5441 = VECTOR('',#5442,1.);
#5442 = DIRECTION('',(1.,0.));
#5443 = ( GEOMETRIC_REPRESENTATION_CONTEXT(2) 
PARAMETRIC_REPRESENTATION_CONTEXT() REPRESENTATION_CONTEXT('2D SPACE',''
  ) );
#5444 = ADVANCED_FACE('',(#5445),#5403,.T.);
#5445 = FACE_BOUND('',#5446,.T.);
#5446 = EDGE_LOOP('',(#5447,#5448,#5471,#5610,#5707,#5735,#5763));
#5447 = ORIENTED_EDGE('',*,*,#5386,.F.);
#5448 = ORIENTED_EDGE('',*,*,#5449,.F.);
#5449 = EDGE_CURVE('',#5450,#5359,#5452,.T.);
#5450 = VERTEX_POINT('',#5451);
#5451 = CARTESIAN_POINT('',(166.60272050457,23.,6.000000029802));
#5452 = SURFACE_CURVE('',#5453,(#5457,#5464),.PCURVE_S1.);
#5453 = LINE('',#5454,#5455);
#5454 = CARTESIAN_POINT('',(80.000000372529,23.,6.000000029802));
#5455 = VECTOR('',#5456,1.);
#5456 = DIRECTION('',(1.,0.,1.224646799147E-16));
#5457 = PCURVE('',#5403,#5458);
#5458 = DEFINITIONAL_REPRESENTATION('',(#5459),#5463);
#5459 = LINE('',#5460,#5461);
#5460 = CARTESIAN_POINT('',(0.,4.));
#5461 = VECTOR('',#5462,1.);
#5462 = DIRECTION('',(1.,-4.16845104955E-50));
#5463 = ( GEOMETRIC_REPRESENTATION_CONTEXT(2) 
PARAMETRIC_REPRESENTATION_CONTEXT() REPRESENTATION_CONTEXT('2D SPACE',''
  ) );
#5464 = PCURVE('',#5374,#5465);
#5465 = DEFINITIONAL_REPRESENTATION('',(#5466),#5470);
#5466 = LINE('',#5467,#5468);
#5467 = CARTESIAN_POINT('',(-92.49999981373,1.999999990066));
#5468 = VECTOR('',#5469,1.);
#5469 = DIRECTION('',(1.,0.));
#5470 = ( GEOMETRIC_REPRESENTATION_CONTEXT(2) 
PARAMETRIC_REPRESENTATION_CONTEXT() REPRESENTATION_CONTEXT('2D SPACE',''
  ) );
#5471 = ORIENTED_EDGE('',*,*,#5472,.F.);
#5472 = EDGE_CURVE('',#5473,#5450,#5475,.T.);
#5473 = VERTEX_POINT('',#5474);
#5474 = CARTESIAN_POINT('',(160.00019933998,19.,6.000000029802));
#5475 = SURFACE_CURVE('',#5476,(#5493,#5513),.PCURVE_S1.);
#5476 = B_SPLINE_CURVE_WITH_KNOTS('',3,(#5477,#5478,#5479,#5480,#5481,
    #5482,#5483,#5484,#5485,#5486,#5487,#5488,#5489,#5490,#5491,#5492),
  .UNSPECIFIED.,.F.,.F.,(4,2,2,2,2,2,2,4),(1.790801908198,1.964818974928
    ,2.138855975421,2.225285273565,2.31171457171,2.406354856116,
    2.500995140522,2.591213604045),.UNSPECIFIED.);
#5477 = CARTESIAN_POINT('',(160.00019933998,19.,6.000000029802));
#5478 = CARTESIAN_POINT('',(160.58026991466,19.,6.000000029802));
#5479 = CARTESIAN_POINT('',(161.22007224947,18.990339307398,
    6.000000029802));
#5480 = CARTESIAN_POINT('',(162.47443953115,19.114631353163,
    6.000000029802));
#5481 = CARTESIAN_POINT('',(163.08798867213,19.258616745824,
    6.000000029802));
#5482 = CARTESIAN_POINT('',(163.89006181629,19.591011644076,
    6.000000029802));
#5483 = CARTESIAN_POINT('',(164.17187843911,19.734404710602,
    6.000000029802));
#5484 = CARTESIAN_POINT('',(164.70231625781,20.072860382179,
    6.000000029802));
#5485 = CARTESIAN_POINT('',(164.95089378524,20.26799142087,
    6.000000029802));
#5486 = CARTESIAN_POINT('',(165.39232807512,20.67960630047,
    6.000000029802));
#5487 = CARTESIAN_POINT('',(165.62230534342,20.937948255308,
    6.000000029802));
#5488 = CARTESIAN_POINT('',(166.01944916478,21.498984629393,
    6.000000029802));
#5489 = CARTESIAN_POINT('',(166.18658992607,21.801697305557,
    6.000000029802));
#5490 = CARTESIAN_POINT('',(166.4315743958,22.367099734014,
    6.000000029802));
#5491 = CARTESIAN_POINT('',(166.53437474147,22.679553687755,
    6.000000029802));
#5492 = CARTESIAN_POINT('',(166.60272050457,23.,6.000000029802));
#5493 = PCURVE('',#5403,#5494);
#5494 = DEFINITIONAL_REPRESENTATION('',(#5495),#5512);
#5495 = B_SPLINE_CURVE_WITH_KNOTS('',3,(#5496,#5497,#5498,#5499,#5500,
    #5501,#5502,#5503,#5504,#5505,#5506,#5507,#5508,#5509,#5510,#5511),
  .UNSPECIFIED.,.F.,.F.,(4,2,2,2,2,2,2,4),(1.790801908198,1.964818974928
    ,2.138855975421,2.225285273565,2.31171457171,2.406354856116,
    2.500995140522,2.591213604045),.UNSPECIFIED.);
#5496 = CARTESIAN_POINT('',(80.000198967458,0.));
#5497 = CARTESIAN_POINT('',(80.580269542132,0.));
#5498 = CARTESIAN_POINT('',(81.220071876946,-9.660692602001E-03));
#5499 = CARTESIAN_POINT('',(82.474439158628,0.114631353163));
#5500 = CARTESIAN_POINT('',(83.087988299609,0.258616745824));
#5501 = CARTESIAN_POINT('',(83.890061443762,0.591011644076));
#5502 = CARTESIAN_POINT('',(84.171878066584,0.734404710602));
#5503 = CARTESIAN_POINT('',(84.702315885288,1.072860382179));
#5504 = CARTESIAN_POINT('',(84.950893412713,1.26799142087));
#5505 = CARTESIAN_POINT('',(85.392327702591,1.67960630047));
#5506 = CARTESIAN_POINT('',(85.622304970892,1.937948255308));
#5507 = CARTESIAN_POINT('',(86.019448792256,2.498984629393));
#5508 = CARTESIAN_POINT('',(86.186589553546,2.801697305557));
#5509 = CARTESIAN_POINT('',(86.431574023271,3.367099734014));
#5510 = CARTESIAN_POINT('',(86.534374368944,3.679553687755));
#5511 = CARTESIAN_POINT('',(86.602720132041,4.));
#5512 = ( GEOMETRIC_REPRESENTATION_CONTEXT(2) 
PARAMETRIC_REPRESENTATION_CONTEXT() REPRESENTATION_CONTEXT('2D SPACE',''
  ) );
#5513 = PCURVE('',#5514,#5560);
#5514 = ( BOUNDED_SURFACE() B_SPLINE_SURFACE(2,2,(
    (#5515,#5516,#5517,#5518,#5519,#5520,#5521,#5522,#5523)
    ,(#5524,#5525,#5526,#5527,#5528,#5529,#5530,#5531,#5532)
    ,(#5533,#5534,#5535,#5536,#5537,#5538,#5539,#5540,#5541)
    ,(#5542,#5543,#5544,#5545,#5546,#5547,#5548,#5549,#5550)
    ,(#5551,#5552,#5553,#5554,#5555,#5556,#5557,#5558,#5559
)),.UNSPECIFIED.,.F.,.T.,.F.) B_SPLINE_SURFACE_WITH_KNOTS((3,2,3),(1,2,2
    ,2,2,2,1),(-1.394118950144E-16,0.785398166378,1.570796332755),(
    -4.712388980385,-3.14159265359,-1.570796326795,0.,1.570796326795,
    3.14159265359,4.712388980385),.UNSPECIFIED.) 
GEOMETRIC_REPRESENTATION_ITEM() RATIONAL_B_SPLINE_SURFACE((
    (1.,0.707106781187,1.,0.707106781187,1.,0.707106781187,1.
      ,0.707106781187,1.)
    ,(0.923879531941,0.653281482035,0.923879531941,0.653281482035
      ,0.923879531941,0.653281482035,0.923879531941,0.653281482035
      ,0.923879531941)
    ,(1.,0.707106781187,1.,0.707106781187,1.,0.707106781187,1.
      ,0.707106781187,1.)
    ,(0.923879531941,0.653281482035,0.923879531941,0.653281482035
      ,0.923879531941,0.653281482035,0.923879531941,0.653281482035
      ,0.923879531941)
    ,(1.,0.707106781187,1.,0.707106781187,1.,0.707106781187,1.
,0.707106781187,1.))) REPRESENTATION_ITEM('') SURFACE() );
#5515 = CARTESIAN_POINT('',(160.,24.,-2.999999940395));
#5516 = CARTESIAN_POINT('',(167.,24.,-2.999999940395));
#5517 = CARTESIAN_POINT('',(167.,24.,4.000000059605));
#5518 = CARTESIAN_POINT('',(167.,24.,11.000000059605));
#5519 = CARTESIAN_POINT('',(160.,24.,11.000000059605));
#5520 = CARTESIAN_POINT('',(153.,24.,11.000000059605));
#5521 = CARTESIAN_POINT('',(153.,24.,4.000000059605));
#5522 = CARTESIAN_POINT('',(153.,24.,-2.999999940395));
#5523 = CARTESIAN_POINT('',(160.,24.,-2.999999940395));
#5524 = CARTESIAN_POINT('',(160.,21.928932179406,-2.999999940395));
#5525 = CARTESIAN_POINT('',(167.,21.928932179406,-2.999999940395));
#5526 = CARTESIAN_POINT('',(167.,21.928932179406,4.000000059605));
#5527 = CARTESIAN_POINT('',(167.,21.928932179406,11.000000059605));
#5528 = CARTESIAN_POINT('',(160.,21.928932179406,11.000000059605));
#5529 = CARTESIAN_POINT('',(153.,21.928932179406,11.000000059605));
#5530 = CARTESIAN_POINT('',(153.,21.928932179406,4.000000059605));
#5531 = CARTESIAN_POINT('',(153.,21.928932179406,-2.999999940395));
#5532 = CARTESIAN_POINT('',(160.,21.928932179406,-2.999999940395));
#5533 = CARTESIAN_POINT('',(160.,20.46446608353,-1.535533835791));
#5534 = CARTESIAN_POINT('',(165.53553389539,20.46446608353,
    -1.535533835791));
#5535 = CARTESIAN_POINT('',(165.53553389539,20.46446608353,
    4.000000059605));
#5536 = CARTESIAN_POINT('',(165.53553389539,20.46446608353,
    9.535533955001));
#5537 = CARTESIAN_POINT('',(160.,20.46446608353,9.535533955001));
#5538 = CARTESIAN_POINT('',(154.4644661046,20.46446608353,9.535533955001
    ));
#5539 = CARTESIAN_POINT('',(154.4644661046,20.46446608353,4.000000059605
    ));
#5540 = CARTESIAN_POINT('',(154.4644661046,20.46446608353,
    -1.535533835791));
#5541 = CARTESIAN_POINT('',(160.,20.46446608353,-1.535533835791));
#5542 = CARTESIAN_POINT('',(160.,18.999999987655,-7.106773118699E-02));
#5543 = CARTESIAN_POINT('',(164.07106779079,18.999999987655,
    -7.106773118699E-02));
#5544 = CARTESIAN_POINT('',(164.07106779079,18.999999987655,
    4.000000059605));
#5545 = CARTESIAN_POINT('',(164.07106779079,18.999999987655,
    8.071067850397));
#5546 = CARTESIAN_POINT('',(160.,18.999999987655,8.071067850397));
#5547 = CARTESIAN_POINT('',(155.9289322092,18.999999987655,
    8.071067850397));
#5548 = CARTESIAN_POINT('',(155.9289322092,18.999999987655,
    4.000000059605));
#5549 = CARTESIAN_POINT('',(155.9289322092,18.999999987655,
    -7.106773118699E-02));
#5550 = CARTESIAN_POINT('',(160.,18.999999987655,-7.106773118699E-02));
#5551 = CARTESIAN_POINT('',(160.,19.,2.000000089407));
#5552 = CARTESIAN_POINT('',(161.99999997019,19.,2.000000089407));
#5553 = CARTESIAN_POINT('',(161.99999997019,19.,4.000000059605));
#5554 = CARTESIAN_POINT('',(161.99999997019,19.,6.000000029802));
#5555 = CARTESIAN_POINT('',(160.,19.,6.000000029802));
#5556 = CARTESIAN_POINT('',(158.0000000298,19.,6.000000029802));
#5557 = CARTESIAN_POINT('',(158.0000000298,19.,4.000000059605));
#5558 = CARTESIAN_POINT('',(158.0000000298,19.,2.000000089407));
#5559 = CARTESIAN_POINT('',(160.,19.,2.000000089407));
#5560 = DEFINITIONAL_REPRESENTATION('',(#5561),#5609);
#5561 = B_SPLINE_CURVE_WITH_KNOTS('',3,(#5562,#5563,#5564,#5565,#5566,
    #5567,#5568,#5569,#5570,#5571,#5572,#5573,#5574,#5575,#5576,#5577,
    #5578,#5579,#5580,#5581,#5582,#5583,#5584,#5585,#5586,#5587,#5588,
    #5589,#5590,#5591,#5592,#5593,#5594,#5595,#5596,#5597,#5598,#5599,
    #5600,#5601,#5602,#5603,#5604,#5605,#5606,#5607,#5608),
  .UNSPECIFIED.,.F.,.F.,(4,1,1,1,1,1,1,1,1,1,1,1,1,1,1,1,1,1,1,1,1,1,1,1
    ,1,1,1,1,1,1,1,1,1,1,1,1,1,1,1,1,1,1,1,1,4),(1.790801908198,
    1.808993083104,1.827184258009,1.845375432915,1.86356660782,
    1.881757782726,1.899948957632,1.918140132537,1.936331307443,
    1.954522482349,1.972713657254,1.99090483216,2.009096007065,
    2.027287181971,2.045478356877,2.063669531782,2.081860706688,
    2.100051881593,2.118243056499,2.136434231405,2.15462540631,
    2.172816581216,2.191007756122,2.209198931027,2.227390105933,
    2.245581280838,2.263772455744,2.28196363065,2.300154805555,
    2.318345980461,2.336537155367,2.354728330272,2.372919505178,
    2.391110680083,2.409301854989,2.427493029895,2.4456842048,
    2.463875379706,2.482066554611,2.500257729517,2.518448904423,
    2.536640079328,2.554831254234,2.57302242914,2.591213604045),
  .UNSPECIFIED.);
#5562 = CARTESIAN_POINT('',(1.570796332755,-1.10703244577E-04));
#5563 = CARTESIAN_POINT('',(1.570806258176,-3.380443607064E-02));
#5564 = CARTESIAN_POINT('',(1.569651783337,-0.100579580048));
#5565 = CARTESIAN_POINT('',(1.564389946768,-0.19764582668));
#5566 = CARTESIAN_POINT('',(1.555539664111,-0.290244541003));
#5567 = CARTESIAN_POINT('',(1.543221724352,-0.377395115367));
#5568 = CARTESIAN_POINT('',(1.527650439557,-0.458443576074));
#5569 = CARTESIAN_POINT('',(1.509119721657,-0.53308134159));
#5570 = CARTESIAN_POINT('',(1.487965565552,-0.601286923607));
#5571 = CARTESIAN_POINT('',(1.464538162113,-0.663257935922));
#5572 = CARTESIAN_POINT('',(1.43917809146,-0.71933822394));
#5573 = CARTESIAN_POINT('',(1.412203226203,-0.769957376322));
#5574 = CARTESIAN_POINT('',(1.383883902472,-0.815568606557));
#5575 = CARTESIAN_POINT('',(1.354472733692,-0.856656960165));
#5576 = CARTESIAN_POINT('',(1.324193059353,-0.89367995436));
#5577 = CARTESIAN_POINT('',(1.293240673979,-0.927061945233));
#5578 = CARTESIAN_POINT('',(1.261787176849,-0.957186967575));
#5579 = CARTESIAN_POINT('',(1.229976779138,-0.984401501569));
#5580 = CARTESIAN_POINT('',(1.197948767964,-1.009003322));
#5581 = CARTESIAN_POINT('',(1.165763529464,-1.031290726111));
#5582 = CARTESIAN_POINT('',(1.133687613247,-1.051392190364));
#5583 = CARTESIAN_POINT('',(1.101137744011,-1.069917649715));
#5584 = CARTESIAN_POINT('',(1.06679895515,-1.087670257469));
#5585 = CARTESIAN_POINT('',(1.03134047277,-1.104299214337));
#5586 = CARTESIAN_POINT('',(0.994926892012,-1.119799955988));
#5587 = CARTESIAN_POINT('',(0.957852793714,-1.134114026518));
#5588 = CARTESIAN_POINT('',(0.920369464399,-1.147231055595));
#5589 = CARTESIAN_POINT('',(0.882750633716,-1.159195707157));
#5590 = CARTESIAN_POINT('',(0.845323105065,-1.170039313205));
#5591 = CARTESIAN_POINT('',(0.808277502991,-1.179833052979));
#5592 = CARTESIAN_POINT('',(0.772369949603,-1.188491805782));
#5593 = CARTESIAN_POINT('',(0.735418321802,-1.196746779168));
#5594 = CARTESIAN_POINT('',(0.6976322479,-1.204549576209));
#5595 = CARTESIAN_POINT('',(0.659270362137,-1.211859350221));
#5596 = CARTESIAN_POINT('',(0.620562985409,-1.218644019418));
#5597 = CARTESIAN_POINT('',(0.581728555797,-1.224875350113));
#5598 = CARTESIAN_POINT('',(0.542968642973,-1.230536390852));
#5599 = CARTESIAN_POINT('',(0.504486122922,-1.235653372768));
#5600 = CARTESIAN_POINT('',(0.466526649504,-1.240241409304));
#5601 = CARTESIAN_POINT('',(0.429215391755,-1.244325468547));
#5602 = CARTESIAN_POINT('',(0.393151951779,-1.247882867513));
#5603 = CARTESIAN_POINT('',(0.357180593037,-1.251052583133));
#5604 = CARTESIAN_POINT('',(0.319719555815,-1.253979465897));
#5605 = CARTESIAN_POINT('',(0.281489488352,-1.256593482533));
#5606 = CARTESIAN_POINT('',(0.242591287136,-1.258882985167));
#5607 = CARTESIAN_POINT('',(0.216382989551,-1.260174864864));
#5608 = CARTESIAN_POINT('',(0.203244829326,-1.260758401788));
#5609 = ( GEOMETRIC_REPRESENTATION_CONTEXT(2) 
PARAMETRIC_REPRESENTATION_CONTEXT() REPRESENTATION_CONTEXT('2D SPACE',''
  ) );
#5610 = ORIENTED_EDGE('',*,*,#5611,.F.);
#5611 = EDGE_CURVE('',#5612,#5473,#5614,.T.);
#5612 = VERTEX_POINT('',#5613);
#5613 = CARTESIAN_POINT('',(153.39727949543,23.,6.000000029802));
#5614 = SURFACE_CURVE('',#5615,(#5634,#5656),.PCURVE_S1.);
#5615 = B_SPLINE_CURVE_WITH_KNOTS('',3,(#5616,#5617,#5618,#5619,#5620,
    #5621,#5622,#5623,#5624,#5625,#5626,#5627,#5628,#5629,#5630,#5631,
    #5632,#5633),.UNSPECIFIED.,.F.,.F.,(4,2,2,2,2,2,2,2,4),(
    0.990350344824,1.080568808347,1.175209092753,1.269849377159,
    1.356278675304,1.442707973448,1.616744973941,1.790781974434,
    1.790801908198),.UNSPECIFIED.);
#5616 = CARTESIAN_POINT('',(153.39727949543,23.,6.000000029802));
#5617 = CARTESIAN_POINT('',(153.46562525852,22.679553687755,
    6.000000029802));
#5618 = CARTESIAN_POINT('',(153.5684256042,22.367099734014,
    6.000000029802));
#5619 = CARTESIAN_POINT('',(153.81341007392,21.801697305557,
    6.000000029802));
#5620 = CARTESIAN_POINT('',(153.98055083521,21.498984629393,
    6.000000029802));
#5621 = CARTESIAN_POINT('',(154.37769465657,20.937948255308,
    6.000000029802));
#5622 = CARTESIAN_POINT('',(154.60767192488,20.67960630047,
    6.000000029802));
#5623 = CARTESIAN_POINT('',(155.04910621475,20.26799142087,
    6.000000029802));
#5624 = CARTESIAN_POINT('',(155.29768374218,20.072860382179,
    6.000000029802));
#5625 = CARTESIAN_POINT('',(155.82812156088,19.734404710602,
    6.000000029802));
#5626 = CARTESIAN_POINT('',(156.1099381837,19.591011644076,
    6.000000029802));
#5627 = CARTESIAN_POINT('',(156.91201132786,19.258616745824,
    6.000000029802));
#5628 = CARTESIAN_POINT('',(157.52556046884,19.114631353163,
    6.000000029802));
#5629 = CARTESIAN_POINT('',(158.77999959068,18.99033218894,
    6.000000029802));
#5630 = CARTESIAN_POINT('',(159.41987666502,19.,6.000000029802));
#5631 = CARTESIAN_POINT('',(160.00006644587,19.,6.000000029802));
#5632 = CARTESIAN_POINT('',(160.00013289254,19.,6.000000029802));
#5633 = CARTESIAN_POINT('',(160.00019933998,19.,6.000000029802));
#5634 = PCURVE('',#5403,#5635);
#5635 = DEFINITIONAL_REPRESENTATION('',(#5636),#5655);
#5636 = B_SPLINE_CURVE_WITH_KNOTS('',3,(#5637,#5638,#5639,#5640,#5641,
    #5642,#5643,#5644,#5645,#5646,#5647,#5648,#5649,#5650,#5651,#5652,
    #5653,#5654),.UNSPECIFIED.,.F.,.F.,(4,2,2,2,2,2,2,2,4),(
    0.990350344824,1.080568808347,1.175209092753,1.269849377159,
    1.356278675304,1.442707973448,1.616744973941,1.790781974434,
    1.790801908198),.UNSPECIFIED.);
#5637 = CARTESIAN_POINT('',(73.397279122901,4.));
#5638 = CARTESIAN_POINT('',(73.465624885998,3.679553687755));
#5639 = CARTESIAN_POINT('',(73.568425231671,3.367099734014));
#5640 = CARTESIAN_POINT('',(73.813409701396,2.801697305557));
#5641 = CARTESIAN_POINT('',(73.980550462686,2.498984629393));
#5642 = CARTESIAN_POINT('',(74.37769428405,1.937948255308));
#5643 = CARTESIAN_POINT('',(74.607671552351,1.67960630047));
#5644 = CARTESIAN_POINT('',(75.049105842229,1.26799142087));
#5645 = CARTESIAN_POINT('',(75.297683369654,1.072860382179));
#5646 = CARTESIAN_POINT('',(75.828121188358,0.734404710602));
#5647 = CARTESIAN_POINT('',(76.10993781118,0.591011644076));
#5648 = CARTESIAN_POINT('',(76.912010955333,0.258616745824));
#5649 = CARTESIAN_POINT('',(77.525560096314,0.114631353163));
#5650 = CARTESIAN_POINT('',(78.779999218158,-9.667811060002E-03));
#5651 = CARTESIAN_POINT('',(79.419876292494,0.));
#5652 = CARTESIAN_POINT('',(80.000066073349,0.));
#5653 = CARTESIAN_POINT('',(80.000132520012,0.));
#5654 = CARTESIAN_POINT('',(80.000198967458,0.));
#5655 = ( GEOMETRIC_REPRESENTATION_CONTEXT(2) 
PARAMETRIC_REPRESENTATION_CONTEXT() REPRESENTATION_CONTEXT('2D SPACE',''
  ) );
#5656 = PCURVE('',#5514,#5657);
#5657 = DEFINITIONAL_REPRESENTATION('',(#5658),#5706);
#5658 = B_SPLINE_CURVE_WITH_KNOTS('',3,(#5659,#5660,#5661,#5662,#5663,
    #5664,#5665,#5666,#5667,#5668,#5669,#5670,#5671,#5672,#5673,#5674,
    #5675,#5676,#5677,#5678,#5679,#5680,#5681,#5682,#5683,#5684,#5685,
    #5686,#5687,#5688,#5689,#5690,#5691,#5692,#5693,#5694,#5695,#5696,
    #5697,#5698,#5699,#5700,#5701,#5702,#5703,#5704,#5705),
  .UNSPECIFIED.,.F.,.F.,(4,1,1,1,1,1,1,1,1,1,1,1,1,1,1,1,1,1,1,1,1,1,1,1
    ,1,1,1,1,1,1,1,1,1,1,1,1,1,1,1,1,1,1,1,1,4),(0.990350344824,
    1.00854242581,1.026734506795,1.044926587781,1.063118668767,
    1.081310749753,1.099502830738,1.117694911724,1.13588699271,
    1.154079073696,1.172271154682,1.190463235667,1.208655316653,
    1.226847397639,1.245039478625,1.26323155961,1.281423640596,
    1.299615721582,1.317807802568,1.335999883554,1.354191964539,
    1.372384045525,1.390576126511,1.408768207497,1.426960288482,
    1.445152369468,1.463344450454,1.48153653144,1.499728612426,
    1.517920693411,1.536112774397,1.554304855383,1.572496936369,
    1.590689017354,1.60888109834,1.627073179326,1.645265260312,
    1.663457341298,1.681649422283,1.699841503269,1.718033584255,
    1.736225665241,1.754417746226,1.772609827212,1.790801908198),
  .UNSPECIFIED.);
#5659 = CARTESIAN_POINT('',(0.203244829326,1.260758401788));
#5660 = CARTESIAN_POINT('',(0.216383643826,1.260174835797));
#5661 = CARTESIAN_POINT('',(0.242593242677,1.258882885616));
#5662 = CARTESIAN_POINT('',(0.281493348474,1.256593242936));
#5663 = CARTESIAN_POINT('',(0.319725214592,1.25397905796));
#5664 = CARTESIAN_POINT('',(0.357188001944,1.251051973076));
#5665 = CARTESIAN_POINT('',(0.393160680132,1.247882059315));
#5666 = CARTESIAN_POINT('',(0.429226417723,1.244324329464));
#5667 = CARTESIAN_POINT('',(0.466539753801,1.240239908484));
#5668 = CARTESIAN_POINT('',(0.504501364678,1.235651448478));
#5669 = CARTESIAN_POINT('',(0.542985965982,1.230533985882));
#5670 = CARTESIAN_POINT('',(0.581747896409,1.224872399078));
#5671 = CARTESIAN_POINT('',(0.620584247331,1.218640460142));
#5672 = CARTESIAN_POINT('',(0.659293427883,1.211855142537));
#5673 = CARTESIAN_POINT('',(0.697656917638,1.204544693018));
#5674 = CARTESIAN_POINT('',(0.735444494084,1.196741162237));
#5675 = CARTESIAN_POINT('',(0.772396950399,1.188485563354));
#5676 = CARTESIAN_POINT('',(0.808306584518,1.179825730287));
#5677 = CARTESIAN_POINT('',(0.845354675117,1.17003059669));
#5678 = CARTESIAN_POINT('',(0.882784317317,1.159185506963));
#5679 = CARTESIAN_POINT('',(0.920405049361,1.147219213063));
#5680 = CARTESIAN_POINT('',(0.957889981146,1.13410038669));
#5681 = CARTESIAN_POINT('',(0.994965378117,1.119784377727));
#5682 = CARTESIAN_POINT('',(1.031379928056,1.104281611435));
#5683 = CARTESIAN_POINT('',(1.066838958479,1.087650595387));
#5684 = CARTESIAN_POINT('',(1.101177983396,1.069895835822));
#5685 = CARTESIAN_POINT('',(1.133727175058,1.051368607226));
#5686 = CARTESIAN_POINT('',(1.165805343989,1.031263252094));
#5687 = CARTESIAN_POINT('',(1.197991919644,1.008971915119));
#5688 = CARTESIAN_POINT('',(1.23002133946,0.984365468325));
#5689 = CARTESIAN_POINT('',(1.26183290246,0.957145680919));
#5690 = CARTESIAN_POINT('',(1.293287347649,0.92701463769));
#5691 = CARTESIAN_POINT('',(1.324240389891,0.893625759625));
#5692 = CARTESIAN_POINT('',(1.354520372536,0.856594889772));
#5693 = CARTESIAN_POINT('',(1.383931430295,0.815497552111));
#5694 = CARTESIAN_POINT('',(1.412250139893,0.769876105096));
#5695 = CARTESIAN_POINT('',(1.439223820113,0.719245431044));
#5696 = CARTESIAN_POINT('',(1.464582034288,0.663152304002));
#5697 = CARTESIAN_POINT('',(1.488006792899,0.601167151099));
#5698 = CARTESIAN_POINT('',(1.509157434381,0.532946287517));
#5699 = CARTESIAN_POINT('',(1.527683716423,0.458292407716));
#5700 = CARTESIAN_POINT('',(1.543249647242,0.377227492726));
#5701 = CARTESIAN_POINT('',(1.555561388323,0.290060798954));
#5702 = CARTESIAN_POINT('',(1.56440478302,0.197447104869));
#5703 = CARTESIAN_POINT('',(1.569659272254,0.100367878155));
#5704 = CARTESIAN_POINT('',(1.570808741423,3.358588139137E-02));
#5705 = CARTESIAN_POINT('',(1.570796332755,-1.107032445771E-04));
#5706 = ( GEOMETRIC_REPRESENTATION_CONTEXT(2) 
PARAMETRIC_REPRESENTATION_CONTEXT() REPRESENTATION_CONTEXT('2D SPACE',''
  ) );
#5707 = ORIENTED_EDGE('',*,*,#5708,.F.);
#5708 = EDGE_CURVE('',#5709,#5612,#5711,.T.);
#5709 = VERTEX_POINT('',#5710);
#5710 = CARTESIAN_POINT('',(80.000000372529,23.,6.000000029802));
#5711 = SURFACE_CURVE('',#5712,(#5716,#5723),.PCURVE_S1.);
#5712 = LINE('',#5713,#5714);
#5713 = CARTESIAN_POINT('',(80.000000372529,23.,6.000000029802));
#5714 = VECTOR('',#5715,1.);
#5715 = DIRECTION('',(1.,0.,1.224646799147E-16));
#5716 = PCURVE('',#5403,#5717);
#5717 = DEFINITIONAL_REPRESENTATION('',(#5718),#5722);
#5718 = LINE('',#5719,#5720);
#5719 = CARTESIAN_POINT('',(0.,4.));
#5720 = VECTOR('',#5721,1.);
#5721 = DIRECTION('',(1.,-4.16845104955E-50));
#5722 = ( GEOMETRIC_REPRESENTATION_CONTEXT(2) 
PARAMETRIC_REPRESENTATION_CONTEXT() REPRESENTATION_CONTEXT('2D SPACE',''
  ) );
#5723 = PCURVE('',#5724,#5729);
#5724 = PLANE('',#5725);
#5725 = AXIS2_PLACEMENT_3D('',#5726,#5727,#5728);
#5726 = CARTESIAN_POINT('',(120.00009985625,23.,4.000000044703));
#5727 = DIRECTION('',(-1.219502364232E-32,-1.,9.95799250103E-17));
#5728 = DIRECTION('',(1.,0.,1.224646799147E-16));
#5729 = DEFINITIONAL_REPRESENTATION('',(#5730),#5734);
#5730 = LINE('',#5731,#5732);
#5731 = CARTESIAN_POINT('',(-40.00009948372,1.999999985099));
#5732 = VECTOR('',#5733,1.);
#5733 = DIRECTION('',(1.,0.));
#5734 = ( GEOMETRIC_REPRESENTATION_CONTEXT(2) 
PARAMETRIC_REPRESENTATION_CONTEXT() REPRESENTATION_CONTEXT('2D SPACE',''
  ) );
#5735 = ORIENTED_EDGE('',*,*,#5736,.F.);
#5736 = EDGE_CURVE('',#5737,#5709,#5739,.T.);
#5737 = VERTEX_POINT('',#5738);
#5738 = CARTESIAN_POINT('',(80.000000372529,11.,6.000000029802));
#5739 = SURFACE_CURVE('',#5740,(#5744,#5751),.PCURVE_S1.);
#5740 = LINE('',#5741,#5742);
#5741 = CARTESIAN_POINT('',(80.000000372529,19.,6.000000029802));
#5742 = VECTOR('',#5743,1.);
#5743 = DIRECTION('',(1.049548480051E-32,1.,-8.570213720248E-17));
#5744 = PCURVE('',#5403,#5745);
#5745 = DEFINITIONAL_REPRESENTATION('',(#5746),#5750);
#5746 = LINE('',#5747,#5748);
#5747 = CARTESIAN_POINT('',(0.,0.));
#5748 = VECTOR('',#5749,1.);
#5749 = DIRECTION('',(-4.16845104955E-50,1.));
#5750 = ( GEOMETRIC_REPRESENTATION_CONTEXT(2) 
PARAMETRIC_REPRESENTATION_CONTEXT() REPRESENTATION_CONTEXT('2D SPACE',''
  ) );
#5751 = PCURVE('',#5752,#5757);
#5752 = PLANE('',#5753);
#5753 = AXIS2_PLACEMENT_3D('',#5754,#5755,#5756);
#5754 = CARTESIAN_POINT('',(80.000000372529,19.,2.000000029802));
#5755 = DIRECTION('',(-1.,0.,-1.224646799147E-16));
#5756 = DIRECTION('',(-1.224646799147E-16,9.95799250103E-17,1.));
#5757 = DEFINITIONAL_REPRESENTATION('',(#5758),#5762);
#5758 = LINE('',#5759,#5760);
#5759 = CARTESIAN_POINT('',(4.,-3.983197000412E-16));
#5760 = VECTOR('',#5761,1.);
#5761 = DIRECTION('',(1.387778780782E-17,1.));
#5762 = ( GEOMETRIC_REPRESENTATION_CONTEXT(2) 
PARAMETRIC_REPRESENTATION_CONTEXT() REPRESENTATION_CONTEXT('2D SPACE',''
  ) );
#5763 = ORIENTED_EDGE('',*,*,#5764,.F.);
#5764 = EDGE_CURVE('',#5387,#5737,#5765,.T.);
#5765 = SURFACE_CURVE('',#5766,(#5770,#5777),.PCURVE_S1.);
#5766 = LINE('',#5767,#5768);
#5767 = CARTESIAN_POINT('',(80.000000372529,11.,6.000000029802));
#5768 = VECTOR('',#5769,1.);
#5769 = DIRECTION('',(-1.,0.,-1.224646799147E-16));
#5770 = PCURVE('',#5403,#5771);
#5771 = DEFINITIONAL_REPRESENTATION('',(#5772),#5776);
#5772 = LINE('',#5773,#5774);
#5773 = CARTESIAN_POINT('',(1.087704858758E-31,-8.));
#5774 = VECTOR('',#5775,1.);
#5775 = DIRECTION('',(-1.,4.16845104955E-50));
#5776 = ( GEOMETRIC_REPRESENTATION_CONTEXT(2) 
PARAMETRIC_REPRESENTATION_CONTEXT() REPRESENTATION_CONTEXT('2D SPACE',''
  ) );
#5777 = PCURVE('',#5433,#5778);
#5778 = DEFINITIONAL_REPRESENTATION('',(#5779),#5783);
#5779 = LINE('',#5780,#5781);
#5780 = CARTESIAN_POINT('',(1.999999970197,79.999999627471));
#5781 = VECTOR('',#5782,1.);
#5782 = DIRECTION('',(0.,1.));
#5783 = ( GEOMETRIC_REPRESENTATION_CONTEXT(2) 
PARAMETRIC_REPRESENTATION_CONTEXT() REPRESENTATION_CONTEXT('2D SPACE',''
  ) );
#5784 = ADVANCED_FACE('',(#5785),#5374,.F.);
#5785 = FACE_BOUND('',#5786,.T.);
#5786 = EDGE_LOOP('',(#5787,#5788,#5811,#5859));
#5787 = ORIENTED_EDGE('',*,*,#5358,.F.);
#5788 = ORIENTED_EDGE('',*,*,#5789,.T.);
#5789 = EDGE_CURVE('',#5321,#5790,#5792,.T.);
#5790 = VERTEX_POINT('',#5791);
#5791 = CARTESIAN_POINT('',(166.60272048651,23.,2.000000029802));
#5792 = SURFACE_CURVE('',#5793,(#5797,#5804),.PCURVE_S1.);
#5793 = LINE('',#5794,#5795);
#5794 = CARTESIAN_POINT('',(185.00000037252,23.,2.000000029802));
#5795 = VECTOR('',#5796,1.);
#5796 = DIRECTION('',(-1.,0.,-1.224646799147E-16));
#5797 = PCURVE('',#5374,#5798);
#5798 = DEFINITIONAL_REPRESENTATION('',(#5799),#5803);
#5799 = LINE('',#5800,#5801);
#5800 = CARTESIAN_POINT('',(12.50000018626,-2.000000009934));
#5801 = VECTOR('',#5802,1.);
#5802 = DIRECTION('',(-1.,0.));
#5803 = ( GEOMETRIC_REPRESENTATION_CONTEXT(2) 
PARAMETRIC_REPRESENTATION_CONTEXT() REPRESENTATION_CONTEXT('2D SPACE',''
  ) );
#5804 = PCURVE('',#5342,#5805);
#5805 = DEFINITIONAL_REPRESENTATION('',(#5806),#5810);
#5806 = LINE('',#5807,#5808);
#5807 = CARTESIAN_POINT('',(-25.00000037252,4.));
#5808 = VECTOR('',#5809,1.);
#5809 = DIRECTION('',(1.,4.16845104955E-50));
#5810 = ( GEOMETRIC_REPRESENTATION_CONTEXT(2) 
PARAMETRIC_REPRESENTATION_CONTEXT() REPRESENTATION_CONTEXT('2D SPACE',''
  ) );
#5811 = ORIENTED_EDGE('',*,*,#5812,.F.);
#5812 = EDGE_CURVE('',#5450,#5790,#5813,.T.);
#5813 = SURFACE_CURVE('',#5814,(#5819,#5830),.PCURVE_S1.);
#5814 = CIRCLE('',#5815,6.898979485566);
#5815 = AXIS2_PLACEMENT_3D('',#5816,#5817,#5818);
#5816 = CARTESIAN_POINT('',(160.,23.,4.000000059605));
#5817 = DIRECTION('',(1.219502364232E-32,1.,-9.95799250103E-17));
#5818 = DIRECTION('',(-1.224646799147E-16,9.95799250103E-17,1.));
#5819 = PCURVE('',#5374,#5820);
#5820 = DEFINITIONAL_REPRESENTATION('',(#5821),#5829);
#5821 = ( BOUNDED_CURVE() B_SPLINE_CURVE(2,(#5822,#5823,#5824,#5825,
#5826,#5827,#5828),.UNSPECIFIED.,.T.,.F.) B_SPLINE_CURVE_WITH_KNOTS((1,2
    ,2,2,2,1),(-2.094395102393,0.,2.094395102393,4.188790204786,
6.28318530718,8.377580409573),.UNSPECIFIED.) CURVE() 
GEOMETRIC_REPRESENTATION_ITEM() RATIONAL_B_SPLINE_CURVE((1.,0.5,1.,0.5,
1.,0.5,1.)) REPRESENTATION_ITEM('') );
#5822 = CARTESIAN_POINT('',(-12.50000018626,6.898979505435));
#5823 = CARTESIAN_POINT('',(-0.550617196884,6.898979505435));
#5824 = CARTESIAN_POINT('',(-6.525308691572,-3.449489722914));
#5825 = CARTESIAN_POINT('',(-12.50000018626,-13.79795895126));
#5826 = CARTESIAN_POINT('',(-18.47469168094,-3.449489722914));
#5827 = CARTESIAN_POINT('',(-24.44938317563,6.898979505435));
#5828 = CARTESIAN_POINT('',(-12.50000018626,6.898979505435));
#5829 = ( GEOMETRIC_REPRESENTATION_CONTEXT(2) 
PARAMETRIC_REPRESENTATION_CONTEXT() REPRESENTATION_CONTEXT('2D SPACE',''
  ) );
#5830 = PCURVE('',#5514,#5831);
#5831 = DEFINITIONAL_REPRESENTATION('',(#5832),#5858);
#5832 = B_SPLINE_CURVE_WITH_KNOTS('',3,(#5833,#5834,#5835,#5836,#5837,
    #5838,#5839,#5840,#5841,#5842,#5843,#5844,#5845,#5846,#5847,#5848,
    #5849,#5850,#5851,#5852,#5853,#5854,#5855,#5856,#5857),
  .UNSPECIFIED.,.F.,.F.,(4,1,1,1,1,1,1,1,1,1,1,1,1,1,1,1,1,1,1,1,1,1,4),
  (1.276676125695,1.303414326205,1.330152526716,1.356890727226,
    1.383628927736,1.410367128247,1.437105328757,1.463843529267,
    1.490581729778,1.517319930288,1.544058130798,1.570796331309,
    1.597534531819,1.624272732329,1.65101093284,1.67774913335,
    1.70448733386,1.73122553437,1.757963734881,1.784701935391,
    1.811440135901,1.838178336412,1.864916536922),.UNSPECIFIED.);
#5833 = CARTESIAN_POINT('',(0.203244829326,-1.260758401788));
#5834 = CARTESIAN_POINT('',(0.203244829326,-1.269739310054));
#5835 = CARTESIAN_POINT('',(0.203244829326,-1.287761231398));
#5836 = CARTESIAN_POINT('',(0.203244829326,-1.314986355879));
#5837 = CARTESIAN_POINT('',(0.203244829326,-1.342415528844));
#5838 = CARTESIAN_POINT('',(0.203244829326,-1.370060983328));
#5839 = CARTESIAN_POINT('',(0.203244829326,-1.397935323307));
#5840 = CARTESIAN_POINT('',(0.203244829326,-1.426051339294));
#5841 = CARTESIAN_POINT('',(0.203244829326,-1.454422949795));
#5842 = CARTESIAN_POINT('',(0.203244829326,-1.483061775793));
#5843 = CARTESIAN_POINT('',(0.203244829326,-1.511990066105));
#5844 = CARTESIAN_POINT('',(0.203244829326,-1.54119259576));
#5845 = CARTESIAN_POINT('',(0.203244829326,-1.57079633184));
#5846 = CARTESIAN_POINT('',(0.203244829326,-1.60040006773));
#5847 = CARTESIAN_POINT('',(0.203244829326,-1.629602597303));
#5848 = CARTESIAN_POINT('',(0.203244829326,-1.658530887512));
#5849 = CARTESIAN_POINT('',(0.203244829326,-1.687169713418));
#5850 = CARTESIAN_POINT('',(0.203244829326,-1.715541323831));
#5851 = CARTESIAN_POINT('',(0.203244829326,-1.743657339733));
#5852 = CARTESIAN_POINT('',(0.203244829326,-1.771531679633));
#5853 = CARTESIAN_POINT('',(0.203244829326,-1.799177134043));
#5854 = CARTESIAN_POINT('',(0.203244829326,-1.826606306936));
#5855 = CARTESIAN_POINT('',(0.203244829326,-1.85383143135));
#5856 = CARTESIAN_POINT('',(0.203244829326,-1.871853352653));
#5857 = CARTESIAN_POINT('',(0.203244829326,-1.880834260898));
#5858 = ( GEOMETRIC_REPRESENTATION_CONTEXT(2) 
PARAMETRIC_REPRESENTATION_CONTEXT() REPRESENTATION_CONTEXT('2D SPACE',''
  ) );
#5859 = ORIENTED_EDGE('',*,*,#5449,.T.);
#5860 = ADVANCED_FACE('',(#5861),#5875,.F.);
#5861 = FACE_BOUND('',#5862,.F.);
#5862 = EDGE_LOOP('',(#5863,#5893,#5920,#5921));
#5863 = ORIENTED_EDGE('',*,*,#5864,.T.);
#5864 = EDGE_CURVE('',#5865,#5867,#5869,.T.);
#5865 = VERTEX_POINT('',#5866);
#5866 = CARTESIAN_POINT('',(160.,34.,-0.999999940395));
#5867 = VERTEX_POINT('',#5868);
#5868 = CARTESIAN_POINT('',(160.,25.,-0.999999940395));
#5869 = SEAM_CURVE('',#5870,(#5874,#5886),.PCURVE_S1.);
#5870 = LINE('',#5871,#5872);
#5871 = CARTESIAN_POINT('',(160.,29.5,-0.999999940395));
#5872 = VECTOR('',#5873,1.);
#5873 = DIRECTION('',(-1.219502364232E-32,-1.,9.95799250103E-17));
#5874 = PCURVE('',#5875,#5880);
#5875 = CYLINDRICAL_SURFACE('',#5876,5.);
#5876 = AXIS2_PLACEMENT_3D('',#5877,#5878,#5879);
#5877 = CARTESIAN_POINT('',(160.,29.5,4.000000059605));
#5878 = DIRECTION('',(-1.219502364232E-32,-1.,9.95799250103E-17));
#5879 = DIRECTION('',(-1.224646799147E-16,9.95799250103E-17,1.));
#5880 = DEFINITIONAL_REPRESENTATION('',(#5881),#5885);
#5881 = LINE('',#5882,#5883);
#5882 = CARTESIAN_POINT('',(9.42477796077,0.));
#5883 = VECTOR('',#5884,1.);
#5884 = DIRECTION('',(0.,1.));
#5885 = ( GEOMETRIC_REPRESENTATION_CONTEXT(2) 
PARAMETRIC_REPRESENTATION_CONTEXT() REPRESENTATION_CONTEXT('2D SPACE',''
  ) );
#5886 = PCURVE('',#5875,#5887);
#5887 = DEFINITIONAL_REPRESENTATION('',(#5888),#5892);
#5888 = LINE('',#5889,#5890);
#5889 = CARTESIAN_POINT('',(3.141592653589,0.));
#5890 = VECTOR('',#5891,1.);
#5891 = DIRECTION('',(0.,1.));
#5892 = ( GEOMETRIC_REPRESENTATION_CONTEXT(2) 
PARAMETRIC_REPRESENTATION_CONTEXT() REPRESENTATION_CONTEXT('2D SPACE',''
  ) );
#5893 = ORIENTED_EDGE('',*,*,#5894,.F.);
#5894 = EDGE_CURVE('',#5867,#5867,#5895,.T.);
#5895 = SURFACE_CURVE('',#5896,(#5901,#5908),.PCURVE_S1.);
#5896 = CIRCLE('',#5897,5.);
#5897 = AXIS2_PLACEMENT_3D('',#5898,#5899,#5900);
#5898 = CARTESIAN_POINT('',(160.,25.,4.000000059605));
#5899 = DIRECTION('',(-1.219502364232E-32,-1.,9.95799250103E-17));
#5900 = DIRECTION('',(-1.224646799147E-16,9.95799250103E-17,1.));
#5901 = PCURVE('',#5875,#5902);
#5902 = DEFINITIONAL_REPRESENTATION('',(#5903),#5907);
#5903 = LINE('',#5904,#5905);
#5904 = CARTESIAN_POINT('',(0.,4.5));
#5905 = VECTOR('',#5906,1.);
#5906 = DIRECTION('',(1.,0.));
#5907 = ( GEOMETRIC_REPRESENTATION_CONTEXT(2) 
PARAMETRIC_REPRESENTATION_CONTEXT() REPRESENTATION_CONTEXT('2D SPACE',''
  ) );
#5908 = PCURVE('',#5909,#5914);
#5909 = PLANE('',#5910);
#5910 = AXIS2_PLACEMENT_3D('',#5911,#5912,#5913);
#5911 = CARTESIAN_POINT('',(160.,25.,4.000000059605));
#5912 = DIRECTION('',(-1.219502364232E-32,-1.,9.95799250103E-17));
#5913 = DIRECTION('',(-1.224646799147E-16,9.95799250103E-17,1.));
#5914 = DEFINITIONAL_REPRESENTATION('',(#5915),#5919);
#5915 = CIRCLE('',#5916,5.);
#5916 = AXIS2_PLACEMENT_2D('',#5917,#5918);
#5917 = CARTESIAN_POINT('',(0.,0.));
#5918 = DIRECTION('',(1.,0.));
#5919 = ( GEOMETRIC_REPRESENTATION_CONTEXT(2) 
PARAMETRIC_REPRESENTATION_CONTEXT() REPRESENTATION_CONTEXT('2D SPACE',''
  ) );
#5920 = ORIENTED_EDGE('',*,*,#5864,.F.);
#5921 = ORIENTED_EDGE('',*,*,#5922,.T.);
#5922 = EDGE_CURVE('',#5865,#5865,#5923,.T.);
#5923 = SURFACE_CURVE('',#5924,(#5929,#5936),.PCURVE_S1.);
#5924 = CIRCLE('',#5925,5.);
#5925 = AXIS2_PLACEMENT_3D('',#5926,#5927,#5928);
#5926 = CARTESIAN_POINT('',(160.,34.,4.000000059605));
#5927 = DIRECTION('',(-1.219502364232E-32,-1.,9.95799250103E-17));
#5928 = DIRECTION('',(-1.224646799147E-16,9.95799250103E-17,1.));
#5929 = PCURVE('',#5875,#5930);
#5930 = DEFINITIONAL_REPRESENTATION('',(#5931),#5935);
#5931 = LINE('',#5932,#5933);
#5932 = CARTESIAN_POINT('',(0.,-4.5));
#5933 = VECTOR('',#5934,1.);
#5934 = DIRECTION('',(1.,0.));
#5935 = ( GEOMETRIC_REPRESENTATION_CONTEXT(2) 
PARAMETRIC_REPRESENTATION_CONTEXT() REPRESENTATION_CONTEXT('2D SPACE',''
  ) );
#5936 = PCURVE('',#5937,#5942);
#5937 = PLANE('',#5938);
#5938 = AXIS2_PLACEMENT_3D('',#5939,#5940,#5941);
#5939 = CARTESIAN_POINT('',(160.,34.,4.000000059605));
#5940 = DIRECTION('',(1.219502364232E-32,1.,-9.95799250103E-17));
#5941 = DIRECTION('',(1.,0.,1.224646799147E-16));
#5942 = DEFINITIONAL_REPRESENTATION('',(#5943),#5951);
#5943 = ( BOUNDED_CURVE() B_SPLINE_CURVE(2,(#5944,#5945,#5946,#5947,
#5948,#5949,#5950),.UNSPECIFIED.,.T.,.F.) B_SPLINE_CURVE_WITH_KNOTS((1,2
    ,2,2,2,1),(-2.094395102393,0.,2.094395102393,4.188790204786,
6.28318530718,8.377580409573),.UNSPECIFIED.) CURVE() 
GEOMETRIC_REPRESENTATION_ITEM() RATIONAL_B_SPLINE_CURVE((1.,0.5,1.,0.5,
1.,0.5,1.)) REPRESENTATION_ITEM('') );
#5944 = CARTESIAN_POINT('',(0.,-5.));
#5945 = CARTESIAN_POINT('',(-8.660254037844,-5.));
#5946 = CARTESIAN_POINT('',(-4.330127018922,2.5));
#5947 = CARTESIAN_POINT('',(-1.224646799147E-15,10.));
#5948 = CARTESIAN_POINT('',(4.330127018922,2.5));
#5949 = CARTESIAN_POINT('',(8.660254037844,-5.));
#5950 = CARTESIAN_POINT('',(0.,-5.));
#5951 = ( GEOMETRIC_REPRESENTATION_CONTEXT(2) 
PARAMETRIC_REPRESENTATION_CONTEXT() REPRESENTATION_CONTEXT('2D SPACE',''
  ) );
#5952 = ADVANCED_FACE('',(#5953),#5909,.F.);
#5953 = FACE_BOUND('',#5954,.T.);
#5954 = EDGE_LOOP('',(#5955));
#5955 = ORIENTED_EDGE('',*,*,#5894,.F.);
#5956 = ADVANCED_FACE('',(#5957),#5433,.T.);
#5957 = FACE_BOUND('',#5958,.T.);
#5958 = EDGE_LOOP('',(#5959,#5982,#5983,#5984));
#5959 = ORIENTED_EDGE('',*,*,#5960,.T.);
#5960 = EDGE_CURVE('',#5961,#5319,#5963,.T.);
#5961 = VERTEX_POINT('',#5962);
#5962 = CARTESIAN_POINT('',(80.000000372529,11.,2.000000029802));
#5963 = SURFACE_CURVE('',#5964,(#5968,#5975),.PCURVE_S1.);
#5964 = LINE('',#5965,#5966);
#5965 = CARTESIAN_POINT('',(185.00000037252,11.,2.000000029802));
#5966 = VECTOR('',#5967,1.);
#5967 = DIRECTION('',(1.,0.,1.224646799147E-16));
#5968 = PCURVE('',#5433,#5969);
#5969 = DEFINITIONAL_REPRESENTATION('',(#5970),#5974);
#5970 = LINE('',#5971,#5972);
#5971 = CARTESIAN_POINT('',(-2.000000029803,-25.00000037252));
#5972 = VECTOR('',#5973,1.);
#5973 = DIRECTION('',(0.,-1.));
#5974 = ( GEOMETRIC_REPRESENTATION_CONTEXT(2) 
PARAMETRIC_REPRESENTATION_CONTEXT() REPRESENTATION_CONTEXT('2D SPACE',''
  ) );
#5975 = PCURVE('',#5342,#5976);
#5976 = DEFINITIONAL_REPRESENTATION('',(#5977),#5981);
#5977 = LINE('',#5978,#5979);
#5978 = CARTESIAN_POINT('',(-25.00000037252,-8.));
#5979 = VECTOR('',#5980,1.);
#5980 = DIRECTION('',(-1.,-4.16845104955E-50));
#5981 = ( GEOMETRIC_REPRESENTATION_CONTEXT(2) 
PARAMETRIC_REPRESENTATION_CONTEXT() REPRESENTATION_CONTEXT('2D SPACE',''
  ) );
#5982 = ORIENTED_EDGE('',*,*,#5419,.T.);
#5983 = ORIENTED_EDGE('',*,*,#5764,.T.);
#5984 = ORIENTED_EDGE('',*,*,#5985,.T.);
#5985 = EDGE_CURVE('',#5737,#5961,#5986,.T.);
#5986 = SURFACE_CURVE('',#5987,(#5991,#5998),.PCURVE_S1.);
#5987 = LINE('',#5988,#5989);
#5988 = CARTESIAN_POINT('',(80.000000372529,11.,2.000000029802));
#5989 = VECTOR('',#5990,1.);
#5990 = DIRECTION('',(1.224646799147E-16,-9.95799250103E-17,-1.));
#5991 = PCURVE('',#5433,#5992);
#5992 = DEFINITIONAL_REPRESENTATION('',(#5993),#5997);
#5993 = LINE('',#5994,#5995);
#5994 = CARTESIAN_POINT('',(-2.000000029803,79.999999627471));
#5995 = VECTOR('',#5996,1.);
#5996 = DIRECTION('',(-1.,0.));
#5997 = ( GEOMETRIC_REPRESENTATION_CONTEXT(2) 
PARAMETRIC_REPRESENTATION_CONTEXT() REPRESENTATION_CONTEXT('2D SPACE',''
  ) );
#5998 = PCURVE('',#5752,#5999);
#5999 = DEFINITIONAL_REPRESENTATION('',(#6000),#6004);
#6000 = LINE('',#6001,#6002);
#6001 = CARTESIAN_POINT('',(-7.966394000824E-16,-8.));
#6002 = VECTOR('',#6003,1.);
#6003 = DIRECTION('',(-1.,0.));
#6004 = ( GEOMETRIC_REPRESENTATION_CONTEXT(2) 
PARAMETRIC_REPRESENTATION_CONTEXT() REPRESENTATION_CONTEXT('2D SPACE',''
  ) );
#6005 = ADVANCED_FACE('',(#6006),#5342,.T.);
#6006 = FACE_BOUND('',#6007,.T.);
#6007 = EDGE_LOOP('',(#6008,#6009,#6010,#6033,#6056,#6149,#6240));
#6008 = ORIENTED_EDGE('',*,*,#5318,.F.);
#6009 = ORIENTED_EDGE('',*,*,#5960,.F.);
#6010 = ORIENTED_EDGE('',*,*,#6011,.F.);
#6011 = EDGE_CURVE('',#6012,#5961,#6014,.T.);
#6012 = VERTEX_POINT('',#6013);
#6013 = CARTESIAN_POINT('',(80.000000372529,23.,2.000000029802));
#6014 = SURFACE_CURVE('',#6015,(#6019,#6026),.PCURVE_S1.);
#6015 = LINE('',#6016,#6017);
#6016 = CARTESIAN_POINT('',(80.000000372529,19.,2.000000029802));
#6017 = VECTOR('',#6018,1.);
#6018 = DIRECTION('',(-1.049548480051E-32,-1.,8.570213720248E-17));
#6019 = PCURVE('',#5342,#6020);
#6020 = DEFINITIONAL_REPRESENTATION('',(#6021),#6025);
#6021 = LINE('',#6022,#6023);
#6022 = CARTESIAN_POINT('',(79.999999627471,-2.332103491321E-33));
#6023 = VECTOR('',#6024,1.);
#6024 = DIRECTION('',(-4.16845104955E-50,-1.));
#6025 = ( GEOMETRIC_REPRESENTATION_CONTEXT(2) 
PARAMETRIC_REPRESENTATION_CONTEXT() REPRESENTATION_CONTEXT('2D SPACE',''
  ) );
#6026 = PCURVE('',#5752,#6027);
#6027 = DEFINITIONAL_REPRESENTATION('',(#6028),#6032);
#6028 = LINE('',#6029,#6030);
#6029 = CARTESIAN_POINT('',(0.,0.));
#6030 = VECTOR('',#6031,1.);
#6031 = DIRECTION('',(-1.387778780782E-17,-1.));
#6032 = ( GEOMETRIC_REPRESENTATION_CONTEXT(2) 
PARAMETRIC_REPRESENTATION_CONTEXT() REPRESENTATION_CONTEXT('2D SPACE',''
  ) );
#6033 = ORIENTED_EDGE('',*,*,#6034,.F.);
#6034 = EDGE_CURVE('',#6035,#6012,#6037,.T.);
#6035 = VERTEX_POINT('',#6036);
#6036 = CARTESIAN_POINT('',(153.39727951348,23.,2.000000029802));
#6037 = SURFACE_CURVE('',#6038,(#6042,#6049),.PCURVE_S1.);
#6038 = LINE('',#6039,#6040);
#6039 = CARTESIAN_POINT('',(185.00000037252,23.,2.000000029802));
#6040 = VECTOR('',#6041,1.);
#6041 = DIRECTION('',(-1.,0.,-1.224646799147E-16));
#6042 = PCURVE('',#5342,#6043);
#6043 = DEFINITIONAL_REPRESENTATION('',(#6044),#6048);
#6044 = LINE('',#6045,#6046);
#6045 = CARTESIAN_POINT('',(-25.00000037252,4.));
#6046 = VECTOR('',#6047,1.);
#6047 = DIRECTION('',(1.,4.16845104955E-50));
#6048 = ( GEOMETRIC_REPRESENTATION_CONTEXT(2) 
PARAMETRIC_REPRESENTATION_CONTEXT() REPRESENTATION_CONTEXT('2D SPACE',''
  ) );
#6049 = PCURVE('',#5724,#6050);
#6050 = DEFINITIONAL_REPRESENTATION('',(#6051),#6055);
#6051 = LINE('',#6052,#6053);
#6052 = CARTESIAN_POINT('',(64.999900516262,-2.000000014901));
#6053 = VECTOR('',#6054,1.);
#6054 = DIRECTION('',(-1.,0.));
#6055 = ( GEOMETRIC_REPRESENTATION_CONTEXT(2) 
PARAMETRIC_REPRESENTATION_CONTEXT() REPRESENTATION_CONTEXT('2D SPACE',''
  ) );
#6056 = ORIENTED_EDGE('',*,*,#6057,.F.);
#6057 = EDGE_CURVE('',#6058,#6035,#6060,.T.);
#6058 = VERTEX_POINT('',#6059);
#6059 = CARTESIAN_POINT('',(160.,19.,2.000000029802));
#6060 = SURFACE_CURVE('',#6061,(#6078,#6098),.PCURVE_S1.);
#6061 = B_SPLINE_CURVE_WITH_KNOTS('',3,(#6062,#6063,#6064,#6065,#6066,
    #6067,#6068,#6069,#6070,#6071,#6072,#6073,#6074,#6075,#6076,#6077),
  .UNSPECIFIED.,.F.,.F.,(4,2,2,2,2,2,2,4),(1.791302591763,1.973466414892
    ,2.155630238021,2.248176718593,2.340723199166,2.42806929439,
    2.515415389615,2.592260364922),.UNSPECIFIED.);
#6062 = CARTESIAN_POINT('',(160.,19.,2.000000029802));
#6063 = CARTESIAN_POINT('',(159.39278725623,19.,2.000000029802));
#6064 = CARTESIAN_POINT('',(158.72257983771,18.989438128506,
    2.000000029802));
#6065 = CARTESIAN_POINT('',(157.41344172767,19.133229013187,
    2.000000029802));
#6066 = CARTESIAN_POINT('',(156.77561543007,19.297464739204,
    2.000000029802));
#6067 = CARTESIAN_POINT('',(155.94102626199,19.674252828893,
    2.000000029802));
#6068 = CARTESIAN_POINT('',(155.64542061335,19.839050162646,
    2.000000029802));
#6069 = CARTESIAN_POINT('',(155.09521600868,20.226497969315,
    2.000000029802));
#6070 = CARTESIAN_POINT('',(154.84066170025,20.449211841264,
    2.000000029802));
#6071 = CARTESIAN_POINT('',(154.42736399518,20.883671780029,
    2.000000029802));
#6072 = CARTESIAN_POINT('',(154.22800783523,21.133170742438,
    2.000000029802));
#6073 = CARTESIAN_POINT('',(153.88474246641,21.66770719496,
    2.000000029802));
#6074 = CARTESIAN_POINT('',(153.74085402311,21.952758019883,
    2.000000029802));
#6075 = CARTESIAN_POINT('',(153.53825602058,22.46118229684,
    2.000000029802));
#6076 = CARTESIAN_POINT('',(153.45552472139,22.726911205826,
    2.000000029802));
#6077 = CARTESIAN_POINT('',(153.39727951348,23.,2.000000029802));
#6078 = PCURVE('',#5342,#6079);
#6079 = DEFINITIONAL_REPRESENTATION('',(#6080),#6097);
#6080 = B_SPLINE_CURVE_WITH_KNOTS('',3,(#6081,#6082,#6083,#6084,#6085,
    #6086,#6087,#6088,#6089,#6090,#6091,#6092,#6093,#6094,#6095,#6096),
  .UNSPECIFIED.,.F.,.F.,(4,2,2,2,2,2,2,4),(1.791302591763,1.973466414892
    ,2.155630238021,2.248176718593,2.340723199166,2.42806929439,
    2.515415389615,2.592260364922),.UNSPECIFIED.);
#6081 = CARTESIAN_POINT('',(0.,0.));
#6082 = CARTESIAN_POINT('',(0.607212743763,0.));
#6083 = CARTESIAN_POINT('',(1.277420162282,-1.0561871494E-02));
#6084 = CARTESIAN_POINT('',(2.586558272326,0.133229013187));
#6085 = CARTESIAN_POINT('',(3.22438456993,0.297464739204));
#6086 = CARTESIAN_POINT('',(4.058973738002,0.674252828893));
#6087 = CARTESIAN_POINT('',(4.354579386645,0.839050162646));
#6088 = CARTESIAN_POINT('',(4.904783991319,1.226497969315));
#6089 = CARTESIAN_POINT('',(5.159338299742,1.449211841264));
#6090 = CARTESIAN_POINT('',(5.572636004813,1.883671780029));
#6091 = CARTESIAN_POINT('',(5.77199216477,2.133170742438));
#6092 = CARTESIAN_POINT('',(6.115257533581,2.66770719496));
#6093 = CARTESIAN_POINT('',(6.259145976884,2.952758019883));
#6094 = CARTESIAN_POINT('',(6.461743979412,3.46118229684));
#6095 = CARTESIAN_POINT('',(6.544475278601,3.726911205826));
#6096 = CARTESIAN_POINT('',(6.602720486516,4.));
#6097 = ( GEOMETRIC_REPRESENTATION_CONTEXT(2) 
PARAMETRIC_REPRESENTATION_CONTEXT() REPRESENTATION_CONTEXT('2D SPACE',''
  ) );
#6098 = PCURVE('',#5514,#6099);
#6099 = DEFINITIONAL_REPRESENTATION('',(#6100),#6148);
#6100 = B_SPLINE_CURVE_WITH_KNOTS('',3,(#6101,#6102,#6103,#6104,#6105,
    #6106,#6107,#6108,#6109,#6110,#6111,#6112,#6113,#6114,#6115,#6116,
    #6117,#6118,#6119,#6120,#6121,#6122,#6123,#6124,#6125,#6126,#6127,
    #6128,#6129,#6130,#6131,#6132,#6133,#6134,#6135,#6136,#6137,#6138,
    #6139,#6140,#6141,#6142,#6143,#6144,#6145,#6146,#6147),
  .UNSPECIFIED.,.F.,.F.,(4,1,1,1,1,1,1,1,1,1,1,1,1,1,1,1,1,1,1,1,1,1,1,1
    ,1,1,1,1,1,1,1,1,1,1,1,1,1,1,1,1,1,1,1,1,4),(1.791302591763,
    1.809506177517,1.827709763271,1.845913349024,1.864116934778,
    1.882320520531,1.900524106285,1.918727692039,1.936931277792,
    1.955134863546,1.973338449299,1.991542035053,2.009745620807,
    2.02794920656,2.046152792314,2.064356378068,2.082559963821,
    2.100763549575,2.118967135328,2.137170721082,2.155374306836,
    2.173577892589,2.191781478343,2.209985064096,2.22818864985,
    2.246392235604,2.264595821357,2.282799407111,2.301002992864,
    2.319206578618,2.337410164372,2.355613750125,2.373817335879,
    2.392020921633,2.410224507386,2.42842809314,2.446631678893,
    2.464835264647,2.483038850401,2.501242436154,2.519446021908,
    2.537649607661,2.555853193415,2.574056779169,2.592260364922),
  .UNSPECIFIED.);
#6101 = CARTESIAN_POINT('',(1.570796332755,3.14159265359));
#6102 = CARTESIAN_POINT('',(1.570807316102,3.107875325846));
#6103 = CARTESIAN_POINT('',(1.569654151286,3.041080724416));
#6104 = CARTESIAN_POINT('',(1.564396494949,2.944046074014));
#6105 = CARTESIAN_POINT('',(1.555558165586,2.851516832142));
#6106 = CARTESIAN_POINT('',(1.543262271938,2.764452420299));
#6107 = CARTESIAN_POINT('',(1.527723183855,2.683489496596));
#6108 = CARTESIAN_POINT('',(1.509232685444,2.608924096025));
#6109 = CARTESIAN_POINT('',(1.488123064343,2.540769881406));
#6110 = CARTESIAN_POINT('',(1.464739796597,2.478825151855));
#6111 = CARTESIAN_POINT('',(1.439418201783,2.422745345254));
#6112 = CARTESIAN_POINT('',(1.412470916665,2.372099929006));
#6113 = CARTESIAN_POINT('',(1.384168248906,2.326435302461));
#6114 = CARTESIAN_POINT('',(1.354747675628,2.285278534611));
#6115 = CARTESIAN_POINT('',(1.324426374664,2.248168134344));
#6116 = CARTESIAN_POINT('',(1.293392508502,2.214681141565));
#6117 = CARTESIAN_POINT('',(1.261809729296,2.184432995972));
#6118 = CARTESIAN_POINT('',(1.229820953663,2.157080657585));
#6119 = CARTESIAN_POINT('',(1.197542562734,2.132316300493));
#6120 = CARTESIAN_POINT('',(1.16509696683,2.109881266635));
#6121 = CARTESIAN_POINT('',(1.132499971384,2.089500675893));
#6122 = CARTESIAN_POINT('',(1.100089044591,2.071111623521));
#6123 = CARTESIAN_POINT('',(1.066931667381,2.053995444302));
#6124 = CARTESIAN_POINT('',(1.032167965794,2.037672937926));
#6125 = CARTESIAN_POINT('',(0.996324021298,2.022378971708));
#6126 = CARTESIAN_POINT('',(0.959554719053,2.008119019807));
#6127 = CARTESIAN_POINT('',(0.922109019333,1.994929761663));
#6128 = CARTESIAN_POINT('',(0.884200771025,1.982820902747));
#6129 = CARTESIAN_POINT('',(0.846052533845,1.971751710718));
#6130 = CARTESIAN_POINT('',(0.807955091258,1.961681926414));
#6131 = CARTESIAN_POINT('',(0.770019669359,1.952560634253));
#6132 = CARTESIAN_POINT('',(0.733353329328,1.944396837969));
#6133 = CARTESIAN_POINT('',(0.697417490539,1.936993551659));
#6134 = CARTESIAN_POINT('',(0.659929484582,1.929855554953));
#6135 = CARTESIAN_POINT('',(0.621803853197,1.923170139501));
#6136 = CARTESIAN_POINT('',(0.58315563137,1.916945480753));
#6137 = CARTESIAN_POINT('',(0.544294954879,1.911228845689));
#6138 = CARTESIAN_POINT('',(0.505458960278,1.906049728962));
#6139 = CARTESIAN_POINT('',(0.466891285103,1.901389585048));
#6140 = CARTESIAN_POINT('',(0.428902495465,1.897237873837));
#6141 = CARTESIAN_POINT('',(0.391591669456,1.893568601697));
#6142 = CARTESIAN_POINT('',(0.355880693275,1.890427341181));
#6143 = CARTESIAN_POINT('',(0.319230352217,1.887571700949));
#6144 = CARTESIAN_POINT('',(0.281324820258,1.884984794489));
#6145 = CARTESIAN_POINT('',(0.242605372373,1.882709824928));
#6146 = CARTESIAN_POINT('',(0.21639885,1.881418466339));
#6147 = CARTESIAN_POINT('',(0.203244829326,1.880834260898));
#6148 = ( GEOMETRIC_REPRESENTATION_CONTEXT(2) 
PARAMETRIC_REPRESENTATION_CONTEXT() REPRESENTATION_CONTEXT('2D SPACE',''
  ) );
#6149 = ORIENTED_EDGE('',*,*,#6150,.F.);
#6150 = EDGE_CURVE('',#5790,#6058,#6151,.T.);
#6151 = SURFACE_CURVE('',#6152,(#6169,#6189),.PCURVE_S1.);
#6152 = B_SPLINE_CURVE_WITH_KNOTS('',3,(#6153,#6154,#6155,#6156,#6157,
    #6158,#6159,#6160,#6161,#6162,#6163,#6164,#6165,#6166,#6167,#6168),
  .UNSPECIFIED.,.F.,.F.,(4,2,2,2,2,2,2,4),(0.990344818605,1.067189793912
    ,1.154535889137,1.241881984361,1.334428464933,1.426974945506,
    1.609138768634,1.791302591763),.UNSPECIFIED.);
#6153 = CARTESIAN_POINT('',(166.60272048651,23.,2.000000029802));
#6154 = CARTESIAN_POINT('',(166.5444752786,22.726911205826,
    2.000000029802));
#6155 = CARTESIAN_POINT('',(166.46174397941,22.46118229684,
    2.000000029802));
#6156 = CARTESIAN_POINT('',(166.25914597688,21.952758019883,
    2.000000029802));
#6157 = CARTESIAN_POINT('',(166.11525753358,21.66770719496,
    2.000000029802));
#6158 = CARTESIAN_POINT('',(165.77199216477,21.133170742438,
    2.000000029802));
#6159 = CARTESIAN_POINT('',(165.57263600481,20.883671780029,
    2.000000029802));
#6160 = CARTESIAN_POINT('',(165.15933829974,20.449211841264,
    2.000000029802));
#6161 = CARTESIAN_POINT('',(164.90478399131,20.226497969315,
    2.000000029802));
#6162 = CARTESIAN_POINT('',(164.35457938664,19.839050162646,
    2.000000029802));
#6163 = CARTESIAN_POINT('',(164.058973738,19.674252828893,2.000000029802
    ));
#6164 = CARTESIAN_POINT('',(163.22438456993,19.297464739204,
    2.000000029802));
#6165 = CARTESIAN_POINT('',(162.58655827232,19.133229013187,
    2.000000029802));
#6166 = CARTESIAN_POINT('',(161.27742016228,18.989438128506,
    2.000000029802));
#6167 = CARTESIAN_POINT('',(160.60721274376,19.,2.000000029802));
#6168 = CARTESIAN_POINT('',(160.,19.,2.000000029802));
#6169 = PCURVE('',#5342,#6170);
#6170 = DEFINITIONAL_REPRESENTATION('',(#6171),#6188);
#6171 = B_SPLINE_CURVE_WITH_KNOTS('',3,(#6172,#6173,#6174,#6175,#6176,
    #6177,#6178,#6179,#6180,#6181,#6182,#6183,#6184,#6185,#6186,#6187),
  .UNSPECIFIED.,.F.,.F.,(4,2,2,2,2,2,2,4),(0.990344818605,1.067189793912
    ,1.154535889137,1.241881984361,1.334428464933,1.426974945506,
    1.609138768634,1.791302591763),.UNSPECIFIED.);
#6172 = CARTESIAN_POINT('',(-6.602720486516,4.));
#6173 = CARTESIAN_POINT('',(-6.544475278601,3.726911205826));
#6174 = CARTESIAN_POINT('',(-6.461743979412,3.46118229684));
#6175 = CARTESIAN_POINT('',(-6.259145976884,2.952758019883));
#6176 = CARTESIAN_POINT('',(-6.115257533581,2.66770719496));
#6177 = CARTESIAN_POINT('',(-5.77199216477,2.133170742438));
#6178 = CARTESIAN_POINT('',(-5.572636004813,1.883671780029));
#6179 = CARTESIAN_POINT('',(-5.159338299742,1.449211841264));
#6180 = CARTESIAN_POINT('',(-4.904783991319,1.226497969315));
#6181 = CARTESIAN_POINT('',(-4.354579386645,0.839050162646));
#6182 = CARTESIAN_POINT('',(-4.058973738002,0.674252828893));
#6183 = CARTESIAN_POINT('',(-3.22438456993,0.297464739204));
#6184 = CARTESIAN_POINT('',(-2.586558272326,0.133229013187));
#6185 = CARTESIAN_POINT('',(-1.277420162282,-1.0561871494E-02));
#6186 = CARTESIAN_POINT('',(-0.607212743763,0.));
#6187 = CARTESIAN_POINT('',(0.,0.));
#6188 = ( GEOMETRIC_REPRESENTATION_CONTEXT(2) 
PARAMETRIC_REPRESENTATION_CONTEXT() REPRESENTATION_CONTEXT('2D SPACE',''
  ) );
#6189 = PCURVE('',#5514,#6190);
#6190 = DEFINITIONAL_REPRESENTATION('',(#6191),#6239);
#6191 = B_SPLINE_CURVE_WITH_KNOTS('',3,(#6192,#6193,#6194,#6195,#6196,
    #6197,#6198,#6199,#6200,#6201,#6202,#6203,#6204,#6205,#6206,#6207,
    #6208,#6209,#6210,#6211,#6212,#6213,#6214,#6215,#6216,#6217,#6218,
    #6219,#6220,#6221,#6222,#6223,#6224,#6225,#6226,#6227,#6228,#6229,
    #6230,#6231,#6232,#6233,#6234,#6235,#6236,#6237,#6238),
  .UNSPECIFIED.,.F.,.F.,(4,1,1,1,1,1,1,1,1,1,1,1,1,1,1,1,1,1,1,1,1,1,1,1
    ,1,1,1,1,1,1,1,1,1,1,1,1,1,1,1,1,1,1,1,1,4),(0.990344818605,
    1.008548404358,1.026751990112,1.044955575865,1.063159161619,
    1.081362747373,1.099566333126,1.11776991888,1.135973504633,
    1.154177090387,1.172380676141,1.190584261894,1.208787847648,
    1.226991433401,1.245195019155,1.263398604909,1.281602190662,
    1.299805776416,1.31800936217,1.336212947923,1.354416533677,
    1.37262011943,1.390823705184,1.409027290938,1.427230876691,
    1.445434462445,1.463638048198,1.481841633952,1.500045219706,
    1.518248805459,1.536452391213,1.554655976966,1.57285956272,
    1.591063148474,1.609266734227,1.627470319981,1.645673905734,
    1.663877491488,1.682081077242,1.700284662995,1.718488248749,
    1.736691834503,1.754895420256,1.77309900601,1.791302591763),
  .UNSPECIFIED.);
#6192 = CARTESIAN_POINT('',(0.203244829326,-1.880834260898));
#6193 = CARTESIAN_POINT('',(0.21639885,-1.881418466339));
#6194 = CARTESIAN_POINT('',(0.242605372373,-1.882709824928));
#6195 = CARTESIAN_POINT('',(0.281324820258,-1.884984794489));
#6196 = CARTESIAN_POINT('',(0.319230352217,-1.887571700949));
#6197 = CARTESIAN_POINT('',(0.355880693275,-1.890427341181));
#6198 = CARTESIAN_POINT('',(0.391591669456,-1.893568601697));
#6199 = CARTESIAN_POINT('',(0.428902495465,-1.897237873837));
#6200 = CARTESIAN_POINT('',(0.466891285103,-1.901389585048));
#6201 = CARTESIAN_POINT('',(0.505458960278,-1.906049728962));
#6202 = CARTESIAN_POINT('',(0.544294954879,-1.911228845689));
#6203 = CARTESIAN_POINT('',(0.58315563137,-1.916945480753));
#6204 = CARTESIAN_POINT('',(0.621803853197,-1.923170139501));
#6205 = CARTESIAN_POINT('',(0.659929484582,-1.929855554953));
#6206 = CARTESIAN_POINT('',(0.697417490539,-1.936993551659));
#6207 = CARTESIAN_POINT('',(0.733353329328,-1.944396837969));
#6208 = CARTESIAN_POINT('',(0.770019669359,-1.952560634253));
#6209 = CARTESIAN_POINT('',(0.807955091258,-1.961681926414));
#6210 = CARTESIAN_POINT('',(0.846052533845,-1.971751710718));
#6211 = CARTESIAN_POINT('',(0.884200771025,-1.982820902747));
#6212 = CARTESIAN_POINT('',(0.922109019333,-1.994929761663));
#6213 = CARTESIAN_POINT('',(0.959554719053,-2.008119019807));
#6214 = CARTESIAN_POINT('',(0.996324021298,-2.022378971708));
#6215 = CARTESIAN_POINT('',(1.032167965794,-2.037672937926));
#6216 = CARTESIAN_POINT('',(1.066931667381,-2.053995444302));
#6217 = CARTESIAN_POINT('',(1.100089044591,-2.071111623521));
#6218 = CARTESIAN_POINT('',(1.132499971384,-2.089500675893));
#6219 = CARTESIAN_POINT('',(1.16509696683,-2.109881266635));
#6220 = CARTESIAN_POINT('',(1.197542562734,-2.132316300493));
#6221 = CARTESIAN_POINT('',(1.229820953663,-2.157080657585));
#6222 = CARTESIAN_POINT('',(1.261809729296,-2.184432995972));
#6223 = CARTESIAN_POINT('',(1.293392508502,-2.214681141565));
#6224 = CARTESIAN_POINT('',(1.324426374664,-2.248168134344));
#6225 = CARTESIAN_POINT('',(1.354747675628,-2.285278534611));
#6226 = CARTESIAN_POINT('',(1.384168248906,-2.326435302461));
#6227 = CARTESIAN_POINT('',(1.412470916665,-2.372099929006));
#6228 = CARTESIAN_POINT('',(1.439418201783,-2.422745345254));
#6229 = CARTESIAN_POINT('',(1.464739796597,-2.478825151855));
#6230 = CARTESIAN_POINT('',(1.488123064343,-2.540769881406));
#6231 = CARTESIAN_POINT('',(1.509232685444,-2.608924096025));
#6232 = CARTESIAN_POINT('',(1.527723183855,-2.683489496596));
#6233 = CARTESIAN_POINT('',(1.543262271938,-2.764452420299));
#6234 = CARTESIAN_POINT('',(1.555558165586,-2.851516832142));
#6235 = CARTESIAN_POINT('',(1.564396494949,-2.944046074014));
#6236 = CARTESIAN_POINT('',(1.569654151286,-3.041080724416));
#6237 = CARTESIAN_POINT('',(1.570807316102,-3.107875325846));
#6238 = CARTESIAN_POINT('',(1.570796332755,-3.14159265359));
#6239 = ( GEOMETRIC_REPRESENTATION_CONTEXT(2) 
PARAMETRIC_REPRESENTATION_CONTEXT() REPRESENTATION_CONTEXT('2D SPACE',''
  ) );
#6240 = ORIENTED_EDGE('',*,*,#5789,.F.);
#6241 = ADVANCED_FACE('',(#6242),#5752,.T.);
#6242 = FACE_BOUND('',#6243,.T.);
#6243 = EDGE_LOOP('',(#6244,#6245,#6266,#6267));
#6244 = ORIENTED_EDGE('',*,*,#5736,.T.);
#6245 = ORIENTED_EDGE('',*,*,#6246,.F.);
#6246 = EDGE_CURVE('',#6012,#5709,#6247,.T.);
#6247 = SURFACE_CURVE('',#6248,(#6252,#6259),.PCURVE_S1.);
#6248 = LINE('',#6249,#6250);
#6249 = CARTESIAN_POINT('',(80.000000372529,23.,2.000000029802));
#6250 = VECTOR('',#6251,1.);
#6251 = DIRECTION('',(-1.224646799147E-16,9.95799250103E-17,1.));
#6252 = PCURVE('',#5752,#6253);
#6253 = DEFINITIONAL_REPRESENTATION('',(#6254),#6258);
#6254 = LINE('',#6255,#6256);
#6255 = CARTESIAN_POINT('',(3.983197000412E-16,4.));
#6256 = VECTOR('',#6257,1.);
#6257 = DIRECTION('',(1.,0.));
#6258 = ( GEOMETRIC_REPRESENTATION_CONTEXT(2) 
PARAMETRIC_REPRESENTATION_CONTEXT() REPRESENTATION_CONTEXT('2D SPACE',''
  ) );
#6259 = PCURVE('',#5724,#6260);
#6260 = DEFINITIONAL_REPRESENTATION('',(#6261),#6265);
#6261 = LINE('',#6262,#6263);
#6262 = CARTESIAN_POINT('',(-40.00009948372,-2.000000014901));
#6263 = VECTOR('',#6264,1.);
#6264 = DIRECTION('',(0.,1.));
#6265 = ( GEOMETRIC_REPRESENTATION_CONTEXT(2) 
PARAMETRIC_REPRESENTATION_CONTEXT() REPRESENTATION_CONTEXT('2D SPACE',''
  ) );
#6266 = ORIENTED_EDGE('',*,*,#6011,.T.);
#6267 = ORIENTED_EDGE('',*,*,#5985,.F.);
#6268 = ADVANCED_FACE('',(#6269),#5724,.F.);
#6269 = FACE_BOUND('',#6270,.T.);
#6270 = EDGE_LOOP('',(#6271,#6319,#6320,#6321));
#6271 = ORIENTED_EDGE('',*,*,#6272,.F.);
#6272 = EDGE_CURVE('',#6035,#5612,#6273,.T.);
#6273 = SURFACE_CURVE('',#6274,(#6279,#6290),.PCURVE_S1.);
#6274 = CIRCLE('',#6275,6.898979485566);
#6275 = AXIS2_PLACEMENT_3D('',#6276,#6277,#6278);
#6276 = CARTESIAN_POINT('',(160.,23.,4.000000059605));
#6277 = DIRECTION('',(1.219502364232E-32,1.,-9.95799250103E-17));
#6278 = DIRECTION('',(-1.224646799147E-16,9.95799250103E-17,1.));
#6279 = PCURVE('',#5724,#6280);
#6280 = DEFINITIONAL_REPRESENTATION('',(#6281),#6289);
#6281 = ( BOUNDED_CURVE() B_SPLINE_CURVE(2,(#6282,#6283,#6284,#6285,
#6286,#6287,#6288),.UNSPECIFIED.,.T.,.F.) B_SPLINE_CURVE_WITH_KNOTS((1,2
    ,2,2,2,1),(-2.094395102393,0.,2.094395102393,4.188790204786,
6.28318530718,8.377580409573),.UNSPECIFIED.) CURVE() 
GEOMETRIC_REPRESENTATION_ITEM() RATIONAL_B_SPLINE_CURVE((1.,0.5,1.,0.5,
1.,0.5,1.)) REPRESENTATION_ITEM('') );
#6282 = CARTESIAN_POINT('',(39.999900143742,6.898979500468));
#6283 = CARTESIAN_POINT('',(51.949283133118,6.898979500468));
#6284 = CARTESIAN_POINT('',(45.97459163843,-3.449489727881));
#6285 = CARTESIAN_POINT('',(39.999900143742,-13.79795895623));
#6286 = CARTESIAN_POINT('',(34.025208649054,-3.449489727881));
#6287 = CARTESIAN_POINT('',(28.050517154366,6.898979500468));
#6288 = CARTESIAN_POINT('',(39.999900143742,6.898979500468));
#6289 = ( GEOMETRIC_REPRESENTATION_CONTEXT(2) 
PARAMETRIC_REPRESENTATION_CONTEXT() REPRESENTATION_CONTEXT('2D SPACE',''
  ) );
#6290 = PCURVE('',#5514,#6291);
#6291 = DEFINITIONAL_REPRESENTATION('',(#6292),#6318);
#6292 = B_SPLINE_CURVE_WITH_KNOTS('',3,(#6293,#6294,#6295,#6296,#6297,
    #6298,#6299,#6300,#6301,#6302,#6303,#6304,#6305,#6306,#6307,#6308,
    #6309,#6310,#6311,#6312,#6313,#6314,#6315,#6316,#6317),
  .UNSPECIFIED.,.F.,.F.,(4,1,1,1,1,1,1,1,1,1,1,1,1,1,1,1,1,1,1,1,1,1,4),
  (4.418268770257,4.445006970768,4.471745171278,4.498483371788,
    4.525221572299,4.551959772809,4.578697973319,4.60543617383,
    4.63217437434,4.65891257485,4.685650775361,4.712388975871,
    4.739127176381,4.765865376892,4.792603577402,4.819341777912,
    4.846079978423,4.872818178933,4.899556379443,4.926294579954,
    4.953032780464,4.979770980974,5.006509181485),.UNSPECIFIED.);
#6293 = CARTESIAN_POINT('',(0.203244829326,1.880834260898));
#6294 = CARTESIAN_POINT('',(0.203244829326,1.871853352653));
#6295 = CARTESIAN_POINT('',(0.203244829326,1.85383143135));
#6296 = CARTESIAN_POINT('',(0.203244829326,1.826606306936));
#6297 = CARTESIAN_POINT('',(0.203244829326,1.799177134043));
#6298 = CARTESIAN_POINT('',(0.203244829326,1.771531679633));
#6299 = CARTESIAN_POINT('',(0.203244829326,1.743657339733));
#6300 = CARTESIAN_POINT('',(0.203244829326,1.715541323831));
#6301 = CARTESIAN_POINT('',(0.203244829326,1.687169713418));
#6302 = CARTESIAN_POINT('',(0.203244829326,1.658530887512));
#6303 = CARTESIAN_POINT('',(0.203244829326,1.629602597303));
#6304 = CARTESIAN_POINT('',(0.203244829326,1.60040006773));
#6305 = CARTESIAN_POINT('',(0.203244829326,1.57079633184));
#6306 = CARTESIAN_POINT('',(0.203244829326,1.54119259576));
#6307 = CARTESIAN_POINT('',(0.203244829326,1.511990066105));
#6308 = CARTESIAN_POINT('',(0.203244829326,1.483061775793));
#6309 = CARTESIAN_POINT('',(0.203244829326,1.454422949795));
#6310 = CARTESIAN_POINT('',(0.203244829326,1.426051339294));
#6311 = CARTESIAN_POINT('',(0.203244829326,1.397935323307));
#6312 = CARTESIAN_POINT('',(0.203244829326,1.370060983328));
#6313 = CARTESIAN_POINT('',(0.203244829326,1.342415528844));
#6314 = CARTESIAN_POINT('',(0.203244829326,1.314986355879));
#6315 = CARTESIAN_POINT('',(0.203244829326,1.287761231398));
#6316 = CARTESIAN_POINT('',(0.203244829326,1.269739310054));
#6317 = CARTESIAN_POINT('',(0.203244829326,1.260758401788));
#6318 = ( GEOMETRIC_REPRESENTATION_CONTEXT(2) 
PARAMETRIC_REPRESENTATION_CONTEXT() REPRESENTATION_CONTEXT('2D SPACE',''
  ) );
#6319 = ORIENTED_EDGE('',*,*,#6034,.T.);
#6320 = ORIENTED_EDGE('',*,*,#6246,.T.);
#6321 = ORIENTED_EDGE('',*,*,#5708,.T.);
#6322 = ADVANCED_FACE('',(#6323),#5514,.F.);
#6323 = FACE_BOUND('',#6324,.F.);
#6324 = EDGE_LOOP('',(#6325,#6326,#6327,#6328,#6396,#6447,#6491,#6492,
    #6493,#6494));
#6325 = ORIENTED_EDGE('',*,*,#5611,.F.);
#6326 = ORIENTED_EDGE('',*,*,#6272,.F.);
#6327 = ORIENTED_EDGE('',*,*,#6057,.F.);
#6328 = ORIENTED_EDGE('',*,*,#6329,.T.);
#6329 = EDGE_CURVE('',#6058,#6330,#6332,.T.);
#6330 = VERTEX_POINT('',#6331);
#6331 = CARTESIAN_POINT('',(160.,24.,-2.999999940395));
#6332 = SEAM_CURVE('',#6333,(#6338,#6367),.PCURVE_S1.);
#6333 = CIRCLE('',#6334,5.);
#6334 = AXIS2_PLACEMENT_3D('',#6335,#6336,#6337);
#6335 = CARTESIAN_POINT('',(160.,24.,2.000000059605));
#6336 = DIRECTION('',(1.,1.219502364232E-32,2.449293598294E-16));
#6337 = DIRECTION('',(2.449293598294E-16,-6.040407428518E-66,-1.));
#6338 = PCURVE('',#5514,#6339);
#6339 = DEFINITIONAL_REPRESENTATION('',(#6340),#6366);
#6340 = B_SPLINE_CURVE_WITH_KNOTS('',3,(#6341,#6342,#6343,#6344,#6345,
    #6346,#6347,#6348,#6349,#6350,#6351,#6352,#6353,#6354,#6355,#6356,
    #6357,#6358,#6359,#6360,#6361,#6362,#6363,#6364,#6365),
  .UNSPECIFIED.,.F.,.F.,(4,1,1,1,1,1,1,1,1,1,1,1,1,1,1,1,1,1,1,1,1,1,4),
  (4.712388986345,4.78378881911,4.855188651876,4.926588484641,
    4.997988317406,5.069388150171,5.140787982936,5.212187815702,
    5.283587648467,5.354987481232,5.426387313997,5.497787146762,
    5.569186979528,5.640586812293,5.711986645058,5.783386477823,
    5.854786310588,5.926186143354,5.997585976119,6.068985808884,
    6.140385641649,6.211785474414,6.28318530718),.QUASI_UNIFORM_KNOTS.);
#6341 = CARTESIAN_POINT('',(1.570796332755,3.14159265359));
#6342 = CARTESIAN_POINT('',(1.546374188812,3.14159265359));
#6343 = CARTESIAN_POINT('',(1.497874036209,3.14159265359));
#6344 = CARTESIAN_POINT('',(1.425961900279,3.14159265359));
#6345 = CARTESIAN_POINT('',(1.354690717033,3.14159265359));
#6346 = CARTESIAN_POINT('',(1.283873242132,3.14159265359));
#6347 = CARTESIAN_POINT('',(1.213325905134,3.14159265359));
#6348 = CARTESIAN_POINT('',(1.142868750308,3.14159265359));
#6349 = CARTESIAN_POINT('',(1.072320369515,3.14159265359));
#6350 = CARTESIAN_POINT('',(1.001507069525,3.14159265359));
#6351 = CARTESIAN_POINT('',(0.930220229885,3.14159265359));
#6352 = CARTESIAN_POINT('',(0.858366543797,3.14159265359));
#6353 = CARTESIAN_POINT('',(0.785398170808,3.14159265359));
#6354 = CARTESIAN_POINT('',(0.712429771238,3.14159265359));
#6355 = CARTESIAN_POINT('',(0.640576092436,3.14159265359));
#6356 = CARTESIAN_POINT('',(0.569289250969,3.14159265359));
#6357 = CARTESIAN_POINT('',(0.498475951552,3.14159265359));
#6358 = CARTESIAN_POINT('',(0.427927570655,3.14159265359));
#6359 = CARTESIAN_POINT('',(0.357470415852,3.14159265359));
#6360 = CARTESIAN_POINT('',(0.286923078868,3.14159265359));
#6361 = CARTESIAN_POINT('',(0.216105603707,3.14159265359));
#6362 = CARTESIAN_POINT('',(0.14483442112,3.14159265359));
#6363 = CARTESIAN_POINT('',(7.292228226711E-02,3.14159265359));
#6364 = CARTESIAN_POINT('',(2.442213652502E-02,3.14159265359));
#6365 = CARTESIAN_POINT('',(-1.394118950144E-16,3.14159265359));
#6366 = ( GEOMETRIC_REPRESENTATION_CONTEXT(2) 
PARAMETRIC_REPRESENTATION_CONTEXT() REPRESENTATION_CONTEXT('2D SPACE',''
  ) );
#6367 = PCURVE('',#5514,#6368);
#6368 = DEFINITIONAL_REPRESENTATION('',(#6369),#6395);
#6369 = B_SPLINE_CURVE_WITH_KNOTS('',3,(#6370,#6371,#6372,#6373,#6374,
    #6375,#6376,#6377,#6378,#6379,#6380,#6381,#6382,#6383,#6384,#6385,
    #6386,#6387,#6388,#6389,#6390,#6391,#6392,#6393,#6394),
  .UNSPECIFIED.,.F.,.F.,(4,1,1,1,1,1,1,1,1,1,1,1,1,1,1,1,1,1,1,1,1,1,4),
  (4.712388986345,4.78378881911,4.855188651876,4.926588484641,
    4.997988317406,5.069388150171,5.140787982936,5.212187815702,
    5.283587648467,5.354987481232,5.426387313997,5.497787146762,
    5.569186979528,5.640586812293,5.711986645058,5.783386477823,
    5.854786310588,5.926186143354,5.997585976119,6.068985808884,
    6.140385641649,6.211785474414,6.28318530718),.QUASI_UNIFORM_KNOTS.);
#6370 = CARTESIAN_POINT('',(1.570796332755,-3.14159265359));
#6371 = CARTESIAN_POINT('',(1.546374188812,-3.14159265359));
#6372 = CARTESIAN_POINT('',(1.497874036209,-3.14159265359));
#6373 = CARTESIAN_POINT('',(1.425961900279,-3.14159265359));
#6374 = CARTESIAN_POINT('',(1.354690717033,-3.14159265359));
#6375 = CARTESIAN_POINT('',(1.283873242132,-3.14159265359));
#6376 = CARTESIAN_POINT('',(1.213325905134,-3.14159265359));
#6377 = CARTESIAN_POINT('',(1.142868750308,-3.14159265359));
#6378 = CARTESIAN_POINT('',(1.072320369515,-3.14159265359));
#6379 = CARTESIAN_POINT('',(1.001507069525,-3.14159265359));
#6380 = CARTESIAN_POINT('',(0.930220229885,-3.14159265359));
#6381 = CARTESIAN_POINT('',(0.858366543797,-3.14159265359));
#6382 = CARTESIAN_POINT('',(0.785398170808,-3.14159265359));
#6383 = CARTESIAN_POINT('',(0.712429771238,-3.14159265359));
#6384 = CARTESIAN_POINT('',(0.640576092436,-3.14159265359));
#6385 = CARTESIAN_POINT('',(0.569289250969,-3.14159265359));
#6386 = CARTESIAN_POINT('',(0.498475951552,-3.14159265359));
#6387 = CARTESIAN_POINT('',(0.427927570655,-3.14159265359));
#6388 = CARTESIAN_POINT('',(0.357470415852,-3.14159265359));
#6389 = CARTESIAN_POINT('',(0.286923078868,-3.14159265359));
#6390 = CARTESIAN_POINT('',(0.216105603707,-3.14159265359));
#6391 = CARTESIAN_POINT('',(0.14483442112,-3.14159265359));
#6392 = CARTESIAN_POINT('',(7.292228226711E-02,-3.14159265359));
#6393 = CARTESIAN_POINT('',(2.442213652502E-02,-3.14159265359));
#6394 = CARTESIAN_POINT('',(-1.394118950144E-16,-3.14159265359));
#6395 = ( GEOMETRIC_REPRESENTATION_CONTEXT(2) 
PARAMETRIC_REPRESENTATION_CONTEXT() REPRESENTATION_CONTEXT('2D SPACE',''
  ) );
#6396 = ORIENTED_EDGE('',*,*,#6397,.F.);
#6397 = EDGE_CURVE('',#6398,#6330,#6400,.T.);
#6398 = VERTEX_POINT('',#6399);
#6399 = CARTESIAN_POINT('',(167.,24.,4.000000059605));
#6400 = SURFACE_CURVE('',#6401,(#6406,#6435),.PCURVE_S1.);
#6401 = CIRCLE('',#6402,7.);
#6402 = AXIS2_PLACEMENT_3D('',#6403,#6404,#6405);
#6403 = CARTESIAN_POINT('',(160.,24.,4.000000059605));
#6404 = DIRECTION('',(-1.219502364232E-32,-1.,9.95799250103E-17));
#6405 = DIRECTION('',(1.,-1.219502364232E-32,3.532617741193E-29));
#6406 = PCURVE('',#5514,#6407);
#6407 = DEFINITIONAL_REPRESENTATION('',(#6408),#6434);
#6408 = B_SPLINE_CURVE_WITH_KNOTS('',3,(#6409,#6410,#6411,#6412,#6413,
    #6414,#6415,#6416,#6417,#6418,#6419,#6420,#6421,#6422,#6423,#6424,
    #6425,#6426,#6427,#6428,#6429,#6430,#6431,#6432,#6433),
  .UNSPECIFIED.,.F.,.F.,(4,1,1,1,1,1,1,1,1,1,1,1,1,1,1,1,1,1,1,1,1,1,4),
  (0.,0.214199499108,0.428398998217,0.642598497325,0.856797996434,
    1.070997495542,1.28519699465,1.499396493759,1.713595992867,
    1.927795491976,2.141994991084,2.356194490192,2.570393989301,
    2.784593488409,2.998792987518,3.212992486626,3.427191985734,
    3.641391484843,3.855590983951,4.06979048306,4.283989982168,
    4.498189481276,4.712388980385),.UNSPECIFIED.);
#6409 = CARTESIAN_POINT('',(-1.394118950144E-16,-1.570796326795));
#6410 = CARTESIAN_POINT('',(-1.394118950144E-16,-1.491600902977));
#6411 = CARTESIAN_POINT('',(-1.394118950144E-16,-1.339806414379));
#6412 = CARTESIAN_POINT('',(-1.394118950144E-16,-1.126169628765));
#6413 = CARTESIAN_POINT('',(-1.394118950144E-16,-0.920488978282));
#6414 = CARTESIAN_POINT('',(-1.394118950144E-16,-0.717942038876));
#6415 = CARTESIAN_POINT('',(-1.394118950144E-16,-0.513811497476));
#6416 = CARTESIAN_POINT('',(-1.394118950144E-16,-0.303476509462));
#6417 = CARTESIAN_POINT('',(-1.394118950144E-16,-8.093848883122E-02));
#6418 = CARTESIAN_POINT('',(-1.394118950144E-16,0.158136193241));
#6419 = CARTESIAN_POINT('',(-1.394118950144E-16,0.374248904887));
#6420 = CARTESIAN_POINT('',(-1.394118950144E-16,0.582404656046));
#6421 = CARTESIAN_POINT('',(-1.394118950144E-16,0.785398163397));
#6422 = CARTESIAN_POINT('',(-1.394118950144E-16,0.988391670749));
#6423 = CARTESIAN_POINT('',(-1.394118950144E-16,1.196547421908));
#6424 = CARTESIAN_POINT('',(-1.394118950144E-16,1.412660133553));
#6425 = CARTESIAN_POINT('',(-1.394118950144E-16,1.651734815626));
#6426 = CARTESIAN_POINT('',(-1.394118950144E-16,1.874272836257));
#6427 = CARTESIAN_POINT('',(-1.394118950144E-16,2.084607824271));
#6428 = CARTESIAN_POINT('',(-1.394118950144E-16,2.288738365671));
#6429 = CARTESIAN_POINT('',(-1.394118950144E-16,2.491285305077));
#6430 = CARTESIAN_POINT('',(-1.394118950144E-16,2.696965955559));
#6431 = CARTESIAN_POINT('',(-1.394118950144E-16,2.910602741174));
#6432 = CARTESIAN_POINT('',(-1.394118950144E-16,3.062397229772));
#6433 = CARTESIAN_POINT('',(-1.394118950144E-16,3.14159265359));
#6434 = ( GEOMETRIC_REPRESENTATION_CONTEXT(2) 
PARAMETRIC_REPRESENTATION_CONTEXT() REPRESENTATION_CONTEXT('2D SPACE',''
  ) );
#6435 = PCURVE('',#6436,#6441);
#6436 = CYLINDRICAL_SURFACE('',#6437,7.);
#6437 = AXIS2_PLACEMENT_3D('',#6438,#6439,#6440);
#6438 = CARTESIAN_POINT('',(160.,26.5,4.000000059605));
#6439 = DIRECTION('',(-1.219502364232E-32,-1.,9.95799250103E-17));
#6440 = DIRECTION('',(-1.,0.,-1.224646799147E-16));
#6441 = DEFINITIONAL_REPRESENTATION('',(#6442),#6446);
#6442 = LINE('',#6443,#6444);
#6443 = CARTESIAN_POINT('',(-3.14159265359,2.5));
#6444 = VECTOR('',#6445,1.);
#6445 = DIRECTION('',(1.,0.));
#6446 = ( GEOMETRIC_REPRESENTATION_CONTEXT(2) 
PARAMETRIC_REPRESENTATION_CONTEXT() REPRESENTATION_CONTEXT('2D SPACE',''
  ) );
#6447 = ORIENTED_EDGE('',*,*,#6448,.F.);
#6448 = EDGE_CURVE('',#6330,#6398,#6449,.T.);
#6449 = SURFACE_CURVE('',#6450,(#6455,#6484),.PCURVE_S1.);
#6450 = CIRCLE('',#6451,7.);
#6451 = AXIS2_PLACEMENT_3D('',#6452,#6453,#6454);
#6452 = CARTESIAN_POINT('',(160.,24.,4.000000059605));
#6453 = DIRECTION('',(-1.219502364232E-32,-1.,9.95799250103E-17));
#6454 = DIRECTION('',(1.,-1.219502364232E-32,3.532617741193E-29));
#6455 = PCURVE('',#5514,#6456);
#6456 = DEFINITIONAL_REPRESENTATION('',(#6457),#6483);
#6457 = B_SPLINE_CURVE_WITH_KNOTS('',3,(#6458,#6459,#6460,#6461,#6462,
    #6463,#6464,#6465,#6466,#6467,#6468,#6469,#6470,#6471,#6472,#6473,
    #6474,#6475,#6476,#6477,#6478,#6479,#6480,#6481,#6482),
  .UNSPECIFIED.,.F.,.F.,(4,1,1,1,1,1,1,1,1,1,1,1,1,1,1,1,1,1,1,1,1,1,4),
  (4.712388980385,4.783788813421,4.855188646457,4.926588479493,
    4.997988312529,5.069388145565,5.140787978601,5.212187811638,
    5.283587644674,5.35498747771,5.426387310746,5.497787143782,
    5.569186976818,5.640586809854,5.711986642891,5.783386475927,
    5.854786308963,5.926186141999,5.997585975035,6.068985808071,
    6.140385641107,6.211785474143,6.28318530718),.UNSPECIFIED.);
#6458 = CARTESIAN_POINT('',(-1.394118950144E-16,-3.14159265359));
#6459 = CARTESIAN_POINT('',(-1.394118950144E-16,-3.115159605062));
#6460 = CARTESIAN_POINT('',(-1.394118950144E-16,-3.063067440961));
#6461 = CARTESIAN_POINT('',(-1.394118950144E-16,-2.986986199037));
#6462 = CARTESIAN_POINT('',(-1.394118950144E-16,-2.912688495409));
#6463 = CARTESIAN_POINT('',(-1.394118950144E-16,-2.839931213656));
#6464 = CARTESIAN_POINT('',(-1.394118950144E-16,-2.768486547351));
#6465 = CARTESIAN_POINT('',(-1.394118950144E-16,-2.698142049645));
#6466 = CARTESIAN_POINT('',(-1.394118950144E-16,-2.628697122557));
#6467 = CARTESIAN_POINT('',(-1.394118950144E-16,-2.559960843422));
#6468 = CARTESIAN_POINT('',(-1.394118950144E-16,-2.491749732825));
#6469 = CARTESIAN_POINT('',(-1.394118950144E-16,-2.423885766815));
#6470 = CARTESIAN_POINT('',(-1.394118950144E-16,-2.356194490192));
#6471 = CARTESIAN_POINT('',(-1.394118950144E-16,-2.28850321357));
#6472 = CARTESIAN_POINT('',(-1.394118950144E-16,-2.22063924756));
#6473 = CARTESIAN_POINT('',(-1.394118950144E-16,-2.152428136962));
#6474 = CARTESIAN_POINT('',(-1.394118950144E-16,-2.083691857828));
#6475 = CARTESIAN_POINT('',(-1.394118950144E-16,-2.014246930739));
#6476 = CARTESIAN_POINT('',(-1.394118950144E-16,-1.943902433034));
#6477 = CARTESIAN_POINT('',(-1.394118950144E-16,-1.872457766729));
#6478 = CARTESIAN_POINT('',(-1.394118950144E-16,-1.799700484976));
#6479 = CARTESIAN_POINT('',(-1.394118950144E-16,-1.725402781348));
#6480 = CARTESIAN_POINT('',(-1.394118950144E-16,-1.649321539424));
#6481 = CARTESIAN_POINT('',(-1.394118950144E-16,-1.597229375323));
#6482 = CARTESIAN_POINT('',(-1.394118950144E-16,-1.570796326795));
#6483 = ( GEOMETRIC_REPRESENTATION_CONTEXT(2) 
PARAMETRIC_REPRESENTATION_CONTEXT() REPRESENTATION_CONTEXT('2D SPACE',''
  ) );
#6484 = PCURVE('',#6436,#6485);
#6485 = DEFINITIONAL_REPRESENTATION('',(#6486),#6490);
#6486 = LINE('',#6487,#6488);
#6487 = CARTESIAN_POINT('',(-3.14159265359,2.5));
#6488 = VECTOR('',#6489,1.);
#6489 = DIRECTION('',(1.,0.));
#6490 = ( GEOMETRIC_REPRESENTATION_CONTEXT(2) 
PARAMETRIC_REPRESENTATION_CONTEXT() REPRESENTATION_CONTEXT('2D SPACE',''
  ) );
#6491 = ORIENTED_EDGE('',*,*,#6329,.F.);
#6492 = ORIENTED_EDGE('',*,*,#6150,.F.);
#6493 = ORIENTED_EDGE('',*,*,#5812,.F.);
#6494 = ORIENTED_EDGE('',*,*,#5472,.F.);
#6495 = ADVANCED_FACE('',(#6496),#6436,.T.);
#6496 = FACE_BOUND('',#6497,.T.);
#6497 = EDGE_LOOP('',(#6498,#6499,#6522,#6544,#6545));
#6498 = ORIENTED_EDGE('',*,*,#6397,.F.);
#6499 = ORIENTED_EDGE('',*,*,#6500,.T.);
#6500 = EDGE_CURVE('',#6398,#6501,#6503,.T.);
#6501 = VERTEX_POINT('',#6502);
#6502 = CARTESIAN_POINT('',(167.,34.,4.000000059605));
#6503 = SEAM_CURVE('',#6504,(#6508,#6515),.PCURVE_S1.);
#6504 = LINE('',#6505,#6506);
#6505 = CARTESIAN_POINT('',(167.,26.5,4.000000059605));
#6506 = VECTOR('',#6507,1.);
#6507 = DIRECTION('',(1.219502364232E-32,1.,-9.95799250103E-17));
#6508 = PCURVE('',#6436,#6509);
#6509 = DEFINITIONAL_REPRESENTATION('',(#6510),#6514);
#6510 = LINE('',#6511,#6512);
#6511 = CARTESIAN_POINT('',(-3.14159265359,0.));
#6512 = VECTOR('',#6513,1.);
#6513 = DIRECTION('',(0.,-1.));
#6514 = ( GEOMETRIC_REPRESENTATION_CONTEXT(2) 
PARAMETRIC_REPRESENTATION_CONTEXT() REPRESENTATION_CONTEXT('2D SPACE',''
  ) );
#6515 = PCURVE('',#6436,#6516);
#6516 = DEFINITIONAL_REPRESENTATION('',(#6517),#6521);
#6517 = LINE('',#6518,#6519);
#6518 = CARTESIAN_POINT('',(3.14159265359,0.));
#6519 = VECTOR('',#6520,1.);
#6520 = DIRECTION('',(0.,-1.));
#6521 = ( GEOMETRIC_REPRESENTATION_CONTEXT(2) 
PARAMETRIC_REPRESENTATION_CONTEXT() REPRESENTATION_CONTEXT('2D SPACE',''
  ) );
#6522 = ORIENTED_EDGE('',*,*,#6523,.F.);
#6523 = EDGE_CURVE('',#6501,#6501,#6524,.T.);
#6524 = SURFACE_CURVE('',#6525,(#6530,#6537),.PCURVE_S1.);
#6525 = CIRCLE('',#6526,7.);
#6526 = AXIS2_PLACEMENT_3D('',#6527,#6528,#6529);
#6527 = CARTESIAN_POINT('',(160.,34.,4.000000059605));
#6528 = DIRECTION('',(1.219502364232E-32,1.,-9.95799250103E-17));
#6529 = DIRECTION('',(-1.,0.,-1.224646799147E-16));
#6530 = PCURVE('',#6436,#6531);
#6531 = DEFINITIONAL_REPRESENTATION('',(#6532),#6536);
#6532 = LINE('',#6533,#6534);
#6533 = CARTESIAN_POINT('',(6.28318530718,-7.5));
#6534 = VECTOR('',#6535,1.);
#6535 = DIRECTION('',(-1.,0.));
#6536 = ( GEOMETRIC_REPRESENTATION_CONTEXT(2) 
PARAMETRIC_REPRESENTATION_CONTEXT() REPRESENTATION_CONTEXT('2D SPACE',''
  ) );
#6537 = PCURVE('',#5937,#6538);
#6538 = DEFINITIONAL_REPRESENTATION('',(#6539),#6543);
#6539 = CIRCLE('',#6540,7.);
#6540 = AXIS2_PLACEMENT_2D('',#6541,#6542);
#6541 = CARTESIAN_POINT('',(0.,0.));
#6542 = DIRECTION('',(-1.,0.));
#6543 = ( GEOMETRIC_REPRESENTATION_CONTEXT(2) 
PARAMETRIC_REPRESENTATION_CONTEXT() REPRESENTATION_CONTEXT('2D SPACE',''
  ) );
#6544 = ORIENTED_EDGE('',*,*,#6500,.F.);
#6545 = ORIENTED_EDGE('',*,*,#6448,.F.);
#6546 = ADVANCED_FACE('',(#6547,#6550),#5937,.T.);
#6547 = FACE_BOUND('',#6548,.T.);
#6548 = EDGE_LOOP('',(#6549));
#6549 = ORIENTED_EDGE('',*,*,#6523,.T.);
#6550 = FACE_BOUND('',#6551,.T.);
#6551 = EDGE_LOOP('',(#6552));
#6552 = ORIENTED_EDGE('',*,*,#5922,.T.);
#6553 = ( GEOMETRIC_REPRESENTATION_CONTEXT(3) 
GLOBAL_UNCERTAINTY_ASSIGNED_CONTEXT((#6557)) 
GLOBAL_UNIT_ASSIGNED_CONTEXT((#6554,#6555,#6556)) REPRESENTATION_CONTEXT
('Context #1','3D Context with UNIT and UNCERTAINTY') );
#6554 = ( LENGTH_UNIT() NAMED_UNIT(*) SI_UNIT(.MILLI.,.METRE.) );
#6555 = ( NAMED_UNIT(*) PLANE_ANGLE_UNIT() SI_UNIT($,.RADIAN.) );
#6556 = ( NAMED_UNIT(*) SI_UNIT($,.STERADIAN.) SOLID_ANGLE_UNIT() );
#6557 = UNCERTAINTY_MEASURE_WITH_UNIT(LENGTH_MEASURE(5.E-04),#6554,
  'distance_accuracy_value','confusion accuracy');
#6558 = CONTEXT_DEPENDENT_SHAPE_REPRESENTATION(#6559,#6561);
#6559 = ( REPRESENTATION_RELATIONSHIP('','',#5311,#10) 
REPRESENTATION_RELATIONSHIP_WITH_TRANSFORMATION(#6560) 
SHAPE_REPRESENTATION_RELATIONSHIP() );
#6560 = ITEM_DEFINED_TRANSFORMATION('','',#11,#35);
#6561 = PRODUCT_DEFINITION_SHAPE('Placement','Placement of an item',
  #6562);
#6562 = NEXT_ASSEMBLY_USAGE_OCCURRENCE('6','','',#5,#5306,$);
#6563 = PRODUCT_RELATED_PRODUCT_CATEGORY('part',$,(#5308));
#6564 = SHAPE_DEFINITION_REPRESENTATION(#6565,#6571);
#6565 = PRODUCT_DEFINITION_SHAPE('','',#6566);
#6566 = PRODUCT_DEFINITION('design','',#6567,#6570);
#6567 = PRODUCT_DEFINITION_FORMATION('','',#6568);
#6568 = PRODUCT('Open CASCADE STEP translator 7.9 1.7',
  'Open CASCADE STEP translator 7.9 1.7','',(#6569));
#6569 = PRODUCT_CONTEXT('',#2,'mechanical');
#6570 = PRODUCT_DEFINITION_CONTEXT('part definition',#2,'design');
#6571 = ADVANCED_BREP_SHAPE_REPRESENTATION('',(#11,#6572),#7813);
#6572 = MANIFOLD_SOLID_BREP('',#6573);
#6573 = CLOSED_SHELL('',(#6574,#6704,#7044,#7120,#7212,#7216,#7265,#7501
    ,#7528,#7582,#7755,#7806));
#6574 = ADVANCED_FACE('',(#6575),#6590,.T.);
#6575 = FACE_BOUND('',#6576,.T.);
#6576 = EDGE_LOOP('',(#6577,#6617,#6645,#6678));
#6577 = ORIENTED_EDGE('',*,*,#6578,.T.);
#6578 = EDGE_CURVE('',#6579,#6581,#6583,.T.);
#6579 = VERTEX_POINT('',#6580);
#6580 = CARTESIAN_POINT('',(152.83199874669,11.,-71.66042582929));
#6581 = VERTEX_POINT('',#6582);
#6582 = CARTESIAN_POINT('',(141.08465862223,23.,-59.91308570483));
#6583 = SURFACE_CURVE('',#6584,(#6589,#6601),.PCURVE_S1.);
#6584 = CIRCLE('',#6585,17.5);
#6585 = AXIS2_PLACEMENT_3D('',#6586,#6587,#6588);
#6586 = CARTESIAN_POINT('',(141.08465862223,5.5,-59.91308570483));
#6587 = DIRECTION('',(0.707106781187,6.91193379767E-17,0.707106781187));
#6588 = DIRECTION('',(0.671276578541,0.314285714286,-0.671276578541));
#6589 = PCURVE('',#6590,#6595);
#6590 = CYLINDRICAL_SURFACE('',#6591,17.5);
#6591 = AXIS2_PLACEMENT_3D('',#6592,#6593,#6594);
#6592 = CARTESIAN_POINT('',(143.91308574698,5.5,-57.08465858008));
#6593 = DIRECTION('',(0.707106781187,9.95799250103E-17,0.707106781187));
#6594 = DIRECTION('',(0.671276578541,0.314285714286,-0.671276578541));
#6595 = DEFINITIONAL_REPRESENTATION('',(#6596),#6600);
#6596 = LINE('',#6597,#6598);
#6597 = CARTESIAN_POINT('',(0.,-4.));
#6598 = VECTOR('',#6599,1.);
#6599 = DIRECTION('',(1.,7.09922446343E-16));
#6600 = ( GEOMETRIC_REPRESENTATION_CONTEXT(2) 
PARAMETRIC_REPRESENTATION_CONTEXT() REPRESENTATION_CONTEXT('2D SPACE',''
  ) );
#6601 = PCURVE('',#6602,#6607);
#6602 = PLANE('',#6603);
#6603 = AXIS2_PLACEMENT_3D('',#6604,#6605,#6606);
#6604 = CARTESIAN_POINT('',(135.15432895362,19.,-53.98275603622));
#6605 = DIRECTION('',(-0.707106781187,-8.570213720248E-17,
    -0.707106781187));
#6606 = DIRECTION('',(-0.707106781187,0.,0.707106781187));
#6607 = DEFINITIONAL_REPRESENTATION('',(#6608),#6616);
#6608 = ( BOUNDED_CURVE() B_SPLINE_CURVE(2,(#6609,#6610,#6611,#6612,
#6613,#6614,#6615),.UNSPECIFIED.,.T.,.F.) B_SPLINE_CURVE_WITH_KNOTS((1,2
    ,2,2,2,1),(-2.094395102393,0.,2.094395102393,4.188790204786,
6.28318530718,8.377580409573),.UNSPECIFIED.) CURVE() 
GEOMETRIC_REPRESENTATION_ITEM() RATIONAL_B_SPLINE_CURVE((1.,0.5,1.,0.5,
1.,0.5,1.)) REPRESENTATION_ITEM('') );
#6609 = CARTESIAN_POINT('',(-25.00000037252,-7.999999999994));
#6610 = CARTESIAN_POINT('',(-15.47372093088,20.774989139879));
#6611 = CARTESIAN_POINT('',(4.683010937044,-1.862505430067));
#6612 = CARTESIAN_POINT('',(24.839742804975,-24.50000000001));
#6613 = CARTESIAN_POINT('',(-4.843268504596,-30.63749456994));
#6614 = CARTESIAN_POINT('',(-34.52627981416,-36.77498913986));
#6615 = CARTESIAN_POINT('',(-25.00000037252,-7.999999999994));
#6616 = ( GEOMETRIC_REPRESENTATION_CONTEXT(2) 
PARAMETRIC_REPRESENTATION_CONTEXT() REPRESENTATION_CONTEXT('2D SPACE',''
  ) );
#6617 = ORIENTED_EDGE('',*,*,#6618,.T.);
#6618 = EDGE_CURVE('',#6581,#6619,#6621,.T.);
#6619 = VERTEX_POINT('',#6620);
#6620 = CARTESIAN_POINT('',(143.91308574698,23.,-57.08465858008));
#6621 = SURFACE_CURVE('',#6622,(#6626,#6633),.PCURVE_S1.);
#6622 = LINE('',#6623,#6624);
#6623 = CARTESIAN_POINT('',(143.91308574698,23.,-57.08465858008));
#6624 = VECTOR('',#6625,1.);
#6625 = DIRECTION('',(0.707106781187,9.95799250103E-17,0.707106781187));
#6626 = PCURVE('',#6590,#6627);
#6627 = DEFINITIONAL_REPRESENTATION('',(#6628),#6632);
#6628 = LINE('',#6629,#6630);
#6629 = CARTESIAN_POINT('',(1.251092178132,1.7763568394E-15));
#6630 = VECTOR('',#6631,1.);
#6631 = DIRECTION('',(0.,1.));
#6632 = ( GEOMETRIC_REPRESENTATION_CONTEXT(2) 
PARAMETRIC_REPRESENTATION_CONTEXT() REPRESENTATION_CONTEXT('2D SPACE',''
  ) );
#6633 = PCURVE('',#6634,#6639);
#6634 = PLANE('',#6635);
#6635 = AXIS2_PLACEMENT_3D('',#6636,#6637,#6638);
#6636 = CARTESIAN_POINT('',(145.40737741955,23.,-61.40737736336));
#6637 = DIRECTION('',(7.041364024483E-17,-1.,7.041364024483E-17));
#6638 = DIRECTION('',(0.707106781187,0.,-0.707106781187));
#6639 = DEFINITIONAL_REPRESENTATION('',(#6640),#6644);
#6640 = LINE('',#6641,#6642);
#6641 = CARTESIAN_POINT('',(-4.113247539567,1.999999990066));
#6642 = VECTOR('',#6643,1.);
#6643 = DIRECTION('',(1.014653635757E-17,1.));
#6644 = ( GEOMETRIC_REPRESENTATION_CONTEXT(2) 
PARAMETRIC_REPRESENTATION_CONTEXT() REPRESENTATION_CONTEXT('2D SPACE',''
  ) );
#6645 = ORIENTED_EDGE('',*,*,#6646,.T.);
#6646 = EDGE_CURVE('',#6619,#6647,#6649,.T.);
#6647 = VERTEX_POINT('',#6648);
#6648 = CARTESIAN_POINT('',(155.66042587144,11.,-68.83199870455));
#6649 = SURFACE_CURVE('',#6650,(#6655,#6662),.PCURVE_S1.);
#6650 = CIRCLE('',#6651,17.5);
#6651 = AXIS2_PLACEMENT_3D('',#6652,#6653,#6654);
#6652 = CARTESIAN_POINT('',(143.91308574698,5.5,-57.08465858008));
#6653 = DIRECTION('',(-0.707106781187,-6.91193379767E-17,-0.707106781187
    ));
#6654 = DIRECTION('',(0.671276578541,0.314285714286,-0.671276578541));
#6655 = PCURVE('',#6590,#6656);
#6656 = DEFINITIONAL_REPRESENTATION('',(#6657),#6661);
#6657 = LINE('',#6658,#6659);
#6658 = CARTESIAN_POINT('',(6.28318530718,2.22044604925E-16));
#6659 = VECTOR('',#6660,1.);
#6660 = DIRECTION('',(-1.,0.));
#6661 = ( GEOMETRIC_REPRESENTATION_CONTEXT(2) 
PARAMETRIC_REPRESENTATION_CONTEXT() REPRESENTATION_CONTEXT('2D SPACE',''
  ) );
#6662 = PCURVE('',#6663,#6668);
#6663 = PLANE('',#6664);
#6664 = AXIS2_PLACEMENT_3D('',#6665,#6666,#6667);
#6665 = CARTESIAN_POINT('',(81.414213846864,19.,5.414213320029));
#6666 = DIRECTION('',(0.707106781187,8.570213720248E-17,0.707106781187)
  );
#6667 = DIRECTION('',(0.707106781187,0.,-0.707106781187));
#6668 = DEFINITIONAL_REPRESENTATION('',(#6669),#6677);
#6669 = ( BOUNDED_CURVE() B_SPLINE_CURVE(2,(#6670,#6671,#6672,#6673,
#6674,#6675,#6676),.UNSPECIFIED.,.T.,.F.) B_SPLINE_CURVE_WITH_KNOTS((1,2
    ,2,2,2,1),(-2.094395102393,0.,2.094395102393,4.188790204786,
6.28318530718,8.377580409573),.UNSPECIFIED.) CURVE() 
GEOMETRIC_REPRESENTATION_ITEM() RATIONAL_B_SPLINE_CURVE((1.,0.5,1.,0.5,
1.,0.5,1.)) REPRESENTATION_ITEM('') );
#6670 = CARTESIAN_POINT('',(104.99999999999,-7.999999999994));
#6671 = CARTESIAN_POINT('',(114.52627944163,-36.77498913986));
#6672 = CARTESIAN_POINT('',(84.843268132067,-30.63749456994));
#6673 = CARTESIAN_POINT('',(55.160256822496,-24.50000000001));
#6674 = CARTESIAN_POINT('',(75.316988690427,-1.862505430067));
#6675 = CARTESIAN_POINT('',(95.473720558358,20.774989139879));
#6676 = CARTESIAN_POINT('',(104.99999999999,-7.999999999994));
#6677 = ( GEOMETRIC_REPRESENTATION_CONTEXT(2) 
PARAMETRIC_REPRESENTATION_CONTEXT() REPRESENTATION_CONTEXT('2D SPACE',''
  ) );
#6678 = ORIENTED_EDGE('',*,*,#6679,.F.);
#6679 = EDGE_CURVE('',#6579,#6647,#6680,.T.);
#6680 = SURFACE_CURVE('',#6681,(#6685,#6692),.PCURVE_S1.);
#6681 = LINE('',#6682,#6683);
#6682 = CARTESIAN_POINT('',(155.66042587144,11.,-68.83199870455));
#6683 = VECTOR('',#6684,1.);
#6684 = DIRECTION('',(0.707106781187,9.95799250103E-17,0.707106781187));
#6685 = PCURVE('',#6590,#6686);
#6686 = DEFINITIONAL_REPRESENTATION('',(#6687),#6691);
#6687 = LINE('',#6688,#6689);
#6688 = CARTESIAN_POINT('',(0.,0.));
#6689 = VECTOR('',#6690,1.);
#6690 = DIRECTION('',(0.,1.));
#6691 = ( GEOMETRIC_REPRESENTATION_CONTEXT(2) 
PARAMETRIC_REPRESENTATION_CONTEXT() REPRESENTATION_CONTEXT('2D SPACE',''
  ) );
#6692 = PCURVE('',#6693,#6698);
#6693 = PLANE('',#6694);
#6694 = AXIS2_PLACEMENT_3D('',#6695,#6696,#6697);
#6695 = CARTESIAN_POINT('',(136.56854253707,11.,-52.56854245277));
#6696 = DIRECTION('',(6.060056237805E-17,-1.,6.060056237805E-17));
#6697 = DIRECTION('',(0.707106781187,8.570213720248E-17,0.707106781187)
  );
#6698 = DEFINITIONAL_REPRESENTATION('',(#6699),#6703);
#6699 = LINE('',#6700,#6701);
#6700 = CARTESIAN_POINT('',(1.999999970197,-25.00000037252));
#6701 = VECTOR('',#6702,1.);
#6702 = DIRECTION('',(1.,-1.014653635757E-17));
#6703 = ( GEOMETRIC_REPRESENTATION_CONTEXT(2) 
PARAMETRIC_REPRESENTATION_CONTEXT() REPRESENTATION_CONTEXT('2D SPACE',''
  ) );
#6704 = ADVANCED_FACE('',(#6705),#6663,.T.);
#6705 = FACE_BOUND('',#6706,.T.);
#6706 = EDGE_LOOP('',(#6707,#6708,#6731,#6870,#6967,#6995,#7023));
#6707 = ORIENTED_EDGE('',*,*,#6646,.F.);
#6708 = ORIENTED_EDGE('',*,*,#6709,.F.);
#6709 = EDGE_CURVE('',#6710,#6619,#6712,.T.);
#6710 = VERTEX_POINT('',#6711);
#6711 = CARTESIAN_POINT('',(142.65158452143,23.,-55.82315735453));
#6712 = SURFACE_CURVE('',#6713,(#6717,#6724),.PCURVE_S1.);
#6713 = LINE('',#6714,#6715);
#6714 = CARTESIAN_POINT('',(81.414213846864,23.,5.414213320029));
#6715 = VECTOR('',#6716,1.);
#6716 = DIRECTION('',(0.707106781187,0.,-0.707106781187));
#6717 = PCURVE('',#6663,#6718);
#6718 = DEFINITIONAL_REPRESENTATION('',(#6719),#6723);
#6719 = LINE('',#6720,#6721);
#6720 = CARTESIAN_POINT('',(0.,4.));
#6721 = VECTOR('',#6722,1.);
#6722 = DIRECTION('',(1.,-3.740796904711E-33));
#6723 = ( GEOMETRIC_REPRESENTATION_CONTEXT(2) 
PARAMETRIC_REPRESENTATION_CONTEXT() REPRESENTATION_CONTEXT('2D SPACE',''
  ) );
#6724 = PCURVE('',#6634,#6725);
#6725 = DEFINITIONAL_REPRESENTATION('',(#6726),#6730);
#6726 = LINE('',#6727,#6728);
#6727 = CARTESIAN_POINT('',(-92.49999981373,1.999999990066));
#6728 = VECTOR('',#6729,1.);
#6729 = DIRECTION('',(1.,1.014653635757E-17));
#6730 = ( GEOMETRIC_REPRESENTATION_CONTEXT(2) 
PARAMETRIC_REPRESENTATION_CONTEXT() REPRESENTATION_CONTEXT('2D SPACE',''
  ) );
#6731 = ORIENTED_EDGE('',*,*,#6732,.F.);
#6732 = EDGE_CURVE('',#6733,#6710,#6735,.T.);
#6733 = VERTEX_POINT('',#6734);
#6734 = CARTESIAN_POINT('',(137.98289703302,19.,-51.15446986613));
#6735 = SURFACE_CURVE('',#6736,(#6753,#6773),.PCURVE_S1.);
#6736 = B_SPLINE_CURVE_WITH_KNOTS('',3,(#6737,#6738,#6739,#6740,#6741,
    #6742,#6743,#6744,#6745,#6746,#6747,#6748,#6749,#6750,#6751,#6752),
  .UNSPECIFIED.,.F.,.F.,(4,2,2,2,2,2,2,4),(1.790801908198,1.964818974928
    ,2.138855975421,2.225285273565,2.31171457171,2.406354856116,
    2.500995140522,2.591213604045),.UNSPECIFIED.);
#6737 = CARTESIAN_POINT('',(137.98289703302,19.,-51.15446986613));
#6738 = CARTESIAN_POINT('',(138.39306886994,19.,-51.56464170305));
#6739 = CARTESIAN_POINT('',(138.84547743951,18.990339307398,
    -52.01705027261));
#6740 = CARTESIAN_POINT('',(139.73244905048,19.114631353163,
    -52.90402188359));
#6741 = CARTESIAN_POINT('',(140.16629380866,19.258616745824,
    -53.33786664177));
#6742 = CARTESIAN_POINT('',(140.7334451679,19.591011644076,
    -53.90501800101));
#6743 = CARTESIAN_POINT('',(140.93271961295,19.734404710602,
    -54.10429244606));
#6744 = CARTESIAN_POINT('',(141.30779579155,20.072860382179,
    -54.47936862466));
#6745 = CARTESIAN_POINT('',(141.48356664684,20.26799142087,
    -54.65513947995));
#6746 = CARTESIAN_POINT('',(141.79570782667,20.67960630047,
    -54.96728065977));
#6747 = CARTESIAN_POINT('',(141.9583263126,20.937948255308,
    -55.12989914571));
#6748 = CARTESIAN_POINT('',(142.23914940179,21.498984629393,
    -55.4107222349));
#6749 = CARTESIAN_POINT('',(142.35733576751,21.801697305557,
    -55.52890860062));
#6750 = CARTESIAN_POINT('',(142.53056594734,22.367099734014,
    -55.70213878045));
#6751 = CARTESIAN_POINT('',(142.60325676888,22.679553687755,
    -55.77482960198));
#6752 = CARTESIAN_POINT('',(142.65158452143,23.,-55.82315735453));
#6753 = PCURVE('',#6663,#6754);
#6754 = DEFINITIONAL_REPRESENTATION('',(#6755),#6772);
#6755 = B_SPLINE_CURVE_WITH_KNOTS('',3,(#6756,#6757,#6758,#6759,#6760,
    #6761,#6762,#6763,#6764,#6765,#6766,#6767,#6768,#6769,#6770,#6771),
  .UNSPECIFIED.,.F.,.F.,(4,2,2,2,2,2,2,4),(1.790801908198,1.964818974928
    ,2.138855975421,2.225285273565,2.31171457171,2.406354856116,
    2.500995140522,2.591213604045),.UNSPECIFIED.);
#6756 = CARTESIAN_POINT('',(80.000198967458,0.));
#6757 = CARTESIAN_POINT('',(80.580269542132,0.));
#6758 = CARTESIAN_POINT('',(81.220071876946,-9.660692602001E-03));
#6759 = CARTESIAN_POINT('',(82.474439158628,0.114631353163));
#6760 = CARTESIAN_POINT('',(83.087988299609,0.258616745824));
#6761 = CARTESIAN_POINT('',(83.890061443762,0.591011644076));
#6762 = CARTESIAN_POINT('',(84.171878066584,0.734404710602));
#6763 = CARTESIAN_POINT('',(84.702315885288,1.072860382179));
#6764 = CARTESIAN_POINT('',(84.950893412713,1.26799142087));
#6765 = CARTESIAN_POINT('',(85.392327702591,1.67960630047));
#6766 = CARTESIAN_POINT('',(85.622304970892,1.937948255308));
#6767 = CARTESIAN_POINT('',(86.019448792256,2.498984629393));
#6768 = CARTESIAN_POINT('',(86.186589553546,2.801697305557));
#6769 = CARTESIAN_POINT('',(86.431574023271,3.367099734014));
#6770 = CARTESIAN_POINT('',(86.534374368944,3.679553687755));
#6771 = CARTESIAN_POINT('',(86.602720132041,4.));
#6772 = ( GEOMETRIC_REPRESENTATION_CONTEXT(2) 
PARAMETRIC_REPRESENTATION_CONTEXT() REPRESENTATION_CONTEXT('2D SPACE',''
  ) );
#6773 = PCURVE('',#6774,#6820);
#6774 = ( BOUNDED_SURFACE() B_SPLINE_SURFACE(2,2,(
    (#6775,#6776,#6777,#6778,#6779,#6780,#6781,#6782,#6783)
    ,(#6784,#6785,#6786,#6787,#6788,#6789,#6790,#6791,#6792)
    ,(#6793,#6794,#6795,#6796,#6797,#6798,#6799,#6800,#6801)
    ,(#6802,#6803,#6804,#6805,#6806,#6807,#6808,#6809,#6810)
    ,(#6811,#6812,#6813,#6814,#6815,#6816,#6817,#6818,#6819
)),.UNSPECIFIED.,.F.,.T.,.F.) B_SPLINE_SURFACE_WITH_KNOTS((3,2,3),(1,2,2
    ,2,2,2,1),(-1.394118950144E-16,0.785398166378,1.570796332755),(
    -4.712388980385,-3.14159265359,-1.570796326795,0.,1.570796326795,
    3.14159265359,4.712388980385),.UNSPECIFIED.) 
GEOMETRIC_REPRESENTATION_ITEM() RATIONAL_B_SPLINE_SURFACE((
    (1.,0.707106781187,1.,0.707106781187,1.,0.707106781187,1.
      ,0.707106781187,1.)
    ,(0.923879531941,0.653281482035,0.923879531941,0.653281482035
      ,0.923879531941,0.653281482035,0.923879531941,0.653281482035
      ,0.923879531941)
    ,(1.,0.707106781187,1.,0.707106781187,1.,0.707106781187,1.
      ,0.707106781187,1.)
    ,(0.923879531941,0.653281482035,0.923879531941,0.653281482035
      ,0.923879531941,0.653281482035,0.923879531941,0.653281482035
      ,0.923879531941)
    ,(1.,0.707106781187,1.,0.707106781187,1.,0.707106781187,1.
,0.707106781187,1.))) REPRESENTATION_ITEM('') SURFACE() );
#6775 = CARTESIAN_POINT('',(131.61879506876,24.,-57.51828992108));
#6776 = CARTESIAN_POINT('',(136.56854253707,24.,-62.46803738938));
#6777 = CARTESIAN_POINT('',(141.51829000537,24.,-57.51828992108));
#6778 = CARTESIAN_POINT('',(146.46803747368,24.,-52.56854245277));
#6779 = CARTESIAN_POINT('',(141.51829000537,24.,-47.61879498447));
#6780 = CARTESIAN_POINT('',(136.56854253707,24.,-42.66904751616));
#6781 = CARTESIAN_POINT('',(131.61879506876,24.,-47.61879498447));
#6782 = CARTESIAN_POINT('',(126.66904760045,24.,-52.56854245277));
#6783 = CARTESIAN_POINT('',(131.61879506876,24.,-57.51828992108));
#6784 = CARTESIAN_POINT('',(131.61879506876,21.928932179406,
    -57.51828992108));
#6785 = CARTESIAN_POINT('',(136.56854253707,21.928932179406,
    -62.46803738938));
#6786 = CARTESIAN_POINT('',(141.51829000537,21.928932179406,
    -57.51828992108));
#6787 = CARTESIAN_POINT('',(146.46803747368,21.928932179406,
    -52.56854245277));
#6788 = CARTESIAN_POINT('',(141.51829000537,21.928932179406,
    -47.61879498447));
#6789 = CARTESIAN_POINT('',(136.56854253707,21.928932179406,
    -42.66904751616));
#6790 = CARTESIAN_POINT('',(131.61879506876,21.928932179406,
    -47.61879498447));
#6791 = CARTESIAN_POINT('',(126.66904760045,21.928932179406,
    -52.56854245277));
#6792 = CARTESIAN_POINT('',(131.61879506876,21.928932179406,
    -57.51828992108));
#6793 = CARTESIAN_POINT('',(132.65432898214,20.46446608353,
    -56.48275600769));
#6794 = CARTESIAN_POINT('',(136.56854253707,20.46446608353,
    -60.39696956262));
#6795 = CARTESIAN_POINT('',(140.48275609199,20.46446608353,
    -56.48275600769));
#6796 = CARTESIAN_POINT('',(144.39696964691,20.46446608353,
    -52.56854245277));
#6797 = CARTESIAN_POINT('',(140.48275609199,20.46446608353,
    -48.65432889785));
#6798 = CARTESIAN_POINT('',(136.56854253707,20.46446608353,
    -44.74011534293));
#6799 = CARTESIAN_POINT('',(132.65432898214,20.46446608353,
    -48.65432889785));
#6800 = CARTESIAN_POINT('',(128.74011542722,20.46446608353,
    -52.56854245277));
#6801 = CARTESIAN_POINT('',(132.65432898214,20.46446608353,
    -56.48275600769));
#6802 = CARTESIAN_POINT('',(133.68986289553,18.999999987655,
    -55.44722209431));
#6803 = CARTESIAN_POINT('',(136.56854253707,18.999999987655,
    -58.32590173585));
#6804 = CARTESIAN_POINT('',(139.44722217861,18.999999987655,
    -55.44722209431));
#6805 = CARTESIAN_POINT('',(142.32590182014,18.999999987655,
    -52.56854245277));
#6806 = CARTESIAN_POINT('',(139.44722217861,18.999999987655,
    -49.68986281123));
#6807 = CARTESIAN_POINT('',(136.56854253707,18.999999987655,
    -46.81118316969));
#6808 = CARTESIAN_POINT('',(133.68986289553,18.999999987655,
    -49.68986281123));
#6809 = CARTESIAN_POINT('',(130.81118325399,18.999999987655,
    -52.56854245277));
#6810 = CARTESIAN_POINT('',(133.68986289553,18.999999987655,
    -55.44722209431));
#6811 = CARTESIAN_POINT('',(135.15432899577,19.,-53.98275599407));
#6812 = CARTESIAN_POINT('',(136.56854253707,19.,-55.39696953537));
#6813 = CARTESIAN_POINT('',(137.98275607837,19.,-53.98275599407));
#6814 = CARTESIAN_POINT('',(139.39696961967,19.,-52.56854245277));
#6815 = CARTESIAN_POINT('',(137.98275607837,19.,-51.15432891147));
#6816 = CARTESIAN_POINT('',(136.56854253707,19.,-49.74011537017));
#6817 = CARTESIAN_POINT('',(135.15432899577,19.,-51.15432891147));
#6818 = CARTESIAN_POINT('',(133.74011545447,19.,-52.56854245277));
#6819 = CARTESIAN_POINT('',(135.15432899577,19.,-53.98275599407));
#6820 = DEFINITIONAL_REPRESENTATION('',(#6821),#6869);
#6821 = B_SPLINE_CURVE_WITH_KNOTS('',3,(#6822,#6823,#6824,#6825,#6826,
    #6827,#6828,#6829,#6830,#6831,#6832,#6833,#6834,#6835,#6836,#6837,
    #6838,#6839,#6840,#6841,#6842,#6843,#6844,#6845,#6846,#6847,#6848,
    #6849,#6850,#6851,#6852,#6853,#6854,#6855,#6856,#6857,#6858,#6859,
    #6860,#6861,#6862,#6863,#6864,#6865,#6866,#6867,#6868),
  .UNSPECIFIED.,.F.,.F.,(4,1,1,1,1,1,1,1,1,1,1,1,1,1,1,1,1,1,1,1,1,1,1,1
    ,1,1,1,1,1,1,1,1,1,1,1,1,1,1,1,1,1,1,1,1,4),(1.790801908198,
    1.808993083104,1.827184258009,1.845375432915,1.86356660782,
    1.881757782726,1.899948957632,1.918140132537,1.936331307443,
    1.954522482349,1.972713657254,1.99090483216,2.009096007065,
    2.027287181971,2.045478356877,2.063669531782,2.081860706688,
    2.100051881593,2.118243056499,2.136434231405,2.15462540631,
    2.172816581216,2.191007756122,2.209198931027,2.227390105933,
    2.245581280838,2.263772455744,2.28196363065,2.300154805555,
    2.318345980461,2.336537155367,2.354728330272,2.372919505178,
    2.391110680083,2.409301854989,2.427493029895,2.4456842048,
    2.463875379706,2.482066554611,2.500257729517,2.518448904423,
    2.536640079328,2.554831254234,2.57302242914,2.591213604045),
  .UNSPECIFIED.);
#6822 = CARTESIAN_POINT('',(1.570796332755,-1.10703244577E-04));
#6823 = CARTESIAN_POINT('',(1.570806258176,-3.380443607064E-02));
#6824 = CARTESIAN_POINT('',(1.569651783337,-0.100579580048));
#6825 = CARTESIAN_POINT('',(1.564389946768,-0.19764582668));
#6826 = CARTESIAN_POINT('',(1.555539664111,-0.290244541003));
#6827 = CARTESIAN_POINT('',(1.543221724352,-0.377395115367));
#6828 = CARTESIAN_POINT('',(1.527650439557,-0.458443576074));
#6829 = CARTESIAN_POINT('',(1.509119721657,-0.53308134159));
#6830 = CARTESIAN_POINT('',(1.487965565552,-0.601286923607));
#6831 = CARTESIAN_POINT('',(1.464538162113,-0.663257935922));
#6832 = CARTESIAN_POINT('',(1.43917809146,-0.71933822394));
#6833 = CARTESIAN_POINT('',(1.412203226203,-0.769957376322));
#6834 = CARTESIAN_POINT('',(1.383883902472,-0.815568606557));
#6835 = CARTESIAN_POINT('',(1.354472733692,-0.856656960165));
#6836 = CARTESIAN_POINT('',(1.324193059353,-0.89367995436));
#6837 = CARTESIAN_POINT('',(1.293240673979,-0.927061945233));
#6838 = CARTESIAN_POINT('',(1.261787176849,-0.957186967575));
#6839 = CARTESIAN_POINT('',(1.229976779138,-0.984401501569));
#6840 = CARTESIAN_POINT('',(1.197948767964,-1.009003322));
#6841 = CARTESIAN_POINT('',(1.165763529464,-1.031290726111));
#6842 = CARTESIAN_POINT('',(1.133687613247,-1.051392190364));
#6843 = CARTESIAN_POINT('',(1.101137744011,-1.069917649715));
#6844 = CARTESIAN_POINT('',(1.06679895515,-1.087670257469));
#6845 = CARTESIAN_POINT('',(1.03134047277,-1.104299214337));
#6846 = CARTESIAN_POINT('',(0.994926892012,-1.119799955988));
#6847 = CARTESIAN_POINT('',(0.957852793714,-1.134114026518));
#6848 = CARTESIAN_POINT('',(0.920369464399,-1.147231055595));
#6849 = CARTESIAN_POINT('',(0.882750633716,-1.159195707157));
#6850 = CARTESIAN_POINT('',(0.845323105065,-1.170039313205));
#6851 = CARTESIAN_POINT('',(0.808277502991,-1.179833052979));
#6852 = CARTESIAN_POINT('',(0.772369949603,-1.188491805782));
#6853 = CARTESIAN_POINT('',(0.735418321802,-1.196746779168));
#6854 = CARTESIAN_POINT('',(0.6976322479,-1.204549576209));
#6855 = CARTESIAN_POINT('',(0.659270362137,-1.211859350221));
#6856 = CARTESIAN_POINT('',(0.620562985409,-1.218644019418));
#6857 = CARTESIAN_POINT('',(0.581728555797,-1.224875350113));
#6858 = CARTESIAN_POINT('',(0.542968642973,-1.230536390852));
#6859 = CARTESIAN_POINT('',(0.504486122922,-1.235653372768));
#6860 = CARTESIAN_POINT('',(0.466526649504,-1.240241409304));
#6861 = CARTESIAN_POINT('',(0.429215391755,-1.244325468547));
#6862 = CARTESIAN_POINT('',(0.393151951779,-1.247882867513));
#6863 = CARTESIAN_POINT('',(0.357180593037,-1.251052583133));
#6864 = CARTESIAN_POINT('',(0.319719555815,-1.253979465897));
#6865 = CARTESIAN_POINT('',(0.281489488352,-1.256593482533));
#6866 = CARTESIAN_POINT('',(0.242591287136,-1.258882985167));
#6867 = CARTESIAN_POINT('',(0.216382989551,-1.260174864864));
#6868 = CARTESIAN_POINT('',(0.203244829326,-1.260758401788));
#6869 = ( GEOMETRIC_REPRESENTATION_CONTEXT(2) 
PARAMETRIC_REPRESENTATION_CONTEXT() REPRESENTATION_CONTEXT('2D SPACE',''
  ) );
#6870 = ORIENTED_EDGE('',*,*,#6871,.F.);
#6871 = EDGE_CURVE('',#6872,#6733,#6874,.T.);
#6872 = VERTEX_POINT('',#6873);
#6873 = CARTESIAN_POINT('',(133.3139276353,23.,-46.48550046841));
#6874 = SURFACE_CURVE('',#6875,(#6894,#6916),.PCURVE_S1.);
#6875 = B_SPLINE_CURVE_WITH_KNOTS('',3,(#6876,#6877,#6878,#6879,#6880,
    #6881,#6882,#6883,#6884,#6885,#6886,#6887,#6888,#6889,#6890,#6891,
    #6892,#6893),.UNSPECIFIED.,.F.,.F.,(4,2,2,2,2,2,2,2,4),(
    0.990350344824,1.080568808347,1.175209092753,1.269849377159,
    1.356278675304,1.442707973448,1.616744973941,1.790781974434,
    1.790801908198),.UNSPECIFIED.);
#6876 = CARTESIAN_POINT('',(133.3139276353,23.,-46.48550046841));
#6877 = CARTESIAN_POINT('',(133.36225538786,22.679553687755,
    -46.53382822096));
#6878 = CARTESIAN_POINT('',(133.43494620939,22.367099734014,
    -46.6065190425));
#6879 = CARTESIAN_POINT('',(133.60817638922,21.801697305557,
    -46.77974922232));
#6880 = CARTESIAN_POINT('',(133.72636275494,21.498984629393,
    -46.89793558805));
#6881 = CARTESIAN_POINT('',(134.00718584413,20.937948255308,
    -47.17875867724));
#6882 = CARTESIAN_POINT('',(134.16980433007,20.67960630047,
    -47.34137716317));
#6883 = CARTESIAN_POINT('',(134.48194550989,20.26799142087,
    -47.65351834299));
#6884 = CARTESIAN_POINT('',(134.65771636518,20.072860382179,
    -47.82928919829));
#6885 = CARTESIAN_POINT('',(135.03279254378,19.734404710602,
    -48.20436537689));
#6886 = CARTESIAN_POINT('',(135.23206698883,19.591011644076,
    -48.40363982194));
#6887 = CARTESIAN_POINT('',(135.79921834807,19.258616745824,
    -48.97079118118));
#6888 = CARTESIAN_POINT('',(136.23306310625,19.114631353163,
    -49.40463593936));
#6889 = CARTESIAN_POINT('',(137.12008551589,18.99033218894,-50.291658349
    ));
#6890 = CARTESIAN_POINT('',(137.57254693428,19.,-50.74411976739));
#6891 = CARTESIAN_POINT('',(137.9828030627,19.,-51.1543758958));
#6892 = CARTESIAN_POINT('',(137.98285004758,19.,-51.15442288069));
#6893 = CARTESIAN_POINT('',(137.98289703302,19.,-51.15446986613));
#6894 = PCURVE('',#6663,#6895);
#6895 = DEFINITIONAL_REPRESENTATION('',(#6896),#6915);
#6896 = B_SPLINE_CURVE_WITH_KNOTS('',3,(#6897,#6898,#6899,#6900,#6901,
    #6902,#6903,#6904,#6905,#6906,#6907,#6908,#6909,#6910,#6911,#6912,
    #6913,#6914),.UNSPECIFIED.,.F.,.F.,(4,2,2,2,2,2,2,2,4),(
    0.990350344824,1.080568808347,1.175209092753,1.269849377159,
    1.356278675304,1.442707973448,1.616744973941,1.790781974434,
    1.790801908198),.UNSPECIFIED.);
#6897 = CARTESIAN_POINT('',(73.397279122901,4.));
#6898 = CARTESIAN_POINT('',(73.465624885998,3.679553687755));
#6899 = CARTESIAN_POINT('',(73.568425231671,3.367099734014));
#6900 = CARTESIAN_POINT('',(73.813409701396,2.801697305557));
#6901 = CARTESIAN_POINT('',(73.980550462686,2.498984629393));
#6902 = CARTESIAN_POINT('',(74.37769428405,1.937948255308));
#6903 = CARTESIAN_POINT('',(74.607671552351,1.67960630047));
#6904 = CARTESIAN_POINT('',(75.049105842229,1.26799142087));
#6905 = CARTESIAN_POINT('',(75.297683369654,1.072860382179));
#6906 = CARTESIAN_POINT('',(75.828121188358,0.734404710602));
#6907 = CARTESIAN_POINT('',(76.10993781118,0.591011644076));
#6908 = CARTESIAN_POINT('',(76.912010955333,0.258616745824));
#6909 = CARTESIAN_POINT('',(77.525560096314,0.114631353163));
#6910 = CARTESIAN_POINT('',(78.779999218158,-9.667811060002E-03));
#6911 = CARTESIAN_POINT('',(79.419876292494,0.));
#6912 = CARTESIAN_POINT('',(80.000066073349,0.));
#6913 = CARTESIAN_POINT('',(80.000132520012,0.));
#6914 = CARTESIAN_POINT('',(80.000198967458,0.));
#6915 = ( GEOMETRIC_REPRESENTATION_CONTEXT(2) 
PARAMETRIC_REPRESENTATION_CONTEXT() REPRESENTATION_CONTEXT('2D SPACE',''
  ) );
#6916 = PCURVE('',#6774,#6917);
#6917 = DEFINITIONAL_REPRESENTATION('',(#6918),#6966);
#6918 = B_SPLINE_CURVE_WITH_KNOTS('',3,(#6919,#6920,#6921,#6922,#6923,
    #6924,#6925,#6926,#6927,#6928,#6929,#6930,#6931,#6932,#6933,#6934,
    #6935,#6936,#6937,#6938,#6939,#6940,#6941,#6942,#6943,#6944,#6945,
    #6946,#6947,#6948,#6949,#6950,#6951,#6952,#6953,#6954,#6955,#6956,
    #6957,#6958,#6959,#6960,#6961,#6962,#6963,#6964,#6965),
  .UNSPECIFIED.,.F.,.F.,(4,1,1,1,1,1,1,1,1,1,1,1,1,1,1,1,1,1,1,1,1,1,1,1
    ,1,1,1,1,1,1,1,1,1,1,1,1,1,1,1,1,1,1,1,1,4),(0.990350344824,
    1.00854242581,1.026734506795,1.044926587781,1.063118668767,
    1.081310749753,1.099502830738,1.117694911724,1.13588699271,
    1.154079073696,1.172271154682,1.190463235667,1.208655316653,
    1.226847397639,1.245039478625,1.26323155961,1.281423640596,
    1.299615721582,1.317807802568,1.335999883554,1.354191964539,
    1.372384045525,1.390576126511,1.408768207497,1.426960288482,
    1.445152369468,1.463344450454,1.48153653144,1.499728612426,
    1.517920693411,1.536112774397,1.554304855383,1.572496936369,
    1.590689017354,1.60888109834,1.627073179326,1.645265260312,
    1.663457341298,1.681649422283,1.699841503269,1.718033584255,
    1.736225665241,1.754417746226,1.772609827212,1.790801908198),
  .UNSPECIFIED.);
#6919 = CARTESIAN_POINT('',(0.203244829326,1.260758401788));
#6920 = CARTESIAN_POINT('',(0.216383643826,1.260174835797));
#6921 = CARTESIAN_POINT('',(0.242593242677,1.258882885616));
#6922 = CARTESIAN_POINT('',(0.281493348474,1.256593242936));
#6923 = CARTESIAN_POINT('',(0.319725214592,1.25397905796));
#6924 = CARTESIAN_POINT('',(0.357188001944,1.251051973076));
#6925 = CARTESIAN_POINT('',(0.393160680132,1.247882059315));
#6926 = CARTESIAN_POINT('',(0.429226417723,1.244324329464));
#6927 = CARTESIAN_POINT('',(0.466539753801,1.240239908484));
#6928 = CARTESIAN_POINT('',(0.504501364678,1.235651448478));
#6929 = CARTESIAN_POINT('',(0.542985965982,1.230533985882));
#6930 = CARTESIAN_POINT('',(0.581747896409,1.224872399078));
#6931 = CARTESIAN_POINT('',(0.620584247331,1.218640460142));
#6932 = CARTESIAN_POINT('',(0.659293427883,1.211855142537));
#6933 = CARTESIAN_POINT('',(0.697656917638,1.204544693018));
#6934 = CARTESIAN_POINT('',(0.735444494084,1.196741162237));
#6935 = CARTESIAN_POINT('',(0.772396950399,1.188485563354));
#6936 = CARTESIAN_POINT('',(0.808306584518,1.179825730287));
#6937 = CARTESIAN_POINT('',(0.845354675117,1.17003059669));
#6938 = CARTESIAN_POINT('',(0.882784317317,1.159185506963));
#6939 = CARTESIAN_POINT('',(0.920405049361,1.147219213063));
#6940 = CARTESIAN_POINT('',(0.957889981146,1.13410038669));
#6941 = CARTESIAN_POINT('',(0.994965378117,1.119784377727));
#6942 = CARTESIAN_POINT('',(1.031379928056,1.104281611435));
#6943 = CARTESIAN_POINT('',(1.066838958479,1.087650595387));
#6944 = CARTESIAN_POINT('',(1.101177983396,1.069895835822));
#6945 = CARTESIAN_POINT('',(1.133727175058,1.051368607226));
#6946 = CARTESIAN_POINT('',(1.165805343989,1.031263252094));
#6947 = CARTESIAN_POINT('',(1.197991919644,1.008971915119));
#6948 = CARTESIAN_POINT('',(1.23002133946,0.984365468325));
#6949 = CARTESIAN_POINT('',(1.26183290246,0.957145680919));
#6950 = CARTESIAN_POINT('',(1.293287347649,0.92701463769));
#6951 = CARTESIAN_POINT('',(1.324240389891,0.893625759625));
#6952 = CARTESIAN_POINT('',(1.354520372536,0.856594889772));
#6953 = CARTESIAN_POINT('',(1.383931430295,0.815497552111));
#6954 = CARTESIAN_POINT('',(1.412250139893,0.769876105096));
#6955 = CARTESIAN_POINT('',(1.439223820113,0.719245431044));
#6956 = CARTESIAN_POINT('',(1.464582034288,0.663152304002));
#6957 = CARTESIAN_POINT('',(1.488006792899,0.601167151099));
#6958 = CARTESIAN_POINT('',(1.509157434381,0.532946287517));
#6959 = CARTESIAN_POINT('',(1.527683716423,0.458292407716));
#6960 = CARTESIAN_POINT('',(1.543249647242,0.377227492726));
#6961 = CARTESIAN_POINT('',(1.555561388323,0.290060798954));
#6962 = CARTESIAN_POINT('',(1.56440478302,0.197447104869));
#6963 = CARTESIAN_POINT('',(1.569659272254,0.100367878155));
#6964 = CARTESIAN_POINT('',(1.570808741423,3.358588139137E-02));
#6965 = CARTESIAN_POINT('',(1.570796332755,-1.107032445771E-04));
#6966 = ( GEOMETRIC_REPRESENTATION_CONTEXT(2) 
PARAMETRIC_REPRESENTATION_CONTEXT() REPRESENTATION_CONTEXT('2D SPACE',''
  ) );
#6967 = ORIENTED_EDGE('',*,*,#6968,.F.);
#6968 = EDGE_CURVE('',#6969,#6872,#6971,.T.);
#6969 = VERTEX_POINT('',#6970);
#6970 = CARTESIAN_POINT('',(81.414213846864,23.,5.414213320029));
#6971 = SURFACE_CURVE('',#6972,(#6976,#6983),.PCURVE_S1.);
#6972 = LINE('',#6973,#6974);
#6973 = CARTESIAN_POINT('',(81.414213846864,23.,5.414213320029));
#6974 = VECTOR('',#6975,1.);
#6975 = DIRECTION('',(0.707106781187,0.,-0.707106781187));
#6976 = PCURVE('',#6663,#6977);
#6977 = DEFINITIONAL_REPRESENTATION('',(#6978),#6982);
#6978 = LINE('',#6979,#6980);
#6979 = CARTESIAN_POINT('',(0.,4.));
#6980 = VECTOR('',#6981,1.);
#6981 = DIRECTION('',(1.,-3.740796904711E-33));
#6982 = ( GEOMETRIC_REPRESENTATION_CONTEXT(2) 
PARAMETRIC_REPRESENTATION_CONTEXT() REPRESENTATION_CONTEXT('2D SPACE',''
  ) );
#6983 = PCURVE('',#6984,#6989);
#6984 = PLANE('',#6985);
#6985 = AXIS2_PLACEMENT_3D('',#6986,#6987,#6988);
#6986 = CARTESIAN_POINT('',(108.2843418881,23.,-24.28434182488));
#6987 = DIRECTION('',(7.041364024483E-17,-1.,7.041364024483E-17));
#6988 = DIRECTION('',(0.707106781187,0.,-0.707106781187));
#6989 = DEFINITIONAL_REPRESENTATION('',(#6990),#6994);
#6990 = LINE('',#6991,#6992);
#6991 = CARTESIAN_POINT('',(-40.00009948372,1.999999985099));
#6992 = VECTOR('',#6993,1.);
#6993 = DIRECTION('',(1.,1.014653635757E-17));
#6994 = ( GEOMETRIC_REPRESENTATION_CONTEXT(2) 
PARAMETRIC_REPRESENTATION_CONTEXT() REPRESENTATION_CONTEXT('2D SPACE',''
  ) );
#6995 = ORIENTED_EDGE('',*,*,#6996,.F.);
#6996 = EDGE_CURVE('',#6997,#6969,#6999,.T.);
#6997 = VERTEX_POINT('',#6998);
#6998 = CARTESIAN_POINT('',(81.414213846864,11.,5.414213320029));
#6999 = SURFACE_CURVE('',#7000,(#7004,#7011),.PCURVE_S1.);
#7000 = LINE('',#7001,#7002);
#7001 = CARTESIAN_POINT('',(81.414213846864,19.,5.414213320029));
#7002 = VECTOR('',#7003,1.);
#7003 = DIRECTION('',(-6.060056237805E-17,1.,-6.060056237805E-17));
#7004 = PCURVE('',#6663,#7005);
#7005 = DEFINITIONAL_REPRESENTATION('',(#7006),#7010);
#7006 = LINE('',#7007,#7008);
#7007 = CARTESIAN_POINT('',(0.,0.));
#7008 = VECTOR('',#7009,1.);
#7009 = DIRECTION('',(-3.740796904711E-33,1.));
#7010 = ( GEOMETRIC_REPRESENTATION_CONTEXT(2) 
PARAMETRIC_REPRESENTATION_CONTEXT() REPRESENTATION_CONTEXT('2D SPACE',''
  ) );
#7011 = PCURVE('',#7012,#7017);
#7012 = PLANE('',#7013);
#7013 = AXIS2_PLACEMENT_3D('',#7014,#7015,#7016);
#7014 = CARTESIAN_POINT('',(78.585786722118,19.,2.585786195282));
#7015 = DIRECTION('',(-0.707106781187,0.,0.707106781187));
#7016 = DIRECTION('',(0.707106781187,9.95799250103E-17,0.707106781187));
#7017 = DEFINITIONAL_REPRESENTATION('',(#7018),#7022);
#7018 = LINE('',#7019,#7020);
#7019 = CARTESIAN_POINT('',(4.,-3.983197000412E-16));
#7020 = VECTOR('',#7021,1.);
#7021 = DIRECTION('',(1.387778780782E-17,1.));
#7022 = ( GEOMETRIC_REPRESENTATION_CONTEXT(2) 
PARAMETRIC_REPRESENTATION_CONTEXT() REPRESENTATION_CONTEXT('2D SPACE',''
  ) );
#7023 = ORIENTED_EDGE('',*,*,#7024,.F.);
#7024 = EDGE_CURVE('',#6647,#6997,#7025,.T.);
#7025 = SURFACE_CURVE('',#7026,(#7030,#7037),.PCURVE_S1.);
#7026 = LINE('',#7027,#7028);
#7027 = CARTESIAN_POINT('',(81.414213846864,11.,5.414213320029));
#7028 = VECTOR('',#7029,1.);
#7029 = DIRECTION('',(-0.707106781187,0.,0.707106781187));
#7030 = PCURVE('',#6663,#7031);
#7031 = DEFINITIONAL_REPRESENTATION('',(#7032),#7036);
#7032 = LINE('',#7033,#7034);
#7033 = CARTESIAN_POINT('',(-6.280369834735E-16,-8.));
#7034 = VECTOR('',#7035,1.);
#7035 = DIRECTION('',(-1.,3.740796904711E-33));
#7036 = ( GEOMETRIC_REPRESENTATION_CONTEXT(2) 
PARAMETRIC_REPRESENTATION_CONTEXT() REPRESENTATION_CONTEXT('2D SPACE',''
  ) );
#7037 = PCURVE('',#6693,#7038);
#7038 = DEFINITIONAL_REPRESENTATION('',(#7039),#7043);
#7039 = LINE('',#7040,#7041);
#7040 = CARTESIAN_POINT('',(1.999999970197,79.999999627471));
#7041 = VECTOR('',#7042,1.);
#7042 = DIRECTION('',(-1.014653635757E-17,1.));
#7043 = ( GEOMETRIC_REPRESENTATION_CONTEXT(2) 
PARAMETRIC_REPRESENTATION_CONTEXT() REPRESENTATION_CONTEXT('2D SPACE',''
  ) );
#7044 = ADVANCED_FACE('',(#7045),#6634,.F.);
#7045 = FACE_BOUND('',#7046,.T.);
#7046 = EDGE_LOOP('',(#7047,#7048,#7071,#7119));
#7047 = ORIENTED_EDGE('',*,*,#6618,.F.);
#7048 = ORIENTED_EDGE('',*,*,#7049,.T.);
#7049 = EDGE_CURVE('',#6581,#7050,#7052,.T.);
#7050 = VERTEX_POINT('',#7051);
#7051 = CARTESIAN_POINT('',(139.82315738391,23.,-58.65158446651));
#7052 = SURFACE_CURVE('',#7053,(#7057,#7064),.PCURVE_S1.);
#7053 = LINE('',#7054,#7055);
#7054 = CARTESIAN_POINT('',(152.83199874669,23.,-71.66042582929));
#7055 = VECTOR('',#7056,1.);
#7056 = DIRECTION('',(-0.707106781187,0.,0.707106781187));
#7057 = PCURVE('',#6634,#7058);
#7058 = DEFINITIONAL_REPRESENTATION('',(#7059),#7063);
#7059 = LINE('',#7060,#7061);
#7060 = CARTESIAN_POINT('',(12.50000018626,-2.000000009934));
#7061 = VECTOR('',#7062,1.);
#7062 = DIRECTION('',(-1.,-1.014653635757E-17));
#7063 = ( GEOMETRIC_REPRESENTATION_CONTEXT(2) 
PARAMETRIC_REPRESENTATION_CONTEXT() REPRESENTATION_CONTEXT('2D SPACE',''
  ) );
#7064 = PCURVE('',#6602,#7065);
#7065 = DEFINITIONAL_REPRESENTATION('',(#7066),#7070);
#7066 = LINE('',#7067,#7068);
#7067 = CARTESIAN_POINT('',(-25.00000037252,4.));
#7068 = VECTOR('',#7069,1.);
#7069 = DIRECTION('',(1.,3.740796904711E-33));
#7070 = ( GEOMETRIC_REPRESENTATION_CONTEXT(2) 
PARAMETRIC_REPRESENTATION_CONTEXT() REPRESENTATION_CONTEXT('2D SPACE',''
  ) );
#7071 = ORIENTED_EDGE('',*,*,#7072,.F.);
#7072 = EDGE_CURVE('',#6710,#7050,#7073,.T.);
#7073 = SURFACE_CURVE('',#7074,(#7079,#7090),.PCURVE_S1.);
#7074 = CIRCLE('',#7075,6.898979485566);
#7075 = AXIS2_PLACEMENT_3D('',#7076,#7077,#7078);
#7076 = CARTESIAN_POINT('',(136.56854253707,23.,-52.56854245277));
#7077 = DIRECTION('',(-7.041364024483E-17,1.,-7.041364024483E-17));
#7078 = DIRECTION('',(0.707106781187,9.95799250103E-17,0.707106781187));
#7079 = PCURVE('',#6634,#7080);
#7080 = DEFINITIONAL_REPRESENTATION('',(#7081),#7089);
#7081 = ( BOUNDED_CURVE() B_SPLINE_CURVE(2,(#7082,#7083,#7084,#7085,
#7086,#7087,#7088),.UNSPECIFIED.,.T.,.F.) B_SPLINE_CURVE_WITH_KNOTS((1,2
    ,2,2,2,1),(-2.094395102393,0.,2.094395102393,4.188790204786,
6.28318530718,8.377580409573),.UNSPECIFIED.) CURVE() 
GEOMETRIC_REPRESENTATION_ITEM() RATIONAL_B_SPLINE_CURVE((1.,0.5,1.,0.5,
1.,0.5,1.)) REPRESENTATION_ITEM('') );
#7082 = CARTESIAN_POINT('',(-12.50000018626,6.898979505435));
#7083 = CARTESIAN_POINT('',(-0.550617196884,6.898979505435));
#7084 = CARTESIAN_POINT('',(-6.525308691572,-3.449489722914));
#7085 = CARTESIAN_POINT('',(-12.50000018626,-13.79795895126));
#7086 = CARTESIAN_POINT('',(-18.47469168094,-3.449489722914));
#7087 = CARTESIAN_POINT('',(-24.44938317563,6.898979505435));
#7088 = CARTESIAN_POINT('',(-12.50000018626,6.898979505435));
#7089 = ( GEOMETRIC_REPRESENTATION_CONTEXT(2) 
PARAMETRIC_REPRESENTATION_CONTEXT() REPRESENTATION_CONTEXT('2D SPACE',''
  ) );
#7090 = PCURVE('',#6774,#7091);
#7091 = DEFINITIONAL_REPRESENTATION('',(#7092),#7118);
#7092 = B_SPLINE_CURVE_WITH_KNOTS('',3,(#7093,#7094,#7095,#7096,#7097,
    #7098,#7099,#7100,#7101,#7102,#7103,#7104,#7105,#7106,#7107,#7108,
    #7109,#7110,#7111,#7112,#7113,#7114,#7115,#7116,#7117),
  .UNSPECIFIED.,.F.,.F.,(4,1,1,1,1,1,1,1,1,1,1,1,1,1,1,1,1,1,1,1,1,1,4),
  (1.276676125695,1.303414326205,1.330152526716,1.356890727226,
    1.383628927736,1.410367128247,1.437105328757,1.463843529267,
    1.490581729778,1.517319930288,1.544058130798,1.570796331309,
    1.597534531819,1.624272732329,1.65101093284,1.67774913335,
    1.70448733386,1.73122553437,1.757963734881,1.784701935391,
    1.811440135901,1.838178336412,1.864916536922),.UNSPECIFIED.);
#7093 = CARTESIAN_POINT('',(0.203244829326,-1.260758401788));
#7094 = CARTESIAN_POINT('',(0.203244829326,-1.269739310054));
#7095 = CARTESIAN_POINT('',(0.203244829326,-1.287761231398));
#7096 = CARTESIAN_POINT('',(0.203244829326,-1.314986355879));
#7097 = CARTESIAN_POINT('',(0.203244829326,-1.342415528844));
#7098 = CARTESIAN_POINT('',(0.203244829326,-1.370060983328));
#7099 = CARTESIAN_POINT('',(0.203244829326,-1.397935323307));
#7100 = CARTESIAN_POINT('',(0.203244829326,-1.426051339294));
#7101 = CARTESIAN_POINT('',(0.203244829326,-1.454422949795));
#7102 = CARTESIAN_POINT('',(0.203244829326,-1.483061775793));
#7103 = CARTESIAN_POINT('',(0.203244829326,-1.511990066105));
#7104 = CARTESIAN_POINT('',(0.203244829326,-1.54119259576));
#7105 = CARTESIAN_POINT('',(0.203244829326,-1.57079633184));
#7106 = CARTESIAN_POINT('',(0.203244829326,-1.60040006773));
#7107 = CARTESIAN_POINT('',(0.203244829326,-1.629602597303));
#7108 = CARTESIAN_POINT('',(0.203244829326,-1.658530887512));
#7109 = CARTESIAN_POINT('',(0.203244829326,-1.687169713418));
#7110 = CARTESIAN_POINT('',(0.203244829326,-1.715541323831));
#7111 = CARTESIAN_POINT('',(0.203244829326,-1.743657339733));
#7112 = CARTESIAN_POINT('',(0.203244829326,-1.771531679633));
#7113 = CARTESIAN_POINT('',(0.203244829326,-1.799177134043));
#7114 = CARTESIAN_POINT('',(0.203244829326,-1.826606306936));
#7115 = CARTESIAN_POINT('',(0.203244829326,-1.85383143135));
#7116 = CARTESIAN_POINT('',(0.203244829326,-1.871853352653));
#7117 = CARTESIAN_POINT('',(0.203244829326,-1.880834260898));
#7118 = ( GEOMETRIC_REPRESENTATION_CONTEXT(2) 
PARAMETRIC_REPRESENTATION_CONTEXT() REPRESENTATION_CONTEXT('2D SPACE',''
  ) );
#7119 = ORIENTED_EDGE('',*,*,#6709,.T.);
#7120 = ADVANCED_FACE('',(#7121),#7135,.F.);
#7121 = FACE_BOUND('',#7122,.F.);
#7122 = EDGE_LOOP('',(#7123,#7153,#7180,#7181));
#7123 = ORIENTED_EDGE('',*,*,#7124,.T.);
#7124 = EDGE_CURVE('',#7125,#7127,#7129,.T.);
#7125 = VERTEX_POINT('',#7126);
#7126 = CARTESIAN_POINT('',(133.03300863113,34.,-56.1040763587));
#7127 = VERTEX_POINT('',#7128);
#7128 = CARTESIAN_POINT('',(133.03300863113,25.,-56.1040763587));
#7129 = SEAM_CURVE('',#7130,(#7134,#7146),.PCURVE_S1.);
#7130 = LINE('',#7131,#7132);
#7131 = CARTESIAN_POINT('',(133.03300863113,29.5,-56.1040763587));
#7132 = VECTOR('',#7133,1.);
#7133 = DIRECTION('',(7.041364024483E-17,-1.,7.041364024483E-17));
#7134 = PCURVE('',#7135,#7140);
#7135 = CYLINDRICAL_SURFACE('',#7136,5.);
#7136 = AXIS2_PLACEMENT_3D('',#7137,#7138,#7139);
#7137 = CARTESIAN_POINT('',(136.56854253707,29.5,-52.56854245277));
#7138 = DIRECTION('',(7.041364024483E-17,-1.,7.041364024483E-17));
#7139 = DIRECTION('',(0.707106781187,9.95799250103E-17,0.707106781187));
#7140 = DEFINITIONAL_REPRESENTATION('',(#7141),#7145);
#7141 = LINE('',#7142,#7143);
#7142 = CARTESIAN_POINT('',(9.42477796077,0.));
#7143 = VECTOR('',#7144,1.);
#7144 = DIRECTION('',(0.,1.));
#7145 = ( GEOMETRIC_REPRESENTATION_CONTEXT(2) 
PARAMETRIC_REPRESENTATION_CONTEXT() REPRESENTATION_CONTEXT('2D SPACE',''
  ) );
#7146 = PCURVE('',#7135,#7147);
#7147 = DEFINITIONAL_REPRESENTATION('',(#7148),#7152);
#7148 = LINE('',#7149,#7150);
#7149 = CARTESIAN_POINT('',(3.141592653589,0.));
#7150 = VECTOR('',#7151,1.);
#7151 = DIRECTION('',(0.,1.));
#7152 = ( GEOMETRIC_REPRESENTATION_CONTEXT(2) 
PARAMETRIC_REPRESENTATION_CONTEXT() REPRESENTATION_CONTEXT('2D SPACE',''
  ) );
#7153 = ORIENTED_EDGE('',*,*,#7154,.F.);
#7154 = EDGE_CURVE('',#7127,#7127,#7155,.T.);
#7155 = SURFACE_CURVE('',#7156,(#7161,#7168),.PCURVE_S1.);
#7156 = CIRCLE('',#7157,5.);
#7157 = AXIS2_PLACEMENT_3D('',#7158,#7159,#7160);
#7158 = CARTESIAN_POINT('',(136.56854253707,25.,-52.56854245277));
#7159 = DIRECTION('',(7.041364024483E-17,-1.,7.041364024483E-17));
#7160 = DIRECTION('',(0.707106781187,9.95799250103E-17,0.707106781187));
#7161 = PCURVE('',#7135,#7162);
#7162 = DEFINITIONAL_REPRESENTATION('',(#7163),#7167);
#7163 = LINE('',#7164,#7165);
#7164 = CARTESIAN_POINT('',(0.,4.5));
#7165 = VECTOR('',#7166,1.);
#7166 = DIRECTION('',(1.,0.));
#7167 = ( GEOMETRIC_REPRESENTATION_CONTEXT(2) 
PARAMETRIC_REPRESENTATION_CONTEXT() REPRESENTATION_CONTEXT('2D SPACE',''
  ) );
#7168 = PCURVE('',#7169,#7174);
#7169 = PLANE('',#7170);
#7170 = AXIS2_PLACEMENT_3D('',#7171,#7172,#7173);
#7171 = CARTESIAN_POINT('',(136.56854253707,25.,-52.56854245277));
#7172 = DIRECTION('',(7.041364024483E-17,-1.,7.041364024483E-17));
#7173 = DIRECTION('',(0.707106781187,9.95799250103E-17,0.707106781187));
#7174 = DEFINITIONAL_REPRESENTATION('',(#7175),#7179);
#7175 = CIRCLE('',#7176,5.);
#7176 = AXIS2_PLACEMENT_2D('',#7177,#7178);
#7177 = CARTESIAN_POINT('',(0.,0.));
#7178 = DIRECTION('',(1.,-1.014653635757E-17));
#7179 = ( GEOMETRIC_REPRESENTATION_CONTEXT(2) 
PARAMETRIC_REPRESENTATION_CONTEXT() REPRESENTATION_CONTEXT('2D SPACE',''
  ) );
#7180 = ORIENTED_EDGE('',*,*,#7124,.F.);
#7181 = ORIENTED_EDGE('',*,*,#7182,.T.);
#7182 = EDGE_CURVE('',#7125,#7125,#7183,.T.);
#7183 = SURFACE_CURVE('',#7184,(#7189,#7196),.PCURVE_S1.);
#7184 = CIRCLE('',#7185,5.);
#7185 = AXIS2_PLACEMENT_3D('',#7186,#7187,#7188);
#7186 = CARTESIAN_POINT('',(136.56854253707,34.,-52.56854245277));
#7187 = DIRECTION('',(7.041364024483E-17,-1.,7.041364024483E-17));
#7188 = DIRECTION('',(0.707106781187,9.95799250103E-17,0.707106781187));
#7189 = PCURVE('',#7135,#7190);
#7190 = DEFINITIONAL_REPRESENTATION('',(#7191),#7195);
#7191 = LINE('',#7192,#7193);
#7192 = CARTESIAN_POINT('',(0.,-4.5));
#7193 = VECTOR('',#7194,1.);
#7194 = DIRECTION('',(1.,0.));
#7195 = ( GEOMETRIC_REPRESENTATION_CONTEXT(2) 
PARAMETRIC_REPRESENTATION_CONTEXT() REPRESENTATION_CONTEXT('2D SPACE',''
  ) );
#7196 = PCURVE('',#7197,#7202);
#7197 = PLANE('',#7198);
#7198 = AXIS2_PLACEMENT_3D('',#7199,#7200,#7201);
#7199 = CARTESIAN_POINT('',(136.56854253707,34.,-52.56854245277));
#7200 = DIRECTION('',(-7.041364024483E-17,1.,-7.041364024483E-17));
#7201 = DIRECTION('',(0.707106781187,0.,-0.707106781187));
#7202 = DEFINITIONAL_REPRESENTATION('',(#7203),#7211);
#7203 = ( BOUNDED_CURVE() B_SPLINE_CURVE(2,(#7204,#7205,#7206,#7207,
#7208,#7209,#7210),.UNSPECIFIED.,.T.,.F.) B_SPLINE_CURVE_WITH_KNOTS((1,2
    ,2,2,2,1),(-2.094395102393,0.,2.094395102393,4.188790204786,
6.28318530718,8.377580409573),.UNSPECIFIED.) CURVE() 
GEOMETRIC_REPRESENTATION_ITEM() RATIONAL_B_SPLINE_CURVE((1.,0.5,1.,0.5,
1.,0.5,1.)) REPRESENTATION_ITEM('') );
#7204 = CARTESIAN_POINT('',(5.073268178785E-17,-5.));
#7205 = CARTESIAN_POINT('',(-8.660254037844,-5.));
#7206 = CARTESIAN_POINT('',(-4.330127018922,2.5));
#7207 = CARTESIAN_POINT('',(-1.326112162723E-15,10.));
#7208 = CARTESIAN_POINT('',(4.330127018922,2.5));
#7209 = CARTESIAN_POINT('',(8.660254037844,-5.));
#7210 = CARTESIAN_POINT('',(5.073268178785E-17,-5.));
#7211 = ( GEOMETRIC_REPRESENTATION_CONTEXT(2) 
PARAMETRIC_REPRESENTATION_CONTEXT() REPRESENTATION_CONTEXT('2D SPACE',''
  ) );
#7212 = ADVANCED_FACE('',(#7213),#7169,.F.);
#7213 = FACE_BOUND('',#7214,.T.);
#7214 = EDGE_LOOP('',(#7215));
#7215 = ORIENTED_EDGE('',*,*,#7154,.F.);
#7216 = ADVANCED_FACE('',(#7217),#6693,.T.);
#7217 = FACE_BOUND('',#7218,.T.);
#7218 = EDGE_LOOP('',(#7219,#7242,#7243,#7244));
#7219 = ORIENTED_EDGE('',*,*,#7220,.T.);
#7220 = EDGE_CURVE('',#7221,#6579,#7223,.T.);
#7221 = VERTEX_POINT('',#7222);
#7222 = CARTESIAN_POINT('',(78.585786722118,11.,2.585786195282));
#7223 = SURFACE_CURVE('',#7224,(#7228,#7235),.PCURVE_S1.);
#7224 = LINE('',#7225,#7226);
#7225 = CARTESIAN_POINT('',(152.83199874669,11.,-71.66042582929));
#7226 = VECTOR('',#7227,1.);
#7227 = DIRECTION('',(0.707106781187,0.,-0.707106781187));
#7228 = PCURVE('',#6693,#7229);
#7229 = DEFINITIONAL_REPRESENTATION('',(#7230),#7234);
#7230 = LINE('',#7231,#7232);
#7231 = CARTESIAN_POINT('',(-2.000000029803,-25.00000037252));
#7232 = VECTOR('',#7233,1.);
#7233 = DIRECTION('',(1.014653635757E-17,-1.));
#7234 = ( GEOMETRIC_REPRESENTATION_CONTEXT(2) 
PARAMETRIC_REPRESENTATION_CONTEXT() REPRESENTATION_CONTEXT('2D SPACE',''
  ) );
#7235 = PCURVE('',#6602,#7236);
#7236 = DEFINITIONAL_REPRESENTATION('',(#7237),#7241);
#7237 = LINE('',#7238,#7239);
#7238 = CARTESIAN_POINT('',(-25.00000037252,-8.));
#7239 = VECTOR('',#7240,1.);
#7240 = DIRECTION('',(-1.,-3.740796904711E-33));
#7241 = ( GEOMETRIC_REPRESENTATION_CONTEXT(2) 
PARAMETRIC_REPRESENTATION_CONTEXT() REPRESENTATION_CONTEXT('2D SPACE',''
  ) );
#7242 = ORIENTED_EDGE('',*,*,#6679,.T.);
#7243 = ORIENTED_EDGE('',*,*,#7024,.T.);
#7244 = ORIENTED_EDGE('',*,*,#7245,.T.);
#7245 = EDGE_CURVE('',#6997,#7221,#7246,.T.);
#7246 = SURFACE_CURVE('',#7247,(#7251,#7258),.PCURVE_S1.);
#7247 = LINE('',#7248,#7249);
#7248 = CARTESIAN_POINT('',(78.585786722118,11.,2.585786195282));
#7249 = VECTOR('',#7250,1.);
#7250 = DIRECTION('',(-0.707106781187,-9.95799250103E-17,-0.707106781187
    ));
#7251 = PCURVE('',#6693,#7252);
#7252 = DEFINITIONAL_REPRESENTATION('',(#7253),#7257);
#7253 = LINE('',#7254,#7255);
#7254 = CARTESIAN_POINT('',(-2.000000029803,79.999999627471));
#7255 = VECTOR('',#7256,1.);
#7256 = DIRECTION('',(-1.,1.014653635757E-17));
#7257 = ( GEOMETRIC_REPRESENTATION_CONTEXT(2) 
PARAMETRIC_REPRESENTATION_CONTEXT() REPRESENTATION_CONTEXT('2D SPACE',''
  ) );
#7258 = PCURVE('',#7012,#7259);
#7259 = DEFINITIONAL_REPRESENTATION('',(#7260),#7264);
#7260 = LINE('',#7261,#7262);
#7261 = CARTESIAN_POINT('',(-7.966394000824E-16,-8.));
#7262 = VECTOR('',#7263,1.);
#7263 = DIRECTION('',(-1.,-2.904405458073E-33));
#7264 = ( GEOMETRIC_REPRESENTATION_CONTEXT(2) 
PARAMETRIC_REPRESENTATION_CONTEXT() REPRESENTATION_CONTEXT('2D SPACE',''
  ) );
#7265 = ADVANCED_FACE('',(#7266),#6602,.T.);
#7266 = FACE_BOUND('',#7267,.T.);
#7267 = EDGE_LOOP('',(#7268,#7269,#7270,#7293,#7316,#7409,#7500));
#7268 = ORIENTED_EDGE('',*,*,#6578,.F.);
#7269 = ORIENTED_EDGE('',*,*,#7220,.F.);
#7270 = ORIENTED_EDGE('',*,*,#7271,.F.);
#7271 = EDGE_CURVE('',#7272,#7221,#7274,.T.);
#7272 = VERTEX_POINT('',#7273);
#7273 = CARTESIAN_POINT('',(78.585786722118,23.,2.585786195282));
#7274 = SURFACE_CURVE('',#7275,(#7279,#7286),.PCURVE_S1.);
#7275 = LINE('',#7276,#7277);
#7276 = CARTESIAN_POINT('',(78.585786722118,19.,2.585786195282));
#7277 = VECTOR('',#7278,1.);
#7278 = DIRECTION('',(6.060056237805E-17,-1.,6.060056237805E-17));
#7279 = PCURVE('',#6602,#7280);
#7280 = DEFINITIONAL_REPRESENTATION('',(#7281),#7285);
#7281 = LINE('',#7282,#7283);
#7282 = CARTESIAN_POINT('',(79.999999627471,-2.51857261462E-31));
#7283 = VECTOR('',#7284,1.);
#7284 = DIRECTION('',(-3.740796904711E-33,-1.));
#7285 = ( GEOMETRIC_REPRESENTATION_CONTEXT(2) 
PARAMETRIC_REPRESENTATION_CONTEXT() REPRESENTATION_CONTEXT('2D SPACE',''
  ) );
#7286 = PCURVE('',#7012,#7287);
#7287 = DEFINITIONAL_REPRESENTATION('',(#7288),#7292);
#7288 = LINE('',#7289,#7290);
#7289 = CARTESIAN_POINT('',(0.,0.));
#7290 = VECTOR('',#7291,1.);
#7291 = DIRECTION('',(-1.387778780782E-17,-1.));
#7292 = ( GEOMETRIC_REPRESENTATION_CONTEXT(2) 
PARAMETRIC_REPRESENTATION_CONTEXT() REPRESENTATION_CONTEXT('2D SPACE',''
  ) );
#7293 = ORIENTED_EDGE('',*,*,#7294,.F.);
#7294 = EDGE_CURVE('',#7295,#7272,#7297,.T.);
#7295 = VERTEX_POINT('',#7296);
#7296 = CARTESIAN_POINT('',(130.48550052332,23.,-49.31392760592));
#7297 = SURFACE_CURVE('',#7298,(#7302,#7309),.PCURVE_S1.);
#7298 = LINE('',#7299,#7300);
#7299 = CARTESIAN_POINT('',(152.83199874669,23.,-71.66042582929));
#7300 = VECTOR('',#7301,1.);
#7301 = DIRECTION('',(-0.707106781187,0.,0.707106781187));
#7302 = PCURVE('',#6602,#7303);
#7303 = DEFINITIONAL_REPRESENTATION('',(#7304),#7308);
#7304 = LINE('',#7305,#7306);
#7305 = CARTESIAN_POINT('',(-25.00000037252,4.));
#7306 = VECTOR('',#7307,1.);
#7307 = DIRECTION('',(1.,3.740796904711E-33));
#7308 = ( GEOMETRIC_REPRESENTATION_CONTEXT(2) 
PARAMETRIC_REPRESENTATION_CONTEXT() REPRESENTATION_CONTEXT('2D SPACE',''
  ) );
#7309 = PCURVE('',#6984,#7310);
#7310 = DEFINITIONAL_REPRESENTATION('',(#7311),#7315);
#7311 = LINE('',#7312,#7313);
#7312 = CARTESIAN_POINT('',(64.999900516262,-2.000000014901));
#7313 = VECTOR('',#7314,1.);
#7314 = DIRECTION('',(-1.,-1.014653635757E-17));
#7315 = ( GEOMETRIC_REPRESENTATION_CONTEXT(2) 
PARAMETRIC_REPRESENTATION_CONTEXT() REPRESENTATION_CONTEXT('2D SPACE',''
  ) );
#7316 = ORIENTED_EDGE('',*,*,#7317,.F.);
#7317 = EDGE_CURVE('',#7318,#7295,#7320,.T.);
#7318 = VERTEX_POINT('',#7319);
#7319 = CARTESIAN_POINT('',(135.15432895362,19.,-53.98275603622));
#7320 = SURFACE_CURVE('',#7321,(#7338,#7358),.PCURVE_S1.);
#7321 = B_SPLINE_CURVE_WITH_KNOTS('',3,(#7322,#7323,#7324,#7325,#7326,
    #7327,#7328,#7329,#7330,#7331,#7332,#7333,#7334,#7335,#7336,#7337),
  .UNSPECIFIED.,.F.,.F.,(4,2,2,2,2,2,2,4),(1.791302591763,1.973466414892
    ,2.155630238021,2.248176718593,2.340723199166,2.42806929439,
    2.515415389615,2.592260364922),.UNSPECIFIED.);
#7322 = CARTESIAN_POINT('',(135.15432895362,19.,-53.98275603622));
#7323 = CARTESIAN_POINT('',(134.72496470488,19.,-53.55339178748));
#7324 = CARTESIAN_POINT('',(134.25105649445,18.989438128506,
    -53.07948357705));
#7325 = CARTESIAN_POINT('',(133.32535605932,19.133229013187,
    -52.15378314192));
#7326 = CARTESIAN_POINT('',(132.87434475907,19.297464739204,
    -51.70277184167));
#7327 = CARTESIAN_POINT('',(132.28420109882,19.674252828893,
    -51.11262818142));
#7328 = CARTESIAN_POINT('',(132.07517634011,19.839050162646,
    -50.90360342271));
#7329 = CARTESIAN_POINT('',(131.6861229331,20.226497969315,
    -50.5145500157));
#7330 = CARTESIAN_POINT('',(131.50612585544,20.449211841264,
    -50.33455293804));
#7331 = CARTESIAN_POINT('',(131.21388024553,20.883671780029,
    -50.04230732813));
#7332 = CARTESIAN_POINT('',(131.07291415295,21.133170742438,
    -49.90134123555));
#7333 = CARTESIAN_POINT('',(130.83018888292,21.66770719496,
    -49.65861596552));
#7334 = CARTESIAN_POINT('',(130.72844438893,21.952758019883,
    -49.55687147153));
#7335 = CARTESIAN_POINT('',(130.58518596749,22.46118229684,
    -49.41361305009));
#7336 = CARTESIAN_POINT('',(130.52668610481,22.726911205826,
    -49.35511318741));
#7337 = CARTESIAN_POINT('',(130.48550052332,23.,-49.31392760592));
#7338 = PCURVE('',#6602,#7339);
#7339 = DEFINITIONAL_REPRESENTATION('',(#7340),#7357);
#7340 = B_SPLINE_CURVE_WITH_KNOTS('',3,(#7341,#7342,#7343,#7344,#7345,
    #7346,#7347,#7348,#7349,#7350,#7351,#7352,#7353,#7354,#7355,#7356),
  .UNSPECIFIED.,.F.,.F.,(4,2,2,2,2,2,2,4),(1.791302591763,1.973466414892
    ,2.155630238021,2.248176718593,2.340723199166,2.42806929439,
    2.515415389615,2.592260364922),.UNSPECIFIED.);
#7341 = CARTESIAN_POINT('',(0.,0.));
#7342 = CARTESIAN_POINT('',(0.607212743763,0.));
#7343 = CARTESIAN_POINT('',(1.277420162282,-1.0561871494E-02));
#7344 = CARTESIAN_POINT('',(2.586558272326,0.133229013187));
#7345 = CARTESIAN_POINT('',(3.22438456993,0.297464739204));
#7346 = CARTESIAN_POINT('',(4.058973738002,0.674252828893));
#7347 = CARTESIAN_POINT('',(4.354579386645,0.839050162646));
#7348 = CARTESIAN_POINT('',(4.904783991319,1.226497969315));
#7349 = CARTESIAN_POINT('',(5.159338299742,1.449211841264));
#7350 = CARTESIAN_POINT('',(5.572636004813,1.883671780029));
#7351 = CARTESIAN_POINT('',(5.77199216477,2.133170742438));
#7352 = CARTESIAN_POINT('',(6.115257533581,2.66770719496));
#7353 = CARTESIAN_POINT('',(6.259145976884,2.952758019883));
#7354 = CARTESIAN_POINT('',(6.461743979412,3.46118229684));
#7355 = CARTESIAN_POINT('',(6.544475278601,3.726911205826));
#7356 = CARTESIAN_POINT('',(6.602720486516,4.));
#7357 = ( GEOMETRIC_REPRESENTATION_CONTEXT(2) 
PARAMETRIC_REPRESENTATION_CONTEXT() REPRESENTATION_CONTEXT('2D SPACE',''
  ) );
#7358 = PCURVE('',#6774,#7359);
#7359 = DEFINITIONAL_REPRESENTATION('',(#7360),#7408);
#7360 = B_SPLINE_CURVE_WITH_KNOTS('',3,(#7361,#7362,#7363,#7364,#7365,
    #7366,#7367,#7368,#7369,#7370,#7371,#7372,#7373,#7374,#7375,#7376,
    #7377,#7378,#7379,#7380,#7381,#7382,#7383,#7384,#7385,#7386,#7387,
    #7388,#7389,#7390,#7391,#7392,#7393,#7394,#7395,#7396,#7397,#7398,
    #7399,#7400,#7401,#7402,#7403,#7404,#7405,#7406,#7407),
  .UNSPECIFIED.,.F.,.F.,(4,1,1,1,1,1,1,1,1,1,1,1,1,1,1,1,1,1,1,1,1,1,1,1
    ,1,1,1,1,1,1,1,1,1,1,1,1,1,1,1,1,1,1,1,1,4),(1.791302591763,
    1.809506177517,1.827709763271,1.845913349024,1.864116934778,
    1.882320520531,1.900524106285,1.918727692039,1.936931277792,
    1.955134863546,1.973338449299,1.991542035053,2.009745620807,
    2.02794920656,2.046152792314,2.064356378068,2.082559963821,
    2.100763549575,2.118967135328,2.137170721082,2.155374306836,
    2.173577892589,2.191781478343,2.209985064096,2.22818864985,
    2.246392235604,2.264595821357,2.282799407111,2.301002992864,
    2.319206578618,2.337410164372,2.355613750125,2.373817335879,
    2.392020921633,2.410224507386,2.42842809314,2.446631678893,
    2.464835264647,2.483038850401,2.501242436154,2.519446021908,
    2.537649607661,2.555853193415,2.574056779169,2.592260364922),
  .UNSPECIFIED.);
#7361 = CARTESIAN_POINT('',(1.570796332755,3.14159265359));
#7362 = CARTESIAN_POINT('',(1.570807316102,3.107875325846));
#7363 = CARTESIAN_POINT('',(1.569654151286,3.041080724416));
#7364 = CARTESIAN_POINT('',(1.564396494949,2.944046074014));
#7365 = CARTESIAN_POINT('',(1.555558165586,2.851516832142));
#7366 = CARTESIAN_POINT('',(1.543262271938,2.764452420299));
#7367 = CARTESIAN_POINT('',(1.527723183855,2.683489496596));
#7368 = CARTESIAN_POINT('',(1.509232685444,2.608924096025));
#7369 = CARTESIAN_POINT('',(1.488123064343,2.540769881406));
#7370 = CARTESIAN_POINT('',(1.464739796597,2.478825151855));
#7371 = CARTESIAN_POINT('',(1.439418201783,2.422745345254));
#7372 = CARTESIAN_POINT('',(1.412470916665,2.372099929006));
#7373 = CARTESIAN_POINT('',(1.384168248906,2.326435302461));
#7374 = CARTESIAN_POINT('',(1.354747675628,2.285278534611));
#7375 = CARTESIAN_POINT('',(1.324426374664,2.248168134344));
#7376 = CARTESIAN_POINT('',(1.293392508502,2.214681141565));
#7377 = CARTESIAN_POINT('',(1.261809729296,2.184432995972));
#7378 = CARTESIAN_POINT('',(1.229820953663,2.157080657585));
#7379 = CARTESIAN_POINT('',(1.197542562734,2.132316300493));
#7380 = CARTESIAN_POINT('',(1.16509696683,2.109881266635));
#7381 = CARTESIAN_POINT('',(1.132499971384,2.089500675893));
#7382 = CARTESIAN_POINT('',(1.100089044591,2.071111623521));
#7383 = CARTESIAN_POINT('',(1.066931667381,2.053995444302));
#7384 = CARTESIAN_POINT('',(1.032167965794,2.037672937926));
#7385 = CARTESIAN_POINT('',(0.996324021298,2.022378971708));
#7386 = CARTESIAN_POINT('',(0.959554719053,2.008119019807));
#7387 = CARTESIAN_POINT('',(0.922109019333,1.994929761663));
#7388 = CARTESIAN_POINT('',(0.884200771025,1.982820902747));
#7389 = CARTESIAN_POINT('',(0.846052533845,1.971751710718));
#7390 = CARTESIAN_POINT('',(0.807955091258,1.961681926414));
#7391 = CARTESIAN_POINT('',(0.770019669359,1.952560634253));
#7392 = CARTESIAN_POINT('',(0.733353329328,1.944396837969));
#7393 = CARTESIAN_POINT('',(0.697417490539,1.936993551659));
#7394 = CARTESIAN_POINT('',(0.659929484582,1.929855554953));
#7395 = CARTESIAN_POINT('',(0.621803853197,1.923170139501));
#7396 = CARTESIAN_POINT('',(0.58315563137,1.916945480753));
#7397 = CARTESIAN_POINT('',(0.544294954879,1.911228845689));
#7398 = CARTESIAN_POINT('',(0.505458960278,1.906049728962));
#7399 = CARTESIAN_POINT('',(0.466891285103,1.901389585048));
#7400 = CARTESIAN_POINT('',(0.428902495465,1.897237873837));
#7401 = CARTESIAN_POINT('',(0.391591669456,1.893568601697));
#7402 = CARTESIAN_POINT('',(0.355880693275,1.890427341181));
#7403 = CARTESIAN_POINT('',(0.319230352217,1.887571700949));
#7404 = CARTESIAN_POINT('',(0.281324820258,1.884984794489));
#7405 = CARTESIAN_POINT('',(0.242605372373,1.882709824928));
#7406 = CARTESIAN_POINT('',(0.21639885,1.881418466339));
#7407 = CARTESIAN_POINT('',(0.203244829326,1.880834260898));
#7408 = ( GEOMETRIC_REPRESENTATION_CONTEXT(2) 
PARAMETRIC_REPRESENTATION_CONTEXT() REPRESENTATION_CONTEXT('2D SPACE',''
  ) );
#7409 = ORIENTED_EDGE('',*,*,#7410,.F.);
#7410 = EDGE_CURVE('',#7050,#7318,#7411,.T.);
#7411 = SURFACE_CURVE('',#7412,(#7429,#7449),.PCURVE_S1.);
#7412 = B_SPLINE_CURVE_WITH_KNOTS('',3,(#7413,#7414,#7415,#7416,#7417,
    #7418,#7419,#7420,#7421,#7422,#7423,#7424,#7425,#7426,#7427,#7428),
  .UNSPECIFIED.,.F.,.F.,(4,2,2,2,2,2,2,4),(0.990344818605,1.067189793912
    ,1.154535889137,1.241881984361,1.334428464933,1.426974945506,
    1.609138768634,1.791302591763),.UNSPECIFIED.);
#7413 = CARTESIAN_POINT('',(139.82315738391,23.,-58.65158446651));
#7414 = CARTESIAN_POINT('',(139.78197180243,22.726911205826,
    -58.61039888503));
#7415 = CARTESIAN_POINT('',(139.72347193975,22.46118229684,
    -58.55189902235));
#7416 = CARTESIAN_POINT('',(139.58021351831,21.952758019883,
    -58.40864060091));
#7417 = CARTESIAN_POINT('',(139.47846902432,21.66770719496,
    -58.30689610692));
#7418 = CARTESIAN_POINT('',(139.23574375428,21.133170742438,
    -58.06417083688));
#7419 = CARTESIAN_POINT('',(139.09477766171,20.883671780029,
    -57.92320474431));
#7420 = CARTESIAN_POINT('',(138.8025320518,20.449211841264,
    -57.6309591344));
#7421 = CARTESIAN_POINT('',(138.62253497414,20.226497969315,
    -57.45096205674));
#7422 = CARTESIAN_POINT('',(138.23348156713,19.839050162646,
    -57.06190864973));
#7423 = CARTESIAN_POINT('',(138.02445680842,19.674252828893,
    -56.85288389102));
#7424 = CARTESIAN_POINT('',(137.43431314817,19.297464739204,
    -56.26274023077));
#7425 = CARTESIAN_POINT('',(136.98330184792,19.133229013187,
    -55.81172893052));
#7426 = CARTESIAN_POINT('',(136.05760141279,18.989438128506,
    -54.88602849539));
#7427 = CARTESIAN_POINT('',(135.58369320236,19.,-54.41212028496));
#7428 = CARTESIAN_POINT('',(135.15432895362,19.,-53.98275603622));
#7429 = PCURVE('',#6602,#7430);
#7430 = DEFINITIONAL_REPRESENTATION('',(#7431),#7448);
#7431 = B_SPLINE_CURVE_WITH_KNOTS('',3,(#7432,#7433,#7434,#7435,#7436,
    #7437,#7438,#7439,#7440,#7441,#7442,#7443,#7444,#7445,#7446,#7447),
  .UNSPECIFIED.,.F.,.F.,(4,2,2,2,2,2,2,4),(0.990344818605,1.067189793912
    ,1.154535889137,1.241881984361,1.334428464933,1.426974945506,
    1.609138768634,1.791302591763),.UNSPECIFIED.);
#7432 = CARTESIAN_POINT('',(-6.602720486516,4.));
#7433 = CARTESIAN_POINT('',(-6.544475278601,3.726911205826));
#7434 = CARTESIAN_POINT('',(-6.461743979412,3.46118229684));
#7435 = CARTESIAN_POINT('',(-6.259145976884,2.952758019883));
#7436 = CARTESIAN_POINT('',(-6.115257533581,2.66770719496));
#7437 = CARTESIAN_POINT('',(-5.77199216477,2.133170742438));
#7438 = CARTESIAN_POINT('',(-5.572636004813,1.883671780029));
#7439 = CARTESIAN_POINT('',(-5.159338299742,1.449211841264));
#7440 = CARTESIAN_POINT('',(-4.904783991319,1.226497969315));
#7441 = CARTESIAN_POINT('',(-4.354579386645,0.839050162646));
#7442 = CARTESIAN_POINT('',(-4.058973738002,0.674252828893));
#7443 = CARTESIAN_POINT('',(-3.22438456993,0.297464739204));
#7444 = CARTESIAN_POINT('',(-2.586558272326,0.133229013187));
#7445 = CARTESIAN_POINT('',(-1.277420162282,-1.0561871494E-02));
#7446 = CARTESIAN_POINT('',(-0.607212743763,0.));
#7447 = CARTESIAN_POINT('',(0.,0.));
#7448 = ( GEOMETRIC_REPRESENTATION_CONTEXT(2) 
PARAMETRIC_REPRESENTATION_CONTEXT() REPRESENTATION_CONTEXT('2D SPACE',''
  ) );
#7449 = PCURVE('',#6774,#7450);
#7450 = DEFINITIONAL_REPRESENTATION('',(#7451),#7499);
#7451 = B_SPLINE_CURVE_WITH_KNOTS('',3,(#7452,#7453,#7454,#7455,#7456,
    #7457,#7458,#7459,#7460,#7461,#7462,#7463,#7464,#7465,#7466,#7467,
    #7468,#7469,#7470,#7471,#7472,#7473,#7474,#7475,#7476,#7477,#7478,
    #7479,#7480,#7481,#7482,#7483,#7484,#7485,#7486,#7487,#7488,#7489,
    #7490,#7491,#7492,#7493,#7494,#7495,#7496,#7497,#7498),
  .UNSPECIFIED.,.F.,.F.,(4,1,1,1,1,1,1,1,1,1,1,1,1,1,1,1,1,1,1,1,1,1,1,1
    ,1,1,1,1,1,1,1,1,1,1,1,1,1,1,1,1,1,1,1,1,4),(0.990344818605,
    1.008548404358,1.026751990112,1.044955575865,1.063159161619,
    1.081362747373,1.099566333126,1.11776991888,1.135973504633,
    1.154177090387,1.172380676141,1.190584261894,1.208787847648,
    1.226991433401,1.245195019155,1.263398604909,1.281602190662,
    1.299805776416,1.31800936217,1.336212947923,1.354416533677,
    1.37262011943,1.390823705184,1.409027290938,1.427230876691,
    1.445434462445,1.463638048198,1.481841633952,1.500045219706,
    1.518248805459,1.536452391213,1.554655976966,1.57285956272,
    1.591063148474,1.609266734227,1.627470319981,1.645673905734,
    1.663877491488,1.682081077242,1.700284662995,1.718488248749,
    1.736691834503,1.754895420256,1.77309900601,1.791302591763),
  .UNSPECIFIED.);
#7452 = CARTESIAN_POINT('',(0.203244829326,-1.880834260898));
#7453 = CARTESIAN_POINT('',(0.21639885,-1.881418466339));
#7454 = CARTESIAN_POINT('',(0.242605372373,-1.882709824928));
#7455 = CARTESIAN_POINT('',(0.281324820258,-1.884984794489));
#7456 = CARTESIAN_POINT('',(0.319230352217,-1.887571700949));
#7457 = CARTESIAN_POINT('',(0.355880693275,-1.890427341181));
#7458 = CARTESIAN_POINT('',(0.391591669456,-1.893568601697));
#7459 = CARTESIAN_POINT('',(0.428902495465,-1.897237873837));
#7460 = CARTESIAN_POINT('',(0.466891285103,-1.901389585048));
#7461 = CARTESIAN_POINT('',(0.505458960278,-1.906049728962));
#7462 = CARTESIAN_POINT('',(0.544294954879,-1.911228845689));
#7463 = CARTESIAN_POINT('',(0.58315563137,-1.916945480753));
#7464 = CARTESIAN_POINT('',(0.621803853197,-1.923170139501));
#7465 = CARTESIAN_POINT('',(0.659929484582,-1.929855554953));
#7466 = CARTESIAN_POINT('',(0.697417490539,-1.936993551659));
#7467 = CARTESIAN_POINT('',(0.733353329328,-1.944396837969));
#7468 = CARTESIAN_POINT('',(0.770019669359,-1.952560634253));
#7469 = CARTESIAN_POINT('',(0.807955091258,-1.961681926414));
#7470 = CARTESIAN_POINT('',(0.846052533845,-1.971751710718));
#7471 = CARTESIAN_POINT('',(0.884200771025,-1.982820902747));
#7472 = CARTESIAN_POINT('',(0.922109019333,-1.994929761663));
#7473 = CARTESIAN_POINT('',(0.959554719053,-2.008119019807));
#7474 = CARTESIAN_POINT('',(0.996324021298,-2.022378971708));
#7475 = CARTESIAN_POINT('',(1.032167965794,-2.037672937926));
#7476 = CARTESIAN_POINT('',(1.066931667381,-2.053995444302));
#7477 = CARTESIAN_POINT('',(1.100089044591,-2.071111623521));
#7478 = CARTESIAN_POINT('',(1.132499971384,-2.089500675893));
#7479 = CARTESIAN_POINT('',(1.16509696683,-2.109881266635));
#7480 = CARTESIAN_POINT('',(1.197542562734,-2.132316300493));
#7481 = CARTESIAN_POINT('',(1.229820953663,-2.157080657585));
#7482 = CARTESIAN_POINT('',(1.261809729296,-2.184432995972));
#7483 = CARTESIAN_POINT('',(1.293392508502,-2.214681141565));
#7484 = CARTESIAN_POINT('',(1.324426374664,-2.248168134344));
#7485 = CARTESIAN_POINT('',(1.354747675628,-2.285278534611));
#7486 = CARTESIAN_POINT('',(1.384168248906,-2.326435302461));
#7487 = CARTESIAN_POINT('',(1.412470916665,-2.372099929006));
#7488 = CARTESIAN_POINT('',(1.439418201783,-2.422745345254));
#7489 = CARTESIAN_POINT('',(1.464739796597,-2.478825151855));
#7490 = CARTESIAN_POINT('',(1.488123064343,-2.540769881406));
#7491 = CARTESIAN_POINT('',(1.509232685444,-2.608924096025));
#7492 = CARTESIAN_POINT('',(1.527723183855,-2.683489496596));
#7493 = CARTESIAN_POINT('',(1.543262271938,-2.764452420299));
#7494 = CARTESIAN_POINT('',(1.555558165586,-2.851516832142));
#7495 = CARTESIAN_POINT('',(1.564396494949,-2.944046074014));
#7496 = CARTESIAN_POINT('',(1.569654151286,-3.041080724416));
#7497 = CARTESIAN_POINT('',(1.570807316102,-3.107875325846));
#7498 = CARTESIAN_POINT('',(1.570796332755,-3.14159265359));
#7499 = ( GEOMETRIC_REPRESENTATION_CONTEXT(2) 
PARAMETRIC_REPRESENTATION_CONTEXT() REPRESENTATION_CONTEXT('2D SPACE',''
  ) );
#7500 = ORIENTED_EDGE('',*,*,#7049,.F.);
#7501 = ADVANCED_FACE('',(#7502),#7012,.T.);
#7502 = FACE_BOUND('',#7503,.T.);
#7503 = EDGE_LOOP('',(#7504,#7505,#7526,#7527));
#7504 = ORIENTED_EDGE('',*,*,#6996,.T.);
#7505 = ORIENTED_EDGE('',*,*,#7506,.F.);
#7506 = EDGE_CURVE('',#7272,#6969,#7507,.T.);
#7507 = SURFACE_CURVE('',#7508,(#7512,#7519),.PCURVE_S1.);
#7508 = LINE('',#7509,#7510);
#7509 = CARTESIAN_POINT('',(78.585786722118,23.,2.585786195282));
#7510 = VECTOR('',#7511,1.);
#7511 = DIRECTION('',(0.707106781187,9.95799250103E-17,0.707106781187));
#7512 = PCURVE('',#7012,#7513);
#7513 = DEFINITIONAL_REPRESENTATION('',(#7514),#7518);
#7514 = LINE('',#7515,#7516);
#7515 = CARTESIAN_POINT('',(3.983197000412E-16,4.));
#7516 = VECTOR('',#7517,1.);
#7517 = DIRECTION('',(1.,2.904405458073E-33));
#7518 = ( GEOMETRIC_REPRESENTATION_CONTEXT(2) 
PARAMETRIC_REPRESENTATION_CONTEXT() REPRESENTATION_CONTEXT('2D SPACE',''
  ) );
#7519 = PCURVE('',#6984,#7520);
#7520 = DEFINITIONAL_REPRESENTATION('',(#7521),#7525);
#7521 = LINE('',#7522,#7523);
#7522 = CARTESIAN_POINT('',(-40.00009948372,-2.000000014901));
#7523 = VECTOR('',#7524,1.);
#7524 = DIRECTION('',(1.014653635757E-17,1.));
#7525 = ( GEOMETRIC_REPRESENTATION_CONTEXT(2) 
PARAMETRIC_REPRESENTATION_CONTEXT() REPRESENTATION_CONTEXT('2D SPACE',''
  ) );
#7526 = ORIENTED_EDGE('',*,*,#7271,.T.);
#7527 = ORIENTED_EDGE('',*,*,#7245,.F.);
#7528 = ADVANCED_FACE('',(#7529),#6984,.F.);
#7529 = FACE_BOUND('',#7530,.T.);
#7530 = EDGE_LOOP('',(#7531,#7579,#7580,#7581));
#7531 = ORIENTED_EDGE('',*,*,#7532,.F.);
#7532 = EDGE_CURVE('',#7295,#6872,#7533,.T.);
#7533 = SURFACE_CURVE('',#7534,(#7539,#7550),.PCURVE_S1.);
#7534 = CIRCLE('',#7535,6.898979485566);
#7535 = AXIS2_PLACEMENT_3D('',#7536,#7537,#7538);
#7536 = CARTESIAN_POINT('',(136.56854253707,23.,-52.56854245277));
#7537 = DIRECTION('',(-7.041364024483E-17,1.,-7.041364024483E-17));
#7538 = DIRECTION('',(0.707106781187,9.95799250103E-17,0.707106781187));
#7539 = PCURVE('',#6984,#7540);
#7540 = DEFINITIONAL_REPRESENTATION('',(#7541),#7549);
#7541 = ( BOUNDED_CURVE() B_SPLINE_CURVE(2,(#7542,#7543,#7544,#7545,
#7546,#7547,#7548),.UNSPECIFIED.,.T.,.F.) B_SPLINE_CURVE_WITH_KNOTS((1,2
    ,2,2,2,1),(-2.094395102393,0.,2.094395102393,4.188790204786,
6.28318530718,8.377580409573),.UNSPECIFIED.) CURVE() 
GEOMETRIC_REPRESENTATION_ITEM() RATIONAL_B_SPLINE_CURVE((1.,0.5,1.,0.5,
1.,0.5,1.)) REPRESENTATION_ITEM('') );
#7542 = CARTESIAN_POINT('',(39.999900143742,6.898979500468));
#7543 = CARTESIAN_POINT('',(51.949283133118,6.898979500468));
#7544 = CARTESIAN_POINT('',(45.97459163843,-3.449489727881));
#7545 = CARTESIAN_POINT('',(39.999900143742,-13.79795895623));
#7546 = CARTESIAN_POINT('',(34.025208649054,-3.449489727881));
#7547 = CARTESIAN_POINT('',(28.050517154366,6.898979500468));
#7548 = CARTESIAN_POINT('',(39.999900143742,6.898979500468));
#7549 = ( GEOMETRIC_REPRESENTATION_CONTEXT(2) 
PARAMETRIC_REPRESENTATION_CONTEXT() REPRESENTATION_CONTEXT('2D SPACE',''
  ) );
#7550 = PCURVE('',#6774,#7551);
#7551 = DEFINITIONAL_REPRESENTATION('',(#7552),#7578);
#7552 = B_SPLINE_CURVE_WITH_KNOTS('',3,(#7553,#7554,#7555,#7556,#7557,
    #7558,#7559,#7560,#7561,#7562,#7563,#7564,#7565,#7566,#7567,#7568,
    #7569,#7570,#7571,#7572,#7573,#7574,#7575,#7576,#7577),
  .UNSPECIFIED.,.F.,.F.,(4,1,1,1,1,1,1,1,1,1,1,1,1,1,1,1,1,1,1,1,1,1,4),
  (4.418268770257,4.445006970768,4.471745171278,4.498483371788,
    4.525221572299,4.551959772809,4.578697973319,4.60543617383,
    4.63217437434,4.65891257485,4.685650775361,4.712388975871,
    4.739127176381,4.765865376892,4.792603577402,4.819341777912,
    4.846079978423,4.872818178933,4.899556379443,4.926294579954,
    4.953032780464,4.979770980974,5.006509181485),.UNSPECIFIED.);
#7553 = CARTESIAN_POINT('',(0.203244829326,1.880834260898));
#7554 = CARTESIAN_POINT('',(0.203244829326,1.871853352653));
#7555 = CARTESIAN_POINT('',(0.203244829326,1.85383143135));
#7556 = CARTESIAN_POINT('',(0.203244829326,1.826606306936));
#7557 = CARTESIAN_POINT('',(0.203244829326,1.799177134043));
#7558 = CARTESIAN_POINT('',(0.203244829326,1.771531679633));
#7559 = CARTESIAN_POINT('',(0.203244829326,1.743657339733));
#7560 = CARTESIAN_POINT('',(0.203244829326,1.715541323831));
#7561 = CARTESIAN_POINT('',(0.203244829326,1.687169713418));
#7562 = CARTESIAN_POINT('',(0.203244829326,1.658530887512));
#7563 = CARTESIAN_POINT('',(0.203244829326,1.629602597303));
#7564 = CARTESIAN_POINT('',(0.203244829326,1.60040006773));
#7565 = CARTESIAN_POINT('',(0.203244829326,1.57079633184));
#7566 = CARTESIAN_POINT('',(0.203244829326,1.54119259576));
#7567 = CARTESIAN_POINT('',(0.203244829326,1.511990066105));
#7568 = CARTESIAN_POINT('',(0.203244829326,1.483061775793));
#7569 = CARTESIAN_POINT('',(0.203244829326,1.454422949795));
#7570 = CARTESIAN_POINT('',(0.203244829326,1.426051339294));
#7571 = CARTESIAN_POINT('',(0.203244829326,1.397935323307));
#7572 = CARTESIAN_POINT('',(0.203244829326,1.370060983328));
#7573 = CARTESIAN_POINT('',(0.203244829326,1.342415528844));
#7574 = CARTESIAN_POINT('',(0.203244829326,1.314986355879));
#7575 = CARTESIAN_POINT('',(0.203244829326,1.287761231398));
#7576 = CARTESIAN_POINT('',(0.203244829326,1.269739310054));
#7577 = CARTESIAN_POINT('',(0.203244829326,1.260758401788));
#7578 = ( GEOMETRIC_REPRESENTATION_CONTEXT(2) 
PARAMETRIC_REPRESENTATION_CONTEXT() REPRESENTATION_CONTEXT('2D SPACE',''
  ) );
#7579 = ORIENTED_EDGE('',*,*,#7294,.T.);
#7580 = ORIENTED_EDGE('',*,*,#7506,.T.);
#7581 = ORIENTED_EDGE('',*,*,#6968,.T.);
#7582 = ADVANCED_FACE('',(#7583),#6774,.F.);
#7583 = FACE_BOUND('',#7584,.F.);
#7584 = EDGE_LOOP('',(#7585,#7586,#7587,#7588,#7656,#7707,#7751,#7752,
    #7753,#7754));
#7585 = ORIENTED_EDGE('',*,*,#6871,.F.);
#7586 = ORIENTED_EDGE('',*,*,#7532,.F.);
#7587 = ORIENTED_EDGE('',*,*,#7317,.F.);
#7588 = ORIENTED_EDGE('',*,*,#7589,.T.);
#7589 = EDGE_CURVE('',#7318,#7590,#7592,.T.);
#7590 = VERTEX_POINT('',#7591);
#7591 = CARTESIAN_POINT('',(131.61879506876,24.,-57.51828992108));
#7592 = SEAM_CURVE('',#7593,(#7598,#7627),.PCURVE_S1.);
#7593 = CIRCLE('',#7594,5.);
#7594 = AXIS2_PLACEMENT_3D('',#7595,#7596,#7597);
#7595 = CARTESIAN_POINT('',(135.15432897469,24.,-53.98275601515));
#7596 = DIRECTION('',(0.707106781187,1.219502364232E-32,-0.707106781187)
  );
#7597 = DIRECTION('',(-0.707106781187,-6.040407428518E-66,
    -0.707106781187));
#7598 = PCURVE('',#6774,#7599);
#7599 = DEFINITIONAL_REPRESENTATION('',(#7600),#7626);
#7600 = B_SPLINE_CURVE_WITH_KNOTS('',3,(#7601,#7602,#7603,#7604,#7605,
    #7606,#7607,#7608,#7609,#7610,#7611,#7612,#7613,#7614,#7615,#7616,
    #7617,#7618,#7619,#7620,#7621,#7622,#7623,#7624,#7625),
  .UNSPECIFIED.,.F.,.F.,(4,1,1,1,1,1,1,1,1,1,1,1,1,1,1,1,1,1,1,1,1,1,4),
  (4.712388986345,4.78378881911,4.855188651876,4.926588484641,
    4.997988317406,5.069388150171,5.140787982936,5.212187815702,
    5.283587648467,5.354987481232,5.426387313997,5.497787146762,
    5.569186979528,5.640586812293,5.711986645058,5.783386477823,
    5.854786310588,5.926186143354,5.997585976119,6.068985808884,
    6.140385641649,6.211785474414,6.28318530718),.QUASI_UNIFORM_KNOTS.);
#7601 = CARTESIAN_POINT('',(1.570796332755,3.14159265359));
#7602 = CARTESIAN_POINT('',(1.546374188812,3.14159265359));
#7603 = CARTESIAN_POINT('',(1.497874036209,3.14159265359));
#7604 = CARTESIAN_POINT('',(1.425961900279,3.14159265359));
#7605 = CARTESIAN_POINT('',(1.354690717033,3.14159265359));
#7606 = CARTESIAN_POINT('',(1.283873242132,3.14159265359));
#7607 = CARTESIAN_POINT('',(1.213325905134,3.14159265359));
#7608 = CARTESIAN_POINT('',(1.142868750308,3.14159265359));
#7609 = CARTESIAN_POINT('',(1.072320369515,3.14159265359));
#7610 = CARTESIAN_POINT('',(1.001507069525,3.14159265359));
#7611 = CARTESIAN_POINT('',(0.930220229885,3.14159265359));
#7612 = CARTESIAN_POINT('',(0.858366543797,3.14159265359));
#7613 = CARTESIAN_POINT('',(0.785398170808,3.14159265359));
#7614 = CARTESIAN_POINT('',(0.712429771238,3.14159265359));
#7615 = CARTESIAN_POINT('',(0.640576092436,3.14159265359));
#7616 = CARTESIAN_POINT('',(0.569289250969,3.14159265359));
#7617 = CARTESIAN_POINT('',(0.498475951552,3.14159265359));
#7618 = CARTESIAN_POINT('',(0.427927570655,3.14159265359));
#7619 = CARTESIAN_POINT('',(0.357470415852,3.14159265359));
#7620 = CARTESIAN_POINT('',(0.286923078868,3.14159265359));
#7621 = CARTESIAN_POINT('',(0.216105603707,3.14159265359));
#7622 = CARTESIAN_POINT('',(0.14483442112,3.14159265359));
#7623 = CARTESIAN_POINT('',(7.292228226711E-02,3.14159265359));
#7624 = CARTESIAN_POINT('',(2.442213652502E-02,3.14159265359));
#7625 = CARTESIAN_POINT('',(-1.394118950144E-16,3.14159265359));
#7626 = ( GEOMETRIC_REPRESENTATION_CONTEXT(2) 
PARAMETRIC_REPRESENTATION_CONTEXT() REPRESENTATION_CONTEXT('2D SPACE',''
  ) );
#7627 = PCURVE('',#6774,#7628);
#7628 = DEFINITIONAL_REPRESENTATION('',(#7629),#7655);
#7629 = B_SPLINE_CURVE_WITH_KNOTS('',3,(#7630,#7631,#7632,#7633,#7634,
    #7635,#7636,#7637,#7638,#7639,#7640,#7641,#7642,#7643,#7644,#7645,
    #7646,#7647,#7648,#7649,#7650,#7651,#7652,#7653,#7654),
  .UNSPECIFIED.,.F.,.F.,(4,1,1,1,1,1,1,1,1,1,1,1,1,1,1,1,1,1,1,1,1,1,4),
  (4.712388986345,4.78378881911,4.855188651876,4.926588484641,
    4.997988317406,5.069388150171,5.140787982936,5.212187815702,
    5.283587648467,5.354987481232,5.426387313997,5.497787146762,
    5.569186979528,5.640586812293,5.711986645058,5.783386477823,
    5.854786310588,5.926186143354,5.997585976119,6.068985808884,
    6.140385641649,6.211785474414,6.28318530718),.QUASI_UNIFORM_KNOTS.);
#7630 = CARTESIAN_POINT('',(1.570796332755,-3.14159265359));
#7631 = CARTESIAN_POINT('',(1.546374188812,-3.14159265359));
#7632 = CARTESIAN_POINT('',(1.497874036209,-3.14159265359));
#7633 = CARTESIAN_POINT('',(1.425961900279,-3.14159265359));
#7634 = CARTESIAN_POINT('',(1.354690717033,-3.14159265359));
#7635 = CARTESIAN_POINT('',(1.283873242132,-3.14159265359));
#7636 = CARTESIAN_POINT('',(1.213325905134,-3.14159265359));
#7637 = CARTESIAN_POINT('',(1.142868750308,-3.14159265359));
#7638 = CARTESIAN_POINT('',(1.072320369515,-3.14159265359));
#7639 = CARTESIAN_POINT('',(1.001507069525,-3.14159265359));
#7640 = CARTESIAN_POINT('',(0.930220229885,-3.14159265359));
#7641 = CARTESIAN_POINT('',(0.858366543797,-3.14159265359));
#7642 = CARTESIAN_POINT('',(0.785398170808,-3.14159265359));
#7643 = CARTESIAN_POINT('',(0.712429771238,-3.14159265359));
#7644 = CARTESIAN_POINT('',(0.640576092436,-3.14159265359));
#7645 = CARTESIAN_POINT('',(0.569289250969,-3.14159265359));
#7646 = CARTESIAN_POINT('',(0.498475951552,-3.14159265359));
#7647 = CARTESIAN_POINT('',(0.427927570655,-3.14159265359));
#7648 = CARTESIAN_POINT('',(0.357470415852,-3.14159265359));
#7649 = CARTESIAN_POINT('',(0.286923078868,-3.14159265359));
#7650 = CARTESIAN_POINT('',(0.216105603707,-3.14159265359));
#7651 = CARTESIAN_POINT('',(0.14483442112,-3.14159265359));
#7652 = CARTESIAN_POINT('',(7.292228226711E-02,-3.14159265359));
#7653 = CARTESIAN_POINT('',(2.442213652502E-02,-3.14159265359));
#7654 = CARTESIAN_POINT('',(-1.394118950144E-16,-3.14159265359));
#7655 = ( GEOMETRIC_REPRESENTATION_CONTEXT(2) 
PARAMETRIC_REPRESENTATION_CONTEXT() REPRESENTATION_CONTEXT('2D SPACE',''
  ) );
#7656 = ORIENTED_EDGE('',*,*,#7657,.F.);
#7657 = EDGE_CURVE('',#7658,#7590,#7660,.T.);
#7658 = VERTEX_POINT('',#7659);
#7659 = CARTESIAN_POINT('',(141.51829000537,24.,-57.51828992108));
#7660 = SURFACE_CURVE('',#7661,(#7666,#7695),.PCURVE_S1.);
#7661 = CIRCLE('',#7662,7.);
#7662 = AXIS2_PLACEMENT_3D('',#7663,#7664,#7665);
#7663 = CARTESIAN_POINT('',(136.56854253707,24.,-52.56854245277));
#7664 = DIRECTION('',(7.041364024483E-17,-1.,7.041364024483E-17));
#7665 = DIRECTION('',(0.707106781187,-1.219502364232E-32,-0.707106781187
    ));
#7666 = PCURVE('',#6774,#7667);
#7667 = DEFINITIONAL_REPRESENTATION('',(#7668),#7694);
#7668 = B_SPLINE_CURVE_WITH_KNOTS('',3,(#7669,#7670,#7671,#7672,#7673,
    #7674,#7675,#7676,#7677,#7678,#7679,#7680,#7681,#7682,#7683,#7684,
    #7685,#7686,#7687,#7688,#7689,#7690,#7691,#7692,#7693),
  .UNSPECIFIED.,.F.,.F.,(4,1,1,1,1,1,1,1,1,1,1,1,1,1,1,1,1,1,1,1,1,1,4),
  (0.,0.214199499108,0.428398998217,0.642598497325,0.856797996434,
    1.070997495542,1.28519699465,1.499396493759,1.713595992867,
    1.927795491976,2.141994991084,2.356194490192,2.570393989301,
    2.784593488409,2.998792987518,3.212992486626,3.427191985734,
    3.641391484843,3.855590983951,4.06979048306,4.283989982168,
    4.498189481276,4.712388980385),.UNSPECIFIED.);
#7669 = CARTESIAN_POINT('',(-1.394118950144E-16,-1.570796326795));
#7670 = CARTESIAN_POINT('',(-1.394118950144E-16,-1.491600902977));
#7671 = CARTESIAN_POINT('',(-1.394118950144E-16,-1.339806414379));
#7672 = CARTESIAN_POINT('',(-1.394118950144E-16,-1.126169628765));
#7673 = CARTESIAN_POINT('',(-1.394118950144E-16,-0.920488978282));
#7674 = CARTESIAN_POINT('',(-1.394118950144E-16,-0.717942038876));
#7675 = CARTESIAN_POINT('',(-1.394118950144E-16,-0.513811497476));
#7676 = CARTESIAN_POINT('',(-1.394118950144E-16,-0.303476509462));
#7677 = CARTESIAN_POINT('',(-1.394118950144E-16,-8.093848883122E-02));
#7678 = CARTESIAN_POINT('',(-1.394118950144E-16,0.158136193241));
#7679 = CARTESIAN_POINT('',(-1.394118950144E-16,0.374248904887));
#7680 = CARTESIAN_POINT('',(-1.394118950144E-16,0.582404656046));
#7681 = CARTESIAN_POINT('',(-1.394118950144E-16,0.785398163397));
#7682 = CARTESIAN_POINT('',(-1.394118950144E-16,0.988391670749));
#7683 = CARTESIAN_POINT('',(-1.394118950144E-16,1.196547421908));
#7684 = CARTESIAN_POINT('',(-1.394118950144E-16,1.412660133553));
#7685 = CARTESIAN_POINT('',(-1.394118950144E-16,1.651734815626));
#7686 = CARTESIAN_POINT('',(-1.394118950144E-16,1.874272836257));
#7687 = CARTESIAN_POINT('',(-1.394118950144E-16,2.084607824271));
#7688 = CARTESIAN_POINT('',(-1.394118950144E-16,2.288738365671));
#7689 = CARTESIAN_POINT('',(-1.394118950144E-16,2.491285305077));
#7690 = CARTESIAN_POINT('',(-1.394118950144E-16,2.696965955559));
#7691 = CARTESIAN_POINT('',(-1.394118950144E-16,2.910602741174));
#7692 = CARTESIAN_POINT('',(-1.394118950144E-16,3.062397229772));
#7693 = CARTESIAN_POINT('',(-1.394118950144E-16,3.14159265359));
#7694 = ( GEOMETRIC_REPRESENTATION_CONTEXT(2) 
PARAMETRIC_REPRESENTATION_CONTEXT() REPRESENTATION_CONTEXT('2D SPACE',''
  ) );
#7695 = PCURVE('',#7696,#7701);
#7696 = CYLINDRICAL_SURFACE('',#7697,7.);
#7697 = AXIS2_PLACEMENT_3D('',#7698,#7699,#7700);
#7698 = CARTESIAN_POINT('',(136.56854253707,26.5,-52.56854245277));
#7699 = DIRECTION('',(7.041364024483E-17,-1.,7.041364024483E-17));
#7700 = DIRECTION('',(-0.707106781187,0.,0.707106781187));
#7701 = DEFINITIONAL_REPRESENTATION('',(#7702),#7706);
#7702 = LINE('',#7703,#7704);
#7703 = CARTESIAN_POINT('',(-3.14159265359,2.5));
#7704 = VECTOR('',#7705,1.);
#7705 = DIRECTION('',(1.,0.));
#7706 = ( GEOMETRIC_REPRESENTATION_CONTEXT(2) 
PARAMETRIC_REPRESENTATION_CONTEXT() REPRESENTATION_CONTEXT('2D SPACE',''
  ) );
#7707 = ORIENTED_EDGE('',*,*,#7708,.F.);
#7708 = EDGE_CURVE('',#7590,#7658,#7709,.T.);
#7709 = SURFACE_CURVE('',#7710,(#7715,#7744),.PCURVE_S1.);
#7710 = CIRCLE('',#7711,7.);
#7711 = AXIS2_PLACEMENT_3D('',#7712,#7713,#7714);
#7712 = CARTESIAN_POINT('',(136.56854253707,24.,-52.56854245277));
#7713 = DIRECTION('',(7.041364024483E-17,-1.,7.041364024483E-17));
#7714 = DIRECTION('',(0.707106781187,-1.219502364232E-32,-0.707106781187
    ));
#7715 = PCURVE('',#6774,#7716);
#7716 = DEFINITIONAL_REPRESENTATION('',(#7717),#7743);
#7717 = B_SPLINE_CURVE_WITH_KNOTS('',3,(#7718,#7719,#7720,#7721,#7722,
    #7723,#7724,#7725,#7726,#7727,#7728,#7729,#7730,#7731,#7732,#7733,
    #7734,#7735,#7736,#7737,#7738,#7739,#7740,#7741,#7742),
  .UNSPECIFIED.,.F.,.F.,(4,1,1,1,1,1,1,1,1,1,1,1,1,1,1,1,1,1,1,1,1,1,4),
  (4.712388980385,4.783788813421,4.855188646457,4.926588479493,
    4.997988312529,5.069388145565,5.140787978601,5.212187811638,
    5.283587644674,5.35498747771,5.426387310746,5.497787143782,
    5.569186976818,5.640586809854,5.711986642891,5.783386475927,
    5.854786308963,5.926186141999,5.997585975035,6.068985808071,
    6.140385641107,6.211785474143,6.28318530718),.UNSPECIFIED.);
#7718 = CARTESIAN_POINT('',(-1.394118950144E-16,-3.14159265359));
#7719 = CARTESIAN_POINT('',(-1.394118950144E-16,-3.115159605062));
#7720 = CARTESIAN_POINT('',(-1.394118950144E-16,-3.063067440961));
#7721 = CARTESIAN_POINT('',(-1.394118950144E-16,-2.986986199037));
#7722 = CARTESIAN_POINT('',(-1.394118950144E-16,-2.912688495409));
#7723 = CARTESIAN_POINT('',(-1.394118950144E-16,-2.839931213656));
#7724 = CARTESIAN_POINT('',(-1.394118950144E-16,-2.768486547351));
#7725 = CARTESIAN_POINT('',(-1.394118950144E-16,-2.698142049645));
#7726 = CARTESIAN_POINT('',(-1.394118950144E-16,-2.628697122557));
#7727 = CARTESIAN_POINT('',(-1.394118950144E-16,-2.559960843422));
#7728 = CARTESIAN_POINT('',(-1.394118950144E-16,-2.491749732825));
#7729 = CARTESIAN_POINT('',(-1.394118950144E-16,-2.423885766815));
#7730 = CARTESIAN_POINT('',(-1.394118950144E-16,-2.356194490192));
#7731 = CARTESIAN_POINT('',(-1.394118950144E-16,-2.28850321357));
#7732 = CARTESIAN_POINT('',(-1.394118950144E-16,-2.22063924756));
#7733 = CARTESIAN_POINT('',(-1.394118950144E-16,-2.152428136962));
#7734 = CARTESIAN_POINT('',(-1.394118950144E-16,-2.083691857828));
#7735 = CARTESIAN_POINT('',(-1.394118950144E-16,-2.014246930739));
#7736 = CARTESIAN_POINT('',(-1.394118950144E-16,-1.943902433034));
#7737 = CARTESIAN_POINT('',(-1.394118950144E-16,-1.872457766729));
#7738 = CARTESIAN_POINT('',(-1.394118950144E-16,-1.799700484976));
#7739 = CARTESIAN_POINT('',(-1.394118950144E-16,-1.725402781348));
#7740 = CARTESIAN_POINT('',(-1.394118950144E-16,-1.649321539424));
#7741 = CARTESIAN_POINT('',(-1.394118950144E-16,-1.597229375323));
#7742 = CARTESIAN_POINT('',(-1.394118950144E-16,-1.570796326795));
#7743 = ( GEOMETRIC_REPRESENTATION_CONTEXT(2) 
PARAMETRIC_REPRESENTATION_CONTEXT() REPRESENTATION_CONTEXT('2D SPACE',''
  ) );
#7744 = PCURVE('',#7696,#7745);
#7745 = DEFINITIONAL_REPRESENTATION('',(#7746),#7750);
#7746 = LINE('',#7747,#7748);
#7747 = CARTESIAN_POINT('',(-3.14159265359,2.5));
#7748 = VECTOR('',#7749,1.);
#7749 = DIRECTION('',(1.,0.));
#7750 = ( GEOMETRIC_REPRESENTATION_CONTEXT(2) 
PARAMETRIC_REPRESENTATION_CONTEXT() REPRESENTATION_CONTEXT('2D SPACE',''
  ) );
#7751 = ORIENTED_EDGE('',*,*,#7589,.F.);
#7752 = ORIENTED_EDGE('',*,*,#7410,.F.);
#7753 = ORIENTED_EDGE('',*,*,#7072,.F.);
#7754 = ORIENTED_EDGE('',*,*,#6732,.F.);
#7755 = ADVANCED_FACE('',(#7756),#7696,.T.);
#7756 = FACE_BOUND('',#7757,.T.);
#7757 = EDGE_LOOP('',(#7758,#7759,#7782,#7804,#7805));
#7758 = ORIENTED_EDGE('',*,*,#7657,.F.);
#7759 = ORIENTED_EDGE('',*,*,#7760,.T.);
#7760 = EDGE_CURVE('',#7658,#7761,#7763,.T.);
#7761 = VERTEX_POINT('',#7762);
#7762 = CARTESIAN_POINT('',(141.51829000537,34.,-57.51828992108));
#7763 = SEAM_CURVE('',#7764,(#7768,#7775),.PCURVE_S1.);
#7764 = LINE('',#7765,#7766);
#7765 = CARTESIAN_POINT('',(141.51829000537,26.5,-57.51828992108));
#7766 = VECTOR('',#7767,1.);
#7767 = DIRECTION('',(-7.041364024483E-17,1.,-7.041364024483E-17));
#7768 = PCURVE('',#7696,#7769);
#7769 = DEFINITIONAL_REPRESENTATION('',(#7770),#7774);
#7770 = LINE('',#7771,#7772);
#7771 = CARTESIAN_POINT('',(-3.14159265359,0.));
#7772 = VECTOR('',#7773,1.);
#7773 = DIRECTION('',(0.,-1.));
#7774 = ( GEOMETRIC_REPRESENTATION_CONTEXT(2) 
PARAMETRIC_REPRESENTATION_CONTEXT() REPRESENTATION_CONTEXT('2D SPACE',''
  ) );
#7775 = PCURVE('',#7696,#7776);
#7776 = DEFINITIONAL_REPRESENTATION('',(#7777),#7781);
#7777 = LINE('',#7778,#7779);
#7778 = CARTESIAN_POINT('',(3.14159265359,0.));
#7779 = VECTOR('',#7780,1.);
#7780 = DIRECTION('',(0.,-1.));
#7781 = ( GEOMETRIC_REPRESENTATION_CONTEXT(2) 
PARAMETRIC_REPRESENTATION_CONTEXT() REPRESENTATION_CONTEXT('2D SPACE',''
  ) );
#7782 = ORIENTED_EDGE('',*,*,#7783,.F.);
#7783 = EDGE_CURVE('',#7761,#7761,#7784,.T.);
#7784 = SURFACE_CURVE('',#7785,(#7790,#7797),.PCURVE_S1.);
#7785 = CIRCLE('',#7786,7.);
#7786 = AXIS2_PLACEMENT_3D('',#7787,#7788,#7789);
#7787 = CARTESIAN_POINT('',(136.56854253707,34.,-52.56854245277));
#7788 = DIRECTION('',(-7.041364024483E-17,1.,-7.041364024483E-17));
#7789 = DIRECTION('',(-0.707106781187,0.,0.707106781187));
#7790 = PCURVE('',#7696,#7791);
#7791 = DEFINITIONAL_REPRESENTATION('',(#7792),#7796);
#7792 = LINE('',#7793,#7794);
#7793 = CARTESIAN_POINT('',(6.28318530718,-7.5));
#7794 = VECTOR('',#7795,1.);
#7795 = DIRECTION('',(-1.,0.));
#7796 = ( GEOMETRIC_REPRESENTATION_CONTEXT(2) 
PARAMETRIC_REPRESENTATION_CONTEXT() REPRESENTATION_CONTEXT('2D SPACE',''
  ) );
#7797 = PCURVE('',#7197,#7798);
#7798 = DEFINITIONAL_REPRESENTATION('',(#7799),#7803);
#7799 = CIRCLE('',#7800,7.);
#7800 = AXIS2_PLACEMENT_2D('',#7801,#7802);
#7801 = CARTESIAN_POINT('',(0.,0.));
#7802 = DIRECTION('',(-1.,1.014653635757E-17));
#7803 = ( GEOMETRIC_REPRESENTATION_CONTEXT(2) 
PARAMETRIC_REPRESENTATION_CONTEXT() REPRESENTATION_CONTEXT('2D SPACE',''
  ) );
#7804 = ORIENTED_EDGE('',*,*,#7760,.F.);
#7805 = ORIENTED_EDGE('',*,*,#7708,.F.);
#7806 = ADVANCED_FACE('',(#7807,#7810),#7197,.T.);
#7807 = FACE_BOUND('',#7808,.T.);
#7808 = EDGE_LOOP('',(#7809));
#7809 = ORIENTED_EDGE('',*,*,#7783,.T.);
#7810 = FACE_BOUND('',#7811,.T.);
#7811 = EDGE_LOOP('',(#7812));
#7812 = ORIENTED_EDGE('',*,*,#7182,.T.);
#7813 = ( GEOMETRIC_REPRESENTATION_CONTEXT(3) 
GLOBAL_UNCERTAINTY_ASSIGNED_CONTEXT((#7817)) 
GLOBAL_UNIT_ASSIGNED_CONTEXT((#7814,#7815,#7816)) REPRESENTATION_CONTEXT
('Context #1','3D Context with UNIT and UNCERTAINTY') );
#7814 = ( LENGTH_UNIT() NAMED_UNIT(*) SI_UNIT(.MILLI.,.METRE.) );
#7815 = ( NAMED_UNIT(*) PLANE_ANGLE_UNIT() SI_UNIT($,.RADIAN.) );
#7816 = ( NAMED_UNIT(*) SI_UNIT($,.STERADIAN.) SOLID_ANGLE_UNIT() );
#7817 = UNCERTAINTY_MEASURE_WITH_UNIT(LENGTH_MEASURE(5.E-04),#7814,
  'distance_accuracy_value','confusion accuracy');
#7818 = CONTEXT_DEPENDENT_SHAPE_REPRESENTATION(#7819,#7821);
#7819 = ( REPRESENTATION_RELATIONSHIP('','',#6571,#10) 
REPRESENTATION_RELATIONSHIP_WITH_TRANSFORMATION(#7820) 
SHAPE_REPRESENTATION_RELATIONSHIP() );
#7820 = ITEM_DEFINED_TRANSFORMATION('','',#11,#39);
#7821 = PRODUCT_DEFINITION_SHAPE('Placement','Placement of an item',
  #7822);
#7822 = NEXT_ASSEMBLY_USAGE_OCCURRENCE('7','','',#5,#6566,$);
#7823 = PRODUCT_RELATED_PRODUCT_CATEGORY('part',$,(#6568));
#7824 = SHAPE_DEFINITION_REPRESENTATION(#7825,#7831);
#7825 = PRODUCT_DEFINITION_SHAPE('','',#7826);
#7826 = PRODUCT_DEFINITION('design','',#7827,#7830);
#7827 = PRODUCT_DEFINITION_FORMATION('','',#7828);
#7828 = PRODUCT('Open CASCADE STEP translator 7.9 1.8',
  'Open CASCADE STEP translator 7.9 1.8','',(#7829));
#7829 = PRODUCT_CONTEXT('',#2,'mechanical');
#7830 = PRODUCT_DEFINITION_CONTEXT('part definition',#2,'design');
#7831 = ADVANCED_BREP_SHAPE_REPRESENTATION('',(#11,#7832),#9073);
#7832 = MANIFOLD_SOLID_BREP('',#7833);
#7833 = CLOSED_SHELL('',(#7834,#7964,#8304,#8380,#8472,#8476,#8525,#8761
    ,#8788,#8842,#9015,#9066));
#7834 = ADVANCED_FACE('',(#7835),#7850,.T.);
#7835 = FACE_BOUND('',#7836,.T.);
#7836 = EDGE_LOOP('',(#7837,#7877,#7905,#7938));
#7837 = ORIENTED_EDGE('',*,*,#7838,.T.);
#7838 = EDGE_CURVE('',#7839,#7841,#7843,.T.);
#7839 = VERTEX_POINT('',#7840);
#7840 = CARTESIAN_POINT('',(78.000000029802,11.,-101.0000003725));
#7841 = VERTEX_POINT('',#7842);
#7842 = CARTESIAN_POINT('',(78.000000029802,23.,-84.38675264669));
#7843 = SURFACE_CURVE('',#7844,(#7849,#7861),.PCURVE_S1.);
#7844 = CIRCLE('',#7845,17.5);
#7845 = AXIS2_PLACEMENT_3D('',#7846,#7847,#7848);
#7846 = CARTESIAN_POINT('',(78.000000029802,5.5,-84.38675264669));
#7847 = DIRECTION('',(1.,8.570213720248E-17,-1.110223024625E-16));
#7848 = DIRECTION('',(-1.323315867724E-16,0.314285714286,-0.949328441476
    ));
#7849 = PCURVE('',#7850,#7855);
#7850 = CYLINDRICAL_SURFACE('',#7851,17.5);
#7851 = AXIS2_PLACEMENT_3D('',#7852,#7853,#7854);
#7852 = CARTESIAN_POINT('',(82.000000029802,5.5,-84.38675264669));
#7853 = DIRECTION('',(1.,9.95799250103E-17,-1.110223024625E-16));
#7854 = DIRECTION('',(-1.366931772263E-16,0.314285714286,-0.949328441476
    ));
#7855 = DEFINITIONAL_REPRESENTATION('',(#7856),#7860);
#7856 = LINE('',#7857,#7858);
#7857 = CARTESIAN_POINT('',(0.,-4.));
#7858 = VECTOR('',#7859,1.);
#7859 = DIRECTION('',(1.,7.09922446343E-16));
#7860 = ( GEOMETRIC_REPRESENTATION_CONTEXT(2) 
PARAMETRIC_REPRESENTATION_CONTEXT() REPRESENTATION_CONTEXT('2D SPACE',''
  ) );
#7861 = PCURVE('',#7862,#7867);
#7862 = PLANE('',#7863);
#7863 = AXIS2_PLACEMENT_3D('',#7864,#7865,#7866);
#7864 = CARTESIAN_POINT('',(78.000000029802,19.,-76.));
#7865 = DIRECTION('',(-1.,-8.570213720248E-17,1.110223024625E-16));
#7866 = DIRECTION('',(1.110223024625E-16,0.,1.));
#7867 = DEFINITIONAL_REPRESENTATION('',(#7868),#7876);
#7868 = ( BOUNDED_CURVE() B_SPLINE_CURVE(2,(#7869,#7870,#7871,#7872,
#7873,#7874,#7875),.UNSPECIFIED.,.T.,.F.) B_SPLINE_CURVE_WITH_KNOTS((1,2
    ,2,2,2,1),(-2.094395102393,0.,2.094395102393,4.188790204786,
6.28318530718,8.377580409573),.UNSPECIFIED.) CURVE() 
GEOMETRIC_REPRESENTATION_ITEM() RATIONAL_B_SPLINE_CURVE((1.,0.5,1.,0.5,
1.,0.5,1.)) REPRESENTATION_ITEM('') );
#7869 = CARTESIAN_POINT('',(-25.00000037252,-7.999999999994));
#7870 = CARTESIAN_POINT('',(-15.47372093088,20.774989139879));
#7871 = CARTESIAN_POINT('',(4.683010937044,-1.862505430067));
#7872 = CARTESIAN_POINT('',(24.839742804975,-24.50000000001));
#7873 = CARTESIAN_POINT('',(-4.843268504596,-30.63749456994));
#7874 = CARTESIAN_POINT('',(-34.52627981416,-36.77498913986));
#7875 = CARTESIAN_POINT('',(-25.00000037252,-7.999999999994));
#7876 = ( GEOMETRIC_REPRESENTATION_CONTEXT(2) 
PARAMETRIC_REPRESENTATION_CONTEXT() REPRESENTATION_CONTEXT('2D SPACE',''
  ) );
#7877 = ORIENTED_EDGE('',*,*,#7878,.T.);
#7878 = EDGE_CURVE('',#7841,#7879,#7881,.T.);
#7879 = VERTEX_POINT('',#7880);
#7880 = CARTESIAN_POINT('',(82.000000029802,23.,-84.38675264669));
#7881 = SURFACE_CURVE('',#7882,(#7886,#7893),.PCURVE_S1.);
#7882 = LINE('',#7883,#7884);
#7883 = CARTESIAN_POINT('',(82.000000029802,23.,-84.38675264669));
#7884 = VECTOR('',#7885,1.);
#7885 = DIRECTION('',(1.,9.95799250103E-17,-1.110223024625E-16));
#7886 = PCURVE('',#7850,#7887);
#7887 = DEFINITIONAL_REPRESENTATION('',(#7888),#7892);
#7888 = LINE('',#7889,#7890);
#7889 = CARTESIAN_POINT('',(1.251092178132,1.7763568394E-15));
#7890 = VECTOR('',#7891,1.);
#7891 = DIRECTION('',(0.,1.));
#7892 = ( GEOMETRIC_REPRESENTATION_CONTEXT(2) 
PARAMETRIC_REPRESENTATION_CONTEXT() REPRESENTATION_CONTEXT('2D SPACE',''
  ) );
#7893 = PCURVE('',#7894,#7899);
#7894 = PLANE('',#7895);
#7895 = AXIS2_PLACEMENT_3D('',#7896,#7897,#7898);
#7896 = CARTESIAN_POINT('',(80.000000039736,23.,-88.50000018626));
#7897 = DIRECTION('',(9.95799250103E-17,-1.,-1.105559255369E-32));
#7898 = DIRECTION('',(-1.110223024625E-16,0.,-1.));
#7899 = DEFINITIONAL_REPRESENTATION('',(#7900),#7904);
#7900 = LINE('',#7901,#7902);
#7901 = CARTESIAN_POINT('',(-4.113247539567,1.999999990066));
#7902 = VECTOR('',#7903,1.);
#7903 = DIRECTION('',(0.,1.));
#7904 = ( GEOMETRIC_REPRESENTATION_CONTEXT(2) 
PARAMETRIC_REPRESENTATION_CONTEXT() REPRESENTATION_CONTEXT('2D SPACE',''
  ) );
#7905 = ORIENTED_EDGE('',*,*,#7906,.T.);
#7906 = EDGE_CURVE('',#7879,#7907,#7909,.T.);
#7907 = VERTEX_POINT('',#7908);
#7908 = CARTESIAN_POINT('',(82.000000029802,11.,-101.0000003725));
#7909 = SURFACE_CURVE('',#7910,(#7915,#7922),.PCURVE_S1.);
#7910 = CIRCLE('',#7911,17.5);
#7911 = AXIS2_PLACEMENT_3D('',#7912,#7913,#7914);
#7912 = CARTESIAN_POINT('',(82.000000029802,5.5,-84.38675264669));
#7913 = DIRECTION('',(-1.,-8.570213720248E-17,1.110223024625E-16));
#7914 = DIRECTION('',(-1.323315867724E-16,0.314285714286,-0.949328441476
    ));
#7915 = PCURVE('',#7850,#7916);
#7916 = DEFINITIONAL_REPRESENTATION('',(#7917),#7921);
#7917 = LINE('',#7918,#7919);
#7918 = CARTESIAN_POINT('',(6.28318530718,2.22044604925E-16));
#7919 = VECTOR('',#7920,1.);
#7920 = DIRECTION('',(-1.,0.));
#7921 = ( GEOMETRIC_REPRESENTATION_CONTEXT(2) 
PARAMETRIC_REPRESENTATION_CONTEXT() REPRESENTATION_CONTEXT('2D SPACE',''
  ) );
#7922 = PCURVE('',#7923,#7928);
#7923 = PLANE('',#7924);
#7924 = AXIS2_PLACEMENT_3D('',#7925,#7926,#7927);
#7925 = CARTESIAN_POINT('',(82.000000029802,19.,3.999999627471));
#7926 = DIRECTION('',(1.,8.570213720248E-17,-1.110223024625E-16));
#7927 = DIRECTION('',(-1.110223024625E-16,0.,-1.));
#7928 = DEFINITIONAL_REPRESENTATION('',(#7929),#7937);
#7929 = ( BOUNDED_CURVE() B_SPLINE_CURVE(2,(#7930,#7931,#7932,#7933,
#7934,#7935,#7936),.UNSPECIFIED.,.T.,.F.) B_SPLINE_CURVE_WITH_KNOTS((1,2
    ,2,2,2,1),(-2.094395102393,0.,2.094395102393,4.188790204786,
6.28318530718,8.377580409573),.UNSPECIFIED.) CURVE() 
GEOMETRIC_REPRESENTATION_ITEM() RATIONAL_B_SPLINE_CURVE((1.,0.5,1.,0.5,
1.,0.5,1.)) REPRESENTATION_ITEM('') );
#7930 = CARTESIAN_POINT('',(104.99999999999,-7.999999999994));
#7931 = CARTESIAN_POINT('',(114.52627944163,-36.77498913986));
#7932 = CARTESIAN_POINT('',(84.843268132067,-30.63749456994));
#7933 = CARTESIAN_POINT('',(55.160256822496,-24.50000000001));
#7934 = CARTESIAN_POINT('',(75.316988690427,-1.862505430067));
#7935 = CARTESIAN_POINT('',(95.473720558358,20.774989139879));
#7936 = CARTESIAN_POINT('',(104.99999999999,-7.999999999994));
#7937 = ( GEOMETRIC_REPRESENTATION_CONTEXT(2) 
PARAMETRIC_REPRESENTATION_CONTEXT() REPRESENTATION_CONTEXT('2D SPACE',''
  ) );
#7938 = ORIENTED_EDGE('',*,*,#7939,.F.);
#7939 = EDGE_CURVE('',#7839,#7907,#7940,.T.);
#7940 = SURFACE_CURVE('',#7941,(#7945,#7952),.PCURVE_S1.);
#7941 = LINE('',#7942,#7943);
#7942 = CARTESIAN_POINT('',(82.000000029802,11.,-101.0000003725));
#7943 = VECTOR('',#7944,1.);
#7944 = DIRECTION('',(1.,9.95799250103E-17,-1.110223024625E-16));
#7945 = PCURVE('',#7850,#7946);
#7946 = DEFINITIONAL_REPRESENTATION('',(#7947),#7951);
#7947 = LINE('',#7948,#7949);
#7948 = CARTESIAN_POINT('',(0.,0.));
#7949 = VECTOR('',#7950,1.);
#7950 = DIRECTION('',(0.,1.));
#7951 = ( GEOMETRIC_REPRESENTATION_CONTEXT(2) 
PARAMETRIC_REPRESENTATION_CONTEXT() REPRESENTATION_CONTEXT('2D SPACE',''
  ) );
#7952 = PCURVE('',#7953,#7958);
#7953 = PLANE('',#7954);
#7954 = AXIS2_PLACEMENT_3D('',#7955,#7956,#7957);
#7955 = CARTESIAN_POINT('',(80.000000059605,11.,-76.));
#7956 = DIRECTION('',(8.570213720248E-17,-1.,-9.514848598178E-33));
#7957 = DIRECTION('',(1.,8.570213720248E-17,-1.110223024625E-16));
#7958 = DEFINITIONAL_REPRESENTATION('',(#7959),#7963);
#7959 = LINE('',#7960,#7961);
#7960 = CARTESIAN_POINT('',(1.999999970197,-25.00000037252));
#7961 = VECTOR('',#7962,1.);
#7962 = DIRECTION('',(1.,0.));
#7963 = ( GEOMETRIC_REPRESENTATION_CONTEXT(2) 
PARAMETRIC_REPRESENTATION_CONTEXT() REPRESENTATION_CONTEXT('2D SPACE',''
  ) );
#7964 = ADVANCED_FACE('',(#7965),#7923,.T.);
#7965 = FACE_BOUND('',#7966,.T.);
#7966 = EDGE_LOOP('',(#7967,#7968,#7991,#8130,#8227,#8255,#8283));
#7967 = ORIENTED_EDGE('',*,*,#7906,.F.);
#7968 = ORIENTED_EDGE('',*,*,#7969,.F.);
#7969 = EDGE_CURVE('',#7970,#7879,#7972,.T.);
#7970 = VERTEX_POINT('',#7971);
#7971 = CARTESIAN_POINT('',(82.000000029802,23.,-82.60272050457));
#7972 = SURFACE_CURVE('',#7973,(#7977,#7984),.PCURVE_S1.);
#7973 = LINE('',#7974,#7975);
#7974 = CARTESIAN_POINT('',(82.000000029802,23.,3.999999627471));
#7975 = VECTOR('',#7976,1.);
#7976 = DIRECTION('',(-1.110223024625E-16,0.,-1.));
#7977 = PCURVE('',#7923,#7978);
#7978 = DEFINITIONAL_REPRESENTATION('',(#7979),#7983);
#7979 = LINE('',#7980,#7981);
#7980 = CARTESIAN_POINT('',(0.,4.));
#7981 = VECTOR('',#7982,1.);
#7982 = DIRECTION('',(1.,0.));
#7983 = ( GEOMETRIC_REPRESENTATION_CONTEXT(2) 
PARAMETRIC_REPRESENTATION_CONTEXT() REPRESENTATION_CONTEXT('2D SPACE',''
  ) );
#7984 = PCURVE('',#7894,#7985);
#7985 = DEFINITIONAL_REPRESENTATION('',(#7986),#7990);
#7986 = LINE('',#7987,#7988);
#7987 = CARTESIAN_POINT('',(-92.49999981373,1.999999990066));
#7988 = VECTOR('',#7989,1.);
#7989 = DIRECTION('',(1.,0.));
#7990 = ( GEOMETRIC_REPRESENTATION_CONTEXT(2) 
PARAMETRIC_REPRESENTATION_CONTEXT() REPRESENTATION_CONTEXT('2D SPACE',''
  ) );
#7991 = ORIENTED_EDGE('',*,*,#7992,.F.);
#7992 = EDGE_CURVE('',#7993,#7970,#7995,.T.);
#7993 = VERTEX_POINT('',#7994);
#7994 = CARTESIAN_POINT('',(82.000000029802,19.,-76.00019933998));
#7995 = SURFACE_CURVE('',#7996,(#8013,#8033),.PCURVE_S1.);
#7996 = B_SPLINE_CURVE_WITH_KNOTS('',3,(#7997,#7998,#7999,#8000,#8001,
    #8002,#8003,#8004,#8005,#8006,#8007,#8008,#8009,#8010,#8011,#8012),
  .UNSPECIFIED.,.F.,.F.,(4,2,2,2,2,2,2,4),(1.790801908198,1.964818974928
    ,2.138855975421,2.225285273565,2.31171457171,2.406354856116,
    2.500995140522,2.591213604045),.UNSPECIFIED.);
#7997 = CARTESIAN_POINT('',(82.000000029802,19.,-76.00019933998));
#7998 = CARTESIAN_POINT('',(82.000000029802,19.,-76.58026991466));
#7999 = CARTESIAN_POINT('',(82.000000029802,18.990339307398,
    -77.22007224947));
#8000 = CARTESIAN_POINT('',(82.000000029802,19.114631353163,
    -78.47443953115));
#8001 = CARTESIAN_POINT('',(82.000000029802,19.258616745824,
    -79.08798867213));
#8002 = CARTESIAN_POINT('',(82.000000029802,19.591011644076,
    -79.89006181629));
#8003 = CARTESIAN_POINT('',(82.000000029802,19.734404710602,
    -80.17187843911));
#8004 = CARTESIAN_POINT('',(82.000000029802,20.072860382179,
    -80.70231625781));
#8005 = CARTESIAN_POINT('',(82.000000029802,20.26799142087,
    -80.95089378524));
#8006 = CARTESIAN_POINT('',(82.000000029802,20.67960630047,
    -81.39232807512));
#8007 = CARTESIAN_POINT('',(82.000000029802,20.937948255308,
    -81.62230534342));
#8008 = CARTESIAN_POINT('',(82.000000029802,21.498984629393,
    -82.01944916478));
#8009 = CARTESIAN_POINT('',(82.000000029802,21.801697305557,
    -82.18658992607));
#8010 = CARTESIAN_POINT('',(82.000000029802,22.367099734014,
    -82.4315743958));
#8011 = CARTESIAN_POINT('',(82.000000029802,22.679553687755,
    -82.53437474147));
#8012 = CARTESIAN_POINT('',(82.000000029802,23.,-82.60272050457));
#8013 = PCURVE('',#7923,#8014);
#8014 = DEFINITIONAL_REPRESENTATION('',(#8015),#8032);
#8015 = B_SPLINE_CURVE_WITH_KNOTS('',3,(#8016,#8017,#8018,#8019,#8020,
    #8021,#8022,#8023,#8024,#8025,#8026,#8027,#8028,#8029,#8030,#8031),
  .UNSPECIFIED.,.F.,.F.,(4,2,2,2,2,2,2,4),(1.790801908198,1.964818974928
    ,2.138855975421,2.225285273565,2.31171457171,2.406354856116,
    2.500995140522,2.591213604045),.UNSPECIFIED.);
#8016 = CARTESIAN_POINT('',(80.000198967458,0.));
#8017 = CARTESIAN_POINT('',(80.580269542132,0.));
#8018 = CARTESIAN_POINT('',(81.220071876946,-9.660692602001E-03));
#8019 = CARTESIAN_POINT('',(82.474439158628,0.114631353163));
#8020 = CARTESIAN_POINT('',(83.087988299609,0.258616745824));
#8021 = CARTESIAN_POINT('',(83.890061443762,0.591011644076));
#8022 = CARTESIAN_POINT('',(84.171878066584,0.734404710602));
#8023 = CARTESIAN_POINT('',(84.702315885288,1.072860382179));
#8024 = CARTESIAN_POINT('',(84.950893412713,1.26799142087));
#8025 = CARTESIAN_POINT('',(85.392327702591,1.67960630047));
#8026 = CARTESIAN_POINT('',(85.622304970892,1.937948255308));
#8027 = CARTESIAN_POINT('',(86.019448792256,2.498984629393));
#8028 = CARTESIAN_POINT('',(86.186589553546,2.801697305557));
#8029 = CARTESIAN_POINT('',(86.431574023271,3.367099734014));
#8030 = CARTESIAN_POINT('',(86.534374368944,3.679553687755));
#8031 = CARTESIAN_POINT('',(86.602720132041,4.));
#8032 = ( GEOMETRIC_REPRESENTATION_CONTEXT(2) 
PARAMETRIC_REPRESENTATION_CONTEXT() REPRESENTATION_CONTEXT('2D SPACE',''
  ) );
#8033 = PCURVE('',#8034,#8080);
#8034 = ( BOUNDED_SURFACE() B_SPLINE_SURFACE(2,2,(
    (#8035,#8036,#8037,#8038,#8039,#8040,#8041,#8042,#8043)
    ,(#8044,#8045,#8046,#8047,#8048,#8049,#8050,#8051,#8052)
    ,(#8053,#8054,#8055,#8056,#8057,#8058,#8059,#8060,#8061)
    ,(#8062,#8063,#8064,#8065,#8066,#8067,#8068,#8069,#8070)
    ,(#8071,#8072,#8073,#8074,#8075,#8076,#8077,#8078,#8079
)),.UNSPECIFIED.,.F.,.T.,.F.) B_SPLINE_SURFACE_WITH_KNOTS((3,2,3),(1,2,2
    ,2,2,2,1),(-1.394118950144E-16,0.785398166378,1.570796332755),(
    -4.712388980385,-3.14159265359,-1.570796326795,0.,1.570796326795,
    3.14159265359,4.712388980385),.UNSPECIFIED.) 
GEOMETRIC_REPRESENTATION_ITEM() RATIONAL_B_SPLINE_SURFACE((
    (1.,0.707106781187,1.,0.707106781187,1.,0.707106781187,1.
      ,0.707106781187,1.)
    ,(0.923879531941,0.653281482035,0.923879531941,0.653281482035
      ,0.923879531941,0.653281482035,0.923879531941,0.653281482035
      ,0.923879531941)
    ,(1.,0.707106781187,1.,0.707106781187,1.,0.707106781187,1.
      ,0.707106781187,1.)
    ,(0.923879531941,0.653281482035,0.923879531941,0.653281482035
      ,0.923879531941,0.653281482035,0.923879531941,0.653281482035
      ,0.923879531941)
    ,(1.,0.707106781187,1.,0.707106781187,1.,0.707106781187,1.
,0.707106781187,1.))) REPRESENTATION_ITEM('') SURFACE() );
#8035 = CARTESIAN_POINT('',(73.000000059605,24.,-76.));
#8036 = CARTESIAN_POINT('',(73.000000059605,24.,-83.));
#8037 = CARTESIAN_POINT('',(80.000000059605,24.,-83.));
#8038 = CARTESIAN_POINT('',(87.000000059605,24.,-83.));
#8039 = CARTESIAN_POINT('',(87.000000059605,24.,-76.));
#8040 = CARTESIAN_POINT('',(87.000000059605,24.,-69.));
#8041 = CARTESIAN_POINT('',(80.000000059605,24.,-69.));
#8042 = CARTESIAN_POINT('',(73.000000059605,24.,-69.));
#8043 = CARTESIAN_POINT('',(73.000000059605,24.,-76.));
#8044 = CARTESIAN_POINT('',(73.000000059605,21.928932179406,-76.));
#8045 = CARTESIAN_POINT('',(73.000000059605,21.928932179406,-83.));
#8046 = CARTESIAN_POINT('',(80.000000059605,21.928932179406,-83.));
#8047 = CARTESIAN_POINT('',(87.000000059605,21.928932179406,-83.));
#8048 = CARTESIAN_POINT('',(87.000000059605,21.928932179406,-76.));
#8049 = CARTESIAN_POINT('',(87.000000059605,21.928932179406,-69.));
#8050 = CARTESIAN_POINT('',(80.000000059605,21.928932179406,-69.));
#8051 = CARTESIAN_POINT('',(73.000000059605,21.928932179406,-69.));
#8052 = CARTESIAN_POINT('',(73.000000059605,21.928932179406,-76.));
#8053 = CARTESIAN_POINT('',(74.464466164209,20.46446608353,-76.));
#8054 = CARTESIAN_POINT('',(74.464466164209,20.46446608353,
    -81.53553389539));
#8055 = CARTESIAN_POINT('',(80.000000059605,20.46446608353,
    -81.53553389539));
#8056 = CARTESIAN_POINT('',(85.535533955001,20.46446608353,
    -81.53553389539));
#8057 = CARTESIAN_POINT('',(85.535533955001,20.46446608353,-76.));
#8058 = CARTESIAN_POINT('',(85.535533955001,20.46446608353,
    -70.4644661046));
#8059 = CARTESIAN_POINT('',(80.000000059605,20.46446608353,
    -70.4644661046));
#8060 = CARTESIAN_POINT('',(74.464466164209,20.46446608353,
    -70.4644661046));
#8061 = CARTESIAN_POINT('',(74.464466164209,20.46446608353,-76.));
#8062 = CARTESIAN_POINT('',(75.928932268813,18.999999987655,-76.));
#8063 = CARTESIAN_POINT('',(75.928932268813,18.999999987655,
    -80.07106779079));
#8064 = CARTESIAN_POINT('',(80.000000059605,18.999999987655,
    -80.07106779079));
#8065 = CARTESIAN_POINT('',(84.071067850397,18.999999987655,
    -80.07106779079));
#8066 = CARTESIAN_POINT('',(84.071067850397,18.999999987655,-76.));
#8067 = CARTESIAN_POINT('',(84.071067850397,18.999999987655,
    -71.9289322092));
#8068 = CARTESIAN_POINT('',(80.000000059605,18.999999987655,
    -71.9289322092));
#8069 = CARTESIAN_POINT('',(75.928932268813,18.999999987655,
    -71.9289322092));
#8070 = CARTESIAN_POINT('',(75.928932268813,18.999999987655,-76.));
#8071 = CARTESIAN_POINT('',(78.000000089407,19.,-76.));
#8072 = CARTESIAN_POINT('',(78.000000089407,19.,-77.99999997019));
#8073 = CARTESIAN_POINT('',(80.000000059605,19.,-77.99999997019));
#8074 = CARTESIAN_POINT('',(82.000000029802,19.,-77.99999997019));
#8075 = CARTESIAN_POINT('',(82.000000029802,19.,-76.));
#8076 = CARTESIAN_POINT('',(82.000000029802,19.,-74.0000000298));
#8077 = CARTESIAN_POINT('',(80.000000059605,19.,-74.0000000298));
#8078 = CARTESIAN_POINT('',(78.000000089407,19.,-74.0000000298));
#8079 = CARTESIAN_POINT('',(78.000000089407,19.,-76.));
#8080 = DEFINITIONAL_REPRESENTATION('',(#8081),#8129);
#8081 = B_SPLINE_CURVE_WITH_KNOTS('',3,(#8082,#8083,#8084,#8085,#8086,
    #8087,#8088,#8089,#8090,#8091,#8092,#8093,#8094,#8095,#8096,#8097,
    #8098,#8099,#8100,#8101,#8102,#8103,#8104,#8105,#8106,#8107,#8108,
    #8109,#8110,#8111,#8112,#8113,#8114,#8115,#8116,#8117,#8118,#8119,
    #8120,#8121,#8122,#8123,#8124,#8125,#8126,#8127,#8128),
  .UNSPECIFIED.,.F.,.F.,(4,1,1,1,1,1,1,1,1,1,1,1,1,1,1,1,1,1,1,1,1,1,1,1
    ,1,1,1,1,1,1,1,1,1,1,1,1,1,1,1,1,1,1,1,1,4),(1.790801908198,
    1.808993083104,1.827184258009,1.845375432915,1.86356660782,
    1.881757782726,1.899948957632,1.918140132537,1.936331307443,
    1.954522482349,1.972713657254,1.99090483216,2.009096007065,
    2.027287181971,2.045478356877,2.063669531782,2.081860706688,
    2.100051881593,2.118243056499,2.136434231405,2.15462540631,
    2.172816581216,2.191007756122,2.209198931027,2.227390105933,
    2.245581280838,2.263772455744,2.28196363065,2.300154805555,
    2.318345980461,2.336537155367,2.354728330272,2.372919505178,
    2.391110680083,2.409301854989,2.427493029895,2.4456842048,
    2.463875379706,2.482066554611,2.500257729517,2.518448904423,
    2.536640079328,2.554831254234,2.57302242914,2.591213604045),
  .UNSPECIFIED.);
#8082 = CARTESIAN_POINT('',(1.570796332755,-1.10703244577E-04));
#8083 = CARTESIAN_POINT('',(1.570806258176,-3.380443607064E-02));
#8084 = CARTESIAN_POINT('',(1.569651783337,-0.100579580048));
#8085 = CARTESIAN_POINT('',(1.564389946768,-0.19764582668));
#8086 = CARTESIAN_POINT('',(1.555539664111,-0.290244541003));
#8087 = CARTESIAN_POINT('',(1.543221724352,-0.377395115367));
#8088 = CARTESIAN_POINT('',(1.527650439557,-0.458443576074));
#8089 = CARTESIAN_POINT('',(1.509119721657,-0.53308134159));
#8090 = CARTESIAN_POINT('',(1.487965565552,-0.601286923607));
#8091 = CARTESIAN_POINT('',(1.464538162113,-0.663257935922));
#8092 = CARTESIAN_POINT('',(1.43917809146,-0.71933822394));
#8093 = CARTESIAN_POINT('',(1.412203226203,-0.769957376322));
#8094 = CARTESIAN_POINT('',(1.383883902472,-0.815568606557));
#8095 = CARTESIAN_POINT('',(1.354472733692,-0.856656960165));
#8096 = CARTESIAN_POINT('',(1.324193059353,-0.89367995436));
#8097 = CARTESIAN_POINT('',(1.293240673979,-0.927061945233));
#8098 = CARTESIAN_POINT('',(1.261787176849,-0.957186967575));
#8099 = CARTESIAN_POINT('',(1.229976779138,-0.984401501569));
#8100 = CARTESIAN_POINT('',(1.197948767964,-1.009003322));
#8101 = CARTESIAN_POINT('',(1.165763529464,-1.031290726111));
#8102 = CARTESIAN_POINT('',(1.133687613247,-1.051392190364));
#8103 = CARTESIAN_POINT('',(1.101137744011,-1.069917649715));
#8104 = CARTESIAN_POINT('',(1.06679895515,-1.087670257469));
#8105 = CARTESIAN_POINT('',(1.03134047277,-1.104299214337));
#8106 = CARTESIAN_POINT('',(0.994926892012,-1.119799955988));
#8107 = CARTESIAN_POINT('',(0.957852793714,-1.134114026518));
#8108 = CARTESIAN_POINT('',(0.920369464399,-1.147231055595));
#8109 = CARTESIAN_POINT('',(0.882750633716,-1.159195707157));
#8110 = CARTESIAN_POINT('',(0.845323105065,-1.170039313205));
#8111 = CARTESIAN_POINT('',(0.808277502991,-1.179833052979));
#8112 = CARTESIAN_POINT('',(0.772369949603,-1.188491805782));
#8113 = CARTESIAN_POINT('',(0.735418321802,-1.196746779168));
#8114 = CARTESIAN_POINT('',(0.6976322479,-1.204549576209));
#8115 = CARTESIAN_POINT('',(0.659270362137,-1.211859350221));
#8116 = CARTESIAN_POINT('',(0.620562985409,-1.218644019418));
#8117 = CARTESIAN_POINT('',(0.581728555797,-1.224875350113));
#8118 = CARTESIAN_POINT('',(0.542968642973,-1.230536390852));
#8119 = CARTESIAN_POINT('',(0.504486122922,-1.235653372768));
#8120 = CARTESIAN_POINT('',(0.466526649504,-1.240241409304));
#8121 = CARTESIAN_POINT('',(0.429215391755,-1.244325468547));
#8122 = CARTESIAN_POINT('',(0.393151951779,-1.247882867513));
#8123 = CARTESIAN_POINT('',(0.357180593037,-1.251052583133));
#8124 = CARTESIAN_POINT('',(0.319719555815,-1.253979465897));
#8125 = CARTESIAN_POINT('',(0.281489488352,-1.256593482533));
#8126 = CARTESIAN_POINT('',(0.242591287136,-1.258882985167));
#8127 = CARTESIAN_POINT('',(0.216382989551,-1.260174864864));
#8128 = CARTESIAN_POINT('',(0.203244829326,-1.260758401788));
#8129 = ( GEOMETRIC_REPRESENTATION_CONTEXT(2) 
PARAMETRIC_REPRESENTATION_CONTEXT() REPRESENTATION_CONTEXT('2D SPACE',''
  ) );
#8130 = ORIENTED_EDGE('',*,*,#8131,.F.);
#8131 = EDGE_CURVE('',#8132,#7993,#8134,.T.);
#8132 = VERTEX_POINT('',#8133);
#8133 = CARTESIAN_POINT('',(82.000000029802,23.,-69.39727949543));
#8134 = SURFACE_CURVE('',#8135,(#8154,#8176),.PCURVE_S1.);
#8135 = B_SPLINE_CURVE_WITH_KNOTS('',3,(#8136,#8137,#8138,#8139,#8140,
    #8141,#8142,#8143,#8144,#8145,#8146,#8147,#8148,#8149,#8150,#8151,
    #8152,#8153),.UNSPECIFIED.,.F.,.F.,(4,2,2,2,2,2,2,2,4),(
    0.990350344824,1.080568808347,1.175209092753,1.269849377159,
    1.356278675304,1.442707973448,1.616744973941,1.790781974434,
    1.790801908198),.UNSPECIFIED.);
#8136 = CARTESIAN_POINT('',(82.000000029802,23.,-69.39727949543));
#8137 = CARTESIAN_POINT('',(82.000000029802,22.679553687755,
    -69.46562525852));
#8138 = CARTESIAN_POINT('',(82.000000029802,22.367099734014,
    -69.5684256042));
#8139 = CARTESIAN_POINT('',(82.000000029802,21.801697305557,
    -69.81341007392));
#8140 = CARTESIAN_POINT('',(82.000000029802,21.498984629393,
    -69.98055083521));
#8141 = CARTESIAN_POINT('',(82.000000029802,20.937948255308,
    -70.37769465657));
#8142 = CARTESIAN_POINT('',(82.000000029802,20.67960630047,
    -70.60767192488));
#8143 = CARTESIAN_POINT('',(82.000000029802,20.26799142087,
    -71.04910621475));
#8144 = CARTESIAN_POINT('',(82.000000029802,20.072860382179,
    -71.29768374218));
#8145 = CARTESIAN_POINT('',(82.000000029802,19.734404710602,
    -71.82812156088));
#8146 = CARTESIAN_POINT('',(82.000000029802,19.591011644076,
    -72.1099381837));
#8147 = CARTESIAN_POINT('',(82.000000029802,19.258616745824,
    -72.91201132786));
#8148 = CARTESIAN_POINT('',(82.000000029802,19.114631353163,
    -73.52556046884));
#8149 = CARTESIAN_POINT('',(82.000000029802,18.99033218894,
    -74.77999959068));
#8150 = CARTESIAN_POINT('',(82.000000029802,19.,-75.41987666502));
#8151 = CARTESIAN_POINT('',(82.000000029802,19.,-76.00006644587));
#8152 = CARTESIAN_POINT('',(82.000000029802,19.,-76.00013289254));
#8153 = CARTESIAN_POINT('',(82.000000029802,19.,-76.00019933998));
#8154 = PCURVE('',#7923,#8155);
#8155 = DEFINITIONAL_REPRESENTATION('',(#8156),#8175);
#8156 = B_SPLINE_CURVE_WITH_KNOTS('',3,(#8157,#8158,#8159,#8160,#8161,
    #8162,#8163,#8164,#8165,#8166,#8167,#8168,#8169,#8170,#8171,#8172,
    #8173,#8174),.UNSPECIFIED.,.F.,.F.,(4,2,2,2,2,2,2,2,4),(
    0.990350344824,1.080568808347,1.175209092753,1.269849377159,
    1.356278675304,1.442707973448,1.616744973941,1.790781974434,
    1.790801908198),.UNSPECIFIED.);
#8157 = CARTESIAN_POINT('',(73.397279122901,4.));
#8158 = CARTESIAN_POINT('',(73.465624885998,3.679553687755));
#8159 = CARTESIAN_POINT('',(73.568425231671,3.367099734014));
#8160 = CARTESIAN_POINT('',(73.813409701396,2.801697305557));
#8161 = CARTESIAN_POINT('',(73.980550462686,2.498984629393));
#8162 = CARTESIAN_POINT('',(74.37769428405,1.937948255308));
#8163 = CARTESIAN_POINT('',(74.607671552351,1.67960630047));
#8164 = CARTESIAN_POINT('',(75.049105842229,1.26799142087));
#8165 = CARTESIAN_POINT('',(75.297683369654,1.072860382179));
#8166 = CARTESIAN_POINT('',(75.828121188358,0.734404710602));
#8167 = CARTESIAN_POINT('',(76.10993781118,0.591011644076));
#8168 = CARTESIAN_POINT('',(76.912010955333,0.258616745824));
#8169 = CARTESIAN_POINT('',(77.525560096314,0.114631353163));
#8170 = CARTESIAN_POINT('',(78.779999218158,-9.667811060002E-03));
#8171 = CARTESIAN_POINT('',(79.419876292494,0.));
#8172 = CARTESIAN_POINT('',(80.000066073349,0.));
#8173 = CARTESIAN_POINT('',(80.000132520012,0.));
#8174 = CARTESIAN_POINT('',(80.000198967458,0.));
#8175 = ( GEOMETRIC_REPRESENTATION_CONTEXT(2) 
PARAMETRIC_REPRESENTATION_CONTEXT() REPRESENTATION_CONTEXT('2D SPACE',''
  ) );
#8176 = PCURVE('',#8034,#8177);
#8177 = DEFINITIONAL_REPRESENTATION('',(#8178),#8226);
#8178 = B_SPLINE_CURVE_WITH_KNOTS('',3,(#8179,#8180,#8181,#8182,#8183,
    #8184,#8185,#8186,#8187,#8188,#8189,#8190,#8191,#8192,#8193,#8194,
    #8195,#8196,#8197,#8198,#8199,#8200,#8201,#8202,#8203,#8204,#8205,
    #8206,#8207,#8208,#8209,#8210,#8211,#8212,#8213,#8214,#8215,#8216,
    #8217,#8218,#8219,#8220,#8221,#8222,#8223,#8224,#8225),
  .UNSPECIFIED.,.F.,.F.,(4,1,1,1,1,1,1,1,1,1,1,1,1,1,1,1,1,1,1,1,1,1,1,1
    ,1,1,1,1,1,1,1,1,1,1,1,1,1,1,1,1,1,1,1,1,4),(0.990350344824,
    1.00854242581,1.026734506795,1.044926587781,1.063118668767,
    1.081310749753,1.099502830738,1.117694911724,1.13588699271,
    1.154079073696,1.172271154682,1.190463235667,1.208655316653,
    1.226847397639,1.245039478625,1.26323155961,1.281423640596,
    1.299615721582,1.317807802568,1.335999883554,1.354191964539,
    1.372384045525,1.390576126511,1.408768207497,1.426960288482,
    1.445152369468,1.463344450454,1.48153653144,1.499728612426,
    1.517920693411,1.536112774397,1.554304855383,1.572496936369,
    1.590689017354,1.60888109834,1.627073179326,1.645265260312,
    1.663457341298,1.681649422283,1.699841503269,1.718033584255,
    1.736225665241,1.754417746226,1.772609827212,1.790801908198),
  .UNSPECIFIED.);
#8179 = CARTESIAN_POINT('',(0.203244829326,1.260758401788));
#8180 = CARTESIAN_POINT('',(0.216383643826,1.260174835797));
#8181 = CARTESIAN_POINT('',(0.242593242677,1.258882885616));
#8182 = CARTESIAN_POINT('',(0.281493348474,1.256593242936));
#8183 = CARTESIAN_POINT('',(0.319725214592,1.25397905796));
#8184 = CARTESIAN_POINT('',(0.357188001944,1.251051973076));
#8185 = CARTESIAN_POINT('',(0.393160680132,1.247882059315));
#8186 = CARTESIAN_POINT('',(0.429226417723,1.244324329464));
#8187 = CARTESIAN_POINT('',(0.466539753801,1.240239908484));
#8188 = CARTESIAN_POINT('',(0.504501364678,1.235651448478));
#8189 = CARTESIAN_POINT('',(0.542985965982,1.230533985882));
#8190 = CARTESIAN_POINT('',(0.581747896409,1.224872399078));
#8191 = CARTESIAN_POINT('',(0.620584247331,1.218640460142));
#8192 = CARTESIAN_POINT('',(0.659293427883,1.211855142537));
#8193 = CARTESIAN_POINT('',(0.697656917638,1.204544693018));
#8194 = CARTESIAN_POINT('',(0.735444494084,1.196741162237));
#8195 = CARTESIAN_POINT('',(0.772396950399,1.188485563354));
#8196 = CARTESIAN_POINT('',(0.808306584518,1.179825730287));
#8197 = CARTESIAN_POINT('',(0.845354675117,1.17003059669));
#8198 = CARTESIAN_POINT('',(0.882784317317,1.159185506963));
#8199 = CARTESIAN_POINT('',(0.920405049361,1.147219213063));
#8200 = CARTESIAN_POINT('',(0.957889981146,1.13410038669));
#8201 = CARTESIAN_POINT('',(0.994965378117,1.119784377727));
#8202 = CARTESIAN_POINT('',(1.031379928056,1.104281611435));
#8203 = CARTESIAN_POINT('',(1.066838958479,1.087650595387));
#8204 = CARTESIAN_POINT('',(1.101177983396,1.069895835822));
#8205 = CARTESIAN_POINT('',(1.133727175058,1.051368607226));
#8206 = CARTESIAN_POINT('',(1.165805343989,1.031263252094));
#8207 = CARTESIAN_POINT('',(1.197991919644,1.008971915119));
#8208 = CARTESIAN_POINT('',(1.23002133946,0.984365468325));
#8209 = CARTESIAN_POINT('',(1.26183290246,0.957145680919));
#8210 = CARTESIAN_POINT('',(1.293287347649,0.92701463769));
#8211 = CARTESIAN_POINT('',(1.324240389891,0.893625759625));
#8212 = CARTESIAN_POINT('',(1.354520372536,0.856594889772));
#8213 = CARTESIAN_POINT('',(1.383931430295,0.815497552111));
#8214 = CARTESIAN_POINT('',(1.412250139893,0.769876105096));
#8215 = CARTESIAN_POINT('',(1.439223820113,0.719245431044));
#8216 = CARTESIAN_POINT('',(1.464582034288,0.663152304002));
#8217 = CARTESIAN_POINT('',(1.488006792899,0.601167151099));
#8218 = CARTESIAN_POINT('',(1.509157434381,0.532946287517));
#8219 = CARTESIAN_POINT('',(1.527683716423,0.458292407716));
#8220 = CARTESIAN_POINT('',(1.543249647242,0.377227492726));
#8221 = CARTESIAN_POINT('',(1.555561388323,0.290060798954));
#8222 = CARTESIAN_POINT('',(1.56440478302,0.197447104869));
#8223 = CARTESIAN_POINT('',(1.569659272254,0.100367878155));
#8224 = CARTESIAN_POINT('',(1.570808741423,3.358588139137E-02));
#8225 = CARTESIAN_POINT('',(1.570796332755,-1.107032445771E-04));
#8226 = ( GEOMETRIC_REPRESENTATION_CONTEXT(2) 
PARAMETRIC_REPRESENTATION_CONTEXT() REPRESENTATION_CONTEXT('2D SPACE',''
  ) );
#8227 = ORIENTED_EDGE('',*,*,#8228,.F.);
#8228 = EDGE_CURVE('',#8229,#8132,#8231,.T.);
#8229 = VERTEX_POINT('',#8230);
#8230 = CARTESIAN_POINT('',(82.000000029802,23.,3.999999627471));
#8231 = SURFACE_CURVE('',#8232,(#8236,#8243),.PCURVE_S1.);
#8232 = LINE('',#8233,#8234);
#8233 = CARTESIAN_POINT('',(82.000000029802,23.,3.999999627471));
#8234 = VECTOR('',#8235,1.);
#8235 = DIRECTION('',(-1.110223024625E-16,0.,-1.));
#8236 = PCURVE('',#7923,#8237);
#8237 = DEFINITIONAL_REPRESENTATION('',(#8238),#8242);
#8238 = LINE('',#8239,#8240);
#8239 = CARTESIAN_POINT('',(0.,4.));
#8240 = VECTOR('',#8241,1.);
#8241 = DIRECTION('',(1.,0.));
#8242 = ( GEOMETRIC_REPRESENTATION_CONTEXT(2) 
PARAMETRIC_REPRESENTATION_CONTEXT() REPRESENTATION_CONTEXT('2D SPACE',''
  ) );
#8243 = PCURVE('',#8244,#8249);
#8244 = PLANE('',#8245);
#8245 = AXIS2_PLACEMENT_3D('',#8246,#8247,#8248);
#8246 = CARTESIAN_POINT('',(80.000000044703,23.,-36.00009985625));
#8247 = DIRECTION('',(9.95799250103E-17,-1.,-1.105559255369E-32));
#8248 = DIRECTION('',(-1.110223024625E-16,0.,-1.));
#8249 = DEFINITIONAL_REPRESENTATION('',(#8250),#8254);
#8250 = LINE('',#8251,#8252);
#8251 = CARTESIAN_POINT('',(-40.00009948372,1.999999985099));
#8252 = VECTOR('',#8253,1.);
#8253 = DIRECTION('',(1.,0.));
#8254 = ( GEOMETRIC_REPRESENTATION_CONTEXT(2) 
PARAMETRIC_REPRESENTATION_CONTEXT() REPRESENTATION_CONTEXT('2D SPACE',''
  ) );
#8255 = ORIENTED_EDGE('',*,*,#8256,.F.);
#8256 = EDGE_CURVE('',#8257,#8229,#8259,.T.);
#8257 = VERTEX_POINT('',#8258);
#8258 = CARTESIAN_POINT('',(82.000000029802,11.,3.999999627471));
#8259 = SURFACE_CURVE('',#8260,(#8264,#8271),.PCURVE_S1.);
#8260 = LINE('',#8261,#8262);
#8261 = CARTESIAN_POINT('',(82.000000029802,19.,3.999999627471));
#8262 = VECTOR('',#8263,1.);
#8263 = DIRECTION('',(-8.570213720248E-17,1.,9.514848598178E-33));
#8264 = PCURVE('',#7923,#8265);
#8265 = DEFINITIONAL_REPRESENTATION('',(#8266),#8270);
#8266 = LINE('',#8267,#8268);
#8267 = CARTESIAN_POINT('',(0.,0.));
#8268 = VECTOR('',#8269,1.);
#8269 = DIRECTION('',(0.,1.));
#8270 = ( GEOMETRIC_REPRESENTATION_CONTEXT(2) 
PARAMETRIC_REPRESENTATION_CONTEXT() REPRESENTATION_CONTEXT('2D SPACE',''
  ) );
#8271 = PCURVE('',#8272,#8277);
#8272 = PLANE('',#8273);
#8273 = AXIS2_PLACEMENT_3D('',#8274,#8275,#8276);
#8274 = CARTESIAN_POINT('',(78.000000029802,19.,3.999999627471));
#8275 = DIRECTION('',(1.110223024625E-16,0.,1.));
#8276 = DIRECTION('',(1.,9.95799250103E-17,-1.110223024625E-16));
#8277 = DEFINITIONAL_REPRESENTATION('',(#8278),#8282);
#8278 = LINE('',#8279,#8280);
#8279 = CARTESIAN_POINT('',(4.,-3.983197000412E-16));
#8280 = VECTOR('',#8281,1.);
#8281 = DIRECTION('',(1.387778780782E-17,1.));
#8282 = ( GEOMETRIC_REPRESENTATION_CONTEXT(2) 
PARAMETRIC_REPRESENTATION_CONTEXT() REPRESENTATION_CONTEXT('2D SPACE',''
  ) );
#8283 = ORIENTED_EDGE('',*,*,#8284,.F.);
#8284 = EDGE_CURVE('',#7907,#8257,#8285,.T.);
#8285 = SURFACE_CURVE('',#8286,(#8290,#8297),.PCURVE_S1.);
#8286 = LINE('',#8287,#8288);
#8287 = CARTESIAN_POINT('',(82.000000029802,11.,3.999999627471));
#8288 = VECTOR('',#8289,1.);
#8289 = DIRECTION('',(1.110223024625E-16,0.,1.));
#8290 = PCURVE('',#7923,#8291);
#8291 = DEFINITIONAL_REPRESENTATION('',(#8292),#8296);
#8292 = LINE('',#8293,#8294);
#8293 = CARTESIAN_POINT('',(-0.,-8.));
#8294 = VECTOR('',#8295,1.);
#8295 = DIRECTION('',(-1.,0.));
#8296 = ( GEOMETRIC_REPRESENTATION_CONTEXT(2) 
PARAMETRIC_REPRESENTATION_CONTEXT() REPRESENTATION_CONTEXT('2D SPACE',''
  ) );
#8297 = PCURVE('',#7953,#8298);
#8298 = DEFINITIONAL_REPRESENTATION('',(#8299),#8303);
#8299 = LINE('',#8300,#8301);
#8300 = CARTESIAN_POINT('',(1.999999970197,79.999999627471));
#8301 = VECTOR('',#8302,1.);
#8302 = DIRECTION('',(0.,1.));
#8303 = ( GEOMETRIC_REPRESENTATION_CONTEXT(2) 
PARAMETRIC_REPRESENTATION_CONTEXT() REPRESENTATION_CONTEXT('2D SPACE',''
  ) );
#8304 = ADVANCED_FACE('',(#8305),#7894,.F.);
#8305 = FACE_BOUND('',#8306,.T.);
#8306 = EDGE_LOOP('',(#8307,#8308,#8331,#8379));
#8307 = ORIENTED_EDGE('',*,*,#7878,.F.);
#8308 = ORIENTED_EDGE('',*,*,#8309,.T.);
#8309 = EDGE_CURVE('',#7841,#8310,#8312,.T.);
#8310 = VERTEX_POINT('',#8311);
#8311 = CARTESIAN_POINT('',(78.000000029802,23.,-82.60272048651));
#8312 = SURFACE_CURVE('',#8313,(#8317,#8324),.PCURVE_S1.);
#8313 = LINE('',#8314,#8315);
#8314 = CARTESIAN_POINT('',(78.000000029802,23.,-101.0000003725));
#8315 = VECTOR('',#8316,1.);
#8316 = DIRECTION('',(1.110223024625E-16,0.,1.));
#8317 = PCURVE('',#7894,#8318);
#8318 = DEFINITIONAL_REPRESENTATION('',(#8319),#8323);
#8319 = LINE('',#8320,#8321);
#8320 = CARTESIAN_POINT('',(12.50000018626,-2.000000009934));
#8321 = VECTOR('',#8322,1.);
#8322 = DIRECTION('',(-1.,0.));
#8323 = ( GEOMETRIC_REPRESENTATION_CONTEXT(2) 
PARAMETRIC_REPRESENTATION_CONTEXT() REPRESENTATION_CONTEXT('2D SPACE',''
  ) );
#8324 = PCURVE('',#7862,#8325);
#8325 = DEFINITIONAL_REPRESENTATION('',(#8326),#8330);
#8326 = LINE('',#8327,#8328);
#8327 = CARTESIAN_POINT('',(-25.00000037252,4.));
#8328 = VECTOR('',#8329,1.);
#8329 = DIRECTION('',(1.,0.));
#8330 = ( GEOMETRIC_REPRESENTATION_CONTEXT(2) 
PARAMETRIC_REPRESENTATION_CONTEXT() REPRESENTATION_CONTEXT('2D SPACE',''
  ) );
#8331 = ORIENTED_EDGE('',*,*,#8332,.F.);
#8332 = EDGE_CURVE('',#7970,#8310,#8333,.T.);
#8333 = SURFACE_CURVE('',#8334,(#8339,#8350),.PCURVE_S1.);
#8334 = CIRCLE('',#8335,6.898979485566);
#8335 = AXIS2_PLACEMENT_3D('',#8336,#8337,#8338);
#8336 = CARTESIAN_POINT('',(80.000000059605,23.,-76.));
#8337 = DIRECTION('',(-9.95799250103E-17,1.,1.105559255369E-32));
#8338 = DIRECTION('',(1.,9.95799250103E-17,-1.110223024625E-16));
#8339 = PCURVE('',#7894,#8340);
#8340 = DEFINITIONAL_REPRESENTATION('',(#8341),#8349);
#8341 = ( BOUNDED_CURVE() B_SPLINE_CURVE(2,(#8342,#8343,#8344,#8345,
#8346,#8347,#8348),.UNSPECIFIED.,.T.,.F.) B_SPLINE_CURVE_WITH_KNOTS((1,2
    ,2,2,2,1),(-2.094395102393,0.,2.094395102393,4.188790204786,
6.28318530718,8.377580409573),.UNSPECIFIED.) CURVE() 
GEOMETRIC_REPRESENTATION_ITEM() RATIONAL_B_SPLINE_CURVE((1.,0.5,1.,0.5,
1.,0.5,1.)) REPRESENTATION_ITEM('') );
#8342 = CARTESIAN_POINT('',(-12.50000018626,6.898979505435));
#8343 = CARTESIAN_POINT('',(-0.550617196884,6.898979505435));
#8344 = CARTESIAN_POINT('',(-6.525308691572,-3.449489722914));
#8345 = CARTESIAN_POINT('',(-12.50000018626,-13.79795895126));
#8346 = CARTESIAN_POINT('',(-18.47469168094,-3.449489722914));
#8347 = CARTESIAN_POINT('',(-24.44938317563,6.898979505435));
#8348 = CARTESIAN_POINT('',(-12.50000018626,6.898979505435));
#8349 = ( GEOMETRIC_REPRESENTATION_CONTEXT(2) 
PARAMETRIC_REPRESENTATION_CONTEXT() REPRESENTATION_CONTEXT('2D SPACE',''
  ) );
#8350 = PCURVE('',#8034,#8351);
#8351 = DEFINITIONAL_REPRESENTATION('',(#8352),#8378);
#8352 = B_SPLINE_CURVE_WITH_KNOTS('',3,(#8353,#8354,#8355,#8356,#8357,
    #8358,#8359,#8360,#8361,#8362,#8363,#8364,#8365,#8366,#8367,#8368,
    #8369,#8370,#8371,#8372,#8373,#8374,#8375,#8376,#8377),
  .UNSPECIFIED.,.F.,.F.,(4,1,1,1,1,1,1,1,1,1,1,1,1,1,1,1,1,1,1,1,1,1,4),
  (1.276676125695,1.303414326205,1.330152526716,1.356890727226,
    1.383628927736,1.410367128247,1.437105328757,1.463843529267,
    1.490581729778,1.517319930288,1.544058130798,1.570796331309,
    1.597534531819,1.624272732329,1.65101093284,1.67774913335,
    1.70448733386,1.73122553437,1.757963734881,1.784701935391,
    1.811440135901,1.838178336412,1.864916536922),.UNSPECIFIED.);
#8353 = CARTESIAN_POINT('',(0.203244829326,-1.260758401788));
#8354 = CARTESIAN_POINT('',(0.203244829326,-1.269739310054));
#8355 = CARTESIAN_POINT('',(0.203244829326,-1.287761231398));
#8356 = CARTESIAN_POINT('',(0.203244829326,-1.314986355879));
#8357 = CARTESIAN_POINT('',(0.203244829326,-1.342415528844));
#8358 = CARTESIAN_POINT('',(0.203244829326,-1.370060983328));
#8359 = CARTESIAN_POINT('',(0.203244829326,-1.397935323307));
#8360 = CARTESIAN_POINT('',(0.203244829326,-1.426051339294));
#8361 = CARTESIAN_POINT('',(0.203244829326,-1.454422949795));
#8362 = CARTESIAN_POINT('',(0.203244829326,-1.483061775793));
#8363 = CARTESIAN_POINT('',(0.203244829326,-1.511990066105));
#8364 = CARTESIAN_POINT('',(0.203244829326,-1.54119259576));
#8365 = CARTESIAN_POINT('',(0.203244829326,-1.57079633184));
#8366 = CARTESIAN_POINT('',(0.203244829326,-1.60040006773));
#8367 = CARTESIAN_POINT('',(0.203244829326,-1.629602597303));
#8368 = CARTESIAN_POINT('',(0.203244829326,-1.658530887512));
#8369 = CARTESIAN_POINT('',(0.203244829326,-1.687169713418));
#8370 = CARTESIAN_POINT('',(0.203244829326,-1.715541323831));
#8371 = CARTESIAN_POINT('',(0.203244829326,-1.743657339733));
#8372 = CARTESIAN_POINT('',(0.203244829326,-1.771531679633));
#8373 = CARTESIAN_POINT('',(0.203244829326,-1.799177134043));
#8374 = CARTESIAN_POINT('',(0.203244829326,-1.826606306936));
#8375 = CARTESIAN_POINT('',(0.203244829326,-1.85383143135));
#8376 = CARTESIAN_POINT('',(0.203244829326,-1.871853352653));
#8377 = CARTESIAN_POINT('',(0.203244829326,-1.880834260898));
#8378 = ( GEOMETRIC_REPRESENTATION_CONTEXT(2) 
PARAMETRIC_REPRESENTATION_CONTEXT() REPRESENTATION_CONTEXT('2D SPACE',''
  ) );
#8379 = ORIENTED_EDGE('',*,*,#7969,.T.);
#8380 = ADVANCED_FACE('',(#8381),#8395,.F.);
#8381 = FACE_BOUND('',#8382,.F.);
#8382 = EDGE_LOOP('',(#8383,#8413,#8440,#8441));
#8383 = ORIENTED_EDGE('',*,*,#8384,.T.);
#8384 = EDGE_CURVE('',#8385,#8387,#8389,.T.);
#8385 = VERTEX_POINT('',#8386);
#8386 = CARTESIAN_POINT('',(75.000000059605,34.,-76.));
#8387 = VERTEX_POINT('',#8388);
#8388 = CARTESIAN_POINT('',(75.000000059605,25.,-76.));
#8389 = SEAM_CURVE('',#8390,(#8394,#8406),.PCURVE_S1.);
#8390 = LINE('',#8391,#8392);
#8391 = CARTESIAN_POINT('',(75.000000059605,29.5,-76.));
#8392 = VECTOR('',#8393,1.);
#8393 = DIRECTION('',(9.95799250103E-17,-1.,-1.105559255369E-32));
#8394 = PCURVE('',#8395,#8400);
#8395 = CYLINDRICAL_SURFACE('',#8396,5.);
#8396 = AXIS2_PLACEMENT_3D('',#8397,#8398,#8399);
#8397 = CARTESIAN_POINT('',(80.000000059605,29.5,-76.));
#8398 = DIRECTION('',(9.95799250103E-17,-1.,-1.105559255369E-32));
#8399 = DIRECTION('',(1.,9.95799250103E-17,-1.110223024625E-16));
#8400 = DEFINITIONAL_REPRESENTATION('',(#8401),#8405);
#8401 = LINE('',#8402,#8403);
#8402 = CARTESIAN_POINT('',(9.42477796077,0.));
#8403 = VECTOR('',#8404,1.);
#8404 = DIRECTION('',(0.,1.));
#8405 = ( GEOMETRIC_REPRESENTATION_CONTEXT(2) 
PARAMETRIC_REPRESENTATION_CONTEXT() REPRESENTATION_CONTEXT('2D SPACE',''
  ) );
#8406 = PCURVE('',#8395,#8407);
#8407 = DEFINITIONAL_REPRESENTATION('',(#8408),#8412);
#8408 = LINE('',#8409,#8410);
#8409 = CARTESIAN_POINT('',(3.141592653589,0.));
#8410 = VECTOR('',#8411,1.);
#8411 = DIRECTION('',(0.,1.));
#8412 = ( GEOMETRIC_REPRESENTATION_CONTEXT(2) 
PARAMETRIC_REPRESENTATION_CONTEXT() REPRESENTATION_CONTEXT('2D SPACE',''
  ) );
#8413 = ORIENTED_EDGE('',*,*,#8414,.F.);
#8414 = EDGE_CURVE('',#8387,#8387,#8415,.T.);
#8415 = SURFACE_CURVE('',#8416,(#8421,#8428),.PCURVE_S1.);
#8416 = CIRCLE('',#8417,5.);
#8417 = AXIS2_PLACEMENT_3D('',#8418,#8419,#8420);
#8418 = CARTESIAN_POINT('',(80.000000059605,25.,-76.));
#8419 = DIRECTION('',(9.95799250103E-17,-1.,-1.105559255369E-32));
#8420 = DIRECTION('',(1.,9.95799250103E-17,-1.110223024625E-16));
#8421 = PCURVE('',#8395,#8422);
#8422 = DEFINITIONAL_REPRESENTATION('',(#8423),#8427);
#8423 = LINE('',#8424,#8425);
#8424 = CARTESIAN_POINT('',(0.,4.5));
#8425 = VECTOR('',#8426,1.);
#8426 = DIRECTION('',(1.,0.));
#8427 = ( GEOMETRIC_REPRESENTATION_CONTEXT(2) 
PARAMETRIC_REPRESENTATION_CONTEXT() REPRESENTATION_CONTEXT('2D SPACE',''
  ) );
#8428 = PCURVE('',#8429,#8434);
#8429 = PLANE('',#8430);
#8430 = AXIS2_PLACEMENT_3D('',#8431,#8432,#8433);
#8431 = CARTESIAN_POINT('',(80.000000059605,25.,-76.));
#8432 = DIRECTION('',(9.95799250103E-17,-1.,-1.105559255369E-32));
#8433 = DIRECTION('',(1.,9.95799250103E-17,-1.110223024625E-16));
#8434 = DEFINITIONAL_REPRESENTATION('',(#8435),#8439);
#8435 = CIRCLE('',#8436,5.);
#8436 = AXIS2_PLACEMENT_2D('',#8437,#8438);
#8437 = CARTESIAN_POINT('',(0.,0.));
#8438 = DIRECTION('',(1.,0.));
#8439 = ( GEOMETRIC_REPRESENTATION_CONTEXT(2) 
PARAMETRIC_REPRESENTATION_CONTEXT() REPRESENTATION_CONTEXT('2D SPACE',''
  ) );
#8440 = ORIENTED_EDGE('',*,*,#8384,.F.);
#8441 = ORIENTED_EDGE('',*,*,#8442,.T.);
#8442 = EDGE_CURVE('',#8385,#8385,#8443,.T.);
#8443 = SURFACE_CURVE('',#8444,(#8449,#8456),.PCURVE_S1.);
#8444 = CIRCLE('',#8445,5.);
#8445 = AXIS2_PLACEMENT_3D('',#8446,#8447,#8448);
#8446 = CARTESIAN_POINT('',(80.000000059605,34.,-76.));
#8447 = DIRECTION('',(9.95799250103E-17,-1.,-1.105559255369E-32));
#8448 = DIRECTION('',(1.,9.95799250103E-17,-1.110223024625E-16));
#8449 = PCURVE('',#8395,#8450);
#8450 = DEFINITIONAL_REPRESENTATION('',(#8451),#8455);
#8451 = LINE('',#8452,#8453);
#8452 = CARTESIAN_POINT('',(0.,-4.5));
#8453 = VECTOR('',#8454,1.);
#8454 = DIRECTION('',(1.,0.));
#8455 = ( GEOMETRIC_REPRESENTATION_CONTEXT(2) 
PARAMETRIC_REPRESENTATION_CONTEXT() REPRESENTATION_CONTEXT('2D SPACE',''
  ) );
#8456 = PCURVE('',#8457,#8462);
#8457 = PLANE('',#8458);
#8458 = AXIS2_PLACEMENT_3D('',#8459,#8460,#8461);
#8459 = CARTESIAN_POINT('',(80.000000059605,34.,-76.));
#8460 = DIRECTION('',(-9.95799250103E-17,1.,1.105559255369E-32));
#8461 = DIRECTION('',(-1.110223024625E-16,0.,-1.));
#8462 = DEFINITIONAL_REPRESENTATION('',(#8463),#8471);
#8463 = ( BOUNDED_CURVE() B_SPLINE_CURVE(2,(#8464,#8465,#8466,#8467,
#8468,#8469,#8470),.UNSPECIFIED.,.T.,.F.) B_SPLINE_CURVE_WITH_KNOTS((1,2
    ,2,2,2,1),(-2.094395102393,0.,2.094395102393,4.188790204786,
6.28318530718,8.377580409573),.UNSPECIFIED.) CURVE() 
GEOMETRIC_REPRESENTATION_ITEM() RATIONAL_B_SPLINE_CURVE((1.,0.5,1.,0.5,
1.,0.5,1.)) REPRESENTATION_ITEM('') );
#8464 = CARTESIAN_POINT('',(0.,-5.));
#8465 = CARTESIAN_POINT('',(-8.660254037844,-5.));
#8466 = CARTESIAN_POINT('',(-4.330127018922,2.5));
#8467 = CARTESIAN_POINT('',(-1.224646799147E-15,10.));
#8468 = CARTESIAN_POINT('',(4.330127018922,2.5));
#8469 = CARTESIAN_POINT('',(8.660254037844,-5.));
#8470 = CARTESIAN_POINT('',(0.,-5.));
#8471 = ( GEOMETRIC_REPRESENTATION_CONTEXT(2) 
PARAMETRIC_REPRESENTATION_CONTEXT() REPRESENTATION_CONTEXT('2D SPACE',''
  ) );
#8472 = ADVANCED_FACE('',(#8473),#8429,.F.);
#8473 = FACE_BOUND('',#8474,.T.);
#8474 = EDGE_LOOP('',(#8475));
#8475 = ORIENTED_EDGE('',*,*,#8414,.F.);
#8476 = ADVANCED_FACE('',(#8477),#7953,.T.);
#8477 = FACE_BOUND('',#8478,.T.);
#8478 = EDGE_LOOP('',(#8479,#8502,#8503,#8504));
#8479 = ORIENTED_EDGE('',*,*,#8480,.T.);
#8480 = EDGE_CURVE('',#8481,#7839,#8483,.T.);
#8481 = VERTEX_POINT('',#8482);
#8482 = CARTESIAN_POINT('',(78.000000029802,11.,3.999999627471));
#8483 = SURFACE_CURVE('',#8484,(#8488,#8495),.PCURVE_S1.);
#8484 = LINE('',#8485,#8486);
#8485 = CARTESIAN_POINT('',(78.000000029802,11.,-101.0000003725));
#8486 = VECTOR('',#8487,1.);
#8487 = DIRECTION('',(-1.110223024625E-16,0.,-1.));
#8488 = PCURVE('',#7953,#8489);
#8489 = DEFINITIONAL_REPRESENTATION('',(#8490),#8494);
#8490 = LINE('',#8491,#8492);
#8491 = CARTESIAN_POINT('',(-2.000000029803,-25.00000037252));
#8492 = VECTOR('',#8493,1.);
#8493 = DIRECTION('',(0.,-1.));
#8494 = ( GEOMETRIC_REPRESENTATION_CONTEXT(2) 
PARAMETRIC_REPRESENTATION_CONTEXT() REPRESENTATION_CONTEXT('2D SPACE',''
  ) );
#8495 = PCURVE('',#7862,#8496);
#8496 = DEFINITIONAL_REPRESENTATION('',(#8497),#8501);
#8497 = LINE('',#8498,#8499);
#8498 = CARTESIAN_POINT('',(-25.00000037252,-8.));
#8499 = VECTOR('',#8500,1.);
#8500 = DIRECTION('',(-1.,0.));
#8501 = ( GEOMETRIC_REPRESENTATION_CONTEXT(2) 
PARAMETRIC_REPRESENTATION_CONTEXT() REPRESENTATION_CONTEXT('2D SPACE',''
  ) );
#8502 = ORIENTED_EDGE('',*,*,#7939,.T.);
#8503 = ORIENTED_EDGE('',*,*,#8284,.T.);
#8504 = ORIENTED_EDGE('',*,*,#8505,.T.);
#8505 = EDGE_CURVE('',#8257,#8481,#8506,.T.);
#8506 = SURFACE_CURVE('',#8507,(#8511,#8518),.PCURVE_S1.);
#8507 = LINE('',#8508,#8509);
#8508 = CARTESIAN_POINT('',(78.000000029802,11.,3.999999627471));
#8509 = VECTOR('',#8510,1.);
#8510 = DIRECTION('',(-1.,-9.95799250103E-17,1.110223024625E-16));
#8511 = PCURVE('',#7953,#8512);
#8512 = DEFINITIONAL_REPRESENTATION('',(#8513),#8517);
#8513 = LINE('',#8514,#8515);
#8514 = CARTESIAN_POINT('',(-2.000000029803,79.999999627471));
#8515 = VECTOR('',#8516,1.);
#8516 = DIRECTION('',(-1.,0.));
#8517 = ( GEOMETRIC_REPRESENTATION_CONTEXT(2) 
PARAMETRIC_REPRESENTATION_CONTEXT() REPRESENTATION_CONTEXT('2D SPACE',''
  ) );
#8518 = PCURVE('',#8272,#8519);
#8519 = DEFINITIONAL_REPRESENTATION('',(#8520),#8524);
#8520 = LINE('',#8521,#8522);
#8521 = CARTESIAN_POINT('',(-7.966394000824E-16,-8.));
#8522 = VECTOR('',#8523,1.);
#8523 = DIRECTION('',(-1.,1.227417340398E-48));
#8524 = ( GEOMETRIC_REPRESENTATION_CONTEXT(2) 
PARAMETRIC_REPRESENTATION_CONTEXT() REPRESENTATION_CONTEXT('2D SPACE',''
  ) );
#8525 = ADVANCED_FACE('',(#8526),#7862,.T.);
#8526 = FACE_BOUND('',#8527,.T.);
#8527 = EDGE_LOOP('',(#8528,#8529,#8530,#8553,#8576,#8669,#8760));
#8528 = ORIENTED_EDGE('',*,*,#7838,.F.);
#8529 = ORIENTED_EDGE('',*,*,#8480,.F.);
#8530 = ORIENTED_EDGE('',*,*,#8531,.F.);
#8531 = EDGE_CURVE('',#8532,#8481,#8534,.T.);
#8532 = VERTEX_POINT('',#8533);
#8533 = CARTESIAN_POINT('',(78.000000029802,23.,3.999999627471));
#8534 = SURFACE_CURVE('',#8535,(#8539,#8546),.PCURVE_S1.);
#8535 = LINE('',#8536,#8537);
#8536 = CARTESIAN_POINT('',(78.000000029802,19.,3.999999627471));
#8537 = VECTOR('',#8538,1.);
#8538 = DIRECTION('',(8.570213720248E-17,-1.,-9.514848598178E-33));
#8539 = PCURVE('',#7862,#8540);
#8540 = DEFINITIONAL_REPRESENTATION('',(#8541),#8545);
#8541 = LINE('',#8542,#8543);
#8542 = CARTESIAN_POINT('',(79.999999627471,-4.567127362571E-31));
#8543 = VECTOR('',#8544,1.);
#8544 = DIRECTION('',(0.,-1.));
#8545 = ( GEOMETRIC_REPRESENTATION_CONTEXT(2) 
PARAMETRIC_REPRESENTATION_CONTEXT() REPRESENTATION_CONTEXT('2D SPACE',''
  ) );
#8546 = PCURVE('',#8272,#8547);
#8547 = DEFINITIONAL_REPRESENTATION('',(#8548),#8552);
#8548 = LINE('',#8549,#8550);
#8549 = CARTESIAN_POINT('',(0.,0.));
#8550 = VECTOR('',#8551,1.);
#8551 = DIRECTION('',(-1.387778780782E-17,-1.));
#8552 = ( GEOMETRIC_REPRESENTATION_CONTEXT(2) 
PARAMETRIC_REPRESENTATION_CONTEXT() REPRESENTATION_CONTEXT('2D SPACE',''
  ) );
#8553 = ORIENTED_EDGE('',*,*,#8554,.F.);
#8554 = EDGE_CURVE('',#8555,#8532,#8557,.T.);
#8555 = VERTEX_POINT('',#8556);
#8556 = CARTESIAN_POINT('',(78.000000029802,23.,-69.39727951348));
#8557 = SURFACE_CURVE('',#8558,(#8562,#8569),.PCURVE_S1.);
#8558 = LINE('',#8559,#8560);
#8559 = CARTESIAN_POINT('',(78.000000029802,23.,-101.0000003725));
#8560 = VECTOR('',#8561,1.);
#8561 = DIRECTION('',(1.110223024625E-16,0.,1.));
#8562 = PCURVE('',#7862,#8563);
#8563 = DEFINITIONAL_REPRESENTATION('',(#8564),#8568);
#8564 = LINE('',#8565,#8566);
#8565 = CARTESIAN_POINT('',(-25.00000037252,4.));
#8566 = VECTOR('',#8567,1.);
#8567 = DIRECTION('',(1.,0.));
#8568 = ( GEOMETRIC_REPRESENTATION_CONTEXT(2) 
PARAMETRIC_REPRESENTATION_CONTEXT() REPRESENTATION_CONTEXT('2D SPACE',''
  ) );
#8569 = PCURVE('',#8244,#8570);
#8570 = DEFINITIONAL_REPRESENTATION('',(#8571),#8575);
#8571 = LINE('',#8572,#8573);
#8572 = CARTESIAN_POINT('',(64.999900516262,-2.000000014901));
#8573 = VECTOR('',#8574,1.);
#8574 = DIRECTION('',(-1.,0.));
#8575 = ( GEOMETRIC_REPRESENTATION_CONTEXT(2) 
PARAMETRIC_REPRESENTATION_CONTEXT() REPRESENTATION_CONTEXT('2D SPACE',''
  ) );
#8576 = ORIENTED_EDGE('',*,*,#8577,.F.);
#8577 = EDGE_CURVE('',#8578,#8555,#8580,.T.);
#8578 = VERTEX_POINT('',#8579);
#8579 = CARTESIAN_POINT('',(78.000000029802,19.,-76.));
#8580 = SURFACE_CURVE('',#8581,(#8598,#8618),.PCURVE_S1.);
#8581 = B_SPLINE_CURVE_WITH_KNOTS('',3,(#8582,#8583,#8584,#8585,#8586,
    #8587,#8588,#8589,#8590,#8591,#8592,#8593,#8594,#8595,#8596,#8597),
  .UNSPECIFIED.,.F.,.F.,(4,2,2,2,2,2,2,4),(1.791302591763,1.973466414892
    ,2.155630238021,2.248176718593,2.340723199166,2.42806929439,
    2.515415389615,2.592260364922),.UNSPECIFIED.);
#8582 = CARTESIAN_POINT('',(78.000000029802,19.,-76.));
#8583 = CARTESIAN_POINT('',(78.000000029802,19.,-75.39278725623));
#8584 = CARTESIAN_POINT('',(78.000000029802,18.989438128506,
    -74.72257983771));
#8585 = CARTESIAN_POINT('',(78.000000029802,19.133229013187,
    -73.41344172767));
#8586 = CARTESIAN_POINT('',(78.000000029802,19.297464739204,
    -72.77561543007));
#8587 = CARTESIAN_POINT('',(78.000000029802,19.674252828893,
    -71.94102626199));
#8588 = CARTESIAN_POINT('',(78.000000029802,19.839050162646,
    -71.64542061335));
#8589 = CARTESIAN_POINT('',(78.000000029802,20.226497969315,
    -71.09521600868));
#8590 = CARTESIAN_POINT('',(78.000000029802,20.449211841264,
    -70.84066170025));
#8591 = CARTESIAN_POINT('',(78.000000029802,20.883671780029,
    -70.42736399518));
#8592 = CARTESIAN_POINT('',(78.000000029802,21.133170742438,
    -70.22800783523));
#8593 = CARTESIAN_POINT('',(78.000000029802,21.66770719496,
    -69.88474246641));
#8594 = CARTESIAN_POINT('',(78.000000029802,21.952758019883,
    -69.74085402311));
#8595 = CARTESIAN_POINT('',(78.000000029802,22.46118229684,
    -69.53825602058));
#8596 = CARTESIAN_POINT('',(78.000000029802,22.726911205826,
    -69.45552472139));
#8597 = CARTESIAN_POINT('',(78.000000029802,23.,-69.39727951348));
#8598 = PCURVE('',#7862,#8599);
#8599 = DEFINITIONAL_REPRESENTATION('',(#8600),#8617);
#8600 = B_SPLINE_CURVE_WITH_KNOTS('',3,(#8601,#8602,#8603,#8604,#8605,
    #8606,#8607,#8608,#8609,#8610,#8611,#8612,#8613,#8614,#8615,#8616),
  .UNSPECIFIED.,.F.,.F.,(4,2,2,2,2,2,2,4),(1.791302591763,1.973466414892
    ,2.155630238021,2.248176718593,2.340723199166,2.42806929439,
    2.515415389615,2.592260364922),.UNSPECIFIED.);
#8601 = CARTESIAN_POINT('',(0.,0.));
#8602 = CARTESIAN_POINT('',(0.607212743763,0.));
#8603 = CARTESIAN_POINT('',(1.277420162282,-1.0561871494E-02));
#8604 = CARTESIAN_POINT('',(2.586558272326,0.133229013187));
#8605 = CARTESIAN_POINT('',(3.22438456993,0.297464739204));
#8606 = CARTESIAN_POINT('',(4.058973738002,0.674252828893));
#8607 = CARTESIAN_POINT('',(4.354579386645,0.839050162646));
#8608 = CARTESIAN_POINT('',(4.904783991319,1.226497969315));
#8609 = CARTESIAN_POINT('',(5.159338299742,1.449211841264));
#8610 = CARTESIAN_POINT('',(5.572636004813,1.883671780029));
#8611 = CARTESIAN_POINT('',(5.77199216477,2.133170742438));
#8612 = CARTESIAN_POINT('',(6.115257533581,2.66770719496));
#8613 = CARTESIAN_POINT('',(6.259145976884,2.952758019883));
#8614 = CARTESIAN_POINT('',(6.461743979412,3.46118229684));
#8615 = CARTESIAN_POINT('',(6.544475278601,3.726911205826));
#8616 = CARTESIAN_POINT('',(6.602720486516,4.));
#8617 = ( GEOMETRIC_REPRESENTATION_CONTEXT(2) 
PARAMETRIC_REPRESENTATION_CONTEXT() REPRESENTATION_CONTEXT('2D SPACE',''
  ) );
#8618 = PCURVE('',#8034,#8619);
#8619 = DEFINITIONAL_REPRESENTATION('',(#8620),#8668);
#8620 = B_SPLINE_CURVE_WITH_KNOTS('',3,(#8621,#8622,#8623,#8624,#8625,
    #8626,#8627,#8628,#8629,#8630,#8631,#8632,#8633,#8634,#8635,#8636,
    #8637,#8638,#8639,#8640,#8641,#8642,#8643,#8644,#8645,#8646,#8647,
    #8648,#8649,#8650,#8651,#8652,#8653,#8654,#8655,#8656,#8657,#8658,
    #8659,#8660,#8661,#8662,#8663,#8664,#8665,#8666,#8667),
  .UNSPECIFIED.,.F.,.F.,(4,1,1,1,1,1,1,1,1,1,1,1,1,1,1,1,1,1,1,1,1,1,1,1
    ,1,1,1,1,1,1,1,1,1,1,1,1,1,1,1,1,1,1,1,1,4),(1.791302591763,
    1.809506177517,1.827709763271,1.845913349024,1.864116934778,
    1.882320520531,1.900524106285,1.918727692039,1.936931277792,
    1.955134863546,1.973338449299,1.991542035053,2.009745620807,
    2.02794920656,2.046152792314,2.064356378068,2.082559963821,
    2.100763549575,2.118967135328,2.137170721082,2.155374306836,
    2.173577892589,2.191781478343,2.209985064096,2.22818864985,
    2.246392235604,2.264595821357,2.282799407111,2.301002992864,
    2.319206578618,2.337410164372,2.355613750125,2.373817335879,
    2.392020921633,2.410224507386,2.42842809314,2.446631678893,
    2.464835264647,2.483038850401,2.501242436154,2.519446021908,
    2.537649607661,2.555853193415,2.574056779169,2.592260364922),
  .UNSPECIFIED.);
#8621 = CARTESIAN_POINT('',(1.570796332755,3.14159265359));
#8622 = CARTESIAN_POINT('',(1.570807316102,3.107875325846));
#8623 = CARTESIAN_POINT('',(1.569654151286,3.041080724416));
#8624 = CARTESIAN_POINT('',(1.564396494949,2.944046074014));
#8625 = CARTESIAN_POINT('',(1.555558165586,2.851516832142));
#8626 = CARTESIAN_POINT('',(1.543262271938,2.764452420299));
#8627 = CARTESIAN_POINT('',(1.527723183855,2.683489496596));
#8628 = CARTESIAN_POINT('',(1.509232685444,2.608924096025));
#8629 = CARTESIAN_POINT('',(1.488123064343,2.540769881406));
#8630 = CARTESIAN_POINT('',(1.464739796597,2.478825151855));
#8631 = CARTESIAN_POINT('',(1.439418201783,2.422745345254));
#8632 = CARTESIAN_POINT('',(1.412470916665,2.372099929006));
#8633 = CARTESIAN_POINT('',(1.384168248906,2.326435302461));
#8634 = CARTESIAN_POINT('',(1.354747675628,2.285278534611));
#8635 = CARTESIAN_POINT('',(1.324426374664,2.248168134344));
#8636 = CARTESIAN_POINT('',(1.293392508502,2.214681141565));
#8637 = CARTESIAN_POINT('',(1.261809729296,2.184432995972));
#8638 = CARTESIAN_POINT('',(1.229820953663,2.157080657585));
#8639 = CARTESIAN_POINT('',(1.197542562734,2.132316300493));
#8640 = CARTESIAN_POINT('',(1.16509696683,2.109881266635));
#8641 = CARTESIAN_POINT('',(1.132499971384,2.089500675893));
#8642 = CARTESIAN_POINT('',(1.100089044591,2.071111623521));
#8643 = CARTESIAN_POINT('',(1.066931667381,2.053995444302));
#8644 = CARTESIAN_POINT('',(1.032167965794,2.037672937926));
#8645 = CARTESIAN_POINT('',(0.996324021298,2.022378971708));
#8646 = CARTESIAN_POINT('',(0.959554719053,2.008119019807));
#8647 = CARTESIAN_POINT('',(0.922109019333,1.994929761663));
#8648 = CARTESIAN_POINT('',(0.884200771025,1.982820902747));
#8649 = CARTESIAN_POINT('',(0.846052533845,1.971751710718));
#8650 = CARTESIAN_POINT('',(0.807955091258,1.961681926414));
#8651 = CARTESIAN_POINT('',(0.770019669359,1.952560634253));
#8652 = CARTESIAN_POINT('',(0.733353329328,1.944396837969));
#8653 = CARTESIAN_POINT('',(0.697417490539,1.936993551659));
#8654 = CARTESIAN_POINT('',(0.659929484582,1.929855554953));
#8655 = CARTESIAN_POINT('',(0.621803853197,1.923170139501));
#8656 = CARTESIAN_POINT('',(0.58315563137,1.916945480753));
#8657 = CARTESIAN_POINT('',(0.544294954879,1.911228845689));
#8658 = CARTESIAN_POINT('',(0.505458960278,1.906049728962));
#8659 = CARTESIAN_POINT('',(0.466891285103,1.901389585048));
#8660 = CARTESIAN_POINT('',(0.428902495465,1.897237873837));
#8661 = CARTESIAN_POINT('',(0.391591669456,1.893568601697));
#8662 = CARTESIAN_POINT('',(0.355880693275,1.890427341181));
#8663 = CARTESIAN_POINT('',(0.319230352217,1.887571700949));
#8664 = CARTESIAN_POINT('',(0.281324820258,1.884984794489));
#8665 = CARTESIAN_POINT('',(0.242605372373,1.882709824928));
#8666 = CARTESIAN_POINT('',(0.21639885,1.881418466339));
#8667 = CARTESIAN_POINT('',(0.203244829326,1.880834260898));
#8668 = ( GEOMETRIC_REPRESENTATION_CONTEXT(2) 
PARAMETRIC_REPRESENTATION_CONTEXT() REPRESENTATION_CONTEXT('2D SPACE',''
  ) );
#8669 = ORIENTED_EDGE('',*,*,#8670,.F.);
#8670 = EDGE_CURVE('',#8310,#8578,#8671,.T.);
#8671 = SURFACE_CURVE('',#8672,(#8689,#8709),.PCURVE_S1.);
#8672 = B_SPLINE_CURVE_WITH_KNOTS('',3,(#8673,#8674,#8675,#8676,#8677,
    #8678,#8679,#8680,#8681,#8682,#8683,#8684,#8685,#8686,#8687,#8688),
  .UNSPECIFIED.,.F.,.F.,(4,2,2,2,2,2,2,4),(0.990344818605,1.067189793912
    ,1.154535889137,1.241881984361,1.334428464933,1.426974945506,
    1.609138768634,1.791302591763),.UNSPECIFIED.);
#8673 = CARTESIAN_POINT('',(78.000000029802,23.,-82.60272048651));
#8674 = CARTESIAN_POINT('',(78.000000029802,22.726911205826,
    -82.5444752786));
#8675 = CARTESIAN_POINT('',(78.000000029802,22.46118229684,
    -82.46174397941));
#8676 = CARTESIAN_POINT('',(78.000000029802,21.952758019883,
    -82.25914597688));
#8677 = CARTESIAN_POINT('',(78.000000029802,21.66770719496,
    -82.11525753358));
#8678 = CARTESIAN_POINT('',(78.000000029802,21.133170742438,
    -81.77199216477));
#8679 = CARTESIAN_POINT('',(78.000000029802,20.883671780029,
    -81.57263600481));
#8680 = CARTESIAN_POINT('',(78.000000029802,20.449211841264,
    -81.15933829974));
#8681 = CARTESIAN_POINT('',(78.000000029802,20.226497969315,
    -80.90478399131));
#8682 = CARTESIAN_POINT('',(78.000000029802,19.839050162646,
    -80.35457938664));
#8683 = CARTESIAN_POINT('',(78.000000029802,19.674252828893,
    -80.058973738));
#8684 = CARTESIAN_POINT('',(78.000000029802,19.297464739204,
    -79.22438456993));
#8685 = CARTESIAN_POINT('',(78.000000029802,19.133229013187,
    -78.58655827232));
#8686 = CARTESIAN_POINT('',(78.000000029802,18.989438128506,
    -77.27742016228));
#8687 = CARTESIAN_POINT('',(78.000000029802,19.,-76.60721274376));
#8688 = CARTESIAN_POINT('',(78.000000029802,19.,-76.));
#8689 = PCURVE('',#7862,#8690);
#8690 = DEFINITIONAL_REPRESENTATION('',(#8691),#8708);
#8691 = B_SPLINE_CURVE_WITH_KNOTS('',3,(#8692,#8693,#8694,#8695,#8696,
    #8697,#8698,#8699,#8700,#8701,#8702,#8703,#8704,#8705,#8706,#8707),
  .UNSPECIFIED.,.F.,.F.,(4,2,2,2,2,2,2,4),(0.990344818605,1.067189793912
    ,1.154535889137,1.241881984361,1.334428464933,1.426974945506,
    1.609138768634,1.791302591763),.UNSPECIFIED.);
#8692 = CARTESIAN_POINT('',(-6.602720486516,4.));
#8693 = CARTESIAN_POINT('',(-6.544475278601,3.726911205826));
#8694 = CARTESIAN_POINT('',(-6.461743979412,3.46118229684));
#8695 = CARTESIAN_POINT('',(-6.259145976884,2.952758019883));
#8696 = CARTESIAN_POINT('',(-6.115257533581,2.66770719496));
#8697 = CARTESIAN_POINT('',(-5.77199216477,2.133170742438));
#8698 = CARTESIAN_POINT('',(-5.572636004813,1.883671780029));
#8699 = CARTESIAN_POINT('',(-5.159338299742,1.449211841264));
#8700 = CARTESIAN_POINT('',(-4.904783991319,1.226497969315));
#8701 = CARTESIAN_POINT('',(-4.354579386645,0.839050162646));
#8702 = CARTESIAN_POINT('',(-4.058973738002,0.674252828893));
#8703 = CARTESIAN_POINT('',(-3.22438456993,0.297464739204));
#8704 = CARTESIAN_POINT('',(-2.586558272326,0.133229013187));
#8705 = CARTESIAN_POINT('',(-1.277420162282,-1.0561871494E-02));
#8706 = CARTESIAN_POINT('',(-0.607212743763,0.));
#8707 = CARTESIAN_POINT('',(0.,0.));
#8708 = ( GEOMETRIC_REPRESENTATION_CONTEXT(2) 
PARAMETRIC_REPRESENTATION_CONTEXT() REPRESENTATION_CONTEXT('2D SPACE',''
  ) );
#8709 = PCURVE('',#8034,#8710);
#8710 = DEFINITIONAL_REPRESENTATION('',(#8711),#8759);
#8711 = B_SPLINE_CURVE_WITH_KNOTS('',3,(#8712,#8713,#8714,#8715,#8716,
    #8717,#8718,#8719,#8720,#8721,#8722,#8723,#8724,#8725,#8726,#8727,
    #8728,#8729,#8730,#8731,#8732,#8733,#8734,#8735,#8736,#8737,#8738,
    #8739,#8740,#8741,#8742,#8743,#8744,#8745,#8746,#8747,#8748,#8749,
    #8750,#8751,#8752,#8753,#8754,#8755,#8756,#8757,#8758),
  .UNSPECIFIED.,.F.,.F.,(4,1,1,1,1,1,1,1,1,1,1,1,1,1,1,1,1,1,1,1,1,1,1,1
    ,1,1,1,1,1,1,1,1,1,1,1,1,1,1,1,1,1,1,1,1,4),(0.990344818605,
    1.008548404358,1.026751990112,1.044955575865,1.063159161619,
    1.081362747373,1.099566333126,1.11776991888,1.135973504633,
    1.154177090387,1.172380676141,1.190584261894,1.208787847648,
    1.226991433401,1.245195019155,1.263398604909,1.281602190662,
    1.299805776416,1.31800936217,1.336212947923,1.354416533677,
    1.37262011943,1.390823705184,1.409027290938,1.427230876691,
    1.445434462445,1.463638048198,1.481841633952,1.500045219706,
    1.518248805459,1.536452391213,1.554655976966,1.57285956272,
    1.591063148474,1.609266734227,1.627470319981,1.645673905734,
    1.663877491488,1.682081077242,1.700284662995,1.718488248749,
    1.736691834503,1.754895420256,1.77309900601,1.791302591763),
  .UNSPECIFIED.);
#8712 = CARTESIAN_POINT('',(0.203244829326,-1.880834260898));
#8713 = CARTESIAN_POINT('',(0.21639885,-1.881418466339));
#8714 = CARTESIAN_POINT('',(0.242605372373,-1.882709824928));
#8715 = CARTESIAN_POINT('',(0.281324820258,-1.884984794489));
#8716 = CARTESIAN_POINT('',(0.319230352217,-1.887571700949));
#8717 = CARTESIAN_POINT('',(0.355880693275,-1.890427341181));
#8718 = CARTESIAN_POINT('',(0.391591669456,-1.893568601697));
#8719 = CARTESIAN_POINT('',(0.428902495465,-1.897237873837));
#8720 = CARTESIAN_POINT('',(0.466891285103,-1.901389585048));
#8721 = CARTESIAN_POINT('',(0.505458960278,-1.906049728962));
#8722 = CARTESIAN_POINT('',(0.544294954879,-1.911228845689));
#8723 = CARTESIAN_POINT('',(0.58315563137,-1.916945480753));
#8724 = CARTESIAN_POINT('',(0.621803853197,-1.923170139501));
#8725 = CARTESIAN_POINT('',(0.659929484582,-1.929855554953));
#8726 = CARTESIAN_POINT('',(0.697417490539,-1.936993551659));
#8727 = CARTESIAN_POINT('',(0.733353329328,-1.944396837969));
#8728 = CARTESIAN_POINT('',(0.770019669359,-1.952560634253));
#8729 = CARTESIAN_POINT('',(0.807955091258,-1.961681926414));
#8730 = CARTESIAN_POINT('',(0.846052533845,-1.971751710718));
#8731 = CARTESIAN_POINT('',(0.884200771025,-1.982820902747));
#8732 = CARTESIAN_POINT('',(0.922109019333,-1.994929761663));
#8733 = CARTESIAN_POINT('',(0.959554719053,-2.008119019807));
#8734 = CARTESIAN_POINT('',(0.996324021298,-2.022378971708));
#8735 = CARTESIAN_POINT('',(1.032167965794,-2.037672937926));
#8736 = CARTESIAN_POINT('',(1.066931667381,-2.053995444302));
#8737 = CARTESIAN_POINT('',(1.100089044591,-2.071111623521));
#8738 = CARTESIAN_POINT('',(1.132499971384,-2.089500675893));
#8739 = CARTESIAN_POINT('',(1.16509696683,-2.109881266635));
#8740 = CARTESIAN_POINT('',(1.197542562734,-2.132316300493));
#8741 = CARTESIAN_POINT('',(1.229820953663,-2.157080657585));
#8742 = CARTESIAN_POINT('',(1.261809729296,-2.184432995972));
#8743 = CARTESIAN_POINT('',(1.293392508502,-2.214681141565));
#8744 = CARTESIAN_POINT('',(1.324426374664,-2.248168134344));
#8745 = CARTESIAN_POINT('',(1.354747675628,-2.285278534611));
#8746 = CARTESIAN_POINT('',(1.384168248906,-2.326435302461));
#8747 = CARTESIAN_POINT('',(1.412470916665,-2.372099929006));
#8748 = CARTESIAN_POINT('',(1.439418201783,-2.422745345254));
#8749 = CARTESIAN_POINT('',(1.464739796597,-2.478825151855));
#8750 = CARTESIAN_POINT('',(1.488123064343,-2.540769881406));
#8751 = CARTESIAN_POINT('',(1.509232685444,-2.608924096025));
#8752 = CARTESIAN_POINT('',(1.527723183855,-2.683489496596));
#8753 = CARTESIAN_POINT('',(1.543262271938,-2.764452420299));
#8754 = CARTESIAN_POINT('',(1.555558165586,-2.851516832142));
#8755 = CARTESIAN_POINT('',(1.564396494949,-2.944046074014));
#8756 = CARTESIAN_POINT('',(1.569654151286,-3.041080724416));
#8757 = CARTESIAN_POINT('',(1.570807316102,-3.107875325846));
#8758 = CARTESIAN_POINT('',(1.570796332755,-3.14159265359));
#8759 = ( GEOMETRIC_REPRESENTATION_CONTEXT(2) 
PARAMETRIC_REPRESENTATION_CONTEXT() REPRESENTATION_CONTEXT('2D SPACE',''
  ) );
#8760 = ORIENTED_EDGE('',*,*,#8309,.F.);
#8761 = ADVANCED_FACE('',(#8762),#8272,.T.);
#8762 = FACE_BOUND('',#8763,.T.);
#8763 = EDGE_LOOP('',(#8764,#8765,#8786,#8787));
#8764 = ORIENTED_EDGE('',*,*,#8256,.T.);
#8765 = ORIENTED_EDGE('',*,*,#8766,.F.);
#8766 = EDGE_CURVE('',#8532,#8229,#8767,.T.);
#8767 = SURFACE_CURVE('',#8768,(#8772,#8779),.PCURVE_S1.);
#8768 = LINE('',#8769,#8770);
#8769 = CARTESIAN_POINT('',(78.000000029802,23.,3.999999627471));
#8770 = VECTOR('',#8771,1.);
#8771 = DIRECTION('',(1.,9.95799250103E-17,-1.110223024625E-16));
#8772 = PCURVE('',#8272,#8773);
#8773 = DEFINITIONAL_REPRESENTATION('',(#8774),#8778);
#8774 = LINE('',#8775,#8776);
#8775 = CARTESIAN_POINT('',(3.983197000412E-16,4.));
#8776 = VECTOR('',#8777,1.);
#8777 = DIRECTION('',(1.,-1.227417340398E-48));
#8778 = ( GEOMETRIC_REPRESENTATION_CONTEXT(2) 
PARAMETRIC_REPRESENTATION_CONTEXT() REPRESENTATION_CONTEXT('2D SPACE',''
  ) );
#8779 = PCURVE('',#8244,#8780);
#8780 = DEFINITIONAL_REPRESENTATION('',(#8781),#8785);
#8781 = LINE('',#8782,#8783);
#8782 = CARTESIAN_POINT('',(-40.00009948372,-2.000000014901));
#8783 = VECTOR('',#8784,1.);
#8784 = DIRECTION('',(0.,1.));
#8785 = ( GEOMETRIC_REPRESENTATION_CONTEXT(2) 
PARAMETRIC_REPRESENTATION_CONTEXT() REPRESENTATION_CONTEXT('2D SPACE',''
  ) );
#8786 = ORIENTED_EDGE('',*,*,#8531,.T.);
#8787 = ORIENTED_EDGE('',*,*,#8505,.F.);
#8788 = ADVANCED_FACE('',(#8789),#8244,.F.);
#8789 = FACE_BOUND('',#8790,.T.);
#8790 = EDGE_LOOP('',(#8791,#8839,#8840,#8841));
#8791 = ORIENTED_EDGE('',*,*,#8792,.F.);
#8792 = EDGE_CURVE('',#8555,#8132,#8793,.T.);
#8793 = SURFACE_CURVE('',#8794,(#8799,#8810),.PCURVE_S1.);
#8794 = CIRCLE('',#8795,6.898979485566);
#8795 = AXIS2_PLACEMENT_3D('',#8796,#8797,#8798);
#8796 = CARTESIAN_POINT('',(80.000000059605,23.,-76.));
#8797 = DIRECTION('',(-9.95799250103E-17,1.,1.105559255369E-32));
#8798 = DIRECTION('',(1.,9.95799250103E-17,-1.110223024625E-16));
#8799 = PCURVE('',#8244,#8800);
#8800 = DEFINITIONAL_REPRESENTATION('',(#8801),#8809);
#8801 = ( BOUNDED_CURVE() B_SPLINE_CURVE(2,(#8802,#8803,#8804,#8805,
#8806,#8807,#8808),.UNSPECIFIED.,.T.,.F.) B_SPLINE_CURVE_WITH_KNOTS((1,2
    ,2,2,2,1),(-2.094395102393,0.,2.094395102393,4.188790204786,
6.28318530718,8.377580409573),.UNSPECIFIED.) CURVE() 
GEOMETRIC_REPRESENTATION_ITEM() RATIONAL_B_SPLINE_CURVE((1.,0.5,1.,0.5,
1.,0.5,1.)) REPRESENTATION_ITEM('') );
#8802 = CARTESIAN_POINT('',(39.999900143742,6.898979500468));
#8803 = CARTESIAN_POINT('',(51.949283133118,6.898979500468));
#8804 = CARTESIAN_POINT('',(45.97459163843,-3.449489727881));
#8805 = CARTESIAN_POINT('',(39.999900143742,-13.79795895623));
#8806 = CARTESIAN_POINT('',(34.025208649054,-3.449489727881));
#8807 = CARTESIAN_POINT('',(28.050517154366,6.898979500468));
#8808 = CARTESIAN_POINT('',(39.999900143742,6.898979500468));
#8809 = ( GEOMETRIC_REPRESENTATION_CONTEXT(2) 
PARAMETRIC_REPRESENTATION_CONTEXT() REPRESENTATION_CONTEXT('2D SPACE',''
  ) );
#8810 = PCURVE('',#8034,#8811);
#8811 = DEFINITIONAL_REPRESENTATION('',(#8812),#8838);
#8812 = B_SPLINE_CURVE_WITH_KNOTS('',3,(#8813,#8814,#8815,#8816,#8817,
    #8818,#8819,#8820,#8821,#8822,#8823,#8824,#8825,#8826,#8827,#8828,
    #8829,#8830,#8831,#8832,#8833,#8834,#8835,#8836,#8837),
  .UNSPECIFIED.,.F.,.F.,(4,1,1,1,1,1,1,1,1,1,1,1,1,1,1,1,1,1,1,1,1,1,4),
  (4.418268770257,4.445006970768,4.471745171278,4.498483371788,
    4.525221572299,4.551959772809,4.578697973319,4.60543617383,
    4.63217437434,4.65891257485,4.685650775361,4.712388975871,
    4.739127176381,4.765865376892,4.792603577402,4.819341777912,
    4.846079978423,4.872818178933,4.899556379443,4.926294579954,
    4.953032780464,4.979770980974,5.006509181485),.UNSPECIFIED.);
#8813 = CARTESIAN_POINT('',(0.203244829326,1.880834260898));
#8814 = CARTESIAN_POINT('',(0.203244829326,1.871853352653));
#8815 = CARTESIAN_POINT('',(0.203244829326,1.85383143135));
#8816 = CARTESIAN_POINT('',(0.203244829326,1.826606306936));
#8817 = CARTESIAN_POINT('',(0.203244829326,1.799177134043));
#8818 = CARTESIAN_POINT('',(0.203244829326,1.771531679633));
#8819 = CARTESIAN_POINT('',(0.203244829326,1.743657339733));
#8820 = CARTESIAN_POINT('',(0.203244829326,1.715541323831));
#8821 = CARTESIAN_POINT('',(0.203244829326,1.687169713418));
#8822 = CARTESIAN_POINT('',(0.203244829326,1.658530887512));
#8823 = CARTESIAN_POINT('',(0.203244829326,1.629602597303));
#8824 = CARTESIAN_POINT('',(0.203244829326,1.60040006773));
#8825 = CARTESIAN_POINT('',(0.203244829326,1.57079633184));
#8826 = CARTESIAN_POINT('',(0.203244829326,1.54119259576));
#8827 = CARTESIAN_POINT('',(0.203244829326,1.511990066105));
#8828 = CARTESIAN_POINT('',(0.203244829326,1.483061775793));
#8829 = CARTESIAN_POINT('',(0.203244829326,1.454422949795));
#8830 = CARTESIAN_POINT('',(0.203244829326,1.426051339294));
#8831 = CARTESIAN_POINT('',(0.203244829326,1.397935323307));
#8832 = CARTESIAN_POINT('',(0.203244829326,1.370060983328));
#8833 = CARTESIAN_POINT('',(0.203244829326,1.342415528844));
#8834 = CARTESIAN_POINT('',(0.203244829326,1.314986355879));
#8835 = CARTESIAN_POINT('',(0.203244829326,1.287761231398));
#8836 = CARTESIAN_POINT('',(0.203244829326,1.269739310054));
#8837 = CARTESIAN_POINT('',(0.203244829326,1.260758401788));
#8838 = ( GEOMETRIC_REPRESENTATION_CONTEXT(2) 
PARAMETRIC_REPRESENTATION_CONTEXT() REPRESENTATION_CONTEXT('2D SPACE',''
  ) );
#8839 = ORIENTED_EDGE('',*,*,#8554,.T.);
#8840 = ORIENTED_EDGE('',*,*,#8766,.T.);
#8841 = ORIENTED_EDGE('',*,*,#8228,.T.);
#8842 = ADVANCED_FACE('',(#8843),#8034,.F.);
#8843 = FACE_BOUND('',#8844,.F.);
#8844 = EDGE_LOOP('',(#8845,#8846,#8847,#8848,#8916,#8967,#9011,#9012,
    #9013,#9014));
#8845 = ORIENTED_EDGE('',*,*,#8131,.F.);
#8846 = ORIENTED_EDGE('',*,*,#8792,.F.);
#8847 = ORIENTED_EDGE('',*,*,#8577,.F.);
#8848 = ORIENTED_EDGE('',*,*,#8849,.T.);
#8849 = EDGE_CURVE('',#8578,#8850,#8852,.T.);
#8850 = VERTEX_POINT('',#8851);
#8851 = CARTESIAN_POINT('',(73.000000059605,24.,-76.));
#8852 = SEAM_CURVE('',#8853,(#8858,#8887),.PCURVE_S1.);
#8853 = CIRCLE('',#8854,5.);
#8854 = AXIS2_PLACEMENT_3D('',#8855,#8856,#8857);
#8855 = CARTESIAN_POINT('',(78.000000059605,24.,-76.));
#8856 = DIRECTION('',(1.144237745218E-17,1.219502364232E-32,-1.));
#8857 = DIRECTION('',(-1.,-6.040407428518E-66,-1.144237745218E-17));
#8858 = PCURVE('',#8034,#8859);
#8859 = DEFINITIONAL_REPRESENTATION('',(#8860),#8886);
#8860 = B_SPLINE_CURVE_WITH_KNOTS('',3,(#8861,#8862,#8863,#8864,#8865,
    #8866,#8867,#8868,#8869,#8870,#8871,#8872,#8873,#8874,#8875,#8876,
    #8877,#8878,#8879,#8880,#8881,#8882,#8883,#8884,#8885),
  .UNSPECIFIED.,.F.,.F.,(4,1,1,1,1,1,1,1,1,1,1,1,1,1,1,1,1,1,1,1,1,1,4),
  (4.712388986345,4.78378881911,4.855188651876,4.926588484641,
    4.997988317406,5.069388150171,5.140787982936,5.212187815702,
    5.283587648467,5.354987481232,5.426387313997,5.497787146762,
    5.569186979528,5.640586812293,5.711986645058,5.783386477823,
    5.854786310588,5.926186143354,5.997585976119,6.068985808884,
    6.140385641649,6.211785474414,6.28318530718),.QUASI_UNIFORM_KNOTS.);
#8861 = CARTESIAN_POINT('',(1.570796332755,3.14159265359));
#8862 = CARTESIAN_POINT('',(1.546374188812,3.14159265359));
#8863 = CARTESIAN_POINT('',(1.497874036209,3.14159265359));
#8864 = CARTESIAN_POINT('',(1.425961900279,3.14159265359));
#8865 = CARTESIAN_POINT('',(1.354690717033,3.14159265359));
#8866 = CARTESIAN_POINT('',(1.283873242132,3.14159265359));
#8867 = CARTESIAN_POINT('',(1.213325905134,3.14159265359));
#8868 = CARTESIAN_POINT('',(1.142868750308,3.14159265359));
#8869 = CARTESIAN_POINT('',(1.072320369515,3.14159265359));
#8870 = CARTESIAN_POINT('',(1.001507069525,3.14159265359));
#8871 = CARTESIAN_POINT('',(0.930220229885,3.14159265359));
#8872 = CARTESIAN_POINT('',(0.858366543797,3.14159265359));
#8873 = CARTESIAN_POINT('',(0.785398170808,3.14159265359));
#8874 = CARTESIAN_POINT('',(0.712429771238,3.14159265359));
#8875 = CARTESIAN_POINT('',(0.640576092436,3.14159265359));
#8876 = CARTESIAN_POINT('',(0.569289250969,3.14159265359));
#8877 = CARTESIAN_POINT('',(0.498475951552,3.14159265359));
#8878 = CARTESIAN_POINT('',(0.427927570655,3.14159265359));
#8879 = CARTESIAN_POINT('',(0.357470415852,3.14159265359));
#8880 = CARTESIAN_POINT('',(0.286923078868,3.14159265359));
#8881 = CARTESIAN_POINT('',(0.216105603707,3.14159265359));
#8882 = CARTESIAN_POINT('',(0.14483442112,3.14159265359));
#8883 = CARTESIAN_POINT('',(7.292228226711E-02,3.14159265359));
#8884 = CARTESIAN_POINT('',(2.442213652502E-02,3.14159265359));
#8885 = CARTESIAN_POINT('',(-1.394118950144E-16,3.14159265359));
#8886 = ( GEOMETRIC_REPRESENTATION_CONTEXT(2) 
PARAMETRIC_REPRESENTATION_CONTEXT() REPRESENTATION_CONTEXT('2D SPACE',''
  ) );
#8887 = PCURVE('',#8034,#8888);
#8888 = DEFINITIONAL_REPRESENTATION('',(#8889),#8915);
#8889 = B_SPLINE_CURVE_WITH_KNOTS('',3,(#8890,#8891,#8892,#8893,#8894,
    #8895,#8896,#8897,#8898,#8899,#8900,#8901,#8902,#8903,#8904,#8905,
    #8906,#8907,#8908,#8909,#8910,#8911,#8912,#8913,#8914),
  .UNSPECIFIED.,.F.,.F.,(4,1,1,1,1,1,1,1,1,1,1,1,1,1,1,1,1,1,1,1,1,1,4),
  (4.712388986345,4.78378881911,4.855188651876,4.926588484641,
    4.997988317406,5.069388150171,5.140787982936,5.212187815702,
    5.283587648467,5.354987481232,5.426387313997,5.497787146762,
    5.569186979528,5.640586812293,5.711986645058,5.783386477823,
    5.854786310588,5.926186143354,5.997585976119,6.068985808884,
    6.140385641649,6.211785474414,6.28318530718),.QUASI_UNIFORM_KNOTS.);
#8890 = CARTESIAN_POINT('',(1.570796332755,-3.14159265359));
#8891 = CARTESIAN_POINT('',(1.546374188812,-3.14159265359));
#8892 = CARTESIAN_POINT('',(1.497874036209,-3.14159265359));
#8893 = CARTESIAN_POINT('',(1.425961900279,-3.14159265359));
#8894 = CARTESIAN_POINT('',(1.354690717033,-3.14159265359));
#8895 = CARTESIAN_POINT('',(1.283873242132,-3.14159265359));
#8896 = CARTESIAN_POINT('',(1.213325905134,-3.14159265359));
#8897 = CARTESIAN_POINT('',(1.142868750308,-3.14159265359));
#8898 = CARTESIAN_POINT('',(1.072320369515,-3.14159265359));
#8899 = CARTESIAN_POINT('',(1.001507069525,-3.14159265359));
#8900 = CARTESIAN_POINT('',(0.930220229885,-3.14159265359));
#8901 = CARTESIAN_POINT('',(0.858366543797,-3.14159265359));
#8902 = CARTESIAN_POINT('',(0.785398170808,-3.14159265359));
#8903 = CARTESIAN_POINT('',(0.712429771238,-3.14159265359));
#8904 = CARTESIAN_POINT('',(0.640576092436,-3.14159265359));
#8905 = CARTESIAN_POINT('',(0.569289250969,-3.14159265359));
#8906 = CARTESIAN_POINT('',(0.498475951552,-3.14159265359));
#8907 = CARTESIAN_POINT('',(0.427927570655,-3.14159265359));
#8908 = CARTESIAN_POINT('',(0.357470415852,-3.14159265359));
#8909 = CARTESIAN_POINT('',(0.286923078868,-3.14159265359));
#8910 = CARTESIAN_POINT('',(0.216105603707,-3.14159265359));
#8911 = CARTESIAN_POINT('',(0.14483442112,-3.14159265359));
#8912 = CARTESIAN_POINT('',(7.292228226711E-02,-3.14159265359));
#8913 = CARTESIAN_POINT('',(2.442213652502E-02,-3.14159265359));
#8914 = CARTESIAN_POINT('',(-1.394118950144E-16,-3.14159265359));
#8915 = ( GEOMETRIC_REPRESENTATION_CONTEXT(2) 
PARAMETRIC_REPRESENTATION_CONTEXT() REPRESENTATION_CONTEXT('2D SPACE',''
  ) );
#8916 = ORIENTED_EDGE('',*,*,#8917,.F.);
#8917 = EDGE_CURVE('',#8918,#8850,#8920,.T.);
#8918 = VERTEX_POINT('',#8919);
#8919 = CARTESIAN_POINT('',(80.000000059605,24.,-83.));
#8920 = SURFACE_CURVE('',#8921,(#8926,#8955),.PCURVE_S1.);
#8921 = CIRCLE('',#8922,7.);
#8922 = AXIS2_PLACEMENT_3D('',#8923,#8924,#8925);
#8923 = CARTESIAN_POINT('',(80.000000059605,24.,-76.));
#8924 = DIRECTION('',(9.95799250103E-17,-1.,-1.105559255369E-32));
#8925 = DIRECTION('',(-2.334869823772E-16,-1.219502364232E-32,-1.));
#8926 = PCURVE('',#8034,#8927);
#8927 = DEFINITIONAL_REPRESENTATION('',(#8928),#8954);
#8928 = B_SPLINE_CURVE_WITH_KNOTS('',3,(#8929,#8930,#8931,#8932,#8933,
    #8934,#8935,#8936,#8937,#8938,#8939,#8940,#8941,#8942,#8943,#8944,
    #8945,#8946,#8947,#8948,#8949,#8950,#8951,#8952,#8953),
  .UNSPECIFIED.,.F.,.F.,(4,1,1,1,1,1,1,1,1,1,1,1,1,1,1,1,1,1,1,1,1,1,4),
  (0.,0.214199499108,0.428398998217,0.642598497325,0.856797996434,
    1.070997495542,1.28519699465,1.499396493759,1.713595992867,
    1.927795491976,2.141994991084,2.356194490192,2.570393989301,
    2.784593488409,2.998792987518,3.212992486626,3.427191985734,
    3.641391484843,3.855590983951,4.06979048306,4.283989982168,
    4.498189481276,4.712388980385),.UNSPECIFIED.);
#8929 = CARTESIAN_POINT('',(-1.394118950144E-16,-1.570796326795));
#8930 = CARTESIAN_POINT('',(-1.394118950144E-16,-1.491600902977));
#8931 = CARTESIAN_POINT('',(-1.394118950144E-16,-1.339806414379));
#8932 = CARTESIAN_POINT('',(-1.394118950144E-16,-1.126169628765));
#8933 = CARTESIAN_POINT('',(-1.394118950144E-16,-0.920488978282));
#8934 = CARTESIAN_POINT('',(-1.394118950144E-16,-0.717942038876));
#8935 = CARTESIAN_POINT('',(-1.394118950144E-16,-0.513811497476));
#8936 = CARTESIAN_POINT('',(-1.394118950144E-16,-0.303476509462));
#8937 = CARTESIAN_POINT('',(-1.394118950144E-16,-8.093848883122E-02));
#8938 = CARTESIAN_POINT('',(-1.394118950144E-16,0.158136193241));
#8939 = CARTESIAN_POINT('',(-1.394118950144E-16,0.374248904887));
#8940 = CARTESIAN_POINT('',(-1.394118950144E-16,0.582404656046));
#8941 = CARTESIAN_POINT('',(-1.394118950144E-16,0.785398163397));
#8942 = CARTESIAN_POINT('',(-1.394118950144E-16,0.988391670749));
#8943 = CARTESIAN_POINT('',(-1.394118950144E-16,1.196547421908));
#8944 = CARTESIAN_POINT('',(-1.394118950144E-16,1.412660133553));
#8945 = CARTESIAN_POINT('',(-1.394118950144E-16,1.651734815626));
#8946 = CARTESIAN_POINT('',(-1.394118950144E-16,1.874272836257));
#8947 = CARTESIAN_POINT('',(-1.394118950144E-16,2.084607824271));
#8948 = CARTESIAN_POINT('',(-1.394118950144E-16,2.288738365671));
#8949 = CARTESIAN_POINT('',(-1.394118950144E-16,2.491285305077));
#8950 = CARTESIAN_POINT('',(-1.394118950144E-16,2.696965955559));
#8951 = CARTESIAN_POINT('',(-1.394118950144E-16,2.910602741174));
#8952 = CARTESIAN_POINT('',(-1.394118950144E-16,3.062397229772));
#8953 = CARTESIAN_POINT('',(-1.394118950144E-16,3.14159265359));
#8954 = ( GEOMETRIC_REPRESENTATION_CONTEXT(2) 
PARAMETRIC_REPRESENTATION_CONTEXT() REPRESENTATION_CONTEXT('2D SPACE',''
  ) );
#8955 = PCURVE('',#8956,#8961);
#8956 = CYLINDRICAL_SURFACE('',#8957,7.);
#8957 = AXIS2_PLACEMENT_3D('',#8958,#8959,#8960);
#8958 = CARTESIAN_POINT('',(80.000000059605,26.5,-76.));
#8959 = DIRECTION('',(9.95799250103E-17,-1.,-1.105559255369E-32));
#8960 = DIRECTION('',(1.110223024625E-16,0.,1.));
#8961 = DEFINITIONAL_REPRESENTATION('',(#8962),#8966);
#8962 = LINE('',#8963,#8964);
#8963 = CARTESIAN_POINT('',(-3.14159265359,2.5));
#8964 = VECTOR('',#8965,1.);
#8965 = DIRECTION('',(1.,0.));
#8966 = ( GEOMETRIC_REPRESENTATION_CONTEXT(2) 
PARAMETRIC_REPRESENTATION_CONTEXT() REPRESENTATION_CONTEXT('2D SPACE',''
  ) );
#8967 = ORIENTED_EDGE('',*,*,#8968,.F.);
#8968 = EDGE_CURVE('',#8850,#8918,#8969,.T.);
#8969 = SURFACE_CURVE('',#8970,(#8975,#9004),.PCURVE_S1.);
#8970 = CIRCLE('',#8971,7.);
#8971 = AXIS2_PLACEMENT_3D('',#8972,#8973,#8974);
#8972 = CARTESIAN_POINT('',(80.000000059605,24.,-76.));
#8973 = DIRECTION('',(9.95799250103E-17,-1.,-1.105559255369E-32));
#8974 = DIRECTION('',(-2.334869823772E-16,-1.219502364232E-32,-1.));
#8975 = PCURVE('',#8034,#8976);
#8976 = DEFINITIONAL_REPRESENTATION('',(#8977),#9003);
#8977 = B_SPLINE_CURVE_WITH_KNOTS('',3,(#8978,#8979,#8980,#8981,#8982,
    #8983,#8984,#8985,#8986,#8987,#8988,#8989,#8990,#8991,#8992,#8993,
    #8994,#8995,#8996,#8997,#8998,#8999,#9000,#9001,#9002),
  .UNSPECIFIED.,.F.,.F.,(4,1,1,1,1,1,1,1,1,1,1,1,1,1,1,1,1,1,1,1,1,1,4),
  (4.712388980385,4.783788813421,4.855188646457,4.926588479493,
    4.997988312529,5.069388145565,5.140787978601,5.212187811638,
    5.283587644674,5.35498747771,5.426387310746,5.497787143782,
    5.569186976818,5.640586809854,5.711986642891,5.783386475927,
    5.854786308963,5.926186141999,5.997585975035,6.068985808071,
    6.140385641107,6.211785474143,6.28318530718),.UNSPECIFIED.);
#8978 = CARTESIAN_POINT('',(-1.394118950144E-16,-3.14159265359));
#8979 = CARTESIAN_POINT('',(-1.394118950144E-16,-3.115159605062));
#8980 = CARTESIAN_POINT('',(-1.394118950144E-16,-3.063067440961));
#8981 = CARTESIAN_POINT('',(-1.394118950144E-16,-2.986986199037));
#8982 = CARTESIAN_POINT('',(-1.394118950144E-16,-2.912688495409));
#8983 = CARTESIAN_POINT('',(-1.394118950144E-16,-2.839931213656));
#8984 = CARTESIAN_POINT('',(-1.394118950144E-16,-2.768486547351));
#8985 = CARTESIAN_POINT('',(-1.394118950144E-16,-2.698142049645));
#8986 = CARTESIAN_POINT('',(-1.394118950144E-16,-2.628697122557));
#8987 = CARTESIAN_POINT('',(-1.394118950144E-16,-2.559960843422));
#8988 = CARTESIAN_POINT('',(-1.394118950144E-16,-2.491749732825));
#8989 = CARTESIAN_POINT('',(-1.394118950144E-16,-2.423885766815));
#8990 = CARTESIAN_POINT('',(-1.394118950144E-16,-2.356194490192));
#8991 = CARTESIAN_POINT('',(-1.394118950144E-16,-2.28850321357));
#8992 = CARTESIAN_POINT('',(-1.394118950144E-16,-2.22063924756));
#8993 = CARTESIAN_POINT('',(-1.394118950144E-16,-2.152428136962));
#8994 = CARTESIAN_POINT('',(-1.394118950144E-16,-2.083691857828));
#8995 = CARTESIAN_POINT('',(-1.394118950144E-16,-2.014246930739));
#8996 = CARTESIAN_POINT('',(-1.394118950144E-16,-1.943902433034));
#8997 = CARTESIAN_POINT('',(-1.394118950144E-16,-1.872457766729));
#8998 = CARTESIAN_POINT('',(-1.394118950144E-16,-1.799700484976));
#8999 = CARTESIAN_POINT('',(-1.394118950144E-16,-1.725402781348));
#9000 = CARTESIAN_POINT('',(-1.394118950144E-16,-1.649321539424));
#9001 = CARTESIAN_POINT('',(-1.394118950144E-16,-1.597229375323));
#9002 = CARTESIAN_POINT('',(-1.394118950144E-16,-1.570796326795));
#9003 = ( GEOMETRIC_REPRESENTATION_CONTEXT(2) 
PARAMETRIC_REPRESENTATION_CONTEXT() REPRESENTATION_CONTEXT('2D SPACE',''
  ) );
#9004 = PCURVE('',#8956,#9005);
#9005 = DEFINITIONAL_REPRESENTATION('',(#9006),#9010);
#9006 = LINE('',#9007,#9008);
#9007 = CARTESIAN_POINT('',(-3.14159265359,2.5));
#9008 = VECTOR('',#9009,1.);
#9009 = DIRECTION('',(1.,0.));
#9010 = ( GEOMETRIC_REPRESENTATION_CONTEXT(2) 
PARAMETRIC_REPRESENTATION_CONTEXT() REPRESENTATION_CONTEXT('2D SPACE',''
  ) );
#9011 = ORIENTED_EDGE('',*,*,#8849,.F.);
#9012 = ORIENTED_EDGE('',*,*,#8670,.F.);
#9013 = ORIENTED_EDGE('',*,*,#8332,.F.);
#9014 = ORIENTED_EDGE('',*,*,#7992,.F.);
#9015 = ADVANCED_FACE('',(#9016),#8956,.T.);
#9016 = FACE_BOUND('',#9017,.T.);
#9017 = EDGE_LOOP('',(#9018,#9019,#9042,#9064,#9065));
#9018 = ORIENTED_EDGE('',*,*,#8917,.F.);
#9019 = ORIENTED_EDGE('',*,*,#9020,.T.);
#9020 = EDGE_CURVE('',#8918,#9021,#9023,.T.);
#9021 = VERTEX_POINT('',#9022);
#9022 = CARTESIAN_POINT('',(80.000000059605,34.,-83.));
#9023 = SEAM_CURVE('',#9024,(#9028,#9035),.PCURVE_S1.);
#9024 = LINE('',#9025,#9026);
#9025 = CARTESIAN_POINT('',(80.000000059605,26.5,-83.));
#9026 = VECTOR('',#9027,1.);
#9027 = DIRECTION('',(-9.95799250103E-17,1.,1.105559255369E-32));
#9028 = PCURVE('',#8956,#9029);
#9029 = DEFINITIONAL_REPRESENTATION('',(#9030),#9034);
#9030 = LINE('',#9031,#9032);
#9031 = CARTESIAN_POINT('',(-3.14159265359,0.));
#9032 = VECTOR('',#9033,1.);
#9033 = DIRECTION('',(0.,-1.));
#9034 = ( GEOMETRIC_REPRESENTATION_CONTEXT(2) 
PARAMETRIC_REPRESENTATION_CONTEXT() REPRESENTATION_CONTEXT('2D SPACE',''
  ) );
#9035 = PCURVE('',#8956,#9036);
#9036 = DEFINITIONAL_REPRESENTATION('',(#9037),#9041);
#9037 = LINE('',#9038,#9039);
#9038 = CARTESIAN_POINT('',(3.14159265359,0.));
#9039 = VECTOR('',#9040,1.);
#9040 = DIRECTION('',(0.,-1.));
#9041 = ( GEOMETRIC_REPRESENTATION_CONTEXT(2) 
PARAMETRIC_REPRESENTATION_CONTEXT() REPRESENTATION_CONTEXT('2D SPACE',''
  ) );
#9042 = ORIENTED_EDGE('',*,*,#9043,.F.);
#9043 = EDGE_CURVE('',#9021,#9021,#9044,.T.);
#9044 = SURFACE_CURVE('',#9045,(#9050,#9057),.PCURVE_S1.);
#9045 = CIRCLE('',#9046,7.);
#9046 = AXIS2_PLACEMENT_3D('',#9047,#9048,#9049);
#9047 = CARTESIAN_POINT('',(80.000000059605,34.,-76.));
#9048 = DIRECTION('',(-9.95799250103E-17,1.,1.105559255369E-32));
#9049 = DIRECTION('',(1.110223024625E-16,0.,1.));
#9050 = PCURVE('',#8956,#9051);
#9051 = DEFINITIONAL_REPRESENTATION('',(#9052),#9056);
#9052 = LINE('',#9053,#9054);
#9053 = CARTESIAN_POINT('',(6.28318530718,-7.5));
#9054 = VECTOR('',#9055,1.);
#9055 = DIRECTION('',(-1.,0.));
#9056 = ( GEOMETRIC_REPRESENTATION_CONTEXT(2) 
PARAMETRIC_REPRESENTATION_CONTEXT() REPRESENTATION_CONTEXT('2D SPACE',''
  ) );
#9057 = PCURVE('',#8457,#9058);
#9058 = DEFINITIONAL_REPRESENTATION('',(#9059),#9063);
#9059 = CIRCLE('',#9060,7.);
#9060 = AXIS2_PLACEMENT_2D('',#9061,#9062);
#9061 = CARTESIAN_POINT('',(0.,0.));
#9062 = DIRECTION('',(-1.,0.));
#9063 = ( GEOMETRIC_REPRESENTATION_CONTEXT(2) 
PARAMETRIC_REPRESENTATION_CONTEXT() REPRESENTATION_CONTEXT('2D SPACE',''
  ) );
#9064 = ORIENTED_EDGE('',*,*,#9020,.F.);
#9065 = ORIENTED_EDGE('',*,*,#8968,.F.);
#9066 = ADVANCED_FACE('',(#9067,#9070),#8457,.T.);
#9067 = FACE_BOUND('',#9068,.T.);
#9068 = EDGE_LOOP('',(#9069));
#9069 = ORIENTED_EDGE('',*,*,#9043,.T.);
#9070 = FACE_BOUND('',#9071,.T.);
#9071 = EDGE_LOOP('',(#9072));
#9072 = ORIENTED_EDGE('',*,*,#8442,.T.);
#9073 = ( GEOMETRIC_REPRESENTATION_CONTEXT(3) 
GLOBAL_UNCERTAINTY_ASSIGNED_CONTEXT((#9077)) 
GLOBAL_UNIT_ASSIGNED_CONTEXT((#9074,#9075,#9076)) REPRESENTATION_CONTEXT
('Context #1','3D Context with UNIT and UNCERTAINTY') );
#9074 = ( LENGTH_UNIT() NAMED_UNIT(*) SI_UNIT(.MILLI.,.METRE.) );
#9075 = ( NAMED_UNIT(*) PLANE_ANGLE_UNIT() SI_UNIT($,.RADIAN.) );
#9076 = ( NAMED_UNIT(*) SI_UNIT($,.STERADIAN.) SOLID_ANGLE_UNIT() );
#9077 = UNCERTAINTY_MEASURE_WITH_UNIT(LENGTH_MEASURE(5.E-04),#9074,
  'distance_accuracy_value','confusion accuracy');
#9078 = CONTEXT_DEPENDENT_SHAPE_REPRESENTATION(#9079,#9081);
#9079 = ( REPRESENTATION_RELATIONSHIP('','',#7831,#10) 
REPRESENTATION_RELATIONSHIP_WITH_TRANSFORMATION(#9080) 
SHAPE_REPRESENTATION_RELATIONSHIP() );
#9080 = ITEM_DEFINED_TRANSFORMATION('','',#11,#43);
#9081 = PRODUCT_DEFINITION_SHAPE('Placement','Placement of an item',
  #9082);
#9082 = NEXT_ASSEMBLY_USAGE_OCCURRENCE('8','','',#5,#7826,$);
#9083 = PRODUCT_RELATED_PRODUCT_CATEGORY('part',$,(#7828));
#9084 = SHAPE_DEFINITION_REPRESENTATION(#9085,#9091);
#9085 = PRODUCT_DEFINITION_SHAPE('','',#9086);
#9086 = PRODUCT_DEFINITION('design','',#9087,#9090);
#9087 = PRODUCT_DEFINITION_FORMATION('','',#9088);
#9088 = PRODUCT('Open CASCADE STEP translator 7.9 1.9',
  'Open CASCADE STEP translator 7.9 1.9','',(#9089));
#9089 = PRODUCT_CONTEXT('',#2,'mechanical');
#9090 = PRODUCT_DEFINITION_CONTEXT('part definition',#2,'design');
#9091 = ADVANCED_BREP_SHAPE_REPRESENTATION('',(#11,#9092),#10333);
#9092 = MANIFOLD_SOLID_BREP('',#9093);
#9093 = CLOSED_SHELL('',(#9094,#9224,#9564,#9640,#9732,#9736,#9785,
    #10021,#10048,#10102,#10275,#10326));
#9094 = ADVANCED_FACE('',(#9095),#9110,.T.);
#9095 = FACE_BOUND('',#9096,.T.);
#9096 = EDGE_LOOP('',(#9097,#9137,#9165,#9198));
#9097 = ORIENTED_EDGE('',*,*,#9098,.T.);
#9098 = EDGE_CURVE('',#9099,#9101,#9103,.T.);
#9099 = VERTEX_POINT('',#9100);
#9100 = CARTESIAN_POINT('',(4.339574170701,11.,-68.83199874669));
#9101 = VERTEX_POINT('',#9102);
#9102 = CARTESIAN_POINT('',(16.086914295165,23.,-57.08465862223));
#9103 = SURFACE_CURVE('',#9104,(#9109,#9121),.PCURVE_S1.);
#9104 = CIRCLE('',#9105,17.5);
#9105 = AXIS2_PLACEMENT_3D('',#9106,#9107,#9108);
#9106 = CARTESIAN_POINT('',(16.086914295165,5.5,-57.08465862223));
#9107 = DIRECTION('',(0.707106781187,4.832803041759E-17,-0.707106781187)
  );
#9108 = DIRECTION('',(-0.671276578541,0.314285714286,-0.671276578541));
#9109 = PCURVE('',#9110,#9115);
#9110 = CYLINDRICAL_SURFACE('',#9111,17.5);
#9111 = AXIS2_PLACEMENT_3D('',#9112,#9113,#9114);
#9112 = CARTESIAN_POINT('',(18.915341419912,5.5,-59.91308574698));
#9113 = DIRECTION('',(0.707106781187,9.95799250103E-17,-0.707106781187)
  );
#9114 = DIRECTION('',(-0.671276578541,0.314285714286,-0.671276578541));
#9115 = DEFINITIONAL_REPRESENTATION('',(#9116),#9120);
#9116 = LINE('',#9117,#9118);
#9117 = CARTESIAN_POINT('',(0.,-4.));
#9118 = VECTOR('',#9119,1.);
#9119 = DIRECTION('',(1.,7.09922446343E-16));
#9120 = ( GEOMETRIC_REPRESENTATION_CONTEXT(2) 
PARAMETRIC_REPRESENTATION_CONTEXT() REPRESENTATION_CONTEXT('2D SPACE',''
  ) );
#9121 = PCURVE('',#9122,#9127);
#9122 = PLANE('',#9123);
#9123 = AXIS2_PLACEMENT_3D('',#9124,#9125,#9126);
#9124 = CARTESIAN_POINT('',(22.017243963776,19.,-51.15432895362));
#9125 = DIRECTION('',(-0.707106781187,-8.570213720248E-17,0.707106781187
    ));
#9126 = DIRECTION('',(0.707106781187,0.,0.707106781187));
#9127 = DEFINITIONAL_REPRESENTATION('',(#9128),#9136);
#9128 = ( BOUNDED_CURVE() B_SPLINE_CURVE(2,(#9129,#9130,#9131,#9132,
#9133,#9134,#9135),.UNSPECIFIED.,.T.,.F.) B_SPLINE_CURVE_WITH_KNOTS((1,2
    ,2,2,2,1),(-2.094395102393,0.,2.094395102393,4.188790204786,
6.28318530718,8.377580409573),.UNSPECIFIED.) CURVE() 
GEOMETRIC_REPRESENTATION_ITEM() RATIONAL_B_SPLINE_CURVE((1.,0.5,1.,0.5,
1.,0.5,1.)) REPRESENTATION_ITEM('') );
#9129 = CARTESIAN_POINT('',(-25.00000037252,-7.999999999994));
#9130 = CARTESIAN_POINT('',(-15.47372093088,20.774989139879));
#9131 = CARTESIAN_POINT('',(4.683010937044,-1.862505430067));
#9132 = CARTESIAN_POINT('',(24.839742804975,-24.50000000001));
#9133 = CARTESIAN_POINT('',(-4.843268504596,-30.63749456994));
#9134 = CARTESIAN_POINT('',(-34.52627981416,-36.77498913986));
#9135 = CARTESIAN_POINT('',(-25.00000037252,-7.999999999994));
#9136 = ( GEOMETRIC_REPRESENTATION_CONTEXT(2) 
PARAMETRIC_REPRESENTATION_CONTEXT() REPRESENTATION_CONTEXT('2D SPACE',''
  ) );
#9137 = ORIENTED_EDGE('',*,*,#9138,.T.);
#9138 = EDGE_CURVE('',#9101,#9139,#9141,.T.);
#9139 = VERTEX_POINT('',#9140);
#9140 = CARTESIAN_POINT('',(18.915341419912,23.,-59.91308574698));
#9141 = SURFACE_CURVE('',#9142,(#9146,#9153),.PCURVE_S1.);
#9142 = LINE('',#9143,#9144);
#9143 = CARTESIAN_POINT('',(18.915341419912,23.,-59.91308574698));
#9144 = VECTOR('',#9145,1.);
#9145 = DIRECTION('',(0.707106781187,9.95799250103E-17,-0.707106781187)
  );
#9146 = PCURVE('',#9110,#9147);
#9147 = DEFINITIONAL_REPRESENTATION('',(#9148),#9152);
#9148 = LINE('',#9149,#9150);
#9149 = CARTESIAN_POINT('',(1.251092178132,1.7763568394E-15));
#9150 = VECTOR('',#9151,1.);
#9151 = DIRECTION('',(0.,1.));
#9152 = ( GEOMETRIC_REPRESENTATION_CONTEXT(2) 
PARAMETRIC_REPRESENTATION_CONTEXT() REPRESENTATION_CONTEXT('2D SPACE',''
  ) );
#9153 = PCURVE('',#9154,#9159);
#9154 = PLANE('',#9155);
#9155 = AXIS2_PLACEMENT_3D('',#9156,#9157,#9158);
#9156 = CARTESIAN_POINT('',(14.592622636636,23.,-61.40737741955));
#9157 = DIRECTION('',(7.041364024483E-17,-1.,-7.041364024483E-17));
#9158 = DIRECTION('',(-0.707106781187,0.,-0.707106781187));
#9159 = DEFINITIONAL_REPRESENTATION('',(#9160),#9164);
#9160 = LINE('',#9161,#9162);
#9161 = CARTESIAN_POINT('',(-4.113247539567,1.999999990066));
#9162 = VECTOR('',#9163,1.);
#9163 = DIRECTION('',(-1.014653635757E-17,1.));
#9164 = ( GEOMETRIC_REPRESENTATION_CONTEXT(2) 
PARAMETRIC_REPRESENTATION_CONTEXT() REPRESENTATION_CONTEXT('2D SPACE',''
  ) );
#9165 = ORIENTED_EDGE('',*,*,#9166,.T.);
#9166 = EDGE_CURVE('',#9139,#9167,#9169,.T.);
#9167 = VERTEX_POINT('',#9168);
#9168 = CARTESIAN_POINT('',(7.168001295447,11.,-71.66042587144));
#9169 = SURFACE_CURVE('',#9170,(#9175,#9182),.PCURVE_S1.);
#9170 = CIRCLE('',#9171,17.5);
#9171 = AXIS2_PLACEMENT_3D('',#9172,#9173,#9174);
#9172 = CARTESIAN_POINT('',(18.915341419912,5.5,-59.91308574698));
#9173 = DIRECTION('',(-0.707106781187,-4.832803041759E-17,0.707106781187
    ));
#9174 = DIRECTION('',(-0.671276578541,0.314285714286,-0.671276578541));
#9175 = PCURVE('',#9110,#9176);
#9176 = DEFINITIONAL_REPRESENTATION('',(#9177),#9181);
#9177 = LINE('',#9178,#9179);
#9178 = CARTESIAN_POINT('',(6.28318530718,2.22044604925E-16));
#9179 = VECTOR('',#9180,1.);
#9180 = DIRECTION('',(-1.,0.));
#9181 = ( GEOMETRIC_REPRESENTATION_CONTEXT(2) 
PARAMETRIC_REPRESENTATION_CONTEXT() REPRESENTATION_CONTEXT('2D SPACE',''
  ) );
#9182 = PCURVE('',#9183,#9188);
#9183 = PLANE('',#9184);
#9184 = AXIS2_PLACEMENT_3D('',#9185,#9186,#9187);
#9185 = CARTESIAN_POINT('',(81.414213320029,19.,2.585786153136));
#9186 = DIRECTION('',(0.707106781187,8.570213720248E-17,-0.707106781187)
  );
#9187 = DIRECTION('',(-0.707106781187,0.,-0.707106781187));
#9188 = DEFINITIONAL_REPRESENTATION('',(#9189),#9197);
#9189 = ( BOUNDED_CURVE() B_SPLINE_CURVE(2,(#9190,#9191,#9192,#9193,
#9194,#9195,#9196),.UNSPECIFIED.,.T.,.F.) B_SPLINE_CURVE_WITH_KNOTS((1,2
    ,2,2,2,1),(-2.094395102393,0.,2.094395102393,4.188790204786,
6.28318530718,8.377580409573),.UNSPECIFIED.) CURVE() 
GEOMETRIC_REPRESENTATION_ITEM() RATIONAL_B_SPLINE_CURVE((1.,0.5,1.,0.5,
1.,0.5,1.)) REPRESENTATION_ITEM('') );
#9190 = CARTESIAN_POINT('',(104.99999999999,-7.999999999994));
#9191 = CARTESIAN_POINT('',(114.52627944163,-36.77498913986));
#9192 = CARTESIAN_POINT('',(84.843268132067,-30.63749456994));
#9193 = CARTESIAN_POINT('',(55.160256822496,-24.50000000001));
#9194 = CARTESIAN_POINT('',(75.316988690427,-1.862505430067));
#9195 = CARTESIAN_POINT('',(95.473720558358,20.774989139879));
#9196 = CARTESIAN_POINT('',(104.99999999999,-7.999999999994));
#9197 = ( GEOMETRIC_REPRESENTATION_CONTEXT(2) 
PARAMETRIC_REPRESENTATION_CONTEXT() REPRESENTATION_CONTEXT('2D SPACE',''
  ) );
#9198 = ORIENTED_EDGE('',*,*,#9199,.F.);
#9199 = EDGE_CURVE('',#9099,#9167,#9200,.T.);
#9200 = SURFACE_CURVE('',#9201,(#9205,#9212),.PCURVE_S1.);
#9201 = LINE('',#9202,#9203);
#9202 = CARTESIAN_POINT('',(7.168001295447,11.,-71.66042587144));
#9203 = VECTOR('',#9204,1.);
#9204 = DIRECTION('',(0.707106781187,9.95799250103E-17,-0.707106781187)
  );
#9205 = PCURVE('',#9110,#9206);
#9206 = DEFINITIONAL_REPRESENTATION('',(#9207),#9211);
#9207 = LINE('',#9208,#9209);
#9208 = CARTESIAN_POINT('',(0.,0.));
#9209 = VECTOR('',#9210,1.);
#9210 = DIRECTION('',(0.,1.));
#9211 = ( GEOMETRIC_REPRESENTATION_CONTEXT(2) 
PARAMETRIC_REPRESENTATION_CONTEXT() REPRESENTATION_CONTEXT('2D SPACE',''
  ) );
#9212 = PCURVE('',#9213,#9218);
#9213 = PLANE('',#9214);
#9214 = AXIS2_PLACEMENT_3D('',#9215,#9216,#9217);
#9215 = CARTESIAN_POINT('',(23.431457547223,11.,-52.56854253707));
#9216 = DIRECTION('',(6.060056237805E-17,-1.,-6.060056237805E-17));
#9217 = DIRECTION('',(0.707106781187,8.570213720248E-17,-0.707106781187)
  );
#9218 = DEFINITIONAL_REPRESENTATION('',(#9219),#9223);
#9219 = LINE('',#9220,#9221);
#9220 = CARTESIAN_POINT('',(1.999999970197,-25.00000037252));
#9221 = VECTOR('',#9222,1.);
#9222 = DIRECTION('',(1.,1.014653635757E-17));
#9223 = ( GEOMETRIC_REPRESENTATION_CONTEXT(2) 
PARAMETRIC_REPRESENTATION_CONTEXT() REPRESENTATION_CONTEXT('2D SPACE',''
  ) );
#9224 = ADVANCED_FACE('',(#9225),#9183,.T.);
#9225 = FACE_BOUND('',#9226,.T.);
#9226 = EDGE_LOOP('',(#9227,#9228,#9251,#9390,#9487,#9515,#9543));
#9227 = ORIENTED_EDGE('',*,*,#9166,.F.);
#9228 = ORIENTED_EDGE('',*,*,#9229,.F.);
#9229 = EDGE_CURVE('',#9230,#9139,#9232,.T.);
#9230 = VERTEX_POINT('',#9231);
#9231 = CARTESIAN_POINT('',(20.176842645462,23.,-58.65158452143));
#9232 = SURFACE_CURVE('',#9233,(#9237,#9244),.PCURVE_S1.);
#9233 = LINE('',#9234,#9235);
#9234 = CARTESIAN_POINT('',(81.414213320029,23.,2.585786153136));
#9235 = VECTOR('',#9236,1.);
#9236 = DIRECTION('',(-0.707106781187,0.,-0.707106781187));
#9237 = PCURVE('',#9183,#9238);
#9238 = DEFINITIONAL_REPRESENTATION('',(#9239),#9243);
#9239 = LINE('',#9240,#9241);
#9240 = CARTESIAN_POINT('',(-3.140184917368E-16,4.));
#9241 = VECTOR('',#9242,1.);
#9242 = DIRECTION('',(1.,1.75304687834E-33));
#9243 = ( GEOMETRIC_REPRESENTATION_CONTEXT(2) 
PARAMETRIC_REPRESENTATION_CONTEXT() REPRESENTATION_CONTEXT('2D SPACE',''
  ) );
#9244 = PCURVE('',#9154,#9245);
#9245 = DEFINITIONAL_REPRESENTATION('',(#9246),#9250);
#9246 = LINE('',#9247,#9248);
#9247 = CARTESIAN_POINT('',(-92.49999981373,1.999999990066));
#9248 = VECTOR('',#9249,1.);
#9249 = DIRECTION('',(1.,-1.014653635757E-17));
#9250 = ( GEOMETRIC_REPRESENTATION_CONTEXT(2) 
PARAMETRIC_REPRESENTATION_CONTEXT() REPRESENTATION_CONTEXT('2D SPACE',''
  ) );
#9251 = ORIENTED_EDGE('',*,*,#9252,.F.);
#9252 = EDGE_CURVE('',#9253,#9230,#9255,.T.);
#9253 = VERTEX_POINT('',#9254);
#9254 = CARTESIAN_POINT('',(24.845530133866,19.,-53.98289703302));
#9255 = SURFACE_CURVE('',#9256,(#9273,#9293),.PCURVE_S1.);
#9256 = B_SPLINE_CURVE_WITH_KNOTS('',3,(#9257,#9258,#9259,#9260,#9261,
    #9262,#9263,#9264,#9265,#9266,#9267,#9268,#9269,#9270,#9271,#9272),
  .UNSPECIFIED.,.F.,.F.,(4,2,2,2,2,2,2,4),(1.790801908198,1.964818974928
    ,2.138855975421,2.225285273565,2.31171457171,2.406354856116,
    2.500995140522,2.591213604045),.UNSPECIFIED.);
#9257 = CARTESIAN_POINT('',(24.845530133866,19.,-53.98289703302));
#9258 = CARTESIAN_POINT('',(24.435358296947,19.,-54.39306886994));
#9259 = CARTESIAN_POINT('',(23.982949727381,18.990339307398,
    -54.84547743951));
#9260 = CARTESIAN_POINT('',(23.095978116405,19.114631353163,
    -55.73244905048));
#9261 = CARTESIAN_POINT('',(22.662133358226,19.258616745824,
    -56.16629380866));
#9262 = CARTESIAN_POINT('',(22.094981998988,19.591011644076,
    -56.7334451679));
#9263 = CARTESIAN_POINT('',(21.89570755394,19.734404710602,
    -56.93271961295));
#9264 = CARTESIAN_POINT('',(21.520631375336,20.072860382179,
    -57.30779579155));
#9265 = CARTESIAN_POINT('',(21.344860520044,20.26799142087,
    -57.48356664684));
#9266 = CARTESIAN_POINT('',(21.032719340223,20.67960630047,
    -57.79570782667));
#9267 = CARTESIAN_POINT('',(20.870100854288,20.937948255308,
    -57.9583263126));
#9268 = CARTESIAN_POINT('',(20.589277765095,21.498984629393,
    -58.23914940179));
#9269 = CARTESIAN_POINT('',(20.471091399374,21.801697305557,
    -58.35733576751));
#9270 = CARTESIAN_POINT('',(20.297861219547,22.367099734014,
    -58.53056594734));
#9271 = CARTESIAN_POINT('',(20.225170398013,22.679553687755,
    -58.60325676888));
#9272 = CARTESIAN_POINT('',(20.176842645462,23.,-58.65158452143));
#9273 = PCURVE('',#9183,#9274);
#9274 = DEFINITIONAL_REPRESENTATION('',(#9275),#9292);
#9275 = B_SPLINE_CURVE_WITH_KNOTS('',3,(#9276,#9277,#9278,#9279,#9280,
    #9281,#9282,#9283,#9284,#9285,#9286,#9287,#9288,#9289,#9290,#9291),
  .UNSPECIFIED.,.F.,.F.,(4,2,2,2,2,2,2,4),(1.790801908198,1.964818974928
    ,2.138855975421,2.225285273565,2.31171457171,2.406354856116,
    2.500995140522,2.591213604045),.UNSPECIFIED.);
#9276 = CARTESIAN_POINT('',(80.000198967458,0.));
#9277 = CARTESIAN_POINT('',(80.580269542132,0.));
#9278 = CARTESIAN_POINT('',(81.220071876946,-9.660692602001E-03));
#9279 = CARTESIAN_POINT('',(82.474439158628,0.114631353163));
#9280 = CARTESIAN_POINT('',(83.087988299609,0.258616745824));
#9281 = CARTESIAN_POINT('',(83.890061443762,0.591011644076));
#9282 = CARTESIAN_POINT('',(84.171878066584,0.734404710602));
#9283 = CARTESIAN_POINT('',(84.702315885288,1.072860382179));
#9284 = CARTESIAN_POINT('',(84.950893412713,1.26799142087));
#9285 = CARTESIAN_POINT('',(85.392327702591,1.67960630047));
#9286 = CARTESIAN_POINT('',(85.622304970892,1.937948255308));
#9287 = CARTESIAN_POINT('',(86.019448792256,2.498984629393));
#9288 = CARTESIAN_POINT('',(86.186589553546,2.801697305557));
#9289 = CARTESIAN_POINT('',(86.431574023271,3.367099734014));
#9290 = CARTESIAN_POINT('',(86.534374368944,3.679553687755));
#9291 = CARTESIAN_POINT('',(86.602720132041,4.));
#9292 = ( GEOMETRIC_REPRESENTATION_CONTEXT(2) 
PARAMETRIC_REPRESENTATION_CONTEXT() REPRESENTATION_CONTEXT('2D SPACE',''
  ) );
#9293 = PCURVE('',#9294,#9340);
#9294 = ( BOUNDED_SURFACE() B_SPLINE_SURFACE(2,2,(
    (#9295,#9296,#9297,#9298,#9299,#9300,#9301,#9302,#9303)
    ,(#9304,#9305,#9306,#9307,#9308,#9309,#9310,#9311,#9312)
    ,(#9313,#9314,#9315,#9316,#9317,#9318,#9319,#9320,#9321)
    ,(#9322,#9323,#9324,#9325,#9326,#9327,#9328,#9329,#9330)
    ,(#9331,#9332,#9333,#9334,#9335,#9336,#9337,#9338,#9339
)),.UNSPECIFIED.,.F.,.T.,.F.) B_SPLINE_SURFACE_WITH_KNOTS((3,2,3),(1,2,2
    ,2,2,2,1),(-1.394118950144E-16,0.785398166378,1.570796332755),(
    -4.712388980385,-3.14159265359,-1.570796326795,0.,1.570796326795,
    3.14159265359,4.712388980385),.UNSPECIFIED.) 
GEOMETRIC_REPRESENTATION_ITEM() RATIONAL_B_SPLINE_SURFACE((
    (1.,0.707106781187,1.,0.707106781187,1.,0.707106781187,1.
      ,0.707106781187,1.)
    ,(0.923879531941,0.653281482035,0.923879531941,0.653281482035
      ,0.923879531941,0.653281482035,0.923879531941,0.653281482035
      ,0.923879531941)
    ,(1.,0.707106781187,1.,0.707106781187,1.,0.707106781187,1.
      ,0.707106781187,1.)
    ,(0.923879531941,0.653281482035,0.923879531941,0.653281482035
      ,0.923879531941,0.653281482035,0.923879531941,0.653281482035
      ,0.923879531941)
    ,(1.,0.707106781187,1.,0.707106781187,1.,0.707106781187,1.
,0.707106781187,1.))) REPRESENTATION_ITEM('') SURFACE() );
#9295 = CARTESIAN_POINT('',(18.481710078917,24.,-47.61879506876));
#9296 = CARTESIAN_POINT('',(13.531962610612,24.,-52.56854253707));
#9297 = CARTESIAN_POINT('',(18.481710078917,24.,-57.51829000537));
#9298 = CARTESIAN_POINT('',(23.431457547223,24.,-62.46803747368));
#9299 = CARTESIAN_POINT('',(28.381205015529,24.,-57.51829000537));
#9300 = CARTESIAN_POINT('',(33.330952483835,24.,-52.56854253707));
#9301 = CARTESIAN_POINT('',(28.381205015529,24.,-47.61879506876));
#9302 = CARTESIAN_POINT('',(23.431457547223,24.,-42.66904760045));
#9303 = CARTESIAN_POINT('',(18.481710078917,24.,-47.61879506876));
#9304 = CARTESIAN_POINT('',(18.481710078917,21.928932179406,
    -47.61879506876));
#9305 = CARTESIAN_POINT('',(13.531962610612,21.928932179406,
    -52.56854253707));
#9306 = CARTESIAN_POINT('',(18.481710078917,21.928932179406,
    -57.51829000537));
#9307 = CARTESIAN_POINT('',(23.431457547223,21.928932179406,
    -62.46803747368));
#9308 = CARTESIAN_POINT('',(28.381205015529,21.928932179406,
    -57.51829000537));
#9309 = CARTESIAN_POINT('',(33.330952483835,21.928932179406,
    -52.56854253707));
#9310 = CARTESIAN_POINT('',(28.381205015529,21.928932179406,
    -47.61879506876));
#9311 = CARTESIAN_POINT('',(23.431457547223,21.928932179406,
    -42.66904760045));
#9312 = CARTESIAN_POINT('',(18.481710078917,21.928932179406,
    -47.61879506876));
#9313 = CARTESIAN_POINT('',(19.517243992301,20.46446608353,
    -48.65432898214));
#9314 = CARTESIAN_POINT('',(15.603030437378,20.46446608353,
    -52.56854253707));
#9315 = CARTESIAN_POINT('',(19.517243992301,20.46446608353,
    -56.48275609199));
#9316 = CARTESIAN_POINT('',(23.431457547223,20.46446608353,
    -60.39696964691));
#9317 = CARTESIAN_POINT('',(27.345671102146,20.46446608353,
    -56.48275609199));
#9318 = CARTESIAN_POINT('',(31.259884657068,20.46446608353,
    -52.56854253707));
#9319 = CARTESIAN_POINT('',(27.345671102146,20.46446608353,
    -48.65432898214));
#9320 = CARTESIAN_POINT('',(23.431457547223,20.46446608353,
    -44.74011542722));
#9321 = CARTESIAN_POINT('',(19.517243992301,20.46446608353,
    -48.65432898214));
#9322 = CARTESIAN_POINT('',(20.552777905684,18.999999987655,
    -49.68986289553));
#9323 = CARTESIAN_POINT('',(17.674098264145,18.999999987655,
    -52.56854253707));
#9324 = CARTESIAN_POINT('',(20.552777905684,18.999999987655,
    -55.44722217861));
#9325 = CARTESIAN_POINT('',(23.431457547223,18.999999987655,
    -58.32590182014));
#9326 = CARTESIAN_POINT('',(26.310137188762,18.999999987655,
    -55.44722217861));
#9327 = CARTESIAN_POINT('',(29.188816830301,18.999999987655,
    -52.56854253707));
#9328 = CARTESIAN_POINT('',(26.310137188762,18.999999987655,
    -49.68986289553));
#9329 = CARTESIAN_POINT('',(23.431457547223,18.999999987655,
    -46.81118325399));
#9330 = CARTESIAN_POINT('',(20.552777905684,18.999999987655,
    -49.68986289553));
#9331 = CARTESIAN_POINT('',(22.017244005923,19.,-51.15432899577));
#9332 = CARTESIAN_POINT('',(20.603030464624,19.,-52.56854253707));
#9333 = CARTESIAN_POINT('',(22.017244005923,19.,-53.98275607837));
#9334 = CARTESIAN_POINT('',(23.431457547223,19.,-55.39696961967));
#9335 = CARTESIAN_POINT('',(24.845671088522,19.,-53.98275607837));
#9336 = CARTESIAN_POINT('',(26.259884629822,19.,-52.56854253707));
#9337 = CARTESIAN_POINT('',(24.845671088523,19.,-51.15432899577));
#9338 = CARTESIAN_POINT('',(23.431457547223,19.,-49.74011545447));
#9339 = CARTESIAN_POINT('',(22.017244005923,19.,-51.15432899577));
#9340 = DEFINITIONAL_REPRESENTATION('',(#9341),#9389);
#9341 = B_SPLINE_CURVE_WITH_KNOTS('',3,(#9342,#9343,#9344,#9345,#9346,
    #9347,#9348,#9349,#9350,#9351,#9352,#9353,#9354,#9355,#9356,#9357,
    #9358,#9359,#9360,#9361,#9362,#9363,#9364,#9365,#9366,#9367,#9368,
    #9369,#9370,#9371,#9372,#9373,#9374,#9375,#9376,#9377,#9378,#9379,
    #9380,#9381,#9382,#9383,#9384,#9385,#9386,#9387,#9388),
  .UNSPECIFIED.,.F.,.F.,(4,1,1,1,1,1,1,1,1,1,1,1,1,1,1,1,1,1,1,1,1,1,1,1
    ,1,1,1,1,1,1,1,1,1,1,1,1,1,1,1,1,1,1,1,1,4),(1.790801908198,
    1.808993083104,1.827184258009,1.845375432915,1.86356660782,
    1.881757782726,1.899948957632,1.918140132537,1.936331307443,
    1.954522482349,1.972713657254,1.99090483216,2.009096007065,
    2.027287181971,2.045478356877,2.063669531782,2.081860706688,
    2.100051881593,2.118243056499,2.136434231405,2.15462540631,
    2.172816581216,2.191007756122,2.209198931027,2.227390105933,
    2.245581280838,2.263772455744,2.28196363065,2.300154805555,
    2.318345980461,2.336537155367,2.354728330272,2.372919505178,
    2.391110680083,2.409301854989,2.427493029895,2.4456842048,
    2.463875379706,2.482066554611,2.500257729517,2.518448904423,
    2.536640079328,2.554831254234,2.57302242914,2.591213604045),
  .UNSPECIFIED.);
#9342 = CARTESIAN_POINT('',(1.570796332755,-1.10703244577E-04));
#9343 = CARTESIAN_POINT('',(1.570806258176,-3.380443607064E-02));
#9344 = CARTESIAN_POINT('',(1.569651783337,-0.100579580048));
#9345 = CARTESIAN_POINT('',(1.564389946768,-0.19764582668));
#9346 = CARTESIAN_POINT('',(1.555539664111,-0.290244541003));
#9347 = CARTESIAN_POINT('',(1.543221724352,-0.377395115367));
#9348 = CARTESIAN_POINT('',(1.527650439557,-0.458443576074));
#9349 = CARTESIAN_POINT('',(1.509119721657,-0.53308134159));
#9350 = CARTESIAN_POINT('',(1.487965565552,-0.601286923607));
#9351 = CARTESIAN_POINT('',(1.464538162113,-0.663257935922));
#9352 = CARTESIAN_POINT('',(1.43917809146,-0.71933822394));
#9353 = CARTESIAN_POINT('',(1.412203226203,-0.769957376322));
#9354 = CARTESIAN_POINT('',(1.383883902472,-0.815568606557));
#9355 = CARTESIAN_POINT('',(1.354472733692,-0.856656960165));
#9356 = CARTESIAN_POINT('',(1.324193059353,-0.89367995436));
#9357 = CARTESIAN_POINT('',(1.293240673979,-0.927061945233));
#9358 = CARTESIAN_POINT('',(1.261787176849,-0.957186967575));
#9359 = CARTESIAN_POINT('',(1.229976779138,-0.984401501569));
#9360 = CARTESIAN_POINT('',(1.197948767964,-1.009003322));
#9361 = CARTESIAN_POINT('',(1.165763529464,-1.031290726111));
#9362 = CARTESIAN_POINT('',(1.133687613247,-1.051392190364));
#9363 = CARTESIAN_POINT('',(1.101137744011,-1.069917649715));
#9364 = CARTESIAN_POINT('',(1.06679895515,-1.087670257469));
#9365 = CARTESIAN_POINT('',(1.03134047277,-1.104299214337));
#9366 = CARTESIAN_POINT('',(0.994926892012,-1.119799955988));
#9367 = CARTESIAN_POINT('',(0.957852793714,-1.134114026518));
#9368 = CARTESIAN_POINT('',(0.920369464399,-1.147231055595));
#9369 = CARTESIAN_POINT('',(0.882750633716,-1.159195707157));
#9370 = CARTESIAN_POINT('',(0.845323105065,-1.170039313205));
#9371 = CARTESIAN_POINT('',(0.808277502991,-1.179833052979));
#9372 = CARTESIAN_POINT('',(0.772369949603,-1.188491805782));
#9373 = CARTESIAN_POINT('',(0.735418321802,-1.196746779168));
#9374 = CARTESIAN_POINT('',(0.6976322479,-1.204549576209));
#9375 = CARTESIAN_POINT('',(0.659270362137,-1.211859350221));
#9376 = CARTESIAN_POINT('',(0.620562985409,-1.218644019418));
#9377 = CARTESIAN_POINT('',(0.581728555797,-1.224875350113));
#9378 = CARTESIAN_POINT('',(0.542968642973,-1.230536390852));
#9379 = CARTESIAN_POINT('',(0.504486122922,-1.235653372768));
#9380 = CARTESIAN_POINT('',(0.466526649504,-1.240241409304));
#9381 = CARTESIAN_POINT('',(0.429215391755,-1.244325468547));
#9382 = CARTESIAN_POINT('',(0.393151951779,-1.247882867513));
#9383 = CARTESIAN_POINT('',(0.357180593037,-1.251052583133));
#9384 = CARTESIAN_POINT('',(0.319719555815,-1.253979465897));
#9385 = CARTESIAN_POINT('',(0.281489488352,-1.256593482533));
#9386 = CARTESIAN_POINT('',(0.242591287136,-1.258882985167));
#9387 = CARTESIAN_POINT('',(0.216382989551,-1.260174864864));
#9388 = CARTESIAN_POINT('',(0.203244829326,-1.260758401788));
#9389 = ( GEOMETRIC_REPRESENTATION_CONTEXT(2) 
PARAMETRIC_REPRESENTATION_CONTEXT() REPRESENTATION_CONTEXT('2D SPACE',''
  ) );
#9390 = ORIENTED_EDGE('',*,*,#9391,.F.);
#9391 = EDGE_CURVE('',#9392,#9253,#9394,.T.);
#9392 = VERTEX_POINT('',#9393);
#9393 = CARTESIAN_POINT('',(29.514499531583,23.,-49.3139276353));
#9394 = SURFACE_CURVE('',#9395,(#9414,#9436),.PCURVE_S1.);
#9395 = B_SPLINE_CURVE_WITH_KNOTS('',3,(#9396,#9397,#9398,#9399,#9400,
    #9401,#9402,#9403,#9404,#9405,#9406,#9407,#9408,#9409,#9410,#9411,
    #9412,#9413),.UNSPECIFIED.,.F.,.F.,(4,2,2,2,2,2,2,2,4),(
    0.990350344824,1.080568808347,1.175209092753,1.269849377159,
    1.356278675304,1.442707973448,1.616744973941,1.790781974434,
    1.790801908198),.UNSPECIFIED.);
#9396 = CARTESIAN_POINT('',(29.514499531583,23.,-49.3139276353));
#9397 = CARTESIAN_POINT('',(29.466171779032,22.679553687755,
    -49.36225538786));
#9398 = CARTESIAN_POINT('',(29.393480957498,22.367099734014,
    -49.43494620939));
#9399 = CARTESIAN_POINT('',(29.220250777671,21.801697305557,
    -49.60817638922));
#9400 = CARTESIAN_POINT('',(29.10206441195,21.498984629393,
    -49.72636275494));
#9401 = CARTESIAN_POINT('',(28.821241322757,20.937948255308,
    -50.00718584413));
#9402 = CARTESIAN_POINT('',(28.658622836822,20.67960630047,
    -50.16980433007));
#9403 = CARTESIAN_POINT('',(28.346481657001,20.26799142087,
    -50.48194550989));
#9404 = CARTESIAN_POINT('',(28.170710801709,20.072860382179,
    -50.65771636518));
#9405 = CARTESIAN_POINT('',(27.795634623105,19.734404710602,
    -51.03279254378));
#9406 = CARTESIAN_POINT('',(27.596360178057,19.591011644076,
    -51.23206698883));
#9407 = CARTESIAN_POINT('',(27.029208818819,19.258616745824,
    -51.79921834807));
#9408 = CARTESIAN_POINT('',(26.59536406064,19.114631353163,
    -52.23306310625));
#9409 = CARTESIAN_POINT('',(25.708341650998,18.99033218894,
    -53.12008551589));
#9410 = CARTESIAN_POINT('',(25.255880232609,19.,-53.57254693428));
#9411 = CARTESIAN_POINT('',(24.845624104191,19.,-53.9828030627));
#9412 = CARTESIAN_POINT('',(24.845577119306,19.,-53.98285004758));
#9413 = CARTESIAN_POINT('',(24.845530133866,19.,-53.98289703302));
#9414 = PCURVE('',#9183,#9415);
#9415 = DEFINITIONAL_REPRESENTATION('',(#9416),#9435);
#9416 = B_SPLINE_CURVE_WITH_KNOTS('',3,(#9417,#9418,#9419,#9420,#9421,
    #9422,#9423,#9424,#9425,#9426,#9427,#9428,#9429,#9430,#9431,#9432,
    #9433,#9434),.UNSPECIFIED.,.F.,.F.,(4,2,2,2,2,2,2,2,4),(
    0.990350344824,1.080568808347,1.175209092753,1.269849377159,
    1.356278675304,1.442707973448,1.616744973941,1.790781974434,
    1.790801908198),.UNSPECIFIED.);
#9417 = CARTESIAN_POINT('',(73.397279122901,4.));
#9418 = CARTESIAN_POINT('',(73.465624885998,3.679553687755));
#9419 = CARTESIAN_POINT('',(73.568425231671,3.367099734014));
#9420 = CARTESIAN_POINT('',(73.813409701396,2.801697305557));
#9421 = CARTESIAN_POINT('',(73.980550462686,2.498984629393));
#9422 = CARTESIAN_POINT('',(74.37769428405,1.937948255308));
#9423 = CARTESIAN_POINT('',(74.607671552351,1.67960630047));
#9424 = CARTESIAN_POINT('',(75.049105842229,1.26799142087));
#9425 = CARTESIAN_POINT('',(75.297683369654,1.072860382179));
#9426 = CARTESIAN_POINT('',(75.828121188358,0.734404710602));
#9427 = CARTESIAN_POINT('',(76.10993781118,0.591011644076));
#9428 = CARTESIAN_POINT('',(76.912010955333,0.258616745824));
#9429 = CARTESIAN_POINT('',(77.525560096314,0.114631353163));
#9430 = CARTESIAN_POINT('',(78.779999218158,-9.667811060002E-03));
#9431 = CARTESIAN_POINT('',(79.419876292494,0.));
#9432 = CARTESIAN_POINT('',(80.000066073349,0.));
#9433 = CARTESIAN_POINT('',(80.000132520012,0.));
#9434 = CARTESIAN_POINT('',(80.000198967458,0.));
#9435 = ( GEOMETRIC_REPRESENTATION_CONTEXT(2) 
PARAMETRIC_REPRESENTATION_CONTEXT() REPRESENTATION_CONTEXT('2D SPACE',''
  ) );
#9436 = PCURVE('',#9294,#9437);
#9437 = DEFINITIONAL_REPRESENTATION('',(#9438),#9486);
#9438 = B_SPLINE_CURVE_WITH_KNOTS('',3,(#9439,#9440,#9441,#9442,#9443,
    #9444,#9445,#9446,#9447,#9448,#9449,#9450,#9451,#9452,#9453,#9454,
    #9455,#9456,#9457,#9458,#9459,#9460,#9461,#9462,#9463,#9464,#9465,
    #9466,#9467,#9468,#9469,#9470,#9471,#9472,#9473,#9474,#9475,#9476,
    #9477,#9478,#9479,#9480,#9481,#9482,#9483,#9484,#9485),
  .UNSPECIFIED.,.F.,.F.,(4,1,1,1,1,1,1,1,1,1,1,1,1,1,1,1,1,1,1,1,1,1,1,1
    ,1,1,1,1,1,1,1,1,1,1,1,1,1,1,1,1,1,1,1,1,4),(0.990350344824,
    1.00854242581,1.026734506795,1.044926587781,1.063118668767,
    1.081310749753,1.099502830738,1.117694911724,1.13588699271,
    1.154079073696,1.172271154682,1.190463235667,1.208655316653,
    1.226847397639,1.245039478625,1.26323155961,1.281423640596,
    1.299615721582,1.317807802568,1.335999883554,1.354191964539,
    1.372384045525,1.390576126511,1.408768207497,1.426960288482,
    1.445152369468,1.463344450454,1.48153653144,1.499728612426,
    1.517920693411,1.536112774397,1.554304855383,1.572496936369,
    1.590689017354,1.60888109834,1.627073179326,1.645265260312,
    1.663457341298,1.681649422283,1.699841503269,1.718033584255,
    1.736225665241,1.754417746226,1.772609827212,1.790801908198),
  .UNSPECIFIED.);
#9439 = CARTESIAN_POINT('',(0.203244829326,1.260758401788));
#9440 = CARTESIAN_POINT('',(0.216383643826,1.260174835797));
#9441 = CARTESIAN_POINT('',(0.242593242677,1.258882885616));
#9442 = CARTESIAN_POINT('',(0.281493348474,1.256593242936));
#9443 = CARTESIAN_POINT('',(0.319725214592,1.25397905796));
#9444 = CARTESIAN_POINT('',(0.357188001944,1.251051973076));
#9445 = CARTESIAN_POINT('',(0.393160680132,1.247882059315));
#9446 = CARTESIAN_POINT('',(0.429226417723,1.244324329464));
#9447 = CARTESIAN_POINT('',(0.466539753801,1.240239908484));
#9448 = CARTESIAN_POINT('',(0.504501364678,1.235651448478));
#9449 = CARTESIAN_POINT('',(0.542985965982,1.230533985882));
#9450 = CARTESIAN_POINT('',(0.581747896409,1.224872399078));
#9451 = CARTESIAN_POINT('',(0.620584247331,1.218640460142));
#9452 = CARTESIAN_POINT('',(0.659293427883,1.211855142537));
#9453 = CARTESIAN_POINT('',(0.697656917638,1.204544693018));
#9454 = CARTESIAN_POINT('',(0.735444494084,1.196741162237));
#9455 = CARTESIAN_POINT('',(0.772396950399,1.188485563354));
#9456 = CARTESIAN_POINT('',(0.808306584518,1.179825730287));
#9457 = CARTESIAN_POINT('',(0.845354675117,1.17003059669));
#9458 = CARTESIAN_POINT('',(0.882784317317,1.159185506963));
#9459 = CARTESIAN_POINT('',(0.920405049361,1.147219213063));
#9460 = CARTESIAN_POINT('',(0.957889981146,1.13410038669));
#9461 = CARTESIAN_POINT('',(0.994965378117,1.119784377727));
#9462 = CARTESIAN_POINT('',(1.031379928056,1.104281611435));
#9463 = CARTESIAN_POINT('',(1.066838958479,1.087650595387));
#9464 = CARTESIAN_POINT('',(1.101177983396,1.069895835822));
#9465 = CARTESIAN_POINT('',(1.133727175058,1.051368607226));
#9466 = CARTESIAN_POINT('',(1.165805343989,1.031263252094));
#9467 = CARTESIAN_POINT('',(1.197991919644,1.008971915119));
#9468 = CARTESIAN_POINT('',(1.23002133946,0.984365468325));
#9469 = CARTESIAN_POINT('',(1.26183290246,0.957145680919));
#9470 = CARTESIAN_POINT('',(1.293287347649,0.92701463769));
#9471 = CARTESIAN_POINT('',(1.324240389891,0.893625759625));
#9472 = CARTESIAN_POINT('',(1.354520372536,0.856594889772));
#9473 = CARTESIAN_POINT('',(1.383931430295,0.815497552111));
#9474 = CARTESIAN_POINT('',(1.412250139893,0.769876105096));
#9475 = CARTESIAN_POINT('',(1.439223820113,0.719245431044));
#9476 = CARTESIAN_POINT('',(1.464582034288,0.663152304002));
#9477 = CARTESIAN_POINT('',(1.488006792899,0.601167151099));
#9478 = CARTESIAN_POINT('',(1.509157434381,0.532946287517));
#9479 = CARTESIAN_POINT('',(1.527683716423,0.458292407716));
#9480 = CARTESIAN_POINT('',(1.543249647242,0.377227492726));
#9481 = CARTESIAN_POINT('',(1.555561388323,0.290060798954));
#9482 = CARTESIAN_POINT('',(1.56440478302,0.197447104869));
#9483 = CARTESIAN_POINT('',(1.569659272254,0.100367878155));
#9484 = CARTESIAN_POINT('',(1.570808741423,3.358588139137E-02));
#9485 = CARTESIAN_POINT('',(1.570796332755,-1.107032445771E-04));
#9486 = ( GEOMETRIC_REPRESENTATION_CONTEXT(2) 
PARAMETRIC_REPRESENTATION_CONTEXT() REPRESENTATION_CONTEXT('2D SPACE',''
  ) );
#9487 = ORIENTED_EDGE('',*,*,#9488,.F.);
#9488 = EDGE_CURVE('',#9489,#9392,#9491,.T.);
#9489 = VERTEX_POINT('',#9490);
#9490 = CARTESIAN_POINT('',(81.414213320029,23.,2.585786153136));
#9491 = SURFACE_CURVE('',#9492,(#9496,#9503),.PCURVE_S1.);
#9492 = LINE('',#9493,#9494);
#9493 = CARTESIAN_POINT('',(81.414213320029,23.,2.585786153136));
#9494 = VECTOR('',#9495,1.);
#9495 = DIRECTION('',(-0.707106781187,0.,-0.707106781187));
#9496 = PCURVE('',#9183,#9497);
#9497 = DEFINITIONAL_REPRESENTATION('',(#9498),#9502);
#9498 = LINE('',#9499,#9500);
#9499 = CARTESIAN_POINT('',(-3.140184917368E-16,4.));
#9500 = VECTOR('',#9501,1.);
#9501 = DIRECTION('',(1.,1.75304687834E-33));
#9502 = ( GEOMETRIC_REPRESENTATION_CONTEXT(2) 
PARAMETRIC_REPRESENTATION_CONTEXT() REPRESENTATION_CONTEXT('2D SPACE',''
  ) );
#9503 = PCURVE('',#9504,#9509);
#9504 = PLANE('',#9505);
#9505 = AXIS2_PLACEMENT_3D('',#9506,#9507,#9508);
#9506 = CARTESIAN_POINT('',(51.715658175111,23.,-24.2843418881));
#9507 = DIRECTION('',(7.041364024483E-17,-1.,-7.041364024483E-17));
#9508 = DIRECTION('',(-0.707106781187,0.,-0.707106781187));
#9509 = DEFINITIONAL_REPRESENTATION('',(#9510),#9514);
#9510 = LINE('',#9511,#9512);
#9511 = CARTESIAN_POINT('',(-40.00009948372,1.999999985099));
#9512 = VECTOR('',#9513,1.);
#9513 = DIRECTION('',(1.,-1.014653635757E-17));
#9514 = ( GEOMETRIC_REPRESENTATION_CONTEXT(2) 
PARAMETRIC_REPRESENTATION_CONTEXT() REPRESENTATION_CONTEXT('2D SPACE',''
  ) );
#9515 = ORIENTED_EDGE('',*,*,#9516,.F.);
#9516 = EDGE_CURVE('',#9517,#9489,#9519,.T.);
#9517 = VERTEX_POINT('',#9518);
#9518 = CARTESIAN_POINT('',(81.414213320029,11.,2.585786153136));
#9519 = SURFACE_CURVE('',#9520,(#9524,#9531),.PCURVE_S1.);
#9520 = LINE('',#9521,#9522);
#9521 = CARTESIAN_POINT('',(81.414213320029,19.,2.585786153136));
#9522 = VECTOR('',#9523,1.);
#9523 = DIRECTION('',(-6.060056237805E-17,1.,6.060056237805E-17));
#9524 = PCURVE('',#9183,#9525);
#9525 = DEFINITIONAL_REPRESENTATION('',(#9526),#9530);
#9526 = LINE('',#9527,#9528);
#9527 = CARTESIAN_POINT('',(0.,0.));
#9528 = VECTOR('',#9529,1.);
#9529 = DIRECTION('',(-4.409928943699E-33,1.));
#9530 = ( GEOMETRIC_REPRESENTATION_CONTEXT(2) 
PARAMETRIC_REPRESENTATION_CONTEXT() REPRESENTATION_CONTEXT('2D SPACE',''
  ) );
#9531 = PCURVE('',#9532,#9537);
#9532 = PLANE('',#9533);
#9533 = AXIS2_PLACEMENT_3D('',#9534,#9535,#9536);
#9534 = CARTESIAN_POINT('',(78.585786195282,19.,5.414213277882));
#9535 = DIRECTION('',(0.707106781187,0.,0.707106781187));
#9536 = DIRECTION('',(0.707106781187,9.95799250103E-17,-0.707106781187)
  );
#9537 = DEFINITIONAL_REPRESENTATION('',(#9538),#9542);
#9538 = LINE('',#9539,#9540);
#9539 = CARTESIAN_POINT('',(4.,-3.983197000412E-16));
#9540 = VECTOR('',#9541,1.);
#9541 = DIRECTION('',(1.387778780782E-17,1.));
#9542 = ( GEOMETRIC_REPRESENTATION_CONTEXT(2) 
PARAMETRIC_REPRESENTATION_CONTEXT() REPRESENTATION_CONTEXT('2D SPACE',''
  ) );
#9543 = ORIENTED_EDGE('',*,*,#9544,.F.);
#9544 = EDGE_CURVE('',#9167,#9517,#9545,.T.);
#9545 = SURFACE_CURVE('',#9546,(#9550,#9557),.PCURVE_S1.);
#9546 = LINE('',#9547,#9548);
#9547 = CARTESIAN_POINT('',(81.414213320029,11.,2.585786153136));
#9548 = VECTOR('',#9549,1.);
#9549 = DIRECTION('',(0.707106781187,0.,0.707106781187));
#9550 = PCURVE('',#9183,#9551);
#9551 = DEFINITIONAL_REPRESENTATION('',(#9552),#9556);
#9552 = LINE('',#9553,#9554);
#9553 = CARTESIAN_POINT('',(3.140184917368E-16,-8.));
#9554 = VECTOR('',#9555,1.);
#9555 = DIRECTION('',(-1.,-1.75304687834E-33));
#9556 = ( GEOMETRIC_REPRESENTATION_CONTEXT(2) 
PARAMETRIC_REPRESENTATION_CONTEXT() REPRESENTATION_CONTEXT('2D SPACE',''
  ) );
#9557 = PCURVE('',#9213,#9558);
#9558 = DEFINITIONAL_REPRESENTATION('',(#9559),#9563);
#9559 = LINE('',#9560,#9561);
#9560 = CARTESIAN_POINT('',(1.999999970197,79.999999627471));
#9561 = VECTOR('',#9562,1.);
#9562 = DIRECTION('',(1.014653635757E-17,1.));
#9563 = ( GEOMETRIC_REPRESENTATION_CONTEXT(2) 
PARAMETRIC_REPRESENTATION_CONTEXT() REPRESENTATION_CONTEXT('2D SPACE',''
  ) );
#9564 = ADVANCED_FACE('',(#9565),#9154,.F.);
#9565 = FACE_BOUND('',#9566,.T.);
#9566 = EDGE_LOOP('',(#9567,#9568,#9591,#9639));
#9567 = ORIENTED_EDGE('',*,*,#9138,.F.);
#9568 = ORIENTED_EDGE('',*,*,#9569,.T.);
#9569 = EDGE_CURVE('',#9101,#9570,#9572,.T.);
#9570 = VERTEX_POINT('',#9571);
#9571 = CARTESIAN_POINT('',(17.348415533481,23.,-55.82315738391));
#9572 = SURFACE_CURVE('',#9573,(#9577,#9584),.PCURVE_S1.);
#9573 = LINE('',#9574,#9575);
#9574 = CARTESIAN_POINT('',(4.339574170701,23.,-68.83199874669));
#9575 = VECTOR('',#9576,1.);
#9576 = DIRECTION('',(0.707106781187,0.,0.707106781187));
#9577 = PCURVE('',#9154,#9578);
#9578 = DEFINITIONAL_REPRESENTATION('',(#9579),#9583);
#9579 = LINE('',#9580,#9581);
#9580 = CARTESIAN_POINT('',(12.50000018626,-2.000000009934));
#9581 = VECTOR('',#9582,1.);
#9582 = DIRECTION('',(-1.,1.014653635757E-17));
#9583 = ( GEOMETRIC_REPRESENTATION_CONTEXT(2) 
PARAMETRIC_REPRESENTATION_CONTEXT() REPRESENTATION_CONTEXT('2D SPACE',''
  ) );
#9584 = PCURVE('',#9122,#9585);
#9585 = DEFINITIONAL_REPRESENTATION('',(#9586),#9590);
#9586 = LINE('',#9587,#9588);
#9587 = CARTESIAN_POINT('',(-25.00000037252,4.));
#9588 = VECTOR('',#9589,1.);
#9589 = DIRECTION('',(1.,-1.75304687834E-33));
#9590 = ( GEOMETRIC_REPRESENTATION_CONTEXT(2) 
PARAMETRIC_REPRESENTATION_CONTEXT() REPRESENTATION_CONTEXT('2D SPACE',''
  ) );
#9591 = ORIENTED_EDGE('',*,*,#9592,.F.);
#9592 = EDGE_CURVE('',#9230,#9570,#9593,.T.);
#9593 = SURFACE_CURVE('',#9594,(#9599,#9610),.PCURVE_S1.);
#9594 = CIRCLE('',#9595,6.898979485566);
#9595 = AXIS2_PLACEMENT_3D('',#9596,#9597,#9598);
#9596 = CARTESIAN_POINT('',(23.431457547223,23.,-52.56854253707));
#9597 = DIRECTION('',(-7.041364024483E-17,1.,7.041364024483E-17));
#9598 = DIRECTION('',(0.707106781187,9.95799250103E-17,-0.707106781187)
  );
#9599 = PCURVE('',#9154,#9600);
#9600 = DEFINITIONAL_REPRESENTATION('',(#9601),#9609);
#9601 = ( BOUNDED_CURVE() B_SPLINE_CURVE(2,(#9602,#9603,#9604,#9605,
#9606,#9607,#9608),.UNSPECIFIED.,.T.,.F.) B_SPLINE_CURVE_WITH_KNOTS((1,2
    ,2,2,2,1),(-2.094395102393,0.,2.094395102393,4.188790204786,
6.28318530718,8.377580409573),.UNSPECIFIED.) CURVE() 
GEOMETRIC_REPRESENTATION_ITEM() RATIONAL_B_SPLINE_CURVE((1.,0.5,1.,0.5,
1.,0.5,1.)) REPRESENTATION_ITEM('') );
#9602 = CARTESIAN_POINT('',(-12.50000018626,6.898979505435));
#9603 = CARTESIAN_POINT('',(-0.550617196884,6.898979505435));
#9604 = CARTESIAN_POINT('',(-6.525308691572,-3.449489722914));
#9605 = CARTESIAN_POINT('',(-12.50000018626,-13.79795895126));
#9606 = CARTESIAN_POINT('',(-18.47469168094,-3.449489722914));
#9607 = CARTESIAN_POINT('',(-24.44938317563,6.898979505435));
#9608 = CARTESIAN_POINT('',(-12.50000018626,6.898979505435));
#9609 = ( GEOMETRIC_REPRESENTATION_CONTEXT(2) 
PARAMETRIC_REPRESENTATION_CONTEXT() REPRESENTATION_CONTEXT('2D SPACE',''
  ) );
#9610 = PCURVE('',#9294,#9611);
#9611 = DEFINITIONAL_REPRESENTATION('',(#9612),#9638);
#9612 = B_SPLINE_CURVE_WITH_KNOTS('',3,(#9613,#9614,#9615,#9616,#9617,
    #9618,#9619,#9620,#9621,#9622,#9623,#9624,#9625,#9626,#9627,#9628,
    #9629,#9630,#9631,#9632,#9633,#9634,#9635,#9636,#9637),
  .UNSPECIFIED.,.F.,.F.,(4,1,1,1,1,1,1,1,1,1,1,1,1,1,1,1,1,1,1,1,1,1,4),
  (1.276676125695,1.303414326205,1.330152526716,1.356890727226,
    1.383628927736,1.410367128247,1.437105328757,1.463843529267,
    1.490581729778,1.517319930288,1.544058130798,1.570796331309,
    1.597534531819,1.624272732329,1.65101093284,1.67774913335,
    1.70448733386,1.73122553437,1.757963734881,1.784701935391,
    1.811440135901,1.838178336412,1.864916536922),.UNSPECIFIED.);
#9613 = CARTESIAN_POINT('',(0.203244829326,-1.260758401788));
#9614 = CARTESIAN_POINT('',(0.203244829326,-1.269739310054));
#9615 = CARTESIAN_POINT('',(0.203244829326,-1.287761231398));
#9616 = CARTESIAN_POINT('',(0.203244829326,-1.314986355879));
#9617 = CARTESIAN_POINT('',(0.203244829326,-1.342415528844));
#9618 = CARTESIAN_POINT('',(0.203244829326,-1.370060983328));
#9619 = CARTESIAN_POINT('',(0.203244829326,-1.397935323307));
#9620 = CARTESIAN_POINT('',(0.203244829326,-1.426051339294));
#9621 = CARTESIAN_POINT('',(0.203244829326,-1.454422949795));
#9622 = CARTESIAN_POINT('',(0.203244829326,-1.483061775793));
#9623 = CARTESIAN_POINT('',(0.203244829326,-1.511990066105));
#9624 = CARTESIAN_POINT('',(0.203244829326,-1.54119259576));
#9625 = CARTESIAN_POINT('',(0.203244829326,-1.57079633184));
#9626 = CARTESIAN_POINT('',(0.203244829326,-1.60040006773));
#9627 = CARTESIAN_POINT('',(0.203244829326,-1.629602597303));
#9628 = CARTESIAN_POINT('',(0.203244829326,-1.658530887512));
#9629 = CARTESIAN_POINT('',(0.203244829326,-1.687169713418));
#9630 = CARTESIAN_POINT('',(0.203244829326,-1.715541323831));
#9631 = CARTESIAN_POINT('',(0.203244829326,-1.743657339733));
#9632 = CARTESIAN_POINT('',(0.203244829326,-1.771531679633));
#9633 = CARTESIAN_POINT('',(0.203244829326,-1.799177134043));
#9634 = CARTESIAN_POINT('',(0.203244829326,-1.826606306936));
#9635 = CARTESIAN_POINT('',(0.203244829326,-1.85383143135));
#9636 = CARTESIAN_POINT('',(0.203244829326,-1.871853352653));
#9637 = CARTESIAN_POINT('',(0.203244829326,-1.880834260898));
#9638 = ( GEOMETRIC_REPRESENTATION_CONTEXT(2) 
PARAMETRIC_REPRESENTATION_CONTEXT() REPRESENTATION_CONTEXT('2D SPACE',''
  ) );
#9639 = ORIENTED_EDGE('',*,*,#9229,.T.);
#9640 = ADVANCED_FACE('',(#9641),#9655,.F.);
#9641 = FACE_BOUND('',#9642,.F.);
#9642 = EDGE_LOOP('',(#9643,#9673,#9700,#9701));
#9643 = ORIENTED_EDGE('',*,*,#9644,.T.);
#9644 = EDGE_CURVE('',#9645,#9647,#9649,.T.);
#9645 = VERTEX_POINT('',#9646);
#9646 = CARTESIAN_POINT('',(19.895923641291,34.,-49.03300863113));
#9647 = VERTEX_POINT('',#9648);
#9648 = CARTESIAN_POINT('',(19.895923641291,25.,-49.03300863113));
#9649 = SEAM_CURVE('',#9650,(#9654,#9666),.PCURVE_S1.);
#9650 = LINE('',#9651,#9652);
#9651 = CARTESIAN_POINT('',(19.895923641291,29.5,-49.03300863113));
#9652 = VECTOR('',#9653,1.);
#9653 = DIRECTION('',(7.041364024483E-17,-1.,-7.041364024483E-17));
#9654 = PCURVE('',#9655,#9660);
#9655 = CYLINDRICAL_SURFACE('',#9656,5.);
#9656 = AXIS2_PLACEMENT_3D('',#9657,#9658,#9659);
#9657 = CARTESIAN_POINT('',(23.431457547223,29.5,-52.56854253707));
#9658 = DIRECTION('',(7.041364024483E-17,-1.,-7.041364024483E-17));
#9659 = DIRECTION('',(0.707106781187,9.95799250103E-17,-0.707106781187)
  );
#9660 = DEFINITIONAL_REPRESENTATION('',(#9661),#9665);
#9661 = LINE('',#9662,#9663);
#9662 = CARTESIAN_POINT('',(9.42477796077,0.));
#9663 = VECTOR('',#9664,1.);
#9664 = DIRECTION('',(0.,1.));
#9665 = ( GEOMETRIC_REPRESENTATION_CONTEXT(2) 
PARAMETRIC_REPRESENTATION_CONTEXT() REPRESENTATION_CONTEXT('2D SPACE',''
  ) );
#9666 = PCURVE('',#9655,#9667);
#9667 = DEFINITIONAL_REPRESENTATION('',(#9668),#9672);
#9668 = LINE('',#9669,#9670);
#9669 = CARTESIAN_POINT('',(3.141592653589,0.));
#9670 = VECTOR('',#9671,1.);
#9671 = DIRECTION('',(0.,1.));
#9672 = ( GEOMETRIC_REPRESENTATION_CONTEXT(2) 
PARAMETRIC_REPRESENTATION_CONTEXT() REPRESENTATION_CONTEXT('2D SPACE',''
  ) );
#9673 = ORIENTED_EDGE('',*,*,#9674,.F.);
#9674 = EDGE_CURVE('',#9647,#9647,#9675,.T.);
#9675 = SURFACE_CURVE('',#9676,(#9681,#9688),.PCURVE_S1.);
#9676 = CIRCLE('',#9677,5.);
#9677 = AXIS2_PLACEMENT_3D('',#9678,#9679,#9680);
#9678 = CARTESIAN_POINT('',(23.431457547223,25.,-52.56854253707));
#9679 = DIRECTION('',(7.041364024483E-17,-1.,-7.041364024483E-17));
#9680 = DIRECTION('',(0.707106781187,9.95799250103E-17,-0.707106781187)
  );
#9681 = PCURVE('',#9655,#9682);
#9682 = DEFINITIONAL_REPRESENTATION('',(#9683),#9687);
#9683 = LINE('',#9684,#9685);
#9684 = CARTESIAN_POINT('',(0.,4.5));
#9685 = VECTOR('',#9686,1.);
#9686 = DIRECTION('',(1.,0.));
#9687 = ( GEOMETRIC_REPRESENTATION_CONTEXT(2) 
PARAMETRIC_REPRESENTATION_CONTEXT() REPRESENTATION_CONTEXT('2D SPACE',''
  ) );
#9688 = PCURVE('',#9689,#9694);
#9689 = PLANE('',#9690);
#9690 = AXIS2_PLACEMENT_3D('',#9691,#9692,#9693);
#9691 = CARTESIAN_POINT('',(23.431457547223,25.,-52.56854253707));
#9692 = DIRECTION('',(7.041364024483E-17,-1.,-7.041364024483E-17));
#9693 = DIRECTION('',(0.707106781187,9.95799250103E-17,-0.707106781187)
  );
#9694 = DEFINITIONAL_REPRESENTATION('',(#9695),#9699);
#9695 = CIRCLE('',#9696,5.);
#9696 = AXIS2_PLACEMENT_2D('',#9697,#9698);
#9697 = CARTESIAN_POINT('',(0.,0.));
#9698 = DIRECTION('',(1.,1.014653635757E-17));
#9699 = ( GEOMETRIC_REPRESENTATION_CONTEXT(2) 
PARAMETRIC_REPRESENTATION_CONTEXT() REPRESENTATION_CONTEXT('2D SPACE',''
  ) );
#9700 = ORIENTED_EDGE('',*,*,#9644,.F.);
#9701 = ORIENTED_EDGE('',*,*,#9702,.T.);
#9702 = EDGE_CURVE('',#9645,#9645,#9703,.T.);
#9703 = SURFACE_CURVE('',#9704,(#9709,#9716),.PCURVE_S1.);
#9704 = CIRCLE('',#9705,5.);
#9705 = AXIS2_PLACEMENT_3D('',#9706,#9707,#9708);
#9706 = CARTESIAN_POINT('',(23.431457547223,34.,-52.56854253707));
#9707 = DIRECTION('',(7.041364024483E-17,-1.,-7.041364024483E-17));
#9708 = DIRECTION('',(0.707106781187,9.95799250103E-17,-0.707106781187)
  );
#9709 = PCURVE('',#9655,#9710);
#9710 = DEFINITIONAL_REPRESENTATION('',(#9711),#9715);
#9711 = LINE('',#9712,#9713);
#9712 = CARTESIAN_POINT('',(0.,-4.5));
#9713 = VECTOR('',#9714,1.);
#9714 = DIRECTION('',(1.,0.));
#9715 = ( GEOMETRIC_REPRESENTATION_CONTEXT(2) 
PARAMETRIC_REPRESENTATION_CONTEXT() REPRESENTATION_CONTEXT('2D SPACE',''
  ) );
#9716 = PCURVE('',#9717,#9722);
#9717 = PLANE('',#9718);
#9718 = AXIS2_PLACEMENT_3D('',#9719,#9720,#9721);
#9719 = CARTESIAN_POINT('',(23.431457547223,34.,-52.56854253707));
#9720 = DIRECTION('',(-7.041364024483E-17,1.,7.041364024483E-17));
#9721 = DIRECTION('',(-0.707106781187,0.,-0.707106781187));
#9722 = DEFINITIONAL_REPRESENTATION('',(#9723),#9731);
#9723 = ( BOUNDED_CURVE() B_SPLINE_CURVE(2,(#9724,#9725,#9726,#9727,
#9728,#9729,#9730),.UNSPECIFIED.,.T.,.F.) B_SPLINE_CURVE_WITH_KNOTS((1,2
    ,2,2,2,1),(-2.094395102393,0.,2.094395102393,4.188790204786,
6.28318530718,8.377580409573),.UNSPECIFIED.) CURVE() 
GEOMETRIC_REPRESENTATION_ITEM() RATIONAL_B_SPLINE_CURVE((1.,0.5,1.,0.5,
1.,0.5,1.)) REPRESENTATION_ITEM('') );
#9724 = CARTESIAN_POINT('',(-5.073268178785E-17,-5.));
#9725 = CARTESIAN_POINT('',(-8.660254037844,-5.));
#9726 = CARTESIAN_POINT('',(-4.330127018922,2.5));
#9727 = CARTESIAN_POINT('',(-1.123181435572E-15,10.));
#9728 = CARTESIAN_POINT('',(4.330127018922,2.5));
#9729 = CARTESIAN_POINT('',(8.660254037844,-5.));
#9730 = CARTESIAN_POINT('',(-5.073268178785E-17,-5.));
#9731 = ( GEOMETRIC_REPRESENTATION_CONTEXT(2) 
PARAMETRIC_REPRESENTATION_CONTEXT() REPRESENTATION_CONTEXT('2D SPACE',''
  ) );
#9732 = ADVANCED_FACE('',(#9733),#9689,.F.);
#9733 = FACE_BOUND('',#9734,.T.);
#9734 = EDGE_LOOP('',(#9735));
#9735 = ORIENTED_EDGE('',*,*,#9674,.F.);
#9736 = ADVANCED_FACE('',(#9737),#9213,.T.);
#9737 = FACE_BOUND('',#9738,.T.);
#9738 = EDGE_LOOP('',(#9739,#9762,#9763,#9764));
#9739 = ORIENTED_EDGE('',*,*,#9740,.T.);
#9740 = EDGE_CURVE('',#9741,#9099,#9743,.T.);
#9741 = VERTEX_POINT('',#9742);
#9742 = CARTESIAN_POINT('',(78.585786195282,11.,5.414213277882));
#9743 = SURFACE_CURVE('',#9744,(#9748,#9755),.PCURVE_S1.);
#9744 = LINE('',#9745,#9746);
#9745 = CARTESIAN_POINT('',(4.339574170701,11.,-68.83199874669));
#9746 = VECTOR('',#9747,1.);
#9747 = DIRECTION('',(-0.707106781187,0.,-0.707106781187));
#9748 = PCURVE('',#9213,#9749);
#9749 = DEFINITIONAL_REPRESENTATION('',(#9750),#9754);
#9750 = LINE('',#9751,#9752);
#9751 = CARTESIAN_POINT('',(-2.000000029803,-25.00000037252));
#9752 = VECTOR('',#9753,1.);
#9753 = DIRECTION('',(-1.014653635757E-17,-1.));
#9754 = ( GEOMETRIC_REPRESENTATION_CONTEXT(2) 
PARAMETRIC_REPRESENTATION_CONTEXT() REPRESENTATION_CONTEXT('2D SPACE',''
  ) );
#9755 = PCURVE('',#9122,#9756);
#9756 = DEFINITIONAL_REPRESENTATION('',(#9757),#9761);
#9757 = LINE('',#9758,#9759);
#9758 = CARTESIAN_POINT('',(-25.00000037252,-8.));
#9759 = VECTOR('',#9760,1.);
#9760 = DIRECTION('',(-1.,1.75304687834E-33));
#9761 = ( GEOMETRIC_REPRESENTATION_CONTEXT(2) 
PARAMETRIC_REPRESENTATION_CONTEXT() REPRESENTATION_CONTEXT('2D SPACE',''
  ) );
#9762 = ORIENTED_EDGE('',*,*,#9199,.T.);
#9763 = ORIENTED_EDGE('',*,*,#9544,.T.);
#9764 = ORIENTED_EDGE('',*,*,#9765,.T.);
#9765 = EDGE_CURVE('',#9517,#9741,#9766,.T.);
#9766 = SURFACE_CURVE('',#9767,(#9771,#9778),.PCURVE_S1.);
#9767 = LINE('',#9768,#9769);
#9768 = CARTESIAN_POINT('',(78.585786195282,11.,5.414213277882));
#9769 = VECTOR('',#9770,1.);
#9770 = DIRECTION('',(-0.707106781187,-9.95799250103E-17,0.707106781187)
  );
#9771 = PCURVE('',#9213,#9772);
#9772 = DEFINITIONAL_REPRESENTATION('',(#9773),#9777);
#9773 = LINE('',#9774,#9775);
#9774 = CARTESIAN_POINT('',(-2.000000029803,79.999999627471));
#9775 = VECTOR('',#9776,1.);
#9776 = DIRECTION('',(-1.,-1.014653635757E-17));
#9777 = ( GEOMETRIC_REPRESENTATION_CONTEXT(2) 
PARAMETRIC_REPRESENTATION_CONTEXT() REPRESENTATION_CONTEXT('2D SPACE',''
  ) );
#9778 = PCURVE('',#9532,#9779);
#9779 = DEFINITIONAL_REPRESENTATION('',(#9780),#9784);
#9780 = LINE('',#9781,#9782);
#9781 = CARTESIAN_POINT('',(-7.966394000824E-16,-8.));
#9782 = VECTOR('',#9783,1.);
#9783 = DIRECTION('',(-1.,1.302891354702E-33));
#9784 = ( GEOMETRIC_REPRESENTATION_CONTEXT(2) 
PARAMETRIC_REPRESENTATION_CONTEXT() REPRESENTATION_CONTEXT('2D SPACE',''
  ) );
#9785 = ADVANCED_FACE('',(#9786),#9122,.T.);
#9786 = FACE_BOUND('',#9787,.T.);
#9787 = EDGE_LOOP('',(#9788,#9789,#9790,#9813,#9836,#9929,#10020));
#9788 = ORIENTED_EDGE('',*,*,#9098,.F.);
#9789 = ORIENTED_EDGE('',*,*,#9740,.F.);
#9790 = ORIENTED_EDGE('',*,*,#9791,.F.);
#9791 = EDGE_CURVE('',#9792,#9741,#9794,.T.);
#9792 = VERTEX_POINT('',#9793);
#9793 = CARTESIAN_POINT('',(78.585786195282,23.,5.414213277882));
#9794 = SURFACE_CURVE('',#9795,(#9799,#9806),.PCURVE_S1.);
#9795 = LINE('',#9796,#9797);
#9796 = CARTESIAN_POINT('',(78.585786195282,19.,5.414213277882));
#9797 = VECTOR('',#9798,1.);
#9798 = DIRECTION('',(6.060056237805E-17,-1.,-6.060056237805E-17));
#9799 = PCURVE('',#9122,#9800);
#9800 = DEFINITIONAL_REPRESENTATION('',(#9801),#9805);
#9801 = LINE('',#9802,#9803);
#9802 = CARTESIAN_POINT('',(79.999999627471,1.964199135591E-31));
#9803 = VECTOR('',#9804,1.);
#9804 = DIRECTION('',(-4.409928943699E-33,-1.));
#9805 = ( GEOMETRIC_REPRESENTATION_CONTEXT(2) 
PARAMETRIC_REPRESENTATION_CONTEXT() REPRESENTATION_CONTEXT('2D SPACE',''
  ) );
#9806 = PCURVE('',#9532,#9807);
#9807 = DEFINITIONAL_REPRESENTATION('',(#9808),#9812);
#9808 = LINE('',#9809,#9810);
#9809 = CARTESIAN_POINT('',(0.,0.));
#9810 = VECTOR('',#9811,1.);
#9811 = DIRECTION('',(-1.387778780782E-17,-1.));
#9812 = ( GEOMETRIC_REPRESENTATION_CONTEXT(2) 
PARAMETRIC_REPRESENTATION_CONTEXT() REPRESENTATION_CONTEXT('2D SPACE',''
  ) );
#9813 = ORIENTED_EDGE('',*,*,#9814,.F.);
#9814 = EDGE_CURVE('',#9815,#9792,#9817,.T.);
#9815 = VERTEX_POINT('',#9816);
#9816 = CARTESIAN_POINT('',(26.686072394071,23.,-46.48550052332));
#9817 = SURFACE_CURVE('',#9818,(#9822,#9829),.PCURVE_S1.);
#9818 = LINE('',#9819,#9820);
#9819 = CARTESIAN_POINT('',(4.339574170701,23.,-68.83199874669));
#9820 = VECTOR('',#9821,1.);
#9821 = DIRECTION('',(0.707106781187,0.,0.707106781187));
#9822 = PCURVE('',#9122,#9823);
#9823 = DEFINITIONAL_REPRESENTATION('',(#9824),#9828);
#9824 = LINE('',#9825,#9826);
#9825 = CARTESIAN_POINT('',(-25.00000037252,4.));
#9826 = VECTOR('',#9827,1.);
#9827 = DIRECTION('',(1.,-1.75304687834E-33));
#9828 = ( GEOMETRIC_REPRESENTATION_CONTEXT(2) 
PARAMETRIC_REPRESENTATION_CONTEXT() REPRESENTATION_CONTEXT('2D SPACE',''
  ) );
#9829 = PCURVE('',#9504,#9830);
#9830 = DEFINITIONAL_REPRESENTATION('',(#9831),#9835);
#9831 = LINE('',#9832,#9833);
#9832 = CARTESIAN_POINT('',(64.999900516262,-2.000000014901));
#9833 = VECTOR('',#9834,1.);
#9834 = DIRECTION('',(-1.,1.014653635757E-17));
#9835 = ( GEOMETRIC_REPRESENTATION_CONTEXT(2) 
PARAMETRIC_REPRESENTATION_CONTEXT() REPRESENTATION_CONTEXT('2D SPACE',''
  ) );
#9836 = ORIENTED_EDGE('',*,*,#9837,.F.);
#9837 = EDGE_CURVE('',#9838,#9815,#9840,.T.);
#9838 = VERTEX_POINT('',#9839);
#9839 = CARTESIAN_POINT('',(22.017243963776,19.,-51.15432895362));
#9840 = SURFACE_CURVE('',#9841,(#9858,#9878),.PCURVE_S1.);
#9841 = B_SPLINE_CURVE_WITH_KNOTS('',3,(#9842,#9843,#9844,#9845,#9846,
    #9847,#9848,#9849,#9850,#9851,#9852,#9853,#9854,#9855,#9856,#9857),
  .UNSPECIFIED.,.F.,.F.,(4,2,2,2,2,2,2,4),(1.791302591763,1.973466414892
    ,2.155630238021,2.248176718593,2.340723199166,2.42806929439,
    2.515415389615,2.592260364922),.UNSPECIFIED.);
#9842 = CARTESIAN_POINT('',(22.017243963776,19.,-51.15432895362));
#9843 = CARTESIAN_POINT('',(22.446608212514,19.,-50.72496470488));
#9844 = CARTESIAN_POINT('',(22.92051642295,18.989438128506,
    -50.25105649445));
#9845 = CARTESIAN_POINT('',(23.846216858072,19.133229013187,
    -49.32535605932));
#9846 = CARTESIAN_POINT('',(24.297228158327,19.297464739204,
    -48.87434475907));
#9847 = CARTESIAN_POINT('',(24.887371818576,19.674252828893,
    -48.28420109882));
#9848 = CARTESIAN_POINT('',(25.096396577288,19.839050162646,
    -48.07517634011));
#9849 = CARTESIAN_POINT('',(25.485449984293,20.226497969315,
    -47.6861229331));
#9850 = CARTESIAN_POINT('',(25.665447061959,20.449211841264,
    -47.50612585544));
#9851 = CARTESIAN_POINT('',(25.957692671864,20.883671780029,
    -47.21388024553));
#9852 = CARTESIAN_POINT('',(26.098658764441,21.133170742438,
    -47.07291415295));
#9853 = CARTESIAN_POINT('',(26.341384034474,21.66770719496,
    -46.83018888292));
#9854 = CARTESIAN_POINT('',(26.443128528467,21.952758019883,
    -46.72844438893));
#9855 = CARTESIAN_POINT('',(26.58638694991,22.46118229684,
    -46.58518596749));
#9856 = CARTESIAN_POINT('',(26.644886812583,22.726911205826,
    -46.52668610481));
#9857 = CARTESIAN_POINT('',(26.686072394071,23.,-46.48550052332));
#9858 = PCURVE('',#9122,#9859);
#9859 = DEFINITIONAL_REPRESENTATION('',(#9860),#9877);
#9860 = B_SPLINE_CURVE_WITH_KNOTS('',3,(#9861,#9862,#9863,#9864,#9865,
    #9866,#9867,#9868,#9869,#9870,#9871,#9872,#9873,#9874,#9875,#9876),
  .UNSPECIFIED.,.F.,.F.,(4,2,2,2,2,2,2,4),(1.791302591763,1.973466414892
    ,2.155630238021,2.248176718593,2.340723199166,2.42806929439,
    2.515415389615,2.592260364922),.UNSPECIFIED.);
#9861 = CARTESIAN_POINT('',(0.,0.));
#9862 = CARTESIAN_POINT('',(0.607212743763,0.));
#9863 = CARTESIAN_POINT('',(1.277420162282,-1.0561871494E-02));
#9864 = CARTESIAN_POINT('',(2.586558272326,0.133229013187));
#9865 = CARTESIAN_POINT('',(3.22438456993,0.297464739204));
#9866 = CARTESIAN_POINT('',(4.058973738002,0.674252828893));
#9867 = CARTESIAN_POINT('',(4.354579386645,0.839050162646));
#9868 = CARTESIAN_POINT('',(4.904783991319,1.226497969315));
#9869 = CARTESIAN_POINT('',(5.159338299742,1.449211841264));
#9870 = CARTESIAN_POINT('',(5.572636004813,1.883671780029));
#9871 = CARTESIAN_POINT('',(5.77199216477,2.133170742438));
#9872 = CARTESIAN_POINT('',(6.115257533581,2.66770719496));
#9873 = CARTESIAN_POINT('',(6.259145976884,2.952758019883));
#9874 = CARTESIAN_POINT('',(6.461743979412,3.46118229684));
#9875 = CARTESIAN_POINT('',(6.544475278601,3.726911205826));
#9876 = CARTESIAN_POINT('',(6.602720486516,4.));
#9877 = ( GEOMETRIC_REPRESENTATION_CONTEXT(2) 
PARAMETRIC_REPRESENTATION_CONTEXT() REPRESENTATION_CONTEXT('2D SPACE',''
  ) );
#9878 = PCURVE('',#9294,#9879);
#9879 = DEFINITIONAL_REPRESENTATION('',(#9880),#9928);
#9880 = B_SPLINE_CURVE_WITH_KNOTS('',3,(#9881,#9882,#9883,#9884,#9885,
    #9886,#9887,#9888,#9889,#9890,#9891,#9892,#9893,#9894,#9895,#9896,
    #9897,#9898,#9899,#9900,#9901,#9902,#9903,#9904,#9905,#9906,#9907,
    #9908,#9909,#9910,#9911,#9912,#9913,#9914,#9915,#9916,#9917,#9918,
    #9919,#9920,#9921,#9922,#9923,#9924,#9925,#9926,#9927),
  .UNSPECIFIED.,.F.,.F.,(4,1,1,1,1,1,1,1,1,1,1,1,1,1,1,1,1,1,1,1,1,1,1,1
    ,1,1,1,1,1,1,1,1,1,1,1,1,1,1,1,1,1,1,1,1,4),(1.791302591763,
    1.809506177517,1.827709763271,1.845913349024,1.864116934778,
    1.882320520531,1.900524106285,1.918727692039,1.936931277792,
    1.955134863546,1.973338449299,1.991542035053,2.009745620807,
    2.02794920656,2.046152792314,2.064356378068,2.082559963821,
    2.100763549575,2.118967135328,2.137170721082,2.155374306836,
    2.173577892589,2.191781478343,2.209985064096,2.22818864985,
    2.246392235604,2.264595821357,2.282799407111,2.301002992864,
    2.319206578618,2.337410164372,2.355613750125,2.373817335879,
    2.392020921633,2.410224507386,2.42842809314,2.446631678893,
    2.464835264647,2.483038850401,2.501242436154,2.519446021908,
    2.537649607661,2.555853193415,2.574056779169,2.592260364922),
  .UNSPECIFIED.);
#9881 = CARTESIAN_POINT('',(1.570796332755,3.14159265359));
#9882 = CARTESIAN_POINT('',(1.570807316102,3.107875325846));
#9883 = CARTESIAN_POINT('',(1.569654151286,3.041080724416));
#9884 = CARTESIAN_POINT('',(1.564396494949,2.944046074014));
#9885 = CARTESIAN_POINT('',(1.555558165586,2.851516832142));
#9886 = CARTESIAN_POINT('',(1.543262271938,2.764452420299));
#9887 = CARTESIAN_POINT('',(1.527723183855,2.683489496596));
#9888 = CARTESIAN_POINT('',(1.509232685444,2.608924096025));
#9889 = CARTESIAN_POINT('',(1.488123064343,2.540769881406));
#9890 = CARTESIAN_POINT('',(1.464739796597,2.478825151855));
#9891 = CARTESIAN_POINT('',(1.439418201783,2.422745345254));
#9892 = CARTESIAN_POINT('',(1.412470916665,2.372099929006));
#9893 = CARTESIAN_POINT('',(1.384168248906,2.326435302461));
#9894 = CARTESIAN_POINT('',(1.354747675628,2.285278534611));
#9895 = CARTESIAN_POINT('',(1.324426374664,2.248168134344));
#9896 = CARTESIAN_POINT('',(1.293392508502,2.214681141565));
#9897 = CARTESIAN_POINT('',(1.261809729296,2.184432995972));
#9898 = CARTESIAN_POINT('',(1.229820953663,2.157080657585));
#9899 = CARTESIAN_POINT('',(1.197542562734,2.132316300493));
#9900 = CARTESIAN_POINT('',(1.16509696683,2.109881266635));
#9901 = CARTESIAN_POINT('',(1.132499971384,2.089500675893));
#9902 = CARTESIAN_POINT('',(1.100089044591,2.071111623521));
#9903 = CARTESIAN_POINT('',(1.066931667381,2.053995444302));
#9904 = CARTESIAN_POINT('',(1.032167965794,2.037672937926));
#9905 = CARTESIAN_POINT('',(0.996324021298,2.022378971708));
#9906 = CARTESIAN_POINT('',(0.959554719053,2.008119019807));
#9907 = CARTESIAN_POINT('',(0.922109019333,1.994929761663));
#9908 = CARTESIAN_POINT('',(0.884200771025,1.982820902747));
#9909 = CARTESIAN_POINT('',(0.846052533845,1.971751710718));
#9910 = CARTESIAN_POINT('',(0.807955091258,1.961681926414));
#9911 = CARTESIAN_POINT('',(0.770019669359,1.952560634253));
#9912 = CARTESIAN_POINT('',(0.733353329328,1.944396837969));
#9913 = CARTESIAN_POINT('',(0.697417490539,1.936993551659));
#9914 = CARTESIAN_POINT('',(0.659929484582,1.929855554953));
#9915 = CARTESIAN_POINT('',(0.621803853197,1.923170139501));
#9916 = CARTESIAN_POINT('',(0.58315563137,1.916945480753));
#9917 = CARTESIAN_POINT('',(0.544294954879,1.911228845689));
#9918 = CARTESIAN_POINT('',(0.505458960278,1.906049728962));
#9919 = CARTESIAN_POINT('',(0.466891285103,1.901389585048));
#9920 = CARTESIAN_POINT('',(0.428902495465,1.897237873837));
#9921 = CARTESIAN_POINT('',(0.391591669456,1.893568601697));
#9922 = CARTESIAN_POINT('',(0.355880693275,1.890427341181));
#9923 = CARTESIAN_POINT('',(0.319230352217,1.887571700949));
#9924 = CARTESIAN_POINT('',(0.281324820258,1.884984794489));
#9925 = CARTESIAN_POINT('',(0.242605372373,1.882709824928));
#9926 = CARTESIAN_POINT('',(0.21639885,1.881418466339));
#9927 = CARTESIAN_POINT('',(0.203244829326,1.880834260898));
#9928 = ( GEOMETRIC_REPRESENTATION_CONTEXT(2) 
PARAMETRIC_REPRESENTATION_CONTEXT() REPRESENTATION_CONTEXT('2D SPACE',''
  ) );
#9929 = ORIENTED_EDGE('',*,*,#9930,.F.);
#9930 = EDGE_CURVE('',#9570,#9838,#9931,.T.);
#9931 = SURFACE_CURVE('',#9932,(#9949,#9969),.PCURVE_S1.);
#9932 = B_SPLINE_CURVE_WITH_KNOTS('',3,(#9933,#9934,#9935,#9936,#9937,
    #9938,#9939,#9940,#9941,#9942,#9943,#9944,#9945,#9946,#9947,#9948),
  .UNSPECIFIED.,.F.,.F.,(4,2,2,2,2,2,2,4),(0.990344818605,1.067189793912
    ,1.154535889137,1.241881984361,1.334428464933,1.426974945506,
    1.609138768634,1.791302591763),.UNSPECIFIED.);
#9933 = CARTESIAN_POINT('',(17.348415533481,23.,-55.82315738391));
#9934 = CARTESIAN_POINT('',(17.38960111497,22.726911205826,
    -55.78197180243));
#9935 = CARTESIAN_POINT('',(17.448100977643,22.46118229684,
    -55.72347193975));
#9936 = CARTESIAN_POINT('',(17.591359399085,21.952758019883,
    -55.58021351831));
#9937 = CARTESIAN_POINT('',(17.693103893079,21.66770719496,
    -55.47846902432));
#9938 = CARTESIAN_POINT('',(17.935829163112,21.133170742438,
    -55.23574375428));
#9939 = CARTESIAN_POINT('',(18.076795255689,20.883671780029,
    -55.09477766171));
#9940 = CARTESIAN_POINT('',(18.369040865593,20.449211841264,
    -54.8025320518));
#9941 = CARTESIAN_POINT('',(18.549037943259,20.226497969315,
    -54.62253497414));
#9942 = CARTESIAN_POINT('',(18.938091350264,19.839050162646,
    -54.23348156713));
#9943 = CARTESIAN_POINT('',(19.147116108977,19.674252828893,
    -54.02445680842));
#9944 = CARTESIAN_POINT('',(19.737259769226,19.297464739204,
    -53.43431314817));
#9945 = CARTESIAN_POINT('',(20.18827106948,19.133229013187,
    -52.98330184792));
#9946 = CARTESIAN_POINT('',(21.113971504602,18.989438128506,
    -52.05760141279));
#9947 = CARTESIAN_POINT('',(21.587879715039,19.,-51.58369320236));
#9948 = CARTESIAN_POINT('',(22.017243963776,19.,-51.15432895362));
#9949 = PCURVE('',#9122,#9950);
#9950 = DEFINITIONAL_REPRESENTATION('',(#9951),#9968);
#9951 = B_SPLINE_CURVE_WITH_KNOTS('',3,(#9952,#9953,#9954,#9955,#9956,
    #9957,#9958,#9959,#9960,#9961,#9962,#9963,#9964,#9965,#9966,#9967),
  .UNSPECIFIED.,.F.,.F.,(4,2,2,2,2,2,2,4),(0.990344818605,1.067189793912
    ,1.154535889137,1.241881984361,1.334428464933,1.426974945506,
    1.609138768634,1.791302591763),.UNSPECIFIED.);
#9952 = CARTESIAN_POINT('',(-6.602720486516,4.));
#9953 = CARTESIAN_POINT('',(-6.544475278601,3.726911205826));
#9954 = CARTESIAN_POINT('',(-6.461743979412,3.46118229684));
#9955 = CARTESIAN_POINT('',(-6.259145976884,2.952758019883));
#9956 = CARTESIAN_POINT('',(-6.115257533581,2.66770719496));
#9957 = CARTESIAN_POINT('',(-5.77199216477,2.133170742438));
#9958 = CARTESIAN_POINT('',(-5.572636004813,1.883671780029));
#9959 = CARTESIAN_POINT('',(-5.159338299742,1.449211841264));
#9960 = CARTESIAN_POINT('',(-4.904783991319,1.226497969315));
#9961 = CARTESIAN_POINT('',(-4.354579386645,0.839050162646));
#9962 = CARTESIAN_POINT('',(-4.058973738002,0.674252828893));
#9963 = CARTESIAN_POINT('',(-3.22438456993,0.297464739204));
#9964 = CARTESIAN_POINT('',(-2.586558272326,0.133229013187));
#9965 = CARTESIAN_POINT('',(-1.277420162282,-1.0561871494E-02));
#9966 = CARTESIAN_POINT('',(-0.607212743763,0.));
#9967 = CARTESIAN_POINT('',(0.,0.));
#9968 = ( GEOMETRIC_REPRESENTATION_CONTEXT(2) 
PARAMETRIC_REPRESENTATION_CONTEXT() REPRESENTATION_CONTEXT('2D SPACE',''
  ) );
#9969 = PCURVE('',#9294,#9970);
#9970 = DEFINITIONAL_REPRESENTATION('',(#9971),#10019);
#9971 = B_SPLINE_CURVE_WITH_KNOTS('',3,(#9972,#9973,#9974,#9975,#9976,
    #9977,#9978,#9979,#9980,#9981,#9982,#9983,#9984,#9985,#9986,#9987,
    #9988,#9989,#9990,#9991,#9992,#9993,#9994,#9995,#9996,#9997,#9998,
    #9999,#10000,#10001,#10002,#10003,#10004,#10005,#10006,#10007,#10008
    ,#10009,#10010,#10011,#10012,#10013,#10014,#10015,#10016,#10017,
    #10018),.UNSPECIFIED.,.F.,.F.,(4,1,1,1,1,1,1,1,1,1,1,1,1,1,1,1,1,1,1
    ,1,1,1,1,1,1,1,1,1,1,1,1,1,1,1,1,1,1,1,1,1,1,1,1,1,4),(
    0.990344818605,1.008548404358,1.026751990112,1.044955575865,
    1.063159161619,1.081362747373,1.099566333126,1.11776991888,
    1.135973504633,1.154177090387,1.172380676141,1.190584261894,
    1.208787847648,1.226991433401,1.245195019155,1.263398604909,
    1.281602190662,1.299805776416,1.31800936217,1.336212947923,
    1.354416533677,1.37262011943,1.390823705184,1.409027290938,
    1.427230876691,1.445434462445,1.463638048198,1.481841633952,
    1.500045219706,1.518248805459,1.536452391213,1.554655976966,
    1.57285956272,1.591063148474,1.609266734227,1.627470319981,
    1.645673905734,1.663877491488,1.682081077242,1.700284662995,
    1.718488248749,1.736691834503,1.754895420256,1.77309900601,
    1.791302591763),.UNSPECIFIED.);
#9972 = CARTESIAN_POINT('',(0.203244829326,-1.880834260898));
#9973 = CARTESIAN_POINT('',(0.21639885,-1.881418466339));
#9974 = CARTESIAN_POINT('',(0.242605372373,-1.882709824928));
#9975 = CARTESIAN_POINT('',(0.281324820258,-1.884984794489));
#9976 = CARTESIAN_POINT('',(0.319230352217,-1.887571700949));
#9977 = CARTESIAN_POINT('',(0.355880693275,-1.890427341181));
#9978 = CARTESIAN_POINT('',(0.391591669456,-1.893568601697));
#9979 = CARTESIAN_POINT('',(0.428902495465,-1.897237873837));
#9980 = CARTESIAN_POINT('',(0.466891285103,-1.901389585048));
#9981 = CARTESIAN_POINT('',(0.505458960278,-1.906049728962));
#9982 = CARTESIAN_POINT('',(0.544294954879,-1.911228845689));
#9983 = CARTESIAN_POINT('',(0.58315563137,-1.916945480753));
#9984 = CARTESIAN_POINT('',(0.621803853197,-1.923170139501));
#9985 = CARTESIAN_POINT('',(0.659929484582,-1.929855554953));
#9986 = CARTESIAN_POINT('',(0.697417490539,-1.936993551659));
#9987 = CARTESIAN_POINT('',(0.733353329328,-1.944396837969));
#9988 = CARTESIAN_POINT('',(0.770019669359,-1.952560634253));
#9989 = CARTESIAN_POINT('',(0.807955091258,-1.961681926414));
#9990 = CARTESIAN_POINT('',(0.846052533845,-1.971751710718));
#9991 = CARTESIAN_POINT('',(0.884200771025,-1.982820902747));
#9992 = CARTESIAN_POINT('',(0.922109019333,-1.994929761663));
#9993 = CARTESIAN_POINT('',(0.959554719053,-2.008119019807));
#9994 = CARTESIAN_POINT('',(0.996324021298,-2.022378971708));
#9995 = CARTESIAN_POINT('',(1.032167965794,-2.037672937926));
#9996 = CARTESIAN_POINT('',(1.066931667381,-2.053995444302));
#9997 = CARTESIAN_POINT('',(1.100089044591,-2.071111623521));
#9998 = CARTESIAN_POINT('',(1.132499971384,-2.089500675893));
#9999 = CARTESIAN_POINT('',(1.16509696683,-2.109881266635));
#10000 = CARTESIAN_POINT('',(1.197542562734,-2.132316300493));
#10001 = CARTESIAN_POINT('',(1.229820953663,-2.157080657585));
#10002 = CARTESIAN_POINT('',(1.261809729296,-2.184432995972));
#10003 = CARTESIAN_POINT('',(1.293392508502,-2.214681141565));
#10004 = CARTESIAN_POINT('',(1.324426374664,-2.248168134344));
#10005 = CARTESIAN_POINT('',(1.354747675628,-2.285278534611));
#10006 = CARTESIAN_POINT('',(1.384168248906,-2.326435302461));
#10007 = CARTESIAN_POINT('',(1.412470916665,-2.372099929006));
#10008 = CARTESIAN_POINT('',(1.439418201783,-2.422745345254));
#10009 = CARTESIAN_POINT('',(1.464739796597,-2.478825151855));
#10010 = CARTESIAN_POINT('',(1.488123064343,-2.540769881406));
#10011 = CARTESIAN_POINT('',(1.509232685444,-2.608924096025));
#10012 = CARTESIAN_POINT('',(1.527723183855,-2.683489496596));
#10013 = CARTESIAN_POINT('',(1.543262271938,-2.764452420299));
#10014 = CARTESIAN_POINT('',(1.555558165586,-2.851516832142));
#10015 = CARTESIAN_POINT('',(1.564396494949,-2.944046074014));
#10016 = CARTESIAN_POINT('',(1.569654151286,-3.041080724416));
#10017 = CARTESIAN_POINT('',(1.570807316102,-3.107875325846));
#10018 = CARTESIAN_POINT('',(1.570796332755,-3.14159265359));
#10019 = ( GEOMETRIC_REPRESENTATION_CONTEXT(2) 
PARAMETRIC_REPRESENTATION_CONTEXT() REPRESENTATION_CONTEXT('2D SPACE',''
  ) );
#10020 = ORIENTED_EDGE('',*,*,#9569,.F.);
#10021 = ADVANCED_FACE('',(#10022),#9532,.T.);
#10022 = FACE_BOUND('',#10023,.T.);
#10023 = EDGE_LOOP('',(#10024,#10025,#10046,#10047));
#10024 = ORIENTED_EDGE('',*,*,#9516,.T.);
#10025 = ORIENTED_EDGE('',*,*,#10026,.F.);
#10026 = EDGE_CURVE('',#9792,#9489,#10027,.T.);
#10027 = SURFACE_CURVE('',#10028,(#10032,#10039),.PCURVE_S1.);
#10028 = LINE('',#10029,#10030);
#10029 = CARTESIAN_POINT('',(78.585786195282,23.,5.414213277882));
#10030 = VECTOR('',#10031,1.);
#10031 = DIRECTION('',(0.707106781187,9.95799250103E-17,-0.707106781187)
  );
#10032 = PCURVE('',#9532,#10033);
#10033 = DEFINITIONAL_REPRESENTATION('',(#10034),#10038);
#10034 = LINE('',#10035,#10036);
#10035 = CARTESIAN_POINT('',(3.983197000412E-16,4.));
#10036 = VECTOR('',#10037,1.);
#10037 = DIRECTION('',(1.,-1.302891354702E-33));
#10038 = ( GEOMETRIC_REPRESENTATION_CONTEXT(2) 
PARAMETRIC_REPRESENTATION_CONTEXT() REPRESENTATION_CONTEXT('2D SPACE',''
  ) );
#10039 = PCURVE('',#9504,#10040);
#10040 = DEFINITIONAL_REPRESENTATION('',(#10041),#10045);
#10041 = LINE('',#10042,#10043);
#10042 = CARTESIAN_POINT('',(-40.00009948372,-2.000000014901));
#10043 = VECTOR('',#10044,1.);
#10044 = DIRECTION('',(-1.014653635757E-17,1.));
#10045 = ( GEOMETRIC_REPRESENTATION_CONTEXT(2) 
PARAMETRIC_REPRESENTATION_CONTEXT() REPRESENTATION_CONTEXT('2D SPACE',''
  ) );
#10046 = ORIENTED_EDGE('',*,*,#9791,.T.);
#10047 = ORIENTED_EDGE('',*,*,#9765,.F.);
#10048 = ADVANCED_FACE('',(#10049),#9504,.F.);
#10049 = FACE_BOUND('',#10050,.T.);
#10050 = EDGE_LOOP('',(#10051,#10099,#10100,#10101));
#10051 = ORIENTED_EDGE('',*,*,#10052,.F.);
#10052 = EDGE_CURVE('',#9815,#9392,#10053,.T.);
#10053 = SURFACE_CURVE('',#10054,(#10059,#10070),.PCURVE_S1.);
#10054 = CIRCLE('',#10055,6.898979485566);
#10055 = AXIS2_PLACEMENT_3D('',#10056,#10057,#10058);
#10056 = CARTESIAN_POINT('',(23.431457547223,23.,-52.56854253707));
#10057 = DIRECTION('',(-7.041364024483E-17,1.,7.041364024483E-17));
#10058 = DIRECTION('',(0.707106781187,9.95799250103E-17,-0.707106781187)
  );
#10059 = PCURVE('',#9504,#10060);
#10060 = DEFINITIONAL_REPRESENTATION('',(#10061),#10069);
#10061 = ( BOUNDED_CURVE() B_SPLINE_CURVE(2,(#10062,#10063,#10064,#10065
    ,#10066,#10067,#10068),.UNSPECIFIED.,.T.,.F.) 
B_SPLINE_CURVE_WITH_KNOTS((1,2,2,2,2,1),(-2.094395102393,0.,
    2.094395102393,4.188790204786,6.28318530718,8.377580409573),
.UNSPECIFIED.) CURVE() GEOMETRIC_REPRESENTATION_ITEM() 
RATIONAL_B_SPLINE_CURVE((1.,0.5,1.,0.5,1.,0.5,1.)) REPRESENTATION_ITEM(
  '') );
#10062 = CARTESIAN_POINT('',(39.999900143742,6.898979500468));
#10063 = CARTESIAN_POINT('',(51.949283133118,6.898979500468));
#10064 = CARTESIAN_POINT('',(45.97459163843,-3.449489727881));
#10065 = CARTESIAN_POINT('',(39.999900143742,-13.79795895623));
#10066 = CARTESIAN_POINT('',(34.025208649054,-3.449489727881));
#10067 = CARTESIAN_POINT('',(28.050517154366,6.898979500468));
#10068 = CARTESIAN_POINT('',(39.999900143742,6.898979500468));
#10069 = ( GEOMETRIC_REPRESENTATION_CONTEXT(2) 
PARAMETRIC_REPRESENTATION_CONTEXT() REPRESENTATION_CONTEXT('2D SPACE',''
  ) );
#10070 = PCURVE('',#9294,#10071);
#10071 = DEFINITIONAL_REPRESENTATION('',(#10072),#10098);
#10072 = B_SPLINE_CURVE_WITH_KNOTS('',3,(#10073,#10074,#10075,#10076,
    #10077,#10078,#10079,#10080,#10081,#10082,#10083,#10084,#10085,
    #10086,#10087,#10088,#10089,#10090,#10091,#10092,#10093,#10094,
    #10095,#10096,#10097),.UNSPECIFIED.,.F.,.F.,(4,1,1,1,1,1,1,1,1,1,1,1
    ,1,1,1,1,1,1,1,1,1,1,4),(4.418268770257,4.445006970768,
    4.471745171278,4.498483371788,4.525221572299,4.551959772809,
    4.578697973319,4.60543617383,4.63217437434,4.65891257485,
    4.685650775361,4.712388975871,4.739127176381,4.765865376892,
    4.792603577402,4.819341777912,4.846079978423,4.872818178933,
    4.899556379443,4.926294579954,4.953032780464,4.979770980974,
    5.006509181485),.UNSPECIFIED.);
#10073 = CARTESIAN_POINT('',(0.203244829326,1.880834260898));
#10074 = CARTESIAN_POINT('',(0.203244829326,1.871853352653));
#10075 = CARTESIAN_POINT('',(0.203244829326,1.85383143135));
#10076 = CARTESIAN_POINT('',(0.203244829326,1.826606306936));
#10077 = CARTESIAN_POINT('',(0.203244829326,1.799177134043));
#10078 = CARTESIAN_POINT('',(0.203244829326,1.771531679633));
#10079 = CARTESIAN_POINT('',(0.203244829326,1.743657339733));
#10080 = CARTESIAN_POINT('',(0.203244829326,1.715541323831));
#10081 = CARTESIAN_POINT('',(0.203244829326,1.687169713418));
#10082 = CARTESIAN_POINT('',(0.203244829326,1.658530887512));
#10083 = CARTESIAN_POINT('',(0.203244829326,1.629602597303));
#10084 = CARTESIAN_POINT('',(0.203244829326,1.60040006773));
#10085 = CARTESIAN_POINT('',(0.203244829326,1.57079633184));
#10086 = CARTESIAN_POINT('',(0.203244829326,1.54119259576));
#10087 = CARTESIAN_POINT('',(0.203244829326,1.511990066105));
#10088 = CARTESIAN_POINT('',(0.203244829326,1.483061775793));
#10089 = CARTESIAN_POINT('',(0.203244829326,1.454422949795));
#10090 = CARTESIAN_POINT('',(0.203244829326,1.426051339294));
#10091 = CARTESIAN_POINT('',(0.203244829326,1.397935323307));
#10092 = CARTESIAN_POINT('',(0.203244829326,1.370060983328));
#10093 = CARTESIAN_POINT('',(0.203244829326,1.342415528844));
#10094 = CARTESIAN_POINT('',(0.203244829326,1.314986355879));
#10095 = CARTESIAN_POINT('',(0.203244829326,1.287761231398));
#10096 = CARTESIAN_POINT('',(0.203244829326,1.269739310054));
#10097 = CARTESIAN_POINT('',(0.203244829326,1.260758401788));
#10098 = ( GEOMETRIC_REPRESENTATION_CONTEXT(2) 
PARAMETRIC_REPRESENTATION_CONTEXT() REPRESENTATION_CONTEXT('2D SPACE',''
  ) );
#10099 = ORIENTED_EDGE('',*,*,#9814,.T.);
#10100 = ORIENTED_EDGE('',*,*,#10026,.T.);
#10101 = ORIENTED_EDGE('',*,*,#9488,.T.);
#10102 = ADVANCED_FACE('',(#10103),#9294,.F.);
#10103 = FACE_BOUND('',#10104,.F.);
#10104 = EDGE_LOOP('',(#10105,#10106,#10107,#10108,#10176,#10227,#10271,
    #10272,#10273,#10274));
#10105 = ORIENTED_EDGE('',*,*,#9391,.F.);
#10106 = ORIENTED_EDGE('',*,*,#10052,.F.);
#10107 = ORIENTED_EDGE('',*,*,#9837,.F.);
#10108 = ORIENTED_EDGE('',*,*,#10109,.T.);
#10109 = EDGE_CURVE('',#9838,#10110,#10112,.T.);
#10110 = VERTEX_POINT('',#10111);
#10111 = CARTESIAN_POINT('',(18.481710078917,24.,-47.61879506876));
#10112 = SEAM_CURVE('',#10113,(#10118,#10147),.PCURVE_S1.);
#10113 = CIRCLE('',#10114,5.);
#10114 = AXIS2_PLACEMENT_3D('',#10115,#10116,#10117);
#10115 = CARTESIAN_POINT('',(22.01724398485,24.,-51.15432897469));
#10116 = DIRECTION('',(-0.707106781187,1.219502364232E-32,
    -0.707106781187));
#10117 = DIRECTION('',(-0.707106781187,-6.040407428518E-66,
    0.707106781187));
#10118 = PCURVE('',#9294,#10119);
#10119 = DEFINITIONAL_REPRESENTATION('',(#10120),#10146);
#10120 = B_SPLINE_CURVE_WITH_KNOTS('',3,(#10121,#10122,#10123,#10124,
    #10125,#10126,#10127,#10128,#10129,#10130,#10131,#10132,#10133,
    #10134,#10135,#10136,#10137,#10138,#10139,#10140,#10141,#10142,
    #10143,#10144,#10145),.UNSPECIFIED.,.F.,.F.,(4,1,1,1,1,1,1,1,1,1,1,1
    ,1,1,1,1,1,1,1,1,1,1,4),(4.712388986345,4.78378881911,4.855188651876
    ,4.926588484641,4.997988317406,5.069388150171,5.140787982936,
    5.212187815702,5.283587648467,5.354987481232,5.426387313997,
    5.497787146762,5.569186979528,5.640586812293,5.711986645058,
    5.783386477823,5.854786310588,5.926186143354,5.997585976119,
    6.068985808884,6.140385641649,6.211785474414,6.28318530718),
  .QUASI_UNIFORM_KNOTS.);
#10121 = CARTESIAN_POINT('',(1.570796332755,3.14159265359));
#10122 = CARTESIAN_POINT('',(1.546374188812,3.14159265359));
#10123 = CARTESIAN_POINT('',(1.497874036209,3.14159265359));
#10124 = CARTESIAN_POINT('',(1.425961900279,3.14159265359));
#10125 = CARTESIAN_POINT('',(1.354690717033,3.14159265359));
#10126 = CARTESIAN_POINT('',(1.283873242132,3.14159265359));
#10127 = CARTESIAN_POINT('',(1.213325905134,3.14159265359));
#10128 = CARTESIAN_POINT('',(1.142868750308,3.14159265359));
#10129 = CARTESIAN_POINT('',(1.072320369515,3.14159265359));
#10130 = CARTESIAN_POINT('',(1.001507069525,3.14159265359));
#10131 = CARTESIAN_POINT('',(0.930220229885,3.14159265359));
#10132 = CARTESIAN_POINT('',(0.858366543797,3.14159265359));
#10133 = CARTESIAN_POINT('',(0.785398170808,3.14159265359));
#10134 = CARTESIAN_POINT('',(0.712429771238,3.14159265359));
#10135 = CARTESIAN_POINT('',(0.640576092436,3.14159265359));
#10136 = CARTESIAN_POINT('',(0.569289250969,3.14159265359));
#10137 = CARTESIAN_POINT('',(0.498475951552,3.14159265359));
#10138 = CARTESIAN_POINT('',(0.427927570655,3.14159265359));
#10139 = CARTESIAN_POINT('',(0.357470415852,3.14159265359));
#10140 = CARTESIAN_POINT('',(0.286923078868,3.14159265359));
#10141 = CARTESIAN_POINT('',(0.216105603707,3.14159265359));
#10142 = CARTESIAN_POINT('',(0.14483442112,3.14159265359));
#10143 = CARTESIAN_POINT('',(7.292228226711E-02,3.14159265359));
#10144 = CARTESIAN_POINT('',(2.442213652502E-02,3.14159265359));
#10145 = CARTESIAN_POINT('',(-1.394118950144E-16,3.14159265359));
#10146 = ( GEOMETRIC_REPRESENTATION_CONTEXT(2) 
PARAMETRIC_REPRESENTATION_CONTEXT() REPRESENTATION_CONTEXT('2D SPACE',''
  ) );
#10147 = PCURVE('',#9294,#10148);
#10148 = DEFINITIONAL_REPRESENTATION('',(#10149),#10175);
#10149 = B_SPLINE_CURVE_WITH_KNOTS('',3,(#10150,#10151,#10152,#10153,
    #10154,#10155,#10156,#10157,#10158,#10159,#10160,#10161,#10162,
    #10163,#10164,#10165,#10166,#10167,#10168,#10169,#10170,#10171,
    #10172,#10173,#10174),.UNSPECIFIED.,.F.,.F.,(4,1,1,1,1,1,1,1,1,1,1,1
    ,1,1,1,1,1,1,1,1,1,1,4),(4.712388986345,4.78378881911,4.855188651876
    ,4.926588484641,4.997988317406,5.069388150171,5.140787982936,
    5.212187815702,5.283587648467,5.354987481232,5.426387313997,
    5.497787146762,5.569186979528,5.640586812293,5.711986645058,
    5.783386477823,5.854786310588,5.926186143354,5.997585976119,
    6.068985808884,6.140385641649,6.211785474414,6.28318530718),
  .QUASI_UNIFORM_KNOTS.);
#10150 = CARTESIAN_POINT('',(1.570796332755,-3.14159265359));
#10151 = CARTESIAN_POINT('',(1.546374188812,-3.14159265359));
#10152 = CARTESIAN_POINT('',(1.497874036209,-3.14159265359));
#10153 = CARTESIAN_POINT('',(1.425961900279,-3.14159265359));
#10154 = CARTESIAN_POINT('',(1.354690717033,-3.14159265359));
#10155 = CARTESIAN_POINT('',(1.283873242132,-3.14159265359));
#10156 = CARTESIAN_POINT('',(1.213325905134,-3.14159265359));
#10157 = CARTESIAN_POINT('',(1.142868750308,-3.14159265359));
#10158 = CARTESIAN_POINT('',(1.072320369515,-3.14159265359));
#10159 = CARTESIAN_POINT('',(1.001507069525,-3.14159265359));
#10160 = CARTESIAN_POINT('',(0.930220229885,-3.14159265359));
#10161 = CARTESIAN_POINT('',(0.858366543797,-3.14159265359));
#10162 = CARTESIAN_POINT('',(0.785398170808,-3.14159265359));
#10163 = CARTESIAN_POINT('',(0.712429771238,-3.14159265359));
#10164 = CARTESIAN_POINT('',(0.640576092436,-3.14159265359));
#10165 = CARTESIAN_POINT('',(0.569289250969,-3.14159265359));
#10166 = CARTESIAN_POINT('',(0.498475951552,-3.14159265359));
#10167 = CARTESIAN_POINT('',(0.427927570655,-3.14159265359));
#10168 = CARTESIAN_POINT('',(0.357470415852,-3.14159265359));
#10169 = CARTESIAN_POINT('',(0.286923078868,-3.14159265359));
#10170 = CARTESIAN_POINT('',(0.216105603707,-3.14159265359));
#10171 = CARTESIAN_POINT('',(0.14483442112,-3.14159265359));
#10172 = CARTESIAN_POINT('',(7.292228226711E-02,-3.14159265359));
#10173 = CARTESIAN_POINT('',(2.442213652502E-02,-3.14159265359));
#10174 = CARTESIAN_POINT('',(-1.394118950144E-16,-3.14159265359));
#10175 = ( GEOMETRIC_REPRESENTATION_CONTEXT(2) 
PARAMETRIC_REPRESENTATION_CONTEXT() REPRESENTATION_CONTEXT('2D SPACE',''
  ) );
#10176 = ORIENTED_EDGE('',*,*,#10177,.F.);
#10177 = EDGE_CURVE('',#10178,#10110,#10180,.T.);
#10178 = VERTEX_POINT('',#10179);
#10179 = CARTESIAN_POINT('',(18.481710078917,24.,-57.51829000537));
#10180 = SURFACE_CURVE('',#10181,(#10186,#10215),.PCURVE_S1.);
#10181 = CIRCLE('',#10182,7.);
#10182 = AXIS2_PLACEMENT_3D('',#10183,#10184,#10185);
#10183 = CARTESIAN_POINT('',(23.431457547223,24.,-52.56854253707));
#10184 = DIRECTION('',(7.041364024483E-17,-1.,-7.041364024483E-17));
#10185 = DIRECTION('',(-0.707106781187,-1.219502364232E-32,
    -0.707106781187));
#10186 = PCURVE('',#9294,#10187);
#10187 = DEFINITIONAL_REPRESENTATION('',(#10188),#10214);
#10188 = B_SPLINE_CURVE_WITH_KNOTS('',3,(#10189,#10190,#10191,#10192,
    #10193,#10194,#10195,#10196,#10197,#10198,#10199,#10200,#10201,
    #10202,#10203,#10204,#10205,#10206,#10207,#10208,#10209,#10210,
    #10211,#10212,#10213),.UNSPECIFIED.,.F.,.F.,(4,1,1,1,1,1,1,1,1,1,1,1
    ,1,1,1,1,1,1,1,1,1,1,4),(0.,0.214199499108,0.428398998217,
    0.642598497325,0.856797996434,1.070997495542,1.28519699465,
    1.499396493759,1.713595992867,1.927795491976,2.141994991084,
    2.356194490192,2.570393989301,2.784593488409,2.998792987518,
    3.212992486626,3.427191985734,3.641391484843,3.855590983951,
    4.06979048306,4.283989982168,4.498189481276,4.712388980385),
  .UNSPECIFIED.);
#10189 = CARTESIAN_POINT('',(-1.394118950144E-16,-1.570796326795));
#10190 = CARTESIAN_POINT('',(-1.394118950144E-16,-1.491600902977));
#10191 = CARTESIAN_POINT('',(-1.394118950144E-16,-1.339806414379));
#10192 = CARTESIAN_POINT('',(-1.394118950144E-16,-1.126169628765));
#10193 = CARTESIAN_POINT('',(-1.394118950144E-16,-0.920488978282));
#10194 = CARTESIAN_POINT('',(-1.394118950144E-16,-0.717942038876));
#10195 = CARTESIAN_POINT('',(-1.394118950144E-16,-0.513811497476));
#10196 = CARTESIAN_POINT('',(-1.394118950144E-16,-0.303476509462));
#10197 = CARTESIAN_POINT('',(-1.394118950144E-16,-8.093848883122E-02));
#10198 = CARTESIAN_POINT('',(-1.394118950144E-16,0.158136193241));
#10199 = CARTESIAN_POINT('',(-1.394118950144E-16,0.374248904887));
#10200 = CARTESIAN_POINT('',(-1.394118950144E-16,0.582404656046));
#10201 = CARTESIAN_POINT('',(-1.394118950144E-16,0.785398163397));
#10202 = CARTESIAN_POINT('',(-1.394118950144E-16,0.988391670749));
#10203 = CARTESIAN_POINT('',(-1.394118950144E-16,1.196547421908));
#10204 = CARTESIAN_POINT('',(-1.394118950144E-16,1.412660133553));
#10205 = CARTESIAN_POINT('',(-1.394118950144E-16,1.651734815626));
#10206 = CARTESIAN_POINT('',(-1.394118950144E-16,1.874272836257));
#10207 = CARTESIAN_POINT('',(-1.394118950144E-16,2.084607824271));
#10208 = CARTESIAN_POINT('',(-1.394118950144E-16,2.288738365671));
#10209 = CARTESIAN_POINT('',(-1.394118950144E-16,2.491285305077));
#10210 = CARTESIAN_POINT('',(-1.394118950144E-16,2.696965955559));
#10211 = CARTESIAN_POINT('',(-1.394118950144E-16,2.910602741174));
#10212 = CARTESIAN_POINT('',(-1.394118950144E-16,3.062397229772));
#10213 = CARTESIAN_POINT('',(-1.394118950144E-16,3.14159265359));
#10214 = ( GEOMETRIC_REPRESENTATION_CONTEXT(2) 
PARAMETRIC_REPRESENTATION_CONTEXT() REPRESENTATION_CONTEXT('2D SPACE',''
  ) );
#10215 = PCURVE('',#10216,#10221);
#10216 = CYLINDRICAL_SURFACE('',#10217,7.);
#10217 = AXIS2_PLACEMENT_3D('',#10218,#10219,#10220);
#10218 = CARTESIAN_POINT('',(23.431457547223,26.5,-52.56854253707));
#10219 = DIRECTION('',(7.041364024483E-17,-1.,-7.041364024483E-17));
#10220 = DIRECTION('',(0.707106781187,0.,0.707106781187));
#10221 = DEFINITIONAL_REPRESENTATION('',(#10222),#10226);
#10222 = LINE('',#10223,#10224);
#10223 = CARTESIAN_POINT('',(-3.14159265359,2.5));
#10224 = VECTOR('',#10225,1.);
#10225 = DIRECTION('',(1.,0.));
#10226 = ( GEOMETRIC_REPRESENTATION_CONTEXT(2) 
PARAMETRIC_REPRESENTATION_CONTEXT() REPRESENTATION_CONTEXT('2D SPACE',''
  ) );
#10227 = ORIENTED_EDGE('',*,*,#10228,.F.);
#10228 = EDGE_CURVE('',#10110,#10178,#10229,.T.);
#10229 = SURFACE_CURVE('',#10230,(#10235,#10264),.PCURVE_S1.);
#10230 = CIRCLE('',#10231,7.);
#10231 = AXIS2_PLACEMENT_3D('',#10232,#10233,#10234);
#10232 = CARTESIAN_POINT('',(23.431457547223,24.,-52.56854253707));
#10233 = DIRECTION('',(7.041364024483E-17,-1.,-7.041364024483E-17));
#10234 = DIRECTION('',(-0.707106781187,-1.219502364232E-32,
    -0.707106781187));
#10235 = PCURVE('',#9294,#10236);
#10236 = DEFINITIONAL_REPRESENTATION('',(#10237),#10263);
#10237 = B_SPLINE_CURVE_WITH_KNOTS('',3,(#10238,#10239,#10240,#10241,
    #10242,#10243,#10244,#10245,#10246,#10247,#10248,#10249,#10250,
    #10251,#10252,#10253,#10254,#10255,#10256,#10257,#10258,#10259,
    #10260,#10261,#10262),.UNSPECIFIED.,.F.,.F.,(4,1,1,1,1,1,1,1,1,1,1,1
    ,1,1,1,1,1,1,1,1,1,1,4),(4.712388980385,4.783788813421,
    4.855188646457,4.926588479493,4.997988312529,5.069388145565,
    5.140787978601,5.212187811638,5.283587644674,5.35498747771,
    5.426387310746,5.497787143782,5.569186976818,5.640586809854,
    5.711986642891,5.783386475927,5.854786308963,5.926186141999,
    5.997585975035,6.068985808071,6.140385641107,6.211785474143,
    6.28318530718),.UNSPECIFIED.);
#10238 = CARTESIAN_POINT('',(-1.394118950144E-16,-3.14159265359));
#10239 = CARTESIAN_POINT('',(-1.394118950144E-16,-3.115159605062));
#10240 = CARTESIAN_POINT('',(-1.394118950144E-16,-3.063067440961));
#10241 = CARTESIAN_POINT('',(-1.394118950144E-16,-2.986986199037));
#10242 = CARTESIAN_POINT('',(-1.394118950144E-16,-2.912688495409));
#10243 = CARTESIAN_POINT('',(-1.394118950144E-16,-2.839931213656));
#10244 = CARTESIAN_POINT('',(-1.394118950144E-16,-2.768486547351));
#10245 = CARTESIAN_POINT('',(-1.394118950144E-16,-2.698142049645));
#10246 = CARTESIAN_POINT('',(-1.394118950144E-16,-2.628697122557));
#10247 = CARTESIAN_POINT('',(-1.394118950144E-16,-2.559960843422));
#10248 = CARTESIAN_POINT('',(-1.394118950144E-16,-2.491749732825));
#10249 = CARTESIAN_POINT('',(-1.394118950144E-16,-2.423885766815));
#10250 = CARTESIAN_POINT('',(-1.394118950144E-16,-2.356194490192));
#10251 = CARTESIAN_POINT('',(-1.394118950144E-16,-2.28850321357));
#10252 = CARTESIAN_POINT('',(-1.394118950144E-16,-2.22063924756));
#10253 = CARTESIAN_POINT('',(-1.394118950144E-16,-2.152428136962));
#10254 = CARTESIAN_POINT('',(-1.394118950144E-16,-2.083691857828));
#10255 = CARTESIAN_POINT('',(-1.394118950144E-16,-2.014246930739));
#10256 = CARTESIAN_POINT('',(-1.394118950144E-16,-1.943902433034));
#10257 = CARTESIAN_POINT('',(-1.394118950144E-16,-1.872457766729));
#10258 = CARTESIAN_POINT('',(-1.394118950144E-16,-1.799700484976));
#10259 = CARTESIAN_POINT('',(-1.394118950144E-16,-1.725402781348));
#10260 = CARTESIAN_POINT('',(-1.394118950144E-16,-1.649321539424));
#10261 = CARTESIAN_POINT('',(-1.394118950144E-16,-1.597229375323));
#10262 = CARTESIAN_POINT('',(-1.394118950144E-16,-1.570796326795));
#10263 = ( GEOMETRIC_REPRESENTATION_CONTEXT(2) 
PARAMETRIC_REPRESENTATION_CONTEXT() REPRESENTATION_CONTEXT('2D SPACE',''
  ) );
#10264 = PCURVE('',#10216,#10265);
#10265 = DEFINITIONAL_REPRESENTATION('',(#10266),#10270);
#10266 = LINE('',#10267,#10268);
#10267 = CARTESIAN_POINT('',(-3.14159265359,2.5));
#10268 = VECTOR('',#10269,1.);
#10269 = DIRECTION('',(1.,0.));
#10270 = ( GEOMETRIC_REPRESENTATION_CONTEXT(2) 
PARAMETRIC_REPRESENTATION_CONTEXT() REPRESENTATION_CONTEXT('2D SPACE',''
  ) );
#10271 = ORIENTED_EDGE('',*,*,#10109,.F.);
#10272 = ORIENTED_EDGE('',*,*,#9930,.F.);
#10273 = ORIENTED_EDGE('',*,*,#9592,.F.);
#10274 = ORIENTED_EDGE('',*,*,#9252,.F.);
#10275 = ADVANCED_FACE('',(#10276),#10216,.T.);
#10276 = FACE_BOUND('',#10277,.T.);
#10277 = EDGE_LOOP('',(#10278,#10279,#10302,#10324,#10325));
#10278 = ORIENTED_EDGE('',*,*,#10177,.F.);
#10279 = ORIENTED_EDGE('',*,*,#10280,.T.);
#10280 = EDGE_CURVE('',#10178,#10281,#10283,.T.);
#10281 = VERTEX_POINT('',#10282);
#10282 = CARTESIAN_POINT('',(18.481710078917,34.,-57.51829000537));
#10283 = SEAM_CURVE('',#10284,(#10288,#10295),.PCURVE_S1.);
#10284 = LINE('',#10285,#10286);
#10285 = CARTESIAN_POINT('',(18.481710078917,26.5,-57.51829000537));
#10286 = VECTOR('',#10287,1.);
#10287 = DIRECTION('',(-7.041364024483E-17,1.,7.041364024483E-17));
#10288 = PCURVE('',#10216,#10289);
#10289 = DEFINITIONAL_REPRESENTATION('',(#10290),#10294);
#10290 = LINE('',#10291,#10292);
#10291 = CARTESIAN_POINT('',(-3.14159265359,0.));
#10292 = VECTOR('',#10293,1.);
#10293 = DIRECTION('',(0.,-1.));
#10294 = ( GEOMETRIC_REPRESENTATION_CONTEXT(2) 
PARAMETRIC_REPRESENTATION_CONTEXT() REPRESENTATION_CONTEXT('2D SPACE',''
  ) );
#10295 = PCURVE('',#10216,#10296);
#10296 = DEFINITIONAL_REPRESENTATION('',(#10297),#10301);
#10297 = LINE('',#10298,#10299);
#10298 = CARTESIAN_POINT('',(3.14159265359,0.));
#10299 = VECTOR('',#10300,1.);
#10300 = DIRECTION('',(0.,-1.));
#10301 = ( GEOMETRIC_REPRESENTATION_CONTEXT(2) 
PARAMETRIC_REPRESENTATION_CONTEXT() REPRESENTATION_CONTEXT('2D SPACE',''
  ) );
#10302 = ORIENTED_EDGE('',*,*,#10303,.F.);
#10303 = EDGE_CURVE('',#10281,#10281,#10304,.T.);
#10304 = SURFACE_CURVE('',#10305,(#10310,#10317),.PCURVE_S1.);
#10305 = CIRCLE('',#10306,7.);
#10306 = AXIS2_PLACEMENT_3D('',#10307,#10308,#10309);
#10307 = CARTESIAN_POINT('',(23.431457547223,34.,-52.56854253707));
#10308 = DIRECTION('',(-7.041364024483E-17,1.,7.041364024483E-17));
#10309 = DIRECTION('',(0.707106781187,0.,0.707106781187));
#10310 = PCURVE('',#10216,#10311);
#10311 = DEFINITIONAL_REPRESENTATION('',(#10312),#10316);
#10312 = LINE('',#10313,#10314);
#10313 = CARTESIAN_POINT('',(6.28318530718,-7.5));
#10314 = VECTOR('',#10315,1.);
#10315 = DIRECTION('',(-1.,0.));
#10316 = ( GEOMETRIC_REPRESENTATION_CONTEXT(2) 
PARAMETRIC_REPRESENTATION_CONTEXT() REPRESENTATION_CONTEXT('2D SPACE',''
  ) );
#10317 = PCURVE('',#9717,#10318);
#10318 = DEFINITIONAL_REPRESENTATION('',(#10319),#10323);
#10319 = CIRCLE('',#10320,7.);
#10320 = AXIS2_PLACEMENT_2D('',#10321,#10322);
#10321 = CARTESIAN_POINT('',(0.,0.));
#10322 = DIRECTION('',(-1.,-1.014653635757E-17));
#10323 = ( GEOMETRIC_REPRESENTATION_CONTEXT(2) 
PARAMETRIC_REPRESENTATION_CONTEXT() REPRESENTATION_CONTEXT('2D SPACE',''
  ) );
#10324 = ORIENTED_EDGE('',*,*,#10280,.F.);
#10325 = ORIENTED_EDGE('',*,*,#10228,.F.);
#10326 = ADVANCED_FACE('',(#10327,#10330),#9717,.T.);
#10327 = FACE_BOUND('',#10328,.T.);
#10328 = EDGE_LOOP('',(#10329));
#10329 = ORIENTED_EDGE('',*,*,#10303,.T.);
#10330 = FACE_BOUND('',#10331,.T.);
#10331 = EDGE_LOOP('',(#10332));
#10332 = ORIENTED_EDGE('',*,*,#9702,.T.);
#10333 = ( GEOMETRIC_REPRESENTATION_CONTEXT(3) 
GLOBAL_UNCERTAINTY_ASSIGNED_CONTEXT((#10337)) 
GLOBAL_UNIT_ASSIGNED_CONTEXT((#10334,#10335,#10336)) 
REPRESENTATION_CONTEXT('Context #1',
  '3D Context with UNIT and UNCERTAINTY') );
#10334 = ( LENGTH_UNIT() NAMED_UNIT(*) SI_UNIT(.MILLI.,.METRE.) );
#10335 = ( NAMED_UNIT(*) PLANE_ANGLE_UNIT() SI_UNIT($,.RADIAN.) );
#10336 = ( NAMED_UNIT(*) SI_UNIT($,.STERADIAN.) SOLID_ANGLE_UNIT() );
#10337 = UNCERTAINTY_MEASURE_WITH_UNIT(LENGTH_MEASURE(5.E-04),#10334,
  'distance_accuracy_value','confusion accuracy');
#10338 = CONTEXT_DEPENDENT_SHAPE_REPRESENTATION(#10339,#10341);
#10339 = ( REPRESENTATION_RELATIONSHIP('','',#9091,#10) 
REPRESENTATION_RELATIONSHIP_WITH_TRANSFORMATION(#10340) 
SHAPE_REPRESENTATION_RELATIONSHIP() );
#10340 = ITEM_DEFINED_TRANSFORMATION('','',#11,#47);
#10341 = PRODUCT_DEFINITION_SHAPE('Placement','Placement of an item',
  #10342);
#10342 = NEXT_ASSEMBLY_USAGE_OCCURRENCE('9','','',#5,#9086,$);
#10343 = PRODUCT_RELATED_PRODUCT_CATEGORY('part',$,(#9088));
ENDSEC;
END-ISO-10303-21;
