ISO-10303-21;
HEADER;
FILE_DESCRIPTION(('Open CASCADE Model'),'2;1');
FILE_NAME('Open CASCADE Shape Model','2026-08-17T19:59:08',('Author'),(
    'Open CASCADE'),'Open CASCADE STEP processor 7.9','Open CASCADE 7.9'
  ,'Unknown');
FILE_SCHEMA(('AUTOMOTIVE_DESIGN { 1 0 10303 214 1 1 1 1 }'));
ENDSEC;
DATA;
#1 = APPLICATION_PROTOCOL_DEFINITION('international standard',
  'automotive_design',2000,#2);
#2 = APPLICATION_CONTEXT(
  'core data for automotive mechanical design processes');
#3 = SHAPE_DEFINITION_REPRESENTATION(#4,#10);
#4 = PRODUCT_DEFINITION_SHAPE('','',#5);
#5 = PRODUCT_DEFINITION('design','',#6,#9);
#6 = PRODUCT_DEFINITION_FORMATION('','',#7);
#7 = PRODUCT('Open CASCADE STEP translator 7.9 1',
  'Open CASCADE STEP translator 7.9 1','',(#8));
#8 = PRODUCT_CONTEXT('',#2,'mechanical');
#9 = PRODUCT_DEFINITION_CONTEXT('part definition',#2,'design');
#10 = SHAPE_REPRESENTATION('',(#11,#15,#19,#23,#27,#31,#35,#39,#43),#47
  );
#11 = AXIS2_PLACEMENT_3D('',#12,#13,#14);
#12 = CARTESIAN_POINT('',(0.,0.,0.));
#13 = DIRECTION('',(0.,0.,1.));
#14 = DIRECTION('',(1.,0.,-0.));
#15 = AXIS2_PLACEMENT_3D('',#16,#17,#18);
#16 = CARTESIAN_POINT('',(0.,0.,0.));
#17 = DIRECTION('',(0.,0.,1.));
#18 = DIRECTION('',(1.,0.,-0.));
#19 = AXIS2_PLACEMENT_3D('',#20,#21,#22);
#20 = CARTESIAN_POINT('',(0.,0.,0.));
#21 = DIRECTION('',(0.,0.,1.));
#22 = DIRECTION('',(1.,0.,-0.));
#23 = AXIS2_PLACEMENT_3D('',#24,#25,#26);
#24 = CARTESIAN_POINT('',(0.,0.,0.));
#25 = DIRECTION('',(0.,0.,1.));
#26 = DIRECTION('',(1.,0.,-0.));
#27 = AXIS2_PLACEMENT_3D('',#28,#29,#30);
#28 = CARTESIAN_POINT('',(0.,0.,0.));
#29 = DIRECTION('',(0.,0.,1.));
#30 = DIRECTION('',(1.,0.,-0.));
#31 = AXIS2_PLACEMENT_3D('',#32,#33,#34);
#32 = CARTESIAN_POINT('',(0.,0.,0.));
#33 = DIRECTION('',(0.,0.,1.));
#34 = DIRECTION('',(1.,0.,-0.));
#35 = AXIS2_PLACEMENT_3D('',#36,#37,#38);
#36 = CARTESIAN_POINT('',(0.,0.,0.));
#37 = DIRECTION('',(0.,0.,1.));
#38 = DIRECTION('',(1.,0.,-0.));
#39 = AXIS2_PLACEMENT_3D('',#40,#41,#42);
#40 = CARTESIAN_POINT('',(0.,0.,0.));
#41 = DIRECTION('',(0.,0.,1.));
#42 = DIRECTION('',(1.,0.,-0.));
#43 = AXIS2_PLACEMENT_3D('',#44,#45,#46);
#44 = CARTESIAN_POINT('',(0.,0.,0.));
#45 = DIRECTION('',(0.,0.,1.));
#46 = DIRECTION('',(1.,0.,-0.));
#47 = ( GEOMETRIC_REPRESENTATION_CONTEXT(3) 
GLOBAL_UNCERTAINTY_ASSIGNED_CONTEXT((#51)) GLOBAL_UNIT_ASSIGNED_CONTEXT(
(#48,#49,#50)) REPRESENTATION_CONTEXT('Context #1',
  '3D Context with UNIT and UNCERTAINTY') );
#48 = ( LENGTH_UNIT() NAMED_UNIT(*) SI_UNIT(.MILLI.,.METRE.) );
#49 = ( NAMED_UNIT(*) PLANE_ANGLE_UNIT() SI_UNIT($,.RADIAN.) );
#50 = ( NAMED_UNIT(*) SI_UNIT($,.STERADIAN.) SOLID_ANGLE_UNIT() );
#51 = UNCERTAINTY_MEASURE_WITH_UNIT(LENGTH_MEASURE(2.E-07),#48,
  'distance_accuracy_value','confusion accuracy');
#52 = PRODUCT_RELATED_PRODUCT_CATEGORY('part',$,(#7));
#53 = SHAPE_DEFINITION_REPRESENTATION(#54,#60);
#54 = PRODUCT_DEFINITION_SHAPE('','',#55);
#55 = PRODUCT_DEFINITION('design','',#56,#59);
#56 = PRODUCT_DEFINITION_FORMATION('','',#57);
#57 = PRODUCT('Open CASCADE STEP translator 7.9 1.1',
  'Open CASCADE STEP translator 7.9 1.1','',(#58));
#58 = PRODUCT_CONTEXT('',#2,'mechanical');
#59 = PRODUCT_DEFINITION_CONTEXT('part definition',#2,'design');
#60 = ADVANCED_BREP_SHAPE_REPRESENTATION('',(#11,#61),#1621);
#61 = MANIFOLD_SOLID_BREP('',#62);
#62 = CLOSED_SHELL('',(#63,#167,#305,#445,#478,#504,#567,#728,#760,#867,
    #948,#1017,#1064,#1118,#1165,#1193,#1225,#1258,#1335,#1408,#1479,
    #1562,#1609,#1615));
#63 = ADVANCED_FACE('',(#64),#79,.T.);
#64 = FACE_BOUND('',#65,.T.);
#65 = EDGE_LOOP('',(#66,#115,#143));
#66 = ORIENTED_EDGE('',*,*,#67,.F.);
#67 = EDGE_CURVE('',#68,#70,#72,.T.);
#68 = VERTEX_POINT('',#69);
#69 = CARTESIAN_POINT('',(-234.6199967142,-337.8205859377,
    586.24326483021));
#70 = VERTEX_POINT('',#71);
#71 = CARTESIAN_POINT('',(-213.6199967142,-337.8205859377,
    591.03016943096));
#72 = SURFACE_CURVE('',#73,(#78,#90),.PCURVE_S1.);
#73 = ELLIPSE('',#74,51.763809020504,50.);
#74 = AXIS2_PLACEMENT_3D('',#75,#76,#77);
#75 = CARTESIAN_POINT('',(-213.6199967142,-337.8205859377,
    539.26636041046));
#76 = DIRECTION('',(-0.,1.,0.));
#77 = DIRECTION('',(-3.897581636578E-16,-0.,1.));
#78 = PCURVE('',#79,#84);
#79 = PLANE('',#80);
#80 = AXIS2_PLACEMENT_3D('',#81,#82,#83);
#81 = CARTESIAN_POINT('',(-234.6199967142,-337.8205859377,524.3204359142
    ));
#82 = DIRECTION('',(-0.,1.,0.));
#83 = DIRECTION('',(0.,0.,1.));
#84 = DEFINITIONAL_REPRESENTATION('',(#85),#89);
#85 = ELLIPSE('',#86,51.763809020504,50.);
#86 = AXIS2_PLACEMENT_2D('',#87,#88);
#87 = CARTESIAN_POINT('',(14.945924496258,21.));
#88 = DIRECTION('',(1.,-3.897581636578E-16));
#89 = ( GEOMETRIC_REPRESENTATION_CONTEXT(2) 
PARAMETRIC_REPRESENTATION_CONTEXT() REPRESENTATION_CONTEXT('2D SPACE',''
  ) );
#90 = PCURVE('',#91,#96);
#91 = CYLINDRICAL_SURFACE('',#92,50.);
#92 = AXIS2_PLACEMENT_3D('',#93,#94,#95);
#93 = CARTESIAN_POINT('',(-213.6199967142,-145.3127531094,
    487.68404206743));
#94 = DIRECTION('',(-1.008768357388E-16,-0.965925826289,0.258819045103)
  );
#95 = DIRECTION('',(-8.06002386259E-34,-0.258819045103,-0.965925826289)
  );
#96 = DEFINITIONAL_REPRESENTATION('',(#97),#114);
#97 = B_SPLINE_CURVE_WITH_KNOTS('',8,(#98,#99,#100,#101,#102,#103,#104,
    #105,#106,#107,#108,#109,#110,#111,#112,#113),.UNSPECIFIED.,.F.,.F.,
  (9,7,9),(5.666909619942,6.988914626368,8.310919632794),.UNSPECIFIED.);
#98 = CARTESIAN_POINT('',(3.757868340827,210.23159346332));
#99 = CARTESIAN_POINT('',(3.592617715024,211.51124996639));
#100 = CARTESIAN_POINT('',(3.427367089219,212.4497054228));
#101 = CARTESIAN_POINT('',(3.262116463413,212.99371095314));
#102 = CARTESIAN_POINT('',(3.096865837611,213.10989512925));
#103 = CARTESIAN_POINT('',(2.931615211807,212.78941526093));
#104 = CARTESIAN_POINT('',(2.766364586007,212.04972507203));
#105 = CARTESIAN_POINT('',(2.601113960204,210.93203568282));
#106 = CARTESIAN_POINT('',(2.270612708598,208.06016274542));
#107 = CARTESIAN_POINT('',(2.105362082795,206.30597830186));
#108 = CARTESIAN_POINT('',(1.940111456992,204.29330421271));
#109 = CARTESIAN_POINT('',(1.774860831188,202.10041155132));
#110 = CARTESIAN_POINT('',(1.609610205385,199.81895315417));
#111 = CARTESIAN_POINT('',(1.444359579582,197.54586940957));
#112 = CARTESIAN_POINT('',(1.279108953779,195.37458910878));
#113 = CARTESIAN_POINT('',(1.113858327975,193.38778365261));
#114 = ( GEOMETRIC_REPRESENTATION_CONTEXT(2) 
PARAMETRIC_REPRESENTATION_CONTEXT() REPRESENTATION_CONTEXT('2D SPACE',''
  ) );
#115 = ORIENTED_EDGE('',*,*,#116,.T.);
#116 = EDGE_CURVE('',#68,#117,#119,.T.);
#117 = VERTEX_POINT('',#118);
#118 = CARTESIAN_POINT('',(-234.6199967142,-337.8205859377,
    591.03016943096));
#119 = SURFACE_CURVE('',#120,(#124,#131),.PCURVE_S1.);
#120 = LINE('',#121,#122);
#121 = CARTESIAN_POINT('',(-234.6199967142,-337.8205859377,
    524.3204359142));
#122 = VECTOR('',#123,1.);
#123 = DIRECTION('',(0.,0.,1.));
#124 = PCURVE('',#79,#125);
#125 = DEFINITIONAL_REPRESENTATION('',(#126),#130);
#126 = LINE('',#127,#128);
#127 = CARTESIAN_POINT('',(0.,0.));
#128 = VECTOR('',#129,1.);
#129 = DIRECTION('',(1.,0.));
#130 = ( GEOMETRIC_REPRESENTATION_CONTEXT(2) 
PARAMETRIC_REPRESENTATION_CONTEXT() REPRESENTATION_CONTEXT('2D SPACE',''
  ) );
#131 = PCURVE('',#132,#137);
#132 = PLANE('',#133);
#133 = AXIS2_PLACEMENT_3D('',#134,#135,#136);
#134 = CARTESIAN_POINT('',(-234.6199967142,-377.8535923895,
    524.3204359142));
#135 = DIRECTION('',(1.,0.,-0.));
#136 = DIRECTION('',(0.,0.,1.));
#137 = DEFINITIONAL_REPRESENTATION('',(#138),#142);
#138 = LINE('',#139,#140);
#139 = CARTESIAN_POINT('',(0.,-40.03300645177));
#140 = VECTOR('',#141,1.);
#141 = DIRECTION('',(1.,0.));
#142 = ( GEOMETRIC_REPRESENTATION_CONTEXT(2) 
PARAMETRIC_REPRESENTATION_CONTEXT() REPRESENTATION_CONTEXT('2D SPACE',''
  ) );
#143 = ORIENTED_EDGE('',*,*,#144,.T.);
#144 = EDGE_CURVE('',#117,#70,#145,.T.);
#145 = SURFACE_CURVE('',#146,(#150,#156),.PCURVE_S1.);
#146 = LINE('',#147,#148);
#147 = CARTESIAN_POINT('',(-395.6199967142,-337.8205859377,
    591.03016943096));
#148 = VECTOR('',#149,1.);
#149 = DIRECTION('',(1.,0.,-1.223471352533E-16));
#150 = PCURVE('',#79,#151);
#151 = DEFINITIONAL_REPRESENTATION('',(#152),#155);
#152 = B_SPLINE_CURVE_WITH_KNOTS('',1,(#153,#154),.UNSPECIFIED.,.F.,.F.,
  (2,2),(161.,232.),.PIECEWISE_BEZIER_KNOTS.);
#153 = CARTESIAN_POINT('',(66.709733516762,0.));
#154 = CARTESIAN_POINT('',(66.709733516762,71.));
#155 = ( GEOMETRIC_REPRESENTATION_CONTEXT(2) 
PARAMETRIC_REPRESENTATION_CONTEXT() REPRESENTATION_CONTEXT('2D SPACE',''
  ) );
#156 = PCURVE('',#157,#162);
#157 = PLANE('',#158);
#158 = AXIS2_PLACEMENT_3D('',#159,#160,#161);
#159 = CARTESIAN_POINT('',(-556.6199967142,-349.6842892429,
    594.20903915082));
#160 = DIRECTION('',(-1.181782577136E-16,-0.258819045103,-0.965925826289
    ));
#161 = DIRECTION('',(-2.791962221888E-33,-0.965925826289,0.258819045103)
  );
#162 = DEFINITIONAL_REPRESENTATION('',(#163),#166);
#163 = B_SPLINE_CURVE_WITH_KNOTS('',1,(#164,#165),.UNSPECIFIED.,.F.,.F.,
  (2,2),(161.,232.),.PIECEWISE_BEZIER_KNOTS.);
#164 = CARTESIAN_POINT('',(-12.28220944328,-322.));
#165 = CARTESIAN_POINT('',(-12.28220944328,-393.));
#166 = ( GEOMETRIC_REPRESENTATION_CONTEXT(2) 
PARAMETRIC_REPRESENTATION_CONTEXT() REPRESENTATION_CONTEXT('2D SPACE',''
  ) );
#167 = ADVANCED_FACE('',(#168),#91,.F.);
#168 = FACE_BOUND('',#169,.F.);
#169 = EDGE_LOOP('',(#170,#171,#192,#218,#244,#286));
#170 = ORIENTED_EDGE('',*,*,#67,.F.);
#171 = ORIENTED_EDGE('',*,*,#172,.T.);
#172 = EDGE_CURVE('',#68,#173,#175,.T.);
#173 = VERTEX_POINT('',#174);
#174 = CARTESIAN_POINT('',(-234.6199967142,-338.8727519069,
    586.52519185196));
#175 = SURFACE_CURVE('',#176,(#180,#186),.PCURVE_S1.);
#176 = LINE('',#177,#178);
#177 = CARTESIAN_POINT('',(-234.6199967142,-133.5685270044,
    531.51409058664));
#178 = VECTOR('',#179,1.);
#179 = DIRECTION('',(-1.008768357388E-16,-0.965925826289,0.258819045103)
  );
#180 = PCURVE('',#91,#181);
#181 = DEFINITIONAL_REPRESENTATION('',(#182),#185);
#182 = B_SPLINE_CURVE_WITH_KNOTS('',1,(#183,#184),.UNSPECIFIED.,.F.,.F.,
  (2,2),(207.31276961238,257.04703122405),.PIECEWISE_BEZIER_KNOTS.);
#183 = CARTESIAN_POINT('',(3.57503797366,207.31276961238));
#184 = CARTESIAN_POINT('',(3.57503797366,257.04703122405));
#185 = ( GEOMETRIC_REPRESENTATION_CONTEXT(2) 
PARAMETRIC_REPRESENTATION_CONTEXT() REPRESENTATION_CONTEXT('2D SPACE',''
  ) );
#186 = PCURVE('',#132,#187);
#187 = DEFINITIONAL_REPRESENTATION('',(#188),#191);
#188 = B_SPLINE_CURVE_WITH_KNOTS('',1,(#189,#190),.UNSPECIFIED.,.F.,.F.,
  (2,2),(207.31276961238,257.04703122405),.PIECEWISE_BEZIER_KNOTS.);
#189 = CARTESIAN_POINT('',(60.850147741078,-44.03630709694));
#190 = CARTESIAN_POINT('',(73.722321840289,4.003300645177));
#191 = ( GEOMETRIC_REPRESENTATION_CONTEXT(2) 
PARAMETRIC_REPRESENTATION_CONTEXT() REPRESENTATION_CONTEXT('2D SPACE',''
  ) );
#192 = ORIENTED_EDGE('',*,*,#193,.T.);
#193 = EDGE_CURVE('',#173,#194,#196,.T.);
#194 = VERTEX_POINT('',#195);
#195 = CARTESIAN_POINT('',(-234.6199967142,-356.6765703508,
    591.29571062619));
#196 = SURFACE_CURVE('',#197,(#201,#207),.PCURVE_S1.);
#197 = LINE('',#198,#199);
#198 = CARTESIAN_POINT('',(-234.6199967142,-133.5685270044,
    531.51409058664));
#199 = VECTOR('',#200,1.);
#200 = DIRECTION('',(-1.008768357388E-16,-0.965925826289,0.258819045103)
  );
#201 = PCURVE('',#91,#202);
#202 = DEFINITIONAL_REPRESENTATION('',(#203),#206);
#203 = B_SPLINE_CURVE_WITH_KNOTS('',1,(#204,#205),.UNSPECIFIED.,.F.,.F.,
  (2,2),(207.31276961238,257.04703122405),.PIECEWISE_BEZIER_KNOTS.);
#204 = CARTESIAN_POINT('',(3.57503797366,207.31276961238));
#205 = CARTESIAN_POINT('',(3.57503797366,257.04703122405));
#206 = ( GEOMETRIC_REPRESENTATION_CONTEXT(2) 
PARAMETRIC_REPRESENTATION_CONTEXT() REPRESENTATION_CONTEXT('2D SPACE',''
  ) );
#207 = PCURVE('',#208,#213);
#208 = PLANE('',#209);
#209 = AXIS2_PLACEMENT_3D('',#210,#211,#212);
#210 = CARTESIAN_POINT('',(-234.6199967142,-377.8535923895,
    524.3204359142));
#211 = DIRECTION('',(1.,0.,-0.));
#212 = DIRECTION('',(0.,0.,1.));
#213 = DEFINITIONAL_REPRESENTATION('',(#214),#217);
#214 = B_SPLINE_CURVE_WITH_KNOTS('',1,(#215,#216),.UNSPECIFIED.,.F.,.F.,
  (2,2),(207.31276961238,257.04703122405),.PIECEWISE_BEZIER_KNOTS.);
#215 = CARTESIAN_POINT('',(60.850147741078,-44.03630709694));
#216 = CARTESIAN_POINT('',(73.722321840289,4.003300645177));
#217 = ( GEOMETRIC_REPRESENTATION_CONTEXT(2) 
PARAMETRIC_REPRESENTATION_CONTEXT() REPRESENTATION_CONTEXT('2D SPACE',''
  ) );
#218 = ORIENTED_EDGE('',*,*,#219,.T.);
#219 = EDGE_CURVE('',#194,#220,#222,.T.);
#220 = VERTEX_POINT('',#221);
#221 = CARTESIAN_POINT('',(-234.6199967142,-377.8535923895,
    596.97007657955));
#222 = SURFACE_CURVE('',#223,(#227,#233),.PCURVE_S1.);
#223 = LINE('',#224,#225);
#224 = CARTESIAN_POINT('',(-234.6199967142,-133.5685270044,
    531.51409058664));
#225 = VECTOR('',#226,1.);
#226 = DIRECTION('',(-1.008768357388E-16,-0.965925826289,0.258819045103)
  );
#227 = PCURVE('',#91,#228);
#228 = DEFINITIONAL_REPRESENTATION('',(#229),#232);
#229 = B_SPLINE_CURVE_WITH_KNOTS('',1,(#230,#231),.UNSPECIFIED.,.F.,.F.,
  (2,2),(207.31276961238,257.04703122405),.PIECEWISE_BEZIER_KNOTS.);
#230 = CARTESIAN_POINT('',(3.57503797366,207.31276961238));
#231 = CARTESIAN_POINT('',(3.57503797366,257.04703122405));
#232 = ( GEOMETRIC_REPRESENTATION_CONTEXT(2) 
PARAMETRIC_REPRESENTATION_CONTEXT() REPRESENTATION_CONTEXT('2D SPACE',''
  ) );
#233 = PCURVE('',#234,#239);
#234 = PLANE('',#235);
#235 = AXIS2_PLACEMENT_3D('',#236,#237,#238);
#236 = CARTESIAN_POINT('',(-234.6199967142,-377.8535923895,
    524.3204359142));
#237 = DIRECTION('',(1.,0.,-0.));
#238 = DIRECTION('',(0.,0.,1.));
#239 = DEFINITIONAL_REPRESENTATION('',(#240),#243);
#240 = B_SPLINE_CURVE_WITH_KNOTS('',1,(#241,#242),.UNSPECIFIED.,.F.,.F.,
  (2,2),(207.31276961238,257.04703122405),.PIECEWISE_BEZIER_KNOTS.);
#241 = CARTESIAN_POINT('',(60.850147741078,-44.03630709694));
#242 = CARTESIAN_POINT('',(73.722321840289,4.003300645177));
#243 = ( GEOMETRIC_REPRESENTATION_CONTEXT(2) 
PARAMETRIC_REPRESENTATION_CONTEXT() REPRESENTATION_CONTEXT('2D SPACE',''
  ) );
#244 = ORIENTED_EDGE('',*,*,#245,.T.);
#245 = EDGE_CURVE('',#220,#246,#248,.T.);
#246 = VERTEX_POINT('',#247);
#247 = CARTESIAN_POINT('',(-213.6199967142,-377.8535923895,
    601.7569811803));
#248 = SURFACE_CURVE('',#249,(#254,#274),.PCURVE_S1.);
#249 = ELLIPSE('',#250,51.763809020504,50.);
#250 = AXIS2_PLACEMENT_3D('',#251,#252,#253);
#251 = CARTESIAN_POINT('',(-213.6199967142,-377.8535923895,
    549.9931721598));
#252 = DIRECTION('',(-0.,1.,0.));
#253 = DIRECTION('',(-3.897581636578E-16,-0.,1.));
#254 = PCURVE('',#91,#255);
#255 = DEFINITIONAL_REPRESENTATION('',(#256),#273);
#256 = B_SPLINE_CURVE_WITH_KNOTS('',8,(#257,#258,#259,#260,#261,#262,
    #263,#264,#265,#266,#267,#268,#269,#270,#271,#272),.UNSPECIFIED.,.F.
  ,.F.,(9,7,9),(5.666909619942,7.113204724782,8.559499829622),
  .UNSPECIFIED.);
#257 = CARTESIAN_POINT('',(3.757868340827,251.67681147304));
#258 = CARTESIAN_POINT('',(3.577081452722,253.0767766224));
#259 = CARTESIAN_POINT('',(3.396294564615,254.06836783894));
#260 = CARTESIAN_POINT('',(3.215507676511,254.58186137076));
#261 = CARTESIAN_POINT('',(3.034720788405,254.57600709339));
#262 = CARTESIAN_POINT('',(2.853933900303,254.04532087226));
#263 = CARTESIAN_POINT('',(2.673147012196,253.02242451714));
#264 = CARTESIAN_POINT('',(2.492360124092,251.57278492191));
#265 = CARTESIAN_POINT('',(2.130786347882,247.99805638289));
#266 = CARTESIAN_POINT('',(1.949999459777,245.87296685772));
#267 = CARTESIAN_POINT('',(1.769212571672,243.4991744787));
#268 = CARTESIAN_POINT('',(1.588425683567,240.98922723345));
#269 = CARTESIAN_POINT('',(1.407638795462,238.46997730137));
#270 = CARTESIAN_POINT('',(1.226851907357,236.06894413754));
#271 = CARTESIAN_POINT('',(1.046065019252,233.90057282532));
#272 = CARTESIAN_POINT('',(0.865278131147,232.05669848838));
#273 = ( GEOMETRIC_REPRESENTATION_CONTEXT(2) 
PARAMETRIC_REPRESENTATION_CONTEXT() REPRESENTATION_CONTEXT('2D SPACE',''
  ) );
#274 = PCURVE('',#275,#280);
#275 = PLANE('',#276);
#276 = AXIS2_PLACEMENT_3D('',#277,#278,#279);
#277 = CARTESIAN_POINT('',(-234.6199967142,-377.8535923895,
    524.3204359142));
#278 = DIRECTION('',(-0.,1.,0.));
#279 = DIRECTION('',(0.,0.,1.));
#280 = DEFINITIONAL_REPRESENTATION('',(#281),#285);
#281 = ELLIPSE('',#282,51.763809020504,50.);
#282 = AXIS2_PLACEMENT_2D('',#283,#284);
#283 = CARTESIAN_POINT('',(25.6727362456,21.));
#284 = DIRECTION('',(1.,-3.897581636578E-16));
#285 = ( GEOMETRIC_REPRESENTATION_CONTEXT(2) 
PARAMETRIC_REPRESENTATION_CONTEXT() REPRESENTATION_CONTEXT('2D SPACE',''
  ) );
#286 = ORIENTED_EDGE('',*,*,#287,.F.);
#287 = EDGE_CURVE('',#70,#246,#288,.T.);
#288 = SURFACE_CURVE('',#289,(#293,#299),.PCURVE_S1.);
#289 = LINE('',#290,#291);
#290 = CARTESIAN_POINT('',(-213.6199967142,-132.3718008542,
    535.98033338189));
#291 = VECTOR('',#292,1.);
#292 = DIRECTION('',(-1.008768357388E-16,-0.965925826289,0.258819045103)
  );
#293 = PCURVE('',#91,#294);
#294 = DEFINITIONAL_REPRESENTATION('',(#295),#298);
#295 = B_SPLINE_CURVE_WITH_KNOTS('',1,(#296,#297),.UNSPECIFIED.,.F.,.F.,
  (2,2),(208.55171169014,254.4949930088),.PIECEWISE_BEZIER_KNOTS.);
#296 = CARTESIAN_POINT('',(3.14159265359,208.55171169014));
#297 = CARTESIAN_POINT('',(3.14159265359,254.4949930088));
#298 = ( GEOMETRIC_REPRESENTATION_CONTEXT(2) 
PARAMETRIC_REPRESENTATION_CONTEXT() REPRESENTATION_CONTEXT('2D SPACE',''
  ) );
#299 = PCURVE('',#157,#300);
#300 = DEFINITIONAL_REPRESENTATION('',(#301),#304);
#301 = B_SPLINE_CURVE_WITH_KNOTS('',1,(#302,#303),.UNSPECIFIED.,.F.,.F.,
  (2,2),(208.55171169014,254.4949930088),.PIECEWISE_BEZIER_KNOTS.);
#302 = CARTESIAN_POINT('',(-16.42673124425,-343.));
#303 = CARTESIAN_POINT('',(29.516550074404,-343.));
#304 = ( GEOMETRIC_REPRESENTATION_CONTEXT(2) 
PARAMETRIC_REPRESENTATION_CONTEXT() REPRESENTATION_CONTEXT('2D SPACE',''
  ) );
#305 = ADVANCED_FACE('',(#306),#157,.F.);
#306 = FACE_BOUND('',#307,.F.);
#307 = EDGE_LOOP('',(#308,#329,#330,#331,#352,#373,#401,#424));
#308 = ORIENTED_EDGE('',*,*,#309,.F.);
#309 = EDGE_CURVE('',#117,#310,#312,.T.);
#310 = VERTEX_POINT('',#311);
#311 = CARTESIAN_POINT('',(-234.6199967142,-345.8205859377,
    593.17376297041));
#312 = SURFACE_CURVE('',#313,(#317,#323),.PCURVE_S1.);
#313 = LINE('',#314,#315);
#314 = CARTESIAN_POINT('',(-234.6199967142,-354.0893726579,
    595.38937769447));
#315 = VECTOR('',#316,1.);
#316 = DIRECTION('',(0.,-0.965925826289,0.258819045103));
#317 = PCURVE('',#157,#318);
#318 = DEFINITIONAL_REPRESENTATION('',(#319),#322);
#319 = B_SPLINE_CURVE_WITH_KNOTS('',1,(#320,#321),.UNSPECIFIED.,.F.,.F.,
  (2,2),(-16.84268737559,24.602530634126),.PIECEWISE_BEZIER_KNOTS.);
#320 = CARTESIAN_POINT('',(-12.28220944328,-322.));
#321 = CARTESIAN_POINT('',(29.163008566442,-322.));
#322 = ( GEOMETRIC_REPRESENTATION_CONTEXT(2) 
PARAMETRIC_REPRESENTATION_CONTEXT() REPRESENTATION_CONTEXT('2D SPACE',''
  ) );
#323 = PCURVE('',#132,#324);
#324 = DEFINITIONAL_REPRESENTATION('',(#325),#328);
#325 = B_SPLINE_CURVE_WITH_KNOTS('',1,(#326,#327),.UNSPECIFIED.,.F.,.F.,
  (2,2),(-16.84268737559,24.602530634126),.PIECEWISE_BEZIER_KNOTS.);
#326 = CARTESIAN_POINT('',(66.709733516762,-40.03300645177));
#327 = CARTESIAN_POINT('',(77.436545266105,-2.842896352009E-15));
#328 = ( GEOMETRIC_REPRESENTATION_CONTEXT(2) 
PARAMETRIC_REPRESENTATION_CONTEXT() REPRESENTATION_CONTEXT('2D SPACE',''
  ) );
#329 = ORIENTED_EDGE('',*,*,#144,.T.);
#330 = ORIENTED_EDGE('',*,*,#287,.T.);
#331 = ORIENTED_EDGE('',*,*,#332,.F.);
#332 = EDGE_CURVE('',#333,#246,#335,.T.);
#333 = VERTEX_POINT('',#334);
#334 = CARTESIAN_POINT('',(-234.6199967142,-377.8535923895,
    601.7569811803));
#335 = SURFACE_CURVE('',#336,(#340,#346),.PCURVE_S1.);
#336 = LINE('',#337,#338);
#337 = CARTESIAN_POINT('',(-395.6199967142,-377.8535923895,
    601.7569811803));
#338 = VECTOR('',#339,1.);
#339 = DIRECTION('',(1.,0.,-1.223471352533E-16));
#340 = PCURVE('',#157,#341);
#341 = DEFINITIONAL_REPRESENTATION('',(#342),#345);
#342 = B_SPLINE_CURVE_WITH_KNOTS('',1,(#343,#344),.UNSPECIFIED.,.F.,.F.,
  (2,2),(161.,232.),.PIECEWISE_BEZIER_KNOTS.);
#343 = CARTESIAN_POINT('',(29.163008566442,-322.));
#344 = CARTESIAN_POINT('',(29.163008566442,-393.));
#345 = ( GEOMETRIC_REPRESENTATION_CONTEXT(2) 
PARAMETRIC_REPRESENTATION_CONTEXT() REPRESENTATION_CONTEXT('2D SPACE',''
  ) );
#346 = PCURVE('',#275,#347);
#347 = DEFINITIONAL_REPRESENTATION('',(#348),#351);
#348 = B_SPLINE_CURVE_WITH_KNOTS('',1,(#349,#350),.UNSPECIFIED.,.F.,.F.,
  (2,2),(161.,232.),.PIECEWISE_BEZIER_KNOTS.);
#349 = CARTESIAN_POINT('',(77.436545266105,0.));
#350 = CARTESIAN_POINT('',(77.436545266105,71.));
#351 = ( GEOMETRIC_REPRESENTATION_CONTEXT(2) 
PARAMETRIC_REPRESENTATION_CONTEXT() REPRESENTATION_CONTEXT('2D SPACE',''
  ) );
#352 = ORIENTED_EDGE('',*,*,#353,.F.);
#353 = EDGE_CURVE('',#354,#333,#356,.T.);
#354 = VERTEX_POINT('',#355);
#355 = CARTESIAN_POINT('',(-234.6199967142,-353.547992548,
    595.24431533123));
#356 = SURFACE_CURVE('',#357,(#361,#367),.PCURVE_S1.);
#357 = LINE('',#358,#359);
#358 = CARTESIAN_POINT('',(-234.6199967142,-354.0893726579,
    595.38937769447));
#359 = VECTOR('',#360,1.);
#360 = DIRECTION('',(0.,-0.965925826289,0.258819045103));
#361 = PCURVE('',#157,#362);
#362 = DEFINITIONAL_REPRESENTATION('',(#363),#366);
#363 = B_SPLINE_CURVE_WITH_KNOTS('',1,(#364,#365),.UNSPECIFIED.,.F.,.F.,
  (2,2),(-16.84268737559,24.602530634126),.PIECEWISE_BEZIER_KNOTS.);
#364 = CARTESIAN_POINT('',(-12.28220944328,-322.));
#365 = CARTESIAN_POINT('',(29.163008566442,-322.));
#366 = ( GEOMETRIC_REPRESENTATION_CONTEXT(2) 
PARAMETRIC_REPRESENTATION_CONTEXT() REPRESENTATION_CONTEXT('2D SPACE',''
  ) );
#367 = PCURVE('',#234,#368);
#368 = DEFINITIONAL_REPRESENTATION('',(#369),#372);
#369 = B_SPLINE_CURVE_WITH_KNOTS('',1,(#370,#371),.UNSPECIFIED.,.F.,.F.,
  (2,2),(-16.84268737559,24.602530634126),.PIECEWISE_BEZIER_KNOTS.);
#370 = CARTESIAN_POINT('',(66.709733516762,-40.03300645177));
#371 = CARTESIAN_POINT('',(77.436545266105,-2.842896352009E-15));
#372 = ( GEOMETRIC_REPRESENTATION_CONTEXT(2) 
PARAMETRIC_REPRESENTATION_CONTEXT() REPRESENTATION_CONTEXT('2D SPACE',''
  ) );
#373 = ORIENTED_EDGE('',*,*,#374,.F.);
#374 = EDGE_CURVE('',#375,#354,#377,.T.);
#375 = VERTEX_POINT('',#376);
#376 = CARTESIAN_POINT('',(-226.6199967142,-353.547992548,
    595.24431533123));
#377 = SURFACE_CURVE('',#378,(#382,#389),.PCURVE_S1.);
#378 = LINE('',#379,#380);
#379 = CARTESIAN_POINT('',(-391.6199967142,-353.547992548,
    595.24431533123));
#380 = VECTOR('',#381,1.);
#381 = DIRECTION('',(-1.,1.224646799147E-16,6.728624391668E-17));
#382 = PCURVE('',#157,#383);
#383 = DEFINITIONAL_REPRESENTATION('',(#384),#388);
#384 = LINE('',#385,#386);
#385 = CARTESIAN_POINT('',(4.,-165.));
#386 = VECTOR('',#387,1.);
#387 = DIRECTION('',(-1.008768357388E-16,1.));
#388 = ( GEOMETRIC_REPRESENTATION_CONTEXT(2) 
PARAMETRIC_REPRESENTATION_CONTEXT() REPRESENTATION_CONTEXT('2D SPACE',''
  ) );
#389 = PCURVE('',#390,#395);
#390 = PLANE('',#391);
#391 = AXIS2_PLACEMENT_3D('',#392,#393,#394);
#392 = CARTESIAN_POINT('',(-226.6199967142,-336.1613276748,
    590.58557251938));
#393 = DIRECTION('',(9.668971226742E-17,0.258819045103,0.965925826289));
#394 = DIRECTION('',(-1.,1.224646799147E-16,6.728624391668E-17));
#395 = DEFINITIONAL_REPRESENTATION('',(#396),#400);
#396 = LINE('',#397,#398);
#397 = CARTESIAN_POINT('',(165.,18.000000000001));
#398 = VECTOR('',#399,1.);
#399 = DIRECTION('',(1.,-5.783360729246E-32));
#400 = ( GEOMETRIC_REPRESENTATION_CONTEXT(2) 
PARAMETRIC_REPRESENTATION_CONTEXT() REPRESENTATION_CONTEXT('2D SPACE',''
  ) );
#401 = ORIENTED_EDGE('',*,*,#402,.F.);
#402 = EDGE_CURVE('',#403,#375,#405,.T.);
#403 = VERTEX_POINT('',#404);
#404 = CARTESIAN_POINT('',(-226.6199967142,-345.8205859377,
    593.17376297041));
#405 = SURFACE_CURVE('',#406,(#410,#417),.PCURVE_S1.);
#406 = LINE('',#407,#408);
#407 = CARTESIAN_POINT('',(-226.6199967142,-336.1613276748,
    590.58557251938));
#408 = VECTOR('',#409,1.);
#409 = DIRECTION('',(-1.008768357388E-16,-0.965925826289,0.258819045103)
  );
#410 = PCURVE('',#157,#411);
#411 = DEFINITIONAL_REPRESENTATION('',(#412),#416);
#412 = LINE('',#413,#414);
#413 = CARTESIAN_POINT('',(-14.,-330.));
#414 = VECTOR('',#415,1.);
#415 = DIRECTION('',(1.,1.008768357388E-16));
#416 = ( GEOMETRIC_REPRESENTATION_CONTEXT(2) 
PARAMETRIC_REPRESENTATION_CONTEXT() REPRESENTATION_CONTEXT('2D SPACE',''
  ) );
#417 = PCURVE('',#390,#418);
#418 = DEFINITIONAL_REPRESENTATION('',(#419),#423);
#419 = LINE('',#420,#421);
#420 = CARTESIAN_POINT('',(0.,0.));
#421 = VECTOR('',#422,1.);
#422 = DIRECTION('',(8.574770054038E-31,1.));
#423 = ( GEOMETRIC_REPRESENTATION_CONTEXT(2) 
PARAMETRIC_REPRESENTATION_CONTEXT() REPRESENTATION_CONTEXT('2D SPACE',''
  ) );
#424 = ORIENTED_EDGE('',*,*,#425,.F.);
#425 = EDGE_CURVE('',#310,#403,#426,.T.);
#426 = SURFACE_CURVE('',#427,(#431,#438),.PCURVE_S1.);
#427 = LINE('',#428,#429);
#428 = CARTESIAN_POINT('',(-391.6199967142,-345.8205859377,
    593.17376297041));
#429 = VECTOR('',#430,1.);
#430 = DIRECTION('',(1.,-1.224646799147E-16,-6.728624391668E-17));
#431 = PCURVE('',#157,#432);
#432 = DEFINITIONAL_REPRESENTATION('',(#433),#437);
#433 = LINE('',#434,#435);
#434 = CARTESIAN_POINT('',(-4.,-165.));
#435 = VECTOR('',#436,1.);
#436 = DIRECTION('',(1.008768357388E-16,-1.));
#437 = ( GEOMETRIC_REPRESENTATION_CONTEXT(2) 
PARAMETRIC_REPRESENTATION_CONTEXT() REPRESENTATION_CONTEXT('2D SPACE',''
  ) );
#438 = PCURVE('',#390,#439);
#439 = DEFINITIONAL_REPRESENTATION('',(#440),#444);
#440 = LINE('',#441,#442);
#441 = CARTESIAN_POINT('',(165.,10.000000000001));
#442 = VECTOR('',#443,1.);
#443 = DIRECTION('',(-1.,5.783360729246E-32));
#444 = ( GEOMETRIC_REPRESENTATION_CONTEXT(2) 
PARAMETRIC_REPRESENTATION_CONTEXT() REPRESENTATION_CONTEXT('2D SPACE',''
  ) );
#445 = ADVANCED_FACE('',(#446),#132,.F.);
#446 = FACE_BOUND('',#447,.F.);
#447 = EDGE_LOOP('',(#448,#449,#450,#451));
#448 = ORIENTED_EDGE('',*,*,#172,.F.);
#449 = ORIENTED_EDGE('',*,*,#116,.T.);
#450 = ORIENTED_EDGE('',*,*,#309,.T.);
#451 = ORIENTED_EDGE('',*,*,#452,.F.);
#452 = EDGE_CURVE('',#173,#310,#453,.T.);
#453 = SURFACE_CURVE('',#454,(#459,#466),.PCURVE_S1.);
#454 = CIRCLE('',#455,10.);
#455 = AXIS2_PLACEMENT_3D('',#456,#457,#458);
#456 = CARTESIAN_POINT('',(-234.6199967142,-348.4087763887,
    583.51450470752));
#457 = DIRECTION('',(1.,-1.224646799147E-16,-6.728624391668E-17));
#458 = DIRECTION('',(1.397006458308E-16,0.866025403784,0.5));
#459 = PCURVE('',#132,#460);
#460 = DEFINITIONAL_REPRESENTATION('',(#461),#465);
#461 = CIRCLE('',#462,10.);
#462 = AXIS2_PLACEMENT_2D('',#463,#464);
#463 = CARTESIAN_POINT('',(59.194068793321,-29.44481600074));
#464 = DIRECTION('',(0.5,-0.866025403784));
#465 = ( GEOMETRIC_REPRESENTATION_CONTEXT(2) 
PARAMETRIC_REPRESENTATION_CONTEXT() REPRESENTATION_CONTEXT('2D SPACE',''
  ) );
#466 = PCURVE('',#467,#472);
#467 = CYLINDRICAL_SURFACE('',#468,10.);
#468 = AXIS2_PLACEMENT_3D('',#469,#470,#471);
#469 = CARTESIAN_POINT('',(-391.6199967142,-348.4087763887,
    583.51450470752));
#470 = DIRECTION('',(1.,-1.224646799147E-16,-6.728624391668E-17));
#471 = DIRECTION('',(1.397006458308E-16,0.866025403784,0.5));
#472 = DEFINITIONAL_REPRESENTATION('',(#473),#477);
#473 = LINE('',#474,#475);
#474 = CARTESIAN_POINT('',(-6.28318530718,157.));
#475 = VECTOR('',#476,1.);
#476 = DIRECTION('',(1.,0.));
#477 = ( GEOMETRIC_REPRESENTATION_CONTEXT(2) 
PARAMETRIC_REPRESENTATION_CONTEXT() REPRESENTATION_CONTEXT('2D SPACE',''
  ) );
#478 = ADVANCED_FACE('',(#479),#275,.F.);
#479 = FACE_BOUND('',#480,.F.);
#480 = EDGE_LOOP('',(#481,#482,#503));
#481 = ORIENTED_EDGE('',*,*,#245,.F.);
#482 = ORIENTED_EDGE('',*,*,#483,.T.);
#483 = EDGE_CURVE('',#220,#333,#484,.T.);
#484 = SURFACE_CURVE('',#485,(#489,#496),.PCURVE_S1.);
#485 = LINE('',#486,#487);
#486 = CARTESIAN_POINT('',(-234.6199967142,-377.8535923895,
    524.3204359142));
#487 = VECTOR('',#488,1.);
#488 = DIRECTION('',(0.,0.,1.));
#489 = PCURVE('',#275,#490);
#490 = DEFINITIONAL_REPRESENTATION('',(#491),#495);
#491 = LINE('',#492,#493);
#492 = CARTESIAN_POINT('',(0.,0.));
#493 = VECTOR('',#494,1.);
#494 = DIRECTION('',(1.,0.));
#495 = ( GEOMETRIC_REPRESENTATION_CONTEXT(2) 
PARAMETRIC_REPRESENTATION_CONTEXT() REPRESENTATION_CONTEXT('2D SPACE',''
  ) );
#496 = PCURVE('',#234,#497);
#497 = DEFINITIONAL_REPRESENTATION('',(#498),#502);
#498 = LINE('',#499,#500);
#499 = CARTESIAN_POINT('',(0.,0.));
#500 = VECTOR('',#501,1.);
#501 = DIRECTION('',(1.,0.));
#502 = ( GEOMETRIC_REPRESENTATION_CONTEXT(2) 
PARAMETRIC_REPRESENTATION_CONTEXT() REPRESENTATION_CONTEXT('2D SPACE',''
  ) );
#503 = ORIENTED_EDGE('',*,*,#332,.T.);
#504 = ADVANCED_FACE('',(#505),#234,.F.);
#505 = FACE_BOUND('',#506,.F.);
#506 = EDGE_LOOP('',(#507,#508,#509,#535,#566));
#507 = ORIENTED_EDGE('',*,*,#483,.F.);
#508 = ORIENTED_EDGE('',*,*,#219,.F.);
#509 = ORIENTED_EDGE('',*,*,#510,.F.);
#510 = EDGE_CURVE('',#511,#194,#513,.T.);
#511 = VERTEX_POINT('',#512);
#512 = CARTESIAN_POINT('',(-234.6199967142,-355.9974822908,
    593.83010176886));
#513 = SURFACE_CURVE('',#514,(#518,#524),.PCURVE_S1.);
#514 = LINE('',#515,#516);
#515 = CARTESIAN_POINT('',(-234.6199967142,-403.0764024664,
    418.12917970812));
#516 = VECTOR('',#517,1.);
#517 = DIRECTION('',(0.,-0.258819045103,-0.965925826289));
#518 = PCURVE('',#234,#519);
#519 = DEFINITIONAL_REPRESENTATION('',(#520),#523);
#520 = B_SPLINE_CURVE_WITH_KNOTS('',1,(#521,#522),.UNSPECIFIED.,.F.,.F.,
  (2,2),(-181.8989794855,-109.9372781179),.PIECEWISE_BEZIER_KNOTS.);
#521 = CARTESIAN_POINT('',(69.509665854659,-21.85611009867));
#522 = CARTESIAN_POINT('',(-6.863300521344E-16,-3.231051266764));
#523 = ( GEOMETRIC_REPRESENTATION_CONTEXT(2) 
PARAMETRIC_REPRESENTATION_CONTEXT() REPRESENTATION_CONTEXT('2D SPACE',''
  ) );
#524 = PCURVE('',#525,#530);
#525 = PLANE('',#526);
#526 = AXIS2_PLACEMENT_3D('',#527,#528,#529);
#527 = CARTESIAN_POINT('',(-556.6199967142,-431.3138244156,
    312.74568631874));
#528 = DIRECTION('',(1.008768357388E-16,0.965925826289,-0.258819045103)
  );
#529 = DIRECTION('',(-1.,1.050497185157E-16,2.292723163573E-18));
#530 = DEFINITIONAL_REPRESENTATION('',(#531),#534);
#531 = B_SPLINE_CURVE_WITH_KNOTS('',1,(#532,#533),.UNSPECIFIED.,.F.,.F.,
  (2,2),(-181.8989794855,-109.9372781179),.PIECEWISE_BEZIER_KNOTS.);
#532 = CARTESIAN_POINT('',(-322.,291.));
#533 = CARTESIAN_POINT('',(-322.,219.0382986324));
#534 = ( GEOMETRIC_REPRESENTATION_CONTEXT(2) 
PARAMETRIC_REPRESENTATION_CONTEXT() REPRESENTATION_CONTEXT('2D SPACE',''
  ) );
#535 = ORIENTED_EDGE('',*,*,#536,.T.);
#536 = EDGE_CURVE('',#511,#354,#537,.T.);
#537 = SURFACE_CURVE('',#538,(#543,#554),.PCURVE_S1.);
#538 = CIRCLE('',#539,2.);
#539 = AXIS2_PLACEMENT_3D('',#540,#541,#542);
#540 = CARTESIAN_POINT('',(-234.6199967142,-354.0656306382,
    593.31246367865));
#541 = DIRECTION('',(-1.,1.224646799147E-16,6.728624391668E-17));
#542 = DIRECTION('',(-2.960743400293E-18,-0.5,0.866025403784));
#543 = PCURVE('',#234,#544);
#544 = DEFINITIONAL_REPRESENTATION('',(#545),#553);
#545 = ( BOUNDED_CURVE() B_SPLINE_CURVE(2,(#546,#547,#548,#549,#550,#551
,#552),.UNSPECIFIED.,.T.,.F.) B_SPLINE_CURVE_WITH_KNOTS((1,2,2,2,2,1),(
    -2.094395102393,0.,2.094395102393,4.188790204786,6.28318530718,
8.377580409573),.UNSPECIFIED.) CURVE() GEOMETRIC_REPRESENTATION_ITEM() 
RATIONAL_B_SPLINE_CURVE((1.,0.5,1.,0.5,1.,0.5,1.)) REPRESENTATION_ITEM(
  '') );
#546 = CARTESIAN_POINT('',(70.724078572023,-22.78796175125));
#547 = CARTESIAN_POINT('',(72.456129379592,-25.78796175125));
#548 = CARTESIAN_POINT('',(68.992027764454,-25.78796175125));
#549 = CARTESIAN_POINT('',(65.527926149316,-25.78796175125));
#550 = CARTESIAN_POINT('',(67.259976956885,-22.78796175125));
#551 = CARTESIAN_POINT('',(68.992027764454,-19.78796175125));
#552 = CARTESIAN_POINT('',(70.724078572023,-22.78796175125));
#553 = ( GEOMETRIC_REPRESENTATION_CONTEXT(2) 
PARAMETRIC_REPRESENTATION_CONTEXT() REPRESENTATION_CONTEXT('2D SPACE',''
  ) );
#554 = PCURVE('',#555,#560);
#555 = CYLINDRICAL_SURFACE('',#556,2.);
#556 = AXIS2_PLACEMENT_3D('',#557,#558,#559);
#557 = CARTESIAN_POINT('',(-391.6199967142,-354.0656306382,
    593.31246367865));
#558 = DIRECTION('',(-1.,1.224646799147E-16,6.728624391668E-17));
#559 = DIRECTION('',(-2.960743400293E-18,-0.5,0.866025403784));
#560 = DEFINITIONAL_REPRESENTATION('',(#561),#565);
#561 = LINE('',#562,#563);
#562 = CARTESIAN_POINT('',(-6.28318530718,-157.));
#563 = VECTOR('',#564,1.);
#564 = DIRECTION('',(1.,0.));
#565 = ( GEOMETRIC_REPRESENTATION_CONTEXT(2) 
PARAMETRIC_REPRESENTATION_CONTEXT() REPRESENTATION_CONTEXT('2D SPACE',''
  ) );
#566 = ORIENTED_EDGE('',*,*,#353,.T.);
#567 = ADVANCED_FACE('',(#568),#208,.T.);
#568 = FACE_BOUND('',#569,.T.);
#569 = EDGE_LOOP('',(#570,#571,#592,#621,#647,#680,#706));
#570 = ORIENTED_EDGE('',*,*,#193,.T.);
#571 = ORIENTED_EDGE('',*,*,#572,.T.);
#572 = EDGE_CURVE('',#194,#573,#575,.T.);
#573 = VERTEX_POINT('',#574);
#574 = CARTESIAN_POINT('',(-234.6199967142,-358.3268536967,
    585.13676933226));
#575 = SURFACE_CURVE('',#576,(#580,#586),.PCURVE_S1.);
#576 = LINE('',#577,#578);
#577 = CARTESIAN_POINT('',(-234.6199967142,-403.0764024664,
    418.12917970812));
#578 = VECTOR('',#579,1.);
#579 = DIRECTION('',(0.,-0.258819045103,-0.965925826289));
#580 = PCURVE('',#208,#581);
#581 = DEFINITIONAL_REPRESENTATION('',(#582),#585);
#582 = B_SPLINE_CURVE_WITH_KNOTS('',1,(#583,#584),.UNSPECIFIED.,.F.,.F.,
  (2,2),(-181.8989794855,-109.9372781179),.PIECEWISE_BEZIER_KNOTS.);
#583 = CARTESIAN_POINT('',(69.509665854659,-21.85611009867));
#584 = CARTESIAN_POINT('',(-6.863300521344E-16,-3.231051266764));
#585 = ( GEOMETRIC_REPRESENTATION_CONTEXT(2) 
PARAMETRIC_REPRESENTATION_CONTEXT() REPRESENTATION_CONTEXT('2D SPACE',''
  ) );
#586 = PCURVE('',#525,#587);
#587 = DEFINITIONAL_REPRESENTATION('',(#588),#591);
#588 = B_SPLINE_CURVE_WITH_KNOTS('',1,(#589,#590),.UNSPECIFIED.,.F.,.F.,
  (2,2),(-181.8989794855,-109.9372781179),.PIECEWISE_BEZIER_KNOTS.);
#589 = CARTESIAN_POINT('',(-322.,291.));
#590 = CARTESIAN_POINT('',(-322.,219.0382986324));
#591 = ( GEOMETRIC_REPRESENTATION_CONTEXT(2) 
PARAMETRIC_REPRESENTATION_CONTEXT() REPRESENTATION_CONTEXT('2D SPACE',''
  ) );
#592 = ORIENTED_EDGE('',*,*,#593,.T.);
#593 = EDGE_CURVE('',#573,#594,#596,.T.);
#594 = VERTEX_POINT('',#595);
#595 = CARTESIAN_POINT('',(-234.6199967142,-356.9126401344,
    582.68727958947));
#596 = SURFACE_CURVE('',#597,(#602,#609),.PCURVE_S1.);
#597 = CIRCLE('',#598,2.);
#598 = AXIS2_PLACEMENT_3D('',#599,#600,#601);
#599 = CARTESIAN_POINT('',(-234.6199967142,-356.3950020442,
    584.61913124205));
#600 = DIRECTION('',(1.,-1.224646799147E-16,-6.728624391668E-17));
#601 = DIRECTION('',(-1.397006458308E-16,-0.866025403784,-0.5));
#602 = PCURVE('',#208,#603);
#603 = DEFINITIONAL_REPRESENTATION('',(#604),#608);
#604 = CIRCLE('',#605,2.);
#605 = AXIS2_PLACEMENT_2D('',#606,#607);
#606 = CARTESIAN_POINT('',(60.298695327852,-21.45859034533));
#607 = DIRECTION('',(-0.5,0.866025403784));
#608 = ( GEOMETRIC_REPRESENTATION_CONTEXT(2) 
PARAMETRIC_REPRESENTATION_CONTEXT() REPRESENTATION_CONTEXT('2D SPACE',''
  ) );
#609 = PCURVE('',#610,#615);
#610 = CYLINDRICAL_SURFACE('',#611,2.);
#611 = AXIS2_PLACEMENT_3D('',#612,#613,#614);
#612 = CARTESIAN_POINT('',(-721.6199967142,-356.3950020442,
    584.61913124205));
#613 = DIRECTION('',(1.,-1.224646799147E-16,-6.728624391668E-17));
#614 = DIRECTION('',(-1.397006458308E-16,-0.866025403784,-0.5));
#615 = DEFINITIONAL_REPRESENTATION('',(#616),#620);
#616 = LINE('',#617,#618);
#617 = CARTESIAN_POINT('',(-6.28318530718,487.));
#618 = VECTOR('',#619,1.);
#619 = DIRECTION('',(1.,0.));
#620 = ( GEOMETRIC_REPRESENTATION_CONTEXT(2) 
PARAMETRIC_REPRESENTATION_CONTEXT() REPRESENTATION_CONTEXT('2D SPACE',''
  ) );
#621 = ORIENTED_EDGE('',*,*,#622,.F.);
#622 = EDGE_CURVE('',#623,#594,#625,.T.);
#623 = VERTEX_POINT('',#624);
#624 = CARTESIAN_POINT('',(-234.6199967142,-341.4578269137,
    578.54617486783));
#625 = SURFACE_CURVE('',#626,(#630,#636),.PCURVE_S1.);
#626 = LINE('',#627,#628);
#627 = CARTESIAN_POINT('',(-234.6199967142,-350.6925394602,581.020608637
    ));
#628 = VECTOR('',#629,1.);
#629 = DIRECTION('',(0.,-0.965925826289,0.258819045103));
#630 = PCURVE('',#208,#631);
#631 = DEFINITIONAL_REPRESENTATION('',(#632),#635);
#632 = B_SPLINE_CURVE_WITH_KNOTS('',1,(#633,#634),.UNSPECIFIED.,.F.,.F.,
  (2,2),(-9.560477932316,6.439522067684),.PIECEWISE_BEZIER_KNOTS.);
#633 = CARTESIAN_POINT('',(54.225738953634,-36.39576547575));
#634 = CARTESIAN_POINT('',(58.366843675274,-20.94095225512));
#635 = ( GEOMETRIC_REPRESENTATION_CONTEXT(2) 
PARAMETRIC_REPRESENTATION_CONTEXT() REPRESENTATION_CONTEXT('2D SPACE',''
  ) );
#636 = PCURVE('',#637,#642);
#637 = PLANE('',#638);
#638 = AXIS2_PLACEMENT_3D('',#639,#640,#641);
#639 = CARTESIAN_POINT('',(-886.6199967142,-339.5259752612,
    578.02853677763));
#640 = DIRECTION('',(-9.668971226742E-17,-0.258819045103,-0.965925826289
    ));
#641 = DIRECTION('',(1.,-1.224646799147E-16,-6.728624391668E-17));
#642 = DEFINITIONAL_REPRESENTATION('',(#643),#646);
#643 = B_SPLINE_CURVE_WITH_KNOTS('',1,(#644,#645),.UNSPECIFIED.,.F.,.F.,
  (2,2),(-9.560477932316,6.439522067684),.PIECEWISE_BEZIER_KNOTS.);
#644 = CARTESIAN_POINT('',(652.,2.));
#645 = CARTESIAN_POINT('',(652.,18.));
#646 = ( GEOMETRIC_REPRESENTATION_CONTEXT(2) 
PARAMETRIC_REPRESENTATION_CONTEXT() REPRESENTATION_CONTEXT('2D SPACE',''
  ) );
#647 = ORIENTED_EDGE('',*,*,#648,.F.);
#648 = EDGE_CURVE('',#649,#623,#651,.T.);
#649 = VERTEX_POINT('',#650);
#650 = CARTESIAN_POINT('',(-234.6199967142,-339.0083371709,
    579.96038843021));
#651 = SURFACE_CURVE('',#652,(#657,#668),.PCURVE_S1.);
#652 = CIRCLE('',#653,2.);
#653 = AXIS2_PLACEMENT_3D('',#654,#655,#656);
#654 = CARTESIAN_POINT('',(-234.6199967142,-340.9401888235,
    580.47802652041));
#655 = DIRECTION('',(-1.,1.224646799147E-16,6.728624391668E-17));
#656 = DIRECTION('',(2.960743400288E-18,0.5,-0.866025403784));
#657 = PCURVE('',#208,#658);
#658 = DEFINITIONAL_REPRESENTATION('',(#659),#667);
#659 = ( BOUNDED_CURVE() B_SPLINE_CURVE(2,(#660,#661,#662,#663,#664,#665
,#666),.UNSPECIFIED.,.T.,.F.) B_SPLINE_CURVE_WITH_KNOTS((1,2,2,2,2,1),(
    -2.094395102393,0.,2.094395102393,4.188790204786,6.28318530718,
8.377580409573),.UNSPECIFIED.) CURVE() GEOMETRIC_REPRESENTATION_ITEM() 
RATIONAL_B_SPLINE_CURVE((1.,0.5,1.,0.5,1.,0.5,1.)) REPRESENTATION_ITEM(
  '') );
#660 = CARTESIAN_POINT('',(54.425539798643,-37.91340356595));
#661 = CARTESIAN_POINT('',(52.693488991074,-34.91340356595));
#662 = CARTESIAN_POINT('',(56.157590606212,-34.91340356595));
#663 = CARTESIAN_POINT('',(59.62169222135,-34.91340356595));
#664 = CARTESIAN_POINT('',(57.889641413781,-37.91340356595));
#665 = CARTESIAN_POINT('',(56.157590606212,-40.91340356595));
#666 = CARTESIAN_POINT('',(54.425539798643,-37.91340356595));
#667 = ( GEOMETRIC_REPRESENTATION_CONTEXT(2) 
PARAMETRIC_REPRESENTATION_CONTEXT() REPRESENTATION_CONTEXT('2D SPACE',''
  ) );
#668 = PCURVE('',#669,#674);
#669 = CYLINDRICAL_SURFACE('',#670,2.);
#670 = AXIS2_PLACEMENT_3D('',#671,#672,#673);
#671 = CARTESIAN_POINT('',(-721.6199967142,-340.9401888235,
    580.47802652041));
#672 = DIRECTION('',(-1.,1.224646799147E-16,6.728624391668E-17));
#673 = DIRECTION('',(2.960743400288E-18,0.5,-0.866025403784));
#674 = DEFINITIONAL_REPRESENTATION('',(#675),#679);
#675 = LINE('',#676,#677);
#676 = CARTESIAN_POINT('',(-1.590374886488E-17,-487.));
#677 = VECTOR('',#678,1.);
#678 = DIRECTION('',(1.,0.));
#679 = ( GEOMETRIC_REPRESENTATION_CONTEXT(2) 
PARAMETRIC_REPRESENTATION_CONTEXT() REPRESENTATION_CONTEXT('2D SPACE',''
  ) );
#680 = ORIENTED_EDGE('',*,*,#681,.F.);
#681 = EDGE_CURVE('',#682,#649,#684,.T.);
#682 = VERTEX_POINT('',#683);
#683 = CARTESIAN_POINT('',(-234.6199967142,-338.7495181258,
    580.92631425649));
#684 = SURFACE_CURVE('',#685,(#689,#695),.PCURVE_S1.);
#685 = LINE('',#686,#687);
#686 = CARTESIAN_POINT('',(-234.6199967142,-383.7578859406,
    412.95279880607));
#687 = VECTOR('',#688,1.);
#688 = DIRECTION('',(0.,-0.258819045103,-0.965925826289));
#689 = PCURVE('',#208,#690);
#690 = DEFINITIONAL_REPRESENTATION('',(#691),#694);
#691 = B_SPLINE_CURVE_WITH_KNOTS('',1,(#692,#693),.UNSPECIFIED.,.F.,.F.,
  (2,2),(-173.8989794855,-115.2962619665),.PIECEWISE_BEZIER_KNOTS.);
#692 = CARTESIAN_POINT('',(56.605878342296,-39.10407426363));
#693 = CARTESIAN_POINT('',(-1.712007081489E-15,-23.93657487496));
#694 = ( GEOMETRIC_REPRESENTATION_CONTEXT(2) 
PARAMETRIC_REPRESENTATION_CONTEXT() REPRESENTATION_CONTEXT('2D SPACE',''
  ) );
#695 = PCURVE('',#696,#701);
#696 = PLANE('',#697);
#697 = AXIS2_PLACEMENT_3D('',#698,#699,#700);
#698 = CARTESIAN_POINT('',(-556.6199967142,-411.9953078899,
    307.56930541669));
#699 = DIRECTION('',(1.008768357388E-16,0.965925826289,-0.258819045103)
  );
#700 = DIRECTION('',(-1.,1.050497185157E-16,2.292723163573E-18));
#701 = DEFINITIONAL_REPRESENTATION('',(#702),#705);
#702 = B_SPLINE_CURVE_WITH_KNOTS('',1,(#703,#704),.UNSPECIFIED.,.F.,.F.,
  (2,2),(-173.8989794855,-115.2962619665),.PIECEWISE_BEZIER_KNOTS.);
#703 = CARTESIAN_POINT('',(-322.,283.));
#704 = CARTESIAN_POINT('',(-322.,224.39728248103));
#705 = ( GEOMETRIC_REPRESENTATION_CONTEXT(2) 
PARAMETRIC_REPRESENTATION_CONTEXT() REPRESENTATION_CONTEXT('2D SPACE',''
  ) );
#706 = ORIENTED_EDGE('',*,*,#707,.T.);
#707 = EDGE_CURVE('',#682,#173,#708,.T.);
#708 = SURFACE_CURVE('',#709,(#714,#721),.PCURVE_S1.);
#709 = CIRCLE('',#710,10.);
#710 = AXIS2_PLACEMENT_3D('',#711,#712,#713);
#711 = CARTESIAN_POINT('',(-234.6199967142,-348.4087763887,
    583.51450470752));
#712 = DIRECTION('',(1.,-1.224646799147E-16,-6.728624391668E-17));
#713 = DIRECTION('',(1.397006458308E-16,0.866025403784,0.5));
#714 = PCURVE('',#208,#715);
#715 = DEFINITIONAL_REPRESENTATION('',(#716),#720);
#716 = CIRCLE('',#717,10.);
#717 = AXIS2_PLACEMENT_2D('',#718,#719);
#718 = CARTESIAN_POINT('',(59.194068793321,-29.44481600074));
#719 = DIRECTION('',(0.5,-0.866025403784));
#720 = ( GEOMETRIC_REPRESENTATION_CONTEXT(2) 
PARAMETRIC_REPRESENTATION_CONTEXT() REPRESENTATION_CONTEXT('2D SPACE',''
  ) );
#721 = PCURVE('',#467,#722);
#722 = DEFINITIONAL_REPRESENTATION('',(#723),#727);
#723 = LINE('',#724,#725);
#724 = CARTESIAN_POINT('',(-6.28318530718,157.));
#725 = VECTOR('',#726,1.);
#726 = DIRECTION('',(1.,0.));
#727 = ( GEOMETRIC_REPRESENTATION_CONTEXT(2) 
PARAMETRIC_REPRESENTATION_CONTEXT() REPRESENTATION_CONTEXT('2D SPACE',''
  ) );
#728 = ADVANCED_FACE('',(#729),#390,.T.);
#729 = FACE_BOUND('',#730,.T.);
#730 = EDGE_LOOP('',(#731,#732,#733,#734));
#731 = ORIENTED_EDGE('',*,*,#374,.F.);
#732 = ORIENTED_EDGE('',*,*,#402,.F.);
#733 = ORIENTED_EDGE('',*,*,#425,.F.);
#734 = ORIENTED_EDGE('',*,*,#735,.T.);
#735 = EDGE_CURVE('',#310,#354,#736,.T.);
#736 = SURFACE_CURVE('',#737,(#741,#748),.PCURVE_S1.);
#737 = LINE('',#738,#739);
#738 = CARTESIAN_POINT('',(-234.6199967142,-354.0893726579,
    595.38937769447));
#739 = VECTOR('',#740,1.);
#740 = DIRECTION('',(0.,-0.965925826289,0.258819045103));
#741 = PCURVE('',#390,#742);
#742 = DEFINITIONAL_REPRESENTATION('',(#743),#747);
#743 = LINE('',#744,#745);
#744 = CARTESIAN_POINT('',(8.,18.560477932316));
#745 = VECTOR('',#746,1.);
#746 = DIRECTION('',(-1.008768357388E-16,1.));
#747 = ( GEOMETRIC_REPRESENTATION_CONTEXT(2) 
PARAMETRIC_REPRESENTATION_CONTEXT() REPRESENTATION_CONTEXT('2D SPACE',''
  ) );
#748 = PCURVE('',#749,#754);
#749 = PLANE('',#750);
#750 = AXIS2_PLACEMENT_3D('',#751,#752,#753);
#751 = CARTESIAN_POINT('',(-226.6199967142,-336.1613276748,
    590.58557251938));
#752 = DIRECTION('',(9.668971226742E-17,0.258819045103,0.965925826289));
#753 = DIRECTION('',(-1.,1.224646799147E-16,6.728624391668E-17));
#754 = DEFINITIONAL_REPRESENTATION('',(#755),#759);
#755 = LINE('',#756,#757);
#756 = CARTESIAN_POINT('',(8.,18.560477932316));
#757 = VECTOR('',#758,1.);
#758 = DIRECTION('',(-1.008768357388E-16,1.));
#759 = ( GEOMETRIC_REPRESENTATION_CONTEXT(2) 
PARAMETRIC_REPRESENTATION_CONTEXT() REPRESENTATION_CONTEXT('2D SPACE',''
  ) );
#760 = ADVANCED_FACE('',(#761),#467,.T.);
#761 = FACE_BOUND('',#762,.T.);
#762 = EDGE_LOOP('',(#763,#764,#787,#816,#845,#866));
#763 = ORIENTED_EDGE('',*,*,#707,.F.);
#764 = ORIENTED_EDGE('',*,*,#765,.T.);
#765 = EDGE_CURVE('',#682,#766,#768,.T.);
#766 = VERTEX_POINT('',#767);
#767 = CARTESIAN_POINT('',(-878.6199967142,-338.7495181258,
    580.92631425649));
#768 = SURFACE_CURVE('',#769,(#773,#780),.PCURVE_S1.);
#769 = LINE('',#770,#771);
#770 = CARTESIAN_POINT('',(-391.6199967142,-338.7495181258,
    580.92631425649));
#771 = VECTOR('',#772,1.);
#772 = DIRECTION('',(-1.,1.224646799147E-16,6.728624391668E-17));
#773 = PCURVE('',#467,#774);
#774 = DEFINITIONAL_REPRESENTATION('',(#775),#779);
#775 = LINE('',#776,#777);
#776 = CARTESIAN_POINT('',(-0.785398163397,0.));
#777 = VECTOR('',#778,1.);
#778 = DIRECTION('',(0.,-1.));
#779 = ( GEOMETRIC_REPRESENTATION_CONTEXT(2) 
PARAMETRIC_REPRESENTATION_CONTEXT() REPRESENTATION_CONTEXT('2D SPACE',''
  ) );
#780 = PCURVE('',#696,#781);
#781 = DEFINITIONAL_REPRESENTATION('',(#782),#786);
#782 = LINE('',#783,#784);
#783 = CARTESIAN_POINT('',(-165.,283.));
#784 = VECTOR('',#785,1.);
#785 = DIRECTION('',(1.,6.728624391668E-17));
#786 = ( GEOMETRIC_REPRESENTATION_CONTEXT(2) 
PARAMETRIC_REPRESENTATION_CONTEXT() REPRESENTATION_CONTEXT('2D SPACE',''
  ) );
#787 = ORIENTED_EDGE('',*,*,#788,.T.);
#788 = EDGE_CURVE('',#766,#789,#791,.T.);
#789 = VERTEX_POINT('',#790);
#790 = CARTESIAN_POINT('',(-878.6199967142,-338.8727519069,
    586.52519185196));
#791 = SURFACE_CURVE('',#792,(#797,#804),.PCURVE_S1.);
#792 = CIRCLE('',#793,10.);
#793 = AXIS2_PLACEMENT_3D('',#794,#795,#796);
#794 = CARTESIAN_POINT('',(-878.6199967142,-348.4087763887,
    583.51450470752));
#795 = DIRECTION('',(1.,-1.224646799147E-16,-6.728624391668E-17));
#796 = DIRECTION('',(1.397006458308E-16,0.866025403784,0.5));
#797 = PCURVE('',#467,#798);
#798 = DEFINITIONAL_REPRESENTATION('',(#799),#803);
#799 = LINE('',#800,#801);
#800 = CARTESIAN_POINT('',(-6.28318530718,-487.));
#801 = VECTOR('',#802,1.);
#802 = DIRECTION('',(1.,0.));
#803 = ( GEOMETRIC_REPRESENTATION_CONTEXT(2) 
PARAMETRIC_REPRESENTATION_CONTEXT() REPRESENTATION_CONTEXT('2D SPACE',''
  ) );
#804 = PCURVE('',#805,#810);
#805 = PLANE('',#806);
#806 = AXIS2_PLACEMENT_3D('',#807,#808,#809);
#807 = CARTESIAN_POINT('',(-878.6199967142,-377.8535923895,
    524.3204359142));
#808 = DIRECTION('',(1.,0.,-0.));
#809 = DIRECTION('',(0.,0.,1.));
#810 = DEFINITIONAL_REPRESENTATION('',(#811),#815);
#811 = CIRCLE('',#812,10.);
#812 = AXIS2_PLACEMENT_2D('',#813,#814);
#813 = CARTESIAN_POINT('',(59.194068793321,-29.44481600074));
#814 = DIRECTION('',(0.5,-0.866025403784));
#815 = ( GEOMETRIC_REPRESENTATION_CONTEXT(2) 
PARAMETRIC_REPRESENTATION_CONTEXT() REPRESENTATION_CONTEXT('2D SPACE',''
  ) );
#816 = ORIENTED_EDGE('',*,*,#817,.T.);
#817 = EDGE_CURVE('',#789,#818,#820,.T.);
#818 = VERTEX_POINT('',#819);
#819 = CARTESIAN_POINT('',(-878.6199967142,-345.8205859377,
    593.17376297041));
#820 = SURFACE_CURVE('',#821,(#826,#833),.PCURVE_S1.);
#821 = CIRCLE('',#822,10.);
#822 = AXIS2_PLACEMENT_3D('',#823,#824,#825);
#823 = CARTESIAN_POINT('',(-878.6199967142,-348.4087763887,
    583.51450470752));
#824 = DIRECTION('',(1.,-1.224646799147E-16,-6.728624391668E-17));
#825 = DIRECTION('',(1.397006458308E-16,0.866025403784,0.5));
#826 = PCURVE('',#467,#827);
#827 = DEFINITIONAL_REPRESENTATION('',(#828),#832);
#828 = LINE('',#829,#830);
#829 = CARTESIAN_POINT('',(-6.28318530718,-487.));
#830 = VECTOR('',#831,1.);
#831 = DIRECTION('',(1.,0.));
#832 = ( GEOMETRIC_REPRESENTATION_CONTEXT(2) 
PARAMETRIC_REPRESENTATION_CONTEXT() REPRESENTATION_CONTEXT('2D SPACE',''
  ) );
#833 = PCURVE('',#834,#839);
#834 = PLANE('',#835);
#835 = AXIS2_PLACEMENT_3D('',#836,#837,#838);
#836 = CARTESIAN_POINT('',(-878.6199967142,-377.8535923895,
    524.3204359142));
#837 = DIRECTION('',(1.,0.,-0.));
#838 = DIRECTION('',(0.,0.,1.));
#839 = DEFINITIONAL_REPRESENTATION('',(#840),#844);
#840 = CIRCLE('',#841,10.);
#841 = AXIS2_PLACEMENT_2D('',#842,#843);
#842 = CARTESIAN_POINT('',(59.194068793321,-29.44481600074));
#843 = DIRECTION('',(0.5,-0.866025403784));
#844 = ( GEOMETRIC_REPRESENTATION_CONTEXT(2) 
PARAMETRIC_REPRESENTATION_CONTEXT() REPRESENTATION_CONTEXT('2D SPACE',''
  ) );
#845 = ORIENTED_EDGE('',*,*,#846,.T.);
#846 = EDGE_CURVE('',#818,#310,#847,.T.);
#847 = SURFACE_CURVE('',#848,(#852,#859),.PCURVE_S1.);
#848 = LINE('',#849,#850);
#849 = CARTESIAN_POINT('',(-391.6199967142,-345.8205859377,
    593.17376297041));
#850 = VECTOR('',#851,1.);
#851 = DIRECTION('',(1.,-1.224646799147E-16,-6.728624391668E-17));
#852 = PCURVE('',#467,#853);
#853 = DEFINITIONAL_REPRESENTATION('',(#854),#858);
#854 = LINE('',#855,#856);
#855 = CARTESIAN_POINT('',(0.785398163397,0.));
#856 = VECTOR('',#857,1.);
#857 = DIRECTION('',(1.2111523905E-17,1.));
#858 = ( GEOMETRIC_REPRESENTATION_CONTEXT(2) 
PARAMETRIC_REPRESENTATION_CONTEXT() REPRESENTATION_CONTEXT('2D SPACE',''
  ) );
#859 = PCURVE('',#749,#860);
#860 = DEFINITIONAL_REPRESENTATION('',(#861),#865);
#861 = LINE('',#862,#863);
#862 = CARTESIAN_POINT('',(165.,10.000000000001));
#863 = VECTOR('',#864,1.);
#864 = DIRECTION('',(-1.,5.783360729246E-32));
#865 = ( GEOMETRIC_REPRESENTATION_CONTEXT(2) 
PARAMETRIC_REPRESENTATION_CONTEXT() REPRESENTATION_CONTEXT('2D SPACE',''
  ) );
#866 = ORIENTED_EDGE('',*,*,#452,.F.);
#867 = ADVANCED_FACE('',(#868),#555,.T.);
#868 = FACE_BOUND('',#869,.T.);
#869 = EDGE_LOOP('',(#870,#871,#894,#927));
#870 = ORIENTED_EDGE('',*,*,#536,.T.);
#871 = ORIENTED_EDGE('',*,*,#872,.T.);
#872 = EDGE_CURVE('',#354,#873,#875,.T.);
#873 = VERTEX_POINT('',#874);
#874 = CARTESIAN_POINT('',(-878.6199967142,-353.547992548,
    595.24431533123));
#875 = SURFACE_CURVE('',#876,(#880,#887),.PCURVE_S1.);
#876 = LINE('',#877,#878);
#877 = CARTESIAN_POINT('',(-391.6199967142,-353.547992548,
    595.24431533123));
#878 = VECTOR('',#879,1.);
#879 = DIRECTION('',(-1.,1.224646799147E-16,6.728624391668E-17));
#880 = PCURVE('',#555,#881);
#881 = DEFINITIONAL_REPRESENTATION('',(#882),#886);
#882 = LINE('',#883,#884);
#883 = CARTESIAN_POINT('',(0.785398163397,-2.84217094304E-14));
#884 = VECTOR('',#885,1.);
#885 = DIRECTION('',(3.04470253723E-17,1.));
#886 = ( GEOMETRIC_REPRESENTATION_CONTEXT(2) 
PARAMETRIC_REPRESENTATION_CONTEXT() REPRESENTATION_CONTEXT('2D SPACE',''
  ) );
#887 = PCURVE('',#749,#888);
#888 = DEFINITIONAL_REPRESENTATION('',(#889),#893);
#889 = LINE('',#890,#891);
#890 = CARTESIAN_POINT('',(165.,18.000000000001));
#891 = VECTOR('',#892,1.);
#892 = DIRECTION('',(1.,-5.783360729246E-32));
#893 = ( GEOMETRIC_REPRESENTATION_CONTEXT(2) 
PARAMETRIC_REPRESENTATION_CONTEXT() REPRESENTATION_CONTEXT('2D SPACE',''
  ) );
#894 = ORIENTED_EDGE('',*,*,#895,.F.);
#895 = EDGE_CURVE('',#896,#873,#898,.T.);
#896 = VERTEX_POINT('',#897);
#897 = CARTESIAN_POINT('',(-878.6199967142,-355.9974822908,
    593.83010176886));
#898 = SURFACE_CURVE('',#899,(#904,#911),.PCURVE_S1.);
#899 = CIRCLE('',#900,2.);
#900 = AXIS2_PLACEMENT_3D('',#901,#902,#903);
#901 = CARTESIAN_POINT('',(-878.6199967142,-354.0656306382,
    593.31246367865));
#902 = DIRECTION('',(-1.,1.224646799147E-16,6.728624391668E-17));
#903 = DIRECTION('',(-2.960743400293E-18,-0.5,0.866025403784));
#904 = PCURVE('',#555,#905);
#905 = DEFINITIONAL_REPRESENTATION('',(#906),#910);
#906 = LINE('',#907,#908);
#907 = CARTESIAN_POINT('',(-6.28318530718,487.));
#908 = VECTOR('',#909,1.);
#909 = DIRECTION('',(1.,0.));
#910 = ( GEOMETRIC_REPRESENTATION_CONTEXT(2) 
PARAMETRIC_REPRESENTATION_CONTEXT() REPRESENTATION_CONTEXT('2D SPACE',''
  ) );
#911 = PCURVE('',#912,#917);
#912 = PLANE('',#913);
#913 = AXIS2_PLACEMENT_3D('',#914,#915,#916);
#914 = CARTESIAN_POINT('',(-878.6199967142,-377.8535923895,
    524.3204359142));
#915 = DIRECTION('',(1.,0.,-0.));
#916 = DIRECTION('',(0.,0.,1.));
#917 = DEFINITIONAL_REPRESENTATION('',(#918),#926);
#918 = ( BOUNDED_CURVE() B_SPLINE_CURVE(2,(#919,#920,#921,#922,#923,#924
,#925),.UNSPECIFIED.,.T.,.F.) B_SPLINE_CURVE_WITH_KNOTS((1,2,2,2,2,1),(
    -2.094395102393,0.,2.094395102393,4.188790204786,6.28318530718,
8.377580409573),.UNSPECIFIED.) CURVE() GEOMETRIC_REPRESENTATION_ITEM() 
RATIONAL_B_SPLINE_CURVE((1.,0.5,1.,0.5,1.,0.5,1.)) REPRESENTATION_ITEM(
  '') );
#919 = CARTESIAN_POINT('',(70.724078572023,-22.78796175125));
#920 = CARTESIAN_POINT('',(72.456129379592,-25.78796175125));
#921 = CARTESIAN_POINT('',(68.992027764454,-25.78796175125));
#922 = CARTESIAN_POINT('',(65.527926149316,-25.78796175125));
#923 = CARTESIAN_POINT('',(67.259976956885,-22.78796175125));
#924 = CARTESIAN_POINT('',(68.992027764454,-19.78796175125));
#925 = CARTESIAN_POINT('',(70.724078572023,-22.78796175125));
#926 = ( GEOMETRIC_REPRESENTATION_CONTEXT(2) 
PARAMETRIC_REPRESENTATION_CONTEXT() REPRESENTATION_CONTEXT('2D SPACE',''
  ) );
#927 = ORIENTED_EDGE('',*,*,#928,.T.);
#928 = EDGE_CURVE('',#896,#511,#929,.T.);
#929 = SURFACE_CURVE('',#930,(#934,#941),.PCURVE_S1.);
#930 = LINE('',#931,#932);
#931 = CARTESIAN_POINT('',(-391.6199967142,-355.9974822908,
    593.83010176886));
#932 = VECTOR('',#933,1.);
#933 = DIRECTION('',(1.,-1.224646799147E-16,-6.728624391668E-17));
#934 = PCURVE('',#555,#935);
#935 = DEFINITIONAL_REPRESENTATION('',(#936),#940);
#936 = LINE('',#937,#938);
#937 = CARTESIAN_POINT('',(-0.785398163397,0.));
#938 = VECTOR('',#939,1.);
#939 = DIRECTION('',(6.055761952501E-17,-1.));
#940 = ( GEOMETRIC_REPRESENTATION_CONTEXT(2) 
PARAMETRIC_REPRESENTATION_CONTEXT() REPRESENTATION_CONTEXT('2D SPACE',''
  ) );
#941 = PCURVE('',#525,#942);
#942 = DEFINITIONAL_REPRESENTATION('',(#943),#947);
#943 = LINE('',#944,#945);
#944 = CARTESIAN_POINT('',(-165.,291.));
#945 = VECTOR('',#946,1.);
#946 = DIRECTION('',(-1.,-6.728624391668E-17));
#947 = ( GEOMETRIC_REPRESENTATION_CONTEXT(2) 
PARAMETRIC_REPRESENTATION_CONTEXT() REPRESENTATION_CONTEXT('2D SPACE',''
  ) );
#948 = ADVANCED_FACE('',(#949),#525,.F.);
#949 = FACE_BOUND('',#950,.F.);
#950 = EDGE_LOOP('',(#951,#972,#973,#974,#975,#998));
#951 = ORIENTED_EDGE('',*,*,#952,.F.);
#952 = EDGE_CURVE('',#896,#953,#955,.T.);
#953 = VERTEX_POINT('',#954);
#954 = CARTESIAN_POINT('',(-878.6199967142,-356.6765703508,
    591.29571062619));
#955 = SURFACE_CURVE('',#956,(#960,#966),.PCURVE_S1.);
#956 = LINE('',#957,#958);
#957 = CARTESIAN_POINT('',(-878.6199967142,-403.0764024664,
    418.12917970812));
#958 = VECTOR('',#959,1.);
#959 = DIRECTION('',(0.,-0.258819045103,-0.965925826289));
#960 = PCURVE('',#525,#961);
#961 = DEFINITIONAL_REPRESENTATION('',(#962),#965);
#962 = B_SPLINE_CURVE_WITH_KNOTS('',1,(#963,#964),.UNSPECIFIED.,.F.,.F.,
  (2,2),(-181.8989794855,-109.9372781179),.PIECEWISE_BEZIER_KNOTS.);
#963 = CARTESIAN_POINT('',(322.,291.));
#964 = CARTESIAN_POINT('',(322.,219.0382986324));
#965 = ( GEOMETRIC_REPRESENTATION_CONTEXT(2) 
PARAMETRIC_REPRESENTATION_CONTEXT() REPRESENTATION_CONTEXT('2D SPACE',''
  ) );
#966 = PCURVE('',#912,#967);
#967 = DEFINITIONAL_REPRESENTATION('',(#968),#971);
#968 = B_SPLINE_CURVE_WITH_KNOTS('',1,(#969,#970),.UNSPECIFIED.,.F.,.F.,
  (2,2),(-181.8989794855,-109.9372781179),.PIECEWISE_BEZIER_KNOTS.);
#969 = CARTESIAN_POINT('',(69.509665854659,-21.85611009867));
#970 = CARTESIAN_POINT('',(1.250562476452E-15,-3.231051266763));
#971 = ( GEOMETRIC_REPRESENTATION_CONTEXT(2) 
PARAMETRIC_REPRESENTATION_CONTEXT() REPRESENTATION_CONTEXT('2D SPACE',''
  ) );
#972 = ORIENTED_EDGE('',*,*,#928,.T.);
#973 = ORIENTED_EDGE('',*,*,#510,.T.);
#974 = ORIENTED_EDGE('',*,*,#572,.T.);
#975 = ORIENTED_EDGE('',*,*,#976,.T.);
#976 = EDGE_CURVE('',#573,#977,#979,.T.);
#977 = VERTEX_POINT('',#978);
#978 = CARTESIAN_POINT('',(-878.6199967142,-358.3268536967,
    585.13676933226));
#979 = SURFACE_CURVE('',#980,(#984,#991),.PCURVE_S1.);
#980 = LINE('',#981,#982);
#981 = CARTESIAN_POINT('',(-721.6199967142,-358.3268536967,
    585.13676933226));
#982 = VECTOR('',#983,1.);
#983 = DIRECTION('',(-1.,1.224646799147E-16,6.728624391668E-17));
#984 = PCURVE('',#525,#985);
#985 = DEFINITIONAL_REPRESENTATION('',(#986),#990);
#986 = LINE('',#987,#988);
#987 = CARTESIAN_POINT('',(165.,282.));
#988 = VECTOR('',#989,1.);
#989 = DIRECTION('',(1.,6.728624391668E-17));
#990 = ( GEOMETRIC_REPRESENTATION_CONTEXT(2) 
PARAMETRIC_REPRESENTATION_CONTEXT() REPRESENTATION_CONTEXT('2D SPACE',''
  ) );
#991 = PCURVE('',#610,#992);
#992 = DEFINITIONAL_REPRESENTATION('',(#993),#997);
#993 = LINE('',#994,#995);
#994 = CARTESIAN_POINT('',(-0.785398163397,0.));
#995 = VECTOR('',#996,1.);
#996 = DIRECTION('',(2.960594732334E-17,-1.));
#997 = ( GEOMETRIC_REPRESENTATION_CONTEXT(2) 
PARAMETRIC_REPRESENTATION_CONTEXT() REPRESENTATION_CONTEXT('2D SPACE',''
  ) );
#998 = ORIENTED_EDGE('',*,*,#999,.F.);
#999 = EDGE_CURVE('',#953,#977,#1000,.T.);
#1000 = SURFACE_CURVE('',#1001,(#1005,#1011),.PCURVE_S1.);
#1001 = LINE('',#1002,#1003);
#1002 = CARTESIAN_POINT('',(-878.6199967142,-403.0764024664,
    418.12917970812));
#1003 = VECTOR('',#1004,1.);
#1004 = DIRECTION('',(0.,-0.258819045103,-0.965925826289));
#1005 = PCURVE('',#525,#1006);
#1006 = DEFINITIONAL_REPRESENTATION('',(#1007),#1010);
#1007 = B_SPLINE_CURVE_WITH_KNOTS('',1,(#1008,#1009),.UNSPECIFIED.,.F.,
  .F.,(2,2),(-181.8989794855,-109.9372781179),.PIECEWISE_BEZIER_KNOTS.);
#1008 = CARTESIAN_POINT('',(322.,291.));
#1009 = CARTESIAN_POINT('',(322.,219.0382986324));
#1010 = ( GEOMETRIC_REPRESENTATION_CONTEXT(2) 
PARAMETRIC_REPRESENTATION_CONTEXT() REPRESENTATION_CONTEXT('2D SPACE',''
  ) );
#1011 = PCURVE('',#805,#1012);
#1012 = DEFINITIONAL_REPRESENTATION('',(#1013),#1016);
#1013 = B_SPLINE_CURVE_WITH_KNOTS('',1,(#1014,#1015),.UNSPECIFIED.,.F.,
  .F.,(2,2),(-181.8989794855,-109.9372781179),.PIECEWISE_BEZIER_KNOTS.);
#1014 = CARTESIAN_POINT('',(69.509665854659,-21.85611009867));
#1015 = CARTESIAN_POINT('',(1.250562476452E-15,-3.231051266763));
#1016 = ( GEOMETRIC_REPRESENTATION_CONTEXT(2) 
PARAMETRIC_REPRESENTATION_CONTEXT() REPRESENTATION_CONTEXT('2D SPACE',''
  ) );
#1017 = ADVANCED_FACE('',(#1018),#696,.T.);
#1018 = FACE_BOUND('',#1019,.T.);
#1019 = EDGE_LOOP('',(#1020,#1021,#1022,#1045));
#1020 = ORIENTED_EDGE('',*,*,#765,.F.);
#1021 = ORIENTED_EDGE('',*,*,#681,.T.);
#1022 = ORIENTED_EDGE('',*,*,#1023,.F.);
#1023 = EDGE_CURVE('',#1024,#649,#1026,.T.);
#1024 = VERTEX_POINT('',#1025);
#1025 = CARTESIAN_POINT('',(-878.6199967142,-339.0083371709,
    579.96038843021));
#1026 = SURFACE_CURVE('',#1027,(#1031,#1038),.PCURVE_S1.);
#1027 = LINE('',#1028,#1029);
#1028 = CARTESIAN_POINT('',(-721.6199967142,-339.0083371709,
    579.96038843021));
#1029 = VECTOR('',#1030,1.);
#1030 = DIRECTION('',(1.,-1.224646799147E-16,-6.728624391668E-17));
#1031 = PCURVE('',#696,#1032);
#1032 = DEFINITIONAL_REPRESENTATION('',(#1033),#1037);
#1033 = LINE('',#1034,#1035);
#1034 = CARTESIAN_POINT('',(165.,282.));
#1035 = VECTOR('',#1036,1.);
#1036 = DIRECTION('',(-1.,-6.728624391668E-17));
#1037 = ( GEOMETRIC_REPRESENTATION_CONTEXT(2) 
PARAMETRIC_REPRESENTATION_CONTEXT() REPRESENTATION_CONTEXT('2D SPACE',''
  ) );
#1038 = PCURVE('',#669,#1039);
#1039 = DEFINITIONAL_REPRESENTATION('',(#1040),#1044);
#1040 = LINE('',#1041,#1042);
#1041 = CARTESIAN_POINT('',(5.497787143782,0.));
#1042 = VECTOR('',#1043,1.);
#1043 = DIRECTION('',(0.,-1.));
#1044 = ( GEOMETRIC_REPRESENTATION_CONTEXT(2) 
PARAMETRIC_REPRESENTATION_CONTEXT() REPRESENTATION_CONTEXT('2D SPACE',''
  ) );
#1045 = ORIENTED_EDGE('',*,*,#1046,.F.);
#1046 = EDGE_CURVE('',#766,#1024,#1047,.T.);
#1047 = SURFACE_CURVE('',#1048,(#1052,#1058),.PCURVE_S1.);
#1048 = LINE('',#1049,#1050);
#1049 = CARTESIAN_POINT('',(-878.6199967142,-383.7578859406,
    412.95279880607));
#1050 = VECTOR('',#1051,1.);
#1051 = DIRECTION('',(0.,-0.258819045103,-0.965925826289));
#1052 = PCURVE('',#696,#1053);
#1053 = DEFINITIONAL_REPRESENTATION('',(#1054),#1057);
#1054 = B_SPLINE_CURVE_WITH_KNOTS('',1,(#1055,#1056),.UNSPECIFIED.,.F.,
  .F.,(2,2),(-173.8989794855,-115.2962619665),.PIECEWISE_BEZIER_KNOTS.);
#1055 = CARTESIAN_POINT('',(322.,283.));
#1056 = CARTESIAN_POINT('',(322.,224.39728248103));
#1057 = ( GEOMETRIC_REPRESENTATION_CONTEXT(2) 
PARAMETRIC_REPRESENTATION_CONTEXT() REPRESENTATION_CONTEXT('2D SPACE',''
  ) );
#1058 = PCURVE('',#805,#1059);
#1059 = DEFINITIONAL_REPRESENTATION('',(#1060),#1063);
#1060 = B_SPLINE_CURVE_WITH_KNOTS('',1,(#1061,#1062),.UNSPECIFIED.,.F.,
  .F.,(2,2),(-173.8989794855,-115.2962619665),.PIECEWISE_BEZIER_KNOTS.);
#1061 = CARTESIAN_POINT('',(56.605878342296,-39.10407426363));
#1062 = CARTESIAN_POINT('',(-1.712007081489E-15,-23.93657487496));
#1063 = ( GEOMETRIC_REPRESENTATION_CONTEXT(2) 
PARAMETRIC_REPRESENTATION_CONTEXT() REPRESENTATION_CONTEXT('2D SPACE',''
  ) );
#1064 = ADVANCED_FACE('',(#1065),#669,.T.);
#1065 = FACE_BOUND('',#1066,.T.);
#1066 = EDGE_LOOP('',(#1067,#1068,#1091,#1117));
#1067 = ORIENTED_EDGE('',*,*,#648,.T.);
#1068 = ORIENTED_EDGE('',*,*,#1069,.T.);
#1069 = EDGE_CURVE('',#623,#1070,#1072,.T.);
#1070 = VERTEX_POINT('',#1071);
#1071 = CARTESIAN_POINT('',(-878.6199967142,-341.4578269137,
    578.54617486783));
#1072 = SURFACE_CURVE('',#1073,(#1077,#1084),.PCURVE_S1.);
#1073 = LINE('',#1074,#1075);
#1074 = CARTESIAN_POINT('',(-721.6199967142,-341.4578269137,
    578.54617486783));
#1075 = VECTOR('',#1076,1.);
#1076 = DIRECTION('',(-1.,1.224646799147E-16,6.728624391668E-17));
#1077 = PCURVE('',#669,#1078);
#1078 = DEFINITIONAL_REPRESENTATION('',(#1079),#1083);
#1079 = LINE('',#1080,#1081);
#1080 = CARTESIAN_POINT('',(7.068583470577,0.));
#1081 = VECTOR('',#1082,1.);
#1082 = DIRECTION('',(-6.089405074459E-17,1.));
#1083 = ( GEOMETRIC_REPRESENTATION_CONTEXT(2) 
PARAMETRIC_REPRESENTATION_CONTEXT() REPRESENTATION_CONTEXT('2D SPACE',''
  ) );
#1084 = PCURVE('',#637,#1085);
#1085 = DEFINITIONAL_REPRESENTATION('',(#1086),#1090);
#1086 = LINE('',#1087,#1088);
#1087 = CARTESIAN_POINT('',(165.,2.));
#1088 = VECTOR('',#1089,1.);
#1089 = DIRECTION('',(-1.,-5.783360729246E-32));
#1090 = ( GEOMETRIC_REPRESENTATION_CONTEXT(2) 
PARAMETRIC_REPRESENTATION_CONTEXT() REPRESENTATION_CONTEXT('2D SPACE',''
  ) );
#1091 = ORIENTED_EDGE('',*,*,#1092,.F.);
#1092 = EDGE_CURVE('',#1024,#1070,#1093,.T.);
#1093 = SURFACE_CURVE('',#1094,(#1099,#1106),.PCURVE_S1.);
#1094 = CIRCLE('',#1095,2.);
#1095 = AXIS2_PLACEMENT_3D('',#1096,#1097,#1098);
#1096 = CARTESIAN_POINT('',(-878.6199967142,-340.9401888235,
    580.47802652041));
#1097 = DIRECTION('',(-1.,1.224646799147E-16,6.728624391668E-17));
#1098 = DIRECTION('',(2.960743400288E-18,0.5,-0.866025403784));
#1099 = PCURVE('',#669,#1100);
#1100 = DEFINITIONAL_REPRESENTATION('',(#1101),#1105);
#1101 = LINE('',#1102,#1103);
#1102 = CARTESIAN_POINT('',(8.881784197001E-16,157.));
#1103 = VECTOR('',#1104,1.);
#1104 = DIRECTION('',(1.,0.));
#1105 = ( GEOMETRIC_REPRESENTATION_CONTEXT(2) 
PARAMETRIC_REPRESENTATION_CONTEXT() REPRESENTATION_CONTEXT('2D SPACE',''
  ) );
#1106 = PCURVE('',#805,#1107);
#1107 = DEFINITIONAL_REPRESENTATION('',(#1108),#1116);
#1108 = ( BOUNDED_CURVE() B_SPLINE_CURVE(2,(#1109,#1110,#1111,#1112,
#1113,#1114,#1115),.UNSPECIFIED.,.T.,.F.) B_SPLINE_CURVE_WITH_KNOTS((1,2
    ,2,2,2,1),(-2.094395102393,0.,2.094395102393,4.188790204786,
6.28318530718,8.377580409573),.UNSPECIFIED.) CURVE() 
GEOMETRIC_REPRESENTATION_ITEM() RATIONAL_B_SPLINE_CURVE((1.,0.5,1.,0.5,
1.,0.5,1.)) REPRESENTATION_ITEM('') );
#1109 = CARTESIAN_POINT('',(54.425539798643,-37.91340356595));
#1110 = CARTESIAN_POINT('',(52.693488991074,-34.91340356595));
#1111 = CARTESIAN_POINT('',(56.157590606212,-34.91340356595));
#1112 = CARTESIAN_POINT('',(59.62169222135,-34.91340356595));
#1113 = CARTESIAN_POINT('',(57.889641413781,-37.91340356595));
#1114 = CARTESIAN_POINT('',(56.157590606212,-40.91340356595));
#1115 = CARTESIAN_POINT('',(54.425539798643,-37.91340356595));
#1116 = ( GEOMETRIC_REPRESENTATION_CONTEXT(2) 
PARAMETRIC_REPRESENTATION_CONTEXT() REPRESENTATION_CONTEXT('2D SPACE',''
  ) );
#1117 = ORIENTED_EDGE('',*,*,#1023,.T.);
#1118 = ADVANCED_FACE('',(#1119),#637,.T.);
#1119 = FACE_BOUND('',#1120,.T.);
#1120 = EDGE_LOOP('',(#1121,#1144,#1163,#1164));
#1121 = ORIENTED_EDGE('',*,*,#1122,.F.);
#1122 = EDGE_CURVE('',#1123,#594,#1125,.T.);
#1123 = VERTEX_POINT('',#1124);
#1124 = CARTESIAN_POINT('',(-878.6199967142,-356.9126401344,
    582.68727958947));
#1125 = SURFACE_CURVE('',#1126,(#1130,#1137),.PCURVE_S1.);
#1126 = LINE('',#1127,#1128);
#1127 = CARTESIAN_POINT('',(-721.6199967142,-356.9126401344,
    582.68727958947));
#1128 = VECTOR('',#1129,1.);
#1129 = DIRECTION('',(1.,-1.224646799147E-16,-6.728624391668E-17));
#1130 = PCURVE('',#637,#1131);
#1131 = DEFINITIONAL_REPRESENTATION('',(#1132),#1136);
#1132 = LINE('',#1133,#1134);
#1133 = CARTESIAN_POINT('',(165.,18.));
#1134 = VECTOR('',#1135,1.);
#1135 = DIRECTION('',(1.,5.783360729246E-32));
#1136 = ( GEOMETRIC_REPRESENTATION_CONTEXT(2) 
PARAMETRIC_REPRESENTATION_CONTEXT() REPRESENTATION_CONTEXT('2D SPACE',''
  ) );
#1137 = PCURVE('',#610,#1138);
#1138 = DEFINITIONAL_REPRESENTATION('',(#1139),#1143);
#1139 = LINE('',#1140,#1141);
#1140 = CARTESIAN_POINT('',(0.785398163397,0.));
#1141 = VECTOR('',#1142,1.);
#1142 = DIRECTION('',(-6.089405074459E-17,1.));
#1143 = ( GEOMETRIC_REPRESENTATION_CONTEXT(2) 
PARAMETRIC_REPRESENTATION_CONTEXT() REPRESENTATION_CONTEXT('2D SPACE',''
  ) );
#1144 = ORIENTED_EDGE('',*,*,#1145,.F.);
#1145 = EDGE_CURVE('',#1070,#1123,#1146,.T.);
#1146 = SURFACE_CURVE('',#1147,(#1151,#1157),.PCURVE_S1.);
#1147 = LINE('',#1148,#1149);
#1148 = CARTESIAN_POINT('',(-878.6199967142,-350.6925394602,
    581.020608637));
#1149 = VECTOR('',#1150,1.);
#1150 = DIRECTION('',(0.,-0.965925826289,0.258819045103));
#1151 = PCURVE('',#637,#1152);
#1152 = DEFINITIONAL_REPRESENTATION('',(#1153),#1156);
#1153 = B_SPLINE_CURVE_WITH_KNOTS('',1,(#1154,#1155),.UNSPECIFIED.,.F.,
  .F.,(2,2),(-9.560477932315,6.439522067685),.PIECEWISE_BEZIER_KNOTS.);
#1154 = CARTESIAN_POINT('',(8.,2.));
#1155 = CARTESIAN_POINT('',(8.,18.));
#1156 = ( GEOMETRIC_REPRESENTATION_CONTEXT(2) 
PARAMETRIC_REPRESENTATION_CONTEXT() REPRESENTATION_CONTEXT('2D SPACE',''
  ) );
#1157 = PCURVE('',#805,#1158);
#1158 = DEFINITIONAL_REPRESENTATION('',(#1159),#1162);
#1159 = B_SPLINE_CURVE_WITH_KNOTS('',1,(#1160,#1161),.UNSPECIFIED.,.F.,
  .F.,(2,2),(-9.560477932315,6.439522067685),.PIECEWISE_BEZIER_KNOTS.);
#1160 = CARTESIAN_POINT('',(54.225738953634,-36.39576547575));
#1161 = CARTESIAN_POINT('',(58.366843675274,-20.94095225512));
#1162 = ( GEOMETRIC_REPRESENTATION_CONTEXT(2) 
PARAMETRIC_REPRESENTATION_CONTEXT() REPRESENTATION_CONTEXT('2D SPACE',''
  ) );
#1163 = ORIENTED_EDGE('',*,*,#1069,.F.);
#1164 = ORIENTED_EDGE('',*,*,#622,.T.);
#1165 = ADVANCED_FACE('',(#1166),#610,.T.);
#1166 = FACE_BOUND('',#1167,.T.);
#1167 = EDGE_LOOP('',(#1168,#1190,#1191,#1192));
#1168 = ORIENTED_EDGE('',*,*,#1169,.T.);
#1169 = EDGE_CURVE('',#977,#1123,#1170,.T.);
#1170 = SURFACE_CURVE('',#1171,(#1176,#1183),.PCURVE_S1.);
#1171 = CIRCLE('',#1172,2.);
#1172 = AXIS2_PLACEMENT_3D('',#1173,#1174,#1175);
#1173 = CARTESIAN_POINT('',(-878.6199967142,-356.3950020442,
    584.61913124205));
#1174 = DIRECTION('',(1.,-1.224646799147E-16,-6.728624391668E-17));
#1175 = DIRECTION('',(-1.397006458308E-16,-0.866025403784,-0.5));
#1176 = PCURVE('',#610,#1177);
#1177 = DEFINITIONAL_REPRESENTATION('',(#1178),#1182);
#1178 = LINE('',#1179,#1180);
#1179 = CARTESIAN_POINT('',(-6.28318530718,-157.));
#1180 = VECTOR('',#1181,1.);
#1181 = DIRECTION('',(1.,0.));
#1182 = ( GEOMETRIC_REPRESENTATION_CONTEXT(2) 
PARAMETRIC_REPRESENTATION_CONTEXT() REPRESENTATION_CONTEXT('2D SPACE',''
  ) );
#1183 = PCURVE('',#805,#1184);
#1184 = DEFINITIONAL_REPRESENTATION('',(#1185),#1189);
#1185 = CIRCLE('',#1186,2.);
#1186 = AXIS2_PLACEMENT_2D('',#1187,#1188);
#1187 = CARTESIAN_POINT('',(60.298695327852,-21.45859034533));
#1188 = DIRECTION('',(-0.5,0.866025403784));
#1189 = ( GEOMETRIC_REPRESENTATION_CONTEXT(2) 
PARAMETRIC_REPRESENTATION_CONTEXT() REPRESENTATION_CONTEXT('2D SPACE',''
  ) );
#1190 = ORIENTED_EDGE('',*,*,#1122,.T.);
#1191 = ORIENTED_EDGE('',*,*,#593,.F.);
#1192 = ORIENTED_EDGE('',*,*,#976,.T.);
#1193 = ADVANCED_FACE('',(#1194),#749,.T.);
#1194 = FACE_BOUND('',#1195,.T.);
#1195 = EDGE_LOOP('',(#1196,#1197,#1198,#1199));
#1196 = ORIENTED_EDGE('',*,*,#872,.F.);
#1197 = ORIENTED_EDGE('',*,*,#735,.F.);
#1198 = ORIENTED_EDGE('',*,*,#846,.F.);
#1199 = ORIENTED_EDGE('',*,*,#1200,.T.);
#1200 = EDGE_CURVE('',#818,#873,#1201,.T.);
#1201 = SURFACE_CURVE('',#1202,(#1206,#1213),.PCURVE_S1.);
#1202 = LINE('',#1203,#1204);
#1203 = CARTESIAN_POINT('',(-878.6199967142,-354.0893726579,
    595.38937769447));
#1204 = VECTOR('',#1205,1.);
#1205 = DIRECTION('',(0.,-0.965925826289,0.258819045103));
#1206 = PCURVE('',#749,#1207);
#1207 = DEFINITIONAL_REPRESENTATION('',(#1208),#1212);
#1208 = LINE('',#1209,#1210);
#1209 = CARTESIAN_POINT('',(652.,18.560477932316));
#1210 = VECTOR('',#1211,1.);
#1211 = DIRECTION('',(-1.008768357388E-16,1.));
#1212 = ( GEOMETRIC_REPRESENTATION_CONTEXT(2) 
PARAMETRIC_REPRESENTATION_CONTEXT() REPRESENTATION_CONTEXT('2D SPACE',''
  ) );
#1213 = PCURVE('',#1214,#1219);
#1214 = PLANE('',#1215);
#1215 = AXIS2_PLACEMENT_3D('',#1216,#1217,#1218);
#1216 = CARTESIAN_POINT('',(-226.6199967142,-336.1613276748,
    590.58557251938));
#1217 = DIRECTION('',(9.668971226742E-17,0.258819045103,0.965925826289)
  );
#1218 = DIRECTION('',(-1.,1.224646799147E-16,6.728624391668E-17));
#1219 = DEFINITIONAL_REPRESENTATION('',(#1220),#1224);
#1220 = LINE('',#1221,#1222);
#1221 = CARTESIAN_POINT('',(652.,18.560477932316));
#1222 = VECTOR('',#1223,1.);
#1223 = DIRECTION('',(-1.008768357388E-16,1.));
#1224 = ( GEOMETRIC_REPRESENTATION_CONTEXT(2) 
PARAMETRIC_REPRESENTATION_CONTEXT() REPRESENTATION_CONTEXT('2D SPACE',''
  ) );
#1225 = ADVANCED_FACE('',(#1226),#805,.F.);
#1226 = FACE_BOUND('',#1227,.F.);
#1227 = EDGE_LOOP('',(#1228,#1252,#1253,#1254,#1255,#1256,#1257));
#1228 = ORIENTED_EDGE('',*,*,#1229,.F.);
#1229 = EDGE_CURVE('',#953,#789,#1230,.T.);
#1230 = SURFACE_CURVE('',#1231,(#1235,#1241),.PCURVE_S1.);
#1231 = LINE('',#1232,#1233);
#1232 = CARTESIAN_POINT('',(-878.6199967142,-568.1935037817,
    647.97150212451));
#1233 = VECTOR('',#1234,1.);
#1234 = DIRECTION('',(1.008768357388E-16,0.965925826289,-0.258819045103)
  );
#1235 = PCURVE('',#805,#1236);
#1236 = DEFINITIONAL_REPRESENTATION('',(#1237),#1240);
#1237 = B_SPLINE_CURVE_WITH_KNOTS('',1,(#1238,#1239),.UNSPECIFIED.,.F.,
  .F.,(2,2),(192.90985464475,242.64411625641),.PIECEWISE_BEZIER_KNOTS.);
#1238 = CARTESIAN_POINT('',(73.722321840289,4.003300645177));
#1239 = CARTESIAN_POINT('',(60.850147741078,-44.03630709694));
#1240 = ( GEOMETRIC_REPRESENTATION_CONTEXT(2) 
PARAMETRIC_REPRESENTATION_CONTEXT() REPRESENTATION_CONTEXT('2D SPACE',''
  ) );
#1241 = PCURVE('',#1242,#1247);
#1242 = CYLINDRICAL_SURFACE('',#1243,50.);
#1243 = AXIS2_PLACEMENT_3D('',#1244,#1245,#1246);
#1244 = CARTESIAN_POINT('',(-899.6199967142,-579.9377298866,
    604.1414536053));
#1245 = DIRECTION('',(1.008768357388E-16,0.965925826289,-0.258819045103)
  );
#1246 = DIRECTION('',(3.362494525438E-33,0.258819045103,0.965925826289)
  );
#1247 = DEFINITIONAL_REPRESENTATION('',(#1248),#1251);
#1248 = B_SPLINE_CURVE_WITH_KNOTS('',1,(#1249,#1250),.UNSPECIFIED.,.F.,
  .F.,(2,2),(192.90985464475,242.64411625641),.PIECEWISE_BEZIER_KNOTS.);
#1249 = CARTESIAN_POINT('',(0.43344532007,192.90985464475));
#1250 = CARTESIAN_POINT('',(0.43344532007,242.64411625641));
#1251 = ( GEOMETRIC_REPRESENTATION_CONTEXT(2) 
PARAMETRIC_REPRESENTATION_CONTEXT() REPRESENTATION_CONTEXT('2D SPACE',''
  ) );
#1252 = ORIENTED_EDGE('',*,*,#999,.T.);
#1253 = ORIENTED_EDGE('',*,*,#1169,.T.);
#1254 = ORIENTED_EDGE('',*,*,#1145,.F.);
#1255 = ORIENTED_EDGE('',*,*,#1092,.F.);
#1256 = ORIENTED_EDGE('',*,*,#1046,.F.);
#1257 = ORIENTED_EDGE('',*,*,#788,.T.);
#1258 = ADVANCED_FACE('',(#1259),#834,.T.);
#1259 = FACE_BOUND('',#1260,.T.);
#1260 = EDGE_LOOP('',(#1261,#1282,#1310,#1334));
#1261 = ORIENTED_EDGE('',*,*,#1262,.T.);
#1262 = EDGE_CURVE('',#789,#1263,#1265,.T.);
#1263 = VERTEX_POINT('',#1264);
#1264 = CARTESIAN_POINT('',(-878.6199967142,-337.8205859377,
    586.24326483021));
#1265 = SURFACE_CURVE('',#1266,(#1270,#1276),.PCURVE_S1.);
#1266 = LINE('',#1267,#1268);
#1267 = CARTESIAN_POINT('',(-878.6199967142,-568.1935037817,
    647.97150212451));
#1268 = VECTOR('',#1269,1.);
#1269 = DIRECTION('',(1.008768357388E-16,0.965925826289,-0.258819045103)
  );
#1270 = PCURVE('',#834,#1271);
#1271 = DEFINITIONAL_REPRESENTATION('',(#1272),#1275);
#1272 = B_SPLINE_CURVE_WITH_KNOTS('',1,(#1273,#1274),.UNSPECIFIED.,.F.,
  .F.,(2,2),(192.90985464475,242.64411625641),.PIECEWISE_BEZIER_KNOTS.);
#1273 = CARTESIAN_POINT('',(73.722321840289,4.003300645177));
#1274 = CARTESIAN_POINT('',(60.850147741078,-44.03630709694));
#1275 = ( GEOMETRIC_REPRESENTATION_CONTEXT(2) 
PARAMETRIC_REPRESENTATION_CONTEXT() REPRESENTATION_CONTEXT('2D SPACE',''
  ) );
#1276 = PCURVE('',#1242,#1277);
#1277 = DEFINITIONAL_REPRESENTATION('',(#1278),#1281);
#1278 = B_SPLINE_CURVE_WITH_KNOTS('',1,(#1279,#1280),.UNSPECIFIED.,.F.,
  .F.,(2,2),(192.90985464475,242.64411625641),.PIECEWISE_BEZIER_KNOTS.);
#1279 = CARTESIAN_POINT('',(0.43344532007,192.90985464475));
#1280 = CARTESIAN_POINT('',(0.43344532007,242.64411625641));
#1281 = ( GEOMETRIC_REPRESENTATION_CONTEXT(2) 
PARAMETRIC_REPRESENTATION_CONTEXT() REPRESENTATION_CONTEXT('2D SPACE',''
  ) );
#1282 = ORIENTED_EDGE('',*,*,#1283,.T.);
#1283 = EDGE_CURVE('',#1263,#1284,#1286,.T.);
#1284 = VERTEX_POINT('',#1285);
#1285 = CARTESIAN_POINT('',(-878.6199967142,-337.8205859377,
    591.03016943096));
#1286 = SURFACE_CURVE('',#1287,(#1291,#1298),.PCURVE_S1.);
#1287 = LINE('',#1288,#1289);
#1288 = CARTESIAN_POINT('',(-878.6199967142,-337.8205859377,
    524.3204359142));
#1289 = VECTOR('',#1290,1.);
#1290 = DIRECTION('',(0.,0.,1.));
#1291 = PCURVE('',#834,#1292);
#1292 = DEFINITIONAL_REPRESENTATION('',(#1293),#1297);
#1293 = LINE('',#1294,#1295);
#1294 = CARTESIAN_POINT('',(0.,-40.03300645177));
#1295 = VECTOR('',#1296,1.);
#1296 = DIRECTION('',(1.,0.));
#1297 = ( GEOMETRIC_REPRESENTATION_CONTEXT(2) 
PARAMETRIC_REPRESENTATION_CONTEXT() REPRESENTATION_CONTEXT('2D SPACE',''
  ) );
#1298 = PCURVE('',#1299,#1304);
#1299 = PLANE('',#1300);
#1300 = AXIS2_PLACEMENT_3D('',#1301,#1302,#1303);
#1301 = CARTESIAN_POINT('',(-957.6199967142,-337.8205859377,
    524.3204359142));
#1302 = DIRECTION('',(-0.,1.,0.));
#1303 = DIRECTION('',(0.,0.,1.));
#1304 = DEFINITIONAL_REPRESENTATION('',(#1305),#1309);
#1305 = LINE('',#1306,#1307);
#1306 = CARTESIAN_POINT('',(0.,79.));
#1307 = VECTOR('',#1308,1.);
#1308 = DIRECTION('',(1.,0.));
#1309 = ( GEOMETRIC_REPRESENTATION_CONTEXT(2) 
PARAMETRIC_REPRESENTATION_CONTEXT() REPRESENTATION_CONTEXT('2D SPACE',''
  ) );
#1310 = ORIENTED_EDGE('',*,*,#1311,.T.);
#1311 = EDGE_CURVE('',#1284,#818,#1312,.T.);
#1312 = SURFACE_CURVE('',#1313,(#1317,#1323),.PCURVE_S1.);
#1313 = LINE('',#1314,#1315);
#1314 = CARTESIAN_POINT('',(-878.6199967142,-354.0893726579,
    595.38937769447));
#1315 = VECTOR('',#1316,1.);
#1316 = DIRECTION('',(0.,-0.965925826289,0.258819045103));
#1317 = PCURVE('',#834,#1318);
#1318 = DEFINITIONAL_REPRESENTATION('',(#1319),#1322);
#1319 = B_SPLINE_CURVE_WITH_KNOTS('',1,(#1320,#1321),.UNSPECIFIED.,.F.,
  .F.,(2,2),(-16.84268737559,24.602530634126),.PIECEWISE_BEZIER_KNOTS.);
#1320 = CARTESIAN_POINT('',(66.709733516762,-40.03300645177));
#1321 = CARTESIAN_POINT('',(77.436545266104,8.625048222132E-16));
#1322 = ( GEOMETRIC_REPRESENTATION_CONTEXT(2) 
PARAMETRIC_REPRESENTATION_CONTEXT() REPRESENTATION_CONTEXT('2D SPACE',''
  ) );
#1323 = PCURVE('',#1324,#1329);
#1324 = PLANE('',#1325);
#1325 = AXIS2_PLACEMENT_3D('',#1326,#1327,#1328);
#1326 = CARTESIAN_POINT('',(-556.6199967142,-349.6842892429,
    594.20903915082));
#1327 = DIRECTION('',(-1.181782577136E-16,-0.258819045103,
    -0.965925826289));
#1328 = DIRECTION('',(-2.791962221888E-33,-0.965925826289,0.258819045103
    ));
#1329 = DEFINITIONAL_REPRESENTATION('',(#1330),#1333);
#1330 = B_SPLINE_CURVE_WITH_KNOTS('',1,(#1331,#1332),.UNSPECIFIED.,.F.,
  .F.,(2,2),(-16.84268737559,24.602530634126),.PIECEWISE_BEZIER_KNOTS.);
#1331 = CARTESIAN_POINT('',(-12.28220944328,322.));
#1332 = CARTESIAN_POINT('',(29.163008566441,322.));
#1333 = ( GEOMETRIC_REPRESENTATION_CONTEXT(2) 
PARAMETRIC_REPRESENTATION_CONTEXT() REPRESENTATION_CONTEXT('2D SPACE',''
  ) );
#1334 = ORIENTED_EDGE('',*,*,#817,.F.);
#1335 = ADVANCED_FACE('',(#1336),#912,.T.);
#1336 = FACE_BOUND('',#1337,.T.);
#1337 = EDGE_LOOP('',(#1338,#1368,#1387,#1388,#1389));
#1338 = ORIENTED_EDGE('',*,*,#1339,.F.);
#1339 = EDGE_CURVE('',#1340,#1342,#1344,.T.);
#1340 = VERTEX_POINT('',#1341);
#1341 = CARTESIAN_POINT('',(-878.6199967142,-377.8535923895,
    596.97007657955));
#1342 = VERTEX_POINT('',#1343);
#1343 = CARTESIAN_POINT('',(-878.6199967142,-377.8535923895,
    601.7569811803));
#1344 = SURFACE_CURVE('',#1345,(#1349,#1356),.PCURVE_S1.);
#1345 = LINE('',#1346,#1347);
#1346 = CARTESIAN_POINT('',(-878.6199967142,-377.8535923895,
    524.3204359142));
#1347 = VECTOR('',#1348,1.);
#1348 = DIRECTION('',(0.,0.,1.));
#1349 = PCURVE('',#912,#1350);
#1350 = DEFINITIONAL_REPRESENTATION('',(#1351),#1355);
#1351 = LINE('',#1352,#1353);
#1352 = CARTESIAN_POINT('',(0.,0.));
#1353 = VECTOR('',#1354,1.);
#1354 = DIRECTION('',(1.,0.));
#1355 = ( GEOMETRIC_REPRESENTATION_CONTEXT(2) 
PARAMETRIC_REPRESENTATION_CONTEXT() REPRESENTATION_CONTEXT('2D SPACE',''
  ) );
#1356 = PCURVE('',#1357,#1362);
#1357 = PLANE('',#1358);
#1358 = AXIS2_PLACEMENT_3D('',#1359,#1360,#1361);
#1359 = CARTESIAN_POINT('',(-957.6199967142,-377.8535923895,
    524.3204359142));
#1360 = DIRECTION('',(-0.,1.,0.));
#1361 = DIRECTION('',(0.,0.,1.));
#1362 = DEFINITIONAL_REPRESENTATION('',(#1363),#1367);
#1363 = LINE('',#1364,#1365);
#1364 = CARTESIAN_POINT('',(0.,79.));
#1365 = VECTOR('',#1366,1.);
#1366 = DIRECTION('',(1.,0.));
#1367 = ( GEOMETRIC_REPRESENTATION_CONTEXT(2) 
PARAMETRIC_REPRESENTATION_CONTEXT() REPRESENTATION_CONTEXT('2D SPACE',''
  ) );
#1368 = ORIENTED_EDGE('',*,*,#1369,.T.);
#1369 = EDGE_CURVE('',#1340,#953,#1370,.T.);
#1370 = SURFACE_CURVE('',#1371,(#1375,#1381),.PCURVE_S1.);
#1371 = LINE('',#1372,#1373);
#1372 = CARTESIAN_POINT('',(-878.6199967142,-568.1935037817,
    647.97150212451));
#1373 = VECTOR('',#1374,1.);
#1374 = DIRECTION('',(1.008768357388E-16,0.965925826289,-0.258819045103)
  );
#1375 = PCURVE('',#912,#1376);
#1376 = DEFINITIONAL_REPRESENTATION('',(#1377),#1380);
#1377 = B_SPLINE_CURVE_WITH_KNOTS('',1,(#1378,#1379),.UNSPECIFIED.,.F.,
  .F.,(2,2),(192.90985464475,242.64411625641),.PIECEWISE_BEZIER_KNOTS.);
#1378 = CARTESIAN_POINT('',(73.722321840289,4.003300645177));
#1379 = CARTESIAN_POINT('',(60.850147741078,-44.03630709694));
#1380 = ( GEOMETRIC_REPRESENTATION_CONTEXT(2) 
PARAMETRIC_REPRESENTATION_CONTEXT() REPRESENTATION_CONTEXT('2D SPACE',''
  ) );
#1381 = PCURVE('',#1242,#1382);
#1382 = DEFINITIONAL_REPRESENTATION('',(#1383),#1386);
#1383 = B_SPLINE_CURVE_WITH_KNOTS('',1,(#1384,#1385),.UNSPECIFIED.,.F.,
  .F.,(2,2),(192.90985464475,242.64411625641),.PIECEWISE_BEZIER_KNOTS.);
#1384 = CARTESIAN_POINT('',(0.43344532007,192.90985464475));
#1385 = CARTESIAN_POINT('',(0.43344532007,242.64411625641));
#1386 = ( GEOMETRIC_REPRESENTATION_CONTEXT(2) 
PARAMETRIC_REPRESENTATION_CONTEXT() REPRESENTATION_CONTEXT('2D SPACE',''
  ) );
#1387 = ORIENTED_EDGE('',*,*,#952,.F.);
#1388 = ORIENTED_EDGE('',*,*,#895,.T.);
#1389 = ORIENTED_EDGE('',*,*,#1390,.T.);
#1390 = EDGE_CURVE('',#873,#1342,#1391,.T.);
#1391 = SURFACE_CURVE('',#1392,(#1396,#1402),.PCURVE_S1.);
#1392 = LINE('',#1393,#1394);
#1393 = CARTESIAN_POINT('',(-878.6199967142,-354.0893726579,
    595.38937769447));
#1394 = VECTOR('',#1395,1.);
#1395 = DIRECTION('',(0.,-0.965925826289,0.258819045103));
#1396 = PCURVE('',#912,#1397);
#1397 = DEFINITIONAL_REPRESENTATION('',(#1398),#1401);
#1398 = B_SPLINE_CURVE_WITH_KNOTS('',1,(#1399,#1400),.UNSPECIFIED.,.F.,
  .F.,(2,2),(-16.84268737559,24.602530634126),.PIECEWISE_BEZIER_KNOTS.);
#1399 = CARTESIAN_POINT('',(66.709733516762,-40.03300645177));
#1400 = CARTESIAN_POINT('',(77.436545266104,8.625048222132E-16));
#1401 = ( GEOMETRIC_REPRESENTATION_CONTEXT(2) 
PARAMETRIC_REPRESENTATION_CONTEXT() REPRESENTATION_CONTEXT('2D SPACE',''
  ) );
#1402 = PCURVE('',#1324,#1403);
#1403 = DEFINITIONAL_REPRESENTATION('',(#1404),#1407);
#1404 = B_SPLINE_CURVE_WITH_KNOTS('',1,(#1405,#1406),.UNSPECIFIED.,.F.,
  .F.,(2,2),(-16.84268737559,24.602530634126),.PIECEWISE_BEZIER_KNOTS.);
#1405 = CARTESIAN_POINT('',(-12.28220944328,322.));
#1406 = CARTESIAN_POINT('',(29.163008566441,322.));
#1407 = ( GEOMETRIC_REPRESENTATION_CONTEXT(2) 
PARAMETRIC_REPRESENTATION_CONTEXT() REPRESENTATION_CONTEXT('2D SPACE',''
  ) );
#1408 = ADVANCED_FACE('',(#1409),#1214,.T.);
#1409 = FACE_BOUND('',#1410,.T.);
#1410 = EDGE_LOOP('',(#1411,#1434,#1435,#1458));
#1411 = ORIENTED_EDGE('',*,*,#1412,.F.);
#1412 = EDGE_CURVE('',#873,#1413,#1415,.T.);
#1413 = VERTEX_POINT('',#1414);
#1414 = CARTESIAN_POINT('',(-886.6199967142,-353.547992548,
    595.24431533123));
#1415 = SURFACE_CURVE('',#1416,(#1420,#1427),.PCURVE_S1.);
#1416 = LINE('',#1417,#1418);
#1417 = CARTESIAN_POINT('',(-391.6199967142,-353.547992548,
    595.24431533123));
#1418 = VECTOR('',#1419,1.);
#1419 = DIRECTION('',(-1.,1.224646799147E-16,6.728624391668E-17));
#1420 = PCURVE('',#1214,#1421);
#1421 = DEFINITIONAL_REPRESENTATION('',(#1422),#1426);
#1422 = LINE('',#1423,#1424);
#1423 = CARTESIAN_POINT('',(165.,18.000000000001));
#1424 = VECTOR('',#1425,1.);
#1425 = DIRECTION('',(1.,-5.783360729246E-32));
#1426 = ( GEOMETRIC_REPRESENTATION_CONTEXT(2) 
PARAMETRIC_REPRESENTATION_CONTEXT() REPRESENTATION_CONTEXT('2D SPACE',''
  ) );
#1427 = PCURVE('',#1324,#1428);
#1428 = DEFINITIONAL_REPRESENTATION('',(#1429),#1433);
#1429 = LINE('',#1430,#1431);
#1430 = CARTESIAN_POINT('',(4.,-165.));
#1431 = VECTOR('',#1432,1.);
#1432 = DIRECTION('',(-1.008768357388E-16,1.));
#1433 = ( GEOMETRIC_REPRESENTATION_CONTEXT(2) 
PARAMETRIC_REPRESENTATION_CONTEXT() REPRESENTATION_CONTEXT('2D SPACE',''
  ) );
#1434 = ORIENTED_EDGE('',*,*,#1200,.F.);
#1435 = ORIENTED_EDGE('',*,*,#1436,.F.);
#1436 = EDGE_CURVE('',#1437,#818,#1439,.T.);
#1437 = VERTEX_POINT('',#1438);
#1438 = CARTESIAN_POINT('',(-886.6199967142,-345.8205859377,
    593.17376297041));
#1439 = SURFACE_CURVE('',#1440,(#1444,#1451),.PCURVE_S1.);
#1440 = LINE('',#1441,#1442);
#1441 = CARTESIAN_POINT('',(-391.6199967142,-345.8205859377,
    593.17376297041));
#1442 = VECTOR('',#1443,1.);
#1443 = DIRECTION('',(1.,-1.224646799147E-16,-6.728624391668E-17));
#1444 = PCURVE('',#1214,#1445);
#1445 = DEFINITIONAL_REPRESENTATION('',(#1446),#1450);
#1446 = LINE('',#1447,#1448);
#1447 = CARTESIAN_POINT('',(165.,10.000000000001));
#1448 = VECTOR('',#1449,1.);
#1449 = DIRECTION('',(-1.,5.783360729246E-32));
#1450 = ( GEOMETRIC_REPRESENTATION_CONTEXT(2) 
PARAMETRIC_REPRESENTATION_CONTEXT() REPRESENTATION_CONTEXT('2D SPACE',''
  ) );
#1451 = PCURVE('',#1324,#1452);
#1452 = DEFINITIONAL_REPRESENTATION('',(#1453),#1457);
#1453 = LINE('',#1454,#1455);
#1454 = CARTESIAN_POINT('',(-4.,-165.));
#1455 = VECTOR('',#1456,1.);
#1456 = DIRECTION('',(1.008768357388E-16,-1.));
#1457 = ( GEOMETRIC_REPRESENTATION_CONTEXT(2) 
PARAMETRIC_REPRESENTATION_CONTEXT() REPRESENTATION_CONTEXT('2D SPACE',''
  ) );
#1458 = ORIENTED_EDGE('',*,*,#1459,.T.);
#1459 = EDGE_CURVE('',#1437,#1413,#1460,.T.);
#1460 = SURFACE_CURVE('',#1461,(#1465,#1472),.PCURVE_S1.);
#1461 = LINE('',#1462,#1463);
#1462 = CARTESIAN_POINT('',(-886.6199967142,-336.1613276748,
    590.58557251938));
#1463 = VECTOR('',#1464,1.);
#1464 = DIRECTION('',(-1.008768357388E-16,-0.965925826289,0.258819045103
    ));
#1465 = PCURVE('',#1214,#1466);
#1466 = DEFINITIONAL_REPRESENTATION('',(#1467),#1471);
#1467 = LINE('',#1468,#1469);
#1468 = CARTESIAN_POINT('',(660.,9.600303036745E-14));
#1469 = VECTOR('',#1470,1.);
#1470 = DIRECTION('',(8.574770054038E-31,1.));
#1471 = ( GEOMETRIC_REPRESENTATION_CONTEXT(2) 
PARAMETRIC_REPRESENTATION_CONTEXT() REPRESENTATION_CONTEXT('2D SPACE',''
  ) );
#1472 = PCURVE('',#1324,#1473);
#1473 = DEFINITIONAL_REPRESENTATION('',(#1474),#1478);
#1474 = LINE('',#1475,#1476);
#1475 = CARTESIAN_POINT('',(-14.,330.));
#1476 = VECTOR('',#1477,1.);
#1477 = DIRECTION('',(1.,1.008768357388E-16));
#1478 = ( GEOMETRIC_REPRESENTATION_CONTEXT(2) 
PARAMETRIC_REPRESENTATION_CONTEXT() REPRESENTATION_CONTEXT('2D SPACE',''
  ) );
#1479 = ADVANCED_FACE('',(#1480),#1242,.F.);
#1480 = FACE_BOUND('',#1481,.F.);
#1481 = EDGE_LOOP('',(#1482,#1510,#1533,#1559,#1560,#1561));
#1482 = ORIENTED_EDGE('',*,*,#1483,.F.);
#1483 = EDGE_CURVE('',#1484,#1263,#1486,.T.);
#1484 = VERTEX_POINT('',#1485);
#1485 = CARTESIAN_POINT('',(-899.6199967142,-337.8205859377,
    591.03016943096));
#1486 = SURFACE_CURVE('',#1487,(#1492,#1503),.PCURVE_S1.);
#1487 = ELLIPSE('',#1488,51.763809020504,50.);
#1488 = AXIS2_PLACEMENT_3D('',#1489,#1490,#1491);
#1489 = CARTESIAN_POINT('',(-899.6199967142,-337.8205859377,
    539.26636041046));
#1490 = DIRECTION('',(0.,1.,0.));
#1491 = DIRECTION('',(3.897581636578E-16,0.,-1.));
#1492 = PCURVE('',#1242,#1493);
#1493 = DEFINITIONAL_REPRESENTATION('',(#1494),#1502);
#1494 = B_SPLINE_CURVE_WITH_KNOTS('',6,(#1495,#1496,#1497,#1498,#1499,
    #1500,#1501),.UNSPECIFIED.,.F.,.F.,(7,7),(3.14159265359,
    3.757868340827),.PIECEWISE_BEZIER_KNOTS.);
#1495 = CARTESIAN_POINT('',(0.,237.26065237768));
#1496 = CARTESIAN_POINT('',(0.10271261454,237.26065237768));
#1497 = CARTESIAN_POINT('',(0.205425229079,237.43026216306));
#1498 = CARTESIAN_POINT('',(0.308137843619,237.76948273994));
#1499 = CARTESIAN_POINT('',(0.410850458158,238.27294266324));
#1500 = CARTESIAN_POINT('',(0.513563072698,238.92991348026));
#1501 = CARTESIAN_POINT('',(0.616275687237,239.72529240548));
#1502 = ( GEOMETRIC_REPRESENTATION_CONTEXT(2) 
PARAMETRIC_REPRESENTATION_CONTEXT() REPRESENTATION_CONTEXT('2D SPACE',''
  ) );
#1503 = PCURVE('',#1299,#1504);
#1504 = DEFINITIONAL_REPRESENTATION('',(#1505),#1509);
#1505 = ELLIPSE('',#1506,51.763809020504,50.);
#1506 = AXIS2_PLACEMENT_2D('',#1507,#1508);
#1507 = CARTESIAN_POINT('',(14.945924496258,58.));
#1508 = DIRECTION('',(-1.,3.897581636578E-16));
#1509 = ( GEOMETRIC_REPRESENTATION_CONTEXT(2) 
PARAMETRIC_REPRESENTATION_CONTEXT() REPRESENTATION_CONTEXT('2D SPACE',''
  ) );
#1510 = ORIENTED_EDGE('',*,*,#1511,.F.);
#1511 = EDGE_CURVE('',#1512,#1484,#1514,.T.);
#1512 = VERTEX_POINT('',#1513);
#1513 = CARTESIAN_POINT('',(-899.6199967142,-377.8535923895,
    601.7569811803));
#1514 = SURFACE_CURVE('',#1515,(#1519,#1526),.PCURVE_S1.);
#1515 = LINE('',#1516,#1517);
#1516 = CARTESIAN_POINT('',(-899.6199967142,-566.9967776315,
    652.43774491975));
#1517 = VECTOR('',#1518,1.);
#1518 = DIRECTION('',(1.008768357388E-16,0.965925826289,-0.258819045103)
  );
#1519 = PCURVE('',#1242,#1520);
#1520 = DEFINITIONAL_REPRESENTATION('',(#1521),#1525);
#1521 = LINE('',#1522,#1523);
#1522 = CARTESIAN_POINT('',(0.,-0.));
#1523 = VECTOR('',#1524,1.);
#1524 = DIRECTION('',(0.,1.));
#1525 = ( GEOMETRIC_REPRESENTATION_CONTEXT(2) 
PARAMETRIC_REPRESENTATION_CONTEXT() REPRESENTATION_CONTEXT('2D SPACE',''
  ) );
#1526 = PCURVE('',#1324,#1527);
#1527 = DEFINITIONAL_REPRESENTATION('',(#1528),#1532);
#1528 = LINE('',#1529,#1530);
#1529 = CARTESIAN_POINT('',(224.9784429344,343.));
#1530 = VECTOR('',#1531,1.);
#1531 = DIRECTION('',(-1.,-1.008768357388E-16));
#1532 = ( GEOMETRIC_REPRESENTATION_CONTEXT(2) 
PARAMETRIC_REPRESENTATION_CONTEXT() REPRESENTATION_CONTEXT('2D SPACE',''
  ) );
#1533 = ORIENTED_EDGE('',*,*,#1534,.T.);
#1534 = EDGE_CURVE('',#1512,#1340,#1535,.T.);
#1535 = SURFACE_CURVE('',#1536,(#1541,#1552),.PCURVE_S1.);
#1536 = ELLIPSE('',#1537,51.763809020504,50.);
#1537 = AXIS2_PLACEMENT_3D('',#1538,#1539,#1540);
#1538 = CARTESIAN_POINT('',(-899.6199967142,-377.8535923895,
    549.9931721598));
#1539 = DIRECTION('',(0.,1.,0.));
#1540 = DIRECTION('',(3.897581636578E-16,0.,-1.));
#1541 = PCURVE('',#1242,#1542);
#1542 = DEFINITIONAL_REPRESENTATION('',(#1543),#1551);
#1543 = B_SPLINE_CURVE_WITH_KNOTS('',6,(#1544,#1545,#1546,#1547,#1548,
    #1549,#1550),.UNSPECIFIED.,.F.,.F.,(7,7),(3.14159265359,
    3.757868340827),.PIECEWISE_BEZIER_KNOTS.);
#1544 = CARTESIAN_POINT('',(0.,195.81543436796));
#1545 = CARTESIAN_POINT('',(0.10271261454,195.81543436796));
#1546 = CARTESIAN_POINT('',(0.205425229079,195.98504415334));
#1547 = CARTESIAN_POINT('',(0.308137843619,196.32426473022));
#1548 = CARTESIAN_POINT('',(0.410850458158,196.82772465352));
#1549 = CARTESIAN_POINT('',(0.513563072698,197.48469547053));
#1550 = CARTESIAN_POINT('',(0.616275687237,198.28007439575));
#1551 = ( GEOMETRIC_REPRESENTATION_CONTEXT(2) 
PARAMETRIC_REPRESENTATION_CONTEXT() REPRESENTATION_CONTEXT('2D SPACE',''
  ) );
#1552 = PCURVE('',#1357,#1553);
#1553 = DEFINITIONAL_REPRESENTATION('',(#1554),#1558);
#1554 = ELLIPSE('',#1555,51.763809020504,50.);
#1555 = AXIS2_PLACEMENT_2D('',#1556,#1557);
#1556 = CARTESIAN_POINT('',(25.6727362456,58.));
#1557 = DIRECTION('',(-1.,3.897581636578E-16));
#1558 = ( GEOMETRIC_REPRESENTATION_CONTEXT(2) 
PARAMETRIC_REPRESENTATION_CONTEXT() REPRESENTATION_CONTEXT('2D SPACE',''
  ) );
#1559 = ORIENTED_EDGE('',*,*,#1369,.T.);
#1560 = ORIENTED_EDGE('',*,*,#1229,.T.);
#1561 = ORIENTED_EDGE('',*,*,#1262,.T.);
#1562 = ADVANCED_FACE('',(#1563),#1324,.F.);
#1563 = FACE_BOUND('',#1564,.F.);
#1564 = EDGE_LOOP('',(#1565,#1584,#1585,#1604,#1605,#1606,#1607,#1608));
#1565 = ORIENTED_EDGE('',*,*,#1566,.F.);
#1566 = EDGE_CURVE('',#1512,#1342,#1567,.T.);
#1567 = SURFACE_CURVE('',#1568,(#1572,#1578),.PCURVE_S1.);
#1568 = LINE('',#1569,#1570);
#1569 = CARTESIAN_POINT('',(-757.1199967142,-377.8535923895,
    601.7569811803));
#1570 = VECTOR('',#1571,1.);
#1571 = DIRECTION('',(1.,0.,-1.223471352533E-16));
#1572 = PCURVE('',#1324,#1573);
#1573 = DEFINITIONAL_REPRESENTATION('',(#1574),#1577);
#1574 = B_SPLINE_CURVE_WITH_KNOTS('',1,(#1575,#1576),.UNSPECIFIED.,.F.,
  .F.,(2,2),(-192.5,-121.5),.PIECEWISE_BEZIER_KNOTS.);
#1575 = CARTESIAN_POINT('',(29.163008566441,393.));
#1576 = CARTESIAN_POINT('',(29.163008566441,322.));
#1577 = ( GEOMETRIC_REPRESENTATION_CONTEXT(2) 
PARAMETRIC_REPRESENTATION_CONTEXT() REPRESENTATION_CONTEXT('2D SPACE',''
  ) );
#1578 = PCURVE('',#1357,#1579);
#1579 = DEFINITIONAL_REPRESENTATION('',(#1580),#1583);
#1580 = B_SPLINE_CURVE_WITH_KNOTS('',1,(#1581,#1582),.UNSPECIFIED.,.F.,
  .F.,(2,2),(-192.5,-121.5),.PIECEWISE_BEZIER_KNOTS.);
#1581 = CARTESIAN_POINT('',(77.436545266104,8.));
#1582 = CARTESIAN_POINT('',(77.436545266104,79.));
#1583 = ( GEOMETRIC_REPRESENTATION_CONTEXT(2) 
PARAMETRIC_REPRESENTATION_CONTEXT() REPRESENTATION_CONTEXT('2D SPACE',''
  ) );
#1584 = ORIENTED_EDGE('',*,*,#1511,.T.);
#1585 = ORIENTED_EDGE('',*,*,#1586,.T.);
#1586 = EDGE_CURVE('',#1484,#1284,#1587,.T.);
#1587 = SURFACE_CURVE('',#1588,(#1592,#1598),.PCURVE_S1.);
#1588 = LINE('',#1589,#1590);
#1589 = CARTESIAN_POINT('',(-757.1199967142,-337.8205859377,
    591.03016943096));
#1590 = VECTOR('',#1591,1.);
#1591 = DIRECTION('',(1.,0.,-1.223471352533E-16));
#1592 = PCURVE('',#1324,#1593);
#1593 = DEFINITIONAL_REPRESENTATION('',(#1594),#1597);
#1594 = B_SPLINE_CURVE_WITH_KNOTS('',1,(#1595,#1596),.UNSPECIFIED.,.F.,
  .F.,(2,2),(-192.5,-121.5),.PIECEWISE_BEZIER_KNOTS.);
#1595 = CARTESIAN_POINT('',(-12.28220944328,393.));
#1596 = CARTESIAN_POINT('',(-12.28220944328,322.));
#1597 = ( GEOMETRIC_REPRESENTATION_CONTEXT(2) 
PARAMETRIC_REPRESENTATION_CONTEXT() REPRESENTATION_CONTEXT('2D SPACE',''
  ) );
#1598 = PCURVE('',#1299,#1599);
#1599 = DEFINITIONAL_REPRESENTATION('',(#1600),#1603);
#1600 = B_SPLINE_CURVE_WITH_KNOTS('',1,(#1601,#1602),.UNSPECIFIED.,.F.,
  .F.,(2,2),(-192.5,-121.5),.PIECEWISE_BEZIER_KNOTS.);
#1601 = CARTESIAN_POINT('',(66.709733516762,8.));
#1602 = CARTESIAN_POINT('',(66.709733516762,79.));
#1603 = ( GEOMETRIC_REPRESENTATION_CONTEXT(2) 
PARAMETRIC_REPRESENTATION_CONTEXT() REPRESENTATION_CONTEXT('2D SPACE',''
  ) );
#1604 = ORIENTED_EDGE('',*,*,#1311,.T.);
#1605 = ORIENTED_EDGE('',*,*,#1436,.F.);
#1606 = ORIENTED_EDGE('',*,*,#1459,.T.);
#1607 = ORIENTED_EDGE('',*,*,#1412,.F.);
#1608 = ORIENTED_EDGE('',*,*,#1390,.T.);
#1609 = ADVANCED_FACE('',(#1610),#1299,.T.);
#1610 = FACE_BOUND('',#1611,.T.);
#1611 = EDGE_LOOP('',(#1612,#1613,#1614));
#1612 = ORIENTED_EDGE('',*,*,#1483,.F.);
#1613 = ORIENTED_EDGE('',*,*,#1586,.T.);
#1614 = ORIENTED_EDGE('',*,*,#1283,.F.);
#1615 = ADVANCED_FACE('',(#1616),#1357,.F.);
#1616 = FACE_BOUND('',#1617,.F.);
#1617 = EDGE_LOOP('',(#1618,#1619,#1620));
#1618 = ORIENTED_EDGE('',*,*,#1534,.F.);
#1619 = ORIENTED_EDGE('',*,*,#1566,.T.);
#1620 = ORIENTED_EDGE('',*,*,#1339,.F.);
#1621 = ( GEOMETRIC_REPRESENTATION_CONTEXT(3) 
GLOBAL_UNCERTAINTY_ASSIGNED_CONTEXT((#1625)) 
GLOBAL_UNIT_ASSIGNED_CONTEXT((#1622,#1623,#1624)) REPRESENTATION_CONTEXT
('Context #1','3D Context with UNIT and UNCERTAINTY') );
#1622 = ( LENGTH_UNIT() NAMED_UNIT(*) SI_UNIT(.MILLI.,.METRE.) );
#1623 = ( NAMED_UNIT(*) PLANE_ANGLE_UNIT() SI_UNIT($,.RADIAN.) );
#1624 = ( NAMED_UNIT(*) SI_UNIT($,.STERADIAN.) SOLID_ANGLE_UNIT() );
#1625 = UNCERTAINTY_MEASURE_WITH_UNIT(LENGTH_MEASURE(5.E-07),#1622,
  'distance_accuracy_value','confusion accuracy');
#1626 = CONTEXT_DEPENDENT_SHAPE_REPRESENTATION(#1627,#1629);
#1627 = ( REPRESENTATION_RELATIONSHIP('','',#60,#10) 
REPRESENTATION_RELATIONSHIP_WITH_TRANSFORMATION(#1628) 
SHAPE_REPRESENTATION_RELATIONSHIP() );
#1628 = ITEM_DEFINED_TRANSFORMATION('','',#11,#15);
#1629 = PRODUCT_DEFINITION_SHAPE('Placement','Placement of an item',
  #1630);
#1630 = NEXT_ASSEMBLY_USAGE_OCCURRENCE('1','','',#5,#55,$);
#1631 = PRODUCT_RELATED_PRODUCT_CATEGORY('part',$,(#57));
#1632 = SHAPE_DEFINITION_REPRESENTATION(#1633,#1639);
#1633 = PRODUCT_DEFINITION_SHAPE('','',#1634);
#1634 = PRODUCT_DEFINITION('design','',#1635,#1638);
#1635 = PRODUCT_DEFINITION_FORMATION('','',#1636);
#1636 = PRODUCT('Open CASCADE STEP translator 7.9 1.2',
  'Open CASCADE STEP translator 7.9 1.2','',(#1637));
#1637 = PRODUCT_CONTEXT('',#2,'mechanical');
#1638 = PRODUCT_DEFINITION_CONTEXT('part definition',#2,'design');
#1639 = ADVANCED_BREP_SHAPE_REPRESENTATION('',(#11,#1640),#1904);
#1640 = MANIFOLD_SOLID_BREP('',#1641);
#1641 = CLOSED_SHELL('',(#1642,#1742,#1828,#1873,#1898));
#1642 = ADVANCED_FACE('',(#1643),#1658,.F.);
#1643 = FACE_BOUND('',#1644,.F.);
#1644 = EDGE_LOOP('',(#1645,#1692,#1718));
#1645 = ORIENTED_EDGE('',*,*,#1646,.F.);
#1646 = EDGE_CURVE('',#1647,#1649,#1651,.T.);
#1647 = VERTEX_POINT('',#1648);
#1648 = CARTESIAN_POINT('',(-949.6199967142,-377.8535923895,
    549.9931721598));
#1649 = VERTEX_POINT('',#1650);
#1650 = CARTESIAN_POINT('',(-899.6199967142,-377.8535923895,
    601.7569811803));
#1651 = SURFACE_CURVE('',#1652,(#1657,#1669),.PCURVE_S1.);
#1652 = ELLIPSE('',#1653,51.763809020504,50.);
#1653 = AXIS2_PLACEMENT_3D('',#1654,#1655,#1656);
#1654 = CARTESIAN_POINT('',(-899.6199967142,-377.8535923895,
    549.9931721598));
#1655 = DIRECTION('',(0.,1.,0.));
#1656 = DIRECTION('',(3.897581636578E-16,0.,-1.));
#1657 = PCURVE('',#1658,#1663);
#1658 = PLANE('',#1659);
#1659 = AXIS2_PLACEMENT_3D('',#1660,#1661,#1662);
#1660 = CARTESIAN_POINT('',(-957.6199967142,-377.8535923895,
    524.3204359142));
#1661 = DIRECTION('',(-0.,1.,0.));
#1662 = DIRECTION('',(0.,0.,1.));
#1663 = DEFINITIONAL_REPRESENTATION('',(#1664),#1668);
#1664 = ELLIPSE('',#1665,51.763809020504,50.);
#1665 = AXIS2_PLACEMENT_2D('',#1666,#1667);
#1666 = CARTESIAN_POINT('',(25.6727362456,58.));
#1667 = DIRECTION('',(-1.,3.897581636578E-16));
#1668 = ( GEOMETRIC_REPRESENTATION_CONTEXT(2) 
PARAMETRIC_REPRESENTATION_CONTEXT() REPRESENTATION_CONTEXT('2D SPACE',''
  ) );
#1669 = PCURVE('',#1670,#1675);
#1670 = CYLINDRICAL_SURFACE('',#1671,50.);
#1671 = AXIS2_PLACEMENT_3D('',#1672,#1673,#1674);
#1672 = CARTESIAN_POINT('',(-899.6199967142,-579.9377298866,
    604.1414536053));
#1673 = DIRECTION('',(1.008768357388E-16,0.965925826289,-0.258819045103)
  );
#1674 = DIRECTION('',(3.362494525438E-33,0.258819045103,0.965925826289)
  );
#1675 = DEFINITIONAL_REPRESENTATION('',(#1676),#1691);
#1676 = B_SPLINE_CURVE_WITH_KNOTS('',7,(#1677,#1678,#1679,#1680,#1681,
    #1682,#1683,#1684,#1685,#1686,#1687,#1688,#1689,#1690),
  .UNSPECIFIED.,.F.,.F.,(8,6,8),(0.865278131147,2.003435392368,
    3.14159265359),.UNSPECIFIED.);
#1677 = CARTESIAN_POINT('',(4.006870784737,217.90018738042));
#1678 = CARTESIAN_POINT('',(4.169464679197,216.24186629043));
#1679 = CARTESIAN_POINT('',(4.332058573657,214.31560359532));
#1680 = CARTESIAN_POINT('',(4.494652468118,212.19300793472));
#1681 = CARTESIAN_POINT('',(4.657246362577,209.96303042647));
#1682 = CARTESIAN_POINT('',(4.819840257038,207.72428949657));
#1683 = CARTESIAN_POINT('',(4.982434151498,205.57340335764));
#1684 = CARTESIAN_POINT('',(5.307621940418,201.61812791379));
#1685 = CARTESIAN_POINT('',(5.470215834879,199.81373989585));
#1686 = CARTESIAN_POINT('',(5.632809729339,198.2679867868));
#1687 = CARTESIAN_POINT('',(5.795403623799,197.05507765683));
#1688 = CARTESIAN_POINT('',(5.957997518259,196.22865214511));
#1689 = CARTESIAN_POINT('',(6.120591412719,195.81543436796));
#1690 = CARTESIAN_POINT('',(6.28318530718,195.81543436796));
#1691 = ( GEOMETRIC_REPRESENTATION_CONTEXT(2) 
PARAMETRIC_REPRESENTATION_CONTEXT() REPRESENTATION_CONTEXT('2D SPACE',''
  ) );
#1692 = ORIENTED_EDGE('',*,*,#1693,.T.);
#1693 = EDGE_CURVE('',#1647,#1694,#1696,.T.);
#1694 = VERTEX_POINT('',#1695);
#1695 = CARTESIAN_POINT('',(-949.6199967142,-377.8535923895,
    601.7569811803));
#1696 = SURFACE_CURVE('',#1697,(#1701,#1707),.PCURVE_S1.);
#1697 = LINE('',#1698,#1699);
#1698 = CARTESIAN_POINT('',(-949.6199967142,-377.8535923895,
    417.75660398116));
#1699 = VECTOR('',#1700,1.);
#1700 = DIRECTION('',(0.,-0.,1.));
#1701 = PCURVE('',#1658,#1702);
#1702 = DEFINITIONAL_REPRESENTATION('',(#1703),#1706);
#1703 = B_SPLINE_CURVE_WITH_KNOTS('',1,(#1704,#1705),.UNSPECIFIED.,.F.,
  .F.,(2,2),(106.56383193303,185.48771135007),.PIECEWISE_BEZIER_KNOTS.);
#1704 = CARTESIAN_POINT('',(0.,8.));
#1705 = CARTESIAN_POINT('',(78.923879417032,8.));
#1706 = ( GEOMETRIC_REPRESENTATION_CONTEXT(2) 
PARAMETRIC_REPRESENTATION_CONTEXT() REPRESENTATION_CONTEXT('2D SPACE',''
  ) );
#1707 = PCURVE('',#1708,#1713);
#1708 = PLANE('',#1709);
#1709 = AXIS2_PLACEMENT_3D('',#1710,#1711,#1712);
#1710 = CARTESIAN_POINT('',(-949.6199967142,-425.5182694579,
    311.19277204812));
#1711 = DIRECTION('',(1.,0.,0.));
#1712 = DIRECTION('',(-0.,0.,1.));
#1713 = DEFINITIONAL_REPRESENTATION('',(#1714),#1717);
#1714 = B_SPLINE_CURVE_WITH_KNOTS('',1,(#1715,#1716),.UNSPECIFIED.,.F.,
  .F.,(2,2),(106.56383193303,185.48771135007),.PIECEWISE_BEZIER_KNOTS.);
#1715 = CARTESIAN_POINT('',(213.12766386607,-47.66467706842));
#1716 = CARTESIAN_POINT('',(292.0515432831,-47.66467706842));
#1717 = ( GEOMETRIC_REPRESENTATION_CONTEXT(2) 
PARAMETRIC_REPRESENTATION_CONTEXT() REPRESENTATION_CONTEXT('2D SPACE',''
  ) );
#1718 = ORIENTED_EDGE('',*,*,#1719,.T.);
#1719 = EDGE_CURVE('',#1694,#1649,#1720,.T.);
#1720 = SURFACE_CURVE('',#1721,(#1725,#1731),.PCURVE_S1.);
#1721 = LINE('',#1722,#1723);
#1722 = CARTESIAN_POINT('',(-757.1199967142,-377.8535923895,
    601.7569811803));
#1723 = VECTOR('',#1724,1.);
#1724 = DIRECTION('',(1.,0.,-1.223471352533E-16));
#1725 = PCURVE('',#1658,#1726);
#1726 = DEFINITIONAL_REPRESENTATION('',(#1727),#1730);
#1727 = B_SPLINE_CURVE_WITH_KNOTS('',1,(#1728,#1729),.UNSPECIFIED.,.F.,
  .F.,(2,2),(-192.5,-121.5),.PIECEWISE_BEZIER_KNOTS.);
#1728 = CARTESIAN_POINT('',(77.436545266104,8.));
#1729 = CARTESIAN_POINT('',(77.436545266104,79.));
#1730 = ( GEOMETRIC_REPRESENTATION_CONTEXT(2) 
PARAMETRIC_REPRESENTATION_CONTEXT() REPRESENTATION_CONTEXT('2D SPACE',''
  ) );
#1731 = PCURVE('',#1732,#1737);
#1732 = PLANE('',#1733);
#1733 = AXIS2_PLACEMENT_3D('',#1734,#1735,#1736);
#1734 = CARTESIAN_POINT('',(-556.6199967142,-349.6842892429,
    594.20903915082));
#1735 = DIRECTION('',(-1.181782577136E-16,-0.258819045103,
    -0.965925826289));
#1736 = DIRECTION('',(-2.791962221888E-33,-0.965925826289,0.258819045103
    ));
#1737 = DEFINITIONAL_REPRESENTATION('',(#1738),#1741);
#1738 = B_SPLINE_CURVE_WITH_KNOTS('',1,(#1739,#1740),.UNSPECIFIED.,.F.,
  .F.,(2,2),(-192.5,-121.5),.PIECEWISE_BEZIER_KNOTS.);
#1739 = CARTESIAN_POINT('',(29.163008566441,393.));
#1740 = CARTESIAN_POINT('',(29.163008566441,322.));
#1741 = ( GEOMETRIC_REPRESENTATION_CONTEXT(2) 
PARAMETRIC_REPRESENTATION_CONTEXT() REPRESENTATION_CONTEXT('2D SPACE',''
  ) );
#1742 = ADVANCED_FACE('',(#1743),#1670,.F.);
#1743 = FACE_BOUND('',#1744,.F.);
#1744 = EDGE_LOOP('',(#1745,#1746,#1769,#1809));
#1745 = ORIENTED_EDGE('',*,*,#1646,.T.);
#1746 = ORIENTED_EDGE('',*,*,#1747,.T.);
#1747 = EDGE_CURVE('',#1649,#1748,#1750,.T.);
#1748 = VERTEX_POINT('',#1749);
#1749 = CARTESIAN_POINT('',(-899.6199967142,-337.8205859377,
    591.03016943096));
#1750 = SURFACE_CURVE('',#1751,(#1755,#1762),.PCURVE_S1.);
#1751 = LINE('',#1752,#1753);
#1752 = CARTESIAN_POINT('',(-899.6199967142,-566.9967776315,
    652.43774491975));
#1753 = VECTOR('',#1754,1.);
#1754 = DIRECTION('',(1.008768357388E-16,0.965925826289,-0.258819045103)
  );
#1755 = PCURVE('',#1670,#1756);
#1756 = DEFINITIONAL_REPRESENTATION('',(#1757),#1761);
#1757 = LINE('',#1758,#1759);
#1758 = CARTESIAN_POINT('',(6.28318530718,-0.));
#1759 = VECTOR('',#1760,1.);
#1760 = DIRECTION('',(0.,1.));
#1761 = ( GEOMETRIC_REPRESENTATION_CONTEXT(2) 
PARAMETRIC_REPRESENTATION_CONTEXT() REPRESENTATION_CONTEXT('2D SPACE',''
  ) );
#1762 = PCURVE('',#1732,#1763);
#1763 = DEFINITIONAL_REPRESENTATION('',(#1764),#1768);
#1764 = LINE('',#1765,#1766);
#1765 = CARTESIAN_POINT('',(224.9784429344,343.));
#1766 = VECTOR('',#1767,1.);
#1767 = DIRECTION('',(-1.,-1.008768357388E-16));
#1768 = ( GEOMETRIC_REPRESENTATION_CONTEXT(2) 
PARAMETRIC_REPRESENTATION_CONTEXT() REPRESENTATION_CONTEXT('2D SPACE',''
  ) );
#1769 = ORIENTED_EDGE('',*,*,#1770,.F.);
#1770 = EDGE_CURVE('',#1771,#1748,#1773,.T.);
#1771 = VERTEX_POINT('',#1772);
#1772 = CARTESIAN_POINT('',(-949.6199967142,-337.8205859377,
    539.26636041046));
#1773 = SURFACE_CURVE('',#1774,(#1779,#1797),.PCURVE_S1.);
#1774 = ELLIPSE('',#1775,51.763809020504,50.);
#1775 = AXIS2_PLACEMENT_3D('',#1776,#1777,#1778);
#1776 = CARTESIAN_POINT('',(-899.6199967142,-337.8205859377,
    539.26636041046));
#1777 = DIRECTION('',(0.,1.,0.));
#1778 = DIRECTION('',(3.897581636578E-16,0.,-1.));
#1779 = PCURVE('',#1670,#1780);
#1780 = DEFINITIONAL_REPRESENTATION('',(#1781),#1796);
#1781 = B_SPLINE_CURVE_WITH_KNOTS('',7,(#1782,#1783,#1784,#1785,#1786,
    #1787,#1788,#1789,#1790,#1791,#1792,#1793,#1794,#1795),
  .UNSPECIFIED.,.F.,.F.,(8,6,8),(1.113858327975,2.127725490783,
    3.14159265359),.UNSPECIFIED.);
#1782 = CARTESIAN_POINT('',(4.255450981565,256.56910221618));
#1783 = CARTESIAN_POINT('',(4.40028914768,254.82771541476));
#1784 = CARTESIAN_POINT('',(4.545127313796,252.94166042406));
#1785 = CARTESIAN_POINT('',(4.689965479911,250.97060451479));
#1786 = CARTESIAN_POINT('',(4.834803646026,248.98164991491));
#1787 = CARTESIAN_POINT('',(4.979641812142,247.04422693995));
#1788 = CARTESIAN_POINT('',(5.124479978257,245.2236822261));
#1789 = CARTESIAN_POINT('',(5.414156310488,241.92923202102));
#1790 = CARTESIAN_POINT('',(5.558994476603,240.4553269599));
#1791 = CARTESIAN_POINT('',(5.703832642718,239.21117894508));
#1792 = CARTESIAN_POINT('',(5.848670808834,238.24433587272));
#1793 = CARTESIAN_POINT('',(5.993508974949,237.58854824605));
#1794 = CARTESIAN_POINT('',(6.138347141064,237.26065237768));
#1795 = CARTESIAN_POINT('',(6.28318530718,237.26065237768));
#1796 = ( GEOMETRIC_REPRESENTATION_CONTEXT(2) 
PARAMETRIC_REPRESENTATION_CONTEXT() REPRESENTATION_CONTEXT('2D SPACE',''
  ) );
#1797 = PCURVE('',#1798,#1803);
#1798 = PLANE('',#1799);
#1799 = AXIS2_PLACEMENT_3D('',#1800,#1801,#1802);
#1800 = CARTESIAN_POINT('',(-957.6199967142,-337.8205859377,
    524.3204359142));
#1801 = DIRECTION('',(-0.,1.,0.));
#1802 = DIRECTION('',(0.,0.,1.));
#1803 = DEFINITIONAL_REPRESENTATION('',(#1804),#1808);
#1804 = ELLIPSE('',#1805,51.763809020504,50.);
#1805 = AXIS2_PLACEMENT_2D('',#1806,#1807);
#1806 = CARTESIAN_POINT('',(14.945924496258,58.));
#1807 = DIRECTION('',(-1.,3.897581636578E-16));
#1808 = ( GEOMETRIC_REPRESENTATION_CONTEXT(2) 
PARAMETRIC_REPRESENTATION_CONTEXT() REPRESENTATION_CONTEXT('2D SPACE',''
  ) );
#1809 = ORIENTED_EDGE('',*,*,#1810,.F.);
#1810 = EDGE_CURVE('',#1647,#1771,#1811,.T.);
#1811 = SURFACE_CURVE('',#1812,(#1816,#1822),.PCURVE_S1.);
#1812 = LINE('',#1813,#1814);
#1813 = CARTESIAN_POINT('',(-949.6199967142,-579.9377298866,
    604.1414536053));
#1814 = VECTOR('',#1815,1.);
#1815 = DIRECTION('',(1.008768357388E-16,0.965925826289,-0.258819045103)
  );
#1816 = PCURVE('',#1670,#1817);
#1817 = DEFINITIONAL_REPRESENTATION('',(#1818),#1821);
#1818 = B_SPLINE_CURVE_WITH_KNOTS('',1,(#1819,#1820),.UNSPECIFIED.,.F.,
  .F.,(2,2),(205.06837218854,254.5264025061),.PIECEWISE_BEZIER_KNOTS.);
#1819 = CARTESIAN_POINT('',(4.712388980385,205.06837218854));
#1820 = CARTESIAN_POINT('',(4.712388980385,254.5264025061));
#1821 = ( GEOMETRIC_REPRESENTATION_CONTEXT(2) 
PARAMETRIC_REPRESENTATION_CONTEXT() REPRESENTATION_CONTEXT('2D SPACE',''
  ) );
#1822 = PCURVE('',#1708,#1823);
#1823 = DEFINITIONAL_REPRESENTATION('',(#1824),#1827);
#1824 = B_SPLINE_CURVE_WITH_KNOTS('',1,(#1825,#1826),.UNSPECIFIED.,.F.,
  .F.,(2,2),(205.06837218854,254.5264025061),.PIECEWISE_BEZIER_KNOTS.);
#1825 = CARTESIAN_POINT('',(239.87308128661,-43.66137642324));
#1826 = CARTESIAN_POINT('',(227.07240110716,-91.43416522436));
#1827 = ( GEOMETRIC_REPRESENTATION_CONTEXT(2) 
PARAMETRIC_REPRESENTATION_CONTEXT() REPRESENTATION_CONTEXT('2D SPACE',''
  ) );
#1828 = ADVANCED_FACE('',(#1829),#1732,.F.);
#1829 = FACE_BOUND('',#1830,.F.);
#1830 = EDGE_LOOP('',(#1831,#1832,#1853,#1872));
#1831 = ORIENTED_EDGE('',*,*,#1719,.F.);
#1832 = ORIENTED_EDGE('',*,*,#1833,.T.);
#1833 = EDGE_CURVE('',#1694,#1834,#1836,.T.);
#1834 = VERTEX_POINT('',#1835);
#1835 = CARTESIAN_POINT('',(-949.6199967142,-337.8205859377,
    591.03016943096));
#1836 = SURFACE_CURVE('',#1837,(#1841,#1847),.PCURVE_S1.);
#1837 = LINE('',#1838,#1839);
#1838 = CARTESIAN_POINT('',(-949.6199967142,-349.6842892429,
    594.20903915082));
#1839 = VECTOR('',#1840,1.);
#1840 = DIRECTION('',(0.,0.965925826289,-0.258819045103));
#1841 = PCURVE('',#1732,#1842);
#1842 = DEFINITIONAL_REPRESENTATION('',(#1843),#1846);
#1843 = B_SPLINE_CURVE_WITH_KNOTS('',1,(#1844,#1845),.UNSPECIFIED.,.F.,
  .F.,(2,2),(-450.,387.36516780221),.PIECEWISE_BEZIER_KNOTS.);
#1844 = CARTESIAN_POINT('',(450.,393.));
#1845 = CARTESIAN_POINT('',(-387.3651678022,393.));
#1846 = ( GEOMETRIC_REPRESENTATION_CONTEXT(2) 
PARAMETRIC_REPRESENTATION_CONTEXT() REPRESENTATION_CONTEXT('2D SPACE',''
  ) );
#1847 = PCURVE('',#1708,#1848);
#1848 = DEFINITIONAL_REPRESENTATION('',(#1849),#1852);
#1849 = B_SPLINE_CURVE_WITH_KNOTS('',1,(#1850,#1851),.UNSPECIFIED.,.F.,
  .F.,(2,2),(-450.,387.36516780221),.PIECEWISE_BEZIER_KNOTS.);
#1850 = CARTESIAN_POINT('',(399.48483739883,358.83264161504));
#1851 = CARTESIAN_POINT('',(182.75878426614,-450.));
#1852 = ( GEOMETRIC_REPRESENTATION_CONTEXT(2) 
PARAMETRIC_REPRESENTATION_CONTEXT() REPRESENTATION_CONTEXT('2D SPACE',''
  ) );
#1853 = ORIENTED_EDGE('',*,*,#1854,.T.);
#1854 = EDGE_CURVE('',#1834,#1748,#1855,.T.);
#1855 = SURFACE_CURVE('',#1856,(#1860,#1866),.PCURVE_S1.);
#1856 = LINE('',#1857,#1858);
#1857 = CARTESIAN_POINT('',(-757.1199967142,-337.8205859377,
    591.03016943096));
#1858 = VECTOR('',#1859,1.);
#1859 = DIRECTION('',(1.,0.,-1.223471352533E-16));
#1860 = PCURVE('',#1732,#1861);
#1861 = DEFINITIONAL_REPRESENTATION('',(#1862),#1865);
#1862 = B_SPLINE_CURVE_WITH_KNOTS('',1,(#1863,#1864),.UNSPECIFIED.,.F.,
  .F.,(2,2),(-192.5,-121.5),.PIECEWISE_BEZIER_KNOTS.);
#1863 = CARTESIAN_POINT('',(-12.28220944328,393.));
#1864 = CARTESIAN_POINT('',(-12.28220944328,322.));
#1865 = ( GEOMETRIC_REPRESENTATION_CONTEXT(2) 
PARAMETRIC_REPRESENTATION_CONTEXT() REPRESENTATION_CONTEXT('2D SPACE',''
  ) );
#1866 = PCURVE('',#1798,#1867);
#1867 = DEFINITIONAL_REPRESENTATION('',(#1868),#1871);
#1868 = B_SPLINE_CURVE_WITH_KNOTS('',1,(#1869,#1870),.UNSPECIFIED.,.F.,
  .F.,(2,2),(-192.5,-121.5),.PIECEWISE_BEZIER_KNOTS.);
#1869 = CARTESIAN_POINT('',(66.709733516762,8.));
#1870 = CARTESIAN_POINT('',(66.709733516762,79.));
#1871 = ( GEOMETRIC_REPRESENTATION_CONTEXT(2) 
PARAMETRIC_REPRESENTATION_CONTEXT() REPRESENTATION_CONTEXT('2D SPACE',''
  ) );
#1872 = ORIENTED_EDGE('',*,*,#1747,.F.);
#1873 = ADVANCED_FACE('',(#1874),#1708,.F.);
#1874 = FACE_BOUND('',#1875,.F.);
#1875 = EDGE_LOOP('',(#1876,#1877,#1878,#1879));
#1876 = ORIENTED_EDGE('',*,*,#1833,.F.);
#1877 = ORIENTED_EDGE('',*,*,#1693,.F.);
#1878 = ORIENTED_EDGE('',*,*,#1810,.T.);
#1879 = ORIENTED_EDGE('',*,*,#1880,.T.);
#1880 = EDGE_CURVE('',#1771,#1834,#1881,.T.);
#1881 = SURFACE_CURVE('',#1882,(#1886,#1892),.PCURVE_S1.);
#1882 = LINE('',#1883,#1884);
#1883 = CARTESIAN_POINT('',(-949.6199967142,-337.8205859377,
    417.75660398116));
#1884 = VECTOR('',#1885,1.);
#1885 = DIRECTION('',(0.,-0.,1.));
#1886 = PCURVE('',#1708,#1887);
#1887 = DEFINITIONAL_REPRESENTATION('',(#1888),#1891);
#1888 = B_SPLINE_CURVE_WITH_KNOTS('',1,(#1889,#1890),.UNSPECIFIED.,.F.,
  .F.,(2,2),(106.56383193303,185.48771135007),.PIECEWISE_BEZIER_KNOTS.);
#1889 = CARTESIAN_POINT('',(213.12766386607,-87.69768352019));
#1890 = CARTESIAN_POINT('',(292.0515432831,-87.69768352019));
#1891 = ( GEOMETRIC_REPRESENTATION_CONTEXT(2) 
PARAMETRIC_REPRESENTATION_CONTEXT() REPRESENTATION_CONTEXT('2D SPACE',''
  ) );
#1892 = PCURVE('',#1798,#1893);
#1893 = DEFINITIONAL_REPRESENTATION('',(#1894),#1897);
#1894 = B_SPLINE_CURVE_WITH_KNOTS('',1,(#1895,#1896),.UNSPECIFIED.,.F.,
  .F.,(2,2),(106.56383193303,185.48771135007),.PIECEWISE_BEZIER_KNOTS.);
#1895 = CARTESIAN_POINT('',(0.,8.));
#1896 = CARTESIAN_POINT('',(78.923879417032,8.));
#1897 = ( GEOMETRIC_REPRESENTATION_CONTEXT(2) 
PARAMETRIC_REPRESENTATION_CONTEXT() REPRESENTATION_CONTEXT('2D SPACE',''
  ) );
#1898 = ADVANCED_FACE('',(#1899),#1798,.T.);
#1899 = FACE_BOUND('',#1900,.T.);
#1900 = EDGE_LOOP('',(#1901,#1902,#1903));
#1901 = ORIENTED_EDGE('',*,*,#1770,.F.);
#1902 = ORIENTED_EDGE('',*,*,#1880,.T.);
#1903 = ORIENTED_EDGE('',*,*,#1854,.T.);
#1904 = ( GEOMETRIC_REPRESENTATION_CONTEXT(3) 
GLOBAL_UNCERTAINTY_ASSIGNED_CONTEXT((#1908)) 
GLOBAL_UNIT_ASSIGNED_CONTEXT((#1905,#1906,#1907)) REPRESENTATION_CONTEXT
('Context #1','3D Context with UNIT and UNCERTAINTY') );
#1905 = ( LENGTH_UNIT() NAMED_UNIT(*) SI_UNIT(.MILLI.,.METRE.) );
#1906 = ( NAMED_UNIT(*) PLANE_ANGLE_UNIT() SI_UNIT($,.RADIAN.) );
#1907 = ( NAMED_UNIT(*) SI_UNIT($,.STERADIAN.) SOLID_ANGLE_UNIT() );
#1908 = UNCERTAINTY_MEASURE_WITH_UNIT(LENGTH_MEASURE(1.E-06),#1905,
  'distance_accuracy_value','confusion accuracy');
#1909 = CONTEXT_DEPENDENT_SHAPE_REPRESENTATION(#1910,#1912);
#1910 = ( REPRESENTATION_RELATIONSHIP('','',#1639,#10) 
REPRESENTATION_RELATIONSHIP_WITH_TRANSFORMATION(#1911) 
SHAPE_REPRESENTATION_RELATIONSHIP() );
#1911 = ITEM_DEFINED_TRANSFORMATION('','',#11,#19);
#1912 = PRODUCT_DEFINITION_SHAPE('Placement','Placement of an item',
  #1913);
#1913 = NEXT_ASSEMBLY_USAGE_OCCURRENCE('2','','',#5,#1634,$);
#1914 = PRODUCT_RELATED_PRODUCT_CATEGORY('part',$,(#1636));
#1915 = SHAPE_DEFINITION_REPRESENTATION(#1916,#1922);
#1916 = PRODUCT_DEFINITION_SHAPE('','',#1917);
#1917 = PRODUCT_DEFINITION('design','',#1918,#1921);
#1918 = PRODUCT_DEFINITION_FORMATION('','',#1919);
#1919 = PRODUCT('Open CASCADE STEP translator 7.9 1.3',
  'Open CASCADE STEP translator 7.9 1.3','',(#1920));
#1920 = PRODUCT_CONTEXT('',#2,'mechanical');
#1921 = PRODUCT_DEFINITION_CONTEXT('part definition',#2,'design');
#1922 = ADVANCED_BREP_SHAPE_REPRESENTATION('',(#11,#1923),#4034);
#1923 = MANIFOLD_SOLID_BREP('',#1924);
#1924 = CLOSED_SHELL('',(#1925,#2027,#2137,#2265,#2385,#2472,#2571,#2724
    ,#2778,#2784,#2811,#2900,#2954,#3061,#3088,#3241,#3345,#3422,#3448,
    #3508,#3641,#3718,#3725,#3989,#4015,#4022,#4028));
#1925 = ADVANCED_FACE('',(#1926),#1940,.F.);
#1926 = FACE_BOUND('',#1927,.F.);
#1927 = EDGE_LOOP('',(#1928,#1963,#1989));
#1928 = ORIENTED_EDGE('',*,*,#1929,.F.);
#1929 = EDGE_CURVE('',#1930,#1932,#1934,.T.);
#1930 = VERTEX_POINT('',#1931);
#1931 = CARTESIAN_POINT('',(-949.6199967142,-377.8535923895,
    524.3204359142));
#1932 = VERTEX_POINT('',#1933);
#1933 = CARTESIAN_POINT('',(-943.0372885559,-377.8535923895,
    524.3204359142));
#1934 = SURFACE_CURVE('',#1935,(#1939,#1951),.PCURVE_S1.);
#1935 = LINE('',#1936,#1937);
#1936 = CARTESIAN_POINT('',(-957.6199967142,-377.8535923895,
    524.3204359142));
#1937 = VECTOR('',#1938,1.);
#1938 = DIRECTION('',(1.,0.,-0.));
#1939 = PCURVE('',#1940,#1945);
#1940 = PLANE('',#1941);
#1941 = AXIS2_PLACEMENT_3D('',#1942,#1943,#1944);
#1942 = CARTESIAN_POINT('',(-957.6199967142,-377.8535923895,
    524.3204359142));
#1943 = DIRECTION('',(-0.,1.,0.));
#1944 = DIRECTION('',(0.,0.,1.));
#1945 = DEFINITIONAL_REPRESENTATION('',(#1946),#1950);
#1946 = LINE('',#1947,#1948);
#1947 = CARTESIAN_POINT('',(0.,0.));
#1948 = VECTOR('',#1949,1.);
#1949 = DIRECTION('',(0.,1.));
#1950 = ( GEOMETRIC_REPRESENTATION_CONTEXT(2) 
PARAMETRIC_REPRESENTATION_CONTEXT() REPRESENTATION_CONTEXT('2D SPACE',''
  ) );
#1951 = PCURVE('',#1952,#1957);
#1952 = PLANE('',#1953);
#1953 = AXIS2_PLACEMENT_3D('',#1954,#1955,#1956);
#1954 = CARTESIAN_POINT('',(-957.6199967142,-377.8535923895,
    524.3204359142));
#1955 = DIRECTION('',(0.,0.,1.));
#1956 = DIRECTION('',(1.,0.,-0.));
#1957 = DEFINITIONAL_REPRESENTATION('',(#1958),#1962);
#1958 = LINE('',#1959,#1960);
#1959 = CARTESIAN_POINT('',(0.,0.));
#1960 = VECTOR('',#1961,1.);
#1961 = DIRECTION('',(1.,0.));
#1962 = ( GEOMETRIC_REPRESENTATION_CONTEXT(2) 
PARAMETRIC_REPRESENTATION_CONTEXT() REPRESENTATION_CONTEXT('2D SPACE',''
  ) );
#1963 = ORIENTED_EDGE('',*,*,#1964,.T.);
#1964 = EDGE_CURVE('',#1930,#1965,#1967,.T.);
#1965 = VERTEX_POINT('',#1966);
#1966 = CARTESIAN_POINT('',(-949.6199967142,-377.8535923895,
    549.9931721598));
#1967 = SURFACE_CURVE('',#1968,(#1972,#1978),.PCURVE_S1.);
#1968 = LINE('',#1969,#1970);
#1969 = CARTESIAN_POINT('',(-949.6199967142,-377.8535923895,
    417.75660398116));
#1970 = VECTOR('',#1971,1.);
#1971 = DIRECTION('',(0.,-0.,1.));
#1972 = PCURVE('',#1940,#1973);
#1973 = DEFINITIONAL_REPRESENTATION('',(#1974),#1977);
#1974 = B_SPLINE_CURVE_WITH_KNOTS('',1,(#1975,#1976),.UNSPECIFIED.,.F.,
  .F.,(2,2),(106.56383193303,185.48771135007),.PIECEWISE_BEZIER_KNOTS.);
#1975 = CARTESIAN_POINT('',(0.,8.));
#1976 = CARTESIAN_POINT('',(78.923879417032,8.));
#1977 = ( GEOMETRIC_REPRESENTATION_CONTEXT(2) 
PARAMETRIC_REPRESENTATION_CONTEXT() REPRESENTATION_CONTEXT('2D SPACE',''
  ) );
#1978 = PCURVE('',#1979,#1984);
#1979 = PLANE('',#1980);
#1980 = AXIS2_PLACEMENT_3D('',#1981,#1982,#1983);
#1981 = CARTESIAN_POINT('',(-949.6199967142,-425.5182694579,
    311.19277204812));
#1982 = DIRECTION('',(1.,0.,0.));
#1983 = DIRECTION('',(-0.,0.,1.));
#1984 = DEFINITIONAL_REPRESENTATION('',(#1985),#1988);
#1985 = B_SPLINE_CURVE_WITH_KNOTS('',1,(#1986,#1987),.UNSPECIFIED.,.F.,
  .F.,(2,2),(106.56383193303,185.48771135007),.PIECEWISE_BEZIER_KNOTS.);
#1986 = CARTESIAN_POINT('',(213.12766386607,-47.66467706842));
#1987 = CARTESIAN_POINT('',(292.0515432831,-47.66467706842));
#1988 = ( GEOMETRIC_REPRESENTATION_CONTEXT(2) 
PARAMETRIC_REPRESENTATION_CONTEXT() REPRESENTATION_CONTEXT('2D SPACE',''
  ) );
#1989 = ORIENTED_EDGE('',*,*,#1990,.F.);
#1990 = EDGE_CURVE('',#1932,#1965,#1991,.T.);
#1991 = SURFACE_CURVE('',#1992,(#1997,#2004),.PCURVE_S1.);
#1992 = ELLIPSE('',#1993,51.763809020504,50.);
#1993 = AXIS2_PLACEMENT_3D('',#1994,#1995,#1996);
#1994 = CARTESIAN_POINT('',(-899.6199967142,-377.8535923895,
    549.9931721598));
#1995 = DIRECTION('',(0.,1.,0.));
#1996 = DIRECTION('',(3.897581636578E-16,0.,-1.));
#1997 = PCURVE('',#1940,#1998);
#1998 = DEFINITIONAL_REPRESENTATION('',(#1999),#2003);
#1999 = ELLIPSE('',#2000,51.763809020504,50.);
#2000 = AXIS2_PLACEMENT_2D('',#2001,#2002);
#2001 = CARTESIAN_POINT('',(25.6727362456,58.));
#2002 = DIRECTION('',(-1.,3.897581636578E-16));
#2003 = ( GEOMETRIC_REPRESENTATION_CONTEXT(2) 
PARAMETRIC_REPRESENTATION_CONTEXT() REPRESENTATION_CONTEXT('2D SPACE',''
  ) );
#2004 = PCURVE('',#2005,#2010);
#2005 = CYLINDRICAL_SURFACE('',#2006,50.);
#2006 = AXIS2_PLACEMENT_3D('',#2007,#2008,#2009);
#2007 = CARTESIAN_POINT('',(-899.6199967142,-579.9377298866,
    604.1414536053));
#2008 = DIRECTION('',(1.008768357388E-16,0.965925826289,-0.258819045103)
  );
#2009 = DIRECTION('',(3.362494525438E-33,0.258819045103,0.965925826289)
  );
#2010 = DEFINITIONAL_REPRESENTATION('',(#2011),#2026);
#2011 = B_SPLINE_CURVE_WITH_KNOTS('',7,(#2012,#2013,#2014,#2015,#2016,
    #2017,#2018,#2019,#2020,#2021,#2022,#2023,#2024,#2025),
  .UNSPECIFIED.,.F.,.F.,(8,6,8),(0.865278131147,2.003435392368,
    3.14159265359),.UNSPECIFIED.);
#2012 = CARTESIAN_POINT('',(4.006870784737,217.90018738042));
#2013 = CARTESIAN_POINT('',(4.169464679197,216.24186629043));
#2014 = CARTESIAN_POINT('',(4.332058573657,214.31560359532));
#2015 = CARTESIAN_POINT('',(4.494652468118,212.19300793472));
#2016 = CARTESIAN_POINT('',(4.657246362577,209.96303042647));
#2017 = CARTESIAN_POINT('',(4.819840257038,207.72428949657));
#2018 = CARTESIAN_POINT('',(4.982434151498,205.57340335764));
#2019 = CARTESIAN_POINT('',(5.307621940418,201.61812791379));
#2020 = CARTESIAN_POINT('',(5.470215834879,199.81373989585));
#2021 = CARTESIAN_POINT('',(5.632809729339,198.2679867868));
#2022 = CARTESIAN_POINT('',(5.795403623799,197.05507765683));
#2023 = CARTESIAN_POINT('',(5.957997518259,196.22865214511));
#2024 = CARTESIAN_POINT('',(6.120591412719,195.81543436796));
#2025 = CARTESIAN_POINT('',(6.28318530718,195.81543436796));
#2026 = ( GEOMETRIC_REPRESENTATION_CONTEXT(2) 
PARAMETRIC_REPRESENTATION_CONTEXT() REPRESENTATION_CONTEXT('2D SPACE',''
  ) );
#2027 = ADVANCED_FACE('',(#2028),#1952,.F.);
#2028 = FACE_BOUND('',#2029,.F.);
#2029 = EDGE_LOOP('',(#2030,#2031,#2058,#2084,#2118));
#2030 = ORIENTED_EDGE('',*,*,#1929,.T.);
#2031 = ORIENTED_EDGE('',*,*,#2032,.F.);
#2032 = EDGE_CURVE('',#2033,#1932,#2035,.T.);
#2033 = VERTEX_POINT('',#2034);
#2034 = CARTESIAN_POINT('',(-943.504354606,-374.6225411227,
    524.3204359142));
#2035 = SURFACE_CURVE('',#2036,(#2041,#2048),.PCURVE_S1.);
#2036 = ELLIPSE('',#2037,193.18516525781,50.);
#2037 = AXIS2_PLACEMENT_3D('',#2038,#2039,#2040);
#2038 = CARTESIAN_POINT('',(-899.6199967142,-282.0416363516,
    524.3204359142));
#2039 = DIRECTION('',(0.,0.,1.));
#2040 = DIRECTION('',(1.044353851955E-16,1.,-0.));
#2041 = PCURVE('',#1952,#2042);
#2042 = DEFINITIONAL_REPRESENTATION('',(#2043),#2047);
#2043 = ELLIPSE('',#2044,193.18516525781,50.);
#2044 = AXIS2_PLACEMENT_2D('',#2045,#2046);
#2045 = CARTESIAN_POINT('',(58.,95.811956037895));
#2046 = DIRECTION('',(1.044353851955E-16,1.));
#2047 = ( GEOMETRIC_REPRESENTATION_CONTEXT(2) 
PARAMETRIC_REPRESENTATION_CONTEXT() REPRESENTATION_CONTEXT('2D SPACE',''
  ) );
#2048 = PCURVE('',#2005,#2049);
#2049 = DEFINITIONAL_REPRESENTATION('',(#2050),#2057);
#2050 = B_SPLINE_CURVE_WITH_KNOTS('',5,(#2051,#2052,#2053,#2054,#2055,
    #2056),.UNSPECIFIED.,.F.,.F.,(6,6),(1.842123695196,2.113767113203),
  .PIECEWISE_BEZIER_KNOTS.);
#2051 = CARTESIAN_POINT('',(4.441061611983,258.39329338911));
#2052 = CARTESIAN_POINT('',(4.386732928382,248.62630689844));
#2053 = CARTESIAN_POINT('',(4.332404244781,239.04383709932));
#2054 = CARTESIAN_POINT('',(4.278075561179,229.70594854728));
#2055 = CARTESIAN_POINT('',(4.223746877578,220.67041220613));
#2056 = CARTESIAN_POINT('',(4.169418193976,211.99059558619));
#2057 = ( GEOMETRIC_REPRESENTATION_CONTEXT(2) 
PARAMETRIC_REPRESENTATION_CONTEXT() REPRESENTATION_CONTEXT('2D SPACE',''
  ) );
#2058 = ORIENTED_EDGE('',*,*,#2059,.F.);
#2059 = EDGE_CURVE('',#2060,#2033,#2062,.T.);
#2060 = VERTEX_POINT('',#2061);
#2061 = CARTESIAN_POINT('',(-947.6199967142,-374.6225411227,
    524.3204359142));
#2062 = SURFACE_CURVE('',#2063,(#2067,#2073),.PCURVE_S1.);
#2063 = LINE('',#2064,#2065);
#2064 = CARTESIAN_POINT('',(-757.1199967142,-374.6225411227,
    524.3204359142));
#2065 = VECTOR('',#2066,1.);
#2066 = DIRECTION('',(1.,-1.044353851955E-16,0.));
#2067 = PCURVE('',#1952,#2068);
#2068 = DEFINITIONAL_REPRESENTATION('',(#2069),#2072);
#2069 = B_SPLINE_CURVE_WITH_KNOTS('',1,(#2070,#2071),.UNSPECIFIED.,.F.,
  .F.,(2,2),(-190.5,-121.5),.PIECEWISE_BEZIER_KNOTS.);
#2070 = CARTESIAN_POINT('',(10.,3.231051266763));
#2071 = CARTESIAN_POINT('',(79.,3.231051266763));
#2072 = ( GEOMETRIC_REPRESENTATION_CONTEXT(2) 
PARAMETRIC_REPRESENTATION_CONTEXT() REPRESENTATION_CONTEXT('2D SPACE',''
  ) );
#2073 = PCURVE('',#2074,#2079);
#2074 = PLANE('',#2075);
#2075 = AXIS2_PLACEMENT_3D('',#2076,#2077,#2078);
#2076 = CARTESIAN_POINT('',(-556.6199967142,-431.3138244156,
    312.74568631874));
#2077 = DIRECTION('',(1.008768357388E-16,0.965925826289,-0.258819045103)
  );
#2078 = DIRECTION('',(-1.,1.050497185157E-16,2.292723163573E-18));
#2079 = DEFINITIONAL_REPRESENTATION('',(#2080),#2083);
#2080 = B_SPLINE_CURVE_WITH_KNOTS('',1,(#2081,#2082),.UNSPECIFIED.,.F.,
  .F.,(2,2),(-190.5,-121.5),.PIECEWISE_BEZIER_KNOTS.);
#2081 = CARTESIAN_POINT('',(391.,219.0382986324));
#2082 = CARTESIAN_POINT('',(322.,219.0382986324));
#2083 = ( GEOMETRIC_REPRESENTATION_CONTEXT(2) 
PARAMETRIC_REPRESENTATION_CONTEXT() REPRESENTATION_CONTEXT('2D SPACE',''
  ) );
#2084 = ORIENTED_EDGE('',*,*,#2085,.F.);
#2085 = EDGE_CURVE('',#2086,#2060,#2088,.T.);
#2086 = VERTEX_POINT('',#2087);
#2087 = CARTESIAN_POINT('',(-949.6199967142,-372.5519887619,
    524.3204359142));
#2088 = SURFACE_CURVE('',#2089,(#2094,#2101),.PCURVE_S1.);
#2089 = ELLIPSE('',#2090,2.07055236082,2.);
#2090 = AXIS2_PLACEMENT_3D('',#2091,#2092,#2093);
#2091 = CARTESIAN_POINT('',(-947.6199967142,-372.5519887619,
    524.3204359142));
#2092 = DIRECTION('',(0.,0.,1.));
#2093 = DIRECTION('',(2.59400015168E-16,-1.,0.));
#2094 = PCURVE('',#1952,#2095);
#2095 = DEFINITIONAL_REPRESENTATION('',(#2096),#2100);
#2096 = ELLIPSE('',#2097,2.07055236082,2.);
#2097 = AXIS2_PLACEMENT_2D('',#2098,#2099);
#2098 = CARTESIAN_POINT('',(10.,5.301603627583));
#2099 = DIRECTION('',(2.59400015168E-16,-1.));
#2100 = ( GEOMETRIC_REPRESENTATION_CONTEXT(2) 
PARAMETRIC_REPRESENTATION_CONTEXT() REPRESENTATION_CONTEXT('2D SPACE',''
  ) );
#2101 = PCURVE('',#2102,#2107);
#2102 = CYLINDRICAL_SURFACE('',#2103,2.);
#2103 = AXIS2_PLACEMENT_3D('',#2104,#2105,#2106);
#2104 = CARTESIAN_POINT('',(-947.6199967142,-399.6177825763,
    423.30951825178));
#2105 = DIRECTION('',(6.713766422536E-17,-0.258819045103,-0.965925826289
    ));
#2106 = DIRECTION('',(-0.707106781187,-0.683012701892,0.183012701892));
#2107 = DEFINITIONAL_REPRESENTATION('',(#2108),#2117);
#2108 = B_SPLINE_CURVE_WITH_KNOTS('',7,(#2109,#2110,#2111,#2112,#2113,
    #2114,#2115,#2116),.UNSPECIFIED.,.F.,.F.,(8,8),(4.712388980385,
    6.28318530718),.PIECEWISE_BEZIER_KNOTS.);
#2109 = CARTESIAN_POINT('',(7.068583470577,-104.5741970172));
#2110 = CARTESIAN_POINT('',(6.844183995321,-104.4539417009));
#2111 = CARTESIAN_POINT('',(6.619784520064,-104.3336868728));
#2112 = CARTESIAN_POINT('',(6.395385044809,-104.2233192508));
#2113 = CARTESIAN_POINT('',(6.170985569551,-104.1327440215));
#2114 = CARTESIAN_POINT('',(5.946586094295,-104.0697819511));
#2115 = CARTESIAN_POINT('',(5.722186619039,-104.0382986324));
#2116 = CARTESIAN_POINT('',(5.497787143782,-104.0382986324));
#2117 = ( GEOMETRIC_REPRESENTATION_CONTEXT(2) 
PARAMETRIC_REPRESENTATION_CONTEXT() REPRESENTATION_CONTEXT('2D SPACE',''
  ) );
#2118 = ORIENTED_EDGE('',*,*,#2119,.T.);
#2119 = EDGE_CURVE('',#2086,#1930,#2120,.T.);
#2120 = SURFACE_CURVE('',#2121,(#2125,#2131),.PCURVE_S1.);
#2121 = LINE('',#2122,#2123);
#2122 = CARTESIAN_POINT('',(-949.6199967142,-401.6859309237,
    524.3204359142));
#2123 = VECTOR('',#2124,1.);
#2124 = DIRECTION('',(0.,-1.,0.));
#2125 = PCURVE('',#1952,#2126);
#2126 = DEFINITIONAL_REPRESENTATION('',(#2127),#2130);
#2127 = B_SPLINE_CURVE_WITH_KNOTS('',1,(#2128,#2129),.UNSPECIFIED.,.F.,
  .F.,(2,2),(-63.86534498598,-23.83233853421),.PIECEWISE_BEZIER_KNOTS.);
#2128 = CARTESIAN_POINT('',(8.,40.033006451771));
#2129 = CARTESIAN_POINT('',(8.,0.));
#2130 = ( GEOMETRIC_REPRESENTATION_CONTEXT(2) 
PARAMETRIC_REPRESENTATION_CONTEXT() REPRESENTATION_CONTEXT('2D SPACE',''
  ) );
#2131 = PCURVE('',#1979,#2132);
#2132 = DEFINITIONAL_REPRESENTATION('',(#2133),#2136);
#2133 = B_SPLINE_CURVE_WITH_KNOTS('',1,(#2134,#2135),.UNSPECIFIED.,.F.,
  .F.,(2,2),(-63.86534498598,-23.83233853421),.PIECEWISE_BEZIER_KNOTS.);
#2134 = CARTESIAN_POINT('',(213.12766386607,-87.69768352019));
#2135 = CARTESIAN_POINT('',(213.12766386607,-47.66467706842));
#2136 = ( GEOMETRIC_REPRESENTATION_CONTEXT(2) 
PARAMETRIC_REPRESENTATION_CONTEXT() REPRESENTATION_CONTEXT('2D SPACE',''
  ) );
#2137 = ADVANCED_FACE('',(#2138),#2005,.F.);
#2138 = FACE_BOUND('',#2139,.F.);
#2139 = EDGE_LOOP('',(#2140,#2141,#2162,#2202,#2234,#2264));
#2140 = ORIENTED_EDGE('',*,*,#1990,.T.);
#2141 = ORIENTED_EDGE('',*,*,#2142,.T.);
#2142 = EDGE_CURVE('',#1965,#2143,#2145,.T.);
#2143 = VERTEX_POINT('',#2144);
#2144 = CARTESIAN_POINT('',(-949.6199967142,-337.8205859377,
    539.26636041046));
#2145 = SURFACE_CURVE('',#2146,(#2150,#2156),.PCURVE_S1.);
#2146 = LINE('',#2147,#2148);
#2147 = CARTESIAN_POINT('',(-949.6199967142,-579.9377298866,
    604.1414536053));
#2148 = VECTOR('',#2149,1.);
#2149 = DIRECTION('',(1.008768357388E-16,0.965925826289,-0.258819045103)
  );
#2150 = PCURVE('',#2005,#2151);
#2151 = DEFINITIONAL_REPRESENTATION('',(#2152),#2155);
#2152 = B_SPLINE_CURVE_WITH_KNOTS('',1,(#2153,#2154),.UNSPECIFIED.,.F.,
  .F.,(2,2),(205.06837218854,254.5264025061),.PIECEWISE_BEZIER_KNOTS.);
#2153 = CARTESIAN_POINT('',(4.712388980385,205.06837218854));
#2154 = CARTESIAN_POINT('',(4.712388980385,254.5264025061));
#2155 = ( GEOMETRIC_REPRESENTATION_CONTEXT(2) 
PARAMETRIC_REPRESENTATION_CONTEXT() REPRESENTATION_CONTEXT('2D SPACE',''
  ) );
#2156 = PCURVE('',#1979,#2157);
#2157 = DEFINITIONAL_REPRESENTATION('',(#2158),#2161);
#2158 = B_SPLINE_CURVE_WITH_KNOTS('',1,(#2159,#2160),.UNSPECIFIED.,.F.,
  .F.,(2,2),(205.06837218854,254.5264025061),.PIECEWISE_BEZIER_KNOTS.);
#2159 = CARTESIAN_POINT('',(239.87308128661,-43.66137642324));
#2160 = CARTESIAN_POINT('',(227.07240110716,-91.43416522436));
#2161 = ( GEOMETRIC_REPRESENTATION_CONTEXT(2) 
PARAMETRIC_REPRESENTATION_CONTEXT() REPRESENTATION_CONTEXT('2D SPACE',''
  ) );
#2162 = ORIENTED_EDGE('',*,*,#2163,.F.);
#2163 = EDGE_CURVE('',#2164,#2143,#2166,.T.);
#2164 = VERTEX_POINT('',#2165);
#2165 = CARTESIAN_POINT('',(-947.4904783052,-337.8205859377,
    524.3204359142));
#2166 = SURFACE_CURVE('',#2167,(#2172,#2190),.PCURVE_S1.);
#2167 = ELLIPSE('',#2168,51.763809020504,50.);
#2168 = AXIS2_PLACEMENT_3D('',#2169,#2170,#2171);
#2169 = CARTESIAN_POINT('',(-899.6199967142,-337.8205859377,
    539.26636041046));
#2170 = DIRECTION('',(0.,1.,0.));
#2171 = DIRECTION('',(3.897581636578E-16,0.,-1.));
#2172 = PCURVE('',#2005,#2173);
#2173 = DEFINITIONAL_REPRESENTATION('',(#2174),#2189);
#2174 = B_SPLINE_CURVE_WITH_KNOTS('',7,(#2175,#2176,#2177,#2178,#2179,
    #2180,#2181,#2182,#2183,#2184,#2185,#2186,#2187,#2188),
  .UNSPECIFIED.,.F.,.F.,(8,6,8),(1.113858327975,2.127725490783,
    3.14159265359),.UNSPECIFIED.);
#2175 = CARTESIAN_POINT('',(4.255450981565,256.56910221618));
#2176 = CARTESIAN_POINT('',(4.40028914768,254.82771541476));
#2177 = CARTESIAN_POINT('',(4.545127313796,252.94166042406));
#2178 = CARTESIAN_POINT('',(4.689965479911,250.97060451479));
#2179 = CARTESIAN_POINT('',(4.834803646026,248.98164991491));
#2180 = CARTESIAN_POINT('',(4.979641812142,247.04422693995));
#2181 = CARTESIAN_POINT('',(5.124479978257,245.2236822261));
#2182 = CARTESIAN_POINT('',(5.414156310488,241.92923202102));
#2183 = CARTESIAN_POINT('',(5.558994476603,240.4553269599));
#2184 = CARTESIAN_POINT('',(5.703832642718,239.21117894508));
#2185 = CARTESIAN_POINT('',(5.848670808834,238.24433587272));
#2186 = CARTESIAN_POINT('',(5.993508974949,237.58854824605));
#2187 = CARTESIAN_POINT('',(6.138347141064,237.26065237768));
#2188 = CARTESIAN_POINT('',(6.28318530718,237.26065237768));
#2189 = ( GEOMETRIC_REPRESENTATION_CONTEXT(2) 
PARAMETRIC_REPRESENTATION_CONTEXT() REPRESENTATION_CONTEXT('2D SPACE',''
  ) );
#2190 = PCURVE('',#2191,#2196);
#2191 = PLANE('',#2192);
#2192 = AXIS2_PLACEMENT_3D('',#2193,#2194,#2195);
#2193 = CARTESIAN_POINT('',(-957.6199967142,-337.8205859377,
    524.3204359142));
#2194 = DIRECTION('',(-0.,1.,0.));
#2195 = DIRECTION('',(0.,0.,1.));
#2196 = DEFINITIONAL_REPRESENTATION('',(#2197),#2201);
#2197 = ELLIPSE('',#2198,51.763809020504,50.);
#2198 = AXIS2_PLACEMENT_2D('',#2199,#2200);
#2199 = CARTESIAN_POINT('',(14.945924496258,58.));
#2200 = DIRECTION('',(-1.,3.897581636578E-16));
#2201 = ( GEOMETRIC_REPRESENTATION_CONTEXT(2) 
PARAMETRIC_REPRESENTATION_CONTEXT() REPRESENTATION_CONTEXT('2D SPACE',''
  ) );
#2202 = ORIENTED_EDGE('',*,*,#2203,.T.);
#2203 = EDGE_CURVE('',#2164,#2204,#2206,.T.);
#2204 = VERTEX_POINT('',#2205);
#2205 = CARTESIAN_POINT('',(-945.7970293882,-356.1282508401,
    524.3204359142));
#2206 = SURFACE_CURVE('',#2207,(#2212,#2222),.PCURVE_S1.);
#2207 = ELLIPSE('',#2208,193.18516525781,50.);
#2208 = AXIS2_PLACEMENT_3D('',#2209,#2210,#2211);
#2209 = CARTESIAN_POINT('',(-899.6199967142,-282.0416363516,
    524.3204359142));
#2210 = DIRECTION('',(0.,0.,1.));
#2211 = DIRECTION('',(1.044353851955E-16,1.,-0.));
#2212 = PCURVE('',#2005,#2213);
#2213 = DEFINITIONAL_REPRESENTATION('',(#2214),#2221);
#2214 = B_SPLINE_CURVE_WITH_KNOTS('',5,(#2215,#2216,#2217,#2218,#2219,
    #2220),.UNSPECIFIED.,.F.,.F.,(6,6),(1.842123695196,2.113767113203),
  .PIECEWISE_BEZIER_KNOTS.);
#2215 = CARTESIAN_POINT('',(4.441061611983,258.39329338911));
#2216 = CARTESIAN_POINT('',(4.386732928382,248.62630689844));
#2217 = CARTESIAN_POINT('',(4.332404244781,239.04383709932));
#2218 = CARTESIAN_POINT('',(4.278075561179,229.70594854728));
#2219 = CARTESIAN_POINT('',(4.223746877578,220.67041220613));
#2220 = CARTESIAN_POINT('',(4.169418193976,211.99059558619));
#2221 = ( GEOMETRIC_REPRESENTATION_CONTEXT(2) 
PARAMETRIC_REPRESENTATION_CONTEXT() REPRESENTATION_CONTEXT('2D SPACE',''
  ) );
#2222 = PCURVE('',#2223,#2228);
#2223 = PLANE('',#2224);
#2224 = AXIS2_PLACEMENT_3D('',#2225,#2226,#2227);
#2225 = CARTESIAN_POINT('',(-957.6199967142,-377.8535923895,
    524.3204359142));
#2226 = DIRECTION('',(0.,0.,1.));
#2227 = DIRECTION('',(1.,0.,-0.));
#2228 = DEFINITIONAL_REPRESENTATION('',(#2229),#2233);
#2229 = ELLIPSE('',#2230,193.18516525781,50.);
#2230 = AXIS2_PLACEMENT_2D('',#2231,#2232);
#2231 = CARTESIAN_POINT('',(58.,95.811956037895));
#2232 = DIRECTION('',(1.044353851955E-16,1.));
#2233 = ( GEOMETRIC_REPRESENTATION_CONTEXT(2) 
PARAMETRIC_REPRESENTATION_CONTEXT() REPRESENTATION_CONTEXT('2D SPACE',''
  ) );
#2234 = ORIENTED_EDGE('',*,*,#2235,.T.);
#2235 = EDGE_CURVE('',#2204,#2033,#2236,.T.);
#2236 = SURFACE_CURVE('',#2237,(#2242,#2252),.PCURVE_S1.);
#2237 = ELLIPSE('',#2238,193.18516525781,50.);
#2238 = AXIS2_PLACEMENT_3D('',#2239,#2240,#2241);
#2239 = CARTESIAN_POINT('',(-899.6199967142,-282.0416363516,
    524.3204359142));
#2240 = DIRECTION('',(0.,0.,1.));
#2241 = DIRECTION('',(1.044353851955E-16,1.,-0.));
#2242 = PCURVE('',#2005,#2243);
#2243 = DEFINITIONAL_REPRESENTATION('',(#2244),#2251);
#2244 = B_SPLINE_CURVE_WITH_KNOTS('',5,(#2245,#2246,#2247,#2248,#2249,
    #2250),.UNSPECIFIED.,.F.,.F.,(6,6),(1.842123695196,2.113767113203),
  .PIECEWISE_BEZIER_KNOTS.);
#2245 = CARTESIAN_POINT('',(4.441061611983,258.39329338911));
#2246 = CARTESIAN_POINT('',(4.386732928382,248.62630689844));
#2247 = CARTESIAN_POINT('',(4.332404244781,239.04383709932));
#2248 = CARTESIAN_POINT('',(4.278075561179,229.70594854728));
#2249 = CARTESIAN_POINT('',(4.223746877578,220.67041220613));
#2250 = CARTESIAN_POINT('',(4.169418193976,211.99059558619));
#2251 = ( GEOMETRIC_REPRESENTATION_CONTEXT(2) 
PARAMETRIC_REPRESENTATION_CONTEXT() REPRESENTATION_CONTEXT('2D SPACE',''
  ) );
#2252 = PCURVE('',#2253,#2258);
#2253 = PLANE('',#2254);
#2254 = AXIS2_PLACEMENT_3D('',#2255,#2256,#2257);
#2255 = CARTESIAN_POINT('',(-957.6199967142,-377.8535923895,
    524.3204359142));
#2256 = DIRECTION('',(0.,0.,1.));
#2257 = DIRECTION('',(1.,0.,-0.));
#2258 = DEFINITIONAL_REPRESENTATION('',(#2259),#2263);
#2259 = ELLIPSE('',#2260,193.18516525781,50.);
#2260 = AXIS2_PLACEMENT_2D('',#2261,#2262);
#2261 = CARTESIAN_POINT('',(58.,95.811956037895));
#2262 = DIRECTION('',(1.044353851955E-16,1.));
#2263 = ( GEOMETRIC_REPRESENTATION_CONTEXT(2) 
PARAMETRIC_REPRESENTATION_CONTEXT() REPRESENTATION_CONTEXT('2D SPACE',''
  ) );
#2264 = ORIENTED_EDGE('',*,*,#2032,.T.);
#2265 = ADVANCED_FACE('',(#2266),#1979,.F.);
#2266 = FACE_BOUND('',#2267,.F.);
#2267 = EDGE_LOOP('',(#2268,#2269,#2270,#2271,#2299,#2322,#2345,#2366));
#2268 = ORIENTED_EDGE('',*,*,#2142,.F.);
#2269 = ORIENTED_EDGE('',*,*,#1964,.F.);
#2270 = ORIENTED_EDGE('',*,*,#2119,.F.);
#2271 = ORIENTED_EDGE('',*,*,#2272,.F.);
#2272 = EDGE_CURVE('',#2273,#2086,#2275,.T.);
#2273 = VERTEX_POINT('',#2274);
#2274 = CARTESIAN_POINT('',(-949.6199967142,-369.8535923895,
    534.39098827502));
#2275 = SURFACE_CURVE('',#2276,(#2280,#2287),.PCURVE_S1.);
#2276 = LINE('',#2277,#2278);
#2277 = CARTESIAN_POINT('',(-949.6199967142,-399.6177825763,
    423.30951825178));
#2278 = VECTOR('',#2279,1.);
#2279 = DIRECTION('',(6.713766422536E-17,-0.258819045103,-0.965925826289
    ));
#2280 = PCURVE('',#1979,#2281);
#2281 = DEFINITIONAL_REPRESENTATION('',(#2282),#2286);
#2282 = LINE('',#2283,#2284);
#2283 = CARTESIAN_POINT('',(112.11674620365,-25.90048688163));
#2284 = VECTOR('',#2285,1.);
#2285 = DIRECTION('',(-0.965925826289,0.258819045103));
#2286 = ( GEOMETRIC_REPRESENTATION_CONTEXT(2) 
PARAMETRIC_REPRESENTATION_CONTEXT() REPRESENTATION_CONTEXT('2D SPACE',''
  ) );
#2287 = PCURVE('',#2288,#2293);
#2288 = PLANE('',#2289);
#2289 = AXIS2_PLACEMENT_3D('',#2290,#2291,#2292);
#2290 = CARTESIAN_POINT('',(-949.6199967142,-352.4669275163,
    529.73224546317));
#2291 = DIRECTION('',(-1.,8.006303476922E-17,-9.095885009088E-17));
#2292 = DIRECTION('',(6.713766422536E-17,-0.258819045103,-0.965925826289
    ));
#2293 = DEFINITIONAL_REPRESENTATION('',(#2294),#2298);
#2294 = LINE('',#2295,#2296);
#2295 = CARTESIAN_POINT('',(115.,18.));
#2296 = VECTOR('',#2297,1.);
#2297 = DIRECTION('',(1.,5.55862388008E-17));
#2298 = ( GEOMETRIC_REPRESENTATION_CONTEXT(2) 
PARAMETRIC_REPRESENTATION_CONTEXT() REPRESENTATION_CONTEXT('2D SPACE',''
  ) );
#2299 = ORIENTED_EDGE('',*,*,#2300,.F.);
#2300 = EDGE_CURVE('',#2301,#2273,#2303,.T.);
#2301 = VERTEX_POINT('',#2302);
#2302 = CARTESIAN_POINT('',(-949.6199967142,-362.1261857792,
    532.3204359142));
#2303 = SURFACE_CURVE('',#2304,(#2308,#2315),.PCURVE_S1.);
#2304 = LINE('',#2305,#2306);
#2305 = CARTESIAN_POINT('',(-949.6199967142,-352.4669275163,
    529.73224546317));
#2306 = VECTOR('',#2307,1.);
#2307 = DIRECTION('',(-1.008768357388E-16,-0.965925826289,0.258819045103
    ));
#2308 = PCURVE('',#1979,#2309);
#2309 = DEFINITIONAL_REPRESENTATION('',(#2310),#2314);
#2310 = LINE('',#2311,#2312);
#2311 = CARTESIAN_POINT('',(218.53947341505,-73.05134194162));
#2312 = VECTOR('',#2313,1.);
#2313 = DIRECTION('',(0.258819045103,0.965925826289));
#2314 = ( GEOMETRIC_REPRESENTATION_CONTEXT(2) 
PARAMETRIC_REPRESENTATION_CONTEXT() REPRESENTATION_CONTEXT('2D SPACE',''
  ) );
#2315 = PCURVE('',#2288,#2316);
#2316 = DEFINITIONAL_REPRESENTATION('',(#2317),#2321);
#2317 = LINE('',#2318,#2319);
#2318 = CARTESIAN_POINT('',(0.,0.));
#2319 = VECTOR('',#2320,1.);
#2320 = DIRECTION('',(-5.354456705177E-17,1.));
#2321 = ( GEOMETRIC_REPRESENTATION_CONTEXT(2) 
PARAMETRIC_REPRESENTATION_CONTEXT() REPRESENTATION_CONTEXT('2D SPACE',''
  ) );
#2322 = ORIENTED_EDGE('',*,*,#2323,.F.);
#2323 = EDGE_CURVE('',#2324,#2301,#2326,.T.);
#2324 = VERTEX_POINT('',#2325);
#2325 = CARTESIAN_POINT('',(-949.6199967142,-364.2697793186,
    524.3204359142));
#2326 = SURFACE_CURVE('',#2327,(#2331,#2338),.PCURVE_S1.);
#2327 = LINE('',#2328,#2329);
#2328 = CARTESIAN_POINT('',(-949.6199967142,-391.890375966,
    421.23896589096));
#2329 = VECTOR('',#2330,1.);
#2330 = DIRECTION('',(-6.713766422536E-17,0.258819045103,0.965925826289)
  );
#2331 = PCURVE('',#1979,#2332);
#2332 = DEFINITIONAL_REPRESENTATION('',(#2333),#2337);
#2333 = LINE('',#2334,#2335);
#2334 = CARTESIAN_POINT('',(110.04619384283,-33.62789349194));
#2335 = VECTOR('',#2336,1.);
#2336 = DIRECTION('',(0.965925826289,-0.258819045103));
#2337 = ( GEOMETRIC_REPRESENTATION_CONTEXT(2) 
PARAMETRIC_REPRESENTATION_CONTEXT() REPRESENTATION_CONTEXT('2D SPACE',''
  ) );
#2338 = PCURVE('',#2288,#2339);
#2339 = DEFINITIONAL_REPRESENTATION('',(#2340),#2344);
#2340 = LINE('',#2341,#2342);
#2341 = CARTESIAN_POINT('',(115.,10.));
#2342 = VECTOR('',#2343,1.);
#2343 = DIRECTION('',(-1.,-5.55862388008E-17));
#2344 = ( GEOMETRIC_REPRESENTATION_CONTEXT(2) 
PARAMETRIC_REPRESENTATION_CONTEXT() REPRESENTATION_CONTEXT('2D SPACE',''
  ) );
#2345 = ORIENTED_EDGE('',*,*,#2346,.F.);
#2346 = EDGE_CURVE('',#2347,#2324,#2349,.T.);
#2347 = VERTEX_POINT('',#2348);
#2348 = CARTESIAN_POINT('',(-949.6199967142,-337.8205859377,
    524.3204359142));
#2349 = SURFACE_CURVE('',#2350,(#2354,#2360),.PCURVE_S1.);
#2350 = LINE('',#2351,#2352);
#2351 = CARTESIAN_POINT('',(-949.6199967142,-401.6859309237,
    524.3204359142));
#2352 = VECTOR('',#2353,1.);
#2353 = DIRECTION('',(0.,-1.,0.));
#2354 = PCURVE('',#1979,#2355);
#2355 = DEFINITIONAL_REPRESENTATION('',(#2356),#2359);
#2356 = B_SPLINE_CURVE_WITH_KNOTS('',1,(#2357,#2358),.UNSPECIFIED.,.F.,
  .F.,(2,2),(-63.86534498598,-23.83233853421),.PIECEWISE_BEZIER_KNOTS.);
#2357 = CARTESIAN_POINT('',(213.12766386607,-87.69768352019));
#2358 = CARTESIAN_POINT('',(213.12766386607,-47.66467706842));
#2359 = ( GEOMETRIC_REPRESENTATION_CONTEXT(2) 
PARAMETRIC_REPRESENTATION_CONTEXT() REPRESENTATION_CONTEXT('2D SPACE',''
  ) );
#2360 = PCURVE('',#2223,#2361);
#2361 = DEFINITIONAL_REPRESENTATION('',(#2362),#2365);
#2362 = B_SPLINE_CURVE_WITH_KNOTS('',1,(#2363,#2364),.UNSPECIFIED.,.F.,
  .F.,(2,2),(-63.86534498598,-23.83233853421),.PIECEWISE_BEZIER_KNOTS.);
#2363 = CARTESIAN_POINT('',(8.,40.033006451771));
#2364 = CARTESIAN_POINT('',(8.,0.));
#2365 = ( GEOMETRIC_REPRESENTATION_CONTEXT(2) 
PARAMETRIC_REPRESENTATION_CONTEXT() REPRESENTATION_CONTEXT('2D SPACE',''
  ) );
#2366 = ORIENTED_EDGE('',*,*,#2367,.T.);
#2367 = EDGE_CURVE('',#2347,#2143,#2368,.T.);
#2368 = SURFACE_CURVE('',#2369,(#2373,#2379),.PCURVE_S1.);
#2369 = LINE('',#2370,#2371);
#2370 = CARTESIAN_POINT('',(-949.6199967142,-337.8205859377,
    417.75660398116));
#2371 = VECTOR('',#2372,1.);
#2372 = DIRECTION('',(0.,-0.,1.));
#2373 = PCURVE('',#1979,#2374);
#2374 = DEFINITIONAL_REPRESENTATION('',(#2375),#2378);
#2375 = B_SPLINE_CURVE_WITH_KNOTS('',1,(#2376,#2377),.UNSPECIFIED.,.F.,
  .F.,(2,2),(106.56383193303,185.48771135007),.PIECEWISE_BEZIER_KNOTS.);
#2376 = CARTESIAN_POINT('',(213.12766386607,-87.69768352019));
#2377 = CARTESIAN_POINT('',(292.0515432831,-87.69768352019));
#2378 = ( GEOMETRIC_REPRESENTATION_CONTEXT(2) 
PARAMETRIC_REPRESENTATION_CONTEXT() REPRESENTATION_CONTEXT('2D SPACE',''
  ) );
#2379 = PCURVE('',#2191,#2380);
#2380 = DEFINITIONAL_REPRESENTATION('',(#2381),#2384);
#2381 = B_SPLINE_CURVE_WITH_KNOTS('',1,(#2382,#2383),.UNSPECIFIED.,.F.,
  .F.,(2,2),(106.56383193303,185.48771135007),.PIECEWISE_BEZIER_KNOTS.);
#2382 = CARTESIAN_POINT('',(0.,8.));
#2383 = CARTESIAN_POINT('',(78.923879417032,8.));
#2384 = ( GEOMETRIC_REPRESENTATION_CONTEXT(2) 
PARAMETRIC_REPRESENTATION_CONTEXT() REPRESENTATION_CONTEXT('2D SPACE',''
  ) );
#2385 = ADVANCED_FACE('',(#2386),#2102,.T.);
#2386 = FACE_BOUND('',#2387,.T.);
#2387 = EDGE_LOOP('',(#2388,#2424,#2445,#2446));
#2388 = ORIENTED_EDGE('',*,*,#2389,.T.);
#2389 = EDGE_CURVE('',#2390,#2392,#2394,.T.);
#2390 = VERTEX_POINT('',#2391);
#2391 = CARTESIAN_POINT('',(-949.6199967142,-486.7667595972,
    98.065108182052));
#2392 = VERTEX_POINT('',#2393);
#2393 = CARTESIAN_POINT('',(-947.6199967142,-488.837311958,
    98.065108182052));
#2394 = SURFACE_CURVE('',#2395,(#2400,#2412),.PCURVE_S1.);
#2395 = ELLIPSE('',#2396,2.07055236082,2.);
#2396 = AXIS2_PLACEMENT_3D('',#2397,#2398,#2399);
#2397 = CARTESIAN_POINT('',(-947.6199967142,-486.7667595972,
    98.065108182052));
#2398 = DIRECTION('',(0.,0.,1.));
#2399 = DIRECTION('',(2.59400015168E-16,-1.,0.));
#2400 = PCURVE('',#2102,#2401);
#2401 = DEFINITIONAL_REPRESENTATION('',(#2402),#2411);
#2402 = B_SPLINE_CURVE_WITH_KNOTS('',7,(#2403,#2404,#2405,#2406,#2407,
    #2408,#2409,#2410),.UNSPECIFIED.,.F.,.F.,(8,8),(4.712388980385,
    6.28318530718),.PIECEWISE_BEZIER_KNOTS.);
#2403 = CARTESIAN_POINT('',(7.068583470577,336.71779055672));
#2404 = CARTESIAN_POINT('',(6.844183995321,336.83804587307));
#2405 = CARTESIAN_POINT('',(6.619784520064,336.95830070106));
#2406 = CARTESIAN_POINT('',(6.395385044807,337.06866832329));
#2407 = CARTESIAN_POINT('',(6.170985569552,337.15924355232));
#2408 = CARTESIAN_POINT('',(5.946586094295,337.22220562288));
#2409 = CARTESIAN_POINT('',(5.722186619039,337.25368894158));
#2410 = CARTESIAN_POINT('',(5.497787143782,337.25368894158));
#2411 = ( GEOMETRIC_REPRESENTATION_CONTEXT(2) 
PARAMETRIC_REPRESENTATION_CONTEXT() REPRESENTATION_CONTEXT('2D SPACE',''
  ) );
#2412 = PCURVE('',#2413,#2418);
#2413 = PLANE('',#2414);
#2414 = AXIS2_PLACEMENT_3D('',#2415,#2416,#2417);
#2415 = CARTESIAN_POINT('',(-957.6199967142,-513.2159529781,
    98.065108182052));
#2416 = DIRECTION('',(0.,0.,1.));
#2417 = DIRECTION('',(1.,0.,-0.));
#2418 = DEFINITIONAL_REPRESENTATION('',(#2419),#2423);
#2419 = ELLIPSE('',#2420,2.07055236082,2.);
#2420 = AXIS2_PLACEMENT_2D('',#2421,#2422);
#2421 = CARTESIAN_POINT('',(10.,26.449193380908));
#2422 = DIRECTION('',(2.59400015168E-16,-1.));
#2423 = ( GEOMETRIC_REPRESENTATION_CONTEXT(2) 
PARAMETRIC_REPRESENTATION_CONTEXT() REPRESENTATION_CONTEXT('2D SPACE',''
  ) );
#2424 = ORIENTED_EDGE('',*,*,#2425,.T.);
#2425 = EDGE_CURVE('',#2392,#2060,#2426,.T.);
#2426 = SURFACE_CURVE('',#2427,(#2431,#2438),.PCURVE_S1.);
#2427 = LINE('',#2428,#2429);
#2428 = CARTESIAN_POINT('',(-947.6199967142,-401.5496342289,
    423.82715634198));
#2429 = VECTOR('',#2430,1.);
#2430 = DIRECTION('',(-6.713766422536E-17,0.258819045103,0.965925826289)
  );
#2431 = PCURVE('',#2102,#2432);
#2432 = DEFINITIONAL_REPRESENTATION('',(#2433),#2437);
#2433 = LINE('',#2434,#2435);
#2434 = CARTESIAN_POINT('',(5.497787143782,2.84217094304E-13));
#2435 = VECTOR('',#2436,1.);
#2436 = DIRECTION('',(-4.440892098501E-17,-1.));
#2437 = ( GEOMETRIC_REPRESENTATION_CONTEXT(2) 
PARAMETRIC_REPRESENTATION_CONTEXT() REPRESENTATION_CONTEXT('2D SPACE',''
  ) );
#2438 = PCURVE('',#2074,#2439);
#2439 = DEFINITIONAL_REPRESENTATION('',(#2440),#2444);
#2440 = LINE('',#2441,#2442);
#2441 = CARTESIAN_POINT('',(391.,115.));
#2442 = VECTOR('',#2443,1.);
#2443 = DIRECTION('',(9.65411325761E-17,1.));
#2444 = ( GEOMETRIC_REPRESENTATION_CONTEXT(2) 
PARAMETRIC_REPRESENTATION_CONTEXT() REPRESENTATION_CONTEXT('2D SPACE',''
  ) );
#2445 = ORIENTED_EDGE('',*,*,#2085,.F.);
#2446 = ORIENTED_EDGE('',*,*,#2447,.T.);
#2447 = EDGE_CURVE('',#2086,#2390,#2448,.T.);
#2448 = SURFACE_CURVE('',#2449,(#2453,#2460),.PCURVE_S1.);
#2449 = LINE('',#2450,#2451);
#2450 = CARTESIAN_POINT('',(-949.6199967142,-399.6177825763,
    423.30951825178));
#2451 = VECTOR('',#2452,1.);
#2452 = DIRECTION('',(6.713766422536E-17,-0.258819045103,-0.965925826289
    ));
#2453 = PCURVE('',#2102,#2454);
#2454 = DEFINITIONAL_REPRESENTATION('',(#2455),#2459);
#2455 = LINE('',#2456,#2457);
#2456 = CARTESIAN_POINT('',(7.068583470577,0.));
#2457 = VECTOR('',#2458,1.);
#2458 = DIRECTION('',(0.,1.));
#2459 = ( GEOMETRIC_REPRESENTATION_CONTEXT(2) 
PARAMETRIC_REPRESENTATION_CONTEXT() REPRESENTATION_CONTEXT('2D SPACE',''
  ) );
#2460 = PCURVE('',#2461,#2466);
#2461 = PLANE('',#2462);
#2462 = AXIS2_PLACEMENT_3D('',#2463,#2464,#2465);
#2463 = CARTESIAN_POINT('',(-949.6199967142,-352.4669275163,
    529.73224546317));
#2464 = DIRECTION('',(-1.,8.006303476922E-17,-9.095885009088E-17));
#2465 = DIRECTION('',(6.713766422536E-17,-0.258819045103,-0.965925826289
    ));
#2466 = DEFINITIONAL_REPRESENTATION('',(#2467),#2471);
#2467 = LINE('',#2468,#2469);
#2468 = CARTESIAN_POINT('',(115.,18.));
#2469 = VECTOR('',#2470,1.);
#2470 = DIRECTION('',(1.,5.55862388008E-17));
#2471 = ( GEOMETRIC_REPRESENTATION_CONTEXT(2) 
PARAMETRIC_REPRESENTATION_CONTEXT() REPRESENTATION_CONTEXT('2D SPACE',''
  ) );
#2472 = ADVANCED_FACE('',(#2473),#2074,.F.);
#2473 = FACE_BOUND('',#2474,.F.);
#2474 = EDGE_LOOP('',(#2475,#2496,#2497,#2498,#2519,#2547));
#2475 = ORIENTED_EDGE('',*,*,#2476,.F.);
#2476 = EDGE_CURVE('',#2392,#2477,#2479,.T.);
#2477 = VERTEX_POINT('',#2478);
#2478 = CARTESIAN_POINT('',(-945.1127497357,-488.837311958,
    98.065108182052));
#2479 = SURFACE_CURVE('',#2480,(#2484,#2490),.PCURVE_S1.);
#2480 = LINE('',#2481,#2482);
#2481 = CARTESIAN_POINT('',(-757.1199967142,-488.837311958,
    98.065108182052));
#2482 = VECTOR('',#2483,1.);
#2483 = DIRECTION('',(1.,-1.044353851955E-16,0.));
#2484 = PCURVE('',#2074,#2485);
#2485 = DEFINITIONAL_REPRESENTATION('',(#2486),#2489);
#2486 = B_SPLINE_CURVE_WITH_KNOTS('',1,(#2487,#2488),.UNSPECIFIED.,.F.,
  .F.,(2,2),(-190.5,-121.5),.PIECEWISE_BEZIER_KNOTS.);
#2487 = CARTESIAN_POINT('',(391.,-222.2536889415));
#2488 = CARTESIAN_POINT('',(322.,-222.2536889415));
#2489 = ( GEOMETRIC_REPRESENTATION_CONTEXT(2) 
PARAMETRIC_REPRESENTATION_CONTEXT() REPRESENTATION_CONTEXT('2D SPACE',''
  ) );
#2490 = PCURVE('',#2413,#2491);
#2491 = DEFINITIONAL_REPRESENTATION('',(#2492),#2495);
#2492 = B_SPLINE_CURVE_WITH_KNOTS('',1,(#2493,#2494),.UNSPECIFIED.,.F.,
  .F.,(2,2),(-190.5,-121.5),.PIECEWISE_BEZIER_KNOTS.);
#2493 = CARTESIAN_POINT('',(10.,24.378641020088));
#2494 = CARTESIAN_POINT('',(79.,24.378641020088));
#2495 = ( GEOMETRIC_REPRESENTATION_CONTEXT(2) 
PARAMETRIC_REPRESENTATION_CONTEXT() REPRESENTATION_CONTEXT('2D SPACE',''
  ) );
#2496 = ORIENTED_EDGE('',*,*,#2425,.T.);
#2497 = ORIENTED_EDGE('',*,*,#2059,.T.);
#2498 = ORIENTED_EDGE('',*,*,#2499,.T.);
#2499 = EDGE_CURVE('',#2033,#2500,#2502,.T.);
#2500 = VERTEX_POINT('',#2501);
#2501 = CARTESIAN_POINT('',(-938.6199967142,-374.6225411227,
    524.3204359142));
#2502 = SURFACE_CURVE('',#2503,(#2507,#2513),.PCURVE_S1.);
#2503 = LINE('',#2504,#2505);
#2504 = CARTESIAN_POINT('',(-757.1199967142,-374.6225411227,
    524.3204359142));
#2505 = VECTOR('',#2506,1.);
#2506 = DIRECTION('',(1.,-1.044353851955E-16,0.));
#2507 = PCURVE('',#2074,#2508);
#2508 = DEFINITIONAL_REPRESENTATION('',(#2509),#2512);
#2509 = B_SPLINE_CURVE_WITH_KNOTS('',1,(#2510,#2511),.UNSPECIFIED.,.F.,
  .F.,(2,2),(-190.5,-121.5),.PIECEWISE_BEZIER_KNOTS.);
#2510 = CARTESIAN_POINT('',(391.,219.0382986324));
#2511 = CARTESIAN_POINT('',(322.,219.0382986324));
#2512 = ( GEOMETRIC_REPRESENTATION_CONTEXT(2) 
PARAMETRIC_REPRESENTATION_CONTEXT() REPRESENTATION_CONTEXT('2D SPACE',''
  ) );
#2513 = PCURVE('',#2253,#2514);
#2514 = DEFINITIONAL_REPRESENTATION('',(#2515),#2518);
#2515 = B_SPLINE_CURVE_WITH_KNOTS('',1,(#2516,#2517),.UNSPECIFIED.,.F.,
  .F.,(2,2),(-190.5,-121.5),.PIECEWISE_BEZIER_KNOTS.);
#2516 = CARTESIAN_POINT('',(10.,3.231051266763));
#2517 = CARTESIAN_POINT('',(79.,3.231051266763));
#2518 = ( GEOMETRIC_REPRESENTATION_CONTEXT(2) 
PARAMETRIC_REPRESENTATION_CONTEXT() REPRESENTATION_CONTEXT('2D SPACE',''
  ) );
#2519 = ORIENTED_EDGE('',*,*,#2520,.T.);
#2520 = EDGE_CURVE('',#2500,#2521,#2523,.T.);
#2521 = VERTEX_POINT('',#2522);
#2522 = CARTESIAN_POINT('',(-938.6199967142,-488.837311958,
    98.065108182052));
#2523 = SURFACE_CURVE('',#2524,(#2528,#2535),.PCURVE_S1.);
#2524 = LINE('',#2525,#2526);
#2525 = CARTESIAN_POINT('',(-938.6199967142,-461.0780146024,
    201.6642162955));
#2526 = VECTOR('',#2527,1.);
#2527 = DIRECTION('',(6.713766422536E-17,-0.258819045103,-0.965925826289
    ));
#2528 = PCURVE('',#2074,#2529);
#2529 = DEFINITIONAL_REPRESENTATION('',(#2530),#2534);
#2530 = LINE('',#2531,#2532);
#2531 = CARTESIAN_POINT('',(382.,-115.));
#2532 = VECTOR('',#2533,1.);
#2533 = DIRECTION('',(-9.65411325761E-17,-1.));
#2534 = ( GEOMETRIC_REPRESENTATION_CONTEXT(2) 
PARAMETRIC_REPRESENTATION_CONTEXT() REPRESENTATION_CONTEXT('2D SPACE',''
  ) );
#2535 = PCURVE('',#2536,#2541);
#2536 = CYLINDRICAL_SURFACE('',#2537,2.);
#2537 = AXIS2_PLACEMENT_3D('',#2538,#2539,#2540);
#2538 = CARTESIAN_POINT('',(-938.6199967142,-459.1461629499,
    201.14657820529));
#2539 = DIRECTION('',(-6.713766422536E-17,0.258819045103,0.965925826289)
  );
#2540 = DIRECTION('',(0.707106781187,-0.683012701892,0.183012701892));
#2541 = DEFINITIONAL_REPRESENTATION('',(#2542),#2546);
#2542 = LINE('',#2543,#2544);
#2543 = CARTESIAN_POINT('',(-0.785398163397,0.));
#2544 = VECTOR('',#2545,1.);
#2545 = DIRECTION('',(-8.688701931849E-17,-1.));
#2546 = ( GEOMETRIC_REPRESENTATION_CONTEXT(2) 
PARAMETRIC_REPRESENTATION_CONTEXT() REPRESENTATION_CONTEXT('2D SPACE',''
  ) );
#2547 = ORIENTED_EDGE('',*,*,#2548,.F.);
#2548 = EDGE_CURVE('',#2477,#2521,#2549,.T.);
#2549 = SURFACE_CURVE('',#2550,(#2554,#2560),.PCURVE_S1.);
#2550 = LINE('',#2551,#2552);
#2551 = CARTESIAN_POINT('',(-757.1199967142,-488.837311958,
    98.065108182052));
#2552 = VECTOR('',#2553,1.);
#2553 = DIRECTION('',(1.,-1.044353851955E-16,0.));
#2554 = PCURVE('',#2074,#2555);
#2555 = DEFINITIONAL_REPRESENTATION('',(#2556),#2559);
#2556 = B_SPLINE_CURVE_WITH_KNOTS('',1,(#2557,#2558),.UNSPECIFIED.,.F.,
  .F.,(2,2),(-190.5,-121.5),.PIECEWISE_BEZIER_KNOTS.);
#2557 = CARTESIAN_POINT('',(391.,-222.2536889415));
#2558 = CARTESIAN_POINT('',(322.,-222.2536889415));
#2559 = ( GEOMETRIC_REPRESENTATION_CONTEXT(2) 
PARAMETRIC_REPRESENTATION_CONTEXT() REPRESENTATION_CONTEXT('2D SPACE',''
  ) );
#2560 = PCURVE('',#2561,#2566);
#2561 = PLANE('',#2562);
#2562 = AXIS2_PLACEMENT_3D('',#2563,#2564,#2565);
#2563 = CARTESIAN_POINT('',(-957.6199967142,-513.2159529781,
    98.065108182052));
#2564 = DIRECTION('',(0.,0.,1.));
#2565 = DIRECTION('',(1.,0.,-0.));
#2566 = DEFINITIONAL_REPRESENTATION('',(#2567),#2570);
#2567 = B_SPLINE_CURVE_WITH_KNOTS('',1,(#2568,#2569),.UNSPECIFIED.,.F.,
  .F.,(2,2),(-190.5,-121.5),.PIECEWISE_BEZIER_KNOTS.);
#2568 = CARTESIAN_POINT('',(10.,24.378641020088));
#2569 = CARTESIAN_POINT('',(79.,24.378641020088));
#2570 = ( GEOMETRIC_REPRESENTATION_CONTEXT(2) 
PARAMETRIC_REPRESENTATION_CONTEXT() REPRESENTATION_CONTEXT('2D SPACE',''
  ) );
#2571 = ADVANCED_FACE('',(#2572),#2253,.T.);
#2572 = FACE_BOUND('',#2573,.T.);
#2573 = EDGE_LOOP('',(#2574,#2609,#2610,#2611,#2640,#2666,#2700));
#2574 = ORIENTED_EDGE('',*,*,#2575,.T.);
#2575 = EDGE_CURVE('',#2576,#2204,#2578,.T.);
#2576 = VERTEX_POINT('',#2577);
#2577 = CARTESIAN_POINT('',(-939.6199967142,-353.9170175145,
    524.3204359142));
#2578 = SURFACE_CURVE('',#2579,(#2584,#2591),.PCURVE_S1.);
#2579 = ELLIPSE('',#2580,10.352761804101,10.);
#2580 = AXIS2_PLACEMENT_3D('',#2581,#2582,#2583);
#2581 = CARTESIAN_POINT('',(-939.6199967142,-364.2697793186,
    524.3204359142));
#2582 = DIRECTION('',(0.,0.,1.));
#2583 = DIRECTION('',(-2.59400015168E-16,1.,0.));
#2584 = PCURVE('',#2253,#2585);
#2585 = DEFINITIONAL_REPRESENTATION('',(#2586),#2590);
#2586 = ELLIPSE('',#2587,10.352761804101,10.);
#2587 = AXIS2_PLACEMENT_2D('',#2588,#2589);
#2588 = CARTESIAN_POINT('',(18.,13.583813070863));
#2589 = DIRECTION('',(-2.59400015168E-16,1.));
#2590 = ( GEOMETRIC_REPRESENTATION_CONTEXT(2) 
PARAMETRIC_REPRESENTATION_CONTEXT() REPRESENTATION_CONTEXT('2D SPACE',''
  ) );
#2591 = PCURVE('',#2592,#2597);
#2592 = CYLINDRICAL_SURFACE('',#2593,10.);
#2593 = AXIS2_PLACEMENT_3D('',#2594,#2595,#2596);
#2594 = CARTESIAN_POINT('',(-939.6199967142,-391.890375966,
    421.23896589096));
#2595 = DIRECTION('',(-6.713766422536E-17,0.258819045103,0.965925826289)
  );
#2596 = DIRECTION('',(-0.707106781187,0.683012701892,-0.183012701892));
#2597 = DEFINITIONAL_REPRESENTATION('',(#2598),#2608);
#2598 = B_SPLINE_CURVE_WITH_KNOTS('',8,(#2599,#2600,#2601,#2602,#2603,
    #2604,#2605,#2606,#2607),.UNSPECIFIED.,.F.,.F.,(9,9),(
    -1.15463194561E-14,1.570796326795),.PIECEWISE_BEZIER_KNOTS.);
#2599 = CARTESIAN_POINT('',(-0.785398163397,109.39728248103));
#2600 = CARTESIAN_POINT('',(-0.589048622548,109.39728248103));
#2601 = CARTESIAN_POINT('',(-0.392699081699,109.27922198744));
#2602 = CARTESIAN_POINT('',(-0.196349540849,109.04310200414));
#2603 = CARTESIAN_POINT('',(1.435862032191E-13,108.69862840799));
#2604 = CARTESIAN_POINT('',(0.196349540849,108.26523267682));
#2605 = CARTESIAN_POINT('',(0.392699081699,107.77002469956));
#2606 = CARTESIAN_POINT('',(0.589048622548,107.24390756576));
#2607 = CARTESIAN_POINT('',(0.785398163397,106.71779055672));
#2608 = ( GEOMETRIC_REPRESENTATION_CONTEXT(2) 
PARAMETRIC_REPRESENTATION_CONTEXT() REPRESENTATION_CONTEXT('2D SPACE',''
  ) );
#2609 = ORIENTED_EDGE('',*,*,#2235,.T.);
#2610 = ORIENTED_EDGE('',*,*,#2499,.T.);
#2611 = ORIENTED_EDGE('',*,*,#2612,.T.);
#2612 = EDGE_CURVE('',#2500,#2613,#2615,.T.);
#2613 = VERTEX_POINT('',#2614);
#2614 = CARTESIAN_POINT('',(-936.6199967142,-372.5519887619,
    524.3204359142));
#2615 = SURFACE_CURVE('',#2616,(#2621,#2628),.PCURVE_S1.);
#2616 = ELLIPSE('',#2617,2.07055236082,2.);
#2617 = AXIS2_PLACEMENT_3D('',#2618,#2619,#2620);
#2618 = CARTESIAN_POINT('',(-938.6199967142,-372.5519887619,
    524.3204359142));
#2619 = DIRECTION('',(0.,0.,1.));
#2620 = DIRECTION('',(-2.59400015168E-16,1.,0.));
#2621 = PCURVE('',#2253,#2622);
#2622 = DEFINITIONAL_REPRESENTATION('',(#2623),#2627);
#2623 = ELLIPSE('',#2624,2.07055236082,2.);
#2624 = AXIS2_PLACEMENT_2D('',#2625,#2626);
#2625 = CARTESIAN_POINT('',(19.,5.301603627583));
#2626 = DIRECTION('',(-2.59400015168E-16,1.));
#2627 = ( GEOMETRIC_REPRESENTATION_CONTEXT(2) 
PARAMETRIC_REPRESENTATION_CONTEXT() REPRESENTATION_CONTEXT('2D SPACE',''
  ) );
#2628 = PCURVE('',#2536,#2629);
#2629 = DEFINITIONAL_REPRESENTATION('',(#2630),#2639);
#2630 = B_SPLINE_CURVE_WITH_KNOTS('',7,(#2631,#2632,#2633,#2634,#2635,
    #2636,#2637,#2638),.UNSPECIFIED.,.F.,.F.,(8,8),(3.14159265359,
    4.712388980385),.PIECEWISE_BEZIER_KNOTS.);
#2631 = CARTESIAN_POINT('',(-0.785398163397,334.0382986324));
#2632 = CARTESIAN_POINT('',(-0.560998688141,334.0382986324));
#2633 = CARTESIAN_POINT('',(-0.336599212885,334.06978195111));
#2634 = CARTESIAN_POINT('',(-0.112199737628,334.13274402162));
#2635 = CARTESIAN_POINT('',(0.112199737628,334.22331925076));
#2636 = CARTESIAN_POINT('',(0.336599212885,334.33368687289));
#2637 = CARTESIAN_POINT('',(0.560998688141,334.45394170091));
#2638 = CARTESIAN_POINT('',(0.785398163398,334.57419701727));
#2639 = ( GEOMETRIC_REPRESENTATION_CONTEXT(2) 
PARAMETRIC_REPRESENTATION_CONTEXT() REPRESENTATION_CONTEXT('2D SPACE',''
  ) );
#2640 = ORIENTED_EDGE('',*,*,#2641,.F.);
#2641 = EDGE_CURVE('',#2642,#2613,#2644,.T.);
#2642 = VERTEX_POINT('',#2643);
#2643 = CARTESIAN_POINT('',(-936.6199967142,-355.9875698753,
    524.3204359142));
#2644 = SURFACE_CURVE('',#2645,(#2649,#2655),.PCURVE_S1.);
#2645 = LINE('',#2646,#2647);
#2646 = CARTESIAN_POINT('',(-936.6199967142,-424.6886403265,
    524.3204359142));
#2647 = VECTOR('',#2648,1.);
#2648 = DIRECTION('',(-8.006303476922E-17,-1.,0.));
#2649 = PCURVE('',#2253,#2650);
#2650 = DEFINITIONAL_REPRESENTATION('',(#2651),#2654);
#2651 = B_SPLINE_CURVE_WITH_KNOTS('',1,(#2652,#2653),.UNSPECIFIED.,.F.,
  .F.,(2,2),(-68.70107045112,-52.13665156456),.PIECEWISE_BEZIER_KNOTS.);
#2652 = CARTESIAN_POINT('',(21.,21.866022514144));
#2653 = CARTESIAN_POINT('',(21.,5.301603627583));
#2654 = ( GEOMETRIC_REPRESENTATION_CONTEXT(2) 
PARAMETRIC_REPRESENTATION_CONTEXT() REPRESENTATION_CONTEXT('2D SPACE',''
  ) );
#2655 = PCURVE('',#2656,#2661);
#2656 = PLANE('',#2657);
#2657 = AXIS2_PLACEMENT_3D('',#2658,#2659,#2660);
#2658 = CARTESIAN_POINT('',(-936.6199967142,-471.5236882634,
    85.406365370207));
#2659 = DIRECTION('',(1.,-8.006303476922E-17,9.095885009088E-17));
#2660 = DIRECTION('',(-6.713766422536E-17,0.258819045103,0.965925826289)
  );
#2661 = DEFINITIONAL_REPRESENTATION('',(#2662),#2665);
#2662 = B_SPLINE_CURVE_WITH_KNOTS('',1,(#2663,#2664),.UNSPECIFIED.,.F.,
  .F.,(2,2),(-68.70107045112,-52.13665156456),.PIECEWISE_BEZIER_KNOTS.);
#2663 = CARTESIAN_POINT('',(453.86138409616,2.));
#2664 = CARTESIAN_POINT('',(449.57419701727,18.));
#2665 = ( GEOMETRIC_REPRESENTATION_CONTEXT(2) 
PARAMETRIC_REPRESENTATION_CONTEXT() REPRESENTATION_CONTEXT('2D SPACE',''
  ) );
#2666 = ORIENTED_EDGE('',*,*,#2667,.T.);
#2667 = EDGE_CURVE('',#2642,#2668,#2670,.T.);
#2668 = VERTEX_POINT('',#2669);
#2669 = CARTESIAN_POINT('',(-938.6199967142,-353.9170175145,
    524.3204359142));
#2670 = SURFACE_CURVE('',#2671,(#2676,#2683),.PCURVE_S1.);
#2671 = ELLIPSE('',#2672,2.07055236082,2.);
#2672 = AXIS2_PLACEMENT_3D('',#2673,#2674,#2675);
#2673 = CARTESIAN_POINT('',(-938.6199967142,-355.9875698753,
    524.3204359142));
#2674 = DIRECTION('',(0.,0.,1.));
#2675 = DIRECTION('',(2.59400015168E-16,-1.,0.));
#2676 = PCURVE('',#2253,#2677);
#2677 = DEFINITIONAL_REPRESENTATION('',(#2678),#2682);
#2678 = ELLIPSE('',#2679,2.07055236082,2.);
#2679 = AXIS2_PLACEMENT_2D('',#2680,#2681);
#2680 = CARTESIAN_POINT('',(19.,21.866022514144));
#2681 = DIRECTION('',(2.59400015168E-16,-1.));
#2682 = ( GEOMETRIC_REPRESENTATION_CONTEXT(2) 
PARAMETRIC_REPRESENTATION_CONTEXT() REPRESENTATION_CONTEXT('2D SPACE',''
  ) );
#2683 = PCURVE('',#2684,#2689);
#2684 = CYLINDRICAL_SURFACE('',#2685,2.);
#2685 = AXIS2_PLACEMENT_3D('',#2686,#2687,#2688);
#2686 = CARTESIAN_POINT('',(-938.6199967142,-443.6913497292,
    197.00547348365));
#2687 = DIRECTION('',(6.713766422536E-17,-0.258819045103,-0.965925826289
    ));
#2688 = DIRECTION('',(0.707106781187,0.683012701892,-0.183012701892));
#2689 = DEFINITIONAL_REPRESENTATION('',(#2690),#2699);
#2690 = B_SPLINE_CURVE_WITH_KNOTS('',7,(#2691,#2692,#2693,#2694,#2695,
    #2696,#2697,#2698),.UNSPECIFIED.,.F.,.F.,(8,8),(1.570796326795,
    3.14159265359),.PIECEWISE_BEZIER_KNOTS.);
#2691 = CARTESIAN_POINT('',(7.068583470577,-338.8613840961));
#2692 = CARTESIAN_POINT('',(6.844183995321,-338.9816394125));
#2693 = CARTESIAN_POINT('',(6.619784520064,-339.1018942405));
#2694 = CARTESIAN_POINT('',(6.395385044808,-339.2122618625));
#2695 = CARTESIAN_POINT('',(6.170985569551,-339.3028370919));
#2696 = CARTESIAN_POINT('',(5.946586094295,-339.3657991622));
#2697 = CARTESIAN_POINT('',(5.722186619039,-339.397282481));
#2698 = CARTESIAN_POINT('',(5.497787143782,-339.397282481));
#2699 = ( GEOMETRIC_REPRESENTATION_CONTEXT(2) 
PARAMETRIC_REPRESENTATION_CONTEXT() REPRESENTATION_CONTEXT('2D SPACE',''
  ) );
#2700 = ORIENTED_EDGE('',*,*,#2701,.F.);
#2701 = EDGE_CURVE('',#2576,#2668,#2702,.T.);
#2702 = SURFACE_CURVE('',#2703,(#2707,#2713),.PCURVE_S1.);
#2703 = LINE('',#2704,#2705);
#2704 = CARTESIAN_POINT('',(-757.1199967142,-353.9170175145,
    524.3204359142));
#2705 = VECTOR('',#2706,1.);
#2706 = DIRECTION('',(1.,-1.044353851955E-16,0.));
#2707 = PCURVE('',#2253,#2708);
#2708 = DEFINITIONAL_REPRESENTATION('',(#2709),#2712);
#2709 = B_SPLINE_CURVE_WITH_KNOTS('',1,(#2710,#2711),.UNSPECIFIED.,.F.,
  .F.,(2,2),(-182.5,-121.5),.PIECEWISE_BEZIER_KNOTS.);
#2710 = CARTESIAN_POINT('',(18.,23.936574874964));
#2711 = CARTESIAN_POINT('',(79.,23.936574874964));
#2712 = ( GEOMETRIC_REPRESENTATION_CONTEXT(2) 
PARAMETRIC_REPRESENTATION_CONTEXT() REPRESENTATION_CONTEXT('2D SPACE',''
  ) );
#2713 = PCURVE('',#2714,#2719);
#2714 = PLANE('',#2715);
#2715 = AXIS2_PLACEMENT_3D('',#2716,#2717,#2718);
#2716 = CARTESIAN_POINT('',(-556.6199967142,-411.9953078899,
    307.56930541669));
#2717 = DIRECTION('',(1.008768357388E-16,0.965925826289,-0.258819045103)
  );
#2718 = DIRECTION('',(-1.,1.050497185157E-16,2.292723163573E-18));
#2719 = DEFINITIONAL_REPRESENTATION('',(#2720),#2723);
#2720 = B_SPLINE_CURVE_WITH_KNOTS('',1,(#2721,#2722),.UNSPECIFIED.,.F.,
  .F.,(2,2),(-182.5,-121.5),.PIECEWISE_BEZIER_KNOTS.);
#2721 = CARTESIAN_POINT('',(383.,224.39728248103));
#2722 = CARTESIAN_POINT('',(322.,224.39728248103));
#2723 = ( GEOMETRIC_REPRESENTATION_CONTEXT(2) 
PARAMETRIC_REPRESENTATION_CONTEXT() REPRESENTATION_CONTEXT('2D SPACE',''
  ) );
#2724 = ADVANCED_FACE('',(#2725),#2223,.F.);
#2725 = FACE_BOUND('',#2726,.F.);
#2726 = EDGE_LOOP('',(#2727,#2748,#2749,#2777));
#2727 = ORIENTED_EDGE('',*,*,#2728,.F.);
#2728 = EDGE_CURVE('',#2347,#2164,#2729,.T.);
#2729 = SURFACE_CURVE('',#2730,(#2734,#2741),.PCURVE_S1.);
#2730 = LINE('',#2731,#2732);
#2731 = CARTESIAN_POINT('',(-957.6199967142,-337.8205859377,
    524.3204359142));
#2732 = VECTOR('',#2733,1.);
#2733 = DIRECTION('',(1.,0.,-0.));
#2734 = PCURVE('',#2223,#2735);
#2735 = DEFINITIONAL_REPRESENTATION('',(#2736),#2740);
#2736 = LINE('',#2737,#2738);
#2737 = CARTESIAN_POINT('',(0.,40.033006451771));
#2738 = VECTOR('',#2739,1.);
#2739 = DIRECTION('',(1.,0.));
#2740 = ( GEOMETRIC_REPRESENTATION_CONTEXT(2) 
PARAMETRIC_REPRESENTATION_CONTEXT() REPRESENTATION_CONTEXT('2D SPACE',''
  ) );
#2741 = PCURVE('',#2191,#2742);
#2742 = DEFINITIONAL_REPRESENTATION('',(#2743),#2747);
#2743 = LINE('',#2744,#2745);
#2744 = CARTESIAN_POINT('',(0.,0.));
#2745 = VECTOR('',#2746,1.);
#2746 = DIRECTION('',(0.,1.));
#2747 = ( GEOMETRIC_REPRESENTATION_CONTEXT(2) 
PARAMETRIC_REPRESENTATION_CONTEXT() REPRESENTATION_CONTEXT('2D SPACE',''
  ) );
#2748 = ORIENTED_EDGE('',*,*,#2346,.T.);
#2749 = ORIENTED_EDGE('',*,*,#2750,.F.);
#2750 = EDGE_CURVE('',#2204,#2324,#2751,.T.);
#2751 = SURFACE_CURVE('',#2752,(#2757,#2764),.PCURVE_S1.);
#2752 = ELLIPSE('',#2753,10.352761804101,10.);
#2753 = AXIS2_PLACEMENT_3D('',#2754,#2755,#2756);
#2754 = CARTESIAN_POINT('',(-939.6199967142,-364.2697793186,
    524.3204359142));
#2755 = DIRECTION('',(0.,0.,1.));
#2756 = DIRECTION('',(-2.59400015168E-16,1.,0.));
#2757 = PCURVE('',#2223,#2758);
#2758 = DEFINITIONAL_REPRESENTATION('',(#2759),#2763);
#2759 = ELLIPSE('',#2760,10.352761804101,10.);
#2760 = AXIS2_PLACEMENT_2D('',#2761,#2762);
#2761 = CARTESIAN_POINT('',(18.,13.583813070863));
#2762 = DIRECTION('',(-2.59400015168E-16,1.));
#2763 = ( GEOMETRIC_REPRESENTATION_CONTEXT(2) 
PARAMETRIC_REPRESENTATION_CONTEXT() REPRESENTATION_CONTEXT('2D SPACE',''
  ) );
#2764 = PCURVE('',#2592,#2765);
#2765 = DEFINITIONAL_REPRESENTATION('',(#2766),#2776);
#2766 = B_SPLINE_CURVE_WITH_KNOTS('',8,(#2767,#2768,#2769,#2770,#2771,
    #2772,#2773,#2774,#2775),.UNSPECIFIED.,.F.,.F.,(9,9),(
    -1.15463194561E-14,1.570796326795),.PIECEWISE_BEZIER_KNOTS.);
#2767 = CARTESIAN_POINT('',(-0.785398163397,109.39728248103));
#2768 = CARTESIAN_POINT('',(-0.589048622548,109.39728248103));
#2769 = CARTESIAN_POINT('',(-0.392699081699,109.27922198744));
#2770 = CARTESIAN_POINT('',(-0.196349540849,109.04310200414));
#2771 = CARTESIAN_POINT('',(1.435862032191E-13,108.69862840799));
#2772 = CARTESIAN_POINT('',(0.196349540849,108.26523267682));
#2773 = CARTESIAN_POINT('',(0.392699081699,107.77002469956));
#2774 = CARTESIAN_POINT('',(0.589048622548,107.24390756576));
#2775 = CARTESIAN_POINT('',(0.785398163397,106.71779055672));
#2776 = ( GEOMETRIC_REPRESENTATION_CONTEXT(2) 
PARAMETRIC_REPRESENTATION_CONTEXT() REPRESENTATION_CONTEXT('2D SPACE',''
  ) );
#2777 = ORIENTED_EDGE('',*,*,#2203,.F.);
#2778 = ADVANCED_FACE('',(#2779),#2191,.T.);
#2779 = FACE_BOUND('',#2780,.T.);
#2780 = EDGE_LOOP('',(#2781,#2782,#2783));
#2781 = ORIENTED_EDGE('',*,*,#2728,.F.);
#2782 = ORIENTED_EDGE('',*,*,#2367,.T.);
#2783 = ORIENTED_EDGE('',*,*,#2163,.F.);
#2784 = ADVANCED_FACE('',(#2785),#2288,.T.);
#2785 = FACE_BOUND('',#2786,.T.);
#2786 = EDGE_LOOP('',(#2787,#2788,#2789,#2790));
#2787 = ORIENTED_EDGE('',*,*,#2272,.F.);
#2788 = ORIENTED_EDGE('',*,*,#2300,.F.);
#2789 = ORIENTED_EDGE('',*,*,#2323,.F.);
#2790 = ORIENTED_EDGE('',*,*,#2791,.T.);
#2791 = EDGE_CURVE('',#2324,#2086,#2792,.T.);
#2792 = SURFACE_CURVE('',#2793,(#2797,#2804),.PCURVE_S1.);
#2793 = LINE('',#2794,#2795);
#2794 = CARTESIAN_POINT('',(-949.6199967142,-401.6859309237,
    524.3204359142));
#2795 = VECTOR('',#2796,1.);
#2796 = DIRECTION('',(0.,-1.,0.));
#2797 = PCURVE('',#2288,#2798);
#2798 = DEFINITIONAL_REPRESENTATION('',(#2799),#2803);
#2799 = LINE('',#2800,#2801);
#2800 = CARTESIAN_POINT('',(17.966222073118,46.14122715569));
#2801 = VECTOR('',#2802,1.);
#2802 = DIRECTION('',(0.258819045103,0.965925826289));
#2803 = ( GEOMETRIC_REPRESENTATION_CONTEXT(2) 
PARAMETRIC_REPRESENTATION_CONTEXT() REPRESENTATION_CONTEXT('2D SPACE',''
  ) );
#2804 = PCURVE('',#2461,#2805);
#2805 = DEFINITIONAL_REPRESENTATION('',(#2806),#2810);
#2806 = LINE('',#2807,#2808);
#2807 = CARTESIAN_POINT('',(17.966222073118,46.14122715569));
#2808 = VECTOR('',#2809,1.);
#2809 = DIRECTION('',(0.258819045103,0.965925826289));
#2810 = ( GEOMETRIC_REPRESENTATION_CONTEXT(2) 
PARAMETRIC_REPRESENTATION_CONTEXT() REPRESENTATION_CONTEXT('2D SPACE',''
  ) );
#2811 = ADVANCED_FACE('',(#2812),#2413,.T.);
#2812 = FACE_BOUND('',#2813,.T.);
#2813 = EDGE_LOOP('',(#2814,#2844,#2874,#2875,#2876));
#2814 = ORIENTED_EDGE('',*,*,#2815,.T.);
#2815 = EDGE_CURVE('',#2816,#2818,#2820,.T.);
#2816 = VERTEX_POINT('',#2817);
#2817 = CARTESIAN_POINT('',(-949.6199967142,-513.2159529781,
    98.065108182052));
#2818 = VERTEX_POINT('',#2819);
#2819 = CARTESIAN_POINT('',(-947.4904783052,-513.2159529781,
    98.065108182052));
#2820 = SURFACE_CURVE('',#2821,(#2825,#2832),.PCURVE_S1.);
#2821 = LINE('',#2822,#2823);
#2822 = CARTESIAN_POINT('',(-957.6199967142,-513.2159529781,
    98.065108182052));
#2823 = VECTOR('',#2824,1.);
#2824 = DIRECTION('',(1.,0.,-0.));
#2825 = PCURVE('',#2413,#2826);
#2826 = DEFINITIONAL_REPRESENTATION('',(#2827),#2831);
#2827 = LINE('',#2828,#2829);
#2828 = CARTESIAN_POINT('',(0.,0.));
#2829 = VECTOR('',#2830,1.);
#2830 = DIRECTION('',(1.,0.));
#2831 = ( GEOMETRIC_REPRESENTATION_CONTEXT(2) 
PARAMETRIC_REPRESENTATION_CONTEXT() REPRESENTATION_CONTEXT('2D SPACE',''
  ) );
#2832 = PCURVE('',#2833,#2838);
#2833 = PLANE('',#2834);
#2834 = AXIS2_PLACEMENT_3D('',#2835,#2836,#2837);
#2835 = CARTESIAN_POINT('',(-957.6199967142,-513.2159529781,
    19.141228765021));
#2836 = DIRECTION('',(-0.,1.,0.));
#2837 = DIRECTION('',(0.,0.,1.));
#2838 = DEFINITIONAL_REPRESENTATION('',(#2839),#2843);
#2839 = LINE('',#2840,#2841);
#2840 = CARTESIAN_POINT('',(78.923879417032,0.));
#2841 = VECTOR('',#2842,1.);
#2842 = DIRECTION('',(0.,1.));
#2843 = ( GEOMETRIC_REPRESENTATION_CONTEXT(2) 
PARAMETRIC_REPRESENTATION_CONTEXT() REPRESENTATION_CONTEXT('2D SPACE',''
  ) );
#2844 = ORIENTED_EDGE('',*,*,#2845,.F.);
#2845 = EDGE_CURVE('',#2477,#2818,#2846,.T.);
#2846 = SURFACE_CURVE('',#2847,(#2852,#2859),.PCURVE_S1.);
#2847 = ELLIPSE('',#2848,193.18516525781,50.);
#2848 = AXIS2_PLACEMENT_3D('',#2849,#2850,#2851);
#2849 = CARTESIAN_POINT('',(-899.6199967142,-568.9949025642,
    98.065108182052));
#2850 = DIRECTION('',(0.,0.,1.));
#2851 = DIRECTION('',(1.044353851955E-16,1.,-0.));
#2852 = PCURVE('',#2413,#2853);
#2853 = DEFINITIONAL_REPRESENTATION('',(#2854),#2858);
#2854 = ELLIPSE('',#2855,193.18516525781,50.);
#2855 = AXIS2_PLACEMENT_2D('',#2856,#2857);
#2856 = CARTESIAN_POINT('',(58.,-55.77894958612));
#2857 = DIRECTION('',(1.044353851955E-16,1.));
#2858 = ( GEOMETRIC_REPRESENTATION_CONTEXT(2) 
PARAMETRIC_REPRESENTATION_CONTEXT() REPRESENTATION_CONTEXT('2D SPACE',''
  ) );
#2859 = PCURVE('',#2860,#2865);
#2860 = CYLINDRICAL_SURFACE('',#2861,50.);
#2861 = AXIS2_PLACEMENT_3D('',#2862,#2863,#2864);
#2862 = CARTESIAN_POINT('',(-899.6199967142,-705.7237858065,
    134.70150202881));
#2863 = DIRECTION('',(1.008768357388E-16,0.965925826289,-0.258819045103)
  );
#2864 = DIRECTION('',(3.362494525438E-33,0.258819045103,0.965925826289)
  );
#2865 = DEFINITIONAL_REPRESENTATION('',(#2866),#2873);
#2866 = B_SPLINE_CURVE_WITH_KNOTS('',5,(#2867,#2868,#2869,#2870,#2871,
    #2872),.UNSPECIFIED.,.F.,.F.,(6,6),(1.027825540387,1.299468958394),
  .PIECEWISE_BEZIER_KNOTS.);
#2867 = CARTESIAN_POINT('',(5.255359766793,237.96629028261));
#2868 = CARTESIAN_POINT('',(5.201031083192,229.28647366267));
#2869 = CARTESIAN_POINT('',(5.14670239959,220.25093732152));
#2870 = CARTESIAN_POINT('',(5.092373715989,210.91304876948));
#2871 = CARTESIAN_POINT('',(5.038045032387,201.33057897036));
#2872 = CARTESIAN_POINT('',(4.983716348786,191.56359247969));
#2873 = ( GEOMETRIC_REPRESENTATION_CONTEXT(2) 
PARAMETRIC_REPRESENTATION_CONTEXT() REPRESENTATION_CONTEXT('2D SPACE',''
  ) );
#2874 = ORIENTED_EDGE('',*,*,#2476,.F.);
#2875 = ORIENTED_EDGE('',*,*,#2389,.F.);
#2876 = ORIENTED_EDGE('',*,*,#2877,.T.);
#2877 = EDGE_CURVE('',#2390,#2816,#2878,.T.);
#2878 = SURFACE_CURVE('',#2879,(#2883,#2889),.PCURVE_S1.);
#2879 = LINE('',#2880,#2881);
#2880 = CARTESIAN_POINT('',(-949.6199967142,-469.367111218,
    98.065108182052));
#2881 = VECTOR('',#2882,1.);
#2882 = DIRECTION('',(0.,-1.,0.));
#2883 = PCURVE('',#2413,#2884);
#2884 = DEFINITIONAL_REPRESENTATION('',(#2885),#2888);
#2885 = B_SPLINE_CURVE_WITH_KNOTS('',1,(#2886,#2887),.UNSPECIFIED.,.F.,
  .F.,(2,2),(3.815835308326,43.848841760097),.PIECEWISE_BEZIER_KNOTS.);
#2886 = CARTESIAN_POINT('',(8.,40.033006451771));
#2887 = CARTESIAN_POINT('',(8.,0.));
#2888 = ( GEOMETRIC_REPRESENTATION_CONTEXT(2) 
PARAMETRIC_REPRESENTATION_CONTEXT() REPRESENTATION_CONTEXT('2D SPACE',''
  ) );
#2889 = PCURVE('',#2890,#2895);
#2890 = PLANE('',#2891);
#2891 = AXIS2_PLACEMENT_3D('',#2892,#2893,#2894);
#2892 = CARTESIAN_POINT('',(-949.6199967142,-425.5182694579,
    311.19277204812));
#2893 = DIRECTION('',(1.,0.,0.));
#2894 = DIRECTION('',(-0.,0.,1.));
#2895 = DEFINITIONAL_REPRESENTATION('',(#2896),#2899);
#2896 = B_SPLINE_CURVE_WITH_KNOTS('',1,(#2897,#2898),.UNSPECIFIED.,.F.,
  .F.,(2,2),(3.815835308326,43.848841760097),.PIECEWISE_BEZIER_KNOTS.);
#2897 = CARTESIAN_POINT('',(-213.127663866,47.664677068424));
#2898 = CARTESIAN_POINT('',(-213.127663866,87.697683520195));
#2899 = ( GEOMETRIC_REPRESENTATION_CONTEXT(2) 
PARAMETRIC_REPRESENTATION_CONTEXT() REPRESENTATION_CONTEXT('2D SPACE',''
  ) );
#2900 = ADVANCED_FACE('',(#2901),#2461,.T.);
#2901 = FACE_BOUND('',#2902,.T.);
#2902 = EDGE_LOOP('',(#2903,#2904,#2905,#2928));
#2903 = ORIENTED_EDGE('',*,*,#2447,.F.);
#2904 = ORIENTED_EDGE('',*,*,#2791,.F.);
#2905 = ORIENTED_EDGE('',*,*,#2906,.F.);
#2906 = EDGE_CURVE('',#2907,#2324,#2909,.T.);
#2907 = VERTEX_POINT('',#2908);
#2908 = CARTESIAN_POINT('',(-949.6199967142,-478.4845501539,
    98.065108182052));
#2909 = SURFACE_CURVE('',#2910,(#2914,#2921),.PCURVE_S1.);
#2910 = LINE('',#2911,#2912);
#2911 = CARTESIAN_POINT('',(-949.6199967142,-391.890375966,
    421.23896589096));
#2912 = VECTOR('',#2913,1.);
#2913 = DIRECTION('',(-6.713766422536E-17,0.258819045103,0.965925826289)
  );
#2914 = PCURVE('',#2461,#2915);
#2915 = DEFINITIONAL_REPRESENTATION('',(#2916),#2920);
#2916 = LINE('',#2917,#2918);
#2917 = CARTESIAN_POINT('',(115.,10.));
#2918 = VECTOR('',#2919,1.);
#2919 = DIRECTION('',(-1.,-5.55862388008E-17));
#2920 = ( GEOMETRIC_REPRESENTATION_CONTEXT(2) 
PARAMETRIC_REPRESENTATION_CONTEXT() REPRESENTATION_CONTEXT('2D SPACE',''
  ) );
#2921 = PCURVE('',#2592,#2922);
#2922 = DEFINITIONAL_REPRESENTATION('',(#2923),#2927);
#2923 = LINE('',#2924,#2925);
#2924 = CARTESIAN_POINT('',(0.785398163397,0.));
#2925 = VECTOR('',#2926,1.);
#2926 = DIRECTION('',(-1.73774038637E-17,1.));
#2927 = ( GEOMETRIC_REPRESENTATION_CONTEXT(2) 
PARAMETRIC_REPRESENTATION_CONTEXT() REPRESENTATION_CONTEXT('2D SPACE',''
  ) );
#2928 = ORIENTED_EDGE('',*,*,#2929,.T.);
#2929 = EDGE_CURVE('',#2907,#2390,#2930,.T.);
#2930 = SURFACE_CURVE('',#2931,(#2935,#2942),.PCURVE_S1.);
#2931 = LINE('',#2932,#2933);
#2932 = CARTESIAN_POINT('',(-949.6199967142,-469.367111218,
    98.065108182052));
#2933 = VECTOR('',#2934,1.);
#2934 = DIRECTION('',(0.,-1.,0.));
#2935 = PCURVE('',#2461,#2936);
#2936 = DEFINITIONAL_REPRESENTATION('',(#2937),#2941);
#2937 = LINE('',#2938,#2939);
#2938 = CARTESIAN_POINT('',(447.21443017809,1.193230262192));
#2939 = VECTOR('',#2940,1.);
#2940 = DIRECTION('',(0.258819045103,0.965925826289));
#2941 = ( GEOMETRIC_REPRESENTATION_CONTEXT(2) 
PARAMETRIC_REPRESENTATION_CONTEXT() REPRESENTATION_CONTEXT('2D SPACE',''
  ) );
#2942 = PCURVE('',#2943,#2948);
#2943 = PLANE('',#2944);
#2944 = AXIS2_PLACEMENT_3D('',#2945,#2946,#2947);
#2945 = CARTESIAN_POINT('',(-949.6199967142,-352.4669275163,
    529.73224546317));
#2946 = DIRECTION('',(-1.,8.006303476922E-17,-9.095885009088E-17));
#2947 = DIRECTION('',(6.713766422536E-17,-0.258819045103,-0.965925826289
    ));
#2948 = DEFINITIONAL_REPRESENTATION('',(#2949),#2953);
#2949 = LINE('',#2950,#2951);
#2950 = CARTESIAN_POINT('',(447.21443017809,1.193230262192));
#2951 = VECTOR('',#2952,1.);
#2952 = DIRECTION('',(0.258819045103,0.965925826289));
#2953 = ( GEOMETRIC_REPRESENTATION_CONTEXT(2) 
PARAMETRIC_REPRESENTATION_CONTEXT() REPRESENTATION_CONTEXT('2D SPACE',''
  ) );
#2954 = ADVANCED_FACE('',(#2955),#2561,.F.);
#2955 = FACE_BOUND('',#2956,.F.);
#2956 = EDGE_LOOP('',(#2957,#2987,#3012,#3013,#3042));
#2957 = ORIENTED_EDGE('',*,*,#2958,.F.);
#2958 = EDGE_CURVE('',#2959,#2961,#2963,.T.);
#2959 = VERTEX_POINT('',#2960);
#2960 = CARTESIAN_POINT('',(-943.0372885559,-473.1829465263,
    98.065108182052));
#2961 = VERTEX_POINT('',#2962);
#2962 = CARTESIAN_POINT('',(-936.6199967142,-473.1829465263,
    98.065108182052));
#2963 = SURFACE_CURVE('',#2964,(#2968,#2975),.PCURVE_S1.);
#2964 = LINE('',#2965,#2966);
#2965 = CARTESIAN_POINT('',(-957.6199967142,-473.1829465263,
    98.065108182052));
#2966 = VECTOR('',#2967,1.);
#2967 = DIRECTION('',(1.,0.,-0.));
#2968 = PCURVE('',#2561,#2969);
#2969 = DEFINITIONAL_REPRESENTATION('',(#2970),#2974);
#2970 = LINE('',#2971,#2972);
#2971 = CARTESIAN_POINT('',(0.,40.033006451771));
#2972 = VECTOR('',#2973,1.);
#2973 = DIRECTION('',(1.,0.));
#2974 = ( GEOMETRIC_REPRESENTATION_CONTEXT(2) 
PARAMETRIC_REPRESENTATION_CONTEXT() REPRESENTATION_CONTEXT('2D SPACE',''
  ) );
#2975 = PCURVE('',#2976,#2981);
#2976 = PLANE('',#2977);
#2977 = AXIS2_PLACEMENT_3D('',#2978,#2979,#2980);
#2978 = CARTESIAN_POINT('',(-957.6199967142,-473.1829465263,
    19.141228765021));
#2979 = DIRECTION('',(-0.,1.,0.));
#2980 = DIRECTION('',(0.,0.,1.));
#2981 = DEFINITIONAL_REPRESENTATION('',(#2982),#2986);
#2982 = LINE('',#2983,#2984);
#2983 = CARTESIAN_POINT('',(78.923879417032,0.));
#2984 = VECTOR('',#2985,1.);
#2985 = DIRECTION('',(0.,1.));
#2986 = ( GEOMETRIC_REPRESENTATION_CONTEXT(2) 
PARAMETRIC_REPRESENTATION_CONTEXT() REPRESENTATION_CONTEXT('2D SPACE',''
  ) );
#2987 = ORIENTED_EDGE('',*,*,#2988,.T.);
#2988 = EDGE_CURVE('',#2959,#2477,#2989,.T.);
#2989 = SURFACE_CURVE('',#2990,(#2995,#3002),.PCURVE_S1.);
#2990 = ELLIPSE('',#2991,193.18516525781,50.);
#2991 = AXIS2_PLACEMENT_3D('',#2992,#2993,#2994);
#2992 = CARTESIAN_POINT('',(-899.6199967142,-568.9949025642,
    98.065108182052));
#2993 = DIRECTION('',(0.,0.,1.));
#2994 = DIRECTION('',(1.044353851955E-16,1.,-0.));
#2995 = PCURVE('',#2561,#2996);
#2996 = DEFINITIONAL_REPRESENTATION('',(#2997),#3001);
#2997 = ELLIPSE('',#2998,193.18516525781,50.);
#2998 = AXIS2_PLACEMENT_2D('',#2999,#3000);
#2999 = CARTESIAN_POINT('',(58.,-55.77894958612));
#3000 = DIRECTION('',(1.044353851955E-16,1.));
#3001 = ( GEOMETRIC_REPRESENTATION_CONTEXT(2) 
PARAMETRIC_REPRESENTATION_CONTEXT() REPRESENTATION_CONTEXT('2D SPACE',''
  ) );
#3002 = PCURVE('',#2860,#3003);
#3003 = DEFINITIONAL_REPRESENTATION('',(#3004),#3011);
#3004 = B_SPLINE_CURVE_WITH_KNOTS('',5,(#3005,#3006,#3007,#3008,#3009,
    #3010),.UNSPECIFIED.,.F.,.F.,(6,6),(1.027825540387,1.299468958394),
  .PIECEWISE_BEZIER_KNOTS.);
#3005 = CARTESIAN_POINT('',(5.255359766793,237.96629028261));
#3006 = CARTESIAN_POINT('',(5.201031083192,229.28647366267));
#3007 = CARTESIAN_POINT('',(5.14670239959,220.25093732152));
#3008 = CARTESIAN_POINT('',(5.092373715989,210.91304876948));
#3009 = CARTESIAN_POINT('',(5.038045032387,201.33057897036));
#3010 = CARTESIAN_POINT('',(4.983716348786,191.56359247969));
#3011 = ( GEOMETRIC_REPRESENTATION_CONTEXT(2) 
PARAMETRIC_REPRESENTATION_CONTEXT() REPRESENTATION_CONTEXT('2D SPACE',''
  ) );
#3012 = ORIENTED_EDGE('',*,*,#2548,.T.);
#3013 = ORIENTED_EDGE('',*,*,#3014,.T.);
#3014 = EDGE_CURVE('',#2521,#3015,#3017,.T.);
#3015 = VERTEX_POINT('',#3016);
#3016 = CARTESIAN_POINT('',(-936.6199967142,-486.7667595972,
    98.065108182052));
#3017 = SURFACE_CURVE('',#3018,(#3023,#3030),.PCURVE_S1.);
#3018 = ELLIPSE('',#3019,2.07055236082,2.);
#3019 = AXIS2_PLACEMENT_3D('',#3020,#3021,#3022);
#3020 = CARTESIAN_POINT('',(-938.6199967142,-486.7667595972,
    98.065108182052));
#3021 = DIRECTION('',(0.,0.,1.));
#3022 = DIRECTION('',(-2.59400015168E-16,1.,0.));
#3023 = PCURVE('',#2561,#3024);
#3024 = DEFINITIONAL_REPRESENTATION('',(#3025),#3029);
#3025 = ELLIPSE('',#3026,2.07055236082,2.);
#3026 = AXIS2_PLACEMENT_2D('',#3027,#3028);
#3027 = CARTESIAN_POINT('',(19.,26.449193380908));
#3028 = DIRECTION('',(-2.59400015168E-16,1.));
#3029 = ( GEOMETRIC_REPRESENTATION_CONTEXT(2) 
PARAMETRIC_REPRESENTATION_CONTEXT() REPRESENTATION_CONTEXT('2D SPACE',''
  ) );
#3030 = PCURVE('',#2536,#3031);
#3031 = DEFINITIONAL_REPRESENTATION('',(#3032),#3041);
#3032 = B_SPLINE_CURVE_WITH_KNOTS('',7,(#3033,#3034,#3035,#3036,#3037,
    #3038,#3039,#3040),.UNSPECIFIED.,.F.,.F.,(8,8),(3.14159265359,
    4.712388980385),.PIECEWISE_BEZIER_KNOTS.);
#3033 = CARTESIAN_POINT('',(-0.785398163397,-107.2536889415));
#3034 = CARTESIAN_POINT('',(-0.560998688141,-107.2536889415));
#3035 = CARTESIAN_POINT('',(-0.336599212885,-107.2222056228));
#3036 = CARTESIAN_POINT('',(-0.112199737629,-107.1592435524));
#3037 = CARTESIAN_POINT('',(0.112199737629,-107.0686683231));
#3038 = CARTESIAN_POINT('',(0.336599212884,-106.9583007011));
#3039 = CARTESIAN_POINT('',(0.560998688141,-106.838045873));
#3040 = CARTESIAN_POINT('',(0.785398163397,-106.7177905567));
#3041 = ( GEOMETRIC_REPRESENTATION_CONTEXT(2) 
PARAMETRIC_REPRESENTATION_CONTEXT() REPRESENTATION_CONTEXT('2D SPACE',''
  ) );
#3042 = ORIENTED_EDGE('',*,*,#3043,.F.);
#3043 = EDGE_CURVE('',#2961,#3015,#3044,.T.);
#3044 = SURFACE_CURVE('',#3045,(#3049,#3055),.PCURVE_S1.);
#3045 = LINE('',#3046,#3047);
#3046 = CARTESIAN_POINT('',(-936.6199967142,-492.3698206208,
    98.065108182052));
#3047 = VECTOR('',#3048,1.);
#3048 = DIRECTION('',(-8.006303476922E-17,-1.,0.));
#3049 = PCURVE('',#2561,#3050);
#3050 = DEFINITIONAL_REPRESENTATION('',(#3051),#3054);
#3051 = B_SPLINE_CURVE_WITH_KNOTS('',1,(#3052,#3053),.UNSPECIFIED.,.F.,
  .F.,(2,2),(-19.18687409444,-5.603061023577),.PIECEWISE_BEZIER_KNOTS.);
#3052 = CARTESIAN_POINT('',(21.,40.033006451771));
#3053 = CARTESIAN_POINT('',(21.,26.449193380908));
#3054 = ( GEOMETRIC_REPRESENTATION_CONTEXT(2) 
PARAMETRIC_REPRESENTATION_CONTEXT() REPRESENTATION_CONTEXT('2D SPACE',''
  ) );
#3055 = PCURVE('',#2656,#3056);
#3056 = DEFINITIONAL_REPRESENTATION('',(#3057),#3060);
#3057 = B_SPLINE_CURVE_WITH_KNOTS('',1,(#3058,#3059),.UNSPECIFIED.,.F.,
  .F.,(2,2),(-19.18687409444,-5.603061023577),.PIECEWISE_BEZIER_KNOTS.);
#3058 = CARTESIAN_POINT('',(11.797958971133,4.87904413537));
#3059 = CARTESIAN_POINT('',(8.282209443281,18.));
#3060 = ( GEOMETRIC_REPRESENTATION_CONTEXT(2) 
PARAMETRIC_REPRESENTATION_CONTEXT() REPRESENTATION_CONTEXT('2D SPACE',''
  ) );
#3061 = ADVANCED_FACE('',(#3062),#2536,.T.);
#3062 = FACE_BOUND('',#3063,.T.);
#3063 = EDGE_LOOP('',(#3064,#3065,#3086,#3087));
#3064 = ORIENTED_EDGE('',*,*,#3014,.T.);
#3065 = ORIENTED_EDGE('',*,*,#3066,.T.);
#3066 = EDGE_CURVE('',#3015,#2613,#3067,.T.);
#3067 = SURFACE_CURVE('',#3068,(#3072,#3079),.PCURVE_S1.);
#3068 = LINE('',#3069,#3070);
#3069 = CARTESIAN_POINT('',(-936.6199967142,-459.1461629499,
    201.14657820529));
#3070 = VECTOR('',#3071,1.);
#3071 = DIRECTION('',(-6.713766422536E-17,0.258819045103,0.965925826289)
  );
#3072 = PCURVE('',#2536,#3073);
#3073 = DEFINITIONAL_REPRESENTATION('',(#3074),#3078);
#3074 = LINE('',#3075,#3076);
#3075 = CARTESIAN_POINT('',(0.785398163397,-1.42108547152E-14));
#3076 = VECTOR('',#3077,1.);
#3077 = DIRECTION('',(0.,1.));
#3078 = ( GEOMETRIC_REPRESENTATION_CONTEXT(2) 
PARAMETRIC_REPRESENTATION_CONTEXT() REPRESENTATION_CONTEXT('2D SPACE',''
  ) );
#3079 = PCURVE('',#2656,#3080);
#3080 = DEFINITIONAL_REPRESENTATION('',(#3081),#3085);
#3081 = LINE('',#3082,#3083);
#3082 = CARTESIAN_POINT('',(115.,18.));
#3083 = VECTOR('',#3084,1.);
#3084 = DIRECTION('',(1.,-5.55862388008E-17));
#3085 = ( GEOMETRIC_REPRESENTATION_CONTEXT(2) 
PARAMETRIC_REPRESENTATION_CONTEXT() REPRESENTATION_CONTEXT('2D SPACE',''
  ) );
#3086 = ORIENTED_EDGE('',*,*,#2612,.F.);
#3087 = ORIENTED_EDGE('',*,*,#2520,.T.);
#3088 = ADVANCED_FACE('',(#3089),#2592,.T.);
#3089 = FACE_BOUND('',#3090,.T.);
#3090 = EDGE_LOOP('',(#3091,#3125,#3126,#3127,#3128,#3151,#3180,#3209));
#3091 = ORIENTED_EDGE('',*,*,#3092,.T.);
#3092 = EDGE_CURVE('',#3093,#2907,#3095,.T.);
#3093 = VERTEX_POINT('',#3094);
#3094 = CARTESIAN_POINT('',(-948.2092813779,-473.1829465263,
    98.065108182052));
#3095 = SURFACE_CURVE('',#3096,(#3101,#3113),.PCURVE_S1.);
#3096 = ELLIPSE('',#3097,10.352761804101,10.);
#3097 = AXIS2_PLACEMENT_3D('',#3098,#3099,#3100);
#3098 = CARTESIAN_POINT('',(-939.6199967142,-478.4845501539,
    98.065108182052));
#3099 = DIRECTION('',(0.,0.,1.));
#3100 = DIRECTION('',(-2.59400015168E-16,1.,0.));
#3101 = PCURVE('',#2592,#3102);
#3102 = DEFINITIONAL_REPRESENTATION('',(#3103),#3112);
#3103 = B_SPLINE_CURVE_WITH_KNOTS('',7,(#3104,#3105,#3106,#3107,#3108,
    #3109,#3110,#3111),.UNSPECIFIED.,.F.,.F.,(8,8),(0.453806846146,
    1.570796326795),.PIECEWISE_BEZIER_KNOTS.);
#3104 = CARTESIAN_POINT('',(-0.331591317251,-332.1659105786));
#3105 = CARTESIAN_POINT('',(-0.172021391444,-332.3533514825));
#3106 = CARTESIAN_POINT('',(-1.245146563751E-02,-332.612333855));
#3107 = CARTESIAN_POINT('',(0.14711846017,-332.9350610996));
#3108 = CARTESIAN_POINT('',(0.306688385976,-333.3092794338));
#3109 = CARTESIAN_POINT('',(0.466258311784,-333.719064482));
#3110 = CARTESIAN_POINT('',(0.62582823759,-334.1466306897));
#3111 = CARTESIAN_POINT('',(0.785398163397,-334.5741970172));
#3112 = ( GEOMETRIC_REPRESENTATION_CONTEXT(2) 
PARAMETRIC_REPRESENTATION_CONTEXT() REPRESENTATION_CONTEXT('2D SPACE',''
  ) );
#3113 = PCURVE('',#3114,#3119);
#3114 = PLANE('',#3115);
#3115 = AXIS2_PLACEMENT_3D('',#3116,#3117,#3118);
#3116 = CARTESIAN_POINT('',(-957.6199967142,-513.2159529781,
    98.065108182052));
#3117 = DIRECTION('',(0.,0.,1.));
#3118 = DIRECTION('',(1.,0.,-0.));
#3119 = DEFINITIONAL_REPRESENTATION('',(#3120),#3124);
#3120 = ELLIPSE('',#3121,10.352761804101,10.);
#3121 = AXIS2_PLACEMENT_2D('',#3122,#3123);
#3122 = CARTESIAN_POINT('',(18.,34.731402824188));
#3123 = DIRECTION('',(-2.59400015168E-16,1.));
#3124 = ( GEOMETRIC_REPRESENTATION_CONTEXT(2) 
PARAMETRIC_REPRESENTATION_CONTEXT() REPRESENTATION_CONTEXT('2D SPACE',''
  ) );
#3125 = ORIENTED_EDGE('',*,*,#2906,.T.);
#3126 = ORIENTED_EDGE('',*,*,#2750,.F.);
#3127 = ORIENTED_EDGE('',*,*,#2575,.F.);
#3128 = ORIENTED_EDGE('',*,*,#3129,.T.);
#3129 = EDGE_CURVE('',#2576,#3130,#3132,.T.);
#3130 = VERTEX_POINT('',#3131);
#3131 = CARTESIAN_POINT('',(-939.6199967142,-471.5236882634,
    85.406365370207));
#3132 = SURFACE_CURVE('',#3133,(#3137,#3144),.PCURVE_S1.);
#3133 = LINE('',#3134,#3135);
#3134 = CARTESIAN_POINT('',(-939.6199967142,-382.2311177031,
    418.65077543993));
#3135 = VECTOR('',#3136,1.);
#3136 = DIRECTION('',(6.713766422536E-17,-0.258819045103,-0.965925826289
    ));
#3137 = PCURVE('',#2592,#3138);
#3138 = DEFINITIONAL_REPRESENTATION('',(#3139),#3143);
#3139 = LINE('',#3140,#3141);
#3140 = CARTESIAN_POINT('',(-0.785398163397,2.557953848736E-13));
#3141 = VECTOR('',#3142,1.);
#3142 = DIRECTION('',(9.65411325761E-18,-1.));
#3143 = ( GEOMETRIC_REPRESENTATION_CONTEXT(2) 
PARAMETRIC_REPRESENTATION_CONTEXT() REPRESENTATION_CONTEXT('2D SPACE',''
  ) );
#3144 = PCURVE('',#2714,#3145);
#3145 = DEFINITIONAL_REPRESENTATION('',(#3146),#3150);
#3146 = LINE('',#3147,#3148);
#3147 = CARTESIAN_POINT('',(383.,115.));
#3148 = VECTOR('',#3149,1.);
#3149 = DIRECTION('',(-9.65411325761E-17,-1.));
#3150 = ( GEOMETRIC_REPRESENTATION_CONTEXT(2) 
PARAMETRIC_REPRESENTATION_CONTEXT() REPRESENTATION_CONTEXT('2D SPACE',''
  ) );
#3151 = ORIENTED_EDGE('',*,*,#3152,.F.);
#3152 = EDGE_CURVE('',#3153,#3130,#3155,.T.);
#3153 = VERTEX_POINT('',#3154);
#3154 = CARTESIAN_POINT('',(-945.2240137322,-473.1829465263,
    85.850962281783));
#3155 = SURFACE_CURVE('',#3156,(#3161,#3168),.PCURVE_S1.);
#3156 = CIRCLE('',#3157,10.);
#3157 = AXIS2_PLACEMENT_3D('',#3158,#3159,#3160);
#3158 = CARTESIAN_POINT('',(-939.6199967142,-481.1829465263,
    87.994555821232));
#3159 = DIRECTION('',(-2.940346835074E-17,-0.258819045103,
    -0.965925826289));
#3160 = DIRECTION('',(-1.,1.050497185157E-16,2.292723163573E-18));
#3161 = PCURVE('',#2592,#3162);
#3162 = DEFINITIONAL_REPRESENTATION('',(#3163),#3167);
#3163 = LINE('',#3164,#3165);
#3164 = CARTESIAN_POINT('',(0.785398163397,-345.));
#3165 = VECTOR('',#3166,1.);
#3166 = DIRECTION('',(-1.,0.));
#3167 = ( GEOMETRIC_REPRESENTATION_CONTEXT(2) 
PARAMETRIC_REPRESENTATION_CONTEXT() REPRESENTATION_CONTEXT('2D SPACE',''
  ) );
#3168 = PCURVE('',#3169,#3174);
#3169 = TOROIDAL_SURFACE('',#3170,53.,10.);
#3170 = AXIS2_PLACEMENT_3D('',#3171,#3172,#3173);
#3171 = CARTESIAN_POINT('',(-886.6199967142,-481.1829465263,
    87.994555821232));
#3172 = DIRECTION('',(1.008768357388E-16,0.965925826289,-0.258819045103)
  );
#3173 = DIRECTION('',(-1.,9.743954091444E-17,-2.610884629888E-17));
#3174 = DEFINITIONAL_REPRESENTATION('',(#3175),#3179);
#3175 = LINE('',#3176,#3177);
#3176 = CARTESIAN_POINT('',(6.28318530718,0.));
#3177 = VECTOR('',#3178,1.);
#3178 = DIRECTION('',(0.,1.));
#3179 = ( GEOMETRIC_REPRESENTATION_CONTEXT(2) 
PARAMETRIC_REPRESENTATION_CONTEXT() REPRESENTATION_CONTEXT('2D SPACE',''
  ) );
#3180 = ORIENTED_EDGE('',*,*,#3181,.T.);
#3181 = EDGE_CURVE('',#3153,#3182,#3184,.T.);
#3182 = VERTEX_POINT('',#3183);
#3183 = CARTESIAN_POINT('',(-946.5888948598,-473.1829465263,
    90.141324038566));
#3184 = SURFACE_CURVE('',#3185,(#3190,#3202),.PCURVE_S1.);
#3185 = ELLIPSE('',#3186,38.637033051563,10.);
#3186 = AXIS2_PLACEMENT_3D('',#3187,#3188,#3189);
#3187 = CARTESIAN_POINT('',(-939.6199967142,-473.1829465263,
    117.85096228178));
#3188 = DIRECTION('',(-0.,1.,0.));
#3189 = DIRECTION('',(-6.950602458088E-17,-0.,1.));
#3190 = PCURVE('',#2592,#3191);
#3191 = DEFINITIONAL_REPRESENTATION('',(#3192),#3201);
#3192 = B_SPLINE_CURVE_WITH_KNOTS('',7,(#3193,#3194,#3195,#3196,#3197,
    #3198,#3199,#3200),.UNSPECIFIED.,.F.,.F.,(8,8),(3.736463363036,
    4.395433586207),.PIECEWISE_BEZIER_KNOTS.);
#3193 = CARTESIAN_POINT('',(-0.190527453951,-345.0000006));
#3194 = CARTESIAN_POINT('',(-9.638885064117E-02,-343.0311411015));
#3195 = CARTESIAN_POINT('',(-2.250247331127E-03,-340.7427041744));
#3196 = CARTESIAN_POINT('',(9.188835597911E-02,-338.1631887754));
#3197 = CARTESIAN_POINT('',(0.186026959289,-335.3280312713));
#3198 = CARTESIAN_POINT('',(0.280165562599,-332.2785793607));
#3199 = CARTESIAN_POINT('',(0.374304165909,-329.0605437409));
#3200 = CARTESIAN_POINT('',(0.468442769219,-325.7222451317));
#3201 = ( GEOMETRIC_REPRESENTATION_CONTEXT(2) 
PARAMETRIC_REPRESENTATION_CONTEXT() REPRESENTATION_CONTEXT('2D SPACE',''
  ) );
#3202 = PCURVE('',#2976,#3203);
#3203 = DEFINITIONAL_REPRESENTATION('',(#3204),#3208);
#3204 = ELLIPSE('',#3205,38.637033051563,10.);
#3205 = AXIS2_PLACEMENT_2D('',#3206,#3207);
#3206 = CARTESIAN_POINT('',(98.709733516761,18.));
#3207 = DIRECTION('',(1.,-6.950602458088E-17));
#3208 = ( GEOMETRIC_REPRESENTATION_CONTEXT(2) 
PARAMETRIC_REPRESENTATION_CONTEXT() REPRESENTATION_CONTEXT('2D SPACE',''
  ) );
#3209 = ORIENTED_EDGE('',*,*,#3210,.T.);
#3210 = EDGE_CURVE('',#3182,#3093,#3211,.T.);
#3211 = SURFACE_CURVE('',#3212,(#3217,#3229),.PCURVE_S1.);
#3212 = ELLIPSE('',#3213,38.637033051563,10.);
#3213 = AXIS2_PLACEMENT_3D('',#3214,#3215,#3216);
#3214 = CARTESIAN_POINT('',(-939.6199967142,-473.1829465263,
    117.85096228178));
#3215 = DIRECTION('',(-0.,1.,0.));
#3216 = DIRECTION('',(-6.950602458088E-17,-0.,1.));
#3217 = PCURVE('',#2592,#3218);
#3218 = DEFINITIONAL_REPRESENTATION('',(#3219),#3228);
#3219 = B_SPLINE_CURVE_WITH_KNOTS('',7,(#3220,#3221,#3222,#3223,#3224,
    #3225,#3226,#3227),.UNSPECIFIED.,.F.,.F.,(8,8),(3.736463363036,
    4.395433586207),.PIECEWISE_BEZIER_KNOTS.);
#3220 = CARTESIAN_POINT('',(-0.190527453951,-345.0000006));
#3221 = CARTESIAN_POINT('',(-9.638885064117E-02,-343.0311411015));
#3222 = CARTESIAN_POINT('',(-2.250247331127E-03,-340.7427041744));
#3223 = CARTESIAN_POINT('',(9.188835597911E-02,-338.1631887754));
#3224 = CARTESIAN_POINT('',(0.186026959289,-335.3280312713));
#3225 = CARTESIAN_POINT('',(0.280165562599,-332.2785793607));
#3226 = CARTESIAN_POINT('',(0.374304165909,-329.0605437409));
#3227 = CARTESIAN_POINT('',(0.468442769219,-325.7222451317));
#3228 = ( GEOMETRIC_REPRESENTATION_CONTEXT(2) 
PARAMETRIC_REPRESENTATION_CONTEXT() REPRESENTATION_CONTEXT('2D SPACE',''
  ) );
#3229 = PCURVE('',#3230,#3235);
#3230 = PLANE('',#3231);
#3231 = AXIS2_PLACEMENT_3D('',#3232,#3233,#3234);
#3232 = CARTESIAN_POINT('',(-957.6199967142,-473.1829465263,
    19.141228765021));
#3233 = DIRECTION('',(-0.,1.,0.));
#3234 = DIRECTION('',(0.,0.,1.));
#3235 = DEFINITIONAL_REPRESENTATION('',(#3236),#3240);
#3236 = ELLIPSE('',#3237,38.637033051563,10.);
#3237 = AXIS2_PLACEMENT_2D('',#3238,#3239);
#3238 = CARTESIAN_POINT('',(98.709733516761,18.));
#3239 = DIRECTION('',(1.,-6.950602458088E-17));
#3240 = ( GEOMETRIC_REPRESENTATION_CONTEXT(2) 
PARAMETRIC_REPRESENTATION_CONTEXT() REPRESENTATION_CONTEXT('2D SPACE',''
  ) );
#3241 = ADVANCED_FACE('',(#3242),#2714,.T.);
#3242 = FACE_BOUND('',#3243,.T.);
#3243 = EDGE_LOOP('',(#3244,#3245,#3246,#3269,#3298,#3319));
#3244 = ORIENTED_EDGE('',*,*,#3129,.F.);
#3245 = ORIENTED_EDGE('',*,*,#2701,.T.);
#3246 = ORIENTED_EDGE('',*,*,#3247,.F.);
#3247 = EDGE_CURVE('',#3248,#2668,#3250,.T.);
#3248 = VERTEX_POINT('',#3249);
#3249 = CARTESIAN_POINT('',(-938.6199967142,-471.5236882634,
    85.406365370207));
#3250 = SURFACE_CURVE('',#3251,(#3255,#3262),.PCURVE_S1.);
#3251 = LINE('',#3252,#3253);
#3252 = CARTESIAN_POINT('',(-938.6199967142,-441.7594980767,
    196.48783539345));
#3253 = VECTOR('',#3254,1.);
#3254 = DIRECTION('',(-6.713766422536E-17,0.258819045103,0.965925826289)
  );
#3255 = PCURVE('',#2714,#3256);
#3256 = DEFINITIONAL_REPRESENTATION('',(#3257),#3261);
#3257 = LINE('',#3258,#3259);
#3258 = CARTESIAN_POINT('',(382.,-114.9999999999));
#3259 = VECTOR('',#3260,1.);
#3260 = DIRECTION('',(9.65411325761E-17,1.));
#3261 = ( GEOMETRIC_REPRESENTATION_CONTEXT(2) 
PARAMETRIC_REPRESENTATION_CONTEXT() REPRESENTATION_CONTEXT('2D SPACE',''
  ) );
#3262 = PCURVE('',#2684,#3263);
#3263 = DEFINITIONAL_REPRESENTATION('',(#3264),#3268);
#3264 = LINE('',#3265,#3266);
#3265 = CARTESIAN_POINT('',(5.497787143782,0.));
#3266 = VECTOR('',#3267,1.);
#3267 = DIRECTION('',(4.440892098501E-17,-1.));
#3268 = ( GEOMETRIC_REPRESENTATION_CONTEXT(2) 
PARAMETRIC_REPRESENTATION_CONTEXT() REPRESENTATION_CONTEXT('2D SPACE',''
  ) );
#3269 = ORIENTED_EDGE('',*,*,#3270,.F.);
#3270 = EDGE_CURVE('',#3271,#3248,#3273,.T.);
#3271 = VERTEX_POINT('',#3272);
#3272 = CARTESIAN_POINT('',(-938.223296964,-473.1829465263,
    79.213929230219));
#3273 = SURFACE_CURVE('',#3274,(#3279,#3286),.PCURVE_S1.);
#3274 = CIRCLE('',#3275,52.);
#3275 = AXIS2_PLACEMENT_3D('',#3276,#3277,#3278);
#3276 = CARTESIAN_POINT('',(-886.6199967142,-471.5236882634,
    85.406365370207));
#3277 = DIRECTION('',(1.192358098323E-16,0.965925826289,-0.258819045103)
  );
#3278 = DIRECTION('',(-0.707106781187,-0.183012701892,-0.683012701892));
#3279 = PCURVE('',#2714,#3280);
#3280 = DEFINITIONAL_REPRESENTATION('',(#3281),#3285);
#3281 = CIRCLE('',#3282,52.);
#3282 = AXIS2_PLACEMENT_2D('',#3283,#3284);
#3283 = CARTESIAN_POINT('',(330.,-230.));
#3284 = DIRECTION('',(0.707106781187,-0.707106781187));
#3285 = ( GEOMETRIC_REPRESENTATION_CONTEXT(2) 
PARAMETRIC_REPRESENTATION_CONTEXT() REPRESENTATION_CONTEXT('2D SPACE',''
  ) );
#3286 = PCURVE('',#3287,#3292);
#3287 = TOROIDAL_SURFACE('',#3288,52.,2.);
#3288 = AXIS2_PLACEMENT_3D('',#3289,#3290,#3291);
#3289 = CARTESIAN_POINT('',(-886.6199967142,-473.455539916,
    85.924003460412));
#3290 = DIRECTION('',(-1.008768357388E-16,-0.965925826289,0.258819045103
    ));
#3291 = DIRECTION('',(1.,-9.743954091444E-17,2.610884629888E-17));
#3292 = DEFINITIONAL_REPRESENTATION('',(#3293),#3297);
#3293 = LINE('',#3294,#3295);
#3294 = CARTESIAN_POINT('',(10.210176124167,4.712388980385));
#3295 = VECTOR('',#3296,1.);
#3296 = DIRECTION('',(-1.,-3.392591660228E-14));
#3297 = ( GEOMETRIC_REPRESENTATION_CONTEXT(2) 
PARAMETRIC_REPRESENTATION_CONTEXT() REPRESENTATION_CONTEXT('2D SPACE',''
  ) );
#3298 = ORIENTED_EDGE('',*,*,#3299,.F.);
#3299 = EDGE_CURVE('',#3300,#3271,#3302,.T.);
#3300 = VERTEX_POINT('',#3301);
#3301 = CARTESIAN_POINT('',(-939.2308377707,-473.1829465263,
    79.213929230219));
#3302 = SURFACE_CURVE('',#3303,(#3307,#3313),.PCURVE_S1.);
#3303 = LINE('',#3304,#3305);
#3304 = CARTESIAN_POINT('',(-757.1199967142,-473.1829465263,
    79.213929230218));
#3305 = VECTOR('',#3306,1.);
#3306 = DIRECTION('',(1.,0.,3.897581636578E-16));
#3307 = PCURVE('',#2714,#3308);
#3308 = DEFINITIONAL_REPRESENTATION('',(#3309),#3312);
#3309 = B_SPLINE_CURVE_WITH_KNOTS('',1,(#3310,#3311),.UNSPECIFIED.,.F.,
  .F.,(2,2),(-182.5,-121.5),.PIECEWISE_BEZIER_KNOTS.);
#3310 = CARTESIAN_POINT('',(383.,-236.4108816344));
#3311 = CARTESIAN_POINT('',(322.,-236.4108816344));
#3312 = ( GEOMETRIC_REPRESENTATION_CONTEXT(2) 
PARAMETRIC_REPRESENTATION_CONTEXT() REPRESENTATION_CONTEXT('2D SPACE',''
  ) );
#3313 = PCURVE('',#2976,#3314);
#3314 = DEFINITIONAL_REPRESENTATION('',(#3315),#3318);
#3315 = B_SPLINE_CURVE_WITH_KNOTS('',1,(#3316,#3317),.UNSPECIFIED.,.F.,
  .F.,(2,2),(-182.5,-121.5),.PIECEWISE_BEZIER_KNOTS.);
#3316 = CARTESIAN_POINT('',(60.072700465198,18.));
#3317 = CARTESIAN_POINT('',(60.072700465198,79.));
#3318 = ( GEOMETRIC_REPRESENTATION_CONTEXT(2) 
PARAMETRIC_REPRESENTATION_CONTEXT() REPRESENTATION_CONTEXT('2D SPACE',''
  ) );
#3319 = ORIENTED_EDGE('',*,*,#3320,.F.);
#3320 = EDGE_CURVE('',#3130,#3300,#3321,.T.);
#3321 = SURFACE_CURVE('',#3322,(#3327,#3338),.PCURVE_S1.);
#3322 = CIRCLE('',#3323,53.);
#3323 = AXIS2_PLACEMENT_3D('',#3324,#3325,#3326);
#3324 = CARTESIAN_POINT('',(-886.6199967142,-471.5236882634,
    85.406365370207));
#3325 = DIRECTION('',(-1.192358098323E-16,-0.965925826289,0.258819045103
    ));
#3326 = DIRECTION('',(-0.707106781187,-0.183012701892,-0.683012701892));
#3327 = PCURVE('',#2714,#3328);
#3328 = DEFINITIONAL_REPRESENTATION('',(#3329),#3337);
#3329 = ( BOUNDED_CURVE() B_SPLINE_CURVE(2,(#3330,#3331,#3332,#3333,
#3334,#3335,#3336),.UNSPECIFIED.,.T.,.F.) B_SPLINE_CURVE_WITH_KNOTS((1,2
    ,2,2,2,1),(-2.094395102393,0.,2.094395102393,4.188790204786,
6.28318530718,8.377580409573),.UNSPECIFIED.) CURVE() 
GEOMETRIC_REPRESENTATION_ITEM() RATIONAL_B_SPLINE_CURVE((1.,0.5,1.,0.5,
1.,0.5,1.)) REPRESENTATION_ITEM('') );
#3330 = CARTESIAN_POINT('',(367.47665940288,-267.4766594028));
#3331 = CARTESIAN_POINT('',(302.56518121913,-332.3881375866));
#3332 = CARTESIAN_POINT('',(278.80593120667,-243.7174093904));
#3333 = CARTESIAN_POINT('',(255.04668119422,-155.0466811942));
#3334 = CARTESIAN_POINT('',(343.71740939043,-178.8059312066));
#3335 = CARTESIAN_POINT('',(432.38813758664,-202.5651812191));
#3336 = CARTESIAN_POINT('',(367.47665940288,-267.4766594028));
#3337 = ( GEOMETRIC_REPRESENTATION_CONTEXT(2) 
PARAMETRIC_REPRESENTATION_CONTEXT() REPRESENTATION_CONTEXT('2D SPACE',''
  ) );
#3338 = PCURVE('',#3169,#3339);
#3339 = DEFINITIONAL_REPRESENTATION('',(#3340),#3344);
#3340 = LINE('',#3341,#3342);
#3341 = CARTESIAN_POINT('',(11.780972450962,1.570796326795));
#3342 = VECTOR('',#3343,1.);
#3343 = DIRECTION('',(-1.,5.088887490342E-15));
#3344 = ( GEOMETRIC_REPRESENTATION_CONTEXT(2) 
PARAMETRIC_REPRESENTATION_CONTEXT() REPRESENTATION_CONTEXT('2D SPACE',''
  ) );
#3345 = ADVANCED_FACE('',(#3346),#2684,.T.);
#3346 = FACE_BOUND('',#3347,.T.);
#3347 = EDGE_LOOP('',(#3348,#3372,#3373,#3374,#3397));
#3348 = ORIENTED_EDGE('',*,*,#3349,.T.);
#3349 = EDGE_CURVE('',#3350,#3248,#3352,.T.);
#3350 = VERTEX_POINT('',#3351);
#3351 = CARTESIAN_POINT('',(-936.6400073632,-473.1829465263,
    85.850962281783));
#3352 = SURFACE_CURVE('',#3353,(#3358,#3365),.PCURVE_S1.);
#3353 = CIRCLE('',#3354,2.);
#3354 = AXIS2_PLACEMENT_3D('',#3355,#3356,#3357);
#3355 = CARTESIAN_POINT('',(-938.6199967142,-473.455539916,
    85.924003460412));
#3356 = DIRECTION('',(2.940346835074E-17,0.258819045103,0.965925826289)
  );
#3357 = DIRECTION('',(1.,-1.050497185157E-16,-2.292723163573E-18));
#3358 = PCURVE('',#2684,#3359);
#3359 = DEFINITIONAL_REPRESENTATION('',(#3360),#3364);
#3360 = LINE('',#3361,#3362);
#3361 = CARTESIAN_POINT('',(7.068583470577,115.));
#3362 = VECTOR('',#3363,1.);
#3363 = DIRECTION('',(-1.,0.));
#3364 = ( GEOMETRIC_REPRESENTATION_CONTEXT(2) 
PARAMETRIC_REPRESENTATION_CONTEXT() REPRESENTATION_CONTEXT('2D SPACE',''
  ) );
#3365 = PCURVE('',#3287,#3366);
#3366 = DEFINITIONAL_REPRESENTATION('',(#3367),#3371);
#3367 = LINE('',#3368,#3369);
#3368 = CARTESIAN_POINT('',(3.14159265359,3.14159265359));
#3369 = VECTOR('',#3370,1.);
#3370 = DIRECTION('',(0.,1.));
#3371 = ( GEOMETRIC_REPRESENTATION_CONTEXT(2) 
PARAMETRIC_REPRESENTATION_CONTEXT() REPRESENTATION_CONTEXT('2D SPACE',''
  ) );
#3372 = ORIENTED_EDGE('',*,*,#3247,.T.);
#3373 = ORIENTED_EDGE('',*,*,#2667,.F.);
#3374 = ORIENTED_EDGE('',*,*,#3375,.T.);
#3375 = EDGE_CURVE('',#2642,#3376,#3378,.T.);
#3376 = VERTEX_POINT('',#3377);
#3377 = CARTESIAN_POINT('',(-936.6199967142,-473.1829465263,
    86.941335840532));
#3378 = SURFACE_CURVE('',#3379,(#3383,#3390),.PCURVE_S1.);
#3379 = LINE('',#3380,#3381);
#3380 = CARTESIAN_POINT('',(-936.6199967142,-443.6913497292,
    197.00547348365));
#3381 = VECTOR('',#3382,1.);
#3382 = DIRECTION('',(6.713766422536E-17,-0.258819045103,-0.965925826289
    ));
#3383 = PCURVE('',#2684,#3384);
#3384 = DEFINITIONAL_REPRESENTATION('',(#3385),#3389);
#3385 = LINE('',#3386,#3387);
#3386 = CARTESIAN_POINT('',(7.068583470577,0.));
#3387 = VECTOR('',#3388,1.);
#3388 = DIRECTION('',(4.440892098501E-17,1.));
#3389 = ( GEOMETRIC_REPRESENTATION_CONTEXT(2) 
PARAMETRIC_REPRESENTATION_CONTEXT() REPRESENTATION_CONTEXT('2D SPACE',''
  ) );
#3390 = PCURVE('',#2656,#3391);
#3391 = DEFINITIONAL_REPRESENTATION('',(#3392),#3396);
#3392 = LINE('',#3393,#3394);
#3393 = CARTESIAN_POINT('',(115.,2.));
#3394 = VECTOR('',#3395,1.);
#3395 = DIRECTION('',(-1.,5.55862388008E-17));
#3396 = ( GEOMETRIC_REPRESENTATION_CONTEXT(2) 
PARAMETRIC_REPRESENTATION_CONTEXT() REPRESENTATION_CONTEXT('2D SPACE',''
  ) );
#3397 = ORIENTED_EDGE('',*,*,#3398,.T.);
#3398 = EDGE_CURVE('',#3376,#3350,#3399,.T.);
#3399 = SURFACE_CURVE('',#3400,(#3405,#3415),.PCURVE_S1.);
#3400 = ELLIPSE('',#3401,7.727406610313,2.);
#3401 = AXIS2_PLACEMENT_3D('',#3402,#3403,#3404);
#3402 = CARTESIAN_POINT('',(-938.6199967142,-473.1829465263,
    86.941335840532));
#3403 = DIRECTION('',(0.,1.,0.));
#3404 = DIRECTION('',(6.950602458088E-17,0.,-1.));
#3405 = PCURVE('',#2684,#3406);
#3406 = DEFINITIONAL_REPRESENTATION('',(#3407),#3414);
#3407 = B_SPLINE_CURVE_WITH_KNOTS('',5,(#3408,#3409,#3410,#3411,#3412,
    #3413),.UNSPECIFIED.,.F.,.F.,(6,6),(4.712388980385,4.853966274244),
  .PIECEWISE_BEZIER_KNOTS.);
#3408 = CARTESIAN_POINT('',(7.068583470577,113.9467800193));
#3409 = CARTESIAN_POINT('',(7.040268011805,114.15812948085));
#3410 = CARTESIAN_POINT('',(7.011952553033,114.36947894252));
#3411 = CARTESIAN_POINT('',(6.983637094262,114.58047537725));
#3412 = CARTESIAN_POINT('',(6.95532163549,114.79076576081));
#3413 = CARTESIAN_POINT('',(6.927006176718,115.0000006));
#3414 = ( GEOMETRIC_REPRESENTATION_CONTEXT(2) 
PARAMETRIC_REPRESENTATION_CONTEXT() REPRESENTATION_CONTEXT('2D SPACE',''
  ) );
#3415 = PCURVE('',#2976,#3416);
#3416 = DEFINITIONAL_REPRESENTATION('',(#3417),#3421);
#3417 = ELLIPSE('',#3418,7.727406610313,2.);
#3418 = AXIS2_PLACEMENT_2D('',#3419,#3420);
#3419 = CARTESIAN_POINT('',(67.800107075511,19.));
#3420 = DIRECTION('',(-1.,6.950602458088E-17));
#3421 = ( GEOMETRIC_REPRESENTATION_CONTEXT(2) 
PARAMETRIC_REPRESENTATION_CONTEXT() REPRESENTATION_CONTEXT('2D SPACE',''
  ) );
#3422 = ADVANCED_FACE('',(#3423),#2656,.T.);
#3423 = FACE_BOUND('',#3424,.T.);
#3424 = EDGE_LOOP('',(#3425,#3426,#3427,#3446,#3447));
#3425 = ORIENTED_EDGE('',*,*,#3066,.F.);
#3426 = ORIENTED_EDGE('',*,*,#3043,.F.);
#3427 = ORIENTED_EDGE('',*,*,#3428,.F.);
#3428 = EDGE_CURVE('',#3376,#2961,#3429,.T.);
#3429 = SURFACE_CURVE('',#3430,(#3434,#3440),.PCURVE_S1.);
#3430 = LINE('',#3431,#3432);
#3431 = CARTESIAN_POINT('',(-936.6199967142,-473.1829465263,
    52.273797067614));
#3432 = VECTOR('',#3433,1.);
#3433 = DIRECTION('',(-9.095885009088E-17,-0.,1.));
#3434 = PCURVE('',#2656,#3435);
#3435 = DEFINITIONAL_REPRESENTATION('',(#3436),#3439);
#3436 = B_SPLINE_CURVE_WITH_KNOTS('',1,(#3437,#3438),.UNSPECIFIED.,.F.,
  .F.,(2,2),(34.667538772916,45.791311114438),.PIECEWISE_BEZIER_KNOTS.);
#3437 = CARTESIAN_POINT('',(1.053219980696,2.));
#3438 = CARTESIAN_POINT('',(11.797958971133,4.87904413537));
#3439 = ( GEOMETRIC_REPRESENTATION_CONTEXT(2) 
PARAMETRIC_REPRESENTATION_CONTEXT() REPRESENTATION_CONTEXT('2D SPACE',''
  ) );
#3440 = PCURVE('',#2976,#3441);
#3441 = DEFINITIONAL_REPRESENTATION('',(#3442),#3445);
#3442 = B_SPLINE_CURVE_WITH_KNOTS('',1,(#3443,#3444),.UNSPECIFIED.,.F.,
  .F.,(2,2),(34.667538772916,45.791311114438),.PIECEWISE_BEZIER_KNOTS.);
#3443 = CARTESIAN_POINT('',(67.80010707551,21.));
#3444 = CARTESIAN_POINT('',(78.923879417032,21.));
#3445 = ( GEOMETRIC_REPRESENTATION_CONTEXT(2) 
PARAMETRIC_REPRESENTATION_CONTEXT() REPRESENTATION_CONTEXT('2D SPACE',''
  ) );
#3446 = ORIENTED_EDGE('',*,*,#3375,.F.);
#3447 = ORIENTED_EDGE('',*,*,#2641,.T.);
#3448 = ADVANCED_FACE('',(#3449),#2833,.F.);
#3449 = FACE_BOUND('',#3450,.F.);
#3450 = EDGE_LOOP('',(#3451,#3488,#3507));
#3451 = ORIENTED_EDGE('',*,*,#3452,.F.);
#3452 = EDGE_CURVE('',#3453,#2818,#3455,.T.);
#3453 = VERTEX_POINT('',#3454);
#3454 = CARTESIAN_POINT('',(-949.6199967142,-513.2159529781,
    83.119183685787));
#3455 = SURFACE_CURVE('',#3456,(#3461,#3468),.PCURVE_S1.);
#3456 = ELLIPSE('',#3457,51.763809020504,50.);
#3457 = AXIS2_PLACEMENT_3D('',#3458,#3459,#3460);
#3458 = CARTESIAN_POINT('',(-899.6199967142,-513.2159529781,
    83.119183685794));
#3459 = DIRECTION('',(0.,1.,0.));
#3460 = DIRECTION('',(3.897581636578E-16,0.,-1.));
#3461 = PCURVE('',#2833,#3462);
#3462 = DEFINITIONAL_REPRESENTATION('',(#3463),#3467);
#3463 = ELLIPSE('',#3464,51.763809020504,50.);
#3464 = AXIS2_PLACEMENT_2D('',#3465,#3466);
#3465 = CARTESIAN_POINT('',(63.977954920773,58.));
#3466 = DIRECTION('',(-1.,3.897581636578E-16));
#3467 = ( GEOMETRIC_REPRESENTATION_CONTEXT(2) 
PARAMETRIC_REPRESENTATION_CONTEXT() REPRESENTATION_CONTEXT('2D SPACE',''
  ) );
#3468 = PCURVE('',#2860,#3469);
#3469 = DEFINITIONAL_REPRESENTATION('',(#3470),#3487);
#3470 = B_SPLINE_CURVE_WITH_KNOTS('',8,(#3471,#3472,#3473,#3474,#3475,
    #3476,#3477,#3478,#3479,#3480,#3481,#3482,#3483,#3484,#3485,#3486),
  .UNSPECIFIED.,.F.,.F.,(9,7,9),(5.666909619942,6.988914626368,
    8.310919632794),.UNSPECIFIED.);
#3471 = CARTESIAN_POINT('',(2.525316966353,210.23159346332));
#3472 = CARTESIAN_POINT('',(2.690567592156,211.51124996639));
#3473 = CARTESIAN_POINT('',(2.855818217958,212.44970542269));
#3474 = CARTESIAN_POINT('',(3.021068843765,212.99371095348));
#3475 = CARTESIAN_POINT('',(3.186319469559,213.10989512883));
#3476 = CARTESIAN_POINT('',(3.351570095366,212.78941526089));
#3477 = CARTESIAN_POINT('',(3.516820721169,212.04972507197));
#3478 = CARTESIAN_POINT('',(3.682071346975,210.93203568282));
#3479 = CARTESIAN_POINT('',(4.012572598582,208.06016274542));
#3480 = CARTESIAN_POINT('',(4.177823224385,206.30597830184));
#3481 = CARTESIAN_POINT('',(4.343073850188,204.29330421273));
#3482 = CARTESIAN_POINT('',(4.508324475992,202.1004115513));
#3483 = CARTESIAN_POINT('',(4.673575101796,199.81895315413));
#3484 = CARTESIAN_POINT('',(4.838825727597,197.54586940958));
#3485 = CARTESIAN_POINT('',(5.004076353401,195.37458910878));
#3486 = CARTESIAN_POINT('',(5.169326979204,193.38778365261));
#3487 = ( GEOMETRIC_REPRESENTATION_CONTEXT(2) 
PARAMETRIC_REPRESENTATION_CONTEXT() REPRESENTATION_CONTEXT('2D SPACE',''
  ) );
#3488 = ORIENTED_EDGE('',*,*,#3489,.T.);
#3489 = EDGE_CURVE('',#3453,#2816,#3490,.T.);
#3490 = SURFACE_CURVE('',#3491,(#3495,#3501),.PCURVE_S1.);
#3491 = LINE('',#3492,#3493);
#3492 = CARTESIAN_POINT('',(-949.6199967142,-513.2159529781,
    165.16700040657));
#3493 = VECTOR('',#3494,1.);
#3494 = DIRECTION('',(0.,-0.,1.));
#3495 = PCURVE('',#2833,#3496);
#3496 = DEFINITIONAL_REPRESENTATION('',(#3497),#3500);
#3497 = B_SPLINE_CURVE_WITH_KNOTS('',1,(#3498,#3499),.UNSPECIFIED.,.F.,
  .F.,(2,2),(-146.0257716415,-67.10189222452),.PIECEWISE_BEZIER_KNOTS.);
#3498 = CARTESIAN_POINT('',(0.,8.));
#3499 = CARTESIAN_POINT('',(78.923879417032,8.));
#3500 = ( GEOMETRIC_REPRESENTATION_CONTEXT(2) 
PARAMETRIC_REPRESENTATION_CONTEXT() REPRESENTATION_CONTEXT('2D SPACE',''
  ) );
#3501 = PCURVE('',#2890,#3502);
#3502 = DEFINITIONAL_REPRESENTATION('',(#3503),#3506);
#3503 = B_SPLINE_CURVE_WITH_KNOTS('',1,(#3504,#3505),.UNSPECIFIED.,.F.,
  .F.,(2,2),(-146.0257716415,-67.10189222452),.PIECEWISE_BEZIER_KNOTS.);
#3504 = CARTESIAN_POINT('',(-292.0515432831,87.697683520195));
#3505 = CARTESIAN_POINT('',(-213.127663866,87.697683520195));
#3506 = ( GEOMETRIC_REPRESENTATION_CONTEXT(2) 
PARAMETRIC_REPRESENTATION_CONTEXT() REPRESENTATION_CONTEXT('2D SPACE',''
  ) );
#3507 = ORIENTED_EDGE('',*,*,#2815,.T.);
#3508 = ADVANCED_FACE('',(#3509),#2890,.F.);
#3509 = FACE_BOUND('',#3510,.F.);
#3510 = EDGE_LOOP('',(#3511,#3512,#3533,#3554,#3573,#3596,#3619,#3640));
#3511 = ORIENTED_EDGE('',*,*,#3489,.F.);
#3512 = ORIENTED_EDGE('',*,*,#3513,.T.);
#3513 = EDGE_CURVE('',#3453,#3514,#3516,.T.);
#3514 = VERTEX_POINT('',#3515);
#3515 = CARTESIAN_POINT('',(-949.6199967142,-473.1829465263,
    72.392371936452));
#3516 = SURFACE_CURVE('',#3517,(#3521,#3527),.PCURVE_S1.);
#3517 = LINE('',#3518,#3519);
#3518 = CARTESIAN_POINT('',(-949.6199967142,-705.7237858065,
    134.70150202881));
#3519 = VECTOR('',#3520,1.);
#3520 = DIRECTION('',(1.008768357388E-16,0.965925826289,-0.258819045103)
  );
#3521 = PCURVE('',#2890,#3522);
#3522 = DEFINITIONAL_REPRESENTATION('',(#3523),#3526);
#3523 = B_SPLINE_CURVE_WITH_KNOTS('',1,(#3524,#3525),.UNSPECIFIED.,.F.,
  .F.,(2,2),(195.43048333722,244.88851368025),.PIECEWISE_BEZIER_KNOTS.);
#3524 = CARTESIAN_POINT('',(-227.0724011005,91.434165248971));
#3525 = CARTESIAN_POINT('',(-239.8730812866,43.661376423247));
#3526 = ( GEOMETRIC_REPRESENTATION_CONTEXT(2) 
PARAMETRIC_REPRESENTATION_CONTEXT() REPRESENTATION_CONTEXT('2D SPACE',''
  ) );
#3527 = PCURVE('',#2860,#3528);
#3528 = DEFINITIONAL_REPRESENTATION('',(#3529),#3532);
#3529 = B_SPLINE_CURVE_WITH_KNOTS('',1,(#3530,#3531),.UNSPECIFIED.,.F.,
  .F.,(2,2),(195.43048333722,244.88851368025),.PIECEWISE_BEZIER_KNOTS.);
#3530 = CARTESIAN_POINT('',(4.712388980385,195.43048333722));
#3531 = CARTESIAN_POINT('',(4.712388980385,244.88851368025));
#3532 = ( GEOMETRIC_REPRESENTATION_CONTEXT(2) 
PARAMETRIC_REPRESENTATION_CONTEXT() REPRESENTATION_CONTEXT('2D SPACE',''
  ) );
#3533 = ORIENTED_EDGE('',*,*,#3534,.T.);
#3534 = EDGE_CURVE('',#3514,#3535,#3537,.T.);
#3535 = VERTEX_POINT('',#3536);
#3536 = CARTESIAN_POINT('',(-949.6199967142,-473.1829465263,
    98.065108182052));
#3537 = SURFACE_CURVE('',#3538,(#3542,#3548),.PCURVE_S1.);
#3538 = LINE('',#3539,#3540);
#3539 = CARTESIAN_POINT('',(-949.6199967142,-473.1829465263,
    165.16700040657));
#3540 = VECTOR('',#3541,1.);
#3541 = DIRECTION('',(0.,-0.,1.));
#3542 = PCURVE('',#2890,#3543);
#3543 = DEFINITIONAL_REPRESENTATION('',(#3544),#3547);
#3544 = B_SPLINE_CURVE_WITH_KNOTS('',1,(#3545,#3546),.UNSPECIFIED.,.F.,
  .F.,(2,2),(-146.0257716415,-67.10189222452),.PIECEWISE_BEZIER_KNOTS.);
#3545 = CARTESIAN_POINT('',(-292.0515432831,47.664677068424));
#3546 = CARTESIAN_POINT('',(-213.127663866,47.664677068424));
#3547 = ( GEOMETRIC_REPRESENTATION_CONTEXT(2) 
PARAMETRIC_REPRESENTATION_CONTEXT() REPRESENTATION_CONTEXT('2D SPACE',''
  ) );
#3548 = PCURVE('',#3230,#3549);
#3549 = DEFINITIONAL_REPRESENTATION('',(#3550),#3553);
#3550 = B_SPLINE_CURVE_WITH_KNOTS('',1,(#3551,#3552),.UNSPECIFIED.,.F.,
  .F.,(2,2),(-146.0257716415,-67.10189222452),.PIECEWISE_BEZIER_KNOTS.);
#3551 = CARTESIAN_POINT('',(0.,8.));
#3552 = CARTESIAN_POINT('',(78.923879417032,8.));
#3553 = ( GEOMETRIC_REPRESENTATION_CONTEXT(2) 
PARAMETRIC_REPRESENTATION_CONTEXT() REPRESENTATION_CONTEXT('2D SPACE',''
  ) );
#3554 = ORIENTED_EDGE('',*,*,#3555,.T.);
#3555 = EDGE_CURVE('',#3535,#2907,#3556,.T.);
#3556 = SURFACE_CURVE('',#3557,(#3561,#3567),.PCURVE_S1.);
#3557 = LINE('',#3558,#3559);
#3558 = CARTESIAN_POINT('',(-949.6199967142,-469.367111218,
    98.065108182052));
#3559 = VECTOR('',#3560,1.);
#3560 = DIRECTION('',(0.,-1.,0.));
#3561 = PCURVE('',#2890,#3562);
#3562 = DEFINITIONAL_REPRESENTATION('',(#3563),#3566);
#3563 = B_SPLINE_CURVE_WITH_KNOTS('',1,(#3564,#3565),.UNSPECIFIED.,.F.,
  .F.,(2,2),(3.815835308326,43.848841760097),.PIECEWISE_BEZIER_KNOTS.);
#3564 = CARTESIAN_POINT('',(-213.127663866,47.664677068424));
#3565 = CARTESIAN_POINT('',(-213.127663866,87.697683520195));
#3566 = ( GEOMETRIC_REPRESENTATION_CONTEXT(2) 
PARAMETRIC_REPRESENTATION_CONTEXT() REPRESENTATION_CONTEXT('2D SPACE',''
  ) );
#3567 = PCURVE('',#3114,#3568);
#3568 = DEFINITIONAL_REPRESENTATION('',(#3569),#3572);
#3569 = B_SPLINE_CURVE_WITH_KNOTS('',1,(#3570,#3571),.UNSPECIFIED.,.F.,
  .F.,(2,2),(3.815835308326,43.848841760097),.PIECEWISE_BEZIER_KNOTS.);
#3570 = CARTESIAN_POINT('',(8.,40.033006451771));
#3571 = CARTESIAN_POINT('',(8.,0.));
#3572 = ( GEOMETRIC_REPRESENTATION_CONTEXT(2) 
PARAMETRIC_REPRESENTATION_CONTEXT() REPRESENTATION_CONTEXT('2D SPACE',''
  ) );
#3573 = ORIENTED_EDGE('',*,*,#3574,.F.);
#3574 = EDGE_CURVE('',#3575,#2907,#3577,.T.);
#3575 = VERTEX_POINT('',#3576);
#3576 = CARTESIAN_POINT('',(-949.6199967142,-481.1829465263,
    87.994555821232));
#3577 = SURFACE_CURVE('',#3578,(#3582,#3589),.PCURVE_S1.);
#3578 = LINE('',#3579,#3580);
#3579 = CARTESIAN_POINT('',(-949.6199967142,-391.890375966,
    421.23896589096));
#3580 = VECTOR('',#3581,1.);
#3581 = DIRECTION('',(-6.713766422536E-17,0.258819045103,0.965925826289)
  );
#3582 = PCURVE('',#2890,#3583);
#3583 = DEFINITIONAL_REPRESENTATION('',(#3584),#3588);
#3584 = LINE('',#3585,#3586);
#3585 = CARTESIAN_POINT('',(110.04619384283,-33.62789349194));
#3586 = VECTOR('',#3587,1.);
#3587 = DIRECTION('',(0.965925826289,-0.258819045103));
#3588 = ( GEOMETRIC_REPRESENTATION_CONTEXT(2) 
PARAMETRIC_REPRESENTATION_CONTEXT() REPRESENTATION_CONTEXT('2D SPACE',''
  ) );
#3589 = PCURVE('',#2943,#3590);
#3590 = DEFINITIONAL_REPRESENTATION('',(#3591),#3595);
#3591 = LINE('',#3592,#3593);
#3592 = CARTESIAN_POINT('',(115.,10.));
#3593 = VECTOR('',#3594,1.);
#3594 = DIRECTION('',(-1.,-5.55862388008E-17));
#3595 = ( GEOMETRIC_REPRESENTATION_CONTEXT(2) 
PARAMETRIC_REPRESENTATION_CONTEXT() REPRESENTATION_CONTEXT('2D SPACE',''
  ) );
#3596 = ORIENTED_EDGE('',*,*,#3597,.T.);
#3597 = EDGE_CURVE('',#3575,#3598,#3600,.T.);
#3598 = VERTEX_POINT('',#3599);
#3599 = CARTESIAN_POINT('',(-949.6199967142,-488.9103531366,
    90.065108182052));
#3600 = SURFACE_CURVE('',#3601,(#3605,#3612),.PCURVE_S1.);
#3601 = LINE('',#3602,#3603);
#3602 = CARTESIAN_POINT('',(-949.6199967142,-471.5236882634,
    85.406365370207));
#3603 = VECTOR('',#3604,1.);
#3604 = DIRECTION('',(-1.008768357388E-16,-0.965925826289,0.258819045103
    ));
#3605 = PCURVE('',#2890,#3606);
#3606 = DEFINITIONAL_REPRESENTATION('',(#3607),#3611);
#3607 = LINE('',#3608,#3609);
#3608 = CARTESIAN_POINT('',(-225.7864066779,46.005418805533));
#3609 = VECTOR('',#3610,1.);
#3610 = DIRECTION('',(0.258819045103,0.965925826289));
#3611 = ( GEOMETRIC_REPRESENTATION_CONTEXT(2) 
PARAMETRIC_REPRESENTATION_CONTEXT() REPRESENTATION_CONTEXT('2D SPACE',''
  ) );
#3612 = PCURVE('',#2943,#3613);
#3613 = DEFINITIONAL_REPRESENTATION('',(#3614),#3618);
#3614 = LINE('',#3615,#3616);
#3615 = CARTESIAN_POINT('',(460.,3.124356336404E-13));
#3616 = VECTOR('',#3617,1.);
#3617 = DIRECTION('',(-5.354456705177E-17,1.));
#3618 = ( GEOMETRIC_REPRESENTATION_CONTEXT(2) 
PARAMETRIC_REPRESENTATION_CONTEXT() REPRESENTATION_CONTEXT('2D SPACE',''
  ) );
#3619 = ORIENTED_EDGE('',*,*,#3620,.F.);
#3620 = EDGE_CURVE('',#2390,#3598,#3621,.T.);
#3621 = SURFACE_CURVE('',#3622,(#3626,#3633),.PCURVE_S1.);
#3622 = LINE('',#3623,#3624);
#3623 = CARTESIAN_POINT('',(-949.6199967142,-399.6177825763,
    423.30951825178));
#3624 = VECTOR('',#3625,1.);
#3625 = DIRECTION('',(6.713766422536E-17,-0.258819045103,-0.965925826289
    ));
#3626 = PCURVE('',#2890,#3627);
#3627 = DEFINITIONAL_REPRESENTATION('',(#3628),#3632);
#3628 = LINE('',#3629,#3630);
#3629 = CARTESIAN_POINT('',(112.11674620365,-25.90048688163));
#3630 = VECTOR('',#3631,1.);
#3631 = DIRECTION('',(-0.965925826289,0.258819045103));
#3632 = ( GEOMETRIC_REPRESENTATION_CONTEXT(2) 
PARAMETRIC_REPRESENTATION_CONTEXT() REPRESENTATION_CONTEXT('2D SPACE',''
  ) );
#3633 = PCURVE('',#2943,#3634);
#3634 = DEFINITIONAL_REPRESENTATION('',(#3635),#3639);
#3635 = LINE('',#3636,#3637);
#3636 = CARTESIAN_POINT('',(115.,18.));
#3637 = VECTOR('',#3638,1.);
#3638 = DIRECTION('',(1.,5.55862388008E-17));
#3639 = ( GEOMETRIC_REPRESENTATION_CONTEXT(2) 
PARAMETRIC_REPRESENTATION_CONTEXT() REPRESENTATION_CONTEXT('2D SPACE',''
  ) );
#3640 = ORIENTED_EDGE('',*,*,#2877,.T.);
#3641 = ADVANCED_FACE('',(#3642),#2860,.F.);
#3642 = FACE_BOUND('',#3643,.F.);
#3643 = EDGE_LOOP('',(#3644,#3645,#3646,#3647,#3648,#3683));
#3644 = ORIENTED_EDGE('',*,*,#3513,.F.);
#3645 = ORIENTED_EDGE('',*,*,#3452,.T.);
#3646 = ORIENTED_EDGE('',*,*,#2845,.F.);
#3647 = ORIENTED_EDGE('',*,*,#2988,.F.);
#3648 = ORIENTED_EDGE('',*,*,#3649,.F.);
#3649 = EDGE_CURVE('',#3182,#2959,#3650,.T.);
#3650 = SURFACE_CURVE('',#3651,(#3656,#3676),.PCURVE_S1.);
#3651 = ELLIPSE('',#3652,51.763809020504,50.);
#3652 = AXIS2_PLACEMENT_3D('',#3653,#3654,#3655);
#3653 = CARTESIAN_POINT('',(-899.6199967142,-473.1829465263,
    72.392371936452));
#3654 = DIRECTION('',(0.,1.,0.));
#3655 = DIRECTION('',(3.897581636578E-16,0.,-1.));
#3656 = PCURVE('',#2860,#3657);
#3657 = DEFINITIONAL_REPRESENTATION('',(#3658),#3675);
#3658 = B_SPLINE_CURVE_WITH_KNOTS('',8,(#3659,#3660,#3661,#3662,#3663,
    #3664,#3665,#3666,#3667,#3668,#3669,#3670,#3671,#3672,#3673,#3674),
  .UNSPECIFIED.,.F.,.F.,(9,7,9),(5.666909619942,7.113204724782,
    8.559499829623),.UNSPECIFIED.);
#3659 = CARTESIAN_POINT('',(2.525316966353,251.67681147304));
#3660 = CARTESIAN_POINT('',(2.706103854458,253.0767766224));
#3661 = CARTESIAN_POINT('',(2.886890742559,254.06836783866));
#3662 = CARTESIAN_POINT('',(3.067677630674,254.58186137165));
#3663 = CARTESIAN_POINT('',(3.248464518755,254.57600709138));
#3664 = CARTESIAN_POINT('',(3.429251406877,254.0453208734));
#3665 = CARTESIAN_POINT('',(3.61003829498,253.02242451686));
#3666 = CARTESIAN_POINT('',(3.790825183088,251.57278492191));
#3667 = CARTESIAN_POINT('',(4.152398959298,247.99805638289));
#3668 = CARTESIAN_POINT('',(4.333185847402,245.87296685773));
#3669 = CARTESIAN_POINT('',(4.513972735509,243.49917447874));
#3670 = CARTESIAN_POINT('',(4.694759623613,240.98922723344));
#3671 = CARTESIAN_POINT('',(4.875546511717,238.46997730134));
#3672 = CARTESIAN_POINT('',(5.056333399823,236.06894413755));
#3673 = CARTESIAN_POINT('',(5.237120287928,233.90057282531));
#3674 = CARTESIAN_POINT('',(5.417907176033,232.05669848838));
#3675 = ( GEOMETRIC_REPRESENTATION_CONTEXT(2) 
PARAMETRIC_REPRESENTATION_CONTEXT() REPRESENTATION_CONTEXT('2D SPACE',''
  ) );
#3676 = PCURVE('',#2976,#3677);
#3677 = DEFINITIONAL_REPRESENTATION('',(#3678),#3682);
#3678 = ELLIPSE('',#3679,51.763809020504,50.);
#3679 = AXIS2_PLACEMENT_2D('',#3680,#3681);
#3680 = CARTESIAN_POINT('',(53.251143171431,58.));
#3681 = DIRECTION('',(-1.,3.897581636578E-16));
#3682 = ( GEOMETRIC_REPRESENTATION_CONTEXT(2) 
PARAMETRIC_REPRESENTATION_CONTEXT() REPRESENTATION_CONTEXT('2D SPACE',''
  ) );
#3683 = ORIENTED_EDGE('',*,*,#3684,.F.);
#3684 = EDGE_CURVE('',#3514,#3182,#3685,.T.);
#3685 = SURFACE_CURVE('',#3686,(#3691,#3711),.PCURVE_S1.);
#3686 = ELLIPSE('',#3687,51.763809020504,50.);
#3687 = AXIS2_PLACEMENT_3D('',#3688,#3689,#3690);
#3688 = CARTESIAN_POINT('',(-899.6199967142,-473.1829465263,
    72.392371936452));
#3689 = DIRECTION('',(0.,1.,0.));
#3690 = DIRECTION('',(3.897581636578E-16,0.,-1.));
#3691 = PCURVE('',#2860,#3692);
#3692 = DEFINITIONAL_REPRESENTATION('',(#3693),#3710);
#3693 = B_SPLINE_CURVE_WITH_KNOTS('',8,(#3694,#3695,#3696,#3697,#3698,
    #3699,#3700,#3701,#3702,#3703,#3704,#3705,#3706,#3707,#3708,#3709),
  .UNSPECIFIED.,.F.,.F.,(9,7,9),(5.666909619942,7.113204724782,
    8.559499829623),.UNSPECIFIED.);
#3694 = CARTESIAN_POINT('',(2.525316966353,251.67681147304));
#3695 = CARTESIAN_POINT('',(2.706103854458,253.0767766224));
#3696 = CARTESIAN_POINT('',(2.886890742559,254.06836783866));
#3697 = CARTESIAN_POINT('',(3.067677630674,254.58186137165));
#3698 = CARTESIAN_POINT('',(3.248464518755,254.57600709138));
#3699 = CARTESIAN_POINT('',(3.429251406877,254.0453208734));
#3700 = CARTESIAN_POINT('',(3.61003829498,253.02242451686));
#3701 = CARTESIAN_POINT('',(3.790825183088,251.57278492191));
#3702 = CARTESIAN_POINT('',(4.152398959298,247.99805638289));
#3703 = CARTESIAN_POINT('',(4.333185847402,245.87296685773));
#3704 = CARTESIAN_POINT('',(4.513972735509,243.49917447874));
#3705 = CARTESIAN_POINT('',(4.694759623613,240.98922723344));
#3706 = CARTESIAN_POINT('',(4.875546511717,238.46997730134));
#3707 = CARTESIAN_POINT('',(5.056333399823,236.06894413755));
#3708 = CARTESIAN_POINT('',(5.237120287928,233.90057282531));
#3709 = CARTESIAN_POINT('',(5.417907176033,232.05669848838));
#3710 = ( GEOMETRIC_REPRESENTATION_CONTEXT(2) 
PARAMETRIC_REPRESENTATION_CONTEXT() REPRESENTATION_CONTEXT('2D SPACE',''
  ) );
#3711 = PCURVE('',#3230,#3712);
#3712 = DEFINITIONAL_REPRESENTATION('',(#3713),#3717);
#3713 = ELLIPSE('',#3714,51.763809020504,50.);
#3714 = AXIS2_PLACEMENT_2D('',#3715,#3716);
#3715 = CARTESIAN_POINT('',(53.251143171431,58.));
#3716 = DIRECTION('',(-1.,3.897581636578E-16));
#3717 = ( GEOMETRIC_REPRESENTATION_CONTEXT(2) 
PARAMETRIC_REPRESENTATION_CONTEXT() REPRESENTATION_CONTEXT('2D SPACE',''
  ) );
#3718 = ADVANCED_FACE('',(#3719),#2943,.T.);
#3719 = FACE_BOUND('',#3720,.T.);
#3720 = EDGE_LOOP('',(#3721,#3722,#3723,#3724));
#3721 = ORIENTED_EDGE('',*,*,#3620,.F.);
#3722 = ORIENTED_EDGE('',*,*,#2929,.F.);
#3723 = ORIENTED_EDGE('',*,*,#3574,.F.);
#3724 = ORIENTED_EDGE('',*,*,#3597,.T.);
#3725 = ADVANCED_FACE('',(#3726),#2976,.F.);
#3726 = FACE_BOUND('',#3727,.F.);
#3727 = EDGE_LOOP('',(#3728,#3729,#3730,#3731,#3896,#3897,#3987,#3988));
#3728 = ORIENTED_EDGE('',*,*,#2958,.T.);
#3729 = ORIENTED_EDGE('',*,*,#3428,.F.);
#3730 = ORIENTED_EDGE('',*,*,#3398,.T.);
#3731 = ORIENTED_EDGE('',*,*,#3732,.F.);
#3732 = EDGE_CURVE('',#3271,#3350,#3733,.T.);
#3733 = SURFACE_CURVE('',#3734,(#3786,#3841),.PCURVE_S1.);
#3734 = B_SPLINE_CURVE_WITH_KNOTS('',8,(#3735,#3736,#3737,#3738,#3739,
    #3740,#3741,#3742,#3743,#3744,#3745,#3746,#3747,#3748,#3749,#3750,
    #3751,#3752,#3753,#3754,#3755,#3756,#3757,#3758,#3759,#3760,#3761,
    #3762,#3763,#3764,#3765,#3766,#3767,#3768,#3769,#3770,#3771,#3772,
    #3773,#3774,#3775,#3776,#3777,#3778,#3779,#3780,#3781,#3782,#3783,
    #3784,#3785),.UNSPECIFIED.,.F.,.F.,(9,7,7,7,7,7,7,9),(0.,
    1.014905154114E-02,5.27857172773E-02,8.494387695441E-02,
    0.14291360737,0.283005632499,0.531711498354,1.),.UNSPECIFIED.);
#3735 = CARTESIAN_POINT('',(-938.223296964,-473.1829465263,
    79.213929230219));
#3736 = CARTESIAN_POINT('',(-938.2150207416,-473.1829465263,
    79.213929230219));
#3737 = CARTESIAN_POINT('',(-938.2067480066,-473.1829465263,
    79.214078151374));
#3738 = CARTESIAN_POINT('',(-938.1984813883,-473.1829465263,
    79.214376913208));
#3739 = CARTESIAN_POINT('',(-938.1902235245,-473.1829465263,
    79.214826185575));
#3740 = CARTESIAN_POINT('',(-938.181977062,-473.1829465263,
    79.215426388662));
#3741 = CARTESIAN_POINT('',(-938.1737446565,-473.1829465263,
    79.216177692983));
#3742 = CARTESIAN_POINT('',(-938.1655289727,-473.1829465263,
    79.217080019383));
#3743 = CARTESIAN_POINT('',(-938.1228996707,-473.1829465263,
    79.222556826509));
#3744 = CARTESIAN_POINT('',(-938.088796358,-473.1829465263,
    79.229641641601));
#3745 = CARTESIAN_POINT('',(-938.05524892,-473.1829465263,79.23936196005
    ));
#3746 = CARTESIAN_POINT('',(-938.0224286756,-473.1829465263,
    79.251604870887));
#3747 = CARTESIAN_POINT('',(-937.990461477,-473.1829465263,
    79.266198573173));
#3748 = CARTESIAN_POINT('',(-937.9594356687,-473.1829465263,
    79.282936305018));
#3749 = CARTESIAN_POINT('',(-937.9294086175,-473.1829465263,
    79.301595704879));
#3750 = CARTESIAN_POINT('',(-937.8785413445,-473.1829465263,
    79.337308290957));
#3751 = CARTESIAN_POINT('',(-937.8572466379,-473.1829465263,
    79.353636657615));
#3752 = CARTESIAN_POINT('',(-937.8365294959,-473.1829465263,
    79.370852782335));
#3753 = CARTESIAN_POINT('',(-937.8163849498,-473.1829465263,
    79.388874673722));
#3754 = CARTESIAN_POINT('',(-937.7968023515,-473.1829465263,
    79.407625781017));
#3755 = CARTESIAN_POINT('',(-937.7777664648,-473.1829465263,
    79.427036503342));
#3756 = CARTESIAN_POINT('',(-937.7592585574,-473.1829465263,
    79.44704569896));
#3757 = CARTESIAN_POINT('',(-937.7088079718,-473.1829465263,
    79.504658248665));
#3758 = CARTESIAN_POINT('',(-937.6780219223,-473.1829465263,
    79.543473092322));
#3759 = CARTESIAN_POINT('',(-937.6487617326,-473.1829465263,
    79.583752874621));
#3760 = CARTESIAN_POINT('',(-937.6209064409,-473.1829465263,
    79.625254789006));
#3761 = CARTESIAN_POINT('',(-937.5943458379,-473.1829465263,
    79.667781551799));
#3762 = CARTESIAN_POINT('',(-937.5689765505,-473.1829465263,
    79.711177758126));
#3763 = CARTESIAN_POINT('',(-937.5447001083,-473.1829465263,
    79.755328115196));
#3764 = CARTESIAN_POINT('',(-937.4651705577,-473.1829465263,
    79.908494208562));
#3765 = CARTESIAN_POINT('',(-937.4148599932,-473.1829465263,
    80.020591477693));
#3766 = CARTESIAN_POINT('',(-937.3691640081,-473.1829465263,
    80.135300644141));
#3767 = CARTESIAN_POINT('',(-937.3273603569,-473.1829465263,
    80.251910755741));
#3768 = CARTESIAN_POINT('',(-937.2888463167,-473.1829465263,
    80.369895880733));
#3769 = CARTESIAN_POINT('',(-937.2531823597,-473.1829465263,
    80.48894153433));
#3770 = CARTESIAN_POINT('',(-937.2199855827,-473.1829465263,
    80.608884169821));
#3771 = CARTESIAN_POINT('',(-937.1338207565,-473.1829465263,
    80.944238180862));
#3772 = CARTESIAN_POINT('',(-937.0856057454,-473.1829465263,
    81.161069144265));
#3773 = CARTESIAN_POINT('',(-937.0426300638,-473.1829465263,
    81.379479028796));
#3774 = CARTESIAN_POINT('',(-937.0039980073,-473.1829465263,
    81.599021007073));
#3775 = CARTESIAN_POINT('',(-936.9689943121,-473.1829465263,
    81.81937051732));
#3776 = CARTESIAN_POINT('',(-936.9371175978,-473.1829465263,
    82.04033722022));
#3777 = CARTESIAN_POINT('',(-936.9079506906,-473.1829465263,
    82.26182590287));
#3778 = CARTESIAN_POINT('',(-936.8307301459,-473.1829465263,
    82.901870019627));
#3779 = CARTESIAN_POINT('',(-936.7887817657,-473.1829465263,
    83.321382214762));
#3780 = CARTESIAN_POINT('',(-936.753153014,-473.1829465263,
    83.741864332726));
#3781 = CARTESIAN_POINT('',(-936.7227223811,-473.1829465263,
    84.16300482248));
#3782 = CARTESIAN_POINT('',(-936.6966468406,-473.1829465263,
    84.58457998609));
#3783 = CARTESIAN_POINT('',(-936.6743961213,-473.1829465263,
    85.00646071778));
#3784 = CARTESIAN_POINT('',(-936.6555887084,-473.1829465263,
    85.428585507007));
#3785 = CARTESIAN_POINT('',(-936.6400073632,-473.1829465263,
    85.850962281783));
#3786 = PCURVE('',#2976,#3787);
#3787 = DEFINITIONAL_REPRESENTATION('',(#3788),#3840);
#3788 = B_SPLINE_CURVE_WITH_KNOTS('',8,(#3789,#3790,#3791,#3792,#3793,
    #3794,#3795,#3796,#3797,#3798,#3799,#3800,#3801,#3802,#3803,#3804,
    #3805,#3806,#3807,#3808,#3809,#3810,#3811,#3812,#3813,#3814,#3815,
    #3816,#3817,#3818,#3819,#3820,#3821,#3822,#3823,#3824,#3825,#3826,
    #3827,#3828,#3829,#3830,#3831,#3832,#3833,#3834,#3835,#3836,#3837,
    #3838,#3839),.UNSPECIFIED.,.F.,.F.,(9,7,7,7,7,7,7,9),(0.,
    1.014905154114E-02,5.27857172773E-02,8.494387695441E-02,
    0.14291360737,0.283005632499,0.531711498354,1.),.UNSPECIFIED.);
#3789 = CARTESIAN_POINT('',(60.072700465198,19.396699750218));
#3790 = CARTESIAN_POINT('',(60.072700465198,19.404975972686));
#3791 = CARTESIAN_POINT('',(60.072849386353,19.413248707622));
#3792 = CARTESIAN_POINT('',(60.073148148187,19.421515325966));
#3793 = CARTESIAN_POINT('',(60.073597420555,19.429773189783));
#3794 = CARTESIAN_POINT('',(60.074197623641,19.43801965226));
#3795 = CARTESIAN_POINT('',(60.074948927962,19.446252057704));
#3796 = CARTESIAN_POINT('',(60.075851254362,19.454467741545));
#3797 = CARTESIAN_POINT('',(60.081328061488,19.497097043514));
#3798 = CARTESIAN_POINT('',(60.08841287658,19.53120035622));
#3799 = CARTESIAN_POINT('',(60.09813319503,19.564747794254));
#3800 = CARTESIAN_POINT('',(60.110376105867,19.59756803863));
#3801 = CARTESIAN_POINT('',(60.124969808152,19.62953523721));
#3802 = CARTESIAN_POINT('',(60.141707539997,19.660561045523));
#3803 = CARTESIAN_POINT('',(60.160366939858,19.690588096777));
#3804 = CARTESIAN_POINT('',(60.196079525937,19.741455369733));
#3805 = CARTESIAN_POINT('',(60.212407892595,19.762750076361));
#3806 = CARTESIAN_POINT('',(60.229624017314,19.783467218358));
#3807 = CARTESIAN_POINT('',(60.247645908702,19.803611764403));
#3808 = CARTESIAN_POINT('',(60.266397015996,19.823194362741));
#3809 = CARTESIAN_POINT('',(60.285807738322,19.842230249476));
#3810 = CARTESIAN_POINT('',(60.305816933939,19.860738156871));
#3811 = CARTESIAN_POINT('',(60.363429483644,19.911188742467));
#3812 = CARTESIAN_POINT('',(60.402244327301,19.94197479193));
#3813 = CARTESIAN_POINT('',(60.4425241096,19.971234981677));
#3814 = CARTESIAN_POINT('',(60.484026023985,19.999090273334));
#3815 = CARTESIAN_POINT('',(60.526552786779,20.025650876327));
#3816 = CARTESIAN_POINT('',(60.569948993106,20.051020163698));
#3817 = CARTESIAN_POINT('',(60.614099350176,20.075296605916));
#3818 = CARTESIAN_POINT('',(60.767265443541,20.154826156573));
#3819 = CARTESIAN_POINT('',(60.879362712672,20.205136721015));
#3820 = CARTESIAN_POINT('',(60.994071879121,20.250832706138));
#3821 = CARTESIAN_POINT('',(61.110681990721,20.292636357325));
#3822 = CARTESIAN_POINT('',(61.228667115713,20.331150397559));
#3823 = CARTESIAN_POINT('',(61.347712769309,20.366814354559));
#3824 = CARTESIAN_POINT('',(61.4676554048,20.400011131586));
#3825 = CARTESIAN_POINT('',(61.803009415841,20.486175957697));
#3826 = CARTESIAN_POINT('',(62.019840379244,20.53439096882));
#3827 = CARTESIAN_POINT('',(62.238250263776,20.577366650435));
#3828 = CARTESIAN_POINT('',(62.457792242052,20.615998706912));
#3829 = CARTESIAN_POINT('',(62.678141752299,20.651002402187));
#3830 = CARTESIAN_POINT('',(62.899108455199,20.682879116485));
#3831 = CARTESIAN_POINT('',(63.120597137849,20.712046023666));
#3832 = CARTESIAN_POINT('',(63.760641254606,20.789266568318));
#3833 = CARTESIAN_POINT('',(64.180153449742,20.831214948503));
#3834 = CARTESIAN_POINT('',(64.600635567705,20.866843700221));
#3835 = CARTESIAN_POINT('',(65.021776057459,20.897274333124));
#3836 = CARTESIAN_POINT('',(65.443351221069,20.923349873689));
#3837 = CARTESIAN_POINT('',(65.865231952759,20.945600592936));
#3838 = CARTESIAN_POINT('',(66.287356741987,20.964408005871));
#3839 = CARTESIAN_POINT('',(66.709733516762,20.979989351013));
#3840 = ( GEOMETRIC_REPRESENTATION_CONTEXT(2) 
PARAMETRIC_REPRESENTATION_CONTEXT() REPRESENTATION_CONTEXT('2D SPACE',''
  ) );
#3841 = PCURVE('',#3287,#3842);
#3842 = DEFINITIONAL_REPRESENTATION('',(#3843),#3895);
#3843 = B_SPLINE_CURVE_WITH_KNOTS('',8,(#3844,#3845,#3846,#3847,#3848,
    #3849,#3850,#3851,#3852,#3853,#3854,#3855,#3856,#3857,#3858,#3859,
    #3860,#3861,#3862,#3863,#3864,#3865,#3866,#3867,#3868,#3869,#3870,
    #3871,#3872,#3873,#3874,#3875,#3876,#3877,#3878,#3879,#3880,#3881,
    #3882,#3883,#3884,#3885,#3886,#3887,#3888,#3889,#3890,#3891,#3892,
    #3893,#3894),.UNSPECIFIED.,.F.,.F.,(9,7,7,7,7,7,7,9),(0.,
    1.014905154114E-02,5.27857172773E-02,8.494387695441E-02,
    0.14291360737,0.283005632499,0.531711498354,1.),.UNSPECIFIED.);
#3844 = CARTESIAN_POINT('',(3.265193308943,4.712388980385));
#3845 = CARTESIAN_POINT('',(3.265212930941,4.708282438145));
#3846 = CARTESIAN_POINT('',(3.265229806585,4.704168771347));
#3847 = CARTESIAN_POINT('',(3.265243910955,4.70004911721));
#3848 = CARTESIAN_POINT('',(3.265255223695,4.695924633091));
#3849 = CARTESIAN_POINT('',(3.265263729015,4.691796496494));
#3850 = CARTESIAN_POINT('',(3.265269415684,4.687665905061));
#3851 = CARTESIAN_POINT('',(3.265272277037,4.683534076581));
#3852 = CARTESIAN_POINT('',(3.265272453534,4.662044237595));
#3853 = CARTESIAN_POINT('',(3.265222698574,4.644679919385));
#3854 = CARTESIAN_POINT('',(3.265122846281,4.627415080288));
#3855 = CARTESIAN_POINT('',(3.264974440081,4.610334309737));
#3856 = CARTESIAN_POINT('',(3.264780234783,4.593504695798));
#3857 = CARTESIAN_POINT('',(3.264543745248,4.576978665851));
#3858 = CARTESIAN_POINT('',(3.264268875563,4.560795972842));
#3859 = CARTESIAN_POINT('',(3.263726383271,4.533059472671));
#3860 = CARTESIAN_POINT('',(3.263473467806,4.521339846198));
#3861 = CARTESIAN_POINT('',(3.263202444752,4.509831547882));
#3862 = CARTESIAN_POINT('',(3.262914826717,4.498536939634));
#3863 = CARTESIAN_POINT('',(3.262612044734,4.487455509332));
#3864 = CARTESIAN_POINT('',(3.262295416497,4.47658423508));
#3865 = CARTESIAN_POINT('',(3.261966114588,4.465917949473));
#3866 = CARTESIAN_POINT('',(3.261010469203,4.436579178237));
#3867 = CARTESIAN_POINT('',(3.260358183822,4.418361827957));
#3868 = CARTESIAN_POINT('',(3.259674034569,4.400749744224));
#3869 = CARTESIAN_POINT('',(3.25896281809,4.383701003937));
#3870 = CARTESIAN_POINT('',(3.258228477044,4.367176517758));
#3871 = CARTESIAN_POINT('',(3.257474167927,4.351137872982));
#3872 = CARTESIAN_POINT('',(3.256702291335,4.335546171192));
#3873 = CARTESIAN_POINT('',(3.254010638857,4.283666834049));
#3874 = CARTESIAN_POINT('',(3.252017369181,4.249420083849));
#3875 = CARTESIAN_POINT('',(3.249959509135,4.217068084458));
#3876 = CARTESIAN_POINT('',(3.247852387165,4.186326218277));
#3877 = CARTESIAN_POINT('',(3.245707590858,4.156952822863));
#3878 = CARTESIAN_POINT('',(3.243532344859,4.128768625146));
#3879 = CARTESIAN_POINT('',(3.241330857337,4.101607375231));
#3880 = CARTESIAN_POINT('',(3.235151018859,4.028650233084));
#3881 = CARTESIAN_POINT('',(3.231127592972,3.984841609226));
#3882 = CARTESIAN_POINT('',(3.22705275418,3.943178249818));
#3883 = CARTESIAN_POINT('',(3.222938039413,3.90328818701));
#3884 = CARTESIAN_POINT('',(3.218792143868,3.864870221921));
#3885 = CARTESIAN_POINT('',(3.214620619131,3.827710537396));
#3886 = CARTESIAN_POINT('',(3.210426926047,3.791622864962));
#3887 = CARTESIAN_POINT('',(3.198276769262,3.690224502915));
#3888 = CARTESIAN_POINT('',(3.190274414016,3.627303110253));
#3889 = CARTESIAN_POINT('',(3.182224270782,3.566708715405));
#3890 = CARTESIAN_POINT('',(3.174138410907,3.507909383874));
#3891 = CARTESIAN_POINT('',(3.16602633115,3.450468022271));
#3892 = CARTESIAN_POINT('',(3.157894836045,3.394057628368));
#3893 = CARTESIAN_POINT('',(3.149749081985,3.338381856894));
#3894 = CARTESIAN_POINT('',(3.14159265359,3.283169866252));
#3895 = ( GEOMETRIC_REPRESENTATION_CONTEXT(2) 
PARAMETRIC_REPRESENTATION_CONTEXT() REPRESENTATION_CONTEXT('2D SPACE',''
  ) );
#3896 = ORIENTED_EDGE('',*,*,#3299,.F.);
#3897 = ORIENTED_EDGE('',*,*,#3898,.F.);
#3898 = EDGE_CURVE('',#3153,#3300,#3899,.T.);
#3899 = SURFACE_CURVE('',#3900,(#3927,#3957),.PCURVE_S1.);
#3900 = B_SPLINE_CURVE_WITH_KNOTS('',7,(#3901,#3902,#3903,#3904,#3905,
    #3906,#3907,#3908,#3909,#3910,#3911,#3912,#3913,#3914,#3915,#3916,
    #3917,#3918,#3919,#3920,#3921,#3922,#3923,#3924,#3925,#3926),
  .UNSPECIFIED.,.F.,.F.,(8,6,6,6,8),(0.,0.372464317144,0.670775642929,
    0.861383878421,1.),.UNSPECIFIED.);
#3901 = CARTESIAN_POINT('',(-945.2240137322,-473.1829465263,
    85.850962281783));
#3902 = CARTESIAN_POINT('',(-945.0451154645,-473.1829465263,
    85.383266835798));
#3903 = CARTESIAN_POINT('',(-944.8542435641,-473.1829465263,
    84.920282899136));
#3904 = CARTESIAN_POINT('',(-944.650743102,-473.1829465263,
    84.462539494216));
#3905 = CARTESIAN_POINT('',(-944.4338720242,-473.1829465263,
    84.01083176677));
#3906 = CARTESIAN_POINT('',(-944.2027350699,-473.1829465263,
    83.566258955236));
#3907 = CARTESIAN_POINT('',(-943.9562713242,-473.1829465263,
    83.130229019029));
#3908 = CARTESIAN_POINT('',(-943.4818448183,-473.1829465263,
    82.363847547474));
#3909 = CARTESIAN_POINT('',(-943.2601411506,-473.1829465263,
    82.03001816577));
#3910 = CARTESIAN_POINT('',(-943.026746749,-473.1829465263,
    81.703917014842));
#3911 = CARTESIAN_POINT('',(-942.7806648245,-473.1829465263,
    81.386888483316));
#3912 = CARTESIAN_POINT('',(-942.5207613103,-473.1829465263,
    81.081012100533));
#3913 = CARTESIAN_POINT('',(-942.2458323603,-473.1829465263,
    80.789034205435));
#3914 = CARTESIAN_POINT('',(-941.7671648847,-473.1829465263,
    80.340042381837));
#3915 = CARTESIAN_POINT('',(-941.5737699381,-473.1829465263,
    80.172556713891));
#3916 = CARTESIAN_POINT('',(-941.3729622404,-473.1829465263,
    80.013579142494));
#3917 = CARTESIAN_POINT('',(-941.1642786505,-473.1829465263,
    79.864626752708));
#3918 = CARTESIAN_POINT('',(-940.9474354312,-473.1829465263,
    79.727764122756));
#3919 = CARTESIAN_POINT('',(-940.722341592,-473.1829465263,
    79.605585330139));
#3920 = CARTESIAN_POINT('',(-940.3195007278,-473.1829465263,
    79.425280822699));
#3921 = CARTESIAN_POINT('',(-940.145627004,-473.1829465263,
    79.358792009111));
#3922 = CARTESIAN_POINT('',(-939.9677359941,-473.1829465263,
    79.303003892467));
#3923 = CARTESIAN_POINT('',(-939.7863346694,-473.1829465263,
    79.259344040745));
#3924 = CARTESIAN_POINT('',(-939.6022220894,-473.1829465263,
    79.229245438731));
#3925 = CARTESIAN_POINT('',(-939.4165331183,-473.1829465263,
    79.21392923022));
#3926 = CARTESIAN_POINT('',(-939.2308377707,-473.1829465263,
    79.21392923022));
#3927 = PCURVE('',#2976,#3928);
#3928 = DEFINITIONAL_REPRESENTATION('',(#3929),#3956);
#3929 = B_SPLINE_CURVE_WITH_KNOTS('',7,(#3930,#3931,#3932,#3933,#3934,
    #3935,#3936,#3937,#3938,#3939,#3940,#3941,#3942,#3943,#3944,#3945,
    #3946,#3947,#3948,#3949,#3950,#3951,#3952,#3953,#3954,#3955),
  .UNSPECIFIED.,.F.,.F.,(8,6,6,6,8),(0.,0.372464317144,0.670775642929,
    0.861383878421,1.),.UNSPECIFIED.);
#3930 = CARTESIAN_POINT('',(66.709733516762,12.395982982036));
#3931 = CARTESIAN_POINT('',(66.242038070777,12.574881249695));
#3932 = CARTESIAN_POINT('',(65.779054134115,12.765753150188));
#3933 = CARTESIAN_POINT('',(65.321310729196,12.969253612212));
#3934 = CARTESIAN_POINT('',(64.869603001749,13.186124690093));
#3935 = CARTESIAN_POINT('',(64.425030190215,13.417261644307));
#3936 = CARTESIAN_POINT('',(63.989000254009,13.663725390015));
#3937 = CARTESIAN_POINT('',(63.222618782453,14.138151895976));
#3938 = CARTESIAN_POINT('',(62.888789400749,14.359855563623));
#3939 = CARTESIAN_POINT('',(62.562688249822,14.593249965202));
#3940 = CARTESIAN_POINT('',(62.245659718296,14.839331889734));
#3941 = CARTESIAN_POINT('',(61.939783335512,15.099235403918));
#3942 = CARTESIAN_POINT('',(61.647805440415,15.374164353991));
#3943 = CARTESIAN_POINT('',(61.198813616816,15.852831829524));
#3944 = CARTESIAN_POINT('',(61.03132794887,16.046226776129));
#3945 = CARTESIAN_POINT('',(60.872350377474,16.247034473823));
#3946 = CARTESIAN_POINT('',(60.723397987687,16.455718063738));
#3947 = CARTESIAN_POINT('',(60.586535357736,16.672561283003));
#3948 = CARTESIAN_POINT('',(60.464356565119,16.897655122209));
#3949 = CARTESIAN_POINT('',(60.284052057679,17.300495986442));
#3950 = CARTESIAN_POINT('',(60.217563244091,17.474369710226));
#3951 = CARTESIAN_POINT('',(60.161775127446,17.652260720136));
#3952 = CARTESIAN_POINT('',(60.118115275725,17.833662044865));
#3953 = CARTESIAN_POINT('',(60.088016673711,18.017774624855));
#3954 = CARTESIAN_POINT('',(60.0727004652,18.203463595944));
#3955 = CARTESIAN_POINT('',(60.0727004652,18.38915894353));
#3956 = ( GEOMETRIC_REPRESENTATION_CONTEXT(2) 
PARAMETRIC_REPRESENTATION_CONTEXT() REPRESENTATION_CONTEXT('2D SPACE',''
  ) );
#3957 = PCURVE('',#3169,#3958);
#3958 = DEFINITIONAL_REPRESENTATION('',(#3959),#3986);
#3959 = B_SPLINE_CURVE_WITH_KNOTS('',7,(#3960,#3961,#3962,#3963,#3964,
    #3965,#3966,#3967,#3968,#3969,#3970,#3971,#3972,#3973,#3974,#3975,
    #3976,#3977,#3978,#3979,#3980,#3981,#3982,#3983,#3984,#3985),
  .UNSPECIFIED.,.F.,.F.,(8,6,6,6,8),(0.,0.372464317144,0.670775642929,
    0.861383878421,1.),.UNSPECIFIED.);
#3960 = CARTESIAN_POINT('',(6.28318530718,0.975925588661));
#3961 = CARTESIAN_POINT('',(6.275476635776,0.997525895787));
#3962 = CARTESIAN_POINT('',(6.267790713194,1.019713042741));
#3963 = CARTESIAN_POINT('',(6.26013142834,1.042558012757));
#3964 = CARTESIAN_POINT('',(6.252506540569,1.066140433628));
#3965 = CARTESIAN_POINT('',(6.244928254032,1.090558158668));
#3966 = CARTESIAN_POINT('',(6.237413391596,1.115931027003));
#3967 = CARTESIAN_POINT('',(6.224038098283,1.163684686072));
#3968 = CARTESIAN_POINT('',(6.21815101822,1.185638005298));
#3969 = CARTESIAN_POINT('',(6.212333297461,1.208418454207));
#3970 = CARTESIAN_POINT('',(6.206602943499,1.232141174965));
#3971 = CARTESIAN_POINT('',(6.200990157873,1.256943946219));
#3972 = CARTESIAN_POINT('',(6.195536764408,1.282984836716));
#3973 = CARTESIAN_POINT('',(6.186967597111,1.328143853601));
#3974 = CARTESIAN_POINT('',(6.183722427386,1.346347301956));
#3975 = CARTESIAN_POINT('',(6.180587793154,1.365227826801));
#3976 = CARTESIAN_POINT('',(6.177588717032,1.384854594944));
#3977 = CARTESIAN_POINT('',(6.174760759503,1.405287919452));
#3978 = CARTESIAN_POINT('',(6.172150497889,1.426580381931));
#3979 = CARTESIAN_POINT('',(6.168118291154,1.46492070675));
#3980 = CARTESIAN_POINT('',(6.166566837101,1.481538241879));
#3981 = CARTESIAN_POINT('',(6.165185849536,1.498628925454));
#3982 = CARTESIAN_POINT('',(6.164003492739,1.516168982402));
#3983 = CARTESIAN_POINT('',(6.163049596321,1.534108428856));
#3984 = CARTESIAN_POINT('',(6.162352155435,1.552363141103));
#3985 = CARTESIAN_POINT('',(6.161928349492,1.570796326795));
#3986 = ( GEOMETRIC_REPRESENTATION_CONTEXT(2) 
PARAMETRIC_REPRESENTATION_CONTEXT() REPRESENTATION_CONTEXT('2D SPACE',''
  ) );
#3987 = ORIENTED_EDGE('',*,*,#3181,.T.);
#3988 = ORIENTED_EDGE('',*,*,#3649,.T.);
#3989 = ADVANCED_FACE('',(#3990),#3114,.T.);
#3990 = FACE_BOUND('',#3991,.T.);
#3991 = EDGE_LOOP('',(#3992,#4013,#4014));
#3992 = ORIENTED_EDGE('',*,*,#3993,.F.);
#3993 = EDGE_CURVE('',#3535,#3093,#3994,.T.);
#3994 = SURFACE_CURVE('',#3995,(#3999,#4006),.PCURVE_S1.);
#3995 = LINE('',#3996,#3997);
#3996 = CARTESIAN_POINT('',(-957.6199967142,-473.1829465263,
    98.065108182052));
#3997 = VECTOR('',#3998,1.);
#3998 = DIRECTION('',(1.,0.,-0.));
#3999 = PCURVE('',#3114,#4000);
#4000 = DEFINITIONAL_REPRESENTATION('',(#4001),#4005);
#4001 = LINE('',#4002,#4003);
#4002 = CARTESIAN_POINT('',(0.,40.033006451771));
#4003 = VECTOR('',#4004,1.);
#4004 = DIRECTION('',(1.,0.));
#4005 = ( GEOMETRIC_REPRESENTATION_CONTEXT(2) 
PARAMETRIC_REPRESENTATION_CONTEXT() REPRESENTATION_CONTEXT('2D SPACE',''
  ) );
#4006 = PCURVE('',#3230,#4007);
#4007 = DEFINITIONAL_REPRESENTATION('',(#4008),#4012);
#4008 = LINE('',#4009,#4010);
#4009 = CARTESIAN_POINT('',(78.923879417032,0.));
#4010 = VECTOR('',#4011,1.);
#4011 = DIRECTION('',(0.,1.));
#4012 = ( GEOMETRIC_REPRESENTATION_CONTEXT(2) 
PARAMETRIC_REPRESENTATION_CONTEXT() REPRESENTATION_CONTEXT('2D SPACE',''
  ) );
#4013 = ORIENTED_EDGE('',*,*,#3555,.T.);
#4014 = ORIENTED_EDGE('',*,*,#3092,.F.);
#4015 = ADVANCED_FACE('',(#4016),#3230,.T.);
#4016 = FACE_BOUND('',#4017,.T.);
#4017 = EDGE_LOOP('',(#4018,#4019,#4020,#4021));
#4018 = ORIENTED_EDGE('',*,*,#3684,.F.);
#4019 = ORIENTED_EDGE('',*,*,#3534,.T.);
#4020 = ORIENTED_EDGE('',*,*,#3993,.T.);
#4021 = ORIENTED_EDGE('',*,*,#3210,.F.);
#4022 = ADVANCED_FACE('',(#4023),#3169,.T.);
#4023 = FACE_BOUND('',#4024,.T.);
#4024 = EDGE_LOOP('',(#4025,#4026,#4027));
#4025 = ORIENTED_EDGE('',*,*,#3898,.F.);
#4026 = ORIENTED_EDGE('',*,*,#3152,.T.);
#4027 = ORIENTED_EDGE('',*,*,#3320,.T.);
#4028 = ADVANCED_FACE('',(#4029),#3287,.T.);
#4029 = FACE_BOUND('',#4030,.T.);
#4030 = EDGE_LOOP('',(#4031,#4032,#4033));
#4031 = ORIENTED_EDGE('',*,*,#3732,.F.);
#4032 = ORIENTED_EDGE('',*,*,#3270,.T.);
#4033 = ORIENTED_EDGE('',*,*,#3349,.F.);
#4034 = ( GEOMETRIC_REPRESENTATION_CONTEXT(3) 
GLOBAL_UNCERTAINTY_ASSIGNED_CONTEXT((#4038)) 
GLOBAL_UNIT_ASSIGNED_CONTEXT((#4035,#4036,#4037)) REPRESENTATION_CONTEXT
('Context #1','3D Context with UNIT and UNCERTAINTY') );
#4035 = ( LENGTH_UNIT() NAMED_UNIT(*) SI_UNIT(.MILLI.,.METRE.) );
#4036 = ( NAMED_UNIT(*) PLANE_ANGLE_UNIT() SI_UNIT($,.RADIAN.) );
#4037 = ( NAMED_UNIT(*) SI_UNIT($,.STERADIAN.) SOLID_ANGLE_UNIT() );
#4038 = UNCERTAINTY_MEASURE_WITH_UNIT(LENGTH_MEASURE(2.E-07),#4035,
  'distance_accuracy_value','confusion accuracy');
#4039 = CONTEXT_DEPENDENT_SHAPE_REPRESENTATION(#4040,#4042);
#4040 = ( REPRESENTATION_RELATIONSHIP('','',#1922,#10) 
REPRESENTATION_RELATIONSHIP_WITH_TRANSFORMATION(#4041) 
SHAPE_REPRESENTATION_RELATIONSHIP() );
#4041 = ITEM_DEFINED_TRANSFORMATION('','',#11,#23);
#4042 = PRODUCT_DEFINITION_SHAPE('Placement','Placement of an item',
  #4043);
#4043 = NEXT_ASSEMBLY_USAGE_OCCURRENCE('3','','',#5,#1917,$);
#4044 = PRODUCT_RELATED_PRODUCT_CATEGORY('part',$,(#1919));
#4045 = SHAPE_DEFINITION_REPRESENTATION(#4046,#4052);
#4046 = PRODUCT_DEFINITION_SHAPE('','',#4047);
#4047 = PRODUCT_DEFINITION('design','',#4048,#4051);
#4048 = PRODUCT_DEFINITION_FORMATION('','',#4049);
#4049 = PRODUCT('Open CASCADE STEP translator 7.9 1.4',
  'Open CASCADE STEP translator 7.9 1.4','',(#4050));
#4050 = PRODUCT_CONTEXT('',#2,'mechanical');
#4051 = PRODUCT_DEFINITION_CONTEXT('part definition',#2,'design');
#4052 = ADVANCED_BREP_SHAPE_REPRESENTATION('',(#11,#4053),#6141);
#4053 = MANIFOLD_SOLID_BREP('',#4054);
#4054 = CLOSED_SHELL('',(#4055,#4187,#4291,#4364,#4510,#4594,#4957,#5093
    ,#5144,#5315,#5392,#5539,#5615,#5691,#5718,#5724,#5730,#5777,#5893,
    #5899,#5945,#5970,#5994,#6074,#6080,#6127,#6134));
#4055 = ADVANCED_FACE('',(#4056),#4071,.T.);
#4056 = FACE_BOUND('',#4057,.T.);
#4057 = EDGE_LOOP('',(#4058,#4099,#4127,#4161));
#4058 = ORIENTED_EDGE('',*,*,#4059,.T.);
#4059 = EDGE_CURVE('',#4060,#4062,#4064,.T.);
#4060 = VERTEX_POINT('',#4061);
#4061 = CARTESIAN_POINT('',(-176.6199967142,-486.7667595972,
    98.065108182052));
#4062 = VERTEX_POINT('',#4063);
#4063 = CARTESIAN_POINT('',(-174.6199967142,-488.837311958,
    98.065108182052));
#4064 = SURFACE_CURVE('',#4065,(#4070,#4087),.PCURVE_S1.);
#4065 = ELLIPSE('',#4066,2.07055236082,2.);
#4066 = AXIS2_PLACEMENT_3D('',#4067,#4068,#4069);
#4067 = CARTESIAN_POINT('',(-174.6199967142,-486.7667595972,
    98.065108182052));
#4068 = DIRECTION('',(0.,0.,1.));
#4069 = DIRECTION('',(2.59400015168E-16,-1.,0.));
#4070 = PCURVE('',#4071,#4076);
#4071 = CYLINDRICAL_SURFACE('',#4072,2.);
#4072 = AXIS2_PLACEMENT_3D('',#4073,#4074,#4075);
#4073 = CARTESIAN_POINT('',(-174.6199967142,-399.6177825763,
    423.30951825178));
#4074 = DIRECTION('',(6.713766422536E-17,-0.258819045103,-0.965925826289
    ));
#4075 = DIRECTION('',(-0.707106781187,-0.683012701892,0.183012701892));
#4076 = DEFINITIONAL_REPRESENTATION('',(#4077),#4086);
#4077 = B_SPLINE_CURVE_WITH_KNOTS('',7,(#4078,#4079,#4080,#4081,#4082,
    #4083,#4084,#4085),.UNSPECIFIED.,.F.,.F.,(8,8),(4.712388980385,
    6.28318530718),.PIECEWISE_BEZIER_KNOTS.);
#4078 = CARTESIAN_POINT('',(7.068583470577,336.71779055671));
#4079 = CARTESIAN_POINT('',(6.844183995321,336.83804587307));
#4080 = CARTESIAN_POINT('',(6.619784520064,336.95830070115));
#4081 = CARTESIAN_POINT('',(6.395385044808,337.06866832306));
#4082 = CARTESIAN_POINT('',(6.170985569551,337.15924355261));
#4083 = CARTESIAN_POINT('',(5.946586094295,337.22220562278));
#4084 = CARTESIAN_POINT('',(5.722186619038,337.25368894158));
#4085 = CARTESIAN_POINT('',(5.497787143782,337.25368894158));
#4086 = ( GEOMETRIC_REPRESENTATION_CONTEXT(2) 
PARAMETRIC_REPRESENTATION_CONTEXT() REPRESENTATION_CONTEXT('2D SPACE',''
  ) );
#4087 = PCURVE('',#4088,#4093);
#4088 = PLANE('',#4089);
#4089 = AXIS2_PLACEMENT_3D('',#4090,#4091,#4092);
#4090 = CARTESIAN_POINT('',(-234.6199967142,-513.2159529781,
    98.065108182052));
#4091 = DIRECTION('',(0.,0.,1.));
#4092 = DIRECTION('',(1.,0.,-0.));
#4093 = DEFINITIONAL_REPRESENTATION('',(#4094),#4098);
#4094 = ELLIPSE('',#4095,2.07055236082,2.);
#4095 = AXIS2_PLACEMENT_2D('',#4096,#4097);
#4096 = CARTESIAN_POINT('',(60.,26.449193380908));
#4097 = DIRECTION('',(2.59400015168E-16,-1.));
#4098 = ( GEOMETRIC_REPRESENTATION_CONTEXT(2) 
PARAMETRIC_REPRESENTATION_CONTEXT() REPRESENTATION_CONTEXT('2D SPACE',''
  ) );
#4099 = ORIENTED_EDGE('',*,*,#4100,.T.);
#4100 = EDGE_CURVE('',#4062,#4101,#4103,.T.);
#4101 = VERTEX_POINT('',#4102);
#4102 = CARTESIAN_POINT('',(-174.6199967142,-374.6225411227,
    524.3204359142));
#4103 = SURFACE_CURVE('',#4104,(#4108,#4115),.PCURVE_S1.);
#4104 = LINE('',#4105,#4106);
#4105 = CARTESIAN_POINT('',(-174.6199967142,-401.5496342289,
    423.82715634198));
#4106 = VECTOR('',#4107,1.);
#4107 = DIRECTION('',(-6.713766422536E-17,0.258819045103,0.965925826289)
  );
#4108 = PCURVE('',#4071,#4109);
#4109 = DEFINITIONAL_REPRESENTATION('',(#4110),#4114);
#4110 = LINE('',#4111,#4112);
#4111 = CARTESIAN_POINT('',(5.497787143782,2.273736754432E-13));
#4112 = VECTOR('',#4113,1.);
#4113 = DIRECTION('',(-2.316987181826E-17,-1.));
#4114 = ( GEOMETRIC_REPRESENTATION_CONTEXT(2) 
PARAMETRIC_REPRESENTATION_CONTEXT() REPRESENTATION_CONTEXT('2D SPACE',''
  ) );
#4115 = PCURVE('',#4116,#4121);
#4116 = PLANE('',#4117);
#4117 = AXIS2_PLACEMENT_3D('',#4118,#4119,#4120);
#4118 = CARTESIAN_POINT('',(-556.6199967142,-431.3138244156,
    312.74568631874));
#4119 = DIRECTION('',(1.008768357388E-16,0.965925826289,-0.258819045103)
  );
#4120 = DIRECTION('',(-1.,1.050497185157E-16,2.292723163573E-18));
#4121 = DEFINITIONAL_REPRESENTATION('',(#4122),#4126);
#4122 = LINE('',#4123,#4124);
#4123 = CARTESIAN_POINT('',(-382.,115.));
#4124 = VECTOR('',#4125,1.);
#4125 = DIRECTION('',(9.65411325761E-17,1.));
#4126 = ( GEOMETRIC_REPRESENTATION_CONTEXT(2) 
PARAMETRIC_REPRESENTATION_CONTEXT() REPRESENTATION_CONTEXT('2D SPACE',''
  ) );
#4127 = ORIENTED_EDGE('',*,*,#4128,.F.);
#4128 = EDGE_CURVE('',#4129,#4101,#4131,.T.);
#4129 = VERTEX_POINT('',#4130);
#4130 = CARTESIAN_POINT('',(-176.6199967142,-372.5519887619,
    524.3204359142));
#4131 = SURFACE_CURVE('',#4132,(#4137,#4149),.PCURVE_S1.);
#4132 = ELLIPSE('',#4133,2.07055236082,2.);
#4133 = AXIS2_PLACEMENT_3D('',#4134,#4135,#4136);
#4134 = CARTESIAN_POINT('',(-174.6199967142,-372.5519887619,
    524.3204359142));
#4135 = DIRECTION('',(0.,0.,1.));
#4136 = DIRECTION('',(2.59400015168E-16,-1.,0.));
#4137 = PCURVE('',#4071,#4138);
#4138 = DEFINITIONAL_REPRESENTATION('',(#4139),#4148);
#4139 = B_SPLINE_CURVE_WITH_KNOTS('',7,(#4140,#4141,#4142,#4143,#4144,
    #4145,#4146,#4147),.UNSPECIFIED.,.F.,.F.,(8,8),(4.712388980385,
    6.28318530718),.PIECEWISE_BEZIER_KNOTS.);
#4140 = CARTESIAN_POINT('',(7.068583470577,-104.5741970172));
#4141 = CARTESIAN_POINT('',(6.844183995321,-104.4539417009));
#4142 = CARTESIAN_POINT('',(6.619784520064,-104.3336868728));
#4143 = CARTESIAN_POINT('',(6.395385044808,-104.2233192508));
#4144 = CARTESIAN_POINT('',(6.170985569551,-104.1327440215));
#4145 = CARTESIAN_POINT('',(5.946586094295,-104.0697819511));
#4146 = CARTESIAN_POINT('',(5.722186619038,-104.0382986324));
#4147 = CARTESIAN_POINT('',(5.497787143782,-104.0382986324));
#4148 = ( GEOMETRIC_REPRESENTATION_CONTEXT(2) 
PARAMETRIC_REPRESENTATION_CONTEXT() REPRESENTATION_CONTEXT('2D SPACE',''
  ) );
#4149 = PCURVE('',#4150,#4155);
#4150 = PLANE('',#4151);
#4151 = AXIS2_PLACEMENT_3D('',#4152,#4153,#4154);
#4152 = CARTESIAN_POINT('',(-234.6199967142,-377.8535923895,
    524.3204359142));
#4153 = DIRECTION('',(0.,0.,1.));
#4154 = DIRECTION('',(1.,0.,-0.));
#4155 = DEFINITIONAL_REPRESENTATION('',(#4156),#4160);
#4156 = ELLIPSE('',#4157,2.07055236082,2.);
#4157 = AXIS2_PLACEMENT_2D('',#4158,#4159);
#4158 = CARTESIAN_POINT('',(60.,5.301603627584));
#4159 = DIRECTION('',(2.59400015168E-16,-1.));
#4160 = ( GEOMETRIC_REPRESENTATION_CONTEXT(2) 
PARAMETRIC_REPRESENTATION_CONTEXT() REPRESENTATION_CONTEXT('2D SPACE',''
  ) );
#4161 = ORIENTED_EDGE('',*,*,#4162,.T.);
#4162 = EDGE_CURVE('',#4129,#4060,#4163,.T.);
#4163 = SURFACE_CURVE('',#4164,(#4168,#4175),.PCURVE_S1.);
#4164 = LINE('',#4165,#4166);
#4165 = CARTESIAN_POINT('',(-176.6199967142,-399.6177825763,
    423.30951825178));
#4166 = VECTOR('',#4167,1.);
#4167 = DIRECTION('',(6.713766422536E-17,-0.258819045103,-0.965925826289
    ));
#4168 = PCURVE('',#4071,#4169);
#4169 = DEFINITIONAL_REPRESENTATION('',(#4170),#4174);
#4170 = LINE('',#4171,#4172);
#4171 = CARTESIAN_POINT('',(7.068583470577,-2.84217094304E-14));
#4172 = VECTOR('',#4173,1.);
#4173 = DIRECTION('',(-2.123904916674E-17,1.));
#4174 = ( GEOMETRIC_REPRESENTATION_CONTEXT(2) 
PARAMETRIC_REPRESENTATION_CONTEXT() REPRESENTATION_CONTEXT('2D SPACE',''
  ) );
#4175 = PCURVE('',#4176,#4181);
#4176 = PLANE('',#4177);
#4177 = AXIS2_PLACEMENT_3D('',#4178,#4179,#4180);
#4178 = CARTESIAN_POINT('',(-176.6199967142,-352.4669275163,
    529.73224546317));
#4179 = DIRECTION('',(-1.,8.006303476922E-17,-9.095885009088E-17));
#4180 = DIRECTION('',(6.713766422536E-17,-0.258819045103,-0.965925826289
    ));
#4181 = DEFINITIONAL_REPRESENTATION('',(#4182),#4186);
#4182 = LINE('',#4183,#4184);
#4183 = CARTESIAN_POINT('',(115.,18.));
#4184 = VECTOR('',#4185,1.);
#4185 = DIRECTION('',(1.,5.55862388008E-17));
#4186 = ( GEOMETRIC_REPRESENTATION_CONTEXT(2) 
PARAMETRIC_REPRESENTATION_CONTEXT() REPRESENTATION_CONTEXT('2D SPACE',''
  ) );
#4187 = ADVANCED_FACE('',(#4188),#4088,.F.);
#4188 = FACE_BOUND('',#4189,.F.);
#4189 = EDGE_LOOP('',(#4190,#4220,#4239,#4240,#4261));
#4190 = ORIENTED_EDGE('',*,*,#4191,.F.);
#4191 = EDGE_CURVE('',#4192,#4194,#4196,.T.);
#4192 = VERTEX_POINT('',#4193);
#4193 = CARTESIAN_POINT('',(-176.6199967142,-473.1829465263,
    98.065108182052));
#4194 = VERTEX_POINT('',#4195);
#4195 = CARTESIAN_POINT('',(-170.2027048726,-473.1829465263,
    98.065108182052));
#4196 = SURFACE_CURVE('',#4197,(#4201,#4208),.PCURVE_S1.);
#4197 = LINE('',#4198,#4199);
#4198 = CARTESIAN_POINT('',(-234.6199967142,-473.1829465263,
    98.065108182052));
#4199 = VECTOR('',#4200,1.);
#4200 = DIRECTION('',(1.,0.,-0.));
#4201 = PCURVE('',#4088,#4202);
#4202 = DEFINITIONAL_REPRESENTATION('',(#4203),#4207);
#4203 = LINE('',#4204,#4205);
#4204 = CARTESIAN_POINT('',(0.,40.033006451771));
#4205 = VECTOR('',#4206,1.);
#4206 = DIRECTION('',(1.,0.));
#4207 = ( GEOMETRIC_REPRESENTATION_CONTEXT(2) 
PARAMETRIC_REPRESENTATION_CONTEXT() REPRESENTATION_CONTEXT('2D SPACE',''
  ) );
#4208 = PCURVE('',#4209,#4214);
#4209 = PLANE('',#4210);
#4210 = AXIS2_PLACEMENT_3D('',#4211,#4212,#4213);
#4211 = CARTESIAN_POINT('',(-234.6199967142,-473.1829465263,
    19.141228765021));
#4212 = DIRECTION('',(-0.,1.,0.));
#4213 = DIRECTION('',(0.,0.,1.));
#4214 = DEFINITIONAL_REPRESENTATION('',(#4215),#4219);
#4215 = LINE('',#4216,#4217);
#4216 = CARTESIAN_POINT('',(78.923879417032,0.));
#4217 = VECTOR('',#4218,1.);
#4218 = DIRECTION('',(0.,1.));
#4219 = ( GEOMETRIC_REPRESENTATION_CONTEXT(2) 
PARAMETRIC_REPRESENTATION_CONTEXT() REPRESENTATION_CONTEXT('2D SPACE',''
  ) );
#4220 = ORIENTED_EDGE('',*,*,#4221,.F.);
#4221 = EDGE_CURVE('',#4060,#4192,#4222,.T.);
#4222 = SURFACE_CURVE('',#4223,(#4227,#4233),.PCURVE_S1.);
#4223 = LINE('',#4224,#4225);
#4224 = CARTESIAN_POINT('',(-176.6199967142,-432.8414402472,
    98.065108182052));
#4225 = VECTOR('',#4226,1.);
#4226 = DIRECTION('',(8.006303476922E-17,1.,-0.));
#4227 = PCURVE('',#4088,#4228);
#4228 = DEFINITIONAL_REPRESENTATION('',(#4229),#4232);
#4229 = B_SPLINE_CURVE_WITH_KNOTS('',1,(#4230,#4231),.UNSPECIFIED.,.F.,
  .F.,(2,2),(-53.92531935,-40.34150627914),.PIECEWISE_BEZIER_KNOTS.);
#4230 = CARTESIAN_POINT('',(58.,26.449193380907));
#4231 = CARTESIAN_POINT('',(58.,40.033006451771));
#4232 = ( GEOMETRIC_REPRESENTATION_CONTEXT(2) 
PARAMETRIC_REPRESENTATION_CONTEXT() REPRESENTATION_CONTEXT('2D SPACE',''
  ) );
#4233 = PCURVE('',#4176,#4234);
#4234 = DEFINITIONAL_REPRESENTATION('',(#4235),#4238);
#4235 = B_SPLINE_CURVE_WITH_KNOTS('',1,(#4236,#4237),.UNSPECIFIED.,.F.,
  .F.,(2,2),(-53.92531935,-40.34150627914),.PIECEWISE_BEZIER_KNOTS.);
#4236 = CARTESIAN_POINT('',(451.71779055671,18.000000000001));
#4237 = CARTESIAN_POINT('',(448.20204102886,4.87904413537));
#4238 = ( GEOMETRIC_REPRESENTATION_CONTEXT(2) 
PARAMETRIC_REPRESENTATION_CONTEXT() REPRESENTATION_CONTEXT('2D SPACE',''
  ) );
#4239 = ORIENTED_EDGE('',*,*,#4059,.T.);
#4240 = ORIENTED_EDGE('',*,*,#4241,.T.);
#4241 = EDGE_CURVE('',#4062,#4242,#4244,.T.);
#4242 = VERTEX_POINT('',#4243);
#4243 = CARTESIAN_POINT('',(-168.1272436928,-488.837311958,
    98.065108182052));
#4244 = SURFACE_CURVE('',#4245,(#4249,#4255),.PCURVE_S1.);
#4245 = LINE('',#4246,#4247);
#4246 = CARTESIAN_POINT('',(-395.6199967142,-488.837311958,
    98.065108182052));
#4247 = VECTOR('',#4248,1.);
#4248 = DIRECTION('',(1.,-1.044353851955E-16,0.));
#4249 = PCURVE('',#4088,#4250);
#4250 = DEFINITIONAL_REPRESENTATION('',(#4251),#4254);
#4251 = B_SPLINE_CURVE_WITH_KNOTS('',1,(#4252,#4253),.UNSPECIFIED.,.F.,
  .F.,(2,2),(161.,230.),.PIECEWISE_BEZIER_KNOTS.);
#4252 = CARTESIAN_POINT('',(0.,24.378641020088));
#4253 = CARTESIAN_POINT('',(69.,24.378641020088));
#4254 = ( GEOMETRIC_REPRESENTATION_CONTEXT(2) 
PARAMETRIC_REPRESENTATION_CONTEXT() REPRESENTATION_CONTEXT('2D SPACE',''
  ) );
#4255 = PCURVE('',#4116,#4256);
#4256 = DEFINITIONAL_REPRESENTATION('',(#4257),#4260);
#4257 = B_SPLINE_CURVE_WITH_KNOTS('',1,(#4258,#4259),.UNSPECIFIED.,.F.,
  .F.,(2,2),(161.,230.),.PIECEWISE_BEZIER_KNOTS.);
#4258 = CARTESIAN_POINT('',(-322.,-222.2536889415));
#4259 = CARTESIAN_POINT('',(-391.,-222.2536889415));
#4260 = ( GEOMETRIC_REPRESENTATION_CONTEXT(2) 
PARAMETRIC_REPRESENTATION_CONTEXT() REPRESENTATION_CONTEXT('2D SPACE',''
  ) );
#4261 = ORIENTED_EDGE('',*,*,#4262,.T.);
#4262 = EDGE_CURVE('',#4242,#4194,#4263,.T.);
#4263 = SURFACE_CURVE('',#4264,(#4269,#4276),.PCURVE_S1.);
#4264 = ELLIPSE('',#4265,193.18516525781,50.);
#4265 = AXIS2_PLACEMENT_3D('',#4266,#4267,#4268);
#4266 = CARTESIAN_POINT('',(-213.6199967142,-568.9949025642,
    98.065108182052));
#4267 = DIRECTION('',(0.,0.,1.));
#4268 = DIRECTION('',(-1.044353851955E-16,-1.,0.));
#4269 = PCURVE('',#4088,#4270);
#4270 = DEFINITIONAL_REPRESENTATION('',(#4271),#4275);
#4271 = ELLIPSE('',#4272,193.18516525781,50.);
#4272 = AXIS2_PLACEMENT_2D('',#4273,#4274);
#4273 = CARTESIAN_POINT('',(21.,-55.77894958612));
#4274 = DIRECTION('',(-1.044353851955E-16,-1.));
#4275 = ( GEOMETRIC_REPRESENTATION_CONTEXT(2) 
PARAMETRIC_REPRESENTATION_CONTEXT() REPRESENTATION_CONTEXT('2D SPACE',''
  ) );
#4276 = PCURVE('',#4277,#4282);
#4277 = CYLINDRICAL_SURFACE('',#4278,50.);
#4278 = AXIS2_PLACEMENT_3D('',#4279,#4280,#4281);
#4279 = CARTESIAN_POINT('',(-213.6199967142,-271.0988090292,
    18.24409049095));
#4280 = DIRECTION('',(-1.008768357388E-16,-0.965925826289,0.258819045103
    ));
#4281 = DIRECTION('',(-8.06002386259E-34,-0.258819045103,-0.965925826289
    ));
#4282 = DEFINITIONAL_REPRESENTATION('',(#4283),#4290);
#4283 = B_SPLINE_CURVE_WITH_KNOTS('',5,(#4284,#4285,#4286,#4287,#4288,
    #4289),.UNSPECIFIED.,.F.,.F.,(6,6),(1.842123695196,2.113767113203),
  .PIECEWISE_BEZIER_KNOTS.);
#4284 = CARTESIAN_POINT('',(1.842123695196,258.39329338911));
#4285 = CARTESIAN_POINT('',(1.896452378798,248.62630689844));
#4286 = CARTESIAN_POINT('',(1.950781062399,239.04383709932));
#4287 = CARTESIAN_POINT('',(2.005109746,229.70594854729));
#4288 = CARTESIAN_POINT('',(2.059438429602,220.67041220613));
#4289 = CARTESIAN_POINT('',(2.113767113203,211.99059558619));
#4290 = ( GEOMETRIC_REPRESENTATION_CONTEXT(2) 
PARAMETRIC_REPRESENTATION_CONTEXT() REPRESENTATION_CONTEXT('2D SPACE',''
  ) );
#4291 = ADVANCED_FACE('',(#4292),#4176,.T.);
#4292 = FACE_BOUND('',#4293,.T.);
#4293 = EDGE_LOOP('',(#4294,#4295,#4316,#4344,#4363));
#4294 = ORIENTED_EDGE('',*,*,#4162,.F.);
#4295 = ORIENTED_EDGE('',*,*,#4296,.T.);
#4296 = EDGE_CURVE('',#4129,#4297,#4299,.T.);
#4297 = VERTEX_POINT('',#4298);
#4298 = CARTESIAN_POINT('',(-176.6199967142,-355.9875698753,
    524.3204359142));
#4299 = SURFACE_CURVE('',#4300,(#4304,#4310),.PCURVE_S1.);
#4300 = LINE('',#4301,#4302);
#4301 = CARTESIAN_POINT('',(-176.6199967142,-365.1602599529,
    524.3204359142));
#4302 = VECTOR('',#4303,1.);
#4303 = DIRECTION('',(8.006303476922E-17,1.,-0.));
#4304 = PCURVE('',#4176,#4305);
#4305 = DEFINITIONAL_REPRESENTATION('',(#4306),#4309);
#4306 = B_SPLINE_CURVE_WITH_KNOTS('',1,(#4307,#4308),.UNSPECIFIED.,.F.,
  .F.,(2,2),(-7.391728809019,9.172690077543),.PIECEWISE_BEZIER_KNOTS.);
#4307 = CARTESIAN_POINT('',(10.42580298273,18.000000000001));
#4308 = CARTESIAN_POINT('',(6.138615903832,2.));
#4309 = ( GEOMETRIC_REPRESENTATION_CONTEXT(2) 
PARAMETRIC_REPRESENTATION_CONTEXT() REPRESENTATION_CONTEXT('2D SPACE',''
  ) );
#4310 = PCURVE('',#4150,#4311);
#4311 = DEFINITIONAL_REPRESENTATION('',(#4312),#4315);
#4312 = B_SPLINE_CURVE_WITH_KNOTS('',1,(#4313,#4314),.UNSPECIFIED.,.F.,
  .F.,(2,2),(-7.391728809019,9.172690077543),.PIECEWISE_BEZIER_KNOTS.);
#4313 = CARTESIAN_POINT('',(58.,5.301603627583));
#4314 = CARTESIAN_POINT('',(58.,21.866022514145));
#4315 = ( GEOMETRIC_REPRESENTATION_CONTEXT(2) 
PARAMETRIC_REPRESENTATION_CONTEXT() REPRESENTATION_CONTEXT('2D SPACE',''
  ) );
#4316 = ORIENTED_EDGE('',*,*,#4317,.F.);
#4317 = EDGE_CURVE('',#4318,#4297,#4320,.T.);
#4318 = VERTEX_POINT('',#4319);
#4319 = CARTESIAN_POINT('',(-176.6199967142,-473.1829465263,
    86.94133584053));
#4320 = SURFACE_CURVE('',#4321,(#4325,#4332),.PCURVE_S1.);
#4321 = LINE('',#4322,#4323);
#4322 = CARTESIAN_POINT('',(-176.6199967142,-384.1629693556,
    419.16841353014));
#4323 = VECTOR('',#4324,1.);
#4324 = DIRECTION('',(-6.713766422536E-17,0.258819045103,0.965925826289)
  );
#4325 = PCURVE('',#4176,#4326);
#4326 = DEFINITIONAL_REPRESENTATION('',(#4327),#4331);
#4327 = LINE('',#4328,#4329);
#4328 = CARTESIAN_POINT('',(115.,2.));
#4329 = VECTOR('',#4330,1.);
#4330 = DIRECTION('',(-1.,-5.55862388008E-17));
#4331 = ( GEOMETRIC_REPRESENTATION_CONTEXT(2) 
PARAMETRIC_REPRESENTATION_CONTEXT() REPRESENTATION_CONTEXT('2D SPACE',''
  ) );
#4332 = PCURVE('',#4333,#4338);
#4333 = CYLINDRICAL_SURFACE('',#4334,2.);
#4334 = AXIS2_PLACEMENT_3D('',#4335,#4336,#4337);
#4335 = CARTESIAN_POINT('',(-174.6199967142,-384.1629693556,
    419.16841353014));
#4336 = DIRECTION('',(-6.713766422536E-17,0.258819045103,0.965925826289)
  );
#4337 = DIRECTION('',(-0.707106781187,0.683012701892,-0.183012701892));
#4338 = DEFINITIONAL_REPRESENTATION('',(#4339),#4343);
#4339 = LINE('',#4340,#4341);
#4340 = CARTESIAN_POINT('',(0.785398163397,0.));
#4341 = VECTOR('',#4342,1.);
#4342 = DIRECTION('',(2.172175482962E-17,1.));
#4343 = ( GEOMETRIC_REPRESENTATION_CONTEXT(2) 
PARAMETRIC_REPRESENTATION_CONTEXT() REPRESENTATION_CONTEXT('2D SPACE',''
  ) );
#4344 = ORIENTED_EDGE('',*,*,#4345,.F.);
#4345 = EDGE_CURVE('',#4192,#4318,#4346,.T.);
#4346 = SURFACE_CURVE('',#4347,(#4351,#4357),.PCURVE_S1.);
#4347 = LINE('',#4348,#4349);
#4348 = CARTESIAN_POINT('',(-176.6199967142,-473.1829465263,
    274.43673711409));
#4349 = VECTOR('',#4350,1.);
#4350 = DIRECTION('',(9.095885009088E-17,0.,-1.));
#4351 = PCURVE('',#4176,#4352);
#4352 = DEFINITIONAL_REPRESENTATION('',(#4353),#4356);
#4353 = B_SPLINE_CURVE_WITH_KNOTS('',1,(#4354,#4355),.UNSPECIFIED.,.F.,
  .F.,(2,2),(176.37162893204,187.49540127356),.PIECEWISE_BEZIER_KNOTS.);
#4354 = CARTESIAN_POINT('',(448.20204102886,4.87904413537));
#4355 = CARTESIAN_POINT('',(458.9467800193,2.));
#4356 = ( GEOMETRIC_REPRESENTATION_CONTEXT(2) 
PARAMETRIC_REPRESENTATION_CONTEXT() REPRESENTATION_CONTEXT('2D SPACE',''
  ) );
#4357 = PCURVE('',#4209,#4358);
#4358 = DEFINITIONAL_REPRESENTATION('',(#4359),#4362);
#4359 = B_SPLINE_CURVE_WITH_KNOTS('',1,(#4360,#4361),.UNSPECIFIED.,.F.,
  .F.,(2,2),(176.37162893204,187.49540127356),.PIECEWISE_BEZIER_KNOTS.);
#4360 = CARTESIAN_POINT('',(78.923879417032,58.));
#4361 = CARTESIAN_POINT('',(67.800107075509,58.));
#4362 = ( GEOMETRIC_REPRESENTATION_CONTEXT(2) 
PARAMETRIC_REPRESENTATION_CONTEXT() REPRESENTATION_CONTEXT('2D SPACE',''
  ) );
#4363 = ORIENTED_EDGE('',*,*,#4221,.F.);
#4364 = ADVANCED_FACE('',(#4365),#4150,.T.);
#4365 = FACE_BOUND('',#4366,.T.);
#4366 = EDGE_LOOP('',(#4367,#4401,#4436,#4462,#4489,#4490,#4491));
#4367 = ORIENTED_EDGE('',*,*,#4368,.T.);
#4368 = EDGE_CURVE('',#4369,#4371,#4373,.T.);
#4369 = VERTEX_POINT('',#4370);
#4370 = CARTESIAN_POINT('',(-169.7356388225,-374.6225411227,
    524.3204359142));
#4371 = VERTEX_POINT('',#4372);
#4372 = CARTESIAN_POINT('',(-167.4429640403,-356.1282508401,
    524.3204359142));
#4373 = SURFACE_CURVE('',#4374,(#4379,#4386),.PCURVE_S1.);
#4374 = ELLIPSE('',#4375,193.18516525781,50.);
#4375 = AXIS2_PLACEMENT_3D('',#4376,#4377,#4378);
#4376 = CARTESIAN_POINT('',(-213.6199967142,-282.0416363516,
    524.3204359142));
#4377 = DIRECTION('',(0.,0.,1.));
#4378 = DIRECTION('',(-1.044353851955E-16,-1.,0.));
#4379 = PCURVE('',#4150,#4380);
#4380 = DEFINITIONAL_REPRESENTATION('',(#4381),#4385);
#4381 = ELLIPSE('',#4382,193.18516525781,50.);
#4382 = AXIS2_PLACEMENT_2D('',#4383,#4384);
#4383 = CARTESIAN_POINT('',(21.,95.811956037896));
#4384 = DIRECTION('',(-1.044353851955E-16,-1.));
#4385 = ( GEOMETRIC_REPRESENTATION_CONTEXT(2) 
PARAMETRIC_REPRESENTATION_CONTEXT() REPRESENTATION_CONTEXT('2D SPACE',''
  ) );
#4386 = PCURVE('',#4387,#4392);
#4387 = CYLINDRICAL_SURFACE('',#4388,50.);
#4388 = AXIS2_PLACEMENT_3D('',#4389,#4390,#4391);
#4389 = CARTESIAN_POINT('',(-213.6199967142,-145.3127531094,
    487.68404206743));
#4390 = DIRECTION('',(-1.008768357388E-16,-0.965925826289,0.258819045103
    ));
#4391 = DIRECTION('',(-8.06002386259E-34,-0.258819045103,-0.965925826289
    ));
#4392 = DEFINITIONAL_REPRESENTATION('',(#4393),#4400);
#4393 = B_SPLINE_CURVE_WITH_KNOTS('',5,(#4394,#4395,#4396,#4397,#4398,
    #4399),.UNSPECIFIED.,.F.,.F.,(6,6),(1.027825540387,1.299468958394),
  .PIECEWISE_BEZIER_KNOTS.);
#4394 = CARTESIAN_POINT('',(1.027825540387,237.96629028261));
#4395 = CARTESIAN_POINT('',(1.082154223988,229.28647366267));
#4396 = CARTESIAN_POINT('',(1.136482907589,220.25093732151));
#4397 = CARTESIAN_POINT('',(1.190811591191,210.91304876948));
#4398 = CARTESIAN_POINT('',(1.245140274792,201.33057897035));
#4399 = CARTESIAN_POINT('',(1.299468958394,191.56359247969));
#4400 = ( GEOMETRIC_REPRESENTATION_CONTEXT(2) 
PARAMETRIC_REPRESENTATION_CONTEXT() REPRESENTATION_CONTEXT('2D SPACE',''
  ) );
#4401 = ORIENTED_EDGE('',*,*,#4402,.T.);
#4402 = EDGE_CURVE('',#4371,#4403,#4405,.T.);
#4403 = VERTEX_POINT('',#4404);
#4404 = CARTESIAN_POINT('',(-173.6199967142,-353.9170175145,
    524.3204359142));
#4405 = SURFACE_CURVE('',#4406,(#4411,#4418),.PCURVE_S1.);
#4406 = ELLIPSE('',#4407,10.352761804101,10.);
#4407 = AXIS2_PLACEMENT_3D('',#4408,#4409,#4410);
#4408 = CARTESIAN_POINT('',(-173.6199967142,-364.2697793186,
    524.3204359142));
#4409 = DIRECTION('',(0.,0.,1.));
#4410 = DIRECTION('',(-1.136062778498E-16,-1.,0.));
#4411 = PCURVE('',#4150,#4412);
#4412 = DEFINITIONAL_REPRESENTATION('',(#4413),#4417);
#4413 = ELLIPSE('',#4414,10.352761804101,10.);
#4414 = AXIS2_PLACEMENT_2D('',#4415,#4416);
#4415 = CARTESIAN_POINT('',(61.,13.583813070864));
#4416 = DIRECTION('',(-1.136062778498E-16,-1.));
#4417 = ( GEOMETRIC_REPRESENTATION_CONTEXT(2) 
PARAMETRIC_REPRESENTATION_CONTEXT() REPRESENTATION_CONTEXT('2D SPACE',''
  ) );
#4418 = PCURVE('',#4419,#4424);
#4419 = CYLINDRICAL_SURFACE('',#4420,10.);
#4420 = AXIS2_PLACEMENT_3D('',#4421,#4422,#4423);
#4421 = CARTESIAN_POINT('',(-173.6199967142,-451.4187563395,
    199.07602584447));
#4422 = DIRECTION('',(-2.940346835074E-17,-0.258819045103,
    -0.965925826289));
#4423 = DIRECTION('',(0.707106781187,0.683012701892,-0.183012701892));
#4424 = DEFINITIONAL_REPRESENTATION('',(#4425),#4435);
#4425 = B_SPLINE_CURVE_WITH_KNOTS('',8,(#4426,#4427,#4428,#4429,#4430,
    #4431,#4432,#4433,#4434),.UNSPECIFIED.,.F.,.F.,(9,9),(1.570796326795
    ,3.14159265359),.PIECEWISE_BEZIER_KNOTS.);
#4426 = CARTESIAN_POINT('',(7.068583470577,-336.7177905567));
#4427 = CARTESIAN_POINT('',(6.872233929728,-337.2439075657));
#4428 = CARTESIAN_POINT('',(6.675884388878,-337.7700246992));
#4429 = CARTESIAN_POINT('',(6.479534848029,-338.2652326769));
#4430 = CARTESIAN_POINT('',(6.283185307179,-338.6986284066));
#4431 = CARTESIAN_POINT('',(6.08683576633,-339.0431020047));
#4432 = CARTESIAN_POINT('',(5.890486225481,-339.279221987));
#4433 = CARTESIAN_POINT('',(5.694136684631,-339.397282481));
#4434 = CARTESIAN_POINT('',(5.497787143782,-339.397282481));
#4435 = ( GEOMETRIC_REPRESENTATION_CONTEXT(2) 
PARAMETRIC_REPRESENTATION_CONTEXT() REPRESENTATION_CONTEXT('2D SPACE',''
  ) );
#4436 = ORIENTED_EDGE('',*,*,#4437,.F.);
#4437 = EDGE_CURVE('',#4438,#4403,#4440,.T.);
#4438 = VERTEX_POINT('',#4439);
#4439 = CARTESIAN_POINT('',(-174.6199967142,-353.9170175145,
    524.3204359142));
#4440 = SURFACE_CURVE('',#4441,(#4445,#4451),.PCURVE_S1.);
#4441 = LINE('',#4442,#4443);
#4442 = CARTESIAN_POINT('',(-395.6199967142,-353.9170175145,
    524.3204359142));
#4443 = VECTOR('',#4444,1.);
#4444 = DIRECTION('',(1.,-1.044353851955E-16,0.));
#4445 = PCURVE('',#4150,#4446);
#4446 = DEFINITIONAL_REPRESENTATION('',(#4447),#4450);
#4447 = B_SPLINE_CURVE_WITH_KNOTS('',1,(#4448,#4449),.UNSPECIFIED.,.F.,
  .F.,(2,2),(161.,222.),.PIECEWISE_BEZIER_KNOTS.);
#4448 = CARTESIAN_POINT('',(0.,23.936574874965));
#4449 = CARTESIAN_POINT('',(61.,23.936574874965));
#4450 = ( GEOMETRIC_REPRESENTATION_CONTEXT(2) 
PARAMETRIC_REPRESENTATION_CONTEXT() REPRESENTATION_CONTEXT('2D SPACE',''
  ) );
#4451 = PCURVE('',#4452,#4457);
#4452 = PLANE('',#4453);
#4453 = AXIS2_PLACEMENT_3D('',#4454,#4455,#4456);
#4454 = CARTESIAN_POINT('',(-556.6199967142,-411.9953078899,
    307.56930541669));
#4455 = DIRECTION('',(1.008768357388E-16,0.965925826289,-0.258819045103)
  );
#4456 = DIRECTION('',(-1.,1.050497185157E-16,2.292723163573E-18));
#4457 = DEFINITIONAL_REPRESENTATION('',(#4458),#4461);
#4458 = B_SPLINE_CURVE_WITH_KNOTS('',1,(#4459,#4460),.UNSPECIFIED.,.F.,
  .F.,(2,2),(161.,222.),.PIECEWISE_BEZIER_KNOTS.);
#4459 = CARTESIAN_POINT('',(-322.,224.39728248103));
#4460 = CARTESIAN_POINT('',(-383.,224.39728248103));
#4461 = ( GEOMETRIC_REPRESENTATION_CONTEXT(2) 
PARAMETRIC_REPRESENTATION_CONTEXT() REPRESENTATION_CONTEXT('2D SPACE',''
  ) );
#4462 = ORIENTED_EDGE('',*,*,#4463,.T.);
#4463 = EDGE_CURVE('',#4438,#4297,#4464,.T.);
#4464 = SURFACE_CURVE('',#4465,(#4470,#4477),.PCURVE_S1.);
#4465 = ELLIPSE('',#4466,2.07055236082,2.);
#4466 = AXIS2_PLACEMENT_3D('',#4467,#4468,#4469);
#4467 = CARTESIAN_POINT('',(-174.6199967142,-355.9875698753,
    524.3204359142));
#4468 = DIRECTION('',(0.,0.,1.));
#4469 = DIRECTION('',(-2.59400015168E-16,1.,0.));
#4470 = PCURVE('',#4150,#4471);
#4471 = DEFINITIONAL_REPRESENTATION('',(#4472),#4476);
#4472 = ELLIPSE('',#4473,2.07055236082,2.);
#4473 = AXIS2_PLACEMENT_2D('',#4474,#4475);
#4474 = CARTESIAN_POINT('',(60.,21.866022514145));
#4475 = DIRECTION('',(-2.59400015168E-16,1.));
#4476 = ( GEOMETRIC_REPRESENTATION_CONTEXT(2) 
PARAMETRIC_REPRESENTATION_CONTEXT() REPRESENTATION_CONTEXT('2D SPACE',''
  ) );
#4477 = PCURVE('',#4333,#4478);
#4478 = DEFINITIONAL_REPRESENTATION('',(#4479),#4488);
#4479 = B_SPLINE_CURVE_WITH_KNOTS('',7,(#4480,#4481,#4482,#4483,#4484,
    #4485,#4486,#4487),.UNSPECIFIED.,.F.,.F.,(8,8),(1.39423040583E-14,
    1.570796326795),.PIECEWISE_BEZIER_KNOTS.);
#4480 = CARTESIAN_POINT('',(-0.785398163397,109.39728248103));
#4481 = CARTESIAN_POINT('',(-0.560998688141,109.39728248103));
#4482 = CARTESIAN_POINT('',(-0.336599212884,109.36579916225));
#4483 = CARTESIAN_POINT('',(-0.112199737628,109.30283709196));
#4484 = CARTESIAN_POINT('',(0.112199737629,109.21226186256));
#4485 = CARTESIAN_POINT('',(0.336599212884,109.10189424057));
#4486 = CARTESIAN_POINT('',(0.560998688141,108.98163941252));
#4487 = CARTESIAN_POINT('',(0.785398163398,108.86138409616));
#4488 = ( GEOMETRIC_REPRESENTATION_CONTEXT(2) 
PARAMETRIC_REPRESENTATION_CONTEXT() REPRESENTATION_CONTEXT('2D SPACE',''
  ) );
#4489 = ORIENTED_EDGE('',*,*,#4296,.F.);
#4490 = ORIENTED_EDGE('',*,*,#4128,.T.);
#4491 = ORIENTED_EDGE('',*,*,#4492,.T.);
#4492 = EDGE_CURVE('',#4101,#4369,#4493,.T.);
#4493 = SURFACE_CURVE('',#4494,(#4498,#4504),.PCURVE_S1.);
#4494 = LINE('',#4495,#4496);
#4495 = CARTESIAN_POINT('',(-395.6199967142,-374.6225411227,
    524.3204359142));
#4496 = VECTOR('',#4497,1.);
#4497 = DIRECTION('',(1.,-1.044353851955E-16,0.));
#4498 = PCURVE('',#4150,#4499);
#4499 = DEFINITIONAL_REPRESENTATION('',(#4500),#4503);
#4500 = B_SPLINE_CURVE_WITH_KNOTS('',1,(#4501,#4502),.UNSPECIFIED.,.F.,
  .F.,(2,2),(161.,230.),.PIECEWISE_BEZIER_KNOTS.);
#4501 = CARTESIAN_POINT('',(0.,3.231051266764));
#4502 = CARTESIAN_POINT('',(69.,3.231051266764));
#4503 = ( GEOMETRIC_REPRESENTATION_CONTEXT(2) 
PARAMETRIC_REPRESENTATION_CONTEXT() REPRESENTATION_CONTEXT('2D SPACE',''
  ) );
#4504 = PCURVE('',#4116,#4505);
#4505 = DEFINITIONAL_REPRESENTATION('',(#4506),#4509);
#4506 = B_SPLINE_CURVE_WITH_KNOTS('',1,(#4507,#4508),.UNSPECIFIED.,.F.,
  .F.,(2,2),(161.,230.),.PIECEWISE_BEZIER_KNOTS.);
#4507 = CARTESIAN_POINT('',(-322.,219.0382986324));
#4508 = CARTESIAN_POINT('',(-391.,219.0382986324));
#4509 = ( GEOMETRIC_REPRESENTATION_CONTEXT(2) 
PARAMETRIC_REPRESENTATION_CONTEXT() REPRESENTATION_CONTEXT('2D SPACE',''
  ) );
#4510 = ADVANCED_FACE('',(#4511),#4116,.F.);
#4511 = FACE_BOUND('',#4512,.F.);
#4512 = EDGE_LOOP('',(#4513,#4514,#4540,#4568,#4592,#4593));
#4513 = ORIENTED_EDGE('',*,*,#4492,.T.);
#4514 = ORIENTED_EDGE('',*,*,#4515,.T.);
#4515 = EDGE_CURVE('',#4369,#4516,#4518,.T.);
#4516 = VERTEX_POINT('',#4517);
#4517 = CARTESIAN_POINT('',(-165.6199967142,-374.6225411227,
    524.3204359142));
#4518 = SURFACE_CURVE('',#4519,(#4523,#4529),.PCURVE_S1.);
#4519 = LINE('',#4520,#4521);
#4520 = CARTESIAN_POINT('',(-395.6199967142,-374.6225411227,
    524.3204359142));
#4521 = VECTOR('',#4522,1.);
#4522 = DIRECTION('',(1.,-1.044353851955E-16,0.));
#4523 = PCURVE('',#4116,#4524);
#4524 = DEFINITIONAL_REPRESENTATION('',(#4525),#4528);
#4525 = B_SPLINE_CURVE_WITH_KNOTS('',1,(#4526,#4527),.UNSPECIFIED.,.F.,
  .F.,(2,2),(161.,230.),.PIECEWISE_BEZIER_KNOTS.);
#4526 = CARTESIAN_POINT('',(-322.,219.0382986324));
#4527 = CARTESIAN_POINT('',(-391.,219.0382986324));
#4528 = ( GEOMETRIC_REPRESENTATION_CONTEXT(2) 
PARAMETRIC_REPRESENTATION_CONTEXT() REPRESENTATION_CONTEXT('2D SPACE',''
  ) );
#4529 = PCURVE('',#4530,#4535);
#4530 = PLANE('',#4531);
#4531 = AXIS2_PLACEMENT_3D('',#4532,#4533,#4534);
#4532 = CARTESIAN_POINT('',(-234.6199967142,-377.8535923895,
    524.3204359142));
#4533 = DIRECTION('',(0.,0.,1.));
#4534 = DIRECTION('',(1.,0.,-0.));
#4535 = DEFINITIONAL_REPRESENTATION('',(#4536),#4539);
#4536 = B_SPLINE_CURVE_WITH_KNOTS('',1,(#4537,#4538),.UNSPECIFIED.,.F.,
  .F.,(2,2),(161.,230.),.PIECEWISE_BEZIER_KNOTS.);
#4537 = CARTESIAN_POINT('',(0.,3.231051266764));
#4538 = CARTESIAN_POINT('',(69.,3.231051266764));
#4539 = ( GEOMETRIC_REPRESENTATION_CONTEXT(2) 
PARAMETRIC_REPRESENTATION_CONTEXT() REPRESENTATION_CONTEXT('2D SPACE',''
  ) );
#4540 = ORIENTED_EDGE('',*,*,#4541,.T.);
#4541 = EDGE_CURVE('',#4516,#4542,#4544,.T.);
#4542 = VERTEX_POINT('',#4543);
#4543 = CARTESIAN_POINT('',(-165.6199967142,-488.837311958,
    98.065108182052));
#4544 = SURFACE_CURVE('',#4545,(#4549,#4556),.PCURVE_S1.);
#4545 = LINE('',#4546,#4547);
#4546 = CARTESIAN_POINT('',(-165.6199967142,-461.0780146024,
    201.6642162955));
#4547 = VECTOR('',#4548,1.);
#4548 = DIRECTION('',(-2.940346835074E-17,-0.258819045103,
    -0.965925826289));
#4549 = PCURVE('',#4116,#4550);
#4550 = DEFINITIONAL_REPRESENTATION('',(#4551),#4555);
#4551 = LINE('',#4552,#4553);
#4552 = CARTESIAN_POINT('',(-391.,-115.));
#4553 = VECTOR('',#4554,1.);
#4554 = DIRECTION('',(5.573218122467E-32,-1.));
#4555 = ( GEOMETRIC_REPRESENTATION_CONTEXT(2) 
PARAMETRIC_REPRESENTATION_CONTEXT() REPRESENTATION_CONTEXT('2D SPACE',''
  ) );
#4556 = PCURVE('',#4557,#4562);
#4557 = CYLINDRICAL_SURFACE('',#4558,2.);
#4558 = AXIS2_PLACEMENT_3D('',#4559,#4560,#4561);
#4559 = CARTESIAN_POINT('',(-165.6199967142,-459.1461629499,
    201.14657820529));
#4560 = DIRECTION('',(2.940346835074E-17,0.258819045103,0.965925826289)
  );
#4561 = DIRECTION('',(0.707106781187,-0.683012701892,0.183012701892));
#4562 = DEFINITIONAL_REPRESENTATION('',(#4563),#4567);
#4563 = LINE('',#4564,#4565);
#4564 = CARTESIAN_POINT('',(5.497787143782,0.));
#4565 = VECTOR('',#4566,1.);
#4566 = DIRECTION('',(4.440892098501E-17,-1.));
#4567 = ( GEOMETRIC_REPRESENTATION_CONTEXT(2) 
PARAMETRIC_REPRESENTATION_CONTEXT() REPRESENTATION_CONTEXT('2D SPACE',''
  ) );
#4568 = ORIENTED_EDGE('',*,*,#4569,.F.);
#4569 = EDGE_CURVE('',#4242,#4542,#4570,.T.);
#4570 = SURFACE_CURVE('',#4571,(#4575,#4581),.PCURVE_S1.);
#4571 = LINE('',#4572,#4573);
#4572 = CARTESIAN_POINT('',(-395.6199967142,-488.837311958,
    98.065108182052));
#4573 = VECTOR('',#4574,1.);
#4574 = DIRECTION('',(1.,-1.044353851955E-16,0.));
#4575 = PCURVE('',#4116,#4576);
#4576 = DEFINITIONAL_REPRESENTATION('',(#4577),#4580);
#4577 = B_SPLINE_CURVE_WITH_KNOTS('',1,(#4578,#4579),.UNSPECIFIED.,.F.,
  .F.,(2,2),(161.,230.),.PIECEWISE_BEZIER_KNOTS.);
#4578 = CARTESIAN_POINT('',(-322.,-222.2536889415));
#4579 = CARTESIAN_POINT('',(-391.,-222.2536889415));
#4580 = ( GEOMETRIC_REPRESENTATION_CONTEXT(2) 
PARAMETRIC_REPRESENTATION_CONTEXT() REPRESENTATION_CONTEXT('2D SPACE',''
  ) );
#4581 = PCURVE('',#4582,#4587);
#4582 = PLANE('',#4583);
#4583 = AXIS2_PLACEMENT_3D('',#4584,#4585,#4586);
#4584 = CARTESIAN_POINT('',(-234.6199967142,-513.2159529781,
    98.065108182052));
#4585 = DIRECTION('',(0.,0.,1.));
#4586 = DIRECTION('',(1.,0.,-0.));
#4587 = DEFINITIONAL_REPRESENTATION('',(#4588),#4591);
#4588 = B_SPLINE_CURVE_WITH_KNOTS('',1,(#4589,#4590),.UNSPECIFIED.,.F.,
  .F.,(2,2),(161.,230.),.PIECEWISE_BEZIER_KNOTS.);
#4589 = CARTESIAN_POINT('',(0.,24.378641020088));
#4590 = CARTESIAN_POINT('',(69.,24.378641020088));
#4591 = ( GEOMETRIC_REPRESENTATION_CONTEXT(2) 
PARAMETRIC_REPRESENTATION_CONTEXT() REPRESENTATION_CONTEXT('2D SPACE',''
  ) );
#4592 = ORIENTED_EDGE('',*,*,#4241,.F.);
#4593 = ORIENTED_EDGE('',*,*,#4100,.T.);
#4594 = ADVANCED_FACE('',(#4595),#4209,.F.);
#4595 = FACE_BOUND('',#4596,.F.);
#4596 = EDGE_LOOP('',(#4597,#4632,#4661,#4758,#4779,#4930,#4955,#4956));
#4597 = ORIENTED_EDGE('',*,*,#4598,.T.);
#4598 = EDGE_CURVE('',#4194,#4599,#4601,.T.);
#4599 = VERTEX_POINT('',#4600);
#4600 = CARTESIAN_POINT('',(-166.6510985687,-473.1829465263,
    90.141324038566));
#4601 = SURFACE_CURVE('',#4602,(#4607,#4614),.PCURVE_S1.);
#4602 = ELLIPSE('',#4603,51.763809020504,50.);
#4603 = AXIS2_PLACEMENT_3D('',#4604,#4605,#4606);
#4604 = CARTESIAN_POINT('',(-213.6199967142,-473.1829465263,
    72.392371936452));
#4605 = DIRECTION('',(-0.,1.,0.));
#4606 = DIRECTION('',(-3.897581636578E-16,-0.,1.));
#4607 = PCURVE('',#4209,#4608);
#4608 = DEFINITIONAL_REPRESENTATION('',(#4609),#4613);
#4609 = ELLIPSE('',#4610,51.763809020504,50.);
#4610 = AXIS2_PLACEMENT_2D('',#4611,#4612);
#4611 = CARTESIAN_POINT('',(53.251143171431,21.));
#4612 = DIRECTION('',(1.,-3.897581636578E-16));
#4613 = ( GEOMETRIC_REPRESENTATION_CONTEXT(2) 
PARAMETRIC_REPRESENTATION_CONTEXT() REPRESENTATION_CONTEXT('2D SPACE',''
  ) );
#4614 = PCURVE('',#4277,#4615);
#4615 = DEFINITIONAL_REPRESENTATION('',(#4616),#4631);
#4616 = B_SPLINE_CURVE_WITH_KNOTS('',7,(#4617,#4618,#4619,#4620,#4621,
    #4622,#4623,#4624,#4625,#4626,#4627,#4628,#4629,#4630),
  .UNSPECIFIED.,.F.,.F.,(8,6,8),(0.865278131147,2.003435392368,
    3.14159265359),.UNSPECIFIED.);
#4617 = CARTESIAN_POINT('',(2.276314522443,217.90018738042));
#4618 = CARTESIAN_POINT('',(2.113720627983,216.24186629043));
#4619 = CARTESIAN_POINT('',(1.951126733523,214.3156035953));
#4620 = CARTESIAN_POINT('',(1.788532839063,212.19300793481));
#4621 = CARTESIAN_POINT('',(1.625938944602,209.96303042639));
#4622 = CARTESIAN_POINT('',(1.463345050142,207.7242894966));
#4623 = CARTESIAN_POINT('',(1.300751155682,205.57340335764));
#4624 = CARTESIAN_POINT('',(0.975563366761,201.61812791379));
#4625 = CARTESIAN_POINT('',(0.812969472301,199.81373989583));
#4626 = CARTESIAN_POINT('',(0.650375577841,198.26798678682));
#4627 = CARTESIAN_POINT('',(0.487781683381,197.05507765682));
#4628 = CARTESIAN_POINT('',(0.32518778892,196.22865214512));
#4629 = CARTESIAN_POINT('',(0.16259389446,195.81543436796));
#4630 = CARTESIAN_POINT('',(0.,195.81543436796));
#4631 = ( GEOMETRIC_REPRESENTATION_CONTEXT(2) 
PARAMETRIC_REPRESENTATION_CONTEXT() REPRESENTATION_CONTEXT('2D SPACE',''
  ) );
#4632 = ORIENTED_EDGE('',*,*,#4633,.T.);
#4633 = EDGE_CURVE('',#4599,#4634,#4636,.T.);
#4634 = VERTEX_POINT('',#4635);
#4635 = CARTESIAN_POINT('',(-168.0159796963,-473.1829465263,
    85.850962281783));
#4636 = SURFACE_CURVE('',#4637,(#4642,#4649),.PCURVE_S1.);
#4637 = ELLIPSE('',#4638,38.637033051563,10.);
#4638 = AXIS2_PLACEMENT_3D('',#4639,#4640,#4641);
#4639 = CARTESIAN_POINT('',(-173.6199967142,-473.1829465263,
    117.85096228178));
#4640 = DIRECTION('',(0.,1.,0.));
#4641 = DIRECTION('',(-3.044071040497E-17,0.,-1.));
#4642 = PCURVE('',#4209,#4643);
#4643 = DEFINITIONAL_REPRESENTATION('',(#4644),#4648);
#4644 = ELLIPSE('',#4645,38.637033051563,10.);
#4645 = AXIS2_PLACEMENT_2D('',#4646,#4647);
#4646 = CARTESIAN_POINT('',(98.709733516763,61.));
#4647 = DIRECTION('',(-1.,-3.044071040497E-17));
#4648 = ( GEOMETRIC_REPRESENTATION_CONTEXT(2) 
PARAMETRIC_REPRESENTATION_CONTEXT() REPRESENTATION_CONTEXT('2D SPACE',''
  ) );
#4649 = PCURVE('',#4419,#4650);
#4650 = DEFINITIONAL_REPRESENTATION('',(#4651),#4660);
#4651 = B_SPLINE_CURVE_WITH_KNOTS('',7,(#4652,#4653,#4654,#4655,#4656,
    #4657,#4658,#4659),.UNSPECIFIED.,.F.,.F.,(8,8),(5.029344374563,
    5.688314597733),.PIECEWISE_BEZIER_KNOTS.);
#4652 = CARTESIAN_POINT('',(6.751628076399,95.722245131761));
#4653 = CARTESIAN_POINT('',(6.657489473089,99.060543740932));
#4654 = CARTESIAN_POINT('',(6.563350869779,102.27857936081));
#4655 = CARTESIAN_POINT('',(6.469212266469,105.32803127126));
#4656 = CARTESIAN_POINT('',(6.375073663158,108.16318877551));
#4657 = CARTESIAN_POINT('',(6.280935059848,110.74270417442));
#4658 = CARTESIAN_POINT('',(6.186796456538,113.03114110151));
#4659 = CARTESIAN_POINT('',(6.092657853228,115.0000006));
#4660 = ( GEOMETRIC_REPRESENTATION_CONTEXT(2) 
PARAMETRIC_REPRESENTATION_CONTEXT() REPRESENTATION_CONTEXT('2D SPACE',''
  ) );
#4661 = ORIENTED_EDGE('',*,*,#4662,.F.);
#4662 = EDGE_CURVE('',#4663,#4634,#4665,.T.);
#4663 = VERTEX_POINT('',#4664);
#4664 = CARTESIAN_POINT('',(-174.0091556578,-473.1829465263,
    79.213929230219));
#4665 = SURFACE_CURVE('',#4666,(#4693,#4723),.PCURVE_S1.);
#4666 = B_SPLINE_CURVE_WITH_KNOTS('',7,(#4667,#4668,#4669,#4670,#4671,
    #4672,#4673,#4674,#4675,#4676,#4677,#4678,#4679,#4680,#4681,#4682,
    #4683,#4684,#4685,#4686,#4687,#4688,#4689,#4690,#4691,#4692),
  .UNSPECIFIED.,.F.,.F.,(8,6,6,6,8),(0.,0.190988781702,0.342141558737,
    0.63471678067,1.),.UNSPECIFIED.);
#4667 = CARTESIAN_POINT('',(-174.0091556578,-473.1829465263,
    79.21392923022));
#4668 = CARTESIAN_POINT('',(-173.753098833,-473.1829465263,
    79.21392923022));
#4669 = CARTESIAN_POINT('',(-173.4973215856,-473.1829465263,
    79.243051819376));
#4670 = CARTESIAN_POINT('',(-173.2457343424,-473.1829465263,
    79.299783997423));
#4671 = CARTESIAN_POINT('',(-173.0006940496,-473.1829465263,
    79.380299406849));
#4672 = CARTESIAN_POINT('',(-172.7635981971,-473.1829465263,
    79.480720128778));
#4673 = CARTESIAN_POINT('',(-172.5350088793,-473.1829465263,
    79.597578312239));
#4674 = CARTESIAN_POINT('',(-172.1404687712,-473.1829465263,
    79.831762504412));
#4675 = CARTESIAN_POINT('',(-171.9713518516,-473.1829465263,
    79.943933667295));
#4676 = CARTESIAN_POINT('',(-171.8072846907,-473.1829465263,
    80.063586678749));
#4677 = CARTESIAN_POINT('',(-171.6481143348,-473.1829465263,
    80.189696396818));
#4678 = CARTESIAN_POINT('',(-171.4936546722,-473.1829465263,
    80.321421907869));
#4679 = CARTESIAN_POINT('',(-171.3436801986,-473.1829465263,
    80.458097823282));
#4680 = CARTESIAN_POINT('',(-170.9158083688,-473.1829465263,
    80.872432315519));
#4681 = CARTESIAN_POINT('',(-170.6497906505,-473.1829465263,
    81.162078607996));
#4682 = CARTESIAN_POINT('',(-170.3979701047,-473.1829465263,
    81.464545529429));
#4683 = CARTESIAN_POINT('',(-170.1592213489,-473.1829465263,
    81.777379466601));
#4684 = CARTESIAN_POINT('',(-169.9325038463,-473.1829465263,
    82.098717175939));
#4685 = CARTESIAN_POINT('',(-169.7169040095,-473.1829465263,
    82.427328745747));
#4686 = CARTESIAN_POINT('',(-169.2551309638,-473.1829465263,
    83.181011104188));
#4687 = CARTESIAN_POINT('',(-169.0149017287,-473.1829465263,
    83.609390260241));
#4688 = CARTESIAN_POINT('',(-168.7893317814,-473.1829465263,
    84.045879068642));
#4689 = CARTESIAN_POINT('',(-168.5774275235,-473.1829465263,
    84.489170486454));
#4690 = CARTESIAN_POINT('',(-168.3783518042,-473.1829465263,
    84.938240145215));
#4691 = CARTESIAN_POINT('',(-168.1914076124,-473.1829465263,
    85.392339408987));
#4692 = CARTESIAN_POINT('',(-168.0159796963,-473.1829465263,
    85.850962281783));
#4693 = PCURVE('',#4209,#4694);
#4694 = DEFINITIONAL_REPRESENTATION('',(#4695),#4722);
#4695 = B_SPLINE_CURVE_WITH_KNOTS('',7,(#4696,#4697,#4698,#4699,#4700,
    #4701,#4702,#4703,#4704,#4705,#4706,#4707,#4708,#4709,#4710,#4711,
    #4712,#4713,#4714,#4715,#4716,#4717,#4718,#4719,#4720,#4721),
  .UNSPECIFIED.,.F.,.F.,(8,6,6,6,8),(0.,0.190988781702,0.342141558737,
    0.63471678067,1.),.UNSPECIFIED.);
#4696 = CARTESIAN_POINT('',(60.0727004652,60.610841056471));
#4697 = CARTESIAN_POINT('',(60.0727004652,60.866897881274));
#4698 = CARTESIAN_POINT('',(60.101823054355,61.122675128609));
#4699 = CARTESIAN_POINT('',(60.158555232402,61.374262371848));
#4700 = CARTESIAN_POINT('',(60.239070641829,61.61930266468));
#4701 = CARTESIAN_POINT('',(60.339491363757,61.856398517155));
#4702 = CARTESIAN_POINT('',(60.456349547219,62.084987834956));
#4703 = CARTESIAN_POINT('',(60.690533739392,62.479527943068));
#4704 = CARTESIAN_POINT('',(60.802704902274,62.648644862597));
#4705 = CARTESIAN_POINT('',(60.922357913728,62.812712023584));
#4706 = CARTESIAN_POINT('',(61.048467631797,62.9718823794));
#4707 = CARTESIAN_POINT('',(61.180193142849,63.126342042036));
#4708 = CARTESIAN_POINT('',(61.316869058261,63.276316515656));
#4709 = CARTESIAN_POINT('',(61.731203550498,63.704188345484));
#4710 = CARTESIAN_POINT('',(62.020849842976,63.970206063759));
#4711 = CARTESIAN_POINT('',(62.323316764409,64.222026609556));
#4712 = CARTESIAN_POINT('',(62.63615070158,64.460775365375));
#4713 = CARTESIAN_POINT('',(62.957488410918,64.687492867953));
#4714 = CARTESIAN_POINT('',(63.286099980726,64.903092704709));
#4715 = CARTESIAN_POINT('',(64.039782339168,65.364865750471));
#4716 = CARTESIAN_POINT('',(64.46816149522,65.605094985514));
#4717 = CARTESIAN_POINT('',(64.904650303621,65.8306649328));
#4718 = CARTESIAN_POINT('',(65.347941721433,66.042569190769));
#4719 = CARTESIAN_POINT('',(65.797011380195,66.241644910046));
#4720 = CARTESIAN_POINT('',(66.251110643966,66.428589101879));
#4721 = CARTESIAN_POINT('',(66.709733516763,66.604017017964));
#4722 = ( GEOMETRIC_REPRESENTATION_CONTEXT(2) 
PARAMETRIC_REPRESENTATION_CONTEXT() REPRESENTATION_CONTEXT('2D SPACE',''
  ) );
#4723 = PCURVE('',#4724,#4729);
#4724 = TOROIDAL_SURFACE('',#4725,53.,10.);
#4725 = AXIS2_PLACEMENT_3D('',#4726,#4727,#4728);
#4726 = CARTESIAN_POINT('',(-226.6199967142,-481.1829465263,
    87.994555821232));
#4727 = DIRECTION('',(1.008768357388E-16,0.965925826289,-0.258819045103)
  );
#4728 = DIRECTION('',(-1.,9.743954091444E-17,-2.610884629888E-17));
#4729 = DEFINITIONAL_REPRESENTATION('',(#4730),#4757);
#4730 = B_SPLINE_CURVE_WITH_KNOTS('',7,(#4731,#4732,#4733,#4734,#4735,
    #4736,#4737,#4738,#4739,#4740,#4741,#4742,#4743,#4744,#4745,#4746,
    #4747,#4748,#4749,#4750,#4751,#4752,#4753,#4754,#4755,#4756),
  .UNSPECIFIED.,.F.,.F.,(8,6,6,6,8),(0.,0.190988781702,0.342141558737,
    0.63471678067,1.),.UNSPECIFIED.);
#4731 = CARTESIAN_POINT('',(3.262849611278,1.570796326795));
#4732 = CARTESIAN_POINT('',(3.262265221817,1.545378657151));
#4733 = CARTESIAN_POINT('',(3.261161143804,1.520326886341));
#4734 = CARTESIAN_POINT('',(3.259583998459,1.495977930052));
#4735 = CARTESIAN_POINT('',(3.257616287488,1.472482465418));
#4736 = CARTESIAN_POINT('',(3.25533439653,1.449905514945));
#4737 = CARTESIAN_POINT('',(3.252803193504,1.428244383363));
#4738 = CARTESIAN_POINT('',(3.247904651338,1.390975077415));
#4739 = CARTESIAN_POINT('',(3.245612696962,1.375042418277));
#4740 = CARTESIAN_POINT('',(3.243214868037,1.359607418568));
#4741 = CARTESIAN_POINT('',(3.240728961272,1.344638161252));
#4742 = CARTESIAN_POINT('',(3.238169162239,1.330103173674));
#4743 = CARTESIAN_POINT('',(3.235546362957,1.315969992168));
#4744 = CARTESIAN_POINT('',(3.227684349676,1.275559969902));
#4745 = CARTESIAN_POINT('',(3.222298330706,1.250319817187));
#4746 = CARTESIAN_POINT('',(3.216767339351,1.22623763152));
#4747 = CARTESIAN_POINT('',(3.211128460598,1.203167510728));
#4748 = CARTESIAN_POINT('',(3.205408567439,1.180983603273));
#4749 = CARTESIAN_POINT('',(3.199624066017,1.159580443488));
#4750 = CARTESIAN_POINT('',(3.186489823742,1.112984129232));
#4751 = CARTESIAN_POINT('',(3.179114763736,1.088193828094));
#4752 = CARTESIAN_POINT('',(3.171679970218,1.064313114344));
#4753 = CARTESIAN_POINT('',(3.164200992109,1.041229932137));
#4754 = CARTESIAN_POINT('',(3.15668916231,1.018852793167));
#4755 = CARTESIAN_POINT('',(3.14915178861,0.99710688301));
#4756 = CARTESIAN_POINT('',(3.14159265359,0.97592558866));
#4757 = ( GEOMETRIC_REPRESENTATION_CONTEXT(2) 
PARAMETRIC_REPRESENTATION_CONTEXT() REPRESENTATION_CONTEXT('2D SPACE',''
  ) );
#4758 = ORIENTED_EDGE('',*,*,#4759,.F.);
#4759 = EDGE_CURVE('',#4760,#4663,#4762,.T.);
#4760 = VERTEX_POINT('',#4761);
#4761 = CARTESIAN_POINT('',(-175.0166964645,-473.1829465263,
    79.213929230219));
#4762 = SURFACE_CURVE('',#4763,(#4767,#4773),.PCURVE_S1.);
#4763 = LINE('',#4764,#4765);
#4764 = CARTESIAN_POINT('',(-395.6199967142,-473.1829465263,
    79.213929230218));
#4765 = VECTOR('',#4766,1.);
#4766 = DIRECTION('',(1.,0.,3.897581636578E-16));
#4767 = PCURVE('',#4209,#4768);
#4768 = DEFINITIONAL_REPRESENTATION('',(#4769),#4772);
#4769 = B_SPLINE_CURVE_WITH_KNOTS('',1,(#4770,#4771),.UNSPECIFIED.,.F.,
  .F.,(2,2),(161.,222.),.PIECEWISE_BEZIER_KNOTS.);
#4770 = CARTESIAN_POINT('',(60.072700465198,0.));
#4771 = CARTESIAN_POINT('',(60.072700465198,61.));
#4772 = ( GEOMETRIC_REPRESENTATION_CONTEXT(2) 
PARAMETRIC_REPRESENTATION_CONTEXT() REPRESENTATION_CONTEXT('2D SPACE',''
  ) );
#4773 = PCURVE('',#4452,#4774);
#4774 = DEFINITIONAL_REPRESENTATION('',(#4775),#4778);
#4775 = B_SPLINE_CURVE_WITH_KNOTS('',1,(#4776,#4777),.UNSPECIFIED.,.F.,
  .F.,(2,2),(161.,222.),.PIECEWISE_BEZIER_KNOTS.);
#4776 = CARTESIAN_POINT('',(-322.,-236.4108816344));
#4777 = CARTESIAN_POINT('',(-383.,-236.4108816344));
#4778 = ( GEOMETRIC_REPRESENTATION_CONTEXT(2) 
PARAMETRIC_REPRESENTATION_CONTEXT() REPRESENTATION_CONTEXT('2D SPACE',''
  ) );
#4779 = ORIENTED_EDGE('',*,*,#4780,.F.);
#4780 = EDGE_CURVE('',#4781,#4760,#4783,.T.);
#4781 = VERTEX_POINT('',#4782);
#4782 = CARTESIAN_POINT('',(-176.5999860653,-473.1829465263,
    85.850962281783));
#4783 = SURFACE_CURVE('',#4784,(#4829,#4877),.PCURVE_S1.);
#4784 = B_SPLINE_CURVE_WITH_KNOTS('',8,(#4785,#4786,#4787,#4788,#4789,
    #4790,#4791,#4792,#4793,#4794,#4795,#4796,#4797,#4798,#4799,#4800,
    #4801,#4802,#4803,#4804,#4805,#4806,#4807,#4808,#4809,#4810,#4811,
    #4812,#4813,#4814,#4815,#4816,#4817,#4818,#4819,#4820,#4821,#4822,
    #4823,#4824,#4825,#4826,#4827,#4828),.UNSPECIFIED.,.F.,.F.,(9,7,7,7,
    7,7,9),(0.,0.487171014643,0.728079036971,0.86353350616,
    0.933471279053,0.954902520384,1.),.UNSPECIFIED.);
#4785 = CARTESIAN_POINT('',(-176.5999860653,-473.1829465263,
    85.850962281783));
#4786 = CARTESIAN_POINT('',(-176.5837758351,-473.1829465263,
    85.411537786555));
#4787 = CARTESIAN_POINT('',(-176.5640743582,-473.1829465263,
    84.972404346493));
#4788 = CARTESIAN_POINT('',(-176.5406382054,-473.1829465263,
    84.53353716138));
#4789 = CARTESIAN_POINT('',(-176.5130258752,-473.1829465263,
    84.095000207358));
#4790 = CARTESIAN_POINT('',(-176.4806339756,-473.1829465263,
    83.656940555427));
#4791 = CARTESIAN_POINT('',(-176.4424598655,-473.1829465263,
    83.219628821453));
#4792 = CARTESIAN_POINT('',(-176.3971991347,-473.1829465263,
    82.783441371109));
#4793 = CARTESIAN_POINT('',(-176.3149428918,-473.1829465263,
    82.134203278893));
#4794 = CARTESIAN_POINT('',(-176.2853485403,-473.1829465263,
    81.91992876779));
#4795 = CARTESIAN_POINT('',(-176.2530469006,-473.1829465263,
    81.706196783219));
#4796 = CARTESIAN_POINT('',(-176.2176195928,-473.1829465263,
    81.493105883183));
#4797 = CARTESIAN_POINT('',(-176.1785653267,-473.1829465263,
    81.280853289466));
#4798 = CARTESIAN_POINT('',(-176.1351679563,-473.1829465263,
    81.069776231782));
#4799 = CARTESIAN_POINT('',(-176.0865335783,-473.1829465263,
    80.860338423051));
#4800 = CARTESIAN_POINT('',(-175.9997653193,-473.1829465263,
    80.536894157795));
#4801 = CARTESIAN_POINT('',(-175.9663972641,-473.1829465263,
    80.421407959576));
#4802 = CARTESIAN_POINT('',(-175.9305710156,-473.1829465263,
    80.306850035365));
#4803 = CARTESIAN_POINT('',(-175.8919045859,-473.1829465263,
    80.193390399235));
#4804 = CARTESIAN_POINT('',(-175.8499612061,-473.1829465263,
    80.081355316099));
#4805 = CARTESIAN_POINT('',(-175.8041457843,-473.1829465263,
    79.971288570718));
#4806 = CARTESIAN_POINT('',(-175.7537478723,-473.1829465263,
    79.863924465554));
#4807 = CARTESIAN_POINT('',(-175.6684114498,-473.1829465263,
    79.707014808623));
#4808 = CARTESIAN_POINT('',(-175.6378312969,-473.1829465263,
    79.654704758548));
#4809 = CARTESIAN_POINT('',(-175.6055379849,-473.1829465263,
    79.603632976263));
#4810 = CARTESIAN_POINT('',(-175.5713372621,-473.1829465263,
    79.554034043582));
#4811 = CARTESIAN_POINT('',(-175.535032072,-473.1829465263,
    79.506257266789));
#4812 = CARTESIAN_POINT('',(-175.4964221725,-473.1829465263,
    79.460767587651));
#4813 = CARTESIAN_POINT('',(-175.4553026946,-473.1829465263,
    79.418147992874));
#4814 = CARTESIAN_POINT('',(-175.3980273003,-473.1829465263,
    79.367138877157));
#4815 = CARTESIAN_POINT('',(-175.3843426272,-473.1829465263,
    79.355514736031));
#4816 = CARTESIAN_POINT('',(-175.3704042004,-473.1829465263,
    79.344252809689));
#4817 = CARTESIAN_POINT('',(-175.356209811,-473.1829465263,
    79.333376701339));
#4818 = CARTESIAN_POINT('',(-175.3417587277,-473.1829465263,
    79.322911372351));
#4819 = CARTESIAN_POINT('',(-175.3270519583,-473.1829465263,
    79.312882708273));
#4820 = CARTESIAN_POINT('',(-175.3120925118,-473.1829465263,
    79.303317084837));
#4821 = CARTESIAN_POINT('',(-175.2648860809,-473.1829465263,
    79.275142108939));
#4822 = CARTESIAN_POINT('',(-175.2317505783,-473.1829465263,
    79.258186697279));
#4823 = CARTESIAN_POINT('',(-175.1975743531,-473.1829465263,
    79.243659017619));
#4824 = CARTESIAN_POINT('',(-175.1624812463,-473.1829465263,
    79.23181072391));
#4825 = CARTESIAN_POINT('',(-175.1266286897,-473.1829465263,
    79.222839876968));
#4826 = CARTESIAN_POINT('',(-175.0902126564,-473.1829465263,
    79.216870016017));
#4827 = CARTESIAN_POINT('',(-175.0534726119,-473.1829465263,
    79.213929230219));
#4828 = CARTESIAN_POINT('',(-175.0166964645,-473.1829465263,
    79.213929230219));
#4829 = PCURVE('',#4209,#4830);
#4830 = DEFINITIONAL_REPRESENTATION('',(#4831),#4876);
#4831 = B_SPLINE_CURVE_WITH_KNOTS('',8,(#4832,#4833,#4834,#4835,#4836,
    #4837,#4838,#4839,#4840,#4841,#4842,#4843,#4844,#4845,#4846,#4847,
    #4848,#4849,#4850,#4851,#4852,#4853,#4854,#4855,#4856,#4857,#4858,
    #4859,#4860,#4861,#4862,#4863,#4864,#4865,#4866,#4867,#4868,#4869,
    #4870,#4871,#4872,#4873,#4874,#4875),.UNSPECIFIED.,.F.,.F.,(9,7,7,7,
    7,7,9),(0.,0.487171014643,0.728079036971,0.86353350616,
    0.933471279053,0.954902520384,1.),.UNSPECIFIED.);
#4832 = CARTESIAN_POINT('',(66.709733516763,58.020010648987));
#4833 = CARTESIAN_POINT('',(66.270309021534,58.036220879125));
#4834 = CARTESIAN_POINT('',(65.831175581473,58.055922356036));
#4835 = CARTESIAN_POINT('',(65.392308396359,58.079358508865));
#4836 = CARTESIAN_POINT('',(64.953771442338,58.106970839035));
#4837 = CARTESIAN_POINT('',(64.515711790406,58.139362738649));
#4838 = CARTESIAN_POINT('',(64.078400056432,58.177536848752));
#4839 = CARTESIAN_POINT('',(63.642212606089,58.222797579546));
#4840 = CARTESIAN_POINT('',(62.992974513873,58.305053822426));
#4841 = CARTESIAN_POINT('',(62.778700002769,58.334648173959));
#4842 = CARTESIAN_POINT('',(62.564968018199,58.3669498136));
#4843 = CARTESIAN_POINT('',(62.351877118162,58.402377121439));
#4844 = CARTESIAN_POINT('',(62.139624524446,58.441431387584));
#4845 = CARTESIAN_POINT('',(61.928547466761,58.484828757928));
#4846 = CARTESIAN_POINT('',(61.719109658031,58.533463135987));
#4847 = CARTESIAN_POINT('',(61.395665392774,58.620231394903));
#4848 = CARTESIAN_POINT('',(61.280179194556,58.653599450163));
#4849 = CARTESIAN_POINT('',(61.165621270345,58.689425698675));
#4850 = CARTESIAN_POINT('',(61.052161634214,58.728092128373));
#4851 = CARTESIAN_POINT('',(60.940126551079,58.770035508114));
#4852 = CARTESIAN_POINT('',(60.830059805697,58.815850929989));
#4853 = CARTESIAN_POINT('',(60.722695700533,58.866248841925));
#4854 = CARTESIAN_POINT('',(60.565786043603,58.951585264473));
#4855 = CARTESIAN_POINT('',(60.513475993528,58.982165417327));
#4856 = CARTESIAN_POINT('',(60.462404211243,59.014458729309));
#4857 = CARTESIAN_POINT('',(60.412805278562,59.048659452187));
#4858 = CARTESIAN_POINT('',(60.365028501769,59.084964642209));
#4859 = CARTESIAN_POINT('',(60.31953882263,59.123574541777));
#4860 = CARTESIAN_POINT('',(60.276919227854,59.164694019646));
#4861 = CARTESIAN_POINT('',(60.225910112136,59.221969413929));
#4862 = CARTESIAN_POINT('',(60.21428597101,59.235654087094));
#4863 = CARTESIAN_POINT('',(60.203024044668,59.24959251389));
#4864 = CARTESIAN_POINT('',(60.192147936318,59.263786903259));
#4865 = CARTESIAN_POINT('',(60.181682607331,59.278237986573));
#4866 = CARTESIAN_POINT('',(60.171653943252,59.292944755929));
#4867 = CARTESIAN_POINT('',(60.162088319816,59.307904202422));
#4868 = CARTESIAN_POINT('',(60.133913343918,59.355110633359));
#4869 = CARTESIAN_POINT('',(60.116957932259,59.38824613596));
#4870 = CARTESIAN_POINT('',(60.102430252599,59.422422361179));
#4871 = CARTESIAN_POINT('',(60.090581958889,59.457515467972));
#4872 = CARTESIAN_POINT('',(60.081611111948,59.493368024585));
#4873 = CARTESIAN_POINT('',(60.075641250996,59.52978405782));
#4874 = CARTESIAN_POINT('',(60.072700465198,59.566524102309));
#4875 = CARTESIAN_POINT('',(60.072700465198,59.603300249782));
#4876 = ( GEOMETRIC_REPRESENTATION_CONTEXT(2) 
PARAMETRIC_REPRESENTATION_CONTEXT() REPRESENTATION_CONTEXT('2D SPACE',''
  ) );
#4877 = PCURVE('',#4878,#4883);
#4878 = TOROIDAL_SURFACE('',#4879,52.,2.);
#4879 = AXIS2_PLACEMENT_3D('',#4880,#4881,#4882);
#4880 = CARTESIAN_POINT('',(-226.6199967142,-473.455539916,
    85.924003460412));
#4881 = DIRECTION('',(-1.008768357388E-16,-0.965925826289,0.258819045103
    ));
#4882 = DIRECTION('',(1.,-9.743954091444E-17,2.610884629888E-17));
#4883 = DEFINITIONAL_REPRESENTATION('',(#4884),#4929);
#4884 = B_SPLINE_CURVE_WITH_KNOTS('',8,(#4885,#4886,#4887,#4888,#4889,
    #4890,#4891,#4892,#4893,#4894,#4895,#4896,#4897,#4898,#4899,#4900,
    #4901,#4902,#4903,#4904,#4905,#4906,#4907,#4908,#4909,#4910,#4911,
    #4912,#4913,#4914,#4915,#4916,#4917,#4918,#4919,#4920,#4921,#4922,
    #4923,#4924,#4925,#4926,#4927,#4928),.UNSPECIFIED.,.F.,.F.,(9,7,7,7,
    7,7,9),(0.,0.487171014643,0.728079036971,0.86353350616,
    0.933471279053,0.954902520384,1.),.UNSPECIFIED.);
#4885 = CARTESIAN_POINT('',(6.28318530718,3.283169866252));
#4886 = CARTESIAN_POINT('',(6.274699673867,3.34061029046));
#4887 = CARTESIAN_POINT('',(6.266225948143,3.398550382785));
#4888 = CARTESIAN_POINT('',(6.257767855765,3.457296501864));
#4889 = CARTESIAN_POINT('',(6.249331120522,3.517186487376));
#4890 = CARTESIAN_POINT('',(6.240923449887,3.578588243835));
#4891 = CARTESIAN_POINT('',(6.232556046527,3.642013514715));
#4892 = CARTESIAN_POINT('',(6.224243136002,3.708073129171));
#4893 = CARTESIAN_POINT('',(6.211935905361,3.812539919258));
#4894 = CARTESIAN_POINT('',(6.20788487563,3.848027299314));
#4895 = CARTESIAN_POINT('',(6.203856307101,3.884592481959));
#4896 = CARTESIAN_POINT('',(6.199853687309,3.92242146554));
#4897 = CARTESIAN_POINT('',(6.195882655864,3.961727132359));
#4898 = CARTESIAN_POINT('',(6.19195210155,4.002810150653));
#4899 = CARTESIAN_POINT('',(6.188073820377,4.046040735518));
#4900 = CARTESIAN_POINT('',(6.182126894323,4.11805346726));
#4901 = CARTESIAN_POINT('',(6.180012233304,4.144840602417));
#4902 = CARTESIAN_POINT('',(6.177924246095,4.172647593854));
#4903 = CARTESIAN_POINT('',(6.175867244342,4.20164014785));
#4904 = CARTESIAN_POINT('',(6.173848647872,4.231995826975));
#4905 = CARTESIAN_POINT('',(6.171880334969,4.263952039121));
#4906 = CARTESIAN_POINT('',(6.169978009328,4.297787091598));
#4907 = CARTESIAN_POINT('',(6.167231917432,4.352758230755));
#4908 = CARTESIAN_POINT('',(6.166322655187,4.372091734929));
#4909 = CARTESIAN_POINT('',(6.165441891626,4.392124520709));
#4910 = CARTESIAN_POINT('',(6.164594486424,4.412933265211));
#4911 = CARTESIAN_POINT('',(6.163787433315,4.434587776742));
#4912 = CARTESIAN_POINT('',(6.163029851187,4.45715239485));
#4913 = CARTESIAN_POINT('',(6.162332998152,4.480688427163));
#4914 = CARTESIAN_POINT('',(6.161519495995,4.512786435342));
#4915 = CARTESIAN_POINT('',(6.161335722554,4.520409330099));
#4916 = CARTESIAN_POINT('',(6.161159396809,4.528126654274));
#4917 = CARTESIAN_POINT('',(6.160990956619,4.535938080891));
#4918 = CARTESIAN_POINT('',(6.160830860377,4.543842518677));
#4919 = CARTESIAN_POINT('',(6.160679578215,4.551838021712));
#4920 = CARTESIAN_POINT('',(6.160537583202,4.559921699078));
#4921 = CARTESIAN_POINT('',(6.160127070256,4.585277282722));
#4922 = CARTESIAN_POINT('',(6.159891639796,4.60285981245));
#4923 = CARTESIAN_POINT('',(6.159704008443,4.62077464328));
#4924 = CARTESIAN_POINT('',(6.159568416244,4.63894989113));
#4925 = CARTESIAN_POINT('',(6.159488002354,4.65730252946));
#4926 = CARTESIAN_POINT('',(6.159464421374,4.675736560478));
#4927 = CARTESIAN_POINT('',(6.159497459693,4.694141186345));
#4928 = CARTESIAN_POINT('',(6.159584651826,4.712388980385));
#4929 = ( GEOMETRIC_REPRESENTATION_CONTEXT(2) 
PARAMETRIC_REPRESENTATION_CONTEXT() REPRESENTATION_CONTEXT('2D SPACE',''
  ) );
#4930 = ORIENTED_EDGE('',*,*,#4931,.T.);
#4931 = EDGE_CURVE('',#4781,#4318,#4932,.T.);
#4932 = SURFACE_CURVE('',#4933,(#4938,#4945),.PCURVE_S1.);
#4933 = ELLIPSE('',#4934,7.727406610313,2.);
#4934 = AXIS2_PLACEMENT_3D('',#4935,#4936,#4937);
#4935 = CARTESIAN_POINT('',(-174.6199967142,-473.1829465263,
    86.94133584053));
#4936 = DIRECTION('',(-0.,1.,0.));
#4937 = DIRECTION('',(-6.950602458088E-17,-0.,1.));
#4938 = PCURVE('',#4209,#4939);
#4939 = DEFINITIONAL_REPRESENTATION('',(#4940),#4944);
#4940 = ELLIPSE('',#4941,7.727406610313,2.);
#4941 = AXIS2_PLACEMENT_2D('',#4942,#4943);
#4942 = CARTESIAN_POINT('',(67.800107075509,60.));
#4943 = DIRECTION('',(1.,-6.950602458088E-17));
#4944 = ( GEOMETRIC_REPRESENTATION_CONTEXT(2) 
PARAMETRIC_REPRESENTATION_CONTEXT() REPRESENTATION_CONTEXT('2D SPACE',''
  ) );
#4945 = PCURVE('',#4333,#4946);
#4946 = DEFINITIONAL_REPRESENTATION('',(#4947),#4954);
#4947 = B_SPLINE_CURVE_WITH_KNOTS('',5,(#4948,#4949,#4950,#4951,#4952,
    #4953),.UNSPECIFIED.,.F.,.F.,(6,6),(4.570811686526,4.712388980385),
  .PIECEWISE_BEZIER_KNOTS.);
#4948 = CARTESIAN_POINT('',(0.643820869539,-345.0000006));
#4949 = CARTESIAN_POINT('',(0.672136328311,-344.7907657608));
#4950 = CARTESIAN_POINT('',(0.700451787082,-344.5804753772));
#4951 = CARTESIAN_POINT('',(0.728767245854,-344.3694789425));
#4952 = CARTESIAN_POINT('',(0.757082704626,-344.1581294808));
#4953 = CARTESIAN_POINT('',(0.785398163398,-343.9467800193));
#4954 = ( GEOMETRIC_REPRESENTATION_CONTEXT(2) 
PARAMETRIC_REPRESENTATION_CONTEXT() REPRESENTATION_CONTEXT('2D SPACE',''
  ) );
#4955 = ORIENTED_EDGE('',*,*,#4345,.F.);
#4956 = ORIENTED_EDGE('',*,*,#4191,.T.);
#4957 = ADVANCED_FACE('',(#4958),#4277,.F.);
#4958 = FACE_BOUND('',#4959,.F.);
#4959 = EDGE_LOOP('',(#4960,#4987,#5027,#5053,#5091,#5092));
#4960 = ORIENTED_EDGE('',*,*,#4961,.F.);
#4961 = EDGE_CURVE('',#4962,#4242,#4964,.T.);
#4962 = VERTEX_POINT('',#4963);
#4963 = CARTESIAN_POINT('',(-165.7495151233,-513.2159529781,
    98.065108182052));
#4964 = SURFACE_CURVE('',#4965,(#4970,#4980),.PCURVE_S1.);
#4965 = ELLIPSE('',#4966,193.18516525781,50.);
#4966 = AXIS2_PLACEMENT_3D('',#4967,#4968,#4969);
#4967 = CARTESIAN_POINT('',(-213.6199967142,-568.9949025642,
    98.065108182052));
#4968 = DIRECTION('',(0.,0.,1.));
#4969 = DIRECTION('',(-1.044353851955E-16,-1.,0.));
#4970 = PCURVE('',#4277,#4971);
#4971 = DEFINITIONAL_REPRESENTATION('',(#4972),#4979);
#4972 = B_SPLINE_CURVE_WITH_KNOTS('',5,(#4973,#4974,#4975,#4976,#4977,
    #4978),.UNSPECIFIED.,.F.,.F.,(6,6),(1.842123695196,2.113767113203),
  .PIECEWISE_BEZIER_KNOTS.);
#4973 = CARTESIAN_POINT('',(1.842123695196,258.39329338911));
#4974 = CARTESIAN_POINT('',(1.896452378798,248.62630689844));
#4975 = CARTESIAN_POINT('',(1.950781062399,239.04383709932));
#4976 = CARTESIAN_POINT('',(2.005109746,229.70594854729));
#4977 = CARTESIAN_POINT('',(2.059438429602,220.67041220613));
#4978 = CARTESIAN_POINT('',(2.113767113203,211.99059558619));
#4979 = ( GEOMETRIC_REPRESENTATION_CONTEXT(2) 
PARAMETRIC_REPRESENTATION_CONTEXT() REPRESENTATION_CONTEXT('2D SPACE',''
  ) );
#4980 = PCURVE('',#4582,#4981);
#4981 = DEFINITIONAL_REPRESENTATION('',(#4982),#4986);
#4982 = ELLIPSE('',#4983,193.18516525781,50.);
#4983 = AXIS2_PLACEMENT_2D('',#4984,#4985);
#4984 = CARTESIAN_POINT('',(21.,-55.77894958612));
#4985 = DIRECTION('',(-1.044353851955E-16,-1.));
#4986 = ( GEOMETRIC_REPRESENTATION_CONTEXT(2) 
PARAMETRIC_REPRESENTATION_CONTEXT() REPRESENTATION_CONTEXT('2D SPACE',''
  ) );
#4987 = ORIENTED_EDGE('',*,*,#4988,.T.);
#4988 = EDGE_CURVE('',#4962,#4989,#4991,.T.);
#4989 = VERTEX_POINT('',#4990);
#4990 = CARTESIAN_POINT('',(-163.6199967142,-513.2159529781,
    83.119183685796));
#4991 = SURFACE_CURVE('',#4992,(#4997,#5015),.PCURVE_S1.);
#4992 = ELLIPSE('',#4993,51.763809020504,50.);
#4993 = AXIS2_PLACEMENT_3D('',#4994,#4995,#4996);
#4994 = CARTESIAN_POINT('',(-213.6199967142,-513.2159529781,
    83.119183685794));
#4995 = DIRECTION('',(-0.,1.,0.));
#4996 = DIRECTION('',(-3.897581636578E-16,-0.,1.));
#4997 = PCURVE('',#4277,#4998);
#4998 = DEFINITIONAL_REPRESENTATION('',(#4999),#5014);
#4999 = B_SPLINE_CURVE_WITH_KNOTS('',7,(#5000,#5001,#5002,#5003,#5004,
    #5005,#5006,#5007,#5008,#5009,#5010,#5011,#5012,#5013),
  .UNSPECIFIED.,.F.,.F.,(8,6,8),(1.113858327975,2.127725490783,
    3.14159265359),.UNSPECIFIED.);
#5000 = CARTESIAN_POINT('',(2.027734325614,256.56910221618));
#5001 = CARTESIAN_POINT('',(1.882896159499,254.82771541476));
#5002 = CARTESIAN_POINT('',(1.738057993384,252.94166042406));
#5003 = CARTESIAN_POINT('',(1.593219827269,250.9706045148));
#5004 = CARTESIAN_POINT('',(1.448381661153,248.98164991492));
#5005 = CARTESIAN_POINT('',(1.303543495038,247.04422693996));
#5006 = CARTESIAN_POINT('',(1.158705328923,245.2236822261));
#5007 = CARTESIAN_POINT('',(0.869028996692,241.92923202102));
#5008 = CARTESIAN_POINT('',(0.724190830577,240.4553269599));
#5009 = CARTESIAN_POINT('',(0.579352664461,239.21117894511));
#5010 = CARTESIAN_POINT('',(0.434514498346,238.24433587269));
#5011 = CARTESIAN_POINT('',(0.289676332231,237.58854824605));
#5012 = CARTESIAN_POINT('',(0.144838166115,237.26065237768));
#5013 = CARTESIAN_POINT('',(0.,237.26065237768));
#5014 = ( GEOMETRIC_REPRESENTATION_CONTEXT(2) 
PARAMETRIC_REPRESENTATION_CONTEXT() REPRESENTATION_CONTEXT('2D SPACE',''
  ) );
#5015 = PCURVE('',#5016,#5021);
#5016 = PLANE('',#5017);
#5017 = AXIS2_PLACEMENT_3D('',#5018,#5019,#5020);
#5018 = CARTESIAN_POINT('',(-234.6199967142,-513.2159529781,
    19.141228765021));
#5019 = DIRECTION('',(-0.,1.,0.));
#5020 = DIRECTION('',(0.,0.,1.));
#5021 = DEFINITIONAL_REPRESENTATION('',(#5022),#5026);
#5022 = ELLIPSE('',#5023,51.763809020504,50.);
#5023 = AXIS2_PLACEMENT_2D('',#5024,#5025);
#5024 = CARTESIAN_POINT('',(63.977954920773,21.));
#5025 = DIRECTION('',(1.,-3.897581636578E-16));
#5026 = ( GEOMETRIC_REPRESENTATION_CONTEXT(2) 
PARAMETRIC_REPRESENTATION_CONTEXT() REPRESENTATION_CONTEXT('2D SPACE',''
  ) );
#5027 = ORIENTED_EDGE('',*,*,#5028,.F.);
#5028 = EDGE_CURVE('',#5029,#4989,#5031,.T.);
#5029 = VERTEX_POINT('',#5030);
#5030 = CARTESIAN_POINT('',(-163.6199967142,-473.1829465263,
    72.392371936462));
#5031 = SURFACE_CURVE('',#5032,(#5036,#5042),.PCURVE_S1.);
#5032 = LINE('',#5033,#5034);
#5033 = CARTESIAN_POINT('',(-163.6199967142,-271.0988090292,
    18.24409049095));
#5034 = VECTOR('',#5035,1.);
#5035 = DIRECTION('',(-1.008768357388E-16,-0.965925826289,0.258819045103
    ));
#5036 = PCURVE('',#4277,#5037);
#5037 = DEFINITIONAL_REPRESENTATION('',(#5038),#5041);
#5038 = B_SPLINE_CURVE_WITH_KNOTS('',1,(#5039,#5040),.UNSPECIFIED.,.F.,
  .F.,(2,2),(205.06837218854,254.5264025061),.PIECEWISE_BEZIER_KNOTS.);
#5039 = CARTESIAN_POINT('',(1.570796326795,205.06837218854));
#5040 = CARTESIAN_POINT('',(1.570796326795,254.5264025061));
#5041 = ( GEOMETRIC_REPRESENTATION_CONTEXT(2) 
PARAMETRIC_REPRESENTATION_CONTEXT() REPRESENTATION_CONTEXT('2D SPACE',''
  ) );
#5042 = PCURVE('',#5043,#5048);
#5043 = PLANE('',#5044);
#5044 = AXIS2_PLACEMENT_3D('',#5045,#5046,#5047);
#5045 = CARTESIAN_POINT('',(-163.6199967142,-425.5182694579,
    311.19277204812));
#5046 = DIRECTION('',(-1.,-0.,-0.));
#5047 = DIRECTION('',(0.,0.,-1.));
#5048 = DEFINITIONAL_REPRESENTATION('',(#5049),#5052);
#5049 = B_SPLINE_CURVE_WITH_KNOTS('',1,(#5050,#5051),.UNSPECIFIED.,.F.,
  .F.,(2,2),(205.06837218854,254.5264025061),.PIECEWISE_BEZIER_KNOTS.);
#5050 = CARTESIAN_POINT('',(239.87308128661,43.661376423247));
#5051 = CARTESIAN_POINT('',(227.07240110716,91.434165224363));
#5052 = ( GEOMETRIC_REPRESENTATION_CONTEXT(2) 
PARAMETRIC_REPRESENTATION_CONTEXT() REPRESENTATION_CONTEXT('2D SPACE',''
  ) );
#5053 = ORIENTED_EDGE('',*,*,#5054,.F.);
#5054 = EDGE_CURVE('',#4599,#5029,#5055,.T.);
#5055 = SURFACE_CURVE('',#5056,(#5061,#5079),.PCURVE_S1.);
#5056 = ELLIPSE('',#5057,51.763809020504,50.);
#5057 = AXIS2_PLACEMENT_3D('',#5058,#5059,#5060);
#5058 = CARTESIAN_POINT('',(-213.6199967142,-473.1829465263,
    72.392371936452));
#5059 = DIRECTION('',(-0.,1.,0.));
#5060 = DIRECTION('',(-3.897581636578E-16,-0.,1.));
#5061 = PCURVE('',#4277,#5062);
#5062 = DEFINITIONAL_REPRESENTATION('',(#5063),#5078);
#5063 = B_SPLINE_CURVE_WITH_KNOTS('',7,(#5064,#5065,#5066,#5067,#5068,
    #5069,#5070,#5071,#5072,#5073,#5074,#5075,#5076,#5077),
  .UNSPECIFIED.,.F.,.F.,(8,6,8),(0.865278131147,2.003435392368,
    3.14159265359),.UNSPECIFIED.);
#5064 = CARTESIAN_POINT('',(2.276314522443,217.90018738042));
#5065 = CARTESIAN_POINT('',(2.113720627983,216.24186629043));
#5066 = CARTESIAN_POINT('',(1.951126733523,214.3156035953));
#5067 = CARTESIAN_POINT('',(1.788532839063,212.19300793481));
#5068 = CARTESIAN_POINT('',(1.625938944602,209.96303042639));
#5069 = CARTESIAN_POINT('',(1.463345050142,207.7242894966));
#5070 = CARTESIAN_POINT('',(1.300751155682,205.57340335764));
#5071 = CARTESIAN_POINT('',(0.975563366761,201.61812791379));
#5072 = CARTESIAN_POINT('',(0.812969472301,199.81373989583));
#5073 = CARTESIAN_POINT('',(0.650375577841,198.26798678682));
#5074 = CARTESIAN_POINT('',(0.487781683381,197.05507765682));
#5075 = CARTESIAN_POINT('',(0.32518778892,196.22865214512));
#5076 = CARTESIAN_POINT('',(0.16259389446,195.81543436796));
#5077 = CARTESIAN_POINT('',(0.,195.81543436796));
#5078 = ( GEOMETRIC_REPRESENTATION_CONTEXT(2) 
PARAMETRIC_REPRESENTATION_CONTEXT() REPRESENTATION_CONTEXT('2D SPACE',''
  ) );
#5079 = PCURVE('',#5080,#5085);
#5080 = PLANE('',#5081);
#5081 = AXIS2_PLACEMENT_3D('',#5082,#5083,#5084);
#5082 = CARTESIAN_POINT('',(-234.6199967142,-473.1829465263,
    19.141228765021));
#5083 = DIRECTION('',(-0.,1.,0.));
#5084 = DIRECTION('',(0.,0.,1.));
#5085 = DEFINITIONAL_REPRESENTATION('',(#5086),#5090);
#5086 = ELLIPSE('',#5087,51.763809020504,50.);
#5087 = AXIS2_PLACEMENT_2D('',#5088,#5089);
#5088 = CARTESIAN_POINT('',(53.251143171431,21.));
#5089 = DIRECTION('',(1.,-3.897581636578E-16));
#5090 = ( GEOMETRIC_REPRESENTATION_CONTEXT(2) 
PARAMETRIC_REPRESENTATION_CONTEXT() REPRESENTATION_CONTEXT('2D SPACE',''
  ) );
#5091 = ORIENTED_EDGE('',*,*,#4598,.F.);
#5092 = ORIENTED_EDGE('',*,*,#4262,.F.);
#5093 = ADVANCED_FACE('',(#5094),#4333,.T.);
#5094 = FACE_BOUND('',#5095,.T.);
#5095 = EDGE_LOOP('',(#5096,#5097,#5098,#5099,#5122));
#5096 = ORIENTED_EDGE('',*,*,#4931,.T.);
#5097 = ORIENTED_EDGE('',*,*,#4317,.T.);
#5098 = ORIENTED_EDGE('',*,*,#4463,.F.);
#5099 = ORIENTED_EDGE('',*,*,#5100,.T.);
#5100 = EDGE_CURVE('',#4438,#5101,#5103,.T.);
#5101 = VERTEX_POINT('',#5102);
#5102 = CARTESIAN_POINT('',(-174.6199967142,-471.5236882634,
    85.406365370207));
#5103 = SURFACE_CURVE('',#5104,(#5108,#5115),.PCURVE_S1.);
#5104 = LINE('',#5105,#5106);
#5105 = CARTESIAN_POINT('',(-174.6199967142,-382.2311177031,
    418.65077543993));
#5106 = VECTOR('',#5107,1.);
#5107 = DIRECTION('',(6.713766422536E-17,-0.258819045103,-0.965925826289
    ));
#5108 = PCURVE('',#4333,#5109);
#5109 = DEFINITIONAL_REPRESENTATION('',(#5110),#5114);
#5110 = LINE('',#5111,#5112);
#5111 = CARTESIAN_POINT('',(-0.785398163397,-2.84217094304E-14));
#5112 = VECTOR('',#5113,1.);
#5113 = DIRECTION('',(-2.123904916674E-17,-1.));
#5114 = ( GEOMETRIC_REPRESENTATION_CONTEXT(2) 
PARAMETRIC_REPRESENTATION_CONTEXT() REPRESENTATION_CONTEXT('2D SPACE',''
  ) );
#5115 = PCURVE('',#4452,#5116);
#5116 = DEFINITIONAL_REPRESENTATION('',(#5117),#5121);
#5117 = LINE('',#5118,#5119);
#5118 = CARTESIAN_POINT('',(-382.,115.));
#5119 = VECTOR('',#5120,1.);
#5120 = DIRECTION('',(-9.65411325761E-17,-1.));
#5121 = ( GEOMETRIC_REPRESENTATION_CONTEXT(2) 
PARAMETRIC_REPRESENTATION_CONTEXT() REPRESENTATION_CONTEXT('2D SPACE',''
  ) );
#5122 = ORIENTED_EDGE('',*,*,#5123,.F.);
#5123 = EDGE_CURVE('',#4781,#5101,#5124,.T.);
#5124 = SURFACE_CURVE('',#5125,(#5130,#5137),.PCURVE_S1.);
#5125 = CIRCLE('',#5126,2.);
#5126 = AXIS2_PLACEMENT_3D('',#5127,#5128,#5129);
#5127 = CARTESIAN_POINT('',(-174.6199967142,-473.455539916,
    85.924003460412));
#5128 = DIRECTION('',(-2.940346835074E-17,-0.258819045103,
    -0.965925826289));
#5129 = DIRECTION('',(-1.,1.050497185157E-16,2.292723163573E-18));
#5130 = PCURVE('',#4333,#5131);
#5131 = DEFINITIONAL_REPRESENTATION('',(#5132),#5136);
#5132 = LINE('',#5133,#5134);
#5133 = CARTESIAN_POINT('',(0.785398163398,-345.));
#5134 = VECTOR('',#5135,1.);
#5135 = DIRECTION('',(-1.,0.));
#5136 = ( GEOMETRIC_REPRESENTATION_CONTEXT(2) 
PARAMETRIC_REPRESENTATION_CONTEXT() REPRESENTATION_CONTEXT('2D SPACE',''
  ) );
#5137 = PCURVE('',#4878,#5138);
#5138 = DEFINITIONAL_REPRESENTATION('',(#5139),#5143);
#5139 = LINE('',#5140,#5141);
#5140 = CARTESIAN_POINT('',(6.28318530718,3.14159265359));
#5141 = VECTOR('',#5142,1.);
#5142 = DIRECTION('',(0.,1.));
#5143 = ( GEOMETRIC_REPRESENTATION_CONTEXT(2) 
PARAMETRIC_REPRESENTATION_CONTEXT() REPRESENTATION_CONTEXT('2D SPACE',''
  ) );
#5144 = ADVANCED_FACE('',(#5145),#4387,.F.);
#5145 = FACE_BOUND('',#5146,.F.);
#5146 = EDGE_LOOP('',(#5147,#5191,#5217,#5259,#5284,#5285));
#5147 = ORIENTED_EDGE('',*,*,#5148,.F.);
#5148 = EDGE_CURVE('',#5149,#5151,#5153,.T.);
#5149 = VERTEX_POINT('',#5150);
#5150 = CARTESIAN_POINT('',(-163.6199967142,-337.8205859377,
    539.26636041045));
#5151 = VERTEX_POINT('',#5152);
#5152 = CARTESIAN_POINT('',(-165.7495151233,-337.8205859377,
    524.3204359142));
#5153 = SURFACE_CURVE('',#5154,(#5159,#5179),.PCURVE_S1.);
#5154 = ELLIPSE('',#5155,51.763809020504,50.);
#5155 = AXIS2_PLACEMENT_3D('',#5156,#5157,#5158);
#5156 = CARTESIAN_POINT('',(-213.6199967142,-337.8205859377,
    539.26636041046));
#5157 = DIRECTION('',(-0.,1.,0.));
#5158 = DIRECTION('',(-3.897581636578E-16,-0.,1.));
#5159 = PCURVE('',#4387,#5160);
#5160 = DEFINITIONAL_REPRESENTATION('',(#5161),#5178);
#5161 = B_SPLINE_CURVE_WITH_KNOTS('',8,(#5162,#5163,#5164,#5165,#5166,
    #5167,#5168,#5169,#5170,#5171,#5172,#5173,#5174,#5175,#5176,#5177),
  .UNSPECIFIED.,.F.,.F.,(9,7,9),(5.666909619942,6.988914626368,
    8.310919632794),.UNSPECIFIED.);
#5162 = CARTESIAN_POINT('',(3.757868340827,210.23159346332));
#5163 = CARTESIAN_POINT('',(3.592617715024,211.51124996639));
#5164 = CARTESIAN_POINT('',(3.427367089219,212.4497054228));
#5165 = CARTESIAN_POINT('',(3.262116463413,212.99371095314));
#5166 = CARTESIAN_POINT('',(3.096865837611,213.10989512925));
#5167 = CARTESIAN_POINT('',(2.931615211807,212.78941526093));
#5168 = CARTESIAN_POINT('',(2.766364586007,212.04972507203));
#5169 = CARTESIAN_POINT('',(2.601113960204,210.93203568282));
#5170 = CARTESIAN_POINT('',(2.270612708598,208.06016274542));
#5171 = CARTESIAN_POINT('',(2.105362082795,206.30597830186));
#5172 = CARTESIAN_POINT('',(1.940111456992,204.29330421271));
#5173 = CARTESIAN_POINT('',(1.774860831188,202.10041155132));
#5174 = CARTESIAN_POINT('',(1.609610205385,199.81895315417));
#5175 = CARTESIAN_POINT('',(1.444359579582,197.54586940957));
#5176 = CARTESIAN_POINT('',(1.279108953779,195.37458910878));
#5177 = CARTESIAN_POINT('',(1.113858327975,193.38778365261));
#5178 = ( GEOMETRIC_REPRESENTATION_CONTEXT(2) 
PARAMETRIC_REPRESENTATION_CONTEXT() REPRESENTATION_CONTEXT('2D SPACE',''
  ) );
#5179 = PCURVE('',#5180,#5185);
#5180 = PLANE('',#5181);
#5181 = AXIS2_PLACEMENT_3D('',#5182,#5183,#5184);
#5182 = CARTESIAN_POINT('',(-234.6199967142,-337.8205859377,
    524.3204359142));
#5183 = DIRECTION('',(-0.,1.,0.));
#5184 = DIRECTION('',(0.,0.,1.));
#5185 = DEFINITIONAL_REPRESENTATION('',(#5186),#5190);
#5186 = ELLIPSE('',#5187,51.763809020504,50.);
#5187 = AXIS2_PLACEMENT_2D('',#5188,#5189);
#5188 = CARTESIAN_POINT('',(14.945924496258,21.));
#5189 = DIRECTION('',(1.,-3.897581636578E-16));
#5190 = ( GEOMETRIC_REPRESENTATION_CONTEXT(2) 
PARAMETRIC_REPRESENTATION_CONTEXT() REPRESENTATION_CONTEXT('2D SPACE',''
  ) );
#5191 = ORIENTED_EDGE('',*,*,#5192,.T.);
#5192 = EDGE_CURVE('',#5149,#5193,#5195,.T.);
#5193 = VERTEX_POINT('',#5194);
#5194 = CARTESIAN_POINT('',(-163.6199967142,-377.8535923895,
    549.99317215979));
#5195 = SURFACE_CURVE('',#5196,(#5200,#5206),.PCURVE_S1.);
#5196 = LINE('',#5197,#5198);
#5197 = CARTESIAN_POINT('',(-163.6199967142,-145.3127531094,
    487.68404206743));
#5198 = VECTOR('',#5199,1.);
#5199 = DIRECTION('',(-1.008768357388E-16,-0.965925826289,0.258819045103
    ));
#5200 = PCURVE('',#4387,#5201);
#5201 = DEFINITIONAL_REPRESENTATION('',(#5202),#5205);
#5202 = B_SPLINE_CURVE_WITH_KNOTS('',1,(#5203,#5204),.UNSPECIFIED.,.F.,
  .F.,(2,2),(195.43048333722,244.88851368026),.PIECEWISE_BEZIER_KNOTS.);
#5203 = CARTESIAN_POINT('',(1.570796326795,195.43048333722));
#5204 = CARTESIAN_POINT('',(1.570796326795,244.88851368026));
#5205 = ( GEOMETRIC_REPRESENTATION_CONTEXT(2) 
PARAMETRIC_REPRESENTATION_CONTEXT() REPRESENTATION_CONTEXT('2D SPACE',''
  ) );
#5206 = PCURVE('',#5207,#5212);
#5207 = PLANE('',#5208);
#5208 = AXIS2_PLACEMENT_3D('',#5209,#5210,#5211);
#5209 = CARTESIAN_POINT('',(-163.6199967142,-425.5182694579,
    311.19277204812));
#5210 = DIRECTION('',(-1.,-0.,-0.));
#5211 = DIRECTION('',(0.,0.,-1.));
#5212 = DEFINITIONAL_REPRESENTATION('',(#5213),#5216);
#5213 = B_SPLINE_CURVE_WITH_KNOTS('',1,(#5214,#5215),.UNSPECIFIED.,.F.,
  .F.,(2,2),(195.43048333722,244.88851368026),.PIECEWISE_BEZIER_KNOTS.);
#5214 = CARTESIAN_POINT('',(-227.0724011005,-91.43416524897));
#5215 = CARTESIAN_POINT('',(-239.8730812866,-43.66137642324));
#5216 = ( GEOMETRIC_REPRESENTATION_CONTEXT(2) 
PARAMETRIC_REPRESENTATION_CONTEXT() REPRESENTATION_CONTEXT('2D SPACE',''
  ) );
#5217 = ORIENTED_EDGE('',*,*,#5218,.T.);
#5218 = EDGE_CURVE('',#5193,#5219,#5221,.T.);
#5219 = VERTEX_POINT('',#5220);
#5220 = CARTESIAN_POINT('',(-170.2027048726,-377.8535923895,
    524.3204359142));
#5221 = SURFACE_CURVE('',#5222,(#5227,#5247),.PCURVE_S1.);
#5222 = ELLIPSE('',#5223,51.763809020504,50.);
#5223 = AXIS2_PLACEMENT_3D('',#5224,#5225,#5226);
#5224 = CARTESIAN_POINT('',(-213.6199967142,-377.8535923895,
    549.9931721598));
#5225 = DIRECTION('',(-0.,1.,0.));
#5226 = DIRECTION('',(-3.897581636578E-16,-0.,1.));
#5227 = PCURVE('',#4387,#5228);
#5228 = DEFINITIONAL_REPRESENTATION('',(#5229),#5246);
#5229 = B_SPLINE_CURVE_WITH_KNOTS('',8,(#5230,#5231,#5232,#5233,#5234,
    #5235,#5236,#5237,#5238,#5239,#5240,#5241,#5242,#5243,#5244,#5245),
  .UNSPECIFIED.,.F.,.F.,(9,7,9),(5.666909619942,7.113204724782,
    8.559499829622),.UNSPECIFIED.);
#5230 = CARTESIAN_POINT('',(3.757868340827,251.67681147304));
#5231 = CARTESIAN_POINT('',(3.577081452722,253.0767766224));
#5232 = CARTESIAN_POINT('',(3.396294564615,254.06836783894));
#5233 = CARTESIAN_POINT('',(3.215507676511,254.58186137076));
#5234 = CARTESIAN_POINT('',(3.034720788405,254.57600709339));
#5235 = CARTESIAN_POINT('',(2.853933900303,254.04532087226));
#5236 = CARTESIAN_POINT('',(2.673147012196,253.02242451714));
#5237 = CARTESIAN_POINT('',(2.492360124092,251.57278492191));
#5238 = CARTESIAN_POINT('',(2.130786347882,247.99805638289));
#5239 = CARTESIAN_POINT('',(1.949999459777,245.87296685772));
#5240 = CARTESIAN_POINT('',(1.769212571672,243.4991744787));
#5241 = CARTESIAN_POINT('',(1.588425683567,240.98922723345));
#5242 = CARTESIAN_POINT('',(1.407638795462,238.46997730137));
#5243 = CARTESIAN_POINT('',(1.226851907357,236.06894413754));
#5244 = CARTESIAN_POINT('',(1.046065019252,233.90057282532));
#5245 = CARTESIAN_POINT('',(0.865278131147,232.05669848838));
#5246 = ( GEOMETRIC_REPRESENTATION_CONTEXT(2) 
PARAMETRIC_REPRESENTATION_CONTEXT() REPRESENTATION_CONTEXT('2D SPACE',''
  ) );
#5247 = PCURVE('',#5248,#5253);
#5248 = PLANE('',#5249);
#5249 = AXIS2_PLACEMENT_3D('',#5250,#5251,#5252);
#5250 = CARTESIAN_POINT('',(-234.6199967142,-377.8535923895,
    524.3204359142));
#5251 = DIRECTION('',(-0.,1.,0.));
#5252 = DIRECTION('',(0.,0.,1.));
#5253 = DEFINITIONAL_REPRESENTATION('',(#5254),#5258);
#5254 = ELLIPSE('',#5255,51.763809020504,50.);
#5255 = AXIS2_PLACEMENT_2D('',#5256,#5257);
#5256 = CARTESIAN_POINT('',(25.6727362456,21.));
#5257 = DIRECTION('',(1.,-3.897581636578E-16));
#5258 = ( GEOMETRIC_REPRESENTATION_CONTEXT(2) 
PARAMETRIC_REPRESENTATION_CONTEXT() REPRESENTATION_CONTEXT('2D SPACE',''
  ) );
#5259 = ORIENTED_EDGE('',*,*,#5260,.T.);
#5260 = EDGE_CURVE('',#5219,#4369,#5261,.T.);
#5261 = SURFACE_CURVE('',#5262,(#5267,#5277),.PCURVE_S1.);
#5262 = ELLIPSE('',#5263,193.18516525781,50.);
#5263 = AXIS2_PLACEMENT_3D('',#5264,#5265,#5266);
#5264 = CARTESIAN_POINT('',(-213.6199967142,-282.0416363516,
    524.3204359142));
#5265 = DIRECTION('',(0.,0.,1.));
#5266 = DIRECTION('',(-1.044353851955E-16,-1.,0.));
#5267 = PCURVE('',#4387,#5268);
#5268 = DEFINITIONAL_REPRESENTATION('',(#5269),#5276);
#5269 = B_SPLINE_CURVE_WITH_KNOTS('',5,(#5270,#5271,#5272,#5273,#5274,
    #5275),.UNSPECIFIED.,.F.,.F.,(6,6),(1.027825540387,1.299468958394),
  .PIECEWISE_BEZIER_KNOTS.);
#5270 = CARTESIAN_POINT('',(1.027825540387,237.96629028261));
#5271 = CARTESIAN_POINT('',(1.082154223988,229.28647366267));
#5272 = CARTESIAN_POINT('',(1.136482907589,220.25093732151));
#5273 = CARTESIAN_POINT('',(1.190811591191,210.91304876948));
#5274 = CARTESIAN_POINT('',(1.245140274792,201.33057897035));
#5275 = CARTESIAN_POINT('',(1.299468958394,191.56359247969));
#5276 = ( GEOMETRIC_REPRESENTATION_CONTEXT(2) 
PARAMETRIC_REPRESENTATION_CONTEXT() REPRESENTATION_CONTEXT('2D SPACE',''
  ) );
#5277 = PCURVE('',#4530,#5278);
#5278 = DEFINITIONAL_REPRESENTATION('',(#5279),#5283);
#5279 = ELLIPSE('',#5280,193.18516525781,50.);
#5280 = AXIS2_PLACEMENT_2D('',#5281,#5282);
#5281 = CARTESIAN_POINT('',(21.,95.811956037896));
#5282 = DIRECTION('',(-1.044353851955E-16,-1.));
#5283 = ( GEOMETRIC_REPRESENTATION_CONTEXT(2) 
PARAMETRIC_REPRESENTATION_CONTEXT() REPRESENTATION_CONTEXT('2D SPACE',''
  ) );
#5284 = ORIENTED_EDGE('',*,*,#4368,.T.);
#5285 = ORIENTED_EDGE('',*,*,#5286,.T.);
#5286 = EDGE_CURVE('',#4371,#5151,#5287,.T.);
#5287 = SURFACE_CURVE('',#5288,(#5293,#5303),.PCURVE_S1.);
#5288 = ELLIPSE('',#5289,193.18516525781,50.);
#5289 = AXIS2_PLACEMENT_3D('',#5290,#5291,#5292);
#5290 = CARTESIAN_POINT('',(-213.6199967142,-282.0416363516,
    524.3204359142));
#5291 = DIRECTION('',(0.,0.,1.));
#5292 = DIRECTION('',(-1.044353851955E-16,-1.,0.));
#5293 = PCURVE('',#4387,#5294);
#5294 = DEFINITIONAL_REPRESENTATION('',(#5295),#5302);
#5295 = B_SPLINE_CURVE_WITH_KNOTS('',5,(#5296,#5297,#5298,#5299,#5300,
    #5301),.UNSPECIFIED.,.F.,.F.,(6,6),(1.027825540387,1.299468958394),
  .PIECEWISE_BEZIER_KNOTS.);
#5296 = CARTESIAN_POINT('',(1.027825540387,237.96629028261));
#5297 = CARTESIAN_POINT('',(1.082154223988,229.28647366267));
#5298 = CARTESIAN_POINT('',(1.136482907589,220.25093732151));
#5299 = CARTESIAN_POINT('',(1.190811591191,210.91304876948));
#5300 = CARTESIAN_POINT('',(1.245140274792,201.33057897035));
#5301 = CARTESIAN_POINT('',(1.299468958394,191.56359247969));
#5302 = ( GEOMETRIC_REPRESENTATION_CONTEXT(2) 
PARAMETRIC_REPRESENTATION_CONTEXT() REPRESENTATION_CONTEXT('2D SPACE',''
  ) );
#5303 = PCURVE('',#5304,#5309);
#5304 = PLANE('',#5305);
#5305 = AXIS2_PLACEMENT_3D('',#5306,#5307,#5308);
#5306 = CARTESIAN_POINT('',(-234.6199967142,-377.8535923895,
    524.3204359142));
#5307 = DIRECTION('',(0.,0.,1.));
#5308 = DIRECTION('',(1.,0.,-0.));
#5309 = DEFINITIONAL_REPRESENTATION('',(#5310),#5314);
#5310 = ELLIPSE('',#5311,193.18516525781,50.);
#5311 = AXIS2_PLACEMENT_2D('',#5312,#5313);
#5312 = CARTESIAN_POINT('',(21.,95.811956037896));
#5313 = DIRECTION('',(-1.044353851955E-16,-1.));
#5314 = ( GEOMETRIC_REPRESENTATION_CONTEXT(2) 
PARAMETRIC_REPRESENTATION_CONTEXT() REPRESENTATION_CONTEXT('2D SPACE',''
  ) );
#5315 = ADVANCED_FACE('',(#5316),#4452,.T.);
#5316 = FACE_BOUND('',#5317,.T.);
#5317 = EDGE_LOOP('',(#5318,#5319,#5342,#5368,#5369,#5391));
#5318 = ORIENTED_EDGE('',*,*,#4437,.T.);
#5319 = ORIENTED_EDGE('',*,*,#5320,.F.);
#5320 = EDGE_CURVE('',#5321,#4403,#5323,.T.);
#5321 = VERTEX_POINT('',#5322);
#5322 = CARTESIAN_POINT('',(-173.6199967142,-471.5236882634,
    85.406365370207));
#5323 = SURFACE_CURVE('',#5324,(#5328,#5335),.PCURVE_S1.);
#5324 = LINE('',#5325,#5326);
#5325 = CARTESIAN_POINT('',(-173.6199967142,-441.7594980767,
    196.48783539345));
#5326 = VECTOR('',#5327,1.);
#5327 = DIRECTION('',(2.940346835074E-17,0.258819045103,0.965925826289)
  );
#5328 = PCURVE('',#4452,#5329);
#5329 = DEFINITIONAL_REPRESENTATION('',(#5330),#5334);
#5330 = LINE('',#5331,#5332);
#5331 = CARTESIAN_POINT('',(-383.,-114.9999999999));
#5332 = VECTOR('',#5333,1.);
#5333 = DIRECTION('',(-5.573218122467E-32,1.));
#5334 = ( GEOMETRIC_REPRESENTATION_CONTEXT(2) 
PARAMETRIC_REPRESENTATION_CONTEXT() REPRESENTATION_CONTEXT('2D SPACE',''
  ) );
#5335 = PCURVE('',#4419,#5336);
#5336 = DEFINITIONAL_REPRESENTATION('',(#5337),#5341);
#5337 = LINE('',#5338,#5339);
#5338 = CARTESIAN_POINT('',(5.497787143782,-3.126388037344E-13));
#5339 = VECTOR('',#5340,1.);
#5340 = DIRECTION('',(0.,-1.));
#5341 = ( GEOMETRIC_REPRESENTATION_CONTEXT(2) 
PARAMETRIC_REPRESENTATION_CONTEXT() REPRESENTATION_CONTEXT('2D SPACE',''
  ) );
#5342 = ORIENTED_EDGE('',*,*,#5343,.F.);
#5343 = EDGE_CURVE('',#4663,#5321,#5344,.T.);
#5344 = SURFACE_CURVE('',#5345,(#5350,#5361),.PCURVE_S1.);
#5345 = CIRCLE('',#5346,53.);
#5346 = AXIS2_PLACEMENT_3D('',#5347,#5348,#5349);
#5347 = CARTESIAN_POINT('',(-226.6199967142,-471.5236882634,
    85.406365370207));
#5348 = DIRECTION('',(-1.0091375563E-16,-0.965925826289,0.258819045103)
  );
#5349 = DIRECTION('',(0.707106781187,-0.183012701892,-0.683012701892));
#5350 = PCURVE('',#4452,#5351);
#5351 = DEFINITIONAL_REPRESENTATION('',(#5352),#5360);
#5352 = ( BOUNDED_CURVE() B_SPLINE_CURVE(2,(#5353,#5354,#5355,#5356,
#5357,#5358,#5359),.UNSPECIFIED.,.T.,.F.) B_SPLINE_CURVE_WITH_KNOTS((1,2
    ,2,2,2,1),(-2.094395102393,0.,2.094395102393,4.188790204786,
6.28318530718,8.377580409573),.UNSPECIFIED.) CURVE() 
GEOMETRIC_REPRESENTATION_ITEM() RATIONAL_B_SPLINE_CURVE((1.,0.5,1.,0.5,
1.,0.5,1.)) REPRESENTATION_ITEM('') );
#5353 = CARTESIAN_POINT('',(-367.4766594028,-267.4766594028));
#5354 = CARTESIAN_POINT('',(-432.3881375866,-202.5651812191));
#5355 = CARTESIAN_POINT('',(-343.7174093904,-178.8059312066));
#5356 = CARTESIAN_POINT('',(-255.0466811942,-155.0466811942));
#5357 = CARTESIAN_POINT('',(-278.8059312066,-243.7174093904));
#5358 = CARTESIAN_POINT('',(-302.5651812191,-332.3881375866));
#5359 = CARTESIAN_POINT('',(-367.4766594028,-267.4766594028));
#5360 = ( GEOMETRIC_REPRESENTATION_CONTEXT(2) 
PARAMETRIC_REPRESENTATION_CONTEXT() REPRESENTATION_CONTEXT('2D SPACE',''
  ) );
#5361 = PCURVE('',#4724,#5362);
#5362 = DEFINITIONAL_REPRESENTATION('',(#5363),#5367);
#5363 = LINE('',#5364,#5365);
#5364 = CARTESIAN_POINT('',(10.210176124167,1.570796326795));
#5365 = VECTOR('',#5366,1.);
#5366 = DIRECTION('',(-1.,-6.219751377084E-15));
#5367 = ( GEOMETRIC_REPRESENTATION_CONTEXT(2) 
PARAMETRIC_REPRESENTATION_CONTEXT() REPRESENTATION_CONTEXT('2D SPACE',''
  ) );
#5368 = ORIENTED_EDGE('',*,*,#4759,.F.);
#5369 = ORIENTED_EDGE('',*,*,#5370,.F.);
#5370 = EDGE_CURVE('',#5101,#4760,#5371,.T.);
#5371 = SURFACE_CURVE('',#5372,(#5377,#5384),.PCURVE_S1.);
#5372 = CIRCLE('',#5373,52.);
#5373 = AXIS2_PLACEMENT_3D('',#5374,#5375,#5376);
#5374 = CARTESIAN_POINT('',(-226.6199967142,-471.5236882634,
    85.406365370207));
#5375 = DIRECTION('',(1.0091375563E-16,0.965925826289,-0.258819045103));
#5376 = DIRECTION('',(0.707106781187,-0.183012701892,-0.683012701892));
#5377 = PCURVE('',#4452,#5378);
#5378 = DEFINITIONAL_REPRESENTATION('',(#5379),#5383);
#5379 = CIRCLE('',#5380,52.);
#5380 = AXIS2_PLACEMENT_2D('',#5381,#5382);
#5381 = CARTESIAN_POINT('',(-330.,-230.));
#5382 = DIRECTION('',(-0.707106781187,-0.707106781187));
#5383 = ( GEOMETRIC_REPRESENTATION_CONTEXT(2) 
PARAMETRIC_REPRESENTATION_CONTEXT() REPRESENTATION_CONTEXT('2D SPACE',''
  ) );
#5384 = PCURVE('',#4878,#5385);
#5385 = DEFINITIONAL_REPRESENTATION('',(#5386),#5390);
#5386 = LINE('',#5387,#5388);
#5387 = CARTESIAN_POINT('',(11.780972450962,4.712388980385));
#5388 = VECTOR('',#5389,1.);
#5389 = DIRECTION('',(-1.,2.487900550834E-14));
#5390 = ( GEOMETRIC_REPRESENTATION_CONTEXT(2) 
PARAMETRIC_REPRESENTATION_CONTEXT() REPRESENTATION_CONTEXT('2D SPACE',''
  ) );
#5391 = ORIENTED_EDGE('',*,*,#5100,.F.);
#5392 = ADVANCED_FACE('',(#5393),#4419,.T.);
#5393 = FACE_BOUND('',#5394,.T.);
#5394 = EDGE_LOOP('',(#5395,#5431,#5458,#5459,#5481,#5482,#5483,#5513));
#5395 = ORIENTED_EDGE('',*,*,#5396,.T.);
#5396 = EDGE_CURVE('',#5397,#5399,#5401,.T.);
#5397 = VERTEX_POINT('',#5398);
#5398 = CARTESIAN_POINT('',(-163.6199967142,-478.4845501539,
    98.065108182052));
#5399 = VERTEX_POINT('',#5400);
#5400 = CARTESIAN_POINT('',(-165.0307120506,-473.1829465263,
    98.065108182052));
#5401 = SURFACE_CURVE('',#5402,(#5407,#5419),.PCURVE_S1.);
#5402 = ELLIPSE('',#5403,10.352761804101,10.);
#5403 = AXIS2_PLACEMENT_3D('',#5404,#5405,#5406);
#5404 = CARTESIAN_POINT('',(-173.6199967142,-478.4845501539,
    98.065108182052));
#5405 = DIRECTION('',(0.,0.,1.));
#5406 = DIRECTION('',(-1.136062778498E-16,-1.,0.));
#5407 = PCURVE('',#4419,#5408);
#5408 = DEFINITIONAL_REPRESENTATION('',(#5409),#5418);
#5409 = B_SPLINE_CURVE_WITH_KNOTS('',7,(#5410,#5411,#5412,#5413,#5414,
    #5415,#5416,#5417),.UNSPECIFIED.,.F.,.F.,(8,8),(1.570796326795,
    2.68778580745),.PIECEWISE_BEZIER_KNOTS.);
#5410 = CARTESIAN_POINT('',(7.068583470577,104.57419701727));
#5411 = CARTESIAN_POINT('',(6.909013544769,104.1466306897));
#5412 = CARTESIAN_POINT('',(6.749443618961,103.7190644821));
#5413 = CARTESIAN_POINT('',(6.589873693154,103.30927943374));
#5414 = CARTESIAN_POINT('',(6.430303767346,102.93506109966));
#5415 = CARTESIAN_POINT('',(6.270733841538,102.61233385506));
#5416 = CARTESIAN_POINT('',(6.11116391573,102.35335148257));
#5417 = CARTESIAN_POINT('',(5.951593989922,102.16591057862));
#5418 = ( GEOMETRIC_REPRESENTATION_CONTEXT(2) 
PARAMETRIC_REPRESENTATION_CONTEXT() REPRESENTATION_CONTEXT('2D SPACE',''
  ) );
#5419 = PCURVE('',#5420,#5425);
#5420 = PLANE('',#5421);
#5421 = AXIS2_PLACEMENT_3D('',#5422,#5423,#5424);
#5422 = CARTESIAN_POINT('',(-234.6199967142,-513.2159529781,
    98.065108182052));
#5423 = DIRECTION('',(0.,0.,1.));
#5424 = DIRECTION('',(1.,0.,-0.));
#5425 = DEFINITIONAL_REPRESENTATION('',(#5426),#5430);
#5426 = ELLIPSE('',#5427,10.352761804101,10.);
#5427 = AXIS2_PLACEMENT_2D('',#5428,#5429);
#5428 = CARTESIAN_POINT('',(61.,34.731402824188));
#5429 = DIRECTION('',(-1.136062778498E-16,-1.));
#5430 = ( GEOMETRIC_REPRESENTATION_CONTEXT(2) 
PARAMETRIC_REPRESENTATION_CONTEXT() REPRESENTATION_CONTEXT('2D SPACE',''
  ) );
#5431 = ORIENTED_EDGE('',*,*,#5432,.T.);
#5432 = EDGE_CURVE('',#5399,#4599,#5433,.T.);
#5433 = SURFACE_CURVE('',#5434,(#5439,#5451),.PCURVE_S1.);
#5434 = ELLIPSE('',#5435,38.637033051563,10.);
#5435 = AXIS2_PLACEMENT_3D('',#5436,#5437,#5438);
#5436 = CARTESIAN_POINT('',(-173.6199967142,-473.1829465263,
    117.85096228178));
#5437 = DIRECTION('',(0.,1.,0.));
#5438 = DIRECTION('',(-3.044071040497E-17,0.,-1.));
#5439 = PCURVE('',#4419,#5440);
#5440 = DEFINITIONAL_REPRESENTATION('',(#5441),#5450);
#5441 = B_SPLINE_CURVE_WITH_KNOTS('',7,(#5442,#5443,#5444,#5445,#5446,
    #5447,#5448,#5449),.UNSPECIFIED.,.F.,.F.,(8,8),(5.029344374563,
    5.688314597733),.PIECEWISE_BEZIER_KNOTS.);
#5442 = CARTESIAN_POINT('',(6.751628076399,95.722245131761));
#5443 = CARTESIAN_POINT('',(6.657489473089,99.060543740932));
#5444 = CARTESIAN_POINT('',(6.563350869779,102.27857936081));
#5445 = CARTESIAN_POINT('',(6.469212266469,105.32803127126));
#5446 = CARTESIAN_POINT('',(6.375073663158,108.16318877551));
#5447 = CARTESIAN_POINT('',(6.280935059848,110.74270417442));
#5448 = CARTESIAN_POINT('',(6.186796456538,113.03114110151));
#5449 = CARTESIAN_POINT('',(6.092657853228,115.0000006));
#5450 = ( GEOMETRIC_REPRESENTATION_CONTEXT(2) 
PARAMETRIC_REPRESENTATION_CONTEXT() REPRESENTATION_CONTEXT('2D SPACE',''
  ) );
#5451 = PCURVE('',#5080,#5452);
#5452 = DEFINITIONAL_REPRESENTATION('',(#5453),#5457);
#5453 = ELLIPSE('',#5454,38.637033051563,10.);
#5454 = AXIS2_PLACEMENT_2D('',#5455,#5456);
#5455 = CARTESIAN_POINT('',(98.709733516763,61.));
#5456 = DIRECTION('',(-1.,-3.044071040497E-17));
#5457 = ( GEOMETRIC_REPRESENTATION_CONTEXT(2) 
PARAMETRIC_REPRESENTATION_CONTEXT() REPRESENTATION_CONTEXT('2D SPACE',''
  ) );
#5458 = ORIENTED_EDGE('',*,*,#4633,.T.);
#5459 = ORIENTED_EDGE('',*,*,#5460,.T.);
#5460 = EDGE_CURVE('',#4634,#5321,#5461,.T.);
#5461 = SURFACE_CURVE('',#5462,(#5467,#5474),.PCURVE_S1.);
#5462 = CIRCLE('',#5463,10.);
#5463 = AXIS2_PLACEMENT_3D('',#5464,#5465,#5466);
#5464 = CARTESIAN_POINT('',(-173.6199967142,-481.1829465263,
    87.994555821232));
#5465 = DIRECTION('',(2.940346835074E-17,0.258819045103,0.965925826289)
  );
#5466 = DIRECTION('',(1.,-1.050497185157E-16,-2.292723163573E-18));
#5467 = PCURVE('',#4419,#5468);
#5468 = DEFINITIONAL_REPRESENTATION('',(#5469),#5473);
#5469 = LINE('',#5470,#5471);
#5470 = CARTESIAN_POINT('',(7.068583470577,115.));
#5471 = VECTOR('',#5472,1.);
#5472 = DIRECTION('',(-1.,0.));
#5473 = ( GEOMETRIC_REPRESENTATION_CONTEXT(2) 
PARAMETRIC_REPRESENTATION_CONTEXT() REPRESENTATION_CONTEXT('2D SPACE',''
  ) );
#5474 = PCURVE('',#4724,#5475);
#5475 = DEFINITIONAL_REPRESENTATION('',(#5476),#5480);
#5476 = LINE('',#5477,#5478);
#5477 = CARTESIAN_POINT('',(3.14159265359,0.));
#5478 = VECTOR('',#5479,1.);
#5479 = DIRECTION('',(-5.654319433713E-16,1.));
#5480 = ( GEOMETRIC_REPRESENTATION_CONTEXT(2) 
PARAMETRIC_REPRESENTATION_CONTEXT() REPRESENTATION_CONTEXT('2D SPACE',''
  ) );
#5481 = ORIENTED_EDGE('',*,*,#5320,.T.);
#5482 = ORIENTED_EDGE('',*,*,#4402,.F.);
#5483 = ORIENTED_EDGE('',*,*,#5484,.F.);
#5484 = EDGE_CURVE('',#5485,#4371,#5487,.T.);
#5485 = VERTEX_POINT('',#5486);
#5486 = CARTESIAN_POINT('',(-163.6199967142,-364.2697793186,
    524.3204359142));
#5487 = SURFACE_CURVE('',#5488,(#5493,#5506),.PCURVE_S1.);
#5488 = ELLIPSE('',#5489,10.352761804101,10.);
#5489 = AXIS2_PLACEMENT_3D('',#5490,#5491,#5492);
#5490 = CARTESIAN_POINT('',(-173.6199967142,-364.2697793186,
    524.3204359142));
#5491 = DIRECTION('',(0.,0.,1.));
#5492 = DIRECTION('',(-1.136062778498E-16,-1.,0.));
#5493 = PCURVE('',#4419,#5494);
#5494 = DEFINITIONAL_REPRESENTATION('',(#5495),#5505);
#5495 = B_SPLINE_CURVE_WITH_KNOTS('',8,(#5496,#5497,#5498,#5499,#5500,
    #5501,#5502,#5503,#5504),.UNSPECIFIED.,.F.,.F.,(9,9),(1.570796326795
    ,3.14159265359),.PIECEWISE_BEZIER_KNOTS.);
#5496 = CARTESIAN_POINT('',(7.068583470577,-336.7177905567));
#5497 = CARTESIAN_POINT('',(6.872233929728,-337.2439075657));
#5498 = CARTESIAN_POINT('',(6.675884388878,-337.7700246992));
#5499 = CARTESIAN_POINT('',(6.479534848029,-338.2652326769));
#5500 = CARTESIAN_POINT('',(6.283185307179,-338.6986284066));
#5501 = CARTESIAN_POINT('',(6.08683576633,-339.0431020047));
#5502 = CARTESIAN_POINT('',(5.890486225481,-339.279221987));
#5503 = CARTESIAN_POINT('',(5.694136684631,-339.397282481));
#5504 = CARTESIAN_POINT('',(5.497787143782,-339.397282481));
#5505 = ( GEOMETRIC_REPRESENTATION_CONTEXT(2) 
PARAMETRIC_REPRESENTATION_CONTEXT() REPRESENTATION_CONTEXT('2D SPACE',''
  ) );
#5506 = PCURVE('',#5304,#5507);
#5507 = DEFINITIONAL_REPRESENTATION('',(#5508),#5512);
#5508 = ELLIPSE('',#5509,10.352761804101,10.);
#5509 = AXIS2_PLACEMENT_2D('',#5510,#5511);
#5510 = CARTESIAN_POINT('',(61.,13.583813070864));
#5511 = DIRECTION('',(-1.136062778498E-16,-1.));
#5512 = ( GEOMETRIC_REPRESENTATION_CONTEXT(2) 
PARAMETRIC_REPRESENTATION_CONTEXT() REPRESENTATION_CONTEXT('2D SPACE',''
  ) );
#5513 = ORIENTED_EDGE('',*,*,#5514,.T.);
#5514 = EDGE_CURVE('',#5485,#5397,#5515,.T.);
#5515 = SURFACE_CURVE('',#5516,(#5520,#5527),.PCURVE_S1.);
#5516 = LINE('',#5517,#5518);
#5517 = CARTESIAN_POINT('',(-163.6199967142,-451.4187563395,
    199.07602584447));
#5518 = VECTOR('',#5519,1.);
#5519 = DIRECTION('',(-2.940346835074E-17,-0.258819045103,
    -0.965925826289));
#5520 = PCURVE('',#4419,#5521);
#5521 = DEFINITIONAL_REPRESENTATION('',(#5522),#5526);
#5522 = LINE('',#5523,#5524);
#5523 = CARTESIAN_POINT('',(7.068583470577,0.));
#5524 = VECTOR('',#5525,1.);
#5525 = DIRECTION('',(-4.344350965925E-18,1.));
#5526 = ( GEOMETRIC_REPRESENTATION_CONTEXT(2) 
PARAMETRIC_REPRESENTATION_CONTEXT() REPRESENTATION_CONTEXT('2D SPACE',''
  ) );
#5527 = PCURVE('',#5528,#5533);
#5528 = PLANE('',#5529);
#5529 = AXIS2_PLACEMENT_3D('',#5530,#5531,#5532);
#5530 = CARTESIAN_POINT('',(-163.6199967142,-471.5236882634,
    85.406365370207));
#5531 = DIRECTION('',(1.,-1.050497185157E-16,-2.292723163573E-18));
#5532 = DIRECTION('',(2.940346835074E-17,0.258819045103,0.965925826289)
  );
#5533 = DEFINITIONAL_REPRESENTATION('',(#5534),#5538);
#5534 = LINE('',#5535,#5536);
#5535 = CARTESIAN_POINT('',(115.,10.));
#5536 = VECTOR('',#5537,1.);
#5537 = DIRECTION('',(-1.,5.55862388008E-17));
#5538 = ( GEOMETRIC_REPRESENTATION_CONTEXT(2) 
PARAMETRIC_REPRESENTATION_CONTEXT() REPRESENTATION_CONTEXT('2D SPACE',''
  ) );
#5539 = ADVANCED_FACE('',(#5540),#4530,.F.);
#5540 = FACE_BOUND('',#5541,.F.);
#5541 = EDGE_LOOP('',(#5542,#5543,#5566,#5587,#5614));
#5542 = ORIENTED_EDGE('',*,*,#5260,.F.);
#5543 = ORIENTED_EDGE('',*,*,#5544,.T.);
#5544 = EDGE_CURVE('',#5219,#5545,#5547,.T.);
#5545 = VERTEX_POINT('',#5546);
#5546 = CARTESIAN_POINT('',(-163.6199967142,-377.8535923895,
    524.3204359142));
#5547 = SURFACE_CURVE('',#5548,(#5552,#5559),.PCURVE_S1.);
#5548 = LINE('',#5549,#5550);
#5549 = CARTESIAN_POINT('',(-234.6199967142,-377.8535923895,
    524.3204359142));
#5550 = VECTOR('',#5551,1.);
#5551 = DIRECTION('',(1.,0.,-0.));
#5552 = PCURVE('',#4530,#5553);
#5553 = DEFINITIONAL_REPRESENTATION('',(#5554),#5558);
#5554 = LINE('',#5555,#5556);
#5555 = CARTESIAN_POINT('',(0.,0.));
#5556 = VECTOR('',#5557,1.);
#5557 = DIRECTION('',(1.,0.));
#5558 = ( GEOMETRIC_REPRESENTATION_CONTEXT(2) 
PARAMETRIC_REPRESENTATION_CONTEXT() REPRESENTATION_CONTEXT('2D SPACE',''
  ) );
#5559 = PCURVE('',#5248,#5560);
#5560 = DEFINITIONAL_REPRESENTATION('',(#5561),#5565);
#5561 = LINE('',#5562,#5563);
#5562 = CARTESIAN_POINT('',(0.,0.));
#5563 = VECTOR('',#5564,1.);
#5564 = DIRECTION('',(0.,1.));
#5565 = ( GEOMETRIC_REPRESENTATION_CONTEXT(2) 
PARAMETRIC_REPRESENTATION_CONTEXT() REPRESENTATION_CONTEXT('2D SPACE',''
  ) );
#5566 = ORIENTED_EDGE('',*,*,#5567,.T.);
#5567 = EDGE_CURVE('',#5545,#5568,#5570,.T.);
#5568 = VERTEX_POINT('',#5569);
#5569 = CARTESIAN_POINT('',(-163.6199967142,-372.5519887619,
    524.3204359142));
#5570 = SURFACE_CURVE('',#5571,(#5575,#5581),.PCURVE_S1.);
#5571 = LINE('',#5572,#5573);
#5572 = CARTESIAN_POINT('',(-163.6199967142,-401.6859309237,
    524.3204359142));
#5573 = VECTOR('',#5574,1.);
#5574 = DIRECTION('',(0.,1.,0.));
#5575 = PCURVE('',#4530,#5576);
#5576 = DEFINITIONAL_REPRESENTATION('',(#5577),#5580);
#5577 = B_SPLINE_CURVE_WITH_KNOTS('',1,(#5578,#5579),.UNSPECIFIED.,.F.,
  .F.,(2,2),(23.832338534212,63.865344985983),.PIECEWISE_BEZIER_KNOTS.);
#5578 = CARTESIAN_POINT('',(71.,0.));
#5579 = CARTESIAN_POINT('',(71.,40.033006451772));
#5580 = ( GEOMETRIC_REPRESENTATION_CONTEXT(2) 
PARAMETRIC_REPRESENTATION_CONTEXT() REPRESENTATION_CONTEXT('2D SPACE',''
  ) );
#5581 = PCURVE('',#5207,#5582);
#5582 = DEFINITIONAL_REPRESENTATION('',(#5583),#5586);
#5583 = B_SPLINE_CURVE_WITH_KNOTS('',1,(#5584,#5585),.UNSPECIFIED.,.F.,
  .F.,(2,2),(23.832338534212,63.865344985983),.PIECEWISE_BEZIER_KNOTS.);
#5584 = CARTESIAN_POINT('',(-213.127663866,-47.66467706842));
#5585 = CARTESIAN_POINT('',(-213.127663866,-87.69768352019));
#5586 = ( GEOMETRIC_REPRESENTATION_CONTEXT(2) 
PARAMETRIC_REPRESENTATION_CONTEXT() REPRESENTATION_CONTEXT('2D SPACE',''
  ) );
#5587 = ORIENTED_EDGE('',*,*,#5588,.F.);
#5588 = EDGE_CURVE('',#4516,#5568,#5589,.T.);
#5589 = SURFACE_CURVE('',#5590,(#5595,#5602),.PCURVE_S1.);
#5590 = ELLIPSE('',#5591,2.07055236082,2.);
#5591 = AXIS2_PLACEMENT_3D('',#5592,#5593,#5594);
#5592 = CARTESIAN_POINT('',(-165.6199967142,-372.5519887619,
    524.3204359142));
#5593 = DIRECTION('',(0.,0.,1.));
#5594 = DIRECTION('',(1.136062778498E-16,1.,-0.));
#5595 = PCURVE('',#4530,#5596);
#5596 = DEFINITIONAL_REPRESENTATION('',(#5597),#5601);
#5597 = ELLIPSE('',#5598,2.07055236082,2.);
#5598 = AXIS2_PLACEMENT_2D('',#5599,#5600);
#5599 = CARTESIAN_POINT('',(69.,5.301603627584));
#5600 = DIRECTION('',(1.136062778498E-16,1.));
#5601 = ( GEOMETRIC_REPRESENTATION_CONTEXT(2) 
PARAMETRIC_REPRESENTATION_CONTEXT() REPRESENTATION_CONTEXT('2D SPACE',''
  ) );
#5602 = PCURVE('',#4557,#5603);
#5603 = DEFINITIONAL_REPRESENTATION('',(#5604),#5613);
#5604 = B_SPLINE_CURVE_WITH_KNOTS('',7,(#5605,#5606,#5607,#5608,#5609,
    #5610,#5611,#5612),.UNSPECIFIED.,.F.,.F.,(8,8),(3.141592653589,
    4.712388980385),.PIECEWISE_BEZIER_KNOTS.);
#5605 = CARTESIAN_POINT('',(5.497787143782,334.0382986324));
#5606 = CARTESIAN_POINT('',(5.722186619038,334.0382986324));
#5607 = CARTESIAN_POINT('',(5.946586094295,334.06978195112));
#5608 = CARTESIAN_POINT('',(6.170985569551,334.13274402164));
#5609 = CARTESIAN_POINT('',(6.395385044808,334.22331925074));
#5610 = CARTESIAN_POINT('',(6.619784520064,334.33368687289));
#5611 = CARTESIAN_POINT('',(6.844183995321,334.45394170091));
#5612 = CARTESIAN_POINT('',(7.068583470577,334.57419701727));
#5613 = ( GEOMETRIC_REPRESENTATION_CONTEXT(2) 
PARAMETRIC_REPRESENTATION_CONTEXT() REPRESENTATION_CONTEXT('2D SPACE',''
  ) );
#5614 = ORIENTED_EDGE('',*,*,#4515,.F.);
#5615 = ADVANCED_FACE('',(#5616),#4582,.T.);
#5616 = FACE_BOUND('',#5617,.T.);
#5617 = EDGE_LOOP('',(#5618,#5619,#5642,#5663,#5690));
#5618 = ORIENTED_EDGE('',*,*,#4961,.F.);
#5619 = ORIENTED_EDGE('',*,*,#5620,.T.);
#5620 = EDGE_CURVE('',#4962,#5621,#5623,.T.);
#5621 = VERTEX_POINT('',#5622);
#5622 = CARTESIAN_POINT('',(-163.6199967142,-513.2159529781,
    98.065108182052));
#5623 = SURFACE_CURVE('',#5624,(#5628,#5635),.PCURVE_S1.);
#5624 = LINE('',#5625,#5626);
#5625 = CARTESIAN_POINT('',(-234.6199967142,-513.2159529781,
    98.065108182052));
#5626 = VECTOR('',#5627,1.);
#5627 = DIRECTION('',(1.,0.,-0.));
#5628 = PCURVE('',#4582,#5629);
#5629 = DEFINITIONAL_REPRESENTATION('',(#5630),#5634);
#5630 = LINE('',#5631,#5632);
#5631 = CARTESIAN_POINT('',(0.,0.));
#5632 = VECTOR('',#5633,1.);
#5633 = DIRECTION('',(1.,0.));
#5634 = ( GEOMETRIC_REPRESENTATION_CONTEXT(2) 
PARAMETRIC_REPRESENTATION_CONTEXT() REPRESENTATION_CONTEXT('2D SPACE',''
  ) );
#5635 = PCURVE('',#5016,#5636);
#5636 = DEFINITIONAL_REPRESENTATION('',(#5637),#5641);
#5637 = LINE('',#5638,#5639);
#5638 = CARTESIAN_POINT('',(78.923879417032,0.));
#5639 = VECTOR('',#5640,1.);
#5640 = DIRECTION('',(0.,1.));
#5641 = ( GEOMETRIC_REPRESENTATION_CONTEXT(2) 
PARAMETRIC_REPRESENTATION_CONTEXT() REPRESENTATION_CONTEXT('2D SPACE',''
  ) );
#5642 = ORIENTED_EDGE('',*,*,#5643,.T.);
#5643 = EDGE_CURVE('',#5621,#5644,#5646,.T.);
#5644 = VERTEX_POINT('',#5645);
#5645 = CARTESIAN_POINT('',(-163.6199967142,-486.7667595972,
    98.065108182052));
#5646 = SURFACE_CURVE('',#5647,(#5651,#5657),.PCURVE_S1.);
#5647 = LINE('',#5648,#5649);
#5648 = CARTESIAN_POINT('',(-163.6199967142,-469.367111218,
    98.065108182052));
#5649 = VECTOR('',#5650,1.);
#5650 = DIRECTION('',(0.,1.,0.));
#5651 = PCURVE('',#4582,#5652);
#5652 = DEFINITIONAL_REPRESENTATION('',(#5653),#5656);
#5653 = B_SPLINE_CURVE_WITH_KNOTS('',1,(#5654,#5655),.UNSPECIFIED.,.F.,
  .F.,(2,2),(-43.84884176009,-3.815835308326),.PIECEWISE_BEZIER_KNOTS.);
#5654 = CARTESIAN_POINT('',(71.,0.));
#5655 = CARTESIAN_POINT('',(71.,40.033006451771));
#5656 = ( GEOMETRIC_REPRESENTATION_CONTEXT(2) 
PARAMETRIC_REPRESENTATION_CONTEXT() REPRESENTATION_CONTEXT('2D SPACE',''
  ) );
#5657 = PCURVE('',#5043,#5658);
#5658 = DEFINITIONAL_REPRESENTATION('',(#5659),#5662);
#5659 = B_SPLINE_CURVE_WITH_KNOTS('',1,(#5660,#5661),.UNSPECIFIED.,.F.,
  .F.,(2,2),(-43.84884176009,-3.815835308326),.PIECEWISE_BEZIER_KNOTS.);
#5660 = CARTESIAN_POINT('',(213.12766386607,87.697683520195));
#5661 = CARTESIAN_POINT('',(213.12766386607,47.664677068424));
#5662 = ( GEOMETRIC_REPRESENTATION_CONTEXT(2) 
PARAMETRIC_REPRESENTATION_CONTEXT() REPRESENTATION_CONTEXT('2D SPACE',''
  ) );
#5663 = ORIENTED_EDGE('',*,*,#5664,.F.);
#5664 = EDGE_CURVE('',#4542,#5644,#5665,.T.);
#5665 = SURFACE_CURVE('',#5666,(#5671,#5678),.PCURVE_S1.);
#5666 = ELLIPSE('',#5667,2.07055236082,2.);
#5667 = AXIS2_PLACEMENT_3D('',#5668,#5669,#5670);
#5668 = CARTESIAN_POINT('',(-165.6199967142,-486.7667595972,
    98.065108182052));
#5669 = DIRECTION('',(0.,0.,1.));
#5670 = DIRECTION('',(1.136062778498E-16,1.,-0.));
#5671 = PCURVE('',#4582,#5672);
#5672 = DEFINITIONAL_REPRESENTATION('',(#5673),#5677);
#5673 = ELLIPSE('',#5674,2.07055236082,2.);
#5674 = AXIS2_PLACEMENT_2D('',#5675,#5676);
#5675 = CARTESIAN_POINT('',(69.,26.449193380908));
#5676 = DIRECTION('',(1.136062778498E-16,1.));
#5677 = ( GEOMETRIC_REPRESENTATION_CONTEXT(2) 
PARAMETRIC_REPRESENTATION_CONTEXT() REPRESENTATION_CONTEXT('2D SPACE',''
  ) );
#5678 = PCURVE('',#4557,#5679);
#5679 = DEFINITIONAL_REPRESENTATION('',(#5680),#5689);
#5680 = B_SPLINE_CURVE_WITH_KNOTS('',7,(#5681,#5682,#5683,#5684,#5685,
    #5686,#5687,#5688),.UNSPECIFIED.,.F.,.F.,(8,8),(3.141592653589,
    4.712388980385),.PIECEWISE_BEZIER_KNOTS.);
#5681 = CARTESIAN_POINT('',(5.497787143782,-107.2536889415));
#5682 = CARTESIAN_POINT('',(5.722186619038,-107.2536889415));
#5683 = CARTESIAN_POINT('',(5.946586094295,-107.2222056228));
#5684 = CARTESIAN_POINT('',(6.170985569551,-107.1592435524));
#5685 = CARTESIAN_POINT('',(6.395385044808,-107.0686683231));
#5686 = CARTESIAN_POINT('',(6.619784520064,-106.9583007011));
#5687 = CARTESIAN_POINT('',(6.844183995321,-106.838045873));
#5688 = CARTESIAN_POINT('',(7.068583470577,-106.7177905567));
#5689 = ( GEOMETRIC_REPRESENTATION_CONTEXT(2) 
PARAMETRIC_REPRESENTATION_CONTEXT() REPRESENTATION_CONTEXT('2D SPACE',''
  ) );
#5690 = ORIENTED_EDGE('',*,*,#4569,.F.);
#5691 = ADVANCED_FACE('',(#5692),#4557,.T.);
#5692 = FACE_BOUND('',#5693,.T.);
#5693 = EDGE_LOOP('',(#5694,#5695,#5716,#5717));
#5694 = ORIENTED_EDGE('',*,*,#5664,.T.);
#5695 = ORIENTED_EDGE('',*,*,#5696,.T.);
#5696 = EDGE_CURVE('',#5644,#5568,#5697,.T.);
#5697 = SURFACE_CURVE('',#5698,(#5702,#5709),.PCURVE_S1.);
#5698 = LINE('',#5699,#5700);
#5699 = CARTESIAN_POINT('',(-163.6199967142,-459.1461629499,
    201.14657820529));
#5700 = VECTOR('',#5701,1.);
#5701 = DIRECTION('',(2.940346835074E-17,0.258819045103,0.965925826289)
  );
#5702 = PCURVE('',#4557,#5703);
#5703 = DEFINITIONAL_REPRESENTATION('',(#5704),#5708);
#5704 = LINE('',#5705,#5706);
#5705 = CARTESIAN_POINT('',(7.068583470577,0.));
#5706 = VECTOR('',#5707,1.);
#5707 = DIRECTION('',(-2.196310766106E-17,1.));
#5708 = ( GEOMETRIC_REPRESENTATION_CONTEXT(2) 
PARAMETRIC_REPRESENTATION_CONTEXT() REPRESENTATION_CONTEXT('2D SPACE',''
  ) );
#5709 = PCURVE('',#5528,#5710);
#5710 = DEFINITIONAL_REPRESENTATION('',(#5711),#5715);
#5711 = LINE('',#5712,#5713);
#5712 = CARTESIAN_POINT('',(115.,18.));
#5713 = VECTOR('',#5714,1.);
#5714 = DIRECTION('',(1.,-5.55862388008E-17));
#5715 = ( GEOMETRIC_REPRESENTATION_CONTEXT(2) 
PARAMETRIC_REPRESENTATION_CONTEXT() REPRESENTATION_CONTEXT('2D SPACE',''
  ) );
#5716 = ORIENTED_EDGE('',*,*,#5588,.F.);
#5717 = ORIENTED_EDGE('',*,*,#4541,.T.);
#5718 = ADVANCED_FACE('',(#5719),#4878,.T.);
#5719 = FACE_BOUND('',#5720,.T.);
#5720 = EDGE_LOOP('',(#5721,#5722,#5723));
#5721 = ORIENTED_EDGE('',*,*,#4780,.F.);
#5722 = ORIENTED_EDGE('',*,*,#5123,.T.);
#5723 = ORIENTED_EDGE('',*,*,#5370,.T.);
#5724 = ADVANCED_FACE('',(#5725),#4724,.T.);
#5725 = FACE_BOUND('',#5726,.T.);
#5726 = EDGE_LOOP('',(#5727,#5728,#5729));
#5727 = ORIENTED_EDGE('',*,*,#4662,.F.);
#5728 = ORIENTED_EDGE('',*,*,#5343,.T.);
#5729 = ORIENTED_EDGE('',*,*,#5460,.F.);
#5730 = ADVANCED_FACE('',(#5731),#5080,.T.);
#5731 = FACE_BOUND('',#5732,.T.);
#5732 = EDGE_LOOP('',(#5733,#5756,#5775,#5776));
#5733 = ORIENTED_EDGE('',*,*,#5734,.T.);
#5734 = EDGE_CURVE('',#5399,#5735,#5737,.T.);
#5735 = VERTEX_POINT('',#5736);
#5736 = CARTESIAN_POINT('',(-163.6199967142,-473.1829465263,
    98.065108182052));
#5737 = SURFACE_CURVE('',#5738,(#5742,#5749),.PCURVE_S1.);
#5738 = LINE('',#5739,#5740);
#5739 = CARTESIAN_POINT('',(-234.6199967142,-473.1829465263,
    98.065108182052));
#5740 = VECTOR('',#5741,1.);
#5741 = DIRECTION('',(1.,0.,-0.));
#5742 = PCURVE('',#5080,#5743);
#5743 = DEFINITIONAL_REPRESENTATION('',(#5744),#5748);
#5744 = LINE('',#5745,#5746);
#5745 = CARTESIAN_POINT('',(78.923879417032,0.));
#5746 = VECTOR('',#5747,1.);
#5747 = DIRECTION('',(0.,1.));
#5748 = ( GEOMETRIC_REPRESENTATION_CONTEXT(2) 
PARAMETRIC_REPRESENTATION_CONTEXT() REPRESENTATION_CONTEXT('2D SPACE',''
  ) );
#5749 = PCURVE('',#5420,#5750);
#5750 = DEFINITIONAL_REPRESENTATION('',(#5751),#5755);
#5751 = LINE('',#5752,#5753);
#5752 = CARTESIAN_POINT('',(0.,40.033006451771));
#5753 = VECTOR('',#5754,1.);
#5754 = DIRECTION('',(1.,0.));
#5755 = ( GEOMETRIC_REPRESENTATION_CONTEXT(2) 
PARAMETRIC_REPRESENTATION_CONTEXT() REPRESENTATION_CONTEXT('2D SPACE',''
  ) );
#5756 = ORIENTED_EDGE('',*,*,#5757,.T.);
#5757 = EDGE_CURVE('',#5735,#5029,#5758,.T.);
#5758 = SURFACE_CURVE('',#5759,(#5763,#5769),.PCURVE_S1.);
#5759 = LINE('',#5760,#5761);
#5760 = CARTESIAN_POINT('',(-163.6199967142,-473.1829465263,
    165.16700040657));
#5761 = VECTOR('',#5762,1.);
#5762 = DIRECTION('',(0.,0.,-1.));
#5763 = PCURVE('',#5080,#5764);
#5764 = DEFINITIONAL_REPRESENTATION('',(#5765),#5768);
#5765 = B_SPLINE_CURVE_WITH_KNOTS('',1,(#5766,#5767),.UNSPECIFIED.,.F.,
  .F.,(2,2),(67.101892224522,146.02577164155),.PIECEWISE_BEZIER_KNOTS.);
#5766 = CARTESIAN_POINT('',(78.923879417032,71.));
#5767 = CARTESIAN_POINT('',(0.,71.));
#5768 = ( GEOMETRIC_REPRESENTATION_CONTEXT(2) 
PARAMETRIC_REPRESENTATION_CONTEXT() REPRESENTATION_CONTEXT('2D SPACE',''
  ) );
#5769 = PCURVE('',#5043,#5770);
#5770 = DEFINITIONAL_REPRESENTATION('',(#5771),#5774);
#5771 = B_SPLINE_CURVE_WITH_KNOTS('',1,(#5772,#5773),.UNSPECIFIED.,.F.,
  .F.,(2,2),(67.101892224522,146.02577164155),.PIECEWISE_BEZIER_KNOTS.);
#5772 = CARTESIAN_POINT('',(213.12766386607,47.664677068424));
#5773 = CARTESIAN_POINT('',(292.0515432831,47.664677068424));
#5774 = ( GEOMETRIC_REPRESENTATION_CONTEXT(2) 
PARAMETRIC_REPRESENTATION_CONTEXT() REPRESENTATION_CONTEXT('2D SPACE',''
  ) );
#5775 = ORIENTED_EDGE('',*,*,#5054,.F.);
#5776 = ORIENTED_EDGE('',*,*,#5432,.F.);
#5777 = ADVANCED_FACE('',(#5778),#5043,.F.);
#5778 = FACE_BOUND('',#5779,.F.);
#5779 = EDGE_LOOP('',(#5780,#5799,#5800,#5801,#5820,#5821,#5849,#5872));
#5780 = ORIENTED_EDGE('',*,*,#5781,.T.);
#5781 = EDGE_CURVE('',#5397,#5735,#5782,.T.);
#5782 = SURFACE_CURVE('',#5783,(#5787,#5793),.PCURVE_S1.);
#5783 = LINE('',#5784,#5785);
#5784 = CARTESIAN_POINT('',(-163.6199967142,-469.367111218,
    98.065108182052));
#5785 = VECTOR('',#5786,1.);
#5786 = DIRECTION('',(0.,1.,0.));
#5787 = PCURVE('',#5043,#5788);
#5788 = DEFINITIONAL_REPRESENTATION('',(#5789),#5792);
#5789 = B_SPLINE_CURVE_WITH_KNOTS('',1,(#5790,#5791),.UNSPECIFIED.,.F.,
  .F.,(2,2),(-43.84884176009,-3.815835308326),.PIECEWISE_BEZIER_KNOTS.);
#5790 = CARTESIAN_POINT('',(213.12766386607,87.697683520195));
#5791 = CARTESIAN_POINT('',(213.12766386607,47.664677068424));
#5792 = ( GEOMETRIC_REPRESENTATION_CONTEXT(2) 
PARAMETRIC_REPRESENTATION_CONTEXT() REPRESENTATION_CONTEXT('2D SPACE',''
  ) );
#5793 = PCURVE('',#5420,#5794);
#5794 = DEFINITIONAL_REPRESENTATION('',(#5795),#5798);
#5795 = B_SPLINE_CURVE_WITH_KNOTS('',1,(#5796,#5797),.UNSPECIFIED.,.F.,
  .F.,(2,2),(-43.84884176009,-3.815835308326),.PIECEWISE_BEZIER_KNOTS.);
#5796 = CARTESIAN_POINT('',(71.,0.));
#5797 = CARTESIAN_POINT('',(71.,40.033006451771));
#5798 = ( GEOMETRIC_REPRESENTATION_CONTEXT(2) 
PARAMETRIC_REPRESENTATION_CONTEXT() REPRESENTATION_CONTEXT('2D SPACE',''
  ) );
#5799 = ORIENTED_EDGE('',*,*,#5757,.T.);
#5800 = ORIENTED_EDGE('',*,*,#5028,.T.);
#5801 = ORIENTED_EDGE('',*,*,#5802,.F.);
#5802 = EDGE_CURVE('',#5621,#4989,#5803,.T.);
#5803 = SURFACE_CURVE('',#5804,(#5808,#5814),.PCURVE_S1.);
#5804 = LINE('',#5805,#5806);
#5805 = CARTESIAN_POINT('',(-163.6199967142,-513.2159529781,
    165.16700040657));
#5806 = VECTOR('',#5807,1.);
#5807 = DIRECTION('',(0.,0.,-1.));
#5808 = PCURVE('',#5043,#5809);
#5809 = DEFINITIONAL_REPRESENTATION('',(#5810),#5813);
#5810 = B_SPLINE_CURVE_WITH_KNOTS('',1,(#5811,#5812),.UNSPECIFIED.,.F.,
  .F.,(2,2),(67.101892224522,146.02577164155),.PIECEWISE_BEZIER_KNOTS.);
#5811 = CARTESIAN_POINT('',(213.12766386607,87.697683520195));
#5812 = CARTESIAN_POINT('',(292.0515432831,87.697683520195));
#5813 = ( GEOMETRIC_REPRESENTATION_CONTEXT(2) 
PARAMETRIC_REPRESENTATION_CONTEXT() REPRESENTATION_CONTEXT('2D SPACE',''
  ) );
#5814 = PCURVE('',#5016,#5815);
#5815 = DEFINITIONAL_REPRESENTATION('',(#5816),#5819);
#5816 = B_SPLINE_CURVE_WITH_KNOTS('',1,(#5817,#5818),.UNSPECIFIED.,.F.,
  .F.,(2,2),(67.101892224522,146.02577164155),.PIECEWISE_BEZIER_KNOTS.);
#5817 = CARTESIAN_POINT('',(78.923879417032,71.));
#5818 = CARTESIAN_POINT('',(0.,71.));
#5819 = ( GEOMETRIC_REPRESENTATION_CONTEXT(2) 
PARAMETRIC_REPRESENTATION_CONTEXT() REPRESENTATION_CONTEXT('2D SPACE',''
  ) );
#5820 = ORIENTED_EDGE('',*,*,#5643,.T.);
#5821 = ORIENTED_EDGE('',*,*,#5822,.F.);
#5822 = EDGE_CURVE('',#5823,#5644,#5825,.T.);
#5823 = VERTEX_POINT('',#5824);
#5824 = CARTESIAN_POINT('',(-163.6199967142,-488.9103531366,
    90.065108182052));
#5825 = SURFACE_CURVE('',#5826,(#5830,#5837),.PCURVE_S1.);
#5826 = LINE('',#5827,#5828);
#5827 = CARTESIAN_POINT('',(-163.6199967142,-459.1461629499,
    201.14657820529));
#5828 = VECTOR('',#5829,1.);
#5829 = DIRECTION('',(2.940346835074E-17,0.258819045103,0.965925826289)
  );
#5830 = PCURVE('',#5043,#5831);
#5831 = DEFINITIONAL_REPRESENTATION('',(#5832),#5836);
#5832 = LINE('',#5833,#5834);
#5833 = CARTESIAN_POINT('',(110.04619384283,33.627893491946));
#5834 = VECTOR('',#5835,1.);
#5835 = DIRECTION('',(-0.965925826289,-0.258819045103));
#5836 = ( GEOMETRIC_REPRESENTATION_CONTEXT(2) 
PARAMETRIC_REPRESENTATION_CONTEXT() REPRESENTATION_CONTEXT('2D SPACE',''
  ) );
#5837 = PCURVE('',#5838,#5843);
#5838 = PLANE('',#5839);
#5839 = AXIS2_PLACEMENT_3D('',#5840,#5841,#5842);
#5840 = CARTESIAN_POINT('',(-163.6199967142,-471.5236882634,
    85.406365370207));
#5841 = DIRECTION('',(1.,-1.050497185157E-16,-2.292723163573E-18));
#5842 = DIRECTION('',(2.940346835074E-17,0.258819045103,0.965925826289)
  );
#5843 = DEFINITIONAL_REPRESENTATION('',(#5844),#5848);
#5844 = LINE('',#5845,#5846);
#5845 = CARTESIAN_POINT('',(115.,18.));
#5846 = VECTOR('',#5847,1.);
#5847 = DIRECTION('',(1.,-5.55862388008E-17));
#5848 = ( GEOMETRIC_REPRESENTATION_CONTEXT(2) 
PARAMETRIC_REPRESENTATION_CONTEXT() REPRESENTATION_CONTEXT('2D SPACE',''
  ) );
#5849 = ORIENTED_EDGE('',*,*,#5850,.F.);
#5850 = EDGE_CURVE('',#5851,#5823,#5853,.T.);
#5851 = VERTEX_POINT('',#5852);
#5852 = CARTESIAN_POINT('',(-163.6199967142,-481.1829465263,
    87.994555821232));
#5853 = SURFACE_CURVE('',#5854,(#5858,#5865),.PCURVE_S1.);
#5854 = LINE('',#5855,#5856);
#5855 = CARTESIAN_POINT('',(-163.6199967142,-471.5236882634,
    85.406365370207));
#5856 = VECTOR('',#5857,1.);
#5857 = DIRECTION('',(-1.008768357388E-16,-0.965925826289,0.258819045103
    ));
#5858 = PCURVE('',#5043,#5859);
#5859 = DEFINITIONAL_REPRESENTATION('',(#5860),#5864);
#5860 = LINE('',#5861,#5862);
#5861 = CARTESIAN_POINT('',(225.78640667792,46.005418805533));
#5862 = VECTOR('',#5863,1.);
#5863 = DIRECTION('',(-0.258819045103,0.965925826289));
#5864 = ( GEOMETRIC_REPRESENTATION_CONTEXT(2) 
PARAMETRIC_REPRESENTATION_CONTEXT() REPRESENTATION_CONTEXT('2D SPACE',''
  ) );
#5865 = PCURVE('',#5838,#5866);
#5866 = DEFINITIONAL_REPRESENTATION('',(#5867),#5871);
#5867 = LINE('',#5868,#5869);
#5868 = CARTESIAN_POINT('',(0.,0.));
#5869 = VECTOR('',#5870,1.);
#5870 = DIRECTION('',(5.354456705177E-17,1.));
#5871 = ( GEOMETRIC_REPRESENTATION_CONTEXT(2) 
PARAMETRIC_REPRESENTATION_CONTEXT() REPRESENTATION_CONTEXT('2D SPACE',''
  ) );
#5872 = ORIENTED_EDGE('',*,*,#5873,.F.);
#5873 = EDGE_CURVE('',#5397,#5851,#5874,.T.);
#5874 = SURFACE_CURVE('',#5875,(#5879,#5886),.PCURVE_S1.);
#5875 = LINE('',#5876,#5877);
#5876 = CARTESIAN_POINT('',(-163.6199967142,-451.4187563395,
    199.07602584447));
#5877 = VECTOR('',#5878,1.);
#5878 = DIRECTION('',(-2.940346835074E-17,-0.258819045103,
    -0.965925826289));
#5879 = PCURVE('',#5043,#5880);
#5880 = DEFINITIONAL_REPRESENTATION('',(#5881),#5885);
#5881 = LINE('',#5882,#5883);
#5882 = CARTESIAN_POINT('',(112.11674620365,25.900486881634));
#5883 = VECTOR('',#5884,1.);
#5884 = DIRECTION('',(0.965925826289,0.258819045103));
#5885 = ( GEOMETRIC_REPRESENTATION_CONTEXT(2) 
PARAMETRIC_REPRESENTATION_CONTEXT() REPRESENTATION_CONTEXT('2D SPACE',''
  ) );
#5886 = PCURVE('',#5838,#5887);
#5887 = DEFINITIONAL_REPRESENTATION('',(#5888),#5892);
#5888 = LINE('',#5889,#5890);
#5889 = CARTESIAN_POINT('',(115.,10.));
#5890 = VECTOR('',#5891,1.);
#5891 = DIRECTION('',(-1.,5.55862388008E-17));
#5892 = ( GEOMETRIC_REPRESENTATION_CONTEXT(2) 
PARAMETRIC_REPRESENTATION_CONTEXT() REPRESENTATION_CONTEXT('2D SPACE',''
  ) );
#5893 = ADVANCED_FACE('',(#5894),#5016,.F.);
#5894 = FACE_BOUND('',#5895,.F.);
#5895 = EDGE_LOOP('',(#5896,#5897,#5898));
#5896 = ORIENTED_EDGE('',*,*,#5802,.T.);
#5897 = ORIENTED_EDGE('',*,*,#4988,.F.);
#5898 = ORIENTED_EDGE('',*,*,#5620,.T.);
#5899 = ADVANCED_FACE('',(#5900),#5180,.T.);
#5900 = FACE_BOUND('',#5901,.T.);
#5901 = EDGE_LOOP('',(#5902,#5925,#5926));
#5902 = ORIENTED_EDGE('',*,*,#5903,.F.);
#5903 = EDGE_CURVE('',#5151,#5904,#5906,.T.);
#5904 = VERTEX_POINT('',#5905);
#5905 = CARTESIAN_POINT('',(-163.6199967142,-337.8205859377,
    524.3204359142));
#5906 = SURFACE_CURVE('',#5907,(#5911,#5918),.PCURVE_S1.);
#5907 = LINE('',#5908,#5909);
#5908 = CARTESIAN_POINT('',(-234.6199967142,-337.8205859377,
    524.3204359142));
#5909 = VECTOR('',#5910,1.);
#5910 = DIRECTION('',(1.,0.,-0.));
#5911 = PCURVE('',#5180,#5912);
#5912 = DEFINITIONAL_REPRESENTATION('',(#5913),#5917);
#5913 = LINE('',#5914,#5915);
#5914 = CARTESIAN_POINT('',(0.,0.));
#5915 = VECTOR('',#5916,1.);
#5916 = DIRECTION('',(0.,1.));
#5917 = ( GEOMETRIC_REPRESENTATION_CONTEXT(2) 
PARAMETRIC_REPRESENTATION_CONTEXT() REPRESENTATION_CONTEXT('2D SPACE',''
  ) );
#5918 = PCURVE('',#5304,#5919);
#5919 = DEFINITIONAL_REPRESENTATION('',(#5920),#5924);
#5920 = LINE('',#5921,#5922);
#5921 = CARTESIAN_POINT('',(0.,40.033006451772));
#5922 = VECTOR('',#5923,1.);
#5923 = DIRECTION('',(1.,0.));
#5924 = ( GEOMETRIC_REPRESENTATION_CONTEXT(2) 
PARAMETRIC_REPRESENTATION_CONTEXT() REPRESENTATION_CONTEXT('2D SPACE',''
  ) );
#5925 = ORIENTED_EDGE('',*,*,#5148,.F.);
#5926 = ORIENTED_EDGE('',*,*,#5927,.T.);
#5927 = EDGE_CURVE('',#5149,#5904,#5928,.T.);
#5928 = SURFACE_CURVE('',#5929,(#5933,#5939),.PCURVE_S1.);
#5929 = LINE('',#5930,#5931);
#5930 = CARTESIAN_POINT('',(-163.6199967142,-337.8205859377,
    417.75660398116));
#5931 = VECTOR('',#5932,1.);
#5932 = DIRECTION('',(0.,0.,-1.));
#5933 = PCURVE('',#5180,#5934);
#5934 = DEFINITIONAL_REPRESENTATION('',(#5935),#5938);
#5935 = B_SPLINE_CURVE_WITH_KNOTS('',1,(#5936,#5937),.UNSPECIFIED.,.F.,
  .F.,(2,2),(-185.48771135,-106.563831933),.PIECEWISE_BEZIER_KNOTS.);
#5936 = CARTESIAN_POINT('',(78.923879417032,71.));
#5937 = CARTESIAN_POINT('',(0.,71.));
#5938 = ( GEOMETRIC_REPRESENTATION_CONTEXT(2) 
PARAMETRIC_REPRESENTATION_CONTEXT() REPRESENTATION_CONTEXT('2D SPACE',''
  ) );
#5939 = PCURVE('',#5207,#5940);
#5940 = DEFINITIONAL_REPRESENTATION('',(#5941),#5944);
#5941 = B_SPLINE_CURVE_WITH_KNOTS('',1,(#5942,#5943),.UNSPECIFIED.,.F.,
  .F.,(2,2),(-185.48771135,-106.563831933),.PIECEWISE_BEZIER_KNOTS.);
#5942 = CARTESIAN_POINT('',(-292.0515432831,-87.69768352019));
#5943 = CARTESIAN_POINT('',(-213.127663866,-87.69768352019));
#5944 = ( GEOMETRIC_REPRESENTATION_CONTEXT(2) 
PARAMETRIC_REPRESENTATION_CONTEXT() REPRESENTATION_CONTEXT('2D SPACE',''
  ) );
#5945 = ADVANCED_FACE('',(#5946),#5304,.F.);
#5946 = FACE_BOUND('',#5947,.F.);
#5947 = EDGE_LOOP('',(#5948,#5949,#5950,#5951));
#5948 = ORIENTED_EDGE('',*,*,#5903,.F.);
#5949 = ORIENTED_EDGE('',*,*,#5286,.F.);
#5950 = ORIENTED_EDGE('',*,*,#5484,.F.);
#5951 = ORIENTED_EDGE('',*,*,#5952,.T.);
#5952 = EDGE_CURVE('',#5485,#5904,#5953,.T.);
#5953 = SURFACE_CURVE('',#5954,(#5958,#5964),.PCURVE_S1.);
#5954 = LINE('',#5955,#5956);
#5955 = CARTESIAN_POINT('',(-163.6199967142,-401.6859309237,
    524.3204359142));
#5956 = VECTOR('',#5957,1.);
#5957 = DIRECTION('',(0.,1.,0.));
#5958 = PCURVE('',#5304,#5959);
#5959 = DEFINITIONAL_REPRESENTATION('',(#5960),#5963);
#5960 = B_SPLINE_CURVE_WITH_KNOTS('',1,(#5961,#5962),.UNSPECIFIED.,.F.,
  .F.,(2,2),(23.832338534212,63.865344985983),.PIECEWISE_BEZIER_KNOTS.);
#5961 = CARTESIAN_POINT('',(71.,0.));
#5962 = CARTESIAN_POINT('',(71.,40.033006451772));
#5963 = ( GEOMETRIC_REPRESENTATION_CONTEXT(2) 
PARAMETRIC_REPRESENTATION_CONTEXT() REPRESENTATION_CONTEXT('2D SPACE',''
  ) );
#5964 = PCURVE('',#5207,#5965);
#5965 = DEFINITIONAL_REPRESENTATION('',(#5966),#5969);
#5966 = B_SPLINE_CURVE_WITH_KNOTS('',1,(#5967,#5968),.UNSPECIFIED.,.F.,
  .F.,(2,2),(23.832338534212,63.865344985983),.PIECEWISE_BEZIER_KNOTS.);
#5967 = CARTESIAN_POINT('',(-213.127663866,-47.66467706842));
#5968 = CARTESIAN_POINT('',(-213.127663866,-87.69768352019));
#5969 = ( GEOMETRIC_REPRESENTATION_CONTEXT(2) 
PARAMETRIC_REPRESENTATION_CONTEXT() REPRESENTATION_CONTEXT('2D SPACE',''
  ) );
#5970 = ADVANCED_FACE('',(#5971),#5248,.F.);
#5971 = FACE_BOUND('',#5972,.F.);
#5972 = EDGE_LOOP('',(#5973,#5974,#5975));
#5973 = ORIENTED_EDGE('',*,*,#5544,.F.);
#5974 = ORIENTED_EDGE('',*,*,#5218,.F.);
#5975 = ORIENTED_EDGE('',*,*,#5976,.T.);
#5976 = EDGE_CURVE('',#5193,#5545,#5977,.T.);
#5977 = SURFACE_CURVE('',#5978,(#5982,#5988),.PCURVE_S1.);
#5978 = LINE('',#5979,#5980);
#5979 = CARTESIAN_POINT('',(-163.6199967142,-377.8535923895,
    417.75660398116));
#5980 = VECTOR('',#5981,1.);
#5981 = DIRECTION('',(0.,0.,-1.));
#5982 = PCURVE('',#5248,#5983);
#5983 = DEFINITIONAL_REPRESENTATION('',(#5984),#5987);
#5984 = B_SPLINE_CURVE_WITH_KNOTS('',1,(#5985,#5986),.UNSPECIFIED.,.F.,
  .F.,(2,2),(-185.48771135,-106.563831933),.PIECEWISE_BEZIER_KNOTS.);
#5985 = CARTESIAN_POINT('',(78.923879417032,71.));
#5986 = CARTESIAN_POINT('',(0.,71.));
#5987 = ( GEOMETRIC_REPRESENTATION_CONTEXT(2) 
PARAMETRIC_REPRESENTATION_CONTEXT() REPRESENTATION_CONTEXT('2D SPACE',''
  ) );
#5988 = PCURVE('',#5207,#5989);
#5989 = DEFINITIONAL_REPRESENTATION('',(#5990),#5993);
#5990 = B_SPLINE_CURVE_WITH_KNOTS('',1,(#5991,#5992),.UNSPECIFIED.,.F.,
  .F.,(2,2),(-185.48771135,-106.563831933),.PIECEWISE_BEZIER_KNOTS.);
#5991 = CARTESIAN_POINT('',(-292.0515432831,-47.66467706842));
#5992 = CARTESIAN_POINT('',(-213.127663866,-47.66467706842));
#5993 = ( GEOMETRIC_REPRESENTATION_CONTEXT(2) 
PARAMETRIC_REPRESENTATION_CONTEXT() REPRESENTATION_CONTEXT('2D SPACE',''
  ) );
#5994 = ADVANCED_FACE('',(#5995),#5207,.F.);
#5995 = FACE_BOUND('',#5996,.F.);
#5996 = EDGE_LOOP('',(#5997,#5998,#5999,#6000,#6028,#6051,#6072,#6073));
#5997 = ORIENTED_EDGE('',*,*,#5192,.F.);
#5998 = ORIENTED_EDGE('',*,*,#5927,.T.);
#5999 = ORIENTED_EDGE('',*,*,#5952,.F.);
#6000 = ORIENTED_EDGE('',*,*,#6001,.F.);
#6001 = EDGE_CURVE('',#6002,#5485,#6004,.T.);
#6002 = VERTEX_POINT('',#6003);
#6003 = CARTESIAN_POINT('',(-163.6199967142,-362.1261857792,
    532.3204359142));
#6004 = SURFACE_CURVE('',#6005,(#6009,#6016),.PCURVE_S1.);
#6005 = LINE('',#6006,#6007);
#6006 = CARTESIAN_POINT('',(-163.6199967142,-451.4187563395,
    199.07602584447));
#6007 = VECTOR('',#6008,1.);
#6008 = DIRECTION('',(-2.940346835074E-17,-0.258819045103,
    -0.965925826289));
#6009 = PCURVE('',#5207,#6010);
#6010 = DEFINITIONAL_REPRESENTATION('',(#6011),#6015);
#6011 = LINE('',#6012,#6013);
#6012 = CARTESIAN_POINT('',(112.11674620365,25.900486881634));
#6013 = VECTOR('',#6014,1.);
#6014 = DIRECTION('',(0.965925826289,0.258819045103));
#6015 = ( GEOMETRIC_REPRESENTATION_CONTEXT(2) 
PARAMETRIC_REPRESENTATION_CONTEXT() REPRESENTATION_CONTEXT('2D SPACE',''
  ) );
#6016 = PCURVE('',#6017,#6022);
#6017 = PLANE('',#6018);
#6018 = AXIS2_PLACEMENT_3D('',#6019,#6020,#6021);
#6019 = CARTESIAN_POINT('',(-163.6199967142,-471.5236882634,
    85.406365370207));
#6020 = DIRECTION('',(1.,-1.050497185157E-16,-2.292723163573E-18));
#6021 = DIRECTION('',(2.940346835074E-17,0.258819045103,0.965925826289)
  );
#6022 = DEFINITIONAL_REPRESENTATION('',(#6023),#6027);
#6023 = LINE('',#6024,#6025);
#6024 = CARTESIAN_POINT('',(115.,10.));
#6025 = VECTOR('',#6026,1.);
#6026 = DIRECTION('',(-1.,5.55862388008E-17));
#6027 = ( GEOMETRIC_REPRESENTATION_CONTEXT(2) 
PARAMETRIC_REPRESENTATION_CONTEXT() REPRESENTATION_CONTEXT('2D SPACE',''
  ) );
#6028 = ORIENTED_EDGE('',*,*,#6029,.T.);
#6029 = EDGE_CURVE('',#6002,#6030,#6032,.T.);
#6030 = VERTEX_POINT('',#6031);
#6031 = CARTESIAN_POINT('',(-163.6199967142,-369.8535923895,
    534.39098827502));
#6032 = SURFACE_CURVE('',#6033,(#6037,#6044),.PCURVE_S1.);
#6033 = LINE('',#6034,#6035);
#6034 = CARTESIAN_POINT('',(-163.6199967142,-352.4669275163,
    529.73224546317));
#6035 = VECTOR('',#6036,1.);
#6036 = DIRECTION('',(-1.008768357388E-16,-0.965925826289,0.258819045103
    ));
#6037 = PCURVE('',#5207,#6038);
#6038 = DEFINITIONAL_REPRESENTATION('',(#6039),#6043);
#6039 = LINE('',#6040,#6041);
#6040 = CARTESIAN_POINT('',(-218.539473415,-73.05134194162));
#6041 = VECTOR('',#6042,1.);
#6042 = DIRECTION('',(-0.258819045103,0.965925826289));
#6043 = ( GEOMETRIC_REPRESENTATION_CONTEXT(2) 
PARAMETRIC_REPRESENTATION_CONTEXT() REPRESENTATION_CONTEXT('2D SPACE',''
  ) );
#6044 = PCURVE('',#6017,#6045);
#6045 = DEFINITIONAL_REPRESENTATION('',(#6046),#6050);
#6046 = LINE('',#6047,#6048);
#6047 = CARTESIAN_POINT('',(460.,-3.712842712001E-13));
#6048 = VECTOR('',#6049,1.);
#6049 = DIRECTION('',(5.354456705177E-17,1.));
#6050 = ( GEOMETRIC_REPRESENTATION_CONTEXT(2) 
PARAMETRIC_REPRESENTATION_CONTEXT() REPRESENTATION_CONTEXT('2D SPACE',''
  ) );
#6051 = ORIENTED_EDGE('',*,*,#6052,.F.);
#6052 = EDGE_CURVE('',#5568,#6030,#6053,.T.);
#6053 = SURFACE_CURVE('',#6054,(#6058,#6065),.PCURVE_S1.);
#6054 = LINE('',#6055,#6056);
#6055 = CARTESIAN_POINT('',(-163.6199967142,-459.1461629499,
    201.14657820529));
#6056 = VECTOR('',#6057,1.);
#6057 = DIRECTION('',(2.940346835074E-17,0.258819045103,0.965925826289)
  );
#6058 = PCURVE('',#5207,#6059);
#6059 = DEFINITIONAL_REPRESENTATION('',(#6060),#6064);
#6060 = LINE('',#6061,#6062);
#6061 = CARTESIAN_POINT('',(110.04619384283,33.627893491946));
#6062 = VECTOR('',#6063,1.);
#6063 = DIRECTION('',(-0.965925826289,-0.258819045103));
#6064 = ( GEOMETRIC_REPRESENTATION_CONTEXT(2) 
PARAMETRIC_REPRESENTATION_CONTEXT() REPRESENTATION_CONTEXT('2D SPACE',''
  ) );
#6065 = PCURVE('',#6017,#6066);
#6066 = DEFINITIONAL_REPRESENTATION('',(#6067),#6071);
#6067 = LINE('',#6068,#6069);
#6068 = CARTESIAN_POINT('',(115.,18.));
#6069 = VECTOR('',#6070,1.);
#6070 = DIRECTION('',(1.,-5.55862388008E-17));
#6071 = ( GEOMETRIC_REPRESENTATION_CONTEXT(2) 
PARAMETRIC_REPRESENTATION_CONTEXT() REPRESENTATION_CONTEXT('2D SPACE',''
  ) );
#6072 = ORIENTED_EDGE('',*,*,#5567,.F.);
#6073 = ORIENTED_EDGE('',*,*,#5976,.F.);
#6074 = ADVANCED_FACE('',(#6075),#5420,.T.);
#6075 = FACE_BOUND('',#6076,.T.);
#6076 = EDGE_LOOP('',(#6077,#6078,#6079));
#6077 = ORIENTED_EDGE('',*,*,#5734,.F.);
#6078 = ORIENTED_EDGE('',*,*,#5396,.F.);
#6079 = ORIENTED_EDGE('',*,*,#5781,.T.);
#6080 = ADVANCED_FACE('',(#6081),#5528,.T.);
#6081 = FACE_BOUND('',#6082,.T.);
#6082 = EDGE_LOOP('',(#6083,#6084,#6105,#6106));
#6083 = ORIENTED_EDGE('',*,*,#5696,.F.);
#6084 = ORIENTED_EDGE('',*,*,#6085,.T.);
#6085 = EDGE_CURVE('',#5644,#5397,#6086,.T.);
#6086 = SURFACE_CURVE('',#6087,(#6091,#6098),.PCURVE_S1.);
#6087 = LINE('',#6088,#6089);
#6088 = CARTESIAN_POINT('',(-163.6199967142,-469.367111218,
    98.065108182052));
#6089 = VECTOR('',#6090,1.);
#6090 = DIRECTION('',(0.,1.,0.));
#6091 = PCURVE('',#5528,#6092);
#6092 = DEFINITIONAL_REPRESENTATION('',(#6093),#6097);
#6093 = LINE('',#6094,#6095);
#6094 = CARTESIAN_POINT('',(12.785569821902,1.193230262192));
#6095 = VECTOR('',#6096,1.);
#6096 = DIRECTION('',(0.258819045103,-0.965925826289));
#6097 = ( GEOMETRIC_REPRESENTATION_CONTEXT(2) 
PARAMETRIC_REPRESENTATION_CONTEXT() REPRESENTATION_CONTEXT('2D SPACE',''
  ) );
#6098 = PCURVE('',#5838,#6099);
#6099 = DEFINITIONAL_REPRESENTATION('',(#6100),#6104);
#6100 = LINE('',#6101,#6102);
#6101 = CARTESIAN_POINT('',(12.785569821902,1.193230262192));
#6102 = VECTOR('',#6103,1.);
#6103 = DIRECTION('',(0.258819045103,-0.965925826289));
#6104 = ( GEOMETRIC_REPRESENTATION_CONTEXT(2) 
PARAMETRIC_REPRESENTATION_CONTEXT() REPRESENTATION_CONTEXT('2D SPACE',''
  ) );
#6105 = ORIENTED_EDGE('',*,*,#5514,.F.);
#6106 = ORIENTED_EDGE('',*,*,#6107,.F.);
#6107 = EDGE_CURVE('',#5568,#5485,#6108,.T.);
#6108 = SURFACE_CURVE('',#6109,(#6113,#6120),.PCURVE_S1.);
#6109 = LINE('',#6110,#6111);
#6110 = CARTESIAN_POINT('',(-163.6199967142,-401.6859309237,
    524.3204359142));
#6111 = VECTOR('',#6112,1.);
#6112 = DIRECTION('',(0.,1.,0.));
#6113 = PCURVE('',#5528,#6114);
#6114 = DEFINITIONAL_REPRESENTATION('',(#6115),#6119);
#6115 = LINE('',#6116,#6117);
#6116 = CARTESIAN_POINT('',(442.03377792688,46.14122715569));
#6117 = VECTOR('',#6118,1.);
#6118 = DIRECTION('',(0.258819045103,-0.965925826289));
#6119 = ( GEOMETRIC_REPRESENTATION_CONTEXT(2) 
PARAMETRIC_REPRESENTATION_CONTEXT() REPRESENTATION_CONTEXT('2D SPACE',''
  ) );
#6120 = PCURVE('',#6017,#6121);
#6121 = DEFINITIONAL_REPRESENTATION('',(#6122),#6126);
#6122 = LINE('',#6123,#6124);
#6123 = CARTESIAN_POINT('',(442.03377792688,46.14122715569));
#6124 = VECTOR('',#6125,1.);
#6125 = DIRECTION('',(0.258819045103,-0.965925826289));
#6126 = ( GEOMETRIC_REPRESENTATION_CONTEXT(2) 
PARAMETRIC_REPRESENTATION_CONTEXT() REPRESENTATION_CONTEXT('2D SPACE',''
  ) );
#6127 = ADVANCED_FACE('',(#6128),#5838,.T.);
#6128 = FACE_BOUND('',#6129,.T.);
#6129 = EDGE_LOOP('',(#6130,#6131,#6132,#6133));
#6130 = ORIENTED_EDGE('',*,*,#5822,.F.);
#6131 = ORIENTED_EDGE('',*,*,#5850,.F.);
#6132 = ORIENTED_EDGE('',*,*,#5873,.F.);
#6133 = ORIENTED_EDGE('',*,*,#6085,.F.);
#6134 = ADVANCED_FACE('',(#6135),#6017,.T.);
#6135 = FACE_BOUND('',#6136,.T.);
#6136 = EDGE_LOOP('',(#6137,#6138,#6139,#6140));
#6137 = ORIENTED_EDGE('',*,*,#6052,.F.);
#6138 = ORIENTED_EDGE('',*,*,#6107,.T.);
#6139 = ORIENTED_EDGE('',*,*,#6001,.F.);
#6140 = ORIENTED_EDGE('',*,*,#6029,.T.);
#6141 = ( GEOMETRIC_REPRESENTATION_CONTEXT(3) 
GLOBAL_UNCERTAINTY_ASSIGNED_CONTEXT((#6145)) 
GLOBAL_UNIT_ASSIGNED_CONTEXT((#6142,#6143,#6144)) REPRESENTATION_CONTEXT
('Context #1','3D Context with UNIT and UNCERTAINTY') );
#6142 = ( LENGTH_UNIT() NAMED_UNIT(*) SI_UNIT(.MILLI.,.METRE.) );
#6143 = ( NAMED_UNIT(*) PLANE_ANGLE_UNIT() SI_UNIT($,.RADIAN.) );
#6144 = ( NAMED_UNIT(*) SI_UNIT($,.STERADIAN.) SOLID_ANGLE_UNIT() );
#6145 = UNCERTAINTY_MEASURE_WITH_UNIT(LENGTH_MEASURE(2.E-07),#6142,
  'distance_accuracy_value','confusion accuracy');
#6146 = CONTEXT_DEPENDENT_SHAPE_REPRESENTATION(#6147,#6149);
#6147 = ( REPRESENTATION_RELATIONSHIP('','',#4052,#10) 
REPRESENTATION_RELATIONSHIP_WITH_TRANSFORMATION(#6148) 
SHAPE_REPRESENTATION_RELATIONSHIP() );
#6148 = ITEM_DEFINED_TRANSFORMATION('','',#11,#27);
#6149 = PRODUCT_DEFINITION_SHAPE('Placement','Placement of an item',
  #6150);
#6150 = NEXT_ASSEMBLY_USAGE_OCCURRENCE('4','','',#5,#4047,$);
#6151 = PRODUCT_RELATED_PRODUCT_CATEGORY('part',$,(#4049));
#6152 = SHAPE_DEFINITION_REPRESENTATION(#6153,#6159);
#6153 = PRODUCT_DEFINITION_SHAPE('','',#6154);
#6154 = PRODUCT_DEFINITION('design','',#6155,#6158);
#6155 = PRODUCT_DEFINITION_FORMATION('','',#6156);
#6156 = PRODUCT('Open CASCADE STEP translator 7.9 1.5',
  'Open CASCADE STEP translator 7.9 1.5','',(#6157));
#6157 = PRODUCT_CONTEXT('',#2,'mechanical');
#6158 = PRODUCT_DEFINITION_CONTEXT('part definition',#2,'design');
#6159 = ADVANCED_BREP_SHAPE_REPRESENTATION('',(#11,#6160),#6426);
#6160 = MANIFOLD_SOLID_BREP('',#6161);
#6161 = CLOSED_SHELL('',(#6162,#6264,#6334,#6379,#6420));
#6162 = ADVANCED_FACE('',(#6163),#6177,.T.);
#6163 = FACE_BOUND('',#6164,.T.);
#6164 = EDGE_LOOP('',(#6165,#6198,#6240));
#6165 = ORIENTED_EDGE('',*,*,#6166,.T.);
#6166 = EDGE_CURVE('',#6167,#6169,#6171,.T.);
#6167 = VERTEX_POINT('',#6168);
#6168 = CARTESIAN_POINT('',(-163.6199967142,-337.8205859377,
    591.03016943096));
#6169 = VERTEX_POINT('',#6170);
#6170 = CARTESIAN_POINT('',(-163.6199967142,-337.8205859377,
    539.26636041045));
#6171 = SURFACE_CURVE('',#6172,(#6176,#6187),.PCURVE_S1.);
#6172 = LINE('',#6173,#6174);
#6173 = CARTESIAN_POINT('',(-163.6199967142,-337.8205859377,
    417.75660398116));
#6174 = VECTOR('',#6175,1.);
#6175 = DIRECTION('',(0.,0.,-1.));
#6176 = PCURVE('',#6177,#6182);
#6177 = PLANE('',#6178);
#6178 = AXIS2_PLACEMENT_3D('',#6179,#6180,#6181);
#6179 = CARTESIAN_POINT('',(-234.6199967142,-337.8205859377,
    524.3204359142));
#6180 = DIRECTION('',(-0.,1.,0.));
#6181 = DIRECTION('',(0.,0.,1.));
#6182 = DEFINITIONAL_REPRESENTATION('',(#6183),#6186);
#6183 = B_SPLINE_CURVE_WITH_KNOTS('',1,(#6184,#6185),.UNSPECIFIED.,.F.,
  .F.,(2,2),(-185.48771135,-106.563831933),.PIECEWISE_BEZIER_KNOTS.);
#6184 = CARTESIAN_POINT('',(78.923879417032,71.));
#6185 = CARTESIAN_POINT('',(0.,71.));
#6186 = ( GEOMETRIC_REPRESENTATION_CONTEXT(2) 
PARAMETRIC_REPRESENTATION_CONTEXT() REPRESENTATION_CONTEXT('2D SPACE',''
  ) );
#6187 = PCURVE('',#6188,#6193);
#6188 = PLANE('',#6189);
#6189 = AXIS2_PLACEMENT_3D('',#6190,#6191,#6192);
#6190 = CARTESIAN_POINT('',(-163.6199967142,-425.5182694579,
    311.19277204812));
#6191 = DIRECTION('',(-1.,-0.,-0.));
#6192 = DIRECTION('',(0.,0.,-1.));
#6193 = DEFINITIONAL_REPRESENTATION('',(#6194),#6197);
#6194 = B_SPLINE_CURVE_WITH_KNOTS('',1,(#6195,#6196),.UNSPECIFIED.,.F.,
  .F.,(2,2),(-185.48771135,-106.563831933),.PIECEWISE_BEZIER_KNOTS.);
#6195 = CARTESIAN_POINT('',(-292.0515432831,-87.69768352019));
#6196 = CARTESIAN_POINT('',(-213.127663866,-87.69768352019));
#6197 = ( GEOMETRIC_REPRESENTATION_CONTEXT(2) 
PARAMETRIC_REPRESENTATION_CONTEXT() REPRESENTATION_CONTEXT('2D SPACE',''
  ) );
#6198 = ORIENTED_EDGE('',*,*,#6199,.F.);
#6199 = EDGE_CURVE('',#6200,#6169,#6202,.T.);
#6200 = VERTEX_POINT('',#6201);
#6201 = CARTESIAN_POINT('',(-213.6199967142,-337.8205859377,
    591.03016943096));
#6202 = SURFACE_CURVE('',#6203,(#6208,#6215),.PCURVE_S1.);
#6203 = ELLIPSE('',#6204,51.763809020504,50.);
#6204 = AXIS2_PLACEMENT_3D('',#6205,#6206,#6207);
#6205 = CARTESIAN_POINT('',(-213.6199967142,-337.8205859377,
    539.26636041046));
#6206 = DIRECTION('',(-0.,1.,0.));
#6207 = DIRECTION('',(-3.897581636578E-16,-0.,1.));
#6208 = PCURVE('',#6177,#6209);
#6209 = DEFINITIONAL_REPRESENTATION('',(#6210),#6214);
#6210 = ELLIPSE('',#6211,51.763809020504,50.);
#6211 = AXIS2_PLACEMENT_2D('',#6212,#6213);
#6212 = CARTESIAN_POINT('',(14.945924496258,21.));
#6213 = DIRECTION('',(1.,-3.897581636578E-16));
#6214 = ( GEOMETRIC_REPRESENTATION_CONTEXT(2) 
PARAMETRIC_REPRESENTATION_CONTEXT() REPRESENTATION_CONTEXT('2D SPACE',''
  ) );
#6215 = PCURVE('',#6216,#6221);
#6216 = CYLINDRICAL_SURFACE('',#6217,50.);
#6217 = AXIS2_PLACEMENT_3D('',#6218,#6219,#6220);
#6218 = CARTESIAN_POINT('',(-213.6199967142,-145.3127531094,
    487.68404206743));
#6219 = DIRECTION('',(-1.008768357388E-16,-0.965925826289,0.258819045103
    ));
#6220 = DIRECTION('',(-8.06002386259E-34,-0.258819045103,-0.965925826289
    ));
#6221 = DEFINITIONAL_REPRESENTATION('',(#6222),#6239);
#6222 = B_SPLINE_CURVE_WITH_KNOTS('',8,(#6223,#6224,#6225,#6226,#6227,
    #6228,#6229,#6230,#6231,#6232,#6233,#6234,#6235,#6236,#6237,#6238),
  .UNSPECIFIED.,.F.,.F.,(9,7,9),(5.666909619942,6.988914626368,
    8.310919632794),.UNSPECIFIED.);
#6223 = CARTESIAN_POINT('',(3.757868340827,210.23159346332));
#6224 = CARTESIAN_POINT('',(3.592617715024,211.51124996639));
#6225 = CARTESIAN_POINT('',(3.427367089219,212.4497054228));
#6226 = CARTESIAN_POINT('',(3.262116463413,212.99371095314));
#6227 = CARTESIAN_POINT('',(3.096865837611,213.10989512925));
#6228 = CARTESIAN_POINT('',(2.931615211807,212.78941526093));
#6229 = CARTESIAN_POINT('',(2.766364586007,212.04972507203));
#6230 = CARTESIAN_POINT('',(2.601113960204,210.93203568282));
#6231 = CARTESIAN_POINT('',(2.270612708598,208.06016274542));
#6232 = CARTESIAN_POINT('',(2.105362082795,206.30597830186));
#6233 = CARTESIAN_POINT('',(1.940111456992,204.29330421271));
#6234 = CARTESIAN_POINT('',(1.774860831188,202.10041155132));
#6235 = CARTESIAN_POINT('',(1.609610205385,199.81895315417));
#6236 = CARTESIAN_POINT('',(1.444359579582,197.54586940957));
#6237 = CARTESIAN_POINT('',(1.279108953779,195.37458910878));
#6238 = CARTESIAN_POINT('',(1.113858327975,193.38778365261));
#6239 = ( GEOMETRIC_REPRESENTATION_CONTEXT(2) 
PARAMETRIC_REPRESENTATION_CONTEXT() REPRESENTATION_CONTEXT('2D SPACE',''
  ) );
#6240 = ORIENTED_EDGE('',*,*,#6241,.T.);
#6241 = EDGE_CURVE('',#6200,#6167,#6242,.T.);
#6242 = SURFACE_CURVE('',#6243,(#6247,#6253),.PCURVE_S1.);
#6243 = LINE('',#6244,#6245);
#6244 = CARTESIAN_POINT('',(-395.6199967142,-337.8205859377,
    591.03016943096));
#6245 = VECTOR('',#6246,1.);
#6246 = DIRECTION('',(1.,0.,-1.223471352533E-16));
#6247 = PCURVE('',#6177,#6248);
#6248 = DEFINITIONAL_REPRESENTATION('',(#6249),#6252);
#6249 = B_SPLINE_CURVE_WITH_KNOTS('',1,(#6250,#6251),.UNSPECIFIED.,.F.,
  .F.,(2,2),(161.,232.),.PIECEWISE_BEZIER_KNOTS.);
#6250 = CARTESIAN_POINT('',(66.709733516762,0.));
#6251 = CARTESIAN_POINT('',(66.709733516762,71.));
#6252 = ( GEOMETRIC_REPRESENTATION_CONTEXT(2) 
PARAMETRIC_REPRESENTATION_CONTEXT() REPRESENTATION_CONTEXT('2D SPACE',''
  ) );
#6253 = PCURVE('',#6254,#6259);
#6254 = PLANE('',#6255);
#6255 = AXIS2_PLACEMENT_3D('',#6256,#6257,#6258);
#6256 = CARTESIAN_POINT('',(-556.6199967142,-349.6842892429,
    594.20903915082));
#6257 = DIRECTION('',(-1.181782577136E-16,-0.258819045103,
    -0.965925826289));
#6258 = DIRECTION('',(-2.791962221888E-33,-0.965925826289,0.258819045103
    ));
#6259 = DEFINITIONAL_REPRESENTATION('',(#6260),#6263);
#6260 = B_SPLINE_CURVE_WITH_KNOTS('',1,(#6261,#6262),.UNSPECIFIED.,.F.,
  .F.,(2,2),(161.,232.),.PIECEWISE_BEZIER_KNOTS.);
#6261 = CARTESIAN_POINT('',(-12.28220944328,-322.));
#6262 = CARTESIAN_POINT('',(-12.28220944328,-393.));
#6263 = ( GEOMETRIC_REPRESENTATION_CONTEXT(2) 
PARAMETRIC_REPRESENTATION_CONTEXT() REPRESENTATION_CONTEXT('2D SPACE',''
  ) );
#6264 = ADVANCED_FACE('',(#6265),#6188,.F.);
#6265 = FACE_BOUND('',#6266,.F.);
#6266 = EDGE_LOOP('',(#6267,#6288,#6289,#6310));
#6267 = ORIENTED_EDGE('',*,*,#6268,.F.);
#6268 = EDGE_CURVE('',#6167,#6269,#6271,.T.);
#6269 = VERTEX_POINT('',#6270);
#6270 = CARTESIAN_POINT('',(-163.6199967142,-377.8535923895,
    601.7569811803));
#6271 = SURFACE_CURVE('',#6272,(#6276,#6282),.PCURVE_S1.);
#6272 = LINE('',#6273,#6274);
#6273 = CARTESIAN_POINT('',(-163.6199967142,-349.6842892429,
    594.20903915082));
#6274 = VECTOR('',#6275,1.);
#6275 = DIRECTION('',(0.,-0.965925826289,0.258819045103));
#6276 = PCURVE('',#6188,#6277);
#6277 = DEFINITIONAL_REPRESENTATION('',(#6278),#6281);
#6278 = B_SPLINE_CURVE_WITH_KNOTS('',1,(#6279,#6280),.UNSPECIFIED.,.F.,
  .F.,(2,2),(-387.3651678022,450.),.PIECEWISE_BEZIER_KNOTS.);
#6279 = CARTESIAN_POINT('',(-182.7587842661,-450.));
#6280 = CARTESIAN_POINT('',(-399.4848373988,358.83264161504));
#6281 = ( GEOMETRIC_REPRESENTATION_CONTEXT(2) 
PARAMETRIC_REPRESENTATION_CONTEXT() REPRESENTATION_CONTEXT('2D SPACE',''
  ) );
#6282 = PCURVE('',#6254,#6283);
#6283 = DEFINITIONAL_REPRESENTATION('',(#6284),#6287);
#6284 = B_SPLINE_CURVE_WITH_KNOTS('',1,(#6285,#6286),.UNSPECIFIED.,.F.,
  .F.,(2,2),(-387.3651678022,450.),.PIECEWISE_BEZIER_KNOTS.);
#6285 = CARTESIAN_POINT('',(-387.3651678022,-393.));
#6286 = CARTESIAN_POINT('',(450.,-393.));
#6287 = ( GEOMETRIC_REPRESENTATION_CONTEXT(2) 
PARAMETRIC_REPRESENTATION_CONTEXT() REPRESENTATION_CONTEXT('2D SPACE',''
  ) );
#6288 = ORIENTED_EDGE('',*,*,#6166,.T.);
#6289 = ORIENTED_EDGE('',*,*,#6290,.T.);
#6290 = EDGE_CURVE('',#6169,#6291,#6293,.T.);
#6291 = VERTEX_POINT('',#6292);
#6292 = CARTESIAN_POINT('',(-163.6199967142,-377.8535923895,
    549.99317215979));
#6293 = SURFACE_CURVE('',#6294,(#6298,#6304),.PCURVE_S1.);
#6294 = LINE('',#6295,#6296);
#6295 = CARTESIAN_POINT('',(-163.6199967142,-145.3127531094,
    487.68404206743));
#6296 = VECTOR('',#6297,1.);
#6297 = DIRECTION('',(-1.008768357388E-16,-0.965925826289,0.258819045103
    ));
#6298 = PCURVE('',#6188,#6299);
#6299 = DEFINITIONAL_REPRESENTATION('',(#6300),#6303);
#6300 = B_SPLINE_CURVE_WITH_KNOTS('',1,(#6301,#6302),.UNSPECIFIED.,.F.,
  .F.,(2,2),(195.43048333722,244.88851368026),.PIECEWISE_BEZIER_KNOTS.);
#6301 = CARTESIAN_POINT('',(-227.0724011005,-91.43416524897));
#6302 = CARTESIAN_POINT('',(-239.8730812866,-43.66137642324));
#6303 = ( GEOMETRIC_REPRESENTATION_CONTEXT(2) 
PARAMETRIC_REPRESENTATION_CONTEXT() REPRESENTATION_CONTEXT('2D SPACE',''
  ) );
#6304 = PCURVE('',#6216,#6305);
#6305 = DEFINITIONAL_REPRESENTATION('',(#6306),#6309);
#6306 = B_SPLINE_CURVE_WITH_KNOTS('',1,(#6307,#6308),.UNSPECIFIED.,.F.,
  .F.,(2,2),(195.43048333722,244.88851368026),.PIECEWISE_BEZIER_KNOTS.);
#6307 = CARTESIAN_POINT('',(1.570796326795,195.43048333722));
#6308 = CARTESIAN_POINT('',(1.570796326795,244.88851368026));
#6309 = ( GEOMETRIC_REPRESENTATION_CONTEXT(2) 
PARAMETRIC_REPRESENTATION_CONTEXT() REPRESENTATION_CONTEXT('2D SPACE',''
  ) );
#6310 = ORIENTED_EDGE('',*,*,#6311,.F.);
#6311 = EDGE_CURVE('',#6269,#6291,#6312,.T.);
#6312 = SURFACE_CURVE('',#6313,(#6317,#6323),.PCURVE_S1.);
#6313 = LINE('',#6314,#6315);
#6314 = CARTESIAN_POINT('',(-163.6199967142,-377.8535923895,
    417.75660398116));
#6315 = VECTOR('',#6316,1.);
#6316 = DIRECTION('',(0.,0.,-1.));
#6317 = PCURVE('',#6188,#6318);
#6318 = DEFINITIONAL_REPRESENTATION('',(#6319),#6322);
#6319 = B_SPLINE_CURVE_WITH_KNOTS('',1,(#6320,#6321),.UNSPECIFIED.,.F.,
  .F.,(2,2),(-185.48771135,-106.563831933),.PIECEWISE_BEZIER_KNOTS.);
#6320 = CARTESIAN_POINT('',(-292.0515432831,-47.66467706842));
#6321 = CARTESIAN_POINT('',(-213.127663866,-47.66467706842));
#6322 = ( GEOMETRIC_REPRESENTATION_CONTEXT(2) 
PARAMETRIC_REPRESENTATION_CONTEXT() REPRESENTATION_CONTEXT('2D SPACE',''
  ) );
#6323 = PCURVE('',#6324,#6329);
#6324 = PLANE('',#6325);
#6325 = AXIS2_PLACEMENT_3D('',#6326,#6327,#6328);
#6326 = CARTESIAN_POINT('',(-234.6199967142,-377.8535923895,
    524.3204359142));
#6327 = DIRECTION('',(-0.,1.,0.));
#6328 = DIRECTION('',(0.,0.,1.));
#6329 = DEFINITIONAL_REPRESENTATION('',(#6330),#6333);
#6330 = B_SPLINE_CURVE_WITH_KNOTS('',1,(#6331,#6332),.UNSPECIFIED.,.F.,
  .F.,(2,2),(-185.48771135,-106.563831933),.PIECEWISE_BEZIER_KNOTS.);
#6331 = CARTESIAN_POINT('',(78.923879417032,71.));
#6332 = CARTESIAN_POINT('',(0.,71.));
#6333 = ( GEOMETRIC_REPRESENTATION_CONTEXT(2) 
PARAMETRIC_REPRESENTATION_CONTEXT() REPRESENTATION_CONTEXT('2D SPACE',''
  ) );
#6334 = ADVANCED_FACE('',(#6335),#6254,.F.);
#6335 = FACE_BOUND('',#6336,.F.);
#6336 = EDGE_LOOP('',(#6337,#6358,#6359,#6360));
#6337 = ORIENTED_EDGE('',*,*,#6338,.F.);
#6338 = EDGE_CURVE('',#6200,#6339,#6341,.T.);
#6339 = VERTEX_POINT('',#6340);
#6340 = CARTESIAN_POINT('',(-213.6199967142,-377.8535923895,
    601.7569811803));
#6341 = SURFACE_CURVE('',#6342,(#6346,#6352),.PCURVE_S1.);
#6342 = LINE('',#6343,#6344);
#6343 = CARTESIAN_POINT('',(-213.6199967142,-132.3718008542,
    535.98033338189));
#6344 = VECTOR('',#6345,1.);
#6345 = DIRECTION('',(-1.008768357388E-16,-0.965925826289,0.258819045103
    ));
#6346 = PCURVE('',#6254,#6347);
#6347 = DEFINITIONAL_REPRESENTATION('',(#6348),#6351);
#6348 = B_SPLINE_CURVE_WITH_KNOTS('',1,(#6349,#6350),.UNSPECIFIED.,.F.,
  .F.,(2,2),(208.55171169014,254.4949930088),.PIECEWISE_BEZIER_KNOTS.);
#6349 = CARTESIAN_POINT('',(-16.42673124425,-343.));
#6350 = CARTESIAN_POINT('',(29.516550074404,-343.));
#6351 = ( GEOMETRIC_REPRESENTATION_CONTEXT(2) 
PARAMETRIC_REPRESENTATION_CONTEXT() REPRESENTATION_CONTEXT('2D SPACE',''
  ) );
#6352 = PCURVE('',#6216,#6353);
#6353 = DEFINITIONAL_REPRESENTATION('',(#6354),#6357);
#6354 = B_SPLINE_CURVE_WITH_KNOTS('',1,(#6355,#6356),.UNSPECIFIED.,.F.,
  .F.,(2,2),(208.55171169014,254.4949930088),.PIECEWISE_BEZIER_KNOTS.);
#6355 = CARTESIAN_POINT('',(3.14159265359,208.55171169014));
#6356 = CARTESIAN_POINT('',(3.14159265359,254.4949930088));
#6357 = ( GEOMETRIC_REPRESENTATION_CONTEXT(2) 
PARAMETRIC_REPRESENTATION_CONTEXT() REPRESENTATION_CONTEXT('2D SPACE',''
  ) );
#6358 = ORIENTED_EDGE('',*,*,#6241,.T.);
#6359 = ORIENTED_EDGE('',*,*,#6268,.T.);
#6360 = ORIENTED_EDGE('',*,*,#6361,.F.);
#6361 = EDGE_CURVE('',#6339,#6269,#6362,.T.);
#6362 = SURFACE_CURVE('',#6363,(#6367,#6373),.PCURVE_S1.);
#6363 = LINE('',#6364,#6365);
#6364 = CARTESIAN_POINT('',(-395.6199967142,-377.8535923895,
    601.7569811803));
#6365 = VECTOR('',#6366,1.);
#6366 = DIRECTION('',(1.,0.,-1.223471352533E-16));
#6367 = PCURVE('',#6254,#6368);
#6368 = DEFINITIONAL_REPRESENTATION('',(#6369),#6372);
#6369 = B_SPLINE_CURVE_WITH_KNOTS('',1,(#6370,#6371),.UNSPECIFIED.,.F.,
  .F.,(2,2),(161.,232.),.PIECEWISE_BEZIER_KNOTS.);
#6370 = CARTESIAN_POINT('',(29.163008566442,-322.));
#6371 = CARTESIAN_POINT('',(29.163008566442,-393.));
#6372 = ( GEOMETRIC_REPRESENTATION_CONTEXT(2) 
PARAMETRIC_REPRESENTATION_CONTEXT() REPRESENTATION_CONTEXT('2D SPACE',''
  ) );
#6373 = PCURVE('',#6324,#6374);
#6374 = DEFINITIONAL_REPRESENTATION('',(#6375),#6378);
#6375 = B_SPLINE_CURVE_WITH_KNOTS('',1,(#6376,#6377),.UNSPECIFIED.,.F.,
  .F.,(2,2),(161.,232.),.PIECEWISE_BEZIER_KNOTS.);
#6376 = CARTESIAN_POINT('',(77.436545266105,0.));
#6377 = CARTESIAN_POINT('',(77.436545266105,71.));
#6378 = ( GEOMETRIC_REPRESENTATION_CONTEXT(2) 
PARAMETRIC_REPRESENTATION_CONTEXT() REPRESENTATION_CONTEXT('2D SPACE',''
  ) );
#6379 = ADVANCED_FACE('',(#6380),#6216,.F.);
#6380 = FACE_BOUND('',#6381,.F.);
#6381 = EDGE_LOOP('',(#6382,#6383,#6384,#6419));
#6382 = ORIENTED_EDGE('',*,*,#6199,.F.);
#6383 = ORIENTED_EDGE('',*,*,#6338,.T.);
#6384 = ORIENTED_EDGE('',*,*,#6385,.T.);
#6385 = EDGE_CURVE('',#6339,#6291,#6386,.T.);
#6386 = SURFACE_CURVE('',#6387,(#6392,#6412),.PCURVE_S1.);
#6387 = ELLIPSE('',#6388,51.763809020504,50.);
#6388 = AXIS2_PLACEMENT_3D('',#6389,#6390,#6391);
#6389 = CARTESIAN_POINT('',(-213.6199967142,-377.8535923895,
    549.9931721598));
#6390 = DIRECTION('',(-0.,1.,0.));
#6391 = DIRECTION('',(-3.897581636578E-16,-0.,1.));
#6392 = PCURVE('',#6216,#6393);
#6393 = DEFINITIONAL_REPRESENTATION('',(#6394),#6411);
#6394 = B_SPLINE_CURVE_WITH_KNOTS('',8,(#6395,#6396,#6397,#6398,#6399,
    #6400,#6401,#6402,#6403,#6404,#6405,#6406,#6407,#6408,#6409,#6410),
  .UNSPECIFIED.,.F.,.F.,(9,7,9),(5.666909619942,7.113204724782,
    8.559499829622),.UNSPECIFIED.);
#6395 = CARTESIAN_POINT('',(3.757868340827,251.67681147304));
#6396 = CARTESIAN_POINT('',(3.577081452722,253.0767766224));
#6397 = CARTESIAN_POINT('',(3.396294564615,254.06836783894));
#6398 = CARTESIAN_POINT('',(3.215507676511,254.58186137076));
#6399 = CARTESIAN_POINT('',(3.034720788405,254.57600709339));
#6400 = CARTESIAN_POINT('',(2.853933900303,254.04532087226));
#6401 = CARTESIAN_POINT('',(2.673147012196,253.02242451714));
#6402 = CARTESIAN_POINT('',(2.492360124092,251.57278492191));
#6403 = CARTESIAN_POINT('',(2.130786347882,247.99805638289));
#6404 = CARTESIAN_POINT('',(1.949999459777,245.87296685772));
#6405 = CARTESIAN_POINT('',(1.769212571672,243.4991744787));
#6406 = CARTESIAN_POINT('',(1.588425683567,240.98922723345));
#6407 = CARTESIAN_POINT('',(1.407638795462,238.46997730137));
#6408 = CARTESIAN_POINT('',(1.226851907357,236.06894413754));
#6409 = CARTESIAN_POINT('',(1.046065019252,233.90057282532));
#6410 = CARTESIAN_POINT('',(0.865278131147,232.05669848838));
#6411 = ( GEOMETRIC_REPRESENTATION_CONTEXT(2) 
PARAMETRIC_REPRESENTATION_CONTEXT() REPRESENTATION_CONTEXT('2D SPACE',''
  ) );
#6412 = PCURVE('',#6324,#6413);
#6413 = DEFINITIONAL_REPRESENTATION('',(#6414),#6418);
#6414 = ELLIPSE('',#6415,51.763809020504,50.);
#6415 = AXIS2_PLACEMENT_2D('',#6416,#6417);
#6416 = CARTESIAN_POINT('',(25.6727362456,21.));
#6417 = DIRECTION('',(1.,-3.897581636578E-16));
#6418 = ( GEOMETRIC_REPRESENTATION_CONTEXT(2) 
PARAMETRIC_REPRESENTATION_CONTEXT() REPRESENTATION_CONTEXT('2D SPACE',''
  ) );
#6419 = ORIENTED_EDGE('',*,*,#6290,.F.);
#6420 = ADVANCED_FACE('',(#6421),#6324,.F.);
#6421 = FACE_BOUND('',#6422,.F.);
#6422 = EDGE_LOOP('',(#6423,#6424,#6425));
#6423 = ORIENTED_EDGE('',*,*,#6311,.T.);
#6424 = ORIENTED_EDGE('',*,*,#6385,.F.);
#6425 = ORIENTED_EDGE('',*,*,#6361,.T.);
#6426 = ( GEOMETRIC_REPRESENTATION_CONTEXT(3) 
GLOBAL_UNCERTAINTY_ASSIGNED_CONTEXT((#6430)) 
GLOBAL_UNIT_ASSIGNED_CONTEXT((#6427,#6428,#6429)) REPRESENTATION_CONTEXT
('Context #1','3D Context with UNIT and UNCERTAINTY') );
#6427 = ( LENGTH_UNIT() NAMED_UNIT(*) SI_UNIT(.MILLI.,.METRE.) );
#6428 = ( NAMED_UNIT(*) PLANE_ANGLE_UNIT() SI_UNIT($,.RADIAN.) );
#6429 = ( NAMED_UNIT(*) SI_UNIT($,.STERADIAN.) SOLID_ANGLE_UNIT() );
#6430 = UNCERTAINTY_MEASURE_WITH_UNIT(LENGTH_MEASURE(2.E-07),#6427,
  'distance_accuracy_value','confusion accuracy');
#6431 = CONTEXT_DEPENDENT_SHAPE_REPRESENTATION(#6432,#6434);
#6432 = ( REPRESENTATION_RELATIONSHIP('','',#6159,#10) 
REPRESENTATION_RELATIONSHIP_WITH_TRANSFORMATION(#6433) 
SHAPE_REPRESENTATION_RELATIONSHIP() );
#6433 = ITEM_DEFINED_TRANSFORMATION('','',#11,#31);
#6434 = PRODUCT_DEFINITION_SHAPE('Placement','Placement of an item',
  #6435);
#6435 = NEXT_ASSEMBLY_USAGE_OCCURRENCE('5','','',#5,#6154,$);
#6436 = PRODUCT_RELATED_PRODUCT_CATEGORY('part',$,(#6156));
#6437 = SHAPE_DEFINITION_REPRESENTATION(#6438,#6444);
#6438 = PRODUCT_DEFINITION_SHAPE('','',#6439);
#6439 = PRODUCT_DEFINITION('design','',#6440,#6443);
#6440 = PRODUCT_DEFINITION_FORMATION('','',#6441);
#6441 = PRODUCT('Open CASCADE STEP translator 7.9 1.6',
  'Open CASCADE STEP translator 7.9 1.6','',(#6442));
#6442 = PRODUCT_CONTEXT('',#2,'mechanical');
#6443 = PRODUCT_DEFINITION_CONTEXT('part definition',#2,'design');
#6444 = ADVANCED_BREP_SHAPE_REPRESENTATION('',(#11,#6445),#6711);
#6445 = MANIFOLD_SOLID_BREP('',#6446);
#6446 = CLOSED_SHELL('',(#6447,#6559,#6619,#6680,#6704));
#6447 = ADVANCED_FACE('',(#6448),#6462,.F.);
#6448 = FACE_BOUND('',#6449,.F.);
#6449 = EDGE_LOOP('',(#6450,#6483,#6509,#6535));
#6450 = ORIENTED_EDGE('',*,*,#6451,.F.);
#6451 = EDGE_CURVE('',#6452,#6454,#6456,.T.);
#6452 = VERTEX_POINT('',#6453);
#6453 = CARTESIAN_POINT('',(-949.6199967142,-513.2159529781,
    31.35537466529));
#6454 = VERTEX_POINT('',#6455);
#6455 = CARTESIAN_POINT('',(-949.6199967142,-513.2159529781,
    83.119183685787));
#6456 = SURFACE_CURVE('',#6457,(#6461,#6472),.PCURVE_S1.);
#6457 = LINE('',#6458,#6459);
#6458 = CARTESIAN_POINT('',(-949.6199967142,-513.2159529781,
    165.16700040657));
#6459 = VECTOR('',#6460,1.);
#6460 = DIRECTION('',(0.,-0.,1.));
#6461 = PCURVE('',#6462,#6467);
#6462 = PLANE('',#6463);
#6463 = AXIS2_PLACEMENT_3D('',#6464,#6465,#6466);
#6464 = CARTESIAN_POINT('',(-949.6199967142,-425.5182694579,
    311.19277204812));
#6465 = DIRECTION('',(1.,0.,0.));
#6466 = DIRECTION('',(-0.,0.,1.));
#6467 = DEFINITIONAL_REPRESENTATION('',(#6468),#6471);
#6468 = B_SPLINE_CURVE_WITH_KNOTS('',1,(#6469,#6470),.UNSPECIFIED.,.F.,
  .F.,(2,2),(-146.0257716415,-67.10189222452),.PIECEWISE_BEZIER_KNOTS.);
#6469 = CARTESIAN_POINT('',(-292.0515432831,87.697683520195));
#6470 = CARTESIAN_POINT('',(-213.127663866,87.697683520195));
#6471 = ( GEOMETRIC_REPRESENTATION_CONTEXT(2) 
PARAMETRIC_REPRESENTATION_CONTEXT() REPRESENTATION_CONTEXT('2D SPACE',''
  ) );
#6472 = PCURVE('',#6473,#6478);
#6473 = PLANE('',#6474);
#6474 = AXIS2_PLACEMENT_3D('',#6475,#6476,#6477);
#6475 = CARTESIAN_POINT('',(-957.6199967142,-513.2159529781,
    19.141228765021));
#6476 = DIRECTION('',(-0.,1.,0.));
#6477 = DIRECTION('',(0.,0.,1.));
#6478 = DEFINITIONAL_REPRESENTATION('',(#6479),#6482);
#6479 = B_SPLINE_CURVE_WITH_KNOTS('',1,(#6480,#6481),.UNSPECIFIED.,.F.,
  .F.,(2,2),(-146.0257716415,-67.10189222452),.PIECEWISE_BEZIER_KNOTS.);
#6480 = CARTESIAN_POINT('',(0.,8.));
#6481 = CARTESIAN_POINT('',(78.923879417032,8.));
#6482 = ( GEOMETRIC_REPRESENTATION_CONTEXT(2) 
PARAMETRIC_REPRESENTATION_CONTEXT() REPRESENTATION_CONTEXT('2D SPACE',''
  ) );
#6483 = ORIENTED_EDGE('',*,*,#6484,.T.);
#6484 = EDGE_CURVE('',#6452,#6485,#6487,.T.);
#6485 = VERTEX_POINT('',#6486);
#6486 = CARTESIAN_POINT('',(-949.6199967142,-473.1829465263,
    20.628562915948));
#6487 = SURFACE_CURVE('',#6488,(#6492,#6498),.PCURVE_S1.);
#6488 = LINE('',#6489,#6490);
#6489 = CARTESIAN_POINT('',(-949.6199967142,-501.3522496729,
    28.176504945431));
#6490 = VECTOR('',#6491,1.);
#6491 = DIRECTION('',(0.,0.965925826289,-0.258819045103));
#6492 = PCURVE('',#6462,#6493);
#6493 = DEFINITIONAL_REPRESENTATION('',(#6494),#6497);
#6494 = B_SPLINE_CURVE_WITH_KNOTS('',1,(#6495,#6496),.UNSPECIFIED.,.F.,
  .F.,(2,2),(-387.3651678022,450.),.PIECEWISE_BEZIER_KNOTS.);
#6495 = CARTESIAN_POINT('',(-182.7587842661,450.));
#6496 = CARTESIAN_POINT('',(-399.4848373988,-358.832641615));
#6497 = ( GEOMETRIC_REPRESENTATION_CONTEXT(2) 
PARAMETRIC_REPRESENTATION_CONTEXT() REPRESENTATION_CONTEXT('2D SPACE',''
  ) );
#6498 = PCURVE('',#6499,#6504);
#6499 = PLANE('',#6500);
#6500 = AXIS2_PLACEMENT_3D('',#6501,#6502,#6503);
#6501 = CARTESIAN_POINT('',(-556.6199967142,-501.3522496729,
    28.176504945431));
#6502 = DIRECTION('',(0.,0.258819045103,0.965925826289));
#6503 = DIRECTION('',(0.,0.965925826289,-0.258819045103));
#6504 = DEFINITIONAL_REPRESENTATION('',(#6505),#6508);
#6505 = B_SPLINE_CURVE_WITH_KNOTS('',1,(#6506,#6507),.UNSPECIFIED.,.F.,
  .F.,(2,2),(-387.3651678022,450.),.PIECEWISE_BEZIER_KNOTS.);
#6506 = CARTESIAN_POINT('',(-387.3651678022,393.));
#6507 = CARTESIAN_POINT('',(450.,393.));
#6508 = ( GEOMETRIC_REPRESENTATION_CONTEXT(2) 
PARAMETRIC_REPRESENTATION_CONTEXT() REPRESENTATION_CONTEXT('2D SPACE',''
  ) );
#6509 = ORIENTED_EDGE('',*,*,#6510,.T.);
#6510 = EDGE_CURVE('',#6485,#6511,#6513,.T.);
#6511 = VERTEX_POINT('',#6512);
#6512 = CARTESIAN_POINT('',(-949.6199967142,-473.1829465263,
    72.392371936452));
#6513 = SURFACE_CURVE('',#6514,(#6518,#6524),.PCURVE_S1.);
#6514 = LINE('',#6515,#6516);
#6515 = CARTESIAN_POINT('',(-949.6199967142,-473.1829465263,
    165.16700040657));
#6516 = VECTOR('',#6517,1.);
#6517 = DIRECTION('',(0.,-0.,1.));
#6518 = PCURVE('',#6462,#6519);
#6519 = DEFINITIONAL_REPRESENTATION('',(#6520),#6523);
#6520 = B_SPLINE_CURVE_WITH_KNOTS('',1,(#6521,#6522),.UNSPECIFIED.,.F.,
  .F.,(2,2),(-146.0257716415,-67.10189222452),.PIECEWISE_BEZIER_KNOTS.);
#6521 = CARTESIAN_POINT('',(-292.0515432831,47.664677068424));
#6522 = CARTESIAN_POINT('',(-213.127663866,47.664677068424));
#6523 = ( GEOMETRIC_REPRESENTATION_CONTEXT(2) 
PARAMETRIC_REPRESENTATION_CONTEXT() REPRESENTATION_CONTEXT('2D SPACE',''
  ) );
#6524 = PCURVE('',#6525,#6530);
#6525 = PLANE('',#6526);
#6526 = AXIS2_PLACEMENT_3D('',#6527,#6528,#6529);
#6527 = CARTESIAN_POINT('',(-957.6199967142,-473.1829465263,
    19.141228765021));
#6528 = DIRECTION('',(-0.,1.,0.));
#6529 = DIRECTION('',(0.,0.,1.));
#6530 = DEFINITIONAL_REPRESENTATION('',(#6531),#6534);
#6531 = B_SPLINE_CURVE_WITH_KNOTS('',1,(#6532,#6533),.UNSPECIFIED.,.F.,
  .F.,(2,2),(-146.0257716415,-67.10189222452),.PIECEWISE_BEZIER_KNOTS.);
#6532 = CARTESIAN_POINT('',(0.,8.));
#6533 = CARTESIAN_POINT('',(78.923879417032,8.));
#6534 = ( GEOMETRIC_REPRESENTATION_CONTEXT(2) 
PARAMETRIC_REPRESENTATION_CONTEXT() REPRESENTATION_CONTEXT('2D SPACE',''
  ) );
#6535 = ORIENTED_EDGE('',*,*,#6536,.F.);
#6536 = EDGE_CURVE('',#6454,#6511,#6537,.T.);
#6537 = SURFACE_CURVE('',#6538,(#6542,#6548),.PCURVE_S1.);
#6538 = LINE('',#6539,#6540);
#6539 = CARTESIAN_POINT('',(-949.6199967142,-705.7237858065,
    134.70150202881));
#6540 = VECTOR('',#6541,1.);
#6541 = DIRECTION('',(1.008768357388E-16,0.965925826289,-0.258819045103)
  );
#6542 = PCURVE('',#6462,#6543);
#6543 = DEFINITIONAL_REPRESENTATION('',(#6544),#6547);
#6544 = B_SPLINE_CURVE_WITH_KNOTS('',1,(#6545,#6546),.UNSPECIFIED.,.F.,
  .F.,(2,2),(195.43048333722,244.88851368025),.PIECEWISE_BEZIER_KNOTS.);
#6545 = CARTESIAN_POINT('',(-227.0724011005,91.434165248971));
#6546 = CARTESIAN_POINT('',(-239.8730812866,43.661376423247));
#6547 = ( GEOMETRIC_REPRESENTATION_CONTEXT(2) 
PARAMETRIC_REPRESENTATION_CONTEXT() REPRESENTATION_CONTEXT('2D SPACE',''
  ) );
#6548 = PCURVE('',#6549,#6554);
#6549 = CYLINDRICAL_SURFACE('',#6550,50.);
#6550 = AXIS2_PLACEMENT_3D('',#6551,#6552,#6553);
#6551 = CARTESIAN_POINT('',(-899.6199967142,-705.7237858065,
    134.70150202881));
#6552 = DIRECTION('',(1.008768357388E-16,0.965925826289,-0.258819045103)
  );
#6553 = DIRECTION('',(3.362494525438E-33,0.258819045103,0.965925826289)
  );
#6554 = DEFINITIONAL_REPRESENTATION('',(#6555),#6558);
#6555 = B_SPLINE_CURVE_WITH_KNOTS('',1,(#6556,#6557),.UNSPECIFIED.,.F.,
  .F.,(2,2),(195.43048333722,244.88851368025),.PIECEWISE_BEZIER_KNOTS.);
#6556 = CARTESIAN_POINT('',(4.712388980385,195.43048333722));
#6557 = CARTESIAN_POINT('',(4.712388980385,244.88851368025));
#6558 = ( GEOMETRIC_REPRESENTATION_CONTEXT(2) 
PARAMETRIC_REPRESENTATION_CONTEXT() REPRESENTATION_CONTEXT('2D SPACE',''
  ) );
#6559 = ADVANCED_FACE('',(#6560),#6473,.F.);
#6560 = FACE_BOUND('',#6561,.F.);
#6561 = EDGE_LOOP('',(#6562,#6599,#6618));
#6562 = ORIENTED_EDGE('',*,*,#6563,.F.);
#6563 = EDGE_CURVE('',#6564,#6454,#6566,.T.);
#6564 = VERTEX_POINT('',#6565);
#6565 = CARTESIAN_POINT('',(-899.6199967142,-513.2159529781,
    31.35537466529));
#6566 = SURFACE_CURVE('',#6567,(#6572,#6579),.PCURVE_S1.);
#6567 = ELLIPSE('',#6568,51.763809020504,50.);
#6568 = AXIS2_PLACEMENT_3D('',#6569,#6570,#6571);
#6569 = CARTESIAN_POINT('',(-899.6199967142,-513.2159529781,
    83.119183685794));
#6570 = DIRECTION('',(0.,1.,0.));
#6571 = DIRECTION('',(3.897581636578E-16,0.,-1.));
#6572 = PCURVE('',#6473,#6573);
#6573 = DEFINITIONAL_REPRESENTATION('',(#6574),#6578);
#6574 = ELLIPSE('',#6575,51.763809020504,50.);
#6575 = AXIS2_PLACEMENT_2D('',#6576,#6577);
#6576 = CARTESIAN_POINT('',(63.977954920773,58.));
#6577 = DIRECTION('',(-1.,3.897581636578E-16));
#6578 = ( GEOMETRIC_REPRESENTATION_CONTEXT(2) 
PARAMETRIC_REPRESENTATION_CONTEXT() REPRESENTATION_CONTEXT('2D SPACE',''
  ) );
#6579 = PCURVE('',#6549,#6580);
#6580 = DEFINITIONAL_REPRESENTATION('',(#6581),#6598);
#6581 = B_SPLINE_CURVE_WITH_KNOTS('',8,(#6582,#6583,#6584,#6585,#6586,
    #6587,#6588,#6589,#6590,#6591,#6592,#6593,#6594,#6595,#6596,#6597),
  .UNSPECIFIED.,.F.,.F.,(9,7,9),(5.666909619942,6.988914626368,
    8.310919632794),.UNSPECIFIED.);
#6582 = CARTESIAN_POINT('',(2.525316966353,210.23159346332));
#6583 = CARTESIAN_POINT('',(2.690567592156,211.51124996639));
#6584 = CARTESIAN_POINT('',(2.855818217958,212.44970542269));
#6585 = CARTESIAN_POINT('',(3.021068843765,212.99371095348));
#6586 = CARTESIAN_POINT('',(3.186319469559,213.10989512883));
#6587 = CARTESIAN_POINT('',(3.351570095366,212.78941526089));
#6588 = CARTESIAN_POINT('',(3.516820721169,212.04972507197));
#6589 = CARTESIAN_POINT('',(3.682071346975,210.93203568282));
#6590 = CARTESIAN_POINT('',(4.012572598582,208.06016274542));
#6591 = CARTESIAN_POINT('',(4.177823224385,206.30597830184));
#6592 = CARTESIAN_POINT('',(4.343073850188,204.29330421273));
#6593 = CARTESIAN_POINT('',(4.508324475992,202.1004115513));
#6594 = CARTESIAN_POINT('',(4.673575101796,199.81895315413));
#6595 = CARTESIAN_POINT('',(4.838825727597,197.54586940958));
#6596 = CARTESIAN_POINT('',(5.004076353401,195.37458910878));
#6597 = CARTESIAN_POINT('',(5.169326979204,193.38778365261));
#6598 = ( GEOMETRIC_REPRESENTATION_CONTEXT(2) 
PARAMETRIC_REPRESENTATION_CONTEXT() REPRESENTATION_CONTEXT('2D SPACE',''
  ) );
#6599 = ORIENTED_EDGE('',*,*,#6600,.T.);
#6600 = EDGE_CURVE('',#6564,#6452,#6601,.T.);
#6601 = SURFACE_CURVE('',#6602,(#6606,#6612),.PCURVE_S1.);
#6602 = LINE('',#6603,#6604);
#6603 = CARTESIAN_POINT('',(-757.1199967142,-513.2159529781,
    31.35537466529));
#6604 = VECTOR('',#6605,1.);
#6605 = DIRECTION('',(-1.,-0.,0.));
#6606 = PCURVE('',#6473,#6607);
#6607 = DEFINITIONAL_REPRESENTATION('',(#6608),#6611);
#6608 = B_SPLINE_CURVE_WITH_KNOTS('',1,(#6609,#6610),.UNSPECIFIED.,.F.,
  .F.,(2,2),(121.5,192.5),.PIECEWISE_BEZIER_KNOTS.);
#6609 = CARTESIAN_POINT('',(12.214145900269,79.));
#6610 = CARTESIAN_POINT('',(12.214145900269,8.));
#6611 = ( GEOMETRIC_REPRESENTATION_CONTEXT(2) 
PARAMETRIC_REPRESENTATION_CONTEXT() REPRESENTATION_CONTEXT('2D SPACE',''
  ) );
#6612 = PCURVE('',#6499,#6613);
#6613 = DEFINITIONAL_REPRESENTATION('',(#6614),#6617);
#6614 = B_SPLINE_CURVE_WITH_KNOTS('',1,(#6615,#6616),.UNSPECIFIED.,.F.,
  .F.,(2,2),(121.5,192.5),.PIECEWISE_BEZIER_KNOTS.);
#6615 = CARTESIAN_POINT('',(-12.28220944328,322.));
#6616 = CARTESIAN_POINT('',(-12.28220944328,393.));
#6617 = ( GEOMETRIC_REPRESENTATION_CONTEXT(2) 
PARAMETRIC_REPRESENTATION_CONTEXT() REPRESENTATION_CONTEXT('2D SPACE',''
  ) );
#6618 = ORIENTED_EDGE('',*,*,#6451,.T.);
#6619 = ADVANCED_FACE('',(#6620),#6549,.F.);
#6620 = FACE_BOUND('',#6621,.F.);
#6621 = EDGE_LOOP('',(#6622,#6643,#6644,#6645));
#6622 = ORIENTED_EDGE('',*,*,#6623,.F.);
#6623 = EDGE_CURVE('',#6564,#6624,#6626,.T.);
#6624 = VERTEX_POINT('',#6625);
#6625 = CARTESIAN_POINT('',(-899.6199967142,-473.1829465263,
    20.628562915948));
#6626 = SURFACE_CURVE('',#6627,(#6631,#6637),.PCURVE_S1.);
#6627 = LINE('',#6628,#6629);
#6628 = CARTESIAN_POINT('',(-899.6199967142,-718.6647380616,
    86.405210714364));
#6629 = VECTOR('',#6630,1.);
#6630 = DIRECTION('',(1.008768357388E-16,0.965925826289,-0.258819045103)
  );
#6631 = PCURVE('',#6549,#6632);
#6632 = DEFINITIONAL_REPRESENTATION('',(#6633),#6636);
#6633 = B_SPLINE_CURVE_WITH_KNOTS('',1,(#6634,#6635),.UNSPECIFIED.,.F.,
  .F.,(2,2),(208.55171169014,254.49499300863),.PIECEWISE_BEZIER_KNOTS.);
#6634 = CARTESIAN_POINT('',(3.14159265359,208.55171169014));
#6635 = CARTESIAN_POINT('',(3.14159265359,254.49499300863));
#6636 = ( GEOMETRIC_REPRESENTATION_CONTEXT(2) 
PARAMETRIC_REPRESENTATION_CONTEXT() REPRESENTATION_CONTEXT('2D SPACE',''
  ) );
#6637 = PCURVE('',#6499,#6638);
#6638 = DEFINITIONAL_REPRESENTATION('',(#6639),#6642);
#6639 = B_SPLINE_CURVE_WITH_KNOTS('',1,(#6640,#6641),.UNSPECIFIED.,.F.,
  .F.,(2,2),(208.55171169014,254.49499300863),.PIECEWISE_BEZIER_KNOTS.);
#6640 = CARTESIAN_POINT('',(-16.42673124425,343.));
#6641 = CARTESIAN_POINT('',(29.516550074234,343.));
#6642 = ( GEOMETRIC_REPRESENTATION_CONTEXT(2) 
PARAMETRIC_REPRESENTATION_CONTEXT() REPRESENTATION_CONTEXT('2D SPACE',''
  ) );
#6643 = ORIENTED_EDGE('',*,*,#6563,.T.);
#6644 = ORIENTED_EDGE('',*,*,#6536,.T.);
#6645 = ORIENTED_EDGE('',*,*,#6646,.F.);
#6646 = EDGE_CURVE('',#6624,#6511,#6647,.T.);
#6647 = SURFACE_CURVE('',#6648,(#6653,#6673),.PCURVE_S1.);
#6648 = ELLIPSE('',#6649,51.763809020504,50.);
#6649 = AXIS2_PLACEMENT_3D('',#6650,#6651,#6652);
#6650 = CARTESIAN_POINT('',(-899.6199967142,-473.1829465263,
    72.392371936452));
#6651 = DIRECTION('',(0.,1.,0.));
#6652 = DIRECTION('',(3.897581636578E-16,0.,-1.));
#6653 = PCURVE('',#6549,#6654);
#6654 = DEFINITIONAL_REPRESENTATION('',(#6655),#6672);
#6655 = B_SPLINE_CURVE_WITH_KNOTS('',8,(#6656,#6657,#6658,#6659,#6660,
    #6661,#6662,#6663,#6664,#6665,#6666,#6667,#6668,#6669,#6670,#6671),
  .UNSPECIFIED.,.F.,.F.,(9,7,9),(5.666909619942,7.113204724782,
    8.559499829623),.UNSPECIFIED.);
#6656 = CARTESIAN_POINT('',(2.525316966353,251.67681147304));
#6657 = CARTESIAN_POINT('',(2.706103854458,253.0767766224));
#6658 = CARTESIAN_POINT('',(2.886890742559,254.06836783866));
#6659 = CARTESIAN_POINT('',(3.067677630674,254.58186137165));
#6660 = CARTESIAN_POINT('',(3.248464518755,254.57600709138));
#6661 = CARTESIAN_POINT('',(3.429251406877,254.0453208734));
#6662 = CARTESIAN_POINT('',(3.61003829498,253.02242451686));
#6663 = CARTESIAN_POINT('',(3.790825183088,251.57278492191));
#6664 = CARTESIAN_POINT('',(4.152398959298,247.99805638289));
#6665 = CARTESIAN_POINT('',(4.333185847402,245.87296685773));
#6666 = CARTESIAN_POINT('',(4.513972735509,243.49917447874));
#6667 = CARTESIAN_POINT('',(4.694759623613,240.98922723344));
#6668 = CARTESIAN_POINT('',(4.875546511717,238.46997730134));
#6669 = CARTESIAN_POINT('',(5.056333399823,236.06894413755));
#6670 = CARTESIAN_POINT('',(5.237120287928,233.90057282531));
#6671 = CARTESIAN_POINT('',(5.417907176033,232.05669848838));
#6672 = ( GEOMETRIC_REPRESENTATION_CONTEXT(2) 
PARAMETRIC_REPRESENTATION_CONTEXT() REPRESENTATION_CONTEXT('2D SPACE',''
  ) );
#6673 = PCURVE('',#6525,#6674);
#6674 = DEFINITIONAL_REPRESENTATION('',(#6675),#6679);
#6675 = ELLIPSE('',#6676,51.763809020504,50.);
#6676 = AXIS2_PLACEMENT_2D('',#6677,#6678);
#6677 = CARTESIAN_POINT('',(53.251143171431,58.));
#6678 = DIRECTION('',(-1.,3.897581636578E-16));
#6679 = ( GEOMETRIC_REPRESENTATION_CONTEXT(2) 
PARAMETRIC_REPRESENTATION_CONTEXT() REPRESENTATION_CONTEXT('2D SPACE',''
  ) );
#6680 = ADVANCED_FACE('',(#6681),#6525,.T.);
#6681 = FACE_BOUND('',#6682,.T.);
#6682 = EDGE_LOOP('',(#6683,#6684,#6703));
#6683 = ORIENTED_EDGE('',*,*,#6646,.F.);
#6684 = ORIENTED_EDGE('',*,*,#6685,.T.);
#6685 = EDGE_CURVE('',#6624,#6485,#6686,.T.);
#6686 = SURFACE_CURVE('',#6687,(#6691,#6697),.PCURVE_S1.);
#6687 = LINE('',#6688,#6689);
#6688 = CARTESIAN_POINT('',(-757.1199967142,-473.1829465263,
    20.628562915948));
#6689 = VECTOR('',#6690,1.);
#6690 = DIRECTION('',(-1.,-0.,0.));
#6691 = PCURVE('',#6525,#6692);
#6692 = DEFINITIONAL_REPRESENTATION('',(#6693),#6696);
#6693 = B_SPLINE_CURVE_WITH_KNOTS('',1,(#6694,#6695),.UNSPECIFIED.,.F.,
  .F.,(2,2),(121.5,192.5),.PIECEWISE_BEZIER_KNOTS.);
#6694 = CARTESIAN_POINT('',(1.487334150927,79.));
#6695 = CARTESIAN_POINT('',(1.487334150927,8.));
#6696 = ( GEOMETRIC_REPRESENTATION_CONTEXT(2) 
PARAMETRIC_REPRESENTATION_CONTEXT() REPRESENTATION_CONTEXT('2D SPACE',''
  ) );
#6697 = PCURVE('',#6499,#6698);
#6698 = DEFINITIONAL_REPRESENTATION('',(#6699),#6702);
#6699 = B_SPLINE_CURVE_WITH_KNOTS('',1,(#6700,#6701),.UNSPECIFIED.,.F.,
  .F.,(2,2),(121.5,192.5),.PIECEWISE_BEZIER_KNOTS.);
#6700 = CARTESIAN_POINT('',(29.163008566442,322.));
#6701 = CARTESIAN_POINT('',(29.163008566442,393.));
#6702 = ( GEOMETRIC_REPRESENTATION_CONTEXT(2) 
PARAMETRIC_REPRESENTATION_CONTEXT() REPRESENTATION_CONTEXT('2D SPACE',''
  ) );
#6703 = ORIENTED_EDGE('',*,*,#6510,.T.);
#6704 = ADVANCED_FACE('',(#6705),#6499,.F.);
#6705 = FACE_BOUND('',#6706,.F.);
#6706 = EDGE_LOOP('',(#6707,#6708,#6709,#6710));
#6707 = ORIENTED_EDGE('',*,*,#6623,.T.);
#6708 = ORIENTED_EDGE('',*,*,#6685,.T.);
#6709 = ORIENTED_EDGE('',*,*,#6484,.F.);
#6710 = ORIENTED_EDGE('',*,*,#6600,.F.);
#6711 = ( GEOMETRIC_REPRESENTATION_CONTEXT(3) 
GLOBAL_UNCERTAINTY_ASSIGNED_CONTEXT((#6715)) 
GLOBAL_UNIT_ASSIGNED_CONTEXT((#6712,#6713,#6714)) REPRESENTATION_CONTEXT
('Context #1','3D Context with UNIT and UNCERTAINTY') );
#6712 = ( LENGTH_UNIT() NAMED_UNIT(*) SI_UNIT(.MILLI.,.METRE.) );
#6713 = ( NAMED_UNIT(*) PLANE_ANGLE_UNIT() SI_UNIT($,.RADIAN.) );
#6714 = ( NAMED_UNIT(*) SI_UNIT($,.STERADIAN.) SOLID_ANGLE_UNIT() );
#6715 = UNCERTAINTY_MEASURE_WITH_UNIT(LENGTH_MEASURE(2.E-07),#6712,
  'distance_accuracy_value','confusion accuracy');
#6716 = CONTEXT_DEPENDENT_SHAPE_REPRESENTATION(#6717,#6719);
#6717 = ( REPRESENTATION_RELATIONSHIP('','',#6444,#10) 
REPRESENTATION_RELATIONSHIP_WITH_TRANSFORMATION(#6718) 
SHAPE_REPRESENTATION_RELATIONSHIP() );
#6718 = ITEM_DEFINED_TRANSFORMATION('','',#11,#35);
#6719 = PRODUCT_DEFINITION_SHAPE('Placement','Placement of an item',
  #6720);
#6720 = NEXT_ASSEMBLY_USAGE_OCCURRENCE('6','','',#5,#6439,$);
#6721 = PRODUCT_RELATED_PRODUCT_CATEGORY('part',$,(#6441));
#6722 = SHAPE_DEFINITION_REPRESENTATION(#6723,#6729);
#6723 = PRODUCT_DEFINITION_SHAPE('','',#6724);
#6724 = PRODUCT_DEFINITION('design','',#6725,#6728);
#6725 = PRODUCT_DEFINITION_FORMATION('','',#6726);
#6726 = PRODUCT('Open CASCADE STEP translator 7.9 1.7',
  'Open CASCADE STEP translator 7.9 1.7','',(#6727));
#6727 = PRODUCT_CONTEXT('',#2,'mechanical');
#6728 = PRODUCT_DEFINITION_CONTEXT('part definition',#2,'design');
#6729 = ADVANCED_BREP_SHAPE_REPRESENTATION('',(#11,#6730),#8298);
#6730 = MANIFOLD_SOLID_BREP('',#6731);
#6731 = CLOSED_SHELL('',(#6732,#6836,#6913,#7031,#7151,#7303,#7382,#7515
    ,#7521,#7548,#7630,#7768,#7795,#7849,#7923,#7951,#7978,#8005,#8012,
    #8063,#8203,#8257,#8264,#8292));
#6732 = ADVANCED_FACE('',(#6733),#6747,.T.);
#6733 = FACE_BOUND('',#6734,.T.);
#6734 = EDGE_LOOP('',(#6735,#6770,#6796));
#6735 = ORIENTED_EDGE('',*,*,#6736,.F.);
#6736 = EDGE_CURVE('',#6737,#6739,#6741,.T.);
#6737 = VERTEX_POINT('',#6738);
#6738 = CARTESIAN_POINT('',(-878.6199967142,-473.1829465263,
    20.628562915948));
#6739 = VERTEX_POINT('',#6740);
#6740 = CARTESIAN_POINT('',(-878.6199967142,-473.1829465263,
    25.415467516698));
#6741 = SURFACE_CURVE('',#6742,(#6746,#6758),.PCURVE_S1.);
#6742 = LINE('',#6743,#6744);
#6743 = CARTESIAN_POINT('',(-878.6199967142,-473.1829465263,
    19.141228765021));
#6744 = VECTOR('',#6745,1.);
#6745 = DIRECTION('',(0.,0.,1.));
#6746 = PCURVE('',#6747,#6752);
#6747 = PLANE('',#6748);
#6748 = AXIS2_PLACEMENT_3D('',#6749,#6750,#6751);
#6749 = CARTESIAN_POINT('',(-957.6199967142,-473.1829465263,
    19.141228765021));
#6750 = DIRECTION('',(-0.,1.,0.));
#6751 = DIRECTION('',(0.,0.,1.));
#6752 = DEFINITIONAL_REPRESENTATION('',(#6753),#6757);
#6753 = LINE('',#6754,#6755);
#6754 = CARTESIAN_POINT('',(0.,79.));
#6755 = VECTOR('',#6756,1.);
#6756 = DIRECTION('',(1.,0.));
#6757 = ( GEOMETRIC_REPRESENTATION_CONTEXT(2) 
PARAMETRIC_REPRESENTATION_CONTEXT() REPRESENTATION_CONTEXT('2D SPACE',''
  ) );
#6758 = PCURVE('',#6759,#6764);
#6759 = PLANE('',#6760);
#6760 = AXIS2_PLACEMENT_3D('',#6761,#6762,#6763);
#6761 = CARTESIAN_POINT('',(-878.6199967142,-513.2159529781,
    19.141228765021));
#6762 = DIRECTION('',(1.,0.,-0.));
#6763 = DIRECTION('',(0.,0.,1.));
#6764 = DEFINITIONAL_REPRESENTATION('',(#6765),#6769);
#6765 = LINE('',#6766,#6767);
#6766 = CARTESIAN_POINT('',(0.,-40.03300645177));
#6767 = VECTOR('',#6768,1.);
#6768 = DIRECTION('',(1.,0.));
#6769 = ( GEOMETRIC_REPRESENTATION_CONTEXT(2) 
PARAMETRIC_REPRESENTATION_CONTEXT() REPRESENTATION_CONTEXT('2D SPACE',''
  ) );
#6770 = ORIENTED_EDGE('',*,*,#6771,.T.);
#6771 = EDGE_CURVE('',#6737,#6772,#6774,.T.);
#6772 = VERTEX_POINT('',#6773);
#6773 = CARTESIAN_POINT('',(-899.6199967142,-473.1829465263,
    20.628562915948));
#6774 = SURFACE_CURVE('',#6775,(#6779,#6785),.PCURVE_S1.);
#6775 = LINE('',#6776,#6777);
#6776 = CARTESIAN_POINT('',(-757.1199967142,-473.1829465263,
    20.628562915948));
#6777 = VECTOR('',#6778,1.);
#6778 = DIRECTION('',(-1.,-0.,0.));
#6779 = PCURVE('',#6747,#6780);
#6780 = DEFINITIONAL_REPRESENTATION('',(#6781),#6784);
#6781 = B_SPLINE_CURVE_WITH_KNOTS('',1,(#6782,#6783),.UNSPECIFIED.,.F.,
  .F.,(2,2),(121.5,192.5),.PIECEWISE_BEZIER_KNOTS.);
#6782 = CARTESIAN_POINT('',(1.487334150927,79.));
#6783 = CARTESIAN_POINT('',(1.487334150927,8.));
#6784 = ( GEOMETRIC_REPRESENTATION_CONTEXT(2) 
PARAMETRIC_REPRESENTATION_CONTEXT() REPRESENTATION_CONTEXT('2D SPACE',''
  ) );
#6785 = PCURVE('',#6786,#6791);
#6786 = PLANE('',#6787);
#6787 = AXIS2_PLACEMENT_3D('',#6788,#6789,#6790);
#6788 = CARTESIAN_POINT('',(-556.6199967142,-501.3522496729,
    28.176504945431));
#6789 = DIRECTION('',(0.,0.258819045103,0.965925826289));
#6790 = DIRECTION('',(0.,0.965925826289,-0.258819045103));
#6791 = DEFINITIONAL_REPRESENTATION('',(#6792),#6795);
#6792 = B_SPLINE_CURVE_WITH_KNOTS('',1,(#6793,#6794),.UNSPECIFIED.,.F.,
  .F.,(2,2),(121.5,192.5),.PIECEWISE_BEZIER_KNOTS.);
#6793 = CARTESIAN_POINT('',(29.163008566442,322.));
#6794 = CARTESIAN_POINT('',(29.163008566442,393.));
#6795 = ( GEOMETRIC_REPRESENTATION_CONTEXT(2) 
PARAMETRIC_REPRESENTATION_CONTEXT() REPRESENTATION_CONTEXT('2D SPACE',''
  ) );
#6796 = ORIENTED_EDGE('',*,*,#6797,.F.);
#6797 = EDGE_CURVE('',#6739,#6772,#6798,.T.);
#6798 = SURFACE_CURVE('',#6799,(#6804,#6811),.PCURVE_S1.);
#6799 = ELLIPSE('',#6800,51.763809020504,50.);
#6800 = AXIS2_PLACEMENT_3D('',#6801,#6802,#6803);
#6801 = CARTESIAN_POINT('',(-899.6199967142,-473.1829465263,
    72.392371936452));
#6802 = DIRECTION('',(0.,1.,0.));
#6803 = DIRECTION('',(3.897581636578E-16,0.,-1.));
#6804 = PCURVE('',#6747,#6805);
#6805 = DEFINITIONAL_REPRESENTATION('',(#6806),#6810);
#6806 = ELLIPSE('',#6807,51.763809020504,50.);
#6807 = AXIS2_PLACEMENT_2D('',#6808,#6809);
#6808 = CARTESIAN_POINT('',(53.251143171431,58.));
#6809 = DIRECTION('',(-1.,3.897581636578E-16));
#6810 = ( GEOMETRIC_REPRESENTATION_CONTEXT(2) 
PARAMETRIC_REPRESENTATION_CONTEXT() REPRESENTATION_CONTEXT('2D SPACE',''
  ) );
#6811 = PCURVE('',#6812,#6817);
#6812 = CYLINDRICAL_SURFACE('',#6813,50.);
#6813 = AXIS2_PLACEMENT_3D('',#6814,#6815,#6816);
#6814 = CARTESIAN_POINT('',(-899.6199967142,-705.7237858065,
    134.70150202881));
#6815 = DIRECTION('',(1.008768357388E-16,0.965925826289,-0.258819045103)
  );
#6816 = DIRECTION('',(3.362494525438E-33,0.258819045103,0.965925826289)
  );
#6817 = DEFINITIONAL_REPRESENTATION('',(#6818),#6835);
#6818 = B_SPLINE_CURVE_WITH_KNOTS('',8,(#6819,#6820,#6821,#6822,#6823,
    #6824,#6825,#6826,#6827,#6828,#6829,#6830,#6831,#6832,#6833,#6834),
  .UNSPECIFIED.,.F.,.F.,(9,7,9),(5.666909619942,7.113204724782,
    8.559499829623),.UNSPECIFIED.);
#6819 = CARTESIAN_POINT('',(2.525316966353,251.67681147304));
#6820 = CARTESIAN_POINT('',(2.706103854458,253.0767766224));
#6821 = CARTESIAN_POINT('',(2.886890742559,254.06836783866));
#6822 = CARTESIAN_POINT('',(3.067677630674,254.58186137165));
#6823 = CARTESIAN_POINT('',(3.248464518755,254.57600709138));
#6824 = CARTESIAN_POINT('',(3.429251406877,254.0453208734));
#6825 = CARTESIAN_POINT('',(3.61003829498,253.02242451686));
#6826 = CARTESIAN_POINT('',(3.790825183088,251.57278492191));
#6827 = CARTESIAN_POINT('',(4.152398959298,247.99805638289));
#6828 = CARTESIAN_POINT('',(4.333185847402,245.87296685773));
#6829 = CARTESIAN_POINT('',(4.513972735509,243.49917447874));
#6830 = CARTESIAN_POINT('',(4.694759623613,240.98922723344));
#6831 = CARTESIAN_POINT('',(4.875546511717,238.46997730134));
#6832 = CARTESIAN_POINT('',(5.056333399823,236.06894413755));
#6833 = CARTESIAN_POINT('',(5.237120287928,233.90057282531));
#6834 = CARTESIAN_POINT('',(5.417907176033,232.05669848838));
#6835 = ( GEOMETRIC_REPRESENTATION_CONTEXT(2) 
PARAMETRIC_REPRESENTATION_CONTEXT() REPRESENTATION_CONTEXT('2D SPACE',''
  ) );
#6836 = ADVANCED_FACE('',(#6837),#6759,.T.);
#6837 = FACE_BOUND('',#6838,.T.);
#6838 = EDGE_LOOP('',(#6839,#6840,#6861,#6894));
#6839 = ORIENTED_EDGE('',*,*,#6736,.T.);
#6840 = ORIENTED_EDGE('',*,*,#6841,.F.);
#6841 = EDGE_CURVE('',#6842,#6739,#6844,.T.);
#6842 = VERTEX_POINT('',#6843);
#6843 = CARTESIAN_POINT('',(-878.6199967142,-488.1472600366,
    29.425143237059));
#6844 = SURFACE_CURVE('',#6845,(#6849,#6855),.PCURVE_S1.);
#6845 = LINE('',#6846,#6847);
#6846 = CARTESIAN_POINT('',(-878.6199967142,-717.4680119114,
    90.87145350961));
#6847 = VECTOR('',#6848,1.);
#6848 = DIRECTION('',(1.008768357388E-16,0.965925826289,-0.258819045103)
  );
#6849 = PCURVE('',#6759,#6850);
#6850 = DEFINITIONAL_REPRESENTATION('',(#6851),#6854);
#6851 = B_SPLINE_CURVE_WITH_KNOTS('',1,(#6852,#6853),.UNSPECIFIED.,.F.,
  .F.,(2,2),(207.31276961238,257.04703122405),.PIECEWISE_BEZIER_KNOTS.);
#6852 = CARTESIAN_POINT('',(18.073731675953,4.003300645177));
#6853 = CARTESIAN_POINT('',(5.201557576743,-44.03630709694));
#6854 = ( GEOMETRIC_REPRESENTATION_CONTEXT(2) 
PARAMETRIC_REPRESENTATION_CONTEXT() REPRESENTATION_CONTEXT('2D SPACE',''
  ) );
#6855 = PCURVE('',#6812,#6856);
#6856 = DEFINITIONAL_REPRESENTATION('',(#6857),#6860);
#6857 = B_SPLINE_CURVE_WITH_KNOTS('',1,(#6858,#6859),.UNSPECIFIED.,.F.,
  .F.,(2,2),(207.31276961238,257.04703122405),.PIECEWISE_BEZIER_KNOTS.);
#6858 = CARTESIAN_POINT('',(2.70814733352,207.31276961238));
#6859 = CARTESIAN_POINT('',(2.70814733352,257.04703122405));
#6860 = ( GEOMETRIC_REPRESENTATION_CONTEXT(2) 
PARAMETRIC_REPRESENTATION_CONTEXT() REPRESENTATION_CONTEXT('2D SPACE',''
  ) );
#6861 = ORIENTED_EDGE('',*,*,#6862,.T.);
#6862 = EDGE_CURVE('',#6842,#6863,#6865,.T.);
#6863 = VERTEX_POINT('',#6864);
#6864 = CARTESIAN_POINT('',(-878.6199967142,-497.4885463678,
    27.141228765021));
#6865 = SURFACE_CURVE('',#6866,(#6871,#6882),.PCURVE_S1.);
#6866 = CIRCLE('',#6867,10.);
#6867 = AXIS2_PLACEMENT_3D('',#6868,#6869,#6870);
#6868 = CARTESIAN_POINT('',(-878.6199967142,-494.9003559168,
    36.800487027911));
#6869 = DIRECTION('',(-1.,1.224646799147E-16,6.728624391668E-17));
#6870 = DIRECTION('',(2.96074340029E-18,0.5,-0.866025403784));
#6871 = PCURVE('',#6759,#6872);
#6872 = DEFINITIONAL_REPRESENTATION('',(#6873),#6881);
#6873 = ( BOUNDED_CURVE() B_SPLINE_CURVE(2,(#6874,#6875,#6876,#6877,
#6878,#6879,#6880),.UNSPECIFIED.,.T.,.F.) B_SPLINE_CURVE_WITH_KNOTS((1,2
    ,2,2,2,1),(-2.094395102393,0.,2.094395102393,4.188790204786,
6.28318530718,8.377580409573),.UNSPECIFIED.) CURVE() 
GEOMETRIC_REPRESENTATION_ITEM() RATIONAL_B_SPLINE_CURVE((1.,0.5,1.,0.5,
1.,0.5,1.)) REPRESENTATION_ITEM('') );
#6874 = CARTESIAN_POINT('',(8.999004225046,-23.31559706133));
#6875 = CARTESIAN_POINT('',(0.338750187202,-8.315597061338));
#6876 = CARTESIAN_POINT('',(17.659258262891,-8.315597061338));
#6877 = CARTESIAN_POINT('',(34.97976633858,-8.315597061338));
#6878 = CARTESIAN_POINT('',(26.319512300735,-23.31559706133));
#6879 = CARTESIAN_POINT('',(17.659258262891,-38.31559706133));
#6880 = CARTESIAN_POINT('',(8.999004225046,-23.31559706133));
#6881 = ( GEOMETRIC_REPRESENTATION_CONTEXT(2) 
PARAMETRIC_REPRESENTATION_CONTEXT() REPRESENTATION_CONTEXT('2D SPACE',''
  ) );
#6882 = PCURVE('',#6883,#6888);
#6883 = CYLINDRICAL_SURFACE('',#6884,10.);
#6884 = AXIS2_PLACEMENT_3D('',#6885,#6886,#6887);
#6885 = CARTESIAN_POINT('',(-721.6199967142,-494.9003559168,
    36.800487027911));
#6886 = DIRECTION('',(-1.,1.224646799147E-16,6.728624391668E-17));
#6887 = DIRECTION('',(2.96074340029E-18,0.5,-0.866025403784));
#6888 = DEFINITIONAL_REPRESENTATION('',(#6889),#6893);
#6889 = LINE('',#6890,#6891);
#6890 = CARTESIAN_POINT('',(-6.28318530718,157.));
#6891 = VECTOR('',#6892,1.);
#6892 = DIRECTION('',(1.,0.));
#6893 = ( GEOMETRIC_REPRESENTATION_CONTEXT(2) 
PARAMETRIC_REPRESENTATION_CONTEXT() REPRESENTATION_CONTEXT('2D SPACE',''
  ) );
#6894 = ORIENTED_EDGE('',*,*,#6895,.T.);
#6895 = EDGE_CURVE('',#6863,#6737,#6896,.T.);
#6896 = SURFACE_CURVE('',#6897,(#6901,#6907),.PCURVE_S1.);
#6897 = LINE('',#6898,#6899);
#6898 = CARTESIAN_POINT('',(-878.6199967142,-505.757333088,
    29.356843489084));
#6899 = VECTOR('',#6900,1.);
#6900 = DIRECTION('',(-0.,0.965925826289,-0.258819045103));
#6901 = PCURVE('',#6759,#6902);
#6902 = DEFINITIONAL_REPRESENTATION('',(#6903),#6906);
#6903 = B_SPLINE_CURVE_WITH_KNOTS('',1,(#6904,#6905),.UNSPECIFIED.,.F.,
  .F.,(2,2),(-7.721731510965,33.723486498756),.PIECEWISE_BEZIER_KNOTS.);
#6904 = CARTESIAN_POINT('',(12.214145900269,5.530865296536E-17));
#6905 = CARTESIAN_POINT('',(1.487334150927,-40.03300645177));
#6906 = ( GEOMETRIC_REPRESENTATION_CONTEXT(2) 
PARAMETRIC_REPRESENTATION_CONTEXT() REPRESENTATION_CONTEXT('2D SPACE',''
  ) );
#6907 = PCURVE('',#6786,#6908);
#6908 = DEFINITIONAL_REPRESENTATION('',(#6909),#6912);
#6909 = B_SPLINE_CURVE_WITH_KNOTS('',1,(#6910,#6911),.UNSPECIFIED.,.F.,
  .F.,(2,2),(-7.721731510965,33.723486498756),.PIECEWISE_BEZIER_KNOTS.);
#6910 = CARTESIAN_POINT('',(-12.28220944328,322.));
#6911 = CARTESIAN_POINT('',(29.163008566442,322.));
#6912 = ( GEOMETRIC_REPRESENTATION_CONTEXT(2) 
PARAMETRIC_REPRESENTATION_CONTEXT() REPRESENTATION_CONTEXT('2D SPACE',''
  ) );
#6913 = ADVANCED_FACE('',(#6914),#6812,.F.);
#6914 = FACE_BOUND('',#6915,.F.);
#6915 = EDGE_LOOP('',(#6916,#6944,#6986,#7005,#7006,#7007));
#6916 = ORIENTED_EDGE('',*,*,#6917,.F.);
#6917 = EDGE_CURVE('',#6918,#6920,#6922,.T.);
#6918 = VERTEX_POINT('',#6919);
#6919 = CARTESIAN_POINT('',(-878.6199967142,-513.2159529781,
    36.142279266038));
#6920 = VERTEX_POINT('',#6921);
#6921 = CARTESIAN_POINT('',(-878.6199967142,-505.9510784805,
    34.195662011292));
#6922 = SURFACE_CURVE('',#6923,(#6927,#6933),.PCURVE_S1.);
#6923 = LINE('',#6924,#6925);
#6924 = CARTESIAN_POINT('',(-878.6199967142,-717.4680119114,
    90.87145350961));
#6925 = VECTOR('',#6926,1.);
#6926 = DIRECTION('',(1.008768357388E-16,0.965925826289,-0.258819045103)
  );
#6927 = PCURVE('',#6812,#6928);
#6928 = DEFINITIONAL_REPRESENTATION('',(#6929),#6932);
#6929 = B_SPLINE_CURVE_WITH_KNOTS('',1,(#6930,#6931),.UNSPECIFIED.,.F.,
  .F.,(2,2),(207.31276961238,257.04703122405),.PIECEWISE_BEZIER_KNOTS.);
#6930 = CARTESIAN_POINT('',(2.70814733352,207.31276961238));
#6931 = CARTESIAN_POINT('',(2.70814733352,257.04703122405));
#6932 = ( GEOMETRIC_REPRESENTATION_CONTEXT(2) 
PARAMETRIC_REPRESENTATION_CONTEXT() REPRESENTATION_CONTEXT('2D SPACE',''
  ) );
#6933 = PCURVE('',#6934,#6939);
#6934 = PLANE('',#6935);
#6935 = AXIS2_PLACEMENT_3D('',#6936,#6937,#6938);
#6936 = CARTESIAN_POINT('',(-878.6199967142,-513.2159529781,
    19.141228765021));
#6937 = DIRECTION('',(1.,0.,-0.));
#6938 = DIRECTION('',(0.,0.,1.));
#6939 = DEFINITIONAL_REPRESENTATION('',(#6940),#6943);
#6940 = B_SPLINE_CURVE_WITH_KNOTS('',1,(#6941,#6942),.UNSPECIFIED.,.F.,
  .F.,(2,2),(207.31276961238,257.04703122405),.PIECEWISE_BEZIER_KNOTS.);
#6941 = CARTESIAN_POINT('',(18.073731675953,4.003300645177));
#6942 = CARTESIAN_POINT('',(5.201557576743,-44.03630709694));
#6943 = ( GEOMETRIC_REPRESENTATION_CONTEXT(2) 
PARAMETRIC_REPRESENTATION_CONTEXT() REPRESENTATION_CONTEXT('2D SPACE',''
  ) );
#6944 = ORIENTED_EDGE('',*,*,#6945,.T.);
#6945 = EDGE_CURVE('',#6918,#6946,#6948,.T.);
#6946 = VERTEX_POINT('',#6947);
#6947 = CARTESIAN_POINT('',(-899.6199967142,-513.2159529781,
    31.35537466529));
#6948 = SURFACE_CURVE('',#6949,(#6954,#6974),.PCURVE_S1.);
#6949 = ELLIPSE('',#6950,51.763809020504,50.);
#6950 = AXIS2_PLACEMENT_3D('',#6951,#6952,#6953);
#6951 = CARTESIAN_POINT('',(-899.6199967142,-513.2159529781,
    83.119183685794));
#6952 = DIRECTION('',(0.,1.,0.));
#6953 = DIRECTION('',(3.897581636578E-16,0.,-1.));
#6954 = PCURVE('',#6812,#6955);
#6955 = DEFINITIONAL_REPRESENTATION('',(#6956),#6973);
#6956 = B_SPLINE_CURVE_WITH_KNOTS('',8,(#6957,#6958,#6959,#6960,#6961,
    #6962,#6963,#6964,#6965,#6966,#6967,#6968,#6969,#6970,#6971,#6972),
  .UNSPECIFIED.,.F.,.F.,(9,7,9),(5.666909619942,6.988914626368,
    8.310919632794),.UNSPECIFIED.);
#6957 = CARTESIAN_POINT('',(2.525316966353,210.23159346332));
#6958 = CARTESIAN_POINT('',(2.690567592156,211.51124996639));
#6959 = CARTESIAN_POINT('',(2.855818217958,212.44970542269));
#6960 = CARTESIAN_POINT('',(3.021068843765,212.99371095348));
#6961 = CARTESIAN_POINT('',(3.186319469559,213.10989512883));
#6962 = CARTESIAN_POINT('',(3.351570095366,212.78941526089));
#6963 = CARTESIAN_POINT('',(3.516820721169,212.04972507197));
#6964 = CARTESIAN_POINT('',(3.682071346975,210.93203568282));
#6965 = CARTESIAN_POINT('',(4.012572598582,208.06016274542));
#6966 = CARTESIAN_POINT('',(4.177823224385,206.30597830184));
#6967 = CARTESIAN_POINT('',(4.343073850188,204.29330421273));
#6968 = CARTESIAN_POINT('',(4.508324475992,202.1004115513));
#6969 = CARTESIAN_POINT('',(4.673575101796,199.81895315413));
#6970 = CARTESIAN_POINT('',(4.838825727597,197.54586940958));
#6971 = CARTESIAN_POINT('',(5.004076353401,195.37458910878));
#6972 = CARTESIAN_POINT('',(5.169326979204,193.38778365261));
#6973 = ( GEOMETRIC_REPRESENTATION_CONTEXT(2) 
PARAMETRIC_REPRESENTATION_CONTEXT() REPRESENTATION_CONTEXT('2D SPACE',''
  ) );
#6974 = PCURVE('',#6975,#6980);
#6975 = PLANE('',#6976);
#6976 = AXIS2_PLACEMENT_3D('',#6977,#6978,#6979);
#6977 = CARTESIAN_POINT('',(-957.6199967142,-513.2159529781,
    19.141228765021));
#6978 = DIRECTION('',(-0.,1.,0.));
#6979 = DIRECTION('',(0.,0.,1.));
#6980 = DEFINITIONAL_REPRESENTATION('',(#6981),#6985);
#6981 = ELLIPSE('',#6982,51.763809020504,50.);
#6982 = AXIS2_PLACEMENT_2D('',#6983,#6984);
#6983 = CARTESIAN_POINT('',(63.977954920773,58.));
#6984 = DIRECTION('',(-1.,3.897581636578E-16));
#6985 = ( GEOMETRIC_REPRESENTATION_CONTEXT(2) 
PARAMETRIC_REPRESENTATION_CONTEXT() REPRESENTATION_CONTEXT('2D SPACE',''
  ) );
#6986 = ORIENTED_EDGE('',*,*,#6987,.T.);
#6987 = EDGE_CURVE('',#6946,#6772,#6988,.T.);
#6988 = SURFACE_CURVE('',#6989,(#6993,#6999),.PCURVE_S1.);
#6989 = LINE('',#6990,#6991);
#6990 = CARTESIAN_POINT('',(-899.6199967142,-718.6647380616,
    86.405210714364));
#6991 = VECTOR('',#6992,1.);
#6992 = DIRECTION('',(1.008768357388E-16,0.965925826289,-0.258819045103)
  );
#6993 = PCURVE('',#6812,#6994);
#6994 = DEFINITIONAL_REPRESENTATION('',(#6995),#6998);
#6995 = B_SPLINE_CURVE_WITH_KNOTS('',1,(#6996,#6997),.UNSPECIFIED.,.F.,
  .F.,(2,2),(208.55171169014,254.49499300863),.PIECEWISE_BEZIER_KNOTS.);
#6996 = CARTESIAN_POINT('',(3.14159265359,208.55171169014));
#6997 = CARTESIAN_POINT('',(3.14159265359,254.49499300863));
#6998 = ( GEOMETRIC_REPRESENTATION_CONTEXT(2) 
PARAMETRIC_REPRESENTATION_CONTEXT() REPRESENTATION_CONTEXT('2D SPACE',''
  ) );
#6999 = PCURVE('',#6786,#7000);
#7000 = DEFINITIONAL_REPRESENTATION('',(#7001),#7004);
#7001 = B_SPLINE_CURVE_WITH_KNOTS('',1,(#7002,#7003),.UNSPECIFIED.,.F.,
  .F.,(2,2),(208.55171169014,254.49499300863),.PIECEWISE_BEZIER_KNOTS.);
#7002 = CARTESIAN_POINT('',(-16.42673124425,343.));
#7003 = CARTESIAN_POINT('',(29.516550074234,343.));
#7004 = ( GEOMETRIC_REPRESENTATION_CONTEXT(2) 
PARAMETRIC_REPRESENTATION_CONTEXT() REPRESENTATION_CONTEXT('2D SPACE',''
  ) );
#7005 = ORIENTED_EDGE('',*,*,#6797,.F.);
#7006 = ORIENTED_EDGE('',*,*,#6841,.F.);
#7007 = ORIENTED_EDGE('',*,*,#7008,.F.);
#7008 = EDGE_CURVE('',#6920,#6842,#7009,.T.);
#7009 = SURFACE_CURVE('',#7010,(#7014,#7020),.PCURVE_S1.);
#7010 = LINE('',#7011,#7012);
#7011 = CARTESIAN_POINT('',(-878.6199967142,-717.4680119114,
    90.87145350961));
#7012 = VECTOR('',#7013,1.);
#7013 = DIRECTION('',(1.008768357388E-16,0.965925826289,-0.258819045103)
  );
#7014 = PCURVE('',#6812,#7015);
#7015 = DEFINITIONAL_REPRESENTATION('',(#7016),#7019);
#7016 = B_SPLINE_CURVE_WITH_KNOTS('',1,(#7017,#7018),.UNSPECIFIED.,.F.,
  .F.,(2,2),(207.31276961238,257.04703122405),.PIECEWISE_BEZIER_KNOTS.);
#7017 = CARTESIAN_POINT('',(2.70814733352,207.31276961238));
#7018 = CARTESIAN_POINT('',(2.70814733352,257.04703122405));
#7019 = ( GEOMETRIC_REPRESENTATION_CONTEXT(2) 
PARAMETRIC_REPRESENTATION_CONTEXT() REPRESENTATION_CONTEXT('2D SPACE',''
  ) );
#7020 = PCURVE('',#7021,#7026);
#7021 = PLANE('',#7022);
#7022 = AXIS2_PLACEMENT_3D('',#7023,#7024,#7025);
#7023 = CARTESIAN_POINT('',(-878.6199967142,-513.2159529781,
    19.141228765021));
#7024 = DIRECTION('',(1.,0.,-0.));
#7025 = DIRECTION('',(0.,0.,1.));
#7026 = DEFINITIONAL_REPRESENTATION('',(#7027),#7030);
#7027 = B_SPLINE_CURVE_WITH_KNOTS('',1,(#7028,#7029),.UNSPECIFIED.,.F.,
  .F.,(2,2),(207.31276961238,257.04703122405),.PIECEWISE_BEZIER_KNOTS.);
#7028 = CARTESIAN_POINT('',(18.073731675953,4.003300645177));
#7029 = CARTESIAN_POINT('',(5.201557576743,-44.03630709694));
#7030 = ( GEOMETRIC_REPRESENTATION_CONTEXT(2) 
PARAMETRIC_REPRESENTATION_CONTEXT() REPRESENTATION_CONTEXT('2D SPACE',''
  ) );
#7031 = ADVANCED_FACE('',(#7032),#6786,.F.);
#7032 = FACE_BOUND('',#7033,.F.);
#7033 = EDGE_LOOP('',(#7034,#7062,#7063,#7064,#7065,#7086,#7107,#7130));
#7034 = ORIENTED_EDGE('',*,*,#7035,.F.);
#7035 = EDGE_CURVE('',#6863,#7036,#7038,.T.);
#7036 = VERTEX_POINT('',#7037);
#7037 = CARTESIAN_POINT('',(-886.6199967142,-497.4885463678,
    27.141228765021));
#7038 = SURFACE_CURVE('',#7039,(#7043,#7050),.PCURVE_S1.);
#7039 = LINE('',#7040,#7041);
#7040 = CARTESIAN_POINT('',(-721.6199967142,-497.4885463678,
    27.141228765021));
#7041 = VECTOR('',#7042,1.);
#7042 = DIRECTION('',(-1.,1.224646799147E-16,6.728624391668E-17));
#7043 = PCURVE('',#6786,#7044);
#7044 = DEFINITIONAL_REPRESENTATION('',(#7045),#7049);
#7045 = LINE('',#7046,#7047);
#7046 = CARTESIAN_POINT('',(4.000000000001,165.));
#7047 = VECTOR('',#7048,1.);
#7048 = DIRECTION('',(1.008768357388E-16,1.));
#7049 = ( GEOMETRIC_REPRESENTATION_CONTEXT(2) 
PARAMETRIC_REPRESENTATION_CONTEXT() REPRESENTATION_CONTEXT('2D SPACE',''
  ) );
#7050 = PCURVE('',#7051,#7056);
#7051 = PLANE('',#7052);
#7052 = AXIS2_PLACEMENT_3D('',#7053,#7054,#7055);
#7053 = CARTESIAN_POINT('',(-886.6199967142,-487.8292881049,
    24.553038313996));
#7054 = DIRECTION('',(-9.668971226742E-17,-0.258819045103,
    -0.965925826289));
#7055 = DIRECTION('',(1.,-1.224646799147E-16,-6.728624391668E-17));
#7056 = DEFINITIONAL_REPRESENTATION('',(#7057),#7061);
#7057 = LINE('',#7058,#7059);
#7058 = CARTESIAN_POINT('',(165.,9.999999999999));
#7059 = VECTOR('',#7060,1.);
#7060 = DIRECTION('',(-1.,-5.783360729246E-32));
#7061 = ( GEOMETRIC_REPRESENTATION_CONTEXT(2) 
PARAMETRIC_REPRESENTATION_CONTEXT() REPRESENTATION_CONTEXT('2D SPACE',''
  ) );
#7062 = ORIENTED_EDGE('',*,*,#6895,.T.);
#7063 = ORIENTED_EDGE('',*,*,#6771,.T.);
#7064 = ORIENTED_EDGE('',*,*,#6987,.F.);
#7065 = ORIENTED_EDGE('',*,*,#7066,.F.);
#7066 = EDGE_CURVE('',#7067,#6946,#7069,.T.);
#7067 = VERTEX_POINT('',#7068);
#7068 = CARTESIAN_POINT('',(-878.6199967142,-513.2159529781,
    31.35537466529));
#7069 = SURFACE_CURVE('',#7070,(#7074,#7080),.PCURVE_S1.);
#7070 = LINE('',#7071,#7072);
#7071 = CARTESIAN_POINT('',(-757.1199967142,-513.2159529781,
    31.35537466529));
#7072 = VECTOR('',#7073,1.);
#7073 = DIRECTION('',(-1.,-0.,0.));
#7074 = PCURVE('',#6786,#7075);
#7075 = DEFINITIONAL_REPRESENTATION('',(#7076),#7079);
#7076 = B_SPLINE_CURVE_WITH_KNOTS('',1,(#7077,#7078),.UNSPECIFIED.,.F.,
  .F.,(2,2),(121.5,192.5),.PIECEWISE_BEZIER_KNOTS.);
#7077 = CARTESIAN_POINT('',(-12.28220944328,322.));
#7078 = CARTESIAN_POINT('',(-12.28220944328,393.));
#7079 = ( GEOMETRIC_REPRESENTATION_CONTEXT(2) 
PARAMETRIC_REPRESENTATION_CONTEXT() REPRESENTATION_CONTEXT('2D SPACE',''
  ) );
#7080 = PCURVE('',#6975,#7081);
#7081 = DEFINITIONAL_REPRESENTATION('',(#7082),#7085);
#7082 = B_SPLINE_CURVE_WITH_KNOTS('',1,(#7083,#7084),.UNSPECIFIED.,.F.,
  .F.,(2,2),(121.5,192.5),.PIECEWISE_BEZIER_KNOTS.);
#7083 = CARTESIAN_POINT('',(12.214145900269,79.));
#7084 = CARTESIAN_POINT('',(12.214145900269,8.));
#7085 = ( GEOMETRIC_REPRESENTATION_CONTEXT(2) 
PARAMETRIC_REPRESENTATION_CONTEXT() REPRESENTATION_CONTEXT('2D SPACE',''
  ) );
#7086 = ORIENTED_EDGE('',*,*,#7087,.T.);
#7087 = EDGE_CURVE('',#7067,#7088,#7090,.T.);
#7088 = VERTEX_POINT('',#7089);
#7089 = CARTESIAN_POINT('',(-878.6199967142,-505.2159529781,
    29.211781125841));
#7090 = SURFACE_CURVE('',#7091,(#7095,#7101),.PCURVE_S1.);
#7091 = LINE('',#7092,#7093);
#7092 = CARTESIAN_POINT('',(-878.6199967142,-505.757333088,
    29.356843489084));
#7093 = VECTOR('',#7094,1.);
#7094 = DIRECTION('',(-0.,0.965925826289,-0.258819045103));
#7095 = PCURVE('',#6786,#7096);
#7096 = DEFINITIONAL_REPRESENTATION('',(#7097),#7100);
#7097 = B_SPLINE_CURVE_WITH_KNOTS('',1,(#7098,#7099),.UNSPECIFIED.,.F.,
  .F.,(2,2),(-7.721731510965,33.723486498756),.PIECEWISE_BEZIER_KNOTS.);
#7098 = CARTESIAN_POINT('',(-12.28220944328,322.));
#7099 = CARTESIAN_POINT('',(29.163008566442,322.));
#7100 = ( GEOMETRIC_REPRESENTATION_CONTEXT(2) 
PARAMETRIC_REPRESENTATION_CONTEXT() REPRESENTATION_CONTEXT('2D SPACE',''
  ) );
#7101 = PCURVE('',#6934,#7102);
#7102 = DEFINITIONAL_REPRESENTATION('',(#7103),#7106);
#7103 = B_SPLINE_CURVE_WITH_KNOTS('',1,(#7104,#7105),.UNSPECIFIED.,.F.,
  .F.,(2,2),(-7.721731510965,33.723486498756),.PIECEWISE_BEZIER_KNOTS.);
#7104 = CARTESIAN_POINT('',(12.214145900269,5.530865296536E-17));
#7105 = CARTESIAN_POINT('',(1.487334150927,-40.03300645177));
#7106 = ( GEOMETRIC_REPRESENTATION_CONTEXT(2) 
PARAMETRIC_REPRESENTATION_CONTEXT() REPRESENTATION_CONTEXT('2D SPACE',''
  ) );
#7107 = ORIENTED_EDGE('',*,*,#7108,.F.);
#7108 = EDGE_CURVE('',#7109,#7088,#7111,.T.);
#7109 = VERTEX_POINT('',#7110);
#7110 = CARTESIAN_POINT('',(-886.6199967142,-505.2159529781,
    29.211781125841));
#7111 = SURFACE_CURVE('',#7112,(#7116,#7123),.PCURVE_S1.);
#7112 = LINE('',#7113,#7114);
#7113 = CARTESIAN_POINT('',(-721.6199967142,-505.2159529781,
    29.211781125841));
#7114 = VECTOR('',#7115,1.);
#7115 = DIRECTION('',(1.,-1.224646799147E-16,-6.728624391668E-17));
#7116 = PCURVE('',#6786,#7117);
#7117 = DEFINITIONAL_REPRESENTATION('',(#7118),#7122);
#7118 = LINE('',#7119,#7120);
#7119 = CARTESIAN_POINT('',(-4.,165.));
#7120 = VECTOR('',#7121,1.);
#7121 = DIRECTION('',(-1.008768357388E-16,-1.));
#7122 = ( GEOMETRIC_REPRESENTATION_CONTEXT(2) 
PARAMETRIC_REPRESENTATION_CONTEXT() REPRESENTATION_CONTEXT('2D SPACE',''
  ) );
#7123 = PCURVE('',#7051,#7124);
#7124 = DEFINITIONAL_REPRESENTATION('',(#7125),#7129);
#7125 = LINE('',#7126,#7127);
#7126 = CARTESIAN_POINT('',(165.,18.));
#7127 = VECTOR('',#7128,1.);
#7128 = DIRECTION('',(1.,5.783360729246E-32));
#7129 = ( GEOMETRIC_REPRESENTATION_CONTEXT(2) 
PARAMETRIC_REPRESENTATION_CONTEXT() REPRESENTATION_CONTEXT('2D SPACE',''
  ) );
#7130 = ORIENTED_EDGE('',*,*,#7131,.F.);
#7131 = EDGE_CURVE('',#7036,#7109,#7132,.T.);
#7132 = SURFACE_CURVE('',#7133,(#7137,#7144),.PCURVE_S1.);
#7133 = LINE('',#7134,#7135);
#7134 = CARTESIAN_POINT('',(-886.6199967142,-487.8292881049,
    24.553038313996));
#7135 = VECTOR('',#7136,1.);
#7136 = DIRECTION('',(-1.008768357388E-16,-0.965925826289,0.258819045103
    ));
#7137 = PCURVE('',#6786,#7138);
#7138 = DEFINITIONAL_REPRESENTATION('',(#7139),#7143);
#7139 = LINE('',#7140,#7141);
#7140 = CARTESIAN_POINT('',(14.,330.));
#7141 = VECTOR('',#7142,1.);
#7142 = DIRECTION('',(-1.,1.008768357388E-16));
#7143 = ( GEOMETRIC_REPRESENTATION_CONTEXT(2) 
PARAMETRIC_REPRESENTATION_CONTEXT() REPRESENTATION_CONTEXT('2D SPACE',''
  ) );
#7144 = PCURVE('',#7051,#7145);
#7145 = DEFINITIONAL_REPRESENTATION('',(#7146),#7150);
#7146 = LINE('',#7147,#7148);
#7147 = CARTESIAN_POINT('',(0.,0.));
#7148 = VECTOR('',#7149,1.);
#7149 = DIRECTION('',(-8.574770054038E-31,1.));
#7150 = ( GEOMETRIC_REPRESENTATION_CONTEXT(2) 
PARAMETRIC_REPRESENTATION_CONTEXT() REPRESENTATION_CONTEXT('2D SPACE',''
  ) );
#7151 = ADVANCED_FACE('',(#7152),#6883,.T.);
#7152 = FACE_BOUND('',#7153,.T.);
#7153 = EDGE_LOOP('',(#7154,#7189,#7215,#7216,#7244,#7272));
#7154 = ORIENTED_EDGE('',*,*,#7155,.T.);
#7155 = EDGE_CURVE('',#7156,#7158,#7160,.T.);
#7156 = VERTEX_POINT('',#7157);
#7157 = CARTESIAN_POINT('',(-234.6199967142,-488.1472600366,
    29.425143237059));
#7158 = VERTEX_POINT('',#7159);
#7159 = CARTESIAN_POINT('',(-234.6199967142,-497.4885463678,
    27.141228765021));
#7160 = SURFACE_CURVE('',#7161,(#7166,#7173),.PCURVE_S1.);
#7161 = CIRCLE('',#7162,10.);
#7162 = AXIS2_PLACEMENT_3D('',#7163,#7164,#7165);
#7163 = CARTESIAN_POINT('',(-234.6199967142,-494.9003559168,
    36.800487027911));
#7164 = DIRECTION('',(-1.,1.224646799147E-16,6.728624391668E-17));
#7165 = DIRECTION('',(2.96074340029E-18,0.5,-0.866025403784));
#7166 = PCURVE('',#6883,#7167);
#7167 = DEFINITIONAL_REPRESENTATION('',(#7168),#7172);
#7168 = LINE('',#7169,#7170);
#7169 = CARTESIAN_POINT('',(-6.28318530718,-487.));
#7170 = VECTOR('',#7171,1.);
#7171 = DIRECTION('',(1.,0.));
#7172 = ( GEOMETRIC_REPRESENTATION_CONTEXT(2) 
PARAMETRIC_REPRESENTATION_CONTEXT() REPRESENTATION_CONTEXT('2D SPACE',''
  ) );
#7173 = PCURVE('',#7174,#7179);
#7174 = PLANE('',#7175);
#7175 = AXIS2_PLACEMENT_3D('',#7176,#7177,#7178);
#7176 = CARTESIAN_POINT('',(-234.6199967142,-513.2159529781,
    19.141228765021));
#7177 = DIRECTION('',(1.,0.,-0.));
#7178 = DIRECTION('',(0.,0.,1.));
#7179 = DEFINITIONAL_REPRESENTATION('',(#7180),#7188);
#7180 = ( BOUNDED_CURVE() B_SPLINE_CURVE(2,(#7181,#7182,#7183,#7184,
#7185,#7186,#7187),.UNSPECIFIED.,.T.,.F.) B_SPLINE_CURVE_WITH_KNOTS((1,2
    ,2,2,2,1),(-2.094395102393,0.,2.094395102393,4.188790204786,
6.28318530718,8.377580409573),.UNSPECIFIED.) CURVE() 
GEOMETRIC_REPRESENTATION_ITEM() RATIONAL_B_SPLINE_CURVE((1.,0.5,1.,0.5,
1.,0.5,1.)) REPRESENTATION_ITEM('') );
#7181 = CARTESIAN_POINT('',(8.999004225046,-23.31559706133));
#7182 = CARTESIAN_POINT('',(0.338750187202,-8.315597061338));
#7183 = CARTESIAN_POINT('',(17.659258262891,-8.315597061338));
#7184 = CARTESIAN_POINT('',(34.97976633858,-8.315597061338));
#7185 = CARTESIAN_POINT('',(26.319512300735,-23.31559706133));
#7186 = CARTESIAN_POINT('',(17.659258262891,-38.31559706133));
#7187 = CARTESIAN_POINT('',(8.999004225046,-23.31559706133));
#7188 = ( GEOMETRIC_REPRESENTATION_CONTEXT(2) 
PARAMETRIC_REPRESENTATION_CONTEXT() REPRESENTATION_CONTEXT('2D SPACE',''
  ) );
#7189 = ORIENTED_EDGE('',*,*,#7190,.T.);
#7190 = EDGE_CURVE('',#7158,#6863,#7191,.T.);
#7191 = SURFACE_CURVE('',#7192,(#7196,#7203),.PCURVE_S1.);
#7192 = LINE('',#7193,#7194);
#7193 = CARTESIAN_POINT('',(-721.6199967142,-497.4885463678,
    27.141228765021));
#7194 = VECTOR('',#7195,1.);
#7195 = DIRECTION('',(-1.,1.224646799147E-16,6.728624391668E-17));
#7196 = PCURVE('',#6883,#7197);
#7197 = DEFINITIONAL_REPRESENTATION('',(#7198),#7202);
#7198 = LINE('',#7199,#7200);
#7199 = CARTESIAN_POINT('',(0.785398163397,5.684341886081E-14));
#7200 = VECTOR('',#7201,1.);
#7201 = DIRECTION('',(-6.055761952501E-18,1.));
#7202 = ( GEOMETRIC_REPRESENTATION_CONTEXT(2) 
PARAMETRIC_REPRESENTATION_CONTEXT() REPRESENTATION_CONTEXT('2D SPACE',''
  ) );
#7203 = PCURVE('',#7204,#7209);
#7204 = PLANE('',#7205);
#7205 = AXIS2_PLACEMENT_3D('',#7206,#7207,#7208);
#7206 = CARTESIAN_POINT('',(-886.6199967142,-487.8292881049,
    24.553038313996));
#7207 = DIRECTION('',(-9.668971226742E-17,-0.258819045103,
    -0.965925826289));
#7208 = DIRECTION('',(1.,-1.224646799147E-16,-6.728624391668E-17));
#7209 = DEFINITIONAL_REPRESENTATION('',(#7210),#7214);
#7210 = LINE('',#7211,#7212);
#7211 = CARTESIAN_POINT('',(165.,9.999999999999));
#7212 = VECTOR('',#7213,1.);
#7213 = DIRECTION('',(-1.,-5.783360729246E-32));
#7214 = ( GEOMETRIC_REPRESENTATION_CONTEXT(2) 
PARAMETRIC_REPRESENTATION_CONTEXT() REPRESENTATION_CONTEXT('2D SPACE',''
  ) );
#7215 = ORIENTED_EDGE('',*,*,#6862,.F.);
#7216 = ORIENTED_EDGE('',*,*,#7217,.F.);
#7217 = EDGE_CURVE('',#7218,#6842,#7220,.T.);
#7218 = VERTEX_POINT('',#7219);
#7219 = CARTESIAN_POINT('',(-878.6199967142,-485.2410976539,
    34.212296576886));
#7220 = SURFACE_CURVE('',#7221,(#7226,#7233),.PCURVE_S1.);
#7221 = CIRCLE('',#7222,10.);
#7222 = AXIS2_PLACEMENT_3D('',#7223,#7224,#7225);
#7223 = CARTESIAN_POINT('',(-878.6199967142,-494.9003559168,
    36.800487027911));
#7224 = DIRECTION('',(-1.,1.224646799147E-16,6.728624391668E-17));
#7225 = DIRECTION('',(2.96074340029E-18,0.5,-0.866025403784));
#7226 = PCURVE('',#6883,#7227);
#7227 = DEFINITIONAL_REPRESENTATION('',(#7228),#7232);
#7228 = LINE('',#7229,#7230);
#7229 = CARTESIAN_POINT('',(-6.28318530718,157.));
#7230 = VECTOR('',#7231,1.);
#7231 = DIRECTION('',(1.,0.));
#7232 = ( GEOMETRIC_REPRESENTATION_CONTEXT(2) 
PARAMETRIC_REPRESENTATION_CONTEXT() REPRESENTATION_CONTEXT('2D SPACE',''
  ) );
#7233 = PCURVE('',#7021,#7234);
#7234 = DEFINITIONAL_REPRESENTATION('',(#7235),#7243);
#7235 = ( BOUNDED_CURVE() B_SPLINE_CURVE(2,(#7236,#7237,#7238,#7239,
#7240,#7241,#7242),.UNSPECIFIED.,.T.,.F.) B_SPLINE_CURVE_WITH_KNOTS((1,2
    ,2,2,2,1),(-2.094395102393,0.,2.094395102393,4.188790204786,
6.28318530718,8.377580409573),.UNSPECIFIED.) CURVE() 
GEOMETRIC_REPRESENTATION_ITEM() RATIONAL_B_SPLINE_CURVE((1.,0.5,1.,0.5,
1.,0.5,1.)) REPRESENTATION_ITEM('') );
#7236 = CARTESIAN_POINT('',(8.999004225046,-23.31559706133));
#7237 = CARTESIAN_POINT('',(0.338750187202,-8.315597061338));
#7238 = CARTESIAN_POINT('',(17.659258262891,-8.315597061338));
#7239 = CARTESIAN_POINT('',(34.97976633858,-8.315597061338));
#7240 = CARTESIAN_POINT('',(26.319512300735,-23.31559706133));
#7241 = CARTESIAN_POINT('',(17.659258262891,-38.31559706133));
#7242 = CARTESIAN_POINT('',(8.999004225046,-23.31559706133));
#7243 = ( GEOMETRIC_REPRESENTATION_CONTEXT(2) 
PARAMETRIC_REPRESENTATION_CONTEXT() REPRESENTATION_CONTEXT('2D SPACE',''
  ) );
#7244 = ORIENTED_EDGE('',*,*,#7245,.T.);
#7245 = EDGE_CURVE('',#7218,#7246,#7248,.T.);
#7246 = VERTEX_POINT('',#7247);
#7247 = CARTESIAN_POINT('',(-234.6199967142,-485.2410976539,
    34.212296576886));
#7248 = SURFACE_CURVE('',#7249,(#7253,#7260),.PCURVE_S1.);
#7249 = LINE('',#7250,#7251);
#7250 = CARTESIAN_POINT('',(-721.6199967142,-485.2410976539,
    34.212296576886));
#7251 = VECTOR('',#7252,1.);
#7252 = DIRECTION('',(1.,-1.224646799147E-16,-6.728624391668E-17));
#7253 = PCURVE('',#6883,#7254);
#7254 = DEFINITIONAL_REPRESENTATION('',(#7255),#7259);
#7255 = LINE('',#7256,#7257);
#7256 = CARTESIAN_POINT('',(-0.785398163397,0.));
#7257 = VECTOR('',#7258,1.);
#7258 = DIRECTION('',(6.728624391668E-18,-1.));
#7259 = ( GEOMETRIC_REPRESENTATION_CONTEXT(2) 
PARAMETRIC_REPRESENTATION_CONTEXT() REPRESENTATION_CONTEXT('2D SPACE',''
  ) );
#7260 = PCURVE('',#7261,#7266);
#7261 = PLANE('',#7262);
#7262 = AXIS2_PLACEMENT_3D('',#7263,#7264,#7265);
#7263 = CARTESIAN_POINT('',(-556.6199967142,-411.9953078899,
    307.56930541669));
#7264 = DIRECTION('',(1.008768357388E-16,0.965925826289,-0.258819045103)
  );
#7265 = DIRECTION('',(-1.,1.050497185157E-16,2.292723163573E-18));
#7266 = DEFINITIONAL_REPRESENTATION('',(#7267),#7271);
#7267 = LINE('',#7268,#7269);
#7268 = CARTESIAN_POINT('',(165.,-283.));
#7269 = VECTOR('',#7270,1.);
#7270 = DIRECTION('',(-1.,-6.728624391668E-17));
#7271 = ( GEOMETRIC_REPRESENTATION_CONTEXT(2) 
PARAMETRIC_REPRESENTATION_CONTEXT() REPRESENTATION_CONTEXT('2D SPACE',''
  ) );
#7272 = ORIENTED_EDGE('',*,*,#7273,.T.);
#7273 = EDGE_CURVE('',#7246,#7156,#7274,.T.);
#7274 = SURFACE_CURVE('',#7275,(#7280,#7287),.PCURVE_S1.);
#7275 = CIRCLE('',#7276,10.);
#7276 = AXIS2_PLACEMENT_3D('',#7277,#7278,#7279);
#7277 = CARTESIAN_POINT('',(-234.6199967142,-494.9003559168,
    36.800487027911));
#7278 = DIRECTION('',(-1.,1.224646799147E-16,6.728624391668E-17));
#7279 = DIRECTION('',(2.96074340029E-18,0.5,-0.866025403784));
#7280 = PCURVE('',#6883,#7281);
#7281 = DEFINITIONAL_REPRESENTATION('',(#7282),#7286);
#7282 = LINE('',#7283,#7284);
#7283 = CARTESIAN_POINT('',(-6.28318530718,-487.));
#7284 = VECTOR('',#7285,1.);
#7285 = DIRECTION('',(1.,0.));
#7286 = ( GEOMETRIC_REPRESENTATION_CONTEXT(2) 
PARAMETRIC_REPRESENTATION_CONTEXT() REPRESENTATION_CONTEXT('2D SPACE',''
  ) );
#7287 = PCURVE('',#7288,#7293);
#7288 = PLANE('',#7289);
#7289 = AXIS2_PLACEMENT_3D('',#7290,#7291,#7292);
#7290 = CARTESIAN_POINT('',(-234.6199967142,-513.2159529781,
    19.141228765021));
#7291 = DIRECTION('',(1.,0.,-0.));
#7292 = DIRECTION('',(0.,0.,1.));
#7293 = DEFINITIONAL_REPRESENTATION('',(#7294),#7302);
#7294 = ( BOUNDED_CURVE() B_SPLINE_CURVE(2,(#7295,#7296,#7297,#7298,
#7299,#7300,#7301),.UNSPECIFIED.,.T.,.F.) B_SPLINE_CURVE_WITH_KNOTS((1,2
    ,2,2,2,1),(-2.094395102393,0.,2.094395102393,4.188790204786,
6.28318530718,8.377580409573),.UNSPECIFIED.) CURVE() 
GEOMETRIC_REPRESENTATION_ITEM() RATIONAL_B_SPLINE_CURVE((1.,0.5,1.,0.5,
1.,0.5,1.)) REPRESENTATION_ITEM('') );
#7295 = CARTESIAN_POINT('',(8.999004225046,-23.31559706133));
#7296 = CARTESIAN_POINT('',(0.338750187202,-8.315597061338));
#7297 = CARTESIAN_POINT('',(17.659258262891,-8.315597061338));
#7298 = CARTESIAN_POINT('',(34.97976633858,-8.315597061338));
#7299 = CARTESIAN_POINT('',(26.319512300735,-23.31559706133));
#7300 = CARTESIAN_POINT('',(17.659258262891,-38.31559706133));
#7301 = CARTESIAN_POINT('',(8.999004225046,-23.31559706133));
#7302 = ( GEOMETRIC_REPRESENTATION_CONTEXT(2) 
PARAMETRIC_REPRESENTATION_CONTEXT() REPRESENTATION_CONTEXT('2D SPACE',''
  ) );
#7303 = ADVANCED_FACE('',(#7304),#6934,.T.);
#7304 = FACE_BOUND('',#7305,.T.);
#7305 = EDGE_LOOP('',(#7306,#7327,#7328,#7357,#7381));
#7306 = ORIENTED_EDGE('',*,*,#7307,.F.);
#7307 = EDGE_CURVE('',#7067,#6918,#7308,.T.);
#7308 = SURFACE_CURVE('',#7309,(#7313,#7320),.PCURVE_S1.);
#7309 = LINE('',#7310,#7311);
#7310 = CARTESIAN_POINT('',(-878.6199967142,-513.2159529781,
    19.141228765021));
#7311 = VECTOR('',#7312,1.);
#7312 = DIRECTION('',(0.,0.,1.));
#7313 = PCURVE('',#6934,#7314);
#7314 = DEFINITIONAL_REPRESENTATION('',(#7315),#7319);
#7315 = LINE('',#7316,#7317);
#7316 = CARTESIAN_POINT('',(0.,0.));
#7317 = VECTOR('',#7318,1.);
#7318 = DIRECTION('',(1.,0.));
#7319 = ( GEOMETRIC_REPRESENTATION_CONTEXT(2) 
PARAMETRIC_REPRESENTATION_CONTEXT() REPRESENTATION_CONTEXT('2D SPACE',''
  ) );
#7320 = PCURVE('',#6975,#7321);
#7321 = DEFINITIONAL_REPRESENTATION('',(#7322),#7326);
#7322 = LINE('',#7323,#7324);
#7323 = CARTESIAN_POINT('',(0.,79.));
#7324 = VECTOR('',#7325,1.);
#7325 = DIRECTION('',(1.,0.));
#7326 = ( GEOMETRIC_REPRESENTATION_CONTEXT(2) 
PARAMETRIC_REPRESENTATION_CONTEXT() REPRESENTATION_CONTEXT('2D SPACE',''
  ) );
#7327 = ORIENTED_EDGE('',*,*,#7087,.T.);
#7328 = ORIENTED_EDGE('',*,*,#7329,.F.);
#7329 = EDGE_CURVE('',#7330,#7088,#7332,.T.);
#7330 = VERTEX_POINT('',#7331);
#7331 = CARTESIAN_POINT('',(-878.6199967142,-506.6301665405,
    31.661270868624));
#7332 = SURFACE_CURVE('',#7333,(#7338,#7345),.PCURVE_S1.);
#7333 = CIRCLE('',#7334,2.);
#7334 = AXIS2_PLACEMENT_3D('',#7335,#7336,#7337);
#7335 = CARTESIAN_POINT('',(-878.6199967142,-504.6983148879,
    31.143632778419));
#7336 = DIRECTION('',(1.,-1.224646799147E-16,-6.728624391668E-17));
#7337 = DIRECTION('',(-1.397006458308E-16,-0.866025403784,-0.5));
#7338 = PCURVE('',#6934,#7339);
#7339 = DEFINITIONAL_REPRESENTATION('',(#7340),#7344);
#7340 = CIRCLE('',#7341,2.);
#7341 = AXIS2_PLACEMENT_2D('',#7342,#7343);
#7342 = CARTESIAN_POINT('',(12.002404013398,-8.517638090205));
#7343 = DIRECTION('',(-0.5,0.866025403784));
#7344 = ( GEOMETRIC_REPRESENTATION_CONTEXT(2) 
PARAMETRIC_REPRESENTATION_CONTEXT() REPRESENTATION_CONTEXT('2D SPACE',''
  ) );
#7345 = PCURVE('',#7346,#7351);
#7346 = CYLINDRICAL_SURFACE('',#7347,2.);
#7347 = AXIS2_PLACEMENT_3D('',#7348,#7349,#7350);
#7348 = CARTESIAN_POINT('',(-721.6199967142,-504.6983148879,
    31.143632778419));
#7349 = DIRECTION('',(1.,-1.224646799147E-16,-6.728624391668E-17));
#7350 = DIRECTION('',(-1.397006458308E-16,-0.866025403784,-0.5));
#7351 = DEFINITIONAL_REPRESENTATION('',(#7352),#7356);
#7352 = LINE('',#7353,#7354);
#7353 = CARTESIAN_POINT('',(-6.28318530718,-157.));
#7354 = VECTOR('',#7355,1.);
#7355 = DIRECTION('',(1.,0.));
#7356 = ( GEOMETRIC_REPRESENTATION_CONTEXT(2) 
PARAMETRIC_REPRESENTATION_CONTEXT() REPRESENTATION_CONTEXT('2D SPACE',''
  ) );
#7357 = ORIENTED_EDGE('',*,*,#7358,.F.);
#7358 = EDGE_CURVE('',#6920,#7330,#7359,.T.);
#7359 = SURFACE_CURVE('',#7360,(#7364,#7370),.PCURVE_S1.);
#7360 = LINE('',#7361,#7362);
#7361 = CARTESIAN_POINT('',(-878.6199967142,-470.7575827607,
    165.53957613353));
#7362 = VECTOR('',#7363,1.);
#7363 = DIRECTION('',(0.,-0.258819045103,-0.965925826289));
#7364 = PCURVE('',#6934,#7365);
#7365 = DEFINITIONAL_REPRESENTATION('',(#7366),#7369);
#7366 = B_SPLINE_CURVE_WITH_KNOTS('',1,(#7367,#7368),.UNSPECIFIED.,.F.,
  .F.,(2,2),(69.854709456015,138.60102051443),.PIECEWISE_BEZIER_KNOTS.);
#7367 = CARTESIAN_POINT('',(78.923879417032,-24.37864102008));
#7368 = CARTESIAN_POINT('',(12.520042103603,-6.585786437627));
#7369 = ( GEOMETRIC_REPRESENTATION_CONTEXT(2) 
PARAMETRIC_REPRESENTATION_CONTEXT() REPRESENTATION_CONTEXT('2D SPACE',''
  ) );
#7370 = PCURVE('',#7371,#7376);
#7371 = PLANE('',#7372);
#7372 = AXIS2_PLACEMENT_3D('',#7373,#7374,#7375);
#7373 = CARTESIAN_POINT('',(-556.6199967142,-431.3138244156,
    312.74568631874));
#7374 = DIRECTION('',(1.008768357388E-16,0.965925826289,-0.258819045103)
  );
#7375 = DIRECTION('',(-1.,1.050497185157E-16,2.292723163573E-18));
#7376 = DEFINITIONAL_REPRESENTATION('',(#7377),#7380);
#7377 = B_SPLINE_CURVE_WITH_KNOTS('',1,(#7378,#7379),.UNSPECIFIED.,.F.,
  .F.,(2,2),(69.854709456015,138.60102051443),.PIECEWISE_BEZIER_KNOTS.);
#7378 = CARTESIAN_POINT('',(322.,-222.2536889415));
#7379 = CARTESIAN_POINT('',(322.,-291.));
#7380 = ( GEOMETRIC_REPRESENTATION_CONTEXT(2) 
PARAMETRIC_REPRESENTATION_CONTEXT() REPRESENTATION_CONTEXT('2D SPACE',''
  ) );
#7381 = ORIENTED_EDGE('',*,*,#6917,.F.);
#7382 = ADVANCED_FACE('',(#7383),#7021,.F.);
#7383 = FACE_BOUND('',#7384,.F.);
#7384 = EDGE_LOOP('',(#7385,#7406,#7407,#7408,#7429,#7458,#7484));
#7385 = ORIENTED_EDGE('',*,*,#7386,.T.);
#7386 = EDGE_CURVE('',#7387,#6920,#7389,.T.);
#7387 = VERTEX_POINT('',#7388);
#7388 = CARTESIAN_POINT('',(-878.6199967142,-504.3007951346,
    40.354603305226));
#7389 = SURFACE_CURVE('',#7390,(#7394,#7400),.PCURVE_S1.);
#7390 = LINE('',#7391,#7392);
#7391 = CARTESIAN_POINT('',(-878.6199967142,-470.7575827607,
    165.53957613353));
#7392 = VECTOR('',#7393,1.);
#7393 = DIRECTION('',(0.,-0.258819045103,-0.965925826289));
#7394 = PCURVE('',#7021,#7395);
#7395 = DEFINITIONAL_REPRESENTATION('',(#7396),#7399);
#7396 = B_SPLINE_CURVE_WITH_KNOTS('',1,(#7397,#7398),.UNSPECIFIED.,.F.,
  .F.,(2,2),(69.854709456015,138.60102051443),.PIECEWISE_BEZIER_KNOTS.);
#7397 = CARTESIAN_POINT('',(78.923879417032,-24.37864102008));
#7398 = CARTESIAN_POINT('',(12.520042103603,-6.585786437627));
#7399 = ( GEOMETRIC_REPRESENTATION_CONTEXT(2) 
PARAMETRIC_REPRESENTATION_CONTEXT() REPRESENTATION_CONTEXT('2D SPACE',''
  ) );
#7400 = PCURVE('',#7371,#7401);
#7401 = DEFINITIONAL_REPRESENTATION('',(#7402),#7405);
#7402 = B_SPLINE_CURVE_WITH_KNOTS('',1,(#7403,#7404),.UNSPECIFIED.,.F.,
  .F.,(2,2),(69.854709456015,138.60102051443),.PIECEWISE_BEZIER_KNOTS.);
#7403 = CARTESIAN_POINT('',(322.,-222.2536889415));
#7404 = CARTESIAN_POINT('',(322.,-291.));
#7405 = ( GEOMETRIC_REPRESENTATION_CONTEXT(2) 
PARAMETRIC_REPRESENTATION_CONTEXT() REPRESENTATION_CONTEXT('2D SPACE',''
  ) );
#7406 = ORIENTED_EDGE('',*,*,#7008,.T.);
#7407 = ORIENTED_EDGE('',*,*,#7217,.F.);
#7408 = ORIENTED_EDGE('',*,*,#7409,.F.);
#7409 = EDGE_CURVE('',#7410,#7218,#7412,.T.);
#7410 = VERTEX_POINT('',#7411);
#7411 = CARTESIAN_POINT('',(-878.6199967142,-484.9822786088,
    35.178222403175));
#7412 = SURFACE_CURVE('',#7413,(#7417,#7423),.PCURVE_S1.);
#7413 = LINE('',#7414,#7415);
#7414 = CARTESIAN_POINT('',(-878.6199967142,-451.4390662349,
    160.36319523148));
#7415 = VECTOR('',#7416,1.);
#7416 = DIRECTION('',(0.,-0.258819045103,-0.965925826289));
#7417 = PCURVE('',#7021,#7418);
#7418 = DEFINITIONAL_REPRESENTATION('',(#7419),#7422);
#7419 = B_SPLINE_CURVE_WITH_KNOTS('',1,(#7420,#7421),.UNSPECIFIED.,.F.,
  .F.,(2,2),(84.011902148874,130.60102051443),.PIECEWISE_BEZIER_KNOTS.);
#7420 = CARTESIAN_POINT('',(60.072700465198,-40.03300645177));
#7421 = CARTESIAN_POINT('',(15.071067811865,-27.97485532422));
#7422 = ( GEOMETRIC_REPRESENTATION_CONTEXT(2) 
PARAMETRIC_REPRESENTATION_CONTEXT() REPRESENTATION_CONTEXT('2D SPACE',''
  ) );
#7423 = PCURVE('',#7261,#7424);
#7424 = DEFINITIONAL_REPRESENTATION('',(#7425),#7428);
#7425 = B_SPLINE_CURVE_WITH_KNOTS('',1,(#7426,#7427),.UNSPECIFIED.,.F.,
  .F.,(2,2),(84.011902148874,130.60102051443),.PIECEWISE_BEZIER_KNOTS.);
#7426 = CARTESIAN_POINT('',(322.,-236.4108816344));
#7427 = CARTESIAN_POINT('',(322.,-283.));
#7428 = ( GEOMETRIC_REPRESENTATION_CONTEXT(2) 
PARAMETRIC_REPRESENTATION_CONTEXT() REPRESENTATION_CONTEXT('2D SPACE',''
  ) );
#7429 = ORIENTED_EDGE('',*,*,#7430,.T.);
#7430 = EDGE_CURVE('',#7410,#7431,#7433,.T.);
#7431 = VERTEX_POINT('',#7432);
#7432 = CARTESIAN_POINT('',(-878.6199967142,-486.3964921711,
    37.627712145958));
#7433 = SURFACE_CURVE('',#7434,(#7439,#7446),.PCURVE_S1.);
#7434 = CIRCLE('',#7435,2.);
#7435 = AXIS2_PLACEMENT_3D('',#7436,#7437,#7438);
#7436 = CARTESIAN_POINT('',(-878.6199967142,-486.9141302613,
    35.69586049338));
#7437 = DIRECTION('',(1.,-1.224646799147E-16,-6.728624391668E-17));
#7438 = DIRECTION('',(1.397006458308E-16,0.866025403784,0.5));
#7439 = PCURVE('',#7021,#7440);
#7440 = DEFINITIONAL_REPRESENTATION('',(#7441),#7445);
#7441 = CIRCLE('',#7442,2.);
#7442 = AXIS2_PLACEMENT_2D('',#7443,#7444);
#7443 = CARTESIAN_POINT('',(16.55463172836,-26.30182271675));
#7444 = DIRECTION('',(0.5,-0.866025403784));
#7445 = ( GEOMETRIC_REPRESENTATION_CONTEXT(2) 
PARAMETRIC_REPRESENTATION_CONTEXT() REPRESENTATION_CONTEXT('2D SPACE',''
  ) );
#7446 = PCURVE('',#7447,#7452);
#7447 = CYLINDRICAL_SURFACE('',#7448,2.);
#7448 = AXIS2_PLACEMENT_3D('',#7449,#7450,#7451);
#7449 = CARTESIAN_POINT('',(-391.6199967142,-486.9141302613,
    35.69586049338));
#7450 = DIRECTION('',(1.,-1.224646799147E-16,-6.728624391668E-17));
#7451 = DIRECTION('',(1.397006458308E-16,0.866025403784,0.5));
#7452 = DEFINITIONAL_REPRESENTATION('',(#7453),#7457);
#7453 = LINE('',#7454,#7455);
#7454 = CARTESIAN_POINT('',(-6.28318530718,-487.));
#7455 = VECTOR('',#7456,1.);
#7456 = DIRECTION('',(1.,0.));
#7457 = ( GEOMETRIC_REPRESENTATION_CONTEXT(2) 
PARAMETRIC_REPRESENTATION_CONTEXT() REPRESENTATION_CONTEXT('2D SPACE',''
  ) );
#7458 = ORIENTED_EDGE('',*,*,#7459,.F.);
#7459 = EDGE_CURVE('',#7460,#7431,#7462,.T.);
#7460 = VERTEX_POINT('',#7461);
#7461 = CARTESIAN_POINT('',(-878.6199967142,-501.8513053918,
    41.768816867599));
#7462 = SURFACE_CURVE('',#7463,(#7467,#7473),.PCURVE_S1.);
#7463 = LINE('',#7464,#7465);
#7464 = CARTESIAN_POINT('',(-878.6199967142,-495.6312047176,
    40.102145915124));
#7465 = VECTOR('',#7466,1.);
#7466 = DIRECTION('',(-0.,0.965925826289,-0.258819045103));
#7467 = PCURVE('',#7021,#7468);
#7468 = DEFINITIONAL_REPRESENTATION('',(#7469),#7472);
#7469 = B_SPLINE_CURVE_WITH_KNOTS('',1,(#7470,#7471),.UNSPECIFIED.,.F.,
  .F.,(2,2),(-6.439522067685,9.560477932315),.PIECEWISE_BEZIER_KNOTS.);
#7470 = CARTESIAN_POINT('',(22.627588102578,-11.36464758633));
#7471 = CARTESIAN_POINT('',(18.486483380938,-26.81946080695));
#7472 = ( GEOMETRIC_REPRESENTATION_CONTEXT(2) 
PARAMETRIC_REPRESENTATION_CONTEXT() REPRESENTATION_CONTEXT('2D SPACE',''
  ) );
#7473 = PCURVE('',#7474,#7479);
#7474 = PLANE('',#7475);
#7475 = AXIS2_PLACEMENT_3D('',#7476,#7477,#7478);
#7476 = CARTESIAN_POINT('',(-226.6199967142,-484.4646405186,
    37.110074055753));
#7477 = DIRECTION('',(9.668971226742E-17,0.258819045103,0.965925826289)
  );
#7478 = DIRECTION('',(-1.,1.224646799147E-16,6.728624391668E-17));
#7479 = DEFINITIONAL_REPRESENTATION('',(#7480),#7483);
#7480 = B_SPLINE_CURVE_WITH_KNOTS('',1,(#7481,#7482),.UNSPECIFIED.,.F.,
  .F.,(2,2),(-6.439522067685,9.560477932315),.PIECEWISE_BEZIER_KNOTS.);
#7481 = CARTESIAN_POINT('',(652.,18.));
#7482 = CARTESIAN_POINT('',(652.,2.));
#7483 = ( GEOMETRIC_REPRESENTATION_CONTEXT(2) 
PARAMETRIC_REPRESENTATION_CONTEXT() REPRESENTATION_CONTEXT('2D SPACE',''
  ) );
#7484 = ORIENTED_EDGE('',*,*,#7485,.F.);
#7485 = EDGE_CURVE('',#7387,#7460,#7486,.T.);
#7486 = SURFACE_CURVE('',#7487,(#7492,#7503),.PCURVE_S1.);
#7487 = CIRCLE('',#7488,2.);
#7488 = AXIS2_PLACEMENT_3D('',#7489,#7490,#7491);
#7489 = CARTESIAN_POINT('',(-878.6199967142,-502.368943482,
    39.836965215021));
#7490 = DIRECTION('',(-1.,1.224646799147E-16,6.728624391668E-17));
#7491 = DIRECTION('',(-2.960743400293E-18,-0.5,0.866025403784));
#7492 = PCURVE('',#7021,#7493);
#7493 = DEFINITIONAL_REPRESENTATION('',(#7494),#7502);
#7494 = ( BOUNDED_CURVE() B_SPLINE_CURVE(2,(#7495,#7496,#7497,#7498,
#7499,#7500,#7501),.UNSPECIFIED.,.T.,.F.) B_SPLINE_CURVE_WITH_KNOTS((1,2
    ,2,2,2,1),(-2.094395102393,0.,2.094395102393,4.188790204786,
6.28318530718,8.377580409573),.UNSPECIFIED.) CURVE() 
GEOMETRIC_REPRESENTATION_ITEM() RATIONAL_B_SPLINE_CURVE((1.,0.5,1.,0.5,
1.,0.5,1.)) REPRESENTATION_ITEM('') );
#7495 = CARTESIAN_POINT('',(22.427787257569,-9.847009496128));
#7496 = CARTESIAN_POINT('',(24.159838065138,-12.84700949612));
#7497 = CARTESIAN_POINT('',(20.69573645,-12.84700949612));
#7498 = CARTESIAN_POINT('',(17.231634834862,-12.84700949612));
#7499 = CARTESIAN_POINT('',(18.963685642431,-9.847009496128));
#7500 = CARTESIAN_POINT('',(20.69573645,-6.847009496128));
#7501 = CARTESIAN_POINT('',(22.427787257569,-9.847009496128));
#7502 = ( GEOMETRIC_REPRESENTATION_CONTEXT(2) 
PARAMETRIC_REPRESENTATION_CONTEXT() REPRESENTATION_CONTEXT('2D SPACE',''
  ) );
#7503 = PCURVE('',#7504,#7509);
#7504 = CYLINDRICAL_SURFACE('',#7505,2.);
#7505 = AXIS2_PLACEMENT_3D('',#7506,#7507,#7508);
#7506 = CARTESIAN_POINT('',(-391.6199967142,-502.368943482,
    39.83696521502));
#7507 = DIRECTION('',(-1.,1.224646799147E-16,6.728624391668E-17));
#7508 = DIRECTION('',(-2.960743400293E-18,-0.5,0.866025403784));
#7509 = DEFINITIONAL_REPRESENTATION('',(#7510),#7514);
#7510 = LINE('',#7511,#7512);
#7511 = CARTESIAN_POINT('',(-6.28318530718,487.));
#7512 = VECTOR('',#7513,1.);
#7513 = DIRECTION('',(1.,0.));
#7514 = ( GEOMETRIC_REPRESENTATION_CONTEXT(2) 
PARAMETRIC_REPRESENTATION_CONTEXT() REPRESENTATION_CONTEXT('2D SPACE',''
  ) );
#7515 = ADVANCED_FACE('',(#7516),#6975,.F.);
#7516 = FACE_BOUND('',#7517,.F.);
#7517 = EDGE_LOOP('',(#7518,#7519,#7520));
#7518 = ORIENTED_EDGE('',*,*,#7307,.F.);
#7519 = ORIENTED_EDGE('',*,*,#7066,.T.);
#7520 = ORIENTED_EDGE('',*,*,#6945,.F.);
#7521 = ADVANCED_FACE('',(#7522),#7051,.T.);
#7522 = FACE_BOUND('',#7523,.T.);
#7523 = EDGE_LOOP('',(#7524,#7525,#7526,#7527));
#7524 = ORIENTED_EDGE('',*,*,#7108,.F.);
#7525 = ORIENTED_EDGE('',*,*,#7131,.F.);
#7526 = ORIENTED_EDGE('',*,*,#7035,.F.);
#7527 = ORIENTED_EDGE('',*,*,#7528,.F.);
#7528 = EDGE_CURVE('',#7088,#6863,#7529,.T.);
#7529 = SURFACE_CURVE('',#7530,(#7534,#7541),.PCURVE_S1.);
#7530 = LINE('',#7531,#7532);
#7531 = CARTESIAN_POINT('',(-878.6199967142,-505.757333088,
    29.356843489084));
#7532 = VECTOR('',#7533,1.);
#7533 = DIRECTION('',(-0.,0.965925826289,-0.258819045103));
#7534 = PCURVE('',#7051,#7535);
#7535 = DEFINITIONAL_REPRESENTATION('',(#7536),#7540);
#7536 = LINE('',#7537,#7538);
#7537 = CARTESIAN_POINT('',(8.,18.560477932315));
#7538 = VECTOR('',#7539,1.);
#7539 = DIRECTION('',(-1.008768357388E-16,-1.));
#7540 = ( GEOMETRIC_REPRESENTATION_CONTEXT(2) 
PARAMETRIC_REPRESENTATION_CONTEXT() REPRESENTATION_CONTEXT('2D SPACE',''
  ) );
#7541 = PCURVE('',#7204,#7542);
#7542 = DEFINITIONAL_REPRESENTATION('',(#7543),#7547);
#7543 = LINE('',#7544,#7545);
#7544 = CARTESIAN_POINT('',(8.,18.560477932315));
#7545 = VECTOR('',#7546,1.);
#7546 = DIRECTION('',(-1.008768357388E-16,-1.));
#7547 = ( GEOMETRIC_REPRESENTATION_CONTEXT(2) 
PARAMETRIC_REPRESENTATION_CONTEXT() REPRESENTATION_CONTEXT('2D SPACE',''
  ) );
#7548 = ADVANCED_FACE('',(#7549),#7174,.F.);
#7549 = FACE_BOUND('',#7550,.F.);
#7550 = EDGE_LOOP('',(#7551,#7581,#7605,#7606));
#7551 = ORIENTED_EDGE('',*,*,#7552,.T.);
#7552 = EDGE_CURVE('',#7553,#7555,#7557,.T.);
#7553 = VERTEX_POINT('',#7554);
#7554 = CARTESIAN_POINT('',(-234.6199967142,-473.1829465263,
    20.628562915948));
#7555 = VERTEX_POINT('',#7556);
#7556 = CARTESIAN_POINT('',(-234.6199967142,-473.1829465263,
    25.415467516698));
#7557 = SURFACE_CURVE('',#7558,(#7562,#7569),.PCURVE_S1.);
#7558 = LINE('',#7559,#7560);
#7559 = CARTESIAN_POINT('',(-234.6199967142,-473.1829465263,
    19.141228765021));
#7560 = VECTOR('',#7561,1.);
#7561 = DIRECTION('',(0.,0.,1.));
#7562 = PCURVE('',#7174,#7563);
#7563 = DEFINITIONAL_REPRESENTATION('',(#7564),#7568);
#7564 = LINE('',#7565,#7566);
#7565 = CARTESIAN_POINT('',(0.,-40.03300645177));
#7566 = VECTOR('',#7567,1.);
#7567 = DIRECTION('',(1.,0.));
#7568 = ( GEOMETRIC_REPRESENTATION_CONTEXT(2) 
PARAMETRIC_REPRESENTATION_CONTEXT() REPRESENTATION_CONTEXT('2D SPACE',''
  ) );
#7569 = PCURVE('',#7570,#7575);
#7570 = PLANE('',#7571);
#7571 = AXIS2_PLACEMENT_3D('',#7572,#7573,#7574);
#7572 = CARTESIAN_POINT('',(-234.6199967142,-473.1829465263,
    19.141228765021));
#7573 = DIRECTION('',(-0.,1.,0.));
#7574 = DIRECTION('',(0.,0.,1.));
#7575 = DEFINITIONAL_REPRESENTATION('',(#7576),#7580);
#7576 = LINE('',#7577,#7578);
#7577 = CARTESIAN_POINT('',(0.,0.));
#7578 = VECTOR('',#7579,1.);
#7579 = DIRECTION('',(1.,0.));
#7580 = ( GEOMETRIC_REPRESENTATION_CONTEXT(2) 
PARAMETRIC_REPRESENTATION_CONTEXT() REPRESENTATION_CONTEXT('2D SPACE',''
  ) );
#7581 = ORIENTED_EDGE('',*,*,#7582,.T.);
#7582 = EDGE_CURVE('',#7555,#7156,#7583,.T.);
#7583 = SURFACE_CURVE('',#7584,(#7588,#7594),.PCURVE_S1.);
#7584 = LINE('',#7585,#7586);
#7585 = CARTESIAN_POINT('',(-234.6199967142,-282.8430351341,
    -25.58595802825));
#7586 = VECTOR('',#7587,1.);
#7587 = DIRECTION('',(-1.008768357388E-16,-0.965925826289,0.258819045103
    ));
#7588 = PCURVE('',#7174,#7589);
#7589 = DEFINITIONAL_REPRESENTATION('',(#7590),#7593);
#7590 = B_SPLINE_CURVE_WITH_KNOTS('',1,(#7591,#7592),.UNSPECIFIED.,.F.,
  .F.,(2,2),(192.90985464475,242.64411625641),.PIECEWISE_BEZIER_KNOTS.);
#7591 = CARTESIAN_POINT('',(5.201557576743,-44.03630709694));
#7592 = CARTESIAN_POINT('',(18.073731675953,4.003300645177));
#7593 = ( GEOMETRIC_REPRESENTATION_CONTEXT(2) 
PARAMETRIC_REPRESENTATION_CONTEXT() REPRESENTATION_CONTEXT('2D SPACE',''
  ) );
#7594 = PCURVE('',#7595,#7600);
#7595 = CYLINDRICAL_SURFACE('',#7596,50.);
#7596 = AXIS2_PLACEMENT_3D('',#7597,#7598,#7599);
#7597 = CARTESIAN_POINT('',(-213.6199967142,-271.0988090292,
    18.24409049095));
#7598 = DIRECTION('',(-1.008768357388E-16,-0.965925826289,0.258819045103
    ));
#7599 = DIRECTION('',(-8.06002386259E-34,-0.258819045103,-0.965925826289
    ));
#7600 = DEFINITIONAL_REPRESENTATION('',(#7601),#7604);
#7601 = B_SPLINE_CURVE_WITH_KNOTS('',1,(#7602,#7603),.UNSPECIFIED.,.F.,
  .F.,(2,2),(192.90985464475,242.64411625641),.PIECEWISE_BEZIER_KNOTS.);
#7602 = CARTESIAN_POINT('',(5.84973998711,192.90985464475));
#7603 = CARTESIAN_POINT('',(5.84973998711,242.64411625641));
#7604 = ( GEOMETRIC_REPRESENTATION_CONTEXT(2) 
PARAMETRIC_REPRESENTATION_CONTEXT() REPRESENTATION_CONTEXT('2D SPACE',''
  ) );
#7605 = ORIENTED_EDGE('',*,*,#7155,.T.);
#7606 = ORIENTED_EDGE('',*,*,#7607,.T.);
#7607 = EDGE_CURVE('',#7158,#7553,#7608,.T.);
#7608 = SURFACE_CURVE('',#7609,(#7613,#7619),.PCURVE_S1.);
#7609 = LINE('',#7610,#7611);
#7610 = CARTESIAN_POINT('',(-234.6199967142,-505.757333088,
    29.356843489084));
#7611 = VECTOR('',#7612,1.);
#7612 = DIRECTION('',(-0.,0.965925826289,-0.258819045103));
#7613 = PCURVE('',#7174,#7614);
#7614 = DEFINITIONAL_REPRESENTATION('',(#7615),#7618);
#7615 = B_SPLINE_CURVE_WITH_KNOTS('',1,(#7616,#7617),.UNSPECIFIED.,.F.,
  .F.,(2,2),(-7.721731510965,33.723486498756),.PIECEWISE_BEZIER_KNOTS.);
#7616 = CARTESIAN_POINT('',(12.214145900269,5.530865296536E-17));
#7617 = CARTESIAN_POINT('',(1.487334150927,-40.03300645177));
#7618 = ( GEOMETRIC_REPRESENTATION_CONTEXT(2) 
PARAMETRIC_REPRESENTATION_CONTEXT() REPRESENTATION_CONTEXT('2D SPACE',''
  ) );
#7619 = PCURVE('',#7620,#7625);
#7620 = PLANE('',#7621);
#7621 = AXIS2_PLACEMENT_3D('',#7622,#7623,#7624);
#7622 = CARTESIAN_POINT('',(-556.6199967142,-501.3522496729,
    28.176504945431));
#7623 = DIRECTION('',(0.,0.258819045103,0.965925826289));
#7624 = DIRECTION('',(0.,0.965925826289,-0.258819045103));
#7625 = DEFINITIONAL_REPRESENTATION('',(#7626),#7629);
#7626 = B_SPLINE_CURVE_WITH_KNOTS('',1,(#7627,#7628),.UNSPECIFIED.,.F.,
  .F.,(2,2),(-7.721731510965,33.723486498756),.PIECEWISE_BEZIER_KNOTS.);
#7627 = CARTESIAN_POINT('',(-12.28220944328,-322.));
#7628 = CARTESIAN_POINT('',(29.163008566442,-322.));
#7629 = ( GEOMETRIC_REPRESENTATION_CONTEXT(2) 
PARAMETRIC_REPRESENTATION_CONTEXT() REPRESENTATION_CONTEXT('2D SPACE',''
  ) );
#7630 = ADVANCED_FACE('',(#7631),#7288,.T.);
#7631 = FACE_BOUND('',#7632,.T.);
#7632 = EDGE_LOOP('',(#7633,#7656,#7675,#7676,#7697,#7721,#7742));
#7633 = ORIENTED_EDGE('',*,*,#7634,.T.);
#7634 = EDGE_CURVE('',#7635,#7637,#7639,.T.);
#7635 = VERTEX_POINT('',#7636);
#7636 = CARTESIAN_POINT('',(-234.6199967142,-504.3007951346,
    40.354603305226));
#7637 = VERTEX_POINT('',#7638);
#7638 = CARTESIAN_POINT('',(-234.6199967142,-505.9510784805,
    34.195662011292));
#7639 = SURFACE_CURVE('',#7640,(#7644,#7650),.PCURVE_S1.);
#7640 = LINE('',#7641,#7642);
#7641 = CARTESIAN_POINT('',(-234.6199967142,-470.7575827607,
    165.53957613353));
#7642 = VECTOR('',#7643,1.);
#7643 = DIRECTION('',(0.,-0.258819045103,-0.965925826289));
#7644 = PCURVE('',#7288,#7645);
#7645 = DEFINITIONAL_REPRESENTATION('',(#7646),#7649);
#7646 = B_SPLINE_CURVE_WITH_KNOTS('',1,(#7647,#7648),.UNSPECIFIED.,.F.,
  .F.,(2,2),(69.854709456015,138.60102051443),.PIECEWISE_BEZIER_KNOTS.);
#7647 = CARTESIAN_POINT('',(78.923879417032,-24.37864102008));
#7648 = CARTESIAN_POINT('',(12.520042103603,-6.585786437627));
#7649 = ( GEOMETRIC_REPRESENTATION_CONTEXT(2) 
PARAMETRIC_REPRESENTATION_CONTEXT() REPRESENTATION_CONTEXT('2D SPACE',''
  ) );
#7650 = PCURVE('',#7371,#7651);
#7651 = DEFINITIONAL_REPRESENTATION('',(#7652),#7655);
#7652 = B_SPLINE_CURVE_WITH_KNOTS('',1,(#7653,#7654),.UNSPECIFIED.,.F.,
  .F.,(2,2),(69.854709456015,138.60102051443),.PIECEWISE_BEZIER_KNOTS.);
#7653 = CARTESIAN_POINT('',(-322.,-222.2536889415));
#7654 = CARTESIAN_POINT('',(-322.,-291.));
#7655 = ( GEOMETRIC_REPRESENTATION_CONTEXT(2) 
PARAMETRIC_REPRESENTATION_CONTEXT() REPRESENTATION_CONTEXT('2D SPACE',''
  ) );
#7656 = ORIENTED_EDGE('',*,*,#7657,.F.);
#7657 = EDGE_CURVE('',#7156,#7637,#7658,.T.);
#7658 = SURFACE_CURVE('',#7659,(#7663,#7669),.PCURVE_S1.);
#7659 = LINE('',#7660,#7661);
#7660 = CARTESIAN_POINT('',(-234.6199967142,-282.8430351341,
    -25.58595802825));
#7661 = VECTOR('',#7662,1.);
#7662 = DIRECTION('',(-1.008768357388E-16,-0.965925826289,0.258819045103
    ));
#7663 = PCURVE('',#7288,#7664);
#7664 = DEFINITIONAL_REPRESENTATION('',(#7665),#7668);
#7665 = B_SPLINE_CURVE_WITH_KNOTS('',1,(#7666,#7667),.UNSPECIFIED.,.F.,
  .F.,(2,2),(192.90985464475,242.64411625641),.PIECEWISE_BEZIER_KNOTS.);
#7666 = CARTESIAN_POINT('',(5.201557576743,-44.03630709694));
#7667 = CARTESIAN_POINT('',(18.073731675953,4.003300645177));
#7668 = ( GEOMETRIC_REPRESENTATION_CONTEXT(2) 
PARAMETRIC_REPRESENTATION_CONTEXT() REPRESENTATION_CONTEXT('2D SPACE',''
  ) );
#7669 = PCURVE('',#7595,#7670);
#7670 = DEFINITIONAL_REPRESENTATION('',(#7671),#7674);
#7671 = B_SPLINE_CURVE_WITH_KNOTS('',1,(#7672,#7673),.UNSPECIFIED.,.F.,
  .F.,(2,2),(192.90985464475,242.64411625641),.PIECEWISE_BEZIER_KNOTS.);
#7672 = CARTESIAN_POINT('',(5.84973998711,192.90985464475));
#7673 = CARTESIAN_POINT('',(5.84973998711,242.64411625641));
#7674 = ( GEOMETRIC_REPRESENTATION_CONTEXT(2) 
PARAMETRIC_REPRESENTATION_CONTEXT() REPRESENTATION_CONTEXT('2D SPACE',''
  ) );
#7675 = ORIENTED_EDGE('',*,*,#7273,.F.);
#7676 = ORIENTED_EDGE('',*,*,#7677,.F.);
#7677 = EDGE_CURVE('',#7678,#7246,#7680,.T.);
#7678 = VERTEX_POINT('',#7679);
#7679 = CARTESIAN_POINT('',(-234.6199967142,-484.9822786088,
    35.178222403175));
#7680 = SURFACE_CURVE('',#7681,(#7685,#7691),.PCURVE_S1.);
#7681 = LINE('',#7682,#7683);
#7682 = CARTESIAN_POINT('',(-234.6199967142,-451.4390662349,
    160.36319523148));
#7683 = VECTOR('',#7684,1.);
#7684 = DIRECTION('',(0.,-0.258819045103,-0.965925826289));
#7685 = PCURVE('',#7288,#7686);
#7686 = DEFINITIONAL_REPRESENTATION('',(#7687),#7690);
#7687 = B_SPLINE_CURVE_WITH_KNOTS('',1,(#7688,#7689),.UNSPECIFIED.,.F.,
  .F.,(2,2),(84.011902148874,130.60102051443),.PIECEWISE_BEZIER_KNOTS.);
#7688 = CARTESIAN_POINT('',(60.072700465198,-40.03300645177));
#7689 = CARTESIAN_POINT('',(15.071067811865,-27.97485532422));
#7690 = ( GEOMETRIC_REPRESENTATION_CONTEXT(2) 
PARAMETRIC_REPRESENTATION_CONTEXT() REPRESENTATION_CONTEXT('2D SPACE',''
  ) );
#7691 = PCURVE('',#7261,#7692);
#7692 = DEFINITIONAL_REPRESENTATION('',(#7693),#7696);
#7693 = B_SPLINE_CURVE_WITH_KNOTS('',1,(#7694,#7695),.UNSPECIFIED.,.F.,
  .F.,(2,2),(84.011902148874,130.60102051443),.PIECEWISE_BEZIER_KNOTS.);
#7694 = CARTESIAN_POINT('',(-322.,-236.4108816344));
#7695 = CARTESIAN_POINT('',(-322.,-283.));
#7696 = ( GEOMETRIC_REPRESENTATION_CONTEXT(2) 
PARAMETRIC_REPRESENTATION_CONTEXT() REPRESENTATION_CONTEXT('2D SPACE',''
  ) );
#7697 = ORIENTED_EDGE('',*,*,#7698,.T.);
#7698 = EDGE_CURVE('',#7678,#7699,#7701,.T.);
#7699 = VERTEX_POINT('',#7700);
#7700 = CARTESIAN_POINT('',(-234.6199967142,-486.3964921711,
    37.627712145958));
#7701 = SURFACE_CURVE('',#7702,(#7707,#7714),.PCURVE_S1.);
#7702 = CIRCLE('',#7703,2.);
#7703 = AXIS2_PLACEMENT_3D('',#7704,#7705,#7706);
#7704 = CARTESIAN_POINT('',(-234.6199967142,-486.9141302613,
    35.69586049338));
#7705 = DIRECTION('',(1.,-1.224646799147E-16,-6.728624391668E-17));
#7706 = DIRECTION('',(1.397006458308E-16,0.866025403784,0.5));
#7707 = PCURVE('',#7288,#7708);
#7708 = DEFINITIONAL_REPRESENTATION('',(#7709),#7713);
#7709 = CIRCLE('',#7710,2.);
#7710 = AXIS2_PLACEMENT_2D('',#7711,#7712);
#7711 = CARTESIAN_POINT('',(16.55463172836,-26.30182271675));
#7712 = DIRECTION('',(0.5,-0.866025403784));
#7713 = ( GEOMETRIC_REPRESENTATION_CONTEXT(2) 
PARAMETRIC_REPRESENTATION_CONTEXT() REPRESENTATION_CONTEXT('2D SPACE',''
  ) );
#7714 = PCURVE('',#7447,#7715);
#7715 = DEFINITIONAL_REPRESENTATION('',(#7716),#7720);
#7716 = LINE('',#7717,#7718);
#7717 = CARTESIAN_POINT('',(-6.28318530718,157.));
#7718 = VECTOR('',#7719,1.);
#7719 = DIRECTION('',(1.,0.));
#7720 = ( GEOMETRIC_REPRESENTATION_CONTEXT(2) 
PARAMETRIC_REPRESENTATION_CONTEXT() REPRESENTATION_CONTEXT('2D SPACE',''
  ) );
#7721 = ORIENTED_EDGE('',*,*,#7722,.F.);
#7722 = EDGE_CURVE('',#7723,#7699,#7725,.T.);
#7723 = VERTEX_POINT('',#7724);
#7724 = CARTESIAN_POINT('',(-234.6199967142,-501.8513053918,
    41.768816867599));
#7725 = SURFACE_CURVE('',#7726,(#7730,#7736),.PCURVE_S1.);
#7726 = LINE('',#7727,#7728);
#7727 = CARTESIAN_POINT('',(-234.6199967142,-495.6312047176,
    40.102145915124));
#7728 = VECTOR('',#7729,1.);
#7729 = DIRECTION('',(-0.,0.965925826289,-0.258819045103));
#7730 = PCURVE('',#7288,#7731);
#7731 = DEFINITIONAL_REPRESENTATION('',(#7732),#7735);
#7732 = B_SPLINE_CURVE_WITH_KNOTS('',1,(#7733,#7734),.UNSPECIFIED.,.F.,
  .F.,(2,2),(-6.439522067685,9.560477932315),.PIECEWISE_BEZIER_KNOTS.);
#7733 = CARTESIAN_POINT('',(22.627588102578,-11.36464758633));
#7734 = CARTESIAN_POINT('',(18.486483380938,-26.81946080695));
#7735 = ( GEOMETRIC_REPRESENTATION_CONTEXT(2) 
PARAMETRIC_REPRESENTATION_CONTEXT() REPRESENTATION_CONTEXT('2D SPACE',''
  ) );
#7736 = PCURVE('',#7474,#7737);
#7737 = DEFINITIONAL_REPRESENTATION('',(#7738),#7741);
#7738 = B_SPLINE_CURVE_WITH_KNOTS('',1,(#7739,#7740),.UNSPECIFIED.,.F.,
  .F.,(2,2),(-6.439522067685,9.560477932315),.PIECEWISE_BEZIER_KNOTS.);
#7739 = CARTESIAN_POINT('',(8.,18.));
#7740 = CARTESIAN_POINT('',(8.,2.));
#7741 = ( GEOMETRIC_REPRESENTATION_CONTEXT(2) 
PARAMETRIC_REPRESENTATION_CONTEXT() REPRESENTATION_CONTEXT('2D SPACE',''
  ) );
#7742 = ORIENTED_EDGE('',*,*,#7743,.F.);
#7743 = EDGE_CURVE('',#7635,#7723,#7744,.T.);
#7744 = SURFACE_CURVE('',#7745,(#7750,#7761),.PCURVE_S1.);
#7745 = CIRCLE('',#7746,2.);
#7746 = AXIS2_PLACEMENT_3D('',#7747,#7748,#7749);
#7747 = CARTESIAN_POINT('',(-234.6199967142,-502.368943482,
    39.83696521502));
#7748 = DIRECTION('',(-1.,1.224646799147E-16,6.728624391668E-17));
#7749 = DIRECTION('',(-2.960743400293E-18,-0.5,0.866025403784));
#7750 = PCURVE('',#7288,#7751);
#7751 = DEFINITIONAL_REPRESENTATION('',(#7752),#7760);
#7752 = ( BOUNDED_CURVE() B_SPLINE_CURVE(2,(#7753,#7754,#7755,#7756,
#7757,#7758,#7759),.UNSPECIFIED.,.T.,.F.) B_SPLINE_CURVE_WITH_KNOTS((1,2
    ,2,2,2,1),(-2.094395102393,0.,2.094395102393,4.188790204786,
6.28318530718,8.377580409573),.UNSPECIFIED.) CURVE() 
GEOMETRIC_REPRESENTATION_ITEM() RATIONAL_B_SPLINE_CURVE((1.,0.5,1.,0.5,
1.,0.5,1.)) REPRESENTATION_ITEM('') );
#7753 = CARTESIAN_POINT('',(22.427787257569,-9.847009496128));
#7754 = CARTESIAN_POINT('',(24.159838065138,-12.84700949612));
#7755 = CARTESIAN_POINT('',(20.69573645,-12.84700949612));
#7756 = CARTESIAN_POINT('',(17.231634834862,-12.84700949612));
#7757 = CARTESIAN_POINT('',(18.963685642431,-9.847009496128));
#7758 = CARTESIAN_POINT('',(20.69573645,-6.847009496128));
#7759 = CARTESIAN_POINT('',(22.427787257569,-9.847009496128));
#7760 = ( GEOMETRIC_REPRESENTATION_CONTEXT(2) 
PARAMETRIC_REPRESENTATION_CONTEXT() REPRESENTATION_CONTEXT('2D SPACE',''
  ) );
#7761 = PCURVE('',#7504,#7762);
#7762 = DEFINITIONAL_REPRESENTATION('',(#7763),#7767);
#7763 = LINE('',#7764,#7765);
#7764 = CARTESIAN_POINT('',(-6.28318530718,-157.));
#7765 = VECTOR('',#7766,1.);
#7766 = DIRECTION('',(1.,0.));
#7767 = ( GEOMETRIC_REPRESENTATION_CONTEXT(2) 
PARAMETRIC_REPRESENTATION_CONTEXT() REPRESENTATION_CONTEXT('2D SPACE',''
  ) );
#7768 = ADVANCED_FACE('',(#7769),#7261,.T.);
#7769 = FACE_BOUND('',#7770,.T.);
#7770 = EDGE_LOOP('',(#7771,#7772,#7773,#7794));
#7771 = ORIENTED_EDGE('',*,*,#7245,.F.);
#7772 = ORIENTED_EDGE('',*,*,#7409,.F.);
#7773 = ORIENTED_EDGE('',*,*,#7774,.F.);
#7774 = EDGE_CURVE('',#7678,#7410,#7775,.T.);
#7775 = SURFACE_CURVE('',#7776,(#7780,#7787),.PCURVE_S1.);
#7776 = LINE('',#7777,#7778);
#7777 = CARTESIAN_POINT('',(-391.6199967142,-484.9822786088,
    35.178222403175));
#7778 = VECTOR('',#7779,1.);
#7779 = DIRECTION('',(-1.,1.224646799147E-16,6.728624391668E-17));
#7780 = PCURVE('',#7261,#7781);
#7781 = DEFINITIONAL_REPRESENTATION('',(#7782),#7786);
#7782 = LINE('',#7783,#7784);
#7783 = CARTESIAN_POINT('',(-165.,-282.));
#7784 = VECTOR('',#7785,1.);
#7785 = DIRECTION('',(1.,6.728624391668E-17));
#7786 = ( GEOMETRIC_REPRESENTATION_CONTEXT(2) 
PARAMETRIC_REPRESENTATION_CONTEXT() REPRESENTATION_CONTEXT('2D SPACE',''
  ) );
#7787 = PCURVE('',#7447,#7788);
#7788 = DEFINITIONAL_REPRESENTATION('',(#7789),#7793);
#7789 = LINE('',#7790,#7791);
#7790 = CARTESIAN_POINT('',(-0.785398163397,0.));
#7791 = VECTOR('',#7792,1.);
#7792 = DIRECTION('',(2.960594732334E-17,-1.));
#7793 = ( GEOMETRIC_REPRESENTATION_CONTEXT(2) 
PARAMETRIC_REPRESENTATION_CONTEXT() REPRESENTATION_CONTEXT('2D SPACE',''
  ) );
#7794 = ORIENTED_EDGE('',*,*,#7677,.T.);
#7795 = ADVANCED_FACE('',(#7796),#7204,.T.);
#7796 = FACE_BOUND('',#7797,.T.);
#7797 = EDGE_LOOP('',(#7798,#7821,#7822,#7823));
#7798 = ORIENTED_EDGE('',*,*,#7799,.F.);
#7799 = EDGE_CURVE('',#7088,#7800,#7802,.T.);
#7800 = VERTEX_POINT('',#7801);
#7801 = CARTESIAN_POINT('',(-234.6199967142,-505.2159529781,
    29.211781125841));
#7802 = SURFACE_CURVE('',#7803,(#7807,#7814),.PCURVE_S1.);
#7803 = LINE('',#7804,#7805);
#7804 = CARTESIAN_POINT('',(-721.6199967142,-505.2159529781,
    29.211781125841));
#7805 = VECTOR('',#7806,1.);
#7806 = DIRECTION('',(1.,-1.224646799147E-16,-6.728624391668E-17));
#7807 = PCURVE('',#7204,#7808);
#7808 = DEFINITIONAL_REPRESENTATION('',(#7809),#7813);
#7809 = LINE('',#7810,#7811);
#7810 = CARTESIAN_POINT('',(165.,18.));
#7811 = VECTOR('',#7812,1.);
#7812 = DIRECTION('',(1.,5.783360729246E-32));
#7813 = ( GEOMETRIC_REPRESENTATION_CONTEXT(2) 
PARAMETRIC_REPRESENTATION_CONTEXT() REPRESENTATION_CONTEXT('2D SPACE',''
  ) );
#7814 = PCURVE('',#7346,#7815);
#7815 = DEFINITIONAL_REPRESENTATION('',(#7816),#7820);
#7816 = LINE('',#7817,#7818);
#7817 = CARTESIAN_POINT('',(0.785398163398,0.));
#7818 = VECTOR('',#7819,1.);
#7819 = DIRECTION('',(3.04470253723E-17,1.));
#7820 = ( GEOMETRIC_REPRESENTATION_CONTEXT(2) 
PARAMETRIC_REPRESENTATION_CONTEXT() REPRESENTATION_CONTEXT('2D SPACE',''
  ) );
#7821 = ORIENTED_EDGE('',*,*,#7528,.T.);
#7822 = ORIENTED_EDGE('',*,*,#7190,.F.);
#7823 = ORIENTED_EDGE('',*,*,#7824,.F.);
#7824 = EDGE_CURVE('',#7800,#7158,#7825,.T.);
#7825 = SURFACE_CURVE('',#7826,(#7830,#7837),.PCURVE_S1.);
#7826 = LINE('',#7827,#7828);
#7827 = CARTESIAN_POINT('',(-234.6199967142,-505.757333088,
    29.356843489084));
#7828 = VECTOR('',#7829,1.);
#7829 = DIRECTION('',(-0.,0.965925826289,-0.258819045103));
#7830 = PCURVE('',#7204,#7831);
#7831 = DEFINITIONAL_REPRESENTATION('',(#7832),#7836);
#7832 = LINE('',#7833,#7834);
#7833 = CARTESIAN_POINT('',(652.,18.560477932315));
#7834 = VECTOR('',#7835,1.);
#7835 = DIRECTION('',(-1.008768357388E-16,-1.));
#7836 = ( GEOMETRIC_REPRESENTATION_CONTEXT(2) 
PARAMETRIC_REPRESENTATION_CONTEXT() REPRESENTATION_CONTEXT('2D SPACE',''
  ) );
#7837 = PCURVE('',#7838,#7843);
#7838 = PLANE('',#7839);
#7839 = AXIS2_PLACEMENT_3D('',#7840,#7841,#7842);
#7840 = CARTESIAN_POINT('',(-886.6199967142,-487.8292881049,
    24.553038313996));
#7841 = DIRECTION('',(-9.668971226742E-17,-0.258819045103,
    -0.965925826289));
#7842 = DIRECTION('',(1.,-1.224646799147E-16,-6.728624391668E-17));
#7843 = DEFINITIONAL_REPRESENTATION('',(#7844),#7848);
#7844 = LINE('',#7845,#7846);
#7845 = CARTESIAN_POINT('',(652.,18.560477932315));
#7846 = VECTOR('',#7847,1.);
#7847 = DIRECTION('',(-1.008768357388E-16,-1.));
#7848 = ( GEOMETRIC_REPRESENTATION_CONTEXT(2) 
PARAMETRIC_REPRESENTATION_CONTEXT() REPRESENTATION_CONTEXT('2D SPACE',''
  ) );
#7849 = ADVANCED_FACE('',(#7850),#7371,.F.);
#7850 = FACE_BOUND('',#7851,.F.);
#7851 = EDGE_LOOP('',(#7852,#7875,#7876,#7877,#7898,#7899));
#7852 = ORIENTED_EDGE('',*,*,#7853,.T.);
#7853 = EDGE_CURVE('',#7854,#7330,#7856,.T.);
#7854 = VERTEX_POINT('',#7855);
#7855 = CARTESIAN_POINT('',(-234.6199967142,-506.6301665405,
    31.661270868624));
#7856 = SURFACE_CURVE('',#7857,(#7861,#7868),.PCURVE_S1.);
#7857 = LINE('',#7858,#7859);
#7858 = CARTESIAN_POINT('',(-721.6199967142,-506.6301665405,
    31.661270868624));
#7859 = VECTOR('',#7860,1.);
#7860 = DIRECTION('',(-1.,1.224646799147E-16,6.728624391668E-17));
#7861 = PCURVE('',#7371,#7862);
#7862 = DEFINITIONAL_REPRESENTATION('',(#7863),#7867);
#7863 = LINE('',#7864,#7865);
#7864 = CARTESIAN_POINT('',(165.,-291.));
#7865 = VECTOR('',#7866,1.);
#7866 = DIRECTION('',(1.,6.728624391668E-17));
#7867 = ( GEOMETRIC_REPRESENTATION_CONTEXT(2) 
PARAMETRIC_REPRESENTATION_CONTEXT() REPRESENTATION_CONTEXT('2D SPACE',''
  ) );
#7868 = PCURVE('',#7346,#7869);
#7869 = DEFINITIONAL_REPRESENTATION('',(#7870),#7874);
#7870 = LINE('',#7871,#7872);
#7871 = CARTESIAN_POINT('',(-0.785398163397,-5.684341886081E-14));
#7872 = VECTOR('',#7873,1.);
#7873 = DIRECTION('',(0.,-1.));
#7874 = ( GEOMETRIC_REPRESENTATION_CONTEXT(2) 
PARAMETRIC_REPRESENTATION_CONTEXT() REPRESENTATION_CONTEXT('2D SPACE',''
  ) );
#7875 = ORIENTED_EDGE('',*,*,#7358,.F.);
#7876 = ORIENTED_EDGE('',*,*,#7386,.F.);
#7877 = ORIENTED_EDGE('',*,*,#7878,.T.);
#7878 = EDGE_CURVE('',#7387,#7635,#7879,.T.);
#7879 = SURFACE_CURVE('',#7880,(#7884,#7891),.PCURVE_S1.);
#7880 = LINE('',#7881,#7882);
#7881 = CARTESIAN_POINT('',(-391.6199967142,-504.3007951346,
    40.354603305226));
#7882 = VECTOR('',#7883,1.);
#7883 = DIRECTION('',(1.,-1.224646799147E-16,-6.728624391668E-17));
#7884 = PCURVE('',#7371,#7885);
#7885 = DEFINITIONAL_REPRESENTATION('',(#7886),#7890);
#7886 = LINE('',#7887,#7888);
#7887 = CARTESIAN_POINT('',(-165.,-282.));
#7888 = VECTOR('',#7889,1.);
#7889 = DIRECTION('',(-1.,-6.728624391668E-17));
#7890 = ( GEOMETRIC_REPRESENTATION_CONTEXT(2) 
PARAMETRIC_REPRESENTATION_CONTEXT() REPRESENTATION_CONTEXT('2D SPACE',''
  ) );
#7891 = PCURVE('',#7504,#7892);
#7892 = DEFINITIONAL_REPRESENTATION('',(#7893),#7897);
#7893 = LINE('',#7894,#7895);
#7894 = CARTESIAN_POINT('',(-0.785398163397,-5.684341886081E-14));
#7895 = VECTOR('',#7896,1.);
#7896 = DIRECTION('',(-3.095167220167E-17,-1.));
#7897 = ( GEOMETRIC_REPRESENTATION_CONTEXT(2) 
PARAMETRIC_REPRESENTATION_CONTEXT() REPRESENTATION_CONTEXT('2D SPACE',''
  ) );
#7898 = ORIENTED_EDGE('',*,*,#7634,.T.);
#7899 = ORIENTED_EDGE('',*,*,#7900,.T.);
#7900 = EDGE_CURVE('',#7637,#7854,#7901,.T.);
#7901 = SURFACE_CURVE('',#7902,(#7906,#7912),.PCURVE_S1.);
#7902 = LINE('',#7903,#7904);
#7903 = CARTESIAN_POINT('',(-234.6199967142,-470.7575827607,
    165.53957613353));
#7904 = VECTOR('',#7905,1.);
#7905 = DIRECTION('',(0.,-0.258819045103,-0.965925826289));
#7906 = PCURVE('',#7371,#7907);
#7907 = DEFINITIONAL_REPRESENTATION('',(#7908),#7911);
#7908 = B_SPLINE_CURVE_WITH_KNOTS('',1,(#7909,#7910),.UNSPECIFIED.,.F.,
  .F.,(2,2),(69.854709456015,138.60102051443),.PIECEWISE_BEZIER_KNOTS.);
#7909 = CARTESIAN_POINT('',(-322.,-222.2536889415));
#7910 = CARTESIAN_POINT('',(-322.,-291.));
#7911 = ( GEOMETRIC_REPRESENTATION_CONTEXT(2) 
PARAMETRIC_REPRESENTATION_CONTEXT() REPRESENTATION_CONTEXT('2D SPACE',''
  ) );
#7912 = PCURVE('',#7913,#7918);
#7913 = PLANE('',#7914);
#7914 = AXIS2_PLACEMENT_3D('',#7915,#7916,#7917);
#7915 = CARTESIAN_POINT('',(-234.6199967142,-513.2159529781,
    19.141228765021));
#7916 = DIRECTION('',(1.,0.,-0.));
#7917 = DIRECTION('',(0.,0.,1.));
#7918 = DEFINITIONAL_REPRESENTATION('',(#7919),#7922);
#7919 = B_SPLINE_CURVE_WITH_KNOTS('',1,(#7920,#7921),.UNSPECIFIED.,.F.,
  .F.,(2,2),(69.854709456015,138.60102051443),.PIECEWISE_BEZIER_KNOTS.);
#7920 = CARTESIAN_POINT('',(78.923879417032,-24.37864102008));
#7921 = CARTESIAN_POINT('',(12.520042103603,-6.585786437627));
#7922 = ( GEOMETRIC_REPRESENTATION_CONTEXT(2) 
PARAMETRIC_REPRESENTATION_CONTEXT() REPRESENTATION_CONTEXT('2D SPACE',''
  ) );
#7923 = ADVANCED_FACE('',(#7924),#7346,.T.);
#7924 = FACE_BOUND('',#7925,.T.);
#7925 = EDGE_LOOP('',(#7926,#7927,#7928,#7950));
#7926 = ORIENTED_EDGE('',*,*,#7329,.T.);
#7927 = ORIENTED_EDGE('',*,*,#7799,.T.);
#7928 = ORIENTED_EDGE('',*,*,#7929,.F.);
#7929 = EDGE_CURVE('',#7854,#7800,#7930,.T.);
#7930 = SURFACE_CURVE('',#7931,(#7936,#7943),.PCURVE_S1.);
#7931 = CIRCLE('',#7932,2.);
#7932 = AXIS2_PLACEMENT_3D('',#7933,#7934,#7935);
#7933 = CARTESIAN_POINT('',(-234.6199967142,-504.6983148879,
    31.143632778419));
#7934 = DIRECTION('',(1.,-1.224646799147E-16,-6.728624391668E-17));
#7935 = DIRECTION('',(-1.397006458308E-16,-0.866025403784,-0.5));
#7936 = PCURVE('',#7346,#7937);
#7937 = DEFINITIONAL_REPRESENTATION('',(#7938),#7942);
#7938 = LINE('',#7939,#7940);
#7939 = CARTESIAN_POINT('',(-6.28318530718,487.));
#7940 = VECTOR('',#7941,1.);
#7941 = DIRECTION('',(1.,0.));
#7942 = ( GEOMETRIC_REPRESENTATION_CONTEXT(2) 
PARAMETRIC_REPRESENTATION_CONTEXT() REPRESENTATION_CONTEXT('2D SPACE',''
  ) );
#7943 = PCURVE('',#7913,#7944);
#7944 = DEFINITIONAL_REPRESENTATION('',(#7945),#7949);
#7945 = CIRCLE('',#7946,2.);
#7946 = AXIS2_PLACEMENT_2D('',#7947,#7948);
#7947 = CARTESIAN_POINT('',(12.002404013398,-8.517638090205));
#7948 = DIRECTION('',(-0.5,0.866025403784));
#7949 = ( GEOMETRIC_REPRESENTATION_CONTEXT(2) 
PARAMETRIC_REPRESENTATION_CONTEXT() REPRESENTATION_CONTEXT('2D SPACE',''
  ) );
#7950 = ORIENTED_EDGE('',*,*,#7853,.T.);
#7951 = ADVANCED_FACE('',(#7952),#7504,.T.);
#7952 = FACE_BOUND('',#7953,.T.);
#7953 = EDGE_LOOP('',(#7954,#7955,#7976,#7977));
#7954 = ORIENTED_EDGE('',*,*,#7743,.T.);
#7955 = ORIENTED_EDGE('',*,*,#7956,.T.);
#7956 = EDGE_CURVE('',#7723,#7460,#7957,.T.);
#7957 = SURFACE_CURVE('',#7958,(#7962,#7969),.PCURVE_S1.);
#7958 = LINE('',#7959,#7960);
#7959 = CARTESIAN_POINT('',(-391.6199967142,-501.8513053918,
    41.768816867599));
#7960 = VECTOR('',#7961,1.);
#7961 = DIRECTION('',(-1.,1.224646799147E-16,6.728624391668E-17));
#7962 = PCURVE('',#7504,#7963);
#7963 = DEFINITIONAL_REPRESENTATION('',(#7964),#7968);
#7964 = LINE('',#7965,#7966);
#7965 = CARTESIAN_POINT('',(0.785398163397,0.));
#7966 = VECTOR('',#7967,1.);
#7967 = DIRECTION('',(3.04470253723E-17,1.));
#7968 = ( GEOMETRIC_REPRESENTATION_CONTEXT(2) 
PARAMETRIC_REPRESENTATION_CONTEXT() REPRESENTATION_CONTEXT('2D SPACE',''
  ) );
#7969 = PCURVE('',#7474,#7970);
#7970 = DEFINITIONAL_REPRESENTATION('',(#7971),#7975);
#7971 = LINE('',#7972,#7973);
#7972 = CARTESIAN_POINT('',(165.,18.));
#7973 = VECTOR('',#7974,1.);
#7974 = DIRECTION('',(1.,-5.783360729246E-32));
#7975 = ( GEOMETRIC_REPRESENTATION_CONTEXT(2) 
PARAMETRIC_REPRESENTATION_CONTEXT() REPRESENTATION_CONTEXT('2D SPACE',''
  ) );
#7976 = ORIENTED_EDGE('',*,*,#7485,.F.);
#7977 = ORIENTED_EDGE('',*,*,#7878,.T.);
#7978 = ADVANCED_FACE('',(#7979),#7474,.T.);
#7979 = FACE_BOUND('',#7980,.T.);
#7980 = EDGE_LOOP('',(#7981,#7982,#7983,#8004));
#7981 = ORIENTED_EDGE('',*,*,#7956,.F.);
#7982 = ORIENTED_EDGE('',*,*,#7722,.T.);
#7983 = ORIENTED_EDGE('',*,*,#7984,.F.);
#7984 = EDGE_CURVE('',#7431,#7699,#7985,.T.);
#7985 = SURFACE_CURVE('',#7986,(#7990,#7997),.PCURVE_S1.);
#7986 = LINE('',#7987,#7988);
#7987 = CARTESIAN_POINT('',(-391.6199967142,-486.3964921711,
    37.627712145958));
#7988 = VECTOR('',#7989,1.);
#7989 = DIRECTION('',(1.,-1.224646799147E-16,-6.728624391668E-17));
#7990 = PCURVE('',#7474,#7991);
#7991 = DEFINITIONAL_REPRESENTATION('',(#7992),#7996);
#7992 = LINE('',#7993,#7994);
#7993 = CARTESIAN_POINT('',(165.,2.));
#7994 = VECTOR('',#7995,1.);
#7995 = DIRECTION('',(-1.,5.783360729246E-32));
#7996 = ( GEOMETRIC_REPRESENTATION_CONTEXT(2) 
PARAMETRIC_REPRESENTATION_CONTEXT() REPRESENTATION_CONTEXT('2D SPACE',''
  ) );
#7997 = PCURVE('',#7447,#7998);
#7998 = DEFINITIONAL_REPRESENTATION('',(#7999),#8003);
#7999 = LINE('',#8000,#8001);
#8000 = CARTESIAN_POINT('',(0.785398163397,5.684341886081E-14));
#8001 = VECTOR('',#8002,1.);
#8002 = DIRECTION('',(0.,1.));
#8003 = ( GEOMETRIC_REPRESENTATION_CONTEXT(2) 
PARAMETRIC_REPRESENTATION_CONTEXT() REPRESENTATION_CONTEXT('2D SPACE',''
  ) );
#8004 = ORIENTED_EDGE('',*,*,#7459,.F.);
#8005 = ADVANCED_FACE('',(#8006),#7447,.T.);
#8006 = FACE_BOUND('',#8007,.T.);
#8007 = EDGE_LOOP('',(#8008,#8009,#8010,#8011));
#8008 = ORIENTED_EDGE('',*,*,#7430,.T.);
#8009 = ORIENTED_EDGE('',*,*,#7984,.T.);
#8010 = ORIENTED_EDGE('',*,*,#7698,.F.);
#8011 = ORIENTED_EDGE('',*,*,#7774,.T.);
#8012 = ADVANCED_FACE('',(#8013),#7570,.T.);
#8013 = FACE_BOUND('',#8014,.T.);
#8014 = EDGE_LOOP('',(#8015,#8043,#8062));
#8015 = ORIENTED_EDGE('',*,*,#8016,.F.);
#8016 = EDGE_CURVE('',#8017,#7555,#8019,.T.);
#8017 = VERTEX_POINT('',#8018);
#8018 = CARTESIAN_POINT('',(-213.6199967142,-473.1829465263,
    20.628562915948));
#8019 = SURFACE_CURVE('',#8020,(#8025,#8032),.PCURVE_S1.);
#8020 = ELLIPSE('',#8021,51.763809020504,50.);
#8021 = AXIS2_PLACEMENT_3D('',#8022,#8023,#8024);
#8022 = CARTESIAN_POINT('',(-213.6199967142,-473.1829465263,
    72.392371936452));
#8023 = DIRECTION('',(-0.,1.,0.));
#8024 = DIRECTION('',(-3.897581636578E-16,-0.,1.));
#8025 = PCURVE('',#7570,#8026);
#8026 = DEFINITIONAL_REPRESENTATION('',(#8027),#8031);
#8027 = ELLIPSE('',#8028,51.763809020504,50.);
#8028 = AXIS2_PLACEMENT_2D('',#8029,#8030);
#8029 = CARTESIAN_POINT('',(53.251143171431,21.));
#8030 = DIRECTION('',(1.,-3.897581636578E-16));
#8031 = ( GEOMETRIC_REPRESENTATION_CONTEXT(2) 
PARAMETRIC_REPRESENTATION_CONTEXT() REPRESENTATION_CONTEXT('2D SPACE',''
  ) );
#8032 = PCURVE('',#7595,#8033);
#8033 = DEFINITIONAL_REPRESENTATION('',(#8034),#8042);
#8034 = B_SPLINE_CURVE_WITH_KNOTS('',6,(#8035,#8036,#8037,#8038,#8039,
    #8040,#8041),.UNSPECIFIED.,.F.,.F.,(7,7),(3.14159265359,
    3.757868340827),.PIECEWISE_BEZIER_KNOTS.);
#8035 = CARTESIAN_POINT('',(6.28318530718,195.81543436796));
#8036 = CARTESIAN_POINT('',(6.18047269264,195.81543436796));
#8037 = CARTESIAN_POINT('',(6.077760078101,195.98504415334));
#8038 = CARTESIAN_POINT('',(5.975047463561,196.32426473023));
#8039 = CARTESIAN_POINT('',(5.872334849021,196.82772465352));
#8040 = CARTESIAN_POINT('',(5.769622234482,197.48469547053));
#8041 = CARTESIAN_POINT('',(5.666909619942,198.28007439575));
#8042 = ( GEOMETRIC_REPRESENTATION_CONTEXT(2) 
PARAMETRIC_REPRESENTATION_CONTEXT() REPRESENTATION_CONTEXT('2D SPACE',''
  ) );
#8043 = ORIENTED_EDGE('',*,*,#8044,.T.);
#8044 = EDGE_CURVE('',#8017,#7553,#8045,.T.);
#8045 = SURFACE_CURVE('',#8046,(#8050,#8056),.PCURVE_S1.);
#8046 = LINE('',#8047,#8048);
#8047 = CARTESIAN_POINT('',(-395.6199967142,-473.1829465263,
    20.628562915948));
#8048 = VECTOR('',#8049,1.);
#8049 = DIRECTION('',(-1.,-0.,0.));
#8050 = PCURVE('',#7570,#8051);
#8051 = DEFINITIONAL_REPRESENTATION('',(#8052),#8055);
#8052 = B_SPLINE_CURVE_WITH_KNOTS('',1,(#8053,#8054),.UNSPECIFIED.,.F.,
  .F.,(2,2),(-232.,-161.),.PIECEWISE_BEZIER_KNOTS.);
#8053 = CARTESIAN_POINT('',(1.487334150927,71.));
#8054 = CARTESIAN_POINT('',(1.487334150927,0.));
#8055 = ( GEOMETRIC_REPRESENTATION_CONTEXT(2) 
PARAMETRIC_REPRESENTATION_CONTEXT() REPRESENTATION_CONTEXT('2D SPACE',''
  ) );
#8056 = PCURVE('',#7620,#8057);
#8057 = DEFINITIONAL_REPRESENTATION('',(#8058),#8061);
#8058 = B_SPLINE_CURVE_WITH_KNOTS('',1,(#8059,#8060),.UNSPECIFIED.,.F.,
  .F.,(2,2),(-232.,-161.),.PIECEWISE_BEZIER_KNOTS.);
#8059 = CARTESIAN_POINT('',(29.163008566442,-393.));
#8060 = CARTESIAN_POINT('',(29.163008566442,-322.));
#8061 = ( GEOMETRIC_REPRESENTATION_CONTEXT(2) 
PARAMETRIC_REPRESENTATION_CONTEXT() REPRESENTATION_CONTEXT('2D SPACE',''
  ) );
#8062 = ORIENTED_EDGE('',*,*,#7552,.T.);
#8063 = ADVANCED_FACE('',(#8064),#7620,.F.);
#8064 = FACE_BOUND('',#8065,.F.);
#8065 = EDGE_LOOP('',(#8066,#8089,#8090,#8091,#8114,#8137,#8158,#8179));
#8066 = ORIENTED_EDGE('',*,*,#8067,.F.);
#8067 = EDGE_CURVE('',#8017,#8068,#8070,.T.);
#8068 = VERTEX_POINT('',#8069);
#8069 = CARTESIAN_POINT('',(-213.6199967142,-513.2159529781,
    31.35537466529));
#8070 = SURFACE_CURVE('',#8071,(#8075,#8082),.PCURVE_S1.);
#8071 = LINE('',#8072,#8073);
#8072 = CARTESIAN_POINT('',(-213.6199967142,-284.0397612843,
    -30.0522008235));
#8073 = VECTOR('',#8074,1.);
#8074 = DIRECTION('',(-1.008768357388E-16,-0.965925826289,0.258819045103
    ));
#8075 = PCURVE('',#7620,#8076);
#8076 = DEFINITIONAL_REPRESENTATION('',(#8077),#8081);
#8077 = LINE('',#8078,#8079);
#8078 = CARTESIAN_POINT('',(224.9784429344,-343.));
#8079 = VECTOR('',#8080,1.);
#8080 = DIRECTION('',(-1.,1.008768357388E-16));
#8081 = ( GEOMETRIC_REPRESENTATION_CONTEXT(2) 
PARAMETRIC_REPRESENTATION_CONTEXT() REPRESENTATION_CONTEXT('2D SPACE',''
  ) );
#8082 = PCURVE('',#7595,#8083);
#8083 = DEFINITIONAL_REPRESENTATION('',(#8084),#8088);
#8084 = LINE('',#8085,#8086);
#8085 = CARTESIAN_POINT('',(6.28318530718,-0.));
#8086 = VECTOR('',#8087,1.);
#8087 = DIRECTION('',(0.,1.));
#8088 = ( GEOMETRIC_REPRESENTATION_CONTEXT(2) 
PARAMETRIC_REPRESENTATION_CONTEXT() REPRESENTATION_CONTEXT('2D SPACE',''
  ) );
#8089 = ORIENTED_EDGE('',*,*,#8044,.T.);
#8090 = ORIENTED_EDGE('',*,*,#7607,.F.);
#8091 = ORIENTED_EDGE('',*,*,#8092,.F.);
#8092 = EDGE_CURVE('',#8093,#7158,#8095,.T.);
#8093 = VERTEX_POINT('',#8094);
#8094 = CARTESIAN_POINT('',(-226.6199967142,-497.4885463678,
    27.141228765021));
#8095 = SURFACE_CURVE('',#8096,(#8100,#8107),.PCURVE_S1.);
#8096 = LINE('',#8097,#8098);
#8097 = CARTESIAN_POINT('',(-721.6199967142,-497.4885463678,
    27.141228765021));
#8098 = VECTOR('',#8099,1.);
#8099 = DIRECTION('',(-1.,1.224646799147E-16,6.728624391668E-17));
#8100 = PCURVE('',#7620,#8101);
#8101 = DEFINITIONAL_REPRESENTATION('',(#8102),#8106);
#8102 = LINE('',#8103,#8104);
#8103 = CARTESIAN_POINT('',(4.000000000001,165.));
#8104 = VECTOR('',#8105,1.);
#8105 = DIRECTION('',(1.008768357388E-16,1.));
#8106 = ( GEOMETRIC_REPRESENTATION_CONTEXT(2) 
PARAMETRIC_REPRESENTATION_CONTEXT() REPRESENTATION_CONTEXT('2D SPACE',''
  ) );
#8107 = PCURVE('',#7838,#8108);
#8108 = DEFINITIONAL_REPRESENTATION('',(#8109),#8113);
#8109 = LINE('',#8110,#8111);
#8110 = CARTESIAN_POINT('',(165.,9.999999999999));
#8111 = VECTOR('',#8112,1.);
#8112 = DIRECTION('',(-1.,-5.783360729246E-32));
#8113 = ( GEOMETRIC_REPRESENTATION_CONTEXT(2) 
PARAMETRIC_REPRESENTATION_CONTEXT() REPRESENTATION_CONTEXT('2D SPACE',''
  ) );
#8114 = ORIENTED_EDGE('',*,*,#8115,.T.);
#8115 = EDGE_CURVE('',#8093,#8116,#8118,.T.);
#8116 = VERTEX_POINT('',#8117);
#8117 = CARTESIAN_POINT('',(-226.6199967142,-505.2159529781,
    29.211781125841));
#8118 = SURFACE_CURVE('',#8119,(#8123,#8130),.PCURVE_S1.);
#8119 = LINE('',#8120,#8121);
#8120 = CARTESIAN_POINT('',(-226.6199967142,-487.8292881049,
    24.553038313995));
#8121 = VECTOR('',#8122,1.);
#8122 = DIRECTION('',(-1.008768357388E-16,-0.965925826289,0.258819045103
    ));
#8123 = PCURVE('',#7620,#8124);
#8124 = DEFINITIONAL_REPRESENTATION('',(#8125),#8129);
#8125 = LINE('',#8126,#8127);
#8126 = CARTESIAN_POINT('',(14.,-330.));
#8127 = VECTOR('',#8128,1.);
#8128 = DIRECTION('',(-1.,1.008768357388E-16));
#8129 = ( GEOMETRIC_REPRESENTATION_CONTEXT(2) 
PARAMETRIC_REPRESENTATION_CONTEXT() REPRESENTATION_CONTEXT('2D SPACE',''
  ) );
#8130 = PCURVE('',#7838,#8131);
#8131 = DEFINITIONAL_REPRESENTATION('',(#8132),#8136);
#8132 = LINE('',#8133,#8134);
#8133 = CARTESIAN_POINT('',(660.,-8.404940086315E-14));
#8134 = VECTOR('',#8135,1.);
#8135 = DIRECTION('',(-8.574770054038E-31,1.));
#8136 = ( GEOMETRIC_REPRESENTATION_CONTEXT(2) 
PARAMETRIC_REPRESENTATION_CONTEXT() REPRESENTATION_CONTEXT('2D SPACE',''
  ) );
#8137 = ORIENTED_EDGE('',*,*,#8138,.F.);
#8138 = EDGE_CURVE('',#7800,#8116,#8139,.T.);
#8139 = SURFACE_CURVE('',#8140,(#8144,#8151),.PCURVE_S1.);
#8140 = LINE('',#8141,#8142);
#8141 = CARTESIAN_POINT('',(-721.6199967142,-505.2159529781,
    29.211781125841));
#8142 = VECTOR('',#8143,1.);
#8143 = DIRECTION('',(1.,-1.224646799147E-16,-6.728624391668E-17));
#8144 = PCURVE('',#7620,#8145);
#8145 = DEFINITIONAL_REPRESENTATION('',(#8146),#8150);
#8146 = LINE('',#8147,#8148);
#8147 = CARTESIAN_POINT('',(-4.,165.));
#8148 = VECTOR('',#8149,1.);
#8149 = DIRECTION('',(-1.008768357388E-16,-1.));
#8150 = ( GEOMETRIC_REPRESENTATION_CONTEXT(2) 
PARAMETRIC_REPRESENTATION_CONTEXT() REPRESENTATION_CONTEXT('2D SPACE',''
  ) );
#8151 = PCURVE('',#7838,#8152);
#8152 = DEFINITIONAL_REPRESENTATION('',(#8153),#8157);
#8153 = LINE('',#8154,#8155);
#8154 = CARTESIAN_POINT('',(165.,18.));
#8155 = VECTOR('',#8156,1.);
#8156 = DIRECTION('',(1.,5.783360729246E-32));
#8157 = ( GEOMETRIC_REPRESENTATION_CONTEXT(2) 
PARAMETRIC_REPRESENTATION_CONTEXT() REPRESENTATION_CONTEXT('2D SPACE',''
  ) );
#8158 = ORIENTED_EDGE('',*,*,#8159,.F.);
#8159 = EDGE_CURVE('',#8160,#7800,#8162,.T.);
#8160 = VERTEX_POINT('',#8161);
#8161 = CARTESIAN_POINT('',(-234.6199967142,-513.2159529781,
    31.35537466529));
#8162 = SURFACE_CURVE('',#8163,(#8167,#8173),.PCURVE_S1.);
#8163 = LINE('',#8164,#8165);
#8164 = CARTESIAN_POINT('',(-234.6199967142,-505.757333088,
    29.356843489084));
#8165 = VECTOR('',#8166,1.);
#8166 = DIRECTION('',(-0.,0.965925826289,-0.258819045103));
#8167 = PCURVE('',#7620,#8168);
#8168 = DEFINITIONAL_REPRESENTATION('',(#8169),#8172);
#8169 = B_SPLINE_CURVE_WITH_KNOTS('',1,(#8170,#8171),.UNSPECIFIED.,.F.,
  .F.,(2,2),(-7.721731510965,33.723486498756),.PIECEWISE_BEZIER_KNOTS.);
#8170 = CARTESIAN_POINT('',(-12.28220944328,-322.));
#8171 = CARTESIAN_POINT('',(29.163008566442,-322.));
#8172 = ( GEOMETRIC_REPRESENTATION_CONTEXT(2) 
PARAMETRIC_REPRESENTATION_CONTEXT() REPRESENTATION_CONTEXT('2D SPACE',''
  ) );
#8173 = PCURVE('',#7913,#8174);
#8174 = DEFINITIONAL_REPRESENTATION('',(#8175),#8178);
#8175 = B_SPLINE_CURVE_WITH_KNOTS('',1,(#8176,#8177),.UNSPECIFIED.,.F.,
  .F.,(2,2),(-7.721731510965,33.723486498756),.PIECEWISE_BEZIER_KNOTS.);
#8176 = CARTESIAN_POINT('',(12.214145900269,5.530865296536E-17));
#8177 = CARTESIAN_POINT('',(1.487334150927,-40.03300645177));
#8178 = ( GEOMETRIC_REPRESENTATION_CONTEXT(2) 
PARAMETRIC_REPRESENTATION_CONTEXT() REPRESENTATION_CONTEXT('2D SPACE',''
  ) );
#8179 = ORIENTED_EDGE('',*,*,#8180,.F.);
#8180 = EDGE_CURVE('',#8068,#8160,#8181,.T.);
#8181 = SURFACE_CURVE('',#8182,(#8186,#8192),.PCURVE_S1.);
#8182 = LINE('',#8183,#8184);
#8183 = CARTESIAN_POINT('',(-395.6199967142,-513.2159529781,
    31.35537466529));
#8184 = VECTOR('',#8185,1.);
#8185 = DIRECTION('',(-1.,-0.,0.));
#8186 = PCURVE('',#7620,#8187);
#8187 = DEFINITIONAL_REPRESENTATION('',(#8188),#8191);
#8188 = B_SPLINE_CURVE_WITH_KNOTS('',1,(#8189,#8190),.UNSPECIFIED.,.F.,
  .F.,(2,2),(-232.,-161.),.PIECEWISE_BEZIER_KNOTS.);
#8189 = CARTESIAN_POINT('',(-12.28220944328,-393.));
#8190 = CARTESIAN_POINT('',(-12.28220944328,-322.));
#8191 = ( GEOMETRIC_REPRESENTATION_CONTEXT(2) 
PARAMETRIC_REPRESENTATION_CONTEXT() REPRESENTATION_CONTEXT('2D SPACE',''
  ) );
#8192 = PCURVE('',#8193,#8198);
#8193 = PLANE('',#8194);
#8194 = AXIS2_PLACEMENT_3D('',#8195,#8196,#8197);
#8195 = CARTESIAN_POINT('',(-234.6199967142,-513.2159529781,
    19.141228765021));
#8196 = DIRECTION('',(-0.,1.,0.));
#8197 = DIRECTION('',(0.,0.,1.));
#8198 = DEFINITIONAL_REPRESENTATION('',(#8199),#8202);
#8199 = B_SPLINE_CURVE_WITH_KNOTS('',1,(#8200,#8201),.UNSPECIFIED.,.F.,
  .F.,(2,2),(-232.,-161.),.PIECEWISE_BEZIER_KNOTS.);
#8200 = CARTESIAN_POINT('',(12.214145900269,71.));
#8201 = CARTESIAN_POINT('',(12.214145900269,0.));
#8202 = ( GEOMETRIC_REPRESENTATION_CONTEXT(2) 
PARAMETRIC_REPRESENTATION_CONTEXT() REPRESENTATION_CONTEXT('2D SPACE',''
  ) );
#8203 = ADVANCED_FACE('',(#8204),#7595,.F.);
#8204 = FACE_BOUND('',#8205,.F.);
#8205 = EDGE_LOOP('',(#8206,#8207,#8235,#8254,#8255,#8256));
#8206 = ORIENTED_EDGE('',*,*,#8067,.T.);
#8207 = ORIENTED_EDGE('',*,*,#8208,.T.);
#8208 = EDGE_CURVE('',#8068,#8209,#8211,.T.);
#8209 = VERTEX_POINT('',#8210);
#8210 = CARTESIAN_POINT('',(-234.6199967142,-513.2159529781,
    36.14227926604));
#8211 = SURFACE_CURVE('',#8212,(#8217,#8228),.PCURVE_S1.);
#8212 = ELLIPSE('',#8213,51.763809020504,50.);
#8213 = AXIS2_PLACEMENT_3D('',#8214,#8215,#8216);
#8214 = CARTESIAN_POINT('',(-213.6199967142,-513.2159529781,
    83.119183685794));
#8215 = DIRECTION('',(-0.,1.,0.));
#8216 = DIRECTION('',(-3.897581636578E-16,-0.,1.));
#8217 = PCURVE('',#7595,#8218);
#8218 = DEFINITIONAL_REPRESENTATION('',(#8219),#8227);
#8219 = B_SPLINE_CURVE_WITH_KNOTS('',6,(#8220,#8221,#8222,#8223,#8224,
    #8225,#8226),.UNSPECIFIED.,.F.,.F.,(7,7),(3.14159265359,
    3.757868340827),.PIECEWISE_BEZIER_KNOTS.);
#8220 = CARTESIAN_POINT('',(6.28318530718,237.26065237768));
#8221 = CARTESIAN_POINT('',(6.18047269264,237.26065237768));
#8222 = CARTESIAN_POINT('',(6.077760078101,237.43026216307));
#8223 = CARTESIAN_POINT('',(5.975047463561,237.76948273994));
#8224 = CARTESIAN_POINT('',(5.872334849021,238.27294266324));
#8225 = CARTESIAN_POINT('',(5.769622234482,238.92991348026));
#8226 = CARTESIAN_POINT('',(5.666909619942,239.72529240548));
#8227 = ( GEOMETRIC_REPRESENTATION_CONTEXT(2) 
PARAMETRIC_REPRESENTATION_CONTEXT() REPRESENTATION_CONTEXT('2D SPACE',''
  ) );
#8228 = PCURVE('',#8193,#8229);
#8229 = DEFINITIONAL_REPRESENTATION('',(#8230),#8234);
#8230 = ELLIPSE('',#8231,51.763809020504,50.);
#8231 = AXIS2_PLACEMENT_2D('',#8232,#8233);
#8232 = CARTESIAN_POINT('',(63.977954920773,21.));
#8233 = DIRECTION('',(1.,-3.897581636578E-16));
#8234 = ( GEOMETRIC_REPRESENTATION_CONTEXT(2) 
PARAMETRIC_REPRESENTATION_CONTEXT() REPRESENTATION_CONTEXT('2D SPACE',''
  ) );
#8235 = ORIENTED_EDGE('',*,*,#8236,.F.);
#8236 = EDGE_CURVE('',#7637,#8209,#8237,.T.);
#8237 = SURFACE_CURVE('',#8238,(#8242,#8248),.PCURVE_S1.);
#8238 = LINE('',#8239,#8240);
#8239 = CARTESIAN_POINT('',(-234.6199967142,-282.8430351341,
    -25.58595802825));
#8240 = VECTOR('',#8241,1.);
#8241 = DIRECTION('',(-1.008768357388E-16,-0.965925826289,0.258819045103
    ));
#8242 = PCURVE('',#7595,#8243);
#8243 = DEFINITIONAL_REPRESENTATION('',(#8244),#8247);
#8244 = B_SPLINE_CURVE_WITH_KNOTS('',1,(#8245,#8246),.UNSPECIFIED.,.F.,
  .F.,(2,2),(192.90985464475,242.64411625641),.PIECEWISE_BEZIER_KNOTS.);
#8245 = CARTESIAN_POINT('',(5.84973998711,192.90985464475));
#8246 = CARTESIAN_POINT('',(5.84973998711,242.64411625641));
#8247 = ( GEOMETRIC_REPRESENTATION_CONTEXT(2) 
PARAMETRIC_REPRESENTATION_CONTEXT() REPRESENTATION_CONTEXT('2D SPACE',''
  ) );
#8248 = PCURVE('',#7913,#8249);
#8249 = DEFINITIONAL_REPRESENTATION('',(#8250),#8253);
#8250 = B_SPLINE_CURVE_WITH_KNOTS('',1,(#8251,#8252),.UNSPECIFIED.,.F.,
  .F.,(2,2),(192.90985464475,242.64411625641),.PIECEWISE_BEZIER_KNOTS.);
#8251 = CARTESIAN_POINT('',(5.201557576743,-44.03630709694));
#8252 = CARTESIAN_POINT('',(18.073731675953,4.003300645177));
#8253 = ( GEOMETRIC_REPRESENTATION_CONTEXT(2) 
PARAMETRIC_REPRESENTATION_CONTEXT() REPRESENTATION_CONTEXT('2D SPACE',''
  ) );
#8254 = ORIENTED_EDGE('',*,*,#7657,.F.);
#8255 = ORIENTED_EDGE('',*,*,#7582,.F.);
#8256 = ORIENTED_EDGE('',*,*,#8016,.F.);
#8257 = ADVANCED_FACE('',(#8258),#7838,.T.);
#8258 = FACE_BOUND('',#8259,.T.);
#8259 = EDGE_LOOP('',(#8260,#8261,#8262,#8263));
#8260 = ORIENTED_EDGE('',*,*,#8138,.F.);
#8261 = ORIENTED_EDGE('',*,*,#7824,.T.);
#8262 = ORIENTED_EDGE('',*,*,#8092,.F.);
#8263 = ORIENTED_EDGE('',*,*,#8115,.T.);
#8264 = ADVANCED_FACE('',(#8265),#7913,.F.);
#8265 = FACE_BOUND('',#8266,.F.);
#8266 = EDGE_LOOP('',(#8267,#8288,#8289,#8290,#8291));
#8267 = ORIENTED_EDGE('',*,*,#8268,.F.);
#8268 = EDGE_CURVE('',#8160,#8209,#8269,.T.);
#8269 = SURFACE_CURVE('',#8270,(#8274,#8281),.PCURVE_S1.);
#8270 = LINE('',#8271,#8272);
#8271 = CARTESIAN_POINT('',(-234.6199967142,-513.2159529781,
    19.141228765021));
#8272 = VECTOR('',#8273,1.);
#8273 = DIRECTION('',(0.,0.,1.));
#8274 = PCURVE('',#7913,#8275);
#8275 = DEFINITIONAL_REPRESENTATION('',(#8276),#8280);
#8276 = LINE('',#8277,#8278);
#8277 = CARTESIAN_POINT('',(0.,0.));
#8278 = VECTOR('',#8279,1.);
#8279 = DIRECTION('',(1.,0.));
#8280 = ( GEOMETRIC_REPRESENTATION_CONTEXT(2) 
PARAMETRIC_REPRESENTATION_CONTEXT() REPRESENTATION_CONTEXT('2D SPACE',''
  ) );
#8281 = PCURVE('',#8193,#8282);
#8282 = DEFINITIONAL_REPRESENTATION('',(#8283),#8287);
#8283 = LINE('',#8284,#8285);
#8284 = CARTESIAN_POINT('',(0.,0.));
#8285 = VECTOR('',#8286,1.);
#8286 = DIRECTION('',(1.,0.));
#8287 = ( GEOMETRIC_REPRESENTATION_CONTEXT(2) 
PARAMETRIC_REPRESENTATION_CONTEXT() REPRESENTATION_CONTEXT('2D SPACE',''
  ) );
#8288 = ORIENTED_EDGE('',*,*,#8159,.T.);
#8289 = ORIENTED_EDGE('',*,*,#7929,.F.);
#8290 = ORIENTED_EDGE('',*,*,#7900,.F.);
#8291 = ORIENTED_EDGE('',*,*,#8236,.T.);
#8292 = ADVANCED_FACE('',(#8293),#8193,.F.);
#8293 = FACE_BOUND('',#8294,.F.);
#8294 = EDGE_LOOP('',(#8295,#8296,#8297));
#8295 = ORIENTED_EDGE('',*,*,#8208,.F.);
#8296 = ORIENTED_EDGE('',*,*,#8180,.T.);
#8297 = ORIENTED_EDGE('',*,*,#8268,.T.);
#8298 = ( GEOMETRIC_REPRESENTATION_CONTEXT(3) 
GLOBAL_UNCERTAINTY_ASSIGNED_CONTEXT((#8302)) 
GLOBAL_UNIT_ASSIGNED_CONTEXT((#8299,#8300,#8301)) REPRESENTATION_CONTEXT
('Context #1','3D Context with UNIT and UNCERTAINTY') );
#8299 = ( LENGTH_UNIT() NAMED_UNIT(*) SI_UNIT(.MILLI.,.METRE.) );
#8300 = ( NAMED_UNIT(*) PLANE_ANGLE_UNIT() SI_UNIT($,.RADIAN.) );
#8301 = ( NAMED_UNIT(*) SI_UNIT($,.STERADIAN.) SOLID_ANGLE_UNIT() );
#8302 = UNCERTAINTY_MEASURE_WITH_UNIT(LENGTH_MEASURE(2.E-07),#8299,
  'distance_accuracy_value','confusion accuracy');
#8303 = CONTEXT_DEPENDENT_SHAPE_REPRESENTATION(#8304,#8306);
#8304 = ( REPRESENTATION_RELATIONSHIP('','',#6729,#10) 
REPRESENTATION_RELATIONSHIP_WITH_TRANSFORMATION(#8305) 
SHAPE_REPRESENTATION_RELATIONSHIP() );
#8305 = ITEM_DEFINED_TRANSFORMATION('','',#11,#39);
#8306 = PRODUCT_DEFINITION_SHAPE('Placement','Placement of an item',
  #8307);
#8307 = NEXT_ASSEMBLY_USAGE_OCCURRENCE('7','','',#5,#6724,$);
#8308 = PRODUCT_RELATED_PRODUCT_CATEGORY('part',$,(#6726));
#8309 = SHAPE_DEFINITION_REPRESENTATION(#8310,#8316);
#8310 = PRODUCT_DEFINITION_SHAPE('','',#8311);
#8311 = PRODUCT_DEFINITION('design','',#8312,#8315);
#8312 = PRODUCT_DEFINITION_FORMATION('','',#8313);
#8313 = PRODUCT('Open CASCADE STEP translator 7.9 1.8',
  'Open CASCADE STEP translator 7.9 1.8','',(#8314));
#8314 = PRODUCT_CONTEXT('',#2,'mechanical');
#8315 = PRODUCT_DEFINITION_CONTEXT('part definition',#2,'design');
#8316 = ADVANCED_BREP_SHAPE_REPRESENTATION('',(#11,#8317),#8581);
#8317 = MANIFOLD_SOLID_BREP('',#8318);
#8318 = CLOSED_SHELL('',(#8319,#8419,#8505,#8550,#8575));
#8319 = ADVANCED_FACE('',(#8320),#8335,.T.);
#8320 = FACE_BOUND('',#8321,.T.);
#8321 = EDGE_LOOP('',(#8322,#8369,#8395));
#8322 = ORIENTED_EDGE('',*,*,#8323,.F.);
#8323 = EDGE_CURVE('',#8324,#8326,#8328,.T.);
#8324 = VERTEX_POINT('',#8325);
#8325 = CARTESIAN_POINT('',(-163.6199967142,-473.1829465263,
    72.392371936462));
#8326 = VERTEX_POINT('',#8327);
#8327 = CARTESIAN_POINT('',(-213.6199967142,-473.1829465263,
    20.628562915948));
#8328 = SURFACE_CURVE('',#8329,(#8334,#8346),.PCURVE_S1.);
#8329 = ELLIPSE('',#8330,51.763809020504,50.);
#8330 = AXIS2_PLACEMENT_3D('',#8331,#8332,#8333);
#8331 = CARTESIAN_POINT('',(-213.6199967142,-473.1829465263,
    72.392371936452));
#8332 = DIRECTION('',(-0.,1.,0.));
#8333 = DIRECTION('',(-3.897581636578E-16,-0.,1.));
#8334 = PCURVE('',#8335,#8340);
#8335 = PLANE('',#8336);
#8336 = AXIS2_PLACEMENT_3D('',#8337,#8338,#8339);
#8337 = CARTESIAN_POINT('',(-234.6199967142,-473.1829465263,
    19.141228765021));
#8338 = DIRECTION('',(-0.,1.,0.));
#8339 = DIRECTION('',(0.,0.,1.));
#8340 = DEFINITIONAL_REPRESENTATION('',(#8341),#8345);
#8341 = ELLIPSE('',#8342,51.763809020504,50.);
#8342 = AXIS2_PLACEMENT_2D('',#8343,#8344);
#8343 = CARTESIAN_POINT('',(53.251143171431,21.));
#8344 = DIRECTION('',(1.,-3.897581636578E-16));
#8345 = ( GEOMETRIC_REPRESENTATION_CONTEXT(2) 
PARAMETRIC_REPRESENTATION_CONTEXT() REPRESENTATION_CONTEXT('2D SPACE',''
  ) );
#8346 = PCURVE('',#8347,#8352);
#8347 = CYLINDRICAL_SURFACE('',#8348,50.);
#8348 = AXIS2_PLACEMENT_3D('',#8349,#8350,#8351);
#8349 = CARTESIAN_POINT('',(-213.6199967142,-271.0988090292,
    18.24409049095));
#8350 = DIRECTION('',(-1.008768357388E-16,-0.965925826289,0.258819045103
    ));
#8351 = DIRECTION('',(-8.06002386259E-34,-0.258819045103,-0.965925826289
    ));
#8352 = DEFINITIONAL_REPRESENTATION('',(#8353),#8368);
#8353 = B_SPLINE_CURVE_WITH_KNOTS('',7,(#8354,#8355,#8356,#8357,#8358,
    #8359,#8360,#8361,#8362,#8363,#8364,#8365,#8366,#8367),
  .UNSPECIFIED.,.F.,.F.,(8,6,8),(0.865278131147,2.003435392368,
    3.14159265359),.UNSPECIFIED.);
#8354 = CARTESIAN_POINT('',(2.276314522443,217.90018738042));
#8355 = CARTESIAN_POINT('',(2.113720627983,216.24186629043));
#8356 = CARTESIAN_POINT('',(1.951126733523,214.3156035953));
#8357 = CARTESIAN_POINT('',(1.788532839063,212.19300793481));
#8358 = CARTESIAN_POINT('',(1.625938944602,209.96303042639));
#8359 = CARTESIAN_POINT('',(1.463345050142,207.7242894966));
#8360 = CARTESIAN_POINT('',(1.300751155682,205.57340335764));
#8361 = CARTESIAN_POINT('',(0.975563366761,201.61812791379));
#8362 = CARTESIAN_POINT('',(0.812969472301,199.81373989583));
#8363 = CARTESIAN_POINT('',(0.650375577841,198.26798678682));
#8364 = CARTESIAN_POINT('',(0.487781683381,197.05507765682));
#8365 = CARTESIAN_POINT('',(0.32518778892,196.22865214512));
#8366 = CARTESIAN_POINT('',(0.16259389446,195.81543436796));
#8367 = CARTESIAN_POINT('',(0.,195.81543436796));
#8368 = ( GEOMETRIC_REPRESENTATION_CONTEXT(2) 
PARAMETRIC_REPRESENTATION_CONTEXT() REPRESENTATION_CONTEXT('2D SPACE',''
  ) );
#8369 = ORIENTED_EDGE('',*,*,#8370,.T.);
#8370 = EDGE_CURVE('',#8324,#8371,#8373,.T.);
#8371 = VERTEX_POINT('',#8372);
#8372 = CARTESIAN_POINT('',(-163.6199967142,-473.1829465263,
    20.628562915948));
#8373 = SURFACE_CURVE('',#8374,(#8378,#8384),.PCURVE_S1.);
#8374 = LINE('',#8375,#8376);
#8375 = CARTESIAN_POINT('',(-163.6199967142,-473.1829465263,
    165.16700040657));
#8376 = VECTOR('',#8377,1.);
#8377 = DIRECTION('',(0.,0.,-1.));
#8378 = PCURVE('',#8335,#8379);
#8379 = DEFINITIONAL_REPRESENTATION('',(#8380),#8383);
#8380 = B_SPLINE_CURVE_WITH_KNOTS('',1,(#8381,#8382),.UNSPECIFIED.,.F.,
  .F.,(2,2),(67.101892224522,146.02577164155),.PIECEWISE_BEZIER_KNOTS.);
#8381 = CARTESIAN_POINT('',(78.923879417032,71.));
#8382 = CARTESIAN_POINT('',(0.,71.));
#8383 = ( GEOMETRIC_REPRESENTATION_CONTEXT(2) 
PARAMETRIC_REPRESENTATION_CONTEXT() REPRESENTATION_CONTEXT('2D SPACE',''
  ) );
#8384 = PCURVE('',#8385,#8390);
#8385 = PLANE('',#8386);
#8386 = AXIS2_PLACEMENT_3D('',#8387,#8388,#8389);
#8387 = CARTESIAN_POINT('',(-163.6199967142,-425.5182694579,
    311.19277204812));
#8388 = DIRECTION('',(-1.,-0.,-0.));
#8389 = DIRECTION('',(0.,0.,-1.));
#8390 = DEFINITIONAL_REPRESENTATION('',(#8391),#8394);
#8391 = B_SPLINE_CURVE_WITH_KNOTS('',1,(#8392,#8393),.UNSPECIFIED.,.F.,
  .F.,(2,2),(67.101892224522,146.02577164155),.PIECEWISE_BEZIER_KNOTS.);
#8392 = CARTESIAN_POINT('',(213.12766386607,47.664677068424));
#8393 = CARTESIAN_POINT('',(292.0515432831,47.664677068424));
#8394 = ( GEOMETRIC_REPRESENTATION_CONTEXT(2) 
PARAMETRIC_REPRESENTATION_CONTEXT() REPRESENTATION_CONTEXT('2D SPACE',''
  ) );
#8395 = ORIENTED_EDGE('',*,*,#8396,.T.);
#8396 = EDGE_CURVE('',#8371,#8326,#8397,.T.);
#8397 = SURFACE_CURVE('',#8398,(#8402,#8408),.PCURVE_S1.);
#8398 = LINE('',#8399,#8400);
#8399 = CARTESIAN_POINT('',(-395.6199967142,-473.1829465263,
    20.628562915948));
#8400 = VECTOR('',#8401,1.);
#8401 = DIRECTION('',(-1.,-0.,0.));
#8402 = PCURVE('',#8335,#8403);
#8403 = DEFINITIONAL_REPRESENTATION('',(#8404),#8407);
#8404 = B_SPLINE_CURVE_WITH_KNOTS('',1,(#8405,#8406),.UNSPECIFIED.,.F.,
  .F.,(2,2),(-232.,-161.),.PIECEWISE_BEZIER_KNOTS.);
#8405 = CARTESIAN_POINT('',(1.487334150927,71.));
#8406 = CARTESIAN_POINT('',(1.487334150927,0.));
#8407 = ( GEOMETRIC_REPRESENTATION_CONTEXT(2) 
PARAMETRIC_REPRESENTATION_CONTEXT() REPRESENTATION_CONTEXT('2D SPACE',''
  ) );
#8408 = PCURVE('',#8409,#8414);
#8409 = PLANE('',#8410);
#8410 = AXIS2_PLACEMENT_3D('',#8411,#8412,#8413);
#8411 = CARTESIAN_POINT('',(-556.6199967142,-501.3522496729,
    28.176504945431));
#8412 = DIRECTION('',(0.,0.258819045103,0.965925826289));
#8413 = DIRECTION('',(0.,0.965925826289,-0.258819045103));
#8414 = DEFINITIONAL_REPRESENTATION('',(#8415),#8418);
#8415 = B_SPLINE_CURVE_WITH_KNOTS('',1,(#8416,#8417),.UNSPECIFIED.,.F.,
  .F.,(2,2),(-232.,-161.),.PIECEWISE_BEZIER_KNOTS.);
#8416 = CARTESIAN_POINT('',(29.163008566442,-393.));
#8417 = CARTESIAN_POINT('',(29.163008566442,-322.));
#8418 = ( GEOMETRIC_REPRESENTATION_CONTEXT(2) 
PARAMETRIC_REPRESENTATION_CONTEXT() REPRESENTATION_CONTEXT('2D SPACE',''
  ) );
#8419 = ADVANCED_FACE('',(#8420),#8347,.F.);
#8420 = FACE_BOUND('',#8421,.F.);
#8421 = EDGE_LOOP('',(#8422,#8443,#8483,#8504));
#8422 = ORIENTED_EDGE('',*,*,#8423,.T.);
#8423 = EDGE_CURVE('',#8324,#8424,#8426,.T.);
#8424 = VERTEX_POINT('',#8425);
#8425 = CARTESIAN_POINT('',(-163.6199967142,-513.2159529781,
    83.119183685796));
#8426 = SURFACE_CURVE('',#8427,(#8431,#8437),.PCURVE_S1.);
#8427 = LINE('',#8428,#8429);
#8428 = CARTESIAN_POINT('',(-163.6199967142,-271.0988090292,
    18.24409049095));
#8429 = VECTOR('',#8430,1.);
#8430 = DIRECTION('',(-1.008768357388E-16,-0.965925826289,0.258819045103
    ));
#8431 = PCURVE('',#8347,#8432);
#8432 = DEFINITIONAL_REPRESENTATION('',(#8433),#8436);
#8433 = B_SPLINE_CURVE_WITH_KNOTS('',1,(#8434,#8435),.UNSPECIFIED.,.F.,
  .F.,(2,2),(205.06837218854,254.5264025061),.PIECEWISE_BEZIER_KNOTS.);
#8434 = CARTESIAN_POINT('',(1.570796326795,205.06837218854));
#8435 = CARTESIAN_POINT('',(1.570796326795,254.5264025061));
#8436 = ( GEOMETRIC_REPRESENTATION_CONTEXT(2) 
PARAMETRIC_REPRESENTATION_CONTEXT() REPRESENTATION_CONTEXT('2D SPACE',''
  ) );
#8437 = PCURVE('',#8385,#8438);
#8438 = DEFINITIONAL_REPRESENTATION('',(#8439),#8442);
#8439 = B_SPLINE_CURVE_WITH_KNOTS('',1,(#8440,#8441),.UNSPECIFIED.,.F.,
  .F.,(2,2),(205.06837218854,254.5264025061),.PIECEWISE_BEZIER_KNOTS.);
#8440 = CARTESIAN_POINT('',(239.87308128661,43.661376423247));
#8441 = CARTESIAN_POINT('',(227.07240110716,91.434165224363));
#8442 = ( GEOMETRIC_REPRESENTATION_CONTEXT(2) 
PARAMETRIC_REPRESENTATION_CONTEXT() REPRESENTATION_CONTEXT('2D SPACE',''
  ) );
#8443 = ORIENTED_EDGE('',*,*,#8444,.T.);
#8444 = EDGE_CURVE('',#8424,#8445,#8447,.T.);
#8445 = VERTEX_POINT('',#8446);
#8446 = CARTESIAN_POINT('',(-213.6199967142,-513.2159529781,
    31.35537466529));
#8447 = SURFACE_CURVE('',#8448,(#8453,#8471),.PCURVE_S1.);
#8448 = ELLIPSE('',#8449,51.763809020504,50.);
#8449 = AXIS2_PLACEMENT_3D('',#8450,#8451,#8452);
#8450 = CARTESIAN_POINT('',(-213.6199967142,-513.2159529781,
    83.119183685794));
#8451 = DIRECTION('',(-0.,1.,0.));
#8452 = DIRECTION('',(-3.897581636578E-16,-0.,1.));
#8453 = PCURVE('',#8347,#8454);
#8454 = DEFINITIONAL_REPRESENTATION('',(#8455),#8470);
#8455 = B_SPLINE_CURVE_WITH_KNOTS('',7,(#8456,#8457,#8458,#8459,#8460,
    #8461,#8462,#8463,#8464,#8465,#8466,#8467,#8468,#8469),
  .UNSPECIFIED.,.F.,.F.,(8,6,8),(1.113858327975,2.127725490783,
    3.14159265359),.UNSPECIFIED.);
#8456 = CARTESIAN_POINT('',(2.027734325614,256.56910221618));
#8457 = CARTESIAN_POINT('',(1.882896159499,254.82771541476));
#8458 = CARTESIAN_POINT('',(1.738057993384,252.94166042406));
#8459 = CARTESIAN_POINT('',(1.593219827269,250.9706045148));
#8460 = CARTESIAN_POINT('',(1.448381661153,248.98164991492));
#8461 = CARTESIAN_POINT('',(1.303543495038,247.04422693996));
#8462 = CARTESIAN_POINT('',(1.158705328923,245.2236822261));
#8463 = CARTESIAN_POINT('',(0.869028996692,241.92923202102));
#8464 = CARTESIAN_POINT('',(0.724190830577,240.4553269599));
#8465 = CARTESIAN_POINT('',(0.579352664461,239.21117894511));
#8466 = CARTESIAN_POINT('',(0.434514498346,238.24433587269));
#8467 = CARTESIAN_POINT('',(0.289676332231,237.58854824605));
#8468 = CARTESIAN_POINT('',(0.144838166115,237.26065237768));
#8469 = CARTESIAN_POINT('',(0.,237.26065237768));
#8470 = ( GEOMETRIC_REPRESENTATION_CONTEXT(2) 
PARAMETRIC_REPRESENTATION_CONTEXT() REPRESENTATION_CONTEXT('2D SPACE',''
  ) );
#8471 = PCURVE('',#8472,#8477);
#8472 = PLANE('',#8473);
#8473 = AXIS2_PLACEMENT_3D('',#8474,#8475,#8476);
#8474 = CARTESIAN_POINT('',(-234.6199967142,-513.2159529781,
    19.141228765021));
#8475 = DIRECTION('',(-0.,1.,0.));
#8476 = DIRECTION('',(0.,0.,1.));
#8477 = DEFINITIONAL_REPRESENTATION('',(#8478),#8482);
#8478 = ELLIPSE('',#8479,51.763809020504,50.);
#8479 = AXIS2_PLACEMENT_2D('',#8480,#8481);
#8480 = CARTESIAN_POINT('',(63.977954920773,21.));
#8481 = DIRECTION('',(1.,-3.897581636578E-16));
#8482 = ( GEOMETRIC_REPRESENTATION_CONTEXT(2) 
PARAMETRIC_REPRESENTATION_CONTEXT() REPRESENTATION_CONTEXT('2D SPACE',''
  ) );
#8483 = ORIENTED_EDGE('',*,*,#8484,.F.);
#8484 = EDGE_CURVE('',#8326,#8445,#8485,.T.);
#8485 = SURFACE_CURVE('',#8486,(#8490,#8497),.PCURVE_S1.);
#8486 = LINE('',#8487,#8488);
#8487 = CARTESIAN_POINT('',(-213.6199967142,-284.0397612843,
    -30.0522008235));
#8488 = VECTOR('',#8489,1.);
#8489 = DIRECTION('',(-1.008768357388E-16,-0.965925826289,0.258819045103
    ));
#8490 = PCURVE('',#8347,#8491);
#8491 = DEFINITIONAL_REPRESENTATION('',(#8492),#8496);
#8492 = LINE('',#8493,#8494);
#8493 = CARTESIAN_POINT('',(0.,-0.));
#8494 = VECTOR('',#8495,1.);
#8495 = DIRECTION('',(0.,1.));
#8496 = ( GEOMETRIC_REPRESENTATION_CONTEXT(2) 
PARAMETRIC_REPRESENTATION_CONTEXT() REPRESENTATION_CONTEXT('2D SPACE',''
  ) );
#8497 = PCURVE('',#8409,#8498);
#8498 = DEFINITIONAL_REPRESENTATION('',(#8499),#8503);
#8499 = LINE('',#8500,#8501);
#8500 = CARTESIAN_POINT('',(224.9784429344,-343.));
#8501 = VECTOR('',#8502,1.);
#8502 = DIRECTION('',(-1.,1.008768357388E-16));
#8503 = ( GEOMETRIC_REPRESENTATION_CONTEXT(2) 
PARAMETRIC_REPRESENTATION_CONTEXT() REPRESENTATION_CONTEXT('2D SPACE',''
  ) );
#8504 = ORIENTED_EDGE('',*,*,#8323,.F.);
#8505 = ADVANCED_FACE('',(#8506),#8409,.F.);
#8506 = FACE_BOUND('',#8507,.F.);
#8507 = EDGE_LOOP('',(#8508,#8529,#8530,#8531));
#8508 = ORIENTED_EDGE('',*,*,#8509,.F.);
#8509 = EDGE_CURVE('',#8371,#8510,#8512,.T.);
#8510 = VERTEX_POINT('',#8511);
#8511 = CARTESIAN_POINT('',(-163.6199967142,-513.2159529781,
    31.35537466529));
#8512 = SURFACE_CURVE('',#8513,(#8517,#8523),.PCURVE_S1.);
#8513 = LINE('',#8514,#8515);
#8514 = CARTESIAN_POINT('',(-163.6199967142,-501.3522496729,
    28.176504945431));
#8515 = VECTOR('',#8516,1.);
#8516 = DIRECTION('',(0.,-0.965925826289,0.258819045103));
#8517 = PCURVE('',#8409,#8518);
#8518 = DEFINITIONAL_REPRESENTATION('',(#8519),#8522);
#8519 = B_SPLINE_CURVE_WITH_KNOTS('',1,(#8520,#8521),.UNSPECIFIED.,.F.,
  .F.,(2,2),(-450.,387.36516780221),.PIECEWISE_BEZIER_KNOTS.);
#8520 = CARTESIAN_POINT('',(450.,-393.));
#8521 = CARTESIAN_POINT('',(-387.3651678022,-393.));
#8522 = ( GEOMETRIC_REPRESENTATION_CONTEXT(2) 
PARAMETRIC_REPRESENTATION_CONTEXT() REPRESENTATION_CONTEXT('2D SPACE',''
  ) );
#8523 = PCURVE('',#8385,#8524);
#8524 = DEFINITIONAL_REPRESENTATION('',(#8525),#8528);
#8525 = B_SPLINE_CURVE_WITH_KNOTS('',1,(#8526,#8527),.UNSPECIFIED.,.F.,
  .F.,(2,2),(-450.,387.36516780221),.PIECEWISE_BEZIER_KNOTS.);
#8526 = CARTESIAN_POINT('',(399.48483739883,-358.832641615));
#8527 = CARTESIAN_POINT('',(182.75878426614,450.));
#8528 = ( GEOMETRIC_REPRESENTATION_CONTEXT(2) 
PARAMETRIC_REPRESENTATION_CONTEXT() REPRESENTATION_CONTEXT('2D SPACE',''
  ) );
#8529 = ORIENTED_EDGE('',*,*,#8396,.T.);
#8530 = ORIENTED_EDGE('',*,*,#8484,.T.);
#8531 = ORIENTED_EDGE('',*,*,#8532,.F.);
#8532 = EDGE_CURVE('',#8510,#8445,#8533,.T.);
#8533 = SURFACE_CURVE('',#8534,(#8538,#8544),.PCURVE_S1.);
#8534 = LINE('',#8535,#8536);
#8535 = CARTESIAN_POINT('',(-395.6199967142,-513.2159529781,
    31.35537466529));
#8536 = VECTOR('',#8537,1.);
#8537 = DIRECTION('',(-1.,-0.,0.));
#8538 = PCURVE('',#8409,#8539);
#8539 = DEFINITIONAL_REPRESENTATION('',(#8540),#8543);
#8540 = B_SPLINE_CURVE_WITH_KNOTS('',1,(#8541,#8542),.UNSPECIFIED.,.F.,
  .F.,(2,2),(-232.,-161.),.PIECEWISE_BEZIER_KNOTS.);
#8541 = CARTESIAN_POINT('',(-12.28220944328,-393.));
#8542 = CARTESIAN_POINT('',(-12.28220944328,-322.));
#8543 = ( GEOMETRIC_REPRESENTATION_CONTEXT(2) 
PARAMETRIC_REPRESENTATION_CONTEXT() REPRESENTATION_CONTEXT('2D SPACE',''
  ) );
#8544 = PCURVE('',#8472,#8545);
#8545 = DEFINITIONAL_REPRESENTATION('',(#8546),#8549);
#8546 = B_SPLINE_CURVE_WITH_KNOTS('',1,(#8547,#8548),.UNSPECIFIED.,.F.,
  .F.,(2,2),(-232.,-161.),.PIECEWISE_BEZIER_KNOTS.);
#8547 = CARTESIAN_POINT('',(12.214145900269,71.));
#8548 = CARTESIAN_POINT('',(12.214145900269,0.));
#8549 = ( GEOMETRIC_REPRESENTATION_CONTEXT(2) 
PARAMETRIC_REPRESENTATION_CONTEXT() REPRESENTATION_CONTEXT('2D SPACE',''
  ) );
#8550 = ADVANCED_FACE('',(#8551),#8385,.F.);
#8551 = FACE_BOUND('',#8552,.F.);
#8552 = EDGE_LOOP('',(#8553,#8554,#8555,#8556));
#8553 = ORIENTED_EDGE('',*,*,#8423,.F.);
#8554 = ORIENTED_EDGE('',*,*,#8370,.T.);
#8555 = ORIENTED_EDGE('',*,*,#8509,.T.);
#8556 = ORIENTED_EDGE('',*,*,#8557,.F.);
#8557 = EDGE_CURVE('',#8424,#8510,#8558,.T.);
#8558 = SURFACE_CURVE('',#8559,(#8563,#8569),.PCURVE_S1.);
#8559 = LINE('',#8560,#8561);
#8560 = CARTESIAN_POINT('',(-163.6199967142,-513.2159529781,
    165.16700040657));
#8561 = VECTOR('',#8562,1.);
#8562 = DIRECTION('',(0.,0.,-1.));
#8563 = PCURVE('',#8385,#8564);
#8564 = DEFINITIONAL_REPRESENTATION('',(#8565),#8568);
#8565 = B_SPLINE_CURVE_WITH_KNOTS('',1,(#8566,#8567),.UNSPECIFIED.,.F.,
  .F.,(2,2),(67.101892224522,146.02577164155),.PIECEWISE_BEZIER_KNOTS.);
#8566 = CARTESIAN_POINT('',(213.12766386607,87.697683520195));
#8567 = CARTESIAN_POINT('',(292.0515432831,87.697683520195));
#8568 = ( GEOMETRIC_REPRESENTATION_CONTEXT(2) 
PARAMETRIC_REPRESENTATION_CONTEXT() REPRESENTATION_CONTEXT('2D SPACE',''
  ) );
#8569 = PCURVE('',#8472,#8570);
#8570 = DEFINITIONAL_REPRESENTATION('',(#8571),#8574);
#8571 = B_SPLINE_CURVE_WITH_KNOTS('',1,(#8572,#8573),.UNSPECIFIED.,.F.,
  .F.,(2,2),(67.101892224522,146.02577164155),.PIECEWISE_BEZIER_KNOTS.);
#8572 = CARTESIAN_POINT('',(78.923879417032,71.));
#8573 = CARTESIAN_POINT('',(0.,71.));
#8574 = ( GEOMETRIC_REPRESENTATION_CONTEXT(2) 
PARAMETRIC_REPRESENTATION_CONTEXT() REPRESENTATION_CONTEXT('2D SPACE',''
  ) );
#8575 = ADVANCED_FACE('',(#8576),#8472,.F.);
#8576 = FACE_BOUND('',#8577,.F.);
#8577 = EDGE_LOOP('',(#8578,#8579,#8580));
#8578 = ORIENTED_EDGE('',*,*,#8557,.T.);
#8579 = ORIENTED_EDGE('',*,*,#8532,.T.);
#8580 = ORIENTED_EDGE('',*,*,#8444,.F.);
#8581 = ( GEOMETRIC_REPRESENTATION_CONTEXT(3) 
GLOBAL_UNCERTAINTY_ASSIGNED_CONTEXT((#8585)) 
GLOBAL_UNIT_ASSIGNED_CONTEXT((#8582,#8583,#8584)) REPRESENTATION_CONTEXT
('Context #1','3D Context with UNIT and UNCERTAINTY') );
#8582 = ( LENGTH_UNIT() NAMED_UNIT(*) SI_UNIT(.MILLI.,.METRE.) );
#8583 = ( NAMED_UNIT(*) PLANE_ANGLE_UNIT() SI_UNIT($,.RADIAN.) );
#8584 = ( NAMED_UNIT(*) SI_UNIT($,.STERADIAN.) SOLID_ANGLE_UNIT() );
#8585 = UNCERTAINTY_MEASURE_WITH_UNIT(LENGTH_MEASURE(5.E-07),#8582,
  'distance_accuracy_value','confusion accuracy');
#8586 = CONTEXT_DEPENDENT_SHAPE_REPRESENTATION(#8587,#8589);
#8587 = ( REPRESENTATION_RELATIONSHIP('','',#8316,#10) 
REPRESENTATION_RELATIONSHIP_WITH_TRANSFORMATION(#8588) 
SHAPE_REPRESENTATION_RELATIONSHIP() );
#8588 = ITEM_DEFINED_TRANSFORMATION('','',#11,#43);
#8589 = PRODUCT_DEFINITION_SHAPE('Placement','Placement of an item',
  #8590);
#8590 = NEXT_ASSEMBLY_USAGE_OCCURRENCE('8','','',#5,#8311,$);
#8591 = PRODUCT_RELATED_PRODUCT_CATEGORY('part',$,(#8313));
ENDSEC;
END-ISO-10303-21;
