ISO-10303-21;
HEADER;
FILE_DESCRIPTION(('Open CASCADE Model'),'2;1');
FILE_NAME('Open CASCADE Shape Model','2026-08-17T20:23:07',('Author'),(
    'Open CASCADE'),'Open CASCADE STEP processor 7.9','Open CASCADE 7.9'
  ,'Unknown');
FILE_SCHEMA(('AUTOMOTIVE_DESIGN { 1 0 10303 214 1 1 1 1 }'));
ENDSEC;
DATA;
#1 = APPLICATION_PROTOCOL_DEFINITION('international standard',
  'automotive_design',2000,#2);
#2 = APPLICATION_CONTEXT(
  'core data for automotive mechanical design processes');
#3 = SHAPE_DEFINITION_REPRESENTATION(#4,#10);
#4 = PRODUCT_DEFINITION_SHAPE('','',#5);
#5 = PRODUCT_DEFINITION('design','',#6,#9);
#6 = PRODUCT_DEFINITION_FORMATION('','',#7);
#7 = PRODUCT('Open CASCADE STEP translator 7.9 1',
  'Open CASCADE STEP translator 7.9 1','',(#8));
#8 = PRODUCT_CONTEXT('',#2,'mechanical');
#9 = PRODUCT_DEFINITION_CONTEXT('part definition',#2,'design');
#10 = SHAPE_REPRESENTATION('',(#11,#15,#19),#23);
#11 = AXIS2_PLACEMENT_3D('',#12,#13,#14);
#12 = CARTESIAN_POINT('',(0.,0.,0.));
#13 = DIRECTION('',(0.,0.,1.));
#14 = DIRECTION('',(1.,0.,-0.));
#15 = AXIS2_PLACEMENT_3D('',#16,#17,#18);
#16 = CARTESIAN_POINT('',(0.,0.,0.));
#17 = DIRECTION('',(0.,0.,1.));
#18 = DIRECTION('',(1.,0.,-0.));
#19 = AXIS2_PLACEMENT_3D('',#20,#21,#22);
#20 = CARTESIAN_POINT('',(0.,0.,0.));
#21 = DIRECTION('',(0.,0.,1.));
#22 = DIRECTION('',(1.,0.,-0.));
#23 = ( GEOMETRIC_REPRESENTATION_CONTEXT(3) 
GLOBAL_UNCERTAINTY_ASSIGNED_CONTEXT((#27)) GLOBAL_UNIT_ASSIGNED_CONTEXT(
(#24,#25,#26)) REPRESENTATION_CONTEXT('Context #1',
  '3D Context with UNIT and UNCERTAINTY') );
#24 = ( LENGTH_UNIT() NAMED_UNIT(*) SI_UNIT(.MILLI.,.METRE.) );
#25 = ( NAMED_UNIT(*) PLANE_ANGLE_UNIT() SI_UNIT($,.RADIAN.) );
#26 = ( NAMED_UNIT(*) SI_UNIT($,.STERADIAN.) SOLID_ANGLE_UNIT() );
#27 = UNCERTAINTY_MEASURE_WITH_UNIT(LENGTH_MEASURE(1.E-05),#24,
  'distance_accuracy_value','confusion accuracy');
#28 = PRODUCT_RELATED_PRODUCT_CATEGORY('part',$,(#7));
#29 = SHAPE_DEFINITION_REPRESENTATION(#30,#36);
#30 = PRODUCT_DEFINITION_SHAPE('','',#31);
#31 = PRODUCT_DEFINITION('design','',#32,#35);
#32 = PRODUCT_DEFINITION_FORMATION('','',#33);
#33 = PRODUCT('Open CASCADE STEP translator 7.9 1.1',
  'Open CASCADE STEP translator 7.9 1.1','',(#34));
#34 = PRODUCT_CONTEXT('',#2,'mechanical');
#35 = PRODUCT_DEFINITION_CONTEXT('part definition',#2,'design');
#36 = ADVANCED_BREP_SHAPE_REPRESENTATION('',(#11,#37),#11151);
#37 = MANIFOLD_SOLID_BREP('',#38);
#38 = CLOSED_SHELL('',(#39,#161,#249,#330,#413,#787,#842,#897,#980,#1035
    ,#1085,#1237,#2159,#2214,#2907,#3164,#4009,#4057,#4881,#4937,#4992,
    #5025,#5079,#5130,#5540,#5568,#5617,#6081,#6136,#6757,#6807,#6856,
    #7235,#7263,#7344,#7408,#7639,#7783,#8019,#8046,#8071,#8207,#8257,
    #8306,#8334,#8362,#8749,#8879,#9118,#9146,#9202,#9232,#9384,#9583,
    #9632,#9660,#9667,#9674,#9756,#9805,#9888,#10067,#10103,#10187,
    #10236,#10292,#10319,#10373,#10422,#10481,#10509,#10537,#10589,
    #10595,#10627,#10710,#10769,#10926,#10933,#10939,#10946,#10953,
    #10980,#11007,#11054,#11061,#11068,#11095,#11122,#11130,#11137,
    #11144));
#39 = ADVANCED_FACE('',(#40),#55,.T.);
#40 = FACE_BOUND('',#41,.T.);
#41 = EDGE_LOOP('',(#42,#78,#106,#135));
#42 = ORIENTED_EDGE('',*,*,#43,.T.);
#43 = EDGE_CURVE('',#44,#46,#48,.T.);
#44 = VERTEX_POINT('',#45);
#45 = CARTESIAN_POINT('',(-174.6199967142,-371.7854440421,
    534.90862636522));
#46 = VERTEX_POINT('',#47);
#47 = CARTESIAN_POINT('',(-176.6199967142,-369.8535923895,
    534.39098827502));
#48 = SURFACE_CURVE('',#49,(#54,#66),.PCURVE_S1.);
#49 = CIRCLE('',#50,2.);
#50 = AXIS2_PLACEMENT_3D('',#51,#52,#53);
#51 = CARTESIAN_POINT('',(-174.6199967142,-369.8535923895,
    534.39098827502));
#52 = DIRECTION('',(-2.940346835074E-17,-0.258819045103,-0.965925826289)
  );
#53 = DIRECTION('',(-1.008768357388E-16,-0.965925826289,0.258819045103)
  );
#54 = PCURVE('',#55,#60);
#55 = CYLINDRICAL_SURFACE('',#56,2.);
#56 = AXIS2_PLACEMENT_3D('',#57,#58,#59);
#57 = CARTESIAN_POINT('',(-174.6199967142,-399.6177825763,
    423.30951825178));
#58 = DIRECTION('',(6.713766422536E-17,-0.258819045103,-0.965925826289)
  );
#59 = DIRECTION('',(-0.707106781187,-0.683012701892,0.183012701892));
#60 = DEFINITIONAL_REPRESENTATION('',(#61),#65);
#61 = LINE('',#62,#63);
#62 = CARTESIAN_POINT('',(5.497787143782,-115.));
#63 = VECTOR('',#64,1.);
#64 = DIRECTION('',(1.,3.618764437628E-14));
#65 = ( GEOMETRIC_REPRESENTATION_CONTEXT(2) 
PARAMETRIC_REPRESENTATION_CONTEXT() REPRESENTATION_CONTEXT('2D SPACE',''
  ) );
#66 = PCURVE('',#67,#72);
#67 = TOROIDAL_SURFACE('',#68,52.,2.);
#68 = AXIS2_PLACEMENT_3D('',#69,#70,#71);
#69 = CARTESIAN_POINT('',(-226.6199967142,-369.8535923895,
    534.39098827502));
#70 = DIRECTION('',(1.008768357388E-16,0.965925826289,-0.258819045103));
#71 = DIRECTION('',(-1.,9.743954091442E-17,-2.610884629888E-17));
#72 = DEFINITIONAL_REPRESENTATION('',(#73),#77);
#73 = LINE('',#74,#75);
#74 = CARTESIAN_POINT('',(3.14159265359,4.712388980385));
#75 = VECTOR('',#76,1.);
#76 = DIRECTION('',(5.654319433713E-16,-1.));
#77 = ( GEOMETRIC_REPRESENTATION_CONTEXT(2) 
PARAMETRIC_REPRESENTATION_CONTEXT() REPRESENTATION_CONTEXT('2D SPACE',''
  ) );
#78 = ORIENTED_EDGE('',*,*,#79,.T.);
#79 = EDGE_CURVE('',#46,#80,#82,.T.);
#80 = VERTEX_POINT('',#81);
#81 = CARTESIAN_POINT('',(-176.6199967142,-488.9103531366,
    90.065108182052));
#82 = SURFACE_CURVE('',#83,(#87,#94),.PCURVE_S1.);
#83 = LINE('',#84,#85);
#84 = CARTESIAN_POINT('',(-176.6199967142,-399.6177825763,
    423.30951825178));
#85 = VECTOR('',#86,1.);
#86 = DIRECTION('',(6.713766422536E-17,-0.258819045103,-0.965925826289)
  );
#87 = PCURVE('',#55,#88);
#88 = DEFINITIONAL_REPRESENTATION('',(#89),#93);
#89 = LINE('',#90,#91);
#90 = CARTESIAN_POINT('',(7.068583470577,-2.84217094304E-14));
#91 = VECTOR('',#92,1.);
#92 = DIRECTION('',(-2.123904916674E-17,1.));
#93 = ( GEOMETRIC_REPRESENTATION_CONTEXT(2) 
PARAMETRIC_REPRESENTATION_CONTEXT() REPRESENTATION_CONTEXT('2D SPACE',''
  ) );
#94 = PCURVE('',#95,#100);
#95 = PLANE('',#96);
#96 = AXIS2_PLACEMENT_3D('',#97,#98,#99);
#97 = CARTESIAN_POINT('',(-176.6199967142,-352.4669275163,
    529.73224546317));
#98 = DIRECTION('',(-1.,8.006303476922E-17,-9.095885009088E-17));
#99 = DIRECTION('',(6.713766422531E-17,-0.258819045103,-0.965925826289)
  );
#100 = DEFINITIONAL_REPRESENTATION('',(#101),#105);
#101 = LINE('',#102,#103);
#102 = CARTESIAN_POINT('',(115.,17.999999999953));
#103 = VECTOR('',#104,1.);
#104 = DIRECTION('',(1.,1.683068898099E-18));
#105 = ( GEOMETRIC_REPRESENTATION_CONTEXT(2) 
PARAMETRIC_REPRESENTATION_CONTEXT() REPRESENTATION_CONTEXT('2D SPACE',''
  ) );
#106 = ORIENTED_EDGE('',*,*,#107,.T.);
#107 = EDGE_CURVE('',#80,#108,#110,.T.);
#108 = VERTEX_POINT('',#109);
#109 = CARTESIAN_POINT('',(-174.6199967142,-490.8422047892,
    90.582746272257));
#110 = SURFACE_CURVE('',#111,(#116,#123),.PCURVE_S1.);
#111 = CIRCLE('',#112,2.);
#112 = AXIS2_PLACEMENT_3D('',#113,#114,#115);
#113 = CARTESIAN_POINT('',(-174.6199967142,-488.9103531366,
    90.065108182052));
#114 = DIRECTION('',(2.940346835074E-17,0.258819045103,0.965925826289));
#115 = DIRECTION('',(-1.,1.050497185157E-16,2.292723163516E-18));
#116 = PCURVE('',#55,#117);
#117 = DEFINITIONAL_REPRESENTATION('',(#118),#122);
#118 = LINE('',#119,#120);
#119 = CARTESIAN_POINT('',(7.068583470577,345.));
#120 = VECTOR('',#121,1.);
#121 = DIRECTION('',(-1.,0.));
#122 = ( GEOMETRIC_REPRESENTATION_CONTEXT(2) 
PARAMETRIC_REPRESENTATION_CONTEXT() REPRESENTATION_CONTEXT('2D SPACE',''
  ) );
#123 = PCURVE('',#124,#129);
#124 = TOROIDAL_SURFACE('',#125,52.,2.);
#125 = AXIS2_PLACEMENT_3D('',#126,#127,#128);
#126 = CARTESIAN_POINT('',(-226.6199967142,-488.9103531366,
    90.065108182052));
#127 = DIRECTION('',(1.008768357388E-16,0.965925826289,-0.258819045103)
  );
#128 = DIRECTION('',(-1.,9.743954091442E-17,-2.610884629888E-17));
#129 = DEFINITIONAL_REPRESENTATION('',(#130),#134);
#130 = LINE('',#131,#132);
#131 = CARTESIAN_POINT('',(3.14159265359,3.14159265359));
#132 = VECTOR('',#133,1.);
#133 = DIRECTION('',(0.,1.));
#134 = ( GEOMETRIC_REPRESENTATION_CONTEXT(2) 
PARAMETRIC_REPRESENTATION_CONTEXT() REPRESENTATION_CONTEXT('2D SPACE',''
  ) );
#135 = ORIENTED_EDGE('',*,*,#136,.T.);
#136 = EDGE_CURVE('',#108,#44,#137,.T.);
#137 = SURFACE_CURVE('',#138,(#142,#149),.PCURVE_S1.);
#138 = LINE('',#139,#140);
#139 = CARTESIAN_POINT('',(-174.6199967142,-401.5496342289,
    423.82715634198));
#140 = VECTOR('',#141,1.);
#141 = DIRECTION('',(-6.713766422536E-17,0.258819045103,0.965925826289)
  );
#142 = PCURVE('',#55,#143);
#143 = DEFINITIONAL_REPRESENTATION('',(#144),#148);
#144 = LINE('',#145,#146);
#145 = CARTESIAN_POINT('',(5.497787143782,2.273736754432E-13));
#146 = VECTOR('',#147,1.);
#147 = DIRECTION('',(-2.316987181826E-17,-1.));
#148 = ( GEOMETRIC_REPRESENTATION_CONTEXT(2) 
PARAMETRIC_REPRESENTATION_CONTEXT() REPRESENTATION_CONTEXT('2D SPACE',''
  ) );
#149 = PCURVE('',#150,#155);
#150 = PLANE('',#151);
#151 = AXIS2_PLACEMENT_3D('',#152,#153,#154);
#152 = CARTESIAN_POINT('',(-556.6199967142,-431.3138244156,
    312.74568631874));
#153 = DIRECTION('',(1.008768357388E-16,0.965925826289,-0.258819045103)
  );
#154 = DIRECTION('',(-1.,1.050497185157E-16,2.292723163579E-18));
#155 = DEFINITIONAL_REPRESENTATION('',(#156),#160);
#156 = LINE('',#157,#158);
#157 = CARTESIAN_POINT('',(-382.,114.99999999997));
#158 = VECTOR('',#159,1.);
#159 = DIRECTION('',(9.654113257615E-17,1.));
#160 = ( GEOMETRIC_REPRESENTATION_CONTEXT(2) 
PARAMETRIC_REPRESENTATION_CONTEXT() REPRESENTATION_CONTEXT('2D SPACE',''
  ) );
#161 = ADVANCED_FACE('',(#162),#67,.T.);
#162 = FACE_BOUND('',#163,.T.);
#163 = EDGE_LOOP('',(#164,#165,#193,#222));
#164 = ORIENTED_EDGE('',*,*,#43,.F.);
#165 = ORIENTED_EDGE('',*,*,#166,.T.);
#166 = EDGE_CURVE('',#44,#167,#169,.T.);
#167 = VERTEX_POINT('',#168);
#168 = CARTESIAN_POINT('',(-226.6199967142,-358.3268536967,
    585.13676933226));
#169 = SURFACE_CURVE('',#170,(#175,#182),.PCURVE_S1.);
#170 = CIRCLE('',#171,52.);
#171 = AXIS2_PLACEMENT_3D('',#172,#173,#174);
#172 = CARTESIAN_POINT('',(-226.6199967142,-371.7854440421,
    534.90862636522));
#173 = DIRECTION('',(-7.463660224859E-17,-0.965925826289,0.258819045103)
  );
#174 = DIRECTION('',(0.707106781187,0.183012701892,0.683012701892));
#175 = PCURVE('',#67,#176);
#176 = DEFINITIONAL_REPRESENTATION('',(#177),#181);
#177 = LINE('',#178,#179);
#178 = CARTESIAN_POINT('',(8.639379797372,4.712388980385));
#179 = VECTOR('',#180,1.);
#180 = DIRECTION('',(-1.,-9.046911093941E-15));
#181 = ( GEOMETRIC_REPRESENTATION_CONTEXT(2) 
PARAMETRIC_REPRESENTATION_CONTEXT() REPRESENTATION_CONTEXT('2D SPACE',''
  ) );
#182 = PCURVE('',#150,#183);
#183 = DEFINITIONAL_REPRESENTATION('',(#184),#192);
#184 = ( BOUNDED_CURVE() B_SPLINE_CURVE(2,(#185,#186,#187,#188,#189,#190
,#191),.UNSPECIFIED.,.T.,.F.) B_SPLINE_CURVE_WITH_KNOTS((1,2,2,2,2,1),(
    -2.094395102393,0.,2.094395102393,4.188790204786,6.28318530718,
8.377580409573),.UNSPECIFIED.) CURVE() GEOMETRIC_REPRESENTATION_ITEM() 
RATIONAL_B_SPLINE_CURVE((1.,0.5,1.,0.5,1.,0.5,1.)) REPRESENTATION_ITEM(
  '') );
#185 = CARTESIAN_POINT('',(-366.7695526217,266.76955262165));
#186 = CARTESIAN_POINT('',(-303.0828193093,330.45628593405));
#187 = CARTESIAN_POINT('',(-279.7718570329,243.45859034533));
#188 = CARTESIAN_POINT('',(-256.4608947565,156.46089475661));
#189 = CARTESIAN_POINT('',(-343.4585903453,179.77185703293));
#190 = CARTESIAN_POINT('',(-430.456285934,203.08281930926));
#191 = CARTESIAN_POINT('',(-366.7695526217,266.76955262165));
#192 = ( GEOMETRIC_REPRESENTATION_CONTEXT(2) 
PARAMETRIC_REPRESENTATION_CONTEXT() REPRESENTATION_CONTEXT('2D SPACE',''
  ) );
#193 = ORIENTED_EDGE('',*,*,#194,.F.);
#194 = EDGE_CURVE('',#195,#167,#197,.T.);
#195 = VERTEX_POINT('',#196);
#196 = CARTESIAN_POINT('',(-226.6199967142,-356.9126401344,
    582.68727958947));
#197 = SURFACE_CURVE('',#198,(#203,#210),.PCURVE_S1.);
#198 = CIRCLE('',#199,2.);
#199 = AXIS2_PLACEMENT_3D('',#200,#201,#202);
#200 = CARTESIAN_POINT('',(-226.6199967142,-356.3950020442,
    584.61913124205));
#201 = DIRECTION('',(-1.,-5.641887543171E-15,-2.144556912536E-14));
#202 = DIRECTION('',(2.217505702415E-14,-0.258819045103,-0.965925826289)
  );
#203 = PCURVE('',#67,#204);
#204 = DEFINITIONAL_REPRESENTATION('',(#205),#209);
#205 = LINE('',#206,#207);
#206 = CARTESIAN_POINT('',(1.570796326795,3.141592653589));
#207 = VECTOR('',#208,1.);
#208 = DIRECTION('',(-7.06789929214E-16,1.));
#209 = ( GEOMETRIC_REPRESENTATION_CONTEXT(2) 
PARAMETRIC_REPRESENTATION_CONTEXT() REPRESENTATION_CONTEXT('2D SPACE',''
  ) );
#210 = PCURVE('',#211,#216);
#211 = CYLINDRICAL_SURFACE('',#212,2.);
#212 = AXIS2_PLACEMENT_3D('',#213,#214,#215);
#213 = CARTESIAN_POINT('',(-721.6199967142,-356.3950020442,
    584.61913124205));
#214 = DIRECTION('',(1.,-1.224646799147E-16,-6.728624391668E-17));
#215 = DIRECTION('',(-1.397006458308E-16,-0.866025403784,-0.5));
#216 = DEFINITIONAL_REPRESENTATION('',(#217),#221);
#217 = LINE('',#218,#219);
#218 = CARTESIAN_POINT('',(7.068583470576,495.));
#219 = VECTOR('',#220,1.);
#220 = DIRECTION('',(-1.,0.));
#221 = ( GEOMETRIC_REPRESENTATION_CONTEXT(2) 
PARAMETRIC_REPRESENTATION_CONTEXT() REPRESENTATION_CONTEXT('2D SPACE',''
  ) );
#222 = ORIENTED_EDGE('',*,*,#223,.T.);
#223 = EDGE_CURVE('',#195,#46,#224,.T.);
#224 = SURFACE_CURVE('',#225,(#230,#237),.PCURVE_S1.);
#225 = CIRCLE('',#226,50.);
#226 = AXIS2_PLACEMENT_3D('',#227,#228,#229);
#227 = CARTESIAN_POINT('',(-226.6199967142,-369.8535923895,
    534.39098827502));
#228 = DIRECTION('',(7.463660224859E-17,0.965925826289,-0.258819045103)
  );
#229 = DIRECTION('',(0.707106781187,0.183012701892,0.683012701892));
#230 = PCURVE('',#67,#231);
#231 = DEFINITIONAL_REPRESENTATION('',(#232),#236);
#232 = LINE('',#233,#234);
#233 = CARTESIAN_POINT('',(-3.926990816987,3.14159265359));
#234 = VECTOR('',#235,1.);
#235 = DIRECTION('',(1.,-1.130863886743E-15));
#236 = ( GEOMETRIC_REPRESENTATION_CONTEXT(2) 
PARAMETRIC_REPRESENTATION_CONTEXT() REPRESENTATION_CONTEXT('2D SPACE',''
  ) );
#237 = PCURVE('',#238,#243);
#238 = CYLINDRICAL_SURFACE('',#239,50.);
#239 = AXIS2_PLACEMENT_3D('',#240,#241,#242);
#240 = CARTESIAN_POINT('',(-226.6199967142,-352.4669275163,
    529.73224546317));
#241 = DIRECTION('',(-1.008768357388E-16,-0.965925826289,0.258819045103)
  );
#242 = DIRECTION('',(1.805760307751E-15,0.258819045103,0.965925826289));
#243 = DEFINITIONAL_REPRESENTATION('',(#244),#248);
#244 = LINE('',#245,#246);
#245 = CARTESIAN_POINT('',(11.780972450961,18.000000000001));
#246 = VECTOR('',#247,1.);
#247 = DIRECTION('',(-1.,0.));
#248 = ( GEOMETRIC_REPRESENTATION_CONTEXT(2) 
PARAMETRIC_REPRESENTATION_CONTEXT() REPRESENTATION_CONTEXT('2D SPACE',''
  ) );
#249 = ADVANCED_FACE('',(#250),#95,.T.);
#250 = FACE_BOUND('',#251,.T.);
#251 = EDGE_LOOP('',(#252,#253,#276,#304));
#252 = ORIENTED_EDGE('',*,*,#79,.F.);
#253 = ORIENTED_EDGE('',*,*,#254,.F.);
#254 = EDGE_CURVE('',#255,#46,#257,.T.);
#255 = VERTEX_POINT('',#256);
#256 = CARTESIAN_POINT('',(-176.6199967142,-354.3987791689,
    530.24988355338));
#257 = SURFACE_CURVE('',#258,(#262,#269),.PCURVE_S1.);
#258 = LINE('',#259,#260);
#259 = CARTESIAN_POINT('',(-176.6199967142,-352.4669275163,
    529.73224546317));
#260 = VECTOR('',#261,1.);
#261 = DIRECTION('',(-1.008768357388E-16,-0.965925826289,0.258819045103)
  );
#262 = PCURVE('',#95,#263);
#263 = DEFINITIONAL_REPRESENTATION('',(#264),#268);
#264 = LINE('',#265,#266);
#265 = CARTESIAN_POINT('',(0.,0.));
#266 = VECTOR('',#267,1.);
#267 = DIRECTION('',(1.683068898099E-18,1.));
#268 = ( GEOMETRIC_REPRESENTATION_CONTEXT(2) 
PARAMETRIC_REPRESENTATION_CONTEXT() REPRESENTATION_CONTEXT('2D SPACE',''
  ) );
#269 = PCURVE('',#238,#270);
#270 = DEFINITIONAL_REPRESENTATION('',(#271),#275);
#271 = LINE('',#272,#273);
#272 = CARTESIAN_POINT('',(4.712388980385,-3.752553823233E-14));
#273 = VECTOR('',#274,1.);
#274 = DIRECTION('',(0.,1.));
#275 = ( GEOMETRIC_REPRESENTATION_CONTEXT(2) 
PARAMETRIC_REPRESENTATION_CONTEXT() REPRESENTATION_CONTEXT('2D SPACE',''
  ) );
#276 = ORIENTED_EDGE('',*,*,#277,.F.);
#277 = EDGE_CURVE('',#278,#255,#280,.T.);
#278 = VERTEX_POINT('',#279);
#279 = CARTESIAN_POINT('',(-176.6199967142,-473.455539916,
    85.924003460412));
#280 = SURFACE_CURVE('',#281,(#285,#292),.PCURVE_S1.);
#281 = LINE('',#282,#283);
#282 = CARTESIAN_POINT('',(-176.6199967142,-384.1629693556,
    419.16841353014));
#283 = VECTOR('',#284,1.);
#284 = DIRECTION('',(-6.713766422536E-17,0.258819045103,0.965925826289)
  );
#285 = PCURVE('',#95,#286);
#286 = DEFINITIONAL_REPRESENTATION('',(#287),#291);
#287 = LINE('',#288,#289);
#288 = CARTESIAN_POINT('',(114.99999999997,1.999999999881));
#289 = VECTOR('',#290,1.);
#290 = DIRECTION('',(-1.,-1.683068898099E-18));
#291 = ( GEOMETRIC_REPRESENTATION_CONTEXT(2) 
PARAMETRIC_REPRESENTATION_CONTEXT() REPRESENTATION_CONTEXT('2D SPACE',''
  ) );
#292 = PCURVE('',#293,#298);
#293 = CYLINDRICAL_SURFACE('',#294,2.);
#294 = AXIS2_PLACEMENT_3D('',#295,#296,#297);
#295 = CARTESIAN_POINT('',(-174.6199967142,-384.1629693556,
    419.16841353014));
#296 = DIRECTION('',(-6.713766422536E-17,0.258819045103,0.965925826289)
  );
#297 = DIRECTION('',(-0.707106781187,0.683012701892,-0.183012701892));
#298 = DEFINITIONAL_REPRESENTATION('',(#299),#303);
#299 = LINE('',#300,#301);
#300 = CARTESIAN_POINT('',(0.785398163397,0.));
#301 = VECTOR('',#302,1.);
#302 = DIRECTION('',(2.172175482962E-17,1.));
#303 = ( GEOMETRIC_REPRESENTATION_CONTEXT(2) 
PARAMETRIC_REPRESENTATION_CONTEXT() REPRESENTATION_CONTEXT('2D SPACE',''
  ) );
#304 = ORIENTED_EDGE('',*,*,#305,.T.);
#305 = EDGE_CURVE('',#278,#80,#306,.T.);
#306 = SURFACE_CURVE('',#307,(#311,#318),.PCURVE_S1.);
#307 = LINE('',#308,#309);
#308 = CARTESIAN_POINT('',(-176.6199967142,-471.5236882634,
    85.406365370207));
#309 = VECTOR('',#310,1.);
#310 = DIRECTION('',(-1.008768357388E-16,-0.965925826289,0.258819045103)
  );
#311 = PCURVE('',#95,#312);
#312 = DEFINITIONAL_REPRESENTATION('',(#313),#317);
#313 = LINE('',#314,#315);
#314 = CARTESIAN_POINT('',(459.99999999997,-2.764343655027E-10));
#315 = VECTOR('',#316,1.);
#316 = DIRECTION('',(1.683068898099E-18,1.));
#317 = ( GEOMETRIC_REPRESENTATION_CONTEXT(2) 
PARAMETRIC_REPRESENTATION_CONTEXT() REPRESENTATION_CONTEXT('2D SPACE',''
  ) );
#318 = PCURVE('',#319,#324);
#319 = CYLINDRICAL_SURFACE('',#320,50.);
#320 = AXIS2_PLACEMENT_3D('',#321,#322,#323);
#321 = CARTESIAN_POINT('',(-226.6199967142,-471.5236882634,
    85.406365370207));
#322 = DIRECTION('',(-1.008768357388E-16,-0.965925826289,0.258819045103)
  );
#323 = DIRECTION('',(1.,1.274215224291E-15,5.145194120481E-15));
#324 = DEFINITIONAL_REPRESENTATION('',(#325),#329);
#325 = LINE('',#326,#327);
#326 = CARTESIAN_POINT('',(6.28318530718,9.636735853746E-14));
#327 = VECTOR('',#328,1.);
#328 = DIRECTION('',(0.,1.));
#329 = ( GEOMETRIC_REPRESENTATION_CONTEXT(2) 
PARAMETRIC_REPRESENTATION_CONTEXT() REPRESENTATION_CONTEXT('2D SPACE',''
  ) );
#330 = ADVANCED_FACE('',(#331),#124,.T.);
#331 = FACE_BOUND('',#332,.T.);
#332 = EDGE_LOOP('',(#333,#364,#390,#391));
#333 = ORIENTED_EDGE('',*,*,#334,.T.);
#334 = EDGE_CURVE('',#335,#337,#339,.T.);
#335 = VERTEX_POINT('',#336);
#336 = CARTESIAN_POINT('',(-226.6199967142,-501.8513053918,
    41.768816867599));
#337 = VERTEX_POINT('',#338);
#338 = CARTESIAN_POINT('',(-226.6199967142,-504.3007951346,
    40.354603305226));
#339 = SURFACE_CURVE('',#340,(#345,#352),.PCURVE_S1.);
#340 = CIRCLE('',#341,2.);
#341 = AXIS2_PLACEMENT_3D('',#342,#343,#344);
#342 = CARTESIAN_POINT('',(-226.6199967142,-502.368943482,39.83696521502
    ));
#343 = DIRECTION('',(1.,-1.050497185157E-16,-2.292723163573E-18));
#344 = DIRECTION('',(2.94034683508E-17,0.258819045103,0.965925826289));
#345 = PCURVE('',#124,#346);
#346 = DEFINITIONAL_REPRESENTATION('',(#347),#351);
#347 = LINE('',#348,#349);
#348 = CARTESIAN_POINT('',(4.712388980385,3.14159265359));
#349 = VECTOR('',#350,1.);
#350 = DIRECTION('',(0.,1.));
#351 = ( GEOMETRIC_REPRESENTATION_CONTEXT(2) 
PARAMETRIC_REPRESENTATION_CONTEXT() REPRESENTATION_CONTEXT('2D SPACE',''
  ) );
#352 = PCURVE('',#353,#358);
#353 = CYLINDRICAL_SURFACE('',#354,2.);
#354 = AXIS2_PLACEMENT_3D('',#355,#356,#357);
#355 = CARTESIAN_POINT('',(-391.6199967142,-502.368943482,39.83696521502
    ));
#356 = DIRECTION('',(-1.,1.224646799147E-16,6.728624391668E-17));
#357 = DIRECTION('',(-2.9607434003E-18,-0.5,0.866025403784));
#358 = DEFINITIONAL_REPRESENTATION('',(#359),#363);
#359 = LINE('',#360,#361);
#360 = CARTESIAN_POINT('',(7.068583470577,-165.));
#361 = VECTOR('',#362,1.);
#362 = DIRECTION('',(-1.,0.));
#363 = ( GEOMETRIC_REPRESENTATION_CONTEXT(2) 
PARAMETRIC_REPRESENTATION_CONTEXT() REPRESENTATION_CONTEXT('2D SPACE',''
  ) );
#364 = ORIENTED_EDGE('',*,*,#365,.T.);
#365 = EDGE_CURVE('',#337,#108,#366,.T.);
#366 = SURFACE_CURVE('',#367,(#372,#379),.PCURVE_S1.);
#367 = CIRCLE('',#368,52.);
#368 = AXIS2_PLACEMENT_3D('',#369,#370,#371);
#369 = CARTESIAN_POINT('',(-226.6199967142,-490.8422047892,
    90.582746272257));
#370 = DIRECTION('',(-1.122153429892E-16,-0.965925826289,0.258819045103)
  );
#371 = DIRECTION('',(0.707106781187,-0.183012701892,-0.683012701892));
#372 = PCURVE('',#124,#373);
#373 = DEFINITIONAL_REPRESENTATION('',(#374),#378);
#374 = LINE('',#375,#376);
#375 = CARTESIAN_POINT('',(10.210176124167,4.712388980385));
#376 = VECTOR('',#377,1.);
#377 = DIRECTION('',(-1.,6.785183320455E-15));
#378 = ( GEOMETRIC_REPRESENTATION_CONTEXT(2) 
PARAMETRIC_REPRESENTATION_CONTEXT() REPRESENTATION_CONTEXT('2D SPACE',''
  ) );
#379 = PCURVE('',#150,#380);
#380 = DEFINITIONAL_REPRESENTATION('',(#381),#389);
#381 = ( BOUNDED_CURVE() B_SPLINE_CURVE(2,(#382,#383,#384,#385,#386,#387
,#388),.UNSPECIFIED.,.T.,.F.) B_SPLINE_CURVE_WITH_KNOTS((1,2,2,2,2,1),(
    -2.094395102393,0.,2.094395102393,4.188790204786,6.28318530718,
8.377580409573),.UNSPECIFIED.) CURVE() GEOMETRIC_REPRESENTATION_ITEM() 
RATIONAL_B_SPLINE_CURVE((1.,0.5,1.,0.5,1.,0.5,1.)) REPRESENTATION_ITEM(
  '') );
#382 = CARTESIAN_POINT('',(-366.7695526217,-266.7695526216));
#383 = CARTESIAN_POINT('',(-430.456285934,-203.0828193092));
#384 = CARTESIAN_POINT('',(-343.4585903453,-179.7718570329));
#385 = CARTESIAN_POINT('',(-256.4608947565,-156.4608947566));
#386 = CARTESIAN_POINT('',(-279.7718570329,-243.4585903453));
#387 = CARTESIAN_POINT('',(-303.0828193093,-330.456285934));
#388 = CARTESIAN_POINT('',(-366.7695526217,-266.7695526216));
#389 = ( GEOMETRIC_REPRESENTATION_CONTEXT(2) 
PARAMETRIC_REPRESENTATION_CONTEXT() REPRESENTATION_CONTEXT('2D SPACE',''
  ) );
#390 = ORIENTED_EDGE('',*,*,#107,.F.);
#391 = ORIENTED_EDGE('',*,*,#392,.T.);
#392 = EDGE_CURVE('',#80,#335,#393,.T.);
#393 = SURFACE_CURVE('',#394,(#399,#406),.PCURVE_S1.);
#394 = CIRCLE('',#395,50.);
#395 = AXIS2_PLACEMENT_3D('',#396,#397,#398);
#396 = CARTESIAN_POINT('',(-226.6199967142,-488.9103531366,
    90.065108182052));
#397 = DIRECTION('',(1.122153429892E-16,0.965925826289,-0.258819045103)
  );
#398 = DIRECTION('',(0.707106781187,-0.183012701892,-0.683012701892));
#399 = PCURVE('',#124,#400);
#400 = DEFINITIONAL_REPRESENTATION('',(#401),#405);
#401 = LINE('',#402,#403);
#402 = CARTESIAN_POINT('',(-2.356194490192,3.14159265359));
#403 = VECTOR('',#404,1.);
#404 = DIRECTION('',(1.,-5.371603462027E-15));
#405 = ( GEOMETRIC_REPRESENTATION_CONTEXT(2) 
PARAMETRIC_REPRESENTATION_CONTEXT() REPRESENTATION_CONTEXT('2D SPACE',''
  ) );
#406 = PCURVE('',#319,#407);
#407 = DEFINITIONAL_REPRESENTATION('',(#408),#412);
#408 = LINE('',#409,#410);
#409 = CARTESIAN_POINT('',(11.780972450962,18.));
#410 = VECTOR('',#411,1.);
#411 = DIRECTION('',(-1.,0.));
#412 = ( GEOMETRIC_REPRESENTATION_CONTEXT(2) 
PARAMETRIC_REPRESENTATION_CONTEXT() REPRESENTATION_CONTEXT('2D SPACE',''
  ) );
#413 = ADVANCED_FACE('',(#414,#644),#150,.F.);
#414 = FACE_BOUND('',#415,.T.);
#415 = EDGE_LOOP('',(#416,#446,#475,#503,#532,#560,#589,#617));
#416 = ORIENTED_EDGE('',*,*,#417,.F.);
#417 = EDGE_CURVE('',#418,#420,#422,.T.);
#418 = VERTEX_POINT('',#419);
#419 = CARTESIAN_POINT('',(-947.6199967142,-490.8422047892,
    90.582746272257));
#420 = VERTEX_POINT('',#421);
#421 = CARTESIAN_POINT('',(-947.6199967142,-371.7854440421,
    534.90862636522));
#422 = SURFACE_CURVE('',#423,(#427,#434),.PCURVE_S1.);
#423 = LINE('',#424,#425);
#424 = CARTESIAN_POINT('',(-947.6199967142,-401.5496342289,
    423.82715634198));
#425 = VECTOR('',#426,1.);
#426 = DIRECTION('',(-6.713766422536E-17,0.258819045103,0.965925826289)
  );
#427 = PCURVE('',#150,#428);
#428 = DEFINITIONAL_REPRESENTATION('',(#429),#433);
#429 = LINE('',#430,#431);
#430 = CARTESIAN_POINT('',(391.,114.99999999997));
#431 = VECTOR('',#432,1.);
#432 = DIRECTION('',(9.654113257615E-17,1.));
#433 = ( GEOMETRIC_REPRESENTATION_CONTEXT(2) 
PARAMETRIC_REPRESENTATION_CONTEXT() REPRESENTATION_CONTEXT('2D SPACE',''
  ) );
#434 = PCURVE('',#435,#440);
#435 = CYLINDRICAL_SURFACE('',#436,2.);
#436 = AXIS2_PLACEMENT_3D('',#437,#438,#439);
#437 = CARTESIAN_POINT('',(-947.6199967142,-399.6177825763,
    423.30951825178));
#438 = DIRECTION('',(6.713766422536E-17,-0.258819045103,-0.965925826289)
  );
#439 = DIRECTION('',(-0.707106781187,-0.683012701892,0.183012701892));
#440 = DEFINITIONAL_REPRESENTATION('',(#441),#445);
#441 = LINE('',#442,#443);
#442 = CARTESIAN_POINT('',(5.497787143782,2.84217094304E-13));
#443 = VECTOR('',#444,1.);
#444 = DIRECTION('',(-4.440892098501E-17,-1.));
#445 = ( GEOMETRIC_REPRESENTATION_CONTEXT(2) 
PARAMETRIC_REPRESENTATION_CONTEXT() REPRESENTATION_CONTEXT('2D SPACE',''
  ) );
#446 = ORIENTED_EDGE('',*,*,#447,.F.);
#447 = EDGE_CURVE('',#448,#418,#450,.T.);
#448 = VERTEX_POINT('',#449);
#449 = CARTESIAN_POINT('',(-886.6199967142,-506.6301665405,
    31.661270868624));
#450 = SURFACE_CURVE('',#451,(#456,#463),.PCURVE_S1.);
#451 = CIRCLE('',#452,61.);
#452 = AXIS2_PLACEMENT_3D('',#453,#454,#455);
#453 = CARTESIAN_POINT('',(-886.6199967142,-490.8422047892,
    90.582746272257));
#454 = DIRECTION('',(9.35940129424E-17,0.965925826289,-0.258819045103));
#455 = DIRECTION('',(-0.707106781187,-0.183012701892,-0.683012701892));
#456 = PCURVE('',#150,#457);
#457 = DEFINITIONAL_REPRESENTATION('',(#458),#462);
#458 = CIRCLE('',#459,61.);
#459 = AXIS2_PLACEMENT_2D('',#460,#461);
#460 = CARTESIAN_POINT('',(330.,-230.));
#461 = DIRECTION('',(0.707106781187,-0.707106781186));
#462 = ( GEOMETRIC_REPRESENTATION_CONTEXT(2) 
PARAMETRIC_REPRESENTATION_CONTEXT() REPRESENTATION_CONTEXT('2D SPACE',''
  ) );
#463 = PCURVE('',#464,#469);
#464 = TOROIDAL_SURFACE('',#465,61.,2.);
#465 = AXIS2_PLACEMENT_3D('',#466,#467,#468);
#466 = CARTESIAN_POINT('',(-886.6199967142,-488.9103531366,
    90.065108182052));
#467 = DIRECTION('',(-1.008768357388E-16,-0.965925826289,0.258819045103)
  );
#468 = DIRECTION('',(1.,-9.743954091442E-17,2.610884629888E-17));
#469 = DEFINITIONAL_REPRESENTATION('',(#470),#474);
#470 = LINE('',#471,#472);
#471 = CARTESIAN_POINT('',(10.210176124167,1.570796326795));
#472 = VECTOR('',#473,1.);
#473 = DIRECTION('',(-1.,1.130863886743E-14));
#474 = ( GEOMETRIC_REPRESENTATION_CONTEXT(2) 
PARAMETRIC_REPRESENTATION_CONTEXT() REPRESENTATION_CONTEXT('2D SPACE',''
  ) );
#475 = ORIENTED_EDGE('',*,*,#476,.F.);
#476 = EDGE_CURVE('',#477,#448,#479,.T.);
#477 = VERTEX_POINT('',#478);
#478 = CARTESIAN_POINT('',(-226.6199967142,-506.6301665405,
    31.661270868624));
#479 = SURFACE_CURVE('',#480,(#484,#491),.PCURVE_S1.);
#480 = LINE('',#481,#482);
#481 = CARTESIAN_POINT('',(-721.6199967142,-506.6301665405,
    31.661270868624));
#482 = VECTOR('',#483,1.);
#483 = DIRECTION('',(-1.,1.224646799147E-16,6.728624391668E-17));
#484 = PCURVE('',#150,#485);
#485 = DEFINITIONAL_REPRESENTATION('',(#486),#490);
#486 = LINE('',#487,#488);
#487 = CARTESIAN_POINT('',(165.,-291.));
#488 = VECTOR('',#489,1.);
#489 = DIRECTION('',(1.,6.728624391667E-17));
#490 = ( GEOMETRIC_REPRESENTATION_CONTEXT(2) 
PARAMETRIC_REPRESENTATION_CONTEXT() REPRESENTATION_CONTEXT('2D SPACE',''
  ) );
#491 = PCURVE('',#492,#497);
#492 = CYLINDRICAL_SURFACE('',#493,2.);
#493 = AXIS2_PLACEMENT_3D('',#494,#495,#496);
#494 = CARTESIAN_POINT('',(-721.6199967142,-504.6983148879,
    31.143632778419));
#495 = DIRECTION('',(1.,-1.224646799147E-16,-6.728624391668E-17));
#496 = DIRECTION('',(-1.397006458308E-16,-0.866025403784,-0.5));
#497 = DEFINITIONAL_REPRESENTATION('',(#498),#502);
#498 = LINE('',#499,#500);
#499 = CARTESIAN_POINT('',(-0.785398163397,-5.684341886081E-14));
#500 = VECTOR('',#501,1.);
#501 = DIRECTION('',(0.,-1.));
#502 = ( GEOMETRIC_REPRESENTATION_CONTEXT(2) 
PARAMETRIC_REPRESENTATION_CONTEXT() REPRESENTATION_CONTEXT('2D SPACE',''
  ) );
#503 = ORIENTED_EDGE('',*,*,#504,.F.);
#504 = EDGE_CURVE('',#505,#477,#507,.T.);
#505 = VERTEX_POINT('',#506);
#506 = CARTESIAN_POINT('',(-165.6199967142,-490.8422047892,
    90.582746272257));
#507 = SURFACE_CURVE('',#508,(#513,#520),.PCURVE_S1.);
#508 = CIRCLE('',#509,61.);
#509 = AXIS2_PLACEMENT_3D('',#510,#511,#512);
#510 = CARTESIAN_POINT('',(-226.6199967142,-490.8422047892,
    90.582746272257));
#511 = DIRECTION('',(1.122153429892E-16,0.965925826289,-0.258819045103)
  );
#512 = DIRECTION('',(0.707106781187,-0.183012701892,-0.683012701892));
#513 = PCURVE('',#150,#514);
#514 = DEFINITIONAL_REPRESENTATION('',(#515),#519);
#515 = CIRCLE('',#516,61.);
#516 = AXIS2_PLACEMENT_2D('',#517,#518);
#517 = CARTESIAN_POINT('',(-330.,-230.));
#518 = DIRECTION('',(-0.707106781187,-0.707106781186));
#519 = ( GEOMETRIC_REPRESENTATION_CONTEXT(2) 
PARAMETRIC_REPRESENTATION_CONTEXT() REPRESENTATION_CONTEXT('2D SPACE',''
  ) );
#520 = PCURVE('',#521,#526);
#521 = TOROIDAL_SURFACE('',#522,61.,2.);
#522 = AXIS2_PLACEMENT_3D('',#523,#524,#525);
#523 = CARTESIAN_POINT('',(-226.6199967142,-488.9103531366,
    90.065108182052));
#524 = DIRECTION('',(-1.008768357388E-16,-0.965925826289,0.258819045103)
  );
#525 = DIRECTION('',(1.,-9.743954091442E-17,2.610884629888E-17));
#526 = DEFINITIONAL_REPRESENTATION('',(#527),#531);
#527 = LINE('',#528,#529);
#528 = CARTESIAN_POINT('',(11.780972450962,1.570796326795));
#529 = VECTOR('',#530,1.);
#530 = DIRECTION('',(-1.,-2.261727773485E-15));
#531 = ( GEOMETRIC_REPRESENTATION_CONTEXT(2) 
PARAMETRIC_REPRESENTATION_CONTEXT() REPRESENTATION_CONTEXT('2D SPACE',''
  ) );
#532 = ORIENTED_EDGE('',*,*,#533,.F.);
#533 = EDGE_CURVE('',#534,#505,#536,.T.);
#534 = VERTEX_POINT('',#535);
#535 = CARTESIAN_POINT('',(-165.6199967142,-371.7854440421,
    534.90862636522));
#536 = SURFACE_CURVE('',#537,(#541,#548),.PCURVE_S1.);
#537 = LINE('',#538,#539);
#538 = CARTESIAN_POINT('',(-165.6199967142,-461.0780146024,
    201.6642162955));
#539 = VECTOR('',#540,1.);
#540 = DIRECTION('',(-2.940346835074E-17,-0.258819045103,-0.965925826289
    ));
#541 = PCURVE('',#150,#542);
#542 = DEFINITIONAL_REPRESENTATION('',(#543),#547);
#543 = LINE('',#544,#545);
#544 = CARTESIAN_POINT('',(-391.,-115.));
#545 = VECTOR('',#546,1.);
#546 = DIRECTION('',(-5.85880823107E-29,-1.));
#547 = ( GEOMETRIC_REPRESENTATION_CONTEXT(2) 
PARAMETRIC_REPRESENTATION_CONTEXT() REPRESENTATION_CONTEXT('2D SPACE',''
  ) );
#548 = PCURVE('',#549,#554);
#549 = CYLINDRICAL_SURFACE('',#550,2.);
#550 = AXIS2_PLACEMENT_3D('',#551,#552,#553);
#551 = CARTESIAN_POINT('',(-165.6199967142,-459.1461629499,
    201.14657820529));
#552 = DIRECTION('',(2.940346835074E-17,0.258819045103,0.965925826289));
#553 = DIRECTION('',(0.707106781187,-0.683012701892,0.183012701892));
#554 = DEFINITIONAL_REPRESENTATION('',(#555),#559);
#555 = LINE('',#556,#557);
#556 = CARTESIAN_POINT('',(5.497787143782,0.));
#557 = VECTOR('',#558,1.);
#558 = DIRECTION('',(4.440892098501E-17,-1.));
#559 = ( GEOMETRIC_REPRESENTATION_CONTEXT(2) 
PARAMETRIC_REPRESENTATION_CONTEXT() REPRESENTATION_CONTEXT('2D SPACE',''
  ) );
#560 = ORIENTED_EDGE('',*,*,#561,.F.);
#561 = EDGE_CURVE('',#562,#534,#564,.T.);
#562 = VERTEX_POINT('',#563);
#563 = CARTESIAN_POINT('',(-226.6199967142,-355.9974822908,
    593.83010176886));
#564 = SURFACE_CURVE('',#565,(#570,#577),.PCURVE_S1.);
#565 = CIRCLE('',#566,61.);
#566 = AXIS2_PLACEMENT_3D('',#567,#568,#569);
#567 = CARTESIAN_POINT('',(-226.6199967142,-371.7854440421,
    534.90862636522));
#568 = DIRECTION('',(7.463660224859E-17,0.965925826289,-0.258819045103)
  );
#569 = DIRECTION('',(0.707106781187,0.183012701892,0.683012701892));
#570 = PCURVE('',#150,#571);
#571 = DEFINITIONAL_REPRESENTATION('',(#572),#576);
#572 = CIRCLE('',#573,61.);
#573 = AXIS2_PLACEMENT_2D('',#574,#575);
#574 = CARTESIAN_POINT('',(-330.,229.99999999997));
#575 = DIRECTION('',(-0.707106781187,0.707106781186));
#576 = ( GEOMETRIC_REPRESENTATION_CONTEXT(2) 
PARAMETRIC_REPRESENTATION_CONTEXT() REPRESENTATION_CONTEXT('2D SPACE',''
  ) );
#577 = PCURVE('',#578,#583);
#578 = TOROIDAL_SURFACE('',#579,61.,2.);
#579 = AXIS2_PLACEMENT_3D('',#580,#581,#582);
#580 = CARTESIAN_POINT('',(-226.6199967142,-369.8535923895,
    534.39098827502));
#581 = DIRECTION('',(-1.008768357388E-16,-0.965925826289,0.258819045103)
  );
#582 = DIRECTION('',(1.,-9.743954091442E-17,2.610884629888E-17));
#583 = DEFINITIONAL_REPRESENTATION('',(#584),#588);
#584 = LINE('',#585,#586);
#585 = CARTESIAN_POINT('',(7.068583470577,1.570796326821));
#586 = VECTOR('',#587,1.);
#587 = DIRECTION('',(-1.,-3.67304590414E-12));
#588 = ( GEOMETRIC_REPRESENTATION_CONTEXT(2) 
PARAMETRIC_REPRESENTATION_CONTEXT() REPRESENTATION_CONTEXT('2D SPACE',''
  ) );
#589 = ORIENTED_EDGE('',*,*,#590,.F.);
#590 = EDGE_CURVE('',#591,#562,#593,.T.);
#591 = VERTEX_POINT('',#592);
#592 = CARTESIAN_POINT('',(-886.6199967142,-355.9974822908,
    593.83010176886));
#593 = SURFACE_CURVE('',#594,(#598,#605),.PCURVE_S1.);
#594 = LINE('',#595,#596);
#595 = CARTESIAN_POINT('',(-391.6199967142,-355.9974822908,
    593.83010176886));
#596 = VECTOR('',#597,1.);
#597 = DIRECTION('',(1.,-1.224646799147E-16,-6.728624391668E-17));
#598 = PCURVE('',#150,#599);
#599 = DEFINITIONAL_REPRESENTATION('',(#600),#604);
#600 = LINE('',#601,#602);
#601 = CARTESIAN_POINT('',(-165.,290.99999999999));
#602 = VECTOR('',#603,1.);
#603 = DIRECTION('',(-1.,-6.728624391667E-17));
#604 = ( GEOMETRIC_REPRESENTATION_CONTEXT(2) 
PARAMETRIC_REPRESENTATION_CONTEXT() REPRESENTATION_CONTEXT('2D SPACE',''
  ) );
#605 = PCURVE('',#606,#611);
#606 = CYLINDRICAL_SURFACE('',#607,2.);
#607 = AXIS2_PLACEMENT_3D('',#608,#609,#610);
#608 = CARTESIAN_POINT('',(-391.6199967142,-354.0656306382,
    593.31246367865));
#609 = DIRECTION('',(-1.,1.224646799147E-16,6.728624391668E-17));
#610 = DIRECTION('',(-2.9607434003E-18,-0.5,0.866025403784));
#611 = DEFINITIONAL_REPRESENTATION('',(#612),#616);
#612 = LINE('',#613,#614);
#613 = CARTESIAN_POINT('',(5.497787143783,0.));
#614 = VECTOR('',#615,1.);
#615 = DIRECTION('',(6.055761952501E-17,-1.));
#616 = ( GEOMETRIC_REPRESENTATION_CONTEXT(2) 
PARAMETRIC_REPRESENTATION_CONTEXT() REPRESENTATION_CONTEXT('2D SPACE',''
  ) );
#617 = ORIENTED_EDGE('',*,*,#618,.F.);
#618 = EDGE_CURVE('',#420,#591,#619,.T.);
#619 = SURFACE_CURVE('',#620,(#625,#632),.PCURVE_S1.);
#620 = CIRCLE('',#621,61.);
#621 = AXIS2_PLACEMENT_3D('',#622,#623,#624);
#622 = CARTESIAN_POINT('',(-886.6199967142,-371.7854440421,
    534.90862636522));
#623 = DIRECTION('',(8.445976737354E-17,0.965925826289,-0.258819045103)
  );
#624 = DIRECTION('',(-0.707106781187,0.183012701892,0.683012701892));
#625 = PCURVE('',#150,#626);
#626 = DEFINITIONAL_REPRESENTATION('',(#627),#631);
#627 = CIRCLE('',#628,61.);
#628 = AXIS2_PLACEMENT_2D('',#629,#630);
#629 = CARTESIAN_POINT('',(330.,229.99999999997));
#630 = DIRECTION('',(0.707106781187,0.707106781186));
#631 = ( GEOMETRIC_REPRESENTATION_CONTEXT(2) 
PARAMETRIC_REPRESENTATION_CONTEXT() REPRESENTATION_CONTEXT('2D SPACE',''
  ) );
#632 = PCURVE('',#633,#638);
#633 = TOROIDAL_SURFACE('',#634,61.,2.);
#634 = AXIS2_PLACEMENT_3D('',#635,#636,#637);
#635 = CARTESIAN_POINT('',(-886.6199967142,-369.8535923895,
    534.39098827502));
#636 = DIRECTION('',(-1.008768357388E-16,-0.965925826289,0.258819045103)
  );
#637 = DIRECTION('',(1.,-9.743954091442E-17,2.610884629888E-17));
#638 = DEFINITIONAL_REPRESENTATION('',(#639),#643);
#639 = LINE('',#640,#641);
#640 = CARTESIAN_POINT('',(8.639379797372,1.570796326794));
#641 = VECTOR('',#642,1.);
#642 = DIRECTION('',(-1.,9.046911093941E-14));
#643 = ( GEOMETRIC_REPRESENTATION_CONTEXT(2) 
PARAMETRIC_REPRESENTATION_CONTEXT() REPRESENTATION_CONTEXT('2D SPACE',''
  ) );
#644 = FACE_BOUND('',#645,.T.);
#645 = EDGE_LOOP('',(#646,#647,#648,#671,#704,#732,#765,#786));
#646 = ORIENTED_EDGE('',*,*,#136,.F.);
#647 = ORIENTED_EDGE('',*,*,#365,.F.);
#648 = ORIENTED_EDGE('',*,*,#649,.F.);
#649 = EDGE_CURVE('',#650,#337,#652,.T.);
#650 = VERTEX_POINT('',#651);
#651 = CARTESIAN_POINT('',(-886.6199967142,-504.3007951346,
    40.354603305226));
#652 = SURFACE_CURVE('',#653,(#657,#664),.PCURVE_S1.);
#653 = LINE('',#654,#655);
#654 = CARTESIAN_POINT('',(-391.6199967142,-504.3007951346,
    40.354603305226));
#655 = VECTOR('',#656,1.);
#656 = DIRECTION('',(1.,-1.224646799147E-16,-6.728624391668E-17));
#657 = PCURVE('',#150,#658);
#658 = DEFINITIONAL_REPRESENTATION('',(#659),#663);
#659 = LINE('',#660,#661);
#660 = CARTESIAN_POINT('',(-165.,-282.));
#661 = VECTOR('',#662,1.);
#662 = DIRECTION('',(-1.,-6.728624391667E-17));
#663 = ( GEOMETRIC_REPRESENTATION_CONTEXT(2) 
PARAMETRIC_REPRESENTATION_CONTEXT() REPRESENTATION_CONTEXT('2D SPACE',''
  ) );
#664 = PCURVE('',#353,#665);
#665 = DEFINITIONAL_REPRESENTATION('',(#666),#670);
#666 = LINE('',#667,#668);
#667 = CARTESIAN_POINT('',(5.497787143783,-5.684341886081E-14));
#668 = VECTOR('',#669,1.);
#669 = DIRECTION('',(-3.095167220167E-17,-1.));
#670 = ( GEOMETRIC_REPRESENTATION_CONTEXT(2) 
PARAMETRIC_REPRESENTATION_CONTEXT() REPRESENTATION_CONTEXT('2D SPACE',''
  ) );
#671 = ORIENTED_EDGE('',*,*,#672,.F.);
#672 = EDGE_CURVE('',#673,#650,#675,.T.);
#673 = VERTEX_POINT('',#674);
#674 = CARTESIAN_POINT('',(-938.6199967142,-490.8422047892,
    90.582746272257));
#675 = SURFACE_CURVE('',#676,(#681,#692),.PCURVE_S1.);
#676 = CIRCLE('',#677,52.);
#677 = AXIS2_PLACEMENT_3D('',#678,#679,#680);
#678 = CARTESIAN_POINT('',(-886.6199967142,-490.8422047892,
    90.582746272257));
#679 = DIRECTION('',(-9.35940129424E-17,-0.965925826289,0.258819045103)
  );
#680 = DIRECTION('',(-0.707106781187,-0.183012701892,-0.683012701892));
#681 = PCURVE('',#150,#682);
#682 = DEFINITIONAL_REPRESENTATION('',(#683),#691);
#683 = ( BOUNDED_CURVE() B_SPLINE_CURVE(2,(#684,#685,#686,#687,#688,#689
,#690),.UNSPECIFIED.,.T.,.F.) B_SPLINE_CURVE_WITH_KNOTS((1,2,2,2,2,1),(
    -2.094395102393,0.,2.094395102393,4.188790204786,6.28318530718,
8.377580409573),.UNSPECIFIED.) CURVE() GEOMETRIC_REPRESENTATION_ITEM() 
RATIONAL_B_SPLINE_CURVE((1.,0.5,1.,0.5,1.,0.5,1.)) REPRESENTATION_ITEM(
  '') );
#684 = CARTESIAN_POINT('',(366.76955262171,-266.7695526216));
#685 = CARTESIAN_POINT('',(303.08281930938,-330.456285934));
#686 = CARTESIAN_POINT('',(279.77185703297,-243.4585903453));
#687 = CARTESIAN_POINT('',(256.46089475656,-156.4608947566));
#688 = CARTESIAN_POINT('',(343.4585903453,-179.7718570329));
#689 = CARTESIAN_POINT('',(430.45628593404,-203.0828193092));
#690 = CARTESIAN_POINT('',(366.76955262171,-266.7695526216));
#691 = ( GEOMETRIC_REPRESENTATION_CONTEXT(2) 
PARAMETRIC_REPRESENTATION_CONTEXT() REPRESENTATION_CONTEXT('2D SPACE',''
  ) );
#692 = PCURVE('',#693,#698);
#693 = TOROIDAL_SURFACE('',#694,52.,2.);
#694 = AXIS2_PLACEMENT_3D('',#695,#696,#697);
#695 = CARTESIAN_POINT('',(-886.6199967142,-488.9103531366,
    90.065108182052));
#696 = DIRECTION('',(1.008768357388E-16,0.965925826289,-0.258819045103)
  );
#697 = DIRECTION('',(-1.,9.743954091442E-17,-2.610884629888E-17));
#698 = DEFINITIONAL_REPRESENTATION('',(#699),#703);
#699 = LINE('',#700,#701);
#700 = CARTESIAN_POINT('',(11.780972450962,4.712388980385));
#701 = VECTOR('',#702,1.);
#702 = DIRECTION('',(-1.,2.261727773485E-15));
#703 = ( GEOMETRIC_REPRESENTATION_CONTEXT(2) 
PARAMETRIC_REPRESENTATION_CONTEXT() REPRESENTATION_CONTEXT('2D SPACE',''
  ) );
#704 = ORIENTED_EDGE('',*,*,#705,.F.);
#705 = EDGE_CURVE('',#706,#673,#708,.T.);
#706 = VERTEX_POINT('',#707);
#707 = CARTESIAN_POINT('',(-938.6199967142,-371.7854440421,
    534.90862636522));
#708 = SURFACE_CURVE('',#709,(#713,#720),.PCURVE_S1.);
#709 = LINE('',#710,#711);
#710 = CARTESIAN_POINT('',(-938.6199967142,-461.0780146024,
    201.6642162955));
#711 = VECTOR('',#712,1.);
#712 = DIRECTION('',(6.713766422536E-17,-0.258819045103,-0.965925826289)
  );
#713 = PCURVE('',#150,#714);
#714 = DEFINITIONAL_REPRESENTATION('',(#715),#719);
#715 = LINE('',#716,#717);
#716 = CARTESIAN_POINT('',(382.,-115.));
#717 = VECTOR('',#718,1.);
#718 = DIRECTION('',(-9.654113257615E-17,-1.));
#719 = ( GEOMETRIC_REPRESENTATION_CONTEXT(2) 
PARAMETRIC_REPRESENTATION_CONTEXT() REPRESENTATION_CONTEXT('2D SPACE',''
  ) );
#720 = PCURVE('',#721,#726);
#721 = CYLINDRICAL_SURFACE('',#722,2.);
#722 = AXIS2_PLACEMENT_3D('',#723,#724,#725);
#723 = CARTESIAN_POINT('',(-938.6199967142,-459.1461629499,
    201.14657820529));
#724 = DIRECTION('',(-6.713766422536E-17,0.258819045103,0.965925826289)
  );
#725 = DIRECTION('',(0.707106781187,-0.683012701892,0.183012701892));
#726 = DEFINITIONAL_REPRESENTATION('',(#727),#731);
#727 = LINE('',#728,#729);
#728 = CARTESIAN_POINT('',(-0.785398163397,0.));
#729 = VECTOR('',#730,1.);
#730 = DIRECTION('',(-8.688701931849E-17,-1.));
#731 = ( GEOMETRIC_REPRESENTATION_CONTEXT(2) 
PARAMETRIC_REPRESENTATION_CONTEXT() REPRESENTATION_CONTEXT('2D SPACE',''
  ) );
#732 = ORIENTED_EDGE('',*,*,#733,.F.);
#733 = EDGE_CURVE('',#734,#706,#736,.T.);
#734 = VERTEX_POINT('',#735);
#735 = CARTESIAN_POINT('',(-886.6199967142,-358.3268536967,
    585.13676933226));
#736 = SURFACE_CURVE('',#737,(#742,#753),.PCURVE_S1.);
#737 = CIRCLE('',#738,52.);
#738 = AXIS2_PLACEMENT_3D('',#739,#740,#741);
#739 = CARTESIAN_POINT('',(-886.6199967142,-371.7854440421,
    534.90862636522));
#740 = DIRECTION('',(-8.445976737354E-17,-0.965925826289,0.258819045103)
  );
#741 = DIRECTION('',(-0.707106781187,0.183012701892,0.683012701892));
#742 = PCURVE('',#150,#743);
#743 = DEFINITIONAL_REPRESENTATION('',(#744),#752);
#744 = ( BOUNDED_CURVE() B_SPLINE_CURVE(2,(#745,#746,#747,#748,#749,#750
,#751),.UNSPECIFIED.,.T.,.F.) B_SPLINE_CURVE_WITH_KNOTS((1,2,2,2,2,1),(
    -2.094395102393,0.,2.094395102393,4.188790204786,6.28318530718,
8.377580409573),.UNSPECIFIED.) CURVE() GEOMETRIC_REPRESENTATION_ITEM() 
RATIONAL_B_SPLINE_CURVE((1.,0.5,1.,0.5,1.,0.5,1.)) REPRESENTATION_ITEM(
  '') );
#745 = CARTESIAN_POINT('',(366.76955262171,266.76955262165));
#746 = CARTESIAN_POINT('',(430.45628593404,203.08281930926));
#747 = CARTESIAN_POINT('',(343.4585903453,179.77185703293));
#748 = CARTESIAN_POINT('',(256.46089475656,156.46089475661));
#749 = CARTESIAN_POINT('',(279.77185703297,243.45859034533));
#750 = CARTESIAN_POINT('',(303.08281930938,330.45628593405));
#751 = CARTESIAN_POINT('',(366.76955262171,266.76955262165));
#752 = ( GEOMETRIC_REPRESENTATION_CONTEXT(2) 
PARAMETRIC_REPRESENTATION_CONTEXT() REPRESENTATION_CONTEXT('2D SPACE',''
  ) );
#753 = PCURVE('',#754,#759);
#754 = TOROIDAL_SURFACE('',#755,52.,2.);
#755 = AXIS2_PLACEMENT_3D('',#756,#757,#758);
#756 = CARTESIAN_POINT('',(-886.6199967142,-369.8535923895,
    534.39098827502));
#757 = DIRECTION('',(1.008768357388E-16,0.965925826289,-0.258819045103)
  );
#758 = DIRECTION('',(-1.,9.743954091442E-17,-2.610884629888E-17));
#759 = DEFINITIONAL_REPRESENTATION('',(#760),#764);
#760 = LINE('',#761,#762);
#761 = CARTESIAN_POINT('',(7.068583470577,4.712388980359));
#762 = VECTOR('',#763,1.);
#763 = DIRECTION('',(-1.,3.67304590414E-12));
#764 = ( GEOMETRIC_REPRESENTATION_CONTEXT(2) 
PARAMETRIC_REPRESENTATION_CONTEXT() REPRESENTATION_CONTEXT('2D SPACE',''
  ) );
#765 = ORIENTED_EDGE('',*,*,#766,.F.);
#766 = EDGE_CURVE('',#167,#734,#767,.T.);
#767 = SURFACE_CURVE('',#768,(#772,#779),.PCURVE_S1.);
#768 = LINE('',#769,#770);
#769 = CARTESIAN_POINT('',(-721.6199967142,-358.3268536967,
    585.13676933226));
#770 = VECTOR('',#771,1.);
#771 = DIRECTION('',(-1.,1.224646799147E-16,6.728624391668E-17));
#772 = PCURVE('',#150,#773);
#773 = DEFINITIONAL_REPRESENTATION('',(#774),#778);
#774 = LINE('',#775,#776);
#775 = CARTESIAN_POINT('',(165.,282.));
#776 = VECTOR('',#777,1.);
#777 = DIRECTION('',(1.,6.728624391667E-17));
#778 = ( GEOMETRIC_REPRESENTATION_CONTEXT(2) 
PARAMETRIC_REPRESENTATION_CONTEXT() REPRESENTATION_CONTEXT('2D SPACE',''
  ) );
#779 = PCURVE('',#211,#780);
#780 = DEFINITIONAL_REPRESENTATION('',(#781),#785);
#781 = LINE('',#782,#783);
#782 = CARTESIAN_POINT('',(5.497787143783,0.));
#783 = VECTOR('',#784,1.);
#784 = DIRECTION('',(2.960594732334E-17,-1.));
#785 = ( GEOMETRIC_REPRESENTATION_CONTEXT(2) 
PARAMETRIC_REPRESENTATION_CONTEXT() REPRESENTATION_CONTEXT('2D SPACE',''
  ) );
#786 = ORIENTED_EDGE('',*,*,#166,.F.);
#787 = ADVANCED_FACE('',(#788),#211,.T.);
#788 = FACE_BOUND('',#789,.T.);
#789 = EDGE_LOOP('',(#790,#791,#792,#816));
#790 = ORIENTED_EDGE('',*,*,#194,.T.);
#791 = ORIENTED_EDGE('',*,*,#766,.T.);
#792 = ORIENTED_EDGE('',*,*,#793,.F.);
#793 = EDGE_CURVE('',#794,#734,#796,.T.);
#794 = VERTEX_POINT('',#795);
#795 = CARTESIAN_POINT('',(-886.6199967142,-356.9126401344,
    582.68727958947));
#796 = SURFACE_CURVE('',#797,(#802,#809),.PCURVE_S1.);
#797 = CIRCLE('',#798,2.);
#798 = AXIS2_PLACEMENT_3D('',#799,#800,#801);
#799 = CARTESIAN_POINT('',(-886.6199967142,-356.3950020442,
    584.61913124205));
#800 = DIRECTION('',(-1.,5.851986980202E-15,2.145015457169E-14));
#801 = DIRECTION('',(-2.223386396086E-14,-0.258819045103,-0.965925826289
    ));
#802 = PCURVE('',#211,#803);
#803 = DEFINITIONAL_REPRESENTATION('',(#804),#808);
#804 = LINE('',#805,#806);
#805 = CARTESIAN_POINT('',(7.068583470577,-165.));
#806 = VECTOR('',#807,1.);
#807 = DIRECTION('',(-1.,0.));
#808 = ( GEOMETRIC_REPRESENTATION_CONTEXT(2) 
PARAMETRIC_REPRESENTATION_CONTEXT() REPRESENTATION_CONTEXT('2D SPACE',''
  ) );
#809 = PCURVE('',#754,#810);
#810 = DEFINITIONAL_REPRESENTATION('',(#811),#815);
#811 = LINE('',#812,#813);
#812 = CARTESIAN_POINT('',(1.570796326795,3.14159265359));
#813 = VECTOR('',#814,1.);
#814 = DIRECTION('',(0.,1.));
#815 = ( GEOMETRIC_REPRESENTATION_CONTEXT(2) 
PARAMETRIC_REPRESENTATION_CONTEXT() REPRESENTATION_CONTEXT('2D SPACE',''
  ) );
#816 = ORIENTED_EDGE('',*,*,#817,.T.);
#817 = EDGE_CURVE('',#794,#195,#818,.T.);
#818 = SURFACE_CURVE('',#819,(#823,#830),.PCURVE_S1.);
#819 = LINE('',#820,#821);
#820 = CARTESIAN_POINT('',(-721.6199967142,-356.9126401344,
    582.68727958947));
#821 = VECTOR('',#822,1.);
#822 = DIRECTION('',(1.,-1.224646799147E-16,-6.728624391668E-17));
#823 = PCURVE('',#211,#824);
#824 = DEFINITIONAL_REPRESENTATION('',(#825),#829);
#825 = LINE('',#826,#827);
#826 = CARTESIAN_POINT('',(7.068583470577,0.));
#827 = VECTOR('',#828,1.);
#828 = DIRECTION('',(-6.089405074459E-17,1.));
#829 = ( GEOMETRIC_REPRESENTATION_CONTEXT(2) 
PARAMETRIC_REPRESENTATION_CONTEXT() REPRESENTATION_CONTEXT('2D SPACE',''
  ) );
#830 = PCURVE('',#831,#836);
#831 = PLANE('',#832);
#832 = AXIS2_PLACEMENT_3D('',#833,#834,#835);
#833 = CARTESIAN_POINT('',(-886.6199967142,-339.5259752612,
    578.02853677763));
#834 = DIRECTION('',(-9.668971226741E-17,-0.258819045103,-0.965925826289
    ));
#835 = DIRECTION('',(1.,-1.224646799147E-16,-6.728624391663E-17));
#836 = DEFINITIONAL_REPRESENTATION('',(#837),#841);
#837 = LINE('',#838,#839);
#838 = CARTESIAN_POINT('',(165.,17.999999999995));
#839 = VECTOR('',#840,1.);
#840 = DIRECTION('',(1.,-2.122394096032E-32));
#841 = ( GEOMETRIC_REPRESENTATION_CONTEXT(2) 
PARAMETRIC_REPRESENTATION_CONTEXT() REPRESENTATION_CONTEXT('2D SPACE',''
  ) );
#842 = ADVANCED_FACE('',(#843),#238,.F.);
#843 = FACE_BOUND('',#844,.F.);
#844 = EDGE_LOOP('',(#845,#846,#875,#896));
#845 = ORIENTED_EDGE('',*,*,#254,.F.);
#846 = ORIENTED_EDGE('',*,*,#847,.T.);
#847 = EDGE_CURVE('',#255,#848,#850,.T.);
#848 = VERTEX_POINT('',#849);
#849 = CARTESIAN_POINT('',(-226.6199967142,-341.4578269137,
    578.54617486783));
#850 = SURFACE_CURVE('',#851,(#856,#863),.PCURVE_S1.);
#851 = CIRCLE('',#852,50.);
#852 = AXIS2_PLACEMENT_3D('',#853,#854,#855);
#853 = CARTESIAN_POINT('',(-226.6199967142,-354.3987791689,
    530.24988355338));
#854 = DIRECTION('',(-7.463660224859E-17,-0.965925826289,0.258819045103)
  );
#855 = DIRECTION('',(0.707106781187,0.183012701892,0.683012701892));
#856 = PCURVE('',#238,#857);
#857 = DEFINITIONAL_REPRESENTATION('',(#858),#862);
#858 = LINE('',#859,#860);
#859 = CARTESIAN_POINT('',(-0.785398163397,2.));
#860 = VECTOR('',#861,1.);
#861 = DIRECTION('',(1.,0.));
#862 = ( GEOMETRIC_REPRESENTATION_CONTEXT(2) 
PARAMETRIC_REPRESENTATION_CONTEXT() REPRESENTATION_CONTEXT('2D SPACE',''
  ) );
#863 = PCURVE('',#864,#869);
#864 = TOROIDAL_SURFACE('',#865,52.,2.);
#865 = AXIS2_PLACEMENT_3D('',#866,#867,#868);
#866 = CARTESIAN_POINT('',(-226.6199967142,-354.3987791689,
    530.24988355338));
#867 = DIRECTION('',(-1.008768357388E-16,-0.965925826289,0.258819045103)
  );
#868 = DIRECTION('',(1.,-9.743954091442E-17,2.610884629888E-17));
#869 = DEFINITIONAL_REPRESENTATION('',(#870),#874);
#870 = LINE('',#871,#872);
#871 = CARTESIAN_POINT('',(-5.497787143782,3.14159265359));
#872 = VECTOR('',#873,1.);
#873 = DIRECTION('',(1.,-1.130863886743E-15));
#874 = ( GEOMETRIC_REPRESENTATION_CONTEXT(2) 
PARAMETRIC_REPRESENTATION_CONTEXT() REPRESENTATION_CONTEXT('2D SPACE',''
  ) );
#875 = ORIENTED_EDGE('',*,*,#876,.T.);
#876 = EDGE_CURVE('',#848,#195,#877,.T.);
#877 = SURFACE_CURVE('',#878,(#882,#889),.PCURVE_S1.);
#878 = LINE('',#879,#880);
#879 = CARTESIAN_POINT('',(-226.6199967142,-339.5259752612,
    578.02853677763));
#880 = VECTOR('',#881,1.);
#881 = DIRECTION('',(-1.008768357388E-16,-0.965925826289,0.258819045103)
  );
#882 = PCURVE('',#238,#883);
#883 = DEFINITIONAL_REPRESENTATION('',(#884),#888);
#884 = LINE('',#885,#886);
#885 = CARTESIAN_POINT('',(6.28318530718,1.036948305E-13));
#886 = VECTOR('',#887,1.);
#887 = DIRECTION('',(0.,1.));
#888 = ( GEOMETRIC_REPRESENTATION_CONTEXT(2) 
PARAMETRIC_REPRESENTATION_CONTEXT() REPRESENTATION_CONTEXT('2D SPACE',''
  ) );
#889 = PCURVE('',#831,#890);
#890 = DEFINITIONAL_REPRESENTATION('',(#891),#895);
#891 = LINE('',#892,#893);
#892 = CARTESIAN_POINT('',(660.,-9.600303036745E-14));
#893 = VECTOR('',#894,1.);
#894 = DIRECTION('',(-5.813808594279E-29,1.));
#895 = ( GEOMETRIC_REPRESENTATION_CONTEXT(2) 
PARAMETRIC_REPRESENTATION_CONTEXT() REPRESENTATION_CONTEXT('2D SPACE',''
  ) );
#896 = ORIENTED_EDGE('',*,*,#223,.T.);
#897 = ADVANCED_FACE('',(#898),#293,.T.);
#898 = FACE_BOUND('',#899,.T.);
#899 = EDGE_LOOP('',(#900,#924,#952,#979));
#900 = ORIENTED_EDGE('',*,*,#901,.T.);
#901 = EDGE_CURVE('',#255,#902,#904,.T.);
#902 = VERTEX_POINT('',#903);
#903 = CARTESIAN_POINT('',(-174.6199967142,-352.4669275163,
    529.73224546317));
#904 = SURFACE_CURVE('',#905,(#910,#917),.PCURVE_S1.);
#905 = CIRCLE('',#906,2.);
#906 = AXIS2_PLACEMENT_3D('',#907,#908,#909);
#907 = CARTESIAN_POINT('',(-174.6199967142,-354.3987791689,
    530.24988355338));
#908 = DIRECTION('',(-2.940346835074E-17,-0.258819045103,-0.965925826289
    ));
#909 = DIRECTION('',(-1.,1.050497185157E-16,2.292723163516E-18));
#910 = PCURVE('',#293,#911);
#911 = DEFINITIONAL_REPRESENTATION('',(#912),#916);
#912 = LINE('',#913,#914);
#913 = CARTESIAN_POINT('',(0.785398163468,114.99999999997));
#914 = VECTOR('',#915,1.);
#915 = DIRECTION('',(-1.,-3.618764437414E-14));
#916 = ( GEOMETRIC_REPRESENTATION_CONTEXT(2) 
PARAMETRIC_REPRESENTATION_CONTEXT() REPRESENTATION_CONTEXT('2D SPACE',''
  ) );
#917 = PCURVE('',#864,#918);
#918 = DEFINITIONAL_REPRESENTATION('',(#919),#923);
#919 = LINE('',#920,#921);
#920 = CARTESIAN_POINT('',(0.,3.14159265359));
#921 = VECTOR('',#922,1.);
#922 = DIRECTION('',(0.,1.));
#923 = ( GEOMETRIC_REPRESENTATION_CONTEXT(2) 
PARAMETRIC_REPRESENTATION_CONTEXT() REPRESENTATION_CONTEXT('2D SPACE',''
  ) );
#924 = ORIENTED_EDGE('',*,*,#925,.T.);
#925 = EDGE_CURVE('',#902,#926,#928,.T.);
#926 = VERTEX_POINT('',#927);
#927 = CARTESIAN_POINT('',(-174.6199967142,-471.5236882634,
    85.406365370207));
#928 = SURFACE_CURVE('',#929,(#933,#940),.PCURVE_S1.);
#929 = LINE('',#930,#931);
#930 = CARTESIAN_POINT('',(-174.6199967142,-382.2311177031,
    418.65077543993));
#931 = VECTOR('',#932,1.);
#932 = DIRECTION('',(6.713766422536E-17,-0.258819045103,-0.965925826289)
  );
#933 = PCURVE('',#293,#934);
#934 = DEFINITIONAL_REPRESENTATION('',(#935),#939);
#935 = LINE('',#936,#937);
#936 = CARTESIAN_POINT('',(-0.785398163397,-2.84217094304E-14));
#937 = VECTOR('',#938,1.);
#938 = DIRECTION('',(-2.123904916674E-17,-1.));
#939 = ( GEOMETRIC_REPRESENTATION_CONTEXT(2) 
PARAMETRIC_REPRESENTATION_CONTEXT() REPRESENTATION_CONTEXT('2D SPACE',''
  ) );
#940 = PCURVE('',#941,#946);
#941 = PLANE('',#942);
#942 = AXIS2_PLACEMENT_3D('',#943,#944,#945);
#943 = CARTESIAN_POINT('',(-556.6199967142,-411.9953078899,
    307.56930541669));
#944 = DIRECTION('',(1.008768357388E-16,0.965925826289,-0.258819045103)
  );
#945 = DIRECTION('',(-1.,1.050497185157E-16,2.292723163579E-18));
#946 = DEFINITIONAL_REPRESENTATION('',(#947),#951);
#947 = LINE('',#948,#949);
#948 = CARTESIAN_POINT('',(-382.,115.));
#949 = VECTOR('',#950,1.);
#950 = DIRECTION('',(-9.654113257615E-17,-1.));
#951 = ( GEOMETRIC_REPRESENTATION_CONTEXT(2) 
PARAMETRIC_REPRESENTATION_CONTEXT() REPRESENTATION_CONTEXT('2D SPACE',''
  ) );
#952 = ORIENTED_EDGE('',*,*,#953,.F.);
#953 = EDGE_CURVE('',#278,#926,#954,.T.);
#954 = SURFACE_CURVE('',#955,(#960,#967),.PCURVE_S1.);
#955 = CIRCLE('',#956,2.);
#956 = AXIS2_PLACEMENT_3D('',#957,#958,#959);
#957 = CARTESIAN_POINT('',(-174.6199967142,-473.455539916,
    85.924003460412));
#958 = DIRECTION('',(-2.940346835074E-17,-0.258819045103,-0.965925826289
    ));
#959 = DIRECTION('',(-1.,1.050497185157E-16,2.292723163516E-18));
#960 = PCURVE('',#293,#961);
#961 = DEFINITIONAL_REPRESENTATION('',(#962),#966);
#962 = LINE('',#963,#964);
#963 = CARTESIAN_POINT('',(0.785398163398,-345.));
#964 = VECTOR('',#965,1.);
#965 = DIRECTION('',(-1.,0.));
#966 = ( GEOMETRIC_REPRESENTATION_CONTEXT(2) 
PARAMETRIC_REPRESENTATION_CONTEXT() REPRESENTATION_CONTEXT('2D SPACE',''
  ) );
#967 = PCURVE('',#968,#973);
#968 = TOROIDAL_SURFACE('',#969,52.,2.);
#969 = AXIS2_PLACEMENT_3D('',#970,#971,#972);
#970 = CARTESIAN_POINT('',(-226.6199967142,-473.455539916,
    85.924003460412));
#971 = DIRECTION('',(-1.008768357388E-16,-0.965925826289,0.258819045103)
  );
#972 = DIRECTION('',(1.,-9.743954091442E-17,2.610884629888E-17));
#973 = DEFINITIONAL_REPRESENTATION('',(#974),#978);
#974 = LINE('',#975,#976);
#975 = CARTESIAN_POINT('',(6.28318530718,3.14159265359));
#976 = VECTOR('',#977,1.);
#977 = DIRECTION('',(0.,1.));
#978 = ( GEOMETRIC_REPRESENTATION_CONTEXT(2) 
PARAMETRIC_REPRESENTATION_CONTEXT() REPRESENTATION_CONTEXT('2D SPACE',''
  ) );
#979 = ORIENTED_EDGE('',*,*,#277,.T.);
#980 = ADVANCED_FACE('',(#981),#319,.F.);
#981 = FACE_BOUND('',#982,.F.);
#982 = EDGE_LOOP('',(#983,#1011,#1033,#1034));
#983 = ORIENTED_EDGE('',*,*,#984,.F.);
#984 = EDGE_CURVE('',#985,#335,#987,.T.);
#985 = VERTEX_POINT('',#986);
#986 = CARTESIAN_POINT('',(-226.6199967142,-486.3964921711,
    37.627712145958));
#987 = SURFACE_CURVE('',#988,(#992,#999),.PCURVE_S1.);
#988 = LINE('',#989,#990);
#989 = CARTESIAN_POINT('',(-226.6199967142,-484.4646405186,
    37.110074055753));
#990 = VECTOR('',#991,1.);
#991 = DIRECTION('',(-1.008768357388E-16,-0.965925826289,0.258819045103)
  );
#992 = PCURVE('',#319,#993);
#993 = DEFINITIONAL_REPRESENTATION('',(#994),#998);
#994 = LINE('',#995,#996);
#995 = CARTESIAN_POINT('',(4.712388980385,1.199040866595E-14));
#996 = VECTOR('',#997,1.);
#997 = DIRECTION('',(5.551115123126E-17,1.));
#998 = ( GEOMETRIC_REPRESENTATION_CONTEXT(2) 
PARAMETRIC_REPRESENTATION_CONTEXT() REPRESENTATION_CONTEXT('2D SPACE',''
  ) );
#999 = PCURVE('',#1000,#1005);
#1000 = PLANE('',#1001);
#1001 = AXIS2_PLACEMENT_3D('',#1002,#1003,#1004);
#1002 = CARTESIAN_POINT('',(-226.6199967142,-484.4646405186,
    37.110074055753));
#1003 = DIRECTION('',(9.668971226741E-17,0.258819045103,0.965925826289)
  );
#1004 = DIRECTION('',(-1.,1.224646799147E-16,6.728624391663E-17));
#1005 = DEFINITIONAL_REPRESENTATION('',(#1006),#1010);
#1006 = LINE('',#1007,#1008);
#1007 = CARTESIAN_POINT('',(0.,0.));
#1008 = VECTOR('',#1009,1.);
#1009 = DIRECTION('',(5.813808594279E-29,1.));
#1010 = ( GEOMETRIC_REPRESENTATION_CONTEXT(2) 
PARAMETRIC_REPRESENTATION_CONTEXT() REPRESENTATION_CONTEXT('2D SPACE',''
  ) );
#1011 = ORIENTED_EDGE('',*,*,#1012,.T.);
#1012 = EDGE_CURVE('',#985,#278,#1013,.T.);
#1013 = SURFACE_CURVE('',#1014,(#1019,#1026),.PCURVE_S1.);
#1014 = CIRCLE('',#1015,50.);
#1015 = AXIS2_PLACEMENT_3D('',#1016,#1017,#1018);
#1016 = CARTESIAN_POINT('',(-226.6199967142,-473.455539916,
    85.924003460412));
#1017 = DIRECTION('',(-1.122153429892E-16,-0.965925826289,0.258819045103
    ));
#1018 = DIRECTION('',(0.707106781187,-0.183012701892,-0.683012701892));
#1019 = PCURVE('',#319,#1020);
#1020 = DEFINITIONAL_REPRESENTATION('',(#1021),#1025);
#1021 = LINE('',#1022,#1023);
#1022 = CARTESIAN_POINT('',(-0.785398163397,2.));
#1023 = VECTOR('',#1024,1.);
#1024 = DIRECTION('',(1.,0.));
#1025 = ( GEOMETRIC_REPRESENTATION_CONTEXT(2) 
PARAMETRIC_REPRESENTATION_CONTEXT() REPRESENTATION_CONTEXT('2D SPACE',''
  ) );
#1026 = PCURVE('',#968,#1027);
#1027 = DEFINITIONAL_REPRESENTATION('',(#1028),#1032);
#1028 = LINE('',#1029,#1030);
#1029 = CARTESIAN_POINT('',(-0.785398163397,3.14159265359));
#1030 = VECTOR('',#1031,1.);
#1031 = DIRECTION('',(1.,-1.837653815957E-14));
#1032 = ( GEOMETRIC_REPRESENTATION_CONTEXT(2) 
PARAMETRIC_REPRESENTATION_CONTEXT() REPRESENTATION_CONTEXT('2D SPACE',''
  ) );
#1033 = ORIENTED_EDGE('',*,*,#305,.T.);
#1034 = ORIENTED_EDGE('',*,*,#392,.T.);
#1035 = ADVANCED_FACE('',(#1036),#353,.T.);
#1036 = FACE_BOUND('',#1037,.T.);
#1037 = EDGE_LOOP('',(#1038,#1062,#1063,#1064));
#1038 = ORIENTED_EDGE('',*,*,#1039,.T.);
#1039 = EDGE_CURVE('',#1040,#650,#1042,.T.);
#1040 = VERTEX_POINT('',#1041);
#1041 = CARTESIAN_POINT('',(-886.6199967142,-501.8513053918,
    41.768816867599));
#1042 = SURFACE_CURVE('',#1043,(#1048,#1055),.PCURVE_S1.);
#1043 = CIRCLE('',#1044,2.);
#1044 = AXIS2_PLACEMENT_3D('',#1045,#1046,#1047);
#1045 = CARTESIAN_POINT('',(-886.6199967142,-502.368943482,
    39.83696521502));
#1046 = DIRECTION('',(1.,5.641887543171E-15,2.144556912536E-14));
#1047 = DIRECTION('',(-2.217505702415E-14,0.258819045103,0.965925826289)
  );
#1048 = PCURVE('',#353,#1049);
#1049 = DEFINITIONAL_REPRESENTATION('',(#1050),#1054);
#1050 = LINE('',#1051,#1052);
#1051 = CARTESIAN_POINT('',(7.068583470577,495.));
#1052 = VECTOR('',#1053,1.);
#1053 = DIRECTION('',(-1.,0.));
#1054 = ( GEOMETRIC_REPRESENTATION_CONTEXT(2) 
PARAMETRIC_REPRESENTATION_CONTEXT() REPRESENTATION_CONTEXT('2D SPACE',''
  ) );
#1055 = PCURVE('',#693,#1056);
#1056 = DEFINITIONAL_REPRESENTATION('',(#1057),#1061);
#1057 = LINE('',#1058,#1059);
#1058 = CARTESIAN_POINT('',(4.712388980385,3.14159265359));
#1059 = VECTOR('',#1060,1.);
#1060 = DIRECTION('',(0.,1.));
#1061 = ( GEOMETRIC_REPRESENTATION_CONTEXT(2) 
PARAMETRIC_REPRESENTATION_CONTEXT() REPRESENTATION_CONTEXT('2D SPACE',''
  ) );
#1062 = ORIENTED_EDGE('',*,*,#649,.T.);
#1063 = ORIENTED_EDGE('',*,*,#334,.F.);
#1064 = ORIENTED_EDGE('',*,*,#1065,.T.);
#1065 = EDGE_CURVE('',#335,#1040,#1066,.T.);
#1066 = SURFACE_CURVE('',#1067,(#1071,#1078),.PCURVE_S1.);
#1067 = LINE('',#1068,#1069);
#1068 = CARTESIAN_POINT('',(-391.6199967142,-501.8513053918,
    41.768816867599));
#1069 = VECTOR('',#1070,1.);
#1070 = DIRECTION('',(-1.,1.224646799147E-16,6.728624391668E-17));
#1071 = PCURVE('',#353,#1072);
#1072 = DEFINITIONAL_REPRESENTATION('',(#1073),#1077);
#1073 = LINE('',#1074,#1075);
#1074 = CARTESIAN_POINT('',(7.068583470577,0.));
#1075 = VECTOR('',#1076,1.);
#1076 = DIRECTION('',(3.04470253723E-17,1.));
#1077 = ( GEOMETRIC_REPRESENTATION_CONTEXT(2) 
PARAMETRIC_REPRESENTATION_CONTEXT() REPRESENTATION_CONTEXT('2D SPACE',''
  ) );
#1078 = PCURVE('',#1000,#1079);
#1079 = DEFINITIONAL_REPRESENTATION('',(#1080),#1084);
#1080 = LINE('',#1081,#1082);
#1081 = CARTESIAN_POINT('',(165.,17.999999999997));
#1082 = VECTOR('',#1083,1.);
#1083 = DIRECTION('',(1.,2.122394096032E-32));
#1084 = ( GEOMETRIC_REPRESENTATION_CONTEXT(2) 
PARAMETRIC_REPRESENTATION_CONTEXT() REPRESENTATION_CONTEXT('2D SPACE',''
  ) );
#1085 = ADVANCED_FACE('',(#1086),#435,.T.);
#1086 = FACE_BOUND('',#1087,.T.);
#1087 = EDGE_LOOP('',(#1088,#1089,#1113,#1150,#1178,#1215));
#1088 = ORIENTED_EDGE('',*,*,#417,.T.);
#1089 = ORIENTED_EDGE('',*,*,#1090,.T.);
#1090 = EDGE_CURVE('',#420,#1091,#1093,.T.);
#1091 = VERTEX_POINT('',#1092);
#1092 = CARTESIAN_POINT('',(-949.6199801149,-369.8614631808,
    534.39309724721));
#1093 = SURFACE_CURVE('',#1094,(#1099,#1106),.PCURVE_S1.);
#1094 = CIRCLE('',#1095,2.);
#1095 = AXIS2_PLACEMENT_3D('',#1096,#1097,#1098);
#1096 = CARTESIAN_POINT('',(-947.6199967142,-369.8535923895,
    534.39098827502));
#1097 = DIRECTION('',(-2.940346835074E-17,-0.258819045103,
    -0.965925826289));
#1098 = DIRECTION('',(-1.008768357388E-16,-0.965925826289,0.258819045103
    ));
#1099 = PCURVE('',#435,#1100);
#1100 = DEFINITIONAL_REPRESENTATION('',(#1101),#1105);
#1101 = LINE('',#1102,#1103);
#1102 = CARTESIAN_POINT('',(5.497787143782,-115.));
#1103 = VECTOR('',#1104,1.);
#1104 = DIRECTION('',(1.,3.628174969516E-14));
#1105 = ( GEOMETRIC_REPRESENTATION_CONTEXT(2) 
PARAMETRIC_REPRESENTATION_CONTEXT() REPRESENTATION_CONTEXT('2D SPACE',''
  ) );
#1106 = PCURVE('',#633,#1107);
#1107 = DEFINITIONAL_REPRESENTATION('',(#1108),#1112);
#1108 = LINE('',#1109,#1110);
#1109 = CARTESIAN_POINT('',(3.14159265359,1.570796326795));
#1110 = VECTOR('',#1111,1.);
#1111 = DIRECTION('',(5.654319433713E-16,-1.));
#1112 = ( GEOMETRIC_REPRESENTATION_CONTEXT(2) 
PARAMETRIC_REPRESENTATION_CONTEXT() REPRESENTATION_CONTEXT('2D SPACE',''
  ) );
#1113 = ORIENTED_EDGE('',*,*,#1114,.T.);
#1114 = EDGE_CURVE('',#1091,#1115,#1117,.T.);
#1115 = VERTEX_POINT('',#1116);
#1116 = CARTESIAN_POINT('',(-949.6199967142,-369.8612903214,
    534.36225920181));
#1117 = SURFACE_CURVE('',#1118,(#1124,#1133),.PCURVE_S1.);
#1118 = B_SPLINE_CURVE_WITH_KNOTS('',3,(#1119,#1120,#1121,#1122,#1123),
  .UNSPECIFIED.,.F.,.F.,(4,1,4),(0.,0.624816153146,1.),.UNSPECIFIED.);
#1119 = CARTESIAN_POINT('',(-949.6199801144,-369.8614631385,
    534.39309785702));
#1120 = CARTESIAN_POINT('',(-949.6199851445,-369.8619098613,
    534.38666063755));
#1121 = CARTESIAN_POINT('',(-949.6199908085,-369.860692273,
    534.37863691692));
#1122 = CARTESIAN_POINT('',(-949.6199967142,-369.8650065633,
    534.36327763802));
#1123 = CARTESIAN_POINT('',(-949.6199967142,-369.8612848085,
    534.36227977624));
#1124 = PCURVE('',#435,#1125);
#1125 = DEFINITIONAL_REPRESENTATION('',(#1126),#1132);
#1126 = B_SPLINE_CURVE_WITH_KNOTS('',3,(#1127,#1128,#1129,#1130,#1131),
  .UNSPECIFIED.,.F.,.F.,(4,1,4),(0.,0.624816153146,1.),.UNSPECIFIED.);
#1127 = CARTESIAN_POINT('',(7.064509179439,-115.0000006));
#1128 = CARTESIAN_POINT('',(7.065126471506,-114.993667103));
#1129 = CARTESIAN_POINT('',(7.066752872093,-114.9862319191));
#1130 = CARTESIAN_POINT('',(7.066656868249,-114.9702793744));
#1131 = CARTESIAN_POINT('',(7.068583470577,-114.970278775));
#1132 = ( GEOMETRIC_REPRESENTATION_CONTEXT(2) 
PARAMETRIC_REPRESENTATION_CONTEXT() REPRESENTATION_CONTEXT('2D SPACE',''
  ) );
#1133 = PCURVE('',#1134,#1142);
#1134 = SURFACE_OF_LINEAR_EXTRUSION('',#1135,#1140);
#1135 = CIRCLE('',#1136,63.05);
#1136 = AXIS2_PLACEMENT_3D('',#1137,#1138,#1139);
#1137 = CARTESIAN_POINT('',(-886.57,-370.3400291256,534.46956479662));
#1138 = DIRECTION('',(-7.610706790497E-16,-0.965925826289,0.258819045103
    ));
#1139 = DIRECTION('',(-1.803121930557E-15,0.258819045103,0.965925826289)
  );
#1140 = VECTOR('',#1141,1.);
#1141 = DIRECTION('',(-0.,-0.965885549343,0.258969313954));
#1142 = DEFINITIONAL_REPRESENTATION('',(#1143),#1149);
#1143 = B_SPLINE_CURVE_WITH_KNOTS('',3,(#1144,#1145,#1146,#1147,#1148),
  .UNSPECIFIED.,.F.,.F.,(4,1,4),(0.,0.624816153146,1.),.UNSPECIFIED.);
#1144 = CARTESIAN_POINT('',(1.570002106346,-0.482050352686));
#1145 = CARTESIAN_POINT('',(1.570102555305,-0.483284926587));
#1146 = CARTESIAN_POINT('',(1.570220472509,-0.486537718368));
#1147 = CARTESIAN_POINT('',(1.57047348719,-0.486345707814));
#1148 = CARTESIAN_POINT('',(1.57047348719,-0.490198912516));
#1149 = ( GEOMETRIC_REPRESENTATION_CONTEXT(2) 
PARAMETRIC_REPRESENTATION_CONTEXT() REPRESENTATION_CONTEXT('2D SPACE',''
  ) );
#1150 = ORIENTED_EDGE('',*,*,#1151,.T.);
#1151 = EDGE_CURVE('',#1115,#1152,#1154,.T.);
#1152 = VERTEX_POINT('',#1153);
#1153 = CARTESIAN_POINT('',(-949.6199967142,-488.90269547,
    90.093686982984));
#1154 = SURFACE_CURVE('',#1155,(#1159,#1166),.PCURVE_S1.);
#1155 = LINE('',#1156,#1157);
#1156 = CARTESIAN_POINT('',(-949.6199967142,-399.6177825763,
    423.30951825178));
#1157 = VECTOR('',#1158,1.);
#1158 = DIRECTION('',(6.713766422536E-17,-0.258819045103,-0.965925826289
    ));
#1159 = PCURVE('',#435,#1160);
#1160 = DEFINITIONAL_REPRESENTATION('',(#1161),#1165);
#1161 = LINE('',#1162,#1163);
#1162 = CARTESIAN_POINT('',(7.068583470577,0.));
#1163 = VECTOR('',#1164,1.);
#1164 = DIRECTION('',(0.,1.));
#1165 = ( GEOMETRIC_REPRESENTATION_CONTEXT(2) 
PARAMETRIC_REPRESENTATION_CONTEXT() REPRESENTATION_CONTEXT('2D SPACE',''
  ) );
#1166 = PCURVE('',#1167,#1172);
#1167 = PLANE('',#1168);
#1168 = AXIS2_PLACEMENT_3D('',#1169,#1170,#1171);
#1169 = CARTESIAN_POINT('',(-949.6199967142,-352.4669275163,
    529.73224546317));
#1170 = DIRECTION('',(-1.,8.006303476922E-17,-9.095885009088E-17));
#1171 = DIRECTION('',(6.713766422531E-17,-0.258819045103,-0.965925826289
    ));
#1172 = DEFINITIONAL_REPRESENTATION('',(#1173),#1177);
#1173 = LINE('',#1174,#1175);
#1174 = CARTESIAN_POINT('',(115.,17.999999999953));
#1175 = VECTOR('',#1176,1.);
#1176 = DIRECTION('',(1.,1.683068898099E-18));
#1177 = ( GEOMETRIC_REPRESENTATION_CONTEXT(2) 
PARAMETRIC_REPRESENTATION_CONTEXT() REPRESENTATION_CONTEXT('2D SPACE',''
  ) );
#1178 = ORIENTED_EDGE('',*,*,#1179,.F.);
#1179 = EDGE_CURVE('',#1180,#1152,#1182,.T.);
#1180 = VERTEX_POINT('',#1181);
#1181 = CARTESIAN_POINT('',(-949.6199802363,-488.9181951026,
    90.067209430499));
#1182 = SURFACE_CURVE('',#1183,(#1189,#1198),.PCURVE_S1.);
#1183 = B_SPLINE_CURVE_WITH_KNOTS('',3,(#1184,#1185,#1186,#1187,#1188),
  .UNSPECIFIED.,.F.,.F.,(4,1,4),(0.,0.232690932211,1.),.UNSPECIFIED.);
#1184 = CARTESIAN_POINT('',(-949.6199802358,-488.918195371,
    90.067208881238));
#1185 = CARTESIAN_POINT('',(-949.6199832828,-488.9164743643,
    90.070731627338));
#1186 = CARTESIAN_POINT('',(-949.6199948417,-488.9088271772,
    90.085741975424));
#1187 = CARTESIAN_POINT('',(-949.6199999256,-488.9021656428,
    90.10128237248));
#1188 = CARTESIAN_POINT('',(-949.62,-488.8974327113,90.113327864443));
#1189 = PCURVE('',#435,#1190);
#1190 = DEFINITIONAL_REPRESENTATION('',(#1191),#1197);
#1191 = B_SPLINE_CURVE_WITH_KNOTS('',3,(#1192,#1193,#1194,#1195,#1196),
  .UNSPECIFIED.,.F.,.F.,(4,1,4),(1.209415183975E-05,0.232690933135,
    0.602748422396),.UNSPECIFIED.);
#1192 = CARTESIAN_POINT('',(7.064524159142,344.99999999995));
#1193 = CARTESIAN_POINT('',(7.064899451566,344.99615206066));
#1194 = CARTESIAN_POINT('',(7.065954739571,344.98622009698));
#1195 = CARTESIAN_POINT('',(7.066812166794,344.97619481025));
#1196 = CARTESIAN_POINT('',(7.067277714329,344.97001930482));
#1197 = ( GEOMETRIC_REPRESENTATION_CONTEXT(2) 
PARAMETRIC_REPRESENTATION_CONTEXT() REPRESENTATION_CONTEXT('2D SPACE',''
  ) );
#1198 = PCURVE('',#1199,#1207);
#1199 = SURFACE_OF_LINEAR_EXTRUSION('',#1200,#1205);
#1200 = CIRCLE('',#1201,63.05);
#1201 = AXIS2_PLACEMENT_3D('',#1202,#1203,#1204);
#1202 = CARTESIAN_POINT('',(-886.57,-489.3898422385,90.245350708689));
#1203 = DIRECTION('',(-4.146853281978E-16,0.965925826289,-0.258819045103
    ));
#1204 = DIRECTION('',(-1.803121930557E-15,-0.258819045103,
    -0.965925826289));
#1205 = VECTOR('',#1206,1.);
#1206 = DIRECTION('',(-0.,-0.965885549343,0.258969313954));
#1207 = DEFINITIONAL_REPRESENTATION('',(#1208),#1214);
#1208 = B_SPLINE_CURVE_WITH_KNOTS('',3,(#1209,#1210,#1211,#1212,#1213),
  .UNSPECIFIED.,.F.,.F.,(4,1,4),(1.209415183975E-05,0.232690935532,
    0.602748422396),.UNSPECIFIED.);
#1209 = CARTESIAN_POINT('',(1.57000454318,-0.501682511007));
#1210 = CARTESIAN_POINT('',(1.570065575016,-0.502433089682));
#1211 = CARTESIAN_POINT('',(1.570223105456,-0.504543654339));
#1212 = CARTESIAN_POINT('',(1.570382115048,-0.506258502678));
#1213 = CARTESIAN_POINT('',(1.570480063512,-0.507189596201));
#1214 = ( GEOMETRIC_REPRESENTATION_CONTEXT(2) 
PARAMETRIC_REPRESENTATION_CONTEXT() REPRESENTATION_CONTEXT('2D SPACE',''
  ) );
#1215 = ORIENTED_EDGE('',*,*,#1216,.T.);
#1216 = EDGE_CURVE('',#1180,#418,#1217,.T.);
#1217 = SURFACE_CURVE('',#1218,(#1223,#1230),.PCURVE_S1.);
#1218 = CIRCLE('',#1219,2.);
#1219 = AXIS2_PLACEMENT_3D('',#1220,#1221,#1222);
#1220 = CARTESIAN_POINT('',(-947.6199967142,-488.9103531366,
    90.065108182052));
#1221 = DIRECTION('',(2.940346835074E-17,0.258819045103,0.965925826289)
  );
#1222 = DIRECTION('',(-1.,1.050497185157E-16,2.292723163516E-18));
#1223 = PCURVE('',#435,#1224);
#1224 = DEFINITIONAL_REPRESENTATION('',(#1225),#1229);
#1225 = LINE('',#1226,#1227);
#1226 = CARTESIAN_POINT('',(7.068583470577,345.));
#1227 = VECTOR('',#1228,1.);
#1228 = DIRECTION('',(-1.,0.));
#1229 = ( GEOMETRIC_REPRESENTATION_CONTEXT(2) 
PARAMETRIC_REPRESENTATION_CONTEXT() REPRESENTATION_CONTEXT('2D SPACE',''
  ) );
#1230 = PCURVE('',#464,#1231);
#1231 = DEFINITIONAL_REPRESENTATION('',(#1232),#1236);
#1232 = LINE('',#1233,#1234);
#1233 = CARTESIAN_POINT('',(3.14159265359,0.));
#1234 = VECTOR('',#1235,1.);
#1235 = DIRECTION('',(0.,1.));
#1236 = ( GEOMETRIC_REPRESENTATION_CONTEXT(2) 
PARAMETRIC_REPRESENTATION_CONTEXT() REPRESENTATION_CONTEXT('2D SPACE',''
  ) );
#1237 = ADVANCED_FACE('',(#1238),#464,.T.);
#1238 = FACE_BOUND('',#1239,.T.);
#1239 = EDGE_LOOP('',(#1240,#1271,#1293,#1294,#1295));
#1240 = ORIENTED_EDGE('',*,*,#1241,.T.);
#1241 = EDGE_CURVE('',#1242,#1244,#1246,.T.);
#1242 = VERTEX_POINT('',#1243);
#1243 = CARTESIAN_POINT('',(-886.6950610565,-505.2159414038,
    29.211824321564));
#1244 = VERTEX_POINT('',#1245);
#1245 = CARTESIAN_POINT('',(-886.6199967142,-505.2159529781,
    29.211781125841));
#1246 = SURFACE_CURVE('',#1247,(#1252,#1259),.PCURVE_S1.);
#1247 = CIRCLE('',#1248,63.);
#1248 = AXIS2_PLACEMENT_3D('',#1249,#1250,#1251);
#1249 = CARTESIAN_POINT('',(-886.6199967142,-488.9103531366,
    90.065108182052));
#1250 = DIRECTION('',(-9.35940129424E-17,-0.965925826289,0.258819045103)
  );
#1251 = DIRECTION('',(-0.707106781187,-0.183012701892,-0.683012701892));
#1252 = PCURVE('',#464,#1253);
#1253 = DEFINITIONAL_REPRESENTATION('',(#1254),#1258);
#1254 = LINE('',#1255,#1256);
#1255 = CARTESIAN_POINT('',(3.926990816988,0.));
#1256 = VECTOR('',#1257,1.);
#1257 = DIRECTION('',(1.,0.));
#1258 = ( GEOMETRIC_REPRESENTATION_CONTEXT(2) 
PARAMETRIC_REPRESENTATION_CONTEXT() REPRESENTATION_CONTEXT('2D SPACE',''
  ) );
#1259 = PCURVE('',#1260,#1265);
#1260 = CYLINDRICAL_SURFACE('',#1261,63.);
#1261 = AXIS2_PLACEMENT_3D('',#1262,#1263,#1264);
#1262 = CARTESIAN_POINT('',(-886.6199967142,-471.5236882634,
    85.406365370207));
#1263 = DIRECTION('',(-1.008768357388E-16,-0.965925826289,0.258819045103
    ));
#1264 = DIRECTION('',(2.085307054745E-15,-0.258819045103,-0.965925826289
    ));
#1265 = DEFINITIONAL_REPRESENTATION('',(#1266),#1270);
#1266 = LINE('',#1267,#1268);
#1267 = CARTESIAN_POINT('',(5.497787143782,17.999999999997));
#1268 = VECTOR('',#1269,1.);
#1269 = DIRECTION('',(1.,0.));
#1270 = ( GEOMETRIC_REPRESENTATION_CONTEXT(2) 
PARAMETRIC_REPRESENTATION_CONTEXT() REPRESENTATION_CONTEXT('2D SPACE',''
  ) );
#1271 = ORIENTED_EDGE('',*,*,#1272,.T.);
#1272 = EDGE_CURVE('',#1244,#448,#1273,.T.);
#1273 = SURFACE_CURVE('',#1274,(#1279,#1286),.PCURVE_S1.);
#1274 = CIRCLE('',#1275,2.);
#1275 = AXIS2_PLACEMENT_3D('',#1276,#1277,#1278);
#1276 = CARTESIAN_POINT('',(-886.6199967142,-504.6983148879,
    31.143632778419));
#1277 = DIRECTION('',(-1.,1.050497185157E-16,2.292723163573E-18));
#1278 = DIRECTION('',(-2.94034683508E-17,-0.258819045103,-0.965925826289
    ));
#1279 = PCURVE('',#464,#1280);
#1280 = DEFINITIONAL_REPRESENTATION('',(#1281),#1285);
#1281 = LINE('',#1282,#1283);
#1282 = CARTESIAN_POINT('',(4.712388980385,0.));
#1283 = VECTOR('',#1284,1.);
#1284 = DIRECTION('',(0.,1.));
#1285 = ( GEOMETRIC_REPRESENTATION_CONTEXT(2) 
PARAMETRIC_REPRESENTATION_CONTEXT() REPRESENTATION_CONTEXT('2D SPACE',''
  ) );
#1286 = PCURVE('',#492,#1287);
#1287 = DEFINITIONAL_REPRESENTATION('',(#1288),#1292);
#1288 = LINE('',#1289,#1290);
#1289 = CARTESIAN_POINT('',(0.785398163397,-165.));
#1290 = VECTOR('',#1291,1.);
#1291 = DIRECTION('',(-1.,0.));
#1292 = ( GEOMETRIC_REPRESENTATION_CONTEXT(2) 
PARAMETRIC_REPRESENTATION_CONTEXT() REPRESENTATION_CONTEXT('2D SPACE',''
  ) );
#1293 = ORIENTED_EDGE('',*,*,#447,.T.);
#1294 = ORIENTED_EDGE('',*,*,#1216,.F.);
#1295 = ORIENTED_EDGE('',*,*,#1296,.F.);
#1296 = EDGE_CURVE('',#1242,#1180,#1297,.T.);
#1297 = SURFACE_CURVE('',#1298,(#1583,#1871),.PCURVE_S1.);
#1298 = B_SPLINE_CURVE_WITH_KNOTS('',7,(#1299,#1300,#1301,#1302,#1303,
    #1304,#1305,#1306,#1307,#1308,#1309,#1310,#1311,#1312,#1313,#1314,
    #1315,#1316,#1317,#1318,#1319,#1320,#1321,#1322,#1323,#1324,#1325,
    #1326,#1327,#1328,#1329,#1330,#1331,#1332,#1333,#1334,#1335,#1336,
    #1337,#1338,#1339,#1340,#1341,#1342,#1343,#1344,#1345,#1346,#1347,
    #1348,#1349,#1350,#1351,#1352,#1353,#1354,#1355,#1356,#1357,#1358,
    #1359,#1360,#1361,#1362,#1363,#1364,#1365,#1366,#1367,#1368,#1369,
    #1370,#1371,#1372,#1373,#1374,#1375,#1376,#1377,#1378,#1379,#1380,
    #1381,#1382,#1383,#1384,#1385,#1386,#1387,#1388,#1389,#1390,#1391,
    #1392,#1393,#1394,#1395,#1396,#1397,#1398,#1399,#1400,#1401,#1402,
    #1403,#1404,#1405,#1406,#1407,#1408,#1409,#1410,#1411,#1412,#1413,
    #1414,#1415,#1416,#1417,#1418,#1419,#1420,#1421,#1422,#1423,#1424,
    #1425,#1426,#1427,#1428,#1429,#1430,#1431,#1432,#1433,#1434,#1435,
    #1436,#1437,#1438,#1439,#1440,#1441,#1442,#1443,#1444,#1445,#1446,
    #1447,#1448,#1449,#1450,#1451,#1452,#1453,#1454,#1455,#1456,#1457,
    #1458,#1459,#1460,#1461,#1462,#1463,#1464,#1465,#1466,#1467,#1468,
    #1469,#1470,#1471,#1472,#1473,#1474,#1475,#1476,#1477,#1478,#1479,
    #1480,#1481,#1482,#1483,#1484,#1485,#1486,#1487,#1488,#1489,#1490,
    #1491,#1492,#1493,#1494,#1495,#1496,#1497,#1498,#1499,#1500,#1501,
    #1502,#1503,#1504,#1505,#1506,#1507,#1508,#1509,#1510,#1511,#1512,
    #1513,#1514,#1515,#1516,#1517,#1518,#1519,#1520,#1521,#1522,#1523,
    #1524,#1525,#1526,#1527,#1528,#1529,#1530,#1531,#1532,#1533,#1534,
    #1535,#1536,#1537,#1538,#1539,#1540,#1541,#1542,#1543,#1544,#1545,
    #1546,#1547,#1548,#1549,#1550,#1551,#1552,#1553,#1554,#1555,#1556,
    #1557,#1558,#1559,#1560,#1561,#1562,#1563,#1564,#1565,#1566,#1567,
    #1568,#1569,#1570,#1571,#1572,#1573,#1574,#1575,#1576,#1577,#1578,
    #1579,#1580,#1581,#1582),.UNSPECIFIED.,.F.,.F.,(8,6,6,6,6,6,6,6,6,6,
    6,6,6,6,6,6,6,6,6,6,6,6,6,6,6,6,6,6,6,6,6,6,6,6,6,6,6,6,6,6,6,6,6,6,
    6,6,6,8),(0.,1.134491481262E-04,2.6786711016E-04,5.958169081165E-04,
    1.647264116097E-03,3.244511747428E-03,6.796582279619E-03,
    1.237913524273E-02,1.618462955444E-02,2.079059149231E-02,
    2.639717159525E-02,3.360500830614E-02,4.26141503426E-02,
    5.402505167643E-02,6.843799921042E-02,8.645333788846E-02,
    0.108871449862,0.136492514668,0.169716476557,0.208142664227,
    0.250169678828,0.292995804284,0.359233996951,0.425270248684,
    0.491505634757,0.557540820854,0.617373337664,0.677207111263,
    0.720032373912,0.764259852772,0.806087258597,0.843113027966,
    0.874536239141,0.900356402386,0.921173530002,0.937788011691,
    0.951000167371,0.961410524034,0.969619109543,0.976226493074,
    0.981432835306,0.985638524519,0.98904365283,0.994164006256,
    0.997510543441,0.99911468676,0.999654746994,1.),.UNSPECIFIED.);
#1299 = CARTESIAN_POINT('',(-886.6950610565,-505.2159414038,
    29.211824321564));
#1300 = CARTESIAN_POINT('',(-886.6948376373,-505.2170401503,
    29.212118454199));
#1301 = CARTESIAN_POINT('',(-886.6956032345,-505.2179547091,
    29.212365230056));
#1302 = CARTESIAN_POINT('',(-886.6967858144,-505.2187116861,
    29.212570619094));
#1303 = CARTESIAN_POINT('',(-886.6980688252,-505.2193330295,
    29.212739891534));
#1304 = CARTESIAN_POINT('',(-886.699321978,-505.2198506266,
    29.212881327203));
#1305 = CARTESIAN_POINT('',(-886.7005698244,-505.2203118695,
    29.213007658187));
#1306 = CARTESIAN_POINT('',(-886.7039422299,-505.2214081774,
    29.213308905489));
#1307 = CARTESIAN_POINT('',(-886.7059459354,-505.2219621677,
    29.213461855833));
#1308 = CARTESIAN_POINT('',(-886.7079855886,-505.2224610127,
    29.213600177365));
#1309 = CARTESIAN_POINT('',(-886.7100449167,-505.2229216844,
    29.213728388935));
#1310 = CARTESIAN_POINT('',(-886.7121150334,-505.2233552709,
    29.213849446685));
#1311 = CARTESIAN_POINT('',(-886.7141944392,-505.2237669766,
    29.213964744043));
#1312 = CARTESIAN_POINT('',(-886.7207374528,-505.2249825822,
    29.21430638465));
#1313 = CARTESIAN_POINT('',(-886.7252252118,-505.225719567,
    29.214515143146));
#1314 = CARTESIAN_POINT('',(-886.7297381423,-505.2263917508,
    29.214706976675));
#1315 = CARTESIAN_POINT('',(-886.7342662777,-505.2270175665,
    29.214886809408));
#1316 = CARTESIAN_POINT('',(-886.7388038403,-505.2276092053,
    29.215057900231));
#1317 = CARTESIAN_POINT('',(-886.7433492415,-505.2281726172,
    29.215221842746));
#1318 = CARTESIAN_POINT('',(-886.7625116635,-505.2304224444,
    29.215881036858));
#1319 = CARTESIAN_POINT('',(-886.777191644,-505.231867344,
    29.216315410004));
#1320 = CARTESIAN_POINT('',(-886.791901308,-505.2331865109,
    29.216720318444));
#1321 = CARTESIAN_POINT('',(-886.8066340697,-505.2343865215,
    29.217097514926));
#1322 = CARTESIAN_POINT('',(-886.8213770504,-505.2355105582,
    29.217458549372));
#1323 = CARTESIAN_POINT('',(-886.8361317223,-505.2365643952,
    29.217804978434));
#1324 = CARTESIAN_POINT('',(-886.8733346797,-505.2390781118,
    29.218650548149));
#1325 = CARTESIAN_POINT('',(-886.8957900594,-505.240463196,
    29.219135131384));
#1326 = CARTESIAN_POINT('',(-886.9182590317,-505.241754738,
    29.219604371364));
#1327 = CARTESIAN_POINT('',(-886.9407378574,-505.2429703232,
    29.22006298079));
#1328 = CARTESIAN_POINT('',(-886.9632242863,-505.2441212221,
    29.220513979347));
#1329 = CARTESIAN_POINT('',(-886.9857168082,-505.245217625,
    29.220960099536));
#1330 = CARTESIAN_POINT('',(-887.0582485045,-505.2485967627,
    29.222388033442));
#1331 = CARTESIAN_POINT('',(-887.108307289,-505.2506900206,
    29.223357450083));
#1332 = CARTESIAN_POINT('',(-887.1583816839,-505.2526180416,
    29.224330724555));
#1333 = CARTESIAN_POINT('',(-887.2084669498,-505.2544118951,
    29.225316190268));
#1334 = CARTESIAN_POINT('',(-887.2585603357,-505.2560907895,
    29.226318996302));
#1335 = CARTESIAN_POINT('',(-887.3086599768,-505.2576731375,
    29.227344083798));
#1336 = CARTESIAN_POINT('',(-887.4375137268,-505.261520299,
    29.230044615272));
#1337 = CARTESIAN_POINT('',(-887.5162746081,-505.2636589512,
    29.2317570414));
#1338 = CARTESIAN_POINT('',(-887.5950439842,-505.2656294594,
    29.233543400218));
#1339 = CARTESIAN_POINT('',(-887.6738191964,-505.2674559016,
    29.235410154193));
#1340 = CARTESIAN_POINT('',(-887.7525984672,-505.2691545705,
    29.237361673384));
#1341 = CARTESIAN_POINT('',(-887.8313805291,-505.2707393085,
    29.239401672477));
#1342 = CARTESIAN_POINT('',(-887.9638701339,-505.2732288008,
    29.242985412623));
#1343 = CARTESIAN_POINT('',(-888.0175763771,-505.2741895333,
    29.244480436805));
#1344 = CARTESIAN_POINT('',(-888.0712832077,-505.2751048786,
    29.246018604551));
#1345 = CARTESIAN_POINT('',(-888.124990362,-505.2759774683,
    29.247600621675));
#1346 = CARTESIAN_POINT('',(-888.1786976103,-505.2768095565,
    29.24922709252));
#1347 = CARTESIAN_POINT('',(-888.2324047573,-505.2776030198,
    29.250898519953));
#1348 = CARTESIAN_POINT('',(-888.3511155133,-505.279274787,
    29.254693208435));
#1349 = CARTESIAN_POINT('',(-888.4161189836,-505.2801359612,
    29.2568375932));
#1350 = CARTESIAN_POINT('',(-888.4811217527,-505.2809456246,
    29.259049194447));
#1351 = CARTESIAN_POINT('',(-888.5461235467,-505.281706195,
    29.261328658958));
#1352 = CARTESIAN_POINT('',(-888.6111241179,-505.2824197634,
    29.263676545524));
#1353 = CARTESIAN_POINT('',(-888.6761232441,-505.2830880942,
    29.266093324937));
#1354 = CARTESIAN_POINT('',(-888.820238536,-505.2844728316,
    29.271605515906));
#1355 = CARTESIAN_POINT('',(-888.8993538988,-505.2851682518,
    29.274734326179));
#1356 = CARTESIAN_POINT('',(-888.9784664547,-505.2858015431,
    29.277966518484));
#1357 = CARTESIAN_POINT('',(-889.057575862,-505.2863750587,
    29.281302718158));
#1358 = CARTESIAN_POINT('',(-889.1366818001,-505.2868908468,
    29.284743468199));
#1359 = CARTESIAN_POINT('',(-889.2157839699,-505.2873506512,
    29.288289229272));
#1360 = CARTESIAN_POINT('',(-889.3965708857,-505.2882769148,
    29.296634309985));
#1361 = CARTESIAN_POINT('',(-889.498252979,-505.2887078885,
    29.301502457284));
#1362 = CARTESIAN_POINT('',(-889.5999277757,-505.2890519421,
    29.30654563928));
#1363 = CARTESIAN_POINT('',(-889.7015947,-505.2893118271,29.311764575929
    ));
#1364 = CARTESIAN_POINT('',(-889.8032531988,-505.2894899357,
    29.317159889467));
#1365 = CARTESIAN_POINT('',(-889.9049027407,-505.2895883021,
    29.322732104406));
#1366 = CARTESIAN_POINT('',(-890.1335836922,-505.2896339733,
    29.335668054887));
#1367 = CARTESIAN_POINT('',(-890.2606097685,-505.289537513,
    29.343131532109));
#1368 = CARTESIAN_POINT('',(-890.3876200445,-505.2893225558,
    29.350872929791));
#1369 = CARTESIAN_POINT('',(-890.5146135399,-505.2889920592,
    29.358892993619));
#1370 = CARTESIAN_POINT('',(-890.6415892951,-505.2885486018,
    29.367192364372));
#1371 = CARTESIAN_POINT('',(-890.7685463717,-505.287994384,
    29.375771577926));
#1372 = CARTESIAN_POINT('',(-891.056261766,-505.2864912799,
    29.39585241522));
#1373 = CARTESIAN_POINT('',(-891.2170082319,-505.2854767087,
    29.407523433355));
#1374 = CARTESIAN_POINT('',(-891.3777213781,-505.2842912809,
    29.419645012517));
#1375 = CARTESIAN_POINT('',(-891.5383993543,-505.2829383395,
    29.432217923588));
#1376 = CARTESIAN_POINT('',(-891.6990403312,-505.2814208037,
    29.44524281547));
#1377 = CARTESIAN_POINT('',(-891.8596425007,-505.2797411693,
    29.458720215085));
#1378 = CARTESIAN_POINT('',(-892.2230071233,-505.2755778588,
    29.490245707126));
#1379 = CARTESIAN_POINT('',(-892.4257453969,-505.2729990626,
    29.508563499495));
#1380 = CARTESIAN_POINT('',(-892.6284152891,-505.2701693677,
    29.527604739685));
#1381 = CARTESIAN_POINT('',(-892.8310132147,-505.2670925531,
    29.547370116491));
#1382 = CARTESIAN_POINT('',(-893.0335356102,-505.2637719295,
    29.567860172302));
#1383 = CARTESIAN_POINT('',(-893.2359789349,-505.2602103389,
    29.589075303096));
#1384 = CARTESIAN_POINT('',(-893.6912787139,-505.2516601472,
    29.63844004018));
#1385 = CARTESIAN_POINT('',(-893.9440887141,-505.2465375413,
    29.666997580479));
#1386 = CARTESIAN_POINT('',(-894.1967627917,-505.2410470521,
    29.696688888043));
#1387 = CARTESIAN_POINT('',(-894.4492940934,-505.235192898,
    29.727514288493));
#1388 = CARTESIAN_POINT('',(-894.7016757908,-505.2289788003,
    29.759473924374));
#1389 = CARTESIAN_POINT('',(-894.9539010809,-505.2224079838,
    29.792567755149));
#1390 = CARTESIAN_POINT('',(-895.5196268139,-505.2068660124,
    29.869388300681));
#1391 = CARTESIAN_POINT('',(-895.8330377406,-505.1977008688,
    29.913737054619));
#1392 = CARTESIAN_POINT('',(-896.1461828987,-505.1879930851,
    29.959841410306));
#1393 = CARTESIAN_POINT('',(-896.4590492565,-505.1777474869,
    30.007700702912));
#1394 = CARTESIAN_POINT('',(-896.7716238186,-505.1669683852,
    30.057314011484));
#1395 = CARTESIAN_POINT('',(-897.0838936254,-505.1556595767,
    30.10868015895));
#1396 = CARTESIAN_POINT('',(-897.780197921,-505.1292423066,
    30.227243159971));
#1397 = CARTESIAN_POINT('',(-898.1640678357,-505.1138613192,
    30.295347358624));
#1398 = CARTESIAN_POINT('',(-898.5474313181,-505.0976876075,
    30.36610765028));
#1399 = CARTESIAN_POINT('',(-898.930264257,-505.0807268987,
    30.439520973801));
#1400 = CARTESIAN_POINT('',(-899.3125426088,-505.0629844206,
    30.515583864701));
#1401 = CARTESIAN_POINT('',(-899.694242398,-505.0444649021,
    30.594292455149));
#1402 = CARTESIAN_POINT('',(-900.5337421308,-505.0019668196,
    30.773494238339));
#1403 = CARTESIAN_POINT('',(-900.9912728673,-504.9776431026,
    30.875167789134));
#1404 = CARTESIAN_POINT('',(-901.4478903098,-504.9522088709,
    30.980655715385));
#1405 = CARTESIAN_POINT('',(-901.903552989,-504.9256711643,
    31.089949939014));
#1406 = CARTESIAN_POINT('',(-902.3582195827,-504.898036613,
    31.20304171483));
#1407 = CARTESIAN_POINT('',(-902.8118489154,-504.8693114377,
    31.319921630536));
#1408 = CARTESIAN_POINT('',(-903.787811687,-504.8050237974,
    31.580130273564));
#1409 = CARTESIAN_POINT('',(-904.3097810289,-504.7690951584,
    31.724734816173));
#1410 = CARTESIAN_POINT('',(-904.8302444981,-504.731724603,
    31.874377659249));
#1411 = CARTESIAN_POINT('',(-905.34913891,-504.6929209734,
    32.029042185241));
#1412 = CARTESIAN_POINT('',(-905.8664013822,-504.6526928833,
    32.188710734353));
#1413 = CARTESIAN_POINT('',(-906.3819693335,-504.6110487182,
    32.353364604538));
#1414 = CARTESIAN_POINT('',(-907.4577396613,-504.5209102433,
    32.708498134639));
#1415 = CARTESIAN_POINT('',(-908.0175973955,-504.4721398027,
    32.89995206268));
#1416 = CARTESIAN_POINT('',(-908.5752722003,-504.4216960457,
    33.097320017312));
#1417 = CARTESIAN_POINT('',(-909.1306830963,-504.3695896993,
    33.300574805678));
#1418 = CARTESIAN_POINT('',(-909.683749612,-504.3158314856,
    33.509687860373));
#1419 = CARTESIAN_POINT('',(-910.2343917836,-504.2604321217,
    33.724629239445));
#1420 = CARTESIAN_POINT('',(-911.3410909498,-504.1452881396,
    34.170303181351));
#1421 = CARTESIAN_POINT('',(-911.8970518679,-504.0854809793,
    34.401258324486));
#1422 = CARTESIAN_POINT('',(-912.4503288323,-504.0239922085,
    34.638199926473));
#1423 = CARTESIAN_POINT('',(-913.0008384035,-503.9608333466,
    34.881093458045));
#1424 = CARTESIAN_POINT('',(-913.5484977793,-503.8960160616,
    35.129902989993));
#1425 = CARTESIAN_POINT('',(-914.0932247953,-503.8295521704,
    35.384591193165));
#1426 = CARTESIAN_POINT('',(-915.4727932814,-503.6561271917,
    36.048072286009));
#1427 = CARTESIAN_POINT('',(-916.3034390398,-503.5468904252,
    36.464995764034));
#1428 = CARTESIAN_POINT('',(-917.1265733523,-503.4337876012,
    36.895746356526));
#1429 = CARTESIAN_POINT('',(-917.9418986748,-503.3168642832,
    37.340173107631));
#1430 = CARTESIAN_POINT('',(-918.7491217676,-503.1961673366,
    37.798117521664));
#1431 = CARTESIAN_POINT('',(-919.5479536947,-503.0717449286,
    38.269413563107));
#1432 = CARTESIAN_POINT('',(-921.1258569974,-502.8159386628,
    39.236884729872));
#1433 = CARTESIAN_POINT('',(-921.9049815695,-502.6845772177,
    39.732979883253));
#1434 = CARTESIAN_POINT('',(-922.6752015126,-502.5496112914,
    40.242001131914));
#1435 = CARTESIAN_POINT('',(-923.4362398021,-502.4110914161,
    40.763769579333));
#1436 = CARTESIAN_POINT('',(-924.1878244158,-502.2690695579,
    41.298099417306));
#1437 = CARTESIAN_POINT('',(-924.929688334,-502.1235991169,
    41.844797925951));
#1438 = CARTESIAN_POINT('',(-926.3956577554,-501.825421833,
    42.964218303677));
#1439 = CARTESIAN_POINT('',(-927.1197033152,-501.6726944538,
    43.537013955582));
#1440 = CARTESIAN_POINT('',(-927.8334418326,-501.5166081593,
    44.121850981054));
#1441 = CARTESIAN_POINT('',(-928.5366146934,-501.357219727,
    44.71852150651));
#1442 = CARTESIAN_POINT('',(-929.2289690558,-501.194587343,
    45.326811233156));
#1443 = CARTESIAN_POINT('',(-929.9102578497,-501.0287706011,
    45.946499436976));
#1444 = CARTESIAN_POINT('',(-931.2481966493,-500.6914010366,
    47.206311694023));
#1445 = CARTESIAN_POINT('',(-931.9049152242,-500.519866989,
    47.846368620889));
#1446 = CARTESIAN_POINT('',(-932.5501563994,-500.3452888378,
    48.497304649771));
#1447 = CARTESIAN_POINT('',(-933.1836874151,-500.1677282998,
    49.158888939058));
#1448 = CARTESIAN_POINT('',(-933.8052818546,-499.9872483318,
    49.830884905098));
#1449 = CARTESIAN_POINT('',(-934.4147196443,-499.8039131302,
    50.513050222199));
#1450 = CARTESIAN_POINT('',(-935.5527720641,-499.4491458098,
    51.832215893676));
#1451 = CARTESIAN_POINT('',(-936.0836016524,-499.2782130877,
    52.467440205768));
#1452 = CARTESIAN_POINT('',(-936.6041168767,-499.1050386465,
    53.110625269208));
#1453 = CARTESIAN_POINT('',(-937.1141634387,-498.9296718442,
    53.761583136655));
#1454 = CARTESIAN_POINT('',(-937.6135916833,-498.7521627153,
    54.420122403129));
#1455 = CARTESIAN_POINT('',(-938.1022565991,-498.5725619712,
    55.086048206007));
#1456 = CARTESIAN_POINT('',(-939.0577890725,-498.2092762135,
    56.43229038289));
#1457 = CARTESIAN_POINT('',(-939.5246563263,-498.0255910157,
    57.112607264663));
#1458 = CARTESIAN_POINT('',(-939.9804792104,-497.8399168293,
    57.799914541088));
#1459 = CARTESIAN_POINT('',(-940.4251223086,-497.6523055204,
    58.49401082645));
#1460 = CARTESIAN_POINT('',(-940.8584551574,-497.4628093987,
    59.194691678573));
#1461 = CARTESIAN_POINT('',(-941.2803522458,-497.2714812173,
    59.901749598825));
#1462 = CARTESIAN_POINT('',(-941.9843892043,-496.9401602617,
    61.125455351366));
#1463 = CARTESIAN_POINT('',(-942.2721653711,-496.8010350265,
    61.639095723398));
#1464 = CARTESIAN_POINT('',(-942.5539773353,-496.6610179606,
    62.155817980405));
#1465 = CARTESIAN_POINT('',(-942.8297822761,-496.5201285883,
    62.675544239492));
#1466 = CARTESIAN_POINT('',(-943.0995387329,-496.3783864658,
    63.198195902664));
#1467 = CARTESIAN_POINT('',(-943.3632066053,-496.2358111809,
    63.723693656835));
#1468 = CARTESIAN_POINT('',(-943.8867202825,-495.9443385828,
    64.797518092789));
#1469 = CARTESIAN_POINT('',(-944.1461582919,-495.7953870701,
    65.34602891574));
#1470 = CARTESIAN_POINT('',(-944.3990185096,-495.6455894535,
    65.897401797886));
#1471 = CARTESIAN_POINT('',(-944.6452598617,-495.4949672651,
    66.451547851323));
#1472 = CARTESIAN_POINT('',(-944.8848428724,-495.3435419303,
    67.008377445035));
#1473 = CARTESIAN_POINT('',(-945.1177296638,-495.1913347687,
    67.567800204888));
#1474 = CARTESIAN_POINT('',(-945.557765633,-494.8937002518,
    68.661156097301));
#1475 = CARTESIAN_POINT('',(-945.7656257017,-494.7483531266,
    69.19482506657));
#1476 = CARTESIAN_POINT('',(-945.9674334765,-494.6023436005,
    69.730654863812));
#1477 = CARTESIAN_POINT('',(-946.1631595845,-494.4556893532,
    70.268567863921));
#1478 = CARTESIAN_POINT('',(-946.3527759657,-494.3084077609,
    70.808485874315));
#1479 = CARTESIAN_POINT('',(-946.5362558726,-494.160515896,
    71.350330134934));
#1480 = CARTESIAN_POINT('',(-946.8705363969,-493.880590748,
    72.375298699993));
#1481 = CARTESIAN_POINT('',(-947.0226705507,-493.7486858015,
    72.858023301152));
#1482 = CARTESIAN_POINT('',(-947.1699586919,-493.6163273674,
    73.342140118088));
#1483 = CARTESIAN_POINT('',(-947.3123840031,-493.4835266626,
    73.827593769566));
#1484 = CARTESIAN_POINT('',(-947.4499304893,-493.3502944422,
    74.314328496745));
#1485 = CARTESIAN_POINT('',(-947.5825829776,-493.216640999,
    74.802288163183));
#1486 = CARTESIAN_POINT('',(-947.8187416402,-492.9687973635,
    75.706531877754));
#1487 = CARTESIAN_POINT('',(-947.9236208495,-492.8547221301,
    76.122489054737));
#1488 = CARTESIAN_POINT('',(-948.0249559751,-492.740356525,
    76.539253260214));
#1489 = CARTESIAN_POINT('',(-948.1227386793,-492.6257060605,
    76.956789704027));
#1490 = CARTESIAN_POINT('',(-948.2169610573,-492.5107756993,
    77.375063331437));
#1491 = CARTESIAN_POINT('',(-948.3076156373,-492.3955698551,
    77.794038823118));
#1492 = CARTESIAN_POINT('',(-948.4662480038,-492.1852056245,
    78.558496374764));
#1493 = CARTESIAN_POINT('',(-948.535386985,-492.0901353403,
    78.903761977032));
#1494 = CARTESIAN_POINT('',(-948.6021084197,-491.994883734,
    79.249457678818));
#1495 = CARTESIAN_POINT('',(-948.6664086033,-491.8994524342,
    79.595563549993));
#1496 = CARTESIAN_POINT('',(-948.7282840304,-491.8038425042,
    79.942059453446));
#1497 = CARTESIAN_POINT('',(-948.7877313957,-491.7080544418,
    80.288925045085));
#1498 = CARTESIAN_POINT('',(-948.8907160657,-491.5347167887,
    80.916076552296));
#1499 = CARTESIAN_POINT('',(-948.9351042419,-491.4572294431,
    81.196240238327));
#1500 = CARTESIAN_POINT('',(-948.9779104946,-491.3796261535,
    81.476620078247));
#1501 = CARTESIAN_POINT('',(-949.0191332816,-491.3019063904,
    81.757205141246));
#1502 = CARTESIAN_POINT('',(-949.0587711459,-491.2240690839,
    82.037984319383));
#1503 = CARTESIAN_POINT('',(-949.096822716,-491.1461126236,
    82.318946327587));
#1504 = CARTESIAN_POINT('',(-949.1623891972,-491.0057197493,
    82.824456736603));
#1505 = CARTESIAN_POINT('',(-949.1904804175,-490.9433272562,
    83.048942892601));
#1506 = CARTESIAN_POINT('',(-949.2175597124,-490.8808563283,
    83.273532359338));
#1507 = CARTESIAN_POINT('',(-949.2436264633,-490.8183054161,
    83.498219166265));
#1508 = CARTESIAN_POINT('',(-949.2686800862,-490.7556724718,
    83.722997184592));
#1509 = CARTESIAN_POINT('',(-949.2927200327,-490.6929549492,
    83.947860127287));
#1510 = CARTESIAN_POINT('',(-949.3340563137,-490.5802059435,
    84.35167929796));
#1511 = CARTESIAN_POINT('',(-949.3517254912,-490.5302065681,
    84.530606640293));
#1512 = CARTESIAN_POINT('',(-949.3687530635,-490.4801501855,
    84.709580348949));
#1513 = CARTESIAN_POINT('',(-949.3851387865,-490.4300348482,
    84.888597052158));
#1514 = CARTESIAN_POINT('',(-949.4008824309,-490.3798581538,
    85.067653233503));
#1515 = CARTESIAN_POINT('',(-949.4159837813,-490.3296172445,
    85.246745231924));
#1516 = CARTESIAN_POINT('',(-949.4418353155,-490.239668889,
    85.567007816998));
#1517 = CARTESIAN_POINT('',(-949.4528291038,-490.1999869529,
    85.708166234624));
#1518 = CARTESIAN_POINT('',(-949.4634239037,-490.1602614114,
    85.849342645235));
#1519 = CARTESIAN_POINT('',(-949.4736196225,-490.1204902749,
    85.99053507003));
#1520 = CARTESIAN_POINT('',(-949.4834161737,-490.0806711519,
    86.131741400759));
#1521 = CARTESIAN_POINT('',(-949.4928134763,-490.0408012491,
    86.272959399731));
#1522 = CARTESIAN_POINT('',(-949.508906378,-489.9693973201,
    86.525544687465));
#1523 = CARTESIAN_POINT('',(-949.5157530273,-489.9378836281,
    86.636908429024));
#1524 = CARTESIAN_POINT('',(-949.522351366,-489.9063347585,
    86.748276775363));
#1525 = CARTESIAN_POINT('',(-949.5287013599,-489.8747488182,
    86.859648460529));
#1526 = CARTESIAN_POINT('',(-949.5348029768,-489.8431235587,
    86.971022101734));
#1527 = CARTESIAN_POINT('',(-949.5406561871,-489.8114563758,
    87.082396199359));
#1528 = CARTESIAN_POINT('',(-949.5507724484,-489.7542181351,
    87.283417190553));
#1529 = CARTESIAN_POINT('',(-949.5551229674,-489.7286628007,
    87.37306446384));
#1530 = CARTESIAN_POINT('',(-949.5593125068,-489.703076795,
    87.462710126699));
#1531 = CARTESIAN_POINT('',(-949.5633410533,-489.6774582617,
    87.552353232947));
#1532 = CARTESIAN_POINT('',(-949.5672085952,-489.6518049991,
    87.641992720335));
#1533 = CARTESIAN_POINT('',(-949.5709151217,-489.6261144605,
    87.731627410547));
#1534 = CARTESIAN_POINT('',(-949.5772543304,-489.5801090321,
    87.891879601142));
#1535 = CARTESIAN_POINT('',(-949.5799480607,-489.5598092975,
    87.962499383485));
#1536 = CARTESIAN_POINT('',(-949.5825418095,-489.5394831629,
    88.033114734532));
#1537 = CARTESIAN_POINT('',(-949.5850355727,-489.5191289294,
    88.10372492502));
#1538 = CARTESIAN_POINT('',(-949.5874293469,-489.4987445867,
    88.174329118114));
#1539 = CARTESIAN_POINT('',(-949.589723129,-489.4783278131,
    88.244926369414));
#1540 = CARTESIAN_POINT('',(-949.5936890608,-489.4413549573,
    88.372537709978));
#1541 = CARTESIAN_POINT('',(-949.5953959544,-489.4248109847,
    88.429554547925));
#1542 = CARTESIAN_POINT('',(-949.597037596,-489.4082427026,
    88.486565600544));
#1543 = CARTESIAN_POINT('',(-949.5986139849,-489.3916484402,
    88.543570215141));
#1544 = CARTESIAN_POINT('',(-949.6001251205,-489.3750262107,
    88.600567626569));
#1545 = CARTESIAN_POINT('',(-949.6015710027,-489.3583737117,
    88.65755695723));
#1546 = CARTESIAN_POINT('',(-949.6040694549,-489.3281790331,
    88.760671176595));
#1547 = CARTESIAN_POINT('',(-949.6051445028,-489.3146481024,
    88.806799157119));
#1548 = CARTESIAN_POINT('',(-949.6061767753,-489.3010941823,
    88.852920650954));
#1549 = CARTESIAN_POINT('',(-949.6071662728,-489.2875155874,
    88.899035026733));
#1550 = CARTESIAN_POINT('',(-949.6081129957,-489.2739102966,
    88.94514152941));
#1551 = CARTESIAN_POINT('',(-949.609016945,-489.260275954,
    88.991239280263));
#1552 = CARTESIAN_POINT('',(-949.6111730891,-489.2260599258,
    89.106630636375));
#1553 = CARTESIAN_POINT('',(-949.6123713354,-489.2054380637,
    89.175911586245));
#1554 = CARTESIAN_POINT('',(-949.613472873,-489.1847350235,
    89.245167071768));
#1555 = CARTESIAN_POINT('',(-949.6144777076,-489.1639373517,
    89.314392176084));
#1556 = CARTESIAN_POINT('',(-949.6153858437,-489.1430293813,
    89.383580834346));
#1557 = CARTESIAN_POINT('',(-949.6161972918,-489.1219878242,
    89.452723964948));
#1558 = CARTESIAN_POINT('',(-949.6173792432,-489.0869008548,
    89.566954696606));
#1559 = CARTESIAN_POINT('',(-949.6178051062,-489.0729568937,
    89.612076442162));
#1560 = CARTESIAN_POINT('',(-949.6181896902,-489.0589264328,
    89.657167701713));
#1561 = CARTESIAN_POINT('',(-949.6185330028,-489.0447883682,
    89.702220501292));
#1562 = CARTESIAN_POINT('',(-949.618835046,-489.030522662,
    89.747226113089));
#1563 = CARTESIAN_POINT('',(-949.61909583,-489.0160957964,
    89.792169493954));
#1564 = CARTESIAN_POINT('',(-949.6194206354,-488.9943854919,
    89.858509208641));
#1565 = CARTESIAN_POINT('',(-949.619516398,-488.9872936464,
    89.879979622978));
#1566 = CARTESIAN_POINT('',(-949.6196026962,-488.9801366321,
    89.901424005811));
#1567 = CARTESIAN_POINT('',(-949.6196795338,-488.9728949587,
    89.922834037074));
#1568 = CARTESIAN_POINT('',(-949.6197469095,-488.9655532126,
    89.944201429755));
#1569 = CARTESIAN_POINT('',(-949.6198048271,-488.9580841934,
    89.965510800698));
#1570 = CARTESIAN_POINT('',(-949.6198696258,-488.9478151611,
    89.993857460351));
#1571 = CARTESIAN_POINT('',(-949.6198848757,-488.9452036201,
    90.000984349064));
#1572 = CARTESIAN_POINT('',(-949.6198990558,-488.9425654341,
    90.008098202006));
#1573 = CARTESIAN_POINT('',(-949.6199121668,-488.9398960901,
    90.015196565954));
#1574 = CARTESIAN_POINT('',(-949.6199242093,-488.937188126,
    90.022274789934));
#1575 = CARTESIAN_POINT('',(-949.6199351835,-488.9344311305,
    90.029326025226));
#1576 = CARTESIAN_POINT('',(-949.6199514227,-488.9298093473,
    90.040825945367));
#1577 = CARTESIAN_POINT('',(-949.6199573164,-488.9279791062,
    90.045291095162));
#1578 = CARTESIAN_POINT('',(-949.6199627739,-488.9261210924,
    90.04974038591));
#1579 = CARTESIAN_POINT('',(-949.6199677964,-488.92422916,
    90.054170564454));
#1580 = CARTESIAN_POINT('',(-949.619972383,-488.9222909437,
    90.058571413317));
#1581 = CARTESIAN_POINT('',(-949.6199765311,-488.9202878591,
    90.062925750702));
#1582 = CARTESIAN_POINT('',(-949.6199802363,-488.9181951026,
    90.067209430494));
#1583 = PCURVE('',#464,#1584);
#1584 = DEFINITIONAL_REPRESENTATION('',(#1585),#1870);
#1585 = B_SPLINE_CURVE_WITH_KNOTS('',7,(#1586,#1587,#1588,#1589,#1590,
    #1591,#1592,#1593,#1594,#1595,#1596,#1597,#1598,#1599,#1600,#1601,
    #1602,#1603,#1604,#1605,#1606,#1607,#1608,#1609,#1610,#1611,#1612,
    #1613,#1614,#1615,#1616,#1617,#1618,#1619,#1620,#1621,#1622,#1623,
    #1624,#1625,#1626,#1627,#1628,#1629,#1630,#1631,#1632,#1633,#1634,
    #1635,#1636,#1637,#1638,#1639,#1640,#1641,#1642,#1643,#1644,#1645,
    #1646,#1647,#1648,#1649,#1650,#1651,#1652,#1653,#1654,#1655,#1656,
    #1657,#1658,#1659,#1660,#1661,#1662,#1663,#1664,#1665,#1666,#1667,
    #1668,#1669,#1670,#1671,#1672,#1673,#1674,#1675,#1676,#1677,#1678,
    #1679,#1680,#1681,#1682,#1683,#1684,#1685,#1686,#1687,#1688,#1689,
    #1690,#1691,#1692,#1693,#1694,#1695,#1696,#1697,#1698,#1699,#1700,
    #1701,#1702,#1703,#1704,#1705,#1706,#1707,#1708,#1709,#1710,#1711,
    #1712,#1713,#1714,#1715,#1716,#1717,#1718,#1719,#1720,#1721,#1722,
    #1723,#1724,#1725,#1726,#1727,#1728,#1729,#1730,#1731,#1732,#1733,
    #1734,#1735,#1736,#1737,#1738,#1739,#1740,#1741,#1742,#1743,#1744,
    #1745,#1746,#1747,#1748,#1749,#1750,#1751,#1752,#1753,#1754,#1755,
    #1756,#1757,#1758,#1759,#1760,#1761,#1762,#1763,#1764,#1765,#1766,
    #1767,#1768,#1769,#1770,#1771,#1772,#1773,#1774,#1775,#1776,#1777,
    #1778,#1779,#1780,#1781,#1782,#1783,#1784,#1785,#1786,#1787,#1788,
    #1789,#1790,#1791,#1792,#1793,#1794,#1795,#1796,#1797,#1798,#1799,
    #1800,#1801,#1802,#1803,#1804,#1805,#1806,#1807,#1808,#1809,#1810,
    #1811,#1812,#1813,#1814,#1815,#1816,#1817,#1818,#1819,#1820,#1821,
    #1822,#1823,#1824,#1825,#1826,#1827,#1828,#1829,#1830,#1831,#1832,
    #1833,#1834,#1835,#1836,#1837,#1838,#1839,#1840,#1841,#1842,#1843,
    #1844,#1845,#1846,#1847,#1848,#1849,#1850,#1851,#1852,#1853,#1854,
    #1855,#1856,#1857,#1858,#1859,#1860,#1861,#1862,#1863,#1864,#1865,
    #1866,#1867,#1868,#1869),.UNSPECIFIED.,.F.,.F.,(8,6,6,6,6,6,6,6,6,6,
    6,6,6,6,6,6,6,6,6,6,6,6,6,6,6,6,6,6,6,6,6,6,6,6,6,6,6,6,6,6,6,6,6,6,
    6,6,6,8),(0.,1.134491481262E-04,2.6786711016E-04,5.958169081165E-04,
    1.647264116097E-03,3.244511747428E-03,6.796582279619E-03,
    1.237913524273E-02,1.618462955444E-02,2.079059149231E-02,
    2.639717159525E-02,3.360500830614E-02,4.26141503426E-02,
    5.402505167643E-02,6.843799921042E-02,8.645333788846E-02,
    0.108871449862,0.136492514668,0.169716476557,0.208142664227,
    0.250169678828,0.292995804284,0.359233996951,0.425270248684,
    0.491505634757,0.557540820854,0.617373337664,0.677207111263,
    0.720032373912,0.764259852772,0.806087258597,0.843113027966,
    0.874536239141,0.900356402386,0.921173530002,0.937788011691,
    0.951000167371,0.961410524034,0.969619109543,0.976226493074,
    0.981432835306,0.985638524519,0.98904365283,0.994164006256,
    0.997510543441,0.99911468676,0.999654746994,1.),.UNSPECIFIED.);
#1586 = CARTESIAN_POINT('',(4.711197482606,0.));
#1587 = CARTESIAN_POINT('',(4.711201028945,5.687173585242E-04));
#1588 = CARTESIAN_POINT('',(4.711188876586,1.042350465309E-03));
#1589 = CARTESIAN_POINT('',(4.711170105444,1.434521909794E-03));
#1590 = CARTESIAN_POINT('',(4.711149740155,1.756513644912E-03));
#1591 = CARTESIAN_POINT('',(4.711129848802,2.024797510142E-03));
#1592 = CARTESIAN_POINT('',(4.711110041678,2.263909698616E-03));
#1593 = CARTESIAN_POINT('',(4.711056511322,2.832371819658E-03));
#1594 = CARTESIAN_POINT('',(4.711024706404,3.119723025536E-03));
#1595 = CARTESIAN_POINT('',(4.710992330884,3.378548170495E-03));
#1596 = CARTESIAN_POINT('',(4.71095964306,3.617628801232E-03));
#1597 = CARTESIAN_POINT('',(4.710926783984,3.842702626546E-03));
#1598 = CARTESIAN_POINT('',(4.710893777457,4.056463517331E-03));
#1599 = CARTESIAN_POINT('',(4.710789919815,4.687773198417E-03));
#1600 = CARTESIAN_POINT('',(4.710718685335,5.070729207149E-03));
#1601 = CARTESIAN_POINT('',(4.710647051285,5.420198939869E-03));
#1602 = CARTESIAN_POINT('',(4.710575175868,5.745721927521E-03));
#1603 = CARTESIAN_POINT('',(4.710503150791,6.053607824897E-03));
#1604 = CARTESIAN_POINT('',(4.71043100127,6.346936410637E-03));
#1605 = CARTESIAN_POINT('',(4.710126834502,7.518851195052E-03));
#1606 = CARTESIAN_POINT('',(4.709893817685,8.272918873202E-03));
#1607 = CARTESIAN_POINT('',(4.709660329448,8.962451794542E-03));
#1608 = CARTESIAN_POINT('',(4.709426474306,9.590852753953E-03));
#1609 = CARTESIAN_POINT('',(4.70919245666,1.018047163775E-02));
#1610 = CARTESIAN_POINT('',(4.708958253124,1.073429855301E-02));
#1611 = CARTESIAN_POINT('',(4.708367723103,1.205783910926E-02));
#1612 = CARTESIAN_POINT('',(4.708011283569,1.278954783519E-02));
#1613 = CARTESIAN_POINT('',(4.707654627423,1.347409730158E-02));
#1614 = CARTESIAN_POINT('',(4.707297813943,1.412059024003E-02));
#1615 = CARTESIAN_POINT('',(4.706940878773,1.473486041539E-02));
#1616 = CARTESIAN_POINT('',(4.706583845806,1.532218275146E-02));
#1617 = CARTESIAN_POINT('',(4.705432516922,1.713919844551E-02));
#1618 = CARTESIAN_POINT('',(4.704637905176,1.827578860029E-02));
#1619 = CARTESIAN_POINT('',(4.703843039114,1.933308742717E-02));
#1620 = CARTESIAN_POINT('',(4.703047993141,2.032717767222E-02));
#1621 = CARTESIAN_POINT('',(4.702252810107,2.126800178088E-02));
#1622 = CARTESIAN_POINT('',(4.701457518786,2.216509115248E-02));
#1623 = CARTESIAN_POINT('',(4.699412044391,2.437318719459E-02));
#1624 = CARTESIAN_POINT('',(4.698161739383,2.562806263539E-02));
#1625 = CARTESIAN_POINT('',(4.696911272091,2.681132003149E-02));
#1626 = CARTESIAN_POINT('',(4.695660681529,2.793542291622E-02));
#1627 = CARTESIAN_POINT('',(4.694409992715,2.900880447236E-02));
#1628 = CARTESIAN_POINT('',(4.693159222578,3.003862958535E-02));
#1629 = CARTESIAN_POINT('',(4.691055706066,3.170553457006E-02));
#1630 = CARTESIAN_POINT('',(4.69020300185,3.236333627586E-02));
#1631 = CARTESIAN_POINT('',(4.689350268612,3.300480844948E-02));
#1632 = CARTESIAN_POINT('',(4.688497509527,3.363131313501E-02));
#1633 = CARTESIAN_POINT('',(4.687644727229,3.42440169609E-02));
#1634 = CARTESIAN_POINT('',(4.686791923808,3.484389113994E-02));
#1635 = CARTESIAN_POINT('',(4.684906890561,3.614317700873E-02));
#1636 = CARTESIAN_POINT('',(4.6838746519,3.683705243409E-02));
#1637 = CARTESIAN_POINT('',(4.682842387794,3.751475800969E-02));
#1638 = CARTESIAN_POINT('',(4.681810100796,3.817754483973E-02));
#1639 = CARTESIAN_POINT('',(4.680777793047,3.882649486831E-02));
#1640 = CARTESIAN_POINT('',(4.679745466279,3.946252087939E-02));
#1641 = CARTESIAN_POINT('',(4.677456506581,4.084573890872E-02));
#1642 = CARTESIAN_POINT('',(4.676199865319,4.158712142802E-02));
#1643 = CARTESIAN_POINT('',(4.674943200559,4.231188871604E-02));
#1644 = CARTESIAN_POINT('',(4.67368651449,4.302125770322E-02));
#1645 = CARTESIAN_POINT('',(4.672429808966,4.371628758906E-02));
#1646 = CARTESIAN_POINT('',(4.671173085502,4.439787984216E-02));
#1647 = CARTESIAN_POINT('',(4.668300676159,4.592671599696E-02));
#1648 = CARTESIAN_POINT('',(4.666684979519,4.676573562794E-02));
#1649 = CARTESIAN_POINT('',(4.665069257977,4.758544422794E-02));
#1650 = CARTESIAN_POINT('',(4.6634535138,4.838726309853E-02));
#1651 = CARTESIAN_POINT('',(4.661837748905,4.917242770807E-02));
#1652 = CARTESIAN_POINT('',(4.660221964854,4.99419876917E-02));
#1653 = CARTESIAN_POINT('',(4.65658655694,5.164026232821E-02));
#1654 = CARTESIAN_POINT('',(4.654566923163,5.256075581835E-02));
#1655 = CARTESIAN_POINT('',(4.652547264014,5.346000747013E-02));
#1656 = CARTESIAN_POINT('',(4.650527581648,5.433954115053E-02));
#1657 = CARTESIAN_POINT('',(4.648507877893,5.520068444514E-02));
#1658 = CARTESIAN_POINT('',(4.646488154248,5.60445686582E-02));
#1659 = CARTESIAN_POINT('',(4.641910223679,5.792030934191E-02));
#1660 = CARTESIAN_POINT('',(4.639352005611,5.89423752444E-02));
#1661 = CARTESIAN_POINT('',(4.636793760165,5.994025980808E-02));
#1662 = CARTESIAN_POINT('',(4.634235489498,6.091567602974E-02));
#1663 = CARTESIAN_POINT('',(4.631677195444,6.187011661491E-02));
#1664 = CARTESIAN_POINT('',(4.629118879506,6.280485397783E-02));
#1665 = CARTESIAN_POINT('',(4.623329144155,6.487803580017E-02));
#1666 = CARTESIAN_POINT('',(4.620097712581,6.600545712531E-02));
#1667 = CARTESIAN_POINT('',(4.616866250621,6.710536175957E-02));
#1668 = CARTESIAN_POINT('',(4.613634760436,6.817966210705E-02));
#1669 = CARTESIAN_POINT('',(4.610403243863,6.923002543323E-02));
#1670 = CARTESIAN_POINT('',(4.607171702419,7.025787386498E-02));
#1671 = CARTESIAN_POINT('',(4.599900870518,7.25224634864E-02));
#1672 = CARTESIAN_POINT('',(4.595861566902,7.374729273425E-02));
#1673 = CARTESIAN_POINT('',(4.591822228885,7.49412122031E-02));
#1674 = CARTESIAN_POINT('',(4.587782858595,7.610629846607E-02));
#1675 = CARTESIAN_POINT('',(4.583743457857,7.724436460037E-02));
#1676 = CARTESIAN_POINT('',(4.579704028185,7.83569601874E-02));
#1677 = CARTESIAN_POINT('',(4.570637909355,8.079977951531E-02));
#1678 = CARTESIAN_POINT('',(4.565611205131,8.211682996333E-02));
#1679 = CARTESIAN_POINT('',(4.560584460549,8.339904431134E-02));
#1680 = CARTESIAN_POINT('',(4.555557677749,8.464866284983E-02));
#1681 = CARTESIAN_POINT('',(4.550530858581,8.586764450514E-02));
#1682 = CARTESIAN_POINT('',(4.545504004608,8.705766683949E-02));
#1683 = CARTESIAN_POINT('',(4.534283554244,8.96523769582E-02));
#1684 = CARTESIAN_POINT('',(4.528089940595,9.104288045013E-02));
#1685 = CARTESIAN_POINT('',(4.521896278624,9.239429303008E-02));
#1686 = CARTESIAN_POINT('',(4.515702570533,9.370897829896E-02));
#1687 = CARTESIAN_POINT('',(4.509508818263,9.498900695525E-02));
#1688 = CARTESIAN_POINT('',(4.503315023485,9.623615679495E-02));
#1689 = CARTESIAN_POINT('',(4.489670940172,9.891428313538E-02));
#1690 = CARTESIAN_POINT('',(4.482220633328,0.100331321484));
#1691 = CARTESIAN_POINT('',(4.474770269604,0.101705657402));
#1692 = CARTESIAN_POINT('',(4.467319851304,0.103039636885));
#1693 = CARTESIAN_POINT('',(4.459869380508,0.104335322276));
#1694 = CARTESIAN_POINT('',(4.452418859067,0.105594492268));
#1695 = CARTESIAN_POINT('',(4.436351103831,0.10823446954));
#1696 = CARTESIAN_POINT('',(4.427733853442,0.109603526528));
#1697 = CARTESIAN_POINT('',(4.419116540026,0.110928166873));
#1698 = CARTESIAN_POINT('',(4.410499165999,0.112210499966));
#1699 = CARTESIAN_POINT('',(4.401881733607,0.113452390586));
#1700 = CARTESIAN_POINT('',(4.393264244928,0.114655458899));
#1701 = CARTESIAN_POINT('',(4.375221629291,0.117095929643));
#1702 = CARTESIAN_POINT('',(4.365796491501,0.118326037395));
#1703 = CARTESIAN_POINT('',(4.356371291046,0.119513234223));
#1704 = CARTESIAN_POINT('',(4.346946030364,0.12065917087));
#1705 = CARTESIAN_POINT('',(4.337520711787,0.121765318303));
#1706 = CARTESIAN_POINT('',(4.328095337543,0.122832967721));
#1707 = CARTESIAN_POINT('',(4.309065264819,0.124913083024));
#1708 = CARTESIAN_POINT('',(4.299460564046,0.125924142193));
#1709 = CARTESIAN_POINT('',(4.289855809701,0.126897602369));
#1710 = CARTESIAN_POINT('',(4.280251003999,0.127834549122));
#1711 = CARTESIAN_POINT('',(4.2706461491,0.12873595927));
#1712 = CARTESIAN_POINT('',(4.261041247112,0.129602700886));
#1713 = CARTESIAN_POINT('',(4.236580547333,0.131723656215));
#1714 = CARTESIAN_POINT('',(4.221724685368,0.132930722476));
#1715 = CARTESIAN_POINT('',(4.20686872208,0.134059520529));
#1716 = CARTESIAN_POINT('',(4.192012665229,0.13511249435));
#1717 = CARTESIAN_POINT('',(4.177156522451,0.13609174345));
#1718 = CARTESIAN_POINT('',(4.162300301257,0.136999022868));
#1719 = CARTESIAN_POINT('',(4.13263300932,0.138669912562));
#1720 = CARTESIAN_POINT('',(4.11782193667,0.139434001535));
#1721 = CARTESIAN_POINT('',(4.103010798434,0.140129447532));
#1722 = CARTESIAN_POINT('',(4.088199601919,0.14075748834));
#1723 = CARTESIAN_POINT('',(4.073388354389,0.141319162098));
#1724 = CARTESIAN_POINT('',(4.058577063064,0.141815307292));
#1725 = CARTESIAN_POINT('',(4.028909743174,0.142679118692));
#1726 = CARTESIAN_POINT('',(4.01405371201,0.143046411116));
#1727 = CARTESIAN_POINT('',(3.999197648891,0.143349102269));
#1728 = CARTESIAN_POINT('',(3.984341561061,0.143587705199));
#1729 = CARTESIAN_POINT('',(3.969485455754,0.143762583768));
#1730 = CARTESIAN_POINT('',(3.954629340192,0.14387395265));
#1731 = CARTESIAN_POINT('',(3.924962006386,0.143969657154));
#1732 = CARTESIAN_POINT('',(3.910150785791,0.143954377576));
#1733 = CARTESIAN_POINT('',(3.895339566943,0.143876115619));
#1734 = CARTESIAN_POINT('',(3.880528356991,0.143734806213));
#1735 = CARTESIAN_POINT('',(3.865717163088,0.143530242194));
#1736 = CARTESIAN_POINT('',(3.850905992395,0.143262074305));
#1737 = CARTESIAN_POINT('',(3.822674918641,0.142628757483));
#1738 = CARTESIAN_POINT('',(3.809255008455,0.142275075614));
#1739 = CARTESIAN_POINT('',(3.795835126785,0.1418684077));
#1740 = CARTESIAN_POINT('',(3.782415278916,0.141408276722));
#1741 = CARTESIAN_POINT('',(3.768995470151,0.14089408654));
#1742 = CARTESIAN_POINT('',(3.755575705814,0.140325121887));
#1743 = CARTESIAN_POINT('',(3.728735994794,0.139075961739));
#1744 = CARTESIAN_POINT('',(3.715316046685,0.138395743045));
#1745 = CARTESIAN_POINT('',(3.70189615225,0.137659073367));
#1746 = CARTESIAN_POINT('',(3.688476316873,0.136864954057));
#1747 = CARTESIAN_POINT('',(3.675056545993,0.136012206744));
#1748 = CARTESIAN_POINT('',(3.661636845098,0.135099473331));
#1749 = CARTESIAN_POINT('',(3.638612293512,0.133427903702));
#1750 = CARTESIAN_POINT('',(3.629007405487,0.132699060105));
#1751 = CARTESIAN_POINT('',(3.619402557639,0.131938119864));
#1752 = CARTESIAN_POINT('',(3.609797751979,0.131144440846));
#1753 = CARTESIAN_POINT('',(3.60019299055,0.130317304122));
#1754 = CARTESIAN_POINT('',(3.590588275427,0.129455913973));
#1755 = CARTESIAN_POINT('',(3.571064458949,0.127633527411));
#1756 = CARTESIAN_POINT('',(3.561145360531,0.126670173045));
#1757 = CARTESIAN_POINT('',(3.551226315771,0.12566838786));
#1758 = CARTESIAN_POINT('',(3.541307327056,0.124627077995));
#1759 = CARTESIAN_POINT('',(3.531388396849,0.123545002659));
#1760 = CARTESIAN_POINT('',(3.521469527686,0.122420774131));
#1761 = CARTESIAN_POINT('',(3.502170176107,0.120148320184));
#1762 = CARTESIAN_POINT('',(3.492789686742,0.119004671218));
#1763 = CARTESIAN_POINT('',(3.483409256269,0.117820634035));
#1764 = CARTESIAN_POINT('',(3.474028887004,0.116594712391));
#1765 = CARTESIAN_POINT('',(3.464648581401,0.115325190616));
#1766 = CARTESIAN_POINT('',(3.455268342051,0.114010133616));
#1767 = CARTESIAN_POINT('',(3.43758481129,0.111441078582));
#1768 = CARTESIAN_POINT('',(3.429281504846,0.110197349858));
#1769 = CARTESIAN_POINT('',(3.420978254199,0.108914731878));
#1770 = CARTESIAN_POINT('',(3.412675061398,0.107591484346));
#1771 = CARTESIAN_POINT('',(3.404371928688,0.106225595492));
#1772 = CARTESIAN_POINT('',(3.39606885851,0.10481478207));
#1773 = CARTESIAN_POINT('',(3.380719218576,0.102118858375));
#1774 = CARTESIAN_POINT('',(3.373672630588,0.100846968117));
#1775 = CARTESIAN_POINT('',(3.366626091107,9.953928465037E-02));
#1776 = CARTESIAN_POINT('',(3.359579601948,9.81939749542E-02));
#1777 = CARTESIAN_POINT('',(3.352533165179,9.680890693091E-02));
#1778 = CARTESIAN_POINT('',(3.345486783115,9.538164940428E-02));
#1779 = CARTESIAN_POINT('',(3.332650558131,9.269979760268E-02));
#1780 = CARTESIAN_POINT('',(3.326860696665,9.145972917567E-02));
#1781 = CARTESIAN_POINT('',(3.321070875298,9.018777878248E-02));
#1782 = CARTESIAN_POINT('',(3.31528109569,8.888215879777E-02));
#1783 = CARTESIAN_POINT('',(3.309491359783,8.75407820273E-02));
#1784 = CARTESIAN_POINT('',(3.303701669806,8.616126170794E-02));
#1785 = CARTESIAN_POINT('',(3.293244214771,8.359577500726E-02));
#1786 = CARTESIAN_POINT('',(3.288576432843,8.242403472204E-02));
#1787 = CARTESIAN_POINT('',(3.283908683756,8.122430737528E-02));
#1788 = CARTESIAN_POINT('',(3.279240969079,7.999492599744E-02));
#1789 = CARTESIAN_POINT('',(3.274573290692,7.873393992612E-02));
#1790 = CARTESIAN_POINT('',(3.269905650775,7.743911480609E-02));
#1791 = CARTESIAN_POINT('',(3.261512766622,7.504549482284E-02));
#1792 = CARTESIAN_POINT('',(3.257787507613,7.395983831469E-02));
#1793 = CARTESIAN_POINT('',(3.254062276005,7.284970518001E-02));
#1794 = CARTESIAN_POINT('',(3.250337073329,7.171357656876E-02));
#1795 = CARTESIAN_POINT('',(3.246611901434,7.054967266573E-02));
#1796 = CARTESIAN_POINT('',(3.242886762486,6.935595269044E-02));
#1797 = CARTESIAN_POINT('',(3.236199384946,6.715530508586E-02));
#1798 = CARTESIAN_POINT('',(3.233237133431,6.616012980217E-02));
#1799 = CARTESIAN_POINT('',(3.230274905622,6.514345205013E-02));
#1800 = CARTESIAN_POINT('',(3.227312703041,6.410389640543E-02));
#1801 = CARTESIAN_POINT('',(3.224350527542,6.303984901547E-02));
#1802 = CARTESIAN_POINT('',(3.221388381304,6.194945759931E-02));
#1803 = CARTESIAN_POINT('',(3.216092304929,5.994906604955E-02));
#1804 = CARTESIAN_POINT('',(3.213758362852,5.904979791461E-02));
#1805 = CARTESIAN_POINT('',(3.211424441778,5.813182174554E-02));
#1806 = CARTESIAN_POINT('',(3.20909054321,5.719392150476E-02));
#1807 = CARTESIAN_POINT('',(3.206756668977,5.623467041449E-02));
#1808 = CARTESIAN_POINT('',(3.204422821237,5.525243095674E-02));
#1809 = CARTESIAN_POINT('',(3.200248782064,5.345127351654E-02));
#1810 = CARTESIAN_POINT('',(3.198408579773,5.264170680381E-02));
#1811 = CARTESIAN_POINT('',(3.19656839677,5.181576418434E-02));
#1812 = CARTESIAN_POINT('',(3.194728234547,5.097236826144E-02));
#1813 = CARTESIAN_POINT('',(3.192888094927,5.011025479249E-02));
#1814 = CARTESIAN_POINT('',(3.19104798006,4.9227972689E-02));
#1815 = CARTESIAN_POINT('',(3.187726740192,4.75961507672E-02));
#1816 = CARTESIAN_POINT('',(3.18624560572,4.685424665428E-02));
#1817 = CARTESIAN_POINT('',(3.184764490233,4.609733479056E-02));
#1818 = CARTESIAN_POINT('',(3.183283395323,4.532439660865E-02));
#1819 = CARTESIAN_POINT('',(3.181802322938,4.453423186105E-02));
#1820 = CARTESIAN_POINT('',(3.18032127539,4.372545862013E-02));
#1821 = CARTESIAN_POINT('',(3.177673273421,4.224333897377E-02));
#1822 = CARTESIAN_POINT('',(3.176506308692,4.157760128329E-02));
#1823 = CARTESIAN_POINT('',(3.175339362406,4.089854998832E-02));
#1824 = CARTESIAN_POINT('',(3.174172436175,4.020527054979E-02));
#1825 = CARTESIAN_POINT('',(3.17300553198,3.949668410783E-02));
#1826 = CARTESIAN_POINT('',(3.171838652174,3.877154748185E-02));
#1827 = CARTESIAN_POINT('',(3.169729214534,3.74281807353E-02));
#1828 = CARTESIAN_POINT('',(3.168786647419,3.681615084085E-02));
#1829 = CARTESIAN_POINT('',(3.167844099485,3.619163936577E-02));
#1830 = CARTESIAN_POINT('',(3.166901572509,3.555375512758E-02));
#1831 = CARTESIAN_POINT('',(3.165959068695,3.490143988277E-02));
#1832 = CARTESIAN_POINT('',(3.165016590676,3.423346832674E-02));
#1833 = CARTESIAN_POINT('',(3.163311089323,3.299382275899E-02));
#1834 = CARTESIAN_POINT('',(3.162548056225,3.242797861465E-02));
#1835 = CARTESIAN_POINT('',(3.161785043726,3.185019794804E-02));
#1836 = CARTESIAN_POINT('',(3.161022053857,3.125958514122E-02));
#1837 = CARTESIAN_POINT('',(3.160259089168,3.065506667105E-02));
#1838 = CARTESIAN_POINT('',(3.159496152726,3.003539110925E-02));
#1839 = CARTESIAN_POINT('',(3.157586054576,2.844237039059E-02));
#1840 = CARTESIAN_POINT('',(3.156438937854,2.744799216282E-02));
#1841 = CARTESIAN_POINT('',(3.155291904289,2.641112855738E-02));
#1842 = CARTESIAN_POINT('',(3.154144971533,2.532464665534E-02));
#1843 = CARTESIAN_POINT('',(3.152998165747,2.418019611686E-02));
#1844 = CARTESIAN_POINT('',(3.151851528035,2.296535578563E-02));
#1845 = CARTESIAN_POINT('',(3.149955872621,2.080168788219E-02));
#1846 = CARTESIAN_POINT('',(3.149206738813,1.990626394066E-02));
#1847 = CARTESIAN_POINT('',(3.148457723369,1.896512821193E-02));
#1848 = CARTESIAN_POINT('',(3.147708861158,1.796705708446E-02));
#1849 = CARTESIAN_POINT('',(3.146960202991,1.690124437165E-02));
#1850 = CARTESIAN_POINT('',(3.146211841124,1.574955651903E-02));
#1851 = CARTESIAN_POINT('',(3.145105503813,1.384907656897E-02));
#1852 = CARTESIAN_POINT('',(3.144747176924,1.320239307247E-02));
#1853 = CARTESIAN_POINT('',(3.144388982166,1.252087009575E-02));
#1854 = CARTESIAN_POINT('',(3.14403096696,1.179401814973E-02));
#1855 = CARTESIAN_POINT('',(3.143673194963,1.101332088932E-02));
#1856 = CARTESIAN_POINT('',(3.143315790212,1.016365117632E-02));
#1857 = CARTESIAN_POINT('',(3.142838985568,8.872362533525E-03));
#1858 = CARTESIAN_POINT('',(3.142718985811,8.533359156051E-03));
#1859 = CARTESIAN_POINT('',(3.142599076504,8.17980086872E-03));
#1860 = CARTESIAN_POINT('',(3.142479276716,7.809190674319E-03));
#1861 = CARTESIAN_POINT('',(3.142359627098,7.417322791648E-03));
#1862 = CARTESIAN_POINT('',(3.142240189879,6.998282655518E-03));
#1863 = CARTESIAN_POINT('',(3.142044883679,6.25431603276E-03));
#1864 = CARTESIAN_POINT('',(3.141968904159,5.948204464625E-03));
#1865 = CARTESIAN_POINT('',(3.141893053709,5.62662779801E-03));
#1866 = CARTESIAN_POINT('',(3.141817356957,5.286196748974E-03));
#1867 = CARTESIAN_POINT('',(3.141741919759,4.919617163974E-03));
#1868 = CARTESIAN_POINT('',(3.1416669292,4.515690019869E-03));
#1869 = CARTESIAN_POINT('',(3.14159265359,4.059311423918E-03));
#1870 = ( GEOMETRIC_REPRESENTATION_CONTEXT(2) 
PARAMETRIC_REPRESENTATION_CONTEXT() REPRESENTATION_CONTEXT('2D SPACE',''
  ) );
#1871 = PCURVE('',#1199,#1872);
#1872 = DEFINITIONAL_REPRESENTATION('',(#1873),#2158);
#1873 = B_SPLINE_CURVE_WITH_KNOTS('',7,(#1874,#1875,#1876,#1877,#1878,
    #1879,#1880,#1881,#1882,#1883,#1884,#1885,#1886,#1887,#1888,#1889,
    #1890,#1891,#1892,#1893,#1894,#1895,#1896,#1897,#1898,#1899,#1900,
    #1901,#1902,#1903,#1904,#1905,#1906,#1907,#1908,#1909,#1910,#1911,
    #1912,#1913,#1914,#1915,#1916,#1917,#1918,#1919,#1920,#1921,#1922,
    #1923,#1924,#1925,#1926,#1927,#1928,#1929,#1930,#1931,#1932,#1933,
    #1934,#1935,#1936,#1937,#1938,#1939,#1940,#1941,#1942,#1943,#1944,
    #1945,#1946,#1947,#1948,#1949,#1950,#1951,#1952,#1953,#1954,#1955,
    #1956,#1957,#1958,#1959,#1960,#1961,#1962,#1963,#1964,#1965,#1966,
    #1967,#1968,#1969,#1970,#1971,#1972,#1973,#1974,#1975,#1976,#1977,
    #1978,#1979,#1980,#1981,#1982,#1983,#1984,#1985,#1986,#1987,#1988,
    #1989,#1990,#1991,#1992,#1993,#1994,#1995,#1996,#1997,#1998,#1999,
    #2000,#2001,#2002,#2003,#2004,#2005,#2006,#2007,#2008,#2009,#2010,
    #2011,#2012,#2013,#2014,#2015,#2016,#2017,#2018,#2019,#2020,#2021,
    #2022,#2023,#2024,#2025,#2026,#2027,#2028,#2029,#2030,#2031,#2032,
    #2033,#2034,#2035,#2036,#2037,#2038,#2039,#2040,#2041,#2042,#2043,
    #2044,#2045,#2046,#2047,#2048,#2049,#2050,#2051,#2052,#2053,#2054,
    #2055,#2056,#2057,#2058,#2059,#2060,#2061,#2062,#2063,#2064,#2065,
    #2066,#2067,#2068,#2069,#2070,#2071,#2072,#2073,#2074,#2075,#2076,
    #2077,#2078,#2079,#2080,#2081,#2082,#2083,#2084,#2085,#2086,#2087,
    #2088,#2089,#2090,#2091,#2092,#2093,#2094,#2095,#2096,#2097,#2098,
    #2099,#2100,#2101,#2102,#2103,#2104,#2105,#2106,#2107,#2108,#2109,
    #2110,#2111,#2112,#2113,#2114,#2115,#2116,#2117,#2118,#2119,#2120,
    #2121,#2122,#2123,#2124,#2125,#2126,#2127,#2128,#2129,#2130,#2131,
    #2132,#2133,#2134,#2135,#2136,#2137,#2138,#2139,#2140,#2141,#2142,
    #2143,#2144,#2145,#2146,#2147,#2148,#2149,#2150,#2151,#2152,#2153,
    #2154,#2155,#2156,#2157),.UNSPECIFIED.,.F.,.F.,(8,6,6,6,6,6,6,6,6,6,
    6,6,6,6,6,6,6,6,6,6,6,6,6,6,6,6,6,6,6,6,6,6,6,6,6,6,6,6,6,6,6,6,6,6,
    6,6,6,8),(0.,1.134491481262E-04,2.6786711016E-04,5.958169081165E-04,
    1.647264116097E-03,3.244511747428E-03,6.796582279619E-03,
    1.237913524273E-02,1.618462955444E-02,2.079059149231E-02,
    2.639717159525E-02,3.360500830614E-02,4.26141503426E-02,
    5.402505167643E-02,6.843799921042E-02,8.645333788846E-02,
    0.108871449862,0.136492514668,0.169716476557,0.208142664227,
    0.250169678828,0.292995804284,0.359233996951,0.425270248684,
    0.491505634757,0.557540820854,0.617373337664,0.677207111263,
    0.720032373912,0.764259852772,0.806087258597,0.843113027966,
    0.874536239141,0.900356402386,0.921173530002,0.937788011691,
    0.951000167371,0.961410524034,0.969619109543,0.976226493074,
    0.981432835306,0.985638524519,0.98904365283,0.994164006256,
    0.997510543441,0.99911468676,0.999654746994,1.),.UNSPECIFIED.);
#1874 = CARTESIAN_POINT('',(1.983523213016E-03,-0.509801111687));
#1875 = CARTESIAN_POINT('',(1.979979681948E-03,-0.508663676956));
#1876 = CARTESIAN_POINT('',(1.992122405426E-03,-0.50771641074));
#1877 = CARTESIAN_POINT('',(2.010878664843E-03,-0.506932068416));
#1878 = CARTESIAN_POINT('',(2.0312278073E-03,-0.506288085874));
#1879 = CARTESIAN_POINT('',(2.051103389552E-03,-0.505751519179));
#1880 = CARTESIAN_POINT('',(2.070894809263E-03,-0.505273295962));
#1881 = CARTESIAN_POINT('',(2.124382722521E-03,-0.504136375272));
#1882 = CARTESIAN_POINT('',(2.156162421964E-03,-0.503561675267));
#1883 = CARTESIAN_POINT('',(2.1885122711E-03,-0.503044027689));
#1884 = CARTESIAN_POINT('',(2.221174175008E-03,-0.502565869406));
#1885 = CARTESIAN_POINT('',(2.254007194621E-03,-0.502115724973));
#1886 = CARTESIAN_POINT('',(2.286987546732E-03,-0.501688206632));
#1887 = CARTESIAN_POINT('',(2.390762824952E-03,-0.500425598704));
#1888 = CARTESIAN_POINT('',(2.461940809114E-03,-0.499659695405));
#1889 = CARTESIAN_POINT('',(2.533518040467E-03,-0.498960765492));
#1890 = CARTESIAN_POINT('',(2.605336443264E-03,-0.498309729813));
#1891 = CARTESIAN_POINT('',(2.677304382023E-03,-0.497693968993));
#1892 = CARTESIAN_POINT('',(2.749396661526E-03,-0.49710732343));
#1893 = CARTESIAN_POINT('',(3.05332209052E-03,-0.494763545278));
#1894 = CARTESIAN_POINT('',(3.286153971012E-03,-0.493255455321));
#1895 = CARTESIAN_POINT('',(3.519456846763E-03,-0.491876439923));
#1896 = CARTESIAN_POINT('',(3.753126284253E-03,-0.49061969303));
#1897 = CARTESIAN_POINT('',(3.986958044361E-03,-0.489440514398));
#1898 = CARTESIAN_POINT('',(4.220975496188E-03,-0.488332923546));
#1899 = CARTESIAN_POINT('',(4.811036187637E-03,-0.485686010199));
#1900 = CARTESIAN_POINT('',(5.16719231834E-03,-0.484222702219));
#1901 = CARTESIAN_POINT('',(5.523564770096E-03,-0.48285372022));
#1902 = CARTESIAN_POINT('',(5.880094311279E-03,-0.481560858179));
#1903 = CARTESIAN_POINT('',(6.236745327038E-03,-0.480332448136));
#1904 = CARTESIAN_POINT('',(6.59349394192E-03,-0.479157939872));
#1905 = CARTESIAN_POINT('',(7.74390549164E-03,-0.475524366969));
#1906 = CARTESIAN_POINT('',(8.537883533584E-03,-0.473251531621));
#1907 = CARTESIAN_POINT('',(9.332115101996E-03,-0.47113730434));
#1908 = CARTESIAN_POINT('',(1.012652585027E-02,-0.469149517545));
#1909 = CARTESIAN_POINT('',(1.09210729655E-02,-0.467268284766));
#1910 = CARTESIAN_POINT('',(1.171572769517E-02,-0.465474541833));
#1911 = CARTESIAN_POINT('',(1.375956328903E-02,-0.461059520137));
#1912 = CARTESIAN_POINT('',(1.500886513011E-02,-0.458550532176));
#1913 = CARTESIAN_POINT('',(1.625832768412E-02,-0.456184823693));
#1914 = CARTESIAN_POINT('',(1.750791197409E-02,-0.453937464562));
#1915 = CARTESIAN_POINT('',(1.875759300245E-02,-0.451791585971));
#1916 = CARTESIAN_POINT('',(2.000735385707E-02,-0.449732856035));
#1917 = CARTESIAN_POINT('',(2.210917058016E-02,-0.446400650878));
#1918 = CARTESIAN_POINT('',(2.29611850873E-02,-0.445085713778));
#1919 = CARTESIAN_POINT('',(2.381322793087E-02,-0.443803450981));
#1920 = CARTESIAN_POINT('',(2.466529593878E-02,-0.442551137891));
#1921 = CARTESIAN_POINT('',(2.551738648056E-02,-0.441326440786));
#1922 = CARTESIAN_POINT('',(2.636949746735E-02,-0.44012741682));
#1923 = CARTESIAN_POINT('',(2.825299870414E-02,-0.437530476012));
#1924 = CARTESIAN_POINT('',(2.928439747569E-02,-0.436143637949));
#1925 = CARTESIAN_POINT('',(3.031582070757E-02,-0.434789158634));
#1926 = CARTESIAN_POINT('',(3.134726585093E-02,-0.433464535237));
#1927 = CARTESIAN_POINT('',(3.237873076701E-02,-0.4321676033));
#1928 = CARTESIAN_POINT('',(3.341021372712E-02,-0.430896536732));
#1929 = CARTESIAN_POINT('',(3.569730034353E-02,-0.428132323059));
#1930 = CARTESIAN_POINT('',(3.695291186169E-02,-0.42665080306));
#1931 = CARTESIAN_POINT('',(3.820854544372E-02,-0.425202537644));
#1932 = CARTESIAN_POINT('',(3.946419890344E-02,-0.423785092154));
#1933 = CARTESIAN_POINT('',(4.071987039193E-02,-0.422396347458));
#1934 = CARTESIAN_POINT('',(4.19755583975E-02,-0.421034499944));
#1935 = CARTESIAN_POINT('',(4.484559785174E-02,-0.417979932161));
#1936 = CARTESIAN_POINT('',(4.645995913504E-02,-0.416303674319));
#1937 = CARTESIAN_POINT('',(4.807434298388E-02,-0.414666072423));
#1938 = CARTESIAN_POINT('',(4.968874713835E-02,-0.413064282652));
#1939 = CARTESIAN_POINT('',(5.130316969044E-02,-0.411495832944));
#1940 = CARTESIAN_POINT('',(5.2917609084E-02,-0.409958622992));
#1941 = CARTESIAN_POINT('',(5.654998644939E-02,-0.406566437591));
#1942 = CARTESIAN_POINT('',(5.856793303806E-02,-0.404727921063));
#1943 = CARTESIAN_POINT('',(6.058590140873E-02,-0.402931932518));
#1944 = CARTESIAN_POINT('',(6.260388941825E-02,-0.401175422495));
#1945 = CARTESIAN_POINT('',(6.462189525234E-02,-0.39945573422));
#1946 = CARTESIAN_POINT('',(6.663991742559E-02,-0.397770603605));
#1947 = CARTESIAN_POINT('',(7.121398343132E-02,-0.394025187527));
#1948 = CARTESIAN_POINT('',(7.377003626938E-02,-0.391984506209));
#1949 = CARTESIAN_POINT('',(7.632611083496E-02,-0.389992245956));
#1950 = CARTESIAN_POINT('',(7.88822049944E-02,-0.38804497819));
#1951 = CARTESIAN_POINT('',(8.143831694101E-02,-0.386139715092));
#1952 = CARTESIAN_POINT('',(8.39944451951E-02,-0.384273909606));
#1953 = CARTESIAN_POINT('',(8.977921706764E-02,-0.380135960924));
#1954 = CARTESIAN_POINT('',(9.300786954313E-02,-0.37788589319));
#1955 = CARTESIAN_POINT('',(9.623654359806E-02,-0.375690933006));
#1956 = CARTESIAN_POINT('',(9.946523712228E-02,-0.373547251682));
#1957 = CARTESIAN_POINT('',(0.102693948328,-0.371451511058));
#1958 = CARTESIAN_POINT('',(0.105922675749,-0.36940086351));
#1959 = CARTESIAN_POINT('',(0.113187156902,-0.364883180319));
#1960 = CARTESIAN_POINT('',(0.117222918951,-0.362440002328));
#1961 = CARTESIAN_POINT('',(0.121258702054,-0.360058731739));
#1962 = CARTESIAN_POINT('',(0.125294504177,-0.35773520967));
#1963 = CARTESIAN_POINT('',(0.129330323596,-0.355465804587));
#1964 = CARTESIAN_POINT('',(0.133366158892,-0.353247412307));
#1965 = CARTESIAN_POINT('',(0.142424181458,-0.348377183502));
#1966 = CARTESIAN_POINT('',(0.147446376687,-0.345751730245));
#1967 = CARTESIAN_POINT('',(0.152468592397,-0.343196043913));
#1968 = CARTESIAN_POINT('',(0.15749082664,-0.340705635425));
#1969 = CARTESIAN_POINT('',(0.162513077754,-0.338276578929));
#1970 = CARTESIAN_POINT('',(0.16753534437,-0.335905511806));
#1971 = CARTESIAN_POINT('',(0.178745512696,-0.330736272497));
#1972 = CARTESIAN_POINT('',(0.184933421763,-0.327966501792));
#1973 = CARTESIAN_POINT('',(0.191121350502,-0.325274996434));
#1974 = CARTESIAN_POINT('',(0.19730929707,-0.322657016807));
#1975 = CARTESIAN_POINT('',(0.203497259894,-0.320108409796));
#1976 = CARTESIAN_POINT('',(0.209685237669,-0.31762560879));
#1977 = CARTESIAN_POINT('',(0.223316447113,-0.312294769754));
#1978 = CARTESIAN_POINT('',(0.230759684942,-0.309474624883));
#1979 = CARTESIAN_POINT('',(0.238202940958,-0.306739921759));
#1980 = CARTESIAN_POINT('',(0.245646213504,-0.3040859513));
#1981 = CARTESIAN_POINT('',(0.253089501153,-0.301508572644));
#1982 = CARTESIAN_POINT('',(0.260532802711,-0.299004213151));
#1983 = CARTESIAN_POINT('',(0.276584909892,-0.293754352639));
#1984 = CARTESIAN_POINT('',(0.285193719928,-0.291032343281));
#1985 = CARTESIAN_POINT('',(0.29380254576,-0.288399110074));
#1986 = CARTESIAN_POINT('',(0.302411386005,-0.285850413105));
#1987 = CARTESIAN_POINT('',(0.311020239458,-0.283382502798));
#1988 = CARTESIAN_POINT('',(0.31962910509,-0.280992119917));
#1989 = CARTESIAN_POINT('',(0.337653576451,-0.27614387954));
#1990 = CARTESIAN_POINT('',(0.347069184565,-0.273700584793));
#1991 = CARTESIAN_POINT('',(0.356484805229,-0.271342926957));
#1992 = CARTESIAN_POINT('',(0.365900437397,-0.269067582384));
#1993 = CARTESIAN_POINT('',(0.375316080142,-0.266871588145));
#1994 = CARTESIAN_POINT('',(0.384731732649,-0.264752342028));
#1995 = CARTESIAN_POINT('',(0.403742087241,-0.260623983928));
#1996 = CARTESIAN_POINT('',(0.41333678991,-0.258617675067));
#1997 = CARTESIAN_POINT('',(0.422931501468,-0.25668626756));
#1998 = CARTESIAN_POINT('',(0.432526221218,-0.254827571537));
#1999 = CARTESIAN_POINT('',(0.442120948525,-0.253039615646));
#2000 = CARTESIAN_POINT('',(0.451715682816,-0.251320647061));
#2001 = CARTESIAN_POINT('',(0.476150390555,-0.247114769942));
#2002 = CARTESIAN_POINT('',(0.490990374489,-0.244721647395));
#2003 = CARTESIAN_POINT('',(0.505830373218,-0.242484129104));
#2004 = CARTESIAN_POINT('',(0.520670384747,-0.240397274307));
#2005 = CARTESIAN_POINT('',(0.535510407241,-0.238456836213));
#2006 = CARTESIAN_POINT('',(0.550350439036,-0.236659261998));
#2007 = CARTESIAN_POINT('',(0.579985275273,-0.233349177061));
#2008 = CARTESIAN_POINT('',(0.594780081998,-0.231835715568));
#2009 = CARTESIAN_POINT('',(0.609574897293,-0.230458395952));
#2010 = CARTESIAN_POINT('',(0.624369719713,-0.229214709651));
#2011 = CARTESIAN_POINT('',(0.63916454788,-0.228102551918));
#2012 = CARTESIAN_POINT('',(0.653959380484,-0.227120221817));
#2013 = CARTESIAN_POINT('',(0.683593666363,-0.225410047979));
#2014 = CARTESIAN_POINT('',(0.698433122025,-0.224682944201));
#2015 = CARTESIAN_POINT('',(0.713272582006,-0.224083766739));
#2016 = CARTESIAN_POINT('',(0.728112045062,-0.223611474204));
#2017 = CARTESIAN_POINT('',(0.742951509971,-0.22326532798));
#2018 = CARTESIAN_POINT('',(0.757790975532,-0.223044892216));
#2019 = CARTESIAN_POINT('',(0.787425052534,-0.222855462162));
#2020 = CARTESIAN_POINT('',(0.802219666337,-0.22288570618));
#2021 = CARTESIAN_POINT('',(0.817014280813,-0.22304060971));
#2022 = CARTESIAN_POINT('',(0.831808894784,-0.223320305084));
#2023 = CARTESIAN_POINT('',(0.846603507061,-0.223725213144));
#2024 = CARTESIAN_POINT('',(0.861398116443,-0.224256043241));
#2025 = CARTESIAN_POINT('',(0.88959767324,-0.225509760927));
#2026 = CARTESIAN_POINT('',(0.903002623071,-0.226209941884));
#2027 = CARTESIAN_POINT('',(0.916407570371,-0.227015063139));
#2028 = CARTESIAN_POINT('',(0.929812514267,-0.227926092964));
#2029 = CARTESIAN_POINT('',(0.943217453854,-0.228944240865));
#2030 = CARTESIAN_POINT('',(0.956622388191,-0.230070957588));
#2031 = CARTESIAN_POINT('',(0.983432525995,-0.232544938624));
#2032 = CARTESIAN_POINT('',(0.996837730886,-0.233892249359));
#2033 = CARTESIAN_POINT('',(1.010242930017,-0.235351528319));
#2034 = CARTESIAN_POINT('',(1.023648122348,-0.236924799133));
#2035 = CARTESIAN_POINT('',(1.037053306765,-0.238614448062));
#2036 = CARTESIAN_POINT('',(1.050458482076,-0.240423224));
#2037 = CARTESIAN_POINT('',(1.073458223363,-0.243736337525));
#2038 = CARTESIAN_POINT('',(1.083052794894,-0.245181084633));
#2039 = CARTESIAN_POINT('',(1.092647361191,-0.246689623645));
#2040 = CARTESIAN_POINT('',(1.1022419218,-0.248263252923));
#2041 = CARTESIAN_POINT('',(1.111836476228,-0.249903425346));
#2042 = CARTESIAN_POINT('',(1.121431023943,-0.251611748306));
#2043 = CARTESIAN_POINT('',(1.140934256292,-0.255226443406));
#2044 = CARTESIAN_POINT('',(1.150842940728,-0.257137508919));
#2045 = CARTESIAN_POINT('',(1.160751617056,-0.259125092666));
#2046 = CARTESIAN_POINT('',(1.170660284569,-0.261191402162));
#2047 = CARTESIAN_POINT('',(1.180568942472,-0.263338940016));
#2048 = CARTESIAN_POINT('',(1.190477589883,-0.265570503939));
#2049 = CARTESIAN_POINT('',(1.209757154221,-0.270082042602));
#2050 = CARTESIAN_POINT('',(1.219128072585,-0.272352891652));
#2051 = CARTESIAN_POINT('',(1.228498980135,-0.274704307363));
#2052 = CARTESIAN_POINT('',(1.237869875935,-0.277139303322));
#2053 = CARTESIAN_POINT('',(1.247240758903,-0.279661333224));
#2054 = CARTESIAN_POINT('',(1.25661162781,-0.282274290873));
#2055 = CARTESIAN_POINT('',(1.274277594323,-0.287379835607));
#2056 = CARTESIAN_POINT('',(1.282572695371,-0.289851909688));
#2057 = CARTESIAN_POINT('',(1.290867783516,-0.292401687289));
#2058 = CARTESIAN_POINT('',(1.299162857641,-0.295032667307));
#2059 = CARTESIAN_POINT('',(1.307457916426,-0.297748892675));
#2060 = CARTESIAN_POINT('',(1.315752958348,-0.30055495036));
#2061 = CARTESIAN_POINT('',(1.331087842684,-0.305918024067));
#2062 = CARTESIAN_POINT('',(1.338127690299,-0.308448598843));
#2063 = CARTESIAN_POINT('',(1.345167523517,-0.311050776726));
#2064 = CARTESIAN_POINT('',(1.352207341077,-0.313728237771));
#2065 = CARTESIAN_POINT('',(1.359247141466,-0.316485261047));
#2066 = CARTESIAN_POINT('',(1.366286922917,-0.319326724645));
#2067 = CARTESIAN_POINT('',(1.37911118978,-0.324666794468));
#2068 = CARTESIAN_POINT('',(1.384895681942,-0.327136323787));
#2069 = CARTESIAN_POINT('',(1.390680158827,-0.32966967893));
#2070 = CARTESIAN_POINT('',(1.39646461908,-0.332270444974));
#2071 = CARTESIAN_POINT('',(1.402249061058,-0.334942806772));
#2072 = CARTESIAN_POINT('',(1.408033482837,-0.337691548953));
#2073 = CARTESIAN_POINT('',(1.418481469288,-0.342804110621));
#2074 = CARTESIAN_POINT('',(1.423145041718,-0.345139441234));
#2075 = CARTESIAN_POINT('',(1.427808598387,-0.347530820456));
#2076 = CARTESIAN_POINT('',(1.432472137883,-0.34998158882));
#2077 = CARTESIAN_POINT('',(1.437135658488,-0.352495654704));
#2078 = CARTESIAN_POINT('',(1.441799158179,-0.355077494328));
#2079 = CARTESIAN_POINT('',(1.450184629586,-0.359850876197));
#2080 = CARTESIAN_POINT('',(1.453906609642,-0.362016104179));
#2081 = CARTESIAN_POINT('',(1.457628573666,-0.364230355505));
#2082 = CARTESIAN_POINT('',(1.461350520208,-0.366496672238));
#2083 = CARTESIAN_POINT('',(1.465072447505,-0.368818618689));
#2084 = CARTESIAN_POINT('',(1.468794353474,-0.371200281422));
#2085 = CARTESIAN_POINT('',(1.475475948122,-0.375591365862));
#2086 = CARTESIAN_POINT('',(1.47843564542,-0.377577250029));
#2087 = CARTESIAN_POINT('',(1.481395326459,-0.379606198416));
#2088 = CARTESIAN_POINT('',(1.484354989759,-0.381680964768));
#2089 = CARTESIAN_POINT('',(1.487314633515,-0.383804779913));
#2090 = CARTESIAN_POINT('',(1.490274255592,-0.385981351759));
#2091 = CARTESIAN_POINT('',(1.495565832566,-0.389974735009));
#2092 = CARTESIAN_POINT('',(1.497897796512,-0.391770055059));
#2093 = CARTESIAN_POINT('',(1.500229744217,-0.39360283779));
#2094 = CARTESIAN_POINT('',(1.502561674201,-0.395475517174));
#2095 = CARTESIAN_POINT('',(1.504893584663,-0.397390948821));
#2096 = CARTESIAN_POINT('',(1.507225473469,-0.399352409973));
#2097 = CARTESIAN_POINT('',(1.511396017794,-0.402949426185));
#2098 = CARTESIAN_POINT('',(1.513234682328,-0.40456625787));
#2099 = CARTESIAN_POINT('',(1.515073330614,-0.406215876821));
#2100 = CARTESIAN_POINT('',(1.516911961175,-0.407900439094));
#2101 = CARTESIAN_POINT('',(1.518750572205,-0.409622474542));
#2102 = CARTESIAN_POINT('',(1.520589161571,-0.411384886816));
#2103 = CARTESIAN_POINT('',(1.523907653615,-0.414644720814));
#2104 = CARTESIAN_POINT('',(1.525387564671,-0.416126856657));
#2105 = CARTESIAN_POINT('',(1.526867458764,-0.417639035492));
#2106 = CARTESIAN_POINT('',(1.528347334315,-0.419183295358));
#2107 = CARTESIAN_POINT('',(1.529827189386,-0.420762037731));
#2108 = CARTESIAN_POINT('',(1.531307021678,-0.422378027532));
#2109 = CARTESIAN_POINT('',(1.533952854524,-0.425339540014));
#2110 = CARTESIAN_POINT('',(1.535118864602,-0.426669833303));
#2111 = CARTESIAN_POINT('',(1.536284857531,-0.428026773979));
#2112 = CARTESIAN_POINT('',(1.537450831707,-0.429412191735));
#2113 = CARTESIAN_POINT('',(1.538616785156,-0.430828244962));
#2114 = CARTESIAN_POINT('',(1.539782715538,-0.432277420749));
#2115 = CARTESIAN_POINT('',(1.541890439215,-0.434962211781));
#2116 = CARTESIAN_POINT('',(1.542832241329,-0.436185418599));
#2117 = CARTESIAN_POINT('',(1.543774025138,-0.437433603991));
#2118 = CARTESIAN_POINT('',(1.54471578887,-0.438708550778));
#2119 = CARTESIAN_POINT('',(1.54565753033,-0.440012375948));
#2120 = CARTESIAN_POINT('',(1.546599246895,-0.441347530655));
#2121 = CARTESIAN_POINT('',(1.54830337193,-0.443825426732));
#2122 = CARTESIAN_POINT('',(1.549065789851,-0.444956502344));
#2123 = CARTESIAN_POINT('',(1.549828187775,-0.446111462795));
#2124 = CARTESIAN_POINT('',(1.550590563678,-0.447292099666));
#2125 = CARTESIAN_POINT('',(1.551352915017,-0.448500560388));
#2126 = CARTESIAN_POINT('',(1.552115238735,-0.449739348238));
#2127 = CARTESIAN_POINT('',(1.554023804388,-0.452924012951));
#2128 = CARTESIAN_POINT('',(1.555170002145,-0.454911972874));
#2129 = CARTESIAN_POINT('',(1.556316118219,-0.45698493544));
#2130 = CARTESIAN_POINT('',(1.557462135007,-0.459157168375));
#2131 = CARTESIAN_POINT('',(1.558608026414,-0.461445374541));
#2132 = CARTESIAN_POINT('',(1.559753751431,-0.463874398998));
#2133 = CARTESIAN_POINT('',(1.561647900707,-0.468200720092));
#2134 = CARTESIAN_POINT('',(1.562396440025,-0.469991185109));
#2135 = CARTESIAN_POINT('',(1.563144861814,-0.471873092934));
#2136 = CARTESIAN_POINT('',(1.563893131288,-0.473868892163));
#2137 = CARTESIAN_POINT('',(1.56464119773,-0.47600019674));
#2138 = CARTESIAN_POINT('',(1.565388969047,-0.478303275891));
#2139 = CARTESIAN_POINT('',(1.566494435059,-0.482103838201));
#2140 = CARTESIAN_POINT('',(1.566852480019,-0.483397082771));
#2141 = CARTESIAN_POINT('',(1.567210393242,-0.484760013063));
#2142 = CARTESIAN_POINT('',(1.567568127399,-0.486213608575));
#2143 = CARTESIAN_POINT('',(1.567925618924,-0.487774902581));
#2144 = CARTESIAN_POINT('',(1.568282743953,-0.48947415017));
#2145 = CARTESIAN_POINT('',(1.568759176362,-0.49205661825));
#2146 = CARTESIAN_POINT('',(1.568879082519,-0.492734598656));
#2147 = CARTESIAN_POINT('',(1.568998898384,-0.493441690083));
#2148 = CARTESIAN_POINT('',(1.569118604913,-0.494182886595));
#2149 = CARTESIAN_POINT('',(1.56923816151,-0.494966599844));
#2150 = CARTESIAN_POINT('',(1.569357506023,-0.495804659076));
#2151 = CARTESIAN_POINT('',(1.569552660941,-0.497292560476));
#2152 = CARTESIAN_POINT('',(1.569628581696,-0.497904771868));
#2153 = CARTESIAN_POINT('',(1.569704373565,-0.498547914152));
#2154 = CARTESIAN_POINT('',(1.569780011956,-0.499228765945));
#2155 = CARTESIAN_POINT('',(1.569855391133,-0.499961915629));
#2156 = CARTESIAN_POINT('',(1.569930324216,-0.500769761354));
#2157 = CARTESIAN_POINT('',(1.570004543179,-0.501682511037));
#2158 = ( GEOMETRIC_REPRESENTATION_CONTEXT(2) 
PARAMETRIC_REPRESENTATION_CONTEXT() REPRESENTATION_CONTEXT('2D SPACE',''
  ) );
#2159 = ADVANCED_FACE('',(#2160),#492,.T.);
#2160 = FACE_BOUND('',#2161,.T.);
#2161 = EDGE_LOOP('',(#2162,#2186,#2187,#2188));
#2162 = ORIENTED_EDGE('',*,*,#2163,.T.);
#2163 = EDGE_CURVE('',#2164,#477,#2166,.T.);
#2164 = VERTEX_POINT('',#2165);
#2165 = CARTESIAN_POINT('',(-226.6199967142,-505.2159529781,
    29.211781125841));
#2166 = SURFACE_CURVE('',#2167,(#2172,#2179),.PCURVE_S1.);
#2167 = CIRCLE('',#2168,2.);
#2168 = AXIS2_PLACEMENT_3D('',#2169,#2170,#2171);
#2169 = CARTESIAN_POINT('',(-226.6199967142,-504.6983148879,
    31.143632778419));
#2170 = DIRECTION('',(-1.,5.851986980202E-15,2.145015457169E-14));
#2171 = DIRECTION('',(-2.223386396086E-14,-0.258819045103,
    -0.965925826289));
#2172 = PCURVE('',#492,#2173);
#2173 = DEFINITIONAL_REPRESENTATION('',(#2174),#2178);
#2174 = LINE('',#2175,#2176);
#2175 = CARTESIAN_POINT('',(0.785398163398,495.));
#2176 = VECTOR('',#2177,1.);
#2177 = DIRECTION('',(-1.,0.));
#2178 = ( GEOMETRIC_REPRESENTATION_CONTEXT(2) 
PARAMETRIC_REPRESENTATION_CONTEXT() REPRESENTATION_CONTEXT('2D SPACE',''
  ) );
#2179 = PCURVE('',#521,#2180);
#2180 = DEFINITIONAL_REPRESENTATION('',(#2181),#2185);
#2181 = LINE('',#2182,#2183);
#2182 = CARTESIAN_POINT('',(4.712388980385,0.));
#2183 = VECTOR('',#2184,1.);
#2184 = DIRECTION('',(5.654319433713E-16,1.));
#2185 = ( GEOMETRIC_REPRESENTATION_CONTEXT(2) 
PARAMETRIC_REPRESENTATION_CONTEXT() REPRESENTATION_CONTEXT('2D SPACE',''
  ) );
#2186 = ORIENTED_EDGE('',*,*,#476,.T.);
#2187 = ORIENTED_EDGE('',*,*,#1272,.F.);
#2188 = ORIENTED_EDGE('',*,*,#2189,.T.);
#2189 = EDGE_CURVE('',#1244,#2164,#2190,.T.);
#2190 = SURFACE_CURVE('',#2191,(#2195,#2202),.PCURVE_S1.);
#2191 = LINE('',#2192,#2193);
#2192 = CARTESIAN_POINT('',(-721.6199967142,-505.2159529781,
    29.211781125841));
#2193 = VECTOR('',#2194,1.);
#2194 = DIRECTION('',(1.,-1.224646799147E-16,-6.728624391668E-17));
#2195 = PCURVE('',#492,#2196);
#2196 = DEFINITIONAL_REPRESENTATION('',(#2197),#2201);
#2197 = LINE('',#2198,#2199);
#2198 = CARTESIAN_POINT('',(0.785398163398,0.));
#2199 = VECTOR('',#2200,1.);
#2200 = DIRECTION('',(3.04470253723E-17,1.));
#2201 = ( GEOMETRIC_REPRESENTATION_CONTEXT(2) 
PARAMETRIC_REPRESENTATION_CONTEXT() REPRESENTATION_CONTEXT('2D SPACE',''
  ) );
#2202 = PCURVE('',#2203,#2208);
#2203 = PLANE('',#2204);
#2204 = AXIS2_PLACEMENT_3D('',#2205,#2206,#2207);
#2205 = CARTESIAN_POINT('',(-886.6199967142,-487.8292881049,
    24.553038313996));
#2206 = DIRECTION('',(-9.668971226741E-17,-0.258819045103,
    -0.965925826289));
#2207 = DIRECTION('',(1.,-1.224646799147E-16,-6.728624391663E-17));
#2208 = DEFINITIONAL_REPRESENTATION('',(#2209),#2213);
#2209 = LINE('',#2210,#2211);
#2210 = CARTESIAN_POINT('',(165.,17.999999999997));
#2211 = VECTOR('',#2212,1.);
#2212 = DIRECTION('',(1.,-2.122394096032E-32));
#2213 = ( GEOMETRIC_REPRESENTATION_CONTEXT(2) 
PARAMETRIC_REPRESENTATION_CONTEXT() REPRESENTATION_CONTEXT('2D SPACE',''
  ) );
#2214 = ADVANCED_FACE('',(#2215),#521,.T.);
#2215 = FACE_BOUND('',#2216,.T.);
#2216 = EDGE_LOOP('',(#2217,#2856,#2878,#2879,#2880));
#2217 = ORIENTED_EDGE('',*,*,#2218,.T.);
#2218 = EDGE_CURVE('',#2219,#2221,#2223,.T.);
#2219 = VERTEX_POINT('',#2220);
#2220 = CARTESIAN_POINT('',(-226.5449488274,-505.2159414089,
    29.211824302628));
#2221 = VERTEX_POINT('',#2222);
#2222 = CARTESIAN_POINT('',(-163.6200197638,-488.9196279258,
    90.06759335431));
#2223 = SURFACE_CURVE('',#2224,(#2430,#2639),.PCURVE_S1.);
#2224 = B_SPLINE_CURVE_WITH_KNOTS('',8,(#2225,#2226,#2227,#2228,#2229,
    #2230,#2231,#2232,#2233,#2234,#2235,#2236,#2237,#2238,#2239,#2240,
    #2241,#2242,#2243,#2244,#2245,#2246,#2247,#2248,#2249,#2250,#2251,
    #2252,#2253,#2254,#2255,#2256,#2257,#2258,#2259,#2260,#2261,#2262,
    #2263,#2264,#2265,#2266,#2267,#2268,#2269,#2270,#2271,#2272,#2273,
    #2274,#2275,#2276,#2277,#2278,#2279,#2280,#2281,#2282,#2283,#2284,
    #2285,#2286,#2287,#2288,#2289,#2290,#2291,#2292,#2293,#2294,#2295,
    #2296,#2297,#2298,#2299,#2300,#2301,#2302,#2303,#2304,#2305,#2306,
    #2307,#2308,#2309,#2310,#2311,#2312,#2313,#2314,#2315,#2316,#2317,
    #2318,#2319,#2320,#2321,#2322,#2323,#2324,#2325,#2326,#2327,#2328,
    #2329,#2330,#2331,#2332,#2333,#2334,#2335,#2336,#2337,#2338,#2339,
    #2340,#2341,#2342,#2343,#2344,#2345,#2346,#2347,#2348,#2349,#2350,
    #2351,#2352,#2353,#2354,#2355,#2356,#2357,#2358,#2359,#2360,#2361,
    #2362,#2363,#2364,#2365,#2366,#2367,#2368,#2369,#2370,#2371,#2372,
    #2373,#2374,#2375,#2376,#2377,#2378,#2379,#2380,#2381,#2382,#2383,
    #2384,#2385,#2386,#2387,#2388,#2389,#2390,#2391,#2392,#2393,#2394,
    #2395,#2396,#2397,#2398,#2399,#2400,#2401,#2402,#2403,#2404,#2405,
    #2406,#2407,#2408,#2409,#2410,#2411,#2412,#2413,#2414,#2415,#2416,
    #2417,#2418,#2419,#2420,#2421,#2422,#2423,#2424,#2425,#2426,#2427,
    #2428,#2429),.UNSPECIFIED.,.F.,.F.,(9,7,7,7,7,7,7,7,7,7,7,7,7,7,7,7,
    7,7,7,7,7,7,7,7,7,7,7,7,7,9),(0.,1.496397244874E-04,
    6.362274523053E-04,1.492003869537E-03,2.539918223647E-03,
    4.450959193368E-03,9.156315569831E-03,2.456620768178E-02,
    7.077515113865E-02,0.132176091535,0.193571385713,0.254962746839,
    0.316551218683,0.377937584188,0.439322574304,0.500706942399,
    0.56229120133,0.623676275168,0.68506268675,0.746451265684,
    0.808042663809,0.869438055905,0.930839122626,0.961443690731,
    0.976848223394,0.992258245537,0.996737751425,0.998825247629,
    0.999533696876,1.),.UNSPECIFIED.);
#2225 = CARTESIAN_POINT('',(-226.5449488274,-505.2159414089,
    29.211824302628));
#2226 = CARTESIAN_POINT('',(-226.5451106493,-505.2167373328,
    29.212037370228));
#2227 = CARTESIAN_POINT('',(-226.5447630036,-505.2174368015,
    29.212225618518));
#2228 = CARTESIAN_POINT('',(-226.5441153601,-505.2180469523,
    29.212390541141));
#2229 = CARTESIAN_POINT('',(-226.5433159956,-505.2185771571,
    29.212534351972));
#2230 = CARTESIAN_POINT('',(-226.5424570354,-505.2190394258,
    29.212660084697));
#2231 = CARTESIAN_POINT('',(-226.5415794953,-505.2194488105,
    29.212771692381));
#2232 = CARTESIAN_POINT('',(-226.5406783229,-505.2198238087,
    29.212874147043));
#2233 = CARTESIAN_POINT('',(-226.5365503913,-505.2213670101,
    29.213296735603));
#2234 = CARTESIAN_POINT('',(-226.5331360522,-505.2222418883,
    29.213538796766));
#2235 = CARTESIAN_POINT('',(-226.5296952978,-505.2230620994,
    29.213766494742));
#2236 = CARTESIAN_POINT('',(-226.5261676189,-505.2237431531,
    29.213957302374));
#2237 = CARTESIAN_POINT('',(-226.5226769099,-505.2244038886,
    29.214142818766));
#2238 = CARTESIAN_POINT('',(-226.5191476793,-505.2249947221,
    29.214309911218));
#2239 = CARTESIAN_POINT('',(-226.5156180721,-505.2255557433,
    29.21446924527));
#2240 = CARTESIAN_POINT('',(-226.5057352767,-505.2270289315,
    29.214889865276));
#2241 = CARTESIAN_POINT('',(-226.4994010205,-505.2278713553,
    29.215132908153));
#2242 = CARTESIAN_POINT('',(-226.4930453107,-505.2286466868,
    29.215358776216));
#2243 = CARTESIAN_POINT('',(-226.4866758254,-505.2293726664,
    29.215572212972));
#2244 = CARTESIAN_POINT('',(-226.4802966914,-505.2300587492,
    29.215775745932));
#2245 = CARTESIAN_POINT('',(-226.4739096346,-505.2307097415,
    29.215970660719));
#2246 = CARTESIAN_POINT('',(-226.4675151294,-505.2313294377,
    29.216157975165));
#2247 = CARTESIAN_POINT('',(-226.4532746925,-505.2326526237,
    29.216561587978));
#2248 = CARTESIAN_POINT('',(-226.4439604142,-505.2334783808,
    29.216816084096));
#2249 = CARTESIAN_POINT('',(-226.4339726968,-505.2343082074,
    29.217075919144));
#2250 = CARTESIAN_POINT('',(-226.4237866123,-505.2351059138,
    29.217329970192));
#2251 = CARTESIAN_POINT('',(-226.4135458676,-505.2358709788,
    29.217577476776));
#2252 = CARTESIAN_POINT('',(-226.4030597622,-505.2366239524,
    29.217824598771));
#2253 = CARTESIAN_POINT('',(-226.3918015559,-505.2373987246,
    29.218083029382));
#2254 = CARTESIAN_POINT('',(-226.3553952213,-505.239778889,
    29.218895210029));
#2255 = CARTESIAN_POINT('',(-226.3318625224,-505.2411879007,
    29.219395849483));
#2256 = CARTESIAN_POINT('',(-226.3083164374,-505.2425025757,
    29.219881665244));
#2257 = CARTESIAN_POINT('',(-226.2847606227,-505.2437412119,
    29.220357561936));
#2258 = CARTESIAN_POINT('',(-226.2611973113,-505.2449149056,
    29.220826512861));
#2259 = CARTESIAN_POINT('',(-226.2376279995,-505.2460324254,
    29.221290868215));
#2260 = CARTESIAN_POINT('',(-226.2140536153,-505.2471015814,
    29.221752723855));
#2261 = CARTESIAN_POINT('',(-226.1324169594,-505.2506520811,
    29.223347503681));
#2262 = CARTESIAN_POINT('',(-226.0743338295,-505.2529134551,
    29.224474440485));
#2263 = CARTESIAN_POINT('',(-226.0162345296,-505.2549903069,
    29.22561539134));
#2264 = CARTESIAN_POINT('',(-225.9581238244,-505.2569155217,
    29.226779180188));
#2265 = CARTESIAN_POINT('',(-225.9000049624,-505.2587124965,
    29.227972079669));
#2266 = CARTESIAN_POINT('',(-225.8418801282,-505.2604005332,
    29.229199265552));
#2267 = CARTESIAN_POINT('',(-225.7837500213,-505.2619906682,
    29.230463706268));
#2268 = CARTESIAN_POINT('',(-225.5352233934,-505.2684161225,
    29.236040902478));
#2269 = CARTESIAN_POINT('',(-225.3447894814,-505.2724033834,
    29.240743903789));
#2270 = CARTESIAN_POINT('',(-225.1543415923,-505.2758015486,
    29.245970315859));
#2271 = CARTESIAN_POINT('',(-224.9638895749,-505.2786674902,
    29.251735384716));
#2272 = CARTESIAN_POINT('',(-224.7734446897,-505.2811093507,
    29.258068032085));
#2273 = CARTESIAN_POINT('',(-224.5830110809,-505.283151547,
    29.264974727677));
#2274 = CARTESIAN_POINT('',(-224.3925925914,-505.2848381612,
    29.272467262826));
#2275 = CARTESIAN_POINT('',(-223.6312375755,-505.2902524104,
    29.304794915942));
#2276 = CARTESIAN_POINT('',(-223.0604593545,-505.291326669,
    29.334361976155));
#2277 = CARTESIAN_POINT('',(-222.489956238,-505.2900953429,
    29.369433539973));
#2278 = CARTESIAN_POINT('',(-221.9198072608,-505.2866498635,
    29.410030331995));
#2279 = CARTESIAN_POINT('',(-221.350093651,-505.281204557,29.4562047684)
  );
#2280 = CARTESIAN_POINT('',(-220.7808879731,-505.2737979637,
    29.507961074842));
#2281 = CARTESIAN_POINT('',(-220.2122626773,-505.2645163007,
    29.56531540448));
#2282 = CARTESIAN_POINT('',(-218.889577682,-505.2386346452,
    29.711925926175));
#2283 = CARTESIAN_POINT('',(-218.1360218904,-505.2206338909,
    29.805470822179));
#2284 = CARTESIAN_POINT('',(-217.3837890395,-505.1995131204,
    29.908917507991));
#2285 = CARTESIAN_POINT('',(-216.6330477111,-505.1753448695,
    30.02226285316));
#2286 = CARTESIAN_POINT('',(-215.8839653184,-505.1481808426,
    30.145494777881));
#2287 = CARTESIAN_POINT('',(-215.1367083481,-505.1180638931,
    30.278595513804));
#2288 = CARTESIAN_POINT('',(-214.3914424449,-505.0850323849,
    30.421542802794));
#2289 = CARTESIAN_POINT('',(-212.9052905591,-505.0132047853,
    30.727061216678));
#2290 = CARTESIAN_POINT('',(-212.1644042336,-504.974409656,
    30.889630645035));
#2291 = CARTESIAN_POINT('',(-211.4258383112,-504.9327630081,
    31.061989878136));
#2292 = CARTESIAN_POINT('',(-210.6897568286,-504.8882926351,
    31.244107233962));
#2293 = CARTESIAN_POINT('',(-209.9563229202,-504.8410235531,
    31.435947033217));
#2294 = CARTESIAN_POINT('',(-209.225698831,-504.7909788911,
    31.637469843482));
#2295 = CARTESIAN_POINT('',(-208.4980459301,-504.7381807828,
    31.848632723355));
#2296 = CARTESIAN_POINT('',(-207.04904993,-504.6271252878,
    32.290132067917));
#2297 = CARTESIAN_POINT('',(-206.3277062301,-504.5688681546,
    32.520467341949));
#2298 = CARTESIAN_POINT('',(-205.6096541087,-504.5079015011,
    32.760348975079));
#2299 = CARTESIAN_POINT('',(-204.8950529109,-504.4442464719,
    33.009727370083));
#2300 = CARTESIAN_POINT('',(-204.1840608442,-504.3779239181,
    33.268549702853));
#2301 = CARTESIAN_POINT('',(-203.4768349804,-504.308954603,
    33.536759979121));
#2302 = CARTESIAN_POINT('',(-202.7735312576,-504.2373594073,
    33.814299091188));
#2303 = CARTESIAN_POINT('',(-201.3728326834,-504.0887214283,
    34.388831512327));
#2304 = CARTESIAN_POINT('',(-200.6754638423,-504.0116619263,
    34.685884525153));
#2305 = CARTESIAN_POINT('',(-199.982354262,-503.9320022298,
    34.992201081589));
#2306 = CARTESIAN_POINT('',(-199.2936588154,-503.8497639163,
    35.307715392824));
#2307 = CARTESIAN_POINT('',(-198.6095309455,-503.7649689406,
    35.632358712768));
#2308 = CARTESIAN_POINT('',(-197.9301226654,-503.6776396348,
    35.966059338054));
#2309 = CARTESIAN_POINT('',(-197.2555845584,-503.5877987083,
    36.308742608034));
#2310 = CARTESIAN_POINT('',(-195.9187440645,-503.403442772,
    37.010765443033));
#2311 = CARTESIAN_POINT('',(-195.2564085852,-503.3089441319,
    37.370046792186));
#2312 = CARTESIAN_POINT('',(-194.5992070274,-503.2119962509,
    37.738098107043));
#2313 = CARTESIAN_POINT('',(-193.9472853965,-503.1126225629,
    38.114839815342));
#2314 = CARTESIAN_POINT('',(-193.3007880163,-503.0108470125,
    38.500189617763));
#2315 = CARTESIAN_POINT('',(-192.6598575287,-502.9066940551,
    38.894062487922));
#2316 = CARTESIAN_POINT('',(-192.0246348939,-502.8001886568,
    39.29637067238));
#2317 = CARTESIAN_POINT('',(-190.765897988,-502.58252637,40.11766750802)
  );
#2318 = CARTESIAN_POINT('',(-190.1423832623,-502.4713695896,
    40.536655921538));
#2319 = CARTESIAN_POINT('',(-189.5248544786,-502.357911453,
    40.963898457572));
#2320 = CARTESIAN_POINT('',(-188.9134489642,-502.2421779985,
    41.399302103575));
#2321 = CARTESIAN_POINT('',(-188.3083021082,-502.124195802,
    41.842771308076));
#2322 = CARTESIAN_POINT('',(-187.7095473608,-502.0039919778,
    42.294207980673));
#2323 = CARTESIAN_POINT('',(-187.1173162343,-501.8815941778,
    42.753511492036));
#2324 = CARTESIAN_POINT('',(-185.9461663036,-501.6324682686,
    43.687641122937));
#2325 = CARTESIAN_POINT('',(-185.3672471848,-501.505740179,
    44.162467232514));
#2326 = CARTESIAN_POINT('',(-184.7951105113,-501.3768745259,
    44.64495383564));
#2327 = CARTESIAN_POINT('',(-184.2298836705,-501.245900026,
    45.13499542534));
#2328 = CARTESIAN_POINT('',(-183.671691872,-501.1128459101,
    45.632484154656));
#2329 = CARTESIAN_POINT('',(-183.1206581472,-500.9777419228,
    46.137309836657));
#2330 = CARTESIAN_POINT('',(-182.5769033498,-500.8406183232,
    46.649359944433));
#2331 = CARTESIAN_POINT('',(-181.502442378,-500.5619404415,
    47.689369858978));
#2332 = CARTESIAN_POINT('',(-180.9717842941,-500.4203731422,
    48.217376205415));
#2333 = CARTESIAN_POINT('',(-180.4486917383,-500.2768350715,
    48.752422654781));
#2334 = CARTESIAN_POINT('',(-179.9332821158,-500.1313577775,
    49.294391056724));
#2335 = CARTESIAN_POINT('',(-179.4256704021,-499.9839732712,
    49.843161106168));
#2336 = CARTESIAN_POINT('',(-178.9259691433,-499.8347140266,
    50.398610343311));
#2337 = CARTESIAN_POINT('',(-178.4342884559,-499.6836129803,
    50.960614153626));
#2338 = CARTESIAN_POINT('',(-177.4687475766,-499.3782886462,
    52.095638874893));
#2339 = CARTESIAN_POINT('',(-176.9948347413,-499.2240769764,
    52.66861844458));
#2340 = CARTESIAN_POINT('',(-176.5291041608,-499.068101612,
    53.247858933738));
#2341 = CARTESIAN_POINT('',(-176.0716598784,-498.9103960093,
    53.833232897091));
#2342 = CARTESIAN_POINT('',(-175.622603341,-498.7509939918,
    54.424610987274));
#2343 = CARTESIAN_POINT('',(-175.1820333994,-498.58992975,
    55.021861954829));
#2344 = CARTESIAN_POINT('',(-174.7500463079,-498.4272378411,
    55.624852648209));
#2345 = CARTESIAN_POINT('',(-173.9034159166,-498.0986649577,
    56.842056642238));
#2346 = CARTESIAN_POINT('',(-173.4887728647,-497.932783826,
    57.456270363544));
#2347 = CARTESIAN_POINT('',(-173.0829002276,-497.7653447457,
    58.075954118381));
#2348 = CARTESIAN_POINT('',(-172.6858888936,-497.5963828955,
    58.700971174093));
#2349 = CARTESIAN_POINT('',(-172.2978269806,-497.4259336815,
    59.331183124678));
#2350 = CARTESIAN_POINT('',(-171.9187998362,-497.2540327373,
    59.966449890788));
#2351 = CARTESIAN_POINT('',(-171.5488900379,-497.080715924,
    60.606629719729));
#2352 = CARTESIAN_POINT('',(-170.8274520118,-496.7313165682,
    61.896551422235));
#2353 = CARTESIAN_POINT('',(-170.4759243226,-496.5552337827,
    62.546293803898));
#2354 = CARTESIAN_POINT('',(-170.1336741344,-496.3778071276,
    63.200662904038));
#2355 = CARTESIAN_POINT('',(-169.8007783374,-496.1990727365,
    63.8595138363));
#2356 = CARTESIAN_POINT('',(-169.4773109029,-496.0190667229,
    64.522700254379));
#2357 = CARTESIAN_POINT('',(-169.1633428832,-495.8378251796,
    65.190074352025));
#2358 = CARTESIAN_POINT('',(-168.8589424111,-495.6553841794,
    65.861486863043));
#2359 = CARTESIAN_POINT('',(-168.2684331198,-495.2875687668,
    67.214318355975));
#2360 = CARTESIAN_POINT('',(-167.9823879662,-495.1021865428,
    67.895763258419));
#2361 = CARTESIAN_POINT('',(-167.7061050935,-494.9156693014,
    68.580969484896));
#2362 = CARTESIAN_POINT('',(-167.4396472766,-494.7280530673,
    69.269783525252));
#2363 = CARTESIAN_POINT('',(-167.1830742102,-494.5393734803,
    69.962050584267));
#2364 = CARTESIAN_POINT('',(-166.9364425074,-494.3496655853,
    70.65761452302));
#2365 = CARTESIAN_POINT('',(-166.6998056985,-494.158963621,
    71.356317800253));
#2366 = CARTESIAN_POINT('',(-166.2473438544,-493.7762479394,
    72.757452017044));
#2367 = CARTESIAN_POINT('',(-166.0314549233,-493.5842403575,
    73.459864233152));
#2368 = CARTESIAN_POINT('',(-165.8255973862,-493.3913105774,
    74.165080479305));
#2369 = CARTESIAN_POINT('',(-165.629818066,-493.1974904154,
    74.872942099849));
#2370 = CARTESIAN_POINT('',(-165.444160652,-493.0028100906,
    75.583289111023));
#2371 = CARTESIAN_POINT('',(-165.2686656948,-492.8072973236,
    76.295959945751));
#2372 = CARTESIAN_POINT('',(-165.1033706016,-492.6109764359,
    77.010791198431));
#2373 = CARTESIAN_POINT('',(-164.7932343271,-492.2167402435,
    78.444509795505));
#2374 = CARTESIAN_POINT('',(-164.6483950455,-492.018824367,
    79.163397331189));
#2375 = CARTESIAN_POINT('',(-164.513825988,-491.8201406456,
    79.884114935159));
#2376 = CARTESIAN_POINT('',(-164.3895581923,-491.6207014083,
    80.606494336781));
#2377 = CARTESIAN_POINT('',(-164.2756195215,-491.4205138542,
    81.330365020281));
#2378 = CARTESIAN_POINT('',(-164.172034634,-491.2195756261,
    82.055552950342));
#2379 = CARTESIAN_POINT('',(-164.078824936,-491.0178625902,
    82.781877039423));
#2380 = CARTESIAN_POINT('',(-163.9547297395,-490.7143485124,
    83.871639852853));
#2381 = CARTESIAN_POINT('',(-163.9160330856,-490.6131791435,
    84.234370184534));
#2382 = CARTESIAN_POINT('',(-163.8799207718,-490.5117927678,
    84.597310557225));
#2383 = CARTESIAN_POINT('',(-163.8463948339,-490.4101771099,
    84.960435705106));
#2384 = CARTESIAN_POINT('',(-163.8154571144,-490.3083167231,
    85.323719241235));
#2385 = CARTESIAN_POINT('',(-163.7871092502,-490.206190734,
    85.687132989805));
#2386 = CARTESIAN_POINT('',(-163.7613526589,-490.1037671748,
    86.050645300558));
#2387 = CARTESIAN_POINT('',(-163.7265290616,-489.9492639043,
    86.597219550469));
#2388 = CARTESIAN_POINT('',(-163.7155264126,-489.897445508,
    86.780236091248));
#2389 = CARTESIAN_POINT('',(-163.7051807197,-489.8455312782,
    86.963262955869));
#2390 = CARTESIAN_POINT('',(-163.69549212,-489.7935133784,
    87.146294925051));
#2391 = CARTESIAN_POINT('',(-163.6864607387,-489.7413820775,
    87.329326111127));
#2392 = CARTESIAN_POINT('',(-163.6780866854,-489.6891242566,
    87.512349497095));
#2393 = CARTESIAN_POINT('',(-163.6703700506,-489.6367219163,
    87.695356475672));
#2394 = CARTESIAN_POINT('',(-163.6562492377,-489.5315607176,
    88.061381506775));
#2395 = CARTESIAN_POINT('',(-163.6498456676,-489.4788020429,
    88.244395684125));
#2396 = CARTESIAN_POINT('',(-163.6441000803,-489.4258514372,
    88.427372469888));
#2397 = CARTESIAN_POINT('',(-163.6390124916,-489.3726629711,
    88.610295537618));
#2398 = CARTESIAN_POINT('',(-163.6345829694,-489.3192154986,
    88.793155122283));
#2399 = CARTESIAN_POINT('',(-163.630811568,-489.2653946862,
    88.975908069666));
#2400 = CARTESIAN_POINT('',(-163.6276982727,-489.2111497518,
    89.158530426019));
#2401 = CARTESIAN_POINT('',(-163.6245290461,-489.1401145948,
    89.393901534424));
#2402 = CARTESIAN_POINT('',(-163.623870877,-489.1240490698,
    89.44688828258));
#2403 = CARTESIAN_POINT('',(-163.6232682892,-489.1079087573,
    89.499849780878));
#2404 = CARTESIAN_POINT('',(-163.6227212736,-489.0916794831,
    89.552781049896));
#2405 = CARTESIAN_POINT('',(-163.6222298265,-489.0753460578,
    89.60567609664));
#2406 = CARTESIAN_POINT('',(-163.6217939431,-489.0588896401,
    89.658526981973));
#2407 = CARTESIAN_POINT('',(-163.6214136094,-489.042277055,
    89.711319867738));
#2408 = CARTESIAN_POINT('',(-163.6209374245,-489.0175967887,
    89.788590600165));
#2409 = CARTESIAN_POINT('',(-163.6207981214,-489.0097036475,
    89.81313335371));
#2410 = CARTESIAN_POINT('',(-163.6206708706,-489.0017545538,
    89.837654289065));
#2411 = CARTESIAN_POINT('',(-163.6205556665,-488.993741995,
    89.862150860185));
#2412 = CARTESIAN_POINT('',(-163.6204525072,-488.9856519173,
    89.886616742717));
#2413 = CARTESIAN_POINT('',(-163.6203613914,-488.9774679072,
    89.911043684671));
#2414 = CARTESIAN_POINT('',(-163.6202823126,-488.969167231,
    89.935419923088));
#2415 = CARTESIAN_POINT('',(-163.6201924943,-488.9578120661,
    89.967962391972));
#2416 = CARTESIAN_POINT('',(-163.620171121,-488.9549146944,89.9761987184
    ));
#2417 = CARTESIAN_POINT('',(-163.6201511317,-488.9519942008,
    89.984424376337));
#2418 = CARTESIAN_POINT('',(-163.6201325254,-488.9490478732,
    89.992638038638));
#2419 = CARTESIAN_POINT('',(-163.6201153019,-488.9460723419,
    90.000837812331));
#2420 = CARTESIAN_POINT('',(-163.6200994606,-488.9430626609,
    90.009020762311));
#2421 = CARTESIAN_POINT('',(-163.6200850005,-488.9400113894,
    90.017182435039));
#2422 = CARTESIAN_POINT('',(-163.6200633102,-488.9348647994,
    90.03067016728));
#2423 = CARTESIAN_POINT('',(-163.6200553007,-488.932800437,
    90.036010797862));
#2424 = CARTESIAN_POINT('',(-163.620047888,-488.930708597,
    90.041336336772));
#2425 = CARTESIAN_POINT('',(-163.6200410709,-488.9285857993,
    90.046645365835));
#2426 = CARTESIAN_POINT('',(-163.6200348497,-488.926427942,
    90.05193497105));
#2427 = CARTESIAN_POINT('',(-163.6200292249,-488.9242271709,
    90.05719872774));
#2428 = CARTESIAN_POINT('',(-163.6200241967,-488.9219687491,
    90.062424685692));
#2429 = CARTESIAN_POINT('',(-163.6200197638,-488.9196279258,
    90.067593354306));
#2430 = PCURVE('',#521,#2431);
#2431 = DEFINITIONAL_REPRESENTATION('',(#2432),#2638);
#2432 = B_SPLINE_CURVE_WITH_KNOTS('',8,(#2433,#2434,#2435,#2436,#2437,
    #2438,#2439,#2440,#2441,#2442,#2443,#2444,#2445,#2446,#2447,#2448,
    #2449,#2450,#2451,#2452,#2453,#2454,#2455,#2456,#2457,#2458,#2459,
    #2460,#2461,#2462,#2463,#2464,#2465,#2466,#2467,#2468,#2469,#2470,
    #2471,#2472,#2473,#2474,#2475,#2476,#2477,#2478,#2479,#2480,#2481,
    #2482,#2483,#2484,#2485,#2486,#2487,#2488,#2489,#2490,#2491,#2492,
    #2493,#2494,#2495,#2496,#2497,#2498,#2499,#2500,#2501,#2502,#2503,
    #2504,#2505,#2506,#2507,#2508,#2509,#2510,#2511,#2512,#2513,#2514,
    #2515,#2516,#2517,#2518,#2519,#2520,#2521,#2522,#2523,#2524,#2525,
    #2526,#2527,#2528,#2529,#2530,#2531,#2532,#2533,#2534,#2535,#2536,
    #2537,#2538,#2539,#2540,#2541,#2542,#2543,#2544,#2545,#2546,#2547,
    #2548,#2549,#2550,#2551,#2552,#2553,#2554,#2555,#2556,#2557,#2558,
    #2559,#2560,#2561,#2562,#2563,#2564,#2565,#2566,#2567,#2568,#2569,
    #2570,#2571,#2572,#2573,#2574,#2575,#2576,#2577,#2578,#2579,#2580,
    #2581,#2582,#2583,#2584,#2585,#2586,#2587,#2588,#2589,#2590,#2591,
    #2592,#2593,#2594,#2595,#2596,#2597,#2598,#2599,#2600,#2601,#2602,
    #2603,#2604,#2605,#2606,#2607,#2608,#2609,#2610,#2611,#2612,#2613,
    #2614,#2615,#2616,#2617,#2618,#2619,#2620,#2621,#2622,#2623,#2624,
    #2625,#2626,#2627,#2628,#2629,#2630,#2631,#2632,#2633,#2634,#2635,
    #2636,#2637),.UNSPECIFIED.,.F.,.F.,(9,7,7,7,7,7,7,7,7,7,7,7,7,7,7,7,
    7,7,7,7,7,7,7,7,7,7,7,7,7,9),(0.,1.496397244874E-04,
    6.362274523053E-04,1.492003869537E-03,2.539918223647E-03,
    4.450959193368E-03,9.156315569831E-03,2.456620768178E-02,
    7.077515113865E-02,0.132176091535,0.193571385713,0.254962746839,
    0.316551218683,0.377937584188,0.439322574304,0.500706942399,
    0.56229120133,0.623676275168,0.68506268675,0.746451265684,
    0.808042663809,0.869438055905,0.930839122626,0.961443690731,
    0.976848223394,0.992258245537,0.996737751425,0.998825247629,
    0.999533696876,1.),.UNSPECIFIED.);
#2433 = CARTESIAN_POINT('',(4.713580216966,0.));
#2434 = CARTESIAN_POINT('',(4.713577648362,4.119747054043E-04));
#2435 = CARTESIAN_POINT('',(4.71358316656,7.74153256338E-04));
#2436 = CARTESIAN_POINT('',(4.713593446634,1.090176118835E-03));
#2437 = CARTESIAN_POINT('',(4.713606134983,1.364856056086E-03));
#2438 = CARTESIAN_POINT('',(4.713619769296,1.604386028113E-03));
#2439 = CARTESIAN_POINT('',(4.713633698531,1.816547091445E-03));
#2440 = CARTESIAN_POINT('',(4.713648002882,2.010916298792E-03));
#2441 = CARTESIAN_POINT('',(4.713713525734,2.810914268624E-03));
#2442 = CARTESIAN_POINT('',(4.713767721709,3.264775048168E-03));
#2443 = CARTESIAN_POINT('',(4.713822336983,3.69037527086E-03));
#2444 = CARTESIAN_POINT('',(4.713878332024,4.043994101312E-03));
#2445 = CARTESIAN_POINT('',(4.713933740254,4.387115469993E-03));
#2446 = CARTESIAN_POINT('',(4.713989759948,4.694092831871E-03));
#2447 = CARTESIAN_POINT('',(4.714045785633,4.985668164573E-03));
#2448 = CARTESIAN_POINT('',(4.71420265592,5.75160627054E-03));
#2449 = CARTESIAN_POINT('',(4.714303200039,6.18992529013E-03));
#2450 = CARTESIAN_POINT('',(4.714404084733,6.593619260368E-03));
#2451 = CARTESIAN_POINT('',(4.714505188129,6.971869953342E-03));
#2452 = CARTESIAN_POINT('',(4.714606444722,7.329570862211E-03));
#2453 = CARTESIAN_POINT('',(4.71470782712,7.669209621749E-03));
#2454 = CARTESIAN_POINT('',(4.714809327794,7.992750428891E-03));
#2455 = CARTESIAN_POINT('',(4.7150353679,8.684055330283E-03));
#2456 = CARTESIAN_POINT('',(4.715183214593,9.115815889399E-03));
#2457 = CARTESIAN_POINT('',(4.715341750987,9.55023495385E-03));
#2458 = CARTESIAN_POINT('',(4.715503436234,9.968394107548E-03));
#2459 = CARTESIAN_POINT('',(4.715665989253,1.036994280298E-02));
#2460 = CARTESIAN_POINT('',(4.715832437062,1.076560336089E-02));
#2461 = CARTESIAN_POINT('',(4.71601114073,1.117325787182E-02));
#2462 = CARTESIAN_POINT('',(4.716589026297,1.242797759301E-02));
#2463 = CARTESIAN_POINT('',(4.716962566743,1.317332453146E-02));
#2464 = CARTESIAN_POINT('',(4.717336320613,1.387119589802E-02));
#2465 = CARTESIAN_POINT('',(4.717710229949,1.453106336279E-02));
#2466 = CARTESIAN_POINT('',(4.718084259387,1.515867051546E-02));
#2467 = CARTESIAN_POINT('',(4.718458385255,1.575855632737E-02));
#2468 = CARTESIAN_POINT('',(4.718832592906,1.633476374304E-02));
#2469 = CARTESIAN_POINT('',(4.72012845585,1.825617716649E-02));
#2470 = CARTESIAN_POINT('',(4.721050449044,1.949438592366E-02));
#2471 = CARTESIAN_POINT('',(4.721972708268,2.064530659864E-02));
#2472 = CARTESIAN_POINT('',(4.722895159085,2.172596210815E-02));
#2473 = CARTESIAN_POINT('',(4.723817751131,2.274846310406E-02));
#2474 = CARTESIAN_POINT('',(4.724740450924,2.372280058741E-02));
#2475 = CARTESIAN_POINT('',(4.72566324856,2.46546882676E-02));
#2476 = CARTESIAN_POINT('',(4.729608598202,2.848093552919E-02));
#2477 = CARTESIAN_POINT('',(4.732631892963,3.10163260364E-02));
#2478 = CARTESIAN_POINT('',(4.735655616238,3.333504037709E-02));
#2479 = CARTESIAN_POINT('',(4.738679653776,3.546650854661E-02));
#2480 = CARTESIAN_POINT('',(4.741703868896,3.746669284184E-02));
#2481 = CARTESIAN_POINT('',(4.744728237869,3.934821665958E-02));
#2482 = CARTESIAN_POINT('',(4.747752741758,4.113389029406E-02));
#2483 = CARTESIAN_POINT('',(4.759847359636,4.793851993878E-02));
#2484 = CARTESIAN_POINT('',(4.768918293325,5.228887025524E-02));
#2485 = CARTESIAN_POINT('',(4.777989743924,5.623850123708E-02));
#2486 = CARTESIAN_POINT('',(4.787061590602,5.983419007173E-02));
#2487 = CARTESIAN_POINT('',(4.796133676601,6.318617249966E-02));
#2488 = CARTESIAN_POINT('',(4.80520598142,6.631356835695E-02));
#2489 = CARTESIAN_POINT('',(4.814278484976,6.926006966923E-02));
#2490 = CARTESIAN_POINT('',(4.835406795552,7.574982362404E-02));
#2491 = CARTESIAN_POINT('',(4.847462672946,7.917173188732E-02));
#2492 = CARTESIAN_POINT('',(4.859518806894,8.236849786782E-02));
#2493 = CARTESIAN_POINT('',(4.871575162518,8.537468846114E-02));
#2494 = CARTESIAN_POINT('',(4.883631716533,8.821366047038E-02));
#2495 = CARTESIAN_POINT('',(4.895688452167,9.090376560907E-02));
#2496 = CARTESIAN_POINT('',(4.907745356641,9.346061038226E-02));
#2497 = CARTESIAN_POINT('',(4.931858376991,9.83299074174E-02));
#2498 = CARTESIAN_POINT('',(4.94391449198,0.100642604605));
#2499 = CARTESIAN_POINT('',(4.955970752938,0.102845069222));
#2500 = CARTESIAN_POINT('',(4.968027150619,0.104946590698));
#2501 = CARTESIAN_POINT('',(4.980083678299,0.106954602534));
#2502 = CARTESIAN_POINT('',(4.992140330335,0.108875143756));
#2503 = CARTESIAN_POINT('',(5.004197100726,0.110713320368));
#2504 = CARTESIAN_POINT('',(5.028310090225,0.114234100468));
#2505 = CARTESIAN_POINT('',(5.040366312642,0.115916672292));
#2506 = CARTESIAN_POINT('',(5.052422640906,0.117525917202));
#2507 = CARTESIAN_POINT('',(5.064479069816,0.119065605712));
#2508 = CARTESIAN_POINT('',(5.076535595709,0.120538950471));
#2509 = CARTESIAN_POINT('',(5.088592215195,0.121948712807));
#2510 = CARTESIAN_POINT('',(5.100648923888,0.123297309267));
#2511 = CARTESIAN_POINT('',(5.124801217405,0.125880667643));
#2512 = CARTESIAN_POINT('',(5.136896805158,0.127115079829));
#2513 = CARTESIAN_POINT('',(5.148992474132,0.128292244706));
#2514 = CARTESIAN_POINT('',(5.161088220164,0.129414052818));
#2515 = CARTESIAN_POINT('',(5.173184039176,0.130482195278));
#2516 = CARTESIAN_POINT('',(5.185279927186,0.131498163761));
#2517 = CARTESIAN_POINT('',(5.197375880301,0.132463250508));
#2518 = CARTESIAN_POINT('',(5.221528215323,0.134290842535));
#2519 = CARTESIAN_POINT('',(5.233584598031,0.135153722116));
#2520 = CARTESIAN_POINT('',(5.24564103905,0.13596830104));
#2521 = CARTESIAN_POINT('',(5.257697534622,0.136735587914));
#2522 = CARTESIAN_POINT('',(5.269754081023,0.137456485974));
#2523 = CARTESIAN_POINT('',(5.281810674559,0.138131793087));
#2524 = CARTESIAN_POINT('',(5.293867311571,0.138762201752));
#2525 = CARTESIAN_POINT('',(5.317980395157,0.139934383308));
#2526 = CARTESIAN_POINT('',(5.330036842951,0.140476177573));
#2527 = CARTESIAN_POINT('',(5.342093328179,0.14097428121));
#2528 = CARTESIAN_POINT('',(5.354149847217,0.141429225633));
#2529 = CARTESIAN_POINT('',(5.366206396453,0.14184147435));
#2530 = CARTESIAN_POINT('',(5.37826297229,0.142211422966));
#2531 = CARTESIAN_POINT('',(5.390319571139,0.142539399179));
#2532 = CARTESIAN_POINT('',(5.414432685539,0.143111923489));
#2533 = CARTESIAN_POINT('',(5.42648920232,0.143356479723));
#2534 = CARTESIAN_POINT('',(5.43854573619,0.143559597537));
#2535 = CARTESIAN_POINT('',(5.450602283574,0.143721489236));
#2536 = CARTESIAN_POINT('',(5.462658840901,0.143842313374));
#2537 = CARTESIAN_POINT('',(5.4747154046,0.143922174759));
#2538 = CARTESIAN_POINT('',(5.486771971108,0.143961124449));
#2539 = CARTESIAN_POINT('',(5.510924363375,0.143957188659));
#2540 = CARTESIAN_POINT('',(5.523020190377,0.143914036247));
#2541 = CARTESIAN_POINT('',(5.535116014266,0.143829704714));
#2542 = CARTESIAN_POINT('',(5.547211831443,0.14370414176));
#2543 = CARTESIAN_POINT('',(5.559307638302,0.143537240596));
#2544 = CARTESIAN_POINT('',(5.571403431235,0.143328839935));
#2545 = CARTESIAN_POINT('',(5.583499206634,0.143078723998));
#2546 = CARTESIAN_POINT('',(5.607651593224,0.142495465783));
#2547 = CARTESIAN_POINT('',(5.619708205787,0.142162587285));
#2548 = CARTESIAN_POINT('',(5.631764795002,0.141787725627));
#2549 = CARTESIAN_POINT('',(5.643821357281,0.141370551337));
#2550 = CARTESIAN_POINT('',(5.655877889027,0.140910666852));
#2551 = CARTESIAN_POINT('',(5.667934386631,0.140407606523));
#2552 = CARTESIAN_POINT('',(5.679990846472,0.139860836616));
#2553 = CARTESIAN_POINT('',(5.704103946102,0.138678661121));
#2554 = CARTESIAN_POINT('',(5.716160587112,0.138043234079));
#2555 = CARTESIAN_POINT('',(5.728217184321,0.137362884631));
#2556 = CARTESIAN_POINT('',(5.740273734072,0.136636917417));
#2557 = CARTESIAN_POINT('',(5.752330232675,0.13586453127));
#2558 = CARTESIAN_POINT('',(5.764386676408,0.135044819219));
#2559 = CARTESIAN_POINT('',(5.776443061515,0.134176768484));
#2560 = CARTESIAN_POINT('',(5.800556132569,0.132341720081));
#2561 = CARTESIAN_POINT('',(5.812612819709,0.131374670871));
#2562 = CARTESIAN_POINT('',(5.824669441865,0.130357025808));
#2563 = CARTESIAN_POINT('',(5.836725995186,0.129287500143));
#2564 = CARTESIAN_POINT('',(5.848782475732,0.128164611417));
#2565 = CARTESIAN_POINT('',(5.86083887947,0.12698667946));
#2566 = CARTESIAN_POINT('',(5.872895202281,0.125751826397));
#2567 = CARTESIAN_POINT('',(5.897047509731,0.123159852186));
#2568 = CARTESIAN_POINT('',(5.909143496214,0.121802311251));
#2569 = CARTESIAN_POINT('',(5.921239392669,0.120383147744));
#2570 = CARTESIAN_POINT('',(5.933335194669,0.118899913883));
#2571 = CARTESIAN_POINT('',(5.945430898796,0.117349811063));
#2572 = CARTESIAN_POINT('',(5.957526501358,0.115729580716));
#2573 = CARTESIAN_POINT('',(5.969621997096,0.114035395175));
#2574 = CARTESIAN_POINT('',(5.993774266837,0.110495743096));
#2575 = CARTESIAN_POINT('',(6.005831044904,0.108650817376));
#2576 = CARTESIAN_POINT('',(6.017887704287,0.106723306348));
#2577 = CARTESIAN_POINT('',(6.029944238971,0.104708071317));
#2578 = CARTESIAN_POINT('',(6.042000643291,0.102599032226));
#2579 = CARTESIAN_POINT('',(6.054056910488,0.100388699967));
#2580 = CARTESIAN_POINT('',(6.066113031264,9.806770868858E-02));
#2581 = CARTESIAN_POINT('',(6.090226067719,9.318076169122E-02));
#2582 = CARTESIAN_POINT('',(6.102282982387,9.061455476632E-02));
#2583 = CARTESIAN_POINT('',(6.114339727628,8.791446492969E-02));
#2584 = CARTESIAN_POINT('',(6.126396290572,8.50647123993E-02));
#2585 = CARTESIAN_POINT('',(6.138452654261,8.204675348447E-02));
#2586 = CARTESIAN_POINT('',(6.150508795106,7.883697939657E-02));
#2587 = CARTESIAN_POINT('',(6.162564677701,7.540036039916E-02));
#2588 = CARTESIAN_POINT('',(6.180629189743,6.982568733595E-02));
#2589 = CARTESIAN_POINT('',(6.186638051538,6.790073173031E-02));
#2590 = CARTESIAN_POINT('',(6.192646828103,6.589826078911E-02));
#2591 = CARTESIAN_POINT('',(6.198655510677,6.380908668248E-02));
#2592 = CARTESIAN_POINT('',(6.204664086634,6.162234592508E-02));
#2593 = CARTESIAN_POINT('',(6.210672538487,5.932432424704E-02));
#2594 = CARTESIAN_POINT('',(6.216680841292,5.689550185329E-02));
#2595 = CARTESIAN_POINT('',(6.225713089912,5.300232565603E-02));
#2596 = CARTESIAN_POINT('',(6.228737172714,5.165816882501E-02));
#2597 = CARTESIAN_POINT('',(6.231761202543,5.026911174709E-02));
#2598 = CARTESIAN_POINT('',(6.234785173561,4.883069689357E-02));
#2599 = CARTESIAN_POINT('',(6.237809077472,4.733746549229E-02));
#2600 = CARTESIAN_POINT('',(6.240832902595,4.578217698168E-02));
#2601 = CARTESIAN_POINT('',(6.24385663292,4.41550284648E-02));
#2602 = CARTESIAN_POINT('',(6.249904938928,4.073010972757E-02));
#2603 = CARTESIAN_POINT('',(6.252929454115,3.893192692112E-02));
#2604 = CARTESIAN_POINT('',(6.255953831387,3.703627993055E-02));
#2605 = CARTESIAN_POINT('',(6.258978051177,3.50188796168E-02));
#2606 = CARTESIAN_POINT('',(6.262002092702,3.28682558553E-02));
#2607 = CARTESIAN_POINT('',(6.265025806085,3.052361490696E-02));
#2608 = CARTESIAN_POINT('',(6.268049074774,2.795734132689E-02));
#2609 = CARTESIAN_POINT('',(6.271950012512,2.410805729229E-02));
#2610 = CARTESIAN_POINT('',(6.272828484031,2.320573441475E-02));
#2611 = CARTESIAN_POINT('',(6.27370686463,2.226403541534E-02));
#2612 = CARTESIAN_POINT('',(6.274585137227,2.127547086704E-02));
#2613 = CARTESIAN_POINT('',(6.275463273371,2.023193008157E-02));
#2614 = CARTESIAN_POINT('',(6.276341229774,1.912328689027E-02));
#2615 = CARTESIAN_POINT('',(6.277218931593,1.79317294001E-02));
#2616 = CARTESIAN_POINT('',(6.278505078393,1.601137943397E-02));
#2617 = CARTESIAN_POINT('',(6.278913806079,1.537527017312E-02));
#2618 = CARTESIAN_POINT('',(6.279322427942,1.470931813465E-02));
#2619 = CARTESIAN_POINT('',(6.279730935913,1.400956576483E-02));
#2620 = CARTESIAN_POINT('',(6.280139290868,1.326840741756E-02));
#2621 = CARTESIAN_POINT('',(6.280547433819,1.24768484235E-02));
#2622 = CARTESIAN_POINT('',(6.280955277916,1.162238738362E-02));
#2623 = CARTESIAN_POINT('',(6.281500876532,1.034949673125E-02));
#2624 = CARTESIAN_POINT('',(6.281639060873,1.001601500467E-02));
#2625 = CARTESIAN_POINT('',(6.281777176562,9.669986313197E-03));
#2626 = CARTESIAN_POINT('',(6.281915214398,9.309929101132E-03));
#2627 = CARTESIAN_POINT('',(6.282053159205,8.933970980654E-03));
#2628 = CARTESIAN_POINT('',(6.282190986306,8.539343452096E-03));
#2629 = CARTESIAN_POINT('',(6.282328657989,8.121876624214E-03));
#2630 = CARTESIAN_POINT('',(6.282556597827,7.381683695794E-03));
#2631 = CARTESIAN_POINT('',(6.282646962239,7.075793426966E-03));
#2632 = CARTESIAN_POINT('',(6.282737208128,6.7546798929E-03));
#2633 = CARTESIAN_POINT('',(6.282827328047,6.416478796842E-03));
#2634 = CARTESIAN_POINT('',(6.282917294172,6.058832045902E-03));
#2635 = CARTESIAN_POINT('',(6.283007040267,5.677115016583E-03));
#2636 = CARTESIAN_POINT('',(6.283096443652,5.262663820318E-03));
#2637 = CARTESIAN_POINT('',(6.28318530718,4.801002569006E-03));
#2638 = ( GEOMETRIC_REPRESENTATION_CONTEXT(2) 
PARAMETRIC_REPRESENTATION_CONTEXT() REPRESENTATION_CONTEXT('2D SPACE',''
  ) );
#2639 = PCURVE('',#2640,#2648);
#2640 = SURFACE_OF_LINEAR_EXTRUSION('',#2641,#2646);
#2641 = CIRCLE('',#2642,63.05);
#2642 = AXIS2_PLACEMENT_3D('',#2643,#2644,#2645);
#2643 = CARTESIAN_POINT('',(-226.67,-489.3898422385,90.245350708689));
#2644 = DIRECTION('',(-3.955148901533E-16,-0.965925826289,0.258819045103
    ));
#2645 = DIRECTION('',(-4.507804826392E-16,-0.258819045103,
    -0.965925826289));
#2646 = VECTOR('',#2647,1.);
#2647 = DIRECTION('',(-0.,-0.965885549343,0.258969313954));
#2648 = DEFINITIONAL_REPRESENTATION('',(#2649),#2855);
#2649 = B_SPLINE_CURVE_WITH_KNOTS('',8,(#2650,#2651,#2652,#2653,#2654,
    #2655,#2656,#2657,#2658,#2659,#2660,#2661,#2662,#2663,#2664,#2665,
    #2666,#2667,#2668,#2669,#2670,#2671,#2672,#2673,#2674,#2675,#2676,
    #2677,#2678,#2679,#2680,#2681,#2682,#2683,#2684,#2685,#2686,#2687,
    #2688,#2689,#2690,#2691,#2692,#2693,#2694,#2695,#2696,#2697,#2698,
    #2699,#2700,#2701,#2702,#2703,#2704,#2705,#2706,#2707,#2708,#2709,
    #2710,#2711,#2712,#2713,#2714,#2715,#2716,#2717,#2718,#2719,#2720,
    #2721,#2722,#2723,#2724,#2725,#2726,#2727,#2728,#2729,#2730,#2731,
    #2732,#2733,#2734,#2735,#2736,#2737,#2738,#2739,#2740,#2741,#2742,
    #2743,#2744,#2745,#2746,#2747,#2748,#2749,#2750,#2751,#2752,#2753,
    #2754,#2755,#2756,#2757,#2758,#2759,#2760,#2761,#2762,#2763,#2764,
    #2765,#2766,#2767,#2768,#2769,#2770,#2771,#2772,#2773,#2774,#2775,
    #2776,#2777,#2778,#2779,#2780,#2781,#2782,#2783,#2784,#2785,#2786,
    #2787,#2788,#2789,#2790,#2791,#2792,#2793,#2794,#2795,#2796,#2797,
    #2798,#2799,#2800,#2801,#2802,#2803,#2804,#2805,#2806,#2807,#2808,
    #2809,#2810,#2811,#2812,#2813,#2814,#2815,#2816,#2817,#2818,#2819,
    #2820,#2821,#2822,#2823,#2824,#2825,#2826,#2827,#2828,#2829,#2830,
    #2831,#2832,#2833,#2834,#2835,#2836,#2837,#2838,#2839,#2840,#2841,
    #2842,#2843,#2844,#2845,#2846,#2847,#2848,#2849,#2850,#2851,#2852,
    #2853,#2854),.UNSPECIFIED.,.F.,.F.,(9,7,7,7,7,7,7,7,7,7,7,7,7,7,7,7,
    7,7,7,7,7,7,7,7,7,7,7,7,7,9),(0.,1.496397244874E-04,
    6.362274523053E-04,1.492003869537E-03,2.539918223647E-03,
    4.450959193368E-03,9.156315569831E-03,2.456620768178E-02,
    7.077515113865E-02,0.132176091535,0.193571385713,0.254962746839,
    0.316551218683,0.377937584188,0.439322574304,0.500706942399,
    0.56229120133,0.623676275168,0.68506268675,0.746451265684,
    0.808042663809,0.869438055905,0.930839122626,0.961443690731,
    0.976848223394,0.992258245537,0.996737751425,0.998825247629,
    0.999533696876,1.),.UNSPECIFIED.);
#2650 = CARTESIAN_POINT('',(1.983366448144E-03,-0.509801111687));
#2651 = CARTESIAN_POINT('',(1.980799878505E-03,-0.508977162266));
#2652 = CARTESIAN_POINT('',(1.986313699327E-03,-0.508252805171));
#2653 = CARTESIAN_POINT('',(1.996585622703E-03,-0.507620759637));
#2654 = CARTESIAN_POINT('',(2.009263911336E-03,-0.507071400167));
#2655 = CARTESIAN_POINT('',(2.02288741475E-03,-0.506592340793));
#2656 = CARTESIAN_POINT('',(2.036805605489E-03,-0.506168019339));
#2657 = CARTESIAN_POINT('',(2.051098615329E-03,-0.505779281675));
#2658 = CARTESIAN_POINT('',(2.116569517546E-03,-0.504179289585));
#2659 = CARTESIAN_POINT('',(2.170722520627E-03,-0.503271572085));
#2660 = CARTESIAN_POINT('',(2.22529448829E-03,-0.502420376488));
#2661 = CARTESIAN_POINT('',(2.28124512673E-03,-0.501713144398));
#2662 = CARTESIAN_POINT('',(2.336609415575E-03,-0.501026907763));
#2663 = CARTESIAN_POINT('',(2.392584681033E-03,-0.500412959689));
#2664 = CARTESIAN_POINT('',(2.448565929958E-03,-0.499829816148));
#2665 = CARTESIAN_POINT('',(2.6053117889E-03,-0.498297961135));
#2666 = CARTESIAN_POINT('',(2.705776149118E-03,-0.497421338072));
#2667 = CARTESIAN_POINT('',(2.806580803144E-03,-0.496613966398));
#2668 = CARTESIAN_POINT('',(2.907603977057E-03,-0.495857482448));
#2669 = CARTESIAN_POINT('',(3.008780217069E-03,-0.495142099146));
#2670 = CARTESIAN_POINT('',(3.110082152924E-03,-0.49446284116));
#2671 = CARTESIAN_POINT('',(3.21150226131E-03,-0.493815780046));
#2672 = CARTESIAN_POINT('',(3.437362927671E-03,-0.492433217891));
#2673 = CARTESIAN_POINT('',(3.585092239318E-03,-0.491569729276));
#2674 = CARTESIAN_POINT('',(3.743502742462E-03,-0.490700928084));
#2675 = CARTESIAN_POINT('',(3.9050595722E-03,-0.489864649583));
#2676 = CARTESIAN_POINT('',(4.067483460751E-03,-0.489061594107));
#2677 = CARTESIAN_POINT('',(4.233799021681E-03,-0.488270317598));
#2678 = CARTESIAN_POINT('',(4.412360678061E-03,-0.487455058368));
#2679 = CARTESIAN_POINT('',(4.989786889666E-03,-0.484945788241));
#2680 = CARTESIAN_POINT('',(5.363030282986E-03,-0.483455212362));
#2681 = CARTESIAN_POINT('',(5.736486803754E-03,-0.482059595455));
#2682 = CARTESIAN_POINT('',(6.110098538221E-03,-0.4807399936));
#2683 = CARTESIAN_POINT('',(6.483830150739E-03,-0.479484919177));
#2684 = CARTESIAN_POINT('',(6.857657989684E-03,-0.478285293874));
#2685 = CARTESIAN_POINT('',(7.231567418231E-03,-0.47713303148));
#2686 = CARTESIAN_POINT('',(8.526397188912E-03,-0.473290752681));
#2687 = CARTESIAN_POINT('',(9.447654516708E-03,-0.470814760389));
#2688 = CARTESIAN_POINT('',(1.036917688814E-02,-0.468513375722));
#2689 = CARTESIAN_POINT('',(1.1290889928E-02,-0.466352550288));
#2690 = CARTESIAN_POINT('',(1.221274331198E-02,-0.464308060769));
#2691 = CARTESIAN_POINT('',(1.313470358744E-02,-0.462359923479));
#2692 = CARTESIAN_POINT('',(1.405676085781E-02,-0.460496709657));
#2693 = CARTESIAN_POINT('',(1.799894184378E-02,-0.452846712635));
#2694 = CARTESIAN_POINT('',(2.10198002516E-02,-0.447778087988));
#2695 = CARTESIAN_POINT('',(2.404107863203E-02,-0.443143017472));
#2696 = CARTESIAN_POINT('',(2.706266286347E-02,-0.438882620819));
#2697 = CARTESIAN_POINT('',(3.008441641175E-02,-0.434884954872));
#2698 = CARTESIAN_POINT('',(3.310631560496E-02,-0.431124760358));
#2699 = CARTESIAN_POINT('',(3.612834155746E-02,-0.427556405245));
#2700 = CARTESIAN_POINT('',(4.821301844056E-02,-0.413959629631));
#2701 = CARTESIAN_POINT('',(5.727642438018E-02,-0.405269457138));
#2702 = CARTESIAN_POINT('',(6.634027575193E-02,-0.397381638102));
#2703 = CARTESIAN_POINT('',(7.540445279716E-02,-0.390202492576));
#2704 = CARTESIAN_POINT('',(8.446879986924E-02,-0.383511431128));
#2705 = CARTESIAN_POINT('',(9.353329747422E-02,-0.377270132996));
#2706 = CARTESIAN_POINT('',(0.102597926545,-0.371391138134));
#2707 = CARTESIAN_POINT('',(0.123707744871,-0.358445302176));
#2708 = CARTESIAN_POINT('',(0.135752953839,-0.351621494908));
#2709 = CARTESIAN_POINT('',(0.147798304803,-0.345248620134));
#2710 = CARTESIAN_POINT('',(0.159843765312,-0.339257423712));
#2711 = CARTESIAN_POINT('',(0.171889314526,-0.33360108968));
#2712 = CARTESIAN_POINT('',(0.18393493815,-0.328242823592));
#2713 = CARTESIAN_POINT('',(0.195980625903,-0.32315132961));
#2714 = CARTESIAN_POINT('',(0.220071009491,-0.313457478795));
#2715 = CARTESIAN_POINT('',(0.232115704459,-0.308854631862));
#2716 = CARTESIAN_POINT('',(0.244160445764,-0.304472352489));
#2717 = CARTESIAN_POINT('',(0.256205226722,-0.300291994033));
#2718 = CARTESIAN_POINT('',(0.268250043194,-0.296298627459));
#2719 = CARTESIAN_POINT('',(0.280294892153,-0.292480117533));
#2720 = CARTESIAN_POINT('',(0.292339770237,-0.288826199024));
#2721 = CARTESIAN_POINT('',(0.316428802776,-0.2818291309));
#2722 = CARTESIAN_POINT('',(0.328472960546,-0.278486044703));
#2723 = CARTESIAN_POINT('',(0.340517140284,-0.275289374637));
#2724 = CARTESIAN_POINT('',(0.352561339481,-0.272231533198));
#2725 = CARTESIAN_POINT('',(0.364605557195,-0.269306051677));
#2726 = CARTESIAN_POINT('',(0.376649792776,-0.266507366798));
#2727 = CARTESIAN_POINT('',(0.388694044602,-0.26383060735));
#2728 = CARTESIAN_POINT('',(0.412821243828,-0.258703937327));
#2729 = CARTESIAN_POINT('',(0.424904193698,-0.256254723274));
#2730 = CARTESIAN_POINT('',(0.436987156982,-0.253919522782));
#2731 = CARTESIAN_POINT('',(0.449070132351,-0.251694520946));
#2732 = CARTESIAN_POINT('',(0.461153118584,-0.249576303833));
#2733 = CARTESIAN_POINT('',(0.473236114572,-0.247561858487));
#2734 = CARTESIAN_POINT('',(0.485319119317,-0.245648572926));
#2735 = CARTESIAN_POINT('',(0.509445493395,-0.242025853221));
#2736 = CARTESIAN_POINT('',(0.521488863874,-0.240315674451));
#2737 = CARTESIAN_POINT('',(0.533532242462,-0.238701446648));
#2738 = CARTESIAN_POINT('',(0.545575628296,-0.237181129151));
#2739 = CARTESIAN_POINT('',(0.557619020565,-0.23575289383));
#2740 = CARTESIAN_POINT('',(0.569662418502,-0.23441512508));
#2741 = CARTESIAN_POINT('',(0.581705821386,-0.233166419829));
#2742 = CARTESIAN_POINT('',(0.605792365864,-0.230844781241));
#2743 = CARTESIAN_POINT('',(0.617835508675,-0.22977180513));
#2744 = CARTESIAN_POINT('',(0.629878656295,-0.228785444233));
#2745 = CARTESIAN_POINT('',(0.641921808063,-0.22788462106));
#2746 = CARTESIAN_POINT('',(0.653964963336,-0.227068395603));
#2747 = CARTESIAN_POINT('',(0.666008121493,-0.226335965329));
#2748 = CARTESIAN_POINT('',(0.678051281933,-0.225686665182));
#2749 = CARTESIAN_POINT('',(0.702137484182,-0.224553275729));
#2750 = CARTESIAN_POINT('',(0.714180527217,-0.224069170142));
#2751 = CARTESIAN_POINT('',(0.726223572596,-0.22366711071));
#2752 = CARTESIAN_POINT('',(0.738266619742,-0.223346666435));
#2753 = CARTESIAN_POINT('',(0.750309668081,-0.223107515438));
#2754 = CARTESIAN_POINT('',(0.762352717049,-0.222949444959));
#2755 = CARTESIAN_POINT('',(0.774395766084,-0.222872351355));
#2756 = CARTESIAN_POINT('',(0.798521079924,-0.222880141508));
#2757 = CARTESIAN_POINT('',(0.810603345968,-0.22296555361));
#2758 = CARTESIAN_POINT('',(0.822685612201,-0.223132472092));
#2759 = CARTESIAN_POINT('',(0.834767878058,-0.223381003271));
#2760 = CARTESIAN_POINT('',(0.846850142964,-0.223711364091));
#2761 = CARTESIAN_POINT('',(0.85893240634,-0.22412388213));
#2762 = CARTESIAN_POINT('',(0.871014667603,-0.224618995592));
#2763 = CARTESIAN_POINT('',(0.895140106456,-0.225773640745));
#2764 = CARTESIAN_POINT('',(0.907183285297,-0.226432650241));
#2765 = CARTESIAN_POINT('',(0.919226462102,-0.227174812764));
#2766 = CARTESIAN_POINT('',(0.931269636269,-0.228000797116));
#2767 = CARTESIAN_POINT('',(0.943312807178,-0.22891140994));
#2768 = CARTESIAN_POINT('',(0.955355974186,-0.229907595718));
#2769 = CARTESIAN_POINT('',(0.967399136632,-0.230990436774));
#2770 = CARTESIAN_POINT('',(0.991485713489,-0.233331895279));
#2771 = CARTESIAN_POINT('',(1.003529129117,-0.234590555663));
#2772 = CARTESIAN_POINT('',(1.015572540045,-0.235938330008));
#2773 = CARTESIAN_POINT('',(1.027615945554,-0.237376627301));
#2774 = CARTESIAN_POINT('',(1.039659344876,-0.238907069932));
#2775 = CARTESIAN_POINT('',(1.051702737199,-0.24053149369));
#2776 = CARTESIAN_POINT('',(1.063746121663,-0.242251947769));
#2777 = CARTESIAN_POINT('',(1.087833298275,-0.245889505969));
#2778 = CARTESIAN_POINT('',(1.099877091613,-0.247806713277));
#2779 = CARTESIAN_POINT('',(1.111920876501,-0.249824516101));
#2780 = CARTESIAN_POINT('',(1.123964651948,-0.251945511351));
#2781 = CARTESIAN_POINT('',(1.136008416861,-0.254172693431));
#2782 = CARTESIAN_POINT('',(1.148052170033,-0.256509454239));
#2783 = CARTESIAN_POINT('',(1.160095910151,-0.258959583171));
#2784 = CARTESIAN_POINT('',(1.184223152205,-0.264103434322));
#2785 = CARTESIAN_POINT('',(1.196306656448,-0.266797993306));
#2786 = CARTESIAN_POINT('',(1.208390144608,-0.269615392631));
#2787 = CARTESIAN_POINT('',(1.220473615049,-0.272560566496));
#2788 = CARTESIAN_POINT('',(1.232557067125,-0.275639153291));
#2789 = CARTESIAN_POINT('',(1.244640499891,-0.27885771416));
#2790 = CARTESIAN_POINT('',(1.256723910812,-0.282223951555));
#2791 = CARTESIAN_POINT('',(1.280852224462,-0.28925869266));
#2792 = CARTESIAN_POINT('',(1.292897130693,-0.292926115837));
#2793 = CARTESIAN_POINT('',(1.304942008041,-0.296758577746));
#2794 = CARTESIAN_POINT('',(1.31698685314,-0.300766409213));
#2795 = CARTESIAN_POINT('',(1.329031662951,-0.304961827759));
#2796 = CARTESIAN_POINT('',(1.34107643332,-0.309359873881));
#2797 = CARTESIAN_POINT('',(1.353121157532,-0.313979347341));
#2798 = CARTESIAN_POINT('',(1.377211605479,-0.323708589173));
#2799 = CARTESIAN_POINT('',(1.389257328223,-0.328818860212));
#2800 = CARTESIAN_POINT('',(1.401302986954,-0.334197155968));
#2801 = CARTESIAN_POINT('',(1.413348571353,-0.339875119231));
#2802 = CARTESIAN_POINT('',(1.425394067003,-0.345889928847));
#2803 = CARTESIAN_POINT('',(1.437439452845,-0.35228890529));
#2804 = CARTESIAN_POINT('',(1.449484696036,-0.359142229143));
#2805 = CARTESIAN_POINT('',(1.467533442782,-0.370262944843));
#2806 = CARTESIAN_POINT('',(1.47353708982,-0.374103533119));
#2807 = CARTESIAN_POINT('',(1.479540681334,-0.37809937122));
#2808 = CARTESIAN_POINT('',(1.485544208898,-0.382268855528));
#2809 = CARTESIAN_POINT('',(1.491547660235,-0.386633735945));
#2810 = CARTESIAN_POINT('',(1.497551018218,-0.391221466994));
#2811 = CARTESIAN_POINT('',(1.503554258297,-0.396071118974));
#2812 = CARTESIAN_POINT('',(1.512578943414,-0.403845992833));
#2813 = CARTESIAN_POINT('',(1.515600501849,-0.406530553852));
#2814 = CARTESIAN_POINT('',(1.518622015376,-0.409305010862));
#2815 = CARTESIAN_POINT('',(1.521643478218,-0.412178284223));
#2816 = CARTESIAN_POINT('',(1.52466488215,-0.415161297394));
#2817 = CARTESIAN_POINT('',(1.527686215566,-0.4182685383));
#2818 = CARTESIAN_POINT('',(1.530707462556,-0.421519620698));
#2819 = CARTESIAN_POINT('',(1.53675081798,-0.428363289541));
#2820 = CARTESIAN_POINT('',(1.539772865977,-0.431956701371));
#2821 = CARTESIAN_POINT('',(1.542794784664,-0.435745182001));
#2822 = CARTESIAN_POINT('',(1.545816554639,-0.43977732141));
#2823 = CARTESIAN_POINT('',(1.548838155231,-0.444076072464));
#2824 = CARTESIAN_POINT('',(1.55185943701,-0.44876304185));
#2825 = CARTESIAN_POINT('',(1.554880283691,-0.453893481057));
#2826 = CARTESIAN_POINT('',(1.558778109492,-0.461589648353));
#2827 = CARTESIAN_POINT('',(1.559655881085,-0.463393774376));
#2828 = CARTESIAN_POINT('',(1.560533562714,-0.465276674635));
#2829 = CARTESIAN_POINT('',(1.561411137352,-0.467253329281));
#2830 = CARTESIAN_POINT('',(1.562288576608,-0.469339961166));
#2831 = CARTESIAN_POINT('',(1.563165837283,-0.471556824392));
#2832 = CARTESIAN_POINT('',(1.564042844677,-0.473939545117));
#2833 = CARTESIAN_POINT('',(1.565327975774,-0.477779714544));
#2834 = CARTESIAN_POINT('',(1.565736380955,-0.479051771476));
#2835 = CARTESIAN_POINT('',(1.566144680695,-0.480383521362));
#2836 = CARTESIAN_POINT('',(1.566552866951,-0.481782879717));
#2837 = CARTESIAN_POINT('',(1.566960900667,-0.483265058359));
#2838 = CARTESIAN_POINT('',(1.567368722948,-0.484848047259));
#2839 = CARTESIAN_POINT('',(1.567776247073,-0.486556850027));
#2840 = CARTESIAN_POINT('',(1.568321418484,-0.489102486391));
#2841 = CARTESIAN_POINT('',(1.568459494698,-0.489769414398));
#2842 = CARTESIAN_POINT('',(1.568597502394,-0.490461437667));
#2843 = CARTESIAN_POINT('',(1.568735432386,-0.491181519369));
#2844 = CARTESIAN_POINT('',(1.568873269518,-0.491933404346));
#2845 = CARTESIAN_POINT('',(1.569010989146,-0.492722629683));
#2846 = CARTESIAN_POINT('',(1.56914855361,-0.493557535268));
#2847 = CARTESIAN_POINT('',(1.569376316197,-0.495037877536));
#2848 = CARTESIAN_POINT('',(1.569466610409,-0.495649641548));
#2849 = CARTESIAN_POINT('',(1.569556786274,-0.496291852907));
#2850 = CARTESIAN_POINT('',(1.569646836362,-0.496968240247));
#2851 = CARTESIAN_POINT('',(1.56973673288,-0.49768351981));
#2852 = CARTESIAN_POINT('',(1.569826409669,-0.498446940916));
#2853 = CARTESIAN_POINT('',(1.569915744189,-0.499275831447));
#2854 = CARTESIAN_POINT('',(1.570004539519,-0.500199143319));
#2855 = ( GEOMETRIC_REPRESENTATION_CONTEXT(2) 
PARAMETRIC_REPRESENTATION_CONTEXT() REPRESENTATION_CONTEXT('2D SPACE',''
  ) );
#2856 = ORIENTED_EDGE('',*,*,#2857,.T.);
#2857 = EDGE_CURVE('',#2221,#505,#2858,.T.);
#2858 = SURFACE_CURVE('',#2859,(#2864,#2871),.PCURVE_S1.);
#2859 = CIRCLE('',#2860,2.);
#2860 = AXIS2_PLACEMENT_3D('',#2861,#2862,#2863);
#2861 = CARTESIAN_POINT('',(-165.6199967142,-488.9103531366,
    90.065108182052));
#2862 = DIRECTION('',(2.217505702415E-14,-0.258819045103,-0.965925826289
    ));
#2863 = DIRECTION('',(1.,5.64188754317E-15,2.144556912536E-14));
#2864 = PCURVE('',#521,#2865);
#2865 = DEFINITIONAL_REPRESENTATION('',(#2866),#2870);
#2866 = LINE('',#2867,#2868);
#2867 = CARTESIAN_POINT('',(6.28318530718,0.));
#2868 = VECTOR('',#2869,1.);
#2869 = DIRECTION('',(0.,1.));
#2870 = ( GEOMETRIC_REPRESENTATION_CONTEXT(2) 
PARAMETRIC_REPRESENTATION_CONTEXT() REPRESENTATION_CONTEXT('2D SPACE',''
  ) );
#2871 = PCURVE('',#549,#2872);
#2872 = DEFINITIONAL_REPRESENTATION('',(#2873),#2877);
#2873 = LINE('',#2874,#2875);
#2874 = CARTESIAN_POINT('',(7.068583470647,-114.9999999999));
#2875 = VECTOR('',#2876,1.);
#2876 = DIRECTION('',(-1.,-1.814929392839E-14));
#2877 = ( GEOMETRIC_REPRESENTATION_CONTEXT(2) 
PARAMETRIC_REPRESENTATION_CONTEXT() REPRESENTATION_CONTEXT('2D SPACE',''
  ) );
#2878 = ORIENTED_EDGE('',*,*,#504,.T.);
#2879 = ORIENTED_EDGE('',*,*,#2163,.F.);
#2880 = ORIENTED_EDGE('',*,*,#2881,.T.);
#2881 = EDGE_CURVE('',#2164,#2219,#2882,.T.);
#2882 = SURFACE_CURVE('',#2883,(#2888,#2895),.PCURVE_S1.);
#2883 = CIRCLE('',#2884,63.);
#2884 = AXIS2_PLACEMENT_3D('',#2885,#2886,#2887);
#2885 = CARTESIAN_POINT('',(-226.6199967142,-488.9103531366,
    90.065108182052));
#2886 = DIRECTION('',(-1.122153429892E-16,-0.965925826289,0.258819045103
    ));
#2887 = DIRECTION('',(0.707106781187,-0.183012701892,-0.683012701892));
#2888 = PCURVE('',#521,#2889);
#2889 = DEFINITIONAL_REPRESENTATION('',(#2890),#2894);
#2890 = LINE('',#2891,#2892);
#2891 = CARTESIAN_POINT('',(-0.785398163397,0.));
#2892 = VECTOR('',#2893,1.);
#2893 = DIRECTION('',(1.,0.));
#2894 = ( GEOMETRIC_REPRESENTATION_CONTEXT(2) 
PARAMETRIC_REPRESENTATION_CONTEXT() REPRESENTATION_CONTEXT('2D SPACE',''
  ) );
#2895 = PCURVE('',#2896,#2901);
#2896 = CYLINDRICAL_SURFACE('',#2897,63.);
#2897 = AXIS2_PLACEMENT_3D('',#2898,#2899,#2900);
#2898 = CARTESIAN_POINT('',(-226.6199967142,-471.5236882634,
    85.406365370207));
#2899 = DIRECTION('',(-1.008768357388E-16,-0.965925826289,0.258819045103
    ));
#2900 = DIRECTION('',(1.,9.89604997998E-16,4.083014295602E-15));
#2901 = DEFINITIONAL_REPRESENTATION('',(#2902),#2906);
#2902 = LINE('',#2903,#2904);
#2903 = CARTESIAN_POINT('',(-0.785398163397,18.));
#2904 = VECTOR('',#2905,1.);
#2905 = DIRECTION('',(1.,3.618764437576E-14));
#2906 = ( GEOMETRIC_REPRESENTATION_CONTEXT(2) 
PARAMETRIC_REPRESENTATION_CONTEXT() REPRESENTATION_CONTEXT('2D SPACE',''
  ) );
#2907 = ADVANCED_FACE('',(#2908),#549,.T.);
#2908 = FACE_BOUND('',#2909,.T.);
#2909 = EDGE_LOOP('',(#2910,#2940,#2969,#2996,#3045,#3067,#3068,#3069,
    #3110,#3137));
#2910 = ORIENTED_EDGE('',*,*,#2911,.T.);
#2911 = EDGE_CURVE('',#2912,#2914,#2916,.T.);
#2912 = VERTEX_POINT('',#2913);
#2913 = CARTESIAN_POINT('',(-163.6199967142,-488.9103531366,
    90.065108182052));
#2914 = VERTEX_POINT('',#2915);
#2915 = CARTESIAN_POINT('',(-163.6199967142,-369.8535923895,
    534.39098827502));
#2916 = SURFACE_CURVE('',#2917,(#2921,#2928),.PCURVE_S1.);
#2917 = LINE('',#2918,#2919);
#2918 = CARTESIAN_POINT('',(-163.6199967142,-459.1461629499,
    201.14657820529));
#2919 = VECTOR('',#2920,1.);
#2920 = DIRECTION('',(2.940346835074E-17,0.258819045103,0.965925826289)
  );
#2921 = PCURVE('',#549,#2922);
#2922 = DEFINITIONAL_REPRESENTATION('',(#2923),#2927);
#2923 = LINE('',#2924,#2925);
#2924 = CARTESIAN_POINT('',(7.068583470577,0.));
#2925 = VECTOR('',#2926,1.);
#2926 = DIRECTION('',(-2.196310766106E-17,1.));
#2927 = ( GEOMETRIC_REPRESENTATION_CONTEXT(2) 
PARAMETRIC_REPRESENTATION_CONTEXT() REPRESENTATION_CONTEXT('2D SPACE',''
  ) );
#2928 = PCURVE('',#2929,#2934);
#2929 = PLANE('',#2930);
#2930 = AXIS2_PLACEMENT_3D('',#2931,#2932,#2933);
#2931 = CARTESIAN_POINT('',(-163.6199967142,-471.5236882634,
    85.406365370207));
#2932 = DIRECTION('',(1.,-1.050497185157E-16,-2.292723163573E-18));
#2933 = DIRECTION('',(2.94034683508E-17,0.258819045103,0.965925826289));
#2934 = DEFINITIONAL_REPRESENTATION('',(#2935),#2939);
#2935 = LINE('',#2936,#2937);
#2936 = CARTESIAN_POINT('',(114.99999999996,18.000000000138));
#2937 = VECTOR('',#2938,1.);
#2938 = DIRECTION('',(1.,-1.683068898099E-18));
#2939 = ( GEOMETRIC_REPRESENTATION_CONTEXT(2) 
PARAMETRIC_REPRESENTATION_CONTEXT() REPRESENTATION_CONTEXT('2D SPACE',''
  ) );
#2940 = ORIENTED_EDGE('',*,*,#2941,.T.);
#2941 = EDGE_CURVE('',#2914,#2942,#2944,.T.);
#2942 = VERTEX_POINT('',#2943);
#2943 = CARTESIAN_POINT('',(-163.62,-369.8570941621,534.39192657217));
#2944 = SURFACE_CURVE('',#2945,(#2950,#2957),.PCURVE_S1.);
#2945 = CIRCLE('',#2946,2.);
#2946 = AXIS2_PLACEMENT_3D('',#2947,#2948,#2949);
#2947 = CARTESIAN_POINT('',(-165.6199967142,-369.8535923895,
    534.39098827502));
#2948 = DIRECTION('',(-2.940346835074E-17,-0.258819045103,
    -0.965925826289));
#2949 = DIRECTION('',(1.,-1.050497185157E-16,-2.292723163516E-18));
#2950 = PCURVE('',#549,#2951);
#2951 = DEFINITIONAL_REPRESENTATION('',(#2952),#2956);
#2952 = LINE('',#2953,#2954);
#2953 = CARTESIAN_POINT('',(7.068583470508,345.));
#2954 = VECTOR('',#2955,1.);
#2955 = DIRECTION('',(-1.,7.237528875155E-14));
#2956 = ( GEOMETRIC_REPRESENTATION_CONTEXT(2) 
PARAMETRIC_REPRESENTATION_CONTEXT() REPRESENTATION_CONTEXT('2D SPACE',''
  ) );
#2957 = PCURVE('',#2958,#2963);
#2958 = TOROIDAL_SURFACE('',#2959,61.,2.);
#2959 = AXIS2_PLACEMENT_3D('',#2960,#2961,#2962);
#2960 = CARTESIAN_POINT('',(-226.6199967142,-369.8535923895,
    534.39098827502));
#2961 = DIRECTION('',(-1.008768357388E-16,-0.965925826289,0.258819045103
    ));
#2962 = DIRECTION('',(1.,-9.743954091442E-17,2.610884629888E-17));
#2963 = DEFINITIONAL_REPRESENTATION('',(#2964),#2968);
#2964 = LINE('',#2965,#2966);
#2965 = CARTESIAN_POINT('',(0.,0.));
#2966 = VECTOR('',#2967,1.);
#2967 = DIRECTION('',(0.,1.));
#2968 = ( GEOMETRIC_REPRESENTATION_CONTEXT(2) 
PARAMETRIC_REPRESENTATION_CONTEXT() REPRESENTATION_CONTEXT('2D SPACE',''
  ) );
#2969 = ORIENTED_EDGE('',*,*,#2970,.F.);
#2970 = EDGE_CURVE('',#2971,#2942,#2973,.T.);
#2971 = VERTEX_POINT('',#2972);
#2972 = CARTESIAN_POINT('',(-163.62,-369.8700547009,534.34355716101));
#2973 = SURFACE_CURVE('',#2974,(#2978,#2984),.PCURVE_S1.);
#2974 = LINE('',#2975,#2976);
#2975 = CARTESIAN_POINT('',(-163.62,-459.1496647225,201.14751650244));
#2976 = VECTOR('',#2977,1.);
#2977 = DIRECTION('',(2.940346835074E-17,0.258819045103,0.965925826289)
  );
#2978 = PCURVE('',#549,#2979);
#2979 = DEFINITIONAL_REPRESENTATION('',(#2980),#2983);
#2980 = B_SPLINE_CURVE_WITH_KNOTS('',1,(#2981,#2982),.UNSPECIFIED.,.F.,
  .F.,(2,2),(343.64345982726,345.0000006),.PIECEWISE_BEZIER_KNOTS.);
#2981 = CARTESIAN_POINT('',(7.066770818684,343.64345982726));
#2982 = CARTESIAN_POINT('',(7.066770818684,345.0000006));
#2983 = ( GEOMETRIC_REPRESENTATION_CONTEXT(2) 
PARAMETRIC_REPRESENTATION_CONTEXT() REPRESENTATION_CONTEXT('2D SPACE',''
  ) );
#2984 = PCURVE('',#2985,#2990);
#2985 = PLANE('',#2986);
#2986 = AXIS2_PLACEMENT_3D('',#2987,#2988,#2989);
#2987 = CARTESIAN_POINT('',(-163.62,-370.3400291256,534.46956479662));
#2988 = DIRECTION('',(1.,-0.,0.));
#2989 = DIRECTION('',(0.,0.258819045103,0.965925826289));
#2990 = DEFINITIONAL_REPRESENTATION('',(#2991),#2995);
#2991 = LINE('',#2992,#2993);
#2992 = CARTESIAN_POINT('',(-344.95,-0.486573604915));
#2993 = VECTOR('',#2994,1.);
#2994 = DIRECTION('',(1.,-1.683068898099E-18));
#2995 = ( GEOMETRIC_REPRESENTATION_CONTEXT(2) 
PARAMETRIC_REPRESENTATION_CONTEXT() REPRESENTATION_CONTEXT('2D SPACE',''
  ) );
#2996 = ORIENTED_EDGE('',*,*,#2997,.T.);
#2997 = EDGE_CURVE('',#2971,#2998,#3000,.T.);
#2998 = VERTEX_POINT('',#2999);
#2999 = CARTESIAN_POINT('',(-163.6200198848,-369.8628914927,
    534.39347996222));
#3000 = SURFACE_CURVE('',#3001,(#3011,#3024),.PCURVE_S1.);
#3001 = B_SPLINE_CURVE_WITH_KNOTS('',8,(#3002,#3003,#3004,#3005,#3006,
    #3007,#3008,#3009,#3010),.UNSPECIFIED.,.F.,.F.,(9,9),(0.,1.),
  .PIECEWISE_BEZIER_KNOTS.);
#3002 = CARTESIAN_POINT('',(-163.62,-369.8700547064,534.34355716248));
#3003 = CARTESIAN_POINT('',(-163.62,-369.8684180146,534.34966537951));
#3004 = CARTESIAN_POINT('',(-163.620000725,-369.8671703101,
    534.35585903955));
#3005 = CARTESIAN_POINT('',(-163.6200021661,-369.8663356276,
    534.36212418553));
#3006 = CARTESIAN_POINT('',(-163.6200043107,-369.8655185902,
    534.36839544921));
#3007 = CARTESIAN_POINT('',(-163.6200071633,-369.8648184657,
    534.37466555237));
#3008 = CARTESIAN_POINT('',(-163.6200107025,-369.8641499219,
    534.38093047235));
#3009 = CARTESIAN_POINT('',(-163.6200149352,-369.8635113074,
    534.38719394443));
#3010 = CARTESIAN_POINT('',(-163.6200198853,-369.8628914305,
    534.39348056672));
#3011 = PCURVE('',#549,#3012);
#3012 = DEFINITIONAL_REPRESENTATION('',(#3013),#3023);
#3013 = B_SPLINE_CURVE_WITH_KNOTS('',8,(#3014,#3015,#3016,#3017,#3018,
    #3019,#3020,#3021,#3022),.UNSPECIFIED.,.F.,.F.,(9,9),(0.,1.),
  .PIECEWISE_BEZIER_KNOTS.);
#3014 = CARTESIAN_POINT('',(7.066770818673,344.94992430228));
#3015 = CARTESIAN_POINT('',(7.066770818673,344.95624799388));
#3016 = CARTESIAN_POINT('',(7.066571894731,344.96255353973));
#3017 = CARTESIAN_POINT('',(7.066164245259,344.96882123779));
#3018 = CARTESIAN_POINT('',(7.065747281592,344.97509027819));
#3019 = CARTESIAN_POINT('',(7.065274002666,344.98132793832));
#3020 = CARTESIAN_POINT('',(7.064786141162,344.98755241819));
#3021 = CARTESIAN_POINT('',(7.064284010965,344.99376775322));
#3022 = CARTESIAN_POINT('',(7.063769833754,345.0000006));
#3023 = ( GEOMETRIC_REPRESENTATION_CONTEXT(2) 
PARAMETRIC_REPRESENTATION_CONTEXT() REPRESENTATION_CONTEXT('2D SPACE',''
  ) );
#3024 = PCURVE('',#3025,#3033);
#3025 = SURFACE_OF_LINEAR_EXTRUSION('',#3026,#3031);
#3026 = CIRCLE('',#3027,63.05);
#3027 = AXIS2_PLACEMENT_3D('',#3028,#3029,#3030);
#3028 = CARTESIAN_POINT('',(-226.67,-370.3400291256,534.46956479662));
#3029 = DIRECTION('',(-7.625248795272E-16,0.965925826289,-0.258819045103
    ));
#3030 = DIRECTION('',(9.015609652784E-16,0.258819045103,0.965925826289)
  );
#3031 = VECTOR('',#3032,1.);
#3032 = DIRECTION('',(-0.,-0.965885549343,0.258969313954));
#3033 = DEFINITIONAL_REPRESENTATION('',(#3034),#3044);
#3034 = B_SPLINE_CURVE_WITH_KNOTS('',8,(#3035,#3036,#3037,#3038,#3039,
    #3040,#3041,#3042,#3043),.UNSPECIFIED.,.F.,.F.,(9,9),(0.,1.),
  .PIECEWISE_BEZIER_KNOTS.);
#3035 = CARTESIAN_POINT('',(1.570796326795,-0.486573610651));
#3036 = CARTESIAN_POINT('',(1.570696030338,-0.486573610651));
#3037 = CARTESIAN_POINT('',(1.570596022662,-0.486175763419));
#3038 = CARTESIAN_POINT('',(1.570496616297,-0.485360465763));
#3039 = CARTESIAN_POINT('',(1.570397188685,-0.484526540812));
#3040 = CARTESIAN_POINT('',(1.570298259051,-0.483579987015));
#3041 = CARTESIAN_POINT('',(1.570199538527,-0.482604270124));
#3042 = CARTESIAN_POINT('',(1.570100963108,-0.481600018454));
#3043 = CARTESIAN_POINT('',(1.570002109995,-0.480571675934));
#3044 = ( GEOMETRIC_REPRESENTATION_CONTEXT(2) 
PARAMETRIC_REPRESENTATION_CONTEXT() REPRESENTATION_CONTEXT('2D SPACE',''
  ) );
#3045 = ORIENTED_EDGE('',*,*,#3046,.T.);
#3046 = EDGE_CURVE('',#2998,#534,#3047,.T.);
#3047 = SURFACE_CURVE('',#3048,(#3053,#3060),.PCURVE_S1.);
#3048 = CIRCLE('',#3049,2.);
#3049 = AXIS2_PLACEMENT_3D('',#3050,#3051,#3052);
#3050 = CARTESIAN_POINT('',(-165.6199967142,-369.8535923895,
    534.39098827502));
#3051 = DIRECTION('',(-2.940346835074E-17,-0.258819045103,
    -0.965925826289));
#3052 = DIRECTION('',(1.,-1.050497185157E-16,-2.292723163516E-18));
#3053 = PCURVE('',#549,#3054);
#3054 = DEFINITIONAL_REPRESENTATION('',(#3055),#3059);
#3055 = LINE('',#3056,#3057);
#3056 = CARTESIAN_POINT('',(7.068583470508,345.));
#3057 = VECTOR('',#3058,1.);
#3058 = DIRECTION('',(-1.,0.));
#3059 = ( GEOMETRIC_REPRESENTATION_CONTEXT(2) 
PARAMETRIC_REPRESENTATION_CONTEXT() REPRESENTATION_CONTEXT('2D SPACE',''
  ) );
#3060 = PCURVE('',#578,#3061);
#3061 = DEFINITIONAL_REPRESENTATION('',(#3062),#3066);
#3062 = LINE('',#3063,#3064);
#3063 = CARTESIAN_POINT('',(0.,0.));
#3064 = VECTOR('',#3065,1.);
#3065 = DIRECTION('',(0.,1.));
#3066 = ( GEOMETRIC_REPRESENTATION_CONTEXT(2) 
PARAMETRIC_REPRESENTATION_CONTEXT() REPRESENTATION_CONTEXT('2D SPACE',''
  ) );
#3067 = ORIENTED_EDGE('',*,*,#533,.T.);
#3068 = ORIENTED_EDGE('',*,*,#2857,.F.);
#3069 = ORIENTED_EDGE('',*,*,#3070,.F.);
#3070 = EDGE_CURVE('',#3071,#2221,#3073,.T.);
#3071 = VERTEX_POINT('',#3072);
#3072 = CARTESIAN_POINT('',(-163.62,-488.9009343286,90.114266703872));
#3073 = SURFACE_CURVE('',#3074,(#3084,#3097),.PCURVE_S1.);
#3074 = B_SPLINE_CURVE_WITH_KNOTS('',8,(#3075,#3076,#3077,#3078,#3079,
    #3080,#3081,#3082,#3083),.UNSPECIFIED.,.F.,.F.,(9,9),(0.,1.),
  .PIECEWISE_BEZIER_KNOTS.);
#3075 = CARTESIAN_POINT('',(-163.62,-488.9009343383,90.114266706473));
#3076 = CARTESIAN_POINT('',(-163.62,-488.9025659489,90.108177452949));
#3077 = CARTESIAN_POINT('',(-163.6200007205,-488.9045748135,
    90.102207953988));
#3078 = CARTESIAN_POINT('',(-163.6200021529,-488.9069745947,
    90.096381958557));
#3079 = CARTESIAN_POINT('',(-163.6200042842,-488.9093952715,
    90.090560450797));
#3080 = CARTESIAN_POINT('',(-163.6200071198,-488.9119146011,
    90.084797487092));
#3081 = CARTESIAN_POINT('',(-163.6200106372,-488.9144599322,
    90.079055643109));
#3082 = CARTESIAN_POINT('',(-163.6200148442,-488.9170300655,
    90.073329570508));
#3083 = CARTESIAN_POINT('',(-163.6200197643,-488.9196281766,
    90.067592800365));
#3084 = PCURVE('',#549,#3085);
#3085 = DEFINITIONAL_REPRESENTATION('',(#3086),#3096);
#3086 = B_SPLINE_CURVE_WITH_KNOTS('',8,(#3087,#3088,#3089,#3090,#3091,
    #3092,#3093,#3094,#3095),.UNSPECIFIED.,.F.,.F.,(9,9),(0.,
    0.999987930556),.PIECEWISE_BEZIER_KNOTS.);
#3087 = CARTESIAN_POINT('',(7.066770818685,-114.9500787472));
#3088 = CARTESIAN_POINT('',(7.066770818685,-114.9563827303));
#3089 = CARTESIAN_POINT('',(7.066573126053,-114.9626686802));
#3090 = CARTESIAN_POINT('',(7.06616806926,-114.9689171942));
#3091 = CARTESIAN_POINT('',(7.065752334871,-114.9751667807));
#3092 = CARTESIAN_POINT('',(7.06528138084,-114.9813853531));
#3093 = CARTESIAN_POINT('',(7.064795133364,-114.9875902546));
#3094 = CARTESIAN_POINT('',(7.064294865326,-114.9937863413));
#3095 = CARTESIAN_POINT('',(7.063782468003,-114.9999999999));
#3096 = ( GEOMETRIC_REPRESENTATION_CONTEXT(2) 
PARAMETRIC_REPRESENTATION_CONTEXT() REPRESENTATION_CONTEXT('2D SPACE',''
  ) );
#3097 = PCURVE('',#2640,#3098);
#3098 = DEFINITIONAL_REPRESENTATION('',(#3099),#3109);
#3099 = B_SPLINE_CURVE_WITH_KNOTS('',8,(#3100,#3101,#3102,#3103,#3104,
    #3105,#3106,#3107,#3108),.UNSPECIFIED.,.F.,.F.,(9,9),(0.,1.),
  .PIECEWISE_BEZIER_KNOTS.);
#3100 = CARTESIAN_POINT('',(1.570796326795,-0.506175809843));
#3101 = CARTESIAN_POINT('',(1.570696341717,-0.506175809843));
#3102 = CARTESIAN_POINT('',(1.570596641684,-0.505780415684));
#3103 = CARTESIAN_POINT('',(1.570497534393,-0.504970283584));
#3104 = CARTESIAN_POINT('',(1.570398410022,-0.504138806365));
#3105 = CARTESIAN_POINT('',(1.570299777301,-0.503196885621));
#3106 = CARTESIAN_POINT('',(1.570201361317,-0.502224383154));
#3107 = CARTESIAN_POINT('',(1.570103085061,-0.501223841618));
#3108 = CARTESIAN_POINT('',(1.570004530003,-0.500199044351));
#3109 = ( GEOMETRIC_REPRESENTATION_CONTEXT(2) 
PARAMETRIC_REPRESENTATION_CONTEXT() REPRESENTATION_CONTEXT('2D SPACE',''
  ) );
#3110 = ORIENTED_EDGE('',*,*,#3111,.F.);
#3111 = EDGE_CURVE('',#3112,#3071,#3114,.T.);
#3112 = VERTEX_POINT('',#3113);
#3113 = CARTESIAN_POINT('',(-163.62,-488.9138549093,90.066046479203));
#3114 = SURFACE_CURVE('',#3115,(#3119,#3125),.PCURVE_S1.);
#3115 = LINE('',#3116,#3117);
#3116 = CARTESIAN_POINT('',(-163.62,-459.1496647225,201.14751650244));
#3117 = VECTOR('',#3118,1.);
#3118 = DIRECTION('',(2.940346835074E-17,0.258819045103,0.965925826289)
  );
#3119 = PCURVE('',#549,#3120);
#3120 = DEFINITIONAL_REPRESENTATION('',(#3121),#3124);
#3121 = B_SPLINE_CURVE_WITH_KNOTS('',1,(#3122,#3123),.UNSPECIFIED.,.F.,
  .F.,(2,2),(-115.0000006,-113.6448599842),.PIECEWISE_BEZIER_KNOTS.);
#3122 = CARTESIAN_POINT('',(7.066770818684,-115.0000006));
#3123 = CARTESIAN_POINT('',(7.066770818684,-113.6448599842));
#3124 = ( GEOMETRIC_REPRESENTATION_CONTEXT(2) 
PARAMETRIC_REPRESENTATION_CONTEXT() REPRESENTATION_CONTEXT('2D SPACE',''
  ) );
#3125 = PCURVE('',#3126,#3131);
#3126 = PLANE('',#3127);
#3127 = AXIS2_PLACEMENT_3D('',#3128,#3129,#3130);
#3128 = CARTESIAN_POINT('',(-163.62,-489.3898422385,90.245350708689));
#3129 = DIRECTION('',(-1.,0.,-0.));
#3130 = DIRECTION('',(0.,-0.258819045103,-0.965925826289));
#3131 = DEFINITIONAL_REPRESENTATION('',(#3132),#3136);
#3132 = LINE('',#3133,#3134);
#3133 = CARTESIAN_POINT('',(-114.9499999999,-0.506175803675));
#3134 = VECTOR('',#3135,1.);
#3135 = DIRECTION('',(-1.,-1.683068898099E-18));
#3136 = ( GEOMETRIC_REPRESENTATION_CONTEXT(2) 
PARAMETRIC_REPRESENTATION_CONTEXT() REPRESENTATION_CONTEXT('2D SPACE',''
  ) );
#3137 = ORIENTED_EDGE('',*,*,#3138,.F.);
#3138 = EDGE_CURVE('',#2912,#3112,#3139,.T.);
#3139 = SURFACE_CURVE('',#3140,(#3145,#3152),.PCURVE_S1.);
#3140 = CIRCLE('',#3141,2.);
#3141 = AXIS2_PLACEMENT_3D('',#3142,#3143,#3144);
#3142 = CARTESIAN_POINT('',(-165.6199967142,-488.9103531366,
    90.065108182052));
#3143 = DIRECTION('',(2.217505702415E-14,-0.258819045103,-0.965925826289
    ));
#3144 = DIRECTION('',(1.,5.64188754317E-15,2.144556912536E-14));
#3145 = PCURVE('',#549,#3146);
#3146 = DEFINITIONAL_REPRESENTATION('',(#3147),#3151);
#3147 = LINE('',#3148,#3149);
#3148 = CARTESIAN_POINT('',(7.068583470647,-115.));
#3149 = VECTOR('',#3150,1.);
#3150 = DIRECTION('',(-1.,-2.714073328182E-14));
#3151 = ( GEOMETRIC_REPRESENTATION_CONTEXT(2) 
PARAMETRIC_REPRESENTATION_CONTEXT() REPRESENTATION_CONTEXT('2D SPACE',''
  ) );
#3152 = PCURVE('',#3153,#3158);
#3153 = TOROIDAL_SURFACE('',#3154,61.,2.);
#3154 = AXIS2_PLACEMENT_3D('',#3155,#3156,#3157);
#3155 = CARTESIAN_POINT('',(-226.6199967142,-488.9103531366,
    90.065108182052));
#3156 = DIRECTION('',(-1.008768357388E-16,-0.965925826289,0.258819045103
    ));
#3157 = DIRECTION('',(1.,-9.743954091442E-17,2.610884629888E-17));
#3158 = DEFINITIONAL_REPRESENTATION('',(#3159),#3163);
#3159 = LINE('',#3160,#3161);
#3160 = CARTESIAN_POINT('',(6.28318530718,0.));
#3161 = VECTOR('',#3162,1.);
#3162 = DIRECTION('',(0.,1.));
#3163 = ( GEOMETRIC_REPRESENTATION_CONTEXT(2) 
PARAMETRIC_REPRESENTATION_CONTEXT() REPRESENTATION_CONTEXT('2D SPACE',''
  ) );
#3164 = ADVANCED_FACE('',(#3165),#578,.T.);
#3165 = FACE_BOUND('',#3166,.T.);
#3166 = EDGE_LOOP('',(#3167,#3859,#3888,#3985,#4007,#4008));
#3167 = ORIENTED_EDGE('',*,*,#3168,.F.);
#3168 = EDGE_CURVE('',#3169,#2998,#3171,.T.);
#3169 = VERTEX_POINT('',#3170);
#3170 = CARTESIAN_POINT('',(-226.6199967142,-353.5666553285,
    595.24921963651));
#3171 = SURFACE_CURVE('',#3172,(#3399,#3629),.PCURVE_S1.);
#3172 = B_SPLINE_CURVE_WITH_KNOTS('',8,(#3173,#3174,#3175,#3176,#3177,
    #3178,#3179,#3180,#3181,#3182,#3183,#3184,#3185,#3186,#3187,#3188,
    #3189,#3190,#3191,#3192,#3193,#3194,#3195,#3196,#3197,#3198,#3199,
    #3200,#3201,#3202,#3203,#3204,#3205,#3206,#3207,#3208,#3209,#3210,
    #3211,#3212,#3213,#3214,#3215,#3216,#3217,#3218,#3219,#3220,#3221,
    #3222,#3223,#3224,#3225,#3226,#3227,#3228,#3229,#3230,#3231,#3232,
    #3233,#3234,#3235,#3236,#3237,#3238,#3239,#3240,#3241,#3242,#3243,
    #3244,#3245,#3246,#3247,#3248,#3249,#3250,#3251,#3252,#3253,#3254,
    #3255,#3256,#3257,#3258,#3259,#3260,#3261,#3262,#3263,#3264,#3265,
    #3266,#3267,#3268,#3269,#3270,#3271,#3272,#3273,#3274,#3275,#3276,
    #3277,#3278,#3279,#3280,#3281,#3282,#3283,#3284,#3285,#3286,#3287,
    #3288,#3289,#3290,#3291,#3292,#3293,#3294,#3295,#3296,#3297,#3298,
    #3299,#3300,#3301,#3302,#3303,#3304,#3305,#3306,#3307,#3308,#3309,
    #3310,#3311,#3312,#3313,#3314,#3315,#3316,#3317,#3318,#3319,#3320,
    #3321,#3322,#3323,#3324,#3325,#3326,#3327,#3328,#3329,#3330,#3331,
    #3332,#3333,#3334,#3335,#3336,#3337,#3338,#3339,#3340,#3341,#3342,
    #3343,#3344,#3345,#3346,#3347,#3348,#3349,#3350,#3351,#3352,#3353,
    #3354,#3355,#3356,#3357,#3358,#3359,#3360,#3361,#3362,#3363,#3364,
    #3365,#3366,#3367,#3368,#3369,#3370,#3371,#3372,#3373,#3374,#3375,
    #3376,#3377,#3378,#3379,#3380,#3381,#3382,#3383,#3384,#3385,#3386,
    #3387,#3388,#3389,#3390,#3391,#3392,#3393,#3394,#3395,#3396,#3397,
    #3398),.UNSPECIFIED.,.F.,.F.,(9,7,7,7,7,7,7,7,7,7,7,7,7,7,7,7,7,7,7,
    7,7,7,7,7,7,7,7,7,7,7,7,7,9),(0.,3.214296965918E-03,
    9.814029073456E-03,3.362721059152E-02,5.743379730114E-02,
    0.105041208833,0.152644380787,0.200244627338,0.247842692106,
    0.295438922048,0.343033797411,0.390427593924,0.40022622562,
    0.431021730449,0.496811575993,0.541004668417,0.629991751581,
    0.71898193015,0.807977473531,0.896981367871,0.91838414192,
    0.935587206825,0.949190247836,0.959993288777,0.968596434815,
    0.975399312341,0.980802130844,0.985204928998,0.988807838202,
    0.994137068841,0.997497052773,0.999053190371,1.),.UNSPECIFIED.);
#3173 = CARTESIAN_POINT('',(-226.6199967142,-353.5666553285,
    595.24921963651));
#3174 = CARTESIAN_POINT('',(-226.5805363568,-353.569746558,
    595.25001604413));
#3175 = CARTESIAN_POINT('',(-226.5409749265,-353.572278772,
    595.25063326544));
#3176 = CARTESIAN_POINT('',(-226.5013782878,-353.574601062,595.251164696
    ));
#3177 = CARTESIAN_POINT('',(-226.4617505834,-353.5766898115,
    595.25160399036));
#3178 = CARTESIAN_POINT('',(-226.4221155175,-353.578667447,
    595.25198395432));
#3179 = CARTESIAN_POINT('',(-226.3824681643,-353.5805153199,
    595.25229959638));
#3180 = CARTESIAN_POINT('',(-226.3428113161,-353.5822763788,
    595.25256240305));
#3181 = CARTESIAN_POINT('',(-226.2216742476,-353.587416119,
    595.25321069239));
#3182 = CARTESIAN_POINT('',(-226.1401787824,-353.5905473492,
    595.25343473586));
#3183 = CARTESIAN_POINT('',(-226.0586640907,-353.5934818223,
    595.25348118831));
#3184 = CARTESIAN_POINT('',(-225.9771363726,-353.5962651601,
    595.2533622486));
#3185 = CARTESIAN_POINT('',(-225.8955999071,-353.5989304721,
    595.25308678311));
#3186 = CARTESIAN_POINT('',(-225.8140576034,-353.601506254,
    595.25266242363));
#3187 = CARTESIAN_POINT('',(-225.7325100908,-353.6040062785,
    595.25209284493));
#3188 = CARTESIAN_POINT('',(-225.3566980422,-353.6152481989,
    595.24881758527));
#3189 = CARTESIAN_POINT('',(-225.0623936212,-353.6232607696,
    595.24441496066));
#3190 = CARTESIAN_POINT('',(-224.7680932834,-353.6311057278,
    595.23834052722));
#3191 = CARTESIAN_POINT('',(-224.4738142467,-353.6388223184,
    595.23060494045));
#3192 = CARTESIAN_POINT('',(-224.1795795056,-353.6466087779,
    595.22126165843));
#3193 = CARTESIAN_POINT('',(-223.8853990145,-353.654476576,
    595.21031415194));
#3194 = CARTESIAN_POINT('',(-223.5912839935,-353.6624997759,
    595.19778260364));
#3195 = CARTESIAN_POINT('',(-223.0032777243,-353.6789134789,
    595.16957127052));
#3196 = CARTESIAN_POINT('',(-222.7093919667,-353.687304753,
    595.15389289597));
#3197 = CARTESIAN_POINT('',(-222.4155941661,-353.6959175089,
    595.13664997588));
#3198 = CARTESIAN_POINT('',(-222.1218951758,-353.704776409,
    595.11784970321));
#3199 = CARTESIAN_POINT('',(-221.8283055482,-353.7138995112,
    595.09749758749));
#3200 = CARTESIAN_POINT('',(-221.5348356249,-353.7233012572,
    595.07559824869));
#3201 = CARTESIAN_POINT('',(-221.241495576,-353.7329937955,
    595.05215576536));
#3202 = CARTESIAN_POINT('',(-220.3619659706,-353.7629698982,
    594.97721524711));
#3203 = CARTESIAN_POINT('',(-219.7761963696,-353.7841545508,
    594.92109976139));
#3204 = CARTESIAN_POINT('',(-219.1910670464,-353.8066172386,
    594.85885485987));
#3205 = CARTESIAN_POINT('',(-218.6066575112,-353.8304061513,
    594.79050192545));
#3206 = CARTESIAN_POINT('',(-218.0230466115,-353.8555538635,
    594.71605939225));
#3207 = CARTESIAN_POINT('',(-217.4403127112,-353.8820853049,
    594.63554485522));
#3208 = CARTESIAN_POINT('',(-216.8585337571,-353.9100208628,
    594.54897588114));
#3209 = CARTESIAN_POINT('',(-215.6970924263,-353.9687257513,
    594.36377140786));
#3210 = CARTESIAN_POINT('',(-215.1174300113,-353.9994950989,
    594.2651370795));
#3211 = CARTESIAN_POINT('',(-214.5388776508,-354.0316971831,
    594.16048374348));
#3212 = CARTESIAN_POINT('',(-213.9615126883,-354.0653428071,
    594.04982880586));
#3213 = CARTESIAN_POINT('',(-213.3854121602,-354.1004397206,
    593.93319004724));
#3214 = CARTESIAN_POINT('',(-212.8106528066,-354.1369932888,
    593.81058579858));
#3215 = CARTESIAN_POINT('',(-212.2373110831,-354.1750071615,
    593.68203511713));
#3216 = CARTESIAN_POINT('',(-211.0936504031,-354.2539582975,
    593.41308907168));
#3217 = CARTESIAN_POINT('',(-210.5233312187,-354.2948953255,
    593.27269441028));
#3218 = CARTESIAN_POINT('',(-209.9545817969,-354.3372973466,
    593.12639386444));
#3219 = CARTESIAN_POINT('',(-209.3874779744,-354.3811653702,
    592.9742081366));
#3220 = CARTESIAN_POINT('',(-208.8220952485,-354.4264992566,
    592.81615878779));
#3221 = CARTESIAN_POINT('',(-208.2585087796,-354.4732978795,592.65226828
    ));
#3222 = CARTESIAN_POINT('',(-207.696793393,-354.521559287,
    592.48256001852));
#3223 = CARTESIAN_POINT('',(-206.577279427,-354.6210001628,
    592.13156481448));
#3224 = CARTESIAN_POINT('',(-206.019480612,-354.6721795482,
    591.95027839679));
#3225 = CARTESIAN_POINT('',(-205.463701619,-354.7248162389,
    591.76322348769));
#3226 = CARTESIAN_POINT('',(-204.9100165213,-354.7789068641,
    591.57042541218));
#3227 = CARTESIAN_POINT('',(-204.3584989822,-354.8344474638,
    591.37191047386));
#3228 = CARTESIAN_POINT('',(-203.8092222555,-354.8914334887,
    591.16770595497));
#3229 = CARTESIAN_POINT('',(-203.2622591851,-354.9498598006,
    590.95784011637));
#3230 = CARTESIAN_POINT('',(-202.1731262182,-355.069579236,
    590.52685258577));
#3231 = CARTESIAN_POINT('',(-201.6309560795,-355.1308723314,
    590.30573132446));
#3232 = CARTESIAN_POINT('',(-201.0912442163,-355.1935942788,
    590.07900766387));
#3233 = CARTESIAN_POINT('',(-200.5540625684,-355.2577389647,
    589.84671183961));
#3234 = CARTESIAN_POINT('',(-200.019482589,-355.3232998409,
    589.60887507265));
#3235 = CARTESIAN_POINT('',(-199.487575244,-355.3902699252,
    589.36552956926));
#3236 = CARTESIAN_POINT('',(-198.9584110129,-355.4586418009,
    589.11670852106));
#3237 = CARTESIAN_POINT('',(-197.9057237426,-355.598171448,
    588.60819092523));
#3238 = CARTESIAN_POINT('',(-197.3822004857,-355.669329181,
    588.34849466799));
#3239 = CARTESIAN_POINT('',(-196.8615601034,-355.7418729839,
    588.08339151352));
#3240 = CARTESIAN_POINT('',(-196.3438720182,-355.8157946649,
    587.81291660676));
#3241 = CARTESIAN_POINT('',(-195.8292050895,-355.8910856733,
    587.53710605741));
#3242 = CARTESIAN_POINT('',(-195.3176276128,-355.9677370989,
    587.25599693988));
#3243 = CARTESIAN_POINT('',(-194.8092073204,-356.0457396725,
    586.96962729333));
#3244 = CARTESIAN_POINT('',(-193.8009497936,-356.2040926455,
    586.3876768645));
#3245 = CARTESIAN_POINT('',(-193.3010853173,-356.2844317584,
    586.0921400812));
#3246 = CARTESIAN_POINT('',(-192.8044842722,-356.3660916049,
    585.79146428661));
#3247 = CARTESIAN_POINT('',(-192.3112123516,-356.4490623753,
    585.48568890997));
#3248 = CARTESIAN_POINT('',(-191.8213346217,-356.5333339497,
    585.17485429497));
#3249 = CARTESIAN_POINT('',(-191.3349155219,-356.6188958973,
    584.85900169971));
#3250 = CARTESIAN_POINT('',(-190.852018865,-356.705737477,
    584.53817329674));
#3251 = CARTESIAN_POINT('',(-190.2736106427,-356.8120643465,
    584.14506130627));
#3252 = CARTESIAN_POINT('',(-190.1746667164,-356.8303352819,
    584.07749958848));
#3253 = CARTESIAN_POINT('',(-190.0758766156,-356.8486603461,
    584.0097274002));
#3254 = CARTESIAN_POINT('',(-189.9772408973,-356.8670394408,
    583.94174512367));
#3255 = CARTESIAN_POINT('',(-189.8787601169,-356.8854724676,
    583.87355314272));
#3256 = CARTESIAN_POINT('',(-189.780434829,-356.9039593273,
    583.80515184282));
#3257 = CARTESIAN_POINT('',(-189.6822655868,-356.9224999203,
    583.73654161105));
#3258 = CARTESIAN_POINT('',(-189.2762151502,-356.9995327729,
    583.45143662592));
#3259 = CARTESIAN_POINT('',(-188.9697241366,-357.058501157,
    583.23309054412));
#3260 = CARTESIAN_POINT('',(-188.6647970401,-357.117996187,
    583.01269666037));
#3261 = CARTESIAN_POINT('',(-188.3614508748,-357.1780147014,
    582.79026719934));
#3262 = CARTESIAN_POINT('',(-188.0597025306,-357.2385534883,
    582.56581454071));
#3263 = CARTESIAN_POINT('',(-187.7595687726,-357.2996092859,
    582.33935121918));
#3264 = CARTESIAN_POINT('',(-187.4610662416,-357.3611787822,
    582.1108899245));
#3265 = CARTESIAN_POINT('',(-186.530026992,-357.5558826021,
    581.38813026719));
#3266 = CARTESIAN_POINT('',(-185.9033626463,-357.6908357895,
    580.88675684904));
#3267 = CARTESIAN_POINT('',(-185.2843795943,-357.8280853586,
    580.37644860136));
#3268 = CARTESIAN_POINT('',(-184.6732361707,-357.9675975266,
    579.8573339164));
#3269 = CARTESIAN_POINT('',(-184.0700878677,-358.1093375467,
    579.32954422425));
#3270 = CARTESIAN_POINT('',(-183.4750873347,-358.2532697086,
    578.79321399285));
#3271 = CARTESIAN_POINT('',(-182.8883843781,-358.3993573381,
    578.24848072796));
#3272 = CARTESIAN_POINT('',(-181.9216917374,-358.6471170291,
    577.32402046679));
#3273 = CARTESIAN_POINT('',(-181.5370678122,-358.7476268932,
    576.94882767202));
#3274 = CARTESIAN_POINT('',(-181.1562987014,-358.849080991,
    576.56994916295));
#3275 = CARTESIAN_POINT('',(-180.779428288,-358.9514677423,
    576.18742808188));
#3276 = CARTESIAN_POINT('',(-180.4064998224,-359.0547753851,
    575.80130813933));
#3277 = CARTESIAN_POINT('',(-180.0375559227,-359.1589919756,
    575.41163361405));
#3278 = CARTESIAN_POINT('',(-179.6726385748,-359.2641053881,
    575.01844935302));
#3279 = CARTESIAN_POINT('',(-178.5851837375,-359.5835404341,
    573.82311033411));
#3280 = CARTESIAN_POINT('',(-177.8750714276,-359.8005639883,
    573.01037291567));
#3281 = CARTESIAN_POINT('',(-177.1817903336,-360.0210734337,
    572.1839599372));
#3282 = CARTESIAN_POINT('',(-176.5056672229,-360.2449654164,
    571.34425103705));
#3283 = CARTESIAN_POINT('',(-175.8470174998,-360.4721337727,
    570.49163407084));
#3284 = CARTESIAN_POINT('',(-175.2061452049,-360.7024695287,
    569.62650511147));
#3285 = CARTESIAN_POINT('',(-174.5833430154,-360.9358609009,
    568.74926844911));
#3286 = CARTESIAN_POINT('',(-173.3744204493,-361.4085339109,
    566.97137381195));
#3287 = CARTESIAN_POINT('',(-172.7883005354,-361.6478160203,
    566.07071381487));
#3288 = CARTESIAN_POINT('',(-172.220813782,-361.8899247936,
    565.15876911306));
#3289 = CARTESIAN_POINT('',(-171.6722290174,-362.1347429496,
    564.23595882787));
#3290 = CARTESIAN_POINT('',(-171.1428026145,-362.3821505216,
    563.30270862242));
#3291 = CARTESIAN_POINT('',(-170.6327784859,-362.632024623,
    562.35945063515));
#3292 = CARTESIAN_POINT('',(-170.1423880782,-362.8842392129,
    561.40662341333));
#3293 = CARTESIAN_POINT('',(-169.2012842903,-363.3931058486,
    559.48266228807));
#3294 = CARTESIAN_POINT('',(-168.7505726831,-363.6497585909,
    558.51152603963));
#3295 = CARTESIAN_POINT('',(-168.3199344946,-363.9084931832,
    557.53170796671));
#3296 = CARTESIAN_POINT('',(-167.9095753724,-364.1691772134,
    556.5436576925));
#3297 = CARTESIAN_POINT('',(-167.5196876532,-364.4316747216,
    555.54782932587));
#3298 = CARTESIAN_POINT('',(-167.1504503541,-364.6958451595,
    554.54468118936));
#3299 = CARTESIAN_POINT('',(-166.8020291624,-364.9615423498,
    553.53467554713));
#3300 = CARTESIAN_POINT('',(-166.1470929642,-365.4957096007,
    551.50178574443));
#3301 = CARTESIAN_POINT('',(-165.8405815049,-365.7641797279,
    550.47889914336));
#3302 = CARTESIAN_POINT('',(-165.5551943736,-366.0338719057,
    549.45008460577));
#3303 = CARTESIAN_POINT('',(-165.2910699067,-366.3046233696,
    548.41580913052));
#3304 = CARTESIAN_POINT('',(-165.0483325808,-366.5762640532,
    547.37654148585));
#3305 = CARTESIAN_POINT('',(-164.8270930204,-366.848611535,
    546.33275092298));
#3306 = CARTESIAN_POINT('',(-164.6274478837,-367.1214573895,
    545.28490375677));
#3307 = CARTESIAN_POINT('',(-164.406683586,-367.4602143286,
    543.98061651773));
#3308 = CARTESIAN_POINT('',(-164.3651410236,-367.5258976195,
    543.72756707151));
#3309 = CARTESIAN_POINT('',(-164.3248530862,-367.591591311,
    543.4743158464));
#3310 = CARTESIAN_POINT('',(-164.285820872,-367.6572916236,
    543.22086915708));
#3311 = CARTESIAN_POINT('',(-164.2480454315,-367.7229945018,
    542.96723326112));
#3312 = CARTESIAN_POINT('',(-164.2115277673,-367.7886956137,
    542.71341435899));
#3313 = CARTESIAN_POINT('',(-164.1762688345,-367.8543903515,
    542.45941859408));
#3314 = CARTESIAN_POINT('',(-164.1149416782,-367.9728687242,
    542.00095874475));
#3315 = CARTESIAN_POINT('',(-164.0884276156,-368.0256562555,
    541.79655508598));
#3316 = CARTESIAN_POINT('',(-164.0627278237,-368.0784339177,
    541.59204424216));
#3317 = CARTESIAN_POINT('',(-164.0378427536,-368.1311989435,
    541.38742932234));
#3318 = CARTESIAN_POINT('',(-164.0137728359,-368.1839483064,
    541.18271337874));
#3319 = CARTESIAN_POINT('',(-163.9905184812,-368.2366787201,
    540.97789940676));
#3320 = CARTESIAN_POINT('',(-163.9680800801,-368.289386639,540.772990345
    ));
#3321 = CARTESIAN_POINT('',(-163.9293607001,-368.3837253827,
    540.40588768841));
#3322 = CARTESIAN_POINT('',(-163.9127738118,-368.4253659829,
    540.24372863091));
#3323 = CARTESIAN_POINT('',(-163.8966975207,-368.4669882011,
    540.0815133318));
#3324 = CARTESIAN_POINT('',(-163.8811320019,-368.508589949,
    539.91924316942));
#3325 = CARTESIAN_POINT('',(-163.8660774222,-368.5501689076,
    539.75691947136));
#3326 = CARTESIAN_POINT('',(-163.8515339406,-368.5917225268,
    539.59454351451));
#3327 = CARTESIAN_POINT('',(-163.8375017078,-368.6332480258,
    539.43211652502));
#3328 = CARTESIAN_POINT('',(-163.8132431059,-368.7076957111,
    539.14060646985));
#3329 = CARTESIAN_POINT('',(-163.8028278777,-368.7406293217,
    539.0115418021));
#3330 = CARTESIAN_POINT('',(-163.7927352537,-368.7735417384,
    538.88244626767));
#3331 = CARTESIAN_POINT('',(-163.7829653019,-368.8064312653,
    538.75332041376));
#3332 = CARTESIAN_POINT('',(-163.7735180873,-368.8392959967,
    538.62416474225));
#3333 = CARTESIAN_POINT('',(-163.7643936712,-368.8721338165,
    538.49497970965));
#3334 = CARTESIAN_POINT('',(-163.755592112,-368.904942399,
    538.36576572715));
#3335 = CARTESIAN_POINT('',(-163.7403613803,-368.9638214584,
    538.13359911529));
#3336 = CARTESIAN_POINT('',(-163.733814085,-368.9899034901,
    538.03065692926));
#3337 = CARTESIAN_POINT('',(-163.7274716061,-369.0159640445,
    537.9276967907));
#3338 = CARTESIAN_POINT('',(-163.7213339702,-369.0420016681,
    537.82471884689));
#3339 = CARTESIAN_POINT('',(-163.7154012018,-369.0680147127,
    537.72172320425));
#3340 = CARTESIAN_POINT('',(-163.7096733244,-369.0940013354,
    537.61870992826));
#3341 = CARTESIAN_POINT('',(-163.7041503601,-369.1199594986,
    537.51567904348));
#3342 = CARTESIAN_POINT('',(-163.6946271336,-369.1663889368,
    537.33114564551));
#3343 = CARTESIAN_POINT('',(-163.6905500776,-369.1868716501,
    537.24964972566));
#3344 = CARTESIAN_POINT('',(-163.6866011715,-369.2073340261,
    537.1681427688));
#3345 = CARTESIAN_POINT('',(-163.6827804247,-369.227774804,
    537.08662473376));
#3346 = CARTESIAN_POINT('',(-163.679087846,-369.2481925461,
    537.0050955435));
#3347 = CARTESIAN_POINT('',(-163.6755234438,-369.2685856378,
    536.92355508505));
#3348 = CARTESIAN_POINT('',(-163.6720872255,-369.2889522878,
    536.84200320955));
#3349 = CARTESIAN_POINT('',(-163.6661519758,-369.3254430778,
    536.69566234022));
#3350 = CARTESIAN_POINT('',(-163.6636056096,-369.3415776497,
    536.63087762055));
#3351 = CARTESIAN_POINT('',(-163.6611401029,-369.357693277,
    536.5660854832));
#3352 = CARTESIAN_POINT('',(-163.658755459,-369.3737888282,
    536.50128580603));
#3353 = CARTESIAN_POINT('',(-163.6564516805,-369.389863007,
    536.43647843478));
#3354 = CARTESIAN_POINT('',(-163.65422877,-369.4059143521,
    536.37166318313));
#3355 = CARTESIAN_POINT('',(-163.6520867298,-369.4219412375,
    536.30683983263));
#3356 = CARTESIAN_POINT('',(-163.6483458999,-369.4509809122,
    536.18917628424));
#3357 = CARTESIAN_POINT('',(-163.6467199433,-369.4640024579,
    536.13633888163));
#3358 = CARTESIAN_POINT('',(-163.6451476928,-369.477005565,
    536.08349579233));
#3359 = CARTESIAN_POINT('',(-163.6436291492,-369.4899891145,
    536.03064685147));
#3360 = CARTESIAN_POINT('',(-163.6421643131,-369.5029518129,
    535.97779186184));
#3361 = CARTESIAN_POINT('',(-163.6407531849,-369.5158921916,
    535.92493059396));
#3362 = CARTESIAN_POINT('',(-163.6393957648,-369.5288086079,
    535.87206278604));
#3363 = CARTESIAN_POINT('',(-163.6370251958,-369.5522479426,
    535.77591962976));
#3364 = CARTESIAN_POINT('',(-163.6359943046,-369.5627793052,
    535.73264652918));
#3365 = CARTESIAN_POINT('',(-163.6349993791,-369.5732923682,
    535.68936868449));
#3366 = CARTESIAN_POINT('',(-163.6340404192,-369.5837859705,
    535.64608590371));
#3367 = CARTESIAN_POINT('',(-163.6331174245,-369.5942587531,
    535.60279796062));
#3368 = CARTESIAN_POINT('',(-163.6322303947,-369.6047091596,
    535.55950459479));
#3369 = CARTESIAN_POINT('',(-163.631379329,-369.6151354357,
    535.51620551152));
#3370 = CARTESIAN_POINT('',(-163.6293585712,-369.6409190399,
    535.4088457498));
#3371 = CARTESIAN_POINT('',(-163.6282316032,-369.6562451343,
    535.34477807934));
#3372 = CARTESIAN_POINT('',(-163.6271833146,-369.6715076617,
    535.28069606357));
#3373 = CARTESIAN_POINT('',(-163.6262137006,-369.6866978932,
    535.21659812811));
#3374 = CARTESIAN_POINT('',(-163.6253227579,-369.7018055235,
    535.15248259428));
#3375 = CARTESIAN_POINT('',(-163.6245104817,-369.7168174314,
    535.08834743441));
#3376 = CARTESIAN_POINT('',(-163.6237768627,-369.7317142961,
    535.02418961958));
#3377 = CARTESIAN_POINT('',(-163.6227089303,-369.7557651696,
    534.91953622023));
#3378 = CARTESIAN_POINT('',(-163.6223272458,-369.7650066556,
    534.87905814385));
#3379 = CARTESIAN_POINT('',(-163.6219768157,-369.7741830235,
    534.83856798862));
#3380 = CARTESIAN_POINT('',(-163.6216576333,-369.7832824382,
    534.79806365909));
#3381 = CARTESIAN_POINT('',(-163.6213696956,-369.7922917206,
    534.75754337466));
#3382 = CARTESIAN_POINT('',(-163.6211129988,-369.8011941809,
    534.7170052956));
#3383 = CARTESIAN_POINT('',(-163.6208875331,-369.8099613018,
    534.67644620664));
#3384 = CARTESIAN_POINT('',(-163.6206033085,-369.8225105927,
    534.61706188352));
#3385 = CARTESIAN_POINT('',(-163.6205200397,-369.8264415772,
    534.59825950251));
#3386 = CARTESIAN_POINT('',(-163.6204434627,-369.8303267303,
    534.57945067806));
#3387 = CARTESIAN_POINT('',(-163.6203735742,-369.8341574054,
    534.56063420984));
#3388 = CARTESIAN_POINT('',(-163.620310373,-369.8379240484,
    534.54180938009));
#3389 = CARTESIAN_POINT('',(-163.6202538579,-369.8416146032,
    534.52297574235));
#3390 = CARTESIAN_POINT('',(-163.6202040246,-369.8452080734,
    534.50413245308));
#3391 = CARTESIAN_POINT('',(-163.620134603,-369.8507654903,
    534.47380490494));
#3392 = CARTESIAN_POINT('',(-163.620110848,-369.8528126296,
    534.46234385644));
#3393 = CARTESIAN_POINT('',(-163.6200895498,-369.8548047037,
    534.45087766968));
#3394 = CARTESIAN_POINT('',(-163.6200707043,-369.8567057108,
    534.43940388292));
#3395 = CARTESIAN_POINT('',(-163.620054305,-369.8585472221,
    534.42791461545));
#3396 = CARTESIAN_POINT('',(-163.6200403734,-369.8602173954,
    534.4164230256));
#3397 = CARTESIAN_POINT('',(-163.620028905,-369.8617619172,
    534.40493575085));
#3398 = CARTESIAN_POINT('',(-163.6200198848,-369.8628914902,
    534.39347996154));
#3399 = PCURVE('',#578,#3400);
#3400 = DEFINITIONAL_REPRESENTATION('',(#3401),#3628);
#3401 = B_SPLINE_CURVE_WITH_KNOTS('',8,(#3402,#3403,#3404,#3405,#3406,
    #3407,#3408,#3409,#3410,#3411,#3412,#3413,#3414,#3415,#3416,#3417,
    #3418,#3419,#3420,#3421,#3422,#3423,#3424,#3425,#3426,#3427,#3428,
    #3429,#3430,#3431,#3432,#3433,#3434,#3435,#3436,#3437,#3438,#3439,
    #3440,#3441,#3442,#3443,#3444,#3445,#3446,#3447,#3448,#3449,#3450,
    #3451,#3452,#3453,#3454,#3455,#3456,#3457,#3458,#3459,#3460,#3461,
    #3462,#3463,#3464,#3465,#3466,#3467,#3468,#3469,#3470,#3471,#3472,
    #3473,#3474,#3475,#3476,#3477,#3478,#3479,#3480,#3481,#3482,#3483,
    #3484,#3485,#3486,#3487,#3488,#3489,#3490,#3491,#3492,#3493,#3494,
    #3495,#3496,#3497,#3498,#3499,#3500,#3501,#3502,#3503,#3504,#3505,
    #3506,#3507,#3508,#3509,#3510,#3511,#3512,#3513,#3514,#3515,#3516,
    #3517,#3518,#3519,#3520,#3521,#3522,#3523,#3524,#3525,#3526,#3527,
    #3528,#3529,#3530,#3531,#3532,#3533,#3534,#3535,#3536,#3537,#3538,
    #3539,#3540,#3541,#3542,#3543,#3544,#3545,#3546,#3547,#3548,#3549,
    #3550,#3551,#3552,#3553,#3554,#3555,#3556,#3557,#3558,#3559,#3560,
    #3561,#3562,#3563,#3564,#3565,#3566,#3567,#3568,#3569,#3570,#3571,
    #3572,#3573,#3574,#3575,#3576,#3577,#3578,#3579,#3580,#3581,#3582,
    #3583,#3584,#3585,#3586,#3587,#3588,#3589,#3590,#3591,#3592,#3593,
    #3594,#3595,#3596,#3597,#3598,#3599,#3600,#3601,#3602,#3603,#3604,
    #3605,#3606,#3607,#3608,#3609,#3610,#3611,#3612,#3613,#3614,#3615,
    #3616,#3617,#3618,#3619,#3620,#3621,#3622,#3623,#3624,#3625,#3626,
    #3627),.UNSPECIFIED.,.F.,.F.,(9,7,7,7,7,7,7,7,7,7,7,7,7,7,7,7,7,7,7,
    7,7,7,7,7,7,7,7,7,7,7,7,7,9),(0.,3.214296965918E-03,
    9.814029073456E-03,3.362721059152E-02,5.743379730114E-02,
    0.105041208833,0.152644380787,0.200244627338,0.247842692106,
    0.295438922048,0.343033797411,0.390427593924,0.40022622562,
    0.431021730449,0.496811575993,0.541004668417,0.629991751581,
    0.71898193015,0.807977473531,0.896981367871,0.91838414192,
    0.935587206825,0.949190247836,0.959993288777,0.968596434815,
    0.975399312341,0.980802130844,0.985204928998,0.988807838202,
    0.994137068841,0.997497052773,0.999053190371,1.),.UNSPECIFIED.);
#3402 = CARTESIAN_POINT('',(1.570796326795,9.648244330133E-03));
#3403 = CARTESIAN_POINT('',(1.570169970989,1.124433055148E-02));
#3404 = CARTESIAN_POINT('',(1.569542010151,1.254725900446E-02));
#3405 = CARTESIAN_POINT('',(1.568913489364,1.373771112098E-02));
#3406 = CARTESIAN_POINT('',(1.568284474005,1.4803458854E-02));
#3407 = CARTESIAN_POINT('',(1.56765533995,1.580787385053E-02));
#3408 = CARTESIAN_POINT('',(1.567026008633,1.674130297248E-02));
#3409 = CARTESIAN_POINT('',(1.566396523994,1.76259746241E-02));
#3410 = CARTESIAN_POINT('',(1.564473671086,2.019261095694E-02));
#3411 = CARTESIAN_POINT('',(1.563180051221,2.17341980495E-02));
#3412 = CARTESIAN_POINT('',(1.561886110258,2.315780411259E-02));
#3413 = CARTESIAN_POINT('',(1.560591943311,2.448703898145E-02));
#3414 = CARTESIAN_POINT('',(1.559297614995,2.573903890076E-02));
#3415 = CARTESIAN_POINT('',(1.558003168185,2.69285522106E-02));
#3416 = CARTESIAN_POINT('',(1.556708609567,2.80627049439E-02));
#3417 = CARTESIAN_POINT('',(1.550742481402,3.307041313402E-02));
#3418 = CARTESIAN_POINT('',(1.546069888946,3.637236037378E-02));
#3419 = CARTESIAN_POINT('',(1.541396783812,3.937720722381E-02));
#3420 = CARTESIAN_POINT('',(1.536723284031,4.210526472603E-02));
#3421 = CARTESIAN_POINT('',(1.532049599404,4.465917014224E-02));
#3422 = CARTESIAN_POINT('',(1.527375732803,4.704489868319E-02));
#3423 = CARTESIAN_POINT('',(1.522701707194,4.930081915054E-02));
#3424 = CARTESIAN_POINT('',(1.513354502803,5.358287835203E-02));
#3425 = CARTESIAN_POINT('',(1.508681412051,5.560957181161E-02));
#3426 = CARTESIAN_POINT('',(1.504008209844,5.754087375772E-02));
#3427 = CARTESIAN_POINT('',(1.499334913553,5.938961747713E-02));
#3428 = CARTESIAN_POINT('',(1.494661535847,6.116522979107E-02));
#3429 = CARTESIAN_POINT('',(1.489988086137,6.287527693462E-02));
#3430 = CARTESIAN_POINT('',(1.485314571195,6.452614794875E-02));
#3431 = CARTESIAN_POINT('',(1.471294973619,6.931594440273E-02));
#3432 = CARTESIAN_POINT('',(1.46194871532,7.229274258114E-02));
#3433 = CARTESIAN_POINT('',(1.45260226128,7.509383372796E-02));
#3434 = CARTESIAN_POINT('',(1.443255639277,7.774522391717E-02));
#3435 = CARTESIAN_POINT('',(1.433908868615,8.02650011316E-02));
#3436 = CARTESIAN_POINT('',(1.424561963296,8.26674560172E-02));
#3437 = CARTESIAN_POINT('',(1.415214933404,8.496468394876E-02));
#3438 = CARTESIAN_POINT('',(1.396521468364,8.936645686165E-02));
#3439 = CARTESIAN_POINT('',(1.387175035579,9.147116154687E-02));
#3440 = CARTESIAN_POINT('',(1.377828495303,9.348900304573E-02));
#3441 = CARTESIAN_POINT('',(1.368481854501,9.542743162528E-02));
#3442 = CARTESIAN_POINT('',(1.359135118662,9.729247288686E-02));
#3443 = CARTESIAN_POINT('',(1.34978829232,9.908907341604E-02));
#3444 = CARTESIAN_POINT('',(1.340441379581,0.100821446433));
#3445 = CARTESIAN_POINT('',(1.321747964116,0.1041652857));
#3446 = CARTESIAN_POINT('',(1.312401460675,0.105776729318));
#3447 = CARTESIAN_POINT('',(1.303054878691,0.107331427478));
#3448 = CARTESIAN_POINT('',(1.293708221515,0.108832532869));
#3449 = CARTESIAN_POINT('',(1.284361491859,0.110282755255));
#3450 = CARTESIAN_POINT('',(1.275014692177,0.111684445041));
#3451 = CARTESIAN_POINT('',(1.265667825046,0.11303967684));
#3452 = CARTESIAN_POINT('',(1.246974390461,0.115660929176));
#3453 = CARTESIAN_POINT('',(1.237627822402,0.116926977642));
#3454 = CARTESIAN_POINT('',(1.228281191768,0.118150274603));
#3455 = CARTESIAN_POINT('',(1.218934500868,0.119332458822));
#3456 = CARTESIAN_POINT('',(1.209587751915,0.120475011667));
#3457 = CARTESIAN_POINT('',(1.200240947033,0.121579257106));
#3458 = CARTESIAN_POINT('',(1.190894088246,0.12264636171));
#3459 = CARTESIAN_POINT('',(1.172200627038,0.124708267854));
#3460 = CARTESIAN_POINT('',(1.162854024313,0.12570311155));
#3461 = CARTESIAN_POINT('',(1.153507371271,0.126662899486));
#3462 = CARTESIAN_POINT('',(1.144160669829,0.127588583562));
#3463 = CARTESIAN_POINT('',(1.134813921868,0.12848103383));
#3464 = CARTESIAN_POINT('',(1.125467129227,0.129341038497));
#3465 = CARTESIAN_POINT('',(1.116120293705,0.130169303923));
#3466 = CARTESIAN_POINT('',(1.097426806435,0.131763582633));
#3467 = CARTESIAN_POINT('',(1.088080154358,0.13252961498));
#3468 = CARTESIAN_POINT('',(1.078733462602,0.133265185501));
#3469 = CARTESIAN_POINT('',(1.06938673292,0.133970879733));
#3470 = CARTESIAN_POINT('',(1.060039967045,0.134647234912));
#3471 = CARTESIAN_POINT('',(1.050693166694,0.13529473997));
#3472 = CARTESIAN_POINT('',(1.041346333566,0.135913835538));
#3473 = CARTESIAN_POINT('',(1.022692093751,0.137093495167));
#3474 = CARTESIAN_POINT('',(1.013384686993,0.137654303801));
#3475 = CARTESIAN_POINT('',(1.004077250727,0.138187731412));
#3476 = CARTESIAN_POINT('',(0.994769786609,0.138694138254));
#3477 = CARTESIAN_POINT('',(0.985462296285,0.139173853269));
#3478 = CARTESIAN_POINT('',(0.976154781393,0.13962717409));
#3479 = CARTESIAN_POINT('',(0.966847243564,0.140054367038));
#3480 = CARTESIAN_POINT('',(0.955615353583,0.140538635618));
#3481 = CARTESIAN_POINT('',(0.953691021829,0.140620497428));
#3482 = CARTESIAN_POINT('',(0.95176668917,0.140701254679));
#3483 = CARTESIAN_POINT('',(0.949842355621,0.140780909445));
#3484 = CARTESIAN_POINT('',(0.947918021196,0.140859463755));
#3485 = CARTESIAN_POINT('',(0.945993685907,0.140936919591));
#3486 = CARTESIAN_POINT('',(0.944069349769,0.141013278886));
#3487 = CARTESIAN_POINT('',(0.936097134849,0.14132508805));
#3488 = CARTESIAN_POINT('',(0.930049248632,0.141550820394));
#3489 = CARTESIAN_POINT('',(0.924001354581,0.141765798865));
#3490 = CARTESIAN_POINT('',(0.91795345313,0.141970077692));
#3491 = CARTESIAN_POINT('',(0.911905544714,0.142163707027));
#3492 = CARTESIAN_POINT('',(0.905857629765,0.142346732947));
#3493 = CARTESIAN_POINT('',(0.899809708717,0.142519197452));
#3494 = CARTESIAN_POINT('',(0.88084131953,0.143027100467));
#3495 = CARTESIAN_POINT('',(0.867920830233,0.143325037319));
#3496 = CARTESIAN_POINT('',(0.855000318551,0.143575315119));
#3497 = CARTESIAN_POINT('',(0.842079788916,0.143778228679));
#3498 = CARTESIAN_POINT('',(0.829159245758,0.143934001518));
#3499 = CARTESIAN_POINT('',(0.816238693504,0.144042785869));
#3500 = CARTESIAN_POINT('',(0.803318136572,0.144104662677));
#3501 = CARTESIAN_POINT('',(0.781718437891,0.144129703409));
#3502 = CARTESIAN_POINT('',(0.773039295771,0.144118604684));
#3503 = CARTESIAN_POINT('',(0.764360154313,0.144086349857));
#3504 = CARTESIAN_POINT('',(0.755681014808,0.14403292929));
#3505 = CARTESIAN_POINT('',(0.747001878548,0.143958319276));
#3506 = CARTESIAN_POINT('',(0.738322746826,0.143862482039));
#3507 = CARTESIAN_POINT('',(0.729643620936,0.14374536573));
#3508 = CARTESIAN_POINT('',(0.703488253709,0.143328099167));
#3509 = CARTESIAN_POINT('',(0.68601202972,0.142962717771));
#3510 = CARTESIAN_POINT('',(0.668535841725,0.142510274818));
#3511 = CARTESIAN_POINT('',(0.651059701299,0.141969994826));
#3512 = CARTESIAN_POINT('',(0.633583620063,0.141340812259));
#3513 = CARTESIAN_POINT('',(0.616107609687,0.140621371525));
#3514 = CARTESIAN_POINT('',(0.598631681889,0.139810026975));
#3515 = CARTESIAN_POINT('',(0.563679407086,0.137999627355));
#3516 = CARTESIAN_POINT('',(0.546203044484,0.137000538303));
#3517 = CARTESIAN_POINT('',(0.528726787993,0.135905526792));
#3518 = CARTESIAN_POINT('',(0.511250649479,0.134712218953));
#3519 = CARTESIAN_POINT('',(0.493774633162,0.1334177944));
#3520 = CARTESIAN_POINT('',(0.476298743467,0.132018864621));
#3521 = CARTESIAN_POINT('',(0.458822992876,0.130511351365));
#3522 = CARTESIAN_POINT('',(0.423870773163,0.127269280982));
#3523 = CARTESIAN_POINT('',(0.406394280959,0.125534756632));
#3524 = CARTESIAN_POINT('',(0.388917961366,0.12368166979));
#3525 = CARTESIAN_POINT('',(0.371441827512,0.121704307509));
#3526 = CARTESIAN_POINT('',(0.353965885474,0.119595828945));
#3527 = CARTESIAN_POINT('',(0.33649014229,0.117347728219));
#3528 = CARTESIAN_POINT('',(0.319014613972,0.114949297274));
#3529 = CARTESIAN_POINT('',(0.284062413273,0.109824639772));
#3530 = CARTESIAN_POINT('',(0.266585721696,0.107098129602));
#3531 = CARTESIAN_POINT('',(0.24910928775,0.104194576835));
#3532 = CARTESIAN_POINT('',(0.231633130674,0.101095890993));
#3533 = CARTESIAN_POINT('',(0.214157266769,9.778069258663E-02));
#3534 = CARTESIAN_POINT('',(0.196681718467,9.422170872337E-02));
#3535 = CARTESIAN_POINT('',(0.179206525685,9.037874423268E-02));
#3536 = CARTESIAN_POINT('',(0.157529600954,8.517929413085E-02));
#3537 = CARTESIAN_POINT('',(0.15332746666,8.415116344747E-02));
#3538 = CARTESIAN_POINT('',(0.149125357381,8.310197086892E-02));
#3539 = CARTESIAN_POINT('',(0.144923274056,8.203071036292E-02));
#3540 = CARTESIAN_POINT('',(0.140721217773,8.093623526523E-02));
#3541 = CARTESIAN_POINT('',(0.136519189768,7.981725827958E-02));
#3542 = CARTESIAN_POINT('',(0.132317191428,7.867235147776E-02));
#3543 = CARTESIAN_POINT('',(0.124737778295,7.655759357787E-02));
#3544 = CARTESIAN_POINT('',(0.121360352531,7.559743022852E-02));
#3545 = CARTESIAN_POINT('',(0.117982947759,7.461865621207E-02));
#3546 = CARTESIAN_POINT('',(0.114605564901,7.362033888395E-02));
#3547 = CARTESIAN_POINT('',(0.111228205039,7.260141299446E-02));
#3548 = CARTESIAN_POINT('',(0.107850869412,7.156068068874E-02));
#3549 = CARTESIAN_POINT('',(0.10447355942,7.049681150678E-02));
#3550 = CARTESIAN_POINT('',(9.842574571799E-02,6.854765330246E-02));
#3551 = CARTESIAN_POINT('',(9.575523189408E-02,6.767154193953E-02));
#3552 = CARTESIAN_POINT('',(9.308473588538E-02,6.677929707759E-02));
#3553 = CARTESIAN_POINT('',(9.041425858911E-02,6.587008948031E-02));
#3554 = CARTESIAN_POINT('',(8.774380106224E-02,6.49429718921E-02));
#3555 = CARTESIAN_POINT('',(8.507336452155E-02,6.39968790381E-02));
#3556 = CARTESIAN_POINT('',(8.240295034363E-02,6.30306276242E-02));
#3557 = CARTESIAN_POINT('',(7.761183312672E-02,6.125851191853E-02));
#3558 = CARTESIAN_POINT('',(7.549112133979E-02,6.046053569079E-02));
#3559 = CARTESIAN_POINT('',(7.337042543927E-02,5.964834728954E-02));
#3560 = CARTESIAN_POINT('',(7.124974632436E-02,5.882119910411E-02));
#3561 = CARTESIAN_POINT('',(6.912908505823E-02,5.797823627736E-02));
#3562 = CARTESIAN_POINT('',(6.700844286799E-02,5.711849670576E-02));
#3563 = CARTESIAN_POINT('',(6.488782114474E-02,5.624091103932E-02));
#3564 = CARTESIAN_POINT('',(6.107845352939E-02,5.463027663266E-02));
#3565 = CARTESIAN_POINT('',(5.938969966363E-02,5.390415198251E-02));
#3566 = CARTESIAN_POINT('',(5.770096059484E-02,5.316534551213E-02));
#3567 = CARTESIAN_POINT('',(5.60122372431E-02,5.24131747132E-02));
#3568 = CARTESIAN_POINT('',(5.43235307E-02,5.164685778813E-02));
#3569 = CARTESIAN_POINT('',(5.263484222859E-02,5.086551365003E-02));
#3570 = CARTESIAN_POINT('',(5.094617326346E-02,5.006816192274E-02));
#3571 = CARTESIAN_POINT('',(4.792223893797E-02,4.860971101512E-02));
#3572 = CARTESIAN_POINT('',(4.658696575118E-02,4.79549831995E-02));
#3573 = CARTESIAN_POINT('',(4.525170660678E-02,4.728901555913E-02));
#3574 = CARTESIAN_POINT('',(4.391646243703E-02,4.661119412176E-02));
#3575 = CARTESIAN_POINT('',(4.258123434995E-02,4.59208148777E-02));
#3576 = CARTESIAN_POINT('',(4.124602362934E-02,4.521708377979E-02));
#3577 = CARTESIAN_POINT('',(3.991083173478E-02,4.449911674345E-02));
#3578 = CARTESIAN_POINT('',(3.751527241481E-02,4.318365328772E-02));
#3579 = CARTESIAN_POINT('',(3.645489752365E-02,4.259174370277E-02));
#3580 = CARTESIAN_POINT('',(3.539453640647E-02,4.198973257905E-02));
#3581 = CARTESIAN_POINT('',(3.433419002662E-02,4.137705784845E-02));
#3582 = CARTESIAN_POINT('',(3.327385953246E-02,4.075307368748E-02));
#3583 = CARTESIAN_POINT('',(3.221354625733E-02,4.011705051723E-02));
#3584 = CARTESIAN_POINT('',(3.115325171959E-02,3.946817500345E-02));
#3585 = CARTESIAN_POINT('',(2.922895214511E-02,3.826557191508E-02));
#3586 = CARTESIAN_POINT('',(2.836494035048E-02,3.771643201443E-02));
#3587 = CARTESIAN_POINT('',(2.750094310467E-02,3.715765725765E-02));
#3588 = CARTESIAN_POINT('',(2.663696149586E-02,3.658868602286E-02));
#3589 = CARTESIAN_POINT('',(2.577299683451E-02,3.600886816322E-02));
#3590 = CARTESIAN_POINT('',(2.49090506533E-02,3.541746500686E-02));
#3591 = CARTESIAN_POINT('',(2.404512470723E-02,3.481364935697E-02));
#3592 = CARTESIAN_POINT('',(2.247426902963E-02,3.369148272333E-02));
#3593 = CARTESIAN_POINT('',(2.176733210634E-02,3.317749847079E-02));
#3594 = CARTESIAN_POINT('',(2.106041120553E-02,3.265406711678E-02));
#3595 = CARTESIAN_POINT('',(2.035350761647E-02,3.212060314256E-02));
#3596 = CARTESIAN_POINT('',(1.964662291572E-02,3.157642112794E-02));
#3597 = CARTESIAN_POINT('',(1.893975896721E-02,3.102073575128E-02));
#3598 = CARTESIAN_POINT('',(1.823291792218E-02,3.04526617895E-02));
#3599 = CARTESIAN_POINT('',(1.648061822634E-02,2.901116781372E-02));
#3600 = CARTESIAN_POINT('',(1.543519362916E-02,2.812176482402E-02));
#3601 = CARTESIAN_POINT('',(1.43898323276E-02,2.719981768832E-02));
#3602 = CARTESIAN_POINT('',(1.334454430543E-02,2.624090742728E-02));
#3603 = CARTESIAN_POINT('',(1.229934442126E-02,2.523984052406E-02));
#3604 = CARTESIAN_POINT('',(1.125425375301E-02,2.419001827814E-02));
#3605 = CARTESIAN_POINT('',(1.020930349582E-02,2.308171853154E-02));
#3606 = CARTESIAN_POINT('',(8.505837737867E-03,2.115378972905E-02));
#3607 = CARTESIAN_POINT('',(7.847223226723E-03,2.037866428883E-02));
#3608 = CARTESIAN_POINT('',(7.188695930706E-03,1.957053325776E-02));
#3609 = CARTESIAN_POINT('',(6.530271907394E-03,1.872340997311E-02));
#3610 = CARTESIAN_POINT('',(5.871977564448E-03,1.78306993999E-02));
#3611 = CARTESIAN_POINT('',(5.213852824374E-03,1.6884103548E-02));
#3612 = CARTESIAN_POINT('',(4.555965110754E-03,1.586943420511E-02));
#3613 = CARTESIAN_POINT('',(3.593906318642E-03,1.42452024779E-02));
#3614 = CARTESIAN_POINT('',(3.289472133204E-03,1.371046126676E-02));
#3615 = CARTESIAN_POINT('',(2.98512798004E-03,1.315275371302E-02));
#3616 = CARTESIAN_POINT('',(2.680890935604E-03,1.256774853402E-02));
#3617 = CARTESIAN_POINT('',(2.376789201468E-03,1.195073882765E-02));
#3618 = CARTESIAN_POINT('',(2.072865419102E-03,1.129584426325E-02));
#3619 = CARTESIAN_POINT('',(1.769192870382E-03,1.059281543929E-02));
#3620 = CARTESIAN_POINT('',(1.281373138275E-03,9.352108319926E-03));
#3621 = CARTESIAN_POINT('',(1.097239842699E-03,8.857610524839E-03));
#3622 = CARTESIAN_POINT('',(9.132540965538E-04,8.335854659536E-03));
#3623 = CARTESIAN_POINT('',(7.295260505901E-04,7.769134683828E-03));
#3624 = CARTESIAN_POINT('',(5.458051643709E-04,7.171678644483E-03));
#3625 = CARTESIAN_POINT('',(3.627526492042E-04,6.491173913424E-03));
#3626 = CARTESIAN_POINT('',(1.80282570237E-04,5.750544550537E-03));
#3627 = CARTESIAN_POINT('',(0.,4.813587318555E-03));
#3628 = ( GEOMETRIC_REPRESENTATION_CONTEXT(2) 
PARAMETRIC_REPRESENTATION_CONTEXT() REPRESENTATION_CONTEXT('2D SPACE',''
  ) );
#3629 = PCURVE('',#3025,#3630);
#3630 = DEFINITIONAL_REPRESENTATION('',(#3631),#3858);
#3631 = B_SPLINE_CURVE_WITH_KNOTS('',8,(#3632,#3633,#3634,#3635,#3636,
    #3637,#3638,#3639,#3640,#3641,#3642,#3643,#3644,#3645,#3646,#3647,
    #3648,#3649,#3650,#3651,#3652,#3653,#3654,#3655,#3656,#3657,#3658,
    #3659,#3660,#3661,#3662,#3663,#3664,#3665,#3666,#3667,#3668,#3669,
    #3670,#3671,#3672,#3673,#3674,#3675,#3676,#3677,#3678,#3679,#3680,
    #3681,#3682,#3683,#3684,#3685,#3686,#3687,#3688,#3689,#3690,#3691,
    #3692,#3693,#3694,#3695,#3696,#3697,#3698,#3699,#3700,#3701,#3702,
    #3703,#3704,#3705,#3706,#3707,#3708,#3709,#3710,#3711,#3712,#3713,
    #3714,#3715,#3716,#3717,#3718,#3719,#3720,#3721,#3722,#3723,#3724,
    #3725,#3726,#3727,#3728,#3729,#3730,#3731,#3732,#3733,#3734,#3735,
    #3736,#3737,#3738,#3739,#3740,#3741,#3742,#3743,#3744,#3745,#3746,
    #3747,#3748,#3749,#3750,#3751,#3752,#3753,#3754,#3755,#3756,#3757,
    #3758,#3759,#3760,#3761,#3762,#3763,#3764,#3765,#3766,#3767,#3768,
    #3769,#3770,#3771,#3772,#3773,#3774,#3775,#3776,#3777,#3778,#3779,
    #3780,#3781,#3782,#3783,#3784,#3785,#3786,#3787,#3788,#3789,#3790,
    #3791,#3792,#3793,#3794,#3795,#3796,#3797,#3798,#3799,#3800,#3801,
    #3802,#3803,#3804,#3805,#3806,#3807,#3808,#3809,#3810,#3811,#3812,
    #3813,#3814,#3815,#3816,#3817,#3818,#3819,#3820,#3821,#3822,#3823,
    #3824,#3825,#3826,#3827,#3828,#3829,#3830,#3831,#3832,#3833,#3834,
    #3835,#3836,#3837,#3838,#3839,#3840,#3841,#3842,#3843,#3844,#3845,
    #3846,#3847,#3848,#3849,#3850,#3851,#3852,#3853,#3854,#3855,#3856,
    #3857),.UNSPECIFIED.,.F.,.F.,(9,7,7,7,7,7,7,7,7,7,7,7,7,7,7,7,7,7,7,
    7,7,7,7,7,7,7,7,7,7,7,7,7,9),(0.,3.214296965918E-03,
    9.814029073456E-03,3.362721059152E-02,5.743379730114E-02,
    0.105041208833,0.152644380787,0.200244627338,0.247842692106,
    0.295438922048,0.343033797411,0.390427593924,0.40022622562,
    0.431021730449,0.496811575993,0.541004668417,0.629991751581,
    0.71898193015,0.807977473531,0.896981367871,0.91838414192,
    0.935587206825,0.949190247836,0.959993288777,0.968596434815,
    0.975399312341,0.980802130844,0.985204928998,0.988807838202,
    0.994137068841,0.997497052773,0.999053190371,1.),.UNSPECIFIED.);
#3632 = CARTESIAN_POINT('',(7.930736074188E-04,-0.470902723002));
#3633 = CARTESIAN_POINT('',(1.418931971459E-03,-0.467710699097));
#3634 = CARTESIAN_POINT('',(2.046393749168E-03,-0.465105019537));
#3635 = CARTESIAN_POINT('',(2.674414680637E-03,-0.462724315281));
#3636 = CARTESIAN_POINT('',(3.30292944011E-03,-0.460593040455));
#3637 = CARTESIAN_POINT('',(3.931562448416E-03,-0.458584449275));
#3638 = CARTESIAN_POINT('',(4.560392210604E-03,-0.456717846912));
#3639 = CARTESIAN_POINT('',(5.189374819041E-03,-0.454948775279));
#3640 = CARTESIAN_POINT('',(7.110693125309E-03,-0.449816377789));
#3641 = CARTESIAN_POINT('',(8.403279083823E-03,-0.446733854902));
#3642 = CARTESIAN_POINT('',(9.696184393653E-03,-0.443887348726));
#3643 = CARTESIAN_POINT('',(1.098931401861E-02,-0.441229634745));
#3644 = CARTESIAN_POINT('',(1.228260339438E-02,-0.438726436686));
#3645 = CARTESIAN_POINT('',(1.357600968179E-02,-0.4363482547));
#3646 = CARTESIAN_POINT('',(1.486952620215E-02,-0.434080834273));
#3647 = CARTESIAN_POINT('',(2.083084490068E-02,-0.424069672458));
#3648 = CARTESIAN_POINT('',(2.549965133356E-02,-0.417469606567));
#3649 = CARTESIAN_POINT('',(3.016895079432E-02,-0.411464137749));
#3650 = CARTESIAN_POINT('',(3.483862546047E-02,-0.406012600791));
#3651 = CARTESIAN_POINT('',(3.950846580987E-02,-0.400909677646));
#3652 = CARTESIAN_POINT('',(4.417846909516E-02,-0.396143391445));
#3653 = CARTESIAN_POINT('',(4.88486124874E-02,-0.391636978708));
#3654 = CARTESIAN_POINT('',(5.818801585662E-02,-0.383084189292));
#3655 = CARTESIAN_POINT('',(6.28571878882E-02,-0.379036702859));
#3656 = CARTESIAN_POINT('',(6.752645276826E-02,-0.375180215556));
#3657 = CARTESIAN_POINT('',(7.219579326368E-02,-0.371489043664));
#3658 = CARTESIAN_POINT('',(7.686519684281E-02,-0.367944318801));
#3659 = CARTESIAN_POINT('',(8.15346542318E-02,-0.364530895401));
#3660 = CARTESIAN_POINT('',(8.620415879302E-02,-0.361235983512));
#3661 = CARTESIAN_POINT('',(0.100211672424,-0.351677324973));
#3662 = CARTESIAN_POINT('',(0.109549803406,-0.345738278215));
#3663 = CARTESIAN_POINT('',(0.118888059529,-0.340151153851));
#3664 = CARTESIAN_POINT('',(0.128226414104,-0.334863869835));
#3665 = CARTESIAN_POINT('',(0.137564848924,-0.329840190528));
#3666 = CARTESIAN_POINT('',(0.146903351095,-0.325051481554));
#3667 = CARTESIAN_POINT('',(0.156241911651,-0.320473503877));
#3668 = CARTESIAN_POINT('',(0.174918308662,-0.311703380802));
#3669 = CARTESIAN_POINT('',(0.184256142767,-0.307510915835));
#3670 = CARTESIAN_POINT('',(0.193594020448,-0.30349236751));
#3671 = CARTESIAN_POINT('',(0.202931935882,-0.299632795616));
#3672 = CARTESIAN_POINT('',(0.212269884736,-0.295920112558));
#3673 = CARTESIAN_POINT('',(0.221607863641,-0.29234439152));
#3674 = CARTESIAN_POINT('',(0.230945869669,-0.288897174624));
#3675 = CARTESIAN_POINT('',(0.249621356088,-0.282244591969));
#3676 = CARTESIAN_POINT('',(0.258958837202,-0.279039271508));
#3677 = CARTESIAN_POINT('',(0.268296339969,-0.27594743176));
#3678 = CARTESIAN_POINT('',(0.277633862236,-0.272962739593));
#3679 = CARTESIAN_POINT('',(0.2869714025,-0.270079749371));
#3680 = CARTESIAN_POINT('',(0.296308959527,-0.267293735639));
#3681 = CARTESIAN_POINT('',(0.305646531971,-0.264600525806));
#3682 = CARTESIAN_POINT('',(0.324321276027,-0.25939225923));
#3683 = CARTESIAN_POINT('',(0.333658448247,-0.256877146575));
#3684 = CARTESIAN_POINT('',(0.342995633495,-0.254447380503));
#3685 = CARTESIAN_POINT('',(0.352332830711,-0.252099662432));
#3686 = CARTESIAN_POINT('',(0.361670038939,-0.249831009567));
#3687 = CARTESIAN_POINT('',(0.371007257324,-0.247638754898));
#3688 = CARTESIAN_POINT('',(0.380344485118,-0.245520547204));
#3689 = CARTESIAN_POINT('',(0.399018598288,-0.241428233773));
#3690 = CARTESIAN_POINT('',(0.408355483972,-0.239454043636));
#3691 = CARTESIAN_POINT('',(0.417692378049,-0.237549696003));
#3692 = CARTESIAN_POINT('',(0.427029279894,-0.235713270713));
#3693 = CARTESIAN_POINT('',(0.436366188927,-0.233943012078));
#3694 = CARTESIAN_POINT('',(0.445703104616,-0.232237328886));
#3695 = CARTESIAN_POINT('',(0.455040026476,-0.230594794398));
#3696 = CARTESIAN_POINT('',(0.473713615933,-0.227433543283));
#3697 = CARTESIAN_POINT('',(0.48305028386,-0.225914788498));
#3698 = CARTESIAN_POINT('',(0.492386957402,-0.224456601051));
#3699 = CARTESIAN_POINT('',(0.501723636135,-0.223057797284));
#3700 = CARTESIAN_POINT('',(0.51106031966,-0.221717290819));
#3701 = CARTESIAN_POINT('',(0.520397007601,-0.22043409256));
#3702 = CARTESIAN_POINT('',(0.529733699605,-0.219207310692));
#3703 = CARTESIAN_POINT('',(0.548367645407,-0.216869938591));
#3704 = CARTESIAN_POINT('',(0.557664899506,-0.215758862661));
#3705 = CARTESIAN_POINT('',(0.566962157315,-0.214702130003));
#3706 = CARTESIAN_POINT('',(0.576259418518,-0.213699010963));
#3707 = CARTESIAN_POINT('',(0.585556682814,-0.21274883912));
#3708 = CARTESIAN_POINT('',(0.594853949912,-0.211851011288));
#3709 = CARTESIAN_POINT('',(0.604151219534,-0.211004987516));
#3710 = CARTESIAN_POINT('',(0.615370695368,-0.2100459882));
#3711 = CARTESIAN_POINT('',(0.617292899423,-0.209883879081));
#3712 = CARTESIAN_POINT('',(0.619215103581,-0.209723959427));
#3713 = CARTESIAN_POINT('',(0.621137307838,-0.20956622503));
#3714 = CARTESIAN_POINT('',(0.623059512193,-0.209410671777));
#3715 = CARTESIAN_POINT('',(0.624981716645,-0.20925729565));
#3716 = CARTESIAN_POINT('',(0.626903921191,-0.209106092723));
#3717 = CARTESIAN_POINT('',(0.634867302198,-0.208488670964));
#3718 = CARTESIAN_POINT('',(0.6409084795,-0.208041710226));
#3719 = CARTESIAN_POINT('',(0.646949657676,-0.207616058673));
#3720 = CARTESIAN_POINT('',(0.652990836663,-0.207211606283));
#3721 = CARTESIAN_POINT('',(0.659032016401,-0.206828251288));
#3722 = CARTESIAN_POINT('',(0.665073196832,-0.206465900178));
#3723 = CARTESIAN_POINT('',(0.671114377898,-0.2061244677));
#3724 = CARTESIAN_POINT('',(0.690061612212,-0.205118983971));
#3725 = CARTESIAN_POINT('',(0.702967668478,-0.204529204179));
#3726 = CARTESIAN_POINT('',(0.715873727567,-0.204033794104));
#3727 = CARTESIAN_POINT('',(0.728779788717,-0.20363215508));
#3728 = CARTESIAN_POINT('',(0.741685851171,-0.203323833152));
#3729 = CARTESIAN_POINT('',(0.754591914183,-0.203108519075));
#3730 = CARTESIAN_POINT('',(0.767497977016,-0.202986048317));
#3731 = CARTESIAN_POINT('',(0.789073443511,-0.202936486062));
#3732 = CARTESIAN_POINT('',(0.79774284818,-0.202958453422));
#3733 = CARTESIAN_POINT('',(0.806412252776,-0.20302229411));
#3734 = CARTESIAN_POINT('',(0.815081657124,-0.203128027676));
#3735 = CARTESIAN_POINT('',(0.823751061048,-0.203275702241));
#3736 = CARTESIAN_POINT('',(0.832420464372,-0.203465394499));
#3737 = CARTESIAN_POINT('',(0.841089866917,-0.203697209719));
#3738 = CARTESIAN_POINT('',(0.867215950482,-0.204523152369));
#3739 = CARTESIAN_POINT('',(0.88467263298,-0.205246419023));
#3740 = CARTESIAN_POINT('',(0.90212931359,-0.206142068767));
#3741 = CARTESIAN_POINT('',(0.91958598982,-0.20721167609));
#3742 = CARTESIAN_POINT('',(0.937042659096,-0.20845740291));
#3743 = CARTESIAN_POINT('',(0.954499318762,-0.209881998573));
#3744 = CARTESIAN_POINT('',(0.971955966077,-0.211488799852));
#3745 = CARTESIAN_POINT('',(1.006869837583,-0.21507472441));
#3746 = CARTESIAN_POINT('',(1.024327077352,-0.217053915614));
#3747 = CARTESIAN_POINT('',(1.041784299102,-0.219223455668));
#3748 = CARTESIAN_POINT('',(1.059241499838,-0.221588152916));
#3749 = CARTESIAN_POINT('',(1.076698684145,-0.22415371656));
#3750 = CARTESIAN_POINT('',(1.094155856326,-0.226927000283));
#3751 = CARTESIAN_POINT('',(1.11161301256,-0.229916245869));
#3752 = CARTESIAN_POINT('',(1.146528305931,-0.236346601606));
#3753 = CARTESIAN_POINT('',(1.163986466142,-0.239787645933));
#3754 = CARTESIAN_POINT('',(1.181444594062,-0.243464799095));
#3755 = CARTESIAN_POINT('',(1.198902685044,-0.247389590397));
#3756 = CARTESIAN_POINT('',(1.216360741384,-0.251575814904));
#3757 = CARTESIAN_POINT('',(1.233818764311,-0.256040609186));
#3758 = CARTESIAN_POINT('',(1.25127674596,-0.260805527065));
#3759 = CARTESIAN_POINT('',(1.286194214947,-0.270990181476));
#3760 = CARTESIAN_POINT('',(1.303653721494,-0.276410485491));
#3761 = CARTESIAN_POINT('',(1.321113160085,-0.282184642055));
#3762 = CARTESIAN_POINT('',(1.338572519365,-0.288349001531));
#3763 = CARTESIAN_POINT('',(1.356031790767,-0.294946509253));
#3764 = CARTESIAN_POINT('',(1.37349095944,-0.302031919665));
#3765 = CARTESIAN_POINT('',(1.390949992853,-0.309685865353));
#3766 = CARTESIAN_POINT('',(1.412607154457,-0.32004616683));
#3767 = CARTESIAN_POINT('',(1.416805470739,-0.322094995864));
#3768 = CARTESIAN_POINT('',(1.421003775255,-0.324186002907));
#3769 = CARTESIAN_POINT('',(1.425202067163,-0.326321204298));
#3770 = CARTESIAN_POINT('',(1.429400345474,-0.328502897873));
#3771 = CARTESIAN_POINT('',(1.433598609046,-0.33073366297));
#3772 = CARTESIAN_POINT('',(1.437796856588,-0.333016360429));
#3773 = CARTESIAN_POINT('',(1.445369528882,-0.337233180889));
#3774 = CARTESIAN_POINT('',(1.448743959744,-0.339147900848));
#3775 = CARTESIAN_POINT('',(1.452118378533,-0.341099895247));
#3776 = CARTESIAN_POINT('',(1.455492784373,-0.343091032249));
#3777 = CARTESIAN_POINT('',(1.458867176232,-0.345123445398));
#3778 = CARTESIAN_POINT('',(1.462241552915,-0.347199533618));
#3779 = CARTESIAN_POINT('',(1.46561591307,-0.349321961214));
#3780 = CARTESIAN_POINT('',(1.471658460787,-0.353210891334));
#3781 = CARTESIAN_POINT('',(1.474326655033,-0.354959012646));
#3782 = CARTESIAN_POINT('',(1.476994837208,-0.356739445997));
#3783 = CARTESIAN_POINT('',(1.479663006436,-0.358553851728));
#3784 = CARTESIAN_POINT('',(1.482331161681,-0.36040412634));
#3785 = CARTESIAN_POINT('',(1.484999301748,-0.362292402486));
#3786 = CARTESIAN_POINT('',(1.48766742528,-0.364221048975));
#3787 = CARTESIAN_POINT('',(1.492454443194,-0.367758461171));
#3788 = CARTESIAN_POINT('',(1.494573344165,-0.369351430252));
#3789 = CARTESIAN_POINT('',(1.496692232946,-0.370972859913));
#3790 = CARTESIAN_POINT('',(1.498811108649,-0.372624246625));
#3791 = CARTESIAN_POINT('',(1.500929970219,-0.374307301435));
#3792 = CARTESIAN_POINT('',(1.503048816438,-0.376023949964));
#3793 = CARTESIAN_POINT('',(1.505167645922,-0.37777633241));
#3794 = CARTESIAN_POINT('',(1.508973800743,-0.380992669161));
#3795 = CARTESIAN_POINT('',(1.510661132685,-0.382442759461));
#3796 = CARTESIAN_POINT('',(1.512348452207,-0.383918241677));
#3797 = CARTESIAN_POINT('',(1.51403575839,-0.38542048168));
#3798 = CARTESIAN_POINT('',(1.515723050147,-0.386951043978));
#3799 = CARTESIAN_POINT('',(1.517410326218,-0.388511691718));
#3800 = CARTESIAN_POINT('',(1.51909758517,-0.390104386683));
#3801 = CARTESIAN_POINT('',(1.522118998804,-0.39301775115));
#3802 = CARTESIAN_POINT('',(1.523453160416,-0.394325665517));
#3803 = CARTESIAN_POINT('',(1.524787309481,-0.395656080802));
#3804 = CARTESIAN_POINT('',(1.526121445067,-0.39701022553));
#3805 = CARTESIAN_POINT('',(1.527455566067,-0.398389508341));
#3806 = CARTESIAN_POINT('',(1.528789671197,-0.399795517991));
#3807 = CARTESIAN_POINT('',(1.530123758997,-0.401230023354));
#3808 = CARTESIAN_POINT('',(1.532517340037,-0.403858430985));
#3809 = CARTESIAN_POINT('',(1.533576840191,-0.405041150516));
#3810 = CARTESIAN_POINT('',(1.534636327515,-0.40624408901));
#3811 = CARTESIAN_POINT('',(1.535695801043,-0.407468371006));
#3812 = CARTESIAN_POINT('',(1.536755259627,-0.408715288583));
#3813 = CARTESIAN_POINT('',(1.537814701933,-0.409986301362));
#3814 = CARTESIAN_POINT('',(1.538874126441,-0.411283036504));
#3815 = CARTESIAN_POINT('',(1.540796848693,-0.413686431972));
#3816 = CARTESIAN_POINT('',(1.54166015288,-0.414783910844));
#3817 = CARTESIAN_POINT('',(1.542523443141,-0.415900671801));
#3818 = CARTESIAN_POINT('',(1.543386718384,-0.417037838395));
#3819 = CARTESIAN_POINT('',(1.5442499773,-0.418196711249));
#3820 = CARTESIAN_POINT('',(1.545113218353,-0.419378768062));
#3821 = CARTESIAN_POINT('',(1.545976439786,-0.420585663608));
#3822 = CARTESIAN_POINT('',(1.547546015549,-0.422828684768));
#3823 = CARTESIAN_POINT('',(1.548252376866,-0.42385607225));
#3824 = CARTESIAN_POINT('',(1.548958722571,-0.424902363638));
#3825 = CARTESIAN_POINT('',(1.549665051372,-0.425968730209));
#3826 = CARTESIAN_POINT('',(1.550371361691,-0.427056543067));
#3827 = CARTESIAN_POINT('',(1.551077651663,-0.428167373139));
#3828 = CARTESIAN_POINT('',(1.551783919133,-0.429302991175));
#3829 = CARTESIAN_POINT('',(1.553534797844,-0.432184693027));
#3830 = CARTESIAN_POINT('',(1.554579375509,-0.433962756018));
#3831 = CARTESIAN_POINT('',(1.555623890744,-0.435805932712));
#3832 = CARTESIAN_POINT('',(1.556668333553,-0.43772306231));
#3833 = CARTESIAN_POINT('',(1.557712689065,-0.439724533253));
#3834 = CARTESIAN_POINT('',(1.558756936187,-0.441823544589));
#3835 = CARTESIAN_POINT('',(1.559801043703,-0.444039542668));
#3836 = CARTESIAN_POINT('',(1.561503136635,-0.447894475763));
#3837 = CARTESIAN_POINT('',(1.562161220611,-0.449444382836));
#3838 = CARTESIAN_POINT('',(1.562819217669,-0.451060315422));
#3839 = CARTESIAN_POINT('',(1.563477111734,-0.452754247648));
#3840 = CARTESIAN_POINT('',(1.564134876389,-0.454539370506));
#3841 = CARTESIAN_POINT('',(1.564792471702,-0.456432281076));
#3842 = CARTESIAN_POINT('',(1.565449830232,-0.458461357242));
#3843 = CARTESIAN_POINT('',(1.566411115053,-0.461709466923));
#3844 = CARTESIAN_POINT('',(1.566715304304,-0.462778841818));
#3845 = CARTESIAN_POINT('',(1.567019403565,-0.463894154054));
#3846 = CARTESIAN_POINT('',(1.567323395752,-0.465064066454));
#3847 = CARTESIAN_POINT('',(1.567627252661,-0.466297993119));
#3848 = CARTESIAN_POINT('',(1.567930931658,-0.467607695067));
#3849 = CARTESIAN_POINT('',(1.568234359466,-0.469013671581));
#3850 = CARTESIAN_POINT('',(1.568721785631,-0.471494966171));
#3851 = CARTESIAN_POINT('',(1.568905770271,-0.472483919062));
#3852 = CARTESIAN_POINT('',(1.569089607377,-0.473527390732));
#3853 = CARTESIAN_POINT('',(1.569273186793,-0.474660793488));
#3854 = CARTESIAN_POINT('',(1.569456758938,-0.475855671392));
#3855 = CARTESIAN_POINT('',(1.569639662859,-0.477216650217));
#3856 = CARTESIAN_POINT('',(1.569821984542,-0.478697882164));
#3857 = CARTESIAN_POINT('',(1.570002119511,-0.480571774941));
#3858 = ( GEOMETRIC_REPRESENTATION_CONTEXT(2) 
PARAMETRIC_REPRESENTATION_CONTEXT() REPRESENTATION_CONTEXT('2D SPACE',''
  ) );
#3859 = ORIENTED_EDGE('',*,*,#3860,.T.);
#3860 = EDGE_CURVE('',#3169,#3861,#3863,.T.);
#3861 = VERTEX_POINT('',#3862);
#3862 = CARTESIAN_POINT('',(-226.6199967142,-354.0230335869,595.31201));
#3863 = SURFACE_CURVE('',#3864,(#3869,#3876),.PCURVE_S1.);
#3864 = CIRCLE('',#3865,2.);
#3865 = AXIS2_PLACEMENT_3D('',#3866,#3867,#3868);
#3866 = CARTESIAN_POINT('',(-226.6199967142,-354.0656306382,
    593.31246367865));
#3867 = DIRECTION('',(1.,-1.050497185157E-16,-2.292723163573E-18));
#3868 = DIRECTION('',(2.94034683508E-17,0.258819045103,0.965925826289));
#3869 = PCURVE('',#578,#3870);
#3870 = DEFINITIONAL_REPRESENTATION('',(#3871),#3875);
#3871 = LINE('',#3872,#3873);
#3872 = CARTESIAN_POINT('',(1.570796326795,0.));
#3873 = VECTOR('',#3874,1.);
#3874 = DIRECTION('',(0.,1.));
#3875 = ( GEOMETRIC_REPRESENTATION_CONTEXT(2) 
PARAMETRIC_REPRESENTATION_CONTEXT() REPRESENTATION_CONTEXT('2D SPACE',''
  ) );
#3876 = PCURVE('',#3877,#3882);
#3877 = CYLINDRICAL_SURFACE('',#3878,2.);
#3878 = AXIS2_PLACEMENT_3D('',#3879,#3880,#3881);
#3879 = CARTESIAN_POINT('',(-391.6199967142,-354.0656306382,
    593.31246367865));
#3880 = DIRECTION('',(-1.,1.224646799147E-16,6.728624391668E-17));
#3881 = DIRECTION('',(-2.9607434003E-18,-0.5,0.866025403784));
#3882 = DEFINITIONAL_REPRESENTATION('',(#3883),#3887);
#3883 = LINE('',#3884,#3885);
#3884 = CARTESIAN_POINT('',(7.068583470577,-165.));
#3885 = VECTOR('',#3886,1.);
#3886 = DIRECTION('',(-1.,0.));
#3887 = ( GEOMETRIC_REPRESENTATION_CONTEXT(2) 
PARAMETRIC_REPRESENTATION_CONTEXT() REPRESENTATION_CONTEXT('2D SPACE',''
  ) );
#3888 = ORIENTED_EDGE('',*,*,#3889,.T.);
#3889 = EDGE_CURVE('',#3861,#3890,#3892,.T.);
#3890 = VERTEX_POINT('',#3891);
#3891 = CARTESIAN_POINT('',(-226.6199967142,-354.1082276894,595.31201));
#3892 = SURFACE_CURVE('',#3893,(#3920,#3950),.PCURVE_S1.);
#3893 = B_SPLINE_CURVE_WITH_KNOTS('',7,(#3894,#3895,#3896,#3897,#3898,
    #3899,#3900,#3901,#3902,#3903,#3904,#3905,#3906,#3907,#3908,#3909,
    #3910,#3911,#3912,#3913,#3914,#3915,#3916,#3917,#3918,#3919),
  .UNSPECIFIED.,.F.,.F.,(8,6,6,6,8),(0.,0.124659912235,0.203092634319,
    0.300338802719,1.),.UNSPECIFIED.);
#3894 = CARTESIAN_POINT('',(-226.6199967142,-354.0230335871,595.31201));
#3895 = CARTESIAN_POINT('',(-226.5939732545,-354.0230335871,595.31201));
#3896 = CARTESIAN_POINT('',(-226.5679977091,-354.023574913,595.31201));
#3897 = CARTESIAN_POINT('',(-226.542045914,-354.0247613775,595.31201));
#3898 = CARTESIAN_POINT('',(-226.5160973606,-354.0265503464,595.31201));
#3899 = CARTESIAN_POINT('',(-226.4901773566,-354.0289595062,595.31201));
#3900 = CARTESIAN_POINT('',(-226.4643991879,-354.0322736323,595.31201));
#3901 = CARTESIAN_POINT('',(-226.4230297334,-354.0403832103,595.31201));
#3902 = CARTESIAN_POINT('',(-226.4104930048,-354.0435342014,595.31201));
#3903 = CARTESIAN_POINT('',(-226.4006281724,-354.0466902137,595.31201));
#3904 = CARTESIAN_POINT('',(-226.3928724232,-354.0498417458,595.31201));
#3905 = CARTESIAN_POINT('',(-226.3868680531,-354.0529839115,595.31201));
#3906 = CARTESIAN_POINT('',(-226.3824624666,-354.0561164397,595.31201));
#3907 = CARTESIAN_POINT('',(-226.376293224,-354.0631210317,595.31201));
#3908 = CARTESIAN_POINT('',(-226.374686035,-354.0676963273,595.31201));
#3909 = CARTESIAN_POINT('',(-226.3774168369,-354.0717976328,595.31201));
#3910 = CARTESIAN_POINT('',(-226.3816883627,-354.0751886232,595.31201));
#3911 = CARTESIAN_POINT('',(-226.3863391446,-354.0778904504,595.31201));
#3912 = CARTESIAN_POINT('',(-226.3906802384,-354.0800174125,595.31201));
#3913 = CARTESIAN_POINT('',(-226.4237365652,-354.0942546204,595.31201));
#3914 = CARTESIAN_POINT('',(-226.4577770707,-354.0969838676,595.31201));
#3915 = CARTESIAN_POINT('',(-226.4893938167,-354.1046817012,595.31201));
#3916 = CARTESIAN_POINT('',(-226.5232501234,-354.1044704682,595.31201));
#3917 = CARTESIAN_POINT('',(-226.5545242533,-354.1076036915,595.31201));
#3918 = CARTESIAN_POINT('',(-226.5868168907,-354.1082276892,595.31201));
#3919 = CARTESIAN_POINT('',(-226.6199967142,-354.1082276892,595.31201));
#3920 = PCURVE('',#578,#3921);
#3921 = DEFINITIONAL_REPRESENTATION('',(#3922),#3949);
#3922 = B_SPLINE_CURVE_WITH_KNOTS('',7,(#3923,#3924,#3925,#3926,#3927,
    #3928,#3929,#3930,#3931,#3932,#3933,#3934,#3935,#3936,#3937,#3938,
    #3939,#3940,#3941,#3942,#3943,#3944,#3945,#3946,#3947,#3948),
  .UNSPECIFIED.,.F.,.F.,(8,6,6,6,8),(0.,0.124659912235,0.203092634319,
    0.300338802719,1.),.UNSPECIFIED.);
#3923 = CARTESIAN_POINT('',(1.570796326795,0.240499251681));
#3924 = CARTESIAN_POINT('',(1.570382878249,0.240499251681));
#3925 = CARTESIAN_POINT('',(1.569970191471,0.240768351836));
#3926 = CARTESIAN_POINT('',(1.569557876883,0.241358480272));
#3927 = CARTESIAN_POINT('',(1.569145606312,0.24224830162));
#3928 = CARTESIAN_POINT('',(1.568733778569,0.243446644355));
#3929 = CARTESIAN_POINT('',(1.568324185046,0.245095928137));
#3930 = CARTESIAN_POINT('',(1.567666797627,0.249135729576));
#3931 = CARTESIAN_POINT('',(1.567467565683,0.250706123083));
#3932 = CARTESIAN_POINT('',(1.567310780793,0.252279752015));
#3933 = CARTESIAN_POINT('',(1.56718750276,0.253851891224));
#3934 = CARTESIAN_POINT('',(1.567092049868,0.255420110068));
#3935 = CARTESIAN_POINT('',(1.56702199888,0.256984272411));
#3936 = CARTESIAN_POINT('',(1.566923861684,0.260483536952));
#3937 = CARTESIAN_POINT('',(1.566898250132,0.262770354117));
#3938 = CARTESIAN_POINT('',(1.566941574536,0.264822367781));
#3939 = CARTESIAN_POINT('',(1.56700939968,0.266520060444));
#3940 = CARTESIAN_POINT('',(1.567083263034,0.267873214349));
#3941 = CARTESIAN_POINT('',(1.567152215738,0.268938778511));
#3942 = CARTESIAN_POINT('',(1.56767730966,0.276072922933));
#3943 = CARTESIAN_POINT('',(1.568218268011,0.277451646226));
#3944 = CARTESIAN_POINT('',(1.568720645987,0.281310469535));
#3945 = CARTESIAN_POINT('',(1.569258749797,0.281213226252));
#3946 = CARTESIAN_POINT('',(1.569755761793,0.282784712946));
#3947 = CARTESIAN_POINT('',(1.570268996557,0.283099523918));
#3948 = CARTESIAN_POINT('',(1.570796326795,0.283099523918));
#3949 = ( GEOMETRIC_REPRESENTATION_CONTEXT(2) 
PARAMETRIC_REPRESENTATION_CONTEXT() REPRESENTATION_CONTEXT('2D SPACE',''
  ) );
#3950 = PCURVE('',#3951,#3956);
#3951 = PLANE('',#3952);
#3952 = AXIS2_PLACEMENT_3D('',#3953,#3954,#3955);
#3953 = CARTESIAN_POINT('',(-969.6200001,-526.6983149878,595.31201));
#3954 = DIRECTION('',(0.,0.,1.));
#3955 = DIRECTION('',(1.,0.,-0.));
#3956 = DEFINITIONAL_REPRESENTATION('',(#3957),#3984);
#3957 = B_SPLINE_CURVE_WITH_KNOTS('',7,(#3958,#3959,#3960,#3961,#3962,
    #3963,#3964,#3965,#3966,#3967,#3968,#3969,#3970,#3971,#3972,#3973,
    #3974,#3975,#3976,#3977,#3978,#3979,#3980,#3981,#3982,#3983),
  .UNSPECIFIED.,.F.,.F.,(8,6,6,6,8),(0.,0.124659912235,0.203092634319,
    0.300338802719,1.),.UNSPECIFIED.);
#3958 = CARTESIAN_POINT('',(743.00000338579,172.67528140071));
#3959 = CARTESIAN_POINT('',(743.02602684542,172.67528140071));
#3960 = CARTESIAN_POINT('',(743.05200239086,172.67474007486));
#3961 = CARTESIAN_POINT('',(743.07795418592,172.67355361033));
#3962 = CARTESIAN_POINT('',(743.10390273936,172.67176464145));
#3963 = CARTESIAN_POINT('',(743.12982274338,172.66935548165));
#3964 = CARTESIAN_POINT('',(743.15560091209,172.66604135548));
#3965 = CARTESIAN_POINT('',(743.1969703665,172.65793177752));
#3966 = CARTESIAN_POINT('',(743.2095070951,172.65478078645));
#3967 = CARTESIAN_POINT('',(743.21937192752,172.65162477411));
#3968 = CARTESIAN_POINT('',(743.22712767671,172.64847324201));
#3969 = CARTESIAN_POINT('',(743.23313204685,172.64533107637));
#3970 = CARTESIAN_POINT('',(743.2375376333,172.64219854812));
#3971 = CARTESIAN_POINT('',(743.24370687597,172.63519395616));
#3972 = CARTESIAN_POINT('',(743.24531406494,172.63061866051));
#3973 = CARTESIAN_POINT('',(743.24258326301,172.62651735508));
#3974 = CARTESIAN_POINT('',(743.23831173729,172.62312636458));
#3975 = CARTESIAN_POINT('',(743.23366095532,172.62042453741));
#3976 = CARTESIAN_POINT('',(743.22931986154,172.61829757534));
#3977 = CARTESIAN_POINT('',(743.19626353471,172.6040603674));
#3978 = CARTESIAN_POINT('',(743.16222302923,172.60133112026));
#3979 = CARTESIAN_POINT('',(743.13060628328,172.59363328661));
#3980 = CARTESIAN_POINT('',(743.09674997659,172.59384451962));
#3981 = CARTESIAN_POINT('',(743.06547584661,172.59071129635));
#3982 = CARTESIAN_POINT('',(743.03318320923,172.59008729861));
#3983 = CARTESIAN_POINT('',(743.00000338579,172.59008729861));
#3984 = ( GEOMETRIC_REPRESENTATION_CONTEXT(2) 
PARAMETRIC_REPRESENTATION_CONTEXT() REPRESENTATION_CONTEXT('2D SPACE',''
  ) );
#3985 = ORIENTED_EDGE('',*,*,#3986,.T.);
#3986 = EDGE_CURVE('',#3890,#562,#3987,.T.);
#3987 = SURFACE_CURVE('',#3988,(#3993,#4000),.PCURVE_S1.);
#3988 = CIRCLE('',#3989,2.);
#3989 = AXIS2_PLACEMENT_3D('',#3990,#3991,#3992);
#3990 = CARTESIAN_POINT('',(-226.6199967142,-354.0656306382,
    593.31246367865));
#3991 = DIRECTION('',(1.,-1.050497185157E-16,-2.292723163573E-18));
#3992 = DIRECTION('',(2.94034683508E-17,0.258819045103,0.965925826289));
#3993 = PCURVE('',#578,#3994);
#3994 = DEFINITIONAL_REPRESENTATION('',(#3995),#3999);
#3995 = LINE('',#3996,#3997);
#3996 = CARTESIAN_POINT('',(1.570796326795,0.));
#3997 = VECTOR('',#3998,1.);
#3998 = DIRECTION('',(0.,1.));
#3999 = ( GEOMETRIC_REPRESENTATION_CONTEXT(2) 
PARAMETRIC_REPRESENTATION_CONTEXT() REPRESENTATION_CONTEXT('2D SPACE',''
  ) );
#4000 = PCURVE('',#606,#4001);
#4001 = DEFINITIONAL_REPRESENTATION('',(#4002),#4006);
#4002 = LINE('',#4003,#4004);
#4003 = CARTESIAN_POINT('',(7.068583470577,-165.));
#4004 = VECTOR('',#4005,1.);
#4005 = DIRECTION('',(-1.,0.));
#4006 = ( GEOMETRIC_REPRESENTATION_CONTEXT(2) 
PARAMETRIC_REPRESENTATION_CONTEXT() REPRESENTATION_CONTEXT('2D SPACE',''
  ) );
#4007 = ORIENTED_EDGE('',*,*,#561,.T.);
#4008 = ORIENTED_EDGE('',*,*,#3046,.F.);
#4009 = ADVANCED_FACE('',(#4010),#606,.T.);
#4010 = FACE_BOUND('',#4011,.T.);
#4011 = EDGE_LOOP('',(#4012,#4013,#4034,#4056));
#4012 = ORIENTED_EDGE('',*,*,#3986,.F.);
#4013 = ORIENTED_EDGE('',*,*,#4014,.T.);
#4014 = EDGE_CURVE('',#3890,#4015,#4017,.T.);
#4015 = VERTEX_POINT('',#4016);
#4016 = CARTESIAN_POINT('',(-886.6199967142,-354.1082276894,595.31201));
#4017 = SURFACE_CURVE('',#4018,(#4022,#4028),.PCURVE_S1.);
#4018 = LINE('',#4019,#4020);
#4019 = CARTESIAN_POINT('',(-391.6199967142,-354.1082276894,595.31201));
#4020 = VECTOR('',#4021,1.);
#4021 = DIRECTION('',(-1.,1.224646799147E-16,6.728624391668E-17));
#4022 = PCURVE('',#606,#4023);
#4023 = DEFINITIONAL_REPRESENTATION('',(#4024),#4027);
#4024 = B_SPLINE_CURVE_WITH_KNOTS('',1,(#4025,#4026),.UNSPECIFIED.,.F.,
  .F.,(2,2),(-165.0000006,495.0000006),.PIECEWISE_BEZIER_KNOTS.);
#4025 = CARTESIAN_POINT('',(6.785483946555,-165.0000006));
#4026 = CARTESIAN_POINT('',(6.785483946555,495.0000006));
#4027 = ( GEOMETRIC_REPRESENTATION_CONTEXT(2) 
PARAMETRIC_REPRESENTATION_CONTEXT() REPRESENTATION_CONTEXT('2D SPACE',''
  ) );
#4028 = PCURVE('',#3951,#4029);
#4029 = DEFINITIONAL_REPRESENTATION('',(#4030),#4033);
#4030 = B_SPLINE_CURVE_WITH_KNOTS('',1,(#4031,#4032),.UNSPECIFIED.,.F.,
  .F.,(2,2),(-165.0000006,495.0000006),.PIECEWISE_BEZIER_KNOTS.);
#4031 = CARTESIAN_POINT('',(743.0000039858,172.59008729842));
#4032 = CARTESIAN_POINT('',(83.0000027858,172.59008729842));
#4033 = ( GEOMETRIC_REPRESENTATION_CONTEXT(2) 
PARAMETRIC_REPRESENTATION_CONTEXT() REPRESENTATION_CONTEXT('2D SPACE',''
  ) );
#4034 = ORIENTED_EDGE('',*,*,#4035,.T.);
#4035 = EDGE_CURVE('',#4015,#591,#4036,.T.);
#4036 = SURFACE_CURVE('',#4037,(#4042,#4049),.PCURVE_S1.);
#4037 = CIRCLE('',#4038,2.);
#4038 = AXIS2_PLACEMENT_3D('',#4039,#4040,#4041);
#4039 = CARTESIAN_POINT('',(-886.6199967142,-354.0656306382,
    593.31246367865));
#4040 = DIRECTION('',(1.,-1.050497185157E-16,-2.292723163573E-18));
#4041 = DIRECTION('',(2.94034683508E-17,0.258819045103,0.965925826289));
#4042 = PCURVE('',#606,#4043);
#4043 = DEFINITIONAL_REPRESENTATION('',(#4044),#4048);
#4044 = LINE('',#4045,#4046);
#4045 = CARTESIAN_POINT('',(7.068583470577,495.));
#4046 = VECTOR('',#4047,1.);
#4047 = DIRECTION('',(-1.,0.));
#4048 = ( GEOMETRIC_REPRESENTATION_CONTEXT(2) 
PARAMETRIC_REPRESENTATION_CONTEXT() REPRESENTATION_CONTEXT('2D SPACE',''
  ) );
#4049 = PCURVE('',#633,#4050);
#4050 = DEFINITIONAL_REPRESENTATION('',(#4051),#4055);
#4051 = LINE('',#4052,#4053);
#4052 = CARTESIAN_POINT('',(1.570796326795,0.));
#4053 = VECTOR('',#4054,1.);
#4054 = DIRECTION('',(0.,1.));
#4055 = ( GEOMETRIC_REPRESENTATION_CONTEXT(2) 
PARAMETRIC_REPRESENTATION_CONTEXT() REPRESENTATION_CONTEXT('2D SPACE',''
  ) );
#4056 = ORIENTED_EDGE('',*,*,#590,.T.);
#4057 = ADVANCED_FACE('',(#4058),#633,.T.);
#4058 = FACE_BOUND('',#4059,.T.);
#4059 = EDGE_LOOP('',(#4060,#4061,#4062,#4063,#4167,#4191));
#4060 = ORIENTED_EDGE('',*,*,#1090,.F.);
#4061 = ORIENTED_EDGE('',*,*,#618,.T.);
#4062 = ORIENTED_EDGE('',*,*,#4035,.F.);
#4063 = ORIENTED_EDGE('',*,*,#4064,.T.);
#4064 = EDGE_CURVE('',#4015,#4065,#4067,.T.);
#4065 = VERTEX_POINT('',#4066);
#4066 = CARTESIAN_POINT('',(-886.6199967142,-354.0230335869,595.31201));
#4067 = SURFACE_CURVE('',#4068,(#4099,#4133),.PCURVE_S1.);
#4068 = B_SPLINE_CURVE_WITH_KNOTS('',8,(#4069,#4070,#4071,#4072,#4073,
    #4074,#4075,#4076,#4077,#4078,#4079,#4080,#4081,#4082,#4083,#4084,
    #4085,#4086,#4087,#4088,#4089,#4090,#4091,#4092,#4093,#4094,#4095,
    #4096,#4097,#4098),.UNSPECIFIED.,.F.,.F.,(9,7,7,7,9),(0.,
    0.259123575233,0.422192001566,0.571028522777,1.),.UNSPECIFIED.);
#4069 = CARTESIAN_POINT('',(-886.6199967141,-354.1082276892,595.31201));
#4070 = CARTESIAN_POINT('',(-886.6427641655,-354.1082276892,595.31201));
#4071 = CARTESIAN_POINT('',(-886.6654958176,-354.1078265698,595.31201));
#4072 = CARTESIAN_POINT('',(-886.6882068892,-354.1069593052,595.31201));
#4073 = CARTESIAN_POINT('',(-886.710910764,-354.1056342817,595.31201));
#4074 = CARTESIAN_POINT('',(-886.7336032683,-354.1038555952,595.31201));
#4075 = CARTESIAN_POINT('',(-886.7562469494,-354.1015453497,595.31201));
#4076 = CARTESIAN_POINT('',(-886.7787553538,-354.0984659542,595.31201));
#4077 = CARTESIAN_POINT('',(-886.8149617473,-354.0914215892,595.31201));
#4078 = CARTESIAN_POINT('',(-886.8263651363,-354.088684216,595.31201));
#4079 = CARTESIAN_POINT('',(-886.8356676684,-354.085939036,595.31201));
#4080 = CARTESIAN_POINT('',(-886.8432469049,-354.0831925085,595.31201));
#4081 = CARTESIAN_POINT('',(-886.8493777723,-354.0804488183,595.31201));
#4082 = CARTESIAN_POINT('',(-886.8542325622,-354.0777098757,595.31201));
#4083 = CARTESIAN_POINT('',(-886.8578809312,-354.0749753161,595.31201));
#4084 = CARTESIAN_POINT('',(-886.862488627,-354.0697481928,595.31201));
#4085 = CARTESIAN_POINT('',(-886.8641813517,-354.0667156754,595.31201));
#4086 = CARTESIAN_POINT('',(-886.8641938193,-354.0636074157,595.31201));
#4087 = CARTESIAN_POINT('',(-886.8625968022,-354.0606941442,595.31201));
#4088 = CARTESIAN_POINT('',(-886.8599906849,-354.0581182918,595.31201));
#4089 = CARTESIAN_POINT('',(-886.8570225961,-354.0559395632,595.31201));
#4090 = CARTESIAN_POINT('',(-886.8541360903,-354.0541626469,595.31201));
#4091 = CARTESIAN_POINT('',(-886.8441095755,-354.0486671113,595.31201));
#4092 = CARTESIAN_POINT('',(-886.831899536,-354.0435822455,595.31201));
#4093 = CARTESIAN_POINT('',(-886.8133459477,-354.0382380627,595.31201));
#4094 = CARTESIAN_POINT('',(-886.7875698598,-354.0330643516,595.31201));
#4095 = CARTESIAN_POINT('',(-886.7544250501,-354.0284958192,595.31201));
#4096 = CARTESIAN_POINT('',(-886.7144328813,-354.0250154347,595.31201));
#4097 = CARTESIAN_POINT('',(-886.6689206092,-354.0230335871,595.31201));
#4098 = CARTESIAN_POINT('',(-886.6199967141,-354.0230335871,595.31201));
#4099 = PCURVE('',#633,#4100);
#4100 = DEFINITIONAL_REPRESENTATION('',(#4101),#4132);
#4101 = B_SPLINE_CURVE_WITH_KNOTS('',8,(#4102,#4103,#4104,#4105,#4106,
    #4107,#4108,#4109,#4110,#4111,#4112,#4113,#4114,#4115,#4116,#4117,
    #4118,#4119,#4120,#4121,#4122,#4123,#4124,#4125,#4126,#4127,#4128,
    #4129,#4130,#4131),.UNSPECIFIED.,.F.,.F.,(9,7,7,7,9),(0.,
    0.259123575233,0.422192001566,0.571028522777,1.),.UNSPECIFIED.);
#4102 = CARTESIAN_POINT('',(1.570796326794,0.283099523918));
#4103 = CARTESIAN_POINT('',(1.571158172167,0.283099523919));
#4104 = CARTESIAN_POINT('',(1.571519448969,0.282897694413));
#4105 = CARTESIAN_POINT('',(1.571880395284,0.282461538987));
#4106 = CARTESIAN_POINT('',(1.572241221671,0.281795248359));
#4107 = CARTESIAN_POINT('',(1.572601859719,0.280900869666));
#4108 = CARTESIAN_POINT('',(1.572961710601,0.279739475759));
#4109 = CARTESIAN_POINT('',(1.573319393622,0.278192334487));
#4110 = CARTESIAN_POINT('',(1.573894704005,0.274656319162));
#4111 = CARTESIAN_POINT('',(1.574075888989,0.273282864334));
#4112 = CARTESIAN_POINT('',(1.574223682738,0.271906098068));
#4113 = CARTESIAN_POINT('',(1.574344086951,0.270529260645));
#4114 = CARTESIAN_POINT('',(1.574441472016,0.269154448069));
#4115 = CARTESIAN_POINT('',(1.574518577014,0.267782612062));
#4116 = CARTESIAN_POINT('',(1.574576509713,0.266413560071));
#4117 = CARTESIAN_POINT('',(1.574649646286,0.263797709075));
#4118 = CARTESIAN_POINT('',(1.574676496061,0.262280596307));
#4119 = CARTESIAN_POINT('',(1.574676643797,0.26072646591));
#4120 = CARTESIAN_POINT('',(1.57465122027,0.259270639477));
#4121 = CARTESIAN_POINT('',(1.574609769269,0.257984010607));
#4122 = CARTESIAN_POINT('',(1.574562574378,0.25689609125));
#4123 = CARTESIAN_POINT('',(1.574516682433,0.256009005039));
#4124 = CARTESIAN_POINT('',(1.574357285397,0.253265954543));
#4125 = CARTESIAN_POINT('',(1.5741632044,0.250729121753));
#4126 = CARTESIAN_POINT('',(1.573868336442,0.248065155713));
#4127 = CARTESIAN_POINT('',(1.573458732282,0.245488622496));
#4128 = CARTESIAN_POINT('',(1.572932085125,0.243215482959));
#4129 = CARTESIAN_POINT('',(1.572296684429,0.241484775069));
#4130 = CARTESIAN_POINT('',(1.571573606741,0.24049925168));
#4131 = CARTESIAN_POINT('',(1.570796326794,0.240499251681));
#4132 = ( GEOMETRIC_REPRESENTATION_CONTEXT(2) 
PARAMETRIC_REPRESENTATION_CONTEXT() REPRESENTATION_CONTEXT('2D SPACE',''
  ) );
#4133 = PCURVE('',#3951,#4134);
#4134 = DEFINITIONAL_REPRESENTATION('',(#4135),#4166);
#4135 = B_SPLINE_CURVE_WITH_KNOTS('',8,(#4136,#4137,#4138,#4139,#4140,
    #4141,#4142,#4143,#4144,#4145,#4146,#4147,#4148,#4149,#4150,#4151,
    #4152,#4153,#4154,#4155,#4156,#4157,#4158,#4159,#4160,#4161,#4162,
    #4163,#4164,#4165),.UNSPECIFIED.,.F.,.F.,(9,7,7,7,9),(0.,
    0.259123575233,0.422192001566,0.571028522777,1.),.UNSPECIFIED.);
#4136 = CARTESIAN_POINT('',(83.000003385828,172.59008729861));
#4137 = CARTESIAN_POINT('',(82.977235934423,172.59008729861));
#4138 = CARTESIAN_POINT('',(82.954504282382,172.59048841799));
#4139 = CARTESIAN_POINT('',(82.931793210767,172.5913556826));
#4140 = CARTESIAN_POINT('',(82.909089335998,172.59268070618));
#4141 = CARTESIAN_POINT('',(82.886396831698,172.59445939261));
#4142 = CARTESIAN_POINT('',(82.863753150543,172.59676963813));
#4143 = CARTESIAN_POINT('',(82.841244746115,172.59984903359));
#4144 = CARTESIAN_POINT('',(82.805038352629,172.60689339866));
#4145 = CARTESIAN_POINT('',(82.793634963645,172.60963077178));
#4146 = CARTESIAN_POINT('',(82.784332431575,172.61237595183));
#4147 = CARTESIAN_POINT('',(82.776753195075,172.61512247934));
#4148 = CARTESIAN_POINT('',(82.770622327679,172.61786616949));
#4149 = CARTESIAN_POINT('',(82.765767537798,172.62060511212));
#4150 = CARTESIAN_POINT('',(82.762119168722,172.62333967174));
#4151 = CARTESIAN_POINT('',(82.75751147298,172.62856679504));
#4152 = CARTESIAN_POINT('',(82.755818748229,172.63159931239));
#4153 = CARTESIAN_POINT('',(82.755806280658,172.6347075721));
#4154 = CARTESIAN_POINT('',(82.757403297769,172.63762084361));
#4155 = CARTESIAN_POINT('',(82.760009415093,172.64019669605));
#4156 = CARTESIAN_POINT('',(82.762977503878,172.64237542468));
#4157 = CARTESIAN_POINT('',(82.765864009631,172.64415234091));
#4158 = CARTESIAN_POINT('',(82.775890524438,172.64964787656));
#4159 = CARTESIAN_POINT('',(82.788100563979,172.65473274229));
#4160 = CARTESIAN_POINT('',(82.806654152202,172.66007692516));
#4161 = CARTESIAN_POINT('',(82.832430240116,172.66525063622));
#4162 = CARTESIAN_POINT('',(82.86557504987,172.66981916868));
#4163 = CARTESIAN_POINT('',(82.905567218623,172.67329955312));
#4164 = CARTESIAN_POINT('',(82.951079490727,172.67528140071));
#4165 = CARTESIAN_POINT('',(83.000003385828,172.67528140071));
#4166 = ( GEOMETRIC_REPRESENTATION_CONTEXT(2) 
PARAMETRIC_REPRESENTATION_CONTEXT() REPRESENTATION_CONTEXT('2D SPACE',''
  ) );
#4167 = ORIENTED_EDGE('',*,*,#4168,.F.);
#4168 = EDGE_CURVE('',#4169,#4065,#4171,.T.);
#4169 = VERTEX_POINT('',#4170);
#4170 = CARTESIAN_POINT('',(-886.6199967142,-353.5666548138,
    595.24921950389));
#4171 = SURFACE_CURVE('',#4172,(#4177,#4184),.PCURVE_S1.);
#4172 = CIRCLE('',#4173,2.);
#4173 = AXIS2_PLACEMENT_3D('',#4174,#4175,#4176);
#4174 = CARTESIAN_POINT('',(-886.6199967142,-354.0656306382,
    593.31246367865));
#4175 = DIRECTION('',(1.,-1.050497185157E-16,-2.292723163573E-18));
#4176 = DIRECTION('',(2.94034683508E-17,0.258819045103,0.965925826289));
#4177 = PCURVE('',#633,#4178);
#4178 = DEFINITIONAL_REPRESENTATION('',(#4179),#4183);
#4179 = LINE('',#4180,#4181);
#4180 = CARTESIAN_POINT('',(1.570796326795,0.));
#4181 = VECTOR('',#4182,1.);
#4182 = DIRECTION('',(0.,1.));
#4183 = ( GEOMETRIC_REPRESENTATION_CONTEXT(2) 
PARAMETRIC_REPRESENTATION_CONTEXT() REPRESENTATION_CONTEXT('2D SPACE',''
  ) );
#4184 = PCURVE('',#3877,#4185);
#4185 = DEFINITIONAL_REPRESENTATION('',(#4186),#4190);
#4186 = LINE('',#4187,#4188);
#4187 = CARTESIAN_POINT('',(7.068583470577,495.));
#4188 = VECTOR('',#4189,1.);
#4189 = DIRECTION('',(-1.,0.));
#4190 = ( GEOMETRIC_REPRESENTATION_CONTEXT(2) 
PARAMETRIC_REPRESENTATION_CONTEXT() REPRESENTATION_CONTEXT('2D SPACE',''
  ) );
#4191 = ORIENTED_EDGE('',*,*,#4192,.T.);
#4192 = EDGE_CURVE('',#4169,#1091,#4193,.T.);
#4193 = SURFACE_CURVE('',#4194,(#4421,#4651),.PCURVE_S1.);
#4194 = B_SPLINE_CURVE_WITH_KNOTS('',8,(#4195,#4196,#4197,#4198,#4199,
    #4200,#4201,#4202,#4203,#4204,#4205,#4206,#4207,#4208,#4209,#4210,
    #4211,#4212,#4213,#4214,#4215,#4216,#4217,#4218,#4219,#4220,#4221,
    #4222,#4223,#4224,#4225,#4226,#4227,#4228,#4229,#4230,#4231,#4232,
    #4233,#4234,#4235,#4236,#4237,#4238,#4239,#4240,#4241,#4242,#4243,
    #4244,#4245,#4246,#4247,#4248,#4249,#4250,#4251,#4252,#4253,#4254,
    #4255,#4256,#4257,#4258,#4259,#4260,#4261,#4262,#4263,#4264,#4265,
    #4266,#4267,#4268,#4269,#4270,#4271,#4272,#4273,#4274,#4275,#4276,
    #4277,#4278,#4279,#4280,#4281,#4282,#4283,#4284,#4285,#4286,#4287,
    #4288,#4289,#4290,#4291,#4292,#4293,#4294,#4295,#4296,#4297,#4298,
    #4299,#4300,#4301,#4302,#4303,#4304,#4305,#4306,#4307,#4308,#4309,
    #4310,#4311,#4312,#4313,#4314,#4315,#4316,#4317,#4318,#4319,#4320,
    #4321,#4322,#4323,#4324,#4325,#4326,#4327,#4328,#4329,#4330,#4331,
    #4332,#4333,#4334,#4335,#4336,#4337,#4338,#4339,#4340,#4341,#4342,
    #4343,#4344,#4345,#4346,#4347,#4348,#4349,#4350,#4351,#4352,#4353,
    #4354,#4355,#4356,#4357,#4358,#4359,#4360,#4361,#4362,#4363,#4364,
    #4365,#4366,#4367,#4368,#4369,#4370,#4371,#4372,#4373,#4374,#4375,
    #4376,#4377,#4378,#4379,#4380,#4381,#4382,#4383,#4384,#4385,#4386,
    #4387,#4388,#4389,#4390,#4391,#4392,#4393,#4394,#4395,#4396,#4397,
    #4398,#4399,#4400,#4401,#4402,#4403,#4404,#4405,#4406,#4407,#4408,
    #4409,#4410,#4411,#4412,#4413,#4414,#4415,#4416,#4417,#4418,#4419,
    #4420),.UNSPECIFIED.,.F.,.F.,(9,7,7,7,7,7,7,7,7,7,7,7,7,7,7,7,7,7,7,
    7,7,7,7,7,7,7,7,7,7,7,7,7,9),(0.,1.521387997813E-03,
    4.88802151046E-03,1.601701428726E-02,5.0230219468E-02,0.1240408406,
    0.197842470656,0.27163862051,0.345230919208,0.414821362486,
    0.437217952318,0.480011261129,0.52060482549,0.527603716986,
    0.530803200319,0.551399939803,0.583395066015,0.607191612328,
    0.613790704036,0.663784198025,0.710979173319,0.758175589712,
    0.805373821004,0.852574369591,0.899777814234,0.946985732757,
    0.970593203703,0.982399036476,0.994125193202,0.997462486327,
    0.999089294684,0.999635713605,1.),.UNSPECIFIED.);
#4195 = CARTESIAN_POINT('',(-886.6199967142,-353.5666548138,
    595.2492195039));
#4196 = CARTESIAN_POINT('',(-886.6386764649,-353.5681179878,
    595.24959646853));
#4197 = CARTESIAN_POINT('',(-886.657379513,-353.5694559232,
    595.2499332872));
#4198 = CARTESIAN_POINT('',(-886.6760979221,-353.5707055016,
    595.25023982708));
#4199 = CARTESIAN_POINT('',(-886.6948272662,-353.5718856611,
    595.25052115509));
#4200 = CARTESIAN_POINT('',(-886.7135649436,-353.573007388,
    595.25078021147));
#4201 = CARTESIAN_POINT('',(-886.7323092305,-353.5740794464,
    595.25101934221));
#4202 = CARTESIAN_POINT('',(-886.7510590751,-353.5751098458,
    595.2512406901));
#4203 = CARTESIAN_POINT('',(-886.8113182382,-353.5783008751,
    595.25189853992));
#4204 = CARTESIAN_POINT('',(-886.8528449123,-353.5803178061,
    595.25227073145));
#4205 = CARTESIAN_POINT('',(-886.8943867395,-353.5822088236,
    595.25257672543));
#4206 = CARTESIAN_POINT('',(-886.9359392909,-353.58400215,
    595.25282407159));
#4207 = CARTESIAN_POINT('',(-886.9774999528,-353.585714141,
    595.25301714737));
#4208 = CARTESIAN_POINT('',(-887.0190669884,-353.5873578273,
    595.25315944076));
#4209 = CARTESIAN_POINT('',(-887.0606393338,-353.5889451033,
    595.25325413222));
#4210 = CARTESIAN_POINT('',(-887.2396597549,-353.5955649125,
    595.25346443451));
#4211 = CARTESIAN_POINT('',(-887.3771500652,-353.6001064167,
    595.25312592352));
#4212 = CARTESIAN_POINT('',(-887.5146624203,-353.604387039,
    595.25236227623));
#4213 = CARTESIAN_POINT('',(-887.6521887327,-353.6084564316,
    595.25118676071));
#4214 = CARTESIAN_POINT('',(-887.7897198265,-353.6124021161,
    595.24962283907));
#4215 = CARTESIAN_POINT('',(-887.9272531198,-353.6162456817,
    595.2476763112));
#4216 = CARTESIAN_POINT('',(-888.0647864308,-353.6200232531,
    595.24535683655));
#4217 = CARTESIAN_POINT('',(-888.6251339296,-353.6352241716,
    595.23440802435));
#4218 = CARTESIAN_POINT('',(-889.0479231743,-353.6462571463,
    595.22267175658));
#4219 = CARTESIAN_POINT('',(-889.4706280969,-353.6574636479,
    595.20762436071));
#4220 = CARTESIAN_POINT('',(-889.893212114,-353.6689170326,
    595.18928644914));
#4221 = CARTESIAN_POINT('',(-890.3156358444,-353.6808085304,
    595.16771069378));
#4222 = CARTESIAN_POINT('',(-890.7378692073,-353.6931670061,
    595.14290657193));
#4223 = CARTESIAN_POINT('',(-891.1598819821,-353.7060671167,
    595.11489599254));
#4224 = CARTESIAN_POINT('',(-892.4915546349,-353.7486176534,
    595.01636753861));
#4225 = CARTESIAN_POINT('',(-893.4002926716,-353.7803778979,
    594.93417592884));
#4226 = CARTESIAN_POINT('',(-894.3075585663,-353.8152270771,
    594.83724643035));
#4227 = CARTESIAN_POINT('',(-895.213056726,-353.8532909388,
    594.7256434571));
#4228 = CARTESIAN_POINT('',(-896.1164933713,-353.8946954501,
    594.59943858736));
#4229 = CARTESIAN_POINT('',(-897.0175782825,-353.939493702,
    594.45869079875));
#4230 = CARTESIAN_POINT('',(-897.9160230291,-353.9877369827,
    594.30346537264));
#4231 = CARTESIAN_POINT('',(-899.7069509869,-354.0911647599,
    593.96421173855));
#4232 = CARTESIAN_POINT('',(-900.5994339658,-354.1463486383,
    593.78018729482));
#4233 = CARTESIAN_POINT('',(-901.4887030628,-354.2050356217,
    593.58182146893));
#4234 = CARTESIAN_POINT('',(-902.3744728025,-354.2672416447,
    593.36918393808));
#4235 = CARTESIAN_POINT('',(-903.256459578,-354.332973266,
    593.14234865476));
#4236 = CARTESIAN_POINT('',(-904.1343816012,-354.4022307435,
    592.90139463749));
#4237 = CARTESIAN_POINT('',(-905.0079588859,-354.4750095298,
    592.64640637767));
#4238 = CARTESIAN_POINT('',(-906.7458031134,-354.6275851823,
    592.10856131755));
#4239 = CARTESIAN_POINT('',(-907.610071234,-354.7073816686,
    591.8257064527));
#4240 = CARTESIAN_POINT('',(-908.4694394667,-354.7906802532,
    591.52899925907));
#4241 = CARTESIAN_POINT('',(-909.3236321286,-354.8774675668,
    591.2185351952));
#4242 = CARTESIAN_POINT('',(-910.1723760081,-354.9677266735,
    590.89441529329));
#4243 = CARTESIAN_POINT('',(-911.0154003615,-355.0614374799,
    590.55674626523));
#4244 = CARTESIAN_POINT('',(-911.8524369099,-355.1585771437,
    590.20564060867));
#4245 = CARTESIAN_POINT('',(-913.5117078446,-355.3593860851,
    589.47779948559));
#4246 = CARTESIAN_POINT('',(-914.3339772492,-355.4630367331,
    589.10113729204));
#4247 = CARTESIAN_POINT('',(-915.1497644339,-355.5700470609,
    588.71134746419));
#4248 = CARTESIAN_POINT('',(-915.9588089059,-355.6803895683,
    588.30855288305));
#4249 = CARTESIAN_POINT('',(-916.7608532956,-355.7940346207,
    587.89288197889));
#4250 = CARTESIAN_POINT('',(-917.5556433567,-355.9109504489,
    587.46446873119));
#4251 = CARTESIAN_POINT('',(-918.3429279659,-356.0311031491,
    587.02345266867));
#4252 = CARTESIAN_POINT('',(-919.859600369,-356.2711024092,
    586.14116439727));
#4253 = CARTESIAN_POINT('',(-920.5898088876,-356.3906105119,585.70121002
    ));
#4254 = CARTESIAN_POINT('',(-921.3128750138,-356.5129506207,
    585.2502384334));
#4255 = CARTESIAN_POINT('',(-922.0285920897,-356.6380909625,
    584.78837653174));
#4256 = CARTESIAN_POINT('',(-922.7367564644,-356.7659983616,
    584.31575540761));
#4257 = CARTESIAN_POINT('',(-923.4371674934,-356.8966382398,
    583.83251035194));
#4258 = CARTESIAN_POINT('',(-924.1296275393,-357.0299746163,
    583.33878085401));
#4259 = CARTESIAN_POINT('',(-925.0341778102,-357.2097381182,
    582.67248351733));
#4260 = CARTESIAN_POINT('',(-925.2535699672,-357.2537815592,
    582.50918535338));
#4261 = CARTESIAN_POINT('',(-925.4721119622,-357.2980991877,
    582.34482089448));
#4262 = CARTESIAN_POINT('',(-925.6897973502,-357.342689747,
    582.1793949684));
#4263 = CARTESIAN_POINT('',(-925.9066197222,-357.3875519666,
    582.01291244574));
#4264 = CARTESIAN_POINT('',(-926.1225727044,-357.4326845622,
    581.84537823993));
#4265 = CARTESIAN_POINT('',(-926.3376499589,-357.4780862359,
    581.67679730728));
#4266 = CARTESIAN_POINT('',(-926.9611093812,-357.6110165696,
    581.18307553446));
#4267 = CARTESIAN_POINT('',(-927.3671534807,-357.6992550288,
    580.85517326989));
#4268 = CARTESIAN_POINT('',(-927.7699335027,-357.7884618987,
    580.52350273762));
#4269 = CARTESIAN_POINT('',(-928.1694059725,-357.8786278509,
    580.18809936981));
#4270 = CARTESIAN_POINT('',(-928.5655279191,-357.969743383,
    579.84899914632));
#4271 = CARTESIAN_POINT('',(-928.9582568759,-358.0617988186,
    579.50623859476));
#4272 = CARTESIAN_POINT('',(-929.3475508801,-358.1547843079,
    579.15985479045));
#4273 = CARTESIAN_POINT('',(-930.099353524,-358.3377682326,
    578.47790572835));
#4274 = CARTESIAN_POINT('',(-930.4622104034,-358.4276745191,
    578.14269960597));
#4275 = CARTESIAN_POINT('',(-930.8219037256,-358.5184001312,
    577.8042991027));
#4276 = CARTESIAN_POINT('',(-931.1783985419,-358.6099363815,
    577.46273674897));
#4277 = CARTESIAN_POINT('',(-931.5316603415,-358.7022744498,
    577.11804549229));
#4278 = CARTESIAN_POINT('',(-931.8816550512,-358.7954053835,
    576.77025869726));
#4279 = CARTESIAN_POINT('',(-932.2283490354,-358.8893200973,
    576.41941014551));
#4280 = CARTESIAN_POINT('',(-932.6309091155,-359.0003351131,
    576.00452090392));
#4281 = CARTESIAN_POINT('',(-932.6900100295,-359.016683878,
    575.94341777297));
#4282 = CARTESIAN_POINT('',(-932.7490116678,-359.0330556208,
    575.88222481815));
#4283 = CARTESIAN_POINT('',(-932.8079138606,-359.0494502942,
    575.82094221499));
#4284 = CARTESIAN_POINT('',(-932.8667164388,-359.0658678507,
    575.75957013943));
#4285 = CARTESIAN_POINT('',(-932.9254192334,-359.0823082427,
    575.69810876772));
#4286 = CARTESIAN_POINT('',(-932.984022076,-359.0987714226,
    575.63655827649));
#4287 = CARTESIAN_POINT('',(-933.0692688172,-359.1227937398,
    575.54674090321));
#4288 = CARTESIAN_POINT('',(-933.0959919131,-359.1303348892,
    575.51854437665));
#4289 = CARTESIAN_POINT('',(-933.1226940699,-359.1378807862,
    575.49032927994));
#4290 = CARTESIAN_POINT('',(-933.1493752718,-359.1454314262,
    575.46209562999));
#4291 = CARTESIAN_POINT('',(-933.1760355026,-359.1529868047,
    575.43384344375));
#4292 = CARTESIAN_POINT('',(-933.2026747463,-359.1605469171,
    575.40557273816));
#4293 = CARTESIAN_POINT('',(-933.2292929871,-359.1681117588,
    575.37728353019));
#4294 = CARTESIAN_POINT('',(-933.4271103683,-359.224410564,
    575.16674448113));
#4295 = CARTESIAN_POINT('',(-933.5974594658,-359.2733356029,
    574.98374705951));
#4296 = CARTESIAN_POINT('',(-933.7669332407,-359.3224552172,
    574.79998810335));
#4297 = CARTESIAN_POINT('',(-933.9355274635,-359.3717681737,
    574.61547216978));
#4298 = CARTESIAN_POINT('',(-934.1032379353,-359.4212732311,
    574.43020384172));
#4299 = CARTESIAN_POINT('',(-934.2700604881,-359.4709691395,
    574.24418772785));
#4300 = CARTESIAN_POINT('',(-934.4359909846,-359.5208546407,
    574.05742846264));
#4301 = CARTESIAN_POINT('',(-934.8573908632,-359.6487135191,
    573.57867031619));
#4302 = CARTESIAN_POINT('',(-935.1115939044,-359.7269530162,
    573.28562788783));
#4303 = CARTESIAN_POINT('',(-935.3636190466,-359.8056422115,
    572.99082089304));
#4304 = CARTESIAN_POINT('',(-935.61345108,-359.8847763095,
    572.69426694625));
#4305 = CARTESIAN_POINT('',(-935.8610749806,-359.9643504673,
    572.39598380456));
#4306 = CARTESIAN_POINT('',(-936.10647591,-360.0443597945,
    572.09598936766));
#4307 = CARTESIAN_POINT('',(-936.3496392154,-360.1247993532,
    571.79430167793));
#4308 = CARTESIAN_POINT('',(-936.7697294344,-360.2658077894,
    571.26531124621));
#4309 = CARTESIAN_POINT('',(-936.9476626474,-360.3261866555,
    571.03875696867));
#4310 = CARTESIAN_POINT('',(-937.1243441175,-360.3867987053,
    570.81128356858));
#4311 = CARTESIAN_POINT('',(-937.2997679519,-360.4476418738,
    570.58289856789));
#4312 = CARTESIAN_POINT('',(-937.4739283169,-360.5087140814,
    570.35360952966));
#4313 = CARTESIAN_POINT('',(-937.6468194375,-360.5700132346,
    570.12342405808));
#4314 = CARTESIAN_POINT('',(-937.8184355972,-360.6315372252,
    569.89234979841));
#4315 = CARTESIAN_POINT('',(-938.036007399,-360.7104070956,
    569.59607019933));
#4316 = CARTESIAN_POINT('',(-938.0831451767,-360.7275473873,
    569.53167820263));
#4317 = CARTESIAN_POINT('',(-938.130184351,-360.7447047612,
    569.46721861084));
#4318 = CARTESIAN_POINT('',(-938.1771248018,-360.7618791719,
    569.40269158809));
#4319 = CARTESIAN_POINT('',(-938.223966409,-360.7790705739,
    569.33809729874));
#4320 = CARTESIAN_POINT('',(-938.270709053,-360.7962789218,
    569.27343590739));
#4321 = CARTESIAN_POINT('',(-938.3173526147,-360.8135041699,
    569.20870757888));
#4322 = CARTESIAN_POINT('',(-938.7165084115,-360.9613692424,
    568.65303682212));
#4323 = CARTESIAN_POINT('',(-939.063426419,-361.0929595475,
    568.15832888219));
#4324 = CARTESIAN_POINT('',(-939.4045992807,-361.2254973294,
    567.65986048171));
#4325 = CARTESIAN_POINT('',(-939.7399764797,-361.3589624519,
    567.15770416231));
#4326 = CARTESIAN_POINT('',(-940.0695086987,-361.4933345007,
    566.65193318406));
#4327 = CARTESIAN_POINT('',(-940.3931478203,-361.6285927842,
    566.14262152545));
#4328 = CARTESIAN_POINT('',(-940.7108469272,-361.7647163324,
    565.62984388343));
#4329 = CARTESIAN_POINT('',(-941.3168246912,-362.0309843401,
    564.62640135068));
#4330 = CARTESIAN_POINT('',(-941.6057547613,-362.1610369486,
    564.13610536599));
#4331 = CARTESIAN_POINT('',(-941.8893120542,-362.2918238565,
    563.64285116357));
#4332 = CARTESIAN_POINT('',(-942.1674591084,-362.4233269605,
    563.14670267779));
#4333 = CARTESIAN_POINT('',(-942.4401594591,-362.5555279208,
    562.6477243331));
#4334 = CARTESIAN_POINT('',(-942.707377638,-362.688408161,
    562.14598104407));
#4335 = CARTESIAN_POINT('',(-942.9690791729,-362.8219488685,
    561.64153821533));
#4336 = CARTESIAN_POINT('',(-943.4813898259,-363.0903172169,
    560.62736978434));
#4337 = CARTESIAN_POINT('',(-943.7319986324,-363.2251448752,
    560.1176439581));
#4338 = CARTESIAN_POINT('',(-943.9770235309,-363.3605949379,
    559.60535016903));
#4339 = CARTESIAN_POINT('',(-944.2164320777,-363.4966480865,
    559.09055472354));
#4340 = CARTESIAN_POINT('',(-944.4501928623,-363.6332847151,
    558.57332432825));
#4341 = CARTESIAN_POINT('',(-944.6782755079,-363.7704849305,
    558.05372609003));
#4342 = CARTESIAN_POINT('',(-944.900650671,-363.9082285518,557.531827516
    ));
#4343 = CARTESIAN_POINT('',(-945.333937743,-364.1847669871,
    556.48354535597));
#4344 = CARTESIAN_POINT('',(-945.5448492339,-364.3235617723,
    555.95716152222));
#4345 = CARTESIAN_POINT('',(-945.7499962025,-364.4628590496,
    555.42861294054));
#4346 = CARTESIAN_POINT('',(-945.9493514019,-364.6026379739,
    554.89796782536));
#4347 = CARTESIAN_POINT('',(-946.14288865,-364.7428772721,
    554.36529467725));
#4348 = CARTESIAN_POINT('',(-946.33058283,-364.8835552428,
    553.83066228291));
#4349 = CARTESIAN_POINT('',(-946.5124098898,-365.0246497564,
    553.2941397152));
#4350 = CARTESIAN_POINT('',(-946.864292433,-365.3076337009,
    552.21742651992));
#4351 = CARTESIAN_POINT('',(-947.0343473558,-365.4495231345,
    551.67723564774));
#4352 = CARTESIAN_POINT('',(-947.1984886238,-365.591783809,
    551.13529303525));
#4353 = CARTESIAN_POINT('',(-947.3566943392,-365.7343924974,
    550.59166819769));
#4354 = CARTESIAN_POINT('',(-947.5089436945,-365.8773253085,
    550.04643080026));
#4355 = CARTESIAN_POINT('',(-947.6552169731,-366.0205575033,
    549.49965061155));
#4356 = CARTESIAN_POINT('',(-947.7954955511,-366.1640633116,
    548.9513974569));
#4357 = CARTESIAN_POINT('',(-948.0640364821,-366.4515770039,
    547.85205116191));
#4358 = CARTESIAN_POINT('',(-948.1922981061,-366.5955850007,
    547.30095783211));
#4359 = CARTESIAN_POINT('',(-948.3145292425,-366.7398124072,
    546.74853092703));
#4360 = CARTESIAN_POINT('',(-948.4307134699,-366.8842310285,
    546.19484023101));
#4361 = CARTESIAN_POINT('',(-948.5408354761,-367.028811006,
    545.63995536844));
#4362 = CARTESIAN_POINT('',(-948.6448810622,-367.1735200184,
    545.08394560399));
#4363 = CARTESIAN_POINT('',(-948.7428371464,-367.3183224813,
    544.52687964293));
#4364 = CARTESIAN_POINT('',(-948.9265550958,-367.608048744,
    543.41071832815));
#4365 = CARTESIAN_POINT('',(-949.0123157699,-367.7529721037,
    542.85162290473));
#4366 = CARTESIAN_POINT('',(-949.0919618782,-367.8979100217,
    542.29160706013));
#4367 = CARTESIAN_POINT('',(-949.1654825962,-368.042815841,
    541.73073716268));
#4368 = CARTESIAN_POINT('',(-949.2328682062,-368.1876381046,
    541.16907878329));
#4369 = CARTESIAN_POINT('',(-949.2941101231,-368.3323166064,
    540.60669572783));
#4370 = CARTESIAN_POINT('',(-949.349200928,-368.4767714404,
    540.04364736856));
#4371 = CARTESIAN_POINT('',(-949.422604791,-368.6929525763,
    539.19811079797));
#4372 = CARTESIAN_POINT('',(-949.445535365,-368.7649344944,
    538.91608375055));
#4373 = CARTESIAN_POINT('',(-949.4669253712,-368.8368163917,
    538.63390937501));
#4374 = CARTESIAN_POINT('',(-949.4867741069,-368.9085797805,
    538.35159313277));
#4375 = CARTESIAN_POINT('',(-949.5050809351,-368.980203222,
    538.06913996049));
#4376 = CARTESIAN_POINT('',(-949.5218452945,-369.0516602478,
    537.78655377985));
#4377 = CARTESIAN_POINT('',(-949.5370667109,-369.1229140835,
    537.50383626086));
#4378 = CARTESIAN_POINT('',(-949.557585075,-369.229413022,
    537.07953399864));
#4379 = CARTESIAN_POINT('',(-949.5640393681,-369.2648522952,
    536.93804981571));
#4380 = CARTESIAN_POINT('',(-949.5701076465,-369.3002193383,
    536.79653175779));
#4381 = CARTESIAN_POINT('',(-949.5757898684,-369.3355061111,
    536.65497928992));
#4382 = CARTESIAN_POINT('',(-949.5810859955,-369.3707028069,
    536.51339156832));
#4383 = CARTESIAN_POINT('',(-949.5859959964,-369.4057964739,
    536.37176713465));
#4384 = CARTESIAN_POINT('',(-949.5905198489,-369.4407696362,
    536.23010361027));
#4385 = CARTESIAN_POINT('',(-949.5987673121,-369.5101931368,
    535.94764752776));
#4386 = CARTESIAN_POINT('',(-949.6024960093,-369.5446438171,
    535.80685911755));
#4387 = CARTESIAN_POINT('',(-949.6058437636,-369.5789309679,
    535.66602543958));
#4388 = CARTESIAN_POINT('',(-949.6088105999,-369.6130125686,
    535.52513774226));
#4389 = CARTESIAN_POINT('',(-949.611396497,-369.6468690773,
    535.38419331147));
#4390 = CARTESIAN_POINT('',(-949.6136014373,-369.6803938121,
    535.24317472365));
#4391 = CARTESIAN_POINT('',(-949.615425451,-369.7135386528,
    535.10207790725));
#4392 = CARTESIAN_POINT('',(-949.6172795203,-369.7551920784,
    534.92064730974));
#4393 = CARTESIAN_POINT('',(-949.6176594402,-369.7643614541,
    534.88044131086));
#4394 = CARTESIAN_POINT('',(-949.618008527,-369.7734654106,
    534.84022321494));
#4395 = CARTESIAN_POINT('',(-949.6183267874,-369.7824919205,
    534.79999089097));
#4396 = CARTESIAN_POINT('',(-949.618614224,-369.7914276403,
    534.75974254666));
#4397 = CARTESIAN_POINT('',(-949.6188708403,-369.8002556975,
    534.71947634731));
#4398 = CARTESIAN_POINT('',(-949.6190966457,-369.8089470715,
    534.67918905984));
#4399 = CARTESIAN_POINT('',(-949.6193867246,-369.8215882757,
    534.61922146905));
#4400 = CARTESIAN_POINT('',(-949.6194744636,-369.8256842424,
    534.59956411589));
#4401 = CARTESIAN_POINT('',(-949.6195548899,-369.8297288711,
    534.57989957629));
#4402 = CARTESIAN_POINT('',(-949.6196280076,-369.8337108042,
    534.5602261696));
#4403 = CARTESIAN_POINT('',(-949.6196938173,-369.8376182493,
    534.5405430477));
#4404 = CARTESIAN_POINT('',(-949.6197523195,-369.841436841,
    534.52084989935));
#4405 = CARTESIAN_POINT('',(-949.6198035184,-369.845139039,
    534.50114593197));
#4406 = CARTESIAN_POINT('',(-949.6198621735,-369.8498494,534.47480523663
    ));
#4407 = CARTESIAN_POINT('',(-949.619876098,-369.8510129171,
    534.46818118175));
#4408 = CARTESIAN_POINT('',(-949.6198891997,-369.8521546428,
    534.46155564116));
#4409 = CARTESIAN_POINT('',(-949.6199014793,-369.8532718692,
    534.45492848374));
#4410 = CARTESIAN_POINT('',(-949.6199129371,-369.854360153,
    534.44829977225));
#4411 = CARTESIAN_POINT('',(-949.6199235735,-369.8554133155,
    534.44166976333));
#4412 = CARTESIAN_POINT('',(-949.6199333886,-369.856423443,
    534.43503890752));
#4413 = CARTESIAN_POINT('',(-949.6199483787,-369.8580191945,
    534.42398705737));
#4414 = CARTESIAN_POINT('',(-949.6199540076,-369.8586302017,
    534.4195687276));
#4415 = CARTESIAN_POINT('',(-949.6199592713,-369.8592156784,
    534.41515056824));
#4416 = CARTESIAN_POINT('',(-949.6199641711,-369.8597722681,
    534.4107319323));
#4417 = CARTESIAN_POINT('',(-949.6199687069,-369.8602914873,
    534.4063138175));
#4418 = CARTESIAN_POINT('',(-949.6199728777,-369.8607597254,
    534.40189886621));
#4419 = CARTESIAN_POINT('',(-949.6199766814,-369.8611582448,
    534.39749136553));
#4420 = CARTESIAN_POINT('',(-949.6199801149,-369.8614631808,
    534.3930972472));
#4421 = PCURVE('',#633,#4422);
#4422 = DEFINITIONAL_REPRESENTATION('',(#4423),#4650);
#4423 = B_SPLINE_CURVE_WITH_KNOTS('',8,(#4424,#4425,#4426,#4427,#4428,
    #4429,#4430,#4431,#4432,#4433,#4434,#4435,#4436,#4437,#4438,#4439,
    #4440,#4441,#4442,#4443,#4444,#4445,#4446,#4447,#4448,#4449,#4450,
    #4451,#4452,#4453,#4454,#4455,#4456,#4457,#4458,#4459,#4460,#4461,
    #4462,#4463,#4464,#4465,#4466,#4467,#4468,#4469,#4470,#4471,#4472,
    #4473,#4474,#4475,#4476,#4477,#4478,#4479,#4480,#4481,#4482,#4483,
    #4484,#4485,#4486,#4487,#4488,#4489,#4490,#4491,#4492,#4493,#4494,
    #4495,#4496,#4497,#4498,#4499,#4500,#4501,#4502,#4503,#4504,#4505,
    #4506,#4507,#4508,#4509,#4510,#4511,#4512,#4513,#4514,#4515,#4516,
    #4517,#4518,#4519,#4520,#4521,#4522,#4523,#4524,#4525,#4526,#4527,
    #4528,#4529,#4530,#4531,#4532,#4533,#4534,#4535,#4536,#4537,#4538,
    #4539,#4540,#4541,#4542,#4543,#4544,#4545,#4546,#4547,#4548,#4549,
    #4550,#4551,#4552,#4553,#4554,#4555,#4556,#4557,#4558,#4559,#4560,
    #4561,#4562,#4563,#4564,#4565,#4566,#4567,#4568,#4569,#4570,#4571,
    #4572,#4573,#4574,#4575,#4576,#4577,#4578,#4579,#4580,#4581,#4582,
    #4583,#4584,#4585,#4586,#4587,#4588,#4589,#4590,#4591,#4592,#4593,
    #4594,#4595,#4596,#4597,#4598,#4599,#4600,#4601,#4602,#4603,#4604,
    #4605,#4606,#4607,#4608,#4609,#4610,#4611,#4612,#4613,#4614,#4615,
    #4616,#4617,#4618,#4619,#4620,#4621,#4622,#4623,#4624,#4625,#4626,
    #4627,#4628,#4629,#4630,#4631,#4632,#4633,#4634,#4635,#4636,#4637,
    #4638,#4639,#4640,#4641,#4642,#4643,#4644,#4645,#4646,#4647,#4648,
    #4649),.UNSPECIFIED.,.F.,.F.,(9,7,7,7,7,7,7,7,7,7,7,7,7,7,7,7,7,7,7,
    7,7,7,7,7,7,7,7,7,7,7,7,7,9),(0.,1.521387997813E-03,
    4.88802151046E-03,1.601701428726E-02,5.0230219468E-02,0.1240408406,
    0.197842470656,0.27163862051,0.345230919208,0.414821362486,
    0.437217952318,0.480011261129,0.52060482549,0.527603716986,
    0.530803200319,0.551399939803,0.583395066015,0.607191612328,
    0.613790704036,0.663784198025,0.710979173319,0.758175589712,
    0.805373821004,0.852574369591,0.899777814234,0.946985732757,
    0.970593203703,0.982399036476,0.994125193202,0.997462486327,
    0.999089294684,0.999635713605,1.),.UNSPECIFIED.);
#4424 = CARTESIAN_POINT('',(1.570796326795,9.647978562486E-03));
#4425 = CARTESIAN_POINT('',(1.571092831212,1.040345531256E-02));
#4426 = CARTESIAN_POINT('',(1.571389705587,1.109325442774E-02));
#4427 = CARTESIAN_POINT('',(1.571686823984,1.173646489554E-02));
#4428 = CARTESIAN_POINT('',(1.571984116192,1.234288865998E-02));
#4429 = CARTESIAN_POINT('',(1.572281540954,1.291821200863E-02));
#4430 = CARTESIAN_POINT('',(1.572579070947,1.34669710623E-02));
#4431 = CARTESIAN_POINT('',(1.572876689516,1.399331136719E-02));
#4432 = CARTESIAN_POINT('',(1.573833191846,1.5619763147E-02));
#4433 = CARTESIAN_POINT('',(1.57449235265,1.664215939297E-02));
#4434 = CARTESIAN_POINT('',(1.575151756376,1.759518687105E-02));
#4435 = CARTESIAN_POINT('',(1.575811333164,1.849345223303E-02));
#4436 = CARTESIAN_POINT('',(1.576471041965,1.934542064119E-02));
#4437 = CARTESIAN_POINT('',(1.577130855648,2.015783627677E-02));
#4438 = CARTESIAN_POINT('',(1.577790757762,2.093685495492E-02));
#4439 = CARTESIAN_POINT('',(1.580632473201,2.416195068394E-02));
#4440 = CARTESIAN_POINT('',(1.582815002476,2.631217970532E-02));
#4441 = CARTESIAN_POINT('',(1.584997947661,2.828145877951E-02));
#4442 = CARTESIAN_POINT('',(1.587181196234,3.009547909382E-02));
#4443 = CARTESIAN_POINT('',(1.589364618383,3.179954106536E-02));
#4444 = CARTESIAN_POINT('',(1.591548188964,3.340481834886E-02));
#4445 = CARTESIAN_POINT('',(1.59373188919,3.493000449466E-02));
#4446 = CARTESIAN_POINT('',(1.602629459757,4.085852767456E-02));
#4447 = CARTESIAN_POINT('',(1.609344161386,4.467161559275E-02));
#4448 = CARTESIAN_POINT('',(1.616059357401,4.814033372611E-02));
#4449 = CARTESIAN_POINT('',(1.622774927464,5.130273977961E-02));
#4450 = CARTESIAN_POINT('',(1.629490706542,5.425797074978E-02));
#4451 = CARTESIAN_POINT('',(1.636206676947,5.702116970041E-02));
#4452 = CARTESIAN_POINT('',(1.642922818518,5.963120573356E-02));
#4453 = CARTESIAN_POINT('',(1.664128862664,6.744608362434E-02));
#4454 = CARTESIAN_POINT('',(1.678619231536,7.215983694811E-02));
#4455 = CARTESIAN_POINT('',(1.693110074498,7.645883561006E-02));
#4456 = CARTESIAN_POINT('',(1.707601301818,8.041202394553E-02));
#4457 = CARTESIAN_POINT('',(1.722092840737,8.408939569796E-02));
#4458 = CARTESIAN_POINT('',(1.736584660244,8.752413771341E-02));
#4459 = CARTESIAN_POINT('',(1.751076740133,9.07493908307E-02));
#4460 = CARTESIAN_POINT('',(1.780059649502,9.682522280136E-02));
#4461 = CARTESIAN_POINT('',(1.794550463623,9.96759901898E-02));
#4462 = CARTESIAN_POINT('',(1.80904149303,0.102362813447));
#4463 = CARTESIAN_POINT('',(1.823532720947,0.104902345186));
#4464 = CARTESIAN_POINT('',(1.838024136458,0.107307269165));
#4465 = CARTESIAN_POINT('',(1.852515730706,0.109587886348));
#4466 = CARTESIAN_POINT('',(1.867007493453,0.111752889048));
#4467 = CARTESIAN_POINT('',(1.895990250508,0.115865604573));
#4468 = CARTESIAN_POINT('',(1.910481253029,0.117813384397));
#4469 = CARTESIAN_POINT('',(1.924972402106,0.119659729398));
#4470 = CARTESIAN_POINT('',(1.939463689003,0.121410497309));
#4471 = CARTESIAN_POINT('',(1.953955108583,0.123070547701));
#4472 = CARTESIAN_POINT('',(1.968446656164,0.124643952844));
#4473 = CARTESIAN_POINT('',(1.982938324361,0.126134208564));
#4474 = CARTESIAN_POINT('',(2.011881844086,0.128950786081));
#4475 = CARTESIAN_POINT('',(2.026333700983,0.130277594594));
#4476 = CARTESIAN_POINT('',(2.040785663553,0.131527776003));
#4477 = CARTESIAN_POINT('',(2.055237724849,0.132703924885));
#4478 = CARTESIAN_POINT('',(2.069689878044,0.133808325047));
#4479 = CARTESIAN_POINT('',(2.084142116437,0.13484294952));
#4480 = CARTESIAN_POINT('',(2.09859443345,0.135809460559));
#4481 = CARTESIAN_POINT('',(2.126713309301,0.137560031527));
#4482 = CARTESIAN_POINT('',(2.140379862976,0.138351221544));
#4483 = CARTESIAN_POINT('',(2.1540464782,0.139083974668));
#4484 = CARTESIAN_POINT('',(2.167713149552,0.139759353204));
#4485 = CARTESIAN_POINT('',(2.181379871641,0.140378286791));
#4486 = CARTESIAN_POINT('',(2.195046639106,0.140941572401));
#4487 = CARTESIAN_POINT('',(2.208713446619,0.14144987434));
#4488 = CARTESIAN_POINT('',(2.226778747144,0.142049788704));
#4489 = CARTESIAN_POINT('',(2.23117720913,0.142190214747));
#4490 = CARTESIAN_POINT('',(2.235575674673,0.142325020994));
#4491 = CARTESIAN_POINT('',(2.239974143607,0.142454224981));
#4492 = CARTESIAN_POINT('',(2.244372615765,0.142577843157));
#4493 = CARTESIAN_POINT('',(2.248771090984,0.142695890889));
#4494 = CARTESIAN_POINT('',(2.253169569097,0.142808382457));
#4495 = CARTESIAN_POINT('',(2.265972255691,0.143119678444));
#4496 = CARTESIAN_POINT('',(2.274376471523,0.143303790059));
#4497 = CARTESIAN_POINT('',(2.282780696262,0.143467757517));
#4498 = CARTESIAN_POINT('',(2.291184928736,0.143611659539));
#4499 = CARTESIAN_POINT('',(2.299589167771,0.143735561954));
#4500 = CARTESIAN_POINT('',(2.307993412195,0.143839517701));
#4501 = CARTESIAN_POINT('',(2.316397660836,0.14392356683));
#4502 = CARTESIAN_POINT('',(2.33277415261,0.144048607592));
#4503 = CARTESIAN_POINT('',(2.340746395606,0.14409159077));
#4504 = CARTESIAN_POINT('',(2.348718640517,0.144116709685));
#4505 = CARTESIAN_POINT('',(2.356690886348,0.144123978093));
#4506 = CARTESIAN_POINT('',(2.364663132101,0.144113399854));
#4507 = CARTESIAN_POINT('',(2.372635376781,0.144084968933));
#4508 = CARTESIAN_POINT('',(2.380607619391,0.144038669398));
#4509 = CARTESIAN_POINT('',(2.389954383209,0.143963407493));
#4510 = CARTESIAN_POINT('',(2.391328907394,0.143951807624));
#4511 = CARTESIAN_POINT('',(2.392703431484,0.143939675682));
#4512 = CARTESIAN_POINT('',(2.394077955476,0.143927011525));
#4513 = CARTESIAN_POINT('',(2.395452479364,0.143913815003));
#4514 = CARTESIAN_POINT('',(2.396827003144,0.143900085956));
#4515 = CARTESIAN_POINT('',(2.398201526809,0.143885824217));
#4516 = CARTESIAN_POINT('',(2.400204402029,0.143864266378));
#4517 = CARTESIAN_POINT('',(2.400832753677,0.14385739179));
#4518 = CARTESIAN_POINT('',(2.4014611053,0.143850405827));
#4519 = CARTESIAN_POINT('',(2.402089456897,0.143843308472));
#4520 = CARTESIAN_POINT('',(2.402717808468,0.143836099707));
#4521 = CARTESIAN_POINT('',(2.403346160012,0.143828779513));
#4522 = CARTESIAN_POINT('',(2.403974511529,0.143821347873));
#4523 = CARTESIAN_POINT('',(2.4086478886,0.143765245863));
#4524 = CARTESIAN_POINT('',(2.412692913037,0.143712067624));
#4525 = CARTESIAN_POINT('',(2.416737936204,0.143654265024));
#4526 = CARTESIAN_POINT('',(2.420782957971,0.143591832349));
#4527 = CARTESIAN_POINT('',(2.424827978212,0.143524763191));
#4528 = CARTESIAN_POINT('',(2.428872996798,0.143453050453));
#4529 = CARTESIAN_POINT('',(2.432918013601,0.143376686342));
#4530 = CARTESIAN_POINT('',(2.443246584303,0.143169799151));
#4531 = CARTESIAN_POINT('',(2.449530135531,0.143032691184));
#4532 = CARTESIAN_POINT('',(2.455813681694,0.142884306875));
#4533 = CARTESIAN_POINT('',(2.462097222308,0.142724610216));
#4534 = CARTESIAN_POINT('',(2.468380756886,0.142553560787));
#4535 = CARTESIAN_POINT('',(2.474664284944,0.142371113756));
#4536 = CARTESIAN_POINT('',(2.480947805993,0.142177219882));
#4537 = CARTESIAN_POINT('',(2.491904716376,0.141819062352));
#4538 = CARTESIAN_POINT('',(2.496578109075,0.141659937302));
#4539 = CARTESIAN_POINT('',(2.501251497449,0.141494428258));
#4540 = CARTESIAN_POINT('',(2.505924881297,0.141322511569));
#4541 = CARTESIAN_POINT('',(2.510598260419,0.141144162032));
#4542 = CARTESIAN_POINT('',(2.515271634617,0.140959352895));
#4543 = CARTESIAN_POINT('',(2.51994500369,0.140768055857));
#4544 = CARTESIAN_POINT('',(2.525914351969,0.140515384453));
#4545 = CARTESIAN_POINT('',(2.527210336093,0.140460026603));
#4546 = CARTESIAN_POINT('',(2.528506319803,0.140404166879));
#4547 = CARTESIAN_POINT('',(2.529802303095,0.140347804632));
#4548 = CARTESIAN_POINT('',(2.531098285966,0.140290939203));
#4549 = CARTESIAN_POINT('',(2.532394268411,0.140233569922));
#4550 = CARTESIAN_POINT('',(2.533690250425,0.140175696112));
#4551 = CARTESIAN_POINT('',(2.544804347919,0.139675048391));
#4552 = CARTESIAN_POINT('',(2.55462243911,0.139203779826));
#4553 = CARTESIAN_POINT('',(2.564440503662,0.138703219165));
#4554 = CARTESIAN_POINT('',(2.574258539649,0.13817303337));
#4555 = CARTESIAN_POINT('',(2.584076545132,0.137612848592));
#4556 = CARTESIAN_POINT('',(2.593894518162,0.137022250169));
#4557 = CARTESIAN_POINT('',(2.603712456777,0.136400782624));
#4558 = CARTESIAN_POINT('',(2.622798678064,0.135131660772));
#4559 = CARTESIAN_POINT('',(2.632066965052,0.134487410089));
#4560 = CARTESIAN_POINT('',(2.64133521832,0.133814783883));
#4561 = CARTESIAN_POINT('',(2.650603436199,0.133113317982));
#4562 = CARTESIAN_POINT('',(2.659871617001,0.132382497781));
#4563 = CARTESIAN_POINT('',(2.66913975902,0.131621758239));
#4564 = CARTESIAN_POINT('',(2.678407860526,0.13083048388));
#4565 = CARTESIAN_POINT('',(2.696944262024,0.129185508599));
#4566 = CARTESIAN_POINT('',(2.706212562328,0.128331787101));
#4567 = CARTESIAN_POINT('',(2.715480818949,0.127446188576));
#4568 = CARTESIAN_POINT('',(2.724749030108,0.12652797068));
#4569 = CARTESIAN_POINT('',(2.734017193979,0.125576304445));
#4570 = CARTESIAN_POINT('',(2.743285308696,0.124590274282));
#4571 = CARTESIAN_POINT('',(2.752553372349,0.123568877982));
#4572 = CARTESIAN_POINT('',(2.771089750013,0.121453134771));
#4573 = CARTESIAN_POINT('',(2.780358064309,0.12035874193));
#4574 = CARTESIAN_POINT('',(2.789626323947,0.119226786756));
#4575 = CARTESIAN_POINT('',(2.798894526897,0.118056038564));
#4576 = CARTESIAN_POINT('',(2.808162671025,0.116845097429));
#4577 = CARTESIAN_POINT('',(2.817430754094,0.115592394181));
#4578 = CARTESIAN_POINT('',(2.826698773762,0.114296190405));
#4579 = CARTESIAN_POINT('',(2.845235136434,0.111612900614));
#4580 = CARTESIAN_POINT('',(2.854503480003,0.110225784245));
#4581 = CARTESIAN_POINT('',(2.863771755201,0.108791225127));
#4582 = CARTESIAN_POINT('',(2.87303995939,0.107307013143));
#4583 = CARTESIAN_POINT('',(2.882308090011,0.105770637576));
#4584 = CARTESIAN_POINT('',(2.891576144214,0.104179192415));
#4585 = CARTESIAN_POINT('',(2.900844118484,0.102529281666));
#4586 = CARTESIAN_POINT('',(2.919380466705,9.910446258679E-02));
#4587 = CARTESIAN_POINT('',(2.928648841268,9.732958428082E-02));
#4588 = CARTESIAN_POINT('',(2.937917127616,9.548813061729E-02));
#4589 = CARTESIAN_POINT('',(2.947185321388,9.35755312705E-02));
#4590 = CARTESIAN_POINT('',(2.956453417647,9.158639297734E-02));
#4591 = CARTESIAN_POINT('',(2.965721410337,8.951408780234E-02));
#4592 = CARTESIAN_POINT('',(2.974989291722,8.735034140275E-02));
#4593 = CARTESIAN_POINT('',(2.993525690349,8.281908646139E-02));
#4594 = CARTESIAN_POINT('',(3.002794203868,8.045135644343E-02));
#4595 = CARTESIAN_POINT('',(3.012062587035,7.797169888831E-02));
#4596 = CARTESIAN_POINT('',(3.021330828445,7.536619413869E-02));
#4597 = CARTESIAN_POINT('',(3.030598911674,7.261850370335E-02));
#4598 = CARTESIAN_POINT('',(3.039866813587,6.970783873564E-02));
#4599 = CARTESIAN_POINT('',(3.049134499939,6.660332851823E-02));
#4600 = CARTESIAN_POINT('',(3.06303631682,6.158027008239E-02));
#4601 = CARTESIAN_POINT('',(3.067670644766,5.984461295018E-02));
#4602 = CARTESIAN_POINT('',(3.072304897989,5.804167003663E-02));
#4603 = CARTESIAN_POINT('',(3.076939067689,5.616322597458E-02));
#4604 = CARTESIAN_POINT('',(3.081573141061,5.41995726941E-02));
#4605 = CARTESIAN_POINT('',(3.086207100276,5.213844291252E-02));
#4606 = CARTESIAN_POINT('',(3.090840919748,4.99623019707E-02));
#4607 = CARTESIAN_POINT('',(3.097791794343,4.648464007915E-02));
#4608 = CARTESIAN_POINT('',(3.100108980908,4.528981134616E-02));
#4609 = CARTESIAN_POINT('',(3.102426117024,4.405574878009E-02));
#4610 = CARTESIAN_POINT('',(3.10474319677,4.277850175286E-02));
#4611 = CARTESIAN_POINT('',(3.107060211702,4.145322672463E-02));
#4612 = CARTESIAN_POINT('',(3.109377149879,4.007348192323E-02));
#4613 = CARTESIAN_POINT('',(3.111693994889,3.863052202361E-02));
#4614 = CARTESIAN_POINT('',(3.116311819539,3.560490793987E-02));
#4615 = CARTESIAN_POINT('',(3.118612739363,3.40229551184E-02));
#4616 = CARTESIAN_POINT('',(3.120913523834,3.235621396096E-02));
#4617 = CARTESIAN_POINT('',(3.123214153034,3.058326131207E-02));
#4618 = CARTESIAN_POINT('',(3.125514606815,2.869431206685E-02));
#4619 = CARTESIAN_POINT('',(3.127814732569,2.663559431886E-02));
#4620 = CARTESIAN_POINT('',(3.130114413567,2.438334766345E-02));
#4621 = CARTESIAN_POINT('',(3.13306742595,2.102076396538E-02));
#4622 = CARTESIAN_POINT('',(3.133721572527,2.024602359099E-02));
#4623 = CARTESIAN_POINT('',(3.134375630987,1.943812980487E-02));
#4624 = CARTESIAN_POINT('',(3.135029585019,1.859099846588E-02));
#4625 = CARTESIAN_POINT('',(3.13568340771,1.769795364982E-02));
#4626 = CARTESIAN_POINT('',(3.1363370583,1.675060967576E-02));
#4627 = CARTESIAN_POINT('',(3.136990467563,1.573453308863E-02));
#4628 = CARTESIAN_POINT('',(3.137961847009,1.407921165467E-02));
#4629 = CARTESIAN_POINT('',(3.138280067738,1.351350747174E-02));
#4630 = CARTESIAN_POINT('',(3.13859818715,1.292208147774E-02));
#4631 = CARTESIAN_POINT('',(3.138916184403,1.229923108638E-02));
#4632 = CARTESIAN_POINT('',(3.139234024104,1.163915145207E-02));
#4633 = CARTESIAN_POINT('',(3.139551652056,1.093486446816E-02));
#4634 = CARTESIAN_POINT('',(3.139868967319,1.017296700798E-02));
#4635 = CARTESIAN_POINT('',(3.140292179732,9.039110604634E-03));
#4636 = CARTESIAN_POINT('',(3.140398521112,8.743818463756E-03));
#4637 = CARTESIAN_POINT('',(3.140504795711,8.437810118415E-03));
#4638 = CARTESIAN_POINT('',(3.140610994415,8.119760733942E-03));
#4639 = CARTESIAN_POINT('',(3.140717098009,7.787532508672E-03));
#4640 = CARTESIAN_POINT('',(3.140823077178,7.438174673939E-03));
#4641 = CARTESIAN_POINT('',(3.140928892504,7.06792349408E-03));
#4642 = CARTESIAN_POINT('',(3.141104897153,6.408382962417E-03));
#4643 = CARTESIAN_POINT('',(3.141175149917,6.131697218774E-03));
#4644 = CARTESIAN_POINT('',(3.141245295171,5.842703555444E-03));
#4645 = CARTESIAN_POINT('',(3.141315329047,5.539697178526E-03));
#4646 = CARTESIAN_POINT('',(3.141385201395,5.218709980282E-03));
#4647 = CARTESIAN_POINT('',(3.141454815787,4.873510539137E-03));
#4648 = CARTESIAN_POINT('',(3.141524029514,4.495604119675E-03));
#4649 = CARTESIAN_POINT('',(3.14159265359,4.074232672646E-03));
#4650 = ( GEOMETRIC_REPRESENTATION_CONTEXT(2) 
PARAMETRIC_REPRESENTATION_CONTEXT() REPRESENTATION_CONTEXT('2D SPACE',''
  ) );
#4651 = PCURVE('',#1134,#4652);
#4652 = DEFINITIONAL_REPRESENTATION('',(#4653),#4880);
#4653 = B_SPLINE_CURVE_WITH_KNOTS('',8,(#4654,#4655,#4656,#4657,#4658,
    #4659,#4660,#4661,#4662,#4663,#4664,#4665,#4666,#4667,#4668,#4669,
    #4670,#4671,#4672,#4673,#4674,#4675,#4676,#4677,#4678,#4679,#4680,
    #4681,#4682,#4683,#4684,#4685,#4686,#4687,#4688,#4689,#4690,#4691,
    #4692,#4693,#4694,#4695,#4696,#4697,#4698,#4699,#4700,#4701,#4702,
    #4703,#4704,#4705,#4706,#4707,#4708,#4709,#4710,#4711,#4712,#4713,
    #4714,#4715,#4716,#4717,#4718,#4719,#4720,#4721,#4722,#4723,#4724,
    #4725,#4726,#4727,#4728,#4729,#4730,#4731,#4732,#4733,#4734,#4735,
    #4736,#4737,#4738,#4739,#4740,#4741,#4742,#4743,#4744,#4745,#4746,
    #4747,#4748,#4749,#4750,#4751,#4752,#4753,#4754,#4755,#4756,#4757,
    #4758,#4759,#4760,#4761,#4762,#4763,#4764,#4765,#4766,#4767,#4768,
    #4769,#4770,#4771,#4772,#4773,#4774,#4775,#4776,#4777,#4778,#4779,
    #4780,#4781,#4782,#4783,#4784,#4785,#4786,#4787,#4788,#4789,#4790,
    #4791,#4792,#4793,#4794,#4795,#4796,#4797,#4798,#4799,#4800,#4801,
    #4802,#4803,#4804,#4805,#4806,#4807,#4808,#4809,#4810,#4811,#4812,
    #4813,#4814,#4815,#4816,#4817,#4818,#4819,#4820,#4821,#4822,#4823,
    #4824,#4825,#4826,#4827,#4828,#4829,#4830,#4831,#4832,#4833,#4834,
    #4835,#4836,#4837,#4838,#4839,#4840,#4841,#4842,#4843,#4844,#4845,
    #4846,#4847,#4848,#4849,#4850,#4851,#4852,#4853,#4854,#4855,#4856,
    #4857,#4858,#4859,#4860,#4861,#4862,#4863,#4864,#4865,#4866,#4867,
    #4868,#4869,#4870,#4871,#4872,#4873,#4874,#4875,#4876,#4877,#4878,
    #4879),.UNSPECIFIED.,.F.,.F.,(9,7,7,7,7,7,7,7,7,7,7,7,7,7,7,7,7,7,7,
    7,7,7,7,7,7,7,7,7,7,7,7,7,9),(0.,1.521387997813E-03,
    4.88802151046E-03,1.601701428726E-02,5.0230219468E-02,0.1240408406,
    0.197842470656,0.27163862051,0.345230919208,0.414821362486,
    0.437217952318,0.480011261129,0.52060482549,0.527603716986,
    0.530803200319,0.551399939803,0.583395066015,0.607191612328,
    0.613790704036,0.663784198025,0.710979173319,0.758175589712,
    0.805373821004,0.852574369591,0.899777814234,0.946985732757,
    0.970593203703,0.982399036476,0.994125193202,0.997462486327,
    0.999089294684,0.999635713605,1.),.UNSPECIFIED.);
#4654 = CARTESIAN_POINT('',(7.929693819765E-04,-0.470903254512));
#4655 = CARTESIAN_POINT('',(1.089238320285E-03,-0.469392371316));
#4656 = CARTESIAN_POINT('',(1.385876844935E-03,-0.468012849846));
#4657 = CARTESIAN_POINT('',(1.682759120696E-03,-0.46672651147));
#4658 = CARTESIAN_POINT('',(1.979814991427E-03,-0.465513751849));
#4659 = CARTESIAN_POINT('',(2.277003231655E-03,-0.464363198068));
#4660 = CARTESIAN_POINT('',(2.574296540457E-03,-0.463265777604));
#4661 = CARTESIAN_POINT('',(2.871678277623E-03,-0.462213199118));
#4662 = CARTESIAN_POINT('',(3.827419209524E-03,-0.458960637453));
#4663 = CARTESIAN_POINT('',(4.486054920656E-03,-0.456916101406));
#4664 = CARTESIAN_POINT('',(5.144932974158E-03,-0.455010321692));
#4665 = CARTESIAN_POINT('',(5.803983565419E-03,-0.453214083518));
#4666 = CARTESIAN_POINT('',(6.463165676025E-03,-0.451510455442));
#4667 = CARTESIAN_POINT('',(7.122452198211E-03,-0.449885948166));
#4668 = CARTESIAN_POINT('',(7.781826694298E-03,-0.448328249243));
#4669 = CARTESIAN_POINT('',(1.062126839731E-02,-0.441879574339));
#4670 = CARTESIAN_POINT('',(1.280204713797E-02,-0.437580431133));
#4671 = CARTESIAN_POINT('',(1.49832372231E-02,-0.433643313946));
#4672 = CARTESIAN_POINT('',(1.71647262281E-02,-0.430016828308));
#4673 = CARTESIAN_POINT('',(1.9346384452E-02,-0.426610362416));
#4674 = CARTESIAN_POINT('',(2.1528186783E-02,-0.423401561562));
#4675 = CARTESIAN_POINT('',(2.37101144584E-02,-0.420353031911));
#4676 = CARTESIAN_POINT('',(3.260044564627E-02,-0.40850383318));
#4677 = CARTESIAN_POINT('',(3.930964440378E-02,-0.400884367484));
#4678 = CARTESIAN_POINT('',(4.601929790179E-02,-0.393954270724));
#4679 = CARTESIAN_POINT('',(5.27292862521E-02,-0.387637351278));
#4680 = CARTESIAN_POINT('',(5.94394449167E-02,-0.38173526278));
#4681 = CARTESIAN_POINT('',(6.614975659385E-02,-0.376217670982));
#4682 = CARTESIAN_POINT('',(7.286020151519E-02,-0.371006792338));
#4683 = CARTESIAN_POINT('',(9.404814055981E-02,-0.355407170194));
#4684 = CARTESIAN_POINT('',(0.108525963929,-0.346001883642));
#4685 = CARTESIAN_POINT('',(0.123004090766,-0.337427361558));
#4686 = CARTESIAN_POINT('',(0.13748243538,-0.329545469376));
#4687 = CARTESIAN_POINT('',(0.15196092912,-0.322216006315));
#4688 = CARTESIAN_POINT('',(0.166439545141,-0.31537242604));
#4689 = CARTESIAN_POINT('',(0.180918267461,-0.308948291761));
#4690 = CARTESIAN_POINT('',(0.209874163747,-0.296850032097));
#4691 = CARTESIAN_POINT('',(0.224351322402,-0.291175529443));
#4692 = CARTESIAN_POINT('',(0.238828550904,-0.285829110077));
#4693 = CARTESIAN_POINT('',(0.253305836844,-0.280777348541));
#4694 = CARTESIAN_POINT('',(0.267783173739,-0.275994769311));
#4695 = CARTESIAN_POINT('',(0.282260557224,-0.271460671788));
#4696 = CARTESIAN_POINT('',(0.296737981619,-0.267157580345));
#4697 = CARTESIAN_POINT('',(0.325691817096,-0.258985361926));
#4698 = CARTESIAN_POINT('',(0.340168236402,-0.255116100923));
#4699 = CARTESIAN_POINT('',(0.354644683918,-0.251449319189));
#4700 = CARTESIAN_POINT('',(0.369121155575,-0.247973224106));
#4701 = CARTESIAN_POINT('',(0.383597650956,-0.244678025359));
#4702 = CARTESIAN_POINT('',(0.398074170143,-0.241555512639));
#4703 = CARTESIAN_POINT('',(0.412550710569,-0.238598633344));
#4704 = CARTESIAN_POINT('',(0.441463827782,-0.233011235078));
#4705 = CARTESIAN_POINT('',(0.455900410449,-0.230379746512));
#4706 = CARTESIAN_POINT('',(0.470337009618,-0.227900738227));
#4707 = CARTESIAN_POINT('',(0.484773623203,-0.2255689694));
#4708 = CARTESIAN_POINT('',(0.499210249277,-0.223379824739));
#4709 = CARTESIAN_POINT('',(0.513646886073,-0.221329314484));
#4710 = CARTESIAN_POINT('',(0.528083531986,-0.219414074408));
#4711 = CARTESIAN_POINT('',(0.556171792325,-0.215945598642));
#4712 = CARTESIAN_POINT('',(0.569823408402,-0.214378207565));
#4713 = CARTESIAN_POINT('',(0.583475032581,-0.212926772265));
#4714 = CARTESIAN_POINT('',(0.597126663691,-0.211589140569));
#4715 = CARTESIAN_POINT('',(0.610778300611,-0.210363428447));
#4716 = CARTESIAN_POINT('',(0.62442994227,-0.209248020015));
#4717 = CARTESIAN_POINT('',(0.638081587643,-0.208241567533));
#4718 = CARTESIAN_POINT('',(0.656126804026,-0.207053798807));
#4719 = CARTESIAN_POINT('',(0.6605203727,-0.206775776585));
#4720 = CARTESIAN_POINT('',(0.664913941758,-0.206508886954));
#4721 = CARTESIAN_POINT('',(0.66930751118,-0.206253094328));
#4722 = CARTESIAN_POINT('',(0.673701080944,-0.206008365318));
#4723 = CARTESIAN_POINT('',(0.678094651029,-0.205774668733));
#4724 = CARTESIAN_POINT('',(0.682488221414,-0.205551975579));
#4725 = CARTESIAN_POINT('',(0.69527661592,-0.204935730939));
#4726 = CARTESIAN_POINT('',(0.703671440899,-0.204571275334));
#4727 = CARTESIAN_POINT('',(0.71206626685,-0.204246706222));
#4728 = CARTESIAN_POINT('',(0.72046109361,-0.203961863745));
#4729 = CARTESIAN_POINT('',(0.728855921018,-0.20371661421));
#4730 = CARTESIAN_POINT('',(0.737250748911,-0.203510850085));
#4731 = CARTESIAN_POINT('',(0.745645577133,-0.203344490004));
#4732 = CARTESIAN_POINT('',(0.76200370671,-0.203096996405));
#4733 = CARTESIAN_POINT('',(0.769967008216,-0.203011920871));
#4734 = CARTESIAN_POINT('',(0.777930309915,-0.202962204101));
#4735 = CARTESIAN_POINT('',(0.785893611674,-0.20294781813));
#4736 = CARTESIAN_POINT('',(0.793856913364,-0.202968755097));
#4737 = CARTESIAN_POINT('',(0.801820214852,-0.203025027236));
#4738 = CARTESIAN_POINT('',(0.809783516009,-0.203116666886));
#4739 = CARTESIAN_POINT('',(0.819119799794,-0.203265633314));
#4740 = CARTESIAN_POINT('',(0.820492782874,-0.203288593058));
#4741 = CARTESIAN_POINT('',(0.821865765943,-0.203312605985));
#4742 = CARTESIAN_POINT('',(0.823238748998,-0.203337672383));
#4743 = CARTESIAN_POINT('',(0.824611732041,-0.203363792556));
#4744 = CARTESIAN_POINT('',(0.82598471507,-0.203390966829));
#4745 = CARTESIAN_POINT('',(0.827357698085,-0.203419195543));
#4746 = CARTESIAN_POINT('',(0.82935832851,-0.203461865768));
#4747 = CARTESIAN_POINT('',(0.829985975932,-0.203475472908));
#4748 = CARTESIAN_POINT('',(0.830613623351,-0.203489300512));
#4749 = CARTESIAN_POINT('',(0.831241270767,-0.203503348616));
#4750 = CARTESIAN_POINT('',(0.83186891818,-0.203517617256));
#4751 = CARTESIAN_POINT('',(0.832496565589,-0.203532106469));
#4752 = CARTESIAN_POINT('',(0.833124212995,-0.203546816292));
#4753 = CARTESIAN_POINT('',(0.837792353405,-0.203657861985));
#4754 = CARTESIAN_POINT('',(0.841832846275,-0.203763121279));
#4755 = CARTESIAN_POINT('',(0.845873338991,-0.203877534844));
#4756 = CARTESIAN_POINT('',(0.849913831541,-0.204001114283));
#4757 = CARTESIAN_POINT('',(0.853954323907,-0.204133872605));
#4758 = CARTESIAN_POINT('',(0.857994816076,-0.204275824222));
#4759 = CARTESIAN_POINT('',(0.862035308032,-0.204426984951));
#4760 = CARTESIAN_POINT('',(0.872352329249,-0.204836518453));
#4761 = CARTESIAN_POINT('',(0.878628858218,-0.205107929052));
#4762 = CARTESIAN_POINT('',(0.884905386604,-0.205401667965));
#4763 = CARTESIAN_POINT('',(0.891181914344,-0.205717808286));
#4764 = CARTESIAN_POINT('',(0.897458441374,-0.206056432055));
#4765 = CARTESIAN_POINT('',(0.903734967629,-0.206417630251));
#4766 = CARTESIAN_POINT('',(0.910011493043,-0.206801502797));
#4767 = CARTESIAN_POINT('',(0.920956216235,-0.20751061096));
#4768 = CARTESIAN_POINT('',(0.925624414436,-0.207825666673));
#4769 = CARTESIAN_POINT('',(0.930292612128,-0.208153370548));
#4770 = CARTESIAN_POINT('',(0.934960809283,-0.208493770569));
#4771 = CARTESIAN_POINT('',(0.939629005874,-0.20884691786));
#4772 = CARTESIAN_POINT('',(0.944297201874,-0.20921286668));
#4773 = CARTESIAN_POINT('',(0.948965397255,-0.209591674423));
#4774 = CARTESIAN_POINT('',(0.954928143086,-0.210092032669));
#4775 = CARTESIAN_POINT('',(0.956222694134,-0.210201657262));
#4776 = CARTESIAN_POINT('',(0.957517245132,-0.210312276697));
#4777 = CARTESIAN_POINT('',(0.95881179608,-0.210423892291));
#4778 = CARTESIAN_POINT('',(0.960106346977,-0.210536505378));
#4779 = CARTESIAN_POINT('',(0.961400897822,-0.210650117315));
#4780 = CARTESIAN_POINT('',(0.962695448615,-0.210764729479));
#4781 = CARTESIAN_POINT('',(0.973797275491,-0.211756211855));
#4782 = CARTESIAN_POINT('',(0.983604548811,-0.212689574301));
#4783 = CARTESIAN_POINT('',(0.993411818988,-0.213681023218));
#4784 = CARTESIAN_POINT('',(1.003219085682,-0.214731233616));
#4785 = CARTESIAN_POINT('',(1.013026348535,-0.215840962898));
#4786 = CARTESIAN_POINT('',(1.022833607171,-0.217011050865));
#4787 = CARTESIAN_POINT('',(1.032640861199,-0.218242419707));
#4788 = CARTESIAN_POINT('',(1.05170637239,-0.220757312583));
#4789 = CARTESIAN_POINT('',(1.060964630454,-0.222034077862));
#4790 = CARTESIAN_POINT('',(1.070222884067,-0.223367207417));
#4791 = CARTESIAN_POINT('',(1.07948113287,-0.224757640349));
#4792 = CARTESIAN_POINT('',(1.088739376476,-0.226206417299));
#4793 = CARTESIAN_POINT('',(1.097997614475,-0.227714680444));
#4794 = CARTESIAN_POINT('',(1.10725584643,-0.229283673497));
#4795 = CARTESIAN_POINT('',(1.12577258003,-0.232545859731));
#4796 = CARTESIAN_POINT('',(1.135031081989,-0.234239094098));
#4797 = CARTESIAN_POINT('',(1.144289577304,-0.235995769669));
#4798 = CARTESIAN_POINT('',(1.15354806547,-0.237817385321));
#4799 = CARTESIAN_POINT('',(1.162806545935,-0.239705613952));
#4800 = CARTESIAN_POINT('',(1.172065018093,-0.241662302482));
#4801 = CARTESIAN_POINT('',(1.181323481287,-0.243689471851));
#4802 = CARTESIAN_POINT('',(1.199840744361,-0.247889242935));
#4803 = CARTESIAN_POINT('',(1.209099544528,-0.250061936605));
#4804 = CARTESIAN_POINT('',(1.218358334634,-0.252309538145));
#4805 = CARTESIAN_POINT('',(1.227617113885,-0.254634527166));
#4806 = CARTESIAN_POINT('',(1.236875881377,-0.257039722767));
#4807 = CARTESIAN_POINT('',(1.24613463609,-0.259528283543));
#4808 = CARTESIAN_POINT('',(1.255393376892,-0.262103707578));
#4809 = CARTESIAN_POINT('',(1.273911282756,-0.26743608822));
#4810 = CARTESIAN_POINT('',(1.283170448389,-0.270193105596));
#4811 = CARTESIAN_POINT('',(1.292429597544,-0.273044915483));
#4812 = CARTESIAN_POINT('',(1.301688728771,-0.275995961729));
#4813 = CARTESIAN_POINT('',(1.310947840689,-0.279051290702));
#4814 = CARTESIAN_POINT('',(1.320206931614,-0.282216740878));
#4815 = CARTESIAN_POINT('',(1.329465999185,-0.28549913241));
#4816 = CARTESIAN_POINT('',(1.347984648905,-0.292313990085));
#4817 = CARTESIAN_POINT('',(1.357244231671,-0.295846396143));
#4818 = CARTESIAN_POINT('',(1.366503785089,-0.299512023441));
#4819 = CARTESIAN_POINT('',(1.375763305925,-0.303320044659));
#4820 = CARTESIAN_POINT('',(1.385022790355,-0.307281280684));
#4821 = CARTESIAN_POINT('',(1.394282233419,-0.311409024695));
#4822 = CARTESIAN_POINT('',(1.403541628459,-0.315719866245));
#4823 = CARTESIAN_POINT('',(1.422061182277,-0.324749592334));
#4824 = CARTESIAN_POINT('',(1.431321337347,-0.329468920028));
#4825 = CARTESIAN_POINT('',(1.440581427474,-0.334412408057));
#4826 = CARTESIAN_POINT('',(1.449841442283,-0.339607946152));
#4827 = CARTESIAN_POINT('',(1.459101366361,-0.34508826693));
#4828 = CARTESIAN_POINT('',(1.468361177552,-0.350895011079));
#4829 = CARTESIAN_POINT('',(1.477620842539,-0.357089994949));
#4830 = CARTESIAN_POINT('',(1.491510732063,-0.36711602054));
#4831 = CARTESIAN_POINT('',(1.496141101384,-0.370580797906));
#4832 = CARTESIAN_POINT('',(1.500771413639,-0.374180319413));
#4833 = CARTESIAN_POINT('',(1.505401660123,-0.377931029004));
#4834 = CARTESIAN_POINT('',(1.510031828124,-0.381852357511));
#4835 = CARTESIAN_POINT('',(1.514661899891,-0.385968856259));
#4836 = CARTESIAN_POINT('',(1.5192918499,-0.390315614554));
#4837 = CARTESIAN_POINT('',(1.526236946965,-0.397263045794));
#4838 = CARTESIAN_POINT('',(1.528552211964,-0.399650137662));
#4839 = CARTESIAN_POINT('',(1.530867431019,-0.40211576596));
#4840 = CARTESIAN_POINT('',(1.533182598209,-0.404667835377));
#4841 = CARTESIAN_POINT('',(1.535497705089,-0.407316036842));
#4842 = CARTESIAN_POINT('',(1.537812739713,-0.410073258346));
#4843 = CARTESIAN_POINT('',(1.540127685653,-0.412956995775));
#4844 = CARTESIAN_POINT('',(1.544741733862,-0.419004057181));
#4845 = CARTESIAN_POINT('',(1.547040776304,-0.42216597729));
#4846 = CARTESIAN_POINT('',(1.549339687771,-0.425497570897));
#4847 = CARTESIAN_POINT('',(1.551638448264,-0.429041691926));
#4848 = CARTESIAN_POINT('',(1.553937037624,-0.432817918791));
#4849 = CARTESIAN_POINT('',(1.556235303108,-0.436933807944));
#4850 = CARTESIAN_POINT('',(1.558533127981,-0.441436893708));
#4851 = CARTESIAN_POINT('',(1.561483760698,-0.448160468233));
#4852 = CARTESIAN_POINT('',(1.562137380373,-0.449709609672));
#4853 = CARTESIAN_POINT('',(1.562790912223,-0.451325072162));
#4854 = CARTESIAN_POINT('',(1.563444339919,-0.453019024791));
#4855 = CARTESIAN_POINT('',(1.564097636538,-0.454804820326));
#4856 = CARTESIAN_POINT('',(1.564750761311,-0.456699231228));
#4857 = CARTESIAN_POINT('',(1.565403644997,-0.458731125871));
#4858 = CARTESIAN_POINT('',(1.56637424296,-0.462041414888));
#4859 = CARTESIAN_POINT('',(1.566692207654,-0.463172712211));
#4860 = CARTESIAN_POINT('',(1.567010071076,-0.464355458303));
#4861 = CARTESIAN_POINT('',(1.567327812373,-0.465601058648));
#4862 = CARTESIAN_POINT('',(1.56764539615,-0.466921123293));
#4863 = CARTESIAN_POINT('',(1.56796276822,-0.46832960888));
#4864 = CARTESIAN_POINT('',(1.568279827658,-0.469853322262));
#4865 = CARTESIAN_POINT('',(1.568702698408,-0.472120936519));
#4866 = CARTESIAN_POINT('',(1.568808953897,-0.472711496904));
#4867 = CARTESIAN_POINT('',(1.568915142615,-0.473323490608));
#4868 = CARTESIAN_POINT('',(1.569021255449,-0.473959567341));
#4869 = CARTESIAN_POINT('',(1.56912727319,-0.474624002757));
#4870 = CARTESIAN_POINT('',(1.569233166529,-0.475322698457));
#4871 = CARTESIAN_POINT('',(1.569338896063,-0.476063181985));
#4872 = CARTESIAN_POINT('',(1.569514757812,-0.477382233703));
#4873 = CARTESIAN_POINT('',(1.569584953476,-0.477935594009));
#4874 = CARTESIAN_POINT('',(1.569655041659,-0.478513570726));
#4875 = CARTESIAN_POINT('',(1.569725018487,-0.47911957347));
#4876 = CARTESIAN_POINT('',(1.569794833831,-0.479761538504));
#4877 = CARTESIAN_POINT('',(1.569864391309,-0.480451928733));
#4878 = CARTESIAN_POINT('',(1.569933548283,-0.481207733706));
#4879 = CARTESIAN_POINT('',(1.570002115862,-0.482050469616));
#4880 = ( GEOMETRIC_REPRESENTATION_CONTEXT(2) 
PARAMETRIC_REPRESENTATION_CONTEXT() REPRESENTATION_CONTEXT('2D SPACE',''
  ) );
#4881 = ADVANCED_FACE('',(#4882),#693,.T.);
#4882 = FACE_BOUND('',#4883,.T.);
#4883 = EDGE_LOOP('',(#4884,#4908,#4909,#4910));
#4884 = ORIENTED_EDGE('',*,*,#4885,.T.);
#4885 = EDGE_CURVE('',#4886,#673,#4888,.T.);
#4886 = VERTEX_POINT('',#4887);
#4887 = CARTESIAN_POINT('',(-936.6199967142,-488.9103531366,
    90.065108182052));
#4888 = SURFACE_CURVE('',#4889,(#4894,#4901),.PCURVE_S1.);
#4889 = CIRCLE('',#4890,2.);
#4890 = AXIS2_PLACEMENT_3D('',#4891,#4892,#4893);
#4891 = CARTESIAN_POINT('',(-938.6199967142,-488.9103531366,
    90.065108182052));
#4892 = DIRECTION('',(-2.940346835074E-17,-0.258819045103,
    -0.965925826289));
#4893 = DIRECTION('',(1.,-1.050497185157E-16,-2.292723163516E-18));
#4894 = PCURVE('',#693,#4895);
#4895 = DEFINITIONAL_REPRESENTATION('',(#4896),#4900);
#4896 = LINE('',#4897,#4898);
#4897 = CARTESIAN_POINT('',(6.28318530718,3.14159265359));
#4898 = VECTOR('',#4899,1.);
#4899 = DIRECTION('',(0.,1.));
#4900 = ( GEOMETRIC_REPRESENTATION_CONTEXT(2) 
PARAMETRIC_REPRESENTATION_CONTEXT() REPRESENTATION_CONTEXT('2D SPACE',''
  ) );
#4901 = PCURVE('',#721,#4902);
#4902 = DEFINITIONAL_REPRESENTATION('',(#4903),#4907);
#4903 = LINE('',#4904,#4905);
#4904 = CARTESIAN_POINT('',(0.785398163397,-115.));
#4905 = VECTOR('',#4906,1.);
#4906 = DIRECTION('',(-1.,0.));
#4907 = ( GEOMETRIC_REPRESENTATION_CONTEXT(2) 
PARAMETRIC_REPRESENTATION_CONTEXT() REPRESENTATION_CONTEXT('2D SPACE',''
  ) );
#4908 = ORIENTED_EDGE('',*,*,#672,.T.);
#4909 = ORIENTED_EDGE('',*,*,#1039,.F.);
#4910 = ORIENTED_EDGE('',*,*,#4911,.T.);
#4911 = EDGE_CURVE('',#1040,#4886,#4912,.T.);
#4912 = SURFACE_CURVE('',#4913,(#4918,#4925),.PCURVE_S1.);
#4913 = CIRCLE('',#4914,50.);
#4914 = AXIS2_PLACEMENT_3D('',#4915,#4916,#4917);
#4915 = CARTESIAN_POINT('',(-886.6199967142,-488.9103531366,
    90.065108182052));
#4916 = DIRECTION('',(9.35940129424E-17,0.965925826289,-0.258819045103)
  );
#4917 = DIRECTION('',(-0.707106781187,-0.183012701892,-0.683012701892));
#4918 = PCURVE('',#693,#4919);
#4919 = DEFINITIONAL_REPRESENTATION('',(#4920),#4924);
#4920 = LINE('',#4921,#4922);
#4921 = CARTESIAN_POINT('',(-0.785398163397,3.14159265359));
#4922 = VECTOR('',#4923,1.);
#4923 = DIRECTION('',(1.,2.827159716856E-15));
#4924 = ( GEOMETRIC_REPRESENTATION_CONTEXT(2) 
PARAMETRIC_REPRESENTATION_CONTEXT() REPRESENTATION_CONTEXT('2D SPACE',''
  ) );
#4925 = PCURVE('',#4926,#4931);
#4926 = CYLINDRICAL_SURFACE('',#4927,50.);
#4927 = AXIS2_PLACEMENT_3D('',#4928,#4929,#4930);
#4928 = CARTESIAN_POINT('',(-886.6199967142,-471.5236882634,
    85.406365370207));
#4929 = DIRECTION('',(-1.008768357388E-16,-0.965925826289,0.258819045103
    ));
#4930 = DIRECTION('',(2.63513179075E-15,-0.258819045103,-0.965925826289)
  );
#4931 = DEFINITIONAL_REPRESENTATION('',(#4932),#4936);
#4932 = LINE('',#4933,#4934);
#4933 = CARTESIAN_POINT('',(11.780972450961,18.));
#4934 = VECTOR('',#4935,1.);
#4935 = DIRECTION('',(-1.,0.));
#4936 = ( GEOMETRIC_REPRESENTATION_CONTEXT(2) 
PARAMETRIC_REPRESENTATION_CONTEXT() REPRESENTATION_CONTEXT('2D SPACE',''
  ) );
#4937 = ADVANCED_FACE('',(#4938),#721,.T.);
#4938 = FACE_BOUND('',#4939,.T.);
#4939 = EDGE_LOOP('',(#4940,#4964,#4965,#4966));
#4940 = ORIENTED_EDGE('',*,*,#4941,.T.);
#4941 = EDGE_CURVE('',#4942,#706,#4944,.T.);
#4942 = VERTEX_POINT('',#4943);
#4943 = CARTESIAN_POINT('',(-936.6199967142,-369.8535923895,
    534.39098827502));
#4944 = SURFACE_CURVE('',#4945,(#4950,#4957),.PCURVE_S1.);
#4945 = CIRCLE('',#4946,2.);
#4946 = AXIS2_PLACEMENT_3D('',#4947,#4948,#4949);
#4947 = CARTESIAN_POINT('',(-938.6199967142,-369.8535923895,
    534.39098827502));
#4948 = DIRECTION('',(-2.940346835074E-17,-0.258819045103,
    -0.965925826289));
#4949 = DIRECTION('',(1.,-1.050497185157E-16,-2.292723163516E-18));
#4950 = PCURVE('',#721,#4951);
#4951 = DEFINITIONAL_REPRESENTATION('',(#4952),#4956);
#4952 = LINE('',#4953,#4954);
#4953 = CARTESIAN_POINT('',(0.785398163398,345.));
#4954 = VECTOR('',#4955,1.);
#4955 = DIRECTION('',(-1.,0.));
#4956 = ( GEOMETRIC_REPRESENTATION_CONTEXT(2) 
PARAMETRIC_REPRESENTATION_CONTEXT() REPRESENTATION_CONTEXT('2D SPACE',''
  ) );
#4957 = PCURVE('',#754,#4958);
#4958 = DEFINITIONAL_REPRESENTATION('',(#4959),#4963);
#4959 = LINE('',#4960,#4961);
#4960 = CARTESIAN_POINT('',(0.,3.14159265359));
#4961 = VECTOR('',#4962,1.);
#4962 = DIRECTION('',(0.,1.));
#4963 = ( GEOMETRIC_REPRESENTATION_CONTEXT(2) 
PARAMETRIC_REPRESENTATION_CONTEXT() REPRESENTATION_CONTEXT('2D SPACE',''
  ) );
#4964 = ORIENTED_EDGE('',*,*,#705,.T.);
#4965 = ORIENTED_EDGE('',*,*,#4885,.F.);
#4966 = ORIENTED_EDGE('',*,*,#4967,.T.);
#4967 = EDGE_CURVE('',#4886,#4942,#4968,.T.);
#4968 = SURFACE_CURVE('',#4969,(#4973,#4980),.PCURVE_S1.);
#4969 = LINE('',#4970,#4971);
#4970 = CARTESIAN_POINT('',(-936.6199967142,-459.1461629499,
    201.14657820529));
#4971 = VECTOR('',#4972,1.);
#4972 = DIRECTION('',(-6.713766422536E-17,0.258819045103,0.965925826289)
  );
#4973 = PCURVE('',#721,#4974);
#4974 = DEFINITIONAL_REPRESENTATION('',(#4975),#4979);
#4975 = LINE('',#4976,#4977);
#4976 = CARTESIAN_POINT('',(0.785398163397,-1.42108547152E-14));
#4977 = VECTOR('',#4978,1.);
#4978 = DIRECTION('',(0.,1.));
#4979 = ( GEOMETRIC_REPRESENTATION_CONTEXT(2) 
PARAMETRIC_REPRESENTATION_CONTEXT() REPRESENTATION_CONTEXT('2D SPACE',''
  ) );
#4980 = PCURVE('',#4981,#4986);
#4981 = PLANE('',#4982);
#4982 = AXIS2_PLACEMENT_3D('',#4983,#4984,#4985);
#4983 = CARTESIAN_POINT('',(-936.6199967142,-471.5236882634,
    85.406365370207));
#4984 = DIRECTION('',(1.,-8.006303476922E-17,9.095885009088E-17));
#4985 = DIRECTION('',(-6.713766422531E-17,0.258819045103,0.965925826289)
  );
#4986 = DEFINITIONAL_REPRESENTATION('',(#4987),#4991);
#4987 = LINE('',#4988,#4989);
#4988 = CARTESIAN_POINT('',(114.99999999996,18.000000000138));
#4989 = VECTOR('',#4990,1.);
#4990 = DIRECTION('',(1.,-1.683068898099E-18));
#4991 = ( GEOMETRIC_REPRESENTATION_CONTEXT(2) 
PARAMETRIC_REPRESENTATION_CONTEXT() REPRESENTATION_CONTEXT('2D SPACE',''
  ) );
#4992 = ADVANCED_FACE('',(#4993),#754,.T.);
#4993 = FACE_BOUND('',#4994,.T.);
#4994 = EDGE_LOOP('',(#4995,#4996,#4997,#4998));
#4995 = ORIENTED_EDGE('',*,*,#793,.T.);
#4996 = ORIENTED_EDGE('',*,*,#733,.T.);
#4997 = ORIENTED_EDGE('',*,*,#4941,.F.);
#4998 = ORIENTED_EDGE('',*,*,#4999,.T.);
#4999 = EDGE_CURVE('',#4942,#794,#5000,.T.);
#5000 = SURFACE_CURVE('',#5001,(#5006,#5013),.PCURVE_S1.);
#5001 = CIRCLE('',#5002,50.);
#5002 = AXIS2_PLACEMENT_3D('',#5003,#5004,#5005);
#5003 = CARTESIAN_POINT('',(-886.6199967142,-369.8535923895,
    534.39098827502));
#5004 = DIRECTION('',(1.122153429892E-16,0.965925826289,-0.258819045103)
  );
#5005 = DIRECTION('',(-0.707106781187,0.183012701892,0.683012701892));
#5006 = PCURVE('',#754,#5007);
#5007 = DEFINITIONAL_REPRESENTATION('',(#5008),#5012);
#5008 = LINE('',#5009,#5010);
#5009 = CARTESIAN_POINT('',(-5.497787143782,3.14159265359));
#5010 = VECTOR('',#5011,1.);
#5011 = DIRECTION('',(1.,-8.481479150569E-16));
#5012 = ( GEOMETRIC_REPRESENTATION_CONTEXT(2) 
PARAMETRIC_REPRESENTATION_CONTEXT() REPRESENTATION_CONTEXT('2D SPACE',''
  ) );
#5013 = PCURVE('',#5014,#5019);
#5014 = CYLINDRICAL_SURFACE('',#5015,50.);
#5015 = AXIS2_PLACEMENT_3D('',#5016,#5017,#5018);
#5016 = CARTESIAN_POINT('',(-886.6199967142,-352.4669275163,
    529.73224546317));
#5017 = DIRECTION('',(-1.008768357388E-16,-0.965925826289,0.258819045103
    ));
#5018 = DIRECTION('',(-1.,-1.248277719522E-16,-8.556217507773E-16));
#5019 = DEFINITIONAL_REPRESENTATION('',(#5020),#5024);
#5020 = LINE('',#5021,#5022);
#5021 = CARTESIAN_POINT('',(11.780972450962,18.));
#5022 = VECTOR('',#5023,1.);
#5023 = DIRECTION('',(-1.,0.));
#5024 = ( GEOMETRIC_REPRESENTATION_CONTEXT(2) 
PARAMETRIC_REPRESENTATION_CONTEXT() REPRESENTATION_CONTEXT('2D SPACE',''
  ) );
#5025 = ADVANCED_FACE('',(#5026),#831,.T.);
#5026 = FACE_BOUND('',#5027,.T.);
#5027 = EDGE_LOOP('',(#5028,#5029,#5052,#5078));
#5028 = ORIENTED_EDGE('',*,*,#817,.F.);
#5029 = ORIENTED_EDGE('',*,*,#5030,.F.);
#5030 = EDGE_CURVE('',#5031,#794,#5033,.T.);
#5031 = VERTEX_POINT('',#5032);
#5032 = CARTESIAN_POINT('',(-886.6199967142,-341.4578269137,
    578.54617486783));
#5033 = SURFACE_CURVE('',#5034,(#5038,#5045),.PCURVE_S1.);
#5034 = LINE('',#5035,#5036);
#5035 = CARTESIAN_POINT('',(-886.6199967142,-339.5259752612,
    578.02853677763));
#5036 = VECTOR('',#5037,1.);
#5037 = DIRECTION('',(-1.008768357388E-16,-0.965925826289,0.258819045103
    ));
#5038 = PCURVE('',#831,#5039);
#5039 = DEFINITIONAL_REPRESENTATION('',(#5040),#5044);
#5040 = LINE('',#5041,#5042);
#5041 = CARTESIAN_POINT('',(0.,0.));
#5042 = VECTOR('',#5043,1.);
#5043 = DIRECTION('',(-5.813808594279E-29,1.));
#5044 = ( GEOMETRIC_REPRESENTATION_CONTEXT(2) 
PARAMETRIC_REPRESENTATION_CONTEXT() REPRESENTATION_CONTEXT('2D SPACE',''
  ) );
#5045 = PCURVE('',#5014,#5046);
#5046 = DEFINITIONAL_REPRESENTATION('',(#5047),#5051);
#5047 = LINE('',#5048,#5049);
#5048 = CARTESIAN_POINT('',(4.712388980385,1.036948305E-13));
#5049 = VECTOR('',#5050,1.);
#5050 = DIRECTION('',(0.,1.));
#5051 = ( GEOMETRIC_REPRESENTATION_CONTEXT(2) 
PARAMETRIC_REPRESENTATION_CONTEXT() REPRESENTATION_CONTEXT('2D SPACE',''
  ) );
#5052 = ORIENTED_EDGE('',*,*,#5053,.F.);
#5053 = EDGE_CURVE('',#848,#5031,#5054,.T.);
#5054 = SURFACE_CURVE('',#5055,(#5059,#5066),.PCURVE_S1.);
#5055 = LINE('',#5056,#5057);
#5056 = CARTESIAN_POINT('',(-721.6199967142,-341.4578269137,
    578.54617486783));
#5057 = VECTOR('',#5058,1.);
#5058 = DIRECTION('',(-1.,1.224646799147E-16,6.728624391668E-17));
#5059 = PCURVE('',#831,#5060);
#5060 = DEFINITIONAL_REPRESENTATION('',(#5061),#5065);
#5061 = LINE('',#5062,#5063);
#5062 = CARTESIAN_POINT('',(165.,1.999999999923));
#5063 = VECTOR('',#5064,1.);
#5064 = DIRECTION('',(-1.,2.122394096032E-32));
#5065 = ( GEOMETRIC_REPRESENTATION_CONTEXT(2) 
PARAMETRIC_REPRESENTATION_CONTEXT() REPRESENTATION_CONTEXT('2D SPACE',''
  ) );
#5066 = PCURVE('',#5067,#5072);
#5067 = CYLINDRICAL_SURFACE('',#5068,2.);
#5068 = AXIS2_PLACEMENT_3D('',#5069,#5070,#5071);
#5069 = CARTESIAN_POINT('',(-721.6199967142,-340.9401888235,
    580.47802652041));
#5070 = DIRECTION('',(-1.,1.224646799147E-16,6.728624391668E-17));
#5071 = DIRECTION('',(2.9607434003E-18,0.5,-0.866025403784));
#5072 = DEFINITIONAL_REPRESENTATION('',(#5073),#5077);
#5073 = LINE('',#5074,#5075);
#5074 = CARTESIAN_POINT('',(7.068583470577,0.));
#5075 = VECTOR('',#5076,1.);
#5076 = DIRECTION('',(-6.089405074459E-17,1.));
#5077 = ( GEOMETRIC_REPRESENTATION_CONTEXT(2) 
PARAMETRIC_REPRESENTATION_CONTEXT() REPRESENTATION_CONTEXT('2D SPACE',''
  ) );
#5078 = ORIENTED_EDGE('',*,*,#876,.T.);
#5079 = ADVANCED_FACE('',(#5080),#864,.T.);
#5080 = FACE_BOUND('',#5081,.T.);
#5081 = EDGE_LOOP('',(#5082,#5106,#5128,#5129));
#5082 = ORIENTED_EDGE('',*,*,#5083,.T.);
#5083 = EDGE_CURVE('',#848,#5084,#5086,.T.);
#5084 = VERTEX_POINT('',#5085);
#5085 = CARTESIAN_POINT('',(-226.6199967142,-339.0083371709,
    579.96038843021));
#5086 = SURFACE_CURVE('',#5087,(#5092,#5099),.PCURVE_S1.);
#5087 = CIRCLE('',#5088,2.);
#5088 = AXIS2_PLACEMENT_3D('',#5089,#5090,#5091);
#5089 = CARTESIAN_POINT('',(-226.6199967142,-340.9401888235,
    580.47802652041));
#5090 = DIRECTION('',(1.,-5.851986980202E-15,-2.145015457169E-14));
#5091 = DIRECTION('',(-2.223386396086E-14,-0.258819045103,
    -0.965925826289));
#5092 = PCURVE('',#864,#5093);
#5093 = DEFINITIONAL_REPRESENTATION('',(#5094),#5098);
#5094 = LINE('',#5095,#5096);
#5095 = CARTESIAN_POINT('',(1.570796326795,3.14159265359));
#5096 = VECTOR('',#5097,1.);
#5097 = DIRECTION('',(-7.06789929214E-16,1.));
#5098 = ( GEOMETRIC_REPRESENTATION_CONTEXT(2) 
PARAMETRIC_REPRESENTATION_CONTEXT() REPRESENTATION_CONTEXT('2D SPACE',''
  ) );
#5099 = PCURVE('',#5067,#5100);
#5100 = DEFINITIONAL_REPRESENTATION('',(#5101),#5105);
#5101 = LINE('',#5102,#5103);
#5102 = CARTESIAN_POINT('',(7.068583470578,-495.));
#5103 = VECTOR('',#5104,1.);
#5104 = DIRECTION('',(-1.,-3.618764437563E-14));
#5105 = ( GEOMETRIC_REPRESENTATION_CONTEXT(2) 
PARAMETRIC_REPRESENTATION_CONTEXT() REPRESENTATION_CONTEXT('2D SPACE',''
  ) );
#5106 = ORIENTED_EDGE('',*,*,#5107,.T.);
#5107 = EDGE_CURVE('',#5084,#902,#5108,.T.);
#5108 = SURFACE_CURVE('',#5109,(#5114,#5121),.PCURVE_S1.);
#5109 = CIRCLE('',#5110,52.);
#5110 = AXIS2_PLACEMENT_3D('',#5111,#5112,#5113);
#5111 = CARTESIAN_POINT('',(-226.6199967142,-352.4669275163,
    529.73224546317));
#5112 = DIRECTION('',(7.463660224859E-17,0.965925826289,-0.258819045103)
  );
#5113 = DIRECTION('',(0.707106781187,0.183012701892,0.683012701892));
#5114 = PCURVE('',#864,#5115);
#5115 = DEFINITIONAL_REPRESENTATION('',(#5116),#5120);
#5116 = LINE('',#5117,#5118);
#5117 = CARTESIAN_POINT('',(7.068583470577,4.712388980389));
#5118 = VECTOR('',#5119,1.);
#5119 = DIRECTION('',(-1.,-5.790023100122E-13));
#5120 = ( GEOMETRIC_REPRESENTATION_CONTEXT(2) 
PARAMETRIC_REPRESENTATION_CONTEXT() REPRESENTATION_CONTEXT('2D SPACE',''
  ) );
#5121 = PCURVE('',#941,#5122);
#5122 = DEFINITIONAL_REPRESENTATION('',(#5123),#5127);
#5123 = CIRCLE('',#5124,52.);
#5124 = AXIS2_PLACEMENT_2D('',#5125,#5126);
#5125 = CARTESIAN_POINT('',(-330.,230.));
#5126 = DIRECTION('',(-0.707106781187,0.707106781186));
#5127 = ( GEOMETRIC_REPRESENTATION_CONTEXT(2) 
PARAMETRIC_REPRESENTATION_CONTEXT() REPRESENTATION_CONTEXT('2D SPACE',''
  ) );
#5128 = ORIENTED_EDGE('',*,*,#901,.F.);
#5129 = ORIENTED_EDGE('',*,*,#847,.T.);
#5130 = ADVANCED_FACE('',(#5131,#5377),#941,.T.);
#5131 = FACE_BOUND('',#5132,.T.);
#5132 = EDGE_LOOP('',(#5133,#5168,#5196,#5229,#5257,#5290,#5318,#5351));
#5133 = ORIENTED_EDGE('',*,*,#5134,.F.);
#5134 = EDGE_CURVE('',#5135,#5137,#5139,.T.);
#5135 = VERTEX_POINT('',#5136);
#5136 = CARTESIAN_POINT('',(-173.6199967142,-352.4669275163,
    529.73224546317));
#5137 = VERTEX_POINT('',#5138);
#5138 = CARTESIAN_POINT('',(-226.6199967142,-338.7495181258,
    580.92631425649));
#5139 = SURFACE_CURVE('',#5140,(#5145,#5156),.PCURVE_S1.);
#5140 = CIRCLE('',#5141,53.);
#5141 = AXIS2_PLACEMENT_3D('',#5142,#5143,#5144);
#5142 = CARTESIAN_POINT('',(-226.6199967142,-352.4669275163,
    529.73224546317));
#5143 = DIRECTION('',(-7.463660224859E-17,-0.965925826289,0.258819045103
    ));
#5144 = DIRECTION('',(0.707106781187,0.183012701892,0.683012701892));
#5145 = PCURVE('',#941,#5146);
#5146 = DEFINITIONAL_REPRESENTATION('',(#5147),#5155);
#5147 = ( BOUNDED_CURVE() B_SPLINE_CURVE(2,(#5148,#5149,#5150,#5151,
#5152,#5153,#5154),.UNSPECIFIED.,.T.,.F.) B_SPLINE_CURVE_WITH_KNOTS((1,2
    ,2,2,2,1),(-2.094395102393,0.,2.094395102393,4.188790204786,
6.28318530718,8.377580409573),.UNSPECIFIED.) CURVE() 
GEOMETRIC_REPRESENTATION_ITEM() RATIONAL_B_SPLINE_CURVE((1.,0.5,1.,0.5,
1.,0.5,1.)) REPRESENTATION_ITEM('') );
#5148 = CARTESIAN_POINT('',(-367.4766594029,267.47665940286));
#5149 = CARTESIAN_POINT('',(-302.5651812191,332.38813758665));
#5150 = CARTESIAN_POINT('',(-278.8059312066,243.71740939045));
#5151 = CARTESIAN_POINT('',(-255.0466811941,155.04668119426));
#5152 = CARTESIAN_POINT('',(-343.7174093904,178.80593120667));
#5153 = CARTESIAN_POINT('',(-432.3881375866,202.56518121908));
#5154 = CARTESIAN_POINT('',(-367.4766594029,267.47665940286));
#5155 = ( GEOMETRIC_REPRESENTATION_CONTEXT(2) 
PARAMETRIC_REPRESENTATION_CONTEXT() REPRESENTATION_CONTEXT('2D SPACE',''
  ) );
#5156 = PCURVE('',#5157,#5162);
#5157 = TOROIDAL_SURFACE('',#5158,53.,10.);
#5158 = AXIS2_PLACEMENT_3D('',#5159,#5160,#5161);
#5159 = CARTESIAN_POINT('',(-226.6199967142,-362.1261857792,
    532.3204359142));
#5160 = DIRECTION('',(1.008768357388E-16,0.965925826289,-0.258819045103)
  );
#5161 = DIRECTION('',(-1.,9.743954091442E-17,-2.610884629888E-17));
#5162 = DEFINITIONAL_REPRESENTATION('',(#5163),#5167);
#5163 = LINE('',#5164,#5165);
#5164 = CARTESIAN_POINT('',(8.639379797372,1.570796326795));
#5165 = VECTOR('',#5166,1.);
#5166 = DIRECTION('',(-1.,-2.360678363575E-14));
#5167 = ( GEOMETRIC_REPRESENTATION_CONTEXT(2) 
PARAMETRIC_REPRESENTATION_CONTEXT() REPRESENTATION_CONTEXT('2D SPACE',''
  ) );
#5168 = ORIENTED_EDGE('',*,*,#5169,.F.);
#5169 = EDGE_CURVE('',#5170,#5135,#5172,.T.);
#5170 = VERTEX_POINT('',#5171);
#5171 = CARTESIAN_POINT('',(-173.6199967142,-471.5236882634,
    85.406365370207));
#5172 = SURFACE_CURVE('',#5173,(#5177,#5184),.PCURVE_S1.);
#5173 = LINE('',#5174,#5175);
#5174 = CARTESIAN_POINT('',(-173.6199967142,-441.7594980767,
    196.48783539345));
#5175 = VECTOR('',#5176,1.);
#5176 = DIRECTION('',(2.940346835074E-17,0.258819045103,0.965925826289)
  );
#5177 = PCURVE('',#941,#5178);
#5178 = DEFINITIONAL_REPRESENTATION('',(#5179),#5183);
#5179 = LINE('',#5180,#5181);
#5180 = CARTESIAN_POINT('',(-383.,-115.));
#5181 = VECTOR('',#5182,1.);
#5182 = DIRECTION('',(5.85880823107E-29,1.));
#5183 = ( GEOMETRIC_REPRESENTATION_CONTEXT(2) 
PARAMETRIC_REPRESENTATION_CONTEXT() REPRESENTATION_CONTEXT('2D SPACE',''
  ) );
#5184 = PCURVE('',#5185,#5190);
#5185 = CYLINDRICAL_SURFACE('',#5186,10.);
#5186 = AXIS2_PLACEMENT_3D('',#5187,#5188,#5189);
#5187 = CARTESIAN_POINT('',(-173.6199967142,-451.4187563395,
    199.07602584447));
#5188 = DIRECTION('',(-2.940346835074E-17,-0.258819045103,
    -0.965925826289));
#5189 = DIRECTION('',(0.707106781187,0.683012701892,-0.183012701892));
#5190 = DEFINITIONAL_REPRESENTATION('',(#5191),#5195);
#5191 = LINE('',#5192,#5193);
#5192 = CARTESIAN_POINT('',(5.497787143782,-3.126388037344E-13));
#5193 = VECTOR('',#5194,1.);
#5194 = DIRECTION('',(0.,-1.));
#5195 = ( GEOMETRIC_REPRESENTATION_CONTEXT(2) 
PARAMETRIC_REPRESENTATION_CONTEXT() REPRESENTATION_CONTEXT('2D SPACE',''
  ) );
#5196 = ORIENTED_EDGE('',*,*,#5197,.F.);
#5197 = EDGE_CURVE('',#5198,#5170,#5200,.T.);
#5198 = VERTEX_POINT('',#5199);
#5199 = CARTESIAN_POINT('',(-226.6199967142,-485.2410976539,
    34.212296576886));
#5200 = SURFACE_CURVE('',#5201,(#5206,#5217),.PCURVE_S1.);
#5201 = CIRCLE('',#5202,53.);
#5202 = AXIS2_PLACEMENT_3D('',#5203,#5204,#5205);
#5203 = CARTESIAN_POINT('',(-226.6199967142,-471.5236882634,
    85.406365370207));
#5204 = DIRECTION('',(-1.122153429892E-16,-0.965925826289,0.258819045103
    ));
#5205 = DIRECTION('',(0.707106781187,-0.183012701892,-0.683012701892));
#5206 = PCURVE('',#941,#5207);
#5207 = DEFINITIONAL_REPRESENTATION('',(#5208),#5216);
#5208 = ( BOUNDED_CURVE() B_SPLINE_CURVE(2,(#5209,#5210,#5211,#5212,
#5213,#5214,#5215),.UNSPECIFIED.,.T.,.F.) B_SPLINE_CURVE_WITH_KNOTS((1,2
    ,2,2,2,1),(-2.094395102393,0.,2.094395102393,4.188790204786,
6.28318530718,8.377580409573),.UNSPECIFIED.) CURVE() 
GEOMETRIC_REPRESENTATION_ITEM() RATIONAL_B_SPLINE_CURVE((1.,0.5,1.,0.5,
1.,0.5,1.)) REPRESENTATION_ITEM('') );
#5209 = CARTESIAN_POINT('',(-367.4766594029,-267.4766594028));
#5210 = CARTESIAN_POINT('',(-432.3881375866,-202.565181219));
#5211 = CARTESIAN_POINT('',(-343.7174093904,-178.8059312066));
#5212 = CARTESIAN_POINT('',(-255.0466811941,-155.0466811942));
#5213 = CARTESIAN_POINT('',(-278.8059312066,-243.7174093904));
#5214 = CARTESIAN_POINT('',(-302.5651812191,-332.3881375866));
#5215 = CARTESIAN_POINT('',(-367.4766594029,-267.4766594028));
#5216 = ( GEOMETRIC_REPRESENTATION_CONTEXT(2) 
PARAMETRIC_REPRESENTATION_CONTEXT() REPRESENTATION_CONTEXT('2D SPACE',''
  ) );
#5217 = PCURVE('',#5218,#5223);
#5218 = TOROIDAL_SURFACE('',#5219,53.,10.);
#5219 = AXIS2_PLACEMENT_3D('',#5220,#5221,#5222);
#5220 = CARTESIAN_POINT('',(-226.6199967142,-481.1829465263,
    87.994555821232));
#5221 = DIRECTION('',(1.008768357388E-16,0.965925826289,-0.258819045103)
  );
#5222 = DIRECTION('',(-1.,9.743954091442E-17,-2.610884629888E-17));
#5223 = DEFINITIONAL_REPRESENTATION('',(#5224),#5228);
#5224 = LINE('',#5225,#5226);
#5225 = CARTESIAN_POINT('',(10.210176124167,1.570796326795));
#5226 = VECTOR('',#5227,1.);
#5227 = DIRECTION('',(-1.,-6.219751377084E-15));
#5228 = ( GEOMETRIC_REPRESENTATION_CONTEXT(2) 
PARAMETRIC_REPRESENTATION_CONTEXT() REPRESENTATION_CONTEXT('2D SPACE',''
  ) );
#5229 = ORIENTED_EDGE('',*,*,#5230,.F.);
#5230 = EDGE_CURVE('',#5231,#5198,#5233,.T.);
#5231 = VERTEX_POINT('',#5232);
#5232 = CARTESIAN_POINT('',(-886.6199967142,-485.2410976539,
    34.212296576886));
#5233 = SURFACE_CURVE('',#5234,(#5238,#5245),.PCURVE_S1.);
#5234 = LINE('',#5235,#5236);
#5235 = CARTESIAN_POINT('',(-721.6199967142,-485.2410976539,
    34.212296576886));
#5236 = VECTOR('',#5237,1.);
#5237 = DIRECTION('',(1.,-1.224646799147E-16,-6.728624391668E-17));
#5238 = PCURVE('',#941,#5239);
#5239 = DEFINITIONAL_REPRESENTATION('',(#5240),#5244);
#5240 = LINE('',#5241,#5242);
#5241 = CARTESIAN_POINT('',(165.,-282.9999999999));
#5242 = VECTOR('',#5243,1.);
#5243 = DIRECTION('',(-1.,-6.728624391667E-17));
#5244 = ( GEOMETRIC_REPRESENTATION_CONTEXT(2) 
PARAMETRIC_REPRESENTATION_CONTEXT() REPRESENTATION_CONTEXT('2D SPACE',''
  ) );
#5245 = PCURVE('',#5246,#5251);
#5246 = CYLINDRICAL_SURFACE('',#5247,10.);
#5247 = AXIS2_PLACEMENT_3D('',#5248,#5249,#5250);
#5248 = CARTESIAN_POINT('',(-721.6199967142,-494.9003559168,
    36.800487027911));
#5249 = DIRECTION('',(-1.,1.224646799147E-16,6.728624391668E-17));
#5250 = DIRECTION('',(2.9607434003E-18,0.5,-0.866025403784));
#5251 = DEFINITIONAL_REPRESENTATION('',(#5252),#5256);
#5252 = LINE('',#5253,#5254);
#5253 = CARTESIAN_POINT('',(5.497787143783,0.));
#5254 = VECTOR('',#5255,1.);
#5255 = DIRECTION('',(6.728624391668E-18,-1.));
#5256 = ( GEOMETRIC_REPRESENTATION_CONTEXT(2) 
PARAMETRIC_REPRESENTATION_CONTEXT() REPRESENTATION_CONTEXT('2D SPACE',''
  ) );
#5257 = ORIENTED_EDGE('',*,*,#5258,.F.);
#5258 = EDGE_CURVE('',#5259,#5231,#5261,.T.);
#5259 = VERTEX_POINT('',#5260);
#5260 = CARTESIAN_POINT('',(-939.6199967142,-471.5236882634,
    85.406365370207));
#5261 = SURFACE_CURVE('',#5262,(#5267,#5278),.PCURVE_S1.);
#5262 = CIRCLE('',#5263,53.);
#5263 = AXIS2_PLACEMENT_3D('',#5264,#5265,#5266);
#5264 = CARTESIAN_POINT('',(-886.6199967142,-471.5236882634,
    85.406365370207));
#5265 = DIRECTION('',(-9.35940129424E-17,-0.965925826289,0.258819045103)
  );
#5266 = DIRECTION('',(-0.707106781187,-0.183012701892,-0.683012701892));
#5267 = PCURVE('',#941,#5268);
#5268 = DEFINITIONAL_REPRESENTATION('',(#5269),#5277);
#5269 = ( BOUNDED_CURVE() B_SPLINE_CURVE(2,(#5270,#5271,#5272,#5273,
#5274,#5275,#5276),.UNSPECIFIED.,.T.,.F.) B_SPLINE_CURVE_WITH_KNOTS((1,2
    ,2,2,2,1),(-2.094395102393,0.,2.094395102393,4.188790204786,
6.28318530718,8.377580409573),.UNSPECIFIED.) CURVE() 
GEOMETRIC_REPRESENTATION_ITEM() RATIONAL_B_SPLINE_CURVE((1.,0.5,1.,0.5,
1.,0.5,1.)) REPRESENTATION_ITEM('') );
#5270 = CARTESIAN_POINT('',(367.4766594029,-267.4766594028));
#5271 = CARTESIAN_POINT('',(302.56518121918,-332.3881375866));
#5272 = CARTESIAN_POINT('',(278.80593120668,-243.7174093904));
#5273 = CARTESIAN_POINT('',(255.04668119418,-155.0466811942));
#5274 = CARTESIAN_POINT('',(343.7174093904,-178.8059312066));
#5275 = CARTESIAN_POINT('',(432.38813758662,-202.565181219));
#5276 = CARTESIAN_POINT('',(367.4766594029,-267.4766594028));
#5277 = ( GEOMETRIC_REPRESENTATION_CONTEXT(2) 
PARAMETRIC_REPRESENTATION_CONTEXT() REPRESENTATION_CONTEXT('2D SPACE',''
  ) );
#5278 = PCURVE('',#5279,#5284);
#5279 = TOROIDAL_SURFACE('',#5280,53.,10.);
#5280 = AXIS2_PLACEMENT_3D('',#5281,#5282,#5283);
#5281 = CARTESIAN_POINT('',(-886.6199967142,-481.1829465263,
    87.994555821232));
#5282 = DIRECTION('',(1.008768357388E-16,0.965925826289,-0.258819045103)
  );
#5283 = DIRECTION('',(-1.,9.743954091442E-17,-2.610884629888E-17));
#5284 = DEFINITIONAL_REPRESENTATION('',(#5285),#5289);
#5285 = LINE('',#5286,#5287);
#5286 = CARTESIAN_POINT('',(11.780972450962,1.570796326795));
#5287 = VECTOR('',#5288,1.);
#5288 = DIRECTION('',(-1.,5.088887490342E-15));
#5289 = ( GEOMETRIC_REPRESENTATION_CONTEXT(2) 
PARAMETRIC_REPRESENTATION_CONTEXT() REPRESENTATION_CONTEXT('2D SPACE',''
  ) );
#5290 = ORIENTED_EDGE('',*,*,#5291,.F.);
#5291 = EDGE_CURVE('',#5292,#5259,#5294,.T.);
#5292 = VERTEX_POINT('',#5293);
#5293 = CARTESIAN_POINT('',(-939.6199967142,-352.4669275163,
    529.73224546317));
#5294 = SURFACE_CURVE('',#5295,(#5299,#5306),.PCURVE_S1.);
#5295 = LINE('',#5296,#5297);
#5296 = CARTESIAN_POINT('',(-939.6199967142,-382.2311177031,
    418.65077543993));
#5297 = VECTOR('',#5298,1.);
#5298 = DIRECTION('',(6.713766422536E-17,-0.258819045103,-0.965925826289
    ));
#5299 = PCURVE('',#941,#5300);
#5300 = DEFINITIONAL_REPRESENTATION('',(#5301),#5305);
#5301 = LINE('',#5302,#5303);
#5302 = CARTESIAN_POINT('',(383.,115.));
#5303 = VECTOR('',#5304,1.);
#5304 = DIRECTION('',(-9.654113257615E-17,-1.));
#5305 = ( GEOMETRIC_REPRESENTATION_CONTEXT(2) 
PARAMETRIC_REPRESENTATION_CONTEXT() REPRESENTATION_CONTEXT('2D SPACE',''
  ) );
#5306 = PCURVE('',#5307,#5312);
#5307 = CYLINDRICAL_SURFACE('',#5308,10.);
#5308 = AXIS2_PLACEMENT_3D('',#5309,#5310,#5311);
#5309 = CARTESIAN_POINT('',(-939.6199967142,-391.890375966,
    421.23896589096));
#5310 = DIRECTION('',(-6.713766422536E-17,0.258819045103,0.965925826289)
  );
#5311 = DIRECTION('',(-0.707106781187,0.683012701892,-0.183012701892));
#5312 = DEFINITIONAL_REPRESENTATION('',(#5313),#5317);
#5313 = LINE('',#5314,#5315);
#5314 = CARTESIAN_POINT('',(5.497787143783,2.557953848736E-13));
#5315 = VECTOR('',#5316,1.);
#5316 = DIRECTION('',(9.65411325761E-18,-1.));
#5317 = ( GEOMETRIC_REPRESENTATION_CONTEXT(2) 
PARAMETRIC_REPRESENTATION_CONTEXT() REPRESENTATION_CONTEXT('2D SPACE',''
  ) );
#5318 = ORIENTED_EDGE('',*,*,#5319,.F.);
#5319 = EDGE_CURVE('',#5320,#5292,#5322,.T.);
#5320 = VERTEX_POINT('',#5321);
#5321 = CARTESIAN_POINT('',(-886.6199967142,-338.7495181258,
    580.92631425649));
#5322 = SURFACE_CURVE('',#5323,(#5328,#5339),.PCURVE_S1.);
#5323 = CIRCLE('',#5324,53.);
#5324 = AXIS2_PLACEMENT_3D('',#5325,#5326,#5327);
#5325 = CARTESIAN_POINT('',(-886.6199967142,-352.4669275163,
    529.73224546317));
#5326 = DIRECTION('',(-8.445976737354E-17,-0.965925826289,0.258819045103
    ));
#5327 = DIRECTION('',(-0.707106781187,0.183012701892,0.683012701892));
#5328 = PCURVE('',#941,#5329);
#5329 = DEFINITIONAL_REPRESENTATION('',(#5330),#5338);
#5330 = ( BOUNDED_CURVE() B_SPLINE_CURVE(2,(#5331,#5332,#5333,#5334,
#5335,#5336,#5337),.UNSPECIFIED.,.T.,.F.) B_SPLINE_CURVE_WITH_KNOTS((1,2
    ,2,2,2,1),(-2.094395102393,0.,2.094395102393,4.188790204786,
6.28318530718,8.377580409573),.UNSPECIFIED.) CURVE() 
GEOMETRIC_REPRESENTATION_ITEM() RATIONAL_B_SPLINE_CURVE((1.,0.5,1.,0.5,
1.,0.5,1.)) REPRESENTATION_ITEM('') );
#5331 = CARTESIAN_POINT('',(367.4766594029,267.47665940286));
#5332 = CARTESIAN_POINT('',(432.38813758662,202.56518121908));
#5333 = CARTESIAN_POINT('',(343.7174093904,178.80593120667));
#5334 = CARTESIAN_POINT('',(255.04668119418,155.04668119426));
#5335 = CARTESIAN_POINT('',(278.80593120668,243.71740939045));
#5336 = CARTESIAN_POINT('',(302.56518121918,332.38813758665));
#5337 = CARTESIAN_POINT('',(367.4766594029,267.47665940286));
#5338 = ( GEOMETRIC_REPRESENTATION_CONTEXT(2) 
PARAMETRIC_REPRESENTATION_CONTEXT() REPRESENTATION_CONTEXT('2D SPACE',''
  ) );
#5339 = PCURVE('',#5340,#5345);
#5340 = TOROIDAL_SURFACE('',#5341,53.,10.);
#5341 = AXIS2_PLACEMENT_3D('',#5342,#5343,#5344);
#5342 = CARTESIAN_POINT('',(-886.6199967142,-362.1261857792,
    532.3204359142));
#5343 = DIRECTION('',(1.008768357388E-16,0.965925826289,-0.258819045103)
  );
#5344 = DIRECTION('',(-1.,9.743954091442E-17,-2.610884629888E-17));
#5345 = DEFINITIONAL_REPRESENTATION('',(#5346),#5350);
#5346 = LINE('',#5347,#5348);
#5347 = CARTESIAN_POINT('',(7.068583470577,1.570796326794));
#5348 = VECTOR('',#5349,1.);
#5349 = DIRECTION('',(-1.,1.665197073228E-13));
#5350 = ( GEOMETRIC_REPRESENTATION_CONTEXT(2) 
PARAMETRIC_REPRESENTATION_CONTEXT() REPRESENTATION_CONTEXT('2D SPACE',''
  ) );
#5351 = ORIENTED_EDGE('',*,*,#5352,.F.);
#5352 = EDGE_CURVE('',#5137,#5320,#5353,.T.);
#5353 = SURFACE_CURVE('',#5354,(#5358,#5365),.PCURVE_S1.);
#5354 = LINE('',#5355,#5356);
#5355 = CARTESIAN_POINT('',(-391.6199967142,-338.7495181258,
    580.92631425649));
#5356 = VECTOR('',#5357,1.);
#5357 = DIRECTION('',(-1.,1.224646799147E-16,6.728624391668E-17));
#5358 = PCURVE('',#941,#5359);
#5359 = DEFINITIONAL_REPRESENTATION('',(#5360),#5364);
#5360 = LINE('',#5361,#5362);
#5361 = CARTESIAN_POINT('',(-165.,283.00000000001));
#5362 = VECTOR('',#5363,1.);
#5363 = DIRECTION('',(1.,6.728624391667E-17));
#5364 = ( GEOMETRIC_REPRESENTATION_CONTEXT(2) 
PARAMETRIC_REPRESENTATION_CONTEXT() REPRESENTATION_CONTEXT('2D SPACE',''
  ) );
#5365 = PCURVE('',#5366,#5371);
#5366 = CYLINDRICAL_SURFACE('',#5367,10.);
#5367 = AXIS2_PLACEMENT_3D('',#5368,#5369,#5370);
#5368 = CARTESIAN_POINT('',(-391.6199967142,-348.4087763887,
    583.51450470752));
#5369 = DIRECTION('',(1.,-1.224646799147E-16,-6.728624391668E-17));
#5370 = DIRECTION('',(1.397006458308E-16,0.866025403784,0.5));
#5371 = DEFINITIONAL_REPRESENTATION('',(#5372),#5376);
#5372 = LINE('',#5373,#5374);
#5373 = CARTESIAN_POINT('',(-0.785398163397,0.));
#5374 = VECTOR('',#5375,1.);
#5375 = DIRECTION('',(0.,-1.));
#5376 = ( GEOMETRIC_REPRESENTATION_CONTEXT(2) 
PARAMETRIC_REPRESENTATION_CONTEXT() REPRESENTATION_CONTEXT('2D SPACE',''
  ) );
#5377 = FACE_BOUND('',#5378,.T.);
#5378 = EDGE_LOOP('',(#5379,#5409,#5438,#5466,#5488,#5489,#5490,#5513));
#5379 = ORIENTED_EDGE('',*,*,#5380,.F.);
#5380 = EDGE_CURVE('',#5381,#5383,#5385,.T.);
#5381 = VERTEX_POINT('',#5382);
#5382 = CARTESIAN_POINT('',(-938.6199967142,-471.5236882634,
    85.406365370207));
#5383 = VERTEX_POINT('',#5384);
#5384 = CARTESIAN_POINT('',(-938.6199967142,-352.4669275163,
    529.73224546317));
#5385 = SURFACE_CURVE('',#5386,(#5390,#5397),.PCURVE_S1.);
#5386 = LINE('',#5387,#5388);
#5387 = CARTESIAN_POINT('',(-938.6199967142,-441.7594980767,
    196.48783539345));
#5388 = VECTOR('',#5389,1.);
#5389 = DIRECTION('',(-6.713766422536E-17,0.258819045103,0.965925826289)
  );
#5390 = PCURVE('',#941,#5391);
#5391 = DEFINITIONAL_REPRESENTATION('',(#5392),#5396);
#5392 = LINE('',#5393,#5394);
#5393 = CARTESIAN_POINT('',(382.,-115.));
#5394 = VECTOR('',#5395,1.);
#5395 = DIRECTION('',(9.654113257615E-17,1.));
#5396 = ( GEOMETRIC_REPRESENTATION_CONTEXT(2) 
PARAMETRIC_REPRESENTATION_CONTEXT() REPRESENTATION_CONTEXT('2D SPACE',''
  ) );
#5397 = PCURVE('',#5398,#5403);
#5398 = CYLINDRICAL_SURFACE('',#5399,2.);
#5399 = AXIS2_PLACEMENT_3D('',#5400,#5401,#5402);
#5400 = CARTESIAN_POINT('',(-938.6199967142,-443.6913497292,
    197.00547348365));
#5401 = DIRECTION('',(6.713766422536E-17,-0.258819045103,-0.965925826289
    ));
#5402 = DIRECTION('',(0.707106781187,0.683012701892,-0.183012701892));
#5403 = DEFINITIONAL_REPRESENTATION('',(#5404),#5408);
#5404 = LINE('',#5405,#5406);
#5405 = CARTESIAN_POINT('',(5.497787143782,0.));
#5406 = VECTOR('',#5407,1.);
#5407 = DIRECTION('',(4.440892098501E-17,-1.));
#5408 = ( GEOMETRIC_REPRESENTATION_CONTEXT(2) 
PARAMETRIC_REPRESENTATION_CONTEXT() REPRESENTATION_CONTEXT('2D SPACE',''
  ) );
#5409 = ORIENTED_EDGE('',*,*,#5410,.F.);
#5410 = EDGE_CURVE('',#5411,#5381,#5413,.T.);
#5411 = VERTEX_POINT('',#5412);
#5412 = CARTESIAN_POINT('',(-886.6199967142,-484.9822786088,
    35.178222403175));
#5413 = SURFACE_CURVE('',#5414,(#5419,#5426),.PCURVE_S1.);
#5414 = CIRCLE('',#5415,52.);
#5415 = AXIS2_PLACEMENT_3D('',#5416,#5417,#5418);
#5416 = CARTESIAN_POINT('',(-886.6199967142,-471.5236882634,
    85.406365370207));
#5417 = DIRECTION('',(9.35940129424E-17,0.965925826289,-0.258819045103)
  );
#5418 = DIRECTION('',(-0.707106781187,-0.183012701892,-0.683012701892));
#5419 = PCURVE('',#941,#5420);
#5420 = DEFINITIONAL_REPRESENTATION('',(#5421),#5425);
#5421 = CIRCLE('',#5422,52.);
#5422 = AXIS2_PLACEMENT_2D('',#5423,#5424);
#5423 = CARTESIAN_POINT('',(330.,-229.9999999999));
#5424 = DIRECTION('',(0.707106781187,-0.707106781186));
#5425 = ( GEOMETRIC_REPRESENTATION_CONTEXT(2) 
PARAMETRIC_REPRESENTATION_CONTEXT() REPRESENTATION_CONTEXT('2D SPACE',''
  ) );
#5426 = PCURVE('',#5427,#5432);
#5427 = TOROIDAL_SURFACE('',#5428,52.,2.);
#5428 = AXIS2_PLACEMENT_3D('',#5429,#5430,#5431);
#5429 = CARTESIAN_POINT('',(-886.6199967142,-473.455539916,
    85.924003460412));
#5430 = DIRECTION('',(-1.008768357388E-16,-0.965925826289,0.258819045103
    ));
#5431 = DIRECTION('',(1.,-9.743954091442E-17,2.610884629888E-17));
#5432 = DEFINITIONAL_REPRESENTATION('',(#5433),#5437);
#5433 = LINE('',#5434,#5435);
#5434 = CARTESIAN_POINT('',(10.210176124167,4.712388980385));
#5435 = VECTOR('',#5436,1.);
#5436 = DIRECTION('',(-1.,-3.392591660228E-14));
#5437 = ( GEOMETRIC_REPRESENTATION_CONTEXT(2) 
PARAMETRIC_REPRESENTATION_CONTEXT() REPRESENTATION_CONTEXT('2D SPACE',''
  ) );
#5438 = ORIENTED_EDGE('',*,*,#5439,.F.);
#5439 = EDGE_CURVE('',#5440,#5411,#5442,.T.);
#5440 = VERTEX_POINT('',#5441);
#5441 = CARTESIAN_POINT('',(-226.6199967142,-484.9822786088,
    35.178222403175));
#5442 = SURFACE_CURVE('',#5443,(#5447,#5454),.PCURVE_S1.);
#5443 = LINE('',#5444,#5445);
#5444 = CARTESIAN_POINT('',(-391.6199967142,-484.9822786088,
    35.178222403175));
#5445 = VECTOR('',#5446,1.);
#5446 = DIRECTION('',(-1.,1.224646799147E-16,6.728624391668E-17));
#5447 = PCURVE('',#941,#5448);
#5448 = DEFINITIONAL_REPRESENTATION('',(#5449),#5453);
#5449 = LINE('',#5450,#5451);
#5450 = CARTESIAN_POINT('',(-165.,-281.9999999999));
#5451 = VECTOR('',#5452,1.);
#5452 = DIRECTION('',(1.,6.728624391667E-17));
#5453 = ( GEOMETRIC_REPRESENTATION_CONTEXT(2) 
PARAMETRIC_REPRESENTATION_CONTEXT() REPRESENTATION_CONTEXT('2D SPACE',''
  ) );
#5454 = PCURVE('',#5455,#5460);
#5455 = CYLINDRICAL_SURFACE('',#5456,2.);
#5456 = AXIS2_PLACEMENT_3D('',#5457,#5458,#5459);
#5457 = CARTESIAN_POINT('',(-391.6199967142,-486.9141302613,
    35.69586049338));
#5458 = DIRECTION('',(1.,-1.224646799147E-16,-6.728624391668E-17));
#5459 = DIRECTION('',(1.397006458308E-16,0.866025403784,0.5));
#5460 = DEFINITIONAL_REPRESENTATION('',(#5461),#5465);
#5461 = LINE('',#5462,#5463);
#5462 = CARTESIAN_POINT('',(5.497787143783,0.));
#5463 = VECTOR('',#5464,1.);
#5464 = DIRECTION('',(2.960594732334E-17,-1.));
#5465 = ( GEOMETRIC_REPRESENTATION_CONTEXT(2) 
PARAMETRIC_REPRESENTATION_CONTEXT() REPRESENTATION_CONTEXT('2D SPACE',''
  ) );
#5466 = ORIENTED_EDGE('',*,*,#5467,.F.);
#5467 = EDGE_CURVE('',#926,#5440,#5468,.T.);
#5468 = SURFACE_CURVE('',#5469,(#5474,#5481),.PCURVE_S1.);
#5469 = CIRCLE('',#5470,52.);
#5470 = AXIS2_PLACEMENT_3D('',#5471,#5472,#5473);
#5471 = CARTESIAN_POINT('',(-226.6199967142,-471.5236882634,
    85.406365370207));
#5472 = DIRECTION('',(1.122153429892E-16,0.965925826289,-0.258819045103)
  );
#5473 = DIRECTION('',(0.707106781187,-0.183012701892,-0.683012701892));
#5474 = PCURVE('',#941,#5475);
#5475 = DEFINITIONAL_REPRESENTATION('',(#5476),#5480);
#5476 = CIRCLE('',#5477,52.);
#5477 = AXIS2_PLACEMENT_2D('',#5478,#5479);
#5478 = CARTESIAN_POINT('',(-330.,-229.9999999999));
#5479 = DIRECTION('',(-0.707106781187,-0.707106781186));
#5480 = ( GEOMETRIC_REPRESENTATION_CONTEXT(2) 
PARAMETRIC_REPRESENTATION_CONTEXT() REPRESENTATION_CONTEXT('2D SPACE',''
  ) );
#5481 = PCURVE('',#968,#5482);
#5482 = DEFINITIONAL_REPRESENTATION('',(#5483),#5487);
#5483 = LINE('',#5484,#5485);
#5484 = CARTESIAN_POINT('',(11.780972450962,4.712388980385));
#5485 = VECTOR('',#5486,1.);
#5486 = DIRECTION('',(-1.,2.487900550834E-14));
#5487 = ( GEOMETRIC_REPRESENTATION_CONTEXT(2) 
PARAMETRIC_REPRESENTATION_CONTEXT() REPRESENTATION_CONTEXT('2D SPACE',''
  ) );
#5488 = ORIENTED_EDGE('',*,*,#925,.F.);
#5489 = ORIENTED_EDGE('',*,*,#5107,.F.);
#5490 = ORIENTED_EDGE('',*,*,#5491,.F.);
#5491 = EDGE_CURVE('',#5492,#5084,#5494,.T.);
#5492 = VERTEX_POINT('',#5493);
#5493 = CARTESIAN_POINT('',(-886.6199967142,-339.0083371709,
    579.96038843021));
#5494 = SURFACE_CURVE('',#5495,(#5499,#5506),.PCURVE_S1.);
#5495 = LINE('',#5496,#5497);
#5496 = CARTESIAN_POINT('',(-721.6199967142,-339.0083371709,
    579.96038843021));
#5497 = VECTOR('',#5498,1.);
#5498 = DIRECTION('',(1.,-1.224646799147E-16,-6.728624391668E-17));
#5499 = PCURVE('',#941,#5500);
#5500 = DEFINITIONAL_REPRESENTATION('',(#5501),#5505);
#5501 = LINE('',#5502,#5503);
#5502 = CARTESIAN_POINT('',(165.,282.00000000002));
#5503 = VECTOR('',#5504,1.);
#5504 = DIRECTION('',(-1.,-6.728624391667E-17));
#5505 = ( GEOMETRIC_REPRESENTATION_CONTEXT(2) 
PARAMETRIC_REPRESENTATION_CONTEXT() REPRESENTATION_CONTEXT('2D SPACE',''
  ) );
#5506 = PCURVE('',#5067,#5507);
#5507 = DEFINITIONAL_REPRESENTATION('',(#5508),#5512);
#5508 = LINE('',#5509,#5510);
#5509 = CARTESIAN_POINT('',(5.497787143782,0.));
#5510 = VECTOR('',#5511,1.);
#5511 = DIRECTION('',(0.,-1.));
#5512 = ( GEOMETRIC_REPRESENTATION_CONTEXT(2) 
PARAMETRIC_REPRESENTATION_CONTEXT() REPRESENTATION_CONTEXT('2D SPACE',''
  ) );
#5513 = ORIENTED_EDGE('',*,*,#5514,.F.);
#5514 = EDGE_CURVE('',#5383,#5492,#5515,.T.);
#5515 = SURFACE_CURVE('',#5516,(#5521,#5528),.PCURVE_S1.);
#5516 = CIRCLE('',#5517,52.);
#5517 = AXIS2_PLACEMENT_3D('',#5518,#5519,#5520);
#5518 = CARTESIAN_POINT('',(-886.6199967142,-352.4669275163,
    529.73224546317));
#5519 = DIRECTION('',(8.445976737354E-17,0.965925826289,-0.258819045103)
  );
#5520 = DIRECTION('',(-0.707106781187,0.183012701892,0.683012701892));
#5521 = PCURVE('',#941,#5522);
#5522 = DEFINITIONAL_REPRESENTATION('',(#5523),#5527);
#5523 = CIRCLE('',#5524,52.);
#5524 = AXIS2_PLACEMENT_2D('',#5525,#5526);
#5525 = CARTESIAN_POINT('',(330.,230.));
#5526 = DIRECTION('',(0.707106781187,0.707106781186));
#5527 = ( GEOMETRIC_REPRESENTATION_CONTEXT(2) 
PARAMETRIC_REPRESENTATION_CONTEXT() REPRESENTATION_CONTEXT('2D SPACE',''
  ) );
#5528 = PCURVE('',#5529,#5534);
#5529 = TOROIDAL_SURFACE('',#5530,52.,2.);
#5530 = AXIS2_PLACEMENT_3D('',#5531,#5532,#5533);
#5531 = CARTESIAN_POINT('',(-886.6199967142,-354.3987791689,
    530.24988355338));
#5532 = DIRECTION('',(-1.008768357388E-16,-0.965925826289,0.258819045103
    ));
#5533 = DIRECTION('',(1.,-9.743954091442E-17,2.610884629888E-17));
#5534 = DEFINITIONAL_REPRESENTATION('',(#5535),#5539);
#5535 = LINE('',#5536,#5537);
#5536 = CARTESIAN_POINT('',(8.639379797372,4.712388980385));
#5537 = VECTOR('',#5538,1.);
#5538 = DIRECTION('',(-1.,1.809382218788E-14));
#5539 = ( GEOMETRIC_REPRESENTATION_CONTEXT(2) 
PARAMETRIC_REPRESENTATION_CONTEXT() REPRESENTATION_CONTEXT('2D SPACE',''
  ) );
#5540 = ADVANCED_FACE('',(#5541),#968,.T.);
#5541 = FACE_BOUND('',#5542,.T.);
#5542 = EDGE_LOOP('',(#5543,#5544,#5545,#5567));
#5543 = ORIENTED_EDGE('',*,*,#953,.T.);
#5544 = ORIENTED_EDGE('',*,*,#5467,.T.);
#5545 = ORIENTED_EDGE('',*,*,#5546,.F.);
#5546 = EDGE_CURVE('',#985,#5440,#5547,.T.);
#5547 = SURFACE_CURVE('',#5548,(#5553,#5560),.PCURVE_S1.);
#5548 = CIRCLE('',#5549,2.);
#5549 = AXIS2_PLACEMENT_3D('',#5550,#5551,#5552);
#5550 = CARTESIAN_POINT('',(-226.6199967142,-486.9141302613,
    35.69586049338));
#5551 = DIRECTION('',(-1.,1.050497185157E-16,2.292723163573E-18));
#5552 = DIRECTION('',(2.94034683508E-17,0.258819045103,0.965925826289));
#5553 = PCURVE('',#968,#5554);
#5554 = DEFINITIONAL_REPRESENTATION('',(#5555),#5559);
#5555 = LINE('',#5556,#5557);
#5556 = CARTESIAN_POINT('',(4.712388980385,3.14159265359));
#5557 = VECTOR('',#5558,1.);
#5558 = DIRECTION('',(0.,1.));
#5559 = ( GEOMETRIC_REPRESENTATION_CONTEXT(2) 
PARAMETRIC_REPRESENTATION_CONTEXT() REPRESENTATION_CONTEXT('2D SPACE',''
  ) );
#5560 = PCURVE('',#5455,#5561);
#5561 = DEFINITIONAL_REPRESENTATION('',(#5562),#5566);
#5562 = LINE('',#5563,#5564);
#5563 = CARTESIAN_POINT('',(7.068583470577,165.));
#5564 = VECTOR('',#5565,1.);
#5565 = DIRECTION('',(-1.,0.));
#5566 = ( GEOMETRIC_REPRESENTATION_CONTEXT(2) 
PARAMETRIC_REPRESENTATION_CONTEXT() REPRESENTATION_CONTEXT('2D SPACE',''
  ) );
#5567 = ORIENTED_EDGE('',*,*,#1012,.T.);
#5568 = ADVANCED_FACE('',(#5569),#1000,.T.);
#5569 = FACE_BOUND('',#5570,.T.);
#5570 = EDGE_LOOP('',(#5571,#5572,#5573,#5596));
#5571 = ORIENTED_EDGE('',*,*,#1065,.F.);
#5572 = ORIENTED_EDGE('',*,*,#984,.F.);
#5573 = ORIENTED_EDGE('',*,*,#5574,.F.);
#5574 = EDGE_CURVE('',#5575,#985,#5577,.T.);
#5575 = VERTEX_POINT('',#5576);
#5576 = CARTESIAN_POINT('',(-886.6199967142,-486.3964921711,
    37.627712145958));
#5577 = SURFACE_CURVE('',#5578,(#5582,#5589),.PCURVE_S1.);
#5578 = LINE('',#5579,#5580);
#5579 = CARTESIAN_POINT('',(-391.6199967142,-486.3964921711,
    37.627712145958));
#5580 = VECTOR('',#5581,1.);
#5581 = DIRECTION('',(1.,-1.224646799147E-16,-6.728624391668E-17));
#5582 = PCURVE('',#1000,#5583);
#5583 = DEFINITIONAL_REPRESENTATION('',(#5584),#5588);
#5584 = LINE('',#5585,#5586);
#5585 = CARTESIAN_POINT('',(165.,1.999999999925));
#5586 = VECTOR('',#5587,1.);
#5587 = DIRECTION('',(-1.,-2.122394096032E-32));
#5588 = ( GEOMETRIC_REPRESENTATION_CONTEXT(2) 
PARAMETRIC_REPRESENTATION_CONTEXT() REPRESENTATION_CONTEXT('2D SPACE',''
  ) );
#5589 = PCURVE('',#5455,#5590);
#5590 = DEFINITIONAL_REPRESENTATION('',(#5591),#5595);
#5591 = LINE('',#5592,#5593);
#5592 = CARTESIAN_POINT('',(7.068583470577,5.684341886081E-14));
#5593 = VECTOR('',#5594,1.);
#5594 = DIRECTION('',(0.,1.));
#5595 = ( GEOMETRIC_REPRESENTATION_CONTEXT(2) 
PARAMETRIC_REPRESENTATION_CONTEXT() REPRESENTATION_CONTEXT('2D SPACE',''
  ) );
#5596 = ORIENTED_EDGE('',*,*,#5597,.T.);
#5597 = EDGE_CURVE('',#5575,#1040,#5598,.T.);
#5598 = SURFACE_CURVE('',#5599,(#5603,#5610),.PCURVE_S1.);
#5599 = LINE('',#5600,#5601);
#5600 = CARTESIAN_POINT('',(-886.6199967142,-484.4646405186,
    37.110074055753));
#5601 = VECTOR('',#5602,1.);
#5602 = DIRECTION('',(-1.008768357388E-16,-0.965925826289,0.258819045103
    ));
#5603 = PCURVE('',#1000,#5604);
#5604 = DEFINITIONAL_REPRESENTATION('',(#5605),#5609);
#5605 = LINE('',#5606,#5607);
#5606 = CARTESIAN_POINT('',(660.,8.312989090125E-14));
#5607 = VECTOR('',#5608,1.);
#5608 = DIRECTION('',(5.813808594279E-29,1.));
#5609 = ( GEOMETRIC_REPRESENTATION_CONTEXT(2) 
PARAMETRIC_REPRESENTATION_CONTEXT() REPRESENTATION_CONTEXT('2D SPACE',''
  ) );
#5610 = PCURVE('',#4926,#5611);
#5611 = DEFINITIONAL_REPRESENTATION('',(#5612),#5616);
#5612 = LINE('',#5613,#5614);
#5613 = CARTESIAN_POINT('',(6.28318530718,1.199040866595E-14));
#5614 = VECTOR('',#5615,1.);
#5615 = DIRECTION('',(0.,1.));
#5616 = ( GEOMETRIC_REPRESENTATION_CONTEXT(2) 
PARAMETRIC_REPRESENTATION_CONTEXT() REPRESENTATION_CONTEXT('2D SPACE',''
  ) );
#5617 = ADVANCED_FACE('',(#5618),#1134,.F.);
#5618 = FACE_BOUND('',#5619,.F.);
#5619 = EDGE_LOOP('',(#5620,#5655,#5692,#5720,#5753,#5754,#5755,#5784,
    #5813,#6022,#6055));
#5620 = ORIENTED_EDGE('',*,*,#5621,.F.);
#5621 = EDGE_CURVE('',#5622,#5624,#5626,.T.);
#5622 = VERTEX_POINT('',#5623);
#5623 = CARTESIAN_POINT('',(-889.3488224457,-354.0373450677,595.31201));
#5624 = VERTEX_POINT('',#5625);
#5625 = CARTESIAN_POINT('',(-949.62,-370.3400291256,534.46956479662));
#5626 = SURFACE_CURVE('',#5627,(#5632,#5639),.PCURVE_S1.);
#5627 = CIRCLE('',#5628,63.05);
#5628 = AXIS2_PLACEMENT_3D('',#5629,#5630,#5631);
#5629 = CARTESIAN_POINT('',(-886.57,-370.3400291256,534.46956479662));
#5630 = DIRECTION('',(-7.610706790497E-16,-0.965925826289,0.258819045103
    ));
#5631 = DIRECTION('',(-1.803121930557E-15,0.258819045103,0.965925826289)
  );
#5632 = PCURVE('',#1134,#5633);
#5633 = DEFINITIONAL_REPRESENTATION('',(#5634),#5638);
#5634 = LINE('',#5635,#5636);
#5635 = CARTESIAN_POINT('',(0.,0.));
#5636 = VECTOR('',#5637,1.);
#5637 = DIRECTION('',(1.,0.));
#5638 = ( GEOMETRIC_REPRESENTATION_CONTEXT(2) 
PARAMETRIC_REPRESENTATION_CONTEXT() REPRESENTATION_CONTEXT('2D SPACE',''
  ) );
#5639 = PCURVE('',#5640,#5645);
#5640 = PLANE('',#5641);
#5641 = AXIS2_PLACEMENT_3D('',#5642,#5643,#5644);
#5642 = CARTESIAN_POINT('',(-930.3303081598,-359.0140279543,
    576.73877661455));
#5643 = DIRECTION('',(0.,0.965925826289,-0.258819045103));
#5644 = DIRECTION('',(0.,0.258819045103,0.965925826289));
#5645 = DEFINITIONAL_REPRESENTATION('',(#5646),#5654);
#5646 = ( BOUNDED_CURVE() B_SPLINE_CURVE(2,(#5647,#5648,#5649,#5650,
#5651,#5652,#5653),.UNSPECIFIED.,.T.,.F.) B_SPLINE_CURVE_WITH_KNOTS((1,2
    ,2,2,2,1),(-2.094395102393,0.,2.094395102393,4.188790204786,
6.28318530718,8.377580409573),.UNSPECIFIED.) CURVE() 
GEOMETRIC_REPRESENTATION_ITEM() RATIONAL_B_SPLINE_CURVE((1.,0.5,1.,0.5,
1.,0.5,1.)) REPRESENTATION_ITEM('') );
#5647 = CARTESIAN_POINT('',(19.289691840192,43.7603081598));
#5648 = CARTESIAN_POINT('',(19.289691840192,-65.44549525741));
#5649 = CARTESIAN_POINT('',(-75.2853081598,-10.8425935488));
#5650 = CARTESIAN_POINT('',(-169.8603081598,43.7603081598));
#5651 = CARTESIAN_POINT('',(-75.2853081598,98.363209868409));
#5652 = CARTESIAN_POINT('',(19.289691840193,152.96611157701));
#5653 = CARTESIAN_POINT('',(19.289691840192,43.7603081598));
#5654 = ( GEOMETRIC_REPRESENTATION_CONTEXT(2) 
PARAMETRIC_REPRESENTATION_CONTEXT() REPRESENTATION_CONTEXT('2D SPACE',''
  ) );
#5655 = ORIENTED_EDGE('',*,*,#5656,.T.);
#5656 = EDGE_CURVE('',#5622,#5657,#5659,.T.);
#5657 = VERTEX_POINT('',#5658);
#5658 = CARTESIAN_POINT('',(-886.57,-353.8007698483,595.31201));
#5659 = SURFACE_CURVE('',#5660,(#5667,#5677),.PCURVE_S1.);
#5660 = B_SPLINE_CURVE_WITH_KNOTS('',5,(#5661,#5662,#5663,#5664,#5665,
    #5666),.UNSPECIFIED.,.F.,.F.,(6,6),(0.,1.),
  .PIECEWISE_BEZIER_KNOTS.);
#5661 = CARTESIAN_POINT('',(-889.348826092,-354.0373456889,595.31201));
#5662 = CARTESIAN_POINT('',(-888.8030243176,-353.9443666357,595.31201));
#5663 = CARTESIAN_POINT('',(-888.2500337135,-353.8730354753,595.31201));
#5664 = CARTESIAN_POINT('',(-887.6918619631,-353.824855085,595.31201));
#5665 = CARTESIAN_POINT('',(-887.1309020137,-353.8007698483,595.31201));
#5666 = CARTESIAN_POINT('',(-886.57,-353.8007698483,595.31201));
#5667 = PCURVE('',#1134,#5668);
#5668 = DEFINITIONAL_REPRESENTATION('',(#5669),#5676);
#5669 = B_SPLINE_CURVE_WITH_KNOTS('',5,(#5670,#5671,#5672,#5673,#5674,
    #5675),.UNSPECIFIED.,.F.,.F.,(6,6),(0.,1.),
  .PIECEWISE_BEZIER_KNOTS.);
#5670 = CARTESIAN_POINT('',(4.408765276366E-02,5.999999999895E-07));
#5671 = CARTESIAN_POINT('',(3.542258301624E-02,-8.981026985076E-02));
#5672 = CARTESIAN_POINT('',(2.664752407596E-02,-0.158710880741));
#5673 = CARTESIAN_POINT('',(1.779321018633E-02,-0.20524956461));
#5674 = CARTESIAN_POINT('',(8.896146134753E-03,-0.228514117114));
#5675 = CARTESIAN_POINT('',(0.,-0.228514117114));
#5676 = ( GEOMETRIC_REPRESENTATION_CONTEXT(2) 
PARAMETRIC_REPRESENTATION_CONTEXT() REPRESENTATION_CONTEXT('2D SPACE',''
  ) );
#5677 = PCURVE('',#5678,#5683);
#5678 = PLANE('',#5679);
#5679 = AXIS2_PLACEMENT_3D('',#5680,#5681,#5682);
#5680 = CARTESIAN_POINT('',(-969.6200001,-526.6983149878,595.31201));
#5681 = DIRECTION('',(0.,0.,1.));
#5682 = DIRECTION('',(1.,0.,-0.));
#5683 = DEFINITIONAL_REPRESENTATION('',(#5684),#5691);
#5684 = B_SPLINE_CURVE_WITH_KNOTS('',5,(#5685,#5686,#5687,#5688,#5689,
    #5690),.UNSPECIFIED.,.F.,.F.,(6,6),(0.,1.),
  .PIECEWISE_BEZIER_KNOTS.);
#5685 = CARTESIAN_POINT('',(80.271174007928,172.66096929892));
#5686 = CARTESIAN_POINT('',(80.816975782346,172.7539483521));
#5687 = CARTESIAN_POINT('',(81.369966386486,172.8252795125));
#5688 = CARTESIAN_POINT('',(81.928138136833,172.8734599028));
#5689 = CARTESIAN_POINT('',(82.489098086204,172.89754513956));
#5690 = CARTESIAN_POINT('',(83.0500001,172.89754513956));
#5691 = ( GEOMETRIC_REPRESENTATION_CONTEXT(2) 
PARAMETRIC_REPRESENTATION_CONTEXT() REPRESENTATION_CONTEXT('2D SPACE',''
  ) );
#5692 = ORIENTED_EDGE('',*,*,#5693,.T.);
#5693 = EDGE_CURVE('',#5657,#5694,#5696,.T.);
#5694 = VERTEX_POINT('',#5695);
#5695 = CARTESIAN_POINT('',(-886.57,-353.5645840408,595.2486848197));
#5696 = SURFACE_CURVE('',#5697,(#5701,#5708),.PCURVE_S1.);
#5697 = LINE('',#5698,#5699);
#5698 = CARTESIAN_POINT('',(-886.57,-354.0214883319,595.37118814414));
#5699 = VECTOR('',#5700,1.);
#5700 = DIRECTION('',(0.,0.965885549343,-0.258969313954));
#5701 = PCURVE('',#1134,#5702);
#5702 = DEFINITIONAL_REPRESENTATION('',(#5703),#5707);
#5703 = LINE('',#5704,#5705);
#5704 = CARTESIAN_POINT('',(0.,0.));
#5705 = VECTOR('',#5706,1.);
#5706 = DIRECTION('',(0.,-1.));
#5707 = ( GEOMETRIC_REPRESENTATION_CONTEXT(2) 
PARAMETRIC_REPRESENTATION_CONTEXT() REPRESENTATION_CONTEXT('2D SPACE',''
  ) );
#5708 = PCURVE('',#5709,#5714);
#5709 = PLANE('',#5710);
#5710 = AXIS2_PLACEMENT_3D('',#5711,#5712,#5713);
#5711 = CARTESIAN_POINT('',(-949.62,-354.0214883319,595.37118814414));
#5712 = DIRECTION('',(0.,-0.258969313954,-0.965885549343));
#5713 = DIRECTION('',(1.,0.,0.));
#5714 = DEFINITIONAL_REPRESENTATION('',(#5715),#5719);
#5715 = LINE('',#5716,#5717);
#5716 = CARTESIAN_POINT('',(63.05,0.));
#5717 = VECTOR('',#5718,1.);
#5718 = DIRECTION('',(0.,-1.));
#5719 = ( GEOMETRIC_REPRESENTATION_CONTEXT(2) 
PARAMETRIC_REPRESENTATION_CONTEXT() REPRESENTATION_CONTEXT('2D SPACE',''
  ) );
#5720 = ORIENTED_EDGE('',*,*,#5721,.F.);
#5721 = EDGE_CURVE('',#4169,#5694,#5722,.T.);
#5722 = SURFACE_CURVE('',#5723,(#5731,#5742),.PCURVE_S1.);
#5723 = B_SPLINE_CURVE_WITH_KNOTS('',3,(#5724,#5725,#5726,#5727,#5728,
    #5729,#5730),.UNSPECIFIED.,.F.,.F.,(4,1,1,1,4),(0.,0.472974741444,
    0.832437039483,0.924074573899,1.),.UNSPECIFIED.);
#5724 = CARTESIAN_POINT('',(-886.6199973142,-353.5666548608,
    595.249219516));
#5725 = CARTESIAN_POINT('',(-886.6121359298,-353.5660390772,
    595.24906086871));
#5726 = CARTESIAN_POINT('',(-886.5982712503,-353.565156811,
    595.24883302014));
#5727 = CARTESIAN_POINT('',(-886.5828574281,-353.5646874339,
    595.24871157368));
#5728 = CARTESIAN_POINT('',(-886.5740631631,-353.5645933974,
    595.2486872411));
#5729 = CARTESIAN_POINT('',(-886.5712670509,-353.5645840439,
    595.24868482054));
#5730 = CARTESIAN_POINT('',(-886.57,-353.5645840439,595.24868482054));
#5731 = PCURVE('',#1134,#5732);
#5732 = DEFINITIONAL_REPRESENTATION('',(#5733),#5741);
#5733 = B_SPLINE_CURVE_WITH_KNOTS('',3,(#5734,#5735,#5736,#5737,#5738,
    #5739,#5740),.UNSPECIFIED.,.F.,.F.,(4,1,1,1,4),(1.203286270023E-05,
    0.472974740544,0.832437039197,0.924074573769,1.),.UNSPECIFIED.);
#5734 = CARTESIAN_POINT('',(7.929693806238E-04,-0.47090325456));
#5735 = CARTESIAN_POINT('',(6.682875776379E-04,-0.471539094537));
#5736 = CARTESIAN_POINT('',(4.483909614107E-04,-0.472450249811));
#5737 = CARTESIAN_POINT('',(2.039243167886E-04,-0.472935059554));
#5738 = CARTESIAN_POINT('',(6.444350714589E-05,-0.473032189616));
#5739 = CARTESIAN_POINT('',(2.009596988771E-05,-0.473041850902));
#5740 = CARTESIAN_POINT('',(0.,-0.473041850902));
#5741 = ( GEOMETRIC_REPRESENTATION_CONTEXT(2) 
PARAMETRIC_REPRESENTATION_CONTEXT() REPRESENTATION_CONTEXT('2D SPACE',''
  ) );
#5742 = PCURVE('',#3877,#5743);
#5743 = DEFINITIONAL_REPRESENTATION('',(#5744),#5752);
#5744 = B_SPLINE_CURVE_WITH_KNOTS('',3,(#5745,#5746,#5747,#5748,#5749,
    #5750,#5751),.UNSPECIFIED.,.F.,.F.,(4,1,1,1,4),(0.,0.472974741444,
    0.832437039483,0.924074573899,1.),.UNSPECIFIED.);
#5745 = CARTESIAN_POINT('',(7.05893546777,495.0000006));
#5746 = CARTESIAN_POINT('',(7.059253413647,494.99213921559));
#5747 = CARTESIAN_POINT('',(7.059709019991,494.97827453609));
#5748 = CARTESIAN_POINT('',(7.059951437009,494.96286071384));
#5749 = CARTESIAN_POINT('',(7.060000003834,494.95406644883));
#5750 = CARTESIAN_POINT('',(7.060004834654,494.9512703366));
#5751 = CARTESIAN_POINT('',(7.060004834654,494.9500032857));
#5752 = ( GEOMETRIC_REPRESENTATION_CONTEXT(2) 
PARAMETRIC_REPRESENTATION_CONTEXT() REPRESENTATION_CONTEXT('2D SPACE',''
  ) );
#5753 = ORIENTED_EDGE('',*,*,#4192,.T.);
#5754 = ORIENTED_EDGE('',*,*,#1114,.T.);
#5755 = ORIENTED_EDGE('',*,*,#5756,.F.);
#5756 = EDGE_CURVE('',#5757,#1115,#5759,.T.);
#5757 = VERTEX_POINT('',#5758);
#5758 = CARTESIAN_POINT('',(-949.6199967142,-362.1342058332,
    532.29050466522));
#5759 = SURFACE_CURVE('',#5760,(#5766,#5775),.PCURVE_S1.);
#5760 = B_SPLINE_CURVE_WITH_KNOTS('',4,(#5761,#5762,#5763,#5764,#5765),
  .UNSPECIFIED.,.F.,.F.,(5,5),(0.,1.),.PIECEWISE_BEZIER_KNOTS.);
#5761 = CARTESIAN_POINT('',(-949.6199967142,-362.1342003203,
    532.29052523948));
#5762 = CARTESIAN_POINT('',(-949.6199967142,-364.0659714424,
    532.80846387365));
#5763 = CARTESIAN_POINT('',(-949.6199967142,-365.9977425644,
    533.32640250783));
#5764 = CARTESIAN_POINT('',(-949.6199967142,-367.9295136865,
    533.84434114201));
#5765 = CARTESIAN_POINT('',(-949.6199967142,-369.8612848086,
    534.36227977618));
#5766 = PCURVE('',#1134,#5767);
#5767 = DEFINITIONAL_REPRESENTATION('',(#5768),#5774);
#5768 = B_SPLINE_CURVE_WITH_KNOTS('',4,(#5769,#5770,#5771,#5772,#5773),
  .UNSPECIFIED.,.F.,.F.,(5,5),(0.,1.),.PIECEWISE_BEZIER_KNOTS.);
#5769 = CARTESIAN_POINT('',(1.570473487191,-8.490199009328));
#5770 = CARTESIAN_POINT('',(1.570473487191,-6.490198985125));
#5771 = CARTESIAN_POINT('',(1.570473487191,-4.490198960922));
#5772 = CARTESIAN_POINT('',(1.570473487191,-2.490198936719));
#5773 = CARTESIAN_POINT('',(1.570473487191,-0.490198912516));
#5774 = ( GEOMETRIC_REPRESENTATION_CONTEXT(2) 
PARAMETRIC_REPRESENTATION_CONTEXT() REPRESENTATION_CONTEXT('2D SPACE',''
  ) );
#5775 = PCURVE('',#1167,#5776);
#5776 = DEFINITIONAL_REPRESENTATION('',(#5777),#5783);
#5777 = B_SPLINE_CURVE_WITH_KNOTS('',4,(#5778,#5779,#5780,#5781,#5782),
  .UNSPECIFIED.,.F.,.F.,(5,5),(0.,1.),.PIECEWISE_BEZIER_KNOTS.);
#5778 = CARTESIAN_POINT('',(3.096580907084E-02,9.999999999975));
#5779 = CARTESIAN_POINT('',(3.06546630726E-02,12.000000000009));
#5780 = CARTESIAN_POINT('',(3.034351703889E-02,13.999999999948));
#5781 = CARTESIAN_POINT('',(3.00323710311E-02,15.999999999984));
#5782 = CARTESIAN_POINT('',(2.972122503286E-02,18.000000000017));
#5783 = ( GEOMETRIC_REPRESENTATION_CONTEXT(2) 
PARAMETRIC_REPRESENTATION_CONTEXT() REPRESENTATION_CONTEXT('2D SPACE',''
  ) );
#5784 = ORIENTED_EDGE('',*,*,#5785,.F.);
#5785 = EDGE_CURVE('',#5786,#5757,#5788,.T.);
#5786 = VERTEX_POINT('',#5787);
#5787 = CARTESIAN_POINT('',(-949.6199791107,-362.1080616088,
    532.31557955739));
#5788 = SURFACE_CURVE('',#5789,(#5795,#5804),.PCURVE_S1.);
#5789 = B_SPLINE_CURVE_WITH_KNOTS('',4,(#5790,#5791,#5792,#5793,#5794),
  .UNSPECIFIED.,.F.,.F.,(5,5),(0.,1.),.PIECEWISE_BEZIER_KNOTS.);
#5790 = CARTESIAN_POINT('',(-949.6199791103,-362.108061202,
    532.31558006956));
#5791 = CARTESIAN_POINT('',(-949.6199886089,-362.1159707689,
    532.30561996302));
#5792 = CARTESIAN_POINT('',(-949.6199880552,-362.117255555,
    532.30776412102));
#5793 = CARTESIAN_POINT('',(-949.6199967142,-362.125916968,
    532.28830434054));
#5794 = CARTESIAN_POINT('',(-949.6199967142,-362.1342003203,
    532.29052523935));
#5795 = PCURVE('',#1134,#5796);
#5796 = DEFINITIONAL_REPRESENTATION('',(#5797),#5803);
#5797 = B_SPLINE_CURVE_WITH_KNOTS('',4,(#5798,#5799,#5800,#5801,#5802),
  .UNSPECIFIED.,.F.,.F.,(5,5),(1.285669344994E-05,0.999999906039),
  .PIECEWISE_BEZIER_KNOTS.);
#5798 = CARTESIAN_POINT('',(1.569982309816,-8.508962531442));
#5799 = CARTESIAN_POINT('',(1.570167369213,-8.503900532818));
#5800 = CARTESIAN_POINT('',(1.570139808807,-8.502104559414));
#5801 = CARTESIAN_POINT('',(1.570473487193,-8.498774814028));
#5802 = CARTESIAN_POINT('',(1.570473487193,-8.490199009327));
#5803 = ( GEOMETRIC_REPRESENTATION_CONTEXT(2) 
PARAMETRIC_REPRESENTATION_CONTEXT() REPRESENTATION_CONTEXT('2D SPACE',''
  ) );
#5804 = PCURVE('',#5307,#5805);
#5805 = DEFINITIONAL_REPRESENTATION('',(#5806),#5812);
#5806 = B_SPLINE_CURVE_WITH_KNOTS('',4,(#5807,#5808,#5809,#5810,#5811),
  .UNSPECIFIED.,.F.,.F.,(5,5),(1.285669344994E-05,0.999999906039),
  .PIECEWISE_BEZIER_KNOTS.);
#5807 = CARTESIAN_POINT('',(7.066707117287,115.));
#5808 = CARTESIAN_POINT('',(7.067213318034,114.98833279636));
#5809 = CARTESIAN_POINT('',(7.067392915271,114.99007075884));
#5810 = CARTESIAN_POINT('',(7.067725890117,114.96903285662));
#5811 = CARTESIAN_POINT('',(7.068583470577,114.96903419079));
#5812 = ( GEOMETRIC_REPRESENTATION_CONTEXT(2) 
PARAMETRIC_REPRESENTATION_CONTEXT() REPRESENTATION_CONTEXT('2D SPACE',''
  ) );
#5813 = ORIENTED_EDGE('',*,*,#5814,.T.);
#5814 = EDGE_CURVE('',#5786,#5815,#5817,.T.);
#5815 = VERTEX_POINT('',#5816);
#5816 = CARTESIAN_POINT('',(-946.7717335061,-356.7977145354,
    550.23684194798));
#5817 = SURFACE_CURVE('',#5818,(#5884,#5953),.PCURVE_S1.);
#5818 = B_SPLINE_CURVE_WITH_KNOTS('',8,(#5819,#5820,#5821,#5822,#5823,
    #5824,#5825,#5826,#5827,#5828,#5829,#5830,#5831,#5832,#5833,#5834,
    #5835,#5836,#5837,#5838,#5839,#5840,#5841,#5842,#5843,#5844,#5845,
    #5846,#5847,#5848,#5849,#5850,#5851,#5852,#5853,#5854,#5855,#5856,
    #5857,#5858,#5859,#5860,#5861,#5862,#5863,#5864,#5865,#5866,#5867,
    #5868,#5869,#5870,#5871,#5872,#5873,#5874,#5875,#5876,#5877,#5878,
    #5879,#5880,#5881,#5882,#5883),.UNSPECIFIED.,.F.,.F.,(9,7,7,7,7,7,7,
    7,7,9),(0.,3.7934018275E-03,9.251860916421E-03,2.590276918476E-02,
    4.580360297393E-02,9.071127334903E-02,0.135557614067,0.350185636874,
    0.565741394433,1.),.UNSPECIFIED.);
#5819 = CARTESIAN_POINT('',(-949.6199791107,-362.1080616089,
    532.3155795574));
#5820 = CARTESIAN_POINT('',(-949.6199761698,-362.1056126362,
    532.31866341636));
#5821 = CARTESIAN_POINT('',(-949.6199719866,-362.1024573081,
    532.32286239985));
#5822 = CARTESIAN_POINT('',(-949.6199664037,-362.0988816517,
    532.32800391447));
#5823 = CARTESIAN_POINT('',(-949.6199593131,-362.0950709887,
    532.33390662725));
#5824 = CARTESIAN_POINT('',(-949.6199506296,-362.0911318264,
    532.34040296076));
#5825 = CARTESIAN_POINT('',(-949.6199402647,-362.087113747,
    532.34736158825));
#5826 = CARTESIAN_POINT('',(-949.6199281014,-362.0830312983,
    532.35470992885));
#5827 = CARTESIAN_POINT('',(-949.6198936287,-362.0729209005,
    532.3736036611));
#5828 = CARTESIAN_POINT('',(-949.6198703572,-362.0671639062,
    532.38492257777));
#5829 = CARTESIAN_POINT('',(-949.6198441292,-362.0615579356,
    532.3963590352));
#5830 = CARTESIAN_POINT('',(-949.619814935,-362.0560737244,
    532.40788313709));
#5831 = CARTESIAN_POINT('',(-949.6197827714,-362.0506939794,
    532.41947712517));
#5832 = CARTESIAN_POINT('',(-949.619747636,-362.0454042915,
    532.4311284161));
#5833 = CARTESIAN_POINT('',(-949.6197095199,-362.0401906908,
    532.44282799843));
#5834 = CARTESIAN_POINT('',(-949.6195429679,-362.0193435051,
    532.49040568482));
#5835 = CARTESIAN_POINT('',(-949.6193897405,-362.0042797756,
    532.52662531256));
#5836 = CARTESIAN_POINT('',(-949.6192085218,-361.9895907145,
    532.56306234299));
#5837 = CARTESIAN_POINT('',(-949.6189992593,-361.9752214132,
    532.59966951176));
#5838 = CARTESIAN_POINT('',(-949.6187619488,-361.9610891721,
    532.63639073708));
#5839 = CARTESIAN_POINT('',(-949.618496581,-361.9471671517,
    532.67321042879));
#5840 = CARTESIAN_POINT('',(-949.6182031029,-361.9334167567,
    532.71011263257));
#5841 = CARTESIAN_POINT('',(-949.6174968203,-361.903553083,
    532.79130077812));
#5842 = CARTESIAN_POINT('',(-949.6170720529,-361.8875081986,
    532.83560491437));
#5843 = CARTESIAN_POINT('',(-949.6166070129,-361.8716385853,
    532.87998929348));
#5844 = CARTESIAN_POINT('',(-949.6161016729,-361.8559183748,
    532.92444014778));
#5845 = CARTESIAN_POINT('',(-949.6155560156,-361.8403291521,
    532.96894770961));
#5846 = CARTESIAN_POINT('',(-949.614970027,-361.8248561845,
    533.01350451409));
#5847 = CARTESIAN_POINT('',(-949.6143436902,-361.8094868756,
    533.05810471623));
#5848 = CARTESIAN_POINT('',(-949.6121725026,-361.75974133,
    533.20347714676));
#5849 = CARTESIAN_POINT('',(-949.610462506,-361.725749718,
    533.30440626679));
#5850 = CARTESIAN_POINT('',(-949.6085468162,-361.6921250192,
    533.40548131162));
#5851 = CARTESIAN_POINT('',(-949.6064253455,-361.6588021408,
    533.50667184479));
#5852 = CARTESIAN_POINT('',(-949.6040980523,-361.6257389745,
    533.60795799227));
#5853 = CARTESIAN_POINT('',(-949.601564907,-361.5929023099,
    533.70932479879));
#5854 = CARTESIAN_POINT('',(-949.5988258623,-361.5602631735,
    533.81076041251));
#5855 = CARTESIAN_POINT('',(-949.5929398196,-361.4953843458,
    534.01361716976));
#5856 = CARTESIAN_POINT('',(-949.5897934323,-361.4631441781,
    534.11503624928));
#5857 = CARTESIAN_POINT('',(-949.5864416378,-361.4310604895,
    534.21650651724));
#5858 = CARTESIAN_POINT('',(-949.582884418,-361.3991169594,
    534.31802087818));
#5859 = CARTESIAN_POINT('',(-949.5791217638,-361.3673006591,
    534.41957363488));
#5860 = CARTESIAN_POINT('',(-949.5751536707,-361.3356011641,
    534.52116016265));
#5861 = CARTESIAN_POINT('',(-949.5709801358,-361.3040096658,
    534.62277658371));
#5862 = CARTESIAN_POINT('',(-949.5456439873,-361.1218039804,
    535.2108672823));
#5863 = CARTESIAN_POINT('',(-949.5199815712,-360.9733825242,
    535.69791215492));
#5864 = CARTESIAN_POINT('',(-949.4896134583,-360.82641143,
    536.18519679844));
#5865 = CARTESIAN_POINT('',(-949.4545416472,-360.6806779785,
    536.67258233667));
#5866 = CARTESIAN_POINT('',(-949.4147693101,-360.5359218431,
    537.1599193864));
#5867 = CARTESIAN_POINT('',(-949.3703003464,-360.3920494008,
    537.64712150557));
#5868 = CARTESIAN_POINT('',(-949.3211388473,-360.2489491941,
    538.13410145034));
#5869 = CARTESIAN_POINT('',(-949.2132055388,-359.9635439326,
    539.10958885479));
#5870 = CARTESIAN_POINT('',(-949.1543941215,-359.8212469249,
    539.59808439261));
#5871 = CARTESIAN_POINT('',(-949.0908594226,-359.6795940523,
    540.08620291695));
#5872 = CARTESIAN_POINT('',(-949.0226073183,-359.5385396157,
    540.57387525721));
#5873 = CARTESIAN_POINT('',(-948.949644416,-359.3980522713,
    541.06103717609));
#5874 = CARTESIAN_POINT('',(-948.8719780117,-359.2581090093,
    541.54762748526));
#5875 = CARTESIAN_POINT('',(-948.7896160563,-359.1186922987,
    542.03358715312));
#5876 = CARTESIAN_POINT('',(-948.5271983609,-358.6999586391,
    543.49648883001));
#5877 = CARTESIAN_POINT('',(-948.3328071836,-358.4222156134,
    544.47132684934));
#5878 = CARTESIAN_POINT('',(-948.1194641673,-358.1464653393,
    545.44290699635));
#5879 = CARTESIAN_POINT('',(-947.8872511668,-357.8726814286,
    546.41078721553));
#5880 = CARTESIAN_POINT('',(-947.6362610094,-357.6008759856,
    547.37454045916));
#5881 = CARTESIAN_POINT('',(-947.3665972851,-357.3310800866,
    548.33374879228));
#5882 = CARTESIAN_POINT('',(-947.0783742395,-357.0633358418,
    549.28800100595));
#5883 = CARTESIAN_POINT('',(-946.7717167687,-356.7977000369,
    550.23689373876));
#5884 = PCURVE('',#1134,#5885);
#5885 = DEFINITIONAL_REPRESENTATION('',(#5886),#5952);
#5886 = B_SPLINE_CURVE_WITH_KNOTS('',8,(#5887,#5888,#5889,#5890,#5891,
    #5892,#5893,#5894,#5895,#5896,#5897,#5898,#5899,#5900,#5901,#5902,
    #5903,#5904,#5905,#5906,#5907,#5908,#5909,#5910,#5911,#5912,#5913,
    #5914,#5915,#5916,#5917,#5918,#5919,#5920,#5921,#5922,#5923,#5924,
    #5925,#5926,#5927,#5928,#5929,#5930,#5931,#5932,#5933,#5934,#5935,
    #5936,#5937,#5938,#5939,#5940,#5941,#5942,#5943,#5944,#5945,#5946,
    #5947,#5948,#5949,#5950,#5951),.UNSPECIFIED.,.F.,.F.,(9,7,7,7,7,7,7,
    7,7,9),(0.,3.7934018275E-03,9.251860916421E-03,2.590276918476E-02,
    4.580360297393E-02,9.071127334903E-02,0.135557614067,0.350185636874,
    0.565741394433,1.),.UNSPECIFIED.);
#5887 = CARTESIAN_POINT('',(1.569982309816,-8.508962531377));
#5888 = CARTESIAN_POINT('',(1.569925008232,-8.510529895897));
#5889 = CARTESIAN_POINT('',(1.569847722388,-8.512490931883));
#5890 = CARTESIAN_POINT('',(1.569754271117,-8.514614028936));
#5891 = CARTESIAN_POINT('',(1.569648193504,-8.516767112218));
#5892 = CARTESIAN_POINT('',(1.569532494187,-8.51889067603));
#5893 = CARTESIAN_POINT('',(1.569409388654,-8.520970817387));
#5894 = CARTESIAN_POINT('',(1.569280048543,-8.52301226959));
#5895 = CARTESIAN_POINT('',(1.568949081144,-8.527888106278));
#5896 = CARTESIAN_POINT('',(1.568752036187,-8.530519384561));
#5897 = CARTESIAN_POINT('',(1.568553810803,-8.532974363377));
#5898 = CARTESIAN_POINT('',(1.568354742772,-8.535289047588));
#5899 = CARTESIAN_POINT('',(1.568155033098,-8.537484737303));
#5900 = CARTESIAN_POINT('',(1.567954815352,-8.539578607532));
#5901 = CARTESIAN_POINT('',(1.567754170191,-8.541586484409));
#5902 = CARTESIAN_POINT('',(1.566939679282,-8.549409308134));
#5903 = CARTESIAN_POINT('',(1.566322940953,-8.554585424142));
#5904 = CARTESIAN_POINT('',(1.565704409272,-8.559343370289));
#5905 = CARTESIAN_POINT('',(1.565084582395,-8.563748417043));
#5906 = CARTESIAN_POINT('',(1.564463979413,-8.567894961289));
#5907 = CARTESIAN_POINT('',(1.563842728546,-8.57181296299));
#5908 = CARTESIAN_POINT('',(1.563220915307,-8.575543831518));
#5909 = CARTESIAN_POINT('',(1.561854458087,-8.583376887044));
#5910 = CARTESIAN_POINT('',(1.561109814743,-8.58740830103));
#5911 = CARTESIAN_POINT('',(1.560364656185,-8.591249647849));
#5912 = CARTESIAN_POINT('',(1.559619086436,-8.594929477499));
#5913 = CARTESIAN_POINT('',(1.558873178854,-8.5984681057));
#5914 = CARTESIAN_POINT('',(1.558126986643,-8.601881695215));
#5915 = CARTESIAN_POINT('',(1.557380546968,-8.605183925847));
#5916 = CARTESIAN_POINT('',(1.554948967642,-8.61560927959));
#5917 = CARTESIAN_POINT('',(1.553262967294,-8.622320277074));
#5918 = CARTESIAN_POINT('',(1.5515761851,-8.628639095575));
#5919 = CARTESIAN_POINT('',(1.5498888126,-8.634636487357));
#5920 = CARTESIAN_POINT('',(1.548200973933,-8.640358269667));
#5921 = CARTESIAN_POINT('',(1.546512754432,-8.645840392054));
#5922 = CARTESIAN_POINT('',(1.544824209283,-8.651113908264));
#5923 = CARTESIAN_POINT('',(1.541448801662,-8.661278851373));
#5924 = CARTESIAN_POINT('',(1.539761969109,-8.666171272778));
#5925 = CARTESIAN_POINT('',(1.538074897738,-8.67089929839));
#5926 = CARTESIAN_POINT('',(1.536387621868,-8.675480529221));
#5927 = CARTESIAN_POINT('',(1.534700168332,-8.679928927904));
#5928 = CARTESIAN_POINT('',(1.533012557816,-8.684255760753));
#5929 = CARTESIAN_POINT('',(1.531324806197,-8.688470539836));
#5930 = CARTESIAN_POINT('',(1.521558977804,-8.712258644324));
#5931 = CARTESIAN_POINT('',(1.513478229331,-8.729566273387));
#5932 = CARTESIAN_POINT('',(1.505395888682,-8.745410902982));
#5933 = CARTESIAN_POINT('',(1.497312404387,-8.760033948123));
#5934 = CARTESIAN_POINT('',(1.489228191239,-8.773725528191));
#5935 = CARTESIAN_POINT('',(1.481143385337,-8.786598448784));
#5936 = CARTESIAN_POINT('',(1.473058062362,-8.79878295003));
#5937 = CARTESIAN_POINT('',(1.456851294452,-8.821988544784));
#5938 = CARTESIAN_POINT('',(1.448729997648,-8.833004951065));
#5939 = CARTESIAN_POINT('',(1.4406083461,-8.843496748828));
#5940 = CARTESIAN_POINT('',(1.432486400272,-8.853525982719));
#5941 = CARTESIAN_POINT('',(1.424364205294,-8.863139554465));
#5942 = CARTESIAN_POINT('',(1.416241795262,-8.87237552636));
#5943 = CARTESIAN_POINT('',(1.408119195309,-8.881266110643));
#5944 = CARTESIAN_POINT('',(1.383632282131,-8.90710495203));
#5945 = CARTESIAN_POINT('',(1.367267456724,-8.923077468469));
#5946 = CARTESIAN_POINT('',(1.350902111457,-8.937968334187));
#5947 = CARTESIAN_POINT('',(1.334536354014,-8.951917450367));
#5948 = CARTESIAN_POINT('',(1.318170255415,-8.965023653486));
#5949 = CARTESIAN_POINT('',(1.301803865725,-8.977365095464));
#5950 = CARTESIAN_POINT('',(1.28543722358,-8.989007529727));
#5951 = CARTESIAN_POINT('',(1.269070359552,-9.000000503188));
#5952 = ( GEOMETRIC_REPRESENTATION_CONTEXT(2) 
PARAMETRIC_REPRESENTATION_CONTEXT() REPRESENTATION_CONTEXT('2D SPACE',''
  ) );
#5953 = PCURVE('',#5340,#5954);
#5954 = DEFINITIONAL_REPRESENTATION('',(#5955),#6021);
#5955 = B_SPLINE_CURVE_WITH_KNOTS('',8,(#5956,#5957,#5958,#5959,#5960,
    #5961,#5962,#5963,#5964,#5965,#5966,#5967,#5968,#5969,#5970,#5971,
    #5972,#5973,#5974,#5975,#5976,#5977,#5978,#5979,#5980,#5981,#5982,
    #5983,#5984,#5985,#5986,#5987,#5988,#5989,#5990,#5991,#5992,#5993,
    #5994,#5995,#5996,#5997,#5998,#5999,#6000,#6001,#6002,#6003,#6004,
    #6005,#6006,#6007,#6008,#6009,#6010,#6011,#6012,#6013,#6014,#6015,
    #6016,#6017,#6018,#6019,#6020),.UNSPECIFIED.,.F.,.F.,(9,7,7,7,7,7,7,
    7,7,9),(0.,3.7934018275E-03,9.251860916421E-03,2.590276918476E-02,
    4.580360297393E-02,9.071127334903E-02,0.135557614067,0.350185636874,
    0.565741394433,1.),.UNSPECIFIED.);
#5956 = CARTESIAN_POINT('',(0.,1.876353283239E-03));
#5957 = CARTESIAN_POINT('',(5.734318711963E-05,2.03309000926E-03));
#5958 = CARTESIAN_POINT('',(1.346855252677E-04,2.229194002435E-03));
#5959 = CARTESIAN_POINT('',(2.282057267524E-04,2.441504239477E-03));
#5960 = CARTESIAN_POINT('',(3.343622271332E-04,2.656813240803E-03));
#5961 = CARTESIAN_POINT('',(4.501481547214E-04,2.869170433225E-03));
#5962 = CARTESIAN_POINT('',(5.733463000816E-04,3.077185512635E-03));
#5963 = CARTESIAN_POINT('',(7.027840855332E-04,3.281331806698E-03));
#5964 = CARTESIAN_POINT('',(1.034002325044E-03,3.768918424126E-03));
#5965 = CARTESIAN_POINT('',(1.23119732928E-03,4.032048172623E-03));
#5966 = CARTESIAN_POINT('',(1.429574170065E-03,4.277548136313E-03));
#5967 = CARTESIAN_POINT('',(1.628794710662E-03,4.509018788422E-03));
#5968 = CARTESIAN_POINT('',(1.828657735955E-03,4.728590129628E-03));
#5969 = CARTESIAN_POINT('',(2.029029525526E-03,4.9379796527E-03));
#5970 = CARTESIAN_POINT('',(2.229829318763E-03,5.138769964268E-03));
#5971 = CARTESIAN_POINT('',(3.044948901794E-03,5.921063447282E-03));
#5972 = CARTESIAN_POINT('',(3.662165463079E-03,6.438684513901E-03));
#5973 = CARTESIAN_POINT('',(4.281178192597E-03,6.914489533626E-03));
#5974 = CARTESIAN_POINT('',(4.901488376884E-03,7.355005467903E-03));
#5975 = CARTESIAN_POINT('',(5.522576282344E-03,7.769671929497E-03));
#5976 = CARTESIAN_POINT('',(6.144313511551E-03,8.161484864235E-03));
#5977 = CARTESIAN_POINT('',(6.766614382604E-03,8.534585165505E-03));
#5978 = CARTESIAN_POINT('',(8.134144883904E-03,9.3179216727E-03));
#5979 = CARTESIAN_POINT('',(8.879374204616E-03,9.721080850485E-03));
#5980 = CARTESIAN_POINT('',(9.625120134543E-03,1.010523417522E-02));
#5981 = CARTESIAN_POINT('',(1.037127849728E-02,1.047323659712E-02));
#5982 = CARTESIAN_POINT('',(1.111777582692E-02,1.082711964764E-02));
#5983 = CARTESIAN_POINT('',(1.186455883596E-02,1.116849956787E-02));
#5984 = CARTESIAN_POINT('',(1.26115902965E-02,1.149874430704E-02));
#5985 = CARTESIAN_POINT('',(1.504509989786E-02,1.254135248699E-02));
#5986 = CARTESIAN_POINT('',(1.673244254602E-02,1.321250614683E-02));
#5987 = CARTESIAN_POINT('',(1.842057125294E-02,1.384444506108E-02));
#5988 = CARTESIAN_POINT('',(2.01092941458E-02,1.444424422492E-02));
#5989 = CARTESIAN_POINT('',(2.17984868695E-02,1.501648517985E-02));
#5990 = CARTESIAN_POINT('',(2.34880639295E-02,1.556476272507E-02));
#5991 = CARTESIAN_POINT('',(2.517797001327E-02,1.609218209836E-02));
#5992 = CARTESIAN_POINT('',(2.855610426029E-02,1.710881647999E-02));
#5993 = CARTESIAN_POINT('',(3.02443024705E-02,1.759813093057E-02));
#5994 = CARTESIAN_POINT('',(3.193274267917E-02,1.807100800798E-02));
#5995 = CARTESIAN_POINT('',(3.362139049089E-02,1.852920771137E-02));
#5996 = CARTESIAN_POINT('',(3.531021901243E-02,1.897412621371E-02));
#5997 = CARTESIAN_POINT('',(3.699920750845E-02,1.940689006619E-02));
#5998 = CARTESIAN_POINT('',(3.868834005722E-02,1.982845040265E-02));
#5999 = CARTESIAN_POINT('',(4.846217517789E-02,2.220774813914E-02));
#6000 = CARTESIAN_POINT('',(5.654961317342E-02,2.393895516317E-02));
#6001 = CARTESIAN_POINT('',(6.4638706166E-02,2.55238959362E-02));
#6002 = CARTESIAN_POINT('',(7.272900401702E-02,2.698670764155E-02));
#6003 = CARTESIAN_POINT('',(8.082009021574E-02,2.835639845672E-02));
#6004 = CARTESIAN_POINT('',(8.891182759339E-02,2.964424608989E-02));
#6005 = CARTESIAN_POINT('',(9.70041394027E-02,3.08632720006E-02));
#6006 = CARTESIAN_POINT('',(0.113225028492,3.318502169053E-02));
#6007 = CARTESIAN_POINT('',(0.121353457995,3.428727688982E-02));
#6008 = CARTESIAN_POINT('',(0.12948229814,3.533708719568E-02));
#6009 = CARTESIAN_POINT('',(0.137611487545,3.634065516033E-02));
#6010 = CARTESIAN_POINT('',(0.145740980203,3.730266926429E-02));
#6011 = CARTESIAN_POINT('',(0.153870741165,3.822693420331E-02));
#6012 = CARTESIAN_POINT('',(0.162000744456,3.911666978996E-02));
#6013 = CARTESIAN_POINT('',(0.186510131243,4.170261974318E-02));
#6014 = CARTESIAN_POINT('',(0.202890184815,4.330128485161E-02));
#6015 = CARTESIAN_POINT('',(0.219270960429,4.479180717124E-02));
#6016 = CARTESIAN_POINT('',(0.235652344244,4.61881678958E-02));
#6017 = CARTESIAN_POINT('',(0.252034258787,4.750024285455E-02));
#6018 = CARTESIAN_POINT('',(0.268416646823,4.873584015794E-02));
#6019 = CARTESIAN_POINT('',(0.28479946242,4.990152867158E-02));
#6020 = CARTESIAN_POINT('',(0.301182669209,5.100225731834E-02));
#6021 = ( GEOMETRIC_REPRESENTATION_CONTEXT(2) 
PARAMETRIC_REPRESENTATION_CONTEXT() REPRESENTATION_CONTEXT('2D SPACE',''
  ) );
#6022 = ORIENTED_EDGE('',*,*,#6023,.T.);
#6023 = EDGE_CURVE('',#5815,#6024,#6026,.T.);
#6024 = VERTEX_POINT('',#6025);
#6025 = CARTESIAN_POINT('',(-949.62,-361.647059275,532.1388409961));
#6026 = SURFACE_CURVE('',#6027,(#6032,#6039),.PCURVE_S1.);
#6027 = CIRCLE('',#6028,63.05);
#6028 = AXIS2_PLACEMENT_3D('',#6029,#6030,#6031);
#6029 = CARTESIAN_POINT('',(-886.57,-361.647059275,532.1388409961));
#6030 = DIRECTION('',(-7.610706790497E-16,-0.965925826289,0.258819045103
    ));
#6031 = DIRECTION('',(-1.803121930557E-15,0.258819045103,0.965925826289)
  );
#6032 = PCURVE('',#1134,#6033);
#6033 = DEFINITIONAL_REPRESENTATION('',(#6034),#6038);
#6034 = LINE('',#6035,#6036);
#6035 = CARTESIAN_POINT('',(0.,-8.999999903188));
#6036 = VECTOR('',#6037,1.);
#6037 = DIRECTION('',(1.,0.));
#6038 = ( GEOMETRIC_REPRESENTATION_CONTEXT(2) 
PARAMETRIC_REPRESENTATION_CONTEXT() REPRESENTATION_CONTEXT('2D SPACE',''
  ) );
#6039 = PCURVE('',#6040,#6045);
#6040 = PLANE('',#6041);
#6041 = AXIS2_PLACEMENT_3D('',#6042,#6043,#6044);
#6042 = CARTESIAN_POINT('',(-930.3303081598,-350.3210581037,
    574.40805281403));
#6043 = DIRECTION('',(0.,0.965925826289,-0.258819045103));
#6044 = DIRECTION('',(0.,0.258819045103,0.965925826289));
#6045 = DEFINITIONAL_REPRESENTATION('',(#6046),#6054);
#6046 = ( BOUNDED_CURVE() B_SPLINE_CURVE(2,(#6047,#6048,#6049,#6050,
#6051,#6052,#6053),.UNSPECIFIED.,.T.,.F.) B_SPLINE_CURVE_WITH_KNOTS((1,2
    ,2,2,2,1),(-2.094395102393,0.,2.094395102393,4.188790204786,
6.28318530718,8.377580409573),.UNSPECIFIED.) CURVE() 
GEOMETRIC_REPRESENTATION_ITEM() RATIONAL_B_SPLINE_CURVE((1.,0.5,1.,0.5,
1.,0.5,1.)) REPRESENTATION_ITEM('') );
#6047 = CARTESIAN_POINT('',(19.289691840192,43.7603081598));
#6048 = CARTESIAN_POINT('',(19.289691840192,-65.44549525741));
#6049 = CARTESIAN_POINT('',(-75.2853081598,-10.8425935488));
#6050 = CARTESIAN_POINT('',(-169.8603081598,43.7603081598));
#6051 = CARTESIAN_POINT('',(-75.2853081598,98.363209868409));
#6052 = CARTESIAN_POINT('',(19.289691840193,152.96611157701));
#6053 = CARTESIAN_POINT('',(19.289691840192,43.7603081598));
#6054 = ( GEOMETRIC_REPRESENTATION_CONTEXT(2) 
PARAMETRIC_REPRESENTATION_CONTEXT() REPRESENTATION_CONTEXT('2D SPACE',''
  ) );
#6055 = ORIENTED_EDGE('',*,*,#6056,.F.);
#6056 = EDGE_CURVE('',#5624,#6024,#6057,.T.);
#6057 = SURFACE_CURVE('',#6058,(#6062,#6069),.PCURVE_S1.);
#6058 = LINE('',#6059,#6060);
#6059 = CARTESIAN_POINT('',(-949.62,-370.3400291256,534.46956479662));
#6060 = VECTOR('',#6061,1.);
#6061 = DIRECTION('',(0.,0.965885549343,-0.258969313954));
#6062 = PCURVE('',#1134,#6063);
#6063 = DEFINITIONAL_REPRESENTATION('',(#6064),#6068);
#6064 = LINE('',#6065,#6066);
#6065 = CARTESIAN_POINT('',(1.570796326795,0.));
#6066 = VECTOR('',#6067,1.);
#6067 = DIRECTION('',(0.,-1.));
#6068 = ( GEOMETRIC_REPRESENTATION_CONTEXT(2) 
PARAMETRIC_REPRESENTATION_CONTEXT() REPRESENTATION_CONTEXT('2D SPACE',''
  ) );
#6069 = PCURVE('',#6070,#6075);
#6070 = PLANE('',#6071);
#6071 = AXIS2_PLACEMENT_3D('',#6072,#6073,#6074);
#6072 = CARTESIAN_POINT('',(-949.62,-370.3400291256,534.46956479662));
#6073 = DIRECTION('',(1.,-0.,0.));
#6074 = DIRECTION('',(0.,0.258819045103,0.965925826289));
#6075 = DEFINITIONAL_REPRESENTATION('',(#6076),#6080);
#6076 = LINE('',#6077,#6078);
#6077 = CARTESIAN_POINT('',(0.,0.));
#6078 = VECTOR('',#6079,1.);
#6079 = DIRECTION('',(-1.555730047711E-04,-0.999999987899));
#6080 = ( GEOMETRIC_REPRESENTATION_CONTEXT(2) 
PARAMETRIC_REPRESENTATION_CONTEXT() REPRESENTATION_CONTEXT('2D SPACE',''
  ) );
#6081 = ADVANCED_FACE('',(#6082),#1167,.T.);
#6082 = FACE_BOUND('',#6083,.T.);
#6083 = EDGE_LOOP('',(#6084,#6085,#6086,#6109));
#6084 = ORIENTED_EDGE('',*,*,#1151,.F.);
#6085 = ORIENTED_EDGE('',*,*,#5756,.F.);
#6086 = ORIENTED_EDGE('',*,*,#6087,.F.);
#6087 = EDGE_CURVE('',#6088,#5757,#6090,.T.);
#6088 = VERTEX_POINT('',#6089);
#6089 = CARTESIAN_POINT('',(-949.6199967142,-481.1756109818,
    88.021932446241));
#6090 = SURFACE_CURVE('',#6091,(#6095,#6102),.PCURVE_S1.);
#6091 = LINE('',#6092,#6093);
#6092 = CARTESIAN_POINT('',(-949.6199967142,-391.890375966,
    421.23896589096));
#6093 = VECTOR('',#6094,1.);
#6094 = DIRECTION('',(-6.713766422536E-17,0.258819045103,0.965925826289)
  );
#6095 = PCURVE('',#1167,#6096);
#6096 = DEFINITIONAL_REPRESENTATION('',(#6097),#6101);
#6097 = LINE('',#6098,#6099);
#6098 = CARTESIAN_POINT('',(115.,9.999999999965));
#6099 = VECTOR('',#6100,1.);
#6100 = DIRECTION('',(-1.,-1.683068898099E-18));
#6101 = ( GEOMETRIC_REPRESENTATION_CONTEXT(2) 
PARAMETRIC_REPRESENTATION_CONTEXT() REPRESENTATION_CONTEXT('2D SPACE',''
  ) );
#6102 = PCURVE('',#5307,#6103);
#6103 = DEFINITIONAL_REPRESENTATION('',(#6104),#6108);
#6104 = LINE('',#6105,#6106);
#6105 = CARTESIAN_POINT('',(7.068583470577,0.));
#6106 = VECTOR('',#6107,1.);
#6107 = DIRECTION('',(-1.73774038637E-17,1.));
#6108 = ( GEOMETRIC_REPRESENTATION_CONTEXT(2) 
PARAMETRIC_REPRESENTATION_CONTEXT() REPRESENTATION_CONTEXT('2D SPACE',''
  ) );
#6109 = ORIENTED_EDGE('',*,*,#6110,.T.);
#6110 = EDGE_CURVE('',#6088,#1152,#6111,.T.);
#6111 = SURFACE_CURVE('',#6112,(#6118,#6127),.PCURVE_S1.);
#6112 = B_SPLINE_CURVE_WITH_KNOTS('',4,(#6113,#6114,#6115,#6116,#6117),
  .UNSPECIFIED.,.F.,.F.,(5,5),(0.,1.),.PIECEWISE_BEZIER_KNOTS.);
#6113 = CARTESIAN_POINT('',(-949.6199967142,-481.1756164946,
    88.021911872082));
#6114 = CARTESIAN_POINT('',(-949.6199967142,-483.1073876167,
    88.539850506259));
#6115 = CARTESIAN_POINT('',(-949.6199967142,-485.0391587387,
    89.057789140435));
#6116 = CARTESIAN_POINT('',(-949.6199967142,-486.9709298608,
    89.575727774611));
#6117 = CARTESIAN_POINT('',(-949.6199967142,-488.9027009829,
    90.093666408788));
#6118 = PCURVE('',#1167,#6119);
#6119 = DEFINITIONAL_REPRESENTATION('',(#6120),#6126);
#6120 = B_SPLINE_CURVE_WITH_KNOTS('',4,(#6121,#6122,#6123,#6124,#6125),
  .UNSPECIFIED.,.F.,.F.,(5,5),(0.,1.),.PIECEWISE_BEZIER_KNOTS.);
#6121 = CARTESIAN_POINT('',(459.97167893215,9.999999999765));
#6122 = CARTESIAN_POINT('',(459.97136778615,11.9999999998));
#6123 = CARTESIAN_POINT('',(459.97105664012,13.999999999738));
#6124 = CARTESIAN_POINT('',(459.97074549411,15.999999999773));
#6125 = CARTESIAN_POINT('',(459.97043434811,17.999999999808));
#6126 = ( GEOMETRIC_REPRESENTATION_CONTEXT(2) 
PARAMETRIC_REPRESENTATION_CONTEXT() REPRESENTATION_CONTEXT('2D SPACE',''
  ) );
#6127 = PCURVE('',#1199,#6128);
#6128 = DEFINITIONAL_REPRESENTATION('',(#6129),#6135);
#6129 = B_SPLINE_CURVE_WITH_KNOTS('',4,(#6130,#6131,#6132,#6133,#6134),
  .UNSPECIFIED.,.F.,.F.,(5,5),(0.,1.),.PIECEWISE_BEZIER_KNOTS.);
#6130 = CARTESIAN_POINT('',(1.570473487189,-8.509801208498));
#6131 = CARTESIAN_POINT('',(1.570473487189,-6.509801184295));
#6132 = CARTESIAN_POINT('',(1.570473487189,-4.509801160092));
#6133 = CARTESIAN_POINT('',(1.570473487189,-2.509801135889));
#6134 = CARTESIAN_POINT('',(1.570473487189,-0.509801111687));
#6135 = ( GEOMETRIC_REPRESENTATION_CONTEXT(2) 
PARAMETRIC_REPRESENTATION_CONTEXT() REPRESENTATION_CONTEXT('2D SPACE',''
  ) );
#6136 = ADVANCED_FACE('',(#6137),#1199,.T.);
#6137 = FACE_BOUND('',#6138,.T.);
#6138 = EDGE_LOOP('',(#6139,#6174,#6202,#6235,#6453,#6480,#6481,#6482,
    #6483,#6515,#6703,#6731));
#6139 = ORIENTED_EDGE('',*,*,#6140,.F.);
#6140 = EDGE_CURVE('',#6141,#6143,#6145,.T.);
#6141 = VERTEX_POINT('',#6142);
#6142 = CARTESIAN_POINT('',(-886.57,-505.7083830322,29.343727361163));
#6143 = VERTEX_POINT('',#6144);
#6144 = CARTESIAN_POINT('',(-949.62,-489.3898422385,90.245350708689));
#6145 = SURFACE_CURVE('',#6146,(#6151,#6158),.PCURVE_S1.);
#6146 = CIRCLE('',#6147,63.05);
#6147 = AXIS2_PLACEMENT_3D('',#6148,#6149,#6150);
#6148 = CARTESIAN_POINT('',(-886.57,-489.3898422385,90.245350708689));
#6149 = DIRECTION('',(-4.146853281978E-16,0.965925826289,-0.258819045103
    ));
#6150 = DIRECTION('',(-1.803121930557E-15,-0.258819045103,
    -0.965925826289));
#6151 = PCURVE('',#1199,#6152);
#6152 = DEFINITIONAL_REPRESENTATION('',(#6153),#6157);
#6153 = LINE('',#6154,#6155);
#6154 = CARTESIAN_POINT('',(0.,0.));
#6155 = VECTOR('',#6156,1.);
#6156 = DIRECTION('',(1.,0.));
#6157 = ( GEOMETRIC_REPRESENTATION_CONTEXT(2) 
PARAMETRIC_REPRESENTATION_CONTEXT() REPRESENTATION_CONTEXT('2D SPACE',''
  ) );
#6158 = PCURVE('',#6159,#6164);
#6159 = PLANE('',#6160);
#6160 = AXIS2_PLACEMENT_3D('',#6161,#6162,#6163);
#6161 = CARTESIAN_POINT('',(-930.3303081598,-500.7158434098,
    47.976138890754));
#6162 = DIRECTION('',(-0.,-0.965925826289,0.258819045103));
#6163 = DIRECTION('',(0.,-0.258819045103,-0.965925826289));
#6164 = DEFINITIONAL_REPRESENTATION('',(#6165),#6173);
#6165 = ( BOUNDED_CURVE() B_SPLINE_CURVE(2,(#6166,#6167,#6168,#6169,
#6170,#6171,#6172),.UNSPECIFIED.,.T.,.F.) B_SPLINE_CURVE_WITH_KNOTS((1,2
    ,2,2,2,1),(-2.094395102393,0.,2.094395102393,4.188790204786,
6.28318530718,8.377580409573),.UNSPECIFIED.) CURVE() 
GEOMETRIC_REPRESENTATION_ITEM() RATIONAL_B_SPLINE_CURVE((1.,0.5,1.,0.5,
1.,0.5,1.)) REPRESENTATION_ITEM('') );
#6166 = CARTESIAN_POINT('',(19.289691840188,43.7603081598));
#6167 = CARTESIAN_POINT('',(19.289691840187,-65.44549525741));
#6168 = CARTESIAN_POINT('',(-75.28530815981,-10.8425935488));
#6169 = CARTESIAN_POINT('',(-169.8603081598,43.7603081598));
#6170 = CARTESIAN_POINT('',(-75.28530815981,98.363209868409));
#6171 = CARTESIAN_POINT('',(19.289691840188,152.96611157701));
#6172 = CARTESIAN_POINT('',(19.289691840188,43.7603081598));
#6173 = ( GEOMETRIC_REPRESENTATION_CONTEXT(2) 
PARAMETRIC_REPRESENTATION_CONTEXT() REPRESENTATION_CONTEXT('2D SPACE',''
  ) );
#6174 = ORIENTED_EDGE('',*,*,#6175,.T.);
#6175 = EDGE_CURVE('',#6141,#6176,#6178,.T.);
#6176 = VERTEX_POINT('',#6177);
#6177 = CARTESIAN_POINT('',(-886.57,-497.0154131816,27.013003560645));
#6178 = SURFACE_CURVE('',#6179,(#6183,#6190),.PCURVE_S1.);
#6179 = LINE('',#6180,#6181);
#6180 = CARTESIAN_POINT('',(-886.57,-505.7083830322,29.343727361163));
#6181 = VECTOR('',#6182,1.);
#6182 = DIRECTION('',(0.,0.965885549343,-0.258969313954));
#6183 = PCURVE('',#1199,#6184);
#6184 = DEFINITIONAL_REPRESENTATION('',(#6185),#6189);
#6185 = LINE('',#6186,#6187);
#6186 = CARTESIAN_POINT('',(0.,0.));
#6187 = VECTOR('',#6188,1.);
#6188 = DIRECTION('',(0.,-1.));
#6189 = ( GEOMETRIC_REPRESENTATION_CONTEXT(2) 
PARAMETRIC_REPRESENTATION_CONTEXT() REPRESENTATION_CONTEXT('2D SPACE',''
  ) );
#6190 = PCURVE('',#6191,#6196);
#6191 = PLANE('',#6192);
#6192 = AXIS2_PLACEMENT_3D('',#6193,#6194,#6195);
#6193 = CARTESIAN_POINT('',(-949.62,-505.7083830322,29.343727361163));
#6194 = DIRECTION('',(0.,-0.258969313954,-0.965885549343));
#6195 = DIRECTION('',(1.,0.,0.));
#6196 = DEFINITIONAL_REPRESENTATION('',(#6197),#6201);
#6197 = LINE('',#6198,#6199);
#6198 = CARTESIAN_POINT('',(63.05,0.));
#6199 = VECTOR('',#6200,1.);
#6200 = DIRECTION('',(0.,-1.));
#6201 = ( GEOMETRIC_REPRESENTATION_CONTEXT(2) 
PARAMETRIC_REPRESENTATION_CONTEXT() REPRESENTATION_CONTEXT('2D SPACE',''
  ) );
#6202 = ORIENTED_EDGE('',*,*,#6203,.T.);
#6203 = EDGE_CURVE('',#6176,#6204,#6206,.T.);
#6204 = VERTEX_POINT('',#6205);
#6205 = CARTESIAN_POINT('',(-906.7210750738,-496.1595216129,
    30.207234380751));
#6206 = SURFACE_CURVE('',#6207,(#6212,#6219),.PCURVE_S1.);
#6207 = CIRCLE('',#6208,63.05);
#6208 = AXIS2_PLACEMENT_3D('',#6209,#6210,#6211);
#6209 = CARTESIAN_POINT('',(-886.57,-480.6968723879,87.914626908171));
#6210 = DIRECTION('',(-4.146853281978E-16,0.965925826289,-0.258819045103
    ));
#6211 = DIRECTION('',(-1.803121930557E-15,-0.258819045103,
    -0.965925826289));
#6212 = PCURVE('',#1199,#6213);
#6213 = DEFINITIONAL_REPRESENTATION('',(#6214),#6218);
#6214 = LINE('',#6215,#6216);
#6215 = CARTESIAN_POINT('',(0.,-8.999999903188));
#6216 = VECTOR('',#6217,1.);
#6217 = DIRECTION('',(1.,0.));
#6218 = ( GEOMETRIC_REPRESENTATION_CONTEXT(2) 
PARAMETRIC_REPRESENTATION_CONTEXT() REPRESENTATION_CONTEXT('2D SPACE',''
  ) );
#6219 = PCURVE('',#6220,#6225);
#6220 = PLANE('',#6221);
#6221 = AXIS2_PLACEMENT_3D('',#6222,#6223,#6224);
#6222 = CARTESIAN_POINT('',(-930.3303081598,-492.0228735592,
    45.645415090237));
#6223 = DIRECTION('',(-0.,-0.965925826289,0.258819045103));
#6224 = DIRECTION('',(0.,-0.258819045103,-0.965925826289));
#6225 = DEFINITIONAL_REPRESENTATION('',(#6226),#6234);
#6226 = ( BOUNDED_CURVE() B_SPLINE_CURVE(2,(#6227,#6228,#6229,#6230,
#6231,#6232,#6233),.UNSPECIFIED.,.T.,.F.) B_SPLINE_CURVE_WITH_KNOTS((1,2
    ,2,2,2,1),(-2.094395102393,0.,2.094395102393,4.188790204786,
6.28318530718,8.377580409573),.UNSPECIFIED.) CURVE() 
GEOMETRIC_REPRESENTATION_ITEM() RATIONAL_B_SPLINE_CURVE((1.,0.5,1.,0.5,
1.,0.5,1.)) REPRESENTATION_ITEM('') );
#6227 = CARTESIAN_POINT('',(19.289691840189,43.7603081598));
#6228 = CARTESIAN_POINT('',(19.289691840188,-65.44549525741));
#6229 = CARTESIAN_POINT('',(-75.28530815981,-10.8425935488));
#6230 = CARTESIAN_POINT('',(-169.8603081598,43.7603081598));
#6231 = CARTESIAN_POINT('',(-75.28530815981,98.363209868409));
#6232 = CARTESIAN_POINT('',(19.289691840189,152.96611157701));
#6233 = CARTESIAN_POINT('',(19.289691840189,43.7603081598));
#6234 = ( GEOMETRIC_REPRESENTATION_CONTEXT(2) 
PARAMETRIC_REPRESENTATION_CONTEXT() REPRESENTATION_CONTEXT('2D SPACE',''
  ) );
#6235 = ORIENTED_EDGE('',*,*,#6236,.T.);
#6236 = EDGE_CURVE('',#6204,#6237,#6239,.T.);
#6237 = VERTEX_POINT('',#6238);
#6238 = CARTESIAN_POINT('',(-888.2859720643,-497.482844216,
    27.162509485124));
#6239 = SURFACE_CURVE('',#6240,(#6309,#6381),.PCURVE_S1.);
#6240 = B_SPLINE_CURVE_WITH_KNOTS('',7,(#6241,#6242,#6243,#6244,#6245,
    #6246,#6247,#6248,#6249,#6250,#6251,#6252,#6253,#6254,#6255,#6256,
    #6257,#6258,#6259,#6260,#6261,#6262,#6263,#6264,#6265,#6266,#6267,
    #6268,#6269,#6270,#6271,#6272,#6273,#6274,#6275,#6276,#6277,#6278,
    #6279,#6280,#6281,#6282,#6283,#6284,#6285,#6286,#6287,#6288,#6289,
    #6290,#6291,#6292,#6293,#6294,#6295,#6296,#6297,#6298,#6299,#6300,
    #6301,#6302,#6303,#6304,#6305,#6306,#6307,#6308),.UNSPECIFIED.,.F.,
  .F.,(8,6,6,6,6,6,6,6,6,6,6,8),(0.,0.470940395902,0.704325853814,
    0.82106516255,0.879467903732,0.937938326924,0.966215358206,
    0.978992957589,0.990401636753,0.994750803466,0.998530392746,1.),
  .UNSPECIFIED.);
#6241 = CARTESIAN_POINT('',(-906.721130436,-496.1595162003,
    30.207252262546));
#6242 = CARTESIAN_POINT('',(-905.5100005644,-496.2779244362,
    29.816061192531));
#6243 = CARTESIAN_POINT('',(-904.2892294305,-496.3898958791,
    29.452807614545));
#6244 = CARTESIAN_POINT('',(-903.0596341211,-496.4954628454,
    29.117783500328));
#6245 = CARTESIAN_POINT('',(-901.8220422285,-496.5946881926,
    28.811258950666));
#6246 = CARTESIAN_POINT('',(-900.5772933606,-496.6877104316,
    28.533494214915));
#6247 = CARTESIAN_POINT('',(-899.3262383761,-496.7747186577,
    28.284732349578));
#6248 = CARTESIAN_POINT('',(-897.4470631864,-496.8965581249,
    27.956495710116));
#6249 = CARTESIAN_POINT('',(-896.8230456012,-496.9355704598,
    27.854924922161));
#6250 = CARTESIAN_POINT('',(-896.1977985191,-496.9732775947,
    27.7605818654));
#6251 = CARTESIAN_POINT('',(-895.5714294656,-497.0097613086,
    27.673506105532));
#6252 = CARTESIAN_POINT('',(-894.9440484647,-497.0451194737,
    27.593739748734));
#6253 = CARTESIAN_POINT('',(-894.3157695048,-497.079498344,
    27.521335874475));
#6254 = CARTESIAN_POINT('',(-893.3720607223,-497.1300089796,
    27.423886728461));
#6255 = CARTESIAN_POINT('',(-893.0572139561,-497.1466731198,
    27.393258308048));
#6256 = CARTESIAN_POINT('',(-892.7421883825,-497.1631935337,
    27.364503516148));
#6257 = CARTESIAN_POINT('',(-892.4270002936,-497.1796152611,
    27.33763579574));
#6258 = CARTESIAN_POINT('',(-892.1116674439,-497.1959927256,
    27.312671031849));
#6259 = CARTESIAN_POINT('',(-891.7962098354,-497.2124025142,
    27.289630922949));
#6260 = CARTESIAN_POINT('',(-891.3227828215,-497.2372600942,
    27.258004114855));
#6261 = CARTESIAN_POINT('',(-891.1648892581,-497.2455886565,
    27.247948283925));
#6262 = CARTESIAN_POINT('',(-891.0069737246,-497.2539735951,
    27.238387492337));
#6263 = CARTESIAN_POINT('',(-890.8490396791,-497.2624335537,
    27.22932686903));
#6264 = CARTESIAN_POINT('',(-890.6910913548,-497.2709924593,
    27.220772969984));
#6265 = CARTESIAN_POINT('',(-890.5331340402,-497.2796829666,
    27.212734694056));
#6266 = CARTESIAN_POINT('',(-890.2170316234,-497.2974271151,
    27.197704999787));
#6267 = CARTESIAN_POINT('',(-890.0588900641,-497.3064809896,
    27.190714980463));
#6268 = CARTESIAN_POINT('',(-889.9007526539,-497.3157597651,
    27.184266931216));
#6269 = CARTESIAN_POINT('',(-889.7426267167,-497.3253186114,
    27.178375782922));
#6270 = CARTESIAN_POINT('',(-889.5845284921,-497.3352569491,
    27.173068607888));
#6271 = CARTESIAN_POINT('',(-889.4264784758,-497.3456803671,
    27.168374156882));
#6272 = CARTESIAN_POINT('',(-889.1921320782,-497.3623028848,
    27.162437184864));
#6273 = CARTESIAN_POINT('',(-889.1157687156,-497.3679034463,
    27.160664015559));
#6274 = CARTESIAN_POINT('',(-889.0394330559,-497.3737218226,
    27.159062404651));
#6275 = CARTESIAN_POINT('',(-888.9631311144,-497.3797978505,
    27.157643145511));
#6276 = CARTESIAN_POINT('',(-888.886879361,-497.3862067001,
    27.156426818294));
#6277 = CARTESIAN_POINT('',(-888.8106984598,-497.3930244711,
    27.155434323569));
#6278 = CARTESIAN_POINT('',(-888.7002689248,-497.4038484289,
    27.154408901593));
#6279 = CARTESIAN_POINT('',(-888.6678085963,-497.4071625879,
    27.154165678478));
#6280 = CARTESIAN_POINT('',(-888.6367066087,-497.4104725447,
    27.153987774261));
#6281 = CARTESIAN_POINT('',(-888.6067278097,-497.4138064482,
    27.153872378871));
#6282 = CARTESIAN_POINT('',(-888.5779522151,-497.4171694687,
    27.15382170662));
#6283 = CARTESIAN_POINT('',(-888.550770673,-497.4205264245,
    27.153836473562));
#6284 = CARTESIAN_POINT('',(-888.5036495999,-497.4266617927,
    27.153967362308));
#6285 = CARTESIAN_POINT('',(-888.4814735588,-497.4296936621,
    27.154077170403));
#6286 = CARTESIAN_POINT('',(-888.4593434938,-497.4328961164,
    27.154243584341));
#6287 = CARTESIAN_POINT('',(-888.4372605504,-497.4362925831,
    27.154472887757));
#6288 = CARTESIAN_POINT('',(-888.4152643735,-497.4399668554,
    27.154788661591));
#6289 = CARTESIAN_POINT('',(-888.393387033,-497.4439567674,
    27.155201922188));
#6290 = CARTESIAN_POINT('',(-888.36351907,-497.4502875105,
    27.156015259586));
#6291 = CARTESIAN_POINT('',(-888.3553650387,-497.4521094101,
    27.156263751858));
#6292 = CARTESIAN_POINT('',(-888.3475166292,-497.4539775676,
    27.15653487655));
#6293 = CARTESIAN_POINT('',(-888.3401468245,-497.4558610937,
    27.156825239954));
#6294 = CARTESIAN_POINT('',(-888.3333854979,-497.4577265664,
    27.157129433314));
#6295 = CARTESIAN_POINT('',(-888.327319413,-497.4595380307,
    27.157440032826));
#6296 = CARTESIAN_POINT('',(-888.3173626957,-497.4627508467,
    27.158014886767));
#6297 = CARTESIAN_POINT('',(-888.3128361314,-497.4643198372,
    27.158305695814));
#6298 = CARTESIAN_POINT('',(-888.3083890867,-497.4659965129,
    27.158628039573));
#6299 = CARTESIAN_POINT('',(-888.3039999507,-497.4678090456,
    27.158988847728));
#6300 = CARTESIAN_POINT('',(-888.2997802489,-497.469809425,
    27.159405212392));
#6301 = CARTESIAN_POINT('',(-888.2957927343,-497.4720164001,
    27.159883893238));
#6302 = CARTESIAN_POINT('',(-888.2910188885,-497.4755936291,
    27.160707940446));
#6303 = CARTESIAN_POINT('',(-888.2897703804,-497.4766473153,
    27.160955161157));
#6304 = CARTESIAN_POINT('',(-888.2886278443,-497.4777631741,
    27.161222075535));
#6305 = CARTESIAN_POINT('',(-888.2876246007,-497.4789460794,
    27.161510923647));
#6306 = CARTESIAN_POINT('',(-888.2868129916,-497.4801958935,
    27.161823132999));
#6307 = CARTESIAN_POINT('',(-888.2862510327,-497.4815037081,
    27.162157937061));
#6308 = CARTESIAN_POINT('',(-888.2859720644,-497.482844216,
    27.162509485124));
#6309 = PCURVE('',#1199,#6310);
#6310 = DEFINITIONAL_REPRESENTATION('',(#6311),#6380);
#6311 = B_SPLINE_CURVE_WITH_KNOTS('',7,(#6312,#6313,#6314,#6315,#6316,
    #6317,#6318,#6319,#6320,#6321,#6322,#6323,#6324,#6325,#6326,#6327,
    #6328,#6329,#6330,#6331,#6332,#6333,#6334,#6335,#6336,#6337,#6338,
    #6339,#6340,#6341,#6342,#6343,#6344,#6345,#6346,#6347,#6348,#6349,
    #6350,#6351,#6352,#6353,#6354,#6355,#6356,#6357,#6358,#6359,#6360,
    #6361,#6362,#6363,#6364,#6365,#6366,#6367,#6368,#6369,#6370,#6371,
    #6372,#6373,#6374,#6375,#6376,#6377,#6378,#6379),.UNSPECIFIED.,.F.,
  .F.,(8,6,6,6,6,6,6,6,6,6,6,8),(0.,0.470940395902,0.704325853814,
    0.82106516255,0.879467903732,0.937938326924,0.966215358206,
    0.978992957589,0.990401636753,0.994750803466,0.998530392746,1.),
  .UNSPECIFIED.);
#6312 = CARTESIAN_POINT('',(0.325313182763,-9.000000503188));
#6313 = CARTESIAN_POINT('',(0.305040875588,-8.986874629149));
#6314 = CARTESIAN_POINT('',(0.284768910145,-8.9727354647));
#6315 = CARTESIAN_POINT('',(0.264497345555,-8.957476226691));
#6316 = CARTESIAN_POINT('',(0.244226253462,-8.940966292254));
#6317 = CARTESIAN_POINT('',(0.22395576504,-8.923004512626));
#6318 = CARTESIAN_POINT('',(0.203686079235,-8.903345328088));
#6319 = CARTESIAN_POINT('',(0.173373088821,-8.870611333251));
#6320 = CARTESIAN_POINT('',(0.163328891089,-8.859216765669));
#6321 = CARTESIAN_POINT('',(0.153285037706,-8.847212249936));
#6322 = CARTESIAN_POINT('',(0.143241600061,-8.834508553294));
#6323 = CARTESIAN_POINT('',(0.133198684666,-8.821000240675));
#6324 = CARTESIAN_POINT('',(0.123156456849,-8.806532303384));
#6325 = CARTESIAN_POINT('',(0.108092562522,-8.782964470546));
#6326 = CARTESIAN_POINT('',(0.103070183472,-8.774795365566));
#6327 = CARTESIAN_POINT('',(9.804808606481E-02,-8.766280158824));
#6328 = CARTESIAN_POINT('',(9.302632256362E-02,-8.757371865802));
#6329 = CARTESIAN_POINT('',(8.800496827802E-02,-8.748013806193));
#6330 = CARTESIAN_POINT('',(8.298413398094E-02,-8.7381263864));
#6331 = CARTESIAN_POINT('',(7.545250031403E-02,-8.72230142799));
#6332 = CARTESIAN_POINT('',(7.294118542649E-02,-8.716859295091));
#6333 = CARTESIAN_POINT('',(7.043006989056E-02,-8.711234581176));
#6334 = CARTESIAN_POINT('',(6.791918268145E-02,-8.705407950464));
#6335 = CARTESIAN_POINT('',(6.540856506544E-02,-8.699354594483));
#6336 = CARTESIAN_POINT('',(6.289827504424E-02,-8.69304066786));
#6337 = CARTESIAN_POINT('',(5.787559989085E-02,-8.679791107465));
#6338 = CARTESIAN_POINT('',(5.536327208613E-02,-8.672854886352));
#6339 = CARTESIAN_POINT('',(5.285142938308E-02,-8.665561155258));
#6340 = CARTESIAN_POINT('',(5.034016197887E-02,-8.657852760068));
#6341 = CARTESIAN_POINT('',(4.782970155141E-02,-8.649626660898));
#6342 = CARTESIAN_POINT('',(4.532034724928E-02,-8.640773425442));
#6343 = CARTESIAN_POINT('',(4.160010406793E-02,-8.626253907555));
#6344 = CARTESIAN_POINT('',(4.038791110222E-02,-8.621303110534));
#6345 = CARTESIAN_POINT('',(3.917622839548E-02,-8.616097517899));
#6346 = CARTESIAN_POINT('',(3.796514843581E-02,-8.610595856879));
#6347 = CARTESIAN_POINT('',(3.675492959489E-02,-8.604720192106));
#6348 = CARTESIAN_POINT('',(3.554589677149E-02,-8.598391607436));
#6349 = CARTESIAN_POINT('',(3.379340392824E-02,-8.588201865708));
#6350 = CARTESIAN_POINT('',(3.327827745441E-02,-8.58506358468));
#6351 = CARTESIAN_POINT('',(3.278471683734E-02,-8.581912456821));
#6352 = CARTESIAN_POINT('',(3.230898905992E-02,-8.578722019877));
#6353 = CARTESIAN_POINT('',(3.185236278082E-02,-8.575486706387));
#6354 = CARTESIAN_POINT('',(3.142103865326E-02,-8.572240314068));
#6355 = CARTESIAN_POINT('',(3.067331840132E-02,-8.566280126878));
#6356 = CARTESIAN_POINT('',(3.03214320435E-02,-8.563323145513));
#6357 = CARTESIAN_POINT('',(2.997027963021E-02,-8.560186741062));
#6358 = CARTESIAN_POINT('',(2.961987924864E-02,-8.556846658003));
#6359 = CARTESIAN_POINT('',(2.927085984582E-02,-8.553215855143));
#6360 = CARTESIAN_POINT('',(2.892373016544E-02,-8.549254936341));
#6361 = CARTESIAN_POINT('',(2.844981793599E-02,-8.542929400882));
#6362 = CARTESIAN_POINT('',(2.832043926354E-02,-8.541105266393));
#6363 = CARTESIAN_POINT('',(2.819591037759E-02,-8.539230592583));
#6364 = CARTESIAN_POINT('',(2.807897588089E-02,-8.537336094454));
#6365 = CARTESIAN_POINT('',(2.797169633299E-02,-8.535455455131));
#6366 = CARTESIAN_POINT('',(2.787544825021E-02,-8.53362532586));
#6367 = CARTESIAN_POINT('',(2.771746944827E-02,-8.530373200768));
#6368 = CARTESIAN_POINT('',(2.764564864162E-02,-8.528782405396));
#6369 = CARTESIAN_POINT('',(2.757508969561E-02,-8.527079432285));
#6370 = CARTESIAN_POINT('',(2.750544971956E-02,-8.525235276128));
#6371 = CARTESIAN_POINT('',(2.7438498212E-02,-8.52319529483));
#6372 = CARTESIAN_POINT('',(2.737523081797E-02,-8.520939628813));
#6373 = CARTESIAN_POINT('',(2.729948731338E-02,-8.517271011843));
#6374 = CARTESIAN_POINT('',(2.7279678062E-02,-8.51618924371));
#6375 = CARTESIAN_POINT('',(2.726155020939E-02,-8.515042324324));
#6376 = CARTESIAN_POINT('',(2.724563242915E-02,-8.513824966092));
#6377 = CARTESIAN_POINT('',(2.723275518685E-02,-8.51253693264));
#6378 = CARTESIAN_POINT('',(2.722383897544E-02,-8.511187027102));
#6379 = CARTESIAN_POINT('',(2.721941277796E-02,-8.509801208498));
#6380 = ( GEOMETRIC_REPRESENTATION_CONTEXT(2) 
PARAMETRIC_REPRESENTATION_CONTEXT() REPRESENTATION_CONTEXT('2D SPACE',''
  ) );
#6381 = PCURVE('',#5279,#6382);
#6382 = DEFINITIONAL_REPRESENTATION('',(#6383),#6452);
#6383 = B_SPLINE_CURVE_WITH_KNOTS('',7,(#6384,#6385,#6386,#6387,#6388,
    #6389,#6390,#6391,#6392,#6393,#6394,#6395,#6396,#6397,#6398,#6399,
    #6400,#6401,#6402,#6403,#6404,#6405,#6406,#6407,#6408,#6409,#6410,
    #6411,#6412,#6413,#6414,#6415,#6416,#6417,#6418,#6419,#6420,#6421,
    #6422,#6423,#6424,#6425,#6426,#6427,#6428,#6429,#6430,#6431,#6432,
    #6433,#6434,#6435,#6436,#6437,#6438,#6439,#6440,#6441,#6442,#6443,
    #6444,#6445,#6446,#6447,#6448,#6449,#6450,#6451),.UNSPECIFIED.,.F.,
  .F.,(8,6,6,6,6,6,6,6,6,6,6,8),(0.,0.470940395902,0.704325853814,
    0.82106516255,0.879467903732,0.937938326924,0.966215358206,
    0.978992957589,0.990401636753,0.994750803466,0.998530392746,1.),
  .UNSPECIFIED.);
#6384 = CARTESIAN_POINT('',(5.037196643631,4.903958222551E-02));
#6385 = CARTESIAN_POINT('',(5.016904387985,4.772541494646E-02));
#6386 = CARTESIAN_POINT('',(4.996612717898,4.630989558464E-02));
#6387 = CARTESIAN_POINT('',(4.976321701499,4.478235669411E-02));
#6388 = CARTESIAN_POINT('',(4.956031431255,4.312974902543E-02));
#6389 = CARTESIAN_POINT('',(4.935742043198,4.133197177688E-02));
#6390 = CARTESIAN_POINT('',(4.915453753883,3.936448609092E-02));
#6391 = CARTESIAN_POINT('',(4.885113399195,3.608882354803E-02));
#6392 = CARTESIAN_POINT('',(4.87506020944,3.494863018917E-02));
#6393 = CARTESIAN_POINT('',(4.865007440922,3.374745798036E-02));
#6394 = CARTESIAN_POINT('',(4.854955166529,3.247638670615E-02));
#6395 = CARTESIAN_POINT('',(4.844903494279,3.112487629695E-02));
#6396 = CARTESIAN_POINT('',(4.834852591021,2.967742998448E-02));
#6397 = CARTESIAN_POINT('',(4.819775806306,2.731971556688E-02));
#6398 = CARTESIAN_POINT('',(4.814749150093,2.650250259459E-02));
#6399 = CARTESIAN_POINT('',(4.809722796487,2.565068810099E-02));
#6400 = CARTESIAN_POINT('',(4.804696797963,2.475957439682E-02));
#6401 = CARTESIAN_POINT('',(4.799671230054,2.382349431328E-02));
#6402 = CARTESIAN_POINT('',(4.794646203784,2.283448951586E-02));
#6403 = CARTESIAN_POINT('',(4.787108313897,2.125161829605E-02));
#6404 = CARTESIAN_POINT('',(4.784594918312,2.070728298934E-02));
#6405 = CARTESIAN_POINT('',(4.782081727611,2.014469290382E-02));
#6406 = CARTESIAN_POINT('',(4.779568770813,1.956191464269E-02));
#6407 = CARTESIAN_POINT('',(4.777056089237,1.895646756537E-02));
#6408 = CARTESIAN_POINT('',(4.774543740949,1.832496737727E-02));
#6409 = CARTESIAN_POINT('',(4.769516958434,1.699980465145E-02));
#6410 = CARTESIAN_POINT('',(4.767002581594,1.630608339206E-02));
#6411 = CARTESIAN_POINT('',(4.764488695724,1.557661568115E-02));
#6412 = CARTESIAN_POINT('',(4.761975391112,1.480568644706E-02));
#6413 = CARTESIAN_POINT('',(4.75946289964,1.398299213907E-02));
#6414 = CARTESIAN_POINT('',(4.756951520712,1.309759004728E-02));
#6415 = CARTESIAN_POINT('',(4.753228284141,1.164553164787E-02));
#6416 = CARTESIAN_POINT('',(4.752015117115,1.115041876009E-02));
#6417 = CARTESIAN_POINT('',(4.750802462056,1.062982797119E-02));
#6418 = CARTESIAN_POINT('',(4.749590411529,1.007963211611E-02));
#6419 = CARTESIAN_POINT('',(4.748379224115,9.492037806162E-03));
#6420 = CARTESIAN_POINT('',(4.747169224974,8.859153603912E-03));
#6421 = CARTESIAN_POINT('',(4.745415333361,7.840145540493E-03));
#6422 = CARTESIAN_POINT('',(4.744899796003,7.526307956632E-03));
#6423 = CARTESIAN_POINT('',(4.74440584193,7.211186518663E-03));
#6424 = CARTESIAN_POINT('',(4.743929735124,6.892134905509E-03));
#6425 = CARTESIAN_POINT('',(4.743472745234,6.568596374455E-03));
#6426 = CARTESIAN_POINT('',(4.743041077818,6.243950754333E-03));
#6427 = CARTESIAN_POINT('',(4.742292762716,5.647921566157E-03));
#6428 = CARTESIAN_POINT('',(4.741940596532,5.352218781194E-03));
#6429 = CARTESIAN_POINT('',(4.741589164996,5.038573992676E-03));
#6430 = CARTESIAN_POINT('',(4.741238486208,4.704561669383E-03));
#6431 = CARTESIAN_POINT('',(4.740889189621,4.341477727117E-03));
#6432 = CARTESIAN_POINT('',(4.740541784384,3.945382590488E-03));
#6433 = CARTESIAN_POINT('',(4.740067496151,3.312825205669E-03));
#6434 = CARTESIAN_POINT('',(4.739938014851,3.130410775225E-03));
#6435 = CARTESIAN_POINT('',(4.739813387205,2.942942516289E-03));
#6436 = CARTESIAN_POINT('',(4.739696359992,2.753491943927E-03));
#6437 = CARTESIAN_POINT('',(4.739588995404,2.565427374721E-03));
#6438 = CARTESIAN_POINT('',(4.739492671042,2.382413926779E-03));
#6439 = CARTESIAN_POINT('',(4.739334567063,2.057200628475E-03));
#6440 = CARTESIAN_POINT('',(4.739262689359,1.898120764078E-03));
#6441 = CARTESIAN_POINT('',(4.73919207453,1.727823163389E-03));
#6442 = CARTESIAN_POINT('',(4.739122379412,1.543407297989E-03));
#6443 = CARTESIAN_POINT('',(4.739055374913,1.33940896523E-03));
#6444 = CARTESIAN_POINT('',(4.738992057468,1.113842215651E-03));
#6445 = CARTESIAN_POINT('',(4.738916254108,7.46980390639E-04));
#6446 = CARTESIAN_POINT('',(4.738896429211,6.388035500346E-04));
#6447 = CARTESIAN_POINT('',(4.738878287052,5.241115925439E-04));
#6448 = CARTESIAN_POINT('',(4.738862356722,4.023757589308E-04));
#6449 = CARTESIAN_POINT('',(4.738849469348,2.735724108048E-04));
#6450 = CARTESIAN_POINT('',(4.738840546151,1.385818587323E-04));
#6451 = CARTESIAN_POINT('',(4.738836116533,0.));
#6452 = ( GEOMETRIC_REPRESENTATION_CONTEXT(2) 
PARAMETRIC_REPRESENTATION_CONTEXT() REPRESENTATION_CONTEXT('2D SPACE',''
  ) );
#6453 = ORIENTED_EDGE('',*,*,#6454,.T.);
#6454 = EDGE_CURVE('',#6237,#1242,#6455,.T.);
#6455 = SURFACE_CURVE('',#6456,(#6462,#6471),.PCURVE_S1.);
#6456 = B_SPLINE_CURVE_WITH_KNOTS('',4,(#6457,#6458,#6459,#6460,#6461),
  .UNSPECIFIED.,.F.,.F.,(5,5),(0.,1.),.PIECEWISE_BEZIER_KNOTS.);
#6457 = CARTESIAN_POINT('',(-888.2859721852,-497.4828436356,
    27.162509332921));
#6458 = CARTESIAN_POINT('',(-887.8834334267,-499.4171361494,
    27.669777331206));
#6459 = CARTESIAN_POINT('',(-887.4840967276,-501.3507318996,
    28.180500392721));
#6460 = CARTESIAN_POINT('',(-887.0879716069,-503.283658433,
    28.69455532613));
#6461 = CARTESIAN_POINT('',(-886.6950609386,-505.2159419834,
    29.21182447672));
#6462 = PCURVE('',#1199,#6463);
#6463 = DEFINITIONAL_REPRESENTATION('',(#6464),#6470);
#6464 = B_SPLINE_CURVE_WITH_KNOTS('',4,(#6465,#6466,#6467,#6468,#6469),
  .UNSPECIFIED.,.F.,.F.,(5,5),(0.,1.),.PIECEWISE_BEZIER_KNOTS.);
#6465 = CARTESIAN_POINT('',(2.721941479621E-02,-8.509801808499));
#6466 = CARTESIAN_POINT('',(2.083261187259E-02,-6.510128070775));
#6467 = CARTESIAN_POINT('',(1.449809408956E-02,-4.510233118739));
#6468 = CARTESIAN_POINT('',(8.215265147445E-03,-2.510122228586));
#6469 = CARTESIAN_POINT('',(1.983521431902E-03,-0.509800511686));
#6470 = ( GEOMETRIC_REPRESENTATION_CONTEXT(2) 
PARAMETRIC_REPRESENTATION_CONTEXT() REPRESENTATION_CONTEXT('2D SPACE',''
  ) );
#6471 = PCURVE('',#1260,#6472);
#6472 = DEFINITIONAL_REPRESENTATION('',(#6473),#6479);
#6473 = B_SPLINE_CURVE_WITH_KNOTS('',4,(#6474,#6475,#6476,#6477,#6478),
  .UNSPECIFIED.,.F.,.F.,(5,5),(0.,1.),.PIECEWISE_BEZIER_KNOTS.);
#6474 = CARTESIAN_POINT('',(6.256738169112,9.9999994));
#6475 = CARTESIAN_POINT('',(6.26312990844,11.999673113524));
#6476 = CARTESIAN_POINT('',(6.26946936283,13.999568041359));
#6477 = CARTESIAN_POINT('',(6.275757129571,15.999678907308));
#6478 = CARTESIAN_POINT('',(6.281993811273,18.0000006));
#6479 = ( GEOMETRIC_REPRESENTATION_CONTEXT(2) 
PARAMETRIC_REPRESENTATION_CONTEXT() REPRESENTATION_CONTEXT('2D SPACE',''
  ) );
#6480 = ORIENTED_EDGE('',*,*,#1296,.T.);
#6481 = ORIENTED_EDGE('',*,*,#1179,.T.);
#6482 = ORIENTED_EDGE('',*,*,#6110,.F.);
#6483 = ORIENTED_EDGE('',*,*,#6484,.F.);
#6484 = EDGE_CURVE('',#6485,#6088,#6487,.T.);
#6485 = VERTEX_POINT('',#6486);
#6486 = CARTESIAN_POINT('',(-949.6199812125,-481.1659386996,
    87.989998587802));
#6487 = SURFACE_CURVE('',#6488,(#6495,#6505),.PCURVE_S1.);
#6488 = B_SPLINE_CURVE_WITH_KNOTS('',5,(#6489,#6490,#6491,#6492,#6493,
    #6494),.UNSPECIFIED.,.F.,.F.,(6,6),(0.,1.),
  .PIECEWISE_BEZIER_KNOTS.);
#6489 = CARTESIAN_POINT('',(-949.619981212,-481.1659386009,
    87.989997940192));
#6490 = CARTESIAN_POINT('',(-949.619987033,-481.1671801266,87.9981373627
    ));
#6491 = CARTESIAN_POINT('',(-949.6199895994,-481.1677642997,
    88.004033397533));
#6492 = CARTESIAN_POINT('',(-949.6199922584,-481.1698175218,
    88.005994459305));
#6493 = CARTESIAN_POINT('',(-949.6199967142,-481.1697884027,
    88.020349267918));
#6494 = CARTESIAN_POINT('',(-949.6199967142,-481.1756164946,
    88.021911872259));
#6495 = PCURVE('',#1199,#6496);
#6496 = DEFINITIONAL_REPRESENTATION('',(#6497),#6504);
#6497 = B_SPLINE_CURVE_WITH_KNOTS('',5,(#6498,#6499,#6500,#6501,#6502,
    #6503),.UNSPECIFIED.,.F.,.F.,(6,6),(0.,1.),
  .PIECEWISE_BEZIER_KNOTS.);
#6498 = CARTESIAN_POINT('',(1.570024336785,-8.527409269517));
#6499 = CARTESIAN_POINT('',(1.570143928154,-8.524103410178));
#6500 = CARTESIAN_POINT('',(1.570231852224,-8.522013136246));
#6501 = CARTESIAN_POINT('',(1.570253461117,-8.519522315811));
#6502 = CARTESIAN_POINT('',(1.570473487192,-8.515835144788));
#6503 = CARTESIAN_POINT('',(1.570473487192,-8.509801208498));
#6504 = ( GEOMETRIC_REPRESENTATION_CONTEXT(2) 
PARAMETRIC_REPRESENTATION_CONTEXT() REPRESENTATION_CONTEXT('2D SPACE',''
  ) );
#6505 = PCURVE('',#5307,#6506);
#6506 = DEFINITIONAL_REPRESENTATION('',(#6507),#6514);
#6507 = B_SPLINE_CURVE_WITH_KNOTS('',5,(#6508,#6509,#6510,#6511,#6512,
    #6513),.UNSPECIFIED.,.F.,.F.,(6,6),(1.59127673794E-05,1.),
  .PIECEWISE_BEZIER_KNOTS.);
#6508 = CARTESIAN_POINT('',(7.066822689886,-345.0000000001));
#6509 = CARTESIAN_POINT('',(7.067153263332,-344.9924594991));
#6510 = CARTESIAN_POINT('',(7.067362289397,-344.9869158497));
#6511 = CARTESIAN_POINT('',(7.067611371563,-344.9855526461));
#6512 = CARTESIAN_POINT('',(7.067980086556,-344.9716798705));
#6513 = CARTESIAN_POINT('',(7.068583470577,-344.9716789319));
#6514 = ( GEOMETRIC_REPRESENTATION_CONTEXT(2) 
PARAMETRIC_REPRESENTATION_CONTEXT() REPRESENTATION_CONTEXT('2D SPACE',''
  ) );
#6515 = ORIENTED_EDGE('',*,*,#6516,.T.);
#6516 = EDGE_CURVE('',#6485,#6517,#6519,.T.);
#6517 = VERTEX_POINT('',#6518);
#6518 = CARTESIAN_POINT('',(-946.8599785483,-485.4722134348,
    70.092811497608));
#6519 = SURFACE_CURVE('',#6520,(#6579,#6641),.PCURVE_S1.);
#6520 = B_SPLINE_CURVE_WITH_KNOTS('',8,(#6521,#6522,#6523,#6524,#6525,
    #6526,#6527,#6528,#6529,#6530,#6531,#6532,#6533,#6534,#6535,#6536,
    #6537,#6538,#6539,#6540,#6541,#6542,#6543,#6544,#6545,#6546,#6547,
    #6548,#6549,#6550,#6551,#6552,#6553,#6554,#6555,#6556,#6557,#6558,
    #6559,#6560,#6561,#6562,#6563,#6564,#6565,#6566,#6567,#6568,#6569,
    #6570,#6571,#6572,#6573,#6574,#6575,#6576,#6577,#6578),
  .UNSPECIFIED.,.F.,.F.,(9,7,7,7,7,7,7,7,9),(0.,3.89932734792E-03,
    8.948019235959E-03,2.389162686225E-02,4.304976274653E-02,
    0.117285119844,0.226341498564,0.556444392232,1.),.UNSPECIFIED.);
#6521 = CARTESIAN_POINT('',(-949.6199812125,-481.1659386998,
    87.989998587837));
#6522 = CARTESIAN_POINT('',(-949.6199781076,-481.1652764656,
    87.985657019268));
#6523 = CARTESIAN_POINT('',(-949.6199740006,-481.164659471,
    87.980380744753));
#6524 = CARTESIAN_POINT('',(-949.6199686846,-481.1641664335,
    87.974212166386));
#6525 = CARTESIAN_POINT('',(-949.619961896,-481.1638405441,
    87.967226802679));
#6526 = CARTESIAN_POINT('',(-949.6199533811,-481.1636971675,
    87.959531604338));
#6527 = CARTESIAN_POINT('',(-949.6199429625,-481.1637315411,
    87.951263270049));
#6528 = CARTESIAN_POINT('',(-949.6199306048,-481.1639264756,
    87.942586562261));
#6529 = CARTESIAN_POINT('',(-949.6198981958,-481.1646919569,
    87.92217710884));
#6530 = CARTESIAN_POINT('',(-949.6198774748,-481.1653407933,
    87.910626776426));
#6531 = CARTESIAN_POINT('',(-949.6198543018,-481.1661524012,
    87.899054847052));
#6532 = CARTESIAN_POINT('',(-949.6198286693,-481.1670913545,
    87.887470419809));
#6533 = CARTESIAN_POINT('',(-949.6198005741,-481.1681357913,
    87.875879085342));
#6534 = CARTESIAN_POINT('',(-949.6197700139,-481.1692722426,
    87.864283539629));
#6535 = CARTESIAN_POINT('',(-949.6197369819,-481.1704904608,
    87.852684197767));
#6536 = CARTESIAN_POINT('',(-949.6195963325,-481.175589969,
    87.806732009362));
#6537 = CARTESIAN_POINT('',(-949.619469509,-481.1800162644,
    87.772368774104));
#6538 = CARTESIAN_POINT('',(-949.6193208531,-481.1848204624,
    87.738004362288));
#6539 = CARTESIAN_POINT('',(-949.6191503201,-481.1899246077,
    87.703649258401));
#6540 = CARTESIAN_POINT('',(-949.6189579047,-481.1952709292,
    87.669309580554));
#6541 = CARTESIAN_POINT('',(-949.618743599,-481.2008091002,
    87.634986180657));
#6542 = CARTESIAN_POINT('',(-949.6185073599,-481.2065184878,
    87.600674351459));
#6543 = CARTESIAN_POINT('',(-949.617917965,-481.2198822702,
    87.522379551233));
#6544 = CARTESIAN_POINT('',(-949.6175507406,-481.2276293361,
    87.478413395559));
#6545 = CARTESIAN_POINT('',(-949.6171473652,-481.2355689611,
    87.434464725635));
#6546 = CARTESIAN_POINT('',(-949.6167078123,-481.2436707556,
    87.390532627163));
#6547 = CARTESIAN_POINT('',(-949.6162320658,-481.251913413,
    87.346616431935));
#6548 = CARTESIAN_POINT('',(-949.6157201126,-481.2602801321,
    87.302715270482));
#6549 = CARTESIAN_POINT('',(-949.6151719363,-481.268756811,
    87.258827880924));
#6550 = CARTESIAN_POINT('',(-949.612322944,-481.3105647075,
    87.044941788161));
#6551 = CARTESIAN_POINT('',(-949.6095143804,-481.3452844716,
    86.875132255672));
#6552 = CARTESIAN_POINT('',(-949.6061608989,-481.3808635388,
    86.705452752629));
#6553 = CARTESIAN_POINT('',(-949.6022622889,-481.417164452,
    86.535899040285));
#6554 = CARTESIAN_POINT('',(-949.597818538,-481.4539886479,
    86.366451835646));
#6555 = CARTESIAN_POINT('',(-949.5928296592,-481.4912751167,
    86.197104834591));
#6556 = CARTESIAN_POINT('',(-949.5872954843,-481.5289406782,
    86.027842907355));
#6557 = CARTESIAN_POINT('',(-949.5722835092,-481.6227616259,
    85.610093478373));
#6558 = CARTESIAN_POINT('',(-949.5621744256,-481.6792957767,
    85.361709940478));
#6559 = CARTESIAN_POINT('',(-949.5508880398,-481.736375929,
    85.113477583611));
#6560 = CARTESIAN_POINT('',(-949.5384244128,-481.7939081205,
    84.865387996919));
#6561 = CARTESIAN_POINT('',(-949.5247837337,-481.8518239957,
    84.617436613516));
#6562 = CARTESIAN_POINT('',(-949.5099662542,-481.9100691588,
    84.369620430952));
#6563 = CARTESIAN_POINT('',(-949.493972237,-481.9686039385,
    84.121938141605));
#6564 = CARTESIAN_POINT('',(-949.4248289994,-482.2053472584,
    83.125079966339));
#6565 = CARTESIAN_POINT('',(-949.3620796929,-482.3856387078,
    82.377003103059));
#6566 = CARTESIAN_POINT('',(-949.2885627523,-482.5673459688,
    81.630152182451));
#6567 = CARTESIAN_POINT('',(-949.2042924764,-482.7501445669,
    80.884647092476));
#6568 = CARTESIAN_POINT('',(-949.1092872528,-482.9336998597,
    80.140600811053));
#6569 = CARTESIAN_POINT('',(-949.0035690063,-483.1178335897,
    79.398155152005));
#6570 = CARTESIAN_POINT('',(-948.8871625749,-483.3023659912,
    78.657447198484));
#6571 = CARTESIAN_POINT('',(-948.5893560063,-483.735473797,
    76.92586408608));
#6572 = CARTESIAN_POINT('',(-948.3993704375,-483.9842587637,
    75.936514698234));
#6573 = CARTESIAN_POINT('',(-948.1902078045,-484.233182211,
    74.950929697675));
#6574 = CARTESIAN_POINT('',(-947.9619490742,-484.4819953267,
    73.969484987451));
#6575 = CARTESIAN_POINT('',(-947.7146864341,-484.7304865816,
    72.992561849312));
#6576 = CARTESIAN_POINT('',(-947.448523078,-484.9784665573,
    72.020543368734));
#6577 = CARTESIAN_POINT('',(-947.1635731034,-485.2257662313,
    71.053814040204));
#6578 = CARTESIAN_POINT('',(-946.8599614861,-485.4722272853,
    70.092757488664));
#6579 = PCURVE('',#1199,#6580);
#6580 = DEFINITIONAL_REPRESENTATION('',(#6581),#6640);
#6581 = B_SPLINE_CURVE_WITH_KNOTS('',8,(#6582,#6583,#6584,#6585,#6586,
    #6587,#6588,#6589,#6590,#6591,#6592,#6593,#6594,#6595,#6596,#6597,
    #6598,#6599,#6600,#6601,#6602,#6603,#6604,#6605,#6606,#6607,#6608,
    #6609,#6610,#6611,#6612,#6613,#6614,#6615,#6616,#6617,#6618,#6619,
    #6620,#6621,#6622,#6623,#6624,#6625,#6626,#6627,#6628,#6629,#6630,
    #6631,#6632,#6633,#6634,#6635,#6636,#6637,#6638,#6639),
  .UNSPECIFIED.,.F.,.F.,(9,7,7,7,7,7,7,7,9),(0.,3.89932734792E-03,
    8.948019235959E-03,2.389162686225E-02,4.304976274653E-02,
    0.117285119844,0.226341498564,0.556444392232,1.),.UNSPECIFIED.);
#6582 = CARTESIAN_POINT('',(1.5700243463,-8.527409006441));
#6583 = CARTESIAN_POINT('',(1.569960556272,-8.529172356183));
#6584 = CARTESIAN_POINT('',(1.569882261325,-8.53113392751));
#6585 = CARTESIAN_POINT('',(1.569789787708,-8.533206710784));
#6586 = CARTESIAN_POINT('',(1.569684114909,-8.535329440941));
#6587 = CARTESIAN_POINT('',(1.569566818231,-8.537459596083));
#6588 = CARTESIAN_POINT('',(1.569440011362,-8.539566396071));
#6589 = CARTESIAN_POINT('',(1.569306288956,-8.541623801125));
#6590 = CARTESIAN_POINT('',(1.56899048469,-8.546166758207));
#6591 = CARTESIAN_POINT('',(1.568810875701,-8.5485294764));
#6592 = CARTESIAN_POINT('',(1.568630267228,-8.550740559116));
#6593 = CARTESIAN_POINT('',(1.568448944162,-8.552831870304));
#6594 = CARTESIAN_POINT('',(1.568267081932,-8.554823079978));
#6595 = CARTESIAN_POINT('',(1.568084777152,-8.556726500451));
#6596 = CARTESIAN_POINT('',(1.567902078261,-8.558551922564));
#6597 = CARTESIAN_POINT('',(1.567177171237,-8.565519477497));
#6598 = CARTESIAN_POINT('',(1.566632564494,-8.570137864281));
#6599 = CARTESIAN_POINT('',(1.566086386243,-8.574391529676));
#6600 = CARTESIAN_POINT('',(1.565539117032,-8.578353059135));
#6601 = CARTESIAN_POINT('',(1.564991087621,-8.582076671821));
#6602 = CARTESIAN_POINT('',(1.564442517512,-8.585610758993));
#6603 = CARTESIAN_POINT('',(1.563893419086,-8.588976468973));
#6604 = CARTESIAN_POINT('',(1.562639068207,-8.596332231945));
#6605 = CARTESIAN_POINT('',(1.561933691062,-8.600228419366));
#6606 = CARTESIAN_POINT('',(1.561227786085,-8.603934083379));
#6607 = CARTESIAN_POINT('',(1.560521463547,-8.607478814674));
#6608 = CARTESIAN_POINT('',(1.559814800182,-8.610883366759));
#6609 = CARTESIAN_POINT('',(1.559107851135,-8.614164193378));
#6610 = CARTESIAN_POINT('',(1.558400654453,-8.617335242639));
#6611 = CARTESIAN_POINT('',(1.554952040389,-8.63230971015));
#6612 = CARTESIAN_POINT('',(1.55220771244,-8.642722934534));
#6613 = CARTESIAN_POINT('',(1.549461702489,-8.652272481712));
#6614 = CARTESIAN_POINT('',(1.546714478422,-8.661092222171));
#6615 = CARTESIAN_POINT('',(1.543966528682,-8.669378944024));
#6616 = CARTESIAN_POINT('',(1.541217975569,-8.677193210091));
#6617 = CARTESIAN_POINT('',(1.538468897195,-8.684619281902));
#6618 = CARTESIAN_POINT('',(1.531679710774,-8.702116713978));
#6619 = CARTESIAN_POINT('',(1.527639288505,-8.711795307907));
#6620 = CARTESIAN_POINT('',(1.523598184276,-8.720907376339));
#6621 = CARTESIAN_POINT('',(1.519556554417,-8.729545856776));
#6622 = CARTESIAN_POINT('',(1.515514509001,-8.737777957464));
#6623 = CARTESIAN_POINT('',(1.511472124761,-8.74565699805));
#6624 = CARTESIAN_POINT('',(1.507429443917,-8.753221636324));
#6625 = CARTESIAN_POINT('',(1.491148848771,-8.782551030826));
#6626 = CARTESIAN_POINT('',(1.478908940566,-8.802019403164));
#6627 = CARTESIAN_POINT('',(1.466667672116,-8.819802909319));
#6628 = CARTESIAN_POINT('',(1.454425423889,-8.836183938107));
#6629 = CARTESIAN_POINT('',(1.442182517682,-8.851456488463));
#6630 = CARTESIAN_POINT('',(1.429939081125,-8.865756039893));
#6631 = CARTESIAN_POINT('',(1.417695182552,-8.879220752832));
#6632 = CARTESIAN_POINT('',(1.388998124685,-8.909037425717));
#6633 = CARTESIAN_POINT('',(1.372544759014,-8.924792065201));
#6634 = CARTESIAN_POINT('',(1.356090865329,-8.939438647535));
#6635 = CARTESIAN_POINT('',(1.339636554271,-8.953120216065));
#6636 = CARTESIAN_POINT('',(1.323181900869,-8.96594240931));
#6637 = CARTESIAN_POINT('',(1.30672695769,-8.977989041496));
#6638 = CARTESIAN_POINT('',(1.290271761423,-8.989323861366));
#6639 = CARTESIAN_POINT('',(1.273816343757,-9.000000503188));
#6640 = ( GEOMETRIC_REPRESENTATION_CONTEXT(2) 
PARAMETRIC_REPRESENTATION_CONTEXT() REPRESENTATION_CONTEXT('2D SPACE',''
  ) );
#6641 = PCURVE('',#5279,#6642);
#6642 = DEFINITIONAL_REPRESENTATION('',(#6643),#6702);
#6643 = B_SPLINE_CURVE_WITH_KNOTS('',8,(#6644,#6645,#6646,#6647,#6648,
    #6649,#6650,#6651,#6652,#6653,#6654,#6655,#6656,#6657,#6658,#6659,
    #6660,#6661,#6662,#6663,#6664,#6665,#6666,#6667,#6668,#6669,#6670,
    #6671,#6672,#6673,#6674,#6675,#6676,#6677,#6678,#6679,#6680,#6681,
    #6682,#6683,#6684,#6685,#6686,#6687,#6688,#6689,#6690,#6691,#6692,
    #6693,#6694,#6695,#6696,#6697,#6698,#6699,#6700,#6701),
  .UNSPECIFIED.,.F.,.F.,(9,7,7,7,7,7,7,7,9),(0.,3.89932734792E-03,
    8.948019235959E-03,2.389162686225E-02,4.304976274653E-02,
    0.117285119844,0.226341498564,0.556444392232,1.),.UNSPECIFIED.);
#6644 = CARTESIAN_POINT('',(6.28318530718,1.760780682825E-03));
#6645 = CARTESIAN_POINT('',(6.283121462174,1.937115928264E-03));
#6646 = CARTESIAN_POINT('',(6.283043100244,2.133273424948E-03));
#6647 = CARTESIAN_POINT('',(6.282950548111,2.340552229753E-03));
#6648 = CARTESIAN_POINT('',(6.282844786189,2.552825852936E-03));
#6649 = CARTESIAN_POINT('',(6.282727391129,2.765842115003E-03));
#6650 = CARTESIAN_POINT('',(6.282600478372,2.976523003588E-03));
#6651 = CARTESIAN_POINT('',(6.282466644691,3.18226453032E-03));
#6652 = CARTESIAN_POINT('',(6.282150578376,3.636562828347E-03));
#6653 = CARTESIAN_POINT('',(6.281970820869,3.872836247443E-03));
#6654 = CARTESIAN_POINT('',(6.281790063429,4.093946244517E-03));
#6655 = CARTESIAN_POINT('',(6.281608591094,4.303079204696E-03));
#6656 = CARTESIAN_POINT('',(6.281426579385,4.50220212165E-03));
#6657 = CARTESIAN_POINT('',(6.281244124962,4.692546220539E-03));
#6658 = CARTESIAN_POINT('',(6.281061276278,4.875090580965E-03));
#6659 = CARTESIAN_POINT('',(6.280335775471,5.571854954135E-03));
#6660 = CARTESIAN_POINT('',(6.279790723895,6.033701082778E-03));
#6661 = CARTESIAN_POINT('',(6.279244100197,6.459075775914E-03));
#6662 = CARTESIAN_POINT('',(6.27869638513,6.85523751416E-03));
#6663 = CARTESIAN_POINT('',(6.278147909579,7.227608163595E-03));
#6664 = CARTESIAN_POINT('',(6.277598893103,7.581026808918E-03));
#6665 = CARTESIAN_POINT('',(6.277049348039,7.917608252732E-03));
#6666 = CARTESIAN_POINT('',(6.275793977084,8.653209513471E-03));
#6667 = CARTESIAN_POINT('',(6.275088026461,9.042843085859E-03));
#6668 = CARTESIAN_POINT('',(6.274381547619,9.413425066987E-03));
#6669 = CARTESIAN_POINT('',(6.273674650842,9.767914481465E-03));
#6670 = CARTESIAN_POINT('',(6.272967412875,1.010838664368E-02));
#6671 = CARTESIAN_POINT('',(6.272259888865,1.043648689669E-02));
#6672 = CARTESIAN_POINT('',(6.271552116856,1.075361002383E-02));
#6673 = CARTESIAN_POINT('',(6.268100696312,1.225114836143E-02));
#6674 = CARTESIAN_POINT('',(6.265354132185,1.329255239369E-02));
#6675 = CARTESIAN_POINT('',(6.26260588028,1.424759611068E-02));
#6676 = CARTESIAN_POINT('',(6.259856408549,1.512966582778E-02));
#6677 = CARTESIAN_POINT('',(6.257106205361,1.595843970741E-02));
#6678 = CARTESIAN_POINT('',(6.254355392987,1.673997357776E-02));
#6679 = CARTESIAN_POINT('',(6.251604049419,1.748269318707E-02));
#6680 = CARTESIAN_POINT('',(6.244809254996,1.923272593449E-02));
#6681 = CARTESIAN_POINT('',(6.240765483174,2.020076802477E-02));
#6682 = CARTESIAN_POINT('',(6.236721016402,2.111216692287E-02));
#6683 = CARTESIAN_POINT('',(6.23267601099,2.197621557607E-02));
#6684 = CARTESIAN_POINT('',(6.228630577015,2.279963414186E-02));
#6685 = CARTESIAN_POINT('',(6.224584791221,2.358775400838E-02));
#6686 = CARTESIAN_POINT('',(6.220538695853,2.434444045677E-02));
#6687 = CARTESIAN_POINT('',(6.204244298581,2.727830201744E-02));
#6688 = CARTESIAN_POINT('',(6.191993897267,2.922589068965E-02));
#6689 = CARTESIAN_POINT('',(6.179742018104,3.100503871135E-02));
#6690 = CARTESIAN_POINT('',(6.167489043574,3.26439770596E-02));
#6691 = CARTESIAN_POINT('',(6.15523529745,3.417209878644E-02));
#6692 = CARTESIAN_POINT('',(6.14298090962,3.560294638259E-02));
#6693 = CARTESIAN_POINT('',(6.130725950643,3.695033099944E-02));
#6694 = CARTESIAN_POINT('',(6.102002720212,3.993417773702E-02));
#6695 = CARTESIAN_POINT('',(6.085534156718,4.151092114821E-02));
#6696 = CARTESIAN_POINT('',(6.069064877282,4.297687845067E-02));
#6697 = CARTESIAN_POINT('',(6.052595000962,4.434634518072E-02));
#6698 = CARTESIAN_POINT('',(6.036124607208,4.562987773325E-02));
#6699 = CARTESIAN_POINT('',(6.019653753844,4.683585081379E-02));
#6700 = CARTESIAN_POINT('',(6.003182487502,4.797063296559E-02));
#6701 = CARTESIAN_POINT('',(5.986710843664,4.903958222494E-02));
#6702 = ( GEOMETRIC_REPRESENTATION_CONTEXT(2) 
PARAMETRIC_REPRESENTATION_CONTEXT() REPRESENTATION_CONTEXT('2D SPACE',''
  ) );
#6703 = ORIENTED_EDGE('',*,*,#6704,.T.);
#6704 = EDGE_CURVE('',#6517,#6705,#6707,.T.);
#6705 = VERTEX_POINT('',#6706);
#6706 = CARTESIAN_POINT('',(-949.62,-480.6968723879,87.914626908171));
#6707 = SURFACE_CURVE('',#6708,(#6713,#6720),.PCURVE_S1.);
#6708 = CIRCLE('',#6709,63.05);
#6709 = AXIS2_PLACEMENT_3D('',#6710,#6711,#6712);
#6710 = CARTESIAN_POINT('',(-886.57,-480.6968723879,87.914626908171));
#6711 = DIRECTION('',(-4.146853281978E-16,0.965925826289,-0.258819045103
    ));
#6712 = DIRECTION('',(-1.803121930557E-15,-0.258819045103,
    -0.965925826289));
#6713 = PCURVE('',#1199,#6714);
#6714 = DEFINITIONAL_REPRESENTATION('',(#6715),#6719);
#6715 = LINE('',#6716,#6717);
#6716 = CARTESIAN_POINT('',(0.,-8.999999903188));
#6717 = VECTOR('',#6718,1.);
#6718 = DIRECTION('',(1.,0.));
#6719 = ( GEOMETRIC_REPRESENTATION_CONTEXT(2) 
PARAMETRIC_REPRESENTATION_CONTEXT() REPRESENTATION_CONTEXT('2D SPACE',''
  ) );
#6720 = PCURVE('',#6220,#6721);
#6721 = DEFINITIONAL_REPRESENTATION('',(#6722),#6730);
#6722 = ( BOUNDED_CURVE() B_SPLINE_CURVE(2,(#6723,#6724,#6725,#6726,
#6727,#6728,#6729),.UNSPECIFIED.,.T.,.F.) B_SPLINE_CURVE_WITH_KNOTS((1,2
    ,2,2,2,1),(-2.094395102393,0.,2.094395102393,4.188790204786,
6.28318530718,8.377580409573),.UNSPECIFIED.) CURVE() 
GEOMETRIC_REPRESENTATION_ITEM() RATIONAL_B_SPLINE_CURVE((1.,0.5,1.,0.5,
1.,0.5,1.)) REPRESENTATION_ITEM('') );
#6723 = CARTESIAN_POINT('',(19.289691840189,43.7603081598));
#6724 = CARTESIAN_POINT('',(19.289691840188,-65.44549525741));
#6725 = CARTESIAN_POINT('',(-75.28530815981,-10.8425935488));
#6726 = CARTESIAN_POINT('',(-169.8603081598,43.7603081598));
#6727 = CARTESIAN_POINT('',(-75.28530815981,98.363209868409));
#6728 = CARTESIAN_POINT('',(19.289691840189,152.96611157701));
#6729 = CARTESIAN_POINT('',(19.289691840189,43.7603081598));
#6730 = ( GEOMETRIC_REPRESENTATION_CONTEXT(2) 
PARAMETRIC_REPRESENTATION_CONTEXT() REPRESENTATION_CONTEXT('2D SPACE',''
  ) );
#6731 = ORIENTED_EDGE('',*,*,#6732,.F.);
#6732 = EDGE_CURVE('',#6143,#6705,#6733,.T.);
#6733 = SURFACE_CURVE('',#6734,(#6738,#6745),.PCURVE_S1.);
#6734 = LINE('',#6735,#6736);
#6735 = CARTESIAN_POINT('',(-949.62,-489.3898422385,90.245350708689));
#6736 = VECTOR('',#6737,1.);
#6737 = DIRECTION('',(0.,0.965885549343,-0.258969313954));
#6738 = PCURVE('',#1199,#6739);
#6739 = DEFINITIONAL_REPRESENTATION('',(#6740),#6744);
#6740 = LINE('',#6741,#6742);
#6741 = CARTESIAN_POINT('',(1.570796326795,0.));
#6742 = VECTOR('',#6743,1.);
#6743 = DIRECTION('',(0.,-1.));
#6744 = ( GEOMETRIC_REPRESENTATION_CONTEXT(2) 
PARAMETRIC_REPRESENTATION_CONTEXT() REPRESENTATION_CONTEXT('2D SPACE',''
  ) );
#6745 = PCURVE('',#6746,#6751);
#6746 = PLANE('',#6747);
#6747 = AXIS2_PLACEMENT_3D('',#6748,#6749,#6750);
#6748 = CARTESIAN_POINT('',(-949.62,-489.3898422385,90.245350708689));
#6749 = DIRECTION('',(-1.,0.,-0.));
#6750 = DIRECTION('',(0.,-0.258819045103,-0.965925826289));
#6751 = DEFINITIONAL_REPRESENTATION('',(#6752),#6756);
#6752 = LINE('',#6753,#6754);
#6753 = CARTESIAN_POINT('',(0.,0.));
#6754 = VECTOR('',#6755,1.);
#6755 = DIRECTION('',(1.555730047711E-04,-0.999999987899));
#6756 = ( GEOMETRIC_REPRESENTATION_CONTEXT(2) 
PARAMETRIC_REPRESENTATION_CONTEXT() REPRESENTATION_CONTEXT('2D SPACE',''
  ) );
#6757 = ADVANCED_FACE('',(#6758),#1260,.T.);
#6758 = FACE_BOUND('',#6759,.T.);
#6759 = EDGE_LOOP('',(#6760,#6761,#6762,#6786));
#6760 = ORIENTED_EDGE('',*,*,#1241,.F.);
#6761 = ORIENTED_EDGE('',*,*,#6454,.F.);
#6762 = ORIENTED_EDGE('',*,*,#6763,.F.);
#6763 = EDGE_CURVE('',#6764,#6237,#6766,.T.);
#6764 = VERTEX_POINT('',#6765);
#6765 = CARTESIAN_POINT('',(-886.6199967142,-497.4885463678,
    27.141228765021));
#6766 = SURFACE_CURVE('',#6767,(#6772,#6779),.PCURVE_S1.);
#6767 = CIRCLE('',#6768,63.);
#6768 = AXIS2_PLACEMENT_3D('',#6769,#6770,#6771);
#6769 = CARTESIAN_POINT('',(-886.6199967142,-481.1829465263,
    87.994555821232));
#6770 = DIRECTION('',(9.35940129424E-17,0.965925826289,-0.258819045103)
  );
#6771 = DIRECTION('',(-0.707106781187,-0.183012701892,-0.683012701892));
#6772 = PCURVE('',#1260,#6773);
#6773 = DEFINITIONAL_REPRESENTATION('',(#6774),#6778);
#6774 = LINE('',#6775,#6776);
#6775 = CARTESIAN_POINT('',(11.780972450962,10.));
#6776 = VECTOR('',#6777,1.);
#6777 = DIRECTION('',(-1.,0.));
#6778 = ( GEOMETRIC_REPRESENTATION_CONTEXT(2) 
PARAMETRIC_REPRESENTATION_CONTEXT() REPRESENTATION_CONTEXT('2D SPACE',''
  ) );
#6779 = PCURVE('',#5279,#6780);
#6780 = DEFINITIONAL_REPRESENTATION('',(#6781),#6785);
#6781 = LINE('',#6782,#6783);
#6782 = CARTESIAN_POINT('',(-0.785398163397,0.));
#6783 = VECTOR('',#6784,1.);
#6784 = DIRECTION('',(1.,0.));
#6785 = ( GEOMETRIC_REPRESENTATION_CONTEXT(2) 
PARAMETRIC_REPRESENTATION_CONTEXT() REPRESENTATION_CONTEXT('2D SPACE',''
  ) );
#6786 = ORIENTED_EDGE('',*,*,#6787,.T.);
#6787 = EDGE_CURVE('',#6764,#1244,#6788,.T.);
#6788 = SURFACE_CURVE('',#6789,(#6793,#6800),.PCURVE_S1.);
#6789 = LINE('',#6790,#6791);
#6790 = CARTESIAN_POINT('',(-886.6199967142,-487.8292881049,
    24.553038313996));
#6791 = VECTOR('',#6792,1.);
#6792 = DIRECTION('',(-1.008768357388E-16,-0.965925826289,0.258819045103
    ));
#6793 = PCURVE('',#1260,#6794);
#6794 = DEFINITIONAL_REPRESENTATION('',(#6795),#6799);
#6795 = LINE('',#6796,#6797);
#6796 = CARTESIAN_POINT('',(6.28318530718,2.30926389122E-13));
#6797 = VECTOR('',#6798,1.);
#6798 = DIRECTION('',(0.,1.));
#6799 = ( GEOMETRIC_REPRESENTATION_CONTEXT(2) 
PARAMETRIC_REPRESENTATION_CONTEXT() REPRESENTATION_CONTEXT('2D SPACE',''
  ) );
#6800 = PCURVE('',#2203,#6801);
#6801 = DEFINITIONAL_REPRESENTATION('',(#6802),#6806);
#6802 = LINE('',#6803,#6804);
#6803 = CARTESIAN_POINT('',(0.,0.));
#6804 = VECTOR('',#6805,1.);
#6805 = DIRECTION('',(-5.813808594279E-29,1.));
#6806 = ( GEOMETRIC_REPRESENTATION_CONTEXT(2) 
PARAMETRIC_REPRESENTATION_CONTEXT() REPRESENTATION_CONTEXT('2D SPACE',''
  ) );
#6807 = ADVANCED_FACE('',(#6808),#2203,.T.);
#6808 = FACE_BOUND('',#6809,.T.);
#6809 = EDGE_LOOP('',(#6810,#6811,#6812,#6835));
#6810 = ORIENTED_EDGE('',*,*,#2189,.F.);
#6811 = ORIENTED_EDGE('',*,*,#6787,.F.);
#6812 = ORIENTED_EDGE('',*,*,#6813,.F.);
#6813 = EDGE_CURVE('',#6814,#6764,#6816,.T.);
#6814 = VERTEX_POINT('',#6815);
#6815 = CARTESIAN_POINT('',(-226.6199967142,-497.4885463678,
    27.141228765021));
#6816 = SURFACE_CURVE('',#6817,(#6821,#6828),.PCURVE_S1.);
#6817 = LINE('',#6818,#6819);
#6818 = CARTESIAN_POINT('',(-721.6199967142,-497.4885463678,
    27.141228765021));
#6819 = VECTOR('',#6820,1.);
#6820 = DIRECTION('',(-1.,1.224646799147E-16,6.728624391668E-17));
#6821 = PCURVE('',#2203,#6822);
#6822 = DEFINITIONAL_REPRESENTATION('',(#6823),#6827);
#6823 = LINE('',#6824,#6825);
#6824 = CARTESIAN_POINT('',(165.,10.000000000009));
#6825 = VECTOR('',#6826,1.);
#6826 = DIRECTION('',(-1.,2.122394096032E-32));
#6827 = ( GEOMETRIC_REPRESENTATION_CONTEXT(2) 
PARAMETRIC_REPRESENTATION_CONTEXT() REPRESENTATION_CONTEXT('2D SPACE',''
  ) );
#6828 = PCURVE('',#5246,#6829);
#6829 = DEFINITIONAL_REPRESENTATION('',(#6830),#6834);
#6830 = LINE('',#6831,#6832);
#6831 = CARTESIAN_POINT('',(7.068583470577,5.684341886081E-14));
#6832 = VECTOR('',#6833,1.);
#6833 = DIRECTION('',(-6.055761952501E-18,1.));
#6834 = ( GEOMETRIC_REPRESENTATION_CONTEXT(2) 
PARAMETRIC_REPRESENTATION_CONTEXT() REPRESENTATION_CONTEXT('2D SPACE',''
  ) );
#6835 = ORIENTED_EDGE('',*,*,#6836,.T.);
#6836 = EDGE_CURVE('',#6814,#2164,#6837,.T.);
#6837 = SURFACE_CURVE('',#6838,(#6842,#6849),.PCURVE_S1.);
#6838 = LINE('',#6839,#6840);
#6839 = CARTESIAN_POINT('',(-226.6199967142,-487.8292881049,
    24.553038313995));
#6840 = VECTOR('',#6841,1.);
#6841 = DIRECTION('',(-1.008768357388E-16,-0.965925826289,0.258819045103
    ));
#6842 = PCURVE('',#2203,#6843);
#6843 = DEFINITIONAL_REPRESENTATION('',(#6844),#6848);
#6844 = LINE('',#6845,#6846);
#6845 = CARTESIAN_POINT('',(660.,-3.193071755438E-13));
#6846 = VECTOR('',#6847,1.);
#6847 = DIRECTION('',(-5.813808594279E-29,1.));
#6848 = ( GEOMETRIC_REPRESENTATION_CONTEXT(2) 
PARAMETRIC_REPRESENTATION_CONTEXT() REPRESENTATION_CONTEXT('2D SPACE',''
  ) );
#6849 = PCURVE('',#2896,#6850);
#6850 = DEFINITIONAL_REPRESENTATION('',(#6851),#6855);
#6851 = LINE('',#6852,#6853);
#6852 = CARTESIAN_POINT('',(4.712388980385,2.646771690706E-13));
#6853 = VECTOR('',#6854,1.);
#6854 = DIRECTION('',(0.,1.));
#6855 = ( GEOMETRIC_REPRESENTATION_CONTEXT(2) 
PARAMETRIC_REPRESENTATION_CONTEXT() REPRESENTATION_CONTEXT('2D SPACE',''
  ) );
#6856 = ADVANCED_FACE('',(#6857),#2640,.F.);
#6857 = FACE_BOUND('',#6858,.F.);
#6858 = EDGE_LOOP('',(#6859,#6894,#6922,#6955,#7185,#7212,#7213,#7214));
#6859 = ORIENTED_EDGE('',*,*,#6860,.F.);
#6860 = EDGE_CURVE('',#6861,#6863,#6865,.T.);
#6861 = VERTEX_POINT('',#6862);
#6862 = CARTESIAN_POINT('',(-226.67,-505.7083830322,29.343727361163));
#6863 = VERTEX_POINT('',#6864);
#6864 = CARTESIAN_POINT('',(-163.62,-489.3898422385,90.245350708689));
#6865 = SURFACE_CURVE('',#6866,(#6871,#6878),.PCURVE_S1.);
#6866 = CIRCLE('',#6867,63.05);
#6867 = AXIS2_PLACEMENT_3D('',#6868,#6869,#6870);
#6868 = CARTESIAN_POINT('',(-226.67,-489.3898422385,90.245350708689));
#6869 = DIRECTION('',(-3.955148901533E-16,-0.965925826289,0.258819045103
    ));
#6870 = DIRECTION('',(-4.507804826392E-16,-0.258819045103,
    -0.965925826289));
#6871 = PCURVE('',#2640,#6872);
#6872 = DEFINITIONAL_REPRESENTATION('',(#6873),#6877);
#6873 = LINE('',#6874,#6875);
#6874 = CARTESIAN_POINT('',(0.,0.));
#6875 = VECTOR('',#6876,1.);
#6876 = DIRECTION('',(1.,0.));
#6877 = ( GEOMETRIC_REPRESENTATION_CONTEXT(2) 
PARAMETRIC_REPRESENTATION_CONTEXT() REPRESENTATION_CONTEXT('2D SPACE',''
  ) );
#6878 = PCURVE('',#6879,#6884);
#6879 = PLANE('',#6880);
#6880 = AXIS2_PLACEMENT_3D('',#6881,#6882,#6883);
#6881 = CARTESIAN_POINT('',(-182.9096918401,-500.7158434098,
    47.976138890754));
#6882 = DIRECTION('',(3.432478232444E-16,0.965925826289,-0.258819045103)
  );
#6883 = DIRECTION('',(1.408883428759E-32,0.258819045103,0.965925826289)
  );
#6884 = DEFINITIONAL_REPRESENTATION('',(#6885),#6893);
#6885 = ( BOUNDED_CURVE() B_SPLINE_CURVE(2,(#6886,#6887,#6888,#6889,
#6890,#6891,#6892),.UNSPECIFIED.,.T.,.F.) B_SPLINE_CURVE_WITH_KNOTS((1,2
    ,2,2,2,1),(-2.094395102393,0.,2.094395102393,4.188790204786,
6.28318530718,8.377580409573),.UNSPECIFIED.) CURVE() 
GEOMETRIC_REPRESENTATION_ITEM() RATIONAL_B_SPLINE_CURVE((1.,0.5,1.,0.5,
1.,0.5,1.)) REPRESENTATION_ITEM('') );
#6886 = CARTESIAN_POINT('',(-19.28969184018,-43.7603081599));
#6887 = CARTESIAN_POINT('',(-19.28969184018,65.445495257318));
#6888 = CARTESIAN_POINT('',(75.285308159812,10.842593548709));
#6889 = CARTESIAN_POINT('',(169.86030815981,-43.7603081599));
#6890 = CARTESIAN_POINT('',(75.285308159812,-98.3632098685));
#6891 = CARTESIAN_POINT('',(-19.28969184018,-152.9661115771));
#6892 = CARTESIAN_POINT('',(-19.28969184018,-43.7603081599));
#6893 = ( GEOMETRIC_REPRESENTATION_CONTEXT(2) 
PARAMETRIC_REPRESENTATION_CONTEXT() REPRESENTATION_CONTEXT('2D SPACE',''
  ) );
#6894 = ORIENTED_EDGE('',*,*,#6895,.T.);
#6895 = EDGE_CURVE('',#6861,#6896,#6898,.T.);
#6896 = VERTEX_POINT('',#6897);
#6897 = CARTESIAN_POINT('',(-226.67,-497.0154131816,27.013003560645));
#6898 = SURFACE_CURVE('',#6899,(#6903,#6910),.PCURVE_S1.);
#6899 = LINE('',#6900,#6901);
#6900 = CARTESIAN_POINT('',(-226.67,-505.7083830322,29.343727361163));
#6901 = VECTOR('',#6902,1.);
#6902 = DIRECTION('',(0.,0.965885549343,-0.258969313954));
#6903 = PCURVE('',#2640,#6904);
#6904 = DEFINITIONAL_REPRESENTATION('',(#6905),#6909);
#6905 = LINE('',#6906,#6907);
#6906 = CARTESIAN_POINT('',(0.,0.));
#6907 = VECTOR('',#6908,1.);
#6908 = DIRECTION('',(0.,-1.));
#6909 = ( GEOMETRIC_REPRESENTATION_CONTEXT(2) 
PARAMETRIC_REPRESENTATION_CONTEXT() REPRESENTATION_CONTEXT('2D SPACE',''
  ) );
#6910 = PCURVE('',#6911,#6916);
#6911 = PLANE('',#6912);
#6912 = AXIS2_PLACEMENT_3D('',#6913,#6914,#6915);
#6913 = CARTESIAN_POINT('',(-163.62,-505.7083830322,29.343727361163));
#6914 = DIRECTION('',(0.,0.258969313954,0.965885549343));
#6915 = DIRECTION('',(-1.,0.,0.));
#6916 = DEFINITIONAL_REPRESENTATION('',(#6917),#6921);
#6917 = LINE('',#6918,#6919);
#6918 = CARTESIAN_POINT('',(63.05,0.));
#6919 = VECTOR('',#6920,1.);
#6920 = DIRECTION('',(0.,-1.));
#6921 = ( GEOMETRIC_REPRESENTATION_CONTEXT(2) 
PARAMETRIC_REPRESENTATION_CONTEXT() REPRESENTATION_CONTEXT('2D SPACE',''
  ) );
#6922 = ORIENTED_EDGE('',*,*,#6923,.T.);
#6923 = EDGE_CURVE('',#6896,#6924,#6926,.T.);
#6924 = VERTEX_POINT('',#6925);
#6925 = CARTESIAN_POINT('',(-206.5228547801,-496.159864646,
    30.205954163819));
#6926 = SURFACE_CURVE('',#6927,(#6932,#6939),.PCURVE_S1.);
#6927 = CIRCLE('',#6928,63.05);
#6928 = AXIS2_PLACEMENT_3D('',#6929,#6930,#6931);
#6929 = CARTESIAN_POINT('',(-226.67,-480.6968723879,87.914626908171));
#6930 = DIRECTION('',(-3.955148901533E-16,-0.965925826289,0.258819045103
    ));
#6931 = DIRECTION('',(-4.507804826392E-16,-0.258819045103,
    -0.965925826289));
#6932 = PCURVE('',#2640,#6933);
#6933 = DEFINITIONAL_REPRESENTATION('',(#6934),#6938);
#6934 = LINE('',#6935,#6936);
#6935 = CARTESIAN_POINT('',(0.,-8.999999903188));
#6936 = VECTOR('',#6937,1.);
#6937 = DIRECTION('',(1.,0.));
#6938 = ( GEOMETRIC_REPRESENTATION_CONTEXT(2) 
PARAMETRIC_REPRESENTATION_CONTEXT() REPRESENTATION_CONTEXT('2D SPACE',''
  ) );
#6939 = PCURVE('',#6940,#6945);
#6940 = PLANE('',#6941);
#6941 = AXIS2_PLACEMENT_3D('',#6942,#6943,#6944);
#6942 = CARTESIAN_POINT('',(-182.9096918401,-492.0228735592,
    45.645415090237));
#6943 = DIRECTION('',(3.432478232444E-16,0.965925826289,-0.258819045103)
  );
#6944 = DIRECTION('',(1.408883428759E-32,0.258819045103,0.965925826289)
  );
#6945 = DEFINITIONAL_REPRESENTATION('',(#6946),#6954);
#6946 = ( BOUNDED_CURVE() B_SPLINE_CURVE(2,(#6947,#6948,#6949,#6950,
#6951,#6952,#6953),.UNSPECIFIED.,.T.,.F.) B_SPLINE_CURVE_WITH_KNOTS((1,2
    ,2,2,2,1),(-2.094395102393,0.,2.094395102393,4.188790204786,
6.28318530718,8.377580409573),.UNSPECIFIED.) CURVE() 
GEOMETRIC_REPRESENTATION_ITEM() RATIONAL_B_SPLINE_CURVE((1.,0.5,1.,0.5,
1.,0.5,1.)) REPRESENTATION_ITEM('') );
#6947 = CARTESIAN_POINT('',(-19.28969184018,-43.7603081599));
#6948 = CARTESIAN_POINT('',(-19.28969184018,65.445495257318));
#6949 = CARTESIAN_POINT('',(75.285308159811,10.842593548709));
#6950 = CARTESIAN_POINT('',(169.86030815981,-43.7603081599));
#6951 = CARTESIAN_POINT('',(75.285308159811,-98.3632098685));
#6952 = CARTESIAN_POINT('',(-19.28969184018,-152.9661115771));
#6953 = CARTESIAN_POINT('',(-19.28969184018,-43.7603081599));
#6954 = ( GEOMETRIC_REPRESENTATION_CONTEXT(2) 
PARAMETRIC_REPRESENTATION_CONTEXT() REPRESENTATION_CONTEXT('2D SPACE',''
  ) );
#6955 = ORIENTED_EDGE('',*,*,#6956,.T.);
#6956 = EDGE_CURVE('',#6924,#6957,#6959,.T.);
#6957 = VERTEX_POINT('',#6958);
#6958 = CARTESIAN_POINT('',(-224.9542528372,-497.4828458007,
    27.162503570953));
#6959 = SURFACE_CURVE('',#6960,(#7033,#7109),.PCURVE_S1.);
#6960 = B_SPLINE_CURVE_WITH_KNOTS('',8,(#6961,#6962,#6963,#6964,#6965,
    #6966,#6967,#6968,#6969,#6970,#6971,#6972,#6973,#6974,#6975,#6976,
    #6977,#6978,#6979,#6980,#6981,#6982,#6983,#6984,#6985,#6986,#6987,
    #6988,#6989,#6990,#6991,#6992,#6993,#6994,#6995,#6996,#6997,#6998,
    #6999,#7000,#7001,#7002,#7003,#7004,#7005,#7006,#7007,#7008,#7009,
    #7010,#7011,#7012,#7013,#7014,#7015,#7016,#7017,#7018,#7019,#7020,
    #7021,#7022,#7023,#7024,#7025,#7026,#7027,#7028,#7029,#7030,#7031,
    #7032),.UNSPECIFIED.,.F.,.F.,(9,7,7,7,7,7,7,7,7,7,9),(0.,
    0.476893385677,0.710969874284,0.82898847218,0.888031530163,
    0.947144279093,0.976208515018,0.989603151677,0.994222416153,
    0.997692200751,1.),.UNSPECIFIED.);
#6961 = CARTESIAN_POINT('',(-206.5227994346,-496.159859236,
    30.205972036241));
#6962 = CARTESIAN_POINT('',(-207.5862230036,-496.2638098979,
    29.86256578122));
#6963 = CARTESIAN_POINT('',(-208.6569261152,-496.362899609,
    29.54025820232));
#6964 = CARTESIAN_POINT('',(-209.7343927811,-496.4571488603,
    29.239233659026));
#6965 = CARTESIAN_POINT('',(-210.8181016859,-496.546593535,
    28.959665403103));
#6966 = CARTESIAN_POINT('',(-211.9075256008,-496.6313023525,
    28.701720225741));
#6967 = CARTESIAN_POINT('',(-213.0021313928,-496.7113760243,
    28.465558062133));
#6968 = CARTESIAN_POINT('',(-214.1013792736,-496.7869705837,
    28.251337905167));
#6969 = CARTESIAN_POINT('',(-215.7462793557,-496.8934412792,27.964953471
    ));
#6970 = CARTESIAN_POINT('',(-216.2888239172,-496.9274891002,
    27.875995865365));
#6971 = CARTESIAN_POINT('',(-216.8322894822,-496.9605650454,
    27.792389488883));
#6972 = CARTESIAN_POINT('',(-217.376610419,-496.9927164202,
    27.71415800885));
#6973 = CARTESIAN_POINT('',(-217.9217197968,-497.0239997973,
    27.64132673723));
#6974 = CARTESIAN_POINT('',(-218.4675490913,-497.0544876686,
    27.573924333676));
#6975 = CARTESIAN_POINT('',(-219.0140273984,-497.0842855536,
    27.511987308296));
#6976 = CARTESIAN_POINT('',(-219.8368976884,-497.1283191784,
    27.42712103529));
#6977 = CARTESIAN_POINT('',(-220.1128606294,-497.1429458613,
    27.400077345953));
#6978 = CARTESIAN_POINT('',(-220.3889597655,-497.1574607267,
    27.374442779971));
#6979 = CARTESIAN_POINT('',(-220.6651850555,-497.1718907507,
    27.350225429031));
#6980 = CARTESIAN_POINT('',(-220.9415256951,-497.1862679228,
    27.327434700173));
#6981 = CARTESIAN_POINT('',(-221.2179699381,-497.2006322206,
    27.306082091285));
#6982 = CARTESIAN_POINT('',(-221.4945046738,-497.2150384114,
    27.286182994604));
#6983 = CARTESIAN_POINT('',(-221.9094989291,-497.2368349702,
    27.258542525062));
#6984 = CARTESIAN_POINT('',(-222.0479017339,-497.2441336793,
    27.249694834067));
#6985 = CARTESIAN_POINT('',(-222.1863213057,-497.2514734747,
    27.24121938533));
#6986 = CARTESIAN_POINT('',(-222.3247555223,-497.2588659481,
    27.233119366207));
#6987 = CARTESIAN_POINT('',(-222.4632018997,-497.266324948,
    27.225398575654));
#6988 = CARTESIAN_POINT('',(-222.601657484,-497.2738679125,
    27.218061778534));
#6989 = CARTESIAN_POINT('',(-222.7401187418,-497.2815172017,
    27.211115059933));
#6990 = CARTESIAN_POINT('',(-223.017207595,-497.2970948464,
    27.198009569103));
#6991 = CARTESIAN_POINT('',(-223.1558323643,-497.3050233689,
    27.191851872516));
#6992 = CARTESIAN_POINT('',(-223.2944539649,-497.3131178943,
    27.186101274441));
#6993 = CARTESIAN_POINT('',(-223.4330683498,-497.3214126387,
    27.180766997812));
#6994 = CARTESIAN_POINT('',(-223.5716673574,-497.3299602234,
    27.175863348221));
#6995 = CARTESIAN_POINT('',(-223.7102393952,-497.3388261107,
    27.171408153519));
#6996 = CARTESIAN_POINT('',(-223.8487679835,-497.3481026377,
    27.167426500501));
#6997 = CARTESIAN_POINT('',(-224.0552985194,-497.3628407641,
    27.16227152684));
#6998 = CARTESIAN_POINT('',(-224.123351516,-497.3678441019,
    27.160699562422));
#6999 = CARTESIAN_POINT('',(-224.191382088,-497.3730178179,
    27.15926135304));
#7000 = CARTESIAN_POINT('',(-224.2593871612,-497.3783880687,
    27.15796394384));
#7001 = CARTESIAN_POINT('',(-224.3273578907,-497.3839984539,
    27.156819244449));
#7002 = CARTESIAN_POINT('',(-224.3952811049,-497.3899021705,
    27.155841852853));
#7003 = CARTESIAN_POINT('',(-224.4631374416,-497.3961742427,
    27.155052342797));
#7004 = CARTESIAN_POINT('',(-224.562112256,-497.4061281343,
    27.154242595999));
#7005 = CARTESIAN_POINT('',(-224.5933079195,-497.4093826,27.154037103428
    ));
#7006 = CARTESIAN_POINT('',(-224.6244756943,-497.4127704523,
    27.153886619517));
#7007 = CARTESIAN_POINT('',(-224.6556129919,-497.4163104612,
    27.153796219256));
#7008 = CARTESIAN_POINT('',(-224.6867095258,-497.4200363582,
    27.153775221643));
#7009 = CARTESIAN_POINT('',(-224.717749826,-497.4239883344,
    27.153834820805));
#7010 = CARTESIAN_POINT('',(-224.7487111632,-497.4282224054,
    27.153990629296));
#7011 = CARTESIAN_POINT('',(-224.7901783561,-497.4344852852,
    27.154381986186));
#7012 = CARTESIAN_POINT('',(-224.8007942319,-497.4361429495,
    27.154498862384));
#7013 = CARTESIAN_POINT('',(-224.8113925749,-497.4378554248,
    27.154633095252));
#7014 = CARTESIAN_POINT('',(-224.821971,-497.4396293612,27.15478652958)
  );
#7015 = CARTESIAN_POINT('',(-224.8325248061,-497.4414749359,
    27.1549620197));
#7016 = CARTESIAN_POINT('',(-224.8430469762,-497.4434058536,
    27.155163429494));
#7017 = CARTESIAN_POINT('',(-224.8535281774,-497.4454393459,
    27.155395632385));
#7018 = CARTESIAN_POINT('',(-224.8717902448,-497.4492162827,
    27.155866481172));
#7019 = CARTESIAN_POINT('',(-224.879574998,-497.4509135586,
    27.156091718598));
#7020 = CARTESIAN_POINT('',(-224.8873263535,-497.4526860201,
    27.156339253135));
#7021 = CARTESIAN_POINT('',(-224.8950436706,-497.4545451836,
    27.156612179039));
#7022 = CARTESIAN_POINT('',(-224.9027103345,-497.4565160608,
    27.156917655305));
#7023 = CARTESIAN_POINT('',(-224.9102937557,-497.4586371592,
    27.157266905664));
#7024 = CARTESIAN_POINT('',(-224.9177453708,-497.4609604818,
    27.157675218589));
#7025 = CARTESIAN_POINT('',(-224.9298262177,-497.4652748653,
    27.158485676932));
#7026 = CARTESIAN_POINT('',(-224.9342389286,-497.4670093881,
    27.158824677361));
#7027 = CARTESIAN_POINT('',(-224.9385627951,-497.4688734411,
    27.159201261929));
#7028 = CARTESIAN_POINT('',(-224.9428535107,-497.4709595641,
    27.159638685282));
#7029 = CARTESIAN_POINT('',(-224.9470598519,-497.4733427538,
    27.160158511861));
#7030 = CARTESIAN_POINT('',(-224.9507746667,-497.476086483,
    27.16078932942));
#7031 = CARTESIAN_POINT('',(-224.9534988952,-497.479222434,
    27.161553337698));
#7032 = CARTESIAN_POINT('',(-224.9542528372,-497.4828458007,
    27.162503570953));
#7033 = PCURVE('',#2640,#7034);
#7034 = DEFINITIONAL_REPRESENTATION('',(#7035),#7108);
#7035 = B_SPLINE_CURVE_WITH_KNOTS('',8,(#7036,#7037,#7038,#7039,#7040,
    #7041,#7042,#7043,#7044,#7045,#7046,#7047,#7048,#7049,#7050,#7051,
    #7052,#7053,#7054,#7055,#7056,#7057,#7058,#7059,#7060,#7061,#7062,
    #7063,#7064,#7065,#7066,#7067,#7068,#7069,#7070,#7071,#7072,#7073,
    #7074,#7075,#7076,#7077,#7078,#7079,#7080,#7081,#7082,#7083,#7084,
    #7085,#7086,#7087,#7088,#7089,#7090,#7091,#7092,#7093,#7094,#7095,
    #7096,#7097,#7098,#7099,#7100,#7101,#7102,#7103,#7104,#7105,#7106,
    #7107),.UNSPECIFIED.,.F.,.F.,(9,7,7,7,7,7,7,7,7,7,9),(0.,
    0.476893385677,0.710969874284,0.82898847218,0.888031530163,
    0.947144279093,0.976208515018,0.989603151677,0.994222416153,
    0.997692200751,1.),.UNSPECIFIED.);
#7036 = CARTESIAN_POINT('',(0.325247403969,-9.000000503188));
#7037 = CARTESIAN_POINT('',(0.307447850426,-8.988471953068));
#7038 = CARTESIAN_POINT('',(0.289648555494,-8.976177981561));
#7039 = CARTESIAN_POINT('',(0.271849556267,-8.963051080308));
#7040 = CARTESIAN_POINT('',(0.254050896238,-8.949011747917));
#7041 = CARTESIAN_POINT('',(0.236252643392,-8.933950437704));
#7042 = CARTESIAN_POINT('',(0.218454898162,-8.917728475561));
#7043 = CARTESIAN_POINT('',(0.20065781344,-8.900153994585));
#7044 = CARTESIAN_POINT('',(0.174126648794,-8.871432945434));
#7045 = CARTESIAN_POINT('',(0.165391884873,-8.861569198232));
#7046 = CARTESIAN_POINT('',(0.156657374391,-8.851259210927));
#7047 = CARTESIAN_POINT('',(0.14792315621,-8.840451164551));
#7048 = CARTESIAN_POINT('',(0.139189287595,-8.829083862659));
#7049 = CARTESIAN_POINT('',(0.130455849003,-8.817079866001));
#7050 = CARTESIAN_POINT('',(0.121722956745,-8.804327800939));
#7051 = CARTESIAN_POINT('',(0.10858812508,-8.78375959295));
#7052 = CARTESIAN_POINT('',(0.104185659288,-8.77663072401));
#7053 = CARTESIAN_POINT('',(9.978340283022E-02,-8.769245154466));
#7054 = CARTESIAN_POINT('',(9.538138544365E-02,-8.761574733145));
#7055 = CARTESIAN_POINT('',(9.097964890403E-02,-8.753586125908));
#7056 = CARTESIAN_POINT('',(8.657824984444E-02,-8.745237741406));
#7057 = CARTESIAN_POINT('',(8.217726644912E-02,-8.736472694691));
#7058 = CARTESIAN_POINT('',(7.557532156136E-02,-8.722572715469));
#7059 = CARTESIAN_POINT('',(7.337396928496E-02,-8.717812654697));
#7060 = CARTESIAN_POINT('',(7.117276558643E-02,-8.712916564242));
#7061 = CARTESIAN_POINT('',(6.897172786917E-02,-8.707872422455));
#7062 = CARTESIAN_POINT('',(6.677087926932E-02,-8.70266586936));
#7063 = CARTESIAN_POINT('',(6.457025038078E-02,-8.697278827847));
#7064 = CARTESIAN_POINT('',(6.236988098025E-02,-8.691688124867));
#7065 = CARTESIAN_POINT('',(5.796716570392E-02,-8.680033226065));
#7066 = CARTESIAN_POINT('',(5.57648655186E-02,-8.673968590497));
#7067 = CARTESIAN_POINT('',(5.356293323662E-02,-8.667638243545));
#7068 = CARTESIAN_POINT('',(5.136141670888E-02,-8.661006748002));
#7069 = CARTESIAN_POINT('',(4.916042909518E-02,-8.654019573092));
#7070 = CARTESIAN_POINT('',(4.696013798251E-02,-8.646608872709));
#7071 = CARTESIAN_POINT('',(4.476078845968E-02,-8.638678963232));
#7072 = CARTESIAN_POINT('',(4.148215638993E-02,-8.625777231527));
#7073 = CARTESIAN_POINT('',(4.040188515364E-02,-8.621351232578));
#7074 = CARTESIAN_POINT('',(3.932202474679E-02,-8.616726042562));
#7075 = CARTESIAN_POINT('',(3.82426219856E-02,-8.6118745728));
#7076 = CARTESIAN_POINT('',(3.716381525994E-02,-8.606751626768));
#7077 = CARTESIAN_POINT('',(3.608581160823E-02,-8.60130204194));
#7078 = CARTESIAN_POINT('',(3.500891626505E-02,-8.595448025553));
#7079 = CARTESIAN_POINT('',(3.343822908867E-02,-8.586042882433));
#7080 = CARTESIAN_POINT('',(3.294317702786E-02,-8.582952495315));
#7081 = CARTESIAN_POINT('',(3.244857685799E-02,-8.579719029342));
#7082 = CARTESIAN_POINT('',(3.195446944563E-02,-8.576323040546));
#7083 = CARTESIAN_POINT('',(3.146101780716E-02,-8.572729534926));
#7084 = CARTESIAN_POINT('',(3.096846719893E-02,-8.568896793605));
#7085 = CARTESIAN_POINT('',(3.047717804386E-02,-8.56476666889));
#7086 = CARTESIAN_POINT('',(2.981919477493E-02,-8.558615900799));
#7087 = CARTESIAN_POINT('',(2.965074767729E-02,-8.556984470208));
#7088 = CARTESIAN_POINT('',(2.948257974865E-02,-8.555295604071));
#7089 = CARTESIAN_POINT('',(2.931472882029E-02,-8.553542401392));
#7090 = CARTESIAN_POINT('',(2.914726946967E-02,-8.551714292875));
#7091 = CARTESIAN_POINT('',(2.898031302044E-02,-8.549797040923));
#7092 = CARTESIAN_POINT('',(2.881400754244E-02,-8.547772739639));
#7093 = CARTESIAN_POINT('',(2.852424443061E-02,-8.544002634122));
#7094 = CARTESIAN_POINT('',(2.84007247237E-02,-8.542304895751));
#7095 = CARTESIAN_POINT('',(2.827773543613E-02,-8.540528762715));
#7096 = CARTESIAN_POINT('',(2.815528672483E-02,-8.538662310278));
#7097 = CARTESIAN_POINT('',(2.803364219852E-02,-8.536679525962));
#7098 = CARTESIAN_POINT('',(2.791331891766E-02,-8.534540309549));
#7099 = CARTESIAN_POINT('',(2.779508739451E-02,-8.532190473079));
#7100 = CARTESIAN_POINT('',(2.760340656359E-02,-8.527813336562));
#7101 = CARTESIAN_POINT('',(2.753339244441E-02,-8.526050176396));
#7102 = CARTESIAN_POINT('',(2.746478810434E-02,-8.524152172149));
#7103 = CARTESIAN_POINT('',(2.739670990109E-02,-8.52202391851));
#7104 = CARTESIAN_POINT('',(2.732997056631E-02,-8.519587392975));
#7105 = CARTESIAN_POINT('',(2.727103013433E-02,-8.516773886512));
#7106 = CARTESIAN_POINT('',(2.722780669252E-02,-8.513547050535));
#7107 = CARTESIAN_POINT('',(2.721584442046E-02,-8.509801208498));
#7108 = ( GEOMETRIC_REPRESENTATION_CONTEXT(2) 
PARAMETRIC_REPRESENTATION_CONTEXT() REPRESENTATION_CONTEXT('2D SPACE',''
  ) );
#7109 = PCURVE('',#5218,#7110);
#7110 = DEFINITIONAL_REPRESENTATION('',(#7111),#7184);
#7111 = B_SPLINE_CURVE_WITH_KNOTS('',8,(#7112,#7113,#7114,#7115,#7116,
    #7117,#7118,#7119,#7120,#7121,#7122,#7123,#7124,#7125,#7126,#7127,
    #7128,#7129,#7130,#7131,#7132,#7133,#7134,#7135,#7136,#7137,#7138,
    #7139,#7140,#7141,#7142,#7143,#7144,#7145,#7146,#7147,#7148,#7149,
    #7150,#7151,#7152,#7153,#7154,#7155,#7156,#7157,#7158,#7159,#7160,
    #7161,#7162,#7163,#7164,#7165,#7166,#7167,#7168,#7169,#7170,#7171,
    #7172,#7173,#7174,#7175,#7176,#7177,#7178,#7179,#7180,#7181,#7182,
    #7183),.UNSPECIFIED.,.F.,.F.,(9,7,7,7,7,7,7,7,7,7,9),(0.,
    0.476893385677,0.710969874284,0.82898847218,0.888031530163,
    0.947144279093,0.976208515018,0.989603151677,0.994222416153,
    0.997692200751,1.),.UNSPECIFIED.);
#7112 = CARTESIAN_POINT('',(4.387647259593,4.903958222375E-02));
#7113 = CARTESIAN_POINT('',(4.405464328352,4.788533959596E-02));
#7114 = CARTESIAN_POINT('',(4.423280954185,4.665453746106E-02));
#7115 = CARTESIAN_POINT('',(4.441097094705,4.534043182263E-02));
#7116 = CARTESIAN_POINT('',(4.458912694277,4.393508053997E-02));
#7117 = CARTESIAN_POINT('',(4.47672767797,4.242753757081E-02));
#7118 = CARTESIAN_POINT('',(4.494541939314,4.080394515877E-02));
#7119 = CARTESIAN_POINT('',(4.512355314862,3.904512808828E-02));
#7120 = CARTESIAN_POINT('',(4.538910420915,3.617104363145E-02));
#7121 = CARTESIAN_POINT('',(4.547653011283,3.518402710168E-02));
#7122 = CARTESIAN_POINT('',(4.556395291387,3.415239813737E-02));
#7123 = CARTESIAN_POINT('',(4.565137221447,3.307097667971E-02));
#7124 = CARTESIAN_POINT('',(4.573878743275,3.193364510774E-02));
#7125 = CARTESIAN_POINT('',(4.58261977549,3.073266177633E-02));
#7126 = CARTESIAN_POINT('',(4.591360200836,2.94568919984E-02));
#7127 = CARTESIAN_POINT('',(4.604506271173,2.739925955256E-02));
#7128 = CARTESIAN_POINT('',(4.608912488407,2.668610662441E-02));
#7129 = CARTESIAN_POINT('',(4.613318480546,2.594729007837E-02));
#7130 = CARTESIAN_POINT('',(4.617724217723,2.51799952655E-02));
#7131 = CARTESIAN_POINT('',(4.622129658024,2.438088928968E-02));
#7132 = CARTESIAN_POINT('',(4.626534744668,2.354581360051E-02));
#7133 = CARTESIAN_POINT('',(4.630939399307,2.266908038565E-02));
#7134 = CARTESIAN_POINT('',(4.637546827314,2.127875386806E-02));
#7135 = CARTESIAN_POINT('',(4.639750003855,2.080264060045E-02));
#7136 = CARTESIAN_POINT('',(4.641953027655,2.031292685245E-02));
#7137 = CARTESIAN_POINT('',(4.644155881284,1.980841057186E-02));
#7138 = CARTESIAN_POINT('',(4.646358541577,1.928765588527E-02));
#7139 = CARTESIAN_POINT('',(4.648560977903,1.874885522156E-02));
#7140 = CARTESIAN_POINT('',(4.650763150441,1.818969143537E-02));
#7141 = CARTESIAN_POINT('',(4.655169465412,1.70240208872E-02));
#7142 = CARTESIAN_POINT('',(4.657373562108,1.641747016026E-02));
#7143 = CARTESIAN_POINT('',(4.659577286481,1.578435169697E-02));
#7144 = CARTESIAN_POINT('',(4.661780590632,1.512112198619E-02));
#7145 = CARTESIAN_POINT('',(4.663983361298,1.442232820381E-02));
#7146 = CARTESIAN_POINT('',(4.666185430747,1.368118603913E-02));
#7147 = CARTESIAN_POINT('',(4.668386553683,1.288812750355E-02));
#7148 = CARTESIAN_POINT('',(4.671667823207,1.159786109179E-02));
#7149 = CARTESIAN_POINT('',(4.672748962445,1.115523169349E-02));
#7150 = CARTESIAN_POINT('',(4.673829689512,1.06926844819E-02));
#7151 = CARTESIAN_POINT('',(4.674909957555,1.020751066247E-02));
#7152 = CARTESIAN_POINT('',(4.67598962807,9.695190674466E-03));
#7153 = CARTESIAN_POINT('',(4.677068493853,9.150208375287E-03));
#7154 = CARTESIAN_POINT('',(4.678146249422,8.564784627775E-03));
#7155 = CARTESIAN_POINT('',(4.67971818977,7.624240821707E-03));
#7156 = CARTESIAN_POINT('',(4.68021363659,7.315193214639E-03));
#7157 = CARTESIAN_POINT('',(4.680708630941,6.991838151157E-03));
#7158 = CARTESIAN_POINT('',(4.681203131922,6.65223125749E-03));
#7159 = CARTESIAN_POINT('',(4.681696976386,6.292873164427E-03));
#7160 = CARTESIAN_POINT('',(4.68218991888,5.909592021654E-03));
#7161 = CARTESIAN_POINT('',(4.682681598693,5.496573107008E-03));
#7162 = CARTESIAN_POINT('',(4.683340104859,4.881488495723E-03));
#7163 = CARTESIAN_POINT('',(4.683508685793,4.718343512804E-03));
#7164 = CARTESIAN_POINT('',(4.683676987309,4.549455054531E-03));
#7165 = CARTESIAN_POINT('',(4.683844971544,4.374133024801E-03));
#7166 = CARTESIAN_POINT('',(4.684012563862,4.191320498343E-03));
#7167 = CARTESIAN_POINT('',(4.68417965285,3.999593720716E-03));
#7168 = CARTESIAN_POINT('',(4.684346090319,3.79716210831E-03));
#7169 = CARTESIAN_POINT('',(4.684636083351,3.42014914274E-03));
#7170 = CARTESIAN_POINT('',(4.68475970105,3.250374331667E-03));
#7171 = CARTESIAN_POINT('',(4.68488278789,3.072760116919E-03));
#7172 = CARTESIAN_POINT('',(4.685005333706,2.886114028094E-03));
#7173 = CARTESIAN_POINT('',(4.685127074678,2.687834822596E-03));
#7174 = CARTESIAN_POINT('',(4.685247493334,2.473912485635E-03));
#7175 = CARTESIAN_POINT('',(4.685365818548,2.238928230226E-03));
#7176 = CARTESIAN_POINT('',(4.685557651218,1.801213729308E-03));
#7177 = CARTESIAN_POINT('',(4.685627720783,1.624897439586E-03));
#7178 = CARTESIAN_POINT('',(4.685696379438,1.435096778722E-03));
#7179 = CARTESIAN_POINT('',(4.685764511521,1.222271216178E-03));
#7180 = CARTESIAN_POINT('',(4.685831303648,9.786185150814E-04));
#7181 = CARTESIAN_POINT('',(4.685890290657,6.972677931333E-04));
#7182 = CARTESIAN_POINT('',(4.685933548179,3.745841991843E-04));
#7183 = CARTESIAN_POINT('',(4.685945519697,0.));
#7184 = ( GEOMETRIC_REPRESENTATION_CONTEXT(2) 
PARAMETRIC_REPRESENTATION_CONTEXT() REPRESENTATION_CONTEXT('2D SPACE',''
  ) );
#7185 = ORIENTED_EDGE('',*,*,#7186,.T.);
#7186 = EDGE_CURVE('',#6957,#2219,#7187,.T.);
#7187 = SURFACE_CURVE('',#7188,(#7194,#7203),.PCURVE_S1.);
#7188 = B_SPLINE_CURVE_WITH_KNOTS('',4,(#7189,#7190,#7191,#7192,#7193),
  .UNSPECIFIED.,.F.,.F.,(5,5),(0.,1.),.PIECEWISE_BEZIER_KNOTS.);
#7189 = CARTESIAN_POINT('',(-224.9542527163,-497.4828452203,
    27.16250341875));
#7190 = CARTESIAN_POINT('',(-225.3567357706,-499.4171371404,
    27.669774316082));
#7191 = CARTESIAN_POINT('',(-225.7560180848,-501.3507324376,
    28.180499281395));
#7192 = CARTESIAN_POINT('',(-226.1520901106,-503.2836586461,
    28.694555192752));
#7193 = CARTESIAN_POINT('',(-226.5449489453,-505.2159419885,
    29.211824457784));
#7194 = PCURVE('',#2640,#7195);
#7195 = DEFINITIONAL_REPRESENTATION('',(#7196),#7202);
#7196 = B_SPLINE_CURVE_WITH_KNOTS('',4,(#7197,#7198,#7199,#7200,#7201),
  .UNSPECIFIED.,.F.,.F.,(5,5),(0.,1.),.PIECEWISE_BEZIER_KNOTS.);
#7197 = CARTESIAN_POINT('',(2.721584643869E-02,-8.509801808498));
#7198 = CARTESIAN_POINT('',(2.082992795521E-02,-6.51012789384));
#7199 = CARTESIAN_POINT('',(1.449627307187E-02,-4.510232886693));
#7200 = CARTESIAN_POINT('',(8.214286274844E-03,-2.510122057301));
#7201 = CARTESIAN_POINT('',(1.983364667327E-03,-0.509800511686));
#7202 = ( GEOMETRIC_REPRESENTATION_CONTEXT(2) 
PARAMETRIC_REPRESENTATION_CONTEXT() REPRESENTATION_CONTEXT('2D SPACE',''
  ) );
#7203 = PCURVE('',#2896,#7204);
#7204 = DEFINITIONAL_REPRESENTATION('',(#7205),#7211);
#7205 = B_SPLINE_CURVE_WITH_KNOTS('',4,(#7206,#7207,#7208,#7209,#7210),
  .UNSPECIFIED.,.F.,.F.,(5,5),(0.,1.),.PIECEWISE_BEZIER_KNOTS.);
#7206 = CARTESIAN_POINT('',(4.738832442992,9.9999994));
#7207 = CARTESIAN_POINT('',(4.732441588789,11.999673290459));
#7208 = CARTESIAN_POINT('',(4.72610299797,13.999568273404));
#7209 = CARTESIAN_POINT('',(4.719816074037,15.999679078592));
#7210 = CARTESIAN_POINT('',(4.713580215094,18.0000006));
#7211 = ( GEOMETRIC_REPRESENTATION_CONTEXT(2) 
PARAMETRIC_REPRESENTATION_CONTEXT() REPRESENTATION_CONTEXT('2D SPACE',''
  ) );
#7212 = ORIENTED_EDGE('',*,*,#2218,.T.);
#7213 = ORIENTED_EDGE('',*,*,#3070,.F.);
#7214 = ORIENTED_EDGE('',*,*,#7215,.F.);
#7215 = EDGE_CURVE('',#6863,#3071,#7216,.T.);
#7216 = SURFACE_CURVE('',#7217,(#7221,#7228),.PCURVE_S1.);
#7217 = LINE('',#7218,#7219);
#7218 = CARTESIAN_POINT('',(-163.62,-489.3898422385,90.245350708689));
#7219 = VECTOR('',#7220,1.);
#7220 = DIRECTION('',(0.,0.965885549343,-0.258969313954));
#7221 = PCURVE('',#2640,#7222);
#7222 = DEFINITIONAL_REPRESENTATION('',(#7223),#7227);
#7223 = LINE('',#7224,#7225);
#7224 = CARTESIAN_POINT('',(1.570796326795,0.));
#7225 = VECTOR('',#7226,1.);
#7226 = DIRECTION('',(0.,-1.));
#7227 = ( GEOMETRIC_REPRESENTATION_CONTEXT(2) 
PARAMETRIC_REPRESENTATION_CONTEXT() REPRESENTATION_CONTEXT('2D SPACE',''
  ) );
#7228 = PCURVE('',#3126,#7229);
#7229 = DEFINITIONAL_REPRESENTATION('',(#7230),#7234);
#7230 = LINE('',#7231,#7232);
#7231 = CARTESIAN_POINT('',(0.,0.));
#7232 = VECTOR('',#7233,1.);
#7233 = DIRECTION('',(1.555730047711E-04,-0.999999987899));
#7234 = ( GEOMETRIC_REPRESENTATION_CONTEXT(2) 
PARAMETRIC_REPRESENTATION_CONTEXT() REPRESENTATION_CONTEXT('2D SPACE',''
  ) );
#7235 = ADVANCED_FACE('',(#7236),#2896,.T.);
#7236 = FACE_BOUND('',#7237,.T.);
#7237 = EDGE_LOOP('',(#7238,#7239,#7240,#7262));
#7238 = ORIENTED_EDGE('',*,*,#2881,.F.);
#7239 = ORIENTED_EDGE('',*,*,#6836,.F.);
#7240 = ORIENTED_EDGE('',*,*,#7241,.F.);
#7241 = EDGE_CURVE('',#6957,#6814,#7242,.T.);
#7242 = SURFACE_CURVE('',#7243,(#7248,#7255),.PCURVE_S1.);
#7243 = CIRCLE('',#7244,63.);
#7244 = AXIS2_PLACEMENT_3D('',#7245,#7246,#7247);
#7245 = CARTESIAN_POINT('',(-226.6199967142,-481.1829465263,
    87.994555821232));
#7246 = DIRECTION('',(1.122153429892E-16,0.965925826289,-0.258819045103)
  );
#7247 = DIRECTION('',(0.707106781187,-0.183012701892,-0.683012701892));
#7248 = PCURVE('',#2896,#7249);
#7249 = DEFINITIONAL_REPRESENTATION('',(#7250),#7254);
#7250 = LINE('',#7251,#7252);
#7251 = CARTESIAN_POINT('',(5.497787143783,10.000000000001));
#7252 = VECTOR('',#7253,1.);
#7253 = DIRECTION('',(-1.,-3.618764437576E-14));
#7254 = ( GEOMETRIC_REPRESENTATION_CONTEXT(2) 
PARAMETRIC_REPRESENTATION_CONTEXT() REPRESENTATION_CONTEXT('2D SPACE',''
  ) );
#7255 = PCURVE('',#5218,#7256);
#7256 = DEFINITIONAL_REPRESENTATION('',(#7257),#7261);
#7257 = LINE('',#7258,#7259);
#7258 = CARTESIAN_POINT('',(3.926990816988,0.));
#7259 = VECTOR('',#7260,1.);
#7260 = DIRECTION('',(1.,0.));
#7261 = ( GEOMETRIC_REPRESENTATION_CONTEXT(2) 
PARAMETRIC_REPRESENTATION_CONTEXT() REPRESENTATION_CONTEXT('2D SPACE',''
  ) );
#7262 = ORIENTED_EDGE('',*,*,#7186,.T.);
#7263 = ADVANCED_FACE('',(#7264),#2929,.T.);
#7264 = FACE_BOUND('',#7265,.T.);
#7265 = EDGE_LOOP('',(#7266,#7267,#7295,#7318));
#7266 = ORIENTED_EDGE('',*,*,#2911,.F.);
#7267 = ORIENTED_EDGE('',*,*,#7268,.F.);
#7268 = EDGE_CURVE('',#7269,#2912,#7271,.T.);
#7269 = VERTEX_POINT('',#7270);
#7270 = CARTESIAN_POINT('',(-163.6199967142,-481.1829465263,
    87.994555821232));
#7271 = SURFACE_CURVE('',#7272,(#7276,#7283),.PCURVE_S1.);
#7272 = LINE('',#7273,#7274);
#7273 = CARTESIAN_POINT('',(-163.6199967142,-471.5236882634,
    85.406365370207));
#7274 = VECTOR('',#7275,1.);
#7275 = DIRECTION('',(-1.008768357388E-16,-0.965925826289,0.258819045103
    ));
#7276 = PCURVE('',#2929,#7277);
#7277 = DEFINITIONAL_REPRESENTATION('',(#7278),#7282);
#7278 = LINE('',#7279,#7280);
#7279 = CARTESIAN_POINT('',(0.,0.));
#7280 = VECTOR('',#7281,1.);
#7281 = DIRECTION('',(-1.683068898099E-18,1.));
#7282 = ( GEOMETRIC_REPRESENTATION_CONTEXT(2) 
PARAMETRIC_REPRESENTATION_CONTEXT() REPRESENTATION_CONTEXT('2D SPACE',''
  ) );
#7283 = PCURVE('',#7284,#7289);
#7284 = CYLINDRICAL_SURFACE('',#7285,63.);
#7285 = AXIS2_PLACEMENT_3D('',#7286,#7287,#7288);
#7286 = CARTESIAN_POINT('',(-226.6199967142,-471.5236882634,
    85.406365370207));
#7287 = DIRECTION('',(-1.008768357388E-16,-0.965925826289,0.258819045103
    ));
#7288 = DIRECTION('',(1.,9.89604997998E-16,4.083014295602E-15));
#7289 = DEFINITIONAL_REPRESENTATION('',(#7290),#7294);
#7290 = LINE('',#7291,#7292);
#7291 = CARTESIAN_POINT('',(6.28318530718,9.237055564881E-14));
#7292 = VECTOR('',#7293,1.);
#7293 = DIRECTION('',(0.,1.));
#7294 = ( GEOMETRIC_REPRESENTATION_CONTEXT(2) 
PARAMETRIC_REPRESENTATION_CONTEXT() REPRESENTATION_CONTEXT('2D SPACE',''
  ) );
#7295 = ORIENTED_EDGE('',*,*,#7296,.F.);
#7296 = EDGE_CURVE('',#7297,#7269,#7299,.T.);
#7297 = VERTEX_POINT('',#7298);
#7298 = CARTESIAN_POINT('',(-163.6199967142,-362.1261857792,
    532.3204359142));
#7299 = SURFACE_CURVE('',#7300,(#7304,#7311),.PCURVE_S1.);
#7300 = LINE('',#7301,#7302);
#7301 = CARTESIAN_POINT('',(-163.6199967142,-451.4187563395,
    199.07602584447));
#7302 = VECTOR('',#7303,1.);
#7303 = DIRECTION('',(-2.940346835074E-17,-0.258819045103,
    -0.965925826289));
#7304 = PCURVE('',#2929,#7305);
#7305 = DEFINITIONAL_REPRESENTATION('',(#7306),#7310);
#7306 = LINE('',#7307,#7308);
#7307 = CARTESIAN_POINT('',(114.99999999999,10.000000000053));
#7308 = VECTOR('',#7309,1.);
#7309 = DIRECTION('',(-1.,1.683068898099E-18));
#7310 = ( GEOMETRIC_REPRESENTATION_CONTEXT(2) 
PARAMETRIC_REPRESENTATION_CONTEXT() REPRESENTATION_CONTEXT('2D SPACE',''
  ) );
#7311 = PCURVE('',#5185,#7312);
#7312 = DEFINITIONAL_REPRESENTATION('',(#7313),#7317);
#7313 = LINE('',#7314,#7315);
#7314 = CARTESIAN_POINT('',(7.068583470577,0.));
#7315 = VECTOR('',#7316,1.);
#7316 = DIRECTION('',(-4.344350965925E-18,1.));
#7317 = ( GEOMETRIC_REPRESENTATION_CONTEXT(2) 
PARAMETRIC_REPRESENTATION_CONTEXT() REPRESENTATION_CONTEXT('2D SPACE',''
  ) );
#7318 = ORIENTED_EDGE('',*,*,#7319,.T.);
#7319 = EDGE_CURVE('',#7297,#2914,#7320,.T.);
#7320 = SURFACE_CURVE('',#7321,(#7325,#7332),.PCURVE_S1.);
#7321 = LINE('',#7322,#7323);
#7322 = CARTESIAN_POINT('',(-163.6199967142,-352.4669275163,
    529.73224546317));
#7323 = VECTOR('',#7324,1.);
#7324 = DIRECTION('',(-1.008768357388E-16,-0.965925826289,0.258819045103
    ));
#7325 = PCURVE('',#2929,#7326);
#7326 = DEFINITIONAL_REPRESENTATION('',(#7327),#7331);
#7327 = LINE('',#7328,#7329);
#7328 = CARTESIAN_POINT('',(459.99999999997,2.764343655027E-10));
#7329 = VECTOR('',#7330,1.);
#7330 = DIRECTION('',(-1.683068898099E-18,1.));
#7331 = ( GEOMETRIC_REPRESENTATION_CONTEXT(2) 
PARAMETRIC_REPRESENTATION_CONTEXT() REPRESENTATION_CONTEXT('2D SPACE',''
  ) );
#7332 = PCURVE('',#7333,#7338);
#7333 = CYLINDRICAL_SURFACE('',#7334,63.);
#7334 = AXIS2_PLACEMENT_3D('',#7335,#7336,#7337);
#7335 = CARTESIAN_POINT('',(-226.6199967142,-352.4669275163,
    529.73224546317));
#7336 = DIRECTION('',(-1.008768357388E-16,-0.965925826289,0.258819045103
    ));
#7337 = DIRECTION('',(7.343069760493E-16,0.258819045103,0.965925826289)
  );
#7338 = DEFINITIONAL_REPRESENTATION('',(#7339),#7343);
#7339 = LINE('',#7340,#7341);
#7340 = CARTESIAN_POINT('',(4.712388980385,-7.105427357601E-14));
#7341 = VECTOR('',#7342,1.);
#7342 = DIRECTION('',(0.,1.));
#7343 = ( GEOMETRIC_REPRESENTATION_CONTEXT(2) 
PARAMETRIC_REPRESENTATION_CONTEXT() REPRESENTATION_CONTEXT('2D SPACE',''
  ) );
#7344 = ADVANCED_FACE('',(#7345),#2958,.T.);
#7345 = FACE_BOUND('',#7346,.T.);
#7346 = EDGE_LOOP('',(#7347,#7371,#7407));
#7347 = ORIENTED_EDGE('',*,*,#7348,.T.);
#7348 = EDGE_CURVE('',#2914,#7349,#7351,.T.);
#7349 = VERTEX_POINT('',#7350);
#7350 = CARTESIAN_POINT('',(-163.62,-369.8483262078,534.41064193278));
#7351 = SURFACE_CURVE('',#7352,(#7357,#7364),.PCURVE_S1.);
#7352 = CIRCLE('',#7353,63.);
#7353 = AXIS2_PLACEMENT_3D('',#7354,#7355,#7356);
#7354 = CARTESIAN_POINT('',(-226.6199967142,-369.8535923895,
    534.39098827502));
#7355 = DIRECTION('',(-7.463660224859E-17,-0.965925826289,0.258819045103
    ));
#7356 = DIRECTION('',(0.707106781187,0.183012701892,0.683012701892));
#7357 = PCURVE('',#2958,#7358);
#7358 = DEFINITIONAL_REPRESENTATION('',(#7359),#7363);
#7359 = LINE('',#7360,#7361);
#7360 = CARTESIAN_POINT('',(-5.497787143782,0.));
#7361 = VECTOR('',#7362,1.);
#7362 = DIRECTION('',(1.,0.));
#7363 = ( GEOMETRIC_REPRESENTATION_CONTEXT(2) 
PARAMETRIC_REPRESENTATION_CONTEXT() REPRESENTATION_CONTEXT('2D SPACE',''
  ) );
#7364 = PCURVE('',#7333,#7365);
#7365 = DEFINITIONAL_REPRESENTATION('',(#7366),#7370);
#7366 = LINE('',#7367,#7368);
#7367 = CARTESIAN_POINT('',(-0.785398163397,18.000000000001));
#7368 = VECTOR('',#7369,1.);
#7369 = DIRECTION('',(1.,3.618764437576E-14));
#7370 = ( GEOMETRIC_REPRESENTATION_CONTEXT(2) 
PARAMETRIC_REPRESENTATION_CONTEXT() REPRESENTATION_CONTEXT('2D SPACE',''
  ) );
#7371 = ORIENTED_EDGE('',*,*,#7372,.T.);
#7372 = EDGE_CURVE('',#7349,#2942,#7373,.T.);
#7373 = SURFACE_CURVE('',#7374,(#7383,#7395),.PCURVE_S1.);
#7374 = B_SPLINE_CURVE_WITH_KNOTS('',4,(#7375,#7376,#7377,#7378,#7379,
    #7380,#7381,#7382),.UNSPECIFIED.,.F.,.F.,(5,3,5),(0.,0.260642133644,
    1.),.UNSPECIFIED.);
#7375 = CARTESIAN_POINT('',(-163.62,-369.8483262078,534.4106419328));
#7376 = CARTESIAN_POINT('',(-163.62,-369.8486025562,534.41071598014));
#7377 = CARTESIAN_POINT('',(-163.62,-369.8489021626,534.41061188558));
#7378 = CARTESIAN_POINT('',(-163.62,-369.8491523594,534.4104384545));
#7379 = CARTESIAN_POINT('',(-163.62,-369.8500275573,534.4096866635));
#7380 = CARTESIAN_POINT('',(-163.62,-369.8517339446,534.4095227283));
#7381 = CARTESIAN_POINT('',(-163.62,-369.8561974065,534.39527330962));
#7382 = CARTESIAN_POINT('',(-163.62,-369.8570941621,534.39192657216));
#7383 = PCURVE('',#2958,#7384);
#7384 = DEFINITIONAL_REPRESENTATION('',(#7385),#7394);
#7385 = B_SPLINE_CURVE_WITH_KNOTS('',4,(#7386,#7387,#7388,#7389,#7390,
    #7391,#7392,#7393),.UNSPECIFIED.,.F.,.F.,(5,3,5),(0.,0.260642133644,
    1.),.UNSPECIFIED.);
#7386 = CARTESIAN_POINT('',(3.229676843885E-04,0.));
#7387 = CARTESIAN_POINT('',(3.229676843885E-04,1.430484664196E-04));
#7388 = CARTESIAN_POINT('',(3.201408355502E-04,2.742764546149E-04));
#7389 = CARTESIAN_POINT('',(3.164538952603E-04,3.726685947893E-04));
#7390 = CARTESIAN_POINT('',(3.01331797142E-04,6.980678453067E-04));
#7391 = CARTESIAN_POINT('',(2.918080773101E-04,1.500975056198E-03));
#7392 = CARTESIAN_POINT('',(5.499678973001E-05,1.812651877561E-03));
#7393 = CARTESIAN_POINT('',(0.,1.812651877561E-03));
#7394 = ( GEOMETRIC_REPRESENTATION_CONTEXT(2) 
PARAMETRIC_REPRESENTATION_CONTEXT() REPRESENTATION_CONTEXT('2D SPACE',''
  ) );
#7395 = PCURVE('',#2985,#7396);
#7396 = DEFINITIONAL_REPRESENTATION('',(#7397),#7406);
#7397 = B_SPLINE_CURVE_WITH_KNOTS('',4,(#7398,#7399,#7400,#7401,#7402,
    #7403,#7404,#7405),.UNSPECIFIED.,.F.,.F.,(5,3,5),(0.,0.260642133644,
    1.),.UNSPECIFIED.);
#7398 = CARTESIAN_POINT('',(7.034696373665E-02,-0.490198906513));
#7399 = CARTESIAN_POINT('',(7.034696374575E-02,-0.489912809595));
#7400 = CARTESIAN_POINT('',(7.016887227951E-02,-0.48965035369));
#7401 = CARTESIAN_POINT('',(6.993659502336E-02,-0.489453569406));
#7402 = CARTESIAN_POINT('',(6.898390279576E-02,-0.48880277098));
#7403 = CARTESIAN_POINT('',(6.838390802068E-02,-0.487196956969));
#7404 = CARTESIAN_POINT('',(5.346479756133E-02,-0.486573604781));
#7405 = CARTESIAN_POINT('',(4.999999998671E-02,-0.486573604781));
#7406 = ( GEOMETRIC_REPRESENTATION_CONTEXT(2) 
PARAMETRIC_REPRESENTATION_CONTEXT() REPRESENTATION_CONTEXT('2D SPACE',''
  ) );
#7407 = ORIENTED_EDGE('',*,*,#2941,.F.);
#7408 = ADVANCED_FACE('',(#7409),#2985,.T.);
#7409 = FACE_BOUND('',#7410,.T.);
#7410 = EDGE_LOOP('',(#7411,#7441,#7462,#7463,#7464,#7486,#7529,#7551,
    #7582,#7610));
#7411 = ORIENTED_EDGE('',*,*,#7412,.F.);
#7412 = EDGE_CURVE('',#7413,#7415,#7417,.T.);
#7413 = VERTEX_POINT('',#7414);
#7414 = CARTESIAN_POINT('',(-163.62,-370.3400291256,534.46956479662));
#7415 = VERTEX_POINT('',#7416);
#7416 = CARTESIAN_POINT('',(-163.62,-366.962440587,547.07489682969));
#7417 = SURFACE_CURVE('',#7418,(#7422,#7429),.PCURVE_S1.);
#7418 = LINE('',#7419,#7420);
#7419 = CARTESIAN_POINT('',(-163.62,-370.3400291256,534.46956479662));
#7420 = VECTOR('',#7421,1.);
#7421 = DIRECTION('',(0.,0.258819045103,0.965925826289));
#7422 = PCURVE('',#2985,#7423);
#7423 = DEFINITIONAL_REPRESENTATION('',(#7424),#7428);
#7424 = LINE('',#7425,#7426);
#7425 = CARTESIAN_POINT('',(0.,0.));
#7426 = VECTOR('',#7427,1.);
#7427 = DIRECTION('',(1.,-1.683068898099E-18));
#7428 = ( GEOMETRIC_REPRESENTATION_CONTEXT(2) 
PARAMETRIC_REPRESENTATION_CONTEXT() REPRESENTATION_CONTEXT('2D SPACE',''
  ) );
#7429 = PCURVE('',#7430,#7435);
#7430 = PLANE('',#7431);
#7431 = AXIS2_PLACEMENT_3D('',#7432,#7433,#7434);
#7432 = CARTESIAN_POINT('',(-182.9096918401,-359.0140279543,
    576.73877661455));
#7433 = DIRECTION('',(3.271708081359E-16,-0.965925826289,0.258819045103)
  );
#7434 = DIRECTION('',(-4.693813599544E-33,-0.258819045103,
    -0.965925826289));
#7435 = DEFINITIONAL_REPRESENTATION('',(#7436),#7440);
#7436 = LINE('',#7437,#7438);
#7437 = CARTESIAN_POINT('',(43.760308159808,19.2896918401));
#7438 = VECTOR('',#7439,1.);
#7439 = DIRECTION('',(-1.,6.792144809585E-33));
#7440 = ( GEOMETRIC_REPRESENTATION_CONTEXT(2) 
PARAMETRIC_REPRESENTATION_CONTEXT() REPRESENTATION_CONTEXT('2D SPACE',''
  ) );
#7441 = ORIENTED_EDGE('',*,*,#7442,.T.);
#7442 = EDGE_CURVE('',#7413,#2971,#7443,.T.);
#7443 = SURFACE_CURVE('',#7444,(#7448,#7455),.PCURVE_S1.);
#7444 = LINE('',#7445,#7446);
#7445 = CARTESIAN_POINT('',(-163.62,-370.3400291256,534.46956479662));
#7446 = VECTOR('',#7447,1.);
#7447 = DIRECTION('',(0.,0.965885549343,-0.258969313954));
#7448 = PCURVE('',#2985,#7449);
#7449 = DEFINITIONAL_REPRESENTATION('',(#7450),#7454);
#7450 = LINE('',#7451,#7452);
#7451 = CARTESIAN_POINT('',(0.,0.));
#7452 = VECTOR('',#7453,1.);
#7453 = DIRECTION('',(-1.555730047711E-04,-0.999999987899));
#7454 = ( GEOMETRIC_REPRESENTATION_CONTEXT(2) 
PARAMETRIC_REPRESENTATION_CONTEXT() REPRESENTATION_CONTEXT('2D SPACE',''
  ) );
#7455 = PCURVE('',#3025,#7456);
#7456 = DEFINITIONAL_REPRESENTATION('',(#7457),#7461);
#7457 = LINE('',#7458,#7459);
#7458 = CARTESIAN_POINT('',(1.570796326795,0.));
#7459 = VECTOR('',#7460,1.);
#7460 = DIRECTION('',(0.,-1.));
#7461 = ( GEOMETRIC_REPRESENTATION_CONTEXT(2) 
PARAMETRIC_REPRESENTATION_CONTEXT() REPRESENTATION_CONTEXT('2D SPACE',''
  ) );
#7462 = ORIENTED_EDGE('',*,*,#2970,.T.);
#7463 = ORIENTED_EDGE('',*,*,#7372,.F.);
#7464 = ORIENTED_EDGE('',*,*,#7465,.F.);
#7465 = EDGE_CURVE('',#7466,#7349,#7468,.T.);
#7466 = VERTEX_POINT('',#7467);
#7467 = CARTESIAN_POINT('',(-163.62,-362.1209195974,532.34008957196));
#7468 = SURFACE_CURVE('',#7469,(#7473,#7480),.PCURVE_S1.);
#7469 = LINE('',#7470,#7471);
#7470 = CARTESIAN_POINT('',(-163.62,-352.4616613345,529.75189912096));
#7471 = VECTOR('',#7472,1.);
#7472 = DIRECTION('',(-1.008768357388E-16,-0.965925826289,0.258819045103
    ));
#7473 = PCURVE('',#2985,#7474);
#7474 = DEFINITIONAL_REPRESENTATION('',(#7475),#7479);
#7475 = LINE('',#7476,#7477);
#7476 = CARTESIAN_POINT('',(7.03469637756E-02,-18.4901989066));
#7477 = VECTOR('',#7478,1.);
#7478 = DIRECTION('',(-1.683068898099E-18,1.));
#7479 = ( GEOMETRIC_REPRESENTATION_CONTEXT(2) 
PARAMETRIC_REPRESENTATION_CONTEXT() REPRESENTATION_CONTEXT('2D SPACE',''
  ) );
#7480 = PCURVE('',#7333,#7481);
#7481 = DEFINITIONAL_REPRESENTATION('',(#7482),#7485);
#7482 = B_SPLINE_CURVE_WITH_KNOTS('',1,(#7483,#7484),.UNSPECIFIED.,.F.,
  .F.,(2,2),(9.9999994,18.000000600001),.PIECEWISE_BEZIER_KNOTS.);
#7483 = CARTESIAN_POINT('',(4.712711948069,9.9999994));
#7484 = CARTESIAN_POINT('',(4.712711948069,18.000000600001));
#7485 = ( GEOMETRIC_REPRESENTATION_CONTEXT(2) 
PARAMETRIC_REPRESENTATION_CONTEXT() REPRESENTATION_CONTEXT('2D SPACE',''
  ) );
#7486 = ORIENTED_EDGE('',*,*,#7487,.T.);
#7487 = EDGE_CURVE('',#7466,#7488,#7490,.T.);
#7488 = VERTEX_POINT('',#7489);
#7489 = CARTESIAN_POINT('',(-163.62,-362.1183555748,532.31833781726));
#7490 = SURFACE_CURVE('',#7491,(#7500,#7512),.PCURVE_S1.);
#7491 = B_SPLINE_CURVE_WITH_KNOTS('',7,(#7492,#7493,#7494,#7495,#7496,
    #7497,#7498,#7499),.UNSPECIFIED.,.F.,.F.,(8,8),(0.,1.),
  .PIECEWISE_BEZIER_KNOTS.);
#7492 = CARTESIAN_POINT('',(-163.62,-362.1209195974,532.34008957198));
#7493 = CARTESIAN_POINT('',(-163.62,-362.1176703738,532.33921894514));
#7494 = CARTESIAN_POINT('',(-163.62,-362.1168536318,532.33487522049));
#7495 = CARTESIAN_POINT('',(-163.62,-362.1160028907,532.33175458576));
#7496 = CARTESIAN_POINT('',(-163.62,-362.1169266035,532.32663170109));
#7497 = CARTESIAN_POINT('',(-163.62,-362.1167994837,532.32546943317));
#7498 = CARTESIAN_POINT('',(-163.62,-362.1173764069,532.32199212244));
#7499 = CARTESIAN_POINT('',(-163.62,-362.118355575,532.31833781732));
#7500 = PCURVE('',#2985,#7501);
#7501 = DEFINITIONAL_REPRESENTATION('',(#7502),#7511);
#7502 = B_SPLINE_CURVE_WITH_KNOTS('',7,(#7503,#7504,#7505,#7506,#7507,
    #7508,#7509,#7510),.UNSPECIFIED.,.F.,.F.,(8,8),(0.,1.),
  .PIECEWISE_BEZIER_KNOTS.);
#7503 = CARTESIAN_POINT('',(7.034696376331E-02,-8.490198906598));
#7504 = CARTESIAN_POINT('',(7.034696376297E-02,-8.493562750396));
#7505 = CARTESIAN_POINT('',(6.636263632572E-02,-8.495475901253));
#7506 = CARTESIAN_POINT('',(6.35685226448E-02,-8.497105333754));
#7507 = CARTESIAN_POINT('',(5.838112157215E-02,-8.497538995823));
#7508 = CARTESIAN_POINT('',(5.729135799641E-02,-8.497962601194));
#7509 = CARTESIAN_POINT('',(5.378321504446E-02,-8.498305330418));
#7510 = CARTESIAN_POINT('',(4.999999999927E-02,-8.498305330423));
#7511 = ( GEOMETRIC_REPRESENTATION_CONTEXT(2) 
PARAMETRIC_REPRESENTATION_CONTEXT() REPRESENTATION_CONTEXT('2D SPACE',''
  ) );
#7512 = PCURVE('',#7513,#7518);
#7513 = TOROIDAL_SURFACE('',#7514,53.,10.);
#7514 = AXIS2_PLACEMENT_3D('',#7515,#7516,#7517);
#7515 = CARTESIAN_POINT('',(-226.6199967142,-362.1261857792,
    532.3204359142));
#7516 = DIRECTION('',(1.008768357388E-16,0.965925826289,-0.258819045103)
  );
#7517 = DIRECTION('',(-1.,9.743954091442E-17,-2.610884629888E-17));
#7518 = DEFINITIONAL_REPRESENTATION('',(#7519),#7528);
#7519 = B_SPLINE_CURVE_WITH_KNOTS('',7,(#7520,#7521,#7522,#7523,#7524,
    #7525,#7526,#7527),.UNSPECIFIED.,.F.,.F.,(8,8),(0.,1.),
  .PIECEWISE_BEZIER_KNOTS.);
#7520 = CARTESIAN_POINT('',(3.141269685905,-8.126832540256E-14));
#7521 = CARTESIAN_POINT('',(3.141269685905,3.363843810571E-04));
#7522 = CARTESIAN_POINT('',(3.141332929195,5.276994699233E-04));
#7523 = CARTESIAN_POINT('',(3.141377280204,6.906427739636E-04));
#7524 = CARTESIAN_POINT('',(3.141459619908,7.34008995012E-04));
#7525 = CARTESIAN_POINT('',(3.141476917742,7.76369543427E-04));
#7526 = CARTESIAN_POINT('',(3.141532602554,8.106424747408E-04));
#7527 = CARTESIAN_POINT('',(3.14159265359,8.106424747408E-04));
#7528 = ( GEOMETRIC_REPRESENTATION_CONTEXT(2) 
PARAMETRIC_REPRESENTATION_CONTEXT() REPRESENTATION_CONTEXT('2D SPACE',''
  ) );
#7529 = ORIENTED_EDGE('',*,*,#7530,.T.);
#7530 = EDGE_CURVE('',#7488,#7531,#7533,.T.);
#7531 = VERTEX_POINT('',#7532);
#7532 = CARTESIAN_POINT('',(-163.62,-362.131638712,532.26876446833));
#7533 = SURFACE_CURVE('',#7534,(#7538,#7545),.PCURVE_S1.);
#7534 = LINE('',#7535,#7536);
#7535 = CARTESIAN_POINT('',(-163.62,-451.4109261353,199.07392774756));
#7536 = VECTOR('',#7537,1.);
#7537 = DIRECTION('',(-2.940346835074E-17,-0.258819045103,
    -0.965925826289));
#7538 = PCURVE('',#2985,#7539);
#7539 = DEFINITIONAL_REPRESENTATION('',(#7540),#7544);
#7540 = LINE('',#7541,#7542);
#7541 = CARTESIAN_POINT('',(-344.95,-8.498305330665));
#7542 = VECTOR('',#7543,1.);
#7543 = DIRECTION('',(-1.,1.683068898099E-18));
#7544 = ( GEOMETRIC_REPRESENTATION_CONTEXT(2) 
PARAMETRIC_REPRESENTATION_CONTEXT() REPRESENTATION_CONTEXT('2D SPACE',''
  ) );
#7545 = PCURVE('',#5185,#7546);
#7546 = DEFINITIONAL_REPRESENTATION('',(#7547),#7550);
#7547 = B_SPLINE_CURVE_WITH_KNOTS('',1,(#7548,#7549),.UNSPECIFIED.,.F.,
  .F.,(2,2),(-345.0000006,-343.6434598272),.PIECEWISE_BEZIER_KNOTS.);
#7548 = CARTESIAN_POINT('',(7.067772828092,-345.0000006));
#7549 = CARTESIAN_POINT('',(7.067772828092,-343.6434598272));
#7550 = ( GEOMETRIC_REPRESENTATION_CONTEXT(2) 
PARAMETRIC_REPRESENTATION_CONTEXT() REPRESENTATION_CONTEXT('2D SPACE',''
  ) );
#7551 = ORIENTED_EDGE('',*,*,#7552,.T.);
#7552 = EDGE_CURVE('',#7531,#7553,#7555,.T.);
#7553 = VERTEX_POINT('',#7554);
#7554 = CARTESIAN_POINT('',(-163.62,-361.647059275,532.1388409961));
#7555 = SURFACE_CURVE('',#7556,(#7560,#7567),.PCURVE_S1.);
#7556 = LINE('',#7557,#7558);
#7557 = CARTESIAN_POINT('',(-163.62,-370.3400291256,534.46956479662));
#7558 = VECTOR('',#7559,1.);
#7559 = DIRECTION('',(0.,0.965885549343,-0.258969313954));
#7560 = PCURVE('',#2985,#7561);
#7561 = DEFINITIONAL_REPRESENTATION('',(#7562),#7566);
#7562 = LINE('',#7563,#7564);
#7563 = CARTESIAN_POINT('',(0.,0.));
#7564 = VECTOR('',#7565,1.);
#7565 = DIRECTION('',(-1.555730047711E-04,-0.999999987899));
#7566 = ( GEOMETRIC_REPRESENTATION_CONTEXT(2) 
PARAMETRIC_REPRESENTATION_CONTEXT() REPRESENTATION_CONTEXT('2D SPACE',''
  ) );
#7567 = PCURVE('',#7568,#7576);
#7568 = SURFACE_OF_LINEAR_EXTRUSION('',#7569,#7574);
#7569 = CIRCLE('',#7570,63.05);
#7570 = AXIS2_PLACEMENT_3D('',#7571,#7572,#7573);
#7571 = CARTESIAN_POINT('',(-226.67,-370.3400291256,534.46956479662));
#7572 = DIRECTION('',(-7.625248795272E-16,0.965925826289,-0.258819045103
    ));
#7573 = DIRECTION('',(9.015609652784E-16,0.258819045103,0.965925826289)
  );
#7574 = VECTOR('',#7575,1.);
#7575 = DIRECTION('',(-0.,-0.965885549343,0.258969313954));
#7576 = DEFINITIONAL_REPRESENTATION('',(#7577),#7581);
#7577 = LINE('',#7578,#7579);
#7578 = CARTESIAN_POINT('',(1.570796326795,0.));
#7579 = VECTOR('',#7580,1.);
#7580 = DIRECTION('',(0.,-1.));
#7581 = ( GEOMETRIC_REPRESENTATION_CONTEXT(2) 
PARAMETRIC_REPRESENTATION_CONTEXT() REPRESENTATION_CONTEXT('2D SPACE',''
  ) );
#7582 = ORIENTED_EDGE('',*,*,#7583,.T.);
#7583 = EDGE_CURVE('',#7553,#7584,#7586,.T.);
#7584 = VERTEX_POINT('',#7585);
#7585 = CARTESIAN_POINT('',(-163.62,-358.2694707365,544.74417302917));
#7586 = SURFACE_CURVE('',#7587,(#7591,#7598),.PCURVE_S1.);
#7587 = LINE('',#7588,#7589);
#7588 = CARTESIAN_POINT('',(-163.62,-361.647059275,532.1388409961));
#7589 = VECTOR('',#7590,1.);
#7590 = DIRECTION('',(0.,0.258819045103,0.965925826289));
#7591 = PCURVE('',#2985,#7592);
#7592 = DEFINITIONAL_REPRESENTATION('',(#7593),#7597);
#7593 = LINE('',#7594,#7595);
#7594 = CARTESIAN_POINT('',(-1.400157027254E-03,-8.999999794295));
#7595 = VECTOR('',#7596,1.);
#7596 = DIRECTION('',(1.,-1.683068898099E-18));
#7597 = ( GEOMETRIC_REPRESENTATION_CONTEXT(2) 
PARAMETRIC_REPRESENTATION_CONTEXT() REPRESENTATION_CONTEXT('2D SPACE',''
  ) );
#7598 = PCURVE('',#7599,#7604);
#7599 = PLANE('',#7600);
#7600 = AXIS2_PLACEMENT_3D('',#7601,#7602,#7603);
#7601 = CARTESIAN_POINT('',(-182.9096918401,-350.3210581037,
    574.40805281403));
#7602 = DIRECTION('',(3.271708081359E-16,-0.965925826289,0.258819045103)
  );
#7603 = DIRECTION('',(-4.693813599544E-33,-0.258819045103,
    -0.965925826289));
#7604 = DEFINITIONAL_REPRESENTATION('',(#7605),#7609);
#7605 = LINE('',#7606,#7607);
#7606 = CARTESIAN_POINT('',(43.760308159808,19.2896918401));
#7607 = VECTOR('',#7608,1.);
#7608 = DIRECTION('',(-1.,6.792144809585E-33));
#7609 = ( GEOMETRIC_REPRESENTATION_CONTEXT(2) 
PARAMETRIC_REPRESENTATION_CONTEXT() REPRESENTATION_CONTEXT('2D SPACE',''
  ) );
#7610 = ORIENTED_EDGE('',*,*,#7611,.F.);
#7611 = EDGE_CURVE('',#7415,#7584,#7612,.T.);
#7612 = SURFACE_CURVE('',#7613,(#7617,#7624),.PCURVE_S1.);
#7613 = LINE('',#7614,#7615);
#7614 = CARTESIAN_POINT('',(-163.62,-366.962440587,547.07489682969));
#7615 = VECTOR('',#7616,1.);
#7616 = DIRECTION('',(0.,0.965885549343,-0.258969313954));
#7617 = PCURVE('',#2985,#7618);
#7618 = DEFINITIONAL_REPRESENTATION('',(#7619),#7623);
#7619 = LINE('',#7620,#7621);
#7620 = CARTESIAN_POINT('',(13.050000000001,-6.006408141562E-12));
#7621 = VECTOR('',#7622,1.);
#7622 = DIRECTION('',(-1.555730047711E-04,-0.999999987899));
#7623 = ( GEOMETRIC_REPRESENTATION_CONTEXT(2) 
PARAMETRIC_REPRESENTATION_CONTEXT() REPRESENTATION_CONTEXT('2D SPACE',''
  ) );
#7624 = PCURVE('',#7625,#7633);
#7625 = SURFACE_OF_LINEAR_EXTRUSION('',#7626,#7631);
#7626 = CIRCLE('',#7627,50.);
#7627 = AXIS2_PLACEMENT_3D('',#7628,#7629,#7630);
#7628 = CARTESIAN_POINT('',(-213.62,-366.962440587,547.07489682969));
#7629 = DIRECTION('',(1.456799687225E-15,0.965925826289,-0.258819045103)
  );
#7630 = DIRECTION('',(-1.136868377216E-15,0.258819045103,0.965925826289)
  );
#7631 = VECTOR('',#7632,1.);
#7632 = DIRECTION('',(-0.,-0.965885549343,0.258969313954));
#7633 = DEFINITIONAL_REPRESENTATION('',(#7634),#7638);
#7634 = LINE('',#7635,#7636);
#7635 = CARTESIAN_POINT('',(1.570796326795,0.));
#7636 = VECTOR('',#7637,1.);
#7637 = DIRECTION('',(0.,-1.));
#7638 = ( GEOMETRIC_REPRESENTATION_CONTEXT(2) 
PARAMETRIC_REPRESENTATION_CONTEXT() REPRESENTATION_CONTEXT('2D SPACE',''
  ) );
#7639 = ADVANCED_FACE('',(#7640),#3025,.T.);
#7640 = FACE_BOUND('',#7641,.T.);
#7641 = EDGE_LOOP('',(#7642,#7670,#7719,#7747,#7780,#7781,#7782));
#7642 = ORIENTED_EDGE('',*,*,#7643,.F.);
#7643 = EDGE_CURVE('',#7644,#7413,#7646,.T.);
#7644 = VERTEX_POINT('',#7645);
#7645 = CARTESIAN_POINT('',(-223.8911775542,-354.0373450677,595.31201));
#7646 = SURFACE_CURVE('',#7647,(#7652,#7659),.PCURVE_S1.);
#7647 = CIRCLE('',#7648,63.05);
#7648 = AXIS2_PLACEMENT_3D('',#7649,#7650,#7651);
#7649 = CARTESIAN_POINT('',(-226.67,-370.3400291256,534.46956479662));
#7650 = DIRECTION('',(-7.625248795272E-16,0.965925826289,-0.258819045103
    ));
#7651 = DIRECTION('',(9.015609652784E-16,0.258819045103,0.965925826289)
  );
#7652 = PCURVE('',#3025,#7653);
#7653 = DEFINITIONAL_REPRESENTATION('',(#7654),#7658);
#7654 = LINE('',#7655,#7656);
#7655 = CARTESIAN_POINT('',(0.,0.));
#7656 = VECTOR('',#7657,1.);
#7657 = DIRECTION('',(1.,0.));
#7658 = ( GEOMETRIC_REPRESENTATION_CONTEXT(2) 
PARAMETRIC_REPRESENTATION_CONTEXT() REPRESENTATION_CONTEXT('2D SPACE',''
  ) );
#7659 = PCURVE('',#7430,#7660);
#7660 = DEFINITIONAL_REPRESENTATION('',(#7661),#7669);
#7661 = ( BOUNDED_CURVE() B_SPLINE_CURVE(2,(#7662,#7663,#7664,#7665,
#7666,#7667,#7668),.UNSPECIFIED.,.T.,.F.) B_SPLINE_CURVE_WITH_KNOTS((1,2
    ,2,2,2,1),(-2.094395102393,0.,2.094395102393,4.188790204786,
6.28318530718,8.377580409573),.UNSPECIFIED.) CURVE() 
GEOMETRIC_REPRESENTATION_ITEM() RATIONAL_B_SPLINE_CURVE((1.,0.5,1.,0.5,
1.,0.5,1.)) REPRESENTATION_ITEM('') );
#7662 = CARTESIAN_POINT('',(-19.28969184019,-43.7603081599));
#7663 = CARTESIAN_POINT('',(-19.28969184019,65.445495257318));
#7664 = CARTESIAN_POINT('',(75.285308159808,10.842593548709));
#7665 = CARTESIAN_POINT('',(169.8603081598,-43.7603081599));
#7666 = CARTESIAN_POINT('',(75.285308159807,-98.3632098685));
#7667 = CARTESIAN_POINT('',(-19.28969184019,-152.9661115771));
#7668 = CARTESIAN_POINT('',(-19.28969184019,-43.7603081599));
#7669 = ( GEOMETRIC_REPRESENTATION_CONTEXT(2) 
PARAMETRIC_REPRESENTATION_CONTEXT() REPRESENTATION_CONTEXT('2D SPACE',''
  ) );
#7670 = ORIENTED_EDGE('',*,*,#7671,.T.);
#7671 = EDGE_CURVE('',#7644,#7672,#7674,.T.);
#7672 = VERTEX_POINT('',#7673);
#7673 = CARTESIAN_POINT('',(-226.67,-353.8007698483,595.31201));
#7674 = SURFACE_CURVE('',#7675,(#7686,#7700),.PCURVE_S1.);
#7675 = B_SPLINE_CURVE_WITH_KNOTS('',5,(#7676,#7677,#7678,#7679,#7680,
    #7681,#7682,#7683,#7684,#7685),.UNSPECIFIED.,.F.,.F.,(6,4,6),(0.,
    0.29631066071,1.),.UNSPECIFIED.);
#7676 = CARTESIAN_POINT('',(-223.8911739079,-354.0373456889,595.31201));
#7677 = CARTESIAN_POINT('',(-224.0529045138,-354.0097943702,595.31201));
#7678 = CARTESIAN_POINT('',(-224.2152612582,-353.9841446159,595.31201));
#7679 = CARTESIAN_POINT('',(-224.3781956594,-353.9604349168,595.31201));
#7680 = CARTESIAN_POINT('',(-224.5416543752,-353.9386994558,595.31201));
#7681 = CARTESIAN_POINT('',(-225.0948738485,-353.8721093855,595.31201));
#7682 = CARTESIAN_POINT('',(-225.4868073909,-353.8365519423,595.31201));
#7683 = CARTESIAN_POINT('',(-225.8805743972,-353.8126966589,595.31201));
#7684 = CARTESIAN_POINT('',(-226.2752935493,-353.8007698483,595.31201));
#7685 = CARTESIAN_POINT('',(-226.67,-353.8007698483,595.31201));
#7686 = PCURVE('',#3025,#7687);
#7687 = DEFINITIONAL_REPRESENTATION('',(#7688),#7699);
#7688 = B_SPLINE_CURVE_WITH_KNOTS('',5,(#7689,#7690,#7691,#7692,#7693,
    #7694,#7695,#7696,#7697,#7698),.UNSPECIFIED.,.F.,.F.,(6,4,6),(0.,
    0.29631066071,1.),.UNSPECIFIED.);
#7689 = CARTESIAN_POINT('',(4.408765276366E-02,5.999999999895E-07));
#7690 = CARTESIAN_POINT('',(4.152004113902E-02,-2.661193055889E-02));
#7691 = CARTESIAN_POINT('',(3.894285260361E-02,-5.138769098098E-02));
#7692 = CARTESIAN_POINT('',(3.635682692506E-02,-7.428950198357E-02));
#7693 = CARTESIAN_POINT('',(3.376277883792E-02,-9.528434535485E-02));
#7694 = CARTESIAN_POINT('',(2.498421924105E-02,-0.159605414848));
#7695 = CARTESIAN_POINT('',(1.876645289097E-02,-0.193951267958));
#7696 = CARTESIAN_POINT('',(1.252062801286E-02,-0.216993702583));
#7697 = CARTESIAN_POINT('',(6.260213332534E-03,-0.228514117114));
#7698 = CARTESIAN_POINT('',(0.,-0.228514117114));
#7699 = ( GEOMETRIC_REPRESENTATION_CONTEXT(2) 
PARAMETRIC_REPRESENTATION_CONTEXT() REPRESENTATION_CONTEXT('2D SPACE',''
  ) );
#7700 = PCURVE('',#7701,#7706);
#7701 = PLANE('',#7702);
#7702 = AXIS2_PLACEMENT_3D('',#7703,#7704,#7705);
#7703 = CARTESIAN_POINT('',(-969.6200001,-526.6983149878,595.31201));
#7704 = DIRECTION('',(0.,0.,1.));
#7705 = DIRECTION('',(1.,0.,-0.));
#7706 = DEFINITIONAL_REPRESENTATION('',(#7707),#7718);
#7707 = B_SPLINE_CURVE_WITH_KNOTS('',5,(#7708,#7709,#7710,#7711,#7712,
    #7713,#7714,#7715,#7716,#7717),.UNSPECIFIED.,.F.,.F.,(6,4,6),(0.,
    0.29631066071,1.),.UNSPECIFIED.);
#7708 = CARTESIAN_POINT('',(745.72882619207,172.66096929892));
#7709 = CARTESIAN_POINT('',(745.56709558613,172.68852061758));
#7710 = CARTESIAN_POINT('',(745.40473884172,172.71417037188));
#7711 = CARTESIAN_POINT('',(745.24180444052,172.73788007102));
#7712 = CARTESIAN_POINT('',(745.07834572472,172.75961553201));
#7713 = CARTESIAN_POINT('',(744.52512625141,172.82620560235));
#7714 = CARTESIAN_POINT('',(744.13319270909,172.86176304554));
#7715 = CARTESIAN_POINT('',(743.73942570274,172.88561832895));
#7716 = CARTESIAN_POINT('',(743.34470655061,172.89754513956));
#7717 = CARTESIAN_POINT('',(742.9500001,172.89754513956));
#7718 = ( GEOMETRIC_REPRESENTATION_CONTEXT(2) 
PARAMETRIC_REPRESENTATION_CONTEXT() REPRESENTATION_CONTEXT('2D SPACE',''
  ) );
#7719 = ORIENTED_EDGE('',*,*,#7720,.T.);
#7720 = EDGE_CURVE('',#7672,#7721,#7723,.T.);
#7721 = VERTEX_POINT('',#7722);
#7722 = CARTESIAN_POINT('',(-226.67,-353.564584044,595.24868482057));
#7723 = SURFACE_CURVE('',#7724,(#7728,#7735),.PCURVE_S1.);
#7724 = LINE('',#7725,#7726);
#7725 = CARTESIAN_POINT('',(-226.67,-354.0214883319,595.37118814414));
#7726 = VECTOR('',#7727,1.);
#7727 = DIRECTION('',(0.,0.965885549343,-0.258969313954));
#7728 = PCURVE('',#3025,#7729);
#7729 = DEFINITIONAL_REPRESENTATION('',(#7730),#7734);
#7730 = LINE('',#7731,#7732);
#7731 = CARTESIAN_POINT('',(0.,0.));
#7732 = VECTOR('',#7733,1.);
#7733 = DIRECTION('',(0.,-1.));
#7734 = ( GEOMETRIC_REPRESENTATION_CONTEXT(2) 
PARAMETRIC_REPRESENTATION_CONTEXT() REPRESENTATION_CONTEXT('2D SPACE',''
  ) );
#7735 = PCURVE('',#7736,#7741);
#7736 = PLANE('',#7737);
#7737 = AXIS2_PLACEMENT_3D('',#7738,#7739,#7740);
#7738 = CARTESIAN_POINT('',(-163.62,-354.0214883319,595.37118814414));
#7739 = DIRECTION('',(0.,0.258969313954,0.965885549343));
#7740 = DIRECTION('',(-1.,0.,0.));
#7741 = DEFINITIONAL_REPRESENTATION('',(#7742),#7746);
#7742 = LINE('',#7743,#7744);
#7743 = CARTESIAN_POINT('',(63.05,0.));
#7744 = VECTOR('',#7745,1.);
#7745 = DIRECTION('',(0.,-1.));
#7746 = ( GEOMETRIC_REPRESENTATION_CONTEXT(2) 
PARAMETRIC_REPRESENTATION_CONTEXT() REPRESENTATION_CONTEXT('2D SPACE',''
  ) );
#7747 = ORIENTED_EDGE('',*,*,#7748,.F.);
#7748 = EDGE_CURVE('',#3169,#7721,#7749,.T.);
#7749 = SURFACE_CURVE('',#7750,(#7758,#7769),.PCURVE_S1.);
#7750 = B_SPLINE_CURVE_WITH_KNOTS('',3,(#7751,#7752,#7753,#7754,#7755,
    #7756,#7757),.UNSPECIFIED.,.F.,.F.,(4,1,1,1,4),(0.,0.473044157426,
    0.832459106722,0.924084570673,1.),.UNSPECIFIED.);
#7751 = CARTESIAN_POINT('',(-226.6199961142,-353.5666553755,
    595.24921964862));
#7752 = CARTESIAN_POINT('',(-226.6278596807,-353.5660393568,
    595.2490609409));
#7753 = CARTESIAN_POINT('',(-226.6417265528,-353.5651568778,
    595.24883303742));
#7754 = CARTESIAN_POINT('',(-226.6571425717,-353.564687434,
    595.24871157368));
#7755 = CARTESIAN_POINT('',(-226.6659368367,-353.5645933974,
    595.2486872411));
#7756 = CARTESIAN_POINT('',(-226.668732949,-353.5645840439,
    595.24868482054));
#7757 = CARTESIAN_POINT('',(-226.67,-353.5645840439,595.24868482054));
#7758 = PCURVE('',#3025,#7759);
#7759 = DEFINITIONAL_REPRESENTATION('',(#7760),#7768);
#7760 = B_SPLINE_CURVE_WITH_KNOTS('',3,(#7761,#7762,#7763,#7764,#7765,
    #7766,#7767),.UNSPECIFIED.,.F.,.F.,(4,1,1,1,4),(1.203128289754E-05,
    0.473044158443,0.832459107045,0.924084570819,1.),.UNSPECIFIED.);
#7761 = CARTESIAN_POINT('',(7.930736089484E-04,-0.470902722998));
#7762 = CARTESIAN_POINT('',(6.68357197348E-04,-0.471538805819));
#7763 = CARTESIAN_POINT('',(4.484258031343E-04,-0.472450180821));
#7764 = CARTESIAN_POINT('',(2.03924318574E-04,-0.472935059541));
#7765 = CARTESIAN_POINT('',(6.444350842941E-05,-0.473032189627));
#7766 = CARTESIAN_POINT('',(2.009597113484E-05,-0.47304185091));
#7767 = CARTESIAN_POINT('',(0.,-0.47304185091));
#7768 = ( GEOMETRIC_REPRESENTATION_CONTEXT(2) 
PARAMETRIC_REPRESENTATION_CONTEXT() REPRESENTATION_CONTEXT('2D SPACE',''
  ) );
#7769 = PCURVE('',#3877,#7770);
#7770 = DEFINITIONAL_REPRESENTATION('',(#7771),#7779);
#7771 = B_SPLINE_CURVE_WITH_KNOTS('',3,(#7772,#7773,#7774,#7775,#7776,
    #7777,#7778),.UNSPECIFIED.,.F.,.F.,(4,1,1,1,4),(0.,0.473044157426,
    0.832459106722,0.924084570673,1.),.UNSPECIFIED.);
#7772 = CARTESIAN_POINT('',(7.05893520198,-165.0000006));
#7773 = CARTESIAN_POINT('',(7.059253269285,-164.9921370335));
#7774 = CARTESIAN_POINT('',(7.059708985496,-164.9782701613));
#7775 = CARTESIAN_POINT('',(7.059951437002,-164.9628541425));
#7776 = CARTESIAN_POINT('',(7.060000003839,-164.9540598775));
#7777 = CARTESIAN_POINT('',(7.060004834657,-164.9512637652));
#7778 = CARTESIAN_POINT('',(7.060004834657,-164.9499967142));
#7779 = ( GEOMETRIC_REPRESENTATION_CONTEXT(2) 
PARAMETRIC_REPRESENTATION_CONTEXT() REPRESENTATION_CONTEXT('2D SPACE',''
  ) );
#7780 = ORIENTED_EDGE('',*,*,#3168,.T.);
#7781 = ORIENTED_EDGE('',*,*,#2997,.F.);
#7782 = ORIENTED_EDGE('',*,*,#7442,.F.);
#7783 = ADVANCED_FACE('',(#7784),#3126,.F.);
#7784 = FACE_BOUND('',#7785,.F.);
#7785 = EDGE_LOOP('',(#7786,#7809,#7810,#7811,#7849,#7871,#7914,#7936,
    #7967,#7990));
#7786 = ORIENTED_EDGE('',*,*,#7787,.F.);
#7787 = EDGE_CURVE('',#6863,#7788,#7790,.T.);
#7788 = VERTEX_POINT('',#7789);
#7789 = CARTESIAN_POINT('',(-163.62,-492.7674307771,77.640018675616));
#7790 = SURFACE_CURVE('',#7791,(#7795,#7802),.PCURVE_S1.);
#7791 = LINE('',#7792,#7793);
#7792 = CARTESIAN_POINT('',(-163.62,-489.3898422385,90.245350708689));
#7793 = VECTOR('',#7794,1.);
#7794 = DIRECTION('',(0.,-0.258819045103,-0.965925826289));
#7795 = PCURVE('',#3126,#7796);
#7796 = DEFINITIONAL_REPRESENTATION('',(#7797),#7801);
#7797 = LINE('',#7798,#7799);
#7798 = CARTESIAN_POINT('',(0.,0.));
#7799 = VECTOR('',#7800,1.);
#7800 = DIRECTION('',(1.,1.683068898099E-18));
#7801 = ( GEOMETRIC_REPRESENTATION_CONTEXT(2) 
PARAMETRIC_REPRESENTATION_CONTEXT() REPRESENTATION_CONTEXT('2D SPACE',''
  ) );
#7802 = PCURVE('',#6879,#7803);
#7803 = DEFINITIONAL_REPRESENTATION('',(#7804),#7808);
#7804 = LINE('',#7805,#7806);
#7805 = CARTESIAN_POINT('',(43.760308159812,19.2896918401));
#7806 = VECTOR('',#7807,1.);
#7807 = DIRECTION('',(-1.,2.515479607924E-32));
#7808 = ( GEOMETRIC_REPRESENTATION_CONTEXT(2) 
PARAMETRIC_REPRESENTATION_CONTEXT() REPRESENTATION_CONTEXT('2D SPACE',''
  ) );
#7809 = ORIENTED_EDGE('',*,*,#7215,.T.);
#7810 = ORIENTED_EDGE('',*,*,#3111,.F.);
#7811 = ORIENTED_EDGE('',*,*,#7812,.F.);
#7812 = EDGE_CURVE('',#7813,#3112,#7815,.T.);
#7813 = VERTEX_POINT('',#7814);
#7814 = CARTESIAN_POINT('',(-163.62,-488.9156193184,90.045454524289));
#7815 = SURFACE_CURVE('',#7816,(#7825,#7837),.PCURVE_S1.);
#7816 = B_SPLINE_CURVE_WITH_KNOTS('',4,(#7817,#7818,#7819,#7820,#7821,
    #7822,#7823,#7824),.UNSPECIFIED.,.F.,.F.,(5,3,5),(0.,0.260642277905,
    1.),.UNSPECIFIED.);
#7817 = CARTESIAN_POINT('',(-163.62,-488.9156193184,90.045454524267));
#7818 = CARTESIAN_POINT('',(-163.62,-488.9158956668,90.045528571598));
#7819 = CARTESIAN_POINT('',(-163.62,-488.9161030864,90.045768523403));
#7820 = CARTESIAN_POINT('',(-163.62,-488.9162330475,90.046043817526));
#7821 = CARTESIAN_POINT('',(-163.62,-488.9166150955,90.047132486154));
#7822 = CARTESIAN_POINT('',(-163.62,-488.9180109036,90.048127653265));
#7823 = CARTESIAN_POINT('',(-163.62,-488.914751663,90.062699748723));
#7824 = CARTESIAN_POINT('',(-163.62,-488.9138549093,90.066046479194));
#7825 = PCURVE('',#3126,#7826);
#7826 = DEFINITIONAL_REPRESENTATION('',(#7827),#7836);
#7827 = B_SPLINE_CURVE_WITH_KNOTS('',4,(#7828,#7829,#7830,#7831,#7832,
    #7833,#7834,#7835),.UNSPECIFIED.,.F.,.F.,(5,3,5),(0.,0.260642277905,
    1.),.UNSPECIFIED.);
#7828 = CARTESIAN_POINT('',(7.034696376358E-02,-0.509801105515));
#7829 = CARTESIAN_POINT('',(7.034696376321E-02,-0.509515008598));
#7830 = CARTESIAN_POINT('',(7.016887226052E-02,-0.509252552553));
#7831 = CARTESIAN_POINT('',(6.993659496508E-02,-0.509055768408));
#7832 = CARTESIAN_POINT('',(6.898390311956E-02,-0.508404970203));
#7833 = CARTESIAN_POINT('',(6.838390722518E-02,-0.506799154909));
#7834 = CARTESIAN_POINT('',(5.346479033928E-02,-0.506175803748));
#7835 = CARTESIAN_POINT('',(5.00000000074E-02,-0.506175803721));
#7836 = ( GEOMETRIC_REPRESENTATION_CONTEXT(2) 
PARAMETRIC_REPRESENTATION_CONTEXT() REPRESENTATION_CONTEXT('2D SPACE',''
  ) );
#7837 = PCURVE('',#3153,#7838);
#7838 = DEFINITIONAL_REPRESENTATION('',(#7839),#7848);
#7839 = B_SPLINE_CURVE_WITH_KNOTS('',4,(#7840,#7841,#7842,#7843,#7844,
    #7845,#7846,#7847),.UNSPECIFIED.,.F.,.F.,(5,3,5),(0.,0.260642277905,
    1.),.UNSPECIFIED.);
#7840 = CARTESIAN_POINT('',(6.282862339495,0.));
#7841 = CARTESIAN_POINT('',(6.282862339495,1.430484589193E-04));
#7842 = CARTESIAN_POINT('',(6.282865166344,2.742765092266E-04));
#7843 = CARTESIAN_POINT('',(6.282868853285,3.726685816592E-04));
#7844 = CARTESIAN_POINT('',(6.282883975377,6.9806770364E-04));
#7845 = CARTESIAN_POINT('',(6.282893499115,1.500975577695E-03));
#7846 = CARTESIAN_POINT('',(6.283130310505,1.812651877563E-03));
#7847 = CARTESIAN_POINT('',(6.28318530718,1.812651877561E-03));
#7848 = ( GEOMETRIC_REPRESENTATION_CONTEXT(2) 
PARAMETRIC_REPRESENTATION_CONTEXT() REPRESENTATION_CONTEXT('2D SPACE',''
  ) );
#7849 = ORIENTED_EDGE('',*,*,#7850,.F.);
#7850 = EDGE_CURVE('',#7851,#7813,#7853,.T.);
#7851 = VERTEX_POINT('',#7852);
#7852 = CARTESIAN_POINT('',(-163.62,-481.1882127081,87.974902163468));
#7853 = SURFACE_CURVE('',#7854,(#7858,#7865),.PCURVE_S1.);
#7854 = LINE('',#7855,#7856);
#7855 = CARTESIAN_POINT('',(-163.62,-471.5289544452,85.386711712422));
#7856 = VECTOR('',#7857,1.);
#7857 = DIRECTION('',(-1.008768357388E-16,-0.965925826289,0.258819045103
    ));
#7858 = PCURVE('',#3126,#7859);
#7859 = DEFINITIONAL_REPRESENTATION('',(#7860),#7864);
#7860 = LINE('',#7861,#7862);
#7861 = CARTESIAN_POINT('',(7.034696375541E-02,-18.50980110551));
#7862 = VECTOR('',#7863,1.);
#7863 = DIRECTION('',(1.683068898099E-18,1.));
#7864 = ( GEOMETRIC_REPRESENTATION_CONTEXT(2) 
PARAMETRIC_REPRESENTATION_CONTEXT() REPRESENTATION_CONTEXT('2D SPACE',''
  ) );
#7865 = PCURVE('',#7284,#7866);
#7866 = DEFINITIONAL_REPRESENTATION('',(#7867),#7870);
#7867 = B_SPLINE_CURVE_WITH_KNOTS('',1,(#7868,#7869),.UNSPECIFIED.,.F.,
  .F.,(2,2),(9.9999994,18.0000006),.PIECEWISE_BEZIER_KNOTS.);
#7868 = CARTESIAN_POINT('',(6.282862339495,9.9999994));
#7869 = CARTESIAN_POINT('',(6.282862339495,18.0000006));
#7870 = ( GEOMETRIC_REPRESENTATION_CONTEXT(2) 
PARAMETRIC_REPRESENTATION_CONTEXT() REPRESENTATION_CONTEXT('2D SPACE',''
  ) );
#7871 = ORIENTED_EDGE('',*,*,#7872,.T.);
#7872 = EDGE_CURVE('',#7851,#7873,#7875,.T.);
#7873 = VERTEX_POINT('',#7874);
#7874 = CARTESIAN_POINT('',(-163.62,-481.1751163221,87.992457724322));
#7875 = SURFACE_CURVE('',#7876,(#7885,#7897),.PCURVE_S1.);
#7876 = B_SPLINE_CURVE_WITH_KNOTS('',7,(#7877,#7878,#7879,#7880,#7881,
    #7882,#7883,#7884),.UNSPECIFIED.,.F.,.F.,(8,8),(0.,1.),
  .PIECEWISE_BEZIER_KNOTS.);
#7877 = CARTESIAN_POINT('',(-163.62,-481.1882127081,87.974902163447));
#7878 = CARTESIAN_POINT('',(-163.62,-481.1849634845,87.974031536613));
#7879 = CARTESIAN_POINT('',(-163.62,-481.1820843031,87.977384941566));
#7880 = CARTESIAN_POINT('',(-163.62,-481.1797872216,87.979662119949));
#7881 = CARTESIAN_POINT('',(-163.62,-481.1780257389,87.984560524011));
#7882 = CARTESIAN_POINT('',(-163.62,-481.177334515,87.985503519277));
#7883 = CARTESIAN_POINT('',(-163.62,-481.1760954904,87.988803418848));
#7884 = CARTESIAN_POINT('',(-163.62,-481.1751163222,87.99245772435));
#7885 = PCURVE('',#3126,#7886);
#7886 = DEFINITIONAL_REPRESENTATION('',(#7887),#7896);
#7887 = B_SPLINE_CURVE_WITH_KNOTS('',7,(#7888,#7889,#7890,#7891,#7892,
    #7893,#7894,#7895),.UNSPECIFIED.,.F.,.F.,(8,8),(0.,1.),
  .PIECEWISE_BEZIER_KNOTS.);
#7888 = CARTESIAN_POINT('',(7.034696376284E-02,-8.509801105502));
#7889 = CARTESIAN_POINT('',(7.034696375737E-02,-8.513164949299));
#7890 = CARTESIAN_POINT('',(6.636263632664E-02,-8.515078099904));
#7891 = CARTESIAN_POINT('',(6.356852247509E-02,-8.516707533115));
#7892 = CARTESIAN_POINT('',(5.838112221361E-02,-8.517141194486));
#7893 = CARTESIAN_POINT('',(5.729135682237E-02,-8.517564800368));
#7894 = CARTESIAN_POINT('',(5.378321543875E-02,-8.517907529373));
#7895 = CARTESIAN_POINT('',(4.999999999868E-02,-8.517907529365));
#7896 = ( GEOMETRIC_REPRESENTATION_CONTEXT(2) 
PARAMETRIC_REPRESENTATION_CONTEXT() REPRESENTATION_CONTEXT('2D SPACE',''
  ) );
#7897 = PCURVE('',#7898,#7903);
#7898 = TOROIDAL_SURFACE('',#7899,53.,10.);
#7899 = AXIS2_PLACEMENT_3D('',#7900,#7901,#7902);
#7900 = CARTESIAN_POINT('',(-226.6199967142,-481.1829465263,
    87.994555821232));
#7901 = DIRECTION('',(1.008768357388E-16,0.965925826289,-0.258819045103)
  );
#7902 = DIRECTION('',(-1.,9.743954091442E-17,-2.610884629888E-17));
#7903 = DEFINITIONAL_REPRESENTATION('',(#7904),#7913);
#7904 = B_SPLINE_CURVE_WITH_KNOTS('',7,(#7905,#7906,#7907,#7908,#7909,
    #7910,#7911,#7912),.UNSPECIFIED.,.F.,.F.,(8,8),(0.,1.),
  .PIECEWISE_BEZIER_KNOTS.);
#7905 = CARTESIAN_POINT('',(3.141915621274,0.));
#7906 = CARTESIAN_POINT('',(3.141915621274,3.363843773576E-04));
#7907 = CARTESIAN_POINT('',(3.141852377985,5.276994411764E-04));
#7908 = CARTESIAN_POINT('',(3.141808026973,6.906428155712E-04));
#7909 = CARTESIAN_POINT('',(3.141725687282,7.340089582072E-04));
#7910 = CARTESIAN_POINT('',(3.141708389419,7.763695598575E-04));
#7911 = CARTESIAN_POINT('',(3.141652704632,8.106424747435E-04));
#7912 = CARTESIAN_POINT('',(3.14159265359,8.106424747405E-04));
#7913 = ( GEOMETRIC_REPRESENTATION_CONTEXT(2) 
PARAMETRIC_REPRESENTATION_CONTEXT() REPRESENTATION_CONTEXT('2D SPACE',''
  ) );
#7914 = ORIENTED_EDGE('',*,*,#7915,.F.);
#7915 = EDGE_CURVE('',#7916,#7873,#7918,.T.);
#7916 = VERTEX_POINT('',#7917);
#7917 = CARTESIAN_POINT('',(-163.62,-481.1625183423,88.039474011896));
#7918 = SURFACE_CURVE('',#7919,(#7923,#7930),.PCURVE_S1.);
#7919 = LINE('',#7920,#7921);
#7920 = CARTESIAN_POINT('',(-163.62,-451.4109261353,199.07392774756));
#7921 = VECTOR('',#7922,1.);
#7922 = DIRECTION('',(-2.940346835074E-17,-0.258819045103,
    -0.965925826289));
#7923 = PCURVE('',#3126,#7924);
#7924 = DEFINITIONAL_REPRESENTATION('',(#7925),#7929);
#7925 = LINE('',#7926,#7927);
#7926 = CARTESIAN_POINT('',(-114.9499999999,-8.517907529425));
#7927 = VECTOR('',#7928,1.);
#7928 = DIRECTION('',(1.,1.683068898099E-18));
#7929 = ( GEOMETRIC_REPRESENTATION_CONTEXT(2) 
PARAMETRIC_REPRESENTATION_CONTEXT() REPRESENTATION_CONTEXT('2D SPACE',''
  ) );
#7930 = PCURVE('',#5185,#7931);
#7931 = DEFINITIONAL_REPRESENTATION('',(#7932),#7935);
#7932 = B_SPLINE_CURVE_WITH_KNOTS('',1,(#7933,#7934),.UNSPECIFIED.,.F.,
  .F.,(2,2),(113.64485998429,115.0000006),.PIECEWISE_BEZIER_KNOTS.);
#7933 = CARTESIAN_POINT('',(7.067772828092,113.64485998429));
#7934 = CARTESIAN_POINT('',(7.067772828092,115.0000006));
#7935 = ( GEOMETRIC_REPRESENTATION_CONTEXT(2) 
PARAMETRIC_REPRESENTATION_CONTEXT() REPRESENTATION_CONTEXT('2D SPACE',''
  ) );
#7936 = ORIENTED_EDGE('',*,*,#7937,.T.);
#7937 = EDGE_CURVE('',#7916,#7938,#7940,.T.);
#7938 = VERTEX_POINT('',#7939);
#7939 = CARTESIAN_POINT('',(-163.62,-480.6968723879,87.914626908171));
#7940 = SURFACE_CURVE('',#7941,(#7945,#7952),.PCURVE_S1.);
#7941 = LINE('',#7942,#7943);
#7942 = CARTESIAN_POINT('',(-163.62,-489.3898422385,90.245350708689));
#7943 = VECTOR('',#7944,1.);
#7944 = DIRECTION('',(0.,0.965885549343,-0.258969313954));
#7945 = PCURVE('',#3126,#7946);
#7946 = DEFINITIONAL_REPRESENTATION('',(#7947),#7951);
#7947 = LINE('',#7948,#7949);
#7948 = CARTESIAN_POINT('',(0.,0.));
#7949 = VECTOR('',#7950,1.);
#7950 = DIRECTION('',(1.555730047711E-04,-0.999999987899));
#7951 = ( GEOMETRIC_REPRESENTATION_CONTEXT(2) 
PARAMETRIC_REPRESENTATION_CONTEXT() REPRESENTATION_CONTEXT('2D SPACE',''
  ) );
#7952 = PCURVE('',#7953,#7961);
#7953 = SURFACE_OF_LINEAR_EXTRUSION('',#7954,#7959);
#7954 = CIRCLE('',#7955,63.05);
#7955 = AXIS2_PLACEMENT_3D('',#7956,#7957,#7958);
#7956 = CARTESIAN_POINT('',(-226.67,-489.3898422385,90.245350708689));
#7957 = DIRECTION('',(-3.955148901533E-16,-0.965925826289,0.258819045103
    ));
#7958 = DIRECTION('',(-4.507804826392E-16,-0.258819045103,
    -0.965925826289));
#7959 = VECTOR('',#7960,1.);
#7960 = DIRECTION('',(-0.,-0.965885549343,0.258969313954));
#7961 = DEFINITIONAL_REPRESENTATION('',(#7962),#7966);
#7962 = LINE('',#7963,#7964);
#7963 = CARTESIAN_POINT('',(1.570796326795,0.));
#7964 = VECTOR('',#7965,1.);
#7965 = DIRECTION('',(0.,-1.));
#7966 = ( GEOMETRIC_REPRESENTATION_CONTEXT(2) 
PARAMETRIC_REPRESENTATION_CONTEXT() REPRESENTATION_CONTEXT('2D SPACE',''
  ) );
#7967 = ORIENTED_EDGE('',*,*,#7968,.T.);
#7968 = EDGE_CURVE('',#7938,#7969,#7971,.T.);
#7969 = VERTEX_POINT('',#7970);
#7970 = CARTESIAN_POINT('',(-163.62,-484.0744609265,75.309294875099));
#7971 = SURFACE_CURVE('',#7972,(#7976,#7983),.PCURVE_S1.);
#7972 = LINE('',#7973,#7974);
#7973 = CARTESIAN_POINT('',(-163.62,-480.6968723879,87.914626908171));
#7974 = VECTOR('',#7975,1.);
#7975 = DIRECTION('',(0.,-0.258819045103,-0.965925826289));
#7976 = PCURVE('',#3126,#7977);
#7977 = DEFINITIONAL_REPRESENTATION('',(#7978),#7982);
#7978 = LINE('',#7979,#7980);
#7979 = CARTESIAN_POINT('',(1.400157025318E-03,-8.999999794295));
#7980 = VECTOR('',#7981,1.);
#7981 = DIRECTION('',(1.,1.683068898099E-18));
#7982 = ( GEOMETRIC_REPRESENTATION_CONTEXT(2) 
PARAMETRIC_REPRESENTATION_CONTEXT() REPRESENTATION_CONTEXT('2D SPACE',''
  ) );
#7983 = PCURVE('',#6940,#7984);
#7984 = DEFINITIONAL_REPRESENTATION('',(#7985),#7989);
#7985 = LINE('',#7986,#7987);
#7986 = CARTESIAN_POINT('',(43.760308159811,19.2896918401));
#7987 = VECTOR('',#7988,1.);
#7988 = DIRECTION('',(-1.,2.515479607924E-32));
#7989 = ( GEOMETRIC_REPRESENTATION_CONTEXT(2) 
PARAMETRIC_REPRESENTATION_CONTEXT() REPRESENTATION_CONTEXT('2D SPACE',''
  ) );
#7990 = ORIENTED_EDGE('',*,*,#7991,.F.);
#7991 = EDGE_CURVE('',#7788,#7969,#7992,.T.);
#7992 = SURFACE_CURVE('',#7993,(#7997,#8004),.PCURVE_S1.);
#7993 = LINE('',#7994,#7995);
#7994 = CARTESIAN_POINT('',(-163.62,-492.7674307771,77.640018675616));
#7995 = VECTOR('',#7996,1.);
#7996 = DIRECTION('',(0.,0.965885549343,-0.258969313954));
#7997 = PCURVE('',#3126,#7998);
#7998 = DEFINITIONAL_REPRESENTATION('',(#7999),#8003);
#7999 = LINE('',#8000,#8001);
#8000 = CARTESIAN_POINT('',(13.050000000004,5.230341733743E-12));
#8001 = VECTOR('',#8002,1.);
#8002 = DIRECTION('',(1.555730047711E-04,-0.999999987899));
#8003 = ( GEOMETRIC_REPRESENTATION_CONTEXT(2) 
PARAMETRIC_REPRESENTATION_CONTEXT() REPRESENTATION_CONTEXT('2D SPACE',''
  ) );
#8004 = PCURVE('',#8005,#8013);
#8005 = SURFACE_OF_LINEAR_EXTRUSION('',#8006,#8011);
#8006 = CIRCLE('',#8007,50.);
#8007 = AXIS2_PLACEMENT_3D('',#8008,#8009,#8010);
#8008 = CARTESIAN_POINT('',(-213.62,-492.7674307771,77.640018675616));
#8009 = DIRECTION('',(7.543403487371E-16,-0.965925826289,0.258819045103)
  );
#8010 = DIRECTION('',(2.80755730064E-31,-0.258819045103,-0.965925826289)
  );
#8011 = VECTOR('',#8012,1.);
#8012 = DIRECTION('',(-0.,-0.965885549343,0.258969313954));
#8013 = DEFINITIONAL_REPRESENTATION('',(#8014),#8018);
#8014 = LINE('',#8015,#8016);
#8015 = CARTESIAN_POINT('',(1.570796326795,0.));
#8016 = VECTOR('',#8017,1.);
#8017 = DIRECTION('',(0.,-1.));
#8018 = ( GEOMETRIC_REPRESENTATION_CONTEXT(2) 
PARAMETRIC_REPRESENTATION_CONTEXT() REPRESENTATION_CONTEXT('2D SPACE',''
  ) );
#8019 = ADVANCED_FACE('',(#8020),#3153,.T.);
#8020 = FACE_BOUND('',#8021,.T.);
#8021 = EDGE_LOOP('',(#8022,#8044,#8045));
#8022 = ORIENTED_EDGE('',*,*,#8023,.T.);
#8023 = EDGE_CURVE('',#7813,#2912,#8024,.T.);
#8024 = SURFACE_CURVE('',#8025,(#8030,#8037),.PCURVE_S1.);
#8025 = CIRCLE('',#8026,63.);
#8026 = AXIS2_PLACEMENT_3D('',#8027,#8028,#8029);
#8027 = CARTESIAN_POINT('',(-226.6199967142,-488.9103531366,
    90.065108182052));
#8028 = DIRECTION('',(-1.122153429892E-16,-0.965925826289,0.258819045103
    ));
#8029 = DIRECTION('',(0.707106781187,-0.183012701892,-0.683012701892));
#8030 = PCURVE('',#3153,#8031);
#8031 = DEFINITIONAL_REPRESENTATION('',(#8032),#8036);
#8032 = LINE('',#8033,#8034);
#8033 = CARTESIAN_POINT('',(5.497787143783,0.));
#8034 = VECTOR('',#8035,1.);
#8035 = DIRECTION('',(1.,0.));
#8036 = ( GEOMETRIC_REPRESENTATION_CONTEXT(2) 
PARAMETRIC_REPRESENTATION_CONTEXT() REPRESENTATION_CONTEXT('2D SPACE',''
  ) );
#8037 = PCURVE('',#7284,#8038);
#8038 = DEFINITIONAL_REPRESENTATION('',(#8039),#8043);
#8039 = LINE('',#8040,#8041);
#8040 = CARTESIAN_POINT('',(5.497787143783,17.999999999997));
#8041 = VECTOR('',#8042,1.);
#8042 = DIRECTION('',(1.,0.));
#8043 = ( GEOMETRIC_REPRESENTATION_CONTEXT(2) 
PARAMETRIC_REPRESENTATION_CONTEXT() REPRESENTATION_CONTEXT('2D SPACE',''
  ) );
#8044 = ORIENTED_EDGE('',*,*,#3138,.T.);
#8045 = ORIENTED_EDGE('',*,*,#7812,.F.);
#8046 = ADVANCED_FACE('',(#8047),#3951,.T.);
#8047 = FACE_BOUND('',#8048,.T.);
#8048 = EDGE_LOOP('',(#8049,#8050,#8069,#8070));
#8049 = ORIENTED_EDGE('',*,*,#3889,.F.);
#8050 = ORIENTED_EDGE('',*,*,#8051,.T.);
#8051 = EDGE_CURVE('',#3861,#4065,#8052,.T.);
#8052 = SURFACE_CURVE('',#8053,(#8057,#8063),.PCURVE_S1.);
#8053 = LINE('',#8054,#8055);
#8054 = CARTESIAN_POINT('',(-391.6199967142,-354.0230335869,595.31201));
#8055 = VECTOR('',#8056,1.);
#8056 = DIRECTION('',(-1.,1.224646799147E-16,6.728624391668E-17));
#8057 = PCURVE('',#3951,#8058);
#8058 = DEFINITIONAL_REPRESENTATION('',(#8059),#8062);
#8059 = B_SPLINE_CURVE_WITH_KNOTS('',1,(#8060,#8061),.UNSPECIFIED.,.F.,
  .F.,(2,2),(-165.0000006,495.0000006),.PIECEWISE_BEZIER_KNOTS.);
#8060 = CARTESIAN_POINT('',(743.0000039858,172.67528140094));
#8061 = CARTESIAN_POINT('',(83.0000027858,172.67528140094));
#8062 = ( GEOMETRIC_REPRESENTATION_CONTEXT(2) 
PARAMETRIC_REPRESENTATION_CONTEXT() REPRESENTATION_CONTEXT('2D SPACE',''
  ) );
#8063 = PCURVE('',#3877,#8064);
#8064 = DEFINITIONAL_REPRESENTATION('',(#8065),#8068);
#8065 = B_SPLINE_CURVE_WITH_KNOTS('',1,(#8066,#8067),.UNSPECIFIED.,.F.,
  .F.,(2,2),(-165.0000006,495.0000006),.PIECEWISE_BEZIER_KNOTS.);
#8066 = CARTESIAN_POINT('',(6.828084219001,-165.0000006));
#8067 = CARTESIAN_POINT('',(6.828084219001,495.0000006));
#8068 = ( GEOMETRIC_REPRESENTATION_CONTEXT(2) 
PARAMETRIC_REPRESENTATION_CONTEXT() REPRESENTATION_CONTEXT('2D SPACE',''
  ) );
#8069 = ORIENTED_EDGE('',*,*,#4064,.F.);
#8070 = ORIENTED_EDGE('',*,*,#4014,.F.);
#8071 = ADVANCED_FACE('',(#8072),#3877,.T.);
#8072 = FACE_BOUND('',#8073,.T.);
#8073 = EDGE_LOOP('',(#8074,#8105,#8133,#8162,#8182,#8183,#8184,#8185,
    #8186,#8187));
#8074 = ORIENTED_EDGE('',*,*,#8075,.F.);
#8075 = EDGE_CURVE('',#8076,#8078,#8080,.T.);
#8076 = VERTEX_POINT('',#8077);
#8077 = CARTESIAN_POINT('',(-226.6199967142,-353.547992548,
    595.24431533123));
#8078 = VERTEX_POINT('',#8079);
#8079 = CARTESIAN_POINT('',(-226.6199967142,-353.5645840439,
    595.24868482054));
#8080 = SURFACE_CURVE('',#8081,(#8086,#8093),.PCURVE_S1.);
#8081 = CIRCLE('',#8082,2.);
#8082 = AXIS2_PLACEMENT_3D('',#8083,#8084,#8085);
#8083 = CARTESIAN_POINT('',(-226.6199967142,-354.0656306382,
    593.31246367865));
#8084 = DIRECTION('',(1.,-1.050497185157E-16,-2.292723163573E-18));
#8085 = DIRECTION('',(2.94034683508E-17,0.258819045103,0.965925826289));
#8086 = PCURVE('',#3877,#8087);
#8087 = DEFINITIONAL_REPRESENTATION('',(#8088),#8092);
#8088 = LINE('',#8089,#8090);
#8089 = CARTESIAN_POINT('',(7.068583470577,-165.));
#8090 = VECTOR('',#8091,1.);
#8091 = DIRECTION('',(-1.,0.));
#8092 = ( GEOMETRIC_REPRESENTATION_CONTEXT(2) 
PARAMETRIC_REPRESENTATION_CONTEXT() REPRESENTATION_CONTEXT('2D SPACE',''
  ) );
#8093 = PCURVE('',#8094,#8099);
#8094 = TOROIDAL_SURFACE('',#8095,61.,2.);
#8095 = AXIS2_PLACEMENT_3D('',#8096,#8097,#8098);
#8096 = CARTESIAN_POINT('',(-226.6199967142,-369.8535923895,
    534.39098827502));
#8097 = DIRECTION('',(-1.008768357388E-16,-0.965925826289,0.258819045103
    ));
#8098 = DIRECTION('',(1.,-9.743954091442E-17,2.610884629888E-17));
#8099 = DEFINITIONAL_REPRESENTATION('',(#8100),#8104);
#8100 = LINE('',#8101,#8102);
#8101 = CARTESIAN_POINT('',(1.570796326795,0.));
#8102 = VECTOR('',#8103,1.);
#8103 = DIRECTION('',(0.,1.));
#8104 = ( GEOMETRIC_REPRESENTATION_CONTEXT(2) 
PARAMETRIC_REPRESENTATION_CONTEXT() REPRESENTATION_CONTEXT('2D SPACE',''
  ) );
#8105 = ORIENTED_EDGE('',*,*,#8106,.T.);
#8106 = EDGE_CURVE('',#8076,#8107,#8109,.T.);
#8107 = VERTEX_POINT('',#8108);
#8108 = CARTESIAN_POINT('',(-886.6199967142,-353.547992548,
    595.24431533123));
#8109 = SURFACE_CURVE('',#8110,(#8114,#8121),.PCURVE_S1.);
#8110 = LINE('',#8111,#8112);
#8111 = CARTESIAN_POINT('',(-391.6199967142,-353.547992548,
    595.24431533123));
#8112 = VECTOR('',#8113,1.);
#8113 = DIRECTION('',(-1.,1.224646799147E-16,6.728624391668E-17));
#8114 = PCURVE('',#3877,#8115);
#8115 = DEFINITIONAL_REPRESENTATION('',(#8116),#8120);
#8116 = LINE('',#8117,#8118);
#8117 = CARTESIAN_POINT('',(7.068583470577,-2.84217094304E-14));
#8118 = VECTOR('',#8119,1.);
#8119 = DIRECTION('',(3.04470253723E-17,1.));
#8120 = ( GEOMETRIC_REPRESENTATION_CONTEXT(2) 
PARAMETRIC_REPRESENTATION_CONTEXT() REPRESENTATION_CONTEXT('2D SPACE',''
  ) );
#8121 = PCURVE('',#8122,#8127);
#8122 = PLANE('',#8123);
#8123 = AXIS2_PLACEMENT_3D('',#8124,#8125,#8126);
#8124 = CARTESIAN_POINT('',(-226.6199967142,-336.1613276748,
    590.58557251938));
#8125 = DIRECTION('',(9.668971226741E-17,0.258819045103,0.965925826289)
  );
#8126 = DIRECTION('',(-1.,1.224646799147E-16,6.728624391663E-17));
#8127 = DEFINITIONAL_REPRESENTATION('',(#8128),#8132);
#8128 = LINE('',#8129,#8130);
#8129 = CARTESIAN_POINT('',(165.,17.999999999998));
#8130 = VECTOR('',#8131,1.);
#8131 = DIRECTION('',(1.,2.122394096032E-32));
#8132 = ( GEOMETRIC_REPRESENTATION_CONTEXT(2) 
PARAMETRIC_REPRESENTATION_CONTEXT() REPRESENTATION_CONTEXT('2D SPACE',''
  ) );
#8133 = ORIENTED_EDGE('',*,*,#8134,.T.);
#8134 = EDGE_CURVE('',#8107,#8135,#8137,.T.);
#8135 = VERTEX_POINT('',#8136);
#8136 = CARTESIAN_POINT('',(-886.6199967142,-353.5645840439,
    595.24868482054));
#8137 = SURFACE_CURVE('',#8138,(#8143,#8150),.PCURVE_S1.);
#8138 = CIRCLE('',#8139,2.);
#8139 = AXIS2_PLACEMENT_3D('',#8140,#8141,#8142);
#8140 = CARTESIAN_POINT('',(-886.6199967142,-354.0656306382,
    593.31246367865));
#8141 = DIRECTION('',(1.,-1.050497185157E-16,-2.292723163573E-18));
#8142 = DIRECTION('',(2.94034683508E-17,0.258819045103,0.965925826289));
#8143 = PCURVE('',#3877,#8144);
#8144 = DEFINITIONAL_REPRESENTATION('',(#8145),#8149);
#8145 = LINE('',#8146,#8147);
#8146 = CARTESIAN_POINT('',(7.068583470577,495.));
#8147 = VECTOR('',#8148,1.);
#8148 = DIRECTION('',(-1.,0.));
#8149 = ( GEOMETRIC_REPRESENTATION_CONTEXT(2) 
PARAMETRIC_REPRESENTATION_CONTEXT() REPRESENTATION_CONTEXT('2D SPACE',''
  ) );
#8150 = PCURVE('',#8151,#8156);
#8151 = TOROIDAL_SURFACE('',#8152,61.,2.);
#8152 = AXIS2_PLACEMENT_3D('',#8153,#8154,#8155);
#8153 = CARTESIAN_POINT('',(-886.6199967142,-369.8535923895,
    534.39098827502));
#8154 = DIRECTION('',(-1.008768357388E-16,-0.965925826289,0.258819045103
    ));
#8155 = DIRECTION('',(1.,-9.743954091442E-17,2.610884629888E-17));
#8156 = DEFINITIONAL_REPRESENTATION('',(#8157),#8161);
#8157 = LINE('',#8158,#8159);
#8158 = CARTESIAN_POINT('',(1.570796326795,0.));
#8159 = VECTOR('',#8160,1.);
#8160 = DIRECTION('',(0.,1.));
#8161 = ( GEOMETRIC_REPRESENTATION_CONTEXT(2) 
PARAMETRIC_REPRESENTATION_CONTEXT() REPRESENTATION_CONTEXT('2D SPACE',''
  ) );
#8162 = ORIENTED_EDGE('',*,*,#8163,.F.);
#8163 = EDGE_CURVE('',#5694,#8135,#8164,.T.);
#8164 = SURFACE_CURVE('',#8165,(#8169,#8175),.PCURVE_S1.);
#8165 = LINE('',#8166,#8167);
#8166 = CARTESIAN_POINT('',(-391.6199967142,-353.5645840439,
    595.24868482054));
#8167 = VECTOR('',#8168,1.);
#8168 = DIRECTION('',(-1.,1.224646799147E-16,6.728624391668E-17));
#8169 = PCURVE('',#3877,#8170);
#8170 = DEFINITIONAL_REPRESENTATION('',(#8171),#8174);
#8171 = B_SPLINE_CURVE_WITH_KNOTS('',1,(#8172,#8173),.UNSPECIFIED.,.F.,
  .F.,(2,2),(493.6450032857,495.0000006),.PIECEWISE_BEZIER_KNOTS.);
#8172 = CARTESIAN_POINT('',(7.060004834657,493.6450032857));
#8173 = CARTESIAN_POINT('',(7.060004834657,495.0000006));
#8174 = ( GEOMETRIC_REPRESENTATION_CONTEXT(2) 
PARAMETRIC_REPRESENTATION_CONTEXT() REPRESENTATION_CONTEXT('2D SPACE',''
  ) );
#8175 = PCURVE('',#5709,#8176);
#8176 = DEFINITIONAL_REPRESENTATION('',(#8177),#8181);
#8177 = LINE('',#8178,#8179);
#8178 = CARTESIAN_POINT('',(558.0000032858,-0.473041850882));
#8179 = VECTOR('',#8180,1.);
#8180 = DIRECTION('',(-1.,-1.008617922089E-16));
#8181 = ( GEOMETRIC_REPRESENTATION_CONTEXT(2) 
PARAMETRIC_REPRESENTATION_CONTEXT() REPRESENTATION_CONTEXT('2D SPACE',''
  ) );
#8182 = ORIENTED_EDGE('',*,*,#5721,.F.);
#8183 = ORIENTED_EDGE('',*,*,#4168,.T.);
#8184 = ORIENTED_EDGE('',*,*,#8051,.F.);
#8185 = ORIENTED_EDGE('',*,*,#3860,.F.);
#8186 = ORIENTED_EDGE('',*,*,#7748,.T.);
#8187 = ORIENTED_EDGE('',*,*,#8188,.F.);
#8188 = EDGE_CURVE('',#8078,#7721,#8189,.T.);
#8189 = SURFACE_CURVE('',#8190,(#8194,#8200),.PCURVE_S1.);
#8190 = LINE('',#8191,#8192);
#8191 = CARTESIAN_POINT('',(-391.6199967142,-353.5645840439,
    595.24868482054));
#8192 = VECTOR('',#8193,1.);
#8193 = DIRECTION('',(-1.,1.224646799147E-16,6.728624391668E-17));
#8194 = PCURVE('',#3877,#8195);
#8195 = DEFINITIONAL_REPRESENTATION('',(#8196),#8199);
#8196 = B_SPLINE_CURVE_WITH_KNOTS('',1,(#8197,#8198),.UNSPECIFIED.,.F.,
  .F.,(2,2),(-165.0000006,-163.6449967142),.PIECEWISE_BEZIER_KNOTS.);
#8197 = CARTESIAN_POINT('',(7.060004834657,-165.0000006));
#8198 = CARTESIAN_POINT('',(7.060004834657,-163.6449967142));
#8199 = ( GEOMETRIC_REPRESENTATION_CONTEXT(2) 
PARAMETRIC_REPRESENTATION_CONTEXT() REPRESENTATION_CONTEXT('2D SPACE',''
  ) );
#8200 = PCURVE('',#7736,#8201);
#8201 = DEFINITIONAL_REPRESENTATION('',(#8202),#8206);
#8202 = LINE('',#8203,#8204);
#8203 = CARTESIAN_POINT('',(227.9999967142,-0.473041850882));
#8204 = VECTOR('',#8205,1.);
#8205 = DIRECTION('',(1.,-1.008617922089E-16));
#8206 = ( GEOMETRIC_REPRESENTATION_CONTEXT(2) 
PARAMETRIC_REPRESENTATION_CONTEXT() REPRESENTATION_CONTEXT('2D SPACE',''
  ) );
#8207 = ADVANCED_FACE('',(#8208),#4926,.F.);
#8208 = FACE_BOUND('',#8209,.F.);
#8209 = EDGE_LOOP('',(#8210,#8233,#8255,#8256));
#8210 = ORIENTED_EDGE('',*,*,#8211,.F.);
#8211 = EDGE_CURVE('',#8212,#4886,#8214,.T.);
#8212 = VERTEX_POINT('',#8213);
#8213 = CARTESIAN_POINT('',(-936.6199967142,-473.455539916,
    85.924003460412));
#8214 = SURFACE_CURVE('',#8215,(#8219,#8226),.PCURVE_S1.);
#8215 = LINE('',#8216,#8217);
#8216 = CARTESIAN_POINT('',(-936.6199967142,-471.5236882634,
    85.406365370207));
#8217 = VECTOR('',#8218,1.);
#8218 = DIRECTION('',(-1.008768357388E-16,-0.965925826289,0.258819045103
    ));
#8219 = PCURVE('',#4926,#8220);
#8220 = DEFINITIONAL_REPRESENTATION('',(#8221),#8225);
#8221 = LINE('',#8222,#8223);
#8222 = CARTESIAN_POINT('',(4.712388980385,6.883382752676E-14));
#8223 = VECTOR('',#8224,1.);
#8224 = DIRECTION('',(0.,1.));
#8225 = ( GEOMETRIC_REPRESENTATION_CONTEXT(2) 
PARAMETRIC_REPRESENTATION_CONTEXT() REPRESENTATION_CONTEXT('2D SPACE',''
  ) );
#8226 = PCURVE('',#4981,#8227);
#8227 = DEFINITIONAL_REPRESENTATION('',(#8228),#8232);
#8228 = LINE('',#8229,#8230);
#8229 = CARTESIAN_POINT('',(0.,0.));
#8230 = VECTOR('',#8231,1.);
#8231 = DIRECTION('',(-1.683068898099E-18,1.));
#8232 = ( GEOMETRIC_REPRESENTATION_CONTEXT(2) 
PARAMETRIC_REPRESENTATION_CONTEXT() REPRESENTATION_CONTEXT('2D SPACE',''
  ) );
#8233 = ORIENTED_EDGE('',*,*,#8234,.T.);
#8234 = EDGE_CURVE('',#8212,#5575,#8235,.T.);
#8235 = SURFACE_CURVE('',#8236,(#8241,#8248),.PCURVE_S1.);
#8236 = CIRCLE('',#8237,50.);
#8237 = AXIS2_PLACEMENT_3D('',#8238,#8239,#8240);
#8238 = CARTESIAN_POINT('',(-886.6199967142,-473.455539916,
    85.924003460412));
#8239 = DIRECTION('',(-9.35940129424E-17,-0.965925826289,0.258819045103)
  );
#8240 = DIRECTION('',(-0.707106781187,-0.183012701892,-0.683012701892));
#8241 = PCURVE('',#4926,#8242);
#8242 = DEFINITIONAL_REPRESENTATION('',(#8243),#8247);
#8243 = LINE('',#8244,#8245);
#8244 = CARTESIAN_POINT('',(-0.785398163397,2.));
#8245 = VECTOR('',#8246,1.);
#8246 = DIRECTION('',(1.,0.));
#8247 = ( GEOMETRIC_REPRESENTATION_CONTEXT(2) 
PARAMETRIC_REPRESENTATION_CONTEXT() REPRESENTATION_CONTEXT('2D SPACE',''
  ) );
#8248 = PCURVE('',#5427,#8249);
#8249 = DEFINITIONAL_REPRESENTATION('',(#8250),#8254);
#8250 = LINE('',#8251,#8252);
#8251 = CARTESIAN_POINT('',(-2.356194490192,3.14159265359));
#8252 = VECTOR('',#8253,1.);
#8253 = DIRECTION('',(1.,-8.481479150569E-16));
#8254 = ( GEOMETRIC_REPRESENTATION_CONTEXT(2) 
PARAMETRIC_REPRESENTATION_CONTEXT() REPRESENTATION_CONTEXT('2D SPACE',''
  ) );
#8255 = ORIENTED_EDGE('',*,*,#5597,.T.);
#8256 = ORIENTED_EDGE('',*,*,#4911,.T.);
#8257 = ADVANCED_FACE('',(#8258),#4981,.T.);
#8258 = FACE_BOUND('',#8259,.T.);
#8259 = EDGE_LOOP('',(#8260,#8261,#8262,#8285));
#8260 = ORIENTED_EDGE('',*,*,#4967,.F.);
#8261 = ORIENTED_EDGE('',*,*,#8211,.F.);
#8262 = ORIENTED_EDGE('',*,*,#8263,.F.);
#8263 = EDGE_CURVE('',#8264,#8212,#8266,.T.);
#8264 = VERTEX_POINT('',#8265);
#8265 = CARTESIAN_POINT('',(-936.6199967142,-354.3987791689,
    530.24988355338));
#8266 = SURFACE_CURVE('',#8267,(#8271,#8278),.PCURVE_S1.);
#8267 = LINE('',#8268,#8269);
#8268 = CARTESIAN_POINT('',(-936.6199967142,-443.6913497292,
    197.00547348365));
#8269 = VECTOR('',#8270,1.);
#8270 = DIRECTION('',(6.713766422536E-17,-0.258819045103,-0.965925826289
    ));
#8271 = PCURVE('',#4981,#8272);
#8272 = DEFINITIONAL_REPRESENTATION('',(#8273),#8277);
#8273 = LINE('',#8274,#8275);
#8274 = CARTESIAN_POINT('',(114.99999999999,2.000000000065));
#8275 = VECTOR('',#8276,1.);
#8276 = DIRECTION('',(-1.,1.683068898099E-18));
#8277 = ( GEOMETRIC_REPRESENTATION_CONTEXT(2) 
PARAMETRIC_REPRESENTATION_CONTEXT() REPRESENTATION_CONTEXT('2D SPACE',''
  ) );
#8278 = PCURVE('',#5398,#8279);
#8279 = DEFINITIONAL_REPRESENTATION('',(#8280),#8284);
#8280 = LINE('',#8281,#8282);
#8281 = CARTESIAN_POINT('',(7.068583470577,0.));
#8282 = VECTOR('',#8283,1.);
#8283 = DIRECTION('',(4.440892098501E-17,1.));
#8284 = ( GEOMETRIC_REPRESENTATION_CONTEXT(2) 
PARAMETRIC_REPRESENTATION_CONTEXT() REPRESENTATION_CONTEXT('2D SPACE',''
  ) );
#8285 = ORIENTED_EDGE('',*,*,#8286,.T.);
#8286 = EDGE_CURVE('',#8264,#4942,#8287,.T.);
#8287 = SURFACE_CURVE('',#8288,(#8292,#8299),.PCURVE_S1.);
#8288 = LINE('',#8289,#8290);
#8289 = CARTESIAN_POINT('',(-936.6199967142,-352.4669275163,
    529.73224546317));
#8290 = VECTOR('',#8291,1.);
#8291 = DIRECTION('',(-1.008768357388E-16,-0.965925826289,0.258819045103
    ));
#8292 = PCURVE('',#4981,#8293);
#8293 = DEFINITIONAL_REPRESENTATION('',(#8294),#8298);
#8294 = LINE('',#8295,#8296);
#8295 = CARTESIAN_POINT('',(459.99999999997,2.764343655027E-10));
#8296 = VECTOR('',#8297,1.);
#8297 = DIRECTION('',(-1.683068898099E-18,1.));
#8298 = ( GEOMETRIC_REPRESENTATION_CONTEXT(2) 
PARAMETRIC_REPRESENTATION_CONTEXT() REPRESENTATION_CONTEXT('2D SPACE',''
  ) );
#8299 = PCURVE('',#5014,#8300);
#8300 = DEFINITIONAL_REPRESENTATION('',(#8301),#8305);
#8301 = LINE('',#8302,#8303);
#8302 = CARTESIAN_POINT('',(6.28318530718,-3.752553823233E-14));
#8303 = VECTOR('',#8304,1.);
#8304 = DIRECTION('',(0.,1.));
#8305 = ( GEOMETRIC_REPRESENTATION_CONTEXT(2) 
PARAMETRIC_REPRESENTATION_CONTEXT() REPRESENTATION_CONTEXT('2D SPACE',''
  ) );
#8306 = ADVANCED_FACE('',(#8307),#5014,.F.);
#8307 = FACE_BOUND('',#8308,.F.);
#8308 = EDGE_LOOP('',(#8309,#8310,#8332,#8333));
#8309 = ORIENTED_EDGE('',*,*,#5030,.F.);
#8310 = ORIENTED_EDGE('',*,*,#8311,.T.);
#8311 = EDGE_CURVE('',#5031,#8264,#8312,.T.);
#8312 = SURFACE_CURVE('',#8313,(#8318,#8325),.PCURVE_S1.);
#8313 = CIRCLE('',#8314,50.);
#8314 = AXIS2_PLACEMENT_3D('',#8315,#8316,#8317);
#8315 = CARTESIAN_POINT('',(-886.6199967142,-354.3987791689,
    530.24988355338));
#8316 = DIRECTION('',(-1.122153429892E-16,-0.965925826289,0.258819045103
    ));
#8317 = DIRECTION('',(-0.707106781187,0.183012701892,0.683012701892));
#8318 = PCURVE('',#5014,#8319);
#8319 = DEFINITIONAL_REPRESENTATION('',(#8320),#8324);
#8320 = LINE('',#8321,#8322);
#8321 = CARTESIAN_POINT('',(-0.785398163397,2.));
#8322 = VECTOR('',#8323,1.);
#8323 = DIRECTION('',(1.,0.));
#8324 = ( GEOMETRIC_REPRESENTATION_CONTEXT(2) 
PARAMETRIC_REPRESENTATION_CONTEXT() REPRESENTATION_CONTEXT('2D SPACE',''
  ) );
#8325 = PCURVE('',#5529,#8326);
#8326 = DEFINITIONAL_REPRESENTATION('',(#8327),#8331);
#8327 = LINE('',#8328,#8329);
#8328 = CARTESIAN_POINT('',(-3.926990816987,3.14159265359));
#8329 = VECTOR('',#8330,1.);
#8330 = DIRECTION('',(1.,-1.130863886743E-15));
#8331 = ( GEOMETRIC_REPRESENTATION_CONTEXT(2) 
PARAMETRIC_REPRESENTATION_CONTEXT() REPRESENTATION_CONTEXT('2D SPACE',''
  ) );
#8332 = ORIENTED_EDGE('',*,*,#8286,.T.);
#8333 = ORIENTED_EDGE('',*,*,#4999,.T.);
#8334 = ADVANCED_FACE('',(#8335),#5067,.T.);
#8335 = FACE_BOUND('',#8336,.T.);
#8336 = EDGE_LOOP('',(#8337,#8359,#8360,#8361));
#8337 = ORIENTED_EDGE('',*,*,#8338,.T.);
#8338 = EDGE_CURVE('',#5031,#5492,#8339,.T.);
#8339 = SURFACE_CURVE('',#8340,(#8345,#8352),.PCURVE_S1.);
#8340 = CIRCLE('',#8341,2.);
#8341 = AXIS2_PLACEMENT_3D('',#8342,#8343,#8344);
#8342 = CARTESIAN_POINT('',(-886.6199967142,-340.9401888235,
    580.47802652041));
#8343 = DIRECTION('',(1.,-1.050497185157E-16,-2.292723163573E-18));
#8344 = DIRECTION('',(-2.94034683508E-17,-0.258819045103,-0.965925826289
    ));
#8345 = PCURVE('',#5067,#8346);
#8346 = DEFINITIONAL_REPRESENTATION('',(#8347),#8351);
#8347 = LINE('',#8348,#8349);
#8348 = CARTESIAN_POINT('',(7.068583470577,165.));
#8349 = VECTOR('',#8350,1.);
#8350 = DIRECTION('',(-1.,0.));
#8351 = ( GEOMETRIC_REPRESENTATION_CONTEXT(2) 
PARAMETRIC_REPRESENTATION_CONTEXT() REPRESENTATION_CONTEXT('2D SPACE',''
  ) );
#8352 = PCURVE('',#5529,#8353);
#8353 = DEFINITIONAL_REPRESENTATION('',(#8354),#8358);
#8354 = LINE('',#8355,#8356);
#8355 = CARTESIAN_POINT('',(1.570796326795,3.14159265359));
#8356 = VECTOR('',#8357,1.);
#8357 = DIRECTION('',(0.,1.));
#8358 = ( GEOMETRIC_REPRESENTATION_CONTEXT(2) 
PARAMETRIC_REPRESENTATION_CONTEXT() REPRESENTATION_CONTEXT('2D SPACE',''
  ) );
#8359 = ORIENTED_EDGE('',*,*,#5491,.T.);
#8360 = ORIENTED_EDGE('',*,*,#5083,.F.);
#8361 = ORIENTED_EDGE('',*,*,#5053,.T.);
#8362 = ADVANCED_FACE('',(#8363),#5157,.T.);
#8363 = FACE_BOUND('',#8364,.T.);
#8364 = EDGE_LOOP('',(#8365,#8366,#8390,#8490,#8518,#8727));
#8365 = ORIENTED_EDGE('',*,*,#5134,.T.);
#8366 = ORIENTED_EDGE('',*,*,#8367,.T.);
#8367 = EDGE_CURVE('',#5137,#8368,#8370,.T.);
#8368 = VERTEX_POINT('',#8369);
#8369 = CARTESIAN_POINT('',(-226.6199967142,-345.6612666026,
    593.12965889116));
#8370 = SURFACE_CURVE('',#8371,(#8376,#8383),.PCURVE_S1.);
#8371 = CIRCLE('',#8372,10.);
#8372 = AXIS2_PLACEMENT_3D('',#8373,#8374,#8375);
#8373 = CARTESIAN_POINT('',(-226.6199967142,-348.4087763887,
    583.51450470752));
#8374 = DIRECTION('',(1.,-1.050497185157E-16,-2.292723163573E-18));
#8375 = DIRECTION('',(1.008768357388E-16,0.965925826289,-0.258819045103)
  );
#8376 = PCURVE('',#5157,#8377);
#8377 = DEFINITIONAL_REPRESENTATION('',(#8378),#8382);
#8378 = LINE('',#8379,#8380);
#8379 = CARTESIAN_POINT('',(1.570796326795,1.570796326795));
#8380 = VECTOR('',#8381,1.);
#8381 = DIRECTION('',(-1.413579858428E-16,-1.));
#8382 = ( GEOMETRIC_REPRESENTATION_CONTEXT(2) 
PARAMETRIC_REPRESENTATION_CONTEXT() REPRESENTATION_CONTEXT('2D SPACE',''
  ) );
#8383 = PCURVE('',#5366,#8384);
#8384 = DEFINITIONAL_REPRESENTATION('',(#8385),#8389);
#8385 = LINE('',#8386,#8387);
#8386 = CARTESIAN_POINT('',(-0.785398163397,165.));
#8387 = VECTOR('',#8388,1.);
#8388 = DIRECTION('',(1.,0.));
#8389 = ( GEOMETRIC_REPRESENTATION_CONTEXT(2) 
PARAMETRIC_REPRESENTATION_CONTEXT() REPRESENTATION_CONTEXT('2D SPACE',''
  ) );
#8390 = ORIENTED_EDGE('',*,*,#8391,.F.);
#8391 = EDGE_CURVE('',#8392,#8368,#8394,.T.);
#8392 = VERTEX_POINT('',#8393);
#8393 = CARTESIAN_POINT('',(-209.6100880598,-345.9372295334,
    590.76872377001));
#8394 = SURFACE_CURVE('',#8395,(#8422,#8452),.PCURVE_S1.);
#8395 = B_SPLINE_CURVE_WITH_KNOTS('',7,(#8396,#8397,#8398,#8399,#8400,
    #8401,#8402,#8403,#8404,#8405,#8406,#8407,#8408,#8409,#8410,#8411,
    #8412,#8413,#8414,#8415,#8416,#8417,#8418,#8419,#8420,#8421),
  .UNSPECIFIED.,.F.,.F.,(8,6,6,6,8),(0.,0.503699363767,0.751849178954,
    0.875721525631,1.),.UNSPECIFIED.);
#8396 = CARTESIAN_POINT('',(-209.610033963,-345.9372328891,
    590.76870892818));
#8397 = CARTESIAN_POINT('',(-210.8037139817,-345.8631871407,
    591.09620445926));
#8398 = CARTESIAN_POINT('',(-212.0050711725,-345.7971608138,
    591.39748971441));
#8399 = CARTESIAN_POINT('',(-213.2133475444,-345.7393035568,
    591.67238614269));
#8400 = CARTESIAN_POINT('',(-214.4277770758,-345.6897801945,
    591.92074637451));
#8401 = CARTESIAN_POINT('',(-215.6475845502,-345.6488053206,
    592.14246362654));
#8402 = CARTESIAN_POINT('',(-216.8719859809,-345.6166295234,
    592.33746850038));
#8403 = CARTESIAN_POINT('',(-218.7052596867,-345.5824308687,
    592.58869709526));
#8404 = CARTESIAN_POINT('',(-219.3112569439,-345.5733924555,
    592.66513666044));
#8405 = CARTESIAN_POINT('',(-219.9180799641,-345.5666573485,
    592.7350990047));
#8406 = CARTESIAN_POINT('',(-220.525632002,-345.5622979997,
    592.79859239591));
#8407 = CARTESIAN_POINT('',(-221.1338144406,-345.5604006168,
    592.85563045547));
#8408 = CARTESIAN_POINT('',(-221.7425258536,-345.5610860822,
    592.90623797275));
#8409 = CARTESIAN_POINT('',(-222.6557297007,-345.5662883167,
    592.97254026851));
#8410 = CARTESIAN_POINT('',(-222.9599044023,-345.5687145392,
    592.99302670646));
#8411 = CARTESIAN_POINT('',(-223.2641709726,-345.5718598814,
    593.0119289525));
#8412 = CARTESIAN_POINT('',(-223.5685155077,-345.5757559975,
    593.02925493342));
#8413 = CARTESIAN_POINT('',(-223.8729232409,-345.5804411496,
    593.04501447637));
#8414 = CARTESIAN_POINT('',(-224.1773781889,-345.585966264,
    593.05922098173));
#8415 = CARTESIAN_POINT('',(-224.7873449671,-345.5988688571,
    593.08461002431));
#8416 = CARTESIAN_POINT('',(-225.0928510581,-345.6062515758,
    593.09578206938));
#8417 = CARTESIAN_POINT('',(-225.3983688339,-345.6146371874,
    593.10543323205));
#8418 = CARTESIAN_POINT('',(-225.7038805652,-345.6241124856,
    593.11358689705));
#8419 = CARTESIAN_POINT('',(-226.0093536876,-345.634861956,
    593.12029301025));
#8420 = CARTESIAN_POINT('',(-226.3147517384,-345.647051934,
    593.12559707993));
#8421 = CARTESIAN_POINT('',(-226.6199967142,-345.6612666027,
    593.12965889117));
#8422 = PCURVE('',#5157,#8423);
#8423 = DEFINITIONAL_REPRESENTATION('',(#8424),#8451);
#8424 = B_SPLINE_CURVE_WITH_KNOTS('',7,(#8425,#8426,#8427,#8428,#8429,
    #8430,#8431,#8432,#8433,#8434,#8435,#8436,#8437,#8438,#8439,#8440,
    #8441,#8442,#8443,#8444,#8445,#8446,#8447,#8448,#8449,#8450),
  .UNSPECIFIED.,.F.,.F.,(8,6,6,6,8),(0.,0.503699363767,0.751849178954,
    0.875721525631,1.),.UNSPECIFIED.);
#8425 = CARTESIAN_POINT('',(1.844246634435,5.100225731584E-02));
#8426 = CARTESIAN_POINT('',(1.82456110471,4.967659552309E-02));
#8427 = CARTESIAN_POINT('',(1.804876158481,4.825466836685E-02));
#8428 = CARTESIAN_POINT('',(1.785191860642,4.672665273617E-02));
#8429 = CARTESIAN_POINT('',(1.765508302343,4.508045487006E-02));
#8430 = CARTESIAN_POINT('',(1.745825605986,4.329812381566E-02));
#8431 = CARTESIAN_POINT('',(1.726143971056,4.135726734436E-02));
#8432 = CARTESIAN_POINT('',(1.696768217067,3.815586826467E-02));
#8433 = CARTESIAN_POINT('',(1.687073030251,3.704971118832E-02));
#8434 = CARTESIAN_POINT('',(1.677378232589,3.588873012484E-02));
#8435 = CARTESIAN_POINT('',(1.667683884794,3.466571555506E-02));
#8436 = CARTESIAN_POINT('',(1.657990074515,3.337199105175E-02));
#8437 = CARTESIAN_POINT('',(1.648296931768,3.199524231693E-02));
#8438 = CARTESIAN_POINT('',(1.633766440444,2.977568207912E-02));
#8439 = CARTESIAN_POINT('',(1.628928442113,2.901076229412E-02));
#8440 = CARTESIAN_POINT('',(1.624090690755,2.82173907616E-02));
#8441 = CARTESIAN_POINT('',(1.619253222729,2.739230539578E-02));
#8442 = CARTESIAN_POINT('',(1.614416088021,2.653155672496E-02));
#8443 = CARTESIAN_POINT('',(1.609579355893,2.562987965933E-02));
#8444 = CARTESIAN_POINT('',(1.599891040587,2.372588828104E-02));
#8445 = CARTESIAN_POINT('',(1.595039554923,2.272333946978E-02));
#8446 = CARTESIAN_POINT('',(1.590188671402,2.166329421922E-02));
#8447 = CARTESIAN_POINT('',(1.585338485275,2.05367648318E-02));
#8448 = CARTESIAN_POINT('',(1.580489327333,1.932464021074E-02));
#8449 = CARTESIAN_POINT('',(1.575641590229,1.800967752511E-02));
#8450 = CARTESIAN_POINT('',(1.570796326795,1.653131654991E-02));
#8451 = ( GEOMETRIC_REPRESENTATION_CONTEXT(2) 
PARAMETRIC_REPRESENTATION_CONTEXT() REPRESENTATION_CONTEXT('2D SPACE',''
  ) );
#8452 = PCURVE('',#8453,#8461);
#8453 = SURFACE_OF_LINEAR_EXTRUSION('',#8454,#8459);
#8454 = CIRCLE('',#8455,63.05);
#8455 = AXIS2_PLACEMENT_3D('',#8456,#8457,#8458);
#8456 = CARTESIAN_POINT('',(-226.67,-370.3400291256,534.46956479662));
#8457 = DIRECTION('',(-7.625248795272E-16,0.965925826289,-0.258819045103
    ));
#8458 = DIRECTION('',(9.015609652784E-16,0.258819045103,0.965925826289)
  );
#8459 = VECTOR('',#8460,1.);
#8460 = DIRECTION('',(-0.,-0.965885549343,0.258969313954));
#8461 = DEFINITIONAL_REPRESENTATION('',(#8462),#8489);
#8462 = B_SPLINE_CURVE_WITH_KNOTS('',7,(#8463,#8464,#8465,#8466,#8467,
    #8468,#8469,#8470,#8471,#8472,#8473,#8474,#8475,#8476,#8477,#8478,
    #8479,#8480,#8481,#8482,#8483,#8484,#8485,#8486,#8487,#8488),
  .UNSPECIFIED.,.F.,.F.,(8,6,6,6,8),(0.,0.503699363767,0.751849178954,
    0.875721525631,1.),.UNSPECIFIED.);
#8463 = CARTESIAN_POINT('',(0.27399375797,-9.000000503189));
#8464 = CARTESIAN_POINT('',(0.254327905122,-8.986761123122));
#8465 = CARTESIAN_POINT('',(0.234662387418,-8.972559295339));
#8466 = CARTESIAN_POINT('',(0.21499726232,-8.957296682858));
#8467 = CARTESIAN_POINT('',(0.195332599244,-8.94085221924));
#8468 = CARTESIAN_POINT('',(0.175668517963,-8.923046260505));
#8469 = CARTESIAN_POINT('',(0.156005199895,-8.903654718544));
#8470 = CARTESIAN_POINT('',(0.126656327005,-8.871665336883));
#8471 = CARTESIAN_POINT('',(0.116969937532,-8.860611758263));
#8472 = CARTESIAN_POINT('',(0.107283860962,-8.849009784775));
#8473 = CARTESIAN_POINT('',(9.759815658567E-02,-8.836787293263));
#8474 = CARTESIAN_POINT('',(8.791291061695E-02,-8.823857488203));
#8475 = CARTESIAN_POINT('',(7.822825161621E-02,-8.810097189969));
#8476 = CARTESIAN_POINT('',(6.371035593714E-02,-8.787911920224));
#8477 = CARTESIAN_POINT('',(5.887653112518E-02,-8.780266088828));
#8478 = CARTESIAN_POINT('',(5.404293264289E-02,-8.772335660215));
#8479 = CARTESIAN_POINT('',(4.920959665245E-02,-8.764088007128));
#8480 = CARTESIAN_POINT('',(4.437657293378E-02,-8.755483627703));
#8481 = CARTESIAN_POINT('',(3.9543930524E-02,-8.746469862782));
#8482 = CARTESIAN_POINT('',(2.98637649519E-02,-8.727435746841));
#8483 = CARTESIAN_POINT('',(2.501633908339E-02,-8.717413050055));
#8484 = CARTESIAN_POINT('',(2.016949345016E-02,-8.706815266393));
#8485 = CARTESIAN_POINT('',(1.532332305351E-02,-8.69555250722));
#8486 = CARTESIAN_POINT('',(1.047815823786E-02,-8.683433646215));
#8487 = CARTESIAN_POINT('',(5.634391162433E-03,-8.670286237257));
#8488 = CARTESIAN_POINT('',(7.930736074131E-04,-8.655504647346));
#8489 = ( GEOMETRIC_REPRESENTATION_CONTEXT(2) 
PARAMETRIC_REPRESENTATION_CONTEXT() REPRESENTATION_CONTEXT('2D SPACE',''
  ) );
#8490 = ORIENTED_EDGE('',*,*,#8491,.T.);
#8491 = EDGE_CURVE('',#8392,#8492,#8494,.T.);
#8492 = VERTEX_POINT('',#8493);
#8493 = CARTESIAN_POINT('',(-166.4648353204,-356.8005688463,
    550.22618951454));
#8494 = SURFACE_CURVE('',#8495,(#8500,#8507),.PCURVE_S1.);
#8495 = CIRCLE('',#8496,62.986996698453);
#8496 = AXIS2_PLACEMENT_3D('',#8497,#8498,#8499);
#8497 = CARTESIAN_POINT('',(-226.6199967142,-361.6337559355,
    532.18848973525));
#8498 = DIRECTION('',(1.008768357388E-16,0.965925826289,-0.258819045103)
  );
#8499 = DIRECTION('',(-1.,9.743954091442E-17,-2.610884629888E-17));
#8500 = PCURVE('',#5157,#8501);
#8501 = DEFINITIONAL_REPRESENTATION('',(#8502),#8506);
#8502 = LINE('',#8503,#8504);
#8503 = CARTESIAN_POINT('',(0.,5.100219725106E-02));
#8504 = VECTOR('',#8505,1.);
#8505 = DIRECTION('',(1.,0.));
#8506 = ( GEOMETRIC_REPRESENTATION_CONTEXT(2) 
PARAMETRIC_REPRESENTATION_CONTEXT() REPRESENTATION_CONTEXT('2D SPACE',''
  ) );
#8507 = PCURVE('',#7599,#8508);
#8508 = DEFINITIONAL_REPRESENTATION('',(#8509),#8517);
#8509 = ( BOUNDED_CURVE() B_SPLINE_CURVE(2,(#8510,#8511,#8512,#8513,
#8514,#8515,#8516),.UNSPECIFIED.,.T.,.F.) B_SPLINE_CURVE_WITH_KNOTS((1,2
    ,2,2,2,1),(-2.094395102393,0.,2.094395102393,4.188790204786,
6.28318530718,8.377580409573),.UNSPECIFIED.) CURVE() 
GEOMETRIC_REPRESENTATION_ITEM() RATIONAL_B_SPLINE_CURVE((1.,0.5,1.,0.5,
1.,0.5,1.)) REPRESENTATION_ITEM('') );
#8510 = CARTESIAN_POINT('',(43.708908002794,-106.6973015725));
#8511 = CARTESIAN_POINT('',(-65.3877704951,-106.6973015725));
#8512 = CARTESIAN_POINT('',(-10.83943124615,-12.21680652487));
#8513 = CARTESIAN_POINT('',(43.708908002794,82.263688522806));
#8514 = CARTESIAN_POINT('',(98.257247251741,-12.21680652487));
#8515 = CARTESIAN_POINT('',(152.80558650068,-106.6973015725));
#8516 = CARTESIAN_POINT('',(43.708908002794,-106.6973015725));
#8517 = ( GEOMETRIC_REPRESENTATION_CONTEXT(2) 
PARAMETRIC_REPRESENTATION_CONTEXT() REPRESENTATION_CONTEXT('2D SPACE',''
  ) );
#8518 = ORIENTED_EDGE('',*,*,#8519,.F.);
#8519 = EDGE_CURVE('',#8520,#8492,#8522,.T.);
#8520 = VERTEX_POINT('',#8521);
#8521 = CARTESIAN_POINT('',(-163.6200208896,-362.1049462609,
    532.31474480242));
#8522 = SURFACE_CURVE('',#8523,(#8589,#8658),.PCURVE_S1.);
#8523 = B_SPLINE_CURVE_WITH_KNOTS('',8,(#8524,#8525,#8526,#8527,#8528,
    #8529,#8530,#8531,#8532,#8533,#8534,#8535,#8536,#8537,#8538,#8539,
    #8540,#8541,#8542,#8543,#8544,#8545,#8546,#8547,#8548,#8549,#8550,
    #8551,#8552,#8553,#8554,#8555,#8556,#8557,#8558,#8559,#8560,#8561,
    #8562,#8563,#8564,#8565,#8566,#8567,#8568,#8569,#8570,#8571,#8572,
    #8573,#8574,#8575,#8576,#8577,#8578,#8579,#8580,#8581,#8582,#8583,
    #8584,#8585,#8586,#8587,#8588),.UNSPECIFIED.,.F.,.F.,(9,7,7,7,7,7,7,
    7,7,9),(0.,3.700468400092E-03,9.778150704189E-03,2.302916169804E-02,
    5.238739881053E-02,0.110922848658,0.288334619712,0.52403098654,
    0.759668452905,1.),.UNSPECIFIED.);
#8524 = CARTESIAN_POINT('',(-163.6200208896,-362.104946261,
    532.31474480245));
#8525 = CARTESIAN_POINT('',(-163.6200272138,-362.100157462,
    532.32150436162));
#8526 = CARTESIAN_POINT('',(-163.6200348293,-362.0956331934,
    532.32858429387));
#8527 = CARTESIAN_POINT('',(-163.6200437648,-362.0912798509,
    532.33585104004));
#8528 = CARTESIAN_POINT('',(-163.6200540286,-362.0870608443,
    532.34324305375));
#8529 = CARTESIAN_POINT('',(-163.6200656183,-362.0829590369,
    532.35073011692));
#8530 = CARTESIAN_POINT('',(-163.6200785324,-362.0789563211,
    532.35829148902));
#8531 = CARTESIAN_POINT('',(-163.6200927831,-362.0750303292,
    532.36591289017));
#8532 = CARTESIAN_POINT('',(-163.620134078,-362.0648252181,
    532.38623150268));
#8533 = CARTESIAN_POINT('',(-163.6201633828,-362.0586706577,
    532.39900326057));
#8534 = CARTESIAN_POINT('',(-163.620196351,-362.0526576603,
    532.41187662234));
#8535 = CARTESIAN_POINT('',(-163.6202329953,-362.0467603692,
    532.42482783564));
#8536 = CARTESIAN_POINT('',(-163.6202733215,-362.0409626319,
    532.43784209877));
#8537 = CARTESIAN_POINT('',(-163.6203173341,-362.035251296,
    532.45090879192));
#8538 = CARTESIAN_POINT('',(-163.6203650421,-362.0296141806,
    532.46402020615));
#8539 = CARTESIAN_POINT('',(-163.620528578,-362.0118954163,
    532.50585213932));
#8540 = CARTESIAN_POINT('',(-163.620658291,-362.0000650735,
    532.53471579399));
#8541 = CARTESIAN_POINT('',(-163.6208056756,-361.9884639473,
    532.5637081896));
#8542 = CARTESIAN_POINT('',(-163.6209707642,-361.9770509407,
    532.59280066274));
#8543 = CARTESIAN_POINT('',(-163.6211535715,-361.9657966746,
    532.62197325188));
#8544 = CARTESIAN_POINT('',(-163.6213541095,-361.9546769998,
    532.65121132646));
#8545 = CARTESIAN_POINT('',(-163.6215724006,-361.9436757618,
    532.6805072085));
#8546 = CARTESIAN_POINT('',(-163.6223315529,-361.9086323046,
    532.77487953179));
#8547 = CARTESIAN_POINT('',(-163.6229418416,-361.8849995387,
    532.840146025));
#8548 = CARTESIAN_POINT('',(-163.6236395363,-361.8617310552,
    532.90557957256));
#8549 = CARTESIAN_POINT('',(-163.624424715,-361.8387596168,
    532.97114324214));
#8550 = CARTESIAN_POINT('',(-163.6252974112,-361.8160374577,
    533.03681131385));
#8551 = CARTESIAN_POINT('',(-163.6262576522,-361.7935254248,
    533.10256456761));
#8552 = CARTESIAN_POINT('',(-163.6273054884,-361.7711984047,
    533.16839281961));
#8553 = CARTESIAN_POINT('',(-163.6307050895,-361.7048377135,
    533.36567484983));
#8554 = CARTESIAN_POINT('',(-163.6333175367,-361.6612891752,
    533.49731613198));
#8555 = CARTESIAN_POINT('',(-163.6362786534,-361.618216484,533.629138452
    ));
#8556 = CARTESIAN_POINT('',(-163.6395885624,-361.5755353794,
    533.76110284269));
#8557 = CARTESIAN_POINT('',(-163.6432473109,-361.5331859442,
    533.89318165187));
#8558 = CARTESIAN_POINT('',(-163.6472549297,-361.4911200017,
    534.0253537486));
#8559 = CARTESIAN_POINT('',(-163.6516114776,-361.4493050099,
    534.15760608794));
#8560 = CARTESIAN_POINT('',(-163.6705790581,-361.2816486536,
    534.69097794727));
#8561 = CARTESIAN_POINT('',(-163.6880465311,-361.1576308567,
    535.09264536569));
#8562 = CARTESIAN_POINT('',(-163.7087206284,-361.0348940396,
    535.49461780652));
#8563 = CARTESIAN_POINT('',(-163.7326006945,-360.9132416128,
    535.89678383211));
#8564 = CARTESIAN_POINT('',(-163.759685345,-360.7924343125,
    536.29902273939));
#8565 = CARTESIAN_POINT('',(-163.7899728293,-360.6723829633,
    536.70127222581));
#8566 = CARTESIAN_POINT('',(-163.8234614721,-360.552982336,
    537.10346959935));
#8567 = CARTESIAN_POINT('',(-163.9088919314,-360.2763181139,
    538.0397764295));
#8568 = CARTESIAN_POINT('',(-163.9632802074,-360.1195056616,
    538.57379664896));
#8569 = CARTESIAN_POINT('',(-164.0233097564,-359.9635759749,
    539.10751050795));
#8570 = CARTESIAN_POINT('',(-164.0889741819,-359.808436823,
    539.64081617852));
#8571 = CARTESIAN_POINT('',(-164.1602659876,-359.6540293527,
    540.17362336091));
#8572 = CARTESIAN_POINT('',(-164.2371766872,-359.5003105453,
    540.70584771815));
#8573 = CARTESIAN_POINT('',(-164.3196968955,-359.3472464119,
    541.23740873101));
#8574 = CARTESIAN_POINT('',(-164.4959138873,-359.0424235373,
    542.29892056297));
#8575 = CARTESIAN_POINT('',(-164.5896077319,-358.8906641151,
    542.82887070277));
#8576 = CARTESIAN_POINT('',(-164.6888875624,-358.7395158611,
    543.35800485703));
#8577 = CARTESIAN_POINT('',(-164.7937420264,-358.5889644068,
    543.8862490706));
#8578 = CARTESIAN_POINT('',(-164.9041588063,-358.4390013477,
    544.41353152001));
#8579 = CARTESIAN_POINT('',(-165.0201246344,-358.2896227755,
    544.93978206483));
#8580 = CARTESIAN_POINT('',(-165.1416253073,-358.1408278102,
    545.46493179895));
#8581 = CARTESIAN_POINT('',(-165.3981964379,-357.841453983,
    546.52333150808));
#8582 = CARTESIAN_POINT('',(-165.5334889917,-357.6908987725,
    547.05653445329));
#8583 = CARTESIAN_POINT('',(-165.6745072904,-357.5409529081,
    547.58844928821));
#8584 = CARTESIAN_POINT('',(-165.8212342525,-357.3916201257,
    548.11900488064));
#8585 = CARTESIAN_POINT('',(-165.9736517921,-357.2429061028,
    548.64813099971));
#8586 = CARTESIAN_POINT('',(-166.131740823,-357.094818071,
    549.17575819994));
#8587 = CARTESIAN_POINT('',(-166.2954812639,-356.947364428,
    549.7018177054));
#8588 = CARTESIAN_POINT('',(-166.4648520432,-356.8005543509,
    550.22624129378));
#8589 = PCURVE('',#5157,#8590);
#8590 = DEFINITIONAL_REPRESENTATION('',(#8591),#8657);
#8591 = B_SPLINE_CURVE_WITH_KNOTS('',8,(#8592,#8593,#8594,#8595,#8596,
    #8597,#8598,#8599,#8600,#8601,#8602,#8603,#8604,#8605,#8606,#8607,
    #8608,#8609,#8610,#8611,#8612,#8613,#8614,#8615,#8616,#8617,#8618,
    #8619,#8620,#8621,#8622,#8623,#8624,#8625,#8626,#8627,#8628,#8629,
    #8630,#8631,#8632,#8633,#8634,#8635,#8636,#8637,#8638,#8639,#8640,
    #8641,#8642,#8643,#8644,#8645,#8646,#8647,#8648,#8649,#8650,#8651,
    #8652,#8653,#8654,#8655,#8656),.UNSPECIFIED.,.F.,.F.,(9,7,7,7,7,7,7,
    7,7,9),(0.,3.700468400092E-03,9.778150704189E-03,2.302916169804E-02,
    5.238739881053E-02,0.110922848658,0.288334619712,0.52403098654,
    0.759668452905,1.),.UNSPECIFIED.);
#8592 = CARTESIAN_POINT('',(3.14159265359,2.198878500627E-03));
#8593 = CARTESIAN_POINT('',(3.141469341397,2.48649138526E-03));
#8594 = CARTESIAN_POINT('',(3.141342203919,2.740260872405E-03));
#8595 = CARTESIAN_POINT('',(3.14121290435,2.972685165356E-03));
#8596 = CARTESIAN_POINT('',(3.141082236005,3.188891541003E-03));
#8597 = CARTESIAN_POINT('',(3.140950591785,3.3913173716E-03));
#8598 = CARTESIAN_POINT('',(3.140818215294,3.582248519534E-03));
#8599 = CARTESIAN_POINT('',(3.140685233577,3.764215105109E-03));
#8600 = CARTESIAN_POINT('',(3.140331779481,4.224072319617E-03));
#8601 = CARTESIAN_POINT('',(3.140110675767,4.488002202855E-03));
#8602 = CARTESIAN_POINT('',(3.139888595652,4.735628624588E-03));
#8603 = CARTESIAN_POINT('',(3.139665797067,4.970063894112E-03));
#8604 = CARTESIAN_POINT('',(3.139442440577,5.193251319028E-03));
#8605 = CARTESIAN_POINT('',(3.139218634958,5.406736159527E-03));
#8606 = CARTESIAN_POINT('',(3.138994448342,5.611894520414E-03));
#8607 = CARTESIAN_POINT('',(3.138280275308,6.240716241664E-03));
#8608 = CARTESIAN_POINT('',(3.137789125763,6.636401161025E-03));
#8609 = CARTESIAN_POINT('',(3.1372969426,7.006613971916E-03));
#8610 = CARTESIAN_POINT('',(3.136803996267,7.35606616169E-03));
#8611 = CARTESIAN_POINT('',(3.136310471935,7.688112132757E-03));
#8612 = CARTESIAN_POINT('',(3.135816494523,8.005463158848E-03));
#8613 = CARTESIAN_POINT('',(3.135322115199,8.309878345799E-03));
#8614 = CARTESIAN_POINT('',(3.133731162668,9.252315801229E-03));
#8615 = CARTESIAN_POINT('',(3.132633348484,9.845870660494E-03));
#8616 = CARTESIAN_POINT('',(3.131534455952,1.039991671052E-02));
#8617 = CARTESIAN_POINT('',(3.130434773052,1.092190432623E-02));
#8618 = CARTESIAN_POINT('',(3.129334495847,1.141711288041E-02));
#8619 = CARTESIAN_POINT('',(3.128233756131,1.188982162602E-02));
#8620 = CARTESIAN_POINT('',(3.127132604823,1.234271983196E-02));
#8621 = CARTESIAN_POINT('',(3.123834737206,1.36467421714E-02));
#8622 = CARTESIAN_POINT('',(3.121637068187,1.444615714036E-02));
#8623 = CARTESIAN_POINT('',(3.119438467359,1.519492802778E-02));
#8624 = CARTESIAN_POINT('',(3.117239169757,1.59022019373E-02));
#8625 = CARTESIAN_POINT('',(3.115039336945,1.657448181028E-02));
#8626 = CARTESIAN_POINT('',(3.112839078738,1.721696780172E-02));
#8627 = CARTESIAN_POINT('',(3.110638445193,1.783314063197E-02));
#8628 = CARTESIAN_POINT('',(3.10176658584,2.022322727987E-02));
#8629 = CARTESIAN_POINT('',(3.095092877243,2.180684561707E-02));
#8630 = CARTESIAN_POINT('',(3.08841753544,2.325886263002E-02));
#8631 = CARTESIAN_POINT('',(3.081741008417,2.460114848174E-02));
#8632 = CARTESIAN_POINT('',(3.075063711307,2.585993561306E-02));
#8633 = CARTESIAN_POINT('',(3.068385780765,2.704544816929E-02));
#8634 = CARTESIAN_POINT('',(3.061707293562,2.81694712906E-02));
#8635 = CARTESIAN_POINT('',(3.046154803519,3.066084397061E-02));
#8636 = CARTESIAN_POINT('',(3.037280594887,3.198693770561E-02));
#8637 = CARTESIAN_POINT('',(3.028405741505,3.323571511323E-02));
#8638 = CARTESIAN_POINT('',(3.019530367507,3.441871756684E-02));
#8639 = CARTESIAN_POINT('',(3.010654558985,3.554396443917E-02));
#8640 = CARTESIAN_POINT('',(3.001778377498,3.661779159029E-02));
#8641 = CARTESIAN_POINT('',(2.992901865173,3.764556406111E-02));
#8642 = CARTESIAN_POINT('',(2.975150435914,3.961671555815E-02));
#8643 = CARTESIAN_POINT('',(2.966275533898,4.056017793764E-02));
#8644 = CARTESIAN_POINT('',(2.957400369568,4.146573494188E-02));
#8645 = CARTESIAN_POINT('',(2.948524970498,4.233668690673E-02));
#8646 = CARTESIAN_POINT('',(2.939649358712,4.317570304804E-02));
#8647 = CARTESIAN_POINT('',(2.93077355179,4.398497483655E-02));
#8648 = CARTESIAN_POINT('',(2.921897563969,4.476636937284E-02));
#8649 = CARTESIAN_POINT('',(2.903968430628,4.6291840587E-02));
#8650 = CARTESIAN_POINT('',(2.894915278898,4.703485002837E-02));
#8651 = CARTESIAN_POINT('',(2.885861965544,4.775234122814E-02));
#8652 = CARTESIAN_POINT('',(2.87680850196,4.844579311167E-02));
#8653 = CARTESIAN_POINT('',(2.867754897797,4.911647381474E-02));
#8654 = CARTESIAN_POINT('',(2.858701161298,4.976548111031E-02));
#8655 = CARTESIAN_POINT('',(2.849647299641,5.039378283531E-02));
#8656 = CARTESIAN_POINT('',(2.840593319276,5.100225731747E-02));
#8657 = ( GEOMETRIC_REPRESENTATION_CONTEXT(2) 
PARAMETRIC_REPRESENTATION_CONTEXT() REPRESENTATION_CONTEXT('2D SPACE',''
  ) );
#8658 = PCURVE('',#7568,#8659);
#8659 = DEFINITIONAL_REPRESENTATION('',(#8660),#8726);
#8660 = B_SPLINE_CURVE_WITH_KNOTS('',8,(#8661,#8662,#8663,#8664,#8665,
    #8666,#8667,#8668,#8669,#8670,#8671,#8672,#8673,#8674,#8675,#8676,
    #8677,#8678,#8679,#8680,#8681,#8682,#8683,#8684,#8685,#8686,#8687,
    #8688,#8689,#8690,#8691,#8692,#8693,#8694,#8695,#8696,#8697,#8698,
    #8699,#8700,#8701,#8702,#8703,#8704,#8705,#8706,#8707,#8708,#8709,
    #8710,#8711,#8712,#8713,#8714,#8715,#8716,#8717,#8718,#8719,#8720,
    #8721,#8722,#8723,#8724,#8725),.UNSPECIFIED.,.F.,.F.,(9,7,7,7,7,7,7,
    7,7,9),(0.,3.700468400092E-03,9.778150704189E-03,2.302916169804E-02,
    5.238739881053E-02,0.110922848658,0.288334619712,0.52403098654,
    0.759668452905,1.),.UNSPECIFIED.);
#8661 = CARTESIAN_POINT('',(1.569982301857,-8.512187776882));
#8662 = CARTESIAN_POINT('',(1.569859080364,-8.51506389881));
#8663 = CARTESIAN_POINT('',(1.569732037467,-8.517601585504));
#8664 = CARTESIAN_POINT('',(1.569602834738,-8.519925819164));
#8665 = CARTESIAN_POINT('',(1.569472264733,-8.522087872677));
#8666 = CARTESIAN_POINT('',(1.569340719985,-8.524112119855));
#8667 = CARTESIAN_POINT('',(1.569208443846,-8.52602141939));
#8668 = CARTESIAN_POINT('',(1.5690755632,-8.527841072529));
#8669 = CARTESIAN_POINT('',(1.568722378372,-8.532439609068));
#8670 = CARTESIAN_POINT('',(1.568501443729,-8.535078883792));
#8671 = CARTESIAN_POINT('',(1.568279533909,-8.537555122103));
#8672 = CARTESIAN_POINT('',(1.56805690656,-8.53989944723));
#8673 = CARTESIAN_POINT('',(1.567833722075,-8.542131292353));
#8674 = CARTESIAN_POINT('',(1.567610089103,-8.544266110161));
#8675 = CARTESIAN_POINT('',(1.567386075689,-8.546317661773));
#8676 = CARTESIAN_POINT('',(1.56667245517,-8.552605772943));
#8677 = CARTESIAN_POINT('',(1.56618168673,-8.556562543074));
#8678 = CARTESIAN_POINT('',(1.565689886347,-8.560264586385));
#8679 = CARTESIAN_POINT('',(1.565197324139,-8.563759018182));
#8680 = CARTESIAN_POINT('',(1.564704185047,-8.567079382834));
#8681 = CARTESIAN_POINT('',(1.564210593825,-8.570252793366));
#8682 = CARTESIAN_POINT('',(1.563716601557,-8.573296841064));
#8683 = CARTESIAN_POINT('',(1.56212689625,-8.58272086698));
#8684 = CARTESIAN_POINT('',(1.561029945207,-8.588656154556));
#8685 = CARTESIAN_POINT('',(1.559931918768,-8.59419633542));
#8686 = CARTESIAN_POINT('',(1.558833104498,-8.599415914788));
#8687 = CARTESIAN_POINT('',(1.557733698176,-8.604367687555));
#8688 = CARTESIAN_POINT('',(1.556633831383,-8.609094447226));
#8689 = CARTESIAN_POINT('',(1.555533554931,-8.613623087277));
#8690 = CARTESIAN_POINT('',(1.552238312068,-8.626662246209));
#8691 = CARTESIAN_POINT('',(1.550042398299,-8.63465563323));
#8692 = CARTESIAN_POINT('',(1.547845559141,-8.642142531159));
#8693 = CARTESIAN_POINT('',(1.545648029205,-8.64921441488));
#8694 = CARTESIAN_POINT('',(1.543449969755,-8.655936316909));
#8695 = CARTESIAN_POINT('',(1.541251490378,-8.662360241423));
#8696 = CARTESIAN_POINT('',(1.539052640994,-8.668520997814));
#8697 = CARTESIAN_POINT('',(1.530187994399,-8.692417807276));
#8698 = CARTESIAN_POINT('',(1.523519756847,-8.708250622671));
#8699 = CARTESIAN_POINT('',(1.516849930449,-8.722767161095));
#8700 = CARTESIAN_POINT('',(1.510178961933,-8.736186155378));
#8701 = CARTESIAN_POINT('',(1.503507265085,-8.748769957021));
#8702 = CARTESIAN_POINT('',(1.496834975818,-8.760620827838));
#8703 = CARTESIAN_POINT('',(1.490162170179,-8.771856637395));
#8704 = CARTESIAN_POINT('',(1.474623002452,-8.796759715348));
#8705 = CARTESIAN_POINT('',(1.465756464771,-8.81001430981));
#8706 = CARTESIAN_POINT('',(1.456889350835,-8.822495510048));
#8707 = CARTESIAN_POINT('',(1.448021783478,-8.834318759354));
#8708 = CARTESIAN_POINT('',(1.439153847595,-8.845564276635));
#8709 = CARTESIAN_POINT('',(1.4302856036,-8.856295442851));
#8710 = CARTESIAN_POINT('',(1.421417092501,-8.866565928724));
#8711 = CARTESIAN_POINT('',(1.403681788995,-8.886262737281));
#8712 = CARTESIAN_POINT('',(1.39481501146,-8.895689893616));
#8713 = CARTESIAN_POINT('',(1.385948033132,-8.904737899299));
#8714 = CARTESIAN_POINT('',(1.377080880507,-8.913439774339));
#8715 = CARTESIAN_POINT('',(1.368213574541,-8.921822226157));
#8716 = CARTESIAN_POINT('',(1.359346131747,-8.929907183567));
#8717 = CARTESIAN_POINT('',(1.350478565302,-8.937713330758));
#8718 = CARTESIAN_POINT('',(1.33256655595,-8.952952240295));
#8719 = CARTESIAN_POINT('',(1.323522109005,-8.960374329309));
#8720 = CARTESIAN_POINT('',(1.314477557867,-8.967541222754));
#8721 = CARTESIAN_POINT('',(1.305432912764,-8.974467722252));
#8722 = CARTESIAN_POINT('',(1.296388182067,-8.981166520867));
#8723 = CARTESIAN_POINT('',(1.287343372759,-8.987648607368));
#8724 = CARTESIAN_POINT('',(1.278298490915,-8.99392367049));
#8725 = CARTESIAN_POINT('',(1.269253542173,-9.000000503189));
#8726 = ( GEOMETRIC_REPRESENTATION_CONTEXT(2) 
PARAMETRIC_REPRESENTATION_CONTEXT() REPRESENTATION_CONTEXT('2D SPACE',''
  ) );
#8727 = ORIENTED_EDGE('',*,*,#8728,.T.);
#8728 = EDGE_CURVE('',#8520,#5135,#8729,.T.);
#8729 = SURFACE_CURVE('',#8730,(#8735,#8742),.PCURVE_S1.);
#8730 = CIRCLE('',#8731,10.);
#8731 = AXIS2_PLACEMENT_3D('',#8732,#8733,#8734);
#8732 = CARTESIAN_POINT('',(-173.6199967142,-362.1261857792,
    532.3204359142));
#8733 = DIRECTION('',(2.940346835074E-17,0.258819045103,0.965925826289)
  );
#8734 = DIRECTION('',(1.,-1.050497185157E-16,-2.292723163516E-18));
#8735 = PCURVE('',#5157,#8736);
#8736 = DEFINITIONAL_REPRESENTATION('',(#8737),#8741);
#8737 = LINE('',#8738,#8739);
#8738 = CARTESIAN_POINT('',(3.14159265359,0.));
#8739 = VECTOR('',#8740,1.);
#8740 = DIRECTION('',(-5.654319433713E-16,1.));
#8741 = ( GEOMETRIC_REPRESENTATION_CONTEXT(2) 
PARAMETRIC_REPRESENTATION_CONTEXT() REPRESENTATION_CONTEXT('2D SPACE',''
  ) );
#8742 = PCURVE('',#5185,#8743);
#8743 = DEFINITIONAL_REPRESENTATION('',(#8744),#8748);
#8744 = LINE('',#8745,#8746);
#8745 = CARTESIAN_POINT('',(7.0685834706,-344.9999999999));
#8746 = VECTOR('',#8747,1.);
#8747 = DIRECTION('',(-1.,0.));
#8748 = ( GEOMETRIC_REPRESENTATION_CONTEXT(2) 
PARAMETRIC_REPRESENTATION_CONTEXT() REPRESENTATION_CONTEXT('2D SPACE',''
  ) );
#8749 = ADVANCED_FACE('',(#8750),#5185,.T.);
#8750 = FACE_BOUND('',#8751,.T.);
#8751 = EDGE_LOOP('',(#8752,#8753,#8775,#8776,#8805,#8827,#8828,#8829,
    #8856,#8857));
#8752 = ORIENTED_EDGE('',*,*,#7296,.T.);
#8753 = ORIENTED_EDGE('',*,*,#8754,.T.);
#8754 = EDGE_CURVE('',#7269,#7873,#8755,.T.);
#8755 = SURFACE_CURVE('',#8756,(#8761,#8768),.PCURVE_S1.);
#8756 = CIRCLE('',#8757,10.);
#8757 = AXIS2_PLACEMENT_3D('',#8758,#8759,#8760);
#8758 = CARTESIAN_POINT('',(-173.6199967142,-481.1829465263,
    87.994555821232));
#8759 = DIRECTION('',(2.940346835074E-17,0.258819045103,0.965925826289)
  );
#8760 = DIRECTION('',(1.,-1.050497185157E-16,-2.292723163516E-18));
#8761 = PCURVE('',#5185,#8762);
#8762 = DEFINITIONAL_REPRESENTATION('',(#8763),#8767);
#8763 = LINE('',#8764,#8765);
#8764 = CARTESIAN_POINT('',(7.068583470577,115.));
#8765 = VECTOR('',#8766,1.);
#8766 = DIRECTION('',(-1.,0.));
#8767 = ( GEOMETRIC_REPRESENTATION_CONTEXT(2) 
PARAMETRIC_REPRESENTATION_CONTEXT() REPRESENTATION_CONTEXT('2D SPACE',''
  ) );
#8768 = PCURVE('',#7898,#8769);
#8769 = DEFINITIONAL_REPRESENTATION('',(#8770),#8774);
#8770 = LINE('',#8771,#8772);
#8771 = CARTESIAN_POINT('',(3.14159265359,0.));
#8772 = VECTOR('',#8773,1.);
#8773 = DIRECTION('',(-5.654319433713E-16,1.));
#8774 = ( GEOMETRIC_REPRESENTATION_CONTEXT(2) 
PARAMETRIC_REPRESENTATION_CONTEXT() REPRESENTATION_CONTEXT('2D SPACE',''
  ) );
#8775 = ORIENTED_EDGE('',*,*,#7915,.F.);
#8776 = ORIENTED_EDGE('',*,*,#8777,.F.);
#8777 = EDGE_CURVE('',#8778,#7916,#8780,.T.);
#8778 = VERTEX_POINT('',#8779);
#8779 = CARTESIAN_POINT('',(-163.620018787,-481.1626516371,
    87.98911782205));
#8780 = SURFACE_CURVE('',#8781,(#8787,#8796),.PCURVE_S1.);
#8781 = B_SPLINE_CURVE_WITH_KNOTS('',4,(#8782,#8783,#8784,#8785,#8786),
  .UNSPECIFIED.,.F.,.F.,(5,5),(0.,1.),.PIECEWISE_BEZIER_KNOTS.);
#8782 = CARTESIAN_POINT('',(-163.6200187875,-481.1626515795,
    87.989117185442));
#8783 = CARTESIAN_POINT('',(-163.6200095066,-481.1638064631,
    88.001873562656));
#8784 = CARTESIAN_POINT('',(-163.6200035058,-481.164554799,
    88.014067510088));
#8785 = CARTESIAN_POINT('',(-163.62,-481.1658004472,88.027225042557));
#8786 = CARTESIAN_POINT('',(-163.62,-481.1625183456,88.039474012759));
#8787 = PCURVE('',#5185,#8788);
#8788 = DEFINITIONAL_REPRESENTATION('',(#8789),#8795);
#8789 = B_SPLINE_CURVE_WITH_KNOTS('',4,(#8790,#8791,#8792,#8793,#8794),
  .UNSPECIFIED.,.F.,.F.,(5,5),(0.,1.),.PIECEWISE_BEZIER_KNOTS.);
#8790 = CARTESIAN_POINT('',(7.066482365447,115.0000006));
#8791 = CARTESIAN_POINT('',(7.066924078953,114.98797779168));
#8792 = CARTESIAN_POINT('',(7.067311965588,114.97639302651));
#8793 = CARTESIAN_POINT('',(7.067772828092,114.96400622357));
#8794 = CARTESIAN_POINT('',(7.067772828092,114.95132515649));
#8795 = ( GEOMETRIC_REPRESENTATION_CONTEXT(2) 
PARAMETRIC_REPRESENTATION_CONTEXT() REPRESENTATION_CONTEXT('2D SPACE',''
  ) );
#8796 = PCURVE('',#7953,#8797);
#8797 = DEFINITIONAL_REPRESENTATION('',(#8798),#8804);
#8798 = B_SPLINE_CURVE_WITH_KNOTS('',4,(#8799,#8800,#8801,#8802,#8803),
  .UNSPECIFIED.,.F.,.F.,(5,5),(0.,1.),.PIECEWISE_BEZIER_KNOTS.);
#8799 = CARTESIAN_POINT('',(1.570024345181,-8.530812244597));
#8800 = CARTESIAN_POINT('',(1.570215021228,-8.526395119231));
#8801 = CARTESIAN_POINT('',(1.570398751012,-8.522516256408));
#8802 = CARTESIAN_POINT('',(1.57059519964,-8.517907632556));
#8803 = CARTESIAN_POINT('',(1.570796326795,-8.517907632556));
#8804 = ( GEOMETRIC_REPRESENTATION_CONTEXT(2) 
PARAMETRIC_REPRESENTATION_CONTEXT() REPRESENTATION_CONTEXT('2D SPACE',''
  ) );
#8805 = ORIENTED_EDGE('',*,*,#8806,.T.);
#8806 = EDGE_CURVE('',#8778,#5170,#8807,.T.);
#8807 = SURFACE_CURVE('',#8808,(#8813,#8820),.PCURVE_S1.);
#8808 = CIRCLE('',#8809,10.);
#8809 = AXIS2_PLACEMENT_3D('',#8810,#8811,#8812);
#8810 = CARTESIAN_POINT('',(-173.6199967142,-481.1829465263,
    87.994555821232));
#8811 = DIRECTION('',(2.940346835074E-17,0.258819045103,0.965925826289)
  );
#8812 = DIRECTION('',(1.,-1.050497185157E-16,-2.292723163516E-18));
#8813 = PCURVE('',#5185,#8814);
#8814 = DEFINITIONAL_REPRESENTATION('',(#8815),#8819);
#8815 = LINE('',#8816,#8817);
#8816 = CARTESIAN_POINT('',(7.068583470577,115.));
#8817 = VECTOR('',#8818,1.);
#8818 = DIRECTION('',(-1.,0.));
#8819 = ( GEOMETRIC_REPRESENTATION_CONTEXT(2) 
PARAMETRIC_REPRESENTATION_CONTEXT() REPRESENTATION_CONTEXT('2D SPACE',''
  ) );
#8820 = PCURVE('',#5218,#8821);
#8821 = DEFINITIONAL_REPRESENTATION('',(#8822),#8826);
#8822 = LINE('',#8823,#8824);
#8823 = CARTESIAN_POINT('',(3.14159265359,0.));
#8824 = VECTOR('',#8825,1.);
#8825 = DIRECTION('',(-5.654319433713E-16,1.));
#8826 = ( GEOMETRIC_REPRESENTATION_CONTEXT(2) 
PARAMETRIC_REPRESENTATION_CONTEXT() REPRESENTATION_CONTEXT('2D SPACE',''
  ) );
#8827 = ORIENTED_EDGE('',*,*,#5169,.T.);
#8828 = ORIENTED_EDGE('',*,*,#8728,.F.);
#8829 = ORIENTED_EDGE('',*,*,#8830,.T.);
#8830 = EDGE_CURVE('',#8520,#7531,#8831,.T.);
#8831 = SURFACE_CURVE('',#8832,(#8838,#8847),.PCURVE_S1.);
#8832 = B_SPLINE_CURVE_WITH_KNOTS('',4,(#8833,#8834,#8835,#8836,#8837),
  .UNSPECIFIED.,.F.,.F.,(5,5),(0.,1.),.PIECEWISE_BEZIER_KNOTS.);
#8833 = CARTESIAN_POINT('',(-163.6200208901,-362.1049458911,
    532.3147453245));
#8834 = CARTESIAN_POINT('',(-163.6200105143,-362.1128024887,
    532.30365547102));
#8835 = CARTESIAN_POINT('',(-163.6200039463,-362.1198368162,
    532.29304459718));
#8836 = CARTESIAN_POINT('',(-163.62,-362.1281800207,532.28167248618));
#8837 = CARTESIAN_POINT('',(-163.62,-362.1316387136,532.26876446874));
#8838 = PCURVE('',#5185,#8839);
#8839 = DEFINITIONAL_REPRESENTATION('',(#8840),#8846);
#8840 = B_SPLINE_CURVE_WITH_KNOTS('',4,(#8841,#8842,#8843,#8844,#8845),
  .UNSPECIFIED.,.F.,.F.,(5,5),(1.176861632961E-05,1.),
  .PIECEWISE_BEZIER_KNOTS.);
#8841 = CARTESIAN_POINT('',(7.066384592074,-344.9999999999));
#8842 = CARTESIAN_POINT('',(7.066856447818,-344.9872547607));
#8843 = CARTESIAN_POINT('',(7.067261280202,-344.9751849425));
#8844 = CARTESIAN_POINT('',(7.067772828087,-344.9620410987));
#8845 = CARTESIAN_POINT('',(7.067772828087,-344.948677893));
#8846 = ( GEOMETRIC_REPRESENTATION_CONTEXT(2) 
PARAMETRIC_REPRESENTATION_CONTEXT() REPRESENTATION_CONTEXT('2D SPACE',''
  ) );
#8847 = PCURVE('',#7568,#8848);
#8848 = DEFINITIONAL_REPRESENTATION('',(#8849),#8855);
#8849 = B_SPLINE_CURVE_WITH_KNOTS('',4,(#8850,#8851,#8852,#8853,#8854),
  .UNSPECIFIED.,.F.,.F.,(5,5),(0.,1.),.PIECEWISE_BEZIER_KNOTS.);
#8850 = CARTESIAN_POINT('',(1.569982292341,-8.512187999064));
#8851 = CARTESIAN_POINT('',(1.570184451758,-8.507469373766));
#8852 = CARTESIAN_POINT('',(1.570375896107,-8.503421031348));
#8853 = CARTESIAN_POINT('',(1.570584378135,-8.498305433441));
#8854 = CARTESIAN_POINT('',(1.570796326795,-8.498305433441));
#8855 = ( GEOMETRIC_REPRESENTATION_CONTEXT(2) 
PARAMETRIC_REPRESENTATION_CONTEXT() REPRESENTATION_CONTEXT('2D SPACE',''
  ) );
#8856 = ORIENTED_EDGE('',*,*,#7530,.F.);
#8857 = ORIENTED_EDGE('',*,*,#8858,.F.);
#8858 = EDGE_CURVE('',#7297,#7488,#8859,.T.);
#8859 = SURFACE_CURVE('',#8860,(#8865,#8872),.PCURVE_S1.);
#8860 = CIRCLE('',#8861,10.);
#8861 = AXIS2_PLACEMENT_3D('',#8862,#8863,#8864);
#8862 = CARTESIAN_POINT('',(-173.6199967142,-362.1261857792,
    532.3204359142));
#8863 = DIRECTION('',(2.940346835074E-17,0.258819045103,0.965925826289)
  );
#8864 = DIRECTION('',(1.,-1.050497185157E-16,-2.292723163516E-18));
#8865 = PCURVE('',#5185,#8866);
#8866 = DEFINITIONAL_REPRESENTATION('',(#8867),#8871);
#8867 = LINE('',#8868,#8869);
#8868 = CARTESIAN_POINT('',(7.0685834706,-345.));
#8869 = VECTOR('',#8870,1.);
#8870 = DIRECTION('',(-1.,-7.237528875153E-14));
#8871 = ( GEOMETRIC_REPRESENTATION_CONTEXT(2) 
PARAMETRIC_REPRESENTATION_CONTEXT() REPRESENTATION_CONTEXT('2D SPACE',''
  ) );
#8872 = PCURVE('',#7513,#8873);
#8873 = DEFINITIONAL_REPRESENTATION('',(#8874),#8878);
#8874 = LINE('',#8875,#8876);
#8875 = CARTESIAN_POINT('',(3.14159265359,0.));
#8876 = VECTOR('',#8877,1.);
#8877 = DIRECTION('',(-5.654319433713E-16,1.));
#8878 = ( GEOMETRIC_REPRESENTATION_CONTEXT(2) 
PARAMETRIC_REPRESENTATION_CONTEXT() REPRESENTATION_CONTEXT('2D SPACE',''
  ) );
#8879 = ADVANCED_FACE('',(#8880),#5218,.T.);
#8880 = FACE_BOUND('',#8881,.T.);
#8881 = EDGE_LOOP('',(#8882,#8883,#8905,#8906,#8907,#9095,#9117));
#8882 = ORIENTED_EDGE('',*,*,#7241,.T.);
#8883 = ORIENTED_EDGE('',*,*,#8884,.T.);
#8884 = EDGE_CURVE('',#6814,#5198,#8885,.T.);
#8885 = SURFACE_CURVE('',#8886,(#8891,#8898),.PCURVE_S1.);
#8886 = CIRCLE('',#8887,10.);
#8887 = AXIS2_PLACEMENT_3D('',#8888,#8889,#8890);
#8888 = CARTESIAN_POINT('',(-226.6199967142,-494.9003559168,
    36.800487027911));
#8889 = DIRECTION('',(1.,-1.050497185157E-16,-2.292723163573E-18));
#8890 = DIRECTION('',(-2.94034683508E-17,-0.258819045103,-0.965925826289
    ));
#8891 = PCURVE('',#5218,#8892);
#8892 = DEFINITIONAL_REPRESENTATION('',(#8893),#8897);
#8893 = LINE('',#8894,#8895);
#8894 = CARTESIAN_POINT('',(4.712388980385,0.));
#8895 = VECTOR('',#8896,1.);
#8896 = DIRECTION('',(0.,1.));
#8897 = ( GEOMETRIC_REPRESENTATION_CONTEXT(2) 
PARAMETRIC_REPRESENTATION_CONTEXT() REPRESENTATION_CONTEXT('2D SPACE',''
  ) );
#8898 = PCURVE('',#5246,#8899);
#8899 = DEFINITIONAL_REPRESENTATION('',(#8900),#8904);
#8900 = LINE('',#8901,#8902);
#8901 = CARTESIAN_POINT('',(7.068583470577,-495.));
#8902 = VECTOR('',#8903,1.);
#8903 = DIRECTION('',(-1.,0.));
#8904 = ( GEOMETRIC_REPRESENTATION_CONTEXT(2) 
PARAMETRIC_REPRESENTATION_CONTEXT() REPRESENTATION_CONTEXT('2D SPACE',''
  ) );
#8905 = ORIENTED_EDGE('',*,*,#5197,.T.);
#8906 = ORIENTED_EDGE('',*,*,#8806,.F.);
#8907 = ORIENTED_EDGE('',*,*,#8908,.T.);
#8908 = EDGE_CURVE('',#8778,#8909,#8911,.T.);
#8909 = VERTEX_POINT('',#8910);
#8910 = CARTESIAN_POINT('',(-166.3763850381,-485.4691369167,
    70.104293219589));
#8911 = SURFACE_CURVE('',#8912,(#8971,#9033),.PCURVE_S1.);
#8912 = B_SPLINE_CURVE_WITH_KNOTS('',8,(#8913,#8914,#8915,#8916,#8917,
    #8918,#8919,#8920,#8921,#8922,#8923,#8924,#8925,#8926,#8927,#8928,
    #8929,#8930,#8931,#8932,#8933,#8934,#8935,#8936,#8937,#8938,#8939,
    #8940,#8941,#8942,#8943,#8944,#8945,#8946,#8947,#8948,#8949,#8950,
    #8951,#8952,#8953,#8954,#8955,#8956,#8957,#8958,#8959,#8960,#8961,
    #8962,#8963,#8964,#8965,#8966,#8967,#8968,#8969,#8970),
  .UNSPECIFIED.,.F.,.F.,(9,7,7,7,7,7,7,7,9),(0.,7.49361346731E-03,
    1.745187125467E-02,3.457989650976E-02,7.589331240883E-02,
    0.191068779549,0.363137451507,0.536201484753,1.),.UNSPECIFIED.);
#8913 = CARTESIAN_POINT('',(-163.620018787,-481.1626516371,
    87.989117822062));
#8914 = CARTESIAN_POINT('',(-163.620026688,-481.1616684501,
    87.978257864553));
#8915 = CARTESIAN_POINT('',(-163.6200368161,-481.1613868118,
    87.967146608635));
#8916 = CARTESIAN_POINT('',(-163.6200492456,-481.1614199431,
    87.955942894753));
#8917 = CARTESIAN_POINT('',(-163.6200640015,-481.1617562299,
    87.944676824945));
#8918 = CARTESIAN_POINT('',(-163.6200810483,-481.162264053,
    87.933409719464));
#8919 = CARTESIAN_POINT('',(-163.6201003955,-481.1629450612,
    87.922129650798));
#8920 = CARTESIAN_POINT('',(-163.6201220593,-481.1637531877,
    87.910838451927));
#8921 = CARTESIAN_POINT('',(-163.6201781838,-481.1659063388,
    87.884429570411));
#8922 = CARTESIAN_POINT('',(-163.6202175201,-481.1674545514,
    87.867860331994));
#8923 = CARTESIAN_POINT('',(-163.6202656467,-481.1693445352,
    87.84977370107));
#8924 = CARTESIAN_POINT('',(-163.6203241381,-481.1715847832,
    87.830236680283));
#8925 = CARTESIAN_POINT('',(-163.6203944129,-481.1741651137,
    87.809401559526));
#8926 = CARTESIAN_POINT('',(-163.6204773946,-481.1770538249,
    87.787506713376));
#8927 = CARTESIAN_POINT('',(-163.6205730842,-481.1801969983,
    87.764877306257));
#8928 = CARTESIAN_POINT('',(-163.6208640118,-481.1892353659,
    87.702449906235));
#8929 = CARTESIAN_POINT('',(-163.6210768312,-481.1953424438,
    87.662987130958));
#8930 = CARTESIAN_POINT('',(-163.6213185895,-481.201731402,
    87.623538015147));
#8931 = CARTESIAN_POINT('',(-163.6215893263,-481.2083491119,
    87.584104453175));
#8932 = CARTESIAN_POINT('',(-163.6218890601,-481.2151578954,
    87.544687405244));
#8933 = CARTESIAN_POINT('',(-163.6222178061,-481.2221277553,
    87.505286318355));
#8934 = CARTESIAN_POINT('',(-163.6225755903,-481.2292395067,
    87.465899241127));
#8935 = CARTESIAN_POINT('',(-163.6238956166,-481.2539316186,
    87.331544419925));
#8936 = CARTESIAN_POINT('',(-163.624997823,-481.2721109579,
    87.236645374461));
#8937 = CARTESIAN_POINT('',(-163.6262693666,-481.2907852991,
    87.141806544964));
#8938 = CARTESIAN_POINT('',(-163.6277103591,-481.309857018,
    87.047022890666));
#8939 = CARTESIAN_POINT('',(-163.6293208412,-481.3292569882,
    86.952290308468));
#8940 = CARTESIAN_POINT('',(-163.6311008457,-481.3489288499,
    86.857603430252));
#8941 = CARTESIAN_POINT('',(-163.6330504446,-481.3688402005,
    86.762956902204));
#8942 = CARTESIAN_POINT('',(-163.6410782285,-481.4450527651,
    86.40457386939));
#8943 = CARTESIAN_POINT('',(-163.6483051467,-481.5027627085,
    86.141096529879));
#8944 = CARTESIAN_POINT('',(-163.6568516396,-481.5614623215,
    85.877824351532));
#8945 = CARTESIAN_POINT('',(-163.6667178649,-481.620978854,
    85.614746238313));
#8946 = CARTESIAN_POINT('',(-163.6779036752,-481.6811092359,
    85.351840906112));
#8947 = CARTESIAN_POINT('',(-163.6904088327,-481.7417726013,
    85.08910289394));
#8948 = CARTESIAN_POINT('',(-163.7042332741,-481.8028780097,
    84.826520383648));
#8949 = CARTESIAN_POINT('',(-163.7420021686,-481.9562348372,
    84.172007391037));
#8950 = CARTESIAN_POINT('',(-163.7675712294,-482.0489556311,
    83.780273951042));
#8951 = CARTESIAN_POINT('',(-163.7960837277,-482.1423273952,
    83.388869020179));
#8952 = CARTESIAN_POINT('',(-163.8275383118,-482.2362311849,
    82.997796523196));
#8953 = CARTESIAN_POINT('',(-163.8619332389,-482.3305790214,
    82.607065788941));
#8954 = CARTESIAN_POINT('',(-163.8992664759,-482.4252999404,
    82.216688597286));
#8955 = CARTESIAN_POINT('',(-163.9395357767,-482.5203405789,
    81.826679290485));
#8956 = CARTESIAN_POINT('',(-164.0261916643,-482.7115200957,
    81.045172084333));
#8957 = CARTESIAN_POINT('',(-164.0726121458,-482.8076617071,
    80.653679900997));
#8958 = CARTESIAN_POINT('',(-164.1219976159,-482.9040336647,
    80.262592625282));
#8959 = CARTESIAN_POINT('',(-164.174345183,-483.0005980686,
    79.871928414679));
#8960 = CARTESIAN_POINT('',(-164.2296516682,-483.09732335,
    79.481706671037));
#8961 = CARTESIAN_POINT('',(-164.287913618,-483.1941826749,
    79.091947683542));
#8962 = CARTESIAN_POINT('',(-164.3491273163,-483.2911523479,
    78.702672271689));
#8963 = CARTESIAN_POINT('',(-164.5852367109,-483.6483179616,
    77.272024981893));
#8964 = CARTESIAN_POINT('',(-164.7783554361,-483.9090600289,
    76.233773461593));
#8965 = CARTESIAN_POINT('',(-164.992568372,-484.1700222769,
    75.199554805484));
#8966 = CARTESIAN_POINT('',(-165.2277848365,-484.4309103141,
    74.169801002936));
#8967 = CARTESIAN_POINT('',(-165.4839005659,-484.6914764742,
    73.144950890401));
#8968 = CARTESIAN_POINT('',(-165.7607980062,-484.9514997569,
    72.125445431542));
#8969 = CARTESIAN_POINT('',(-166.0583464517,-485.210785402,
    71.111727630222));
#8970 = CARTESIAN_POINT('',(-166.3764020837,-485.4691507633,
    70.104239224943));
#8971 = PCURVE('',#5218,#8972);
#8972 = DEFINITIONAL_REPRESENTATION('',(#8973),#9032);
#8973 = B_SPLINE_CURVE_WITH_KNOTS('',8,(#8974,#8975,#8976,#8977,#8978,
    #8979,#8980,#8981,#8982,#8983,#8984,#8985,#8986,#8987,#8988,#8989,
    #8990,#8991,#8992,#8993,#8994,#8995,#8996,#8997,#8998,#8999,#9000,
    #9001,#9002,#9003,#9004,#9005,#9006,#9007,#9008,#9009,#9010,#9011,
    #9012,#9013,#9014,#9015,#9016,#9017,#9018,#9019,#9020,#9021,#9022,
    #9023,#9024,#9025,#9026,#9027,#9028,#9029,#9030,#9031),
  .UNSPECIFIED.,.F.,.F.,(9,7,7,7,7,7,7,7,9),(0.,7.49361346731E-03,
    1.745187125467E-02,3.457989650976E-02,7.589331240883E-02,
    0.191068779549,0.363137451507,0.536201484753,1.),.UNSPECIFIED.);
#8974 = CARTESIAN_POINT('',(3.14159265359,2.101083082683E-03));
#8975 = CARTESIAN_POINT('',(3.141755121042,2.47712886937E-03));
#8976 = CARTESIAN_POINT('',(3.141924323619,2.791914543018E-03));
#8977 = CARTESIAN_POINT('',(3.142096236986,3.078688957019E-03));
#8978 = CARTESIAN_POINT('',(3.142270351909,3.337794842147E-03));
#8979 = CARTESIAN_POINT('',(3.142445187502,3.580358520107E-03));
#8980 = CARTESIAN_POINT('',(3.142620933423,3.806529433054E-03));
#8981 = CARTESIAN_POINT('',(3.142797372323,4.020709853099E-03));
#8982 = CARTESIAN_POINT('',(3.143211124494,4.496247825338E-03));
#8983 = CARTESIAN_POINT('',(3.14347152815,4.775548262621E-03));
#8984 = CARTESIAN_POINT('',(3.143756601142,5.061109622241E-03));
#8985 = CARTESIAN_POINT('',(3.144065351175,5.350377435143E-03));
#8986 = CARTESIAN_POINT('',(3.144395401626,5.6403936416E-03));
#8987 = CARTESIAN_POINT('',(3.14474296761,5.928050786981E-03));
#8988 = CARTESIAN_POINT('',(3.145102842265,6.210141086872E-03));
#8989 = CARTESIAN_POINT('',(3.146097134419,6.952857429357E-03));
#8990 = CARTESIAN_POINT('',(3.146727284335,7.384341483469E-03));
#8991 = CARTESIAN_POINT('',(3.147358385709,7.78824521496E-03));
#8992 = CARTESIAN_POINT('',(3.14799019162,8.169651355089E-03));
#8993 = CARTESIAN_POINT('',(3.148622532946,8.532174439278E-03));
#8994 = CARTESIAN_POINT('',(3.149255295322,8.87872623872E-03));
#8995 = CARTESIAN_POINT('',(3.14988843024,9.211210369315E-03));
#8996 = CARTESIAN_POINT('',(3.152049936917,1.030354377549E-02));
#8997 = CARTESIAN_POINT('',(3.153579739298,1.100376077314E-02));
#8998 = CARTESIAN_POINT('',(3.155110685508,1.165460860821E-02));
#8999 = CARTESIAN_POINT('',(3.15664245728,1.226564727299E-02));
#9000 = CARTESIAN_POINT('',(3.158174839038,1.28436598721E-02));
#9001 = CARTESIAN_POINT('',(3.15970768705,1.339422912012E-02));
#9002 = CARTESIAN_POINT('',(3.161240955797,1.392062330967E-02));
#9003 = CARTESIAN_POINT('',(3.167050331753,1.583488948288E-02));
#9004 = CARTESIAN_POINT('',(3.171328666099,1.707999461692E-02));
#9005 = CARTESIAN_POINT('',(3.17560851455,1.82242082958E-02));
#9006 = CARTESIAN_POINT('',(3.179889457136,1.928450266352E-02));
#9007 = CARTESIAN_POINT('',(3.184171105437,2.028104248796E-02));
#9008 = CARTESIAN_POINT('',(3.188453330431,2.122177923814E-02));
#9009 = CARTESIAN_POINT('',(3.192736059241,2.211580219408E-02));
#9010 = CARTESIAN_POINT('',(3.203418461833,2.42432741055E-02));
#9011 = CARTESIAN_POINT('',(3.209818510615,2.542629531898E-02));
#9012 = CARTESIAN_POINT('',(3.216219255176,2.653795148557E-02));
#9013 = CARTESIAN_POINT('',(3.222620545082,2.758962848198E-02));
#9014 = CARTESIAN_POINT('',(3.229022273968,2.858958150696E-02));
#9015 = CARTESIAN_POINT('',(3.235424367458,2.954435906393E-02));
#9016 = CARTESIAN_POINT('',(3.241826783896,3.045874329373E-02));
#9017 = CARTESIAN_POINT('',(3.254669262216,3.22199795999E-02));
#9018 = CARTESIAN_POINT('',(3.261109306122,3.306641983759E-02));
#9019 = CARTESIAN_POINT('',(3.26754959784,3.388013945169E-02));
#9020 = CARTESIAN_POINT('',(3.273990106827,3.466432841702E-02));
#9021 = CARTESIAN_POINT('',(3.280430808977,3.54215330785E-02));
#9022 = CARTESIAN_POINT('',(3.28687168549,3.615381953734E-02));
#9023 = CARTESIAN_POINT('',(3.293312721739,3.686293703727E-02));
#9024 = CARTESIAN_POINT('',(3.317015793019,3.939304809165E-02));
#9025 = CARTESIAN_POINT('',(3.334278730096,4.108056033807E-02));
#9026 = CARTESIAN_POINT('',(3.351542486124,4.26424504499E-02));
#9027 = CARTESIAN_POINT('',(3.368806915394,4.409596340021E-02));
#9028 = CARTESIAN_POINT('',(3.386071921999,4.545365524894E-02));
#9029 = CARTESIAN_POINT('',(3.403337437603,4.672545217433E-02));
#9030 = CARTESIAN_POINT('',(3.420603409959,4.791869350859E-02));
#9031 = CARTESIAN_POINT('',(3.437869799419,4.903958222446E-02));
#9032 = ( GEOMETRIC_REPRESENTATION_CONTEXT(2) 
PARAMETRIC_REPRESENTATION_CONTEXT() REPRESENTATION_CONTEXT('2D SPACE',''
  ) );
#9033 = PCURVE('',#7953,#9034);
#9034 = DEFINITIONAL_REPRESENTATION('',(#9035),#9094);
#9035 = B_SPLINE_CURVE_WITH_KNOTS('',8,(#9036,#9037,#9038,#9039,#9040,
    #9041,#9042,#9043,#9044,#9045,#9046,#9047,#9048,#9049,#9050,#9051,
    #9052,#9053,#9054,#9055,#9056,#9057,#9058,#9059,#9060,#9061,#9062,
    #9063,#9064,#9065,#9066,#9067,#9068,#9069,#9070,#9071,#9072,#9073,
    #9074,#9075,#9076,#9077,#9078,#9079,#9080,#9081,#9082,#9083,#9084,
    #9085,#9086,#9087,#9088,#9089,#9090,#9091,#9092,#9093),
  .UNSPECIFIED.,.F.,.F.,(9,7,7,7,7,7,7,7,9),(0.,7.49361346731E-03,
    1.745187125467E-02,3.457989650976E-02,7.589331240883E-02,
    0.191068779549,0.363137451507,0.536201484753,1.),.UNSPECIFIED.);
#9036 = CARTESIAN_POINT('',(1.570024354697,-8.53081202412));
#9037 = CARTESIAN_POINT('',(1.569862025372,-8.534572473732));
#9038 = CARTESIAN_POINT('',(1.569692964776,-8.537720320167));
#9039 = CARTESIAN_POINT('',(1.569521194875,-8.540588052326));
#9040 = CARTESIAN_POINT('',(1.569347224508,-8.543179097718));
#9041 = CARTESIAN_POINT('',(1.569172533662,-8.545604719739));
#9042 = CARTESIAN_POINT('',(1.568996932834,-8.547866412921));
#9043 = CARTESIAN_POINT('',(1.568820639308,-8.55000820005));
#9044 = CARTESIAN_POINT('',(1.568407227448,-8.554763537389));
#9045 = CARTESIAN_POINT('',(1.568147037529,-8.557556513313));
#9046 = CARTESIAN_POINT('',(1.567862198087,-8.560412093679));
#9047 = CARTESIAN_POINT('',(1.567553700586,-8.563304733386));
#9048 = CARTESIAN_POINT('',(1.567223919709,-8.56620485165));
#9049 = CARTESIAN_POINT('',(1.566876637278,-8.569081374062));
#9050 = CARTESIAN_POINT('',(1.566517055947,-8.571902223336));
#9051 = CARTESIAN_POINT('',(1.565523573634,-8.579329230763));
#9052 = CARTESIAN_POINT('',(1.564893936348,-8.583643964337));
#9053 = CARTESIAN_POINT('',(1.564263348032,-8.587682887182));
#9054 = CARTESIAN_POINT('',(1.563632055534,-8.591496827174));
#9055 = CARTESIAN_POINT('',(1.563000227932,-8.595121930117));
#9056 = CARTESIAN_POINT('',(1.562367979574,-8.598587314097));
#9057 = CARTESIAN_POINT('',(1.561735358974,-8.601912015578));
#9058 = CARTESIAN_POINT('',(1.559575608309,-8.612834853601));
#9059 = CARTESIAN_POINT('',(1.558047048985,-8.619836640681));
#9060 = CARTESIAN_POINT('',(1.556517347571,-8.626344707619));
#9061 = CARTESIAN_POINT('',(1.554986822317,-8.632454656757));
#9062 = CARTESIAN_POINT('',(1.55345568879,-8.63823432105));
#9063 = CARTESIAN_POINT('',(1.551924090742,-8.643739529246));
#9064 = CARTESIAN_POINT('',(1.550392073734,-8.649002965545));
#9065 = CARTESIAN_POINT('',(1.544587446176,-8.66814363566));
#9066 = CARTESIAN_POINT('',(1.540312620502,-8.680593064425));
#9067 = CARTESIAN_POINT('',(1.536036295156,-8.692033446249));
#9068 = CARTESIAN_POINT('',(1.531758890101,-8.702634516516));
#9069 = CARTESIAN_POINT('',(1.527480793845,-8.712597934928));
#9070 = CARTESIAN_POINT('',(1.523202135408,-8.722003225095));
#9071 = CARTESIAN_POINT('',(1.518922987737,-8.730941287699));
#9072 = CARTESIAN_POINT('',(1.508249553007,-8.752210395387));
#9073 = CARTESIAN_POINT('',(1.501854908766,-8.76403706093));
#9074 = CARTESIAN_POINT('',(1.495459601214,-8.775149913123));
#9075 = CARTESIAN_POINT('',(1.489063780614,-8.785662827847));
#9076 = CARTESIAN_POINT('',(1.482667553109,-8.7956583715));
#9077 = CARTESIAN_POINT('',(1.476270992835,-8.805202041706));
#9078 = CARTESIAN_POINT('',(1.469874141188,-8.814341670892));
#9079 = CARTESIAN_POINT('',(1.457042887448,-8.831945387236));
#9080 = CARTESIAN_POINT('',(1.450608503677,-8.840405354901));
#9081 = CARTESIAN_POINT('',(1.444173903467,-8.848538027522));
#9082 = CARTESIAN_POINT('',(1.437739117057,-8.856375313898));
#9083 = CARTESIAN_POINT('',(1.431304168236,-8.863942685668));
#9084 = CARTESIAN_POINT('',(1.424869075479,-8.871260811327));
#9085 = CARTESIAN_POINT('',(1.418433853075,-8.878347190253));
#9086 = CARTESIAN_POINT('',(1.394752285791,-8.903630465426));
#9087 = CARTESIAN_POINT('',(1.377505222537,-8.920492235907));
#9088 = CARTESIAN_POINT('',(1.360257548442,-8.93609754608));
#9089 = CARTESIAN_POINT('',(1.343009399791,-8.950618949249));
#9090 = CARTESIAN_POINT('',(1.325760867246,-8.964182093413));
#9091 = CARTESIAN_POINT('',(1.308512012993,-8.976886318641));
#9092 = CARTESIAN_POINT('',(1.291262878176,-8.98880509121));
#9093 = CARTESIAN_POINT('',(1.274013497799,-9.000000503188));
#9094 = ( GEOMETRIC_REPRESENTATION_CONTEXT(2) 
PARAMETRIC_REPRESENTATION_CONTEXT() REPRESENTATION_CONTEXT('2D SPACE',''
  ) );
#9095 = ORIENTED_EDGE('',*,*,#9096,.T.);
#9096 = EDGE_CURVE('',#8909,#6924,#9097,.T.);
#9097 = SURFACE_CURVE('',#9098,(#9103,#9110),.PCURVE_S1.);
#9098 = CIRCLE('',#9099,62.987978035896);
#9099 = AXIS2_PLACEMENT_3D('',#9100,#9101,#9102);
#9100 = CARTESIAN_POINT('',(-226.6199967142,-480.7094509528,
    87.867683064697));
#9101 = DIRECTION('',(1.008768357388E-16,0.965925826289,-0.258819045103)
  );
#9102 = DIRECTION('',(-1.,9.743954091442E-17,-2.610884629888E-17));
#9103 = PCURVE('',#5218,#9104);
#9104 = DEFINITIONAL_REPRESENTATION('',(#9105),#9109);
#9105 = LINE('',#9106,#9107);
#9106 = CARTESIAN_POINT('',(8.881784197001E-16,4.903952216374E-02));
#9107 = VECTOR('',#9108,1.);
#9108 = DIRECTION('',(1.,0.));
#9109 = ( GEOMETRIC_REPRESENTATION_CONTEXT(2) 
PARAMETRIC_REPRESENTATION_CONTEXT() REPRESENTATION_CONTEXT('2D SPACE',''
  ) );
#9110 = PCURVE('',#6940,#9111);
#9111 = DEFINITIONAL_REPRESENTATION('',(#9112),#9116);
#9112 = CIRCLE('',#9113,62.987978035896);
#9113 = AXIS2_PLACEMENT_2D('',#9114,#9115);
#9114 = CARTESIAN_POINT('',(43.711708316858,-43.7103048741));
#9115 = DIRECTION('',(5.189794034962E-29,-1.));
#9116 = ( GEOMETRIC_REPRESENTATION_CONTEXT(2) 
PARAMETRIC_REPRESENTATION_CONTEXT() REPRESENTATION_CONTEXT('2D SPACE',''
  ) );
#9117 = ORIENTED_EDGE('',*,*,#6956,.T.);
#9118 = ADVANCED_FACE('',(#9119),#5246,.T.);
#9119 = FACE_BOUND('',#9120,.T.);
#9120 = EDGE_LOOP('',(#9121,#9143,#9144,#9145));
#9121 = ORIENTED_EDGE('',*,*,#9122,.T.);
#9122 = EDGE_CURVE('',#6764,#5231,#9123,.T.);
#9123 = SURFACE_CURVE('',#9124,(#9129,#9136),.PCURVE_S1.);
#9124 = CIRCLE('',#9125,10.);
#9125 = AXIS2_PLACEMENT_3D('',#9126,#9127,#9128);
#9126 = CARTESIAN_POINT('',(-886.6199967142,-494.9003559168,
    36.800487027911));
#9127 = DIRECTION('',(1.,-1.050497185157E-16,-2.292723163573E-18));
#9128 = DIRECTION('',(-2.94034683508E-17,-0.258819045103,-0.965925826289
    ));
#9129 = PCURVE('',#5246,#9130);
#9130 = DEFINITIONAL_REPRESENTATION('',(#9131),#9135);
#9131 = LINE('',#9132,#9133);
#9132 = CARTESIAN_POINT('',(7.068583470577,165.));
#9133 = VECTOR('',#9134,1.);
#9134 = DIRECTION('',(-1.,0.));
#9135 = ( GEOMETRIC_REPRESENTATION_CONTEXT(2) 
PARAMETRIC_REPRESENTATION_CONTEXT() REPRESENTATION_CONTEXT('2D SPACE',''
  ) );
#9136 = PCURVE('',#5279,#9137);
#9137 = DEFINITIONAL_REPRESENTATION('',(#9138),#9142);
#9138 = LINE('',#9139,#9140);
#9139 = CARTESIAN_POINT('',(4.712388980385,0.));
#9140 = VECTOR('',#9141,1.);
#9141 = DIRECTION('',(0.,1.));
#9142 = ( GEOMETRIC_REPRESENTATION_CONTEXT(2) 
PARAMETRIC_REPRESENTATION_CONTEXT() REPRESENTATION_CONTEXT('2D SPACE',''
  ) );
#9143 = ORIENTED_EDGE('',*,*,#5230,.T.);
#9144 = ORIENTED_EDGE('',*,*,#8884,.F.);
#9145 = ORIENTED_EDGE('',*,*,#6813,.T.);
#9146 = ADVANCED_FACE('',(#9147),#5279,.T.);
#9147 = FACE_BOUND('',#9148,.T.);
#9148 = EDGE_LOOP('',(#9149,#9150,#9172,#9173,#9174,#9175,#9176));
#9149 = ORIENTED_EDGE('',*,*,#6516,.F.);
#9150 = ORIENTED_EDGE('',*,*,#9151,.T.);
#9151 = EDGE_CURVE('',#6485,#5259,#9152,.T.);
#9152 = SURFACE_CURVE('',#9153,(#9158,#9165),.PCURVE_S1.);
#9153 = CIRCLE('',#9154,10.);
#9154 = AXIS2_PLACEMENT_3D('',#9155,#9156,#9157);
#9155 = CARTESIAN_POINT('',(-939.6199967142,-481.1829465263,
    87.994555821232));
#9156 = DIRECTION('',(-2.940346835074E-17,-0.258819045103,
    -0.965925826289));
#9157 = DIRECTION('',(-1.,1.050497185157E-16,2.292723163516E-18));
#9158 = PCURVE('',#5279,#9159);
#9159 = DEFINITIONAL_REPRESENTATION('',(#9160),#9164);
#9160 = LINE('',#9161,#9162);
#9161 = CARTESIAN_POINT('',(6.28318530718,0.));
#9162 = VECTOR('',#9163,1.);
#9163 = DIRECTION('',(0.,1.));
#9164 = ( GEOMETRIC_REPRESENTATION_CONTEXT(2) 
PARAMETRIC_REPRESENTATION_CONTEXT() REPRESENTATION_CONTEXT('2D SPACE',''
  ) );
#9165 = PCURVE('',#5307,#9166);
#9166 = DEFINITIONAL_REPRESENTATION('',(#9167),#9171);
#9167 = LINE('',#9168,#9169);
#9168 = CARTESIAN_POINT('',(7.068583470577,-345.));
#9169 = VECTOR('',#9170,1.);
#9170 = DIRECTION('',(-1.,0.));
#9171 = ( GEOMETRIC_REPRESENTATION_CONTEXT(2) 
PARAMETRIC_REPRESENTATION_CONTEXT() REPRESENTATION_CONTEXT('2D SPACE',''
  ) );
#9172 = ORIENTED_EDGE('',*,*,#5258,.T.);
#9173 = ORIENTED_EDGE('',*,*,#9122,.F.);
#9174 = ORIENTED_EDGE('',*,*,#6763,.T.);
#9175 = ORIENTED_EDGE('',*,*,#6236,.F.);
#9176 = ORIENTED_EDGE('',*,*,#9177,.T.);
#9177 = EDGE_CURVE('',#6204,#6517,#9178,.T.);
#9178 = SURFACE_CURVE('',#9179,(#9184,#9191),.PCURVE_S1.);
#9179 = CIRCLE('',#9180,62.987978035896);
#9180 = AXIS2_PLACEMENT_3D('',#9181,#9182,#9183);
#9181 = CARTESIAN_POINT('',(-886.6199967142,-480.7094509528,
    87.867683064697));
#9182 = DIRECTION('',(1.008768357388E-16,0.965925826289,-0.258819045103)
  );
#9183 = DIRECTION('',(-1.,9.743954091442E-17,-2.610884629888E-17));
#9184 = PCURVE('',#5279,#9185);
#9185 = DEFINITIONAL_REPRESENTATION('',(#9186),#9190);
#9186 = LINE('',#9187,#9188);
#9187 = CARTESIAN_POINT('',(0.,4.903952216373E-02));
#9188 = VECTOR('',#9189,1.);
#9189 = DIRECTION('',(1.,0.));
#9190 = ( GEOMETRIC_REPRESENTATION_CONTEXT(2) 
PARAMETRIC_REPRESENTATION_CONTEXT() REPRESENTATION_CONTEXT('2D SPACE',''
  ) );
#9191 = PCURVE('',#6220,#9192);
#9192 = DEFINITIONAL_REPRESENTATION('',(#9193),#9201);
#9193 = ( BOUNDED_CURVE() B_SPLINE_CURVE(2,(#9194,#9195,#9196,#9197,
#9198,#9199,#9200),.UNSPECIFIED.,.T.,.F.) B_SPLINE_CURVE_WITH_KNOTS((1,2
    ,2,2,2,1),(-2.094395102393,0.,2.094395102393,4.188790204786,
6.28318530718,8.377580409573),.UNSPECIFIED.) CURVE() 
GEOMETRIC_REPRESENTATION_ITEM() RATIONAL_B_SPLINE_CURVE((1.,0.5,1.,0.5,
1.,0.5,1.)) REPRESENTATION_ITEM('') );
#9194 = CARTESIAN_POINT('',(-43.71170831685,-19.27766659029));
#9195 = CARTESIAN_POINT('',(-152.810086541,-19.27766659029));
#9196 = CARTESIAN_POINT('',(-98.26089742896,75.204300463548));
#9197 = CARTESIAN_POINT('',(-43.71170831685,169.68626751739));
#9198 = CARTESIAN_POINT('',(10.837480795244,75.204300463548));
#9199 = CARTESIAN_POINT('',(65.386669907346,-19.27766659029));
#9200 = CARTESIAN_POINT('',(-43.71170831685,-19.27766659029));
#9201 = ( GEOMETRIC_REPRESENTATION_CONTEXT(2) 
PARAMETRIC_REPRESENTATION_CONTEXT() REPRESENTATION_CONTEXT('2D SPACE',''
  ) );
#9202 = ADVANCED_FACE('',(#9203),#5307,.T.);
#9203 = FACE_BOUND('',#9204,.T.);
#9204 = EDGE_LOOP('',(#9205,#9206,#9228,#9229,#9230,#9231));
#9205 = ORIENTED_EDGE('',*,*,#5785,.F.);
#9206 = ORIENTED_EDGE('',*,*,#9207,.T.);
#9207 = EDGE_CURVE('',#5786,#5292,#9208,.T.);
#9208 = SURFACE_CURVE('',#9209,(#9214,#9221),.PCURVE_S1.);
#9209 = CIRCLE('',#9210,10.);
#9210 = AXIS2_PLACEMENT_3D('',#9211,#9212,#9213);
#9211 = CARTESIAN_POINT('',(-939.6199967142,-362.1261857792,
    532.3204359142));
#9212 = DIRECTION('',(-2.940346835074E-17,-0.258819045103,
    -0.965925826289));
#9213 = DIRECTION('',(-1.,1.050497185157E-16,2.292723163516E-18));
#9214 = PCURVE('',#5307,#9215);
#9215 = DEFINITIONAL_REPRESENTATION('',(#9216),#9220);
#9216 = LINE('',#9217,#9218);
#9217 = CARTESIAN_POINT('',(7.068583470577,115.));
#9218 = VECTOR('',#9219,1.);
#9219 = DIRECTION('',(-1.,0.));
#9220 = ( GEOMETRIC_REPRESENTATION_CONTEXT(2) 
PARAMETRIC_REPRESENTATION_CONTEXT() REPRESENTATION_CONTEXT('2D SPACE',''
  ) );
#9221 = PCURVE('',#5340,#9222);
#9222 = DEFINITIONAL_REPRESENTATION('',(#9223),#9227);
#9223 = LINE('',#9224,#9225);
#9224 = CARTESIAN_POINT('',(0.,0.));
#9225 = VECTOR('',#9226,1.);
#9226 = DIRECTION('',(0.,1.));
#9227 = ( GEOMETRIC_REPRESENTATION_CONTEXT(2) 
PARAMETRIC_REPRESENTATION_CONTEXT() REPRESENTATION_CONTEXT('2D SPACE',''
  ) );
#9228 = ORIENTED_EDGE('',*,*,#5291,.T.);
#9229 = ORIENTED_EDGE('',*,*,#9151,.F.);
#9230 = ORIENTED_EDGE('',*,*,#6484,.T.);
#9231 = ORIENTED_EDGE('',*,*,#6087,.T.);
#9232 = ADVANCED_FACE('',(#9233),#5340,.T.);
#9233 = FACE_BOUND('',#9234,.T.);
#9234 = EDGE_LOOP('',(#9235,#9337,#9359,#9360,#9361,#9362));
#9235 = ORIENTED_EDGE('',*,*,#9236,.T.);
#9236 = EDGE_CURVE('',#9237,#9239,#9241,.T.);
#9237 = VERTEX_POINT('',#9238);
#9238 = CARTESIAN_POINT('',(-903.6330563362,-345.9374582925,
    590.76787002978));
#9239 = VERTEX_POINT('',#9240);
#9240 = CARTESIAN_POINT('',(-886.6199967142,-345.6612669086,
    593.1296589786));
#9241 = SURFACE_CURVE('',#9242,(#9269,#9299),.PCURVE_S1.);
#9242 = B_SPLINE_CURVE_WITH_KNOTS('',7,(#9243,#9244,#9245,#9246,#9247,
    #9248,#9249,#9250,#9251,#9252,#9253,#9254,#9255,#9256,#9257,#9258,
    #9259,#9260,#9261,#9262,#9263,#9264,#9265,#9266,#9267,#9268),
  .UNSPECIFIED.,.F.,.F.,(8,6,6,6,8),(0.,0.502331429278,0.751553653368,
    0.875632155784,1.),.UNSPECIFIED.);
#9243 = CARTESIAN_POINT('',(-903.6331104472,-345.93746165,
    590.76785518117));
#9244 = CARTESIAN_POINT('',(-902.4424634803,-345.8635834321,
    591.09458194859));
#9245 = CARTESIAN_POINT('',(-901.2441766384,-345.7976838489,
    591.3952310424));
#9246 = CARTESIAN_POINT('',(-900.0390021872,-345.7399113534,
    591.66962519596));
#9247 = CARTESIAN_POINT('',(-898.8277003374,-345.6904295023,
    591.91761803683));
#9248 = CARTESIAN_POINT('',(-897.6110403823,-345.6494508041,
    592.13910328755));
#9249 = CARTESIAN_POINT('',(-896.3898002962,-345.6172236697,
    592.33401175042));
#9250 = CARTESIAN_POINT('',(-894.5569979775,-345.582788329,
    592.58588234323));
#9251 = CARTESIAN_POINT('',(-893.9482919999,-345.5736368428,
    592.66286721566));
#9252 = CARTESIAN_POINT('',(-893.3387503516,-345.5668077225,
    592.73331608924));
#9253 = CARTESIAN_POINT('',(-892.7284710633,-345.562374041,
    592.79723721289));
#9254 = CARTESIAN_POINT('',(-892.1175540562,-345.5604227068,
    592.85464424016));
#9255 = CARTESIAN_POINT('',(-891.5061020915,-345.5610756848,
    592.90556212719));
#9256 = CARTESIAN_POINT('',(-890.5895909501,-345.5662601108,
    592.97218388154));
#9257 = CARTESIAN_POINT('',(-890.2848535143,-345.5686795532,
    592.99273150868));
#9258 = CARTESIAN_POINT('',(-889.9800236992,-345.5718203877,
    593.0116889631));
#9259 = CARTESIAN_POINT('',(-889.6751154791,-345.5757143701,
    593.02906419439));
#9260 = CARTESIAN_POINT('',(-889.3701436943,-345.5803998867,
    593.04486705931));
#9261 = CARTESIAN_POINT('',(-889.0651244068,-345.5859280434,
    593.05911100398));
#9262 = CARTESIAN_POINT('',(-888.4543154791,-345.598836612,
    593.08455139944));
#9263 = CARTESIAN_POINT('',(-888.1485316485,-345.6062205365,
    593.09574023964));
#9264 = CARTESIAN_POINT('',(-887.8427360252,-345.6146087324,
    593.10540531043));
#9265 = CARTESIAN_POINT('',(-887.5369463672,-345.6240880636,
    593.11357001462));
#9266 = CARTESIAN_POINT('',(-887.2311953066,-345.6348433832,
    593.12028439676));
#9267 = CARTESIAN_POINT('',(-886.9255193647,-345.6470411511,
    593.12559399925));
#9268 = CARTESIAN_POINT('',(-886.6199967142,-345.6612669086,
    593.1296589786));
#9269 = PCURVE('',#5340,#9270);
#9270 = DEFINITIONAL_REPRESENTATION('',(#9271),#9298);
#9271 = B_SPLINE_CURVE_WITH_KNOTS('',7,(#9272,#9273,#9274,#9275,#9276,
    #9277,#9278,#9279,#9280,#9281,#9282,#9283,#9284,#9285,#9286,#9287,
    #9288,#9289,#9290,#9291,#9292,#9293,#9294,#9295,#9296,#9297),
  .UNSPECIFIED.,.F.,.F.,(8,6,6,6,8),(0.,0.502331429278,0.751553653368,
    0.875632155784,1.),.UNSPECIFIED.);
#9272 = CARTESIAN_POINT('',(1.297294062398,5.100225731756E-02));
#9273 = CARTESIAN_POINT('',(1.316929858592,4.968031521706E-02));
#9274 = CARTESIAN_POINT('',(1.336565075003,4.826261552302E-02));
#9275 = CARTESIAN_POINT('',(1.356199646341,4.673941731606E-02));
#9276 = CARTESIAN_POINT('',(1.375833483106,4.509872331648E-02));
#9277 = CARTESIAN_POINT('',(1.395466463083,4.332277086742E-02));
#9278 = CARTESIAN_POINT('',(1.415098389663,4.138937265331E-02));
#9279 = CARTESIAN_POINT('',(1.444468210026,3.819421919202E-02));
#9280 = CARTESIAN_POINT('',(1.454207156762,3.708486662525E-02));
#9281 = CARTESIAN_POINT('',(1.463945712423,3.592037038582E-02));
#9282 = CARTESIAN_POINT('',(1.473683815889,3.469346153183E-02));
#9283 = CARTESIAN_POINT('',(1.483421378874,3.339539510001E-02));
#9284 = CARTESIAN_POINT('',(1.493158270276,3.201374800213E-02));
#9285 = CARTESIAN_POINT('',(1.507741480396,2.978763580505E-02));
#9286 = CARTESIAN_POINT('',(1.512588454558,2.902178655675E-02));
#9287 = CARTESIAN_POINT('',(1.517435181311,2.822742088093E-02));
#9288 = CARTESIAN_POINT('',(1.522281624205,2.740126628121E-02));
#9289 = CARTESIAN_POINT('',(1.527127733111,2.653936054592E-02));
#9290 = CARTESIAN_POINT('',(1.531973438549,2.563642002831E-02));
#9291 = CARTESIAN_POINT('',(1.541675140573,2.373052153094E-02));
#9292 = CARTESIAN_POINT('',(1.546531040344,2.272742129954E-02));
#9293 = CARTESIAN_POINT('',(1.551386337579,2.166676620995E-02));
#9294 = CARTESIAN_POINT('',(1.556240937081,2.053956131625E-02));
#9295 = CARTESIAN_POINT('',(1.561094507489,1.932665747771E-02));
#9296 = CARTESIAN_POINT('',(1.565946655732,1.801079895105E-02));
#9297 = CARTESIAN_POINT('',(1.570796326795,1.653128473157E-02));
#9298 = ( GEOMETRIC_REPRESENTATION_CONTEXT(2) 
PARAMETRIC_REPRESENTATION_CONTEXT() REPRESENTATION_CONTEXT('2D SPACE',''
  ) );
#9299 = PCURVE('',#9300,#9308);
#9300 = SURFACE_OF_LINEAR_EXTRUSION('',#9301,#9306);
#9301 = CIRCLE('',#9302,63.05);
#9302 = AXIS2_PLACEMENT_3D('',#9303,#9304,#9305);
#9303 = CARTESIAN_POINT('',(-886.57,-370.3400291256,534.46956479662));
#9304 = DIRECTION('',(-7.610706790497E-16,-0.965925826289,0.258819045103
    ));
#9305 = DIRECTION('',(-1.803121930557E-15,0.258819045103,0.965925826289)
  );
#9306 = VECTOR('',#9307,1.);
#9307 = DIRECTION('',(-0.,-0.965885549343,0.258969313954));
#9308 = DEFINITIONAL_REPRESENTATION('',(#9309),#9336);
#9309 = B_SPLINE_CURVE_WITH_KNOTS('',7,(#9310,#9311,#9312,#9313,#9314,
    #9315,#9316,#9317,#9318,#9319,#9320,#9321,#9322,#9323,#9324,#9325,
    #9326,#9327,#9328,#9329,#9330,#9331,#9332,#9333,#9334,#9335),
  .UNSPECIFIED.,.F.,.F.,(8,6,6,6,8),(0.,0.502331429278,0.751553653368,
    0.875632155784,1.),.UNSPECIFIED.);
#9310 = CARTESIAN_POINT('',(0.27404556244,-9.000000503188));
#9311 = CARTESIAN_POINT('',(0.254429393412,-8.986798271675));
#9312 = CARTESIAN_POINT('',(0.23481355729,-8.972638669506));
#9313 = CARTESIAN_POINT('',(0.215198111377,-8.957424182024));
#9314 = CARTESIAN_POINT('',(0.195583124697,-8.941034709425));
#9315 = CARTESIAN_POINT('',(0.175968715728,-8.923292491067));
#9316 = CARTESIAN_POINT('',(0.156355063857,-8.90397548994));
#9317 = CARTESIAN_POINT('',(0.127012126726,-8.872048568167));
#9318 = CARTESIAN_POINT('',(0.117282019262,-8.860963073796));
#9319 = CARTESIAN_POINT('',(0.107552225981,-8.849325987055));
#9320 = CARTESIAN_POINT('',(9.782280655968E-02,-8.837064590253));
#9321 = CARTESIAN_POINT('',(8.809384783086E-02,-8.824091402159));
#9322 = CARTESIAN_POINT('',(7.836547941919E-02,-8.810282154828));
#9323 = CARTESIAN_POINT('',(6.379491155358E-02,-8.788031404705));
#9324 = CARTESIAN_POINT('',(5.895211892383E-02,-8.78037628546));
#9325 = CARTESIAN_POINT('',(5.410955298784E-02,-8.772435921999));
#9326 = CARTESIAN_POINT('',(4.926724999913E-02,-8.764177582935));
#9327 = CARTESIAN_POINT('',(4.442525987785E-02,-8.755561638971));
#9328 = CARTESIAN_POINT('',(3.95836518789E-02,-8.746535245344));
#9329 = CARTESIAN_POINT('',(2.989011104687E-02,-8.727482066437));
#9330 = CARTESIAN_POINT('',(2.503827484816E-02,-8.717453858069));
#9331 = CARTESIAN_POINT('',(2.018701924126E-02,-8.706849978491));
#9332 = CARTESIAN_POINT('',(1.533643917507E-02,-8.695580466559));
#9333 = CARTESIAN_POINT('',(1.048686556165E-02,-8.683453815486));
#9334 = CARTESIAN_POINT('',(5.638690976143E-03,-8.670297449991));
#9335 = CARTESIAN_POINT('',(7.929693819612E-04,-8.655504329204));
#9336 = ( GEOMETRIC_REPRESENTATION_CONTEXT(2) 
PARAMETRIC_REPRESENTATION_CONTEXT() REPRESENTATION_CONTEXT('2D SPACE',''
  ) );
#9337 = ORIENTED_EDGE('',*,*,#9338,.T.);
#9338 = EDGE_CURVE('',#9239,#5320,#9339,.T.);
#9339 = SURFACE_CURVE('',#9340,(#9345,#9352),.PCURVE_S1.);
#9340 = CIRCLE('',#9341,10.);
#9341 = AXIS2_PLACEMENT_3D('',#9342,#9343,#9344);
#9342 = CARTESIAN_POINT('',(-886.6199967142,-348.4087763887,
    583.51450470752));
#9343 = DIRECTION('',(-1.,1.050497185157E-16,2.292723163573E-18));
#9344 = DIRECTION('',(2.94034683508E-17,0.258819045103,0.965925826289));
#9345 = PCURVE('',#5340,#9346);
#9346 = DEFINITIONAL_REPRESENTATION('',(#9347),#9351);
#9347 = LINE('',#9348,#9349);
#9348 = CARTESIAN_POINT('',(1.570796326795,0.));
#9349 = VECTOR('',#9350,1.);
#9350 = DIRECTION('',(0.,1.));
#9351 = ( GEOMETRIC_REPRESENTATION_CONTEXT(2) 
PARAMETRIC_REPRESENTATION_CONTEXT() REPRESENTATION_CONTEXT('2D SPACE',''
  ) );
#9352 = PCURVE('',#5366,#9353);
#9353 = DEFINITIONAL_REPRESENTATION('',(#9354),#9358);
#9354 = LINE('',#9355,#9356);
#9355 = CARTESIAN_POINT('',(0.785398163397,-495.));
#9356 = VECTOR('',#9357,1.);
#9357 = DIRECTION('',(-1.,0.));
#9358 = ( GEOMETRIC_REPRESENTATION_CONTEXT(2) 
PARAMETRIC_REPRESENTATION_CONTEXT() REPRESENTATION_CONTEXT('2D SPACE',''
  ) );
#9359 = ORIENTED_EDGE('',*,*,#5319,.T.);
#9360 = ORIENTED_EDGE('',*,*,#9207,.F.);
#9361 = ORIENTED_EDGE('',*,*,#5814,.T.);
#9362 = ORIENTED_EDGE('',*,*,#9363,.T.);
#9363 = EDGE_CURVE('',#5815,#9237,#9364,.T.);
#9364 = SURFACE_CURVE('',#9365,(#9370,#9377),.PCURVE_S1.);
#9365 = CIRCLE('',#9366,62.986996698453);
#9366 = AXIS2_PLACEMENT_3D('',#9367,#9368,#9369);
#9367 = CARTESIAN_POINT('',(-886.6199967142,-361.6337559355,
    532.18848973526));
#9368 = DIRECTION('',(1.008768357388E-16,0.965925826289,-0.258819045103)
  );
#9369 = DIRECTION('',(-1.,9.743954091442E-17,-2.610884629888E-17));
#9370 = PCURVE('',#5340,#9371);
#9371 = DEFINITIONAL_REPRESENTATION('',(#9372),#9376);
#9372 = LINE('',#9373,#9374);
#9373 = CARTESIAN_POINT('',(0.,5.100219725107E-02));
#9374 = VECTOR('',#9375,1.);
#9375 = DIRECTION('',(1.,0.));
#9376 = ( GEOMETRIC_REPRESENTATION_CONTEXT(2) 
PARAMETRIC_REPRESENTATION_CONTEXT() REPRESENTATION_CONTEXT('2D SPACE',''
  ) );
#9377 = PCURVE('',#6040,#9378);
#9378 = DEFINITIONAL_REPRESENTATION('',(#9379),#9383);
#9379 = CIRCLE('',#9380,62.986996698453);
#9380 = AXIS2_PLACEMENT_2D('',#9381,#9382);
#9381 = CARTESIAN_POINT('',(-43.70890800278,43.7103114456));
#9382 = DIRECTION('',(5.190478029832E-29,-1.));
#9383 = ( GEOMETRIC_REPRESENTATION_CONTEXT(2) 
PARAMETRIC_REPRESENTATION_CONTEXT() REPRESENTATION_CONTEXT('2D SPACE',''
  ) );
#9384 = ADVANCED_FACE('',(#9385),#5366,.T.);
#9385 = FACE_BOUND('',#9386,.T.);
#9386 = EDGE_LOOP('',(#9387,#9388,#9389,#9390,#9425,#9447,#9476,#9499,
    #9528,#9550));
#9387 = ORIENTED_EDGE('',*,*,#8367,.F.);
#9388 = ORIENTED_EDGE('',*,*,#5352,.T.);
#9389 = ORIENTED_EDGE('',*,*,#9338,.F.);
#9390 = ORIENTED_EDGE('',*,*,#9391,.T.);
#9391 = EDGE_CURVE('',#9239,#9392,#9394,.T.);
#9392 = VERTEX_POINT('',#9393);
#9393 = CARTESIAN_POINT('',(-886.57,-345.6624352375,593.12999274928));
#9394 = SURFACE_CURVE('',#9395,(#9403,#9414),.PCURVE_S1.);
#9395 = B_SPLINE_CURVE_WITH_KNOTS('',3,(#9396,#9397,#9398,#9399,#9400,
    #9401,#9402),.UNSPECIFIED.,.F.,.F.,(4,1,1,1,4),(0.,0.19843143895,
    0.631026449925,0.838259274067,1.),.UNSPECIFIED.);
#9396 = CARTESIAN_POINT('',(-886.6199973142,-345.6612668807,
    593.12965897062));
#9397 = CARTESIAN_POINT('',(-886.6166929714,-345.6614207395,
    593.12970293543));
#9398 = CARTESIAN_POINT('',(-886.6061822269,-345.6618623668,
    593.1298291167));
#9399 = CARTESIAN_POINT('',(-886.5922111565,-345.6622455344,
    593.12993856597));
#9400 = CARTESIAN_POINT('',(-886.5788481869,-345.6624118859,
    593.12998607973));
#9401 = CARTESIAN_POINT('',(-886.5726965893,-345.6624352372,
    593.12999274919));
#9402 = CARTESIAN_POINT('',(-886.57,-345.6624352372,593.12999274919));
#9403 = PCURVE('',#5366,#9404);
#9404 = DEFINITIONAL_REPRESENTATION('',(#9405),#9413);
#9405 = B_SPLINE_CURVE_WITH_KNOTS('',3,(#9406,#9407,#9408,#9409,#9410,
    #9411,#9412),.UNSPECIFIED.,.F.,.F.,(4,1,1,1,4),(0.,0.19843143895,
    0.631026449925,0.838259274067,1.),.UNSPECIFIED.);
#9406 = CARTESIAN_POINT('',(0.768866875763,-495.0000006));
#9407 = CARTESIAN_POINT('',(0.768882877457,-494.9966962571));
#9408 = CARTESIAN_POINT('',(0.768928807449,-494.9861855126));
#9409 = CARTESIAN_POINT('',(0.768968656738,-494.9722144422));
#9410 = CARTESIAN_POINT('',(0.768985957136,-494.9588514726));
#9411 = CARTESIAN_POINT('',(0.768988385642,-494.952699875));
#9412 = CARTESIAN_POINT('',(0.768988385642,-494.9500032857));
#9413 = ( GEOMETRIC_REPRESENTATION_CONTEXT(2) 
PARAMETRIC_REPRESENTATION_CONTEXT() REPRESENTATION_CONTEXT('2D SPACE',''
  ) );
#9414 = PCURVE('',#9300,#9415);
#9415 = DEFINITIONAL_REPRESENTATION('',(#9416),#9424);
#9416 = B_SPLINE_CURVE_WITH_KNOTS('',3,(#9417,#9418,#9419,#9420,#9421,
    #9422,#9423),.UNSPECIFIED.,.F.,.F.,(4,1,1,1,4),(1.20103047734E-05,
    0.198431437398,0.631026449211,0.838259273754,1.),.UNSPECIFIED.);
#9417 = CARTESIAN_POINT('',(7.929693804723E-04,-8.655504329174));
#9418 = CARTESIAN_POINT('',(7.405642428699E-04,-8.655344345668));
#9419 = CARTESIAN_POINT('',(5.738624628403E-04,-8.654885120076));
#9420 = CARTESIAN_POINT('',(3.522784587135E-04,-8.654486686706));
#9421 = CARTESIAN_POINT('',(1.403360342673E-04,-8.65431370603));
#9422 = CARTESIAN_POINT('',(4.276906135669E-05,-8.654289424238));
#9423 = CARTESIAN_POINT('',(0.,-8.654289424238));
#9424 = ( GEOMETRIC_REPRESENTATION_CONTEXT(2) 
PARAMETRIC_REPRESENTATION_CONTEXT() REPRESENTATION_CONTEXT('2D SPACE',''
  ) );
#9425 = ORIENTED_EDGE('',*,*,#9426,.F.);
#9426 = EDGE_CURVE('',#9427,#9392,#9429,.T.);
#9427 = VERTEX_POINT('',#9428);
#9428 = CARTESIAN_POINT('',(-886.6199967142,-345.6624352372,
    593.12999274919));
#9429 = SURFACE_CURVE('',#9430,(#9434,#9440),.PCURVE_S1.);
#9430 = LINE('',#9431,#9432);
#9431 = CARTESIAN_POINT('',(-391.6199967142,-345.6624352372,
    593.12999274919));
#9432 = VECTOR('',#9433,1.);
#9433 = DIRECTION('',(1.,-1.224646799147E-16,-6.728624391668E-17));
#9434 = PCURVE('',#5366,#9435);
#9435 = DEFINITIONAL_REPRESENTATION('',(#9436),#9439);
#9436 = B_SPLINE_CURVE_WITH_KNOTS('',1,(#9437,#9438),.UNSPECIFIED.,.F.,
  .F.,(2,2),(-495.0000006,-493.6450032857),.PIECEWISE_BEZIER_KNOTS.);
#9437 = CARTESIAN_POINT('',(0.768988385642,-495.0000006));
#9438 = CARTESIAN_POINT('',(0.768988385642,-493.6450032857));
#9439 = ( GEOMETRIC_REPRESENTATION_CONTEXT(2) 
PARAMETRIC_REPRESENTATION_CONTEXT() REPRESENTATION_CONTEXT('2D SPACE',''
  ) );
#9440 = PCURVE('',#5709,#9441);
#9441 = DEFINITIONAL_REPRESENTATION('',(#9442),#9446);
#9442 = LINE('',#9443,#9444);
#9443 = CARTESIAN_POINT('',(558.0000032858,-8.654289424231));
#9444 = VECTOR('',#9445,1.);
#9445 = DIRECTION('',(1.,1.008617922089E-16));
#9446 = ( GEOMETRIC_REPRESENTATION_CONTEXT(2) 
PARAMETRIC_REPRESENTATION_CONTEXT() REPRESENTATION_CONTEXT('2D SPACE',''
  ) );
#9447 = ORIENTED_EDGE('',*,*,#9448,.F.);
#9448 = EDGE_CURVE('',#9449,#9427,#9451,.T.);
#9449 = VERTEX_POINT('',#9450);
#9450 = CARTESIAN_POINT('',(-886.6199967142,-345.8205859377,
    593.17376297041));
#9451 = SURFACE_CURVE('',#9452,(#9457,#9464),.PCURVE_S1.);
#9452 = CIRCLE('',#9453,10.);
#9453 = AXIS2_PLACEMENT_3D('',#9454,#9455,#9456);
#9454 = CARTESIAN_POINT('',(-886.6199967142,-348.4087763887,
    583.51450470752));
#9455 = DIRECTION('',(-1.,1.050497185157E-16,2.292723163573E-18));
#9456 = DIRECTION('',(2.94034683508E-17,0.258819045103,0.965925826289));
#9457 = PCURVE('',#5366,#9458);
#9458 = DEFINITIONAL_REPRESENTATION('',(#9459),#9463);
#9459 = LINE('',#9460,#9461);
#9460 = CARTESIAN_POINT('',(0.785398163397,-495.));
#9461 = VECTOR('',#9462,1.);
#9462 = DIRECTION('',(-1.,0.));
#9463 = ( GEOMETRIC_REPRESENTATION_CONTEXT(2) 
PARAMETRIC_REPRESENTATION_CONTEXT() REPRESENTATION_CONTEXT('2D SPACE',''
  ) );
#9464 = PCURVE('',#9465,#9470);
#9465 = TOROIDAL_SURFACE('',#9466,53.,10.);
#9466 = AXIS2_PLACEMENT_3D('',#9467,#9468,#9469);
#9467 = CARTESIAN_POINT('',(-886.6199967142,-362.1261857792,
    532.3204359142));
#9468 = DIRECTION('',(1.008768357388E-16,0.965925826289,-0.258819045103)
  );
#9469 = DIRECTION('',(-1.,9.743954091442E-17,-2.610884629888E-17));
#9470 = DEFINITIONAL_REPRESENTATION('',(#9471),#9475);
#9471 = LINE('',#9472,#9473);
#9472 = CARTESIAN_POINT('',(1.570796326795,0.));
#9473 = VECTOR('',#9474,1.);
#9474 = DIRECTION('',(0.,1.));
#9475 = ( GEOMETRIC_REPRESENTATION_CONTEXT(2) 
PARAMETRIC_REPRESENTATION_CONTEXT() REPRESENTATION_CONTEXT('2D SPACE',''
  ) );
#9476 = ORIENTED_EDGE('',*,*,#9477,.T.);
#9477 = EDGE_CURVE('',#9449,#9478,#9480,.T.);
#9478 = VERTEX_POINT('',#9479);
#9479 = CARTESIAN_POINT('',(-226.6199967142,-345.8205859377,
    593.17376297041));
#9480 = SURFACE_CURVE('',#9481,(#9485,#9492),.PCURVE_S1.);
#9481 = LINE('',#9482,#9483);
#9482 = CARTESIAN_POINT('',(-391.6199967142,-345.8205859377,
    593.17376297041));
#9483 = VECTOR('',#9484,1.);
#9484 = DIRECTION('',(1.,-1.224646799147E-16,-6.728624391668E-17));
#9485 = PCURVE('',#5366,#9486);
#9486 = DEFINITIONAL_REPRESENTATION('',(#9487),#9491);
#9487 = LINE('',#9488,#9489);
#9488 = CARTESIAN_POINT('',(0.785398163397,0.));
#9489 = VECTOR('',#9490,1.);
#9490 = DIRECTION('',(1.2111523905E-17,1.));
#9491 = ( GEOMETRIC_REPRESENTATION_CONTEXT(2) 
PARAMETRIC_REPRESENTATION_CONTEXT() REPRESENTATION_CONTEXT('2D SPACE',''
  ) );
#9492 = PCURVE('',#8122,#9493);
#9493 = DEFINITIONAL_REPRESENTATION('',(#9494),#9498);
#9494 = LINE('',#9495,#9496);
#9495 = CARTESIAN_POINT('',(165.,10.00000000001));
#9496 = VECTOR('',#9497,1.);
#9497 = DIRECTION('',(-1.,-2.122394096032E-32));
#9498 = ( GEOMETRIC_REPRESENTATION_CONTEXT(2) 
PARAMETRIC_REPRESENTATION_CONTEXT() REPRESENTATION_CONTEXT('2D SPACE',''
  ) );
#9499 = ORIENTED_EDGE('',*,*,#9500,.F.);
#9500 = EDGE_CURVE('',#9501,#9478,#9503,.T.);
#9501 = VERTEX_POINT('',#9502);
#9502 = CARTESIAN_POINT('',(-226.6199967142,-345.6624352372,
    593.12999274919));
#9503 = SURFACE_CURVE('',#9504,(#9509,#9516),.PCURVE_S1.);
#9504 = CIRCLE('',#9505,10.);
#9505 = AXIS2_PLACEMENT_3D('',#9506,#9507,#9508);
#9506 = CARTESIAN_POINT('',(-226.6199967142,-348.4087763887,
    583.51450470752));
#9507 = DIRECTION('',(1.,-1.050497185157E-16,-2.292723163573E-18));
#9508 = DIRECTION('',(1.008768357388E-16,0.965925826289,-0.258819045103)
  );
#9509 = PCURVE('',#5366,#9510);
#9510 = DEFINITIONAL_REPRESENTATION('',(#9511),#9515);
#9511 = LINE('',#9512,#9513);
#9512 = CARTESIAN_POINT('',(-0.785398163397,165.));
#9513 = VECTOR('',#9514,1.);
#9514 = DIRECTION('',(1.,0.));
#9515 = ( GEOMETRIC_REPRESENTATION_CONTEXT(2) 
PARAMETRIC_REPRESENTATION_CONTEXT() REPRESENTATION_CONTEXT('2D SPACE',''
  ) );
#9516 = PCURVE('',#9517,#9522);
#9517 = TOROIDAL_SURFACE('',#9518,53.,10.);
#9518 = AXIS2_PLACEMENT_3D('',#9519,#9520,#9521);
#9519 = CARTESIAN_POINT('',(-226.6199967142,-362.1261857792,
    532.3204359142));
#9520 = DIRECTION('',(1.008768357388E-16,0.965925826289,-0.258819045103)
  );
#9521 = DIRECTION('',(-1.,9.743954091442E-17,-2.610884629888E-17));
#9522 = DEFINITIONAL_REPRESENTATION('',(#9523),#9527);
#9523 = LINE('',#9524,#9525);
#9524 = CARTESIAN_POINT('',(1.570796326795,1.570796326799));
#9525 = VECTOR('',#9526,1.);
#9526 = DIRECTION('',(0.,-1.));
#9527 = ( GEOMETRIC_REPRESENTATION_CONTEXT(2) 
PARAMETRIC_REPRESENTATION_CONTEXT() REPRESENTATION_CONTEXT('2D SPACE',''
  ) );
#9528 = ORIENTED_EDGE('',*,*,#9529,.F.);
#9529 = EDGE_CURVE('',#9530,#9501,#9532,.T.);
#9530 = VERTEX_POINT('',#9531);
#9531 = CARTESIAN_POINT('',(-226.67,-345.6624352375,593.12999274926));
#9532 = SURFACE_CURVE('',#9533,(#9537,#9543),.PCURVE_S1.);
#9533 = LINE('',#9534,#9535);
#9534 = CARTESIAN_POINT('',(-391.6199967142,-345.6624352372,
    593.12999274919));
#9535 = VECTOR('',#9536,1.);
#9536 = DIRECTION('',(1.,-1.224646799147E-16,-6.728624391668E-17));
#9537 = PCURVE('',#5366,#9538);
#9538 = DEFINITIONAL_REPRESENTATION('',(#9539),#9542);
#9539 = B_SPLINE_CURVE_WITH_KNOTS('',1,(#9540,#9541),.UNSPECIFIED.,.F.,
  .F.,(2,2),(163.64499671429,165.0000006),.PIECEWISE_BEZIER_KNOTS.);
#9540 = CARTESIAN_POINT('',(0.768988385642,163.64499671429));
#9541 = CARTESIAN_POINT('',(0.768988385642,165.0000006));
#9542 = ( GEOMETRIC_REPRESENTATION_CONTEXT(2) 
PARAMETRIC_REPRESENTATION_CONTEXT() REPRESENTATION_CONTEXT('2D SPACE',''
  ) );
#9543 = PCURVE('',#7736,#9544);
#9544 = DEFINITIONAL_REPRESENTATION('',(#9545),#9549);
#9545 = LINE('',#9546,#9547);
#9546 = CARTESIAN_POINT('',(227.9999967142,-8.654289424231));
#9547 = VECTOR('',#9548,1.);
#9548 = DIRECTION('',(-1.,1.008617922089E-16));
#9549 = ( GEOMETRIC_REPRESENTATION_CONTEXT(2) 
PARAMETRIC_REPRESENTATION_CONTEXT() REPRESENTATION_CONTEXT('2D SPACE',''
  ) );
#9550 = ORIENTED_EDGE('',*,*,#9551,.F.);
#9551 = EDGE_CURVE('',#8368,#9530,#9552,.T.);
#9552 = SURFACE_CURVE('',#9553,(#9561,#9572),.PCURVE_S1.);
#9553 = B_SPLINE_CURVE_WITH_KNOTS('',3,(#9554,#9555,#9556,#9557,#9558,
    #9559,#9560),.UNSPECIFIED.,.F.,.F.,(4,1,1,1,4),(0.,0.198536863512,
    0.631074980826,0.838280547824,1.),.UNSPECIFIED.);
#9554 = CARTESIAN_POINT('',(-226.6199961142,-345.6612665747,
    593.12965888318));
#9555 = CARTESIAN_POINT('',(-226.6233026465,-345.6614205553,
    593.12970288282));
#9556 = CARTESIAN_POINT('',(-226.6338155809,-345.6618623067,
    593.12982909953));
#9557 = CARTESIAN_POINT('',(-226.6477888435,-345.6622455344,
    593.12993856597));
#9558 = CARTESIAN_POINT('',(-226.6611518131,-345.6624118859,
    593.12998607973));
#9559 = CARTESIAN_POINT('',(-226.6673034107,-345.6624352372,
    593.12999274919));
#9560 = CARTESIAN_POINT('',(-226.67,-345.6624352372,593.12999274919));
#9561 = PCURVE('',#5366,#9562);
#9562 = DEFINITIONAL_REPRESENTATION('',(#9563),#9571);
#9563 = B_SPLINE_CURVE_WITH_KNOTS('',3,(#9564,#9565,#9566,#9567,#9568,
    #9569,#9570),.UNSPECIFIED.,.F.,.F.,(4,1,1,1,4),(0.,0.198536863512,
    0.631074980826,0.838280547824,1.),.UNSPECIFIED.);
#9564 = CARTESIAN_POINT('',(0.768866843938,165.0000006));
#9565 = CARTESIAN_POINT('',(0.768882858308,164.99669406776));
#9566 = CARTESIAN_POINT('',(0.768928801196,164.98618113338));
#9567 = CARTESIAN_POINT('',(0.768968656738,164.97220787076));
#9568 = CARTESIAN_POINT('',(0.768985957136,164.95884490117));
#9569 = CARTESIAN_POINT('',(0.768988385642,164.95269330358));
#9570 = CARTESIAN_POINT('',(0.768988385642,164.94999671429));
#9571 = ( GEOMETRIC_REPRESENTATION_CONTEXT(2) 
PARAMETRIC_REPRESENTATION_CONTEXT() REPRESENTATION_CONTEXT('2D SPACE',''
  ) );
#9572 = PCURVE('',#8453,#9573);
#9573 = DEFINITIONAL_REPRESENTATION('',(#9574),#9582);
#9574 = B_SPLINE_CURVE_WITH_KNOTS('',3,(#9575,#9576,#9577,#9578,#9579,
    #9580,#9581),.UNSPECIFIED.,.F.,.F.,(4,1,1,1,4),(1.200872619201E-05,
    0.19853686497,0.631074981497,0.838280548118,1.),.UNSPECIFIED.);
#9575 = CARTESIAN_POINT('',(7.930736088916E-04,-8.655504647384));
#9576 = CARTESIAN_POINT('',(7.40633745108E-04,-8.655344537134));
#9577 = CARTESIAN_POINT('',(5.738972323052E-04,-8.654885182595));
#9578 = CARTESIAN_POINT('',(3.522784571626E-04,-8.654486686701));
#9579 = CARTESIAN_POINT('',(1.403360330193E-04,-8.65431370603));
#9580 = CARTESIAN_POINT('',(4.276906088728E-05,-8.654289424234));
#9581 = CARTESIAN_POINT('',(0.,-8.654289424234));
#9582 = ( GEOMETRIC_REPRESENTATION_CONTEXT(2) 
PARAMETRIC_REPRESENTATION_CONTEXT() REPRESENTATION_CONTEXT('2D SPACE',''
  ) );
#9583 = ADVANCED_FACE('',(#9584),#5398,.T.);
#9584 = FACE_BOUND('',#9585,.T.);
#9585 = EDGE_LOOP('',(#9586,#9608,#9609,#9631));
#9586 = ORIENTED_EDGE('',*,*,#9587,.T.);
#9587 = EDGE_CURVE('',#5383,#8264,#9588,.T.);
#9588 = SURFACE_CURVE('',#9589,(#9594,#9601),.PCURVE_S1.);
#9589 = CIRCLE('',#9590,2.);
#9590 = AXIS2_PLACEMENT_3D('',#9591,#9592,#9593);
#9591 = CARTESIAN_POINT('',(-938.6199967142,-354.3987791689,
    530.24988355338));
#9592 = DIRECTION('',(-2.940346835074E-17,-0.258819045103,
    -0.965925826289));
#9593 = DIRECTION('',(1.008768357388E-16,0.965925826289,-0.258819045103)
  );
#9594 = PCURVE('',#5398,#9595);
#9595 = DEFINITIONAL_REPRESENTATION('',(#9596),#9600);
#9596 = LINE('',#9597,#9598);
#9597 = CARTESIAN_POINT('',(5.497787143782,-345.));
#9598 = VECTOR('',#9599,1.);
#9599 = DIRECTION('',(1.,0.));
#9600 = ( GEOMETRIC_REPRESENTATION_CONTEXT(2) 
PARAMETRIC_REPRESENTATION_CONTEXT() REPRESENTATION_CONTEXT('2D SPACE',''
  ) );
#9601 = PCURVE('',#5529,#9602);
#9602 = DEFINITIONAL_REPRESENTATION('',(#9603),#9607);
#9603 = LINE('',#9604,#9605);
#9604 = CARTESIAN_POINT('',(3.14159265359,4.712388980385));
#9605 = VECTOR('',#9606,1.);
#9606 = DIRECTION('',(0.,-1.));
#9607 = ( GEOMETRIC_REPRESENTATION_CONTEXT(2) 
PARAMETRIC_REPRESENTATION_CONTEXT() REPRESENTATION_CONTEXT('2D SPACE',''
  ) );
#9608 = ORIENTED_EDGE('',*,*,#8263,.T.);
#9609 = ORIENTED_EDGE('',*,*,#9610,.T.);
#9610 = EDGE_CURVE('',#8212,#5381,#9611,.T.);
#9611 = SURFACE_CURVE('',#9612,(#9617,#9624),.PCURVE_S1.);
#9612 = CIRCLE('',#9613,2.);
#9613 = AXIS2_PLACEMENT_3D('',#9614,#9615,#9616);
#9614 = CARTESIAN_POINT('',(-938.6199967142,-473.455539916,
    85.924003460412));
#9615 = DIRECTION('',(2.940346835074E-17,0.258819045103,0.965925826289)
  );
#9616 = DIRECTION('',(1.,-1.050497185157E-16,-2.292723163516E-18));
#9617 = PCURVE('',#5398,#9618);
#9618 = DEFINITIONAL_REPRESENTATION('',(#9619),#9623);
#9619 = LINE('',#9620,#9621);
#9620 = CARTESIAN_POINT('',(7.068583470577,115.));
#9621 = VECTOR('',#9622,1.);
#9622 = DIRECTION('',(-1.,0.));
#9623 = ( GEOMETRIC_REPRESENTATION_CONTEXT(2) 
PARAMETRIC_REPRESENTATION_CONTEXT() REPRESENTATION_CONTEXT('2D SPACE',''
  ) );
#9624 = PCURVE('',#5427,#9625);
#9625 = DEFINITIONAL_REPRESENTATION('',(#9626),#9630);
#9626 = LINE('',#9627,#9628);
#9627 = CARTESIAN_POINT('',(3.14159265359,3.14159265359));
#9628 = VECTOR('',#9629,1.);
#9629 = DIRECTION('',(0.,1.));
#9630 = ( GEOMETRIC_REPRESENTATION_CONTEXT(2) 
PARAMETRIC_REPRESENTATION_CONTEXT() REPRESENTATION_CONTEXT('2D SPACE',''
  ) );
#9631 = ORIENTED_EDGE('',*,*,#5380,.T.);
#9632 = ADVANCED_FACE('',(#9633),#5427,.T.);
#9633 = FACE_BOUND('',#9634,.T.);
#9634 = EDGE_LOOP('',(#9635,#9657,#9658,#9659));
#9635 = ORIENTED_EDGE('',*,*,#9636,.T.);
#9636 = EDGE_CURVE('',#5575,#5411,#9637,.T.);
#9637 = SURFACE_CURVE('',#9638,(#9643,#9650),.PCURVE_S1.);
#9638 = CIRCLE('',#9639,2.);
#9639 = AXIS2_PLACEMENT_3D('',#9640,#9641,#9642);
#9640 = CARTESIAN_POINT('',(-886.6199967142,-486.9141302613,
    35.69586049338));
#9641 = DIRECTION('',(-1.,1.050497185157E-16,2.292723163573E-18));
#9642 = DIRECTION('',(2.94034683508E-17,0.258819045103,0.965925826289));
#9643 = PCURVE('',#5427,#9644);
#9644 = DEFINITIONAL_REPRESENTATION('',(#9645),#9649);
#9645 = LINE('',#9646,#9647);
#9646 = CARTESIAN_POINT('',(4.712388980385,3.14159265359));
#9647 = VECTOR('',#9648,1.);
#9648 = DIRECTION('',(0.,1.));
#9649 = ( GEOMETRIC_REPRESENTATION_CONTEXT(2) 
PARAMETRIC_REPRESENTATION_CONTEXT() REPRESENTATION_CONTEXT('2D SPACE',''
  ) );
#9650 = PCURVE('',#5455,#9651);
#9651 = DEFINITIONAL_REPRESENTATION('',(#9652),#9656);
#9652 = LINE('',#9653,#9654);
#9653 = CARTESIAN_POINT('',(7.068583470577,-495.));
#9654 = VECTOR('',#9655,1.);
#9655 = DIRECTION('',(-1.,0.));
#9656 = ( GEOMETRIC_REPRESENTATION_CONTEXT(2) 
PARAMETRIC_REPRESENTATION_CONTEXT() REPRESENTATION_CONTEXT('2D SPACE',''
  ) );
#9657 = ORIENTED_EDGE('',*,*,#5410,.T.);
#9658 = ORIENTED_EDGE('',*,*,#9610,.F.);
#9659 = ORIENTED_EDGE('',*,*,#8234,.T.);
#9660 = ADVANCED_FACE('',(#9661),#5455,.T.);
#9661 = FACE_BOUND('',#9662,.T.);
#9662 = EDGE_LOOP('',(#9663,#9664,#9665,#9666));
#9663 = ORIENTED_EDGE('',*,*,#5546,.T.);
#9664 = ORIENTED_EDGE('',*,*,#5439,.T.);
#9665 = ORIENTED_EDGE('',*,*,#9636,.F.);
#9666 = ORIENTED_EDGE('',*,*,#5574,.T.);
#9667 = ADVANCED_FACE('',(#9668),#5529,.T.);
#9668 = FACE_BOUND('',#9669,.T.);
#9669 = EDGE_LOOP('',(#9670,#9671,#9672,#9673));
#9670 = ORIENTED_EDGE('',*,*,#9587,.F.);
#9671 = ORIENTED_EDGE('',*,*,#5514,.T.);
#9672 = ORIENTED_EDGE('',*,*,#8338,.F.);
#9673 = ORIENTED_EDGE('',*,*,#8311,.T.);
#9674 = ADVANCED_FACE('',(#9675),#5640,.F.);
#9675 = FACE_BOUND('',#9676,.F.);
#9676 = EDGE_LOOP('',(#9677,#9715,#9734,#9735));
#9677 = ORIENTED_EDGE('',*,*,#9678,.F.);
#9678 = EDGE_CURVE('',#9679,#9681,#9683,.T.);
#9679 = VERTEX_POINT('',#9680);
#9680 = CARTESIAN_POINT('',(-902.0944330287,-354.0373450677,595.31201));
#9681 = VERTEX_POINT('',#9682);
#9682 = CARTESIAN_POINT('',(-949.62,-366.962440587,547.07489682969));
#9683 = SURFACE_CURVE('',#9684,(#9689,#9700),.PCURVE_S1.);
#9684 = CIRCLE('',#9685,50.);
#9685 = AXIS2_PLACEMENT_3D('',#9686,#9687,#9688);
#9686 = CARTESIAN_POINT('',(-899.62,-366.962440587,547.07489682969));
#9687 = DIRECTION('',(1.450314988154E-15,-0.965925826289,0.258819045103)
  );
#9688 = DIRECTION('',(-2.273736754432E-15,0.258819045103,0.965925826289)
  );
#9689 = PCURVE('',#5640,#9690);
#9690 = DEFINITIONAL_REPRESENTATION('',(#9691),#9699);
#9691 = ( BOUNDED_CURVE() B_SPLINE_CURVE(2,(#9692,#9693,#9694,#9695,
#9696,#9697,#9698),.UNSPECIFIED.,.T.,.F.) B_SPLINE_CURVE_WITH_KNOTS((1,2
    ,2,2,2,1),(-2.094395102393,0.,2.094395102393,4.188790204786,
6.28318530718,8.377580409573),.UNSPECIFIED.) CURVE() 
GEOMETRIC_REPRESENTATION_ITEM() RATIONAL_B_SPLINE_CURVE((1.,0.5,1.,0.5,
1.,0.5,1.)) REPRESENTATION_ITEM('') );
#9692 = CARTESIAN_POINT('',(19.289691840193,30.7103081598));
#9693 = CARTESIAN_POINT('',(19.289691840193,-55.89223221864));
#9694 = CARTESIAN_POINT('',(-55.7103081598,-12.59096202942));
#9695 = CARTESIAN_POINT('',(-130.7103081598,30.7103081598));
#9696 = CARTESIAN_POINT('',(-55.7103081598,74.011578349022));
#9697 = CARTESIAN_POINT('',(19.289691840193,117.31284853824));
#9698 = CARTESIAN_POINT('',(19.289691840193,30.7103081598));
#9699 = ( GEOMETRIC_REPRESENTATION_CONTEXT(2) 
PARAMETRIC_REPRESENTATION_CONTEXT() REPRESENTATION_CONTEXT('2D SPACE',''
  ) );
#9700 = PCURVE('',#9701,#9709);
#9701 = SURFACE_OF_LINEAR_EXTRUSION('',#9702,#9707);
#9702 = CIRCLE('',#9703,50.);
#9703 = AXIS2_PLACEMENT_3D('',#9704,#9705,#9706);
#9704 = CARTESIAN_POINT('',(-899.62,-366.962440587,547.07489682969));
#9705 = DIRECTION('',(1.450314988154E-15,-0.965925826289,0.258819045103)
  );
#9706 = DIRECTION('',(-2.273736754432E-15,0.258819045103,0.965925826289)
  );
#9707 = VECTOR('',#9708,1.);
#9708 = DIRECTION('',(-0.,-0.965885549343,0.258969313954));
#9709 = DEFINITIONAL_REPRESENTATION('',(#9710),#9714);
#9710 = LINE('',#9711,#9712);
#9711 = CARTESIAN_POINT('',(0.,0.));
#9712 = VECTOR('',#9713,1.);
#9713 = DIRECTION('',(1.,0.));
#9714 = ( GEOMETRIC_REPRESENTATION_CONTEXT(2) 
PARAMETRIC_REPRESENTATION_CONTEXT() REPRESENTATION_CONTEXT('2D SPACE',''
  ) );
#9715 = ORIENTED_EDGE('',*,*,#9716,.T.);
#9716 = EDGE_CURVE('',#9679,#5622,#9717,.T.);
#9717 = SURFACE_CURVE('',#9718,(#9722,#9728),.PCURVE_S1.);
#9718 = LINE('',#9719,#9720);
#9719 = CARTESIAN_POINT('',(-949.9751541299,-354.0373450678,595.31201));
#9720 = VECTOR('',#9721,1.);
#9721 = DIRECTION('',(1.,-0.,0.));
#9722 = PCURVE('',#5640,#9723);
#9723 = DEFINITIONAL_REPRESENTATION('',(#9724),#9727);
#9724 = B_SPLINE_CURVE_WITH_KNOTS('',1,(#9725,#9726),.UNSPECIFIED.,.F.,
  .F.,(2,2),(0.3551541299,63.4051541299),.PIECEWISE_BEZIER_KNOTS.);
#9725 = CARTESIAN_POINT('',(19.228426117156,-19.2896918402));
#9726 = CARTESIAN_POINT('',(19.228426117156,43.7603081598));
#9727 = ( GEOMETRIC_REPRESENTATION_CONTEXT(2) 
PARAMETRIC_REPRESENTATION_CONTEXT() REPRESENTATION_CONTEXT('2D SPACE',''
  ) );
#9728 = PCURVE('',#5678,#9729);
#9729 = DEFINITIONAL_REPRESENTATION('',(#9730),#9733);
#9730 = B_SPLINE_CURVE_WITH_KNOTS('',1,(#9731,#9732),.UNSPECIFIED.,.F.,
  .F.,(2,2),(0.3551541299,63.4051541299),.PIECEWISE_BEZIER_KNOTS.);
#9731 = CARTESIAN_POINT('',(20.0000001,172.66096992005));
#9732 = CARTESIAN_POINT('',(83.0500001,172.66096992005));
#9733 = ( GEOMETRIC_REPRESENTATION_CONTEXT(2) 
PARAMETRIC_REPRESENTATION_CONTEXT() REPRESENTATION_CONTEXT('2D SPACE',''
  ) );
#9734 = ORIENTED_EDGE('',*,*,#5621,.T.);
#9735 = ORIENTED_EDGE('',*,*,#9736,.T.);
#9736 = EDGE_CURVE('',#5624,#9681,#9737,.T.);
#9737 = SURFACE_CURVE('',#9738,(#9742,#9749),.PCURVE_S1.);
#9738 = LINE('',#9739,#9740);
#9739 = CARTESIAN_POINT('',(-949.62,-370.3400291256,534.46956479662));
#9740 = VECTOR('',#9741,1.);
#9741 = DIRECTION('',(0.,0.258819045103,0.965925826289));
#9742 = PCURVE('',#5640,#9743);
#9743 = DEFINITIONAL_REPRESENTATION('',(#9744),#9748);
#9744 = LINE('',#9745,#9746);
#9745 = CARTESIAN_POINT('',(-43.7603081598,-19.2896918402));
#9746 = VECTOR('',#9747,1.);
#9747 = DIRECTION('',(1.,0.));
#9748 = ( GEOMETRIC_REPRESENTATION_CONTEXT(2) 
PARAMETRIC_REPRESENTATION_CONTEXT() REPRESENTATION_CONTEXT('2D SPACE',''
  ) );
#9749 = PCURVE('',#6070,#9750);
#9750 = DEFINITIONAL_REPRESENTATION('',(#9751),#9755);
#9751 = LINE('',#9752,#9753);
#9752 = CARTESIAN_POINT('',(0.,0.));
#9753 = VECTOR('',#9754,1.);
#9754 = DIRECTION('',(1.,-1.683068898099E-18));
#9755 = ( GEOMETRIC_REPRESENTATION_CONTEXT(2) 
PARAMETRIC_REPRESENTATION_CONTEXT() REPRESENTATION_CONTEXT('2D SPACE',''
  ) );
#9756 = ADVANCED_FACE('',(#9757),#6070,.F.);
#9757 = FACE_BOUND('',#9758,.F.);
#9758 = EDGE_LOOP('',(#9759,#9760,#9761,#9784));
#9759 = ORIENTED_EDGE('',*,*,#9736,.F.);
#9760 = ORIENTED_EDGE('',*,*,#6056,.T.);
#9761 = ORIENTED_EDGE('',*,*,#9762,.T.);
#9762 = EDGE_CURVE('',#6024,#9763,#9765,.T.);
#9763 = VERTEX_POINT('',#9764);
#9764 = CARTESIAN_POINT('',(-949.62,-358.2694707365,544.74417302917));
#9765 = SURFACE_CURVE('',#9766,(#9770,#9777),.PCURVE_S1.);
#9766 = LINE('',#9767,#9768);
#9767 = CARTESIAN_POINT('',(-949.62,-361.647059275,532.1388409961));
#9768 = VECTOR('',#9769,1.);
#9769 = DIRECTION('',(0.,0.258819045103,0.965925826289));
#9770 = PCURVE('',#6070,#9771);
#9771 = DEFINITIONAL_REPRESENTATION('',(#9772),#9776);
#9772 = LINE('',#9773,#9774);
#9773 = CARTESIAN_POINT('',(-1.400157027254E-03,-8.999999794295));
#9774 = VECTOR('',#9775,1.);
#9775 = DIRECTION('',(1.,-1.683068898099E-18));
#9776 = ( GEOMETRIC_REPRESENTATION_CONTEXT(2) 
PARAMETRIC_REPRESENTATION_CONTEXT() REPRESENTATION_CONTEXT('2D SPACE',''
  ) );
#9777 = PCURVE('',#6040,#9778);
#9778 = DEFINITIONAL_REPRESENTATION('',(#9779),#9783);
#9779 = LINE('',#9780,#9781);
#9780 = CARTESIAN_POINT('',(-43.7603081598,-19.2896918402));
#9781 = VECTOR('',#9782,1.);
#9782 = DIRECTION('',(1.,0.));
#9783 = ( GEOMETRIC_REPRESENTATION_CONTEXT(2) 
PARAMETRIC_REPRESENTATION_CONTEXT() REPRESENTATION_CONTEXT('2D SPACE',''
  ) );
#9784 = ORIENTED_EDGE('',*,*,#9785,.F.);
#9785 = EDGE_CURVE('',#9681,#9763,#9786,.T.);
#9786 = SURFACE_CURVE('',#9787,(#9791,#9798),.PCURVE_S1.);
#9787 = LINE('',#9788,#9789);
#9788 = CARTESIAN_POINT('',(-949.62,-366.962440587,547.07489682969));
#9789 = VECTOR('',#9790,1.);
#9790 = DIRECTION('',(0.,0.965885549343,-0.258969313954));
#9791 = PCURVE('',#6070,#9792);
#9792 = DEFINITIONAL_REPRESENTATION('',(#9793),#9797);
#9793 = LINE('',#9794,#9795);
#9794 = CARTESIAN_POINT('',(13.050000000001,-6.006408141562E-12));
#9795 = VECTOR('',#9796,1.);
#9796 = DIRECTION('',(-1.555730047711E-04,-0.999999987899));
#9797 = ( GEOMETRIC_REPRESENTATION_CONTEXT(2) 
PARAMETRIC_REPRESENTATION_CONTEXT() REPRESENTATION_CONTEXT('2D SPACE',''
  ) );
#9798 = PCURVE('',#9701,#9799);
#9799 = DEFINITIONAL_REPRESENTATION('',(#9800),#9804);
#9800 = LINE('',#9801,#9802);
#9801 = CARTESIAN_POINT('',(1.570796326795,0.));
#9802 = VECTOR('',#9803,1.);
#9803 = DIRECTION('',(0.,-1.));
#9804 = ( GEOMETRIC_REPRESENTATION_CONTEXT(2) 
PARAMETRIC_REPRESENTATION_CONTEXT() REPRESENTATION_CONTEXT('2D SPACE',''
  ) );
#9805 = ADVANCED_FACE('',(#9806),#6040,.T.);
#9806 = FACE_BOUND('',#9807,.T.);
#9807 = EDGE_LOOP('',(#9808,#9836,#9859,#9885,#9886,#9887));
#9808 = ORIENTED_EDGE('',*,*,#9809,.F.);
#9809 = EDGE_CURVE('',#9810,#9763,#9812,.T.);
#9810 = VERTEX_POINT('',#9811);
#9811 = CARTESIAN_POINT('',(-899.62,-345.3285184813,593.04046434362));
#9812 = SURFACE_CURVE('',#9813,(#9818,#9829),.PCURVE_S1.);
#9813 = CIRCLE('',#9814,50.);
#9814 = AXIS2_PLACEMENT_3D('',#9815,#9816,#9817);
#9815 = CARTESIAN_POINT('',(-899.62,-358.2694707365,544.74417302917));
#9816 = DIRECTION('',(1.450314988154E-15,-0.965925826289,0.258819045103)
  );
#9817 = DIRECTION('',(-2.273736754432E-15,0.258819045103,0.965925826289)
  );
#9818 = PCURVE('',#6040,#9819);
#9819 = DEFINITIONAL_REPRESENTATION('',(#9820),#9828);
#9820 = ( BOUNDED_CURVE() B_SPLINE_CURVE(2,(#9821,#9822,#9823,#9824,
#9825,#9826,#9827),.UNSPECIFIED.,.T.,.F.) B_SPLINE_CURVE_WITH_KNOTS((1,2
    ,2,2,2,1),(-2.094395102393,0.,2.094395102393,4.188790204786,
6.28318530718,8.377580409573),.UNSPECIFIED.) CURVE() 
GEOMETRIC_REPRESENTATION_ITEM() RATIONAL_B_SPLINE_CURVE((1.,0.5,1.,0.5,
1.,0.5,1.)) REPRESENTATION_ITEM('') );
#9821 = CARTESIAN_POINT('',(19.289691840167,30.7103081598));
#9822 = CARTESIAN_POINT('',(19.289691840167,-55.89223221864));
#9823 = CARTESIAN_POINT('',(-55.71030815983,-12.59096202942));
#9824 = CARTESIAN_POINT('',(-130.7103081598,30.7103081598));
#9825 = CARTESIAN_POINT('',(-55.71030815983,74.011578349022));
#9826 = CARTESIAN_POINT('',(19.289691840168,117.31284853824));
#9827 = CARTESIAN_POINT('',(19.289691840167,30.7103081598));
#9828 = ( GEOMETRIC_REPRESENTATION_CONTEXT(2) 
PARAMETRIC_REPRESENTATION_CONTEXT() REPRESENTATION_CONTEXT('2D SPACE',''
  ) );
#9829 = PCURVE('',#9701,#9830);
#9830 = DEFINITIONAL_REPRESENTATION('',(#9831),#9835);
#9831 = LINE('',#9832,#9833);
#9832 = CARTESIAN_POINT('',(0.,-8.999999903188));
#9833 = VECTOR('',#9834,1.);
#9834 = DIRECTION('',(1.,0.));
#9835 = ( GEOMETRIC_REPRESENTATION_CONTEXT(2) 
PARAMETRIC_REPRESENTATION_CONTEXT() REPRESENTATION_CONTEXT('2D SPACE',''
  ) );
#9836 = ORIENTED_EDGE('',*,*,#9837,.T.);
#9837 = EDGE_CURVE('',#9810,#9838,#9840,.T.);
#9838 = VERTEX_POINT('',#9839);
#9839 = CARTESIAN_POINT('',(-886.57,-345.3285184813,593.04046434362));
#9840 = SURFACE_CURVE('',#9841,(#9845,#9852),.PCURVE_S1.);
#9841 = LINE('',#9842,#9843);
#9842 = CARTESIAN_POINT('',(-949.62,-345.3285184813,593.04046434362));
#9843 = VECTOR('',#9844,1.);
#9844 = DIRECTION('',(1.,0.,0.));
#9845 = PCURVE('',#6040,#9846);
#9846 = DEFINITIONAL_REPRESENTATION('',(#9847),#9851);
#9847 = LINE('',#9848,#9849);
#9848 = CARTESIAN_POINT('',(19.289691840183,-19.2896918402));
#9849 = VECTOR('',#9850,1.);
#9850 = DIRECTION('',(0.,1.));
#9851 = ( GEOMETRIC_REPRESENTATION_CONTEXT(2) 
PARAMETRIC_REPRESENTATION_CONTEXT() REPRESENTATION_CONTEXT('2D SPACE',''
  ) );
#9852 = PCURVE('',#5709,#9853);
#9853 = DEFINITIONAL_REPRESENTATION('',(#9854),#9858);
#9854 = LINE('',#9855,#9856);
#9855 = CARTESIAN_POINT('',(0.,-8.999999903208));
#9856 = VECTOR('',#9857,1.);
#9857 = DIRECTION('',(1.,0.));
#9858 = ( GEOMETRIC_REPRESENTATION_CONTEXT(2) 
PARAMETRIC_REPRESENTATION_CONTEXT() REPRESENTATION_CONTEXT('2D SPACE',''
  ) );
#9859 = ORIENTED_EDGE('',*,*,#9860,.T.);
#9860 = EDGE_CURVE('',#9838,#9237,#9861,.T.);
#9861 = SURFACE_CURVE('',#9862,(#9867,#9878),.PCURVE_S1.);
#9862 = CIRCLE('',#9863,63.05);
#9863 = AXIS2_PLACEMENT_3D('',#9864,#9865,#9866);
#9864 = CARTESIAN_POINT('',(-886.57,-361.647059275,532.1388409961));
#9865 = DIRECTION('',(-7.610706790497E-16,-0.965925826289,0.258819045103
    ));
#9866 = DIRECTION('',(-1.803121930557E-15,0.258819045103,0.965925826289)
  );
#9867 = PCURVE('',#6040,#9868);
#9868 = DEFINITIONAL_REPRESENTATION('',(#9869),#9877);
#9869 = ( BOUNDED_CURVE() B_SPLINE_CURVE(2,(#9870,#9871,#9872,#9873,
#9874,#9875,#9876),.UNSPECIFIED.,.T.,.F.) B_SPLINE_CURVE_WITH_KNOTS((1,2
    ,2,2,2,1),(-2.094395102393,0.,2.094395102393,4.188790204786,
6.28318530718,8.377580409573),.UNSPECIFIED.) CURVE() 
GEOMETRIC_REPRESENTATION_ITEM() RATIONAL_B_SPLINE_CURVE((1.,0.5,1.,0.5,
1.,0.5,1.)) REPRESENTATION_ITEM('') );
#9870 = CARTESIAN_POINT('',(19.289691840192,43.7603081598));
#9871 = CARTESIAN_POINT('',(19.289691840192,-65.44549525741));
#9872 = CARTESIAN_POINT('',(-75.2853081598,-10.8425935488));
#9873 = CARTESIAN_POINT('',(-169.8603081598,43.7603081598));
#9874 = CARTESIAN_POINT('',(-75.2853081598,98.363209868409));
#9875 = CARTESIAN_POINT('',(19.289691840193,152.96611157701));
#9876 = CARTESIAN_POINT('',(19.289691840192,43.7603081598));
#9877 = ( GEOMETRIC_REPRESENTATION_CONTEXT(2) 
PARAMETRIC_REPRESENTATION_CONTEXT() REPRESENTATION_CONTEXT('2D SPACE',''
  ) );
#9878 = PCURVE('',#9300,#9879);
#9879 = DEFINITIONAL_REPRESENTATION('',(#9880),#9884);
#9880 = LINE('',#9881,#9882);
#9881 = CARTESIAN_POINT('',(0.,-8.999999903188));
#9882 = VECTOR('',#9883,1.);
#9883 = DIRECTION('',(1.,0.));
#9884 = ( GEOMETRIC_REPRESENTATION_CONTEXT(2) 
PARAMETRIC_REPRESENTATION_CONTEXT() REPRESENTATION_CONTEXT('2D SPACE',''
  ) );
#9885 = ORIENTED_EDGE('',*,*,#9363,.F.);
#9886 = ORIENTED_EDGE('',*,*,#6023,.T.);
#9887 = ORIENTED_EDGE('',*,*,#9762,.T.);
#9888 = ADVANCED_FACE('',(#9889),#5709,.F.);
#9889 = FACE_BOUND('',#9890,.F.);
#9890 = EDGE_LOOP('',(#9891,#9912,#9933,#9934,#9955,#9956,#9994,#10026,
    #10065,#10066));
#9891 = ORIENTED_EDGE('',*,*,#9892,.T.);
#9892 = EDGE_CURVE('',#5657,#9893,#9895,.T.);
#9893 = VERTEX_POINT('',#9894);
#9894 = CARTESIAN_POINT('',(-899.62,-353.8007698483,595.31201));
#9895 = SURFACE_CURVE('',#9896,(#9900,#9906),.PCURVE_S1.);
#9896 = LINE('',#9897,#9898);
#9897 = CARTESIAN_POINT('',(-959.62000005,-353.8007698483,595.31201));
#9898 = VECTOR('',#9899,1.);
#9899 = DIRECTION('',(-1.,-0.,0.));
#9900 = PCURVE('',#5709,#9901);
#9901 = DEFINITIONAL_REPRESENTATION('',(#9902),#9905);
#9902 = B_SPLINE_CURVE_WITH_KNOTS('',1,(#9903,#9904),.UNSPECIFIED.,.F.,
  .F.,(2,2),(-73.05000005,-60.00000005),.PIECEWISE_BEZIER_KNOTS.);
#9903 = CARTESIAN_POINT('',(63.05,-0.228514117122));
#9904 = CARTESIAN_POINT('',(50.,-0.228514117122));
#9905 = ( GEOMETRIC_REPRESENTATION_CONTEXT(2) 
PARAMETRIC_REPRESENTATION_CONTEXT() REPRESENTATION_CONTEXT('2D SPACE',''
  ) );
#9906 = PCURVE('',#5678,#9907);
#9907 = DEFINITIONAL_REPRESENTATION('',(#9908),#9911);
#9908 = B_SPLINE_CURVE_WITH_KNOTS('',1,(#9909,#9910),.UNSPECIFIED.,.F.,
  .F.,(2,2),(-73.05000005,-60.00000005),.PIECEWISE_BEZIER_KNOTS.);
#9909 = CARTESIAN_POINT('',(83.0500001,172.89754513953));
#9910 = CARTESIAN_POINT('',(70.0000001,172.89754513953));
#9911 = ( GEOMETRIC_REPRESENTATION_CONTEXT(2) 
PARAMETRIC_REPRESENTATION_CONTEXT() REPRESENTATION_CONTEXT('2D SPACE',''
  ) );
#9912 = ORIENTED_EDGE('',*,*,#9913,.T.);
#9913 = EDGE_CURVE('',#9893,#9810,#9914,.T.);
#9914 = SURFACE_CURVE('',#9915,(#9919,#9926),.PCURVE_S1.);
#9915 = LINE('',#9916,#9917);
#9916 = CARTESIAN_POINT('',(-899.62,-354.0214883319,595.37118814414));
#9917 = VECTOR('',#9918,1.);
#9918 = DIRECTION('',(0.,0.965885549343,-0.258969313954));
#9919 = PCURVE('',#5709,#9920);
#9920 = DEFINITIONAL_REPRESENTATION('',(#9921),#9925);
#9921 = LINE('',#9922,#9923);
#9922 = CARTESIAN_POINT('',(50.,0.));
#9923 = VECTOR('',#9924,1.);
#9924 = DIRECTION('',(0.,-1.));
#9925 = ( GEOMETRIC_REPRESENTATION_CONTEXT(2) 
PARAMETRIC_REPRESENTATION_CONTEXT() REPRESENTATION_CONTEXT('2D SPACE',''
  ) );
#9926 = PCURVE('',#9701,#9927);
#9927 = DEFINITIONAL_REPRESENTATION('',(#9928),#9932);
#9928 = LINE('',#9929,#9930);
#9929 = CARTESIAN_POINT('',(0.,0.));
#9930 = VECTOR('',#9931,1.);
#9931 = DIRECTION('',(0.,-1.));
#9932 = ( GEOMETRIC_REPRESENTATION_CONTEXT(2) 
PARAMETRIC_REPRESENTATION_CONTEXT() REPRESENTATION_CONTEXT('2D SPACE',''
  ) );
#9933 = ORIENTED_EDGE('',*,*,#9837,.T.);
#9934 = ORIENTED_EDGE('',*,*,#9935,.F.);
#9935 = EDGE_CURVE('',#9392,#9838,#9936,.T.);
#9936 = SURFACE_CURVE('',#9937,(#9941,#9948),.PCURVE_S1.);
#9937 = LINE('',#9938,#9939);
#9938 = CARTESIAN_POINT('',(-886.57,-354.0214883319,595.37118814414));
#9939 = VECTOR('',#9940,1.);
#9940 = DIRECTION('',(0.,0.965885549343,-0.258969313954));
#9941 = PCURVE('',#5709,#9942);
#9942 = DEFINITIONAL_REPRESENTATION('',(#9943),#9947);
#9943 = LINE('',#9944,#9945);
#9944 = CARTESIAN_POINT('',(63.05,0.));
#9945 = VECTOR('',#9946,1.);
#9946 = DIRECTION('',(0.,-1.));
#9947 = ( GEOMETRIC_REPRESENTATION_CONTEXT(2) 
PARAMETRIC_REPRESENTATION_CONTEXT() REPRESENTATION_CONTEXT('2D SPACE',''
  ) );
#9948 = PCURVE('',#9300,#9949);
#9949 = DEFINITIONAL_REPRESENTATION('',(#9950),#9954);
#9950 = LINE('',#9951,#9952);
#9951 = CARTESIAN_POINT('',(0.,0.));
#9952 = VECTOR('',#9953,1.);
#9953 = DIRECTION('',(0.,-1.));
#9954 = ( GEOMETRIC_REPRESENTATION_CONTEXT(2) 
PARAMETRIC_REPRESENTATION_CONTEXT() REPRESENTATION_CONTEXT('2D SPACE',''
  ) );
#9955 = ORIENTED_EDGE('',*,*,#9426,.F.);
#9956 = ORIENTED_EDGE('',*,*,#9957,.F.);
#9957 = EDGE_CURVE('',#9958,#9427,#9960,.T.);
#9958 = VERTEX_POINT('',#9959);
#9959 = CARTESIAN_POINT('',(-887.0279487009,-345.8209277978,
    593.17248713136));
#9960 = SURFACE_CURVE('',#9961,(#9970,#9982),.PCURVE_S1.);
#9961 = B_SPLINE_CURVE_WITH_KNOTS('',4,(#9962,#9963,#9964,#9965,#9966,
    #9967,#9968,#9969),.UNSPECIFIED.,.F.,.F.,(5,3,5),(0.,0.226711120518,
    1.),.UNSPECIFIED.);
#9962 = CARTESIAN_POINT('',(-887.0279487009,-345.8209277978,
    593.17248713136));
#9963 = CARTESIAN_POINT('',(-887.0286042875,-345.7945706065,
    593.16542034819));
#9964 = CARTESIAN_POINT('',(-887.0130826753,-345.7704911187,
    593.15896425365));
#9965 = CARTESIAN_POINT('',(-886.9923815288,-345.7531880989,
    593.1543250382));
#9966 = CARTESIAN_POINT('',(-886.8949187253,-345.6903703328,
    593.13748259365));
#9967 = CARTESIAN_POINT('',(-886.7979661392,-345.6746491373,
    593.1332674905));
#9968 = CARTESIAN_POINT('',(-886.7127890533,-345.6624352372,
    593.12999274918));
#9969 = CARTESIAN_POINT('',(-886.6199967142,-345.6624352372,
    593.12999274918));
#9970 = PCURVE('',#5709,#9971);
#9971 = DEFINITIONAL_REPRESENTATION('',(#9972),#9981);
#9972 = B_SPLINE_CURVE_WITH_KNOTS('',4,(#9973,#9974,#9975,#9976,#9977,
    #9978,#9979,#9980),.UNSPECIFIED.,.F.,.F.,(5,3,5),(0.,0.226711120518,
    1.),.UNSPECIFIED.);
#9973 = CARTESIAN_POINT('',(62.5920512991,-8.490199009272));
#9974 = CARTESIAN_POINT('',(62.5913957125,-8.517487119459));
#9975 = CARTESIAN_POINT('',(62.6069173247,-8.542417079134));
#9976 = CARTESIAN_POINT('',(62.6276184712,-8.560331230362));
#9977 = CARTESIAN_POINT('',(62.7250812747,-8.62536767919));
#9978 = CARTESIAN_POINT('',(62.8220338608,-8.641644137113));
#9979 = CARTESIAN_POINT('',(62.9072109467,-8.654289424234));
#9980 = CARTESIAN_POINT('',(63.0000032858,-8.654289424234));
#9981 = ( GEOMETRIC_REPRESENTATION_CONTEXT(2) 
PARAMETRIC_REPRESENTATION_CONTEXT() REPRESENTATION_CONTEXT('2D SPACE',''
  ) );
#9982 = PCURVE('',#9465,#9983);
#9983 = DEFINITIONAL_REPRESENTATION('',(#9984),#9993);
#9984 = B_SPLINE_CURVE_WITH_KNOTS('',4,(#9985,#9986,#9987,#9988,#9989,
    #9990,#9991,#9992),.UNSPECIFIED.,.F.,.F.,(5,3,5),(0.,0.226711120518,
    1.),.UNSPECIFIED.);
#9985 = CARTESIAN_POINT('',(1.564320853181,0.));
#9986 = CARTESIAN_POINT('',(1.564310446826,2.72881098308E-03));
#9987 = CARTESIAN_POINT('',(1.564556815734,5.221810194504E-03));
#9988 = CARTESIAN_POINT('',(1.564885399901,7.013270815251E-03));
#9989 = CARTESIAN_POINT('',(1.566432412567,1.351714990305E-02));
#9990 = CARTESIAN_POINT('',(1.567971352432,1.514511406969E-02));
#9991 = CARTESIAN_POINT('',(1.569323401047,1.640977775795E-02));
#9992 = CARTESIAN_POINT('',(1.570796326795,1.640977775794E-02));
#9993 = ( GEOMETRIC_REPRESENTATION_CONTEXT(2) 
PARAMETRIC_REPRESENTATION_CONTEXT() REPRESENTATION_CONTEXT('2D SPACE',''
  ) );
#9994 = ORIENTED_EDGE('',*,*,#9995,.F.);
#9995 = EDGE_CURVE('',#9996,#9958,#9998,.T.);
#9996 = VERTEX_POINT('',#9997);
#9997 = CARTESIAN_POINT('',(-886.718022072,-353.548012286,
    595.24424166807));
#9998 = SURFACE_CURVE('',#9999,(#10004,#10011),.PCURVE_S1.);
#9999 = ELLIPSE('',#10000,4.049545728557E+05,63.);
#10000 = AXIS2_PLACEMENT_3D('',#10001,#10002,#10003);
#10001 = CARTESIAN_POINT('',(-886.6199967142,3.907857485734E+05,
    -1.04275436727E+05));
#10002 = DIRECTION('',(-4.284287246686E-34,-0.258969313954,
    -0.965885549343));
#10003 = DIRECTION('',(-1.008768369596E-16,-0.965885549343,
    0.258969313954));
#10004 = PCURVE('',#5709,#10005);
#10005 = DEFINITIONAL_REPRESENTATION('',(#10006),#10010);
#10006 = ELLIPSE('',#10007,4.049545728557E+05,63.);
#10007 = AXIS2_PLACEMENT_2D('',#10008,#10009);
#10008 = CARTESIAN_POINT('',(63.0000032858,-4.049545728557E+05));
#10009 = DIRECTION('',(-1.008768369596E-16,1.));
#10010 = ( GEOMETRIC_REPRESENTATION_CONTEXT(2) 
PARAMETRIC_REPRESENTATION_CONTEXT() REPRESENTATION_CONTEXT('2D SPACE',''
  ) );
#10011 = PCURVE('',#10012,#10017);
#10012 = CYLINDRICAL_SURFACE('',#10013,63.);
#10013 = AXIS2_PLACEMENT_3D('',#10014,#10015,#10016);
#10014 = CARTESIAN_POINT('',(-886.6199967142,-352.4669275163,
    529.73224546317));
#10015 = DIRECTION('',(-1.008768357388E-16,-0.965925826289,
    0.258819045103));
#10016 = DIRECTION('',(-1.,-7.73927342366E-17,-6.785917799641E-16));
#10017 = DEFINITIONAL_REPRESENTATION('',(#10018),#10025);
#10018 = B_SPLINE_CURVE_WITH_KNOTS('',5,(#10019,#10020,#10021,#10022,
    #10023,#10024),.UNSPECIFIED.,.F.,.F.,(6,6),(1.555957728531E-03,
    6.475473841323E-03),.PIECEWISE_BEZIER_KNOTS.);
#10019 = CARTESIAN_POINT('',(4.713944938113,18.000000600181));
#10020 = CARTESIAN_POINT('',(4.714928841336,17.380051114363));
#10021 = CARTESIAN_POINT('',(4.715912744558,16.270074012842));
#10022 = CARTESIAN_POINT('',(4.716896647781,14.670070545955));
#10023 = CARTESIAN_POINT('',(4.717880551003,12.580043940582));
#10024 = CARTESIAN_POINT('',(4.718864454226,9.999999400153));
#10025 = ( GEOMETRIC_REPRESENTATION_CONTEXT(2) 
PARAMETRIC_REPRESENTATION_CONTEXT() REPRESENTATION_CONTEXT('2D SPACE',''
  ) );
#10026 = ORIENTED_EDGE('',*,*,#10027,.T.);
#10027 = EDGE_CURVE('',#9996,#8135,#10028,.T.);
#10028 = SURFACE_CURVE('',#10029,(#10039,#10052),.PCURVE_S1.);
#10029 = B_SPLINE_CURVE_WITH_KNOTS('',8,(#10030,#10031,#10032,#10033,
    #10034,#10035,#10036,#10037,#10038),.UNSPECIFIED.,.F.,.F.,(9,9),(0.,
    1.),.PIECEWISE_BEZIER_KNOTS.);
#10030 = CARTESIAN_POINT('',(-886.7180220721,-353.548012286,
    595.24424166807));
#10031 = CARTESIAN_POINT('',(-886.7172862175,-353.5551208496,
    595.24614758728));
#10032 = CARTESIAN_POINT('',(-886.6979687917,-353.5585640148,
    595.24707075477));
#10033 = CARTESIAN_POINT('',(-886.6844111979,-353.5629475582,
    595.24824605263));
#10034 = CARTESIAN_POINT('',(-886.6602147448,-353.5620137269,
    595.24799567758));
#10035 = CARTESIAN_POINT('',(-886.6586442212,-353.5642578142,
    595.24859735315));
#10036 = CARTESIAN_POINT('',(-886.6442247225,-353.5638422275,
    595.24848592774));
#10037 = CARTESIAN_POINT('',(-886.6381609698,-353.5645840439,
    595.24868482055));
#10038 = CARTESIAN_POINT('',(-886.6199967142,-353.5645840439,
    595.24868482055));
#10039 = PCURVE('',#5709,#10040);
#10040 = DEFINITIONAL_REPRESENTATION('',(#10041),#10051);
#10041 = B_SPLINE_CURVE_WITH_KNOTS('',8,(#10042,#10043,#10044,#10045,
    #10046,#10047,#10048,#10049,#10050),.UNSPECIFIED.,.F.,.F.,(9,9),(0.,
    1.),.PIECEWISE_BEZIER_KNOTS.);
#10042 = CARTESIAN_POINT('',(62.9019779279,-0.490198912512));
#10043 = CARTESIAN_POINT('',(62.9027137825,-0.482839279064));
#10044 = CARTESIAN_POINT('',(62.9220312083,-0.479274503501));
#10045 = CARTESIAN_POINT('',(62.9355888021,-0.474736136196));
#10046 = CARTESIAN_POINT('',(62.9597852552,-0.475702949809));
#10047 = CARTESIAN_POINT('',(62.9613557788,-0.473379602805));
#10048 = CARTESIAN_POINT('',(62.9757752775,-0.473809867755));
#10049 = CARTESIAN_POINT('',(62.9818390302,-0.473041850879));
#10050 = CARTESIAN_POINT('',(63.0000032858,-0.473041850879));
#10051 = ( GEOMETRIC_REPRESENTATION_CONTEXT(2) 
PARAMETRIC_REPRESENTATION_CONTEXT() REPRESENTATION_CONTEXT('2D SPACE',''
  ) );
#10052 = PCURVE('',#8151,#10053);
#10053 = DEFINITIONAL_REPRESENTATION('',(#10054),#10064);
#10054 = B_SPLINE_CURVE_WITH_KNOTS('',8,(#10055,#10056,#10057,#10058,
    #10059,#10060,#10061,#10062,#10063),.UNSPECIFIED.,.F.,.F.,(9,9),(0.,
    1.),.PIECEWISE_BEZIER_KNOTS.);
#10055 = CARTESIAN_POINT('',(1.572352285484,0.));
#10056 = CARTESIAN_POINT('',(1.572340605238,3.679816657731E-03));
#10057 = CARTESIAN_POINT('',(1.572033979797,5.462204782036E-03));
#10058 = CARTESIAN_POINT('',(1.57181878003,7.731455057266E-03));
#10059 = CARTESIAN_POINT('',(1.571434708864,7.248052795881E-03));
#10060 = CARTESIAN_POINT('',(1.571409779969,8.409746346639E-03));
#10061 = CARTESIAN_POINT('',(1.5711808988,8.194615380241E-03));
#10062 = CARTESIAN_POINT('',(1.571084648649,8.57863594489E-03));
#10063 = CARTESIAN_POINT('',(1.570796326795,8.57863594489E-03));
#10064 = ( GEOMETRIC_REPRESENTATION_CONTEXT(2) 
PARAMETRIC_REPRESENTATION_CONTEXT() REPRESENTATION_CONTEXT('2D SPACE',''
  ) );
#10065 = ORIENTED_EDGE('',*,*,#8163,.F.);
#10066 = ORIENTED_EDGE('',*,*,#5693,.F.);
#10067 = ADVANCED_FACE('',(#10068),#5678,.T.);
#10068 = FACE_BOUND('',#10069,.T.);
#10069 = EDGE_LOOP('',(#10070,#10071,#10072,#10073));
#10070 = ORIENTED_EDGE('',*,*,#9716,.T.);
#10071 = ORIENTED_EDGE('',*,*,#5656,.T.);
#10072 = ORIENTED_EDGE('',*,*,#9892,.T.);
#10073 = ORIENTED_EDGE('',*,*,#10074,.F.);
#10074 = EDGE_CURVE('',#9679,#9893,#10075,.T.);
#10075 = SURFACE_CURVE('',#10076,(#10083,#10093),.PCURVE_S1.);
#10076 = B_SPLINE_CURVE_WITH_KNOTS('',5,(#10077,#10078,#10079,#10080,
    #10081,#10082),.UNSPECIFIED.,.F.,.F.,(6,6),(0.,1.),
  .PIECEWISE_BEZIER_KNOTS.);
#10077 = CARTESIAN_POINT('',(-902.0944362752,-354.0373456889,595.31201)
  );
#10078 = CARTESIAN_POINT('',(-901.6106215591,-353.9447758502,595.31201)
  );
#10079 = CARTESIAN_POINT('',(-901.118893214,-353.8733723225,595.31201));
#10080 = CARTESIAN_POINT('',(-900.6213584975,-353.8249661426,595.31201)
  );
#10081 = CARTESIAN_POINT('',(-900.1206418536,-353.8007698483,595.31201)
  );
#10082 = CARTESIAN_POINT('',(-899.62,-353.8007698483,595.31201));
#10083 = PCURVE('',#5678,#10084);
#10084 = DEFINITIONAL_REPRESENTATION('',(#10085),#10092);
#10085 = B_SPLINE_CURVE_WITH_KNOTS('',5,(#10086,#10087,#10088,#10089,
    #10090,#10091),.UNSPECIFIED.,.F.,.F.,(6,6),(0.,1.),
  .PIECEWISE_BEZIER_KNOTS.);
#10086 = CARTESIAN_POINT('',(67.525563824729,172.66096929893));
#10087 = CARTESIAN_POINT('',(68.00937854081,172.75353913763));
#10088 = CARTESIAN_POINT('',(68.501106885965,172.8249426653));
#10089 = CARTESIAN_POINT('',(68.998641602471,172.87334884525));
#10090 = CARTESIAN_POINT('',(69.49935824631,172.89754513957));
#10091 = CARTESIAN_POINT('',(70.0000001,172.89754513957));
#10092 = ( GEOMETRIC_REPRESENTATION_CONTEXT(2) 
PARAMETRIC_REPRESENTATION_CONTEXT() REPRESENTATION_CONTEXT('2D SPACE',''
  ) );
#10093 = PCURVE('',#9701,#10094);
#10094 = DEFINITIONAL_REPRESENTATION('',(#10095),#10102);
#10095 = B_SPLINE_CURVE_WITH_KNOTS('',5,(#10096,#10097,#10098,#10099,
    #10100,#10101),.UNSPECIFIED.,.F.,.F.,(6,6),(0.,1.),
  .PIECEWISE_BEZIER_KNOTS.);
#10096 = CARTESIAN_POINT('',(4.950894855436E-02,5.999999999895E-07));
#10097 = CARTESIAN_POINT('',(3.982078315241E-02,-8.941499901905E-02));
#10098 = CARTESIAN_POINT('',(2.997996250602E-02,-0.158385511321));
#10099 = CARTESIAN_POINT('',(2.002716787967E-02,-0.205142291251));
#10100 = CARTESIAN_POINT('',(1.001283707379E-02,-0.228514117112));
#10101 = CARTESIAN_POINT('',(0.,-0.228514117112));
#10102 = ( GEOMETRIC_REPRESENTATION_CONTEXT(2) 
PARAMETRIC_REPRESENTATION_CONTEXT() REPRESENTATION_CONTEXT('2D SPACE',''
  ) );
#10103 = ADVANCED_FACE('',(#10104),#6159,.T.);
#10104 = FACE_BOUND('',#10105,.T.);
#10105 = EDGE_LOOP('',(#10106,#10144,#10165,#10166));
#10106 = ORIENTED_EDGE('',*,*,#10107,.F.);
#10107 = EDGE_CURVE('',#10108,#10110,#10112,.T.);
#10108 = VERTEX_POINT('',#10109);
#10109 = CARTESIAN_POINT('',(-899.62,-505.7083830322,29.343727361163));
#10110 = VERTEX_POINT('',#10111);
#10111 = CARTESIAN_POINT('',(-949.62,-492.7674307771,77.640018675616));
#10112 = SURFACE_CURVE('',#10113,(#10118,#10129),.PCURVE_S1.);
#10113 = CIRCLE('',#10114,50.);
#10114 = AXIS2_PLACEMENT_3D('',#10115,#10116,#10117);
#10115 = CARTESIAN_POINT('',(-899.62,-492.7674307771,77.640018675617));
#10116 = DIRECTION('',(6.715108222332E-16,0.965925826289,-0.258819045103
    ));
#10117 = DIRECTION('',(-2.273736754432E-15,-0.258819045103,
    -0.965925826289));
#10118 = PCURVE('',#6159,#10119);
#10119 = DEFINITIONAL_REPRESENTATION('',(#10120),#10128);
#10120 = ( BOUNDED_CURVE() B_SPLINE_CURVE(2,(#10121,#10122,#10123,#10124
    ,#10125,#10126,#10127),.UNSPECIFIED.,.T.,.F.) 
B_SPLINE_CURVE_WITH_KNOTS((1,2,2,2,2,1),(-2.094395102393,0.,
    2.094395102393,4.188790204786,6.28318530718,8.377580409573),
.UNSPECIFIED.) CURVE() GEOMETRIC_REPRESENTATION_ITEM() 
RATIONAL_B_SPLINE_CURVE((1.,0.5,1.,0.5,1.,0.5,1.)) REPRESENTATION_ITEM(
  '') );
#10121 = CARTESIAN_POINT('',(19.28969184019,30.7103081598));
#10122 = CARTESIAN_POINT('',(19.28969184019,-55.89223221864));
#10123 = CARTESIAN_POINT('',(-55.71030815981,-12.59096202942));
#10124 = CARTESIAN_POINT('',(-130.7103081598,30.7103081598));
#10125 = CARTESIAN_POINT('',(-55.71030815981,74.011578349022));
#10126 = CARTESIAN_POINT('',(19.28969184019,117.31284853824));
#10127 = CARTESIAN_POINT('',(19.28969184019,30.7103081598));
#10128 = ( GEOMETRIC_REPRESENTATION_CONTEXT(2) 
PARAMETRIC_REPRESENTATION_CONTEXT() REPRESENTATION_CONTEXT('2D SPACE',''
  ) );
#10129 = PCURVE('',#10130,#10138);
#10130 = SURFACE_OF_LINEAR_EXTRUSION('',#10131,#10136);
#10131 = CIRCLE('',#10132,50.);
#10132 = AXIS2_PLACEMENT_3D('',#10133,#10134,#10135);
#10133 = CARTESIAN_POINT('',(-899.62,-492.7674307771,77.640018675617));
#10134 = DIRECTION('',(6.715108222332E-16,0.965925826289,-0.258819045103
    ));
#10135 = DIRECTION('',(-2.273736754432E-15,-0.258819045103,
    -0.965925826289));
#10136 = VECTOR('',#10137,1.);
#10137 = DIRECTION('',(-0.,-0.965885549343,0.258969313954));
#10138 = DEFINITIONAL_REPRESENTATION('',(#10139),#10143);
#10139 = LINE('',#10140,#10141);
#10140 = CARTESIAN_POINT('',(0.,0.));
#10141 = VECTOR('',#10142,1.);
#10142 = DIRECTION('',(1.,0.));
#10143 = ( GEOMETRIC_REPRESENTATION_CONTEXT(2) 
PARAMETRIC_REPRESENTATION_CONTEXT() REPRESENTATION_CONTEXT('2D SPACE',''
  ) );
#10144 = ORIENTED_EDGE('',*,*,#10145,.T.);
#10145 = EDGE_CURVE('',#10108,#6141,#10146,.T.);
#10146 = SURFACE_CURVE('',#10147,(#10151,#10158),.PCURVE_S1.);
#10147 = LINE('',#10148,#10149);
#10148 = CARTESIAN_POINT('',(-949.62,-505.7083830322,29.343727361163));
#10149 = VECTOR('',#10150,1.);
#10150 = DIRECTION('',(1.,0.,0.));
#10151 = PCURVE('',#6159,#10152);
#10152 = DEFINITIONAL_REPRESENTATION('',(#10153),#10157);
#10153 = LINE('',#10154,#10155);
#10154 = CARTESIAN_POINT('',(19.289691840184,-19.2896918402));
#10155 = VECTOR('',#10156,1.);
#10156 = DIRECTION('',(0.,1.));
#10157 = ( GEOMETRIC_REPRESENTATION_CONTEXT(2) 
PARAMETRIC_REPRESENTATION_CONTEXT() REPRESENTATION_CONTEXT('2D SPACE',''
  ) );
#10158 = PCURVE('',#6191,#10159);
#10159 = DEFINITIONAL_REPRESENTATION('',(#10160),#10164);
#10160 = LINE('',#10161,#10162);
#10161 = CARTESIAN_POINT('',(0.,0.));
#10162 = VECTOR('',#10163,1.);
#10163 = DIRECTION('',(1.,0.));
#10164 = ( GEOMETRIC_REPRESENTATION_CONTEXT(2) 
PARAMETRIC_REPRESENTATION_CONTEXT() REPRESENTATION_CONTEXT('2D SPACE',''
  ) );
#10165 = ORIENTED_EDGE('',*,*,#6140,.T.);
#10166 = ORIENTED_EDGE('',*,*,#10167,.T.);
#10167 = EDGE_CURVE('',#6143,#10110,#10168,.T.);
#10168 = SURFACE_CURVE('',#10169,(#10173,#10180),.PCURVE_S1.);
#10169 = LINE('',#10170,#10171);
#10170 = CARTESIAN_POINT('',(-949.62,-489.3898422385,90.245350708689));
#10171 = VECTOR('',#10172,1.);
#10172 = DIRECTION('',(0.,-0.258819045103,-0.965925826289));
#10173 = PCURVE('',#6159,#10174);
#10174 = DEFINITIONAL_REPRESENTATION('',(#10175),#10179);
#10175 = LINE('',#10176,#10177);
#10176 = CARTESIAN_POINT('',(-43.76030815981,-19.2896918402));
#10177 = VECTOR('',#10178,1.);
#10178 = DIRECTION('',(1.,0.));
#10179 = ( GEOMETRIC_REPRESENTATION_CONTEXT(2) 
PARAMETRIC_REPRESENTATION_CONTEXT() REPRESENTATION_CONTEXT('2D SPACE',''
  ) );
#10180 = PCURVE('',#6746,#10181);
#10181 = DEFINITIONAL_REPRESENTATION('',(#10182),#10186);
#10182 = LINE('',#10183,#10184);
#10183 = CARTESIAN_POINT('',(0.,0.));
#10184 = VECTOR('',#10185,1.);
#10185 = DIRECTION('',(1.,1.683068898099E-18));
#10186 = ( GEOMETRIC_REPRESENTATION_CONTEXT(2) 
PARAMETRIC_REPRESENTATION_CONTEXT() REPRESENTATION_CONTEXT('2D SPACE',''
  ) );
#10187 = ADVANCED_FACE('',(#10188),#6191,.T.);
#10188 = FACE_BOUND('',#10189,.T.);
#10189 = EDGE_LOOP('',(#10190,#10191,#10214,#10235));
#10190 = ORIENTED_EDGE('',*,*,#10145,.F.);
#10191 = ORIENTED_EDGE('',*,*,#10192,.T.);
#10192 = EDGE_CURVE('',#10108,#10193,#10195,.T.);
#10193 = VERTEX_POINT('',#10194);
#10194 = CARTESIAN_POINT('',(-899.62,-497.0154131816,27.013003560645));
#10195 = SURFACE_CURVE('',#10196,(#10200,#10207),.PCURVE_S1.);
#10196 = LINE('',#10197,#10198);
#10197 = CARTESIAN_POINT('',(-899.62,-505.7083830322,29.343727361163));
#10198 = VECTOR('',#10199,1.);
#10199 = DIRECTION('',(0.,0.965885549343,-0.258969313954));
#10200 = PCURVE('',#6191,#10201);
#10201 = DEFINITIONAL_REPRESENTATION('',(#10202),#10206);
#10202 = LINE('',#10203,#10204);
#10203 = CARTESIAN_POINT('',(50.,0.));
#10204 = VECTOR('',#10205,1.);
#10205 = DIRECTION('',(0.,-1.));
#10206 = ( GEOMETRIC_REPRESENTATION_CONTEXT(2) 
PARAMETRIC_REPRESENTATION_CONTEXT() REPRESENTATION_CONTEXT('2D SPACE',''
  ) );
#10207 = PCURVE('',#10130,#10208);
#10208 = DEFINITIONAL_REPRESENTATION('',(#10209),#10213);
#10209 = LINE('',#10210,#10211);
#10210 = CARTESIAN_POINT('',(0.,0.));
#10211 = VECTOR('',#10212,1.);
#10212 = DIRECTION('',(0.,-1.));
#10213 = ( GEOMETRIC_REPRESENTATION_CONTEXT(2) 
PARAMETRIC_REPRESENTATION_CONTEXT() REPRESENTATION_CONTEXT('2D SPACE',''
  ) );
#10214 = ORIENTED_EDGE('',*,*,#10215,.T.);
#10215 = EDGE_CURVE('',#10193,#6176,#10216,.T.);
#10216 = SURFACE_CURVE('',#10217,(#10221,#10228),.PCURVE_S1.);
#10217 = LINE('',#10218,#10219);
#10218 = CARTESIAN_POINT('',(-949.62,-497.0154131816,27.013003560645));
#10219 = VECTOR('',#10220,1.);
#10220 = DIRECTION('',(1.,0.,0.));
#10221 = PCURVE('',#6191,#10222);
#10222 = DEFINITIONAL_REPRESENTATION('',(#10223),#10227);
#10223 = LINE('',#10224,#10225);
#10224 = CARTESIAN_POINT('',(0.,-8.999999903208));
#10225 = VECTOR('',#10226,1.);
#10226 = DIRECTION('',(1.,0.));
#10227 = ( GEOMETRIC_REPRESENTATION_CONTEXT(2) 
PARAMETRIC_REPRESENTATION_CONTEXT() REPRESENTATION_CONTEXT('2D SPACE',''
  ) );
#10228 = PCURVE('',#6220,#10229);
#10229 = DEFINITIONAL_REPRESENTATION('',(#10230),#10234);
#10230 = LINE('',#10231,#10232);
#10231 = CARTESIAN_POINT('',(19.289691840185,-19.2896918402));
#10232 = VECTOR('',#10233,1.);
#10233 = DIRECTION('',(0.,1.));
#10234 = ( GEOMETRIC_REPRESENTATION_CONTEXT(2) 
PARAMETRIC_REPRESENTATION_CONTEXT() REPRESENTATION_CONTEXT('2D SPACE',''
  ) );
#10235 = ORIENTED_EDGE('',*,*,#6175,.F.);
#10236 = ADVANCED_FACE('',(#10237),#6220,.F.);
#10237 = FACE_BOUND('',#10238,.F.);
#10238 = EDGE_LOOP('',(#10239,#10267,#10268,#10269,#10270,#10271));
#10239 = ORIENTED_EDGE('',*,*,#10240,.F.);
#10240 = EDGE_CURVE('',#10193,#10241,#10243,.T.);
#10241 = VERTEX_POINT('',#10242);
#10242 = CARTESIAN_POINT('',(-949.62,-484.0744609265,75.309294875099));
#10243 = SURFACE_CURVE('',#10244,(#10249,#10260),.PCURVE_S1.);
#10244 = CIRCLE('',#10245,50.);
#10245 = AXIS2_PLACEMENT_3D('',#10246,#10247,#10248);
#10246 = CARTESIAN_POINT('',(-899.62,-484.0744609265,75.309294875099));
#10247 = DIRECTION('',(6.715108222332E-16,0.965925826289,-0.258819045103
    ));
#10248 = DIRECTION('',(-2.273736754432E-15,-0.258819045103,
    -0.965925826289));
#10249 = PCURVE('',#6220,#10250);
#10250 = DEFINITIONAL_REPRESENTATION('',(#10251),#10259);
#10251 = ( BOUNDED_CURVE() B_SPLINE_CURVE(2,(#10252,#10253,#10254,#10255
    ,#10256,#10257,#10258),.UNSPECIFIED.,.T.,.F.) 
B_SPLINE_CURVE_WITH_KNOTS((1,2,2,2,2,1),(-2.094395102393,0.,
    2.094395102393,4.188790204786,6.28318530718,8.377580409573),
.UNSPECIFIED.) CURVE() GEOMETRIC_REPRESENTATION_ITEM() 
RATIONAL_B_SPLINE_CURVE((1.,0.5,1.,0.5,1.,0.5,1.)) REPRESENTATION_ITEM(
  '') );
#10252 = CARTESIAN_POINT('',(19.289691840191,30.7103081598));
#10253 = CARTESIAN_POINT('',(19.289691840191,-55.89223221864));
#10254 = CARTESIAN_POINT('',(-55.7103081598,-12.59096202942));
#10255 = CARTESIAN_POINT('',(-130.7103081598,30.7103081598));
#10256 = CARTESIAN_POINT('',(-55.7103081598,74.011578349022));
#10257 = CARTESIAN_POINT('',(19.289691840191,117.31284853824));
#10258 = CARTESIAN_POINT('',(19.289691840191,30.7103081598));
#10259 = ( GEOMETRIC_REPRESENTATION_CONTEXT(2) 
PARAMETRIC_REPRESENTATION_CONTEXT() REPRESENTATION_CONTEXT('2D SPACE',''
  ) );
#10260 = PCURVE('',#10130,#10261);
#10261 = DEFINITIONAL_REPRESENTATION('',(#10262),#10266);
#10262 = LINE('',#10263,#10264);
#10263 = CARTESIAN_POINT('',(0.,-8.999999903188));
#10264 = VECTOR('',#10265,1.);
#10265 = DIRECTION('',(1.,0.));
#10266 = ( GEOMETRIC_REPRESENTATION_CONTEXT(2) 
PARAMETRIC_REPRESENTATION_CONTEXT() REPRESENTATION_CONTEXT('2D SPACE',''
  ) );
#10267 = ORIENTED_EDGE('',*,*,#10215,.T.);
#10268 = ORIENTED_EDGE('',*,*,#6203,.T.);
#10269 = ORIENTED_EDGE('',*,*,#9177,.T.);
#10270 = ORIENTED_EDGE('',*,*,#6704,.T.);
#10271 = ORIENTED_EDGE('',*,*,#10272,.T.);
#10272 = EDGE_CURVE('',#6705,#10241,#10273,.T.);
#10273 = SURFACE_CURVE('',#10274,(#10278,#10285),.PCURVE_S1.);
#10274 = LINE('',#10275,#10276);
#10275 = CARTESIAN_POINT('',(-949.62,-480.6968723879,87.914626908171));
#10276 = VECTOR('',#10277,1.);
#10277 = DIRECTION('',(0.,-0.258819045103,-0.965925826289));
#10278 = PCURVE('',#6220,#10279);
#10279 = DEFINITIONAL_REPRESENTATION('',(#10280),#10284);
#10280 = LINE('',#10281,#10282);
#10281 = CARTESIAN_POINT('',(-43.76030815981,-19.2896918402));
#10282 = VECTOR('',#10283,1.);
#10283 = DIRECTION('',(1.,0.));
#10284 = ( GEOMETRIC_REPRESENTATION_CONTEXT(2) 
PARAMETRIC_REPRESENTATION_CONTEXT() REPRESENTATION_CONTEXT('2D SPACE',''
  ) );
#10285 = PCURVE('',#6746,#10286);
#10286 = DEFINITIONAL_REPRESENTATION('',(#10287),#10291);
#10287 = LINE('',#10288,#10289);
#10288 = CARTESIAN_POINT('',(1.400157025318E-03,-8.999999794295));
#10289 = VECTOR('',#10290,1.);
#10290 = DIRECTION('',(1.,1.683068898099E-18));
#10291 = ( GEOMETRIC_REPRESENTATION_CONTEXT(2) 
PARAMETRIC_REPRESENTATION_CONTEXT() REPRESENTATION_CONTEXT('2D SPACE',''
  ) );
#10292 = ADVANCED_FACE('',(#10293),#6746,.T.);
#10293 = FACE_BOUND('',#10294,.T.);
#10294 = EDGE_LOOP('',(#10295,#10296,#10297,#10298));
#10295 = ORIENTED_EDGE('',*,*,#10167,.F.);
#10296 = ORIENTED_EDGE('',*,*,#6732,.T.);
#10297 = ORIENTED_EDGE('',*,*,#10272,.T.);
#10298 = ORIENTED_EDGE('',*,*,#10299,.F.);
#10299 = EDGE_CURVE('',#10110,#10241,#10300,.T.);
#10300 = SURFACE_CURVE('',#10301,(#10305,#10312),.PCURVE_S1.);
#10301 = LINE('',#10302,#10303);
#10302 = CARTESIAN_POINT('',(-949.62,-492.7674307771,77.640018675616));
#10303 = VECTOR('',#10304,1.);
#10304 = DIRECTION('',(0.,0.965885549343,-0.258969313954));
#10305 = PCURVE('',#6746,#10306);
#10306 = DEFINITIONAL_REPRESENTATION('',(#10307),#10311);
#10307 = LINE('',#10308,#10309);
#10308 = CARTESIAN_POINT('',(13.050000000004,5.230341733743E-12));
#10309 = VECTOR('',#10310,1.);
#10310 = DIRECTION('',(1.555730047711E-04,-0.999999987899));
#10311 = ( GEOMETRIC_REPRESENTATION_CONTEXT(2) 
PARAMETRIC_REPRESENTATION_CONTEXT() REPRESENTATION_CONTEXT('2D SPACE',''
  ) );
#10312 = PCURVE('',#10130,#10313);
#10313 = DEFINITIONAL_REPRESENTATION('',(#10314),#10318);
#10314 = LINE('',#10315,#10316);
#10315 = CARTESIAN_POINT('',(1.570796326795,0.));
#10316 = VECTOR('',#10317,1.);
#10317 = DIRECTION('',(0.,-1.));
#10318 = ( GEOMETRIC_REPRESENTATION_CONTEXT(2) 
PARAMETRIC_REPRESENTATION_CONTEXT() REPRESENTATION_CONTEXT('2D SPACE',''
  ) );
#10319 = ADVANCED_FACE('',(#10320),#6879,.F.);
#10320 = FACE_BOUND('',#10321,.F.);
#10321 = EDGE_LOOP('',(#10322,#10350,#10371,#10372));
#10322 = ORIENTED_EDGE('',*,*,#10323,.F.);
#10323 = EDGE_CURVE('',#10324,#7788,#10326,.T.);
#10324 = VERTEX_POINT('',#10325);
#10325 = CARTESIAN_POINT('',(-213.62,-505.7083830322,29.343727361163));
#10326 = SURFACE_CURVE('',#10327,(#10332,#10343),.PCURVE_S1.);
#10327 = CIRCLE('',#10328,50.);
#10328 = AXIS2_PLACEMENT_3D('',#10329,#10330,#10331);
#10329 = CARTESIAN_POINT('',(-213.62,-492.7674307771,77.640018675616));
#10330 = DIRECTION('',(7.543403487371E-16,-0.965925826289,0.258819045103
    ));
#10331 = DIRECTION('',(2.80755730064E-31,-0.258819045103,-0.965925826289
    ));
#10332 = PCURVE('',#6879,#10333);
#10333 = DEFINITIONAL_REPRESENTATION('',(#10334),#10342);
#10334 = ( BOUNDED_CURVE() B_SPLINE_CURVE(2,(#10335,#10336,#10337,#10338
    ,#10339,#10340,#10341),.UNSPECIFIED.,.T.,.F.) 
B_SPLINE_CURVE_WITH_KNOTS((1,2,2,2,2,1),(-2.094395102393,0.,
    2.094395102393,4.188790204786,6.28318530718,8.377580409573),
.UNSPECIFIED.) CURVE() GEOMETRIC_REPRESENTATION_ITEM() 
RATIONAL_B_SPLINE_CURVE((1.,0.5,1.,0.5,1.,0.5,1.)) REPRESENTATION_ITEM(
  '') );
#10335 = CARTESIAN_POINT('',(-19.28969184019,-30.7103081599));
#10336 = CARTESIAN_POINT('',(-19.28969184019,55.892232218544));
#10337 = CARTESIAN_POINT('',(55.710308159809,12.590962029322));
#10338 = CARTESIAN_POINT('',(130.7103081598,-30.7103081599));
#10339 = CARTESIAN_POINT('',(55.710308159809,-74.01157834912));
#10340 = CARTESIAN_POINT('',(-19.28969184019,-117.3128485383));
#10341 = CARTESIAN_POINT('',(-19.28969184019,-30.7103081599));
#10342 = ( GEOMETRIC_REPRESENTATION_CONTEXT(2) 
PARAMETRIC_REPRESENTATION_CONTEXT() REPRESENTATION_CONTEXT('2D SPACE',''
  ) );
#10343 = PCURVE('',#8005,#10344);
#10344 = DEFINITIONAL_REPRESENTATION('',(#10345),#10349);
#10345 = LINE('',#10346,#10347);
#10346 = CARTESIAN_POINT('',(0.,0.));
#10347 = VECTOR('',#10348,1.);
#10348 = DIRECTION('',(1.,0.));
#10349 = ( GEOMETRIC_REPRESENTATION_CONTEXT(2) 
PARAMETRIC_REPRESENTATION_CONTEXT() REPRESENTATION_CONTEXT('2D SPACE',''
  ) );
#10350 = ORIENTED_EDGE('',*,*,#10351,.T.);
#10351 = EDGE_CURVE('',#10324,#6861,#10352,.T.);
#10352 = SURFACE_CURVE('',#10353,(#10357,#10364),.PCURVE_S1.);
#10353 = LINE('',#10354,#10355);
#10354 = CARTESIAN_POINT('',(-163.62,-505.7083830322,29.343727361163));
#10355 = VECTOR('',#10356,1.);
#10356 = DIRECTION('',(-1.,0.,0.));
#10357 = PCURVE('',#6879,#10358);
#10358 = DEFINITIONAL_REPRESENTATION('',(#10359),#10363);
#10359 = LINE('',#10360,#10361);
#10360 = CARTESIAN_POINT('',(-19.28969184018,19.2896918401));
#10361 = VECTOR('',#10362,1.);
#10362 = DIRECTION('',(-1.140306223552E-32,-1.));
#10363 = ( GEOMETRIC_REPRESENTATION_CONTEXT(2) 
PARAMETRIC_REPRESENTATION_CONTEXT() REPRESENTATION_CONTEXT('2D SPACE',''
  ) );
#10364 = PCURVE('',#6911,#10365);
#10365 = DEFINITIONAL_REPRESENTATION('',(#10366),#10370);
#10366 = LINE('',#10367,#10368);
#10367 = CARTESIAN_POINT('',(0.,0.));
#10368 = VECTOR('',#10369,1.);
#10369 = DIRECTION('',(1.,0.));
#10370 = ( GEOMETRIC_REPRESENTATION_CONTEXT(2) 
PARAMETRIC_REPRESENTATION_CONTEXT() REPRESENTATION_CONTEXT('2D SPACE',''
  ) );
#10371 = ORIENTED_EDGE('',*,*,#6860,.T.);
#10372 = ORIENTED_EDGE('',*,*,#7787,.T.);
#10373 = ADVANCED_FACE('',(#10374),#6911,.F.);
#10374 = FACE_BOUND('',#10375,.F.);
#10375 = EDGE_LOOP('',(#10376,#10377,#10400,#10421));
#10376 = ORIENTED_EDGE('',*,*,#10351,.F.);
#10377 = ORIENTED_EDGE('',*,*,#10378,.T.);
#10378 = EDGE_CURVE('',#10324,#10379,#10381,.T.);
#10379 = VERTEX_POINT('',#10380);
#10380 = CARTESIAN_POINT('',(-213.62,-497.0154131816,27.013003560645));
#10381 = SURFACE_CURVE('',#10382,(#10386,#10393),.PCURVE_S1.);
#10382 = LINE('',#10383,#10384);
#10383 = CARTESIAN_POINT('',(-213.62,-505.7083830322,29.343727361163));
#10384 = VECTOR('',#10385,1.);
#10385 = DIRECTION('',(0.,0.965885549343,-0.258969313954));
#10386 = PCURVE('',#6911,#10387);
#10387 = DEFINITIONAL_REPRESENTATION('',(#10388),#10392);
#10388 = LINE('',#10389,#10390);
#10389 = CARTESIAN_POINT('',(50.,0.));
#10390 = VECTOR('',#10391,1.);
#10391 = DIRECTION('',(0.,-1.));
#10392 = ( GEOMETRIC_REPRESENTATION_CONTEXT(2) 
PARAMETRIC_REPRESENTATION_CONTEXT() REPRESENTATION_CONTEXT('2D SPACE',''
  ) );
#10393 = PCURVE('',#8005,#10394);
#10394 = DEFINITIONAL_REPRESENTATION('',(#10395),#10399);
#10395 = LINE('',#10396,#10397);
#10396 = CARTESIAN_POINT('',(0.,0.));
#10397 = VECTOR('',#10398,1.);
#10398 = DIRECTION('',(0.,-1.));
#10399 = ( GEOMETRIC_REPRESENTATION_CONTEXT(2) 
PARAMETRIC_REPRESENTATION_CONTEXT() REPRESENTATION_CONTEXT('2D SPACE',''
  ) );
#10400 = ORIENTED_EDGE('',*,*,#10401,.T.);
#10401 = EDGE_CURVE('',#10379,#6896,#10402,.T.);
#10402 = SURFACE_CURVE('',#10403,(#10407,#10414),.PCURVE_S1.);
#10403 = LINE('',#10404,#10405);
#10404 = CARTESIAN_POINT('',(-163.62,-497.0154131816,27.013003560645));
#10405 = VECTOR('',#10406,1.);
#10406 = DIRECTION('',(-1.,0.,0.));
#10407 = PCURVE('',#6911,#10408);
#10408 = DEFINITIONAL_REPRESENTATION('',(#10409),#10413);
#10409 = LINE('',#10410,#10411);
#10410 = CARTESIAN_POINT('',(0.,-8.999999903208));
#10411 = VECTOR('',#10412,1.);
#10412 = DIRECTION('',(1.,0.));
#10413 = ( GEOMETRIC_REPRESENTATION_CONTEXT(2) 
PARAMETRIC_REPRESENTATION_CONTEXT() REPRESENTATION_CONTEXT('2D SPACE',''
  ) );
#10414 = PCURVE('',#6940,#10415);
#10415 = DEFINITIONAL_REPRESENTATION('',(#10416),#10420);
#10416 = LINE('',#10417,#10418);
#10417 = CARTESIAN_POINT('',(-19.28969184018,19.2896918401));
#10418 = VECTOR('',#10419,1.);
#10419 = DIRECTION('',(-1.140306223552E-32,-1.));
#10420 = ( GEOMETRIC_REPRESENTATION_CONTEXT(2) 
PARAMETRIC_REPRESENTATION_CONTEXT() REPRESENTATION_CONTEXT('2D SPACE',''
  ) );
#10421 = ORIENTED_EDGE('',*,*,#6895,.F.);
#10422 = ADVANCED_FACE('',(#10423),#6940,.T.);
#10423 = FACE_BOUND('',#10424,.T.);
#10424 = EDGE_LOOP('',(#10425,#10451,#10452,#10453,#10454,#10480));
#10425 = ORIENTED_EDGE('',*,*,#10426,.F.);
#10426 = EDGE_CURVE('',#10379,#7969,#10427,.T.);
#10427 = SURFACE_CURVE('',#10428,(#10433,#10444),.PCURVE_S1.);
#10428 = CIRCLE('',#10429,50.);
#10429 = AXIS2_PLACEMENT_3D('',#10430,#10431,#10432);
#10430 = CARTESIAN_POINT('',(-213.62,-484.0744609265,75.309294875099));
#10431 = DIRECTION('',(7.543403487371E-16,-0.965925826289,0.258819045103
    ));
#10432 = DIRECTION('',(2.80755730064E-31,-0.258819045103,-0.965925826289
    ));
#10433 = PCURVE('',#6940,#10434);
#10434 = DEFINITIONAL_REPRESENTATION('',(#10435),#10443);
#10435 = ( BOUNDED_CURVE() B_SPLINE_CURVE(2,(#10436,#10437,#10438,#10439
    ,#10440,#10441,#10442),.UNSPECIFIED.,.T.,.F.) 
B_SPLINE_CURVE_WITH_KNOTS((1,2,2,2,2,1),(-2.094395102393,0.,
    2.094395102393,4.188790204786,6.28318530718,8.377580409573),
.UNSPECIFIED.) CURVE() GEOMETRIC_REPRESENTATION_ITEM() 
RATIONAL_B_SPLINE_CURVE((1.,0.5,1.,0.5,1.,0.5,1.)) REPRESENTATION_ITEM(
  '') );
#10436 = CARTESIAN_POINT('',(-19.28969184019,-30.7103081599));
#10437 = CARTESIAN_POINT('',(-19.28969184019,55.892232218544));
#10438 = CARTESIAN_POINT('',(55.710308159809,12.590962029322));
#10439 = CARTESIAN_POINT('',(130.7103081598,-30.7103081599));
#10440 = CARTESIAN_POINT('',(55.710308159809,-74.01157834912));
#10441 = CARTESIAN_POINT('',(-19.28969184019,-117.3128485383));
#10442 = CARTESIAN_POINT('',(-19.28969184019,-30.7103081599));
#10443 = ( GEOMETRIC_REPRESENTATION_CONTEXT(2) 
PARAMETRIC_REPRESENTATION_CONTEXT() REPRESENTATION_CONTEXT('2D SPACE',''
  ) );
#10444 = PCURVE('',#8005,#10445);
#10445 = DEFINITIONAL_REPRESENTATION('',(#10446),#10450);
#10446 = LINE('',#10447,#10448);
#10447 = CARTESIAN_POINT('',(0.,-8.999999903188));
#10448 = VECTOR('',#10449,1.);
#10449 = DIRECTION('',(1.,0.));
#10450 = ( GEOMETRIC_REPRESENTATION_CONTEXT(2) 
PARAMETRIC_REPRESENTATION_CONTEXT() REPRESENTATION_CONTEXT('2D SPACE',''
  ) );
#10451 = ORIENTED_EDGE('',*,*,#10401,.T.);
#10452 = ORIENTED_EDGE('',*,*,#6923,.T.);
#10453 = ORIENTED_EDGE('',*,*,#9096,.F.);
#10454 = ORIENTED_EDGE('',*,*,#10455,.T.);
#10455 = EDGE_CURVE('',#8909,#7938,#10456,.T.);
#10456 = SURFACE_CURVE('',#10457,(#10462,#10473),.PCURVE_S1.);
#10457 = CIRCLE('',#10458,63.05);
#10458 = AXIS2_PLACEMENT_3D('',#10459,#10460,#10461);
#10459 = CARTESIAN_POINT('',(-226.67,-480.6968723879,87.914626908171));
#10460 = DIRECTION('',(-3.955148901533E-16,-0.965925826289,
    0.258819045103));
#10461 = DIRECTION('',(-4.507804826392E-16,-0.258819045103,
    -0.965925826289));
#10462 = PCURVE('',#6940,#10463);
#10463 = DEFINITIONAL_REPRESENTATION('',(#10464),#10472);
#10464 = ( BOUNDED_CURVE() B_SPLINE_CURVE(2,(#10465,#10466,#10467,#10468
    ,#10469,#10470,#10471),.UNSPECIFIED.,.T.,.F.) 
B_SPLINE_CURVE_WITH_KNOTS((1,2,2,2,2,1),(-2.094395102393,0.,
    2.094395102393,4.188790204786,6.28318530718,8.377580409573),
.UNSPECIFIED.) CURVE() GEOMETRIC_REPRESENTATION_ITEM() 
RATIONAL_B_SPLINE_CURVE((1.,0.5,1.,0.5,1.,0.5,1.)) REPRESENTATION_ITEM(
  '') );
#10465 = CARTESIAN_POINT('',(-19.28969184018,-43.7603081599));
#10466 = CARTESIAN_POINT('',(-19.28969184018,65.445495257318));
#10467 = CARTESIAN_POINT('',(75.285308159811,10.842593548709));
#10468 = CARTESIAN_POINT('',(169.86030815981,-43.7603081599));
#10469 = CARTESIAN_POINT('',(75.285308159811,-98.3632098685));
#10470 = CARTESIAN_POINT('',(-19.28969184018,-152.9661115771));
#10471 = CARTESIAN_POINT('',(-19.28969184018,-43.7603081599));
#10472 = ( GEOMETRIC_REPRESENTATION_CONTEXT(2) 
PARAMETRIC_REPRESENTATION_CONTEXT() REPRESENTATION_CONTEXT('2D SPACE',''
  ) );
#10473 = PCURVE('',#7953,#10474);
#10474 = DEFINITIONAL_REPRESENTATION('',(#10475),#10479);
#10475 = LINE('',#10476,#10477);
#10476 = CARTESIAN_POINT('',(0.,-8.999999903188));
#10477 = VECTOR('',#10478,1.);
#10478 = DIRECTION('',(1.,0.));
#10479 = ( GEOMETRIC_REPRESENTATION_CONTEXT(2) 
PARAMETRIC_REPRESENTATION_CONTEXT() REPRESENTATION_CONTEXT('2D SPACE',''
  ) );
#10480 = ORIENTED_EDGE('',*,*,#7968,.T.);
#10481 = ADVANCED_FACE('',(#10482),#7284,.T.);
#10482 = FACE_BOUND('',#10483,.T.);
#10483 = EDGE_LOOP('',(#10484,#10485,#10486,#10508));
#10484 = ORIENTED_EDGE('',*,*,#8023,.F.);
#10485 = ORIENTED_EDGE('',*,*,#7850,.F.);
#10486 = ORIENTED_EDGE('',*,*,#10487,.F.);
#10487 = EDGE_CURVE('',#7269,#7851,#10488,.T.);
#10488 = SURFACE_CURVE('',#10489,(#10494,#10501),.PCURVE_S1.);
#10489 = CIRCLE('',#10490,63.);
#10490 = AXIS2_PLACEMENT_3D('',#10491,#10492,#10493);
#10491 = CARTESIAN_POINT('',(-226.6199967142,-481.1829465263,
    87.994555821232));
#10492 = DIRECTION('',(1.122153429892E-16,0.965925826289,-0.258819045103
    ));
#10493 = DIRECTION('',(0.707106781187,-0.183012701892,-0.683012701892));
#10494 = PCURVE('',#7284,#10495);
#10495 = DEFINITIONAL_REPRESENTATION('',(#10496),#10500);
#10496 = LINE('',#10497,#10498);
#10497 = CARTESIAN_POINT('',(11.780972450962,10.000000000001));
#10498 = VECTOR('',#10499,1.);
#10499 = DIRECTION('',(-1.,-3.618764437576E-14));
#10500 = ( GEOMETRIC_REPRESENTATION_CONTEXT(2) 
PARAMETRIC_REPRESENTATION_CONTEXT() REPRESENTATION_CONTEXT('2D SPACE',''
  ) );
#10501 = PCURVE('',#7898,#10502);
#10502 = DEFINITIONAL_REPRESENTATION('',(#10503),#10507);
#10503 = LINE('',#10504,#10505);
#10504 = CARTESIAN_POINT('',(-2.356194490192,0.));
#10505 = VECTOR('',#10506,1.);
#10506 = DIRECTION('',(1.,0.));
#10507 = ( GEOMETRIC_REPRESENTATION_CONTEXT(2) 
PARAMETRIC_REPRESENTATION_CONTEXT() REPRESENTATION_CONTEXT('2D SPACE',''
  ) );
#10508 = ORIENTED_EDGE('',*,*,#7268,.T.);
#10509 = ADVANCED_FACE('',(#10510),#7333,.T.);
#10510 = FACE_BOUND('',#10511,.T.);
#10511 = EDGE_LOOP('',(#10512,#10513,#10514,#10536));
#10512 = ORIENTED_EDGE('',*,*,#7348,.F.);
#10513 = ORIENTED_EDGE('',*,*,#7319,.F.);
#10514 = ORIENTED_EDGE('',*,*,#10515,.F.);
#10515 = EDGE_CURVE('',#7466,#7297,#10516,.T.);
#10516 = SURFACE_CURVE('',#10517,(#10522,#10529),.PCURVE_S1.);
#10517 = CIRCLE('',#10518,63.);
#10518 = AXIS2_PLACEMENT_3D('',#10519,#10520,#10521);
#10519 = CARTESIAN_POINT('',(-226.6199967142,-362.1261857792,
    532.3204359142));
#10520 = DIRECTION('',(7.463660224859E-17,0.965925826289,-0.258819045103
    ));
#10521 = DIRECTION('',(0.707106781187,0.183012701892,0.683012701892));
#10522 = PCURVE('',#7333,#10523);
#10523 = DEFINITIONAL_REPRESENTATION('',(#10524),#10528);
#10524 = LINE('',#10525,#10526);
#10525 = CARTESIAN_POINT('',(5.497787143782,10.));
#10526 = VECTOR('',#10527,1.);
#10527 = DIRECTION('',(-1.,0.));
#10528 = ( GEOMETRIC_REPRESENTATION_CONTEXT(2) 
PARAMETRIC_REPRESENTATION_CONTEXT() REPRESENTATION_CONTEXT('2D SPACE',''
  ) );
#10529 = PCURVE('',#7513,#10530);
#10530 = DEFINITIONAL_REPRESENTATION('',(#10531),#10535);
#10531 = LINE('',#10532,#10533);
#10532 = CARTESIAN_POINT('',(2.356194490193,0.));
#10533 = VECTOR('',#10534,1.);
#10534 = DIRECTION('',(1.,0.));
#10535 = ( GEOMETRIC_REPRESENTATION_CONTEXT(2) 
PARAMETRIC_REPRESENTATION_CONTEXT() REPRESENTATION_CONTEXT('2D SPACE',''
  ) );
#10536 = ORIENTED_EDGE('',*,*,#7465,.T.);
#10537 = ADVANCED_FACE('',(#10538),#7430,.T.);
#10538 = FACE_BOUND('',#10539,.T.);
#10539 = EDGE_LOOP('',(#10540,#10568,#10587,#10588));
#10540 = ORIENTED_EDGE('',*,*,#10541,.F.);
#10541 = EDGE_CURVE('',#10542,#7415,#10544,.T.);
#10542 = VERTEX_POINT('',#10543);
#10543 = CARTESIAN_POINT('',(-211.1455669712,-354.0373450677,595.31201)
  );
#10544 = SURFACE_CURVE('',#10545,(#10550,#10561),.PCURVE_S1.);
#10545 = CIRCLE('',#10546,50.);
#10546 = AXIS2_PLACEMENT_3D('',#10547,#10548,#10549);
#10547 = CARTESIAN_POINT('',(-213.62,-366.962440587,547.07489682969));
#10548 = DIRECTION('',(1.456799687225E-15,0.965925826289,-0.258819045103
    ));
#10549 = DIRECTION('',(-1.136868377216E-15,0.258819045103,0.965925826289
    ));
#10550 = PCURVE('',#7430,#10551);
#10551 = DEFINITIONAL_REPRESENTATION('',(#10552),#10560);
#10552 = ( BOUNDED_CURVE() B_SPLINE_CURVE(2,(#10553,#10554,#10555,#10556
    ,#10557,#10558,#10559),.UNSPECIFIED.,.T.,.F.) 
B_SPLINE_CURVE_WITH_KNOTS((1,2,2,2,2,1),(-2.094395102393,0.,
    2.094395102393,4.188790204786,6.28318530718,8.377580409573),
.UNSPECIFIED.) CURVE() GEOMETRIC_REPRESENTATION_ITEM() 
RATIONAL_B_SPLINE_CURVE((1.,0.5,1.,0.5,1.,0.5,1.)) REPRESENTATION_ITEM(
  '') );
#10553 = CARTESIAN_POINT('',(-19.28969184019,-30.7103081599));
#10554 = CARTESIAN_POINT('',(-19.28969184019,55.892232218544));
#10555 = CARTESIAN_POINT('',(55.710308159807,12.590962029322));
#10556 = CARTESIAN_POINT('',(130.7103081598,-30.7103081599));
#10557 = CARTESIAN_POINT('',(55.710308159807,-74.01157834912));
#10558 = CARTESIAN_POINT('',(-19.28969184019,-117.3128485383));
#10559 = CARTESIAN_POINT('',(-19.28969184019,-30.7103081599));
#10560 = ( GEOMETRIC_REPRESENTATION_CONTEXT(2) 
PARAMETRIC_REPRESENTATION_CONTEXT() REPRESENTATION_CONTEXT('2D SPACE',''
  ) );
#10561 = PCURVE('',#7625,#10562);
#10562 = DEFINITIONAL_REPRESENTATION('',(#10563),#10567);
#10563 = LINE('',#10564,#10565);
#10564 = CARTESIAN_POINT('',(0.,0.));
#10565 = VECTOR('',#10566,1.);
#10566 = DIRECTION('',(1.,0.));
#10567 = ( GEOMETRIC_REPRESENTATION_CONTEXT(2) 
PARAMETRIC_REPRESENTATION_CONTEXT() REPRESENTATION_CONTEXT('2D SPACE',''
  ) );
#10568 = ORIENTED_EDGE('',*,*,#10569,.T.);
#10569 = EDGE_CURVE('',#10542,#7644,#10570,.T.);
#10570 = SURFACE_CURVE('',#10571,(#10575,#10581),.PCURVE_S1.);
#10571 = LINE('',#10572,#10573);
#10572 = CARTESIAN_POINT('',(-576.26484597,-354.0373450678,595.31201));
#10573 = VECTOR('',#10574,1.);
#10574 = DIRECTION('',(-1.,-3.387121445886E-16,0.));
#10575 = PCURVE('',#7430,#10576);
#10576 = DEFINITIONAL_REPRESENTATION('',(#10577),#10580);
#10577 = B_SPLINE_CURVE_WITH_KNOTS('',1,(#10578,#10579),.UNSPECIFIED.,
  .F.,.F.,(2,2),(-412.64484597,-349.59484597),.PIECEWISE_BEZIER_KNOTS.);
#10578 = CARTESIAN_POINT('',(-19.22842611715,19.2896918401));
#10579 = CARTESIAN_POINT('',(-19.22842611715,-43.7603081599));
#10580 = ( GEOMETRIC_REPRESENTATION_CONTEXT(2) 
PARAMETRIC_REPRESENTATION_CONTEXT() REPRESENTATION_CONTEXT('2D SPACE',''
  ) );
#10581 = PCURVE('',#7701,#10582);
#10582 = DEFINITIONAL_REPRESENTATION('',(#10583),#10586);
#10583 = B_SPLINE_CURVE_WITH_KNOTS('',1,(#10584,#10585),.UNSPECIFIED.,
  .F.,.F.,(2,2),(-412.64484597,-349.59484597),.PIECEWISE_BEZIER_KNOTS.);
#10584 = CARTESIAN_POINT('',(806.0000001,172.66096992005));
#10585 = CARTESIAN_POINT('',(742.9500001,172.66096992005));
#10586 = ( GEOMETRIC_REPRESENTATION_CONTEXT(2) 
PARAMETRIC_REPRESENTATION_CONTEXT() REPRESENTATION_CONTEXT('2D SPACE',''
  ) );
#10587 = ORIENTED_EDGE('',*,*,#7643,.T.);
#10588 = ORIENTED_EDGE('',*,*,#7412,.T.);
#10589 = ADVANCED_FACE('',(#10590),#7513,.T.);
#10590 = FACE_BOUND('',#10591,.T.);
#10591 = EDGE_LOOP('',(#10592,#10593,#10594));
#10592 = ORIENTED_EDGE('',*,*,#8858,.T.);
#10593 = ORIENTED_EDGE('',*,*,#7487,.F.);
#10594 = ORIENTED_EDGE('',*,*,#10515,.T.);
#10595 = ADVANCED_FACE('',(#10596),#7568,.T.);
#10596 = FACE_BOUND('',#10597,.T.);
#10597 = EDGE_LOOP('',(#10598,#10599,#10600,#10601));
#10598 = ORIENTED_EDGE('',*,*,#7552,.F.);
#10599 = ORIENTED_EDGE('',*,*,#8830,.F.);
#10600 = ORIENTED_EDGE('',*,*,#8519,.T.);
#10601 = ORIENTED_EDGE('',*,*,#10602,.T.);
#10602 = EDGE_CURVE('',#8492,#7553,#10603,.T.);
#10603 = SURFACE_CURVE('',#10604,(#10609,#10616),.PCURVE_S1.);
#10604 = CIRCLE('',#10605,63.05);
#10605 = AXIS2_PLACEMENT_3D('',#10606,#10607,#10608);
#10606 = CARTESIAN_POINT('',(-226.67,-361.647059275,532.1388409961));
#10607 = DIRECTION('',(-7.625248795272E-16,0.965925826289,
    -0.258819045103));
#10608 = DIRECTION('',(9.015609652784E-16,0.258819045103,0.965925826289)
  );
#10609 = PCURVE('',#7568,#10610);
#10610 = DEFINITIONAL_REPRESENTATION('',(#10611),#10615);
#10611 = LINE('',#10612,#10613);
#10612 = CARTESIAN_POINT('',(0.,-8.999999903189));
#10613 = VECTOR('',#10614,1.);
#10614 = DIRECTION('',(1.,0.));
#10615 = ( GEOMETRIC_REPRESENTATION_CONTEXT(2) 
PARAMETRIC_REPRESENTATION_CONTEXT() REPRESENTATION_CONTEXT('2D SPACE',''
  ) );
#10616 = PCURVE('',#7599,#10617);
#10617 = DEFINITIONAL_REPRESENTATION('',(#10618),#10626);
#10618 = ( BOUNDED_CURVE() B_SPLINE_CURVE(2,(#10619,#10620,#10621,#10622
    ,#10623,#10624,#10625),.UNSPECIFIED.,.T.,.F.) 
B_SPLINE_CURVE_WITH_KNOTS((1,2,2,2,2,1),(-2.094395102393,0.,
    2.094395102393,4.188790204786,6.28318530718,8.377580409573),
.UNSPECIFIED.) CURVE() GEOMETRIC_REPRESENTATION_ITEM() 
RATIONAL_B_SPLINE_CURVE((1.,0.5,1.,0.5,1.,0.5,1.)) REPRESENTATION_ITEM(
  '') );
#10619 = CARTESIAN_POINT('',(-19.28969184019,-43.7603081599));
#10620 = CARTESIAN_POINT('',(-19.28969184019,65.445495257318));
#10621 = CARTESIAN_POINT('',(75.285308159808,10.842593548709));
#10622 = CARTESIAN_POINT('',(169.8603081598,-43.7603081599));
#10623 = CARTESIAN_POINT('',(75.285308159807,-98.3632098685));
#10624 = CARTESIAN_POINT('',(-19.28969184019,-152.9661115771));
#10625 = CARTESIAN_POINT('',(-19.28969184019,-43.7603081599));
#10626 = ( GEOMETRIC_REPRESENTATION_CONTEXT(2) 
PARAMETRIC_REPRESENTATION_CONTEXT() REPRESENTATION_CONTEXT('2D SPACE',''
  ) );
#10627 = ADVANCED_FACE('',(#10628),#7599,.F.);
#10628 = FACE_BOUND('',#10629,.F.);
#10629 = EDGE_LOOP('',(#10630,#10658,#10681,#10707,#10708,#10709));
#10630 = ORIENTED_EDGE('',*,*,#10631,.F.);
#10631 = EDGE_CURVE('',#10632,#7584,#10634,.T.);
#10632 = VERTEX_POINT('',#10633);
#10633 = CARTESIAN_POINT('',(-213.62,-345.3285184813,593.04046434362));
#10634 = SURFACE_CURVE('',#10635,(#10640,#10651),.PCURVE_S1.);
#10635 = CIRCLE('',#10636,50.);
#10636 = AXIS2_PLACEMENT_3D('',#10637,#10638,#10639);
#10637 = CARTESIAN_POINT('',(-213.62,-358.2694707365,544.74417302917));
#10638 = DIRECTION('',(1.456799687225E-15,0.965925826289,-0.258819045103
    ));
#10639 = DIRECTION('',(-1.136868377216E-15,0.258819045103,0.965925826289
    ));
#10640 = PCURVE('',#7599,#10641);
#10641 = DEFINITIONAL_REPRESENTATION('',(#10642),#10650);
#10642 = ( BOUNDED_CURVE() B_SPLINE_CURVE(2,(#10643,#10644,#10645,#10646
    ,#10647,#10648,#10649),.UNSPECIFIED.,.T.,.F.) 
B_SPLINE_CURVE_WITH_KNOTS((1,2,2,2,2,1),(-2.094395102393,0.,
    2.094395102393,4.188790204786,6.28318530718,8.377580409573),
.UNSPECIFIED.) CURVE() GEOMETRIC_REPRESENTATION_ITEM() 
RATIONAL_B_SPLINE_CURVE((1.,0.5,1.,0.5,1.,0.5,1.)) REPRESENTATION_ITEM(
  '') );
#10643 = CARTESIAN_POINT('',(-19.28969184016,-30.7103081599));
#10644 = CARTESIAN_POINT('',(-19.28969184016,55.892232218544));
#10645 = CARTESIAN_POINT('',(55.710308159833,12.590962029322));
#10646 = CARTESIAN_POINT('',(130.71030815983,-30.7103081599));
#10647 = CARTESIAN_POINT('',(55.710308159833,-74.01157834912));
#10648 = CARTESIAN_POINT('',(-19.28969184016,-117.3128485383));
#10649 = CARTESIAN_POINT('',(-19.28969184016,-30.7103081599));
#10650 = ( GEOMETRIC_REPRESENTATION_CONTEXT(2) 
PARAMETRIC_REPRESENTATION_CONTEXT() REPRESENTATION_CONTEXT('2D SPACE',''
  ) );
#10651 = PCURVE('',#7625,#10652);
#10652 = DEFINITIONAL_REPRESENTATION('',(#10653),#10657);
#10653 = LINE('',#10654,#10655);
#10654 = CARTESIAN_POINT('',(0.,-8.999999903189));
#10655 = VECTOR('',#10656,1.);
#10656 = DIRECTION('',(1.,0.));
#10657 = ( GEOMETRIC_REPRESENTATION_CONTEXT(2) 
PARAMETRIC_REPRESENTATION_CONTEXT() REPRESENTATION_CONTEXT('2D SPACE',''
  ) );
#10658 = ORIENTED_EDGE('',*,*,#10659,.T.);
#10659 = EDGE_CURVE('',#10632,#10660,#10662,.T.);
#10660 = VERTEX_POINT('',#10661);
#10661 = CARTESIAN_POINT('',(-226.67,-345.3285184813,593.04046434362));
#10662 = SURFACE_CURVE('',#10663,(#10667,#10674),.PCURVE_S1.);
#10663 = LINE('',#10664,#10665);
#10664 = CARTESIAN_POINT('',(-163.62,-345.3285184813,593.04046434362));
#10665 = VECTOR('',#10666,1.);
#10666 = DIRECTION('',(-1.,0.,0.));
#10667 = PCURVE('',#7599,#10668);
#10668 = DEFINITIONAL_REPRESENTATION('',(#10669),#10673);
#10669 = LINE('',#10670,#10671);
#10670 = CARTESIAN_POINT('',(-19.28969184018,19.2896918401));
#10671 = VECTOR('',#10672,1.);
#10672 = DIRECTION('',(-5.113810217018E-33,-1.));
#10673 = ( GEOMETRIC_REPRESENTATION_CONTEXT(2) 
PARAMETRIC_REPRESENTATION_CONTEXT() REPRESENTATION_CONTEXT('2D SPACE',''
  ) );
#10674 = PCURVE('',#7736,#10675);
#10675 = DEFINITIONAL_REPRESENTATION('',(#10676),#10680);
#10676 = LINE('',#10677,#10678);
#10677 = CARTESIAN_POINT('',(0.,-8.999999903208));
#10678 = VECTOR('',#10679,1.);
#10679 = DIRECTION('',(1.,0.));
#10680 = ( GEOMETRIC_REPRESENTATION_CONTEXT(2) 
PARAMETRIC_REPRESENTATION_CONTEXT() REPRESENTATION_CONTEXT('2D SPACE',''
  ) );
#10681 = ORIENTED_EDGE('',*,*,#10682,.T.);
#10682 = EDGE_CURVE('',#10660,#8392,#10683,.T.);
#10683 = SURFACE_CURVE('',#10684,(#10689,#10700),.PCURVE_S1.);
#10684 = CIRCLE('',#10685,63.05);
#10685 = AXIS2_PLACEMENT_3D('',#10686,#10687,#10688);
#10686 = CARTESIAN_POINT('',(-226.67,-361.647059275,532.1388409961));
#10687 = DIRECTION('',(-7.625248795272E-16,0.965925826289,
    -0.258819045103));
#10688 = DIRECTION('',(9.015609652784E-16,0.258819045103,0.965925826289)
  );
#10689 = PCURVE('',#7599,#10690);
#10690 = DEFINITIONAL_REPRESENTATION('',(#10691),#10699);
#10691 = ( BOUNDED_CURVE() B_SPLINE_CURVE(2,(#10692,#10693,#10694,#10695
    ,#10696,#10697,#10698),.UNSPECIFIED.,.T.,.F.) 
B_SPLINE_CURVE_WITH_KNOTS((1,2,2,2,2,1),(-2.094395102393,0.,
    2.094395102393,4.188790204786,6.28318530718,8.377580409573),
.UNSPECIFIED.) CURVE() GEOMETRIC_REPRESENTATION_ITEM() 
RATIONAL_B_SPLINE_CURVE((1.,0.5,1.,0.5,1.,0.5,1.)) REPRESENTATION_ITEM(
  '') );
#10692 = CARTESIAN_POINT('',(-19.28969184019,-43.7603081599));
#10693 = CARTESIAN_POINT('',(-19.28969184019,65.445495257318));
#10694 = CARTESIAN_POINT('',(75.285308159808,10.842593548709));
#10695 = CARTESIAN_POINT('',(169.8603081598,-43.7603081599));
#10696 = CARTESIAN_POINT('',(75.285308159807,-98.3632098685));
#10697 = CARTESIAN_POINT('',(-19.28969184019,-152.9661115771));
#10698 = CARTESIAN_POINT('',(-19.28969184019,-43.7603081599));
#10699 = ( GEOMETRIC_REPRESENTATION_CONTEXT(2) 
PARAMETRIC_REPRESENTATION_CONTEXT() REPRESENTATION_CONTEXT('2D SPACE',''
  ) );
#10700 = PCURVE('',#8453,#10701);
#10701 = DEFINITIONAL_REPRESENTATION('',(#10702),#10706);
#10702 = LINE('',#10703,#10704);
#10703 = CARTESIAN_POINT('',(0.,-8.999999903189));
#10704 = VECTOR('',#10705,1.);
#10705 = DIRECTION('',(1.,0.));
#10706 = ( GEOMETRIC_REPRESENTATION_CONTEXT(2) 
PARAMETRIC_REPRESENTATION_CONTEXT() REPRESENTATION_CONTEXT('2D SPACE',''
  ) );
#10707 = ORIENTED_EDGE('',*,*,#8491,.T.);
#10708 = ORIENTED_EDGE('',*,*,#10602,.T.);
#10709 = ORIENTED_EDGE('',*,*,#7583,.T.);
#10710 = ADVANCED_FACE('',(#10711),#7625,.F.);
#10711 = FACE_BOUND('',#10712,.F.);
#10712 = EDGE_LOOP('',(#10713,#10745,#10766,#10767,#10768));
#10713 = ORIENTED_EDGE('',*,*,#10714,.T.);
#10714 = EDGE_CURVE('',#10542,#10715,#10717,.T.);
#10715 = VERTEX_POINT('',#10716);
#10716 = CARTESIAN_POINT('',(-213.62,-353.8007698483,595.31201));
#10717 = SURFACE_CURVE('',#10718,(#10725,#10735),.PCURVE_S1.);
#10718 = B_SPLINE_CURVE_WITH_KNOTS('',5,(#10719,#10720,#10721,#10722,
    #10723,#10724),.UNSPECIFIED.,.F.,.F.,(6,6),(0.,1.),
  .PIECEWISE_BEZIER_KNOTS.);
#10719 = CARTESIAN_POINT('',(-211.1455637247,-354.0373456889,595.31201)
  );
#10720 = CARTESIAN_POINT('',(-211.6293784408,-353.9447758502,595.31201)
  );
#10721 = CARTESIAN_POINT('',(-212.1211067859,-353.8733723225,595.31201)
  );
#10722 = CARTESIAN_POINT('',(-212.6186415024,-353.8249661426,595.31201)
  );
#10723 = CARTESIAN_POINT('',(-213.1193581463,-353.8007698483,595.31201)
  );
#10724 = CARTESIAN_POINT('',(-213.62,-353.8007698483,595.31201));
#10725 = PCURVE('',#7625,#10726);
#10726 = DEFINITIONAL_REPRESENTATION('',(#10727),#10734);
#10727 = B_SPLINE_CURVE_WITH_KNOTS('',5,(#10728,#10729,#10730,#10731,
    #10732,#10733),.UNSPECIFIED.,.F.,.F.,(6,6),(0.,1.),
  .PIECEWISE_BEZIER_KNOTS.);
#10728 = CARTESIAN_POINT('',(4.950894855436E-02,5.999999999895E-07));
#10729 = CARTESIAN_POINT('',(3.98207831524E-02,-8.941499901905E-02));
#10730 = CARTESIAN_POINT('',(2.997996250603E-02,-0.158385511321));
#10731 = CARTESIAN_POINT('',(2.002716787966E-02,-0.205142291251));
#10732 = CARTESIAN_POINT('',(1.001283707379E-02,-0.228514117112));
#10733 = CARTESIAN_POINT('',(0.,-0.228514117112));
#10734 = ( GEOMETRIC_REPRESENTATION_CONTEXT(2) 
PARAMETRIC_REPRESENTATION_CONTEXT() REPRESENTATION_CONTEXT('2D SPACE',''
  ) );
#10735 = PCURVE('',#7701,#10736);
#10736 = DEFINITIONAL_REPRESENTATION('',(#10737),#10744);
#10737 = B_SPLINE_CURVE_WITH_KNOTS('',5,(#10738,#10739,#10740,#10741,
    #10742,#10743),.UNSPECIFIED.,.F.,.F.,(6,6),(0.,1.),
  .PIECEWISE_BEZIER_KNOTS.);
#10738 = CARTESIAN_POINT('',(758.47443637527,172.66096929893));
#10739 = CARTESIAN_POINT('',(757.99062165918,172.75353913763));
#10740 = CARTESIAN_POINT('',(757.49889331403,172.8249426653));
#10741 = CARTESIAN_POINT('',(757.00135859752,172.87334884525));
#10742 = CARTESIAN_POINT('',(756.50064195368,172.89754513957));
#10743 = CARTESIAN_POINT('',(756.0000001,172.89754513957));
#10744 = ( GEOMETRIC_REPRESENTATION_CONTEXT(2) 
PARAMETRIC_REPRESENTATION_CONTEXT() REPRESENTATION_CONTEXT('2D SPACE',''
  ) );
#10745 = ORIENTED_EDGE('',*,*,#10746,.T.);
#10746 = EDGE_CURVE('',#10715,#10632,#10747,.T.);
#10747 = SURFACE_CURVE('',#10748,(#10752,#10759),.PCURVE_S1.);
#10748 = LINE('',#10749,#10750);
#10749 = CARTESIAN_POINT('',(-213.62,-354.0214883319,595.37118814414));
#10750 = VECTOR('',#10751,1.);
#10751 = DIRECTION('',(0.,0.965885549343,-0.258969313954));
#10752 = PCURVE('',#7625,#10753);
#10753 = DEFINITIONAL_REPRESENTATION('',(#10754),#10758);
#10754 = LINE('',#10755,#10756);
#10755 = CARTESIAN_POINT('',(0.,0.));
#10756 = VECTOR('',#10757,1.);
#10757 = DIRECTION('',(0.,-1.));
#10758 = ( GEOMETRIC_REPRESENTATION_CONTEXT(2) 
PARAMETRIC_REPRESENTATION_CONTEXT() REPRESENTATION_CONTEXT('2D SPACE',''
  ) );
#10759 = PCURVE('',#7736,#10760);
#10760 = DEFINITIONAL_REPRESENTATION('',(#10761),#10765);
#10761 = LINE('',#10762,#10763);
#10762 = CARTESIAN_POINT('',(50.,0.));
#10763 = VECTOR('',#10764,1.);
#10764 = DIRECTION('',(0.,-1.));
#10765 = ( GEOMETRIC_REPRESENTATION_CONTEXT(2) 
PARAMETRIC_REPRESENTATION_CONTEXT() REPRESENTATION_CONTEXT('2D SPACE',''
  ) );
#10766 = ORIENTED_EDGE('',*,*,#10631,.T.);
#10767 = ORIENTED_EDGE('',*,*,#7611,.F.);
#10768 = ORIENTED_EDGE('',*,*,#10541,.F.);
#10769 = ADVANCED_FACE('',(#10770),#7736,.T.);
#10770 = FACE_BOUND('',#10771,.T.);
#10771 = EDGE_LOOP('',(#10772,#10791,#10792,#10793,#10814,#10815,#10853,
    #10885,#10924,#10925));
#10772 = ORIENTED_EDGE('',*,*,#10773,.T.);
#10773 = EDGE_CURVE('',#7672,#10715,#10774,.T.);
#10774 = SURFACE_CURVE('',#10775,(#10779,#10785),.PCURVE_S1.);
#10775 = LINE('',#10776,#10777);
#10776 = CARTESIAN_POINT('',(-566.62000005,-353.8007698483,595.31201));
#10777 = VECTOR('',#10778,1.);
#10778 = DIRECTION('',(1.,0.,0.));
#10779 = PCURVE('',#7736,#10780);
#10780 = DEFINITIONAL_REPRESENTATION('',(#10781),#10784);
#10781 = B_SPLINE_CURVE_WITH_KNOTS('',1,(#10782,#10783),.UNSPECIFIED.,
  .F.,.F.,(2,2),(339.95000005,353.00000005),.PIECEWISE_BEZIER_KNOTS.);
#10782 = CARTESIAN_POINT('',(63.05,-0.228514117122));
#10783 = CARTESIAN_POINT('',(50.,-0.228514117122));
#10784 = ( GEOMETRIC_REPRESENTATION_CONTEXT(2) 
PARAMETRIC_REPRESENTATION_CONTEXT() REPRESENTATION_CONTEXT('2D SPACE',''
  ) );
#10785 = PCURVE('',#7701,#10786);
#10786 = DEFINITIONAL_REPRESENTATION('',(#10787),#10790);
#10787 = B_SPLINE_CURVE_WITH_KNOTS('',1,(#10788,#10789),.UNSPECIFIED.,
  .F.,.F.,(2,2),(339.95000005,353.00000005),.PIECEWISE_BEZIER_KNOTS.);
#10788 = CARTESIAN_POINT('',(742.9500001,172.89754513953));
#10789 = CARTESIAN_POINT('',(756.0000001,172.89754513953));
#10790 = ( GEOMETRIC_REPRESENTATION_CONTEXT(2) 
PARAMETRIC_REPRESENTATION_CONTEXT() REPRESENTATION_CONTEXT('2D SPACE',''
  ) );
#10791 = ORIENTED_EDGE('',*,*,#10746,.T.);
#10792 = ORIENTED_EDGE('',*,*,#10659,.T.);
#10793 = ORIENTED_EDGE('',*,*,#10794,.F.);
#10794 = EDGE_CURVE('',#9530,#10660,#10795,.T.);
#10795 = SURFACE_CURVE('',#10796,(#10800,#10807),.PCURVE_S1.);
#10796 = LINE('',#10797,#10798);
#10797 = CARTESIAN_POINT('',(-226.67,-354.0214883319,595.37118814414));
#10798 = VECTOR('',#10799,1.);
#10799 = DIRECTION('',(0.,0.965885549343,-0.258969313954));
#10800 = PCURVE('',#7736,#10801);
#10801 = DEFINITIONAL_REPRESENTATION('',(#10802),#10806);
#10802 = LINE('',#10803,#10804);
#10803 = CARTESIAN_POINT('',(63.05,0.));
#10804 = VECTOR('',#10805,1.);
#10805 = DIRECTION('',(0.,-1.));
#10806 = ( GEOMETRIC_REPRESENTATION_CONTEXT(2) 
PARAMETRIC_REPRESENTATION_CONTEXT() REPRESENTATION_CONTEXT('2D SPACE',''
  ) );
#10807 = PCURVE('',#8453,#10808);
#10808 = DEFINITIONAL_REPRESENTATION('',(#10809),#10813);
#10809 = LINE('',#10810,#10811);
#10810 = CARTESIAN_POINT('',(0.,0.));
#10811 = VECTOR('',#10812,1.);
#10812 = DIRECTION('',(0.,-1.));
#10813 = ( GEOMETRIC_REPRESENTATION_CONTEXT(2) 
PARAMETRIC_REPRESENTATION_CONTEXT() REPRESENTATION_CONTEXT('2D SPACE',''
  ) );
#10814 = ORIENTED_EDGE('',*,*,#9529,.T.);
#10815 = ORIENTED_EDGE('',*,*,#10816,.F.);
#10816 = EDGE_CURVE('',#10817,#9501,#10819,.T.);
#10817 = VERTEX_POINT('',#10818);
#10818 = CARTESIAN_POINT('',(-226.2120447277,-345.8209277978,
    593.17248713136));
#10819 = SURFACE_CURVE('',#10820,(#10829,#10841),.PCURVE_S1.);
#10820 = B_SPLINE_CURVE_WITH_KNOTS('',4,(#10821,#10822,#10823,#10824,
    #10825,#10826,#10827,#10828),.UNSPECIFIED.,.F.,.F.,(5,3,5),(0.,
    0.226711122415,1.),.UNSPECIFIED.);
#10821 = CARTESIAN_POINT('',(-226.2120447277,-345.8209277978,
    593.17248713136));
#10822 = CARTESIAN_POINT('',(-226.2113891411,-345.7945706063,
    593.16542034814));
#10823 = CARTESIAN_POINT('',(-226.2269107536,-345.7704911184,
    593.15896425355));
#10824 = CARTESIAN_POINT('',(-226.2476119003,-345.7531880986,
    593.15432503811));
#10825 = CARTESIAN_POINT('',(-226.345074704,-345.6903703327,
    593.13748259363));
#10826 = CARTESIAN_POINT('',(-226.4420272895,-345.6746491373,
    593.1332674905));
#10827 = CARTESIAN_POINT('',(-226.5272043756,-345.6624352372,
    593.12999274919));
#10828 = CARTESIAN_POINT('',(-226.6199967142,-345.6624352372,
    593.12999274919));
#10829 = PCURVE('',#7736,#10830);
#10830 = DEFINITIONAL_REPRESENTATION('',(#10831),#10840);
#10831 = B_SPLINE_CURVE_WITH_KNOTS('',4,(#10832,#10833,#10834,#10835,
    #10836,#10837,#10838,#10839),.UNSPECIFIED.,.F.,.F.,(5,3,5),(0.,
    0.226711122415,1.),.UNSPECIFIED.);
#10832 = CARTESIAN_POINT('',(62.5920447277,-8.490199009272));
#10833 = CARTESIAN_POINT('',(62.5913891411,-8.517487119665));
#10834 = CARTESIAN_POINT('',(62.6069107536,-8.54241707945));
#10835 = CARTESIAN_POINT('',(62.6276119003,-8.560331230675));
#10836 = CARTESIAN_POINT('',(62.725074704,-8.625367679292));
#10837 = CARTESIAN_POINT('',(62.8220272895,-8.641644137113));
#10838 = CARTESIAN_POINT('',(62.9072043756,-8.654289424231));
#10839 = CARTESIAN_POINT('',(62.9999967142,-8.654289424231));
#10840 = ( GEOMETRIC_REPRESENTATION_CONTEXT(2) 
PARAMETRIC_REPRESENTATION_CONTEXT() REPRESENTATION_CONTEXT('2D SPACE',''
  ) );
#10841 = PCURVE('',#9517,#10842);
#10842 = DEFINITIONAL_REPRESENTATION('',(#10843),#10852);
#10843 = B_SPLINE_CURVE_WITH_KNOTS('',4,(#10844,#10845,#10846,#10847,
    #10848,#10849,#10850,#10851),.UNSPECIFIED.,.F.,.F.,(5,3,5),(0.,
    0.226711122415,1.),.UNSPECIFIED.);
#10844 = CARTESIAN_POINT('',(1.577271800407,-8.126832540256E-14));
#10845 = CARTESIAN_POINT('',(1.577282206762,2.728811001954E-03));
#10846 = CARTESIAN_POINT('',(1.577035837849,5.221810231413E-03));
#10847 = CARTESIAN_POINT('',(1.57670725368,7.01327085144E-03));
#10848 = CARTESIAN_POINT('',(1.57516024101,1.35171499081E-02));
#10849 = CARTESIAN_POINT('',(1.573621301153,1.514511407104E-02));
#10850 = CARTESIAN_POINT('',(1.572269252537,1.640977775182E-02));
#10851 = CARTESIAN_POINT('',(1.570796326795,1.640977775182E-02));
#10852 = ( GEOMETRIC_REPRESENTATION_CONTEXT(2) 
PARAMETRIC_REPRESENTATION_CONTEXT() REPRESENTATION_CONTEXT('2D SPACE',''
  ) );
#10853 = ORIENTED_EDGE('',*,*,#10854,.F.);
#10854 = EDGE_CURVE('',#10855,#10817,#10857,.T.);
#10855 = VERTEX_POINT('',#10856);
#10856 = CARTESIAN_POINT('',(-226.5219713567,-353.548012286,
    595.24424166807));
#10857 = SURFACE_CURVE('',#10858,(#10863,#10870),.PCURVE_S1.);
#10858 = ELLIPSE('',#10859,4.049545728557E+05,63.);
#10859 = AXIS2_PLACEMENT_3D('',#10860,#10861,#10862);
#10860 = CARTESIAN_POINT('',(-226.6199967142,3.907857485734E+05,
    -1.04275436727E+05));
#10861 = DIRECTION('',(4.284287246686E-34,0.258969313954,0.965885549343)
  );
#10862 = DIRECTION('',(-1.008768369596E-16,-0.965885549343,
    0.258969313954));
#10863 = PCURVE('',#7736,#10864);
#10864 = DEFINITIONAL_REPRESENTATION('',(#10865),#10869);
#10865 = ELLIPSE('',#10866,4.049545728557E+05,63.);
#10866 = AXIS2_PLACEMENT_2D('',#10867,#10868);
#10867 = CARTESIAN_POINT('',(62.9999967142,-4.049545728557E+05));
#10868 = DIRECTION('',(1.008768369596E-16,1.));
#10869 = ( GEOMETRIC_REPRESENTATION_CONTEXT(2) 
PARAMETRIC_REPRESENTATION_CONTEXT() REPRESENTATION_CONTEXT('2D SPACE',''
  ) );
#10870 = PCURVE('',#10871,#10876);
#10871 = CYLINDRICAL_SURFACE('',#10872,63.);
#10872 = AXIS2_PLACEMENT_3D('',#10873,#10874,#10875);
#10873 = CARTESIAN_POINT('',(-226.6199967142,-352.4669275163,
    529.73224546317));
#10874 = DIRECTION('',(-1.008768357388E-16,-0.965925826289,
    0.258819045103));
#10875 = DIRECTION('',(7.343069760493E-16,0.258819045103,0.965925826289)
  );
#10876 = DEFINITIONAL_REPRESENTATION('',(#10877),#10884);
#10877 = B_SPLINE_CURVE_WITH_KNOTS('',5,(#10878,#10879,#10880,#10881,
    #10882,#10883),.UNSPECIFIED.,.F.,.F.,(6,6),(1.55595772971E-03,
    6.475473841324E-03),.PIECEWISE_BEZIER_KNOTS.);
#10878 = CARTESIAN_POINT('',(6.28162934945,18.000000599461));
#10879 = CARTESIAN_POINT('',(6.280645446228,17.380051113322));
#10880 = CARTESIAN_POINT('',(6.279661543005,16.270074011609));
#10881 = CARTESIAN_POINT('',(6.278677639783,14.670070544986));
#10882 = CARTESIAN_POINT('',(6.277693736561,12.580043939965));
#10883 = CARTESIAN_POINT('',(6.276709833338,9.999999400153));
#10884 = ( GEOMETRIC_REPRESENTATION_CONTEXT(2) 
PARAMETRIC_REPRESENTATION_CONTEXT() REPRESENTATION_CONTEXT('2D SPACE',''
  ) );
#10885 = ORIENTED_EDGE('',*,*,#10886,.T.);
#10886 = EDGE_CURVE('',#10855,#8078,#10887,.T.);
#10887 = SURFACE_CURVE('',#10888,(#10898,#10911),.PCURVE_S1.);
#10888 = B_SPLINE_CURVE_WITH_KNOTS('',8,(#10889,#10890,#10891,#10892,
    #10893,#10894,#10895,#10896,#10897),.UNSPECIFIED.,.F.,.F.,(9,9),(0.,
    1.),.PIECEWISE_BEZIER_KNOTS.);
#10889 = CARTESIAN_POINT('',(-226.5219713567,-353.548012286,
    595.24424166807));
#10890 = CARTESIAN_POINT('',(-226.5227072113,-353.5551208496,
    595.2461475873));
#10891 = CARTESIAN_POINT('',(-226.5420246373,-353.5585640149,
    595.2470707548));
#10892 = CARTESIAN_POINT('',(-226.5555822294,-353.5629475576,
    595.24824605248));
#10893 = CARTESIAN_POINT('',(-226.5797786895,-353.5620137284,
    595.24799567798));
#10894 = CARTESIAN_POINT('',(-226.581349199,-353.5642578124,
    595.24859735267));
#10895 = CARTESIAN_POINT('',(-226.5957687078,-353.5638422279,
    595.24848592784));
#10896 = CARTESIAN_POINT('',(-226.6018324553,-353.5645840439,
    595.24868482054));
#10897 = CARTESIAN_POINT('',(-226.6199967142,-353.5645840439,
    595.24868482054));
#10898 = PCURVE('',#7736,#10899);
#10899 = DEFINITIONAL_REPRESENTATION('',(#10900),#10910);
#10900 = B_SPLINE_CURVE_WITH_KNOTS('',8,(#10901,#10902,#10903,#10904,
    #10905,#10906,#10907,#10908,#10909),.UNSPECIFIED.,.F.,.F.,(9,9),(0.,
    1.),.PIECEWISE_BEZIER_KNOTS.);
#10901 = CARTESIAN_POINT('',(62.9019713567,-0.490198912512));
#10902 = CARTESIAN_POINT('',(62.9027072113,-0.482839279058));
#10903 = CARTESIAN_POINT('',(62.9220246373,-0.479274503397));
#10904 = CARTESIAN_POINT('',(62.9355822294,-0.474736136814));
#10905 = CARTESIAN_POINT('',(62.9597786895,-0.475702948257));
#10906 = CARTESIAN_POINT('',(62.961349199,-0.473379604668));
#10907 = CARTESIAN_POINT('',(62.9757687078,-0.473809867343));
#10908 = CARTESIAN_POINT('',(62.9818324553,-0.473041850882));
#10909 = CARTESIAN_POINT('',(62.9999967142,-0.473041850882));
#10910 = ( GEOMETRIC_REPRESENTATION_CONTEXT(2) 
PARAMETRIC_REPRESENTATION_CONTEXT() REPRESENTATION_CONTEXT('2D SPACE',''
  ) );
#10911 = PCURVE('',#8094,#10912);
#10912 = DEFINITIONAL_REPRESENTATION('',(#10913),#10923);
#10913 = B_SPLINE_CURVE_WITH_KNOTS('',8,(#10914,#10915,#10916,#10917,
    #10918,#10919,#10920,#10921,#10922),.UNSPECIFIED.,.F.,.F.,(9,9),(0.,
    1.),.PIECEWISE_BEZIER_KNOTS.);
#10914 = CARTESIAN_POINT('',(1.569240368111,0.));
#10915 = CARTESIAN_POINT('',(1.569252048357,3.679816685877E-03));
#10916 = CARTESIAN_POINT('',(1.569558673801,5.462204825972E-03));
#10917 = CARTESIAN_POINT('',(1.569773873541,7.731454756293E-03));
#10918 = CARTESIAN_POINT('',(1.570157944818,7.248053575929E-03));
#10919 = CARTESIAN_POINT('',(1.57018287349,8.409745405723E-03));
#10920 = CARTESIAN_POINT('',(1.570411754819,8.194615560976E-03));
#10921 = CARTESIAN_POINT('',(1.570508004888,8.578635925186E-03));
#10922 = CARTESIAN_POINT('',(1.570796326795,8.578635925186E-03));
#10923 = ( GEOMETRIC_REPRESENTATION_CONTEXT(2) 
PARAMETRIC_REPRESENTATION_CONTEXT() REPRESENTATION_CONTEXT('2D SPACE',''
  ) );
#10924 = ORIENTED_EDGE('',*,*,#8188,.T.);
#10925 = ORIENTED_EDGE('',*,*,#7720,.F.);
#10926 = ADVANCED_FACE('',(#10927),#7701,.T.);
#10927 = FACE_BOUND('',#10928,.T.);
#10928 = EDGE_LOOP('',(#10929,#10930,#10931,#10932));
#10929 = ORIENTED_EDGE('',*,*,#7671,.F.);
#10930 = ORIENTED_EDGE('',*,*,#10569,.F.);
#10931 = ORIENTED_EDGE('',*,*,#10714,.T.);
#10932 = ORIENTED_EDGE('',*,*,#10773,.F.);
#10933 = ADVANCED_FACE('',(#10934),#7898,.T.);
#10934 = FACE_BOUND('',#10935,.T.);
#10935 = EDGE_LOOP('',(#10936,#10937,#10938));
#10936 = ORIENTED_EDGE('',*,*,#10487,.T.);
#10937 = ORIENTED_EDGE('',*,*,#7872,.T.);
#10938 = ORIENTED_EDGE('',*,*,#8754,.F.);
#10939 = ADVANCED_FACE('',(#10940),#7953,.F.);
#10940 = FACE_BOUND('',#10941,.F.);
#10941 = EDGE_LOOP('',(#10942,#10943,#10944,#10945));
#10942 = ORIENTED_EDGE('',*,*,#8908,.T.);
#10943 = ORIENTED_EDGE('',*,*,#10455,.T.);
#10944 = ORIENTED_EDGE('',*,*,#7937,.F.);
#10945 = ORIENTED_EDGE('',*,*,#8777,.F.);
#10946 = ADVANCED_FACE('',(#10947),#8005,.T.);
#10947 = FACE_BOUND('',#10948,.T.);
#10948 = EDGE_LOOP('',(#10949,#10950,#10951,#10952));
#10949 = ORIENTED_EDGE('',*,*,#10378,.T.);
#10950 = ORIENTED_EDGE('',*,*,#10426,.T.);
#10951 = ORIENTED_EDGE('',*,*,#7991,.F.);
#10952 = ORIENTED_EDGE('',*,*,#10323,.F.);
#10953 = ADVANCED_FACE('',(#10954),#8094,.T.);
#10954 = FACE_BOUND('',#10955,.T.);
#10955 = EDGE_LOOP('',(#10956,#10978,#10979));
#10956 = ORIENTED_EDGE('',*,*,#10957,.T.);
#10957 = EDGE_CURVE('',#10855,#8076,#10958,.T.);
#10958 = SURFACE_CURVE('',#10959,(#10964,#10971),.PCURVE_S1.);
#10959 = CIRCLE('',#10960,63.);
#10960 = AXIS2_PLACEMENT_3D('',#10961,#10962,#10963);
#10961 = CARTESIAN_POINT('',(-226.6199967142,-369.8535923895,
    534.39098827502));
#10962 = DIRECTION('',(-7.463660224859E-17,-0.965925826289,
    0.258819045103));
#10963 = DIRECTION('',(0.707106781187,0.183012701892,0.683012701892));
#10964 = PCURVE('',#8094,#10965);
#10965 = DEFINITIONAL_REPRESENTATION('',(#10966),#10970);
#10966 = LINE('',#10967,#10968);
#10967 = CARTESIAN_POINT('',(0.785398163398,0.));
#10968 = VECTOR('',#10969,1.);
#10969 = DIRECTION('',(1.,0.));
#10970 = ( GEOMETRIC_REPRESENTATION_CONTEXT(2) 
PARAMETRIC_REPRESENTATION_CONTEXT() REPRESENTATION_CONTEXT('2D SPACE',''
  ) );
#10971 = PCURVE('',#10871,#10972);
#10972 = DEFINITIONAL_REPRESENTATION('',(#10973),#10977);
#10973 = LINE('',#10974,#10975);
#10974 = CARTESIAN_POINT('',(5.497787143782,18.000000000027));
#10975 = VECTOR('',#10976,1.);
#10976 = DIRECTION('',(1.,-3.653273025034E-11));
#10977 = ( GEOMETRIC_REPRESENTATION_CONTEXT(2) 
PARAMETRIC_REPRESENTATION_CONTEXT() REPRESENTATION_CONTEXT('2D SPACE',''
  ) );
#10978 = ORIENTED_EDGE('',*,*,#8075,.T.);
#10979 = ORIENTED_EDGE('',*,*,#10886,.F.);
#10980 = ADVANCED_FACE('',(#10981),#8151,.T.);
#10981 = FACE_BOUND('',#10982,.T.);
#10982 = EDGE_LOOP('',(#10983,#11005,#11006));
#10983 = ORIENTED_EDGE('',*,*,#10984,.T.);
#10984 = EDGE_CURVE('',#8107,#9996,#10985,.T.);
#10985 = SURFACE_CURVE('',#10986,(#10991,#10998),.PCURVE_S1.);
#10986 = CIRCLE('',#10987,63.);
#10987 = AXIS2_PLACEMENT_3D('',#10988,#10989,#10990);
#10988 = CARTESIAN_POINT('',(-886.6199967142,-369.8535923895,
    534.39098827502));
#10989 = DIRECTION('',(-8.445976737354E-17,-0.965925826289,
    0.258819045103));
#10990 = DIRECTION('',(-0.707106781187,0.183012701892,0.683012701892));
#10991 = PCURVE('',#8151,#10992);
#10992 = DEFINITIONAL_REPRESENTATION('',(#10993),#10997);
#10993 = LINE('',#10994,#10995);
#10994 = CARTESIAN_POINT('',(-3.926990816987,0.));
#10995 = VECTOR('',#10996,1.);
#10996 = DIRECTION('',(1.,0.));
#10997 = ( GEOMETRIC_REPRESENTATION_CONTEXT(2) 
PARAMETRIC_REPRESENTATION_CONTEXT() REPRESENTATION_CONTEXT('2D SPACE',''
  ) );
#10998 = PCURVE('',#10012,#10999);
#10999 = DEFINITIONAL_REPRESENTATION('',(#11000),#11004);
#11000 = LINE('',#11001,#11002);
#11001 = CARTESIAN_POINT('',(-0.785398163397,18.));
#11002 = VECTOR('',#11003,1.);
#11003 = DIRECTION('',(1.,0.));
#11004 = ( GEOMETRIC_REPRESENTATION_CONTEXT(2) 
PARAMETRIC_REPRESENTATION_CONTEXT() REPRESENTATION_CONTEXT('2D SPACE',''
  ) );
#11005 = ORIENTED_EDGE('',*,*,#10027,.T.);
#11006 = ORIENTED_EDGE('',*,*,#8134,.F.);
#11007 = ADVANCED_FACE('',(#11008),#8122,.T.);
#11008 = FACE_BOUND('',#11009,.T.);
#11009 = EDGE_LOOP('',(#11010,#11011,#11032,#11033));
#11010 = ORIENTED_EDGE('',*,*,#8106,.F.);
#11011 = ORIENTED_EDGE('',*,*,#11012,.F.);
#11012 = EDGE_CURVE('',#9478,#8076,#11013,.T.);
#11013 = SURFACE_CURVE('',#11014,(#11018,#11025),.PCURVE_S1.);
#11014 = LINE('',#11015,#11016);
#11015 = CARTESIAN_POINT('',(-226.6199967142,-336.1613276748,
    590.58557251938));
#11016 = VECTOR('',#11017,1.);
#11017 = DIRECTION('',(-1.008768357388E-16,-0.965925826289,
    0.258819045103));
#11018 = PCURVE('',#8122,#11019);
#11019 = DEFINITIONAL_REPRESENTATION('',(#11020),#11024);
#11020 = LINE('',#11021,#11022);
#11021 = CARTESIAN_POINT('',(0.,0.));
#11022 = VECTOR('',#11023,1.);
#11023 = DIRECTION('',(5.813808594279E-29,1.));
#11024 = ( GEOMETRIC_REPRESENTATION_CONTEXT(2) 
PARAMETRIC_REPRESENTATION_CONTEXT() REPRESENTATION_CONTEXT('2D SPACE',''
  ) );
#11025 = PCURVE('',#10871,#11026);
#11026 = DEFINITIONAL_REPRESENTATION('',(#11027),#11031);
#11027 = LINE('',#11028,#11029);
#11028 = CARTESIAN_POINT('',(6.28318530718,-2.806643806252E-13));
#11029 = VECTOR('',#11030,1.);
#11030 = DIRECTION('',(0.,1.));
#11031 = ( GEOMETRIC_REPRESENTATION_CONTEXT(2) 
PARAMETRIC_REPRESENTATION_CONTEXT() REPRESENTATION_CONTEXT('2D SPACE',''
  ) );
#11032 = ORIENTED_EDGE('',*,*,#9477,.F.);
#11033 = ORIENTED_EDGE('',*,*,#11034,.T.);
#11034 = EDGE_CURVE('',#9449,#8107,#11035,.T.);
#11035 = SURFACE_CURVE('',#11036,(#11040,#11047),.PCURVE_S1.);
#11036 = LINE('',#11037,#11038);
#11037 = CARTESIAN_POINT('',(-886.6199967142,-336.1613276748,
    590.58557251938));
#11038 = VECTOR('',#11039,1.);
#11039 = DIRECTION('',(-1.008768357388E-16,-0.965925826289,
    0.258819045103));
#11040 = PCURVE('',#8122,#11041);
#11041 = DEFINITIONAL_REPRESENTATION('',(#11042),#11046);
#11042 = LINE('',#11043,#11044);
#11043 = CARTESIAN_POINT('',(660.,9.600303036745E-14));
#11044 = VECTOR('',#11045,1.);
#11045 = DIRECTION('',(5.813808594279E-29,1.));
#11046 = ( GEOMETRIC_REPRESENTATION_CONTEXT(2) 
PARAMETRIC_REPRESENTATION_CONTEXT() REPRESENTATION_CONTEXT('2D SPACE',''
  ) );
#11047 = PCURVE('',#10012,#11048);
#11048 = DEFINITIONAL_REPRESENTATION('',(#11049),#11053);
#11049 = LINE('',#11050,#11051);
#11050 = CARTESIAN_POINT('',(4.712388980385,-2.806643806252E-13));
#11051 = VECTOR('',#11052,1.);
#11052 = DIRECTION('',(0.,1.));
#11053 = ( GEOMETRIC_REPRESENTATION_CONTEXT(2) 
PARAMETRIC_REPRESENTATION_CONTEXT() REPRESENTATION_CONTEXT('2D SPACE',''
  ) );
#11054 = ADVANCED_FACE('',(#11055),#8453,.T.);
#11055 = FACE_BOUND('',#11056,.T.);
#11056 = EDGE_LOOP('',(#11057,#11058,#11059,#11060));
#11057 = ORIENTED_EDGE('',*,*,#9551,.T.);
#11058 = ORIENTED_EDGE('',*,*,#10794,.T.);
#11059 = ORIENTED_EDGE('',*,*,#10682,.T.);
#11060 = ORIENTED_EDGE('',*,*,#8391,.T.);
#11061 = ADVANCED_FACE('',(#11062),#9300,.F.);
#11062 = FACE_BOUND('',#11063,.F.);
#11063 = EDGE_LOOP('',(#11064,#11065,#11066,#11067));
#11064 = ORIENTED_EDGE('',*,*,#9391,.T.);
#11065 = ORIENTED_EDGE('',*,*,#9935,.T.);
#11066 = ORIENTED_EDGE('',*,*,#9860,.T.);
#11067 = ORIENTED_EDGE('',*,*,#9236,.T.);
#11068 = ADVANCED_FACE('',(#11069),#9465,.T.);
#11069 = FACE_BOUND('',#11070,.T.);
#11070 = EDGE_LOOP('',(#11071,#11093,#11094));
#11071 = ORIENTED_EDGE('',*,*,#11072,.T.);
#11072 = EDGE_CURVE('',#9958,#9449,#11073,.T.);
#11073 = SURFACE_CURVE('',#11074,(#11079,#11086),.PCURVE_S1.);
#11074 = CIRCLE('',#11075,63.);
#11075 = AXIS2_PLACEMENT_3D('',#11076,#11077,#11078);
#11076 = CARTESIAN_POINT('',(-886.6199967142,-362.1261857792,
    532.3204359142));
#11077 = DIRECTION('',(8.445976737354E-17,0.965925826289,-0.258819045103
    ));
#11078 = DIRECTION('',(-0.707106781187,0.183012701892,0.683012701892));
#11079 = PCURVE('',#9465,#11080);
#11080 = DEFINITIONAL_REPRESENTATION('',(#11081),#11085);
#11081 = LINE('',#11082,#11083);
#11082 = CARTESIAN_POINT('',(0.785398163398,0.));
#11083 = VECTOR('',#11084,1.);
#11084 = DIRECTION('',(1.,0.));
#11085 = ( GEOMETRIC_REPRESENTATION_CONTEXT(2) 
PARAMETRIC_REPRESENTATION_CONTEXT() REPRESENTATION_CONTEXT('2D SPACE',''
  ) );
#11086 = PCURVE('',#10012,#11087);
#11087 = DEFINITIONAL_REPRESENTATION('',(#11088),#11092);
#11088 = LINE('',#11089,#11090);
#11089 = CARTESIAN_POINT('',(5.497787143782,10.));
#11090 = VECTOR('',#11091,1.);
#11091 = DIRECTION('',(-1.,0.));
#11092 = ( GEOMETRIC_REPRESENTATION_CONTEXT(2) 
PARAMETRIC_REPRESENTATION_CONTEXT() REPRESENTATION_CONTEXT('2D SPACE',''
  ) );
#11093 = ORIENTED_EDGE('',*,*,#9448,.T.);
#11094 = ORIENTED_EDGE('',*,*,#9957,.F.);
#11095 = ADVANCED_FACE('',(#11096),#9517,.T.);
#11096 = FACE_BOUND('',#11097,.T.);
#11097 = EDGE_LOOP('',(#11098,#11099,#11100));
#11098 = ORIENTED_EDGE('',*,*,#10816,.T.);
#11099 = ORIENTED_EDGE('',*,*,#9500,.T.);
#11100 = ORIENTED_EDGE('',*,*,#11101,.T.);
#11101 = EDGE_CURVE('',#9478,#10817,#11102,.T.);
#11102 = SURFACE_CURVE('',#11103,(#11108,#11115),.PCURVE_S1.);
#11103 = CIRCLE('',#11104,63.);
#11104 = AXIS2_PLACEMENT_3D('',#11105,#11106,#11107);
#11105 = CARTESIAN_POINT('',(-226.6199967142,-362.1261857792,
    532.3204359142));
#11106 = DIRECTION('',(7.463660224859E-17,0.965925826289,-0.258819045103
    ));
#11107 = DIRECTION('',(0.707106781187,0.183012701892,0.683012701892));
#11108 = PCURVE('',#9517,#11109);
#11109 = DEFINITIONAL_REPRESENTATION('',(#11110),#11114);
#11110 = LINE('',#11111,#11112);
#11111 = CARTESIAN_POINT('',(-3.926990816987,0.));
#11112 = VECTOR('',#11113,1.);
#11113 = DIRECTION('',(1.,0.));
#11114 = ( GEOMETRIC_REPRESENTATION_CONTEXT(2) 
PARAMETRIC_REPRESENTATION_CONTEXT() REPRESENTATION_CONTEXT('2D SPACE',''
  ) );
#11115 = PCURVE('',#10871,#11116);
#11116 = DEFINITIONAL_REPRESENTATION('',(#11117),#11121);
#11117 = LINE('',#11118,#11119);
#11118 = CARTESIAN_POINT('',(11.780972450962,10.));
#11119 = VECTOR('',#11120,1.);
#11120 = DIRECTION('',(-1.,0.));
#11121 = ( GEOMETRIC_REPRESENTATION_CONTEXT(2) 
PARAMETRIC_REPRESENTATION_CONTEXT() REPRESENTATION_CONTEXT('2D SPACE',''
  ) );
#11122 = ADVANCED_FACE('',(#11123),#9701,.T.);
#11123 = FACE_BOUND('',#11124,.T.);
#11124 = EDGE_LOOP('',(#11125,#11126,#11127,#11128,#11129));
#11125 = ORIENTED_EDGE('',*,*,#10074,.T.);
#11126 = ORIENTED_EDGE('',*,*,#9913,.T.);
#11127 = ORIENTED_EDGE('',*,*,#9809,.T.);
#11128 = ORIENTED_EDGE('',*,*,#9785,.F.);
#11129 = ORIENTED_EDGE('',*,*,#9678,.F.);
#11130 = ADVANCED_FACE('',(#11131),#10012,.T.);
#11131 = FACE_BOUND('',#11132,.T.);
#11132 = EDGE_LOOP('',(#11133,#11134,#11135,#11136));
#11133 = ORIENTED_EDGE('',*,*,#10984,.F.);
#11134 = ORIENTED_EDGE('',*,*,#11034,.F.);
#11135 = ORIENTED_EDGE('',*,*,#11072,.F.);
#11136 = ORIENTED_EDGE('',*,*,#9995,.F.);
#11137 = ADVANCED_FACE('',(#11138),#10130,.F.);
#11138 = FACE_BOUND('',#11139,.F.);
#11139 = EDGE_LOOP('',(#11140,#11141,#11142,#11143));
#11140 = ORIENTED_EDGE('',*,*,#10192,.T.);
#11141 = ORIENTED_EDGE('',*,*,#10240,.T.);
#11142 = ORIENTED_EDGE('',*,*,#10299,.F.);
#11143 = ORIENTED_EDGE('',*,*,#10107,.F.);
#11144 = ADVANCED_FACE('',(#11145),#10871,.T.);
#11145 = FACE_BOUND('',#11146,.T.);
#11146 = EDGE_LOOP('',(#11147,#11148,#11149,#11150));
#11147 = ORIENTED_EDGE('',*,*,#10957,.F.);
#11148 = ORIENTED_EDGE('',*,*,#10854,.T.);
#11149 = ORIENTED_EDGE('',*,*,#11101,.F.);
#11150 = ORIENTED_EDGE('',*,*,#11012,.T.);
#11151 = ( GEOMETRIC_REPRESENTATION_CONTEXT(3) 
GLOBAL_UNCERTAINTY_ASSIGNED_CONTEXT((#11155)) 
GLOBAL_UNIT_ASSIGNED_CONTEXT((#11152,#11153,#11154)) 
REPRESENTATION_CONTEXT('Context #1',
  '3D Context with UNIT and UNCERTAINTY') );
#11152 = ( LENGTH_UNIT() NAMED_UNIT(*) SI_UNIT(.MILLI.,.METRE.) );
#11153 = ( NAMED_UNIT(*) PLANE_ANGLE_UNIT() SI_UNIT($,.RADIAN.) );
#11154 = ( NAMED_UNIT(*) SI_UNIT($,.STERADIAN.) SOLID_ANGLE_UNIT() );
#11155 = UNCERTAINTY_MEASURE_WITH_UNIT(LENGTH_MEASURE(1.E-05),#11152,
  'distance_accuracy_value','confusion accuracy');
#11156 = CONTEXT_DEPENDENT_SHAPE_REPRESENTATION(#11157,#11159);
#11157 = ( REPRESENTATION_RELATIONSHIP('','',#36,#10) 
REPRESENTATION_RELATIONSHIP_WITH_TRANSFORMATION(#11158) 
SHAPE_REPRESENTATION_RELATIONSHIP() );
#11158 = ITEM_DEFINED_TRANSFORMATION('','',#11,#15);
#11159 = PRODUCT_DEFINITION_SHAPE('Placement','Placement of an item',
  #11160);
#11160 = NEXT_ASSEMBLY_USAGE_OCCURRENCE('1','','',#5,#31,$);
#11161 = PRODUCT_RELATED_PRODUCT_CATEGORY('part',$,(#33));
#11162 = SHAPE_DEFINITION_REPRESENTATION(#11163,#11169);
#11163 = PRODUCT_DEFINITION_SHAPE('','',#11164);
#11164 = PRODUCT_DEFINITION('design','',#11165,#11168);
#11165 = PRODUCT_DEFINITION_FORMATION('','',#11166);
#11166 = PRODUCT('Open CASCADE STEP translator 7.9 1.2',
  'Open CASCADE STEP translator 7.9 1.2','',(#11167));
#11167 = PRODUCT_CONTEXT('',#2,'mechanical');
#11168 = PRODUCT_DEFINITION_CONTEXT('part definition',#2,'design');
#11169 = ADVANCED_BREP_SHAPE_REPRESENTATION('',(#11,#11170),#11492);
#11170 = MANIFOLD_SOLID_BREP('',#11171);
#11171 = CLOSED_SHELL('',(#11172,#11306,#11459,#11487));
#11172 = ADVANCED_FACE('',(#11173),#11210,.T.);
#11173 = FACE_BOUND('',#11174,.T.);
#11174 = EDGE_LOOP('',(#11175,#11279));
#11175 = ORIENTED_EDGE('',*,*,#11176,.F.);
#11176 = EDGE_CURVE('',#11177,#11179,#11181,.T.);
#11177 = VERTEX_POINT('',#11178);
#11178 = CARTESIAN_POINT('',(-226.6199967142,-354.0230335869,595.31201)
  );
#11179 = VERTEX_POINT('',#11180);
#11180 = CARTESIAN_POINT('',(-226.6199967142,-354.1082276894,595.31201)
  );
#11181 = SURFACE_CURVE('',#11182,(#11209,#11244),.PCURVE_S1.);
#11182 = B_SPLINE_CURVE_WITH_KNOTS('',7,(#11183,#11184,#11185,#11186,
    #11187,#11188,#11189,#11190,#11191,#11192,#11193,#11194,#11195,
    #11196,#11197,#11198,#11199,#11200,#11201,#11202,#11203,#11204,
    #11205,#11206,#11207,#11208),.UNSPECIFIED.,.F.,.F.,(8,6,6,6,8),(0.,
    0.124659912235,0.203092634319,0.300338802719,1.),.UNSPECIFIED.);
#11183 = CARTESIAN_POINT('',(-226.6199967142,-354.0230335871,595.31201)
  );
#11184 = CARTESIAN_POINT('',(-226.5939732545,-354.0230335871,595.31201)
  );
#11185 = CARTESIAN_POINT('',(-226.5679977091,-354.023574913,595.31201));
#11186 = CARTESIAN_POINT('',(-226.542045914,-354.0247613775,595.31201));
#11187 = CARTESIAN_POINT('',(-226.5160973606,-354.0265503464,595.31201)
  );
#11188 = CARTESIAN_POINT('',(-226.4901773566,-354.0289595062,595.31201)
  );
#11189 = CARTESIAN_POINT('',(-226.4643991879,-354.0322736323,595.31201)
  );
#11190 = CARTESIAN_POINT('',(-226.4230297334,-354.0403832103,595.31201)
  );
#11191 = CARTESIAN_POINT('',(-226.4104930048,-354.0435342014,595.31201)
  );
#11192 = CARTESIAN_POINT('',(-226.4006281724,-354.0466902137,595.31201)
  );
#11193 = CARTESIAN_POINT('',(-226.3928724232,-354.0498417458,595.31201)
  );
#11194 = CARTESIAN_POINT('',(-226.3868680531,-354.0529839115,595.31201)
  );
#11195 = CARTESIAN_POINT('',(-226.3824624666,-354.0561164397,595.31201)
  );
#11196 = CARTESIAN_POINT('',(-226.376293224,-354.0631210317,595.31201));
#11197 = CARTESIAN_POINT('',(-226.374686035,-354.0676963273,595.31201));
#11198 = CARTESIAN_POINT('',(-226.3774168369,-354.0717976328,595.31201)
  );
#11199 = CARTESIAN_POINT('',(-226.3816883627,-354.0751886232,595.31201)
  );
#11200 = CARTESIAN_POINT('',(-226.3863391446,-354.0778904504,595.31201)
  );
#11201 = CARTESIAN_POINT('',(-226.3906802384,-354.0800174125,595.31201)
  );
#11202 = CARTESIAN_POINT('',(-226.4237365652,-354.0942546204,595.31201)
  );
#11203 = CARTESIAN_POINT('',(-226.4577770707,-354.0969838676,595.31201)
  );
#11204 = CARTESIAN_POINT('',(-226.4893938167,-354.1046817012,595.31201)
  );
#11205 = CARTESIAN_POINT('',(-226.5232501234,-354.1044704682,595.31201)
  );
#11206 = CARTESIAN_POINT('',(-226.5545242533,-354.1076036915,595.31201)
  );
#11207 = CARTESIAN_POINT('',(-226.5868168907,-354.1082276892,595.31201)
  );
#11208 = CARTESIAN_POINT('',(-226.6199967142,-354.1082276892,595.31201)
  );
#11209 = PCURVE('',#11210,#11215);
#11210 = TOROIDAL_SURFACE('',#11211,61.,2.);
#11211 = AXIS2_PLACEMENT_3D('',#11212,#11213,#11214);
#11212 = CARTESIAN_POINT('',(-226.6199967142,-369.8535923895,
    534.39098827502));
#11213 = DIRECTION('',(-1.008768357388E-16,-0.965925826289,
    0.258819045103));
#11214 = DIRECTION('',(1.,-9.743954091442E-17,2.610884629888E-17));
#11215 = DEFINITIONAL_REPRESENTATION('',(#11216),#11243);
#11216 = B_SPLINE_CURVE_WITH_KNOTS('',7,(#11217,#11218,#11219,#11220,
    #11221,#11222,#11223,#11224,#11225,#11226,#11227,#11228,#11229,
    #11230,#11231,#11232,#11233,#11234,#11235,#11236,#11237,#11238,
    #11239,#11240,#11241,#11242),.UNSPECIFIED.,.F.,.F.,(8,6,6,6,8),(0.,
    0.124659912235,0.203092634319,0.300338802719,1.),.UNSPECIFIED.);
#11217 = CARTESIAN_POINT('',(1.570796326795,0.240499251681));
#11218 = CARTESIAN_POINT('',(1.570382878249,0.240499251681));
#11219 = CARTESIAN_POINT('',(1.569970191471,0.240768351836));
#11220 = CARTESIAN_POINT('',(1.569557876883,0.241358480272));
#11221 = CARTESIAN_POINT('',(1.569145606312,0.24224830162));
#11222 = CARTESIAN_POINT('',(1.568733778569,0.243446644355));
#11223 = CARTESIAN_POINT('',(1.568324185046,0.245095928137));
#11224 = CARTESIAN_POINT('',(1.567666797627,0.249135729576));
#11225 = CARTESIAN_POINT('',(1.567467565683,0.250706123083));
#11226 = CARTESIAN_POINT('',(1.567310780793,0.252279752015));
#11227 = CARTESIAN_POINT('',(1.56718750276,0.253851891224));
#11228 = CARTESIAN_POINT('',(1.567092049868,0.255420110068));
#11229 = CARTESIAN_POINT('',(1.56702199888,0.256984272411));
#11230 = CARTESIAN_POINT('',(1.566923861684,0.260483536952));
#11231 = CARTESIAN_POINT('',(1.566898250132,0.262770354117));
#11232 = CARTESIAN_POINT('',(1.566941574536,0.264822367781));
#11233 = CARTESIAN_POINT('',(1.56700939968,0.266520060444));
#11234 = CARTESIAN_POINT('',(1.567083263034,0.267873214349));
#11235 = CARTESIAN_POINT('',(1.567152215738,0.268938778511));
#11236 = CARTESIAN_POINT('',(1.56767730966,0.276072922933));
#11237 = CARTESIAN_POINT('',(1.568218268011,0.277451646226));
#11238 = CARTESIAN_POINT('',(1.568720645987,0.281310469535));
#11239 = CARTESIAN_POINT('',(1.569258749797,0.281213226252));
#11240 = CARTESIAN_POINT('',(1.569755761793,0.282784712946));
#11241 = CARTESIAN_POINT('',(1.570268996557,0.283099523918));
#11242 = CARTESIAN_POINT('',(1.570796326795,0.283099523918));
#11243 = ( GEOMETRIC_REPRESENTATION_CONTEXT(2) 
PARAMETRIC_REPRESENTATION_CONTEXT() REPRESENTATION_CONTEXT('2D SPACE',''
  ) );
#11244 = PCURVE('',#11245,#11250);
#11245 = PLANE('',#11246);
#11246 = AXIS2_PLACEMENT_3D('',#11247,#11248,#11249);
#11247 = CARTESIAN_POINT('',(-969.6200001,-526.6983149878,595.31201));
#11248 = DIRECTION('',(0.,0.,1.));
#11249 = DIRECTION('',(1.,0.,-0.));
#11250 = DEFINITIONAL_REPRESENTATION('',(#11251),#11278);
#11251 = B_SPLINE_CURVE_WITH_KNOTS('',7,(#11252,#11253,#11254,#11255,
    #11256,#11257,#11258,#11259,#11260,#11261,#11262,#11263,#11264,
    #11265,#11266,#11267,#11268,#11269,#11270,#11271,#11272,#11273,
    #11274,#11275,#11276,#11277),.UNSPECIFIED.,.F.,.F.,(8,6,6,6,8),(0.,
    0.124659912235,0.203092634319,0.300338802719,1.),.UNSPECIFIED.);
#11252 = CARTESIAN_POINT('',(743.00000338579,172.67528140071));
#11253 = CARTESIAN_POINT('',(743.02602684542,172.67528140071));
#11254 = CARTESIAN_POINT('',(743.05200239086,172.67474007486));
#11255 = CARTESIAN_POINT('',(743.07795418592,172.67355361033));
#11256 = CARTESIAN_POINT('',(743.10390273936,172.67176464145));
#11257 = CARTESIAN_POINT('',(743.12982274338,172.66935548165));
#11258 = CARTESIAN_POINT('',(743.15560091209,172.66604135548));
#11259 = CARTESIAN_POINT('',(743.1969703665,172.65793177752));
#11260 = CARTESIAN_POINT('',(743.2095070951,172.65478078645));
#11261 = CARTESIAN_POINT('',(743.21937192752,172.65162477411));
#11262 = CARTESIAN_POINT('',(743.22712767671,172.64847324201));
#11263 = CARTESIAN_POINT('',(743.23313204685,172.64533107637));
#11264 = CARTESIAN_POINT('',(743.2375376333,172.64219854812));
#11265 = CARTESIAN_POINT('',(743.24370687597,172.63519395616));
#11266 = CARTESIAN_POINT('',(743.24531406494,172.63061866051));
#11267 = CARTESIAN_POINT('',(743.24258326301,172.62651735508));
#11268 = CARTESIAN_POINT('',(743.23831173729,172.62312636458));
#11269 = CARTESIAN_POINT('',(743.23366095532,172.62042453741));
#11270 = CARTESIAN_POINT('',(743.22931986154,172.61829757534));
#11271 = CARTESIAN_POINT('',(743.19626353471,172.6040603674));
#11272 = CARTESIAN_POINT('',(743.16222302923,172.60133112026));
#11273 = CARTESIAN_POINT('',(743.13060628328,172.59363328661));
#11274 = CARTESIAN_POINT('',(743.09674997659,172.59384451962));
#11275 = CARTESIAN_POINT('',(743.06547584661,172.59071129635));
#11276 = CARTESIAN_POINT('',(743.03318320923,172.59008729861));
#11277 = CARTESIAN_POINT('',(743.00000338579,172.59008729861));
#11278 = ( GEOMETRIC_REPRESENTATION_CONTEXT(2) 
PARAMETRIC_REPRESENTATION_CONTEXT() REPRESENTATION_CONTEXT('2D SPACE',''
  ) );
#11279 = ORIENTED_EDGE('',*,*,#11280,.T.);
#11280 = EDGE_CURVE('',#11177,#11179,#11281,.T.);
#11281 = SURFACE_CURVE('',#11282,(#11287,#11294),.PCURVE_S1.);
#11282 = CIRCLE('',#11283,2.);
#11283 = AXIS2_PLACEMENT_3D('',#11284,#11285,#11286);
#11284 = CARTESIAN_POINT('',(-226.6199967142,-354.0656306382,
    593.31246367865));
#11285 = DIRECTION('',(1.,-1.050497185157E-16,-2.292723163573E-18));
#11286 = DIRECTION('',(2.94034683508E-17,0.258819045103,0.965925826289)
  );
#11287 = PCURVE('',#11210,#11288);
#11288 = DEFINITIONAL_REPRESENTATION('',(#11289),#11293);
#11289 = LINE('',#11290,#11291);
#11290 = CARTESIAN_POINT('',(1.570796326795,0.));
#11291 = VECTOR('',#11292,1.);
#11292 = DIRECTION('',(0.,1.));
#11293 = ( GEOMETRIC_REPRESENTATION_CONTEXT(2) 
PARAMETRIC_REPRESENTATION_CONTEXT() REPRESENTATION_CONTEXT('2D SPACE',''
  ) );
#11294 = PCURVE('',#11295,#11300);
#11295 = CYLINDRICAL_SURFACE('',#11296,2.);
#11296 = AXIS2_PLACEMENT_3D('',#11297,#11298,#11299);
#11297 = CARTESIAN_POINT('',(-391.6199967142,-354.0656306382,
    593.31246367865));
#11298 = DIRECTION('',(-1.,1.224646799147E-16,6.728624391668E-17));
#11299 = DIRECTION('',(-2.9607434003E-18,-0.5,0.866025403784));
#11300 = DEFINITIONAL_REPRESENTATION('',(#11301),#11305);
#11301 = LINE('',#11302,#11303);
#11302 = CARTESIAN_POINT('',(7.068583470577,-165.));
#11303 = VECTOR('',#11304,1.);
#11304 = DIRECTION('',(-1.,0.));
#11305 = ( GEOMETRIC_REPRESENTATION_CONTEXT(2) 
PARAMETRIC_REPRESENTATION_CONTEXT() REPRESENTATION_CONTEXT('2D SPACE',''
  ) );
#11306 = ADVANCED_FACE('',(#11307),#11245,.F.);
#11307 = FACE_BOUND('',#11308,.F.);
#11308 = EDGE_LOOP('',(#11309,#11310,#11331,#11440));
#11309 = ORIENTED_EDGE('',*,*,#11176,.F.);
#11310 = ORIENTED_EDGE('',*,*,#11311,.T.);
#11311 = EDGE_CURVE('',#11177,#11312,#11314,.T.);
#11312 = VERTEX_POINT('',#11313);
#11313 = CARTESIAN_POINT('',(-886.6199967142,-354.0230335869,595.31201)
  );
#11314 = SURFACE_CURVE('',#11315,(#11319,#11325),.PCURVE_S1.);
#11315 = LINE('',#11316,#11317);
#11316 = CARTESIAN_POINT('',(-391.6199967142,-354.0230335869,595.31201)
  );
#11317 = VECTOR('',#11318,1.);
#11318 = DIRECTION('',(-1.,1.224646799147E-16,6.728624391668E-17));
#11319 = PCURVE('',#11245,#11320);
#11320 = DEFINITIONAL_REPRESENTATION('',(#11321),#11324);
#11321 = B_SPLINE_CURVE_WITH_KNOTS('',1,(#11322,#11323),.UNSPECIFIED.,
  .F.,.F.,(2,2),(-165.0000006,495.0000006),.PIECEWISE_BEZIER_KNOTS.);
#11322 = CARTESIAN_POINT('',(743.0000039858,172.67528140094));
#11323 = CARTESIAN_POINT('',(83.0000027858,172.67528140094));
#11324 = ( GEOMETRIC_REPRESENTATION_CONTEXT(2) 
PARAMETRIC_REPRESENTATION_CONTEXT() REPRESENTATION_CONTEXT('2D SPACE',''
  ) );
#11325 = PCURVE('',#11295,#11326);
#11326 = DEFINITIONAL_REPRESENTATION('',(#11327),#11330);
#11327 = B_SPLINE_CURVE_WITH_KNOTS('',1,(#11328,#11329),.UNSPECIFIED.,
  .F.,.F.,(2,2),(-165.0000006,495.0000006),.PIECEWISE_BEZIER_KNOTS.);
#11328 = CARTESIAN_POINT('',(6.828084219001,-165.0000006));
#11329 = CARTESIAN_POINT('',(6.828084219001,495.0000006));
#11330 = ( GEOMETRIC_REPRESENTATION_CONTEXT(2) 
PARAMETRIC_REPRESENTATION_CONTEXT() REPRESENTATION_CONTEXT('2D SPACE',''
  ) );
#11331 = ORIENTED_EDGE('',*,*,#11332,.F.);
#11332 = EDGE_CURVE('',#11333,#11312,#11335,.T.);
#11333 = VERTEX_POINT('',#11334);
#11334 = CARTESIAN_POINT('',(-886.6199967142,-354.1082276894,595.31201)
  );
#11335 = SURFACE_CURVE('',#11336,(#11367,#11401),.PCURVE_S1.);
#11336 = B_SPLINE_CURVE_WITH_KNOTS('',8,(#11337,#11338,#11339,#11340,
    #11341,#11342,#11343,#11344,#11345,#11346,#11347,#11348,#11349,
    #11350,#11351,#11352,#11353,#11354,#11355,#11356,#11357,#11358,
    #11359,#11360,#11361,#11362,#11363,#11364,#11365,#11366),
  .UNSPECIFIED.,.F.,.F.,(9,7,7,7,9),(0.,0.259123575233,0.422192001566,
    0.571028522777,1.),.UNSPECIFIED.);
#11337 = CARTESIAN_POINT('',(-886.6199967141,-354.1082276892,595.31201)
  );
#11338 = CARTESIAN_POINT('',(-886.6427641655,-354.1082276892,595.31201)
  );
#11339 = CARTESIAN_POINT('',(-886.6654958176,-354.1078265698,595.31201)
  );
#11340 = CARTESIAN_POINT('',(-886.6882068892,-354.1069593052,595.31201)
  );
#11341 = CARTESIAN_POINT('',(-886.710910764,-354.1056342817,595.31201));
#11342 = CARTESIAN_POINT('',(-886.7336032683,-354.1038555952,595.31201)
  );
#11343 = CARTESIAN_POINT('',(-886.7562469494,-354.1015453497,595.31201)
  );
#11344 = CARTESIAN_POINT('',(-886.7787553538,-354.0984659542,595.31201)
  );
#11345 = CARTESIAN_POINT('',(-886.8149617473,-354.0914215892,595.31201)
  );
#11346 = CARTESIAN_POINT('',(-886.8263651363,-354.088684216,595.31201));
#11347 = CARTESIAN_POINT('',(-886.8356676684,-354.085939036,595.31201));
#11348 = CARTESIAN_POINT('',(-886.8432469049,-354.0831925085,595.31201)
  );
#11349 = CARTESIAN_POINT('',(-886.8493777723,-354.0804488183,595.31201)
  );
#11350 = CARTESIAN_POINT('',(-886.8542325622,-354.0777098757,595.31201)
  );
#11351 = CARTESIAN_POINT('',(-886.8578809312,-354.0749753161,595.31201)
  );
#11352 = CARTESIAN_POINT('',(-886.862488627,-354.0697481928,595.31201));
#11353 = CARTESIAN_POINT('',(-886.8641813517,-354.0667156754,595.31201)
  );
#11354 = CARTESIAN_POINT('',(-886.8641938193,-354.0636074157,595.31201)
  );
#11355 = CARTESIAN_POINT('',(-886.8625968022,-354.0606941442,595.31201)
  );
#11356 = CARTESIAN_POINT('',(-886.8599906849,-354.0581182918,595.31201)
  );
#11357 = CARTESIAN_POINT('',(-886.8570225961,-354.0559395632,595.31201)
  );
#11358 = CARTESIAN_POINT('',(-886.8541360903,-354.0541626469,595.31201)
  );
#11359 = CARTESIAN_POINT('',(-886.8441095755,-354.0486671113,595.31201)
  );
#11360 = CARTESIAN_POINT('',(-886.831899536,-354.0435822455,595.31201));
#11361 = CARTESIAN_POINT('',(-886.8133459477,-354.0382380627,595.31201)
  );
#11362 = CARTESIAN_POINT('',(-886.7875698598,-354.0330643516,595.31201)
  );
#11363 = CARTESIAN_POINT('',(-886.7544250501,-354.0284958192,595.31201)
  );
#11364 = CARTESIAN_POINT('',(-886.7144328813,-354.0250154347,595.31201)
  );
#11365 = CARTESIAN_POINT('',(-886.6689206092,-354.0230335871,595.31201)
  );
#11366 = CARTESIAN_POINT('',(-886.6199967141,-354.0230335871,595.31201)
  );
#11367 = PCURVE('',#11245,#11368);
#11368 = DEFINITIONAL_REPRESENTATION('',(#11369),#11400);
#11369 = B_SPLINE_CURVE_WITH_KNOTS('',8,(#11370,#11371,#11372,#11373,
    #11374,#11375,#11376,#11377,#11378,#11379,#11380,#11381,#11382,
    #11383,#11384,#11385,#11386,#11387,#11388,#11389,#11390,#11391,
    #11392,#11393,#11394,#11395,#11396,#11397,#11398,#11399),
  .UNSPECIFIED.,.F.,.F.,(9,7,7,7,9),(0.,0.259123575233,0.422192001566,
    0.571028522777,1.),.UNSPECIFIED.);
#11370 = CARTESIAN_POINT('',(83.000003385828,172.59008729861));
#11371 = CARTESIAN_POINT('',(82.977235934423,172.59008729861));
#11372 = CARTESIAN_POINT('',(82.954504282382,172.59048841799));
#11373 = CARTESIAN_POINT('',(82.931793210767,172.5913556826));
#11374 = CARTESIAN_POINT('',(82.909089335998,172.59268070618));
#11375 = CARTESIAN_POINT('',(82.886396831698,172.59445939261));
#11376 = CARTESIAN_POINT('',(82.863753150543,172.59676963813));
#11377 = CARTESIAN_POINT('',(82.841244746115,172.59984903359));
#11378 = CARTESIAN_POINT('',(82.805038352629,172.60689339866));
#11379 = CARTESIAN_POINT('',(82.793634963645,172.60963077178));
#11380 = CARTESIAN_POINT('',(82.784332431575,172.61237595183));
#11381 = CARTESIAN_POINT('',(82.776753195075,172.61512247934));
#11382 = CARTESIAN_POINT('',(82.770622327679,172.61786616949));
#11383 = CARTESIAN_POINT('',(82.765767537798,172.62060511212));
#11384 = CARTESIAN_POINT('',(82.762119168722,172.62333967174));
#11385 = CARTESIAN_POINT('',(82.75751147298,172.62856679504));
#11386 = CARTESIAN_POINT('',(82.755818748229,172.63159931239));
#11387 = CARTESIAN_POINT('',(82.755806280658,172.6347075721));
#11388 = CARTESIAN_POINT('',(82.757403297769,172.63762084361));
#11389 = CARTESIAN_POINT('',(82.760009415093,172.64019669605));
#11390 = CARTESIAN_POINT('',(82.762977503878,172.64237542468));
#11391 = CARTESIAN_POINT('',(82.765864009631,172.64415234091));
#11392 = CARTESIAN_POINT('',(82.775890524438,172.64964787656));
#11393 = CARTESIAN_POINT('',(82.788100563979,172.65473274229));
#11394 = CARTESIAN_POINT('',(82.806654152202,172.66007692516));
#11395 = CARTESIAN_POINT('',(82.832430240116,172.66525063622));
#11396 = CARTESIAN_POINT('',(82.86557504987,172.66981916868));
#11397 = CARTESIAN_POINT('',(82.905567218623,172.67329955312));
#11398 = CARTESIAN_POINT('',(82.951079490727,172.67528140071));
#11399 = CARTESIAN_POINT('',(83.000003385828,172.67528140071));
#11400 = ( GEOMETRIC_REPRESENTATION_CONTEXT(2) 
PARAMETRIC_REPRESENTATION_CONTEXT() REPRESENTATION_CONTEXT('2D SPACE',''
  ) );
#11401 = PCURVE('',#11402,#11407);
#11402 = TOROIDAL_SURFACE('',#11403,61.,2.);
#11403 = AXIS2_PLACEMENT_3D('',#11404,#11405,#11406);
#11404 = CARTESIAN_POINT('',(-886.6199967142,-369.8535923895,
    534.39098827502));
#11405 = DIRECTION('',(-1.008768357388E-16,-0.965925826289,
    0.258819045103));
#11406 = DIRECTION('',(1.,-9.743954091442E-17,2.610884629888E-17));
#11407 = DEFINITIONAL_REPRESENTATION('',(#11408),#11439);
#11408 = B_SPLINE_CURVE_WITH_KNOTS('',8,(#11409,#11410,#11411,#11412,
    #11413,#11414,#11415,#11416,#11417,#11418,#11419,#11420,#11421,
    #11422,#11423,#11424,#11425,#11426,#11427,#11428,#11429,#11430,
    #11431,#11432,#11433,#11434,#11435,#11436,#11437,#11438),
  .UNSPECIFIED.,.F.,.F.,(9,7,7,7,9),(0.,0.259123575233,0.422192001566,
    0.571028522777,1.),.UNSPECIFIED.);
#11409 = CARTESIAN_POINT('',(1.570796326794,0.283099523918));
#11410 = CARTESIAN_POINT('',(1.571158172167,0.283099523919));
#11411 = CARTESIAN_POINT('',(1.571519448969,0.282897694413));
#11412 = CARTESIAN_POINT('',(1.571880395284,0.282461538987));
#11413 = CARTESIAN_POINT('',(1.572241221671,0.281795248359));
#11414 = CARTESIAN_POINT('',(1.572601859719,0.280900869666));
#11415 = CARTESIAN_POINT('',(1.572961710601,0.279739475759));
#11416 = CARTESIAN_POINT('',(1.573319393622,0.278192334487));
#11417 = CARTESIAN_POINT('',(1.573894704005,0.274656319162));
#11418 = CARTESIAN_POINT('',(1.574075888989,0.273282864334));
#11419 = CARTESIAN_POINT('',(1.574223682738,0.271906098068));
#11420 = CARTESIAN_POINT('',(1.574344086951,0.270529260645));
#11421 = CARTESIAN_POINT('',(1.574441472016,0.269154448069));
#11422 = CARTESIAN_POINT('',(1.574518577014,0.267782612062));
#11423 = CARTESIAN_POINT('',(1.574576509713,0.266413560071));
#11424 = CARTESIAN_POINT('',(1.574649646286,0.263797709075));
#11425 = CARTESIAN_POINT('',(1.574676496061,0.262280596307));
#11426 = CARTESIAN_POINT('',(1.574676643797,0.26072646591));
#11427 = CARTESIAN_POINT('',(1.57465122027,0.259270639477));
#11428 = CARTESIAN_POINT('',(1.574609769269,0.257984010607));
#11429 = CARTESIAN_POINT('',(1.574562574378,0.25689609125));
#11430 = CARTESIAN_POINT('',(1.574516682433,0.256009005039));
#11431 = CARTESIAN_POINT('',(1.574357285397,0.253265954543));
#11432 = CARTESIAN_POINT('',(1.5741632044,0.250729121753));
#11433 = CARTESIAN_POINT('',(1.573868336442,0.248065155713));
#11434 = CARTESIAN_POINT('',(1.573458732282,0.245488622496));
#11435 = CARTESIAN_POINT('',(1.572932085125,0.243215482959));
#11436 = CARTESIAN_POINT('',(1.572296684429,0.241484775069));
#11437 = CARTESIAN_POINT('',(1.571573606741,0.24049925168));
#11438 = CARTESIAN_POINT('',(1.570796326794,0.240499251681));
#11439 = ( GEOMETRIC_REPRESENTATION_CONTEXT(2) 
PARAMETRIC_REPRESENTATION_CONTEXT() REPRESENTATION_CONTEXT('2D SPACE',''
  ) );
#11440 = ORIENTED_EDGE('',*,*,#11441,.F.);
#11441 = EDGE_CURVE('',#11179,#11333,#11442,.T.);
#11442 = SURFACE_CURVE('',#11443,(#11447,#11453),.PCURVE_S1.);
#11443 = LINE('',#11444,#11445);
#11444 = CARTESIAN_POINT('',(-391.6199967142,-354.1082276894,595.31201)
  );
#11445 = VECTOR('',#11446,1.);
#11446 = DIRECTION('',(-1.,1.224646799147E-16,6.728624391668E-17));
#11447 = PCURVE('',#11245,#11448);
#11448 = DEFINITIONAL_REPRESENTATION('',(#11449),#11452);
#11449 = B_SPLINE_CURVE_WITH_KNOTS('',1,(#11450,#11451),.UNSPECIFIED.,
  .F.,.F.,(2,2),(-165.0000006,495.0000006),.PIECEWISE_BEZIER_KNOTS.);
#11450 = CARTESIAN_POINT('',(743.0000039858,172.59008729842));
#11451 = CARTESIAN_POINT('',(83.0000027858,172.59008729842));
#11452 = ( GEOMETRIC_REPRESENTATION_CONTEXT(2) 
PARAMETRIC_REPRESENTATION_CONTEXT() REPRESENTATION_CONTEXT('2D SPACE',''
  ) );
#11453 = PCURVE('',#11295,#11454);
#11454 = DEFINITIONAL_REPRESENTATION('',(#11455),#11458);
#11455 = B_SPLINE_CURVE_WITH_KNOTS('',1,(#11456,#11457),.UNSPECIFIED.,
  .F.,.F.,(2,2),(-165.0000006,495.0000006),.PIECEWISE_BEZIER_KNOTS.);
#11456 = CARTESIAN_POINT('',(6.785483946555,-165.0000006));
#11457 = CARTESIAN_POINT('',(6.785483946555,495.0000006));
#11458 = ( GEOMETRIC_REPRESENTATION_CONTEXT(2) 
PARAMETRIC_REPRESENTATION_CONTEXT() REPRESENTATION_CONTEXT('2D SPACE',''
  ) );
#11459 = ADVANCED_FACE('',(#11460),#11295,.T.);
#11460 = FACE_BOUND('',#11461,.T.);
#11461 = EDGE_LOOP('',(#11462,#11463,#11464,#11486));
#11462 = ORIENTED_EDGE('',*,*,#11280,.F.);
#11463 = ORIENTED_EDGE('',*,*,#11311,.T.);
#11464 = ORIENTED_EDGE('',*,*,#11465,.T.);
#11465 = EDGE_CURVE('',#11312,#11333,#11466,.T.);
#11466 = SURFACE_CURVE('',#11467,(#11472,#11479),.PCURVE_S1.);
#11467 = CIRCLE('',#11468,2.);
#11468 = AXIS2_PLACEMENT_3D('',#11469,#11470,#11471);
#11469 = CARTESIAN_POINT('',(-886.6199967142,-354.0656306382,
    593.31246367865));
#11470 = DIRECTION('',(1.,-1.050497185157E-16,-2.292723163573E-18));
#11471 = DIRECTION('',(2.94034683508E-17,0.258819045103,0.965925826289)
  );
#11472 = PCURVE('',#11295,#11473);
#11473 = DEFINITIONAL_REPRESENTATION('',(#11474),#11478);
#11474 = LINE('',#11475,#11476);
#11475 = CARTESIAN_POINT('',(7.068583470577,495.));
#11476 = VECTOR('',#11477,1.);
#11477 = DIRECTION('',(-1.,0.));
#11478 = ( GEOMETRIC_REPRESENTATION_CONTEXT(2) 
PARAMETRIC_REPRESENTATION_CONTEXT() REPRESENTATION_CONTEXT('2D SPACE',''
  ) );
#11479 = PCURVE('',#11402,#11480);
#11480 = DEFINITIONAL_REPRESENTATION('',(#11481),#11485);
#11481 = LINE('',#11482,#11483);
#11482 = CARTESIAN_POINT('',(1.570796326795,0.));
#11483 = VECTOR('',#11484,1.);
#11484 = DIRECTION('',(0.,1.));
#11485 = ( GEOMETRIC_REPRESENTATION_CONTEXT(2) 
PARAMETRIC_REPRESENTATION_CONTEXT() REPRESENTATION_CONTEXT('2D SPACE',''
  ) );
#11486 = ORIENTED_EDGE('',*,*,#11441,.F.);
#11487 = ADVANCED_FACE('',(#11488),#11402,.T.);
#11488 = FACE_BOUND('',#11489,.T.);
#11489 = EDGE_LOOP('',(#11490,#11491));
#11490 = ORIENTED_EDGE('',*,*,#11332,.F.);
#11491 = ORIENTED_EDGE('',*,*,#11465,.F.);
#11492 = ( GEOMETRIC_REPRESENTATION_CONTEXT(3) 
GLOBAL_UNCERTAINTY_ASSIGNED_CONTEXT((#11496)) 
GLOBAL_UNIT_ASSIGNED_CONTEXT((#11493,#11494,#11495)) 
REPRESENTATION_CONTEXT('Context #1',
  '3D Context with UNIT and UNCERTAINTY') );
#11493 = ( LENGTH_UNIT() NAMED_UNIT(*) SI_UNIT(.MILLI.,.METRE.) );
#11494 = ( NAMED_UNIT(*) PLANE_ANGLE_UNIT() SI_UNIT($,.RADIAN.) );
#11495 = ( NAMED_UNIT(*) SI_UNIT($,.STERADIAN.) SOLID_ANGLE_UNIT() );
#11496 = UNCERTAINTY_MEASURE_WITH_UNIT(LENGTH_MEASURE(1.E-06),#11493,
  'distance_accuracy_value','confusion accuracy');
#11497 = CONTEXT_DEPENDENT_SHAPE_REPRESENTATION(#11498,#11500);
#11498 = ( REPRESENTATION_RELATIONSHIP('','',#11169,#10) 
REPRESENTATION_RELATIONSHIP_WITH_TRANSFORMATION(#11499) 
SHAPE_REPRESENTATION_RELATIONSHIP() );
#11499 = ITEM_DEFINED_TRANSFORMATION('','',#11,#19);
#11500 = PRODUCT_DEFINITION_SHAPE('Placement','Placement of an item',
  #11501);
#11501 = NEXT_ASSEMBLY_USAGE_OCCURRENCE('2','','',#5,#11164,$);
#11502 = PRODUCT_RELATED_PRODUCT_CATEGORY('part',$,(#11166));
ENDSEC;
END-ISO-10303-21;
