ISO-10303-21;
HEADER;
FILE_DESCRIPTION(('Open CASCADE Model'),'2;1');
FILE_NAME('Open CASCADE Shape Model','2026-08-16T21:59:46',('Author'),(
    'Open CASCADE'),'Open CASCADE STEP processor 7.9','Open CASCADE 7.9'
  ,'Unknown');
FILE_SCHEMA(('AUTOMOTIVE_DESIGN { 1 0 10303 214 1 1 1 1 }'));
ENDSEC;
DATA;
#1 = APPLICATION_PROTOCOL_DEFINITION('international standard',
  'automotive_design',2000,#2);
#2 = APPLICATION_CONTEXT(
  'core data for automotive mechanical design processes');
#3 = SHAPE_DEFINITION_REPRESENTATION(#4,#10);
#4 = PRODUCT_DEFINITION_SHAPE('','',#5);
#5 = PRODUCT_DEFINITION('design','',#6,#9);
#6 = PRODUCT_DEFINITION_FORMATION('','',#7);
#7 = PRODUCT('Open CASCADE STEP translator 7.9 1',
  'Open CASCADE STEP translator 7.9 1','',(#8));
#8 = PRODUCT_CONTEXT('',#2,'mechanical');
#9 = PRODUCT_DEFINITION_CONTEXT('part definition',#2,'design');
#10 = SHAPE_REPRESENTATION('',(#11,#15,#19,#23,#27,#31,#35,#39,#43,#47,
    #51,#55,#59,#63,#67,#71,#75),#79);
#11 = AXIS2_PLACEMENT_3D('',#12,#13,#14);
#12 = CARTESIAN_POINT('',(0.,0.,0.));
#13 = DIRECTION('',(0.,0.,1.));
#14 = DIRECTION('',(1.,0.,-0.));
#15 = AXIS2_PLACEMENT_3D('',#16,#17,#18);
#16 = CARTESIAN_POINT('',(2.719810939873,23.179374048307,24.003622515238
    ));
#17 = DIRECTION('',(4.299663806767E-15,-3.929805564996E-17,1.));
#18 = DIRECTION('',(0.881615734594,-0.47196789776,-3.809198686222E-15));
#19 = AXIS2_PLACEMENT_3D('',#20,#21,#22);
#20 = CARTESIAN_POINT('',(2.719810939873,23.179374048307,25.003622515237
    ));
#21 = DIRECTION('',(-0.881615734594,-0.47196789776,3.341799820309E-15));
#22 = DIRECTION('',(3.832030774417E-15,-7.750274126495E-17,1.));
#23 = AXIS2_PLACEMENT_3D('',#24,#25,#26);
#24 = CARTESIAN_POINT('',(-37.30378017922,1.752975425788,0.503622515235)
  );
#25 = DIRECTION('',(-0.881615734594,-0.47196789776,6.616593593257E-16));
#26 = DIRECTION('',(8.279382186841E-16,-1.44636959128E-16,1.));
#27 = AXIS2_PLACEMENT_3D('',#28,#29,#30);
#28 = CARTESIAN_POINT('',(-2.256597941025,44.605772670826,0.503622515237
    ));
#29 = DIRECTION('',(2.929503818927E-14,2.166241149135E-16,1.));
#30 = DIRECTION('',(1.,8.359105436602E-15,-2.929503818927E-14));
#31 = AXIS2_PLACEMENT_3D('',#32,#33,#34);
#32 = CARTESIAN_POINT('',(42.743402058975,44.605772670826,0.503622515235
    ));
#33 = DIRECTION('',(-0.926907679351,-0.375289426922,3.915351282486E-15)
  );
#34 = DIRECTION('',(4.218316943428E-15,1.428474478807E-17,1.));
#35 = AXIS2_PLACEMENT_3D('',#36,#37,#38);
#36 = CARTESIAN_POINT('',(-37.30378017923,44.605772670826,0.503622515238
    ));
#37 = DIRECTION('',(0.47196789776,0.881615734594,-1.965757251305E-15));
#38 = DIRECTION('',(4.234666591082E-15,-3.728317918193E-17,1.));
#39 = AXIS2_PLACEMENT_3D('',#40,#41,#42);
#40 = CARTESIAN_POINT('',(2.719810939873,23.179374048307,26.003622515237
    ));
#41 = DIRECTION('',(4.360756996559E-15,2.055477917089E-16,1.));
#42 = DIRECTION('',(-0.881615734594,-0.47196789776,3.94152394205E-15));
#43 = AXIS2_PLACEMENT_3D('',#44,#45,#46);
#44 = CARTESIAN_POINT('',(2.719810939873,23.179374048307,-23.99637748476
    ));
#45 = DIRECTION('',(-0.881615734594,-0.47196789776,3.341799820309E-15));
#46 = DIRECTION('',(3.832030774417E-15,-7.750274126497E-17,1.));
#47 = AXIS2_PLACEMENT_3D('',#48,#49,#50);
#48 = CARTESIAN_POINT('',(0.,0.,0.));
#49 = DIRECTION('',(0.,0.,1.));
#50 = DIRECTION('',(1.,0.,0.));
#51 = AXIS2_PLACEMENT_3D('',#52,#53,#54);
#52 = CARTESIAN_POINT('',(-2.256597941023,1.752975425788,0.503622515235)
  );
#53 = DIRECTION('',(8.741051360755E-32,1.108251166023E-16,1.));
#54 = DIRECTION('',(1.,2.98372437868E-16,-1.204776738252E-31));
#55 = AXIS2_PLACEMENT_3D('',#56,#57,#58);
#56 = CARTESIAN_POINT('',(0.,0.,0.));
#57 = DIRECTION('',(0.,0.,1.));
#58 = DIRECTION('',(1.,0.,0.));
#59 = AXIS2_PLACEMENT_3D('',#60,#61,#62);
#60 = CARTESIAN_POINT('',(0.,0.,0.));
#61 = DIRECTION('',(0.,0.,1.));
#62 = DIRECTION('',(1.,0.,0.));
#63 = AXIS2_PLACEMENT_3D('',#64,#65,#66);
#64 = CARTESIAN_POINT('',(2.719810939874,23.179374048307,-22.99637748476
    ));
#65 = DIRECTION('',(-5.431086233389E-16,1.108251166023E-16,1.));
#66 = DIRECTION('',(0.881615734594,-0.47196789776,5.311190052311E-16));
#67 = AXIS2_PLACEMENT_3D('',#68,#69,#70);
#68 = CARTESIAN_POINT('',(0.,0.,0.));
#69 = DIRECTION('',(0.,0.,1.));
#70 = DIRECTION('',(1.,0.,0.));
#71 = AXIS2_PLACEMENT_3D('',#72,#73,#74);
#72 = CARTESIAN_POINT('',(0.,0.,0.));
#73 = DIRECTION('',(0.,0.,1.));
#74 = DIRECTION('',(1.,0.,0.));
#75 = AXIS2_PLACEMENT_3D('',#76,#77,#78);
#76 = CARTESIAN_POINT('',(0.,0.,0.));
#77 = DIRECTION('',(0.,0.,1.));
#78 = DIRECTION('',(1.,0.,-0.));
#79 = ( GEOMETRIC_REPRESENTATION_CONTEXT(3) 
GLOBAL_UNCERTAINTY_ASSIGNED_CONTEXT((#83)) GLOBAL_UNIT_ASSIGNED_CONTEXT(
(#80,#81,#82)) REPRESENTATION_CONTEXT('Context #1',
  '3D Context with UNIT and UNCERTAINTY') );
#80 = ( LENGTH_UNIT() NAMED_UNIT(*) SI_UNIT(.MILLI.,.METRE.) );
#81 = ( NAMED_UNIT(*) PLANE_ANGLE_UNIT() SI_UNIT($,.RADIAN.) );
#82 = ( NAMED_UNIT(*) SI_UNIT($,.STERADIAN.) SOLID_ANGLE_UNIT() );
#83 = UNCERTAINTY_MEASURE_WITH_UNIT(LENGTH_MEASURE(2.E-07),#80,
  'distance_accuracy_value','confusion accuracy');
#84 = PRODUCT_RELATED_PRODUCT_CATEGORY('part',$,(#7));
#85 = SHAPE_DEFINITION_REPRESENTATION(#86,#92);
#86 = PRODUCT_DEFINITION_SHAPE('','',#87);
#87 = PRODUCT_DEFINITION('design','',#88,#91);
#88 = PRODUCT_DEFINITION_FORMATION('','',#89);
#89 = PRODUCT('Open CASCADE STEP translator 7.9 1.1',
  'Open CASCADE STEP translator 7.9 1.1','',(#90));
#90 = PRODUCT_CONTEXT('',#2,'mechanical');
#91 = PRODUCT_DEFINITION_CONTEXT('part definition',#2,'design');
#92 = ADVANCED_BREP_SHAPE_REPRESENTATION('',(#11,#93),#3479);
#93 = MANIFOLD_SOLID_BREP('',#94);
#94 = CLOSED_SHELL('',(#95,#415,#595,#777,#957,#1139,#1319,#1496,#1548,
    #1624,#1679,#1733,#1788,#1892,#2176,#2324,#2477,#2630,#2811,#2986,
    #3162,#3209,#3256,#3283,#3290,#3391,#3418,#3445,#3472));
#95 = ADVANCED_FACE('',(#96),#111,.T.);
#96 = FACE_BOUND('',#97,.T.);
#97 = EDGE_LOOP('',(#98,#134,#261,#290));
#98 = ORIENTED_EDGE('',*,*,#99,.T.);
#99 = EDGE_CURVE('',#100,#102,#104,.T.);
#100 = VERTEX_POINT('',#101);
#101 = CARTESIAN_POINT('',(41.674090763727,-2.15,-1.));
#102 = VERTEX_POINT('',#103);
#103 = CARTESIAN_POINT('',(41.674090763727,2.15,-1.));
#104 = SURFACE_CURVE('',#105,(#110,#122),.PCURVE_S1.);
#105 = CIRCLE('',#106,4.3);
#106 = AXIS2_PLACEMENT_3D('',#107,#108,#109);
#107 = CARTESIAN_POINT('',(45.398,0.,-1.));
#108 = DIRECTION('',(0.,0.,1.));
#109 = DIRECTION('',(1.,-8.060219158779E-14,0.));
#110 = PCURVE('',#111,#116);
#111 = TOROIDAL_SURFACE('',#112,4.3,0.1);
#112 = AXIS2_PLACEMENT_3D('',#113,#114,#115);
#113 = CARTESIAN_POINT('',(45.398,0.,-0.9));
#114 = DIRECTION('',(0.,0.,-1.));
#115 = DIRECTION('',(1.,1.586474687469E-14,0.));
#116 = DEFINITIONAL_REPRESENTATION('',(#117),#121);
#117 = LINE('',#118,#119);
#118 = CARTESIAN_POINT('',(6.28318530718,1.570796326795));
#119 = VECTOR('',#120,1.);
#120 = DIRECTION('',(-1.,5.894628009646E-15));
#121 = ( GEOMETRIC_REPRESENTATION_CONTEXT(2) 
PARAMETRIC_REPRESENTATION_CONTEXT() REPRESENTATION_CONTEXT('2D SPACE',''
  ) );
#122 = PCURVE('',#123,#128);
#123 = PLANE('',#124);
#124 = AXIS2_PLACEMENT_3D('',#125,#126,#127);
#125 = CARTESIAN_POINT('',(0.,0.,-1.));
#126 = DIRECTION('',(0.,0.,1.));
#127 = DIRECTION('',(1.,0.,-0.));
#128 = DEFINITIONAL_REPRESENTATION('',(#129),#133);
#129 = CIRCLE('',#130,4.3);
#130 = AXIS2_PLACEMENT_2D('',#131,#132);
#131 = CARTESIAN_POINT('',(45.398,0.));
#132 = DIRECTION('',(1.,-8.060219158779E-14));
#133 = ( GEOMETRIC_REPRESENTATION_CONTEXT(2) 
PARAMETRIC_REPRESENTATION_CONTEXT() REPRESENTATION_CONTEXT('2D SPACE',''
  ) );
#134 = ORIENTED_EDGE('',*,*,#135,.T.);
#135 = EDGE_CURVE('',#102,#136,#138,.T.);
#136 = VERTEX_POINT('',#137);
#137 = CARTESIAN_POINT('',(41.616796487888,2.25,-0.9));
#138 = SURFACE_CURVE('',#139,(#154,#205),.PCURVE_S1.);
#139 = B_SPLINE_CURVE_WITH_KNOTS('',3,(#140,#141,#142,#143,#144,#145,
    #146,#147,#148,#149,#150,#151,#152,#153),.UNSPECIFIED.,.F.,.F.,(4,2,
    2,2,2,2,4),(-3.384149418817E-02,-3.36782007073E-02,
    -3.088461155273E-02,-2.81333315428E-02,-2.394335314341E-02,
    -2.027683914032E-02,-1.683910035365E-02),.UNSPECIFIED.);
#140 = CARTESIAN_POINT('',(41.674090763727,2.149999999999,-1.));
#141 = CARTESIAN_POINT('',(41.673818607925,2.150471387675,-1.));
#142 = CARTESIAN_POINT('',(41.673546474505,2.150942788265,
    -0.999996666905));
#143 = CARTESIAN_POINT('',(41.66861951655,2.159478400592,-0.999875947071
    ));
#144 = CARTESIAN_POINT('',(41.663977731126,2.167535307193,
    -0.998786228438));
#145 = CARTESIAN_POINT('',(41.654994658224,2.183155609546,
    -0.994683268216));
#146 = CARTESIAN_POINT('',(41.650653150846,2.190718939119,
    -0.991700723134));
#147 = CARTESIAN_POINT('',(41.640260177206,2.208853306598,
    -0.981803465958));
#148 = CARTESIAN_POINT('',(41.634537240994,2.218867295608,
    -0.973680602831));
#149 = CARTESIAN_POINT('',(41.625629807434,2.234478974179,
    -0.954723442526));
#150 = CARTESIAN_POINT('',(41.622285497437,2.240352301009,
    -0.944492083248));
#151 = CARTESIAN_POINT('',(41.617905258157,2.248049247589,
    -0.922630294132));
#152 = CARTESIAN_POINT('',(41.616796487889,2.25,-0.911407546405));
#153 = CARTESIAN_POINT('',(41.616796487889,2.25,-0.9));
#154 = PCURVE('',#111,#155);
#155 = DEFINITIONAL_REPRESENTATION('',(#156),#204);
#156 = B_SPLINE_CURVE_WITH_KNOTS('',3,(#157,#158,#159,#160,#161,#162,
    #163,#164,#165,#166,#167,#168,#169,#170,#171,#172,#173,#174,#175,
    #176,#177,#178,#179,#180,#181,#182,#183,#184,#185,#186,#187,#188,
    #189,#190,#191,#192,#193,#194,#195,#196,#197,#198,#199,#200,#201,
    #202,#203),.UNSPECIFIED.,.F.,.F.,(4,1,1,1,1,1,1,1,1,1,1,1,1,1,1,1,1,
    1,1,1,1,1,1,1,1,1,1,1,1,1,1,1,1,1,1,1,1,1,1,1,1,1,1,1,4),(
    -3.384149418817E-02,-3.345507614648E-02,-3.306865810478E-02,
    -3.268224006309E-02,-3.22958220214E-02,-3.19094039797E-02,
    -3.152298593801E-02,-3.113656789632E-02,-3.075014985462E-02,
    -3.036373181293E-02,-2.997731377124E-02,-2.959089572954E-02,
    -2.920447768785E-02,-2.881805964615E-02,-2.843164160446E-02,
    -2.804522356277E-02,-2.765880552107E-02,-2.727238747938E-02,
    -2.688596943769E-02,-2.649955139599E-02,-2.61131333543E-02,
    -2.572671531261E-02,-2.534029727091E-02,-2.495387922922E-02,
    -2.456746118753E-02,-2.418104314583E-02,-2.379462510414E-02,
    -2.340820706244E-02,-2.302178902075E-02,-2.263537097906E-02,
    -2.224895293736E-02,-2.186253489567E-02,-2.147611685398E-02,
    -2.108969881228E-02,-2.070328077059E-02,-2.03168627289E-02,
    -1.99304446872E-02,-1.954402664551E-02,-1.915760860382E-02,
    -1.877119056212E-02,-1.838477252043E-02,-1.799835447874E-02,
    -1.761193643704E-02,-1.722551839535E-02,-1.683910035365E-02),
  .UNSPECIFIED.);
#157 = CARTESIAN_POINT('',(-2.617993877992,1.570796326797));
#158 = CARTESIAN_POINT('',(-2.61784410266,1.559641314807));
#159 = CARTESIAN_POINT('',(-2.617544729365,1.537330093335));
#160 = CARTESIAN_POINT('',(-2.617096582354,1.503850630365));
#161 = CARTESIAN_POINT('',(-2.616649730459,1.470349584205));
#162 = CARTESIAN_POINT('',(-2.616204551099,1.436817701908));
#163 = CARTESIAN_POINT('',(-2.6157614205,1.403245632555));
#164 = CARTESIAN_POINT('',(-2.615320710479,1.369623615716));
#165 = CARTESIAN_POINT('',(-2.614882797896,1.335942136324));
#166 = CARTESIAN_POINT('',(-2.614448030266,1.302189238783));
#167 = CARTESIAN_POINT('',(-2.61401688831,1.268362876994));
#168 = CARTESIAN_POINT('',(-2.613589782925,1.234455179458));
#169 = CARTESIAN_POINT('',(-2.613167112436,1.200456971757));
#170 = CARTESIAN_POINT('',(-2.612749277934,1.166358865115));
#171 = CARTESIAN_POINT('',(-2.612336668684,1.132149951342));
#172 = CARTESIAN_POINT('',(-2.611929705575,1.097821495323));
#173 = CARTESIAN_POINT('',(-2.611528682349,1.063353065371));
#174 = CARTESIAN_POINT('',(-2.611134422951,1.028769592736));
#175 = CARTESIAN_POINT('',(-2.610747463878,0.994072191749));
#176 = CARTESIAN_POINT('',(-2.610368224978,0.959251134285));
#177 = CARTESIAN_POINT('',(-2.609997155015,0.924298498619));
#178 = CARTESIAN_POINT('',(-2.609634692716,0.889204631691));
#179 = CARTESIAN_POINT('',(-2.609281277785,0.853959021649));
#180 = CARTESIAN_POINT('',(-2.608937346616,0.818549766724));
#181 = CARTESIAN_POINT('',(-2.608603339273,0.782964306243));
#182 = CARTESIAN_POINT('',(-2.608279676724,0.747186571948));
#183 = CARTESIAN_POINT('',(-2.607966845861,0.711207269246));
#184 = CARTESIAN_POINT('',(-2.607665083145,0.674985300686));
#185 = CARTESIAN_POINT('',(-2.607376018698,0.638646127766));
#186 = CARTESIAN_POINT('',(-2.607100059536,0.602181850981));
#187 = CARTESIAN_POINT('',(-2.606837621882,0.565582861087));
#188 = CARTESIAN_POINT('',(-2.606589119978,0.528838661754));
#189 = CARTESIAN_POINT('',(-2.606354968433,0.491937295951));
#190 = CARTESIAN_POINT('',(-2.606135585241,0.454866087353));
#191 = CARTESIAN_POINT('',(-2.605931378628,0.417608592623));
#192 = CARTESIAN_POINT('',(-2.605742797955,0.380155479588));
#193 = CARTESIAN_POINT('',(-2.605570144591,0.342463585958));
#194 = CARTESIAN_POINT('',(-2.605414278908,0.304608436567));
#195 = CARTESIAN_POINT('',(-2.605276236156,0.266766859909));
#196 = CARTESIAN_POINT('',(-2.605155965157,0.22887778151));
#197 = CARTESIAN_POINT('',(-2.605053700832,0.190941518789));
#198 = CARTESIAN_POINT('',(-2.60496960537,0.152941376444));
#199 = CARTESIAN_POINT('',(-2.604903864496,0.114864512687));
#200 = CARTESIAN_POINT('',(-2.60485666194,7.669617563403E-02));
#201 = CARTESIAN_POINT('',(-2.604828185996,3.842122783211E-02));
#202 = CARTESIAN_POINT('',(-2.604821815027,1.282253991346E-02));
#203 = CARTESIAN_POINT('',(-2.604821814718,0.));
#204 = ( GEOMETRIC_REPRESENTATION_CONTEXT(2) 
PARAMETRIC_REPRESENTATION_CONTEXT() REPRESENTATION_CONTEXT('2D SPACE',''
  ) );
#205 = PCURVE('',#206,#211);
#206 = CYLINDRICAL_SURFACE('',#207,0.1);
#207 = AXIS2_PLACEMENT_3D('',#208,#209,#210);
#208 = CARTESIAN_POINT('',(20.808398243944,2.15,-0.9));
#209 = DIRECTION('',(1.,6.335854525113E-17,0.));
#210 = DIRECTION('',(-4.480125699319E-17,0.707106781187,-0.707106781187)
  );
#211 = DEFINITIONAL_REPRESENTATION('',(#212),#260);
#212 = B_SPLINE_CURVE_WITH_KNOTS('',3,(#213,#214,#215,#216,#217,#218,
    #219,#220,#221,#222,#223,#224,#225,#226,#227,#228,#229,#230,#231,
    #232,#233,#234,#235,#236,#237,#238,#239,#240,#241,#242,#243,#244,
    #245,#246,#247,#248,#249,#250,#251,#252,#253,#254,#255,#256,#257,
    #258,#259),.UNSPECIFIED.,.F.,.F.,(4,1,1,1,1,1,1,1,1,1,1,1,1,1,1,1,1,
    1,1,1,1,1,1,1,1,1,1,1,1,1,1,1,1,1,1,1,1,1,1,1,1,1,1,1,4),(
    -3.384149418817E-02,-3.345507614648E-02,-3.306865810478E-02,
    -3.268224006309E-02,-3.22958220214E-02,-3.19094039797E-02,
    -3.152298593801E-02,-3.113656789632E-02,-3.075014985462E-02,
    -3.036373181293E-02,-2.997731377124E-02,-2.959089572954E-02,
    -2.920447768785E-02,-2.881805964615E-02,-2.843164160446E-02,
    -2.804522356277E-02,-2.765880552107E-02,-2.727238747938E-02,
    -2.688596943769E-02,-2.649955139599E-02,-2.61131333543E-02,
    -2.572671531261E-02,-2.534029727091E-02,-2.495387922922E-02,
    -2.456746118753E-02,-2.418104314583E-02,-2.379462510414E-02,
    -2.340820706244E-02,-2.302178902075E-02,-2.263537097906E-02,
    -2.224895293736E-02,-2.186253489567E-02,-2.147611685398E-02,
    -2.108969881228E-02,-2.070328077059E-02,-2.03168627289E-02,
    -1.99304446872E-02,-1.954402664551E-02,-1.915760860382E-02,
    -1.877119056212E-02,-1.838477252043E-02,-1.799835447874E-02,
    -1.761193643704E-02,-1.722551839535E-02,-1.683910035365E-02),
  .UNSPECIFIED.);
#213 = CARTESIAN_POINT('',(5.497787143778,20.865692519783));
#214 = CARTESIAN_POINT('',(5.508942144974,20.86504848441));
#215 = CARTESIAN_POINT('',(5.531253384858,20.863760680443));
#216 = CARTESIAN_POINT('',(5.564732935869,20.861831413634));
#217 = CARTESIAN_POINT('',(5.598234065472,20.859906227725));
#218 = CARTESIAN_POINT('',(5.631765980626,20.857986754108));
#219 = CARTESIAN_POINT('',(5.665338018358,20.856074628982));
#220 = CARTESIAN_POINT('',(5.69895995472,20.854171479683));
#221 = CARTESIAN_POINT('',(5.732641342684,20.852278964195));
#222 = CARTESIAN_POINT('',(5.766394221826,20.850398626766));
#223 = CARTESIAN_POINT('',(5.800220658854,20.848532582015));
#224 = CARTESIAN_POINT('',(5.834128430731,20.846682627201));
#225 = CARTESIAN_POINT('',(5.868126674169,20.844850519806));
#226 = CARTESIAN_POINT('',(5.902224761224,20.843038037724));
#227 = CARTESIAN_POINT('',(5.936433610454,20.841246916982));
#228 = CARTESIAN_POINT('',(5.97076199252,20.839479040654));
#229 = CARTESIAN_POINT('',(6.005230385358,20.837735745501));
#230 = CARTESIAN_POINT('',(6.039813964986,20.836020691928));
#231 = CARTESIAN_POINT('',(6.074511523544,20.834336258534));
#232 = CARTESIAN_POINT('',(6.10933272646,20.832684325399));
#233 = CARTESIAN_POINT('',(6.144285455857,20.831066906283));
#234 = CARTESIAN_POINT('',(6.179379346642,20.829485978752));
#235 = CARTESIAN_POINT('',(6.214624910331,20.827943531461));
#236 = CARTESIAN_POINT('',(6.250034063095,20.826441544906));
#237 = CARTESIAN_POINT('',(6.285619390423,20.824982021124));
#238 = CARTESIAN_POINT('',(6.321396995269,20.823566884157));
#239 = CARTESIAN_POINT('',(6.357376202009,20.822198348481));
#240 = CARTESIAN_POINT('',(6.393598171533,20.820877544829));
#241 = CARTESIAN_POINT('',(6.42993732023,20.819611657698));
#242 = CARTESIAN_POINT('',(6.466401563215,20.818402558841));
#243 = CARTESIAN_POINT('',(6.503000523923,20.817252159972));
#244 = CARTESIAN_POINT('',(6.539744708183,20.816162362931));
#245 = CARTESIAN_POINT('',(6.576646077499,20.815135069089));
#246 = CARTESIAN_POINT('',(6.6137173069,20.81417219157));
#247 = CARTESIAN_POINT('',(6.650974833744,20.813275596953));
#248 = CARTESIAN_POINT('',(6.688427977189,20.812447326246));
#249 = CARTESIAN_POINT('',(6.726119892917,20.811688769284));
#250 = CARTESIAN_POINT('',(6.763975013663,20.811003746165));
#251 = CARTESIAN_POINT('',(6.80181652865,20.810396868471));
#252 = CARTESIAN_POINT('',(6.839705566964,20.809867997168));
#253 = CARTESIAN_POINT('',(6.877641823154,20.8094182278));
#254 = CARTESIAN_POINT('',(6.91564199057,20.809048325104));
#255 = CARTESIAN_POINT('',(6.953718895908,20.808759142457));
#256 = CARTESIAN_POINT('',(6.991887272558,20.808551509486));
#257 = CARTESIAN_POINT('',(7.030162241215,20.808426262183));
#258 = CARTESIAN_POINT('',(7.055760932274,20.808398243945));
#259 = CARTESIAN_POINT('',(7.068583470577,20.808398243945));
#260 = ( GEOMETRIC_REPRESENTATION_CONTEXT(2) 
PARAMETRIC_REPRESENTATION_CONTEXT() REPRESENTATION_CONTEXT('2D SPACE',''
  ) );
#261 = ORIENTED_EDGE('',*,*,#262,.T.);
#262 = EDGE_CURVE('',#136,#263,#265,.T.);
#263 = VERTEX_POINT('',#264);
#264 = CARTESIAN_POINT('',(41.616796487887,-2.25,-0.9));
#265 = SURFACE_CURVE('',#266,(#271,#278),.PCURVE_S1.);
#266 = CIRCLE('',#267,4.4);
#267 = AXIS2_PLACEMENT_3D('',#268,#269,#270);
#268 = CARTESIAN_POINT('',(45.398,0.,-0.9));
#269 = DIRECTION('',(0.,0.,-1.));
#270 = DIRECTION('',(1.,-8.060219158779E-14,0.));
#271 = PCURVE('',#111,#272);
#272 = DEFINITIONAL_REPRESENTATION('',(#273),#277);
#273 = LINE('',#274,#275);
#274 = CARTESIAN_POINT('',(-6.283185307179,0.));
#275 = VECTOR('',#276,1.);
#276 = DIRECTION('',(1.,0.));
#277 = ( GEOMETRIC_REPRESENTATION_CONTEXT(2) 
PARAMETRIC_REPRESENTATION_CONTEXT() REPRESENTATION_CONTEXT('2D SPACE',''
  ) );
#278 = PCURVE('',#279,#284);
#279 = CYLINDRICAL_SURFACE('',#280,4.4);
#280 = AXIS2_PLACEMENT_3D('',#281,#282,#283);
#281 = CARTESIAN_POINT('',(45.398,0.,0.));
#282 = DIRECTION('',(0.,0.,1.));
#283 = DIRECTION('',(1.,0.,-0.));
#284 = DEFINITIONAL_REPRESENTATION('',(#285),#289);
#285 = LINE('',#286,#287);
#286 = CARTESIAN_POINT('',(12.566370614359,-0.9));
#287 = VECTOR('',#288,1.);
#288 = DIRECTION('',(-1.,0.));
#289 = ( GEOMETRIC_REPRESENTATION_CONTEXT(2) 
PARAMETRIC_REPRESENTATION_CONTEXT() REPRESENTATION_CONTEXT('2D SPACE',''
  ) );
#290 = ORIENTED_EDGE('',*,*,#291,.F.);
#291 = EDGE_CURVE('',#100,#263,#292,.T.);
#292 = SURFACE_CURVE('',#293,(#308,#359),.PCURVE_S1.);
#293 = B_SPLINE_CURVE_WITH_KNOTS('',3,(#294,#295,#296,#297,#298,#299,
    #300,#301,#302,#303,#304,#305,#306,#307),.UNSPECIFIED.,.F.,.F.,(4,2,
    2,2,2,2,4),(-1.632934808485E-04,0.,2.793589154571E-03,
    5.544869164506E-03,9.734847563906E-03,1.340136156699E-02,
    1.683910035367E-02),.UNSPECIFIED.);
#294 = CARTESIAN_POINT('',(41.674090763727,-2.15,-1.));
#295 = CARTESIAN_POINT('',(41.673818607925,-2.150471387675,-1.));
#296 = CARTESIAN_POINT('',(41.673546474505,-2.150942788265,
    -0.999996666905));
#297 = CARTESIAN_POINT('',(41.66861951655,-2.159478400592,
    -0.999875947071));
#298 = CARTESIAN_POINT('',(41.663977731126,-2.167535307192,
    -0.998786228438));
#299 = CARTESIAN_POINT('',(41.654994658224,-2.183155609546,
    -0.994683268216));
#300 = CARTESIAN_POINT('',(41.650653150846,-2.190718939119,
    -0.991700723134));
#301 = CARTESIAN_POINT('',(41.640260177206,-2.208853306598,
    -0.981803465958));
#302 = CARTESIAN_POINT('',(41.634537240994,-2.218867295608,
    -0.973680602831));
#303 = CARTESIAN_POINT('',(41.625629807434,-2.234478974179,
    -0.954723442526));
#304 = CARTESIAN_POINT('',(41.622285497437,-2.240352301009,
    -0.944492083248));
#305 = CARTESIAN_POINT('',(41.617905258157,-2.248049247589,
    -0.922630294132));
#306 = CARTESIAN_POINT('',(41.616796487889,-2.25,-0.911407546405));
#307 = CARTESIAN_POINT('',(41.616796487889,-2.25,-0.9));
#308 = PCURVE('',#111,#309);
#309 = DEFINITIONAL_REPRESENTATION('',(#310),#358);
#310 = B_SPLINE_CURVE_WITH_KNOTS('',3,(#311,#312,#313,#314,#315,#316,
    #317,#318,#319,#320,#321,#322,#323,#324,#325,#326,#327,#328,#329,
    #330,#331,#332,#333,#334,#335,#336,#337,#338,#339,#340,#341,#342,
    #343,#344,#345,#346,#347,#348,#349,#350,#351,#352,#353,#354,#355,
    #356,#357),.UNSPECIFIED.,.F.,.F.,(4,1,1,1,1,1,1,1,1,1,1,1,1,1,1,1,1,
    1,1,1,1,1,1,1,1,1,1,1,1,1,1,1,1,1,1,1,1,1,1,1,1,1,1,1,4),(
    -1.632934808485E-04,2.23124560845E-04,6.095426025385E-04,
    9.959606442321E-04,1.382378685926E-03,1.768796727619E-03,
    2.155214769313E-03,2.541632811006E-03,2.9280508527E-03,
    3.314468894393E-03,3.700886936087E-03,4.08730497778E-03,
    4.473723019474E-03,4.860141061167E-03,5.246559102861E-03,
    5.632977144554E-03,6.019395186248E-03,6.405813227941E-03,
    6.792231269635E-03,7.178649311328E-03,7.565067353022E-03,
    7.951485394715E-03,8.337903436409E-03,8.724321478103E-03,
    9.110739519796E-03,9.49715756149E-03,9.883575603183E-03,
    1.026999364488E-02,1.065641168657E-02,1.104282972826E-02,
    1.142924776996E-02,1.181566581165E-02,1.220208385334E-02,
    1.258850189504E-02,1.297491993673E-02,1.336133797842E-02,
    1.374775602012E-02,1.413417406181E-02,1.452059210351E-02,
    1.49070101452E-02,1.529342818689E-02,1.567984622859E-02,
    1.606626427028E-02,1.645268231197E-02,1.683910035367E-02),
  .UNSPECIFIED.);
#311 = CARTESIAN_POINT('',(2.617993877992,1.570796326795));
#312 = CARTESIAN_POINT('',(2.61784410266,1.559641314804));
#313 = CARTESIAN_POINT('',(2.617544729365,1.537330093332));
#314 = CARTESIAN_POINT('',(2.617096582354,1.503850630363));
#315 = CARTESIAN_POINT('',(2.616649730459,1.470349584203));
#316 = CARTESIAN_POINT('',(2.616204551099,1.436817701906));
#317 = CARTESIAN_POINT('',(2.6157614205,1.403245632552));
#318 = CARTESIAN_POINT('',(2.615320710479,1.369623615714));
#319 = CARTESIAN_POINT('',(2.614882797896,1.335942136322));
#320 = CARTESIAN_POINT('',(2.614448030266,1.302189238781));
#321 = CARTESIAN_POINT('',(2.61401688831,1.268362876993));
#322 = CARTESIAN_POINT('',(2.613589782925,1.234455179457));
#323 = CARTESIAN_POINT('',(2.613167112436,1.200456971756));
#324 = CARTESIAN_POINT('',(2.612749277934,1.166358865113));
#325 = CARTESIAN_POINT('',(2.612336668684,1.132149951341));
#326 = CARTESIAN_POINT('',(2.611929705575,1.097821495322));
#327 = CARTESIAN_POINT('',(2.611528682349,1.063353065369));
#328 = CARTESIAN_POINT('',(2.611134422951,1.028769592734));
#329 = CARTESIAN_POINT('',(2.610747463879,0.994072191748));
#330 = CARTESIAN_POINT('',(2.610368224978,0.959251134284));
#331 = CARTESIAN_POINT('',(2.609997155015,0.924298498618));
#332 = CARTESIAN_POINT('',(2.609634692716,0.88920463169));
#333 = CARTESIAN_POINT('',(2.609281277785,0.853959021648));
#334 = CARTESIAN_POINT('',(2.608937346616,0.818549766723));
#335 = CARTESIAN_POINT('',(2.608603339273,0.782964306242));
#336 = CARTESIAN_POINT('',(2.608279676724,0.747186571947));
#337 = CARTESIAN_POINT('',(2.607966845861,0.711207269246));
#338 = CARTESIAN_POINT('',(2.607665083145,0.674985300686));
#339 = CARTESIAN_POINT('',(2.607376018698,0.638646127765));
#340 = CARTESIAN_POINT('',(2.607100059536,0.602181850981));
#341 = CARTESIAN_POINT('',(2.606837621882,0.565582861086));
#342 = CARTESIAN_POINT('',(2.606589119978,0.528838661753));
#343 = CARTESIAN_POINT('',(2.606354968433,0.491937295951));
#344 = CARTESIAN_POINT('',(2.606135585241,0.454866087352));
#345 = CARTESIAN_POINT('',(2.605931378628,0.417608592623));
#346 = CARTESIAN_POINT('',(2.605742797955,0.380155479588));
#347 = CARTESIAN_POINT('',(2.605570144592,0.342463585957));
#348 = CARTESIAN_POINT('',(2.605414278908,0.304608436567));
#349 = CARTESIAN_POINT('',(2.605276236156,0.266766859909));
#350 = CARTESIAN_POINT('',(2.605155965157,0.22887778151));
#351 = CARTESIAN_POINT('',(2.605053700832,0.190941518789));
#352 = CARTESIAN_POINT('',(2.60496960537,0.152941376444));
#353 = CARTESIAN_POINT('',(2.604903864496,0.114864512687));
#354 = CARTESIAN_POINT('',(2.60485666194,7.669617563395E-02));
#355 = CARTESIAN_POINT('',(2.604828185996,3.842122783208E-02));
#356 = CARTESIAN_POINT('',(2.604821815027,1.282253991345E-02));
#357 = CARTESIAN_POINT('',(2.604821814718,0.));
#358 = ( GEOMETRIC_REPRESENTATION_CONTEXT(2) 
PARAMETRIC_REPRESENTATION_CONTEXT() REPRESENTATION_CONTEXT('2D SPACE',''
  ) );
#359 = PCURVE('',#360,#365);
#360 = CYLINDRICAL_SURFACE('',#361,0.1);
#361 = AXIS2_PLACEMENT_3D('',#362,#363,#364);
#362 = CARTESIAN_POINT('',(1.890601756056,-2.15,-0.9));
#363 = DIRECTION('',(-1.,-7.336252608025E-17,0.));
#364 = DIRECTION('',(5.187513967632E-17,-0.707106781187,-0.707106781187)
  );
#365 = DEFINITIONAL_REPRESENTATION('',(#366),#414);
#366 = B_SPLINE_CURVE_WITH_KNOTS('',3,(#367,#368,#369,#370,#371,#372,
    #373,#374,#375,#376,#377,#378,#379,#380,#381,#382,#383,#384,#385,
    #386,#387,#388,#389,#390,#391,#392,#393,#394,#395,#396,#397,#398,
    #399,#400,#401,#402,#403,#404,#405,#406,#407,#408,#409,#410,#411,
    #412,#413),.UNSPECIFIED.,.F.,.F.,(4,1,1,1,1,1,1,1,1,1,1,1,1,1,1,1,1,
    1,1,1,1,1,1,1,1,1,1,1,1,1,1,1,1,1,1,1,1,1,1,1,1,1,1,1,4),(
    -1.632934808485E-04,2.23124560845E-04,6.095426025385E-04,
    9.959606442321E-04,1.382378685926E-03,1.768796727619E-03,
    2.155214769313E-03,2.541632811006E-03,2.9280508527E-03,
    3.314468894393E-03,3.700886936087E-03,4.08730497778E-03,
    4.473723019474E-03,4.860141061167E-03,5.246559102861E-03,
    5.632977144554E-03,6.019395186248E-03,6.405813227941E-03,
    6.792231269635E-03,7.178649311328E-03,7.565067353022E-03,
    7.951485394715E-03,8.337903436409E-03,8.724321478103E-03,
    9.110739519796E-03,9.49715756149E-03,9.883575603183E-03,
    1.026999364488E-02,1.065641168657E-02,1.104282972826E-02,
    1.142924776996E-02,1.181566581165E-02,1.220208385334E-02,
    1.258850189504E-02,1.297491993673E-02,1.336133797842E-02,
    1.374775602012E-02,1.413417406181E-02,1.452059210351E-02,
    1.49070101452E-02,1.529342818689E-02,1.567984622859E-02,
    1.606626427028E-02,1.645268231197E-02,1.683910035367E-02),
  .UNSPECIFIED.);
#367 = CARTESIAN_POINT('',(5.497787143782,-39.78348900767));
#368 = CARTESIAN_POINT('',(5.508942144977,-39.78284497229));
#369 = CARTESIAN_POINT('',(5.53125338486,-39.78155716833));
#370 = CARTESIAN_POINT('',(5.564732935871,-39.77962790152));
#371 = CARTESIAN_POINT('',(5.598234065474,-39.77770271561));
#372 = CARTESIAN_POINT('',(5.631765980628,-39.77578324199));
#373 = CARTESIAN_POINT('',(5.665338018361,-39.77387111687));
#374 = CARTESIAN_POINT('',(5.698959954722,-39.77196796757));
#375 = CARTESIAN_POINT('',(5.732641342686,-39.77007545208));
#376 = CARTESIAN_POINT('',(5.766394221828,-39.76819511465));
#377 = CARTESIAN_POINT('',(5.800220658856,-39.7663290699));
#378 = CARTESIAN_POINT('',(5.834128430733,-39.76447911508));
#379 = CARTESIAN_POINT('',(5.868126674171,-39.76264700769));
#380 = CARTESIAN_POINT('',(5.902224761226,-39.76083452561));
#381 = CARTESIAN_POINT('',(5.936433610455,-39.75904340487));
#382 = CARTESIAN_POINT('',(5.970761992521,-39.75727552854));
#383 = CARTESIAN_POINT('',(6.00523038536,-39.75553223338));
#384 = CARTESIAN_POINT('',(6.039813964988,-39.75381717981));
#385 = CARTESIAN_POINT('',(6.074511523545,-39.75213274642));
#386 = CARTESIAN_POINT('',(6.109332726462,-39.75048081328));
#387 = CARTESIAN_POINT('',(6.144285455859,-39.74886339417));
#388 = CARTESIAN_POINT('',(6.179379346644,-39.74728246664));
#389 = CARTESIAN_POINT('',(6.214624910332,-39.74574001934));
#390 = CARTESIAN_POINT('',(6.250034063096,-39.74423803279));
#391 = CARTESIAN_POINT('',(6.285619390424,-39.74277850901));
#392 = CARTESIAN_POINT('',(6.32139699527,-39.74136337204));
#393 = CARTESIAN_POINT('',(6.35737620201,-39.73999483636));
#394 = CARTESIAN_POINT('',(6.393598171535,-39.73867403271));
#395 = CARTESIAN_POINT('',(6.429937320232,-39.73740814558));
#396 = CARTESIAN_POINT('',(6.466401563216,-39.73619904672));
#397 = CARTESIAN_POINT('',(6.503000523924,-39.73504864786));
#398 = CARTESIAN_POINT('',(6.539744708184,-39.73395885081));
#399 = CARTESIAN_POINT('',(6.5766460775,-39.73293155697));
#400 = CARTESIAN_POINT('',(6.613717306901,-39.73196867945));
#401 = CARTESIAN_POINT('',(6.650974833745,-39.73107208484));
#402 = CARTESIAN_POINT('',(6.68842797719,-39.73024381413));
#403 = CARTESIAN_POINT('',(6.726119892918,-39.72948525717));
#404 = CARTESIAN_POINT('',(6.763975013664,-39.72880023405));
#405 = CARTESIAN_POINT('',(6.801816528651,-39.72819335635));
#406 = CARTESIAN_POINT('',(6.839705566964,-39.72766448505));
#407 = CARTESIAN_POINT('',(6.877641823155,-39.72721471568));
#408 = CARTESIAN_POINT('',(6.915641990571,-39.72684481299));
#409 = CARTESIAN_POINT('',(6.953718895909,-39.72655563034));
#410 = CARTESIAN_POINT('',(6.991887272558,-39.72634799737));
#411 = CARTESIAN_POINT('',(7.030162241216,-39.72622275007));
#412 = CARTESIAN_POINT('',(7.055760932274,-39.72619473183));
#413 = CARTESIAN_POINT('',(7.068583470577,-39.72619473183));
#414 = ( GEOMETRIC_REPRESENTATION_CONTEXT(2) 
PARAMETRIC_REPRESENTATION_CONTEXT() REPRESENTATION_CONTEXT('2D SPACE',''
  ) );
#415 = ADVANCED_FACE('',(#416),#206,.T.);
#416 = FACE_BOUND('',#417,.T.);
#417 = EDGE_LOOP('',(#418,#441,#568,#594));
#418 = ORIENTED_EDGE('',*,*,#419,.T.);
#419 = EDGE_CURVE('',#102,#420,#422,.T.);
#420 = VERTEX_POINT('',#421);
#421 = CARTESIAN_POINT('',(3.723909236273,2.15,-1.));
#422 = SURFACE_CURVE('',#423,(#427,#434),.PCURVE_S1.);
#423 = LINE('',#424,#425);
#424 = CARTESIAN_POINT('',(20.808398243944,2.15,-1.));
#425 = VECTOR('',#426,1.);
#426 = DIRECTION('',(-1.,-6.335854525113E-17,0.));
#427 = PCURVE('',#206,#428);
#428 = DEFINITIONAL_REPRESENTATION('',(#429),#433);
#429 = LINE('',#430,#431);
#430 = CARTESIAN_POINT('',(5.497787143782,0.));
#431 = VECTOR('',#432,1.);
#432 = DIRECTION('',(0.,-1.));
#433 = ( GEOMETRIC_REPRESENTATION_CONTEXT(2) 
PARAMETRIC_REPRESENTATION_CONTEXT() REPRESENTATION_CONTEXT('2D SPACE',''
  ) );
#434 = PCURVE('',#123,#435);
#435 = DEFINITIONAL_REPRESENTATION('',(#436),#440);
#436 = LINE('',#437,#438);
#437 = CARTESIAN_POINT('',(20.808398243944,2.15));
#438 = VECTOR('',#439,1.);
#439 = DIRECTION('',(-1.,-6.335854525113E-17));
#440 = ( GEOMETRIC_REPRESENTATION_CONTEXT(2) 
PARAMETRIC_REPRESENTATION_CONTEXT() REPRESENTATION_CONTEXT('2D SPACE',''
  ) );
#441 = ORIENTED_EDGE('',*,*,#442,.T.);
#442 = EDGE_CURVE('',#420,#443,#445,.T.);
#443 = VERTEX_POINT('',#444);
#444 = CARTESIAN_POINT('',(3.781203512111,2.25,-0.9));
#445 = SURFACE_CURVE('',#446,(#461,#512),.PCURVE_S1.);
#446 = B_SPLINE_CURVE_WITH_KNOTS('',3,(#447,#448,#449,#450,#451,#452,
    #453,#454,#455,#456,#457,#458,#459,#460),.UNSPECIFIED.,.F.,.F.,(4,2,
    2,2,2,2,4),(-1.632934808458E-04,0.,2.793589154567E-03,
    5.544869164501E-03,9.734847563896E-03,1.340136156698E-02,
    1.683910035365E-02),.UNSPECIFIED.);
#447 = CARTESIAN_POINT('',(3.723909236273,2.15,-1.));
#448 = CARTESIAN_POINT('',(3.724181392075,2.150471387676,-1.));
#449 = CARTESIAN_POINT('',(3.724453525495,2.150942788265,-0.999996666905
    ));
#450 = CARTESIAN_POINT('',(3.72938048345,2.159478400592,-0.999875947071)
  );
#451 = CARTESIAN_POINT('',(3.734022268874,2.167535307193,-0.998786228438
    ));
#452 = CARTESIAN_POINT('',(3.743005341776,2.183155609546,-0.994683268216
    ));
#453 = CARTESIAN_POINT('',(3.747346849154,2.190718939119,-0.991700723134
    ));
#454 = CARTESIAN_POINT('',(3.757739822794,2.208853306598,-0.981803465958
    ));
#455 = CARTESIAN_POINT('',(3.763462759006,2.218867295608,-0.973680602831
    ));
#456 = CARTESIAN_POINT('',(3.772370192566,2.234478974179,-0.954723442526
    ));
#457 = CARTESIAN_POINT('',(3.775714502563,2.240352301009,-0.944492083248
    ));
#458 = CARTESIAN_POINT('',(3.780094741843,2.248049247589,-0.922630294132
    ));
#459 = CARTESIAN_POINT('',(3.781203512111,2.25,-0.911407546405));
#460 = CARTESIAN_POINT('',(3.781203512111,2.25,-0.9));
#461 = PCURVE('',#206,#462);
#462 = DEFINITIONAL_REPRESENTATION('',(#463),#511);
#463 = B_SPLINE_CURVE_WITH_KNOTS('',3,(#464,#465,#466,#467,#468,#469,
    #470,#471,#472,#473,#474,#475,#476,#477,#478,#479,#480,#481,#482,
    #483,#484,#485,#486,#487,#488,#489,#490,#491,#492,#493,#494,#495,
    #496,#497,#498,#499,#500,#501,#502,#503,#504,#505,#506,#507,#508,
    #509,#510),.UNSPECIFIED.,.F.,.F.,(4,1,1,1,1,1,1,1,1,1,1,1,1,1,1,1,1,
    1,1,1,1,1,1,1,1,1,1,1,1,1,1,1,1,1,1,1,1,1,1,1,1,1,1,1,4),(
    -1.632934808458E-04,2.231245608473E-04,6.095426025405E-04,
    9.959606442337E-04,1.382378685927E-03,1.76879672762E-03,
    2.155214769313E-03,2.541632811006E-03,2.928050852699E-03,
    3.314468894393E-03,3.700886936086E-03,4.087304977779E-03,
    4.473723019472E-03,4.860141061165E-03,5.246559102858E-03,
    5.632977144552E-03,6.019395186245E-03,6.405813227938E-03,
    6.792231269631E-03,7.178649311324E-03,7.565067353017E-03,
    7.951485394711E-03,8.337903436404E-03,8.724321478097E-03,
    9.11073951979E-03,9.497157561483E-03,9.883575603176E-03,
    1.026999364487E-02,1.065641168656E-02,1.104282972826E-02,
    1.142924776995E-02,1.181566581164E-02,1.220208385334E-02,
    1.258850189503E-02,1.297491993672E-02,1.336133797841E-02,
    1.374775602011E-02,1.41341740618E-02,1.452059210349E-02,
    1.490701014519E-02,1.529342818688E-02,1.567984622857E-02,
    1.606626427027E-02,1.645268231196E-02,1.683910035365E-02),
  .UNSPECIFIED.);
#464 = CARTESIAN_POINT('',(5.497787143782,-17.08448900767));
#465 = CARTESIAN_POINT('',(5.508942144977,-17.08384497229));
#466 = CARTESIAN_POINT('',(5.53125338486,-17.08255716833));
#467 = CARTESIAN_POINT('',(5.564732935871,-17.08062790152));
#468 = CARTESIAN_POINT('',(5.598234065474,-17.07870271561));
#469 = CARTESIAN_POINT('',(5.631765980627,-17.07678324199));
#470 = CARTESIAN_POINT('',(5.66533801836,-17.07487111687));
#471 = CARTESIAN_POINT('',(5.698959954722,-17.07296796757));
#472 = CARTESIAN_POINT('',(5.732641342686,-17.07107545208));
#473 = CARTESIAN_POINT('',(5.766394221827,-17.06919511465));
#474 = CARTESIAN_POINT('',(5.800220658856,-17.0673290699));
#475 = CARTESIAN_POINT('',(5.834128430733,-17.06547911508));
#476 = CARTESIAN_POINT('',(5.868126674171,-17.06364700769));
#477 = CARTESIAN_POINT('',(5.902224761226,-17.06183452561));
#478 = CARTESIAN_POINT('',(5.936433610455,-17.06004340487));
#479 = CARTESIAN_POINT('',(5.970761992521,-17.05827552854));
#480 = CARTESIAN_POINT('',(6.00523038536,-17.05653223338));
#481 = CARTESIAN_POINT('',(6.039813964988,-17.05481717981));
#482 = CARTESIAN_POINT('',(6.074511523545,-17.05313274642));
#483 = CARTESIAN_POINT('',(6.109332726461,-17.05148081328));
#484 = CARTESIAN_POINT('',(6.144285455859,-17.04986339417));
#485 = CARTESIAN_POINT('',(6.179379346644,-17.04828246664));
#486 = CARTESIAN_POINT('',(6.214624910332,-17.04674001934));
#487 = CARTESIAN_POINT('',(6.250034063097,-17.04523803279));
#488 = CARTESIAN_POINT('',(6.285619390424,-17.04377850901));
#489 = CARTESIAN_POINT('',(6.32139699527,-17.04236337204));
#490 = CARTESIAN_POINT('',(6.35737620201,-17.04099483636));
#491 = CARTESIAN_POINT('',(6.393598171534,-17.03967403271));
#492 = CARTESIAN_POINT('',(6.429937320232,-17.03840814558));
#493 = CARTESIAN_POINT('',(6.466401563216,-17.03719904672));
#494 = CARTESIAN_POINT('',(6.503000523924,-17.03604864785));
#495 = CARTESIAN_POINT('',(6.539744708184,-17.03495885081));
#496 = CARTESIAN_POINT('',(6.5766460775,-17.03393155697));
#497 = CARTESIAN_POINT('',(6.6137173069,-17.03296867945));
#498 = CARTESIAN_POINT('',(6.650974833745,-17.03207208484));
#499 = CARTESIAN_POINT('',(6.68842797719,-17.03124381413));
#500 = CARTESIAN_POINT('',(6.726119892917,-17.03048525717));
#501 = CARTESIAN_POINT('',(6.763975013663,-17.02980023405));
#502 = CARTESIAN_POINT('',(6.80181652865,-17.02919335635));
#503 = CARTESIAN_POINT('',(6.839705566964,-17.02866448505));
#504 = CARTESIAN_POINT('',(6.877641823154,-17.02821471568));
#505 = CARTESIAN_POINT('',(6.91564199057,-17.02784481299));
#506 = CARTESIAN_POINT('',(6.953718895908,-17.02755563034));
#507 = CARTESIAN_POINT('',(6.991887272558,-17.02734799737));
#508 = CARTESIAN_POINT('',(7.030162241215,-17.02722275007));
#509 = CARTESIAN_POINT('',(7.055760932274,-17.02719473183));
#510 = CARTESIAN_POINT('',(7.068583470577,-17.02719473183));
#511 = ( GEOMETRIC_REPRESENTATION_CONTEXT(2) 
PARAMETRIC_REPRESENTATION_CONTEXT() REPRESENTATION_CONTEXT('2D SPACE',''
  ) );
#512 = PCURVE('',#513,#518);
#513 = TOROIDAL_SURFACE('',#514,4.3,0.1);
#514 = AXIS2_PLACEMENT_3D('',#515,#516,#517);
#515 = CARTESIAN_POINT('',(0.,0.,-0.9));
#516 = DIRECTION('',(0.,0.,-1.));
#517 = DIRECTION('',(-1.,0.,0.));
#518 = DEFINITIONAL_REPRESENTATION('',(#519),#567);
#519 = B_SPLINE_CURVE_WITH_KNOTS('',3,(#520,#521,#522,#523,#524,#525,
    #526,#527,#528,#529,#530,#531,#532,#533,#534,#535,#536,#537,#538,
    #539,#540,#541,#542,#543,#544,#545,#546,#547,#548,#549,#550,#551,
    #552,#553,#554,#555,#556,#557,#558,#559,#560,#561,#562,#563,#564,
    #565,#566),.UNSPECIFIED.,.F.,.F.,(4,1,1,1,1,1,1,1,1,1,1,1,1,1,1,1,1,
    1,1,1,1,1,1,1,1,1,1,1,1,1,1,1,1,1,1,1,1,1,1,1,1,1,1,1,4),(
    -1.632934808458E-04,2.231245608473E-04,6.095426025405E-04,
    9.959606442337E-04,1.382378685927E-03,1.76879672762E-03,
    2.155214769313E-03,2.541632811006E-03,2.928050852699E-03,
    3.314468894393E-03,3.700886936086E-03,4.087304977779E-03,
    4.473723019472E-03,4.860141061165E-03,5.246559102858E-03,
    5.632977144552E-03,6.019395186245E-03,6.405813227938E-03,
    6.792231269631E-03,7.178649311324E-03,7.565067353017E-03,
    7.951485394711E-03,8.337903436404E-03,8.724321478097E-03,
    9.11073951979E-03,9.497157561483E-03,9.883575603176E-03,
    1.026999364487E-02,1.065641168656E-02,1.104282972826E-02,
    1.142924776995E-02,1.181566581164E-02,1.220208385334E-02,
    1.258850189503E-02,1.297491993672E-02,1.336133797841E-02,
    1.374775602011E-02,1.41341740618E-02,1.452059210349E-02,
    1.490701014519E-02,1.529342818688E-02,1.567984622857E-02,
    1.606626427027E-02,1.645268231196E-02,1.683910035365E-02),
  .UNSPECIFIED.);
#520 = CARTESIAN_POINT('',(2.617993877992,1.570796326795));
#521 = CARTESIAN_POINT('',(2.61784410266,1.559641314804));
#522 = CARTESIAN_POINT('',(2.617544729365,1.537330093333));
#523 = CARTESIAN_POINT('',(2.617096582354,1.503850630363));
#524 = CARTESIAN_POINT('',(2.616649730459,1.470349584203));
#525 = CARTESIAN_POINT('',(2.616204551099,1.436817701906));
#526 = CARTESIAN_POINT('',(2.6157614205,1.403245632553));
#527 = CARTESIAN_POINT('',(2.615320710479,1.369623615714));
#528 = CARTESIAN_POINT('',(2.614882797896,1.335942136322));
#529 = CARTESIAN_POINT('',(2.614448030266,1.302189238781));
#530 = CARTESIAN_POINT('',(2.61401688831,1.268362876993));
#531 = CARTESIAN_POINT('',(2.613589782925,1.234455179456));
#532 = CARTESIAN_POINT('',(2.613167112436,1.200456971756));
#533 = CARTESIAN_POINT('',(2.612749277934,1.166358865113));
#534 = CARTESIAN_POINT('',(2.612336668683,1.132149951341));
#535 = CARTESIAN_POINT('',(2.611929705575,1.097821495322));
#536 = CARTESIAN_POINT('',(2.611528682349,1.063353065369));
#537 = CARTESIAN_POINT('',(2.611134422951,1.028769592734));
#538 = CARTESIAN_POINT('',(2.610747463878,0.994072191747));
#539 = CARTESIAN_POINT('',(2.610368224978,0.959251134284));
#540 = CARTESIAN_POINT('',(2.609997155015,0.924298498617));
#541 = CARTESIAN_POINT('',(2.609634692716,0.88920463169));
#542 = CARTESIAN_POINT('',(2.609281277785,0.853959021648));
#543 = CARTESIAN_POINT('',(2.608937346616,0.818549766723));
#544 = CARTESIAN_POINT('',(2.608603339273,0.782964306242));
#545 = CARTESIAN_POINT('',(2.608279676724,0.747186571947));
#546 = CARTESIAN_POINT('',(2.607966845861,0.711207269245));
#547 = CARTESIAN_POINT('',(2.607665083145,0.674985300685));
#548 = CARTESIAN_POINT('',(2.607376018698,0.638646127765));
#549 = CARTESIAN_POINT('',(2.607100059536,0.602181850981));
#550 = CARTESIAN_POINT('',(2.606837621882,0.565582861086));
#551 = CARTESIAN_POINT('',(2.606589119978,0.528838661753));
#552 = CARTESIAN_POINT('',(2.606354968433,0.491937295951));
#553 = CARTESIAN_POINT('',(2.606135585241,0.454866087352));
#554 = CARTESIAN_POINT('',(2.605931378628,0.417608592623));
#555 = CARTESIAN_POINT('',(2.605742797955,0.380155479588));
#556 = CARTESIAN_POINT('',(2.605570144591,0.342463585957));
#557 = CARTESIAN_POINT('',(2.605414278908,0.304608436567));
#558 = CARTESIAN_POINT('',(2.605276236156,0.266766859909));
#559 = CARTESIAN_POINT('',(2.605155965157,0.22887778151));
#560 = CARTESIAN_POINT('',(2.605053700832,0.190941518789));
#561 = CARTESIAN_POINT('',(2.60496960537,0.152941376444));
#562 = CARTESIAN_POINT('',(2.604903864496,0.114864512687));
#563 = CARTESIAN_POINT('',(2.60485666194,7.669617563402E-02));
#564 = CARTESIAN_POINT('',(2.604828185996,3.842122783211E-02));
#565 = CARTESIAN_POINT('',(2.604821815027,1.282253991346E-02));
#566 = CARTESIAN_POINT('',(2.604821814718,0.));
#567 = ( GEOMETRIC_REPRESENTATION_CONTEXT(2) 
PARAMETRIC_REPRESENTATION_CONTEXT() REPRESENTATION_CONTEXT('2D SPACE',''
  ) );
#568 = ORIENTED_EDGE('',*,*,#569,.T.);
#569 = EDGE_CURVE('',#443,#136,#570,.T.);
#570 = SURFACE_CURVE('',#571,(#575,#582),.PCURVE_S1.);
#571 = LINE('',#572,#573);
#572 = CARTESIAN_POINT('',(20.808398243944,2.25,-0.9));
#573 = VECTOR('',#574,1.);
#574 = DIRECTION('',(1.,6.335854525113E-17,0.));
#575 = PCURVE('',#206,#576);
#576 = DEFINITIONAL_REPRESENTATION('',(#577),#581);
#577 = LINE('',#578,#579);
#578 = CARTESIAN_POINT('',(7.068583470577,0.));
#579 = VECTOR('',#580,1.);
#580 = DIRECTION('',(0.,1.));
#581 = ( GEOMETRIC_REPRESENTATION_CONTEXT(2) 
PARAMETRIC_REPRESENTATION_CONTEXT() REPRESENTATION_CONTEXT('2D SPACE',''
  ) );
#582 = PCURVE('',#583,#588);
#583 = PLANE('',#584);
#584 = AXIS2_PLACEMENT_3D('',#585,#586,#587);
#585 = CARTESIAN_POINT('',(41.616796487888,2.25,0.));
#586 = DIRECTION('',(-6.335854525113E-17,1.,0.));
#587 = DIRECTION('',(-1.,-6.335854525113E-17,0.));
#588 = DEFINITIONAL_REPRESENTATION('',(#589),#593);
#589 = LINE('',#590,#591);
#590 = CARTESIAN_POINT('',(20.808398243944,-0.9));
#591 = VECTOR('',#592,1.);
#592 = DIRECTION('',(-1.,0.));
#593 = ( GEOMETRIC_REPRESENTATION_CONTEXT(2) 
PARAMETRIC_REPRESENTATION_CONTEXT() REPRESENTATION_CONTEXT('2D SPACE',''
  ) );
#594 = ORIENTED_EDGE('',*,*,#135,.F.);
#595 = ADVANCED_FACE('',(#596),#513,.T.);
#596 = FACE_BOUND('',#597,.T.);
#597 = EDGE_LOOP('',(#598,#622,#749,#776));
#598 = ORIENTED_EDGE('',*,*,#599,.T.);
#599 = EDGE_CURVE('',#420,#600,#602,.T.);
#600 = VERTEX_POINT('',#601);
#601 = CARTESIAN_POINT('',(-3.723909236273,2.15,-1.));
#602 = SURFACE_CURVE('',#603,(#608,#615),.PCURVE_S1.);
#603 = CIRCLE('',#604,4.3);
#604 = AXIS2_PLACEMENT_3D('',#605,#606,#607);
#605 = CARTESIAN_POINT('',(0.,0.,-1.));
#606 = DIRECTION('',(0.,0.,1.));
#607 = DIRECTION('',(6.123233995737E-17,1.,-0.));
#608 = PCURVE('',#513,#609);
#609 = DEFINITIONAL_REPRESENTATION('',(#610),#614);
#610 = LINE('',#611,#612);
#611 = CARTESIAN_POINT('',(7.853981633974,1.570796326795));
#612 = VECTOR('',#613,1.);
#613 = DIRECTION('',(-1.,-3.49861014961E-15));
#614 = ( GEOMETRIC_REPRESENTATION_CONTEXT(2) 
PARAMETRIC_REPRESENTATION_CONTEXT() REPRESENTATION_CONTEXT('2D SPACE',''
  ) );
#615 = PCURVE('',#123,#616);
#616 = DEFINITIONAL_REPRESENTATION('',(#617),#621);
#617 = CIRCLE('',#618,4.3);
#618 = AXIS2_PLACEMENT_2D('',#619,#620);
#619 = CARTESIAN_POINT('',(0.,0.));
#620 = DIRECTION('',(6.123233995737E-17,1.));
#621 = ( GEOMETRIC_REPRESENTATION_CONTEXT(2) 
PARAMETRIC_REPRESENTATION_CONTEXT() REPRESENTATION_CONTEXT('2D SPACE',''
  ) );
#622 = ORIENTED_EDGE('',*,*,#623,.T.);
#623 = EDGE_CURVE('',#600,#624,#626,.T.);
#624 = VERTEX_POINT('',#625);
#625 = CARTESIAN_POINT('',(-3.781203512111,2.25,-0.9));
#626 = SURFACE_CURVE('',#627,(#642,#693),.PCURVE_S1.);
#627 = B_SPLINE_CURVE_WITH_KNOTS('',3,(#628,#629,#630,#631,#632,#633,
    #634,#635,#636,#637,#638,#639,#640,#641),.UNSPECIFIED.,.F.,.F.,(4,2,
    2,2,2,2,4),(-3.384149418815E-02,-3.36782007073E-02,
    -3.088461155273E-02,-2.81333315428E-02,-2.394335314341E-02,
    -2.027683914032E-02,-1.683910035365E-02),.UNSPECIFIED.);
#628 = CARTESIAN_POINT('',(-3.723909236273,2.15,-1.));
#629 = CARTESIAN_POINT('',(-3.724181392075,2.150471387676,-1.));
#630 = CARTESIAN_POINT('',(-3.724453525495,2.150942788265,
    -0.999996666905));
#631 = CARTESIAN_POINT('',(-3.72938048345,2.159478400592,-0.999875947071
    ));
#632 = CARTESIAN_POINT('',(-3.734022268874,2.167535307193,
    -0.998786228438));
#633 = CARTESIAN_POINT('',(-3.743005341776,2.183155609546,
    -0.994683268216));
#634 = CARTESIAN_POINT('',(-3.747346849154,2.190718939119,
    -0.991700723134));
#635 = CARTESIAN_POINT('',(-3.757739822794,2.208853306598,
    -0.981803465958));
#636 = CARTESIAN_POINT('',(-3.763462759006,2.218867295608,
    -0.973680602831));
#637 = CARTESIAN_POINT('',(-3.772370192566,2.234478974179,
    -0.954723442526));
#638 = CARTESIAN_POINT('',(-3.775714502563,2.240352301009,
    -0.944492083248));
#639 = CARTESIAN_POINT('',(-3.780094741843,2.248049247589,
    -0.922630294132));
#640 = CARTESIAN_POINT('',(-3.781203512111,2.25,-0.911407546405));
#641 = CARTESIAN_POINT('',(-3.781203512111,2.25,-0.9));
#642 = PCURVE('',#513,#643);
#643 = DEFINITIONAL_REPRESENTATION('',(#644),#692);
#644 = B_SPLINE_CURVE_WITH_KNOTS('',3,(#645,#646,#647,#648,#649,#650,
    #651,#652,#653,#654,#655,#656,#657,#658,#659,#660,#661,#662,#663,
    #664,#665,#666,#667,#668,#669,#670,#671,#672,#673,#674,#675,#676,
    #677,#678,#679,#680,#681,#682,#683,#684,#685,#686,#687,#688,#689,
    #690,#691),.UNSPECIFIED.,.F.,.F.,(4,1,1,1,1,1,1,1,1,1,1,1,1,1,1,1,1,
    1,1,1,1,1,1,1,1,1,1,1,1,1,1,1,1,1,1,1,1,1,1,1,1,1,1,1,4),(
    -3.384149418815E-02,-3.345507614645E-02,-3.306865810476E-02,
    -3.268224006307E-02,-3.229582202137E-02,-3.190940397968E-02,
    -3.152298593799E-02,-3.113656789629E-02,-3.07501498546E-02,
    -3.036373181291E-02,-2.997731377121E-02,-2.959089572952E-02,
    -2.920447768783E-02,-2.881805964613E-02,-2.843164160444E-02,
    -2.804522356275E-02,-2.765880552106E-02,-2.727238747936E-02,
    -2.688596943767E-02,-2.649955139598E-02,-2.611313335428E-02,
    -2.572671531259E-02,-2.53402972709E-02,-2.49538792292E-02,
    -2.456746118751E-02,-2.418104314582E-02,-2.379462510412E-02,
    -2.340820706243E-02,-2.302178902074E-02,-2.263537097905E-02,
    -2.224895293735E-02,-2.186253489566E-02,-2.147611685397E-02,
    -2.108969881227E-02,-2.070328077058E-02,-2.031686272889E-02,
    -1.993044468719E-02,-1.95440266455E-02,-1.915760860381E-02,
    -1.877119056211E-02,-1.838477252042E-02,-1.799835447873E-02,
    -1.761193643703E-02,-1.722551839534E-02,-1.683910035365E-02),
  .UNSPECIFIED.);
#645 = CARTESIAN_POINT('',(0.523598775598,1.570796326795));
#646 = CARTESIAN_POINT('',(0.52374855093,1.559641314804));
#647 = CARTESIAN_POINT('',(0.524047924225,1.537330093333));
#648 = CARTESIAN_POINT('',(0.524496071236,1.503850630363));
#649 = CARTESIAN_POINT('',(0.524942923131,1.470349584203));
#650 = CARTESIAN_POINT('',(0.52538810249,1.436817701906));
#651 = CARTESIAN_POINT('',(0.525831233089,1.403245632553));
#652 = CARTESIAN_POINT('',(0.526271943111,1.369623615714));
#653 = CARTESIAN_POINT('',(0.526709855693,1.335942136322));
#654 = CARTESIAN_POINT('',(0.527144623324,1.302189238781));
#655 = CARTESIAN_POINT('',(0.52757576528,1.268362876993));
#656 = CARTESIAN_POINT('',(0.528002870665,1.234455179456));
#657 = CARTESIAN_POINT('',(0.528425541154,1.200456971756));
#658 = CARTESIAN_POINT('',(0.528843375656,1.166358865113));
#659 = CARTESIAN_POINT('',(0.529255984906,1.13214995134));
#660 = CARTESIAN_POINT('',(0.529662948015,1.097821495322));
#661 = CARTESIAN_POINT('',(0.530063971241,1.063353065369));
#662 = CARTESIAN_POINT('',(0.530458230638,1.028769592734));
#663 = CARTESIAN_POINT('',(0.530845189711,0.994072191747));
#664 = CARTESIAN_POINT('',(0.531224428612,0.959251134284));
#665 = CARTESIAN_POINT('',(0.531595498575,0.924298498617));
#666 = CARTESIAN_POINT('',(0.531957960874,0.889204631689));
#667 = CARTESIAN_POINT('',(0.532311375804,0.853959021648));
#668 = CARTESIAN_POINT('',(0.532655306974,0.818549766723));
#669 = CARTESIAN_POINT('',(0.532989314317,0.782964306242));
#670 = CARTESIAN_POINT('',(0.533312976866,0.747186571947));
#671 = CARTESIAN_POINT('',(0.533625807729,0.711207269245));
#672 = CARTESIAN_POINT('',(0.533927570444,0.674985300685));
#673 = CARTESIAN_POINT('',(0.534216634892,0.638646127765));
#674 = CARTESIAN_POINT('',(0.534492594054,0.60218185098));
#675 = CARTESIAN_POINT('',(0.534755031708,0.565582861086));
#676 = CARTESIAN_POINT('',(0.535003533612,0.528838661753));
#677 = CARTESIAN_POINT('',(0.535237685157,0.49193729595));
#678 = CARTESIAN_POINT('',(0.535457068349,0.454866087352));
#679 = CARTESIAN_POINT('',(0.535661274962,0.417608592622));
#680 = CARTESIAN_POINT('',(0.535849855634,0.380155479588));
#681 = CARTESIAN_POINT('',(0.536022508998,0.342463585957));
#682 = CARTESIAN_POINT('',(0.536178374682,0.304608436567));
#683 = CARTESIAN_POINT('',(0.536316417434,0.266766859908));
#684 = CARTESIAN_POINT('',(0.536436688433,0.22887778151));
#685 = CARTESIAN_POINT('',(0.536538952758,0.190941518789));
#686 = CARTESIAN_POINT('',(0.53662304822,0.152941376444));
#687 = CARTESIAN_POINT('',(0.536688789093,0.114864512687));
#688 = CARTESIAN_POINT('',(0.53673599165,7.669617563394E-02));
#689 = CARTESIAN_POINT('',(0.536764467594,3.842122783207E-02));
#690 = CARTESIAN_POINT('',(0.536770838563,1.282253991345E-02));
#691 = CARTESIAN_POINT('',(0.536770838871,0.));
#692 = ( GEOMETRIC_REPRESENTATION_CONTEXT(2) 
PARAMETRIC_REPRESENTATION_CONTEXT() REPRESENTATION_CONTEXT('2D SPACE',''
  ) );
#693 = PCURVE('',#694,#699);
#694 = CYLINDRICAL_SURFACE('',#695,0.1);
#695 = AXIS2_PLACEMENT_3D('',#696,#697,#698);
#696 = CARTESIAN_POINT('',(-1.890601756055,2.15,-0.9));
#697 = DIRECTION('',(1.,6.335854525113E-17,0.));
#698 = DIRECTION('',(-4.480125699319E-17,0.707106781187,-0.707106781187)
  );
#699 = DEFINITIONAL_REPRESENTATION('',(#700),#748);
#700 = B_SPLINE_CURVE_WITH_KNOTS('',3,(#701,#702,#703,#704,#705,#706,
    #707,#708,#709,#710,#711,#712,#713,#714,#715,#716,#717,#718,#719,
    #720,#721,#722,#723,#724,#725,#726,#727,#728,#729,#730,#731,#732,
    #733,#734,#735,#736,#737,#738,#739,#740,#741,#742,#743,#744,#745,
    #746,#747),.UNSPECIFIED.,.F.,.F.,(4,1,1,1,1,1,1,1,1,1,1,1,1,1,1,1,1,
    1,1,1,1,1,1,1,1,1,1,1,1,1,1,1,1,1,1,1,1,1,1,1,1,1,1,1,4),(
    -3.384149418815E-02,-3.345507614645E-02,-3.306865810476E-02,
    -3.268224006307E-02,-3.229582202137E-02,-3.190940397968E-02,
    -3.152298593799E-02,-3.113656789629E-02,-3.07501498546E-02,
    -3.036373181291E-02,-2.997731377121E-02,-2.959089572952E-02,
    -2.920447768783E-02,-2.881805964613E-02,-2.843164160444E-02,
    -2.804522356275E-02,-2.765880552106E-02,-2.727238747936E-02,
    -2.688596943767E-02,-2.649955139598E-02,-2.611313335428E-02,
    -2.572671531259E-02,-2.53402972709E-02,-2.49538792292E-02,
    -2.456746118751E-02,-2.418104314582E-02,-2.379462510412E-02,
    -2.340820706243E-02,-2.302178902074E-02,-2.263537097905E-02,
    -2.224895293735E-02,-2.186253489566E-02,-2.147611685397E-02,
    -2.108969881227E-02,-2.070328077058E-02,-2.031686272889E-02,
    -1.993044468719E-02,-1.95440266455E-02,-1.915760860381E-02,
    -1.877119056211E-02,-1.838477252042E-02,-1.799835447873E-02,
    -1.761193643703E-02,-1.722551839534E-02,-1.683910035365E-02),
  .UNSPECIFIED.);
#701 = CARTESIAN_POINT('',(5.497787143782,-1.833307480218));
#702 = CARTESIAN_POINT('',(5.508942144977,-1.833951515591));
#703 = CARTESIAN_POINT('',(5.53125338486,-1.835239319557));
#704 = CARTESIAN_POINT('',(5.564732935871,-1.837168586367));
#705 = CARTESIAN_POINT('',(5.598234065474,-1.839093772276));
#706 = CARTESIAN_POINT('',(5.631765980627,-1.841013245893));
#707 = CARTESIAN_POINT('',(5.66533801836,-1.842925371019));
#708 = CARTESIAN_POINT('',(5.698959954722,-1.844828520318));
#709 = CARTESIAN_POINT('',(5.732641342686,-1.846721035806));
#710 = CARTESIAN_POINT('',(5.766394221827,-1.848601373234));
#711 = CARTESIAN_POINT('',(5.800220658856,-1.850467417986));
#712 = CARTESIAN_POINT('',(5.834128430733,-1.8523173728));
#713 = CARTESIAN_POINT('',(5.868126674171,-1.854149480195));
#714 = CARTESIAN_POINT('',(5.902224761226,-1.855961962277));
#715 = CARTESIAN_POINT('',(5.936433610455,-1.857753083018));
#716 = CARTESIAN_POINT('',(5.970761992521,-1.859520959347));
#717 = CARTESIAN_POINT('',(6.00523038536,-1.8612642545));
#718 = CARTESIAN_POINT('',(6.039813964988,-1.862979308073));
#719 = CARTESIAN_POINT('',(6.074511523545,-1.864663741467));
#720 = CARTESIAN_POINT('',(6.109332726462,-1.866315674602));
#721 = CARTESIAN_POINT('',(6.144285455859,-1.867933093718));
#722 = CARTESIAN_POINT('',(6.179379346644,-1.869514021248));
#723 = CARTESIAN_POINT('',(6.214624910332,-1.87105646854));
#724 = CARTESIAN_POINT('',(6.250034063097,-1.872558455094));
#725 = CARTESIAN_POINT('',(6.285619390424,-1.874017978876));
#726 = CARTESIAN_POINT('',(6.321396995271,-1.875433115844));
#727 = CARTESIAN_POINT('',(6.35737620201,-1.87680165152));
#728 = CARTESIAN_POINT('',(6.393598171535,-1.878122455172));
#729 = CARTESIAN_POINT('',(6.429937320232,-1.879388342303));
#730 = CARTESIAN_POINT('',(6.466401563216,-1.88059744116));
#731 = CARTESIAN_POINT('',(6.503000523924,-1.881747840029));
#732 = CARTESIAN_POINT('',(6.539744708184,-1.88283763707));
#733 = CARTESIAN_POINT('',(6.576646077501,-1.883864930912));
#734 = CARTESIAN_POINT('',(6.613717306901,-1.884827808431));
#735 = CARTESIAN_POINT('',(6.650974833745,-1.885724403048));
#736 = CARTESIAN_POINT('',(6.68842797719,-1.886552673755));
#737 = CARTESIAN_POINT('',(6.726119892917,-1.887311230717));
#738 = CARTESIAN_POINT('',(6.763975013664,-1.887996253836));
#739 = CARTESIAN_POINT('',(6.80181652865,-1.88860313153));
#740 = CARTESIAN_POINT('',(6.839705566964,-1.889132002832));
#741 = CARTESIAN_POINT('',(6.877641823154,-1.889581772201));
#742 = CARTESIAN_POINT('',(6.91564199057,-1.889951674897));
#743 = CARTESIAN_POINT('',(6.953718895908,-1.890240857543));
#744 = CARTESIAN_POINT('',(6.991887272558,-1.890448490514));
#745 = CARTESIAN_POINT('',(7.030162241215,-1.890573737817));
#746 = CARTESIAN_POINT('',(7.055760932274,-1.890601756055));
#747 = CARTESIAN_POINT('',(7.068583470577,-1.890601756055));
#748 = ( GEOMETRIC_REPRESENTATION_CONTEXT(2) 
PARAMETRIC_REPRESENTATION_CONTEXT() REPRESENTATION_CONTEXT('2D SPACE',''
  ) );
#749 = ORIENTED_EDGE('',*,*,#750,.T.);
#750 = EDGE_CURVE('',#624,#443,#751,.T.);
#751 = SURFACE_CURVE('',#752,(#757,#764),.PCURVE_S1.);
#752 = CIRCLE('',#753,4.4);
#753 = AXIS2_PLACEMENT_3D('',#754,#755,#756);
#754 = CARTESIAN_POINT('',(0.,0.,-0.9));
#755 = DIRECTION('',(0.,0.,-1.));
#756 = DIRECTION('',(6.123233995737E-17,1.,0.));
#757 = PCURVE('',#513,#758);
#758 = DEFINITIONAL_REPRESENTATION('',(#759),#763);
#759 = LINE('',#760,#761);
#760 = CARTESIAN_POINT('',(-4.712388980385,0.));
#761 = VECTOR('',#762,1.);
#762 = DIRECTION('',(1.,0.));
#763 = ( GEOMETRIC_REPRESENTATION_CONTEXT(2) 
PARAMETRIC_REPRESENTATION_CONTEXT() REPRESENTATION_CONTEXT('2D SPACE',''
  ) );
#764 = PCURVE('',#765,#770);
#765 = CYLINDRICAL_SURFACE('',#766,4.4);
#766 = AXIS2_PLACEMENT_3D('',#767,#768,#769);
#767 = CARTESIAN_POINT('',(0.,0.,0.));
#768 = DIRECTION('',(0.,0.,1.));
#769 = DIRECTION('',(1.,0.,-0.));
#770 = DEFINITIONAL_REPRESENTATION('',(#771),#775);
#771 = LINE('',#772,#773);
#772 = CARTESIAN_POINT('',(7.853981633974,-0.9));
#773 = VECTOR('',#774,1.);
#774 = DIRECTION('',(-1.,0.));
#775 = ( GEOMETRIC_REPRESENTATION_CONTEXT(2) 
PARAMETRIC_REPRESENTATION_CONTEXT() REPRESENTATION_CONTEXT('2D SPACE',''
  ) );
#776 = ORIENTED_EDGE('',*,*,#442,.F.);
#777 = ADVANCED_FACE('',(#778),#694,.T.);
#778 = FACE_BOUND('',#779,.T.);
#779 = EDGE_LOOP('',(#780,#803,#930,#956));
#780 = ORIENTED_EDGE('',*,*,#781,.T.);
#781 = EDGE_CURVE('',#600,#782,#784,.T.);
#782 = VERTEX_POINT('',#783);
#783 = CARTESIAN_POINT('',(-41.67409076372,2.15,-1.));
#784 = SURFACE_CURVE('',#785,(#789,#796),.PCURVE_S1.);
#785 = LINE('',#786,#787);
#786 = CARTESIAN_POINT('',(-1.890601756055,2.15,-1.));
#787 = VECTOR('',#788,1.);
#788 = DIRECTION('',(-1.,-6.335854525113E-17,0.));
#789 = PCURVE('',#694,#790);
#790 = DEFINITIONAL_REPRESENTATION('',(#791),#795);
#791 = LINE('',#792,#793);
#792 = CARTESIAN_POINT('',(5.497787143782,-2.22044604925E-16));
#793 = VECTOR('',#794,1.);
#794 = DIRECTION('',(-1.638265928558E-16,-1.));
#795 = ( GEOMETRIC_REPRESENTATION_CONTEXT(2) 
PARAMETRIC_REPRESENTATION_CONTEXT() REPRESENTATION_CONTEXT('2D SPACE',''
  ) );
#796 = PCURVE('',#123,#797);
#797 = DEFINITIONAL_REPRESENTATION('',(#798),#802);
#798 = LINE('',#799,#800);
#799 = CARTESIAN_POINT('',(-1.890601756055,2.15));
#800 = VECTOR('',#801,1.);
#801 = DIRECTION('',(-1.,-6.335854525113E-17));
#802 = ( GEOMETRIC_REPRESENTATION_CONTEXT(2) 
PARAMETRIC_REPRESENTATION_CONTEXT() REPRESENTATION_CONTEXT('2D SPACE',''
  ) );
#803 = ORIENTED_EDGE('',*,*,#804,.T.);
#804 = EDGE_CURVE('',#782,#805,#807,.T.);
#805 = VERTEX_POINT('',#806);
#806 = CARTESIAN_POINT('',(-41.61679648788,2.25,-0.9));
#807 = SURFACE_CURVE('',#808,(#823,#874),.PCURVE_S1.);
#808 = B_SPLINE_CURVE_WITH_KNOTS('',3,(#809,#810,#811,#812,#813,#814,
    #815,#816,#817,#818,#819,#820,#821,#822),.UNSPECIFIED.,.F.,.F.,(4,2,
    2,2,2,2,4),(-1.632934808461E-04,0.,2.793589154567E-03,
    5.544869164497E-03,9.734847563884E-03,1.340136156696E-02,
    1.683910035363E-02),.UNSPECIFIED.);
#809 = CARTESIAN_POINT('',(-41.67409076372,2.15,-1.));
#810 = CARTESIAN_POINT('',(-41.67381860792,2.150471387676,-1.));
#811 = CARTESIAN_POINT('',(-41.6735464745,2.150942788265,-0.999996666905
    ));
#812 = CARTESIAN_POINT('',(-41.66861951655,2.159478400592,
    -0.999875947071));
#813 = CARTESIAN_POINT('',(-41.66397773112,2.167535307193,
    -0.998786228438));
#814 = CARTESIAN_POINT('',(-41.65499465822,2.183155609546,
    -0.994683268216));
#815 = CARTESIAN_POINT('',(-41.65065315084,2.190718939119,
    -0.991700723134));
#816 = CARTESIAN_POINT('',(-41.6402601772,2.208853306598,-0.981803465958
    ));
#817 = CARTESIAN_POINT('',(-41.63453724099,2.218867295608,
    -0.973680602831));
#818 = CARTESIAN_POINT('',(-41.62562980743,2.234478974179,
    -0.954723442526));
#819 = CARTESIAN_POINT('',(-41.62228549743,2.240352301009,
    -0.944492083248));
#820 = CARTESIAN_POINT('',(-41.61790525815,2.248049247589,
    -0.922630294132));
#821 = CARTESIAN_POINT('',(-41.61679648788,2.25,-0.911407546405));
#822 = CARTESIAN_POINT('',(-41.61679648788,2.25,-0.9));
#823 = PCURVE('',#694,#824);
#824 = DEFINITIONAL_REPRESENTATION('',(#825),#873);
#825 = B_SPLINE_CURVE_WITH_KNOTS('',3,(#826,#827,#828,#829,#830,#831,
    #832,#833,#834,#835,#836,#837,#838,#839,#840,#841,#842,#843,#844,
    #845,#846,#847,#848,#849,#850,#851,#852,#853,#854,#855,#856,#857,
    #858,#859,#860,#861,#862,#863,#864,#865,#866,#867,#868,#869,#870,
    #871,#872),.UNSPECIFIED.,.F.,.F.,(4,1,1,1,1,1,1,1,1,1,1,1,1,1,1,1,1,
    1,1,1,1,1,1,1,1,1,1,1,1,1,1,1,1,1,1,1,1,1,1,1,1,1,1,1,4),(
    -1.632934808461E-04,2.231245608466E-04,6.095426025393E-04,
    9.959606442321E-04,1.382378685925E-03,1.768796727618E-03,
    2.15521476931E-03,2.541632811003E-03,2.928050852696E-03,
    3.314468894388E-03,3.700886936081E-03,4.087304977774E-03,
    4.473723019467E-03,4.860141061159E-03,5.246559102852E-03,
    5.632977144545E-03,6.019395186237E-03,6.40581322793E-03,
    6.792231269623E-03,7.178649311316E-03,7.565067353008E-03,
    7.951485394701E-03,8.337903436394E-03,8.724321478086E-03,
    9.110739519779E-03,9.497157561472E-03,9.883575603165E-03,
    1.026999364486E-02,1.065641168655E-02,1.104282972824E-02,
    1.142924776994E-02,1.181566581163E-02,1.220208385332E-02,
    1.258850189501E-02,1.297491993671E-02,1.33613379784E-02,
    1.374775602009E-02,1.413417406178E-02,1.452059210348E-02,
    1.490701014517E-02,1.529342818686E-02,1.567984622856E-02,
    1.606626427025E-02,1.645268231194E-02,1.683910035363E-02),
  .UNSPECIFIED.);
#826 = CARTESIAN_POINT('',(5.497787143782,-39.78348900767));
#827 = CARTESIAN_POINT('',(5.508942144977,-39.78284497229));
#828 = CARTESIAN_POINT('',(5.53125338486,-39.78155716833));
#829 = CARTESIAN_POINT('',(5.564732935871,-39.77962790152));
#830 = CARTESIAN_POINT('',(5.598234065474,-39.77770271561));
#831 = CARTESIAN_POINT('',(5.631765980627,-39.77578324199));
#832 = CARTESIAN_POINT('',(5.66533801836,-39.77387111687));
#833 = CARTESIAN_POINT('',(5.698959954722,-39.77196796757));
#834 = CARTESIAN_POINT('',(5.732641342685,-39.77007545208));
#835 = CARTESIAN_POINT('',(5.766394221827,-39.76819511465));
#836 = CARTESIAN_POINT('',(5.800220658856,-39.7663290699));
#837 = CARTESIAN_POINT('',(5.834128430733,-39.76447911508));
#838 = CARTESIAN_POINT('',(5.868126674171,-39.76264700769));
#839 = CARTESIAN_POINT('',(5.902224761226,-39.76083452561));
#840 = CARTESIAN_POINT('',(5.936433610455,-39.75904340487));
#841 = CARTESIAN_POINT('',(5.970761992521,-39.75727552854));
#842 = CARTESIAN_POINT('',(6.00523038536,-39.75553223338));
#843 = CARTESIAN_POINT('',(6.039813964987,-39.75381717981));
#844 = CARTESIAN_POINT('',(6.074511523545,-39.75213274642));
#845 = CARTESIAN_POINT('',(6.109332726461,-39.75048081328));
#846 = CARTESIAN_POINT('',(6.144285455859,-39.74886339417));
#847 = CARTESIAN_POINT('',(6.179379346644,-39.74728246664));
#848 = CARTESIAN_POINT('',(6.214624910332,-39.74574001934));
#849 = CARTESIAN_POINT('',(6.250034063097,-39.74423803279));
#850 = CARTESIAN_POINT('',(6.285619390424,-39.74277850901));
#851 = CARTESIAN_POINT('',(6.32139699527,-39.74136337204));
#852 = CARTESIAN_POINT('',(6.35737620201,-39.73999483636));
#853 = CARTESIAN_POINT('',(6.393598171534,-39.73867403271));
#854 = CARTESIAN_POINT('',(6.429937320232,-39.73740814558));
#855 = CARTESIAN_POINT('',(6.466401563216,-39.73619904672));
#856 = CARTESIAN_POINT('',(6.503000523924,-39.73504864786));
#857 = CARTESIAN_POINT('',(6.539744708184,-39.73395885081));
#858 = CARTESIAN_POINT('',(6.5766460775,-39.73293155697));
#859 = CARTESIAN_POINT('',(6.613717306901,-39.73196867945));
#860 = CARTESIAN_POINT('',(6.650974833745,-39.73107208484));
#861 = CARTESIAN_POINT('',(6.68842797719,-39.73024381413));
#862 = CARTESIAN_POINT('',(6.726119892918,-39.72948525717));
#863 = CARTESIAN_POINT('',(6.763975013664,-39.72880023405));
#864 = CARTESIAN_POINT('',(6.801816528651,-39.72819335635));
#865 = CARTESIAN_POINT('',(6.839705566964,-39.72766448505));
#866 = CARTESIAN_POINT('',(6.877641823155,-39.72721471568));
#867 = CARTESIAN_POINT('',(6.915641990571,-39.72684481299));
#868 = CARTESIAN_POINT('',(6.953718895908,-39.72655563034));
#869 = CARTESIAN_POINT('',(6.991887272558,-39.72634799737));
#870 = CARTESIAN_POINT('',(7.030162241215,-39.72622275007));
#871 = CARTESIAN_POINT('',(7.055760932274,-39.72619473183));
#872 = CARTESIAN_POINT('',(7.068583470577,-39.72619473183));
#873 = ( GEOMETRIC_REPRESENTATION_CONTEXT(2) 
PARAMETRIC_REPRESENTATION_CONTEXT() REPRESENTATION_CONTEXT('2D SPACE',''
  ) );
#874 = PCURVE('',#875,#880);
#875 = TOROIDAL_SURFACE('',#876,4.3,0.1);
#876 = AXIS2_PLACEMENT_3D('',#877,#878,#879);
#877 = CARTESIAN_POINT('',(-45.398,0.,-0.9));
#878 = DIRECTION('',(0.,0.,-1.));
#879 = DIRECTION('',(-1.,0.,0.));
#880 = DEFINITIONAL_REPRESENTATION('',(#881),#929);
#881 = B_SPLINE_CURVE_WITH_KNOTS('',3,(#882,#883,#884,#885,#886,#887,
    #888,#889,#890,#891,#892,#893,#894,#895,#896,#897,#898,#899,#900,
    #901,#902,#903,#904,#905,#906,#907,#908,#909,#910,#911,#912,#913,
    #914,#915,#916,#917,#918,#919,#920,#921,#922,#923,#924,#925,#926,
    #927,#928),.UNSPECIFIED.,.F.,.F.,(4,1,1,1,1,1,1,1,1,1,1,1,1,1,1,1,1,
    1,1,1,1,1,1,1,1,1,1,1,1,1,1,1,1,1,1,1,1,1,1,1,1,1,1,1,4),(
    -1.632934808461E-04,2.231245608466E-04,6.095426025393E-04,
    9.959606442321E-04,1.382378685925E-03,1.768796727618E-03,
    2.15521476931E-03,2.541632811003E-03,2.928050852696E-03,
    3.314468894388E-03,3.700886936081E-03,4.087304977774E-03,
    4.473723019467E-03,4.860141061159E-03,5.246559102852E-03,
    5.632977144545E-03,6.019395186237E-03,6.40581322793E-03,
    6.792231269623E-03,7.178649311316E-03,7.565067353008E-03,
    7.951485394701E-03,8.337903436394E-03,8.724321478086E-03,
    9.110739519779E-03,9.497157561472E-03,9.883575603165E-03,
    1.026999364486E-02,1.065641168655E-02,1.104282972824E-02,
    1.142924776994E-02,1.181566581163E-02,1.220208385332E-02,
    1.258850189501E-02,1.297491993671E-02,1.33613379784E-02,
    1.374775602009E-02,1.413417406178E-02,1.452059210348E-02,
    1.490701014517E-02,1.529342818686E-02,1.567984622856E-02,
    1.606626427025E-02,1.645268231194E-02,1.683910035363E-02),
  .UNSPECIFIED.);
#882 = CARTESIAN_POINT('',(2.617993877991,1.570796326795));
#883 = CARTESIAN_POINT('',(2.617844102659,1.559641314805));
#884 = CARTESIAN_POINT('',(2.617544729365,1.537330093333));
#885 = CARTESIAN_POINT('',(2.617096582353,1.503850630363));
#886 = CARTESIAN_POINT('',(2.616649730458,1.470349584203));
#887 = CARTESIAN_POINT('',(2.616204551099,1.436817701906));
#888 = CARTESIAN_POINT('',(2.6157614205,1.403245632553));
#889 = CARTESIAN_POINT('',(2.615320710478,1.369623615714));
#890 = CARTESIAN_POINT('',(2.614882797896,1.335942136322));
#891 = CARTESIAN_POINT('',(2.614448030265,1.302189238781));
#892 = CARTESIAN_POINT('',(2.61401688831,1.268362876993));
#893 = CARTESIAN_POINT('',(2.613589782925,1.234455179457));
#894 = CARTESIAN_POINT('',(2.613167112435,1.200456971756));
#895 = CARTESIAN_POINT('',(2.612749277934,1.166358865113));
#896 = CARTESIAN_POINT('',(2.612336668683,1.132149951341));
#897 = CARTESIAN_POINT('',(2.611929705574,1.097821495322));
#898 = CARTESIAN_POINT('',(2.611528682349,1.063353065369));
#899 = CARTESIAN_POINT('',(2.611134422951,1.028769592734));
#900 = CARTESIAN_POINT('',(2.610747463878,0.994072191747));
#901 = CARTESIAN_POINT('',(2.610368224978,0.959251134284));
#902 = CARTESIAN_POINT('',(2.609997155014,0.924298498618));
#903 = CARTESIAN_POINT('',(2.609634692715,0.88920463169));
#904 = CARTESIAN_POINT('',(2.609281277785,0.853959021648));
#905 = CARTESIAN_POINT('',(2.608937346616,0.818549766723));
#906 = CARTESIAN_POINT('',(2.608603339272,0.782964306242));
#907 = CARTESIAN_POINT('',(2.608279676724,0.747186571947));
#908 = CARTESIAN_POINT('',(2.60796684586,0.711207269245));
#909 = CARTESIAN_POINT('',(2.607665083145,0.674985300685));
#910 = CARTESIAN_POINT('',(2.607376018697,0.638646127765));
#911 = CARTESIAN_POINT('',(2.607100059535,0.60218185098));
#912 = CARTESIAN_POINT('',(2.606837621882,0.565582861086));
#913 = CARTESIAN_POINT('',(2.606589119978,0.528838661753));
#914 = CARTESIAN_POINT('',(2.606354968432,0.49193729595));
#915 = CARTESIAN_POINT('',(2.60613558524,0.454866087352));
#916 = CARTESIAN_POINT('',(2.605931378627,0.417608592622));
#917 = CARTESIAN_POINT('',(2.605742797955,0.380155479587));
#918 = CARTESIAN_POINT('',(2.605570144591,0.342463585957));
#919 = CARTESIAN_POINT('',(2.605414278908,0.304608436566));
#920 = CARTESIAN_POINT('',(2.605276236155,0.266766859908));
#921 = CARTESIAN_POINT('',(2.605155965157,0.22887778151));
#922 = CARTESIAN_POINT('',(2.605053700831,0.190941518789));
#923 = CARTESIAN_POINT('',(2.60496960537,0.152941376443));
#924 = CARTESIAN_POINT('',(2.604903864496,0.114864512687));
#925 = CARTESIAN_POINT('',(2.60485666194,7.669617563379E-02));
#926 = CARTESIAN_POINT('',(2.604828185996,3.8421227832E-02));
#927 = CARTESIAN_POINT('',(2.604821815026,1.282253991342E-02));
#928 = CARTESIAN_POINT('',(2.604821814718,0.));
#929 = ( GEOMETRIC_REPRESENTATION_CONTEXT(2) 
PARAMETRIC_REPRESENTATION_CONTEXT() REPRESENTATION_CONTEXT('2D SPACE',''
  ) );
#930 = ORIENTED_EDGE('',*,*,#931,.T.);
#931 = EDGE_CURVE('',#805,#624,#932,.T.);
#932 = SURFACE_CURVE('',#933,(#937,#944),.PCURVE_S1.);
#933 = LINE('',#934,#935);
#934 = CARTESIAN_POINT('',(-1.890601756055,2.25,-0.9));
#935 = VECTOR('',#936,1.);
#936 = DIRECTION('',(1.,6.335854525113E-17,0.));
#937 = PCURVE('',#694,#938);
#938 = DEFINITIONAL_REPRESENTATION('',(#939),#943);
#939 = LINE('',#940,#941);
#940 = CARTESIAN_POINT('',(7.068583470577,0.));
#941 = VECTOR('',#942,1.);
#942 = DIRECTION('',(-4.694935904764E-17,1.));
#943 = ( GEOMETRIC_REPRESENTATION_CONTEXT(2) 
PARAMETRIC_REPRESENTATION_CONTEXT() REPRESENTATION_CONTEXT('2D SPACE',''
  ) );
#944 = PCURVE('',#945,#950);
#945 = PLANE('',#946);
#946 = AXIS2_PLACEMENT_3D('',#947,#948,#949);
#947 = CARTESIAN_POINT('',(-3.781203512111,2.25,0.));
#948 = DIRECTION('',(-6.335854525113E-17,1.,0.));
#949 = DIRECTION('',(-1.,-6.335854525113E-17,0.));
#950 = DEFINITIONAL_REPRESENTATION('',(#951),#955);
#951 = LINE('',#952,#953);
#952 = CARTESIAN_POINT('',(-1.890601756056,-0.9));
#953 = VECTOR('',#954,1.);
#954 = DIRECTION('',(-1.,0.));
#955 = ( GEOMETRIC_REPRESENTATION_CONTEXT(2) 
PARAMETRIC_REPRESENTATION_CONTEXT() REPRESENTATION_CONTEXT('2D SPACE',''
  ) );
#956 = ORIENTED_EDGE('',*,*,#623,.F.);
#957 = ADVANCED_FACE('',(#958),#875,.T.);
#958 = FACE_BOUND('',#959,.T.);
#959 = EDGE_LOOP('',(#960,#984,#1111,#1138));
#960 = ORIENTED_EDGE('',*,*,#961,.T.);
#961 = EDGE_CURVE('',#782,#962,#964,.T.);
#962 = VERTEX_POINT('',#963);
#963 = CARTESIAN_POINT('',(-41.67409076372,-2.15,-1.));
#964 = SURFACE_CURVE('',#965,(#970,#977),.PCURVE_S1.);
#965 = CIRCLE('',#966,4.3);
#966 = AXIS2_PLACEMENT_3D('',#967,#968,#969);
#967 = CARTESIAN_POINT('',(-45.398,0.,-1.));
#968 = DIRECTION('',(0.,0.,1.));
#969 = DIRECTION('',(-1.,-7.848132546355E-14,0.));
#970 = PCURVE('',#875,#971);
#971 = DEFINITIONAL_REPRESENTATION('',(#972),#976);
#972 = LINE('',#973,#974);
#973 = CARTESIAN_POINT('',(6.28318530718,1.570796326795));
#974 = VECTOR('',#975,1.);
#975 = DIRECTION('',(-1.,-2.629258536676E-15));
#976 = ( GEOMETRIC_REPRESENTATION_CONTEXT(2) 
PARAMETRIC_REPRESENTATION_CONTEXT() REPRESENTATION_CONTEXT('2D SPACE',''
  ) );
#977 = PCURVE('',#123,#978);
#978 = DEFINITIONAL_REPRESENTATION('',(#979),#983);
#979 = CIRCLE('',#980,4.3);
#980 = AXIS2_PLACEMENT_2D('',#981,#982);
#981 = CARTESIAN_POINT('',(-45.398,0.));
#982 = DIRECTION('',(-1.,-7.848132546355E-14));
#983 = ( GEOMETRIC_REPRESENTATION_CONTEXT(2) 
PARAMETRIC_REPRESENTATION_CONTEXT() REPRESENTATION_CONTEXT('2D SPACE',''
  ) );
#984 = ORIENTED_EDGE('',*,*,#985,.T.);
#985 = EDGE_CURVE('',#962,#986,#988,.T.);
#986 = VERTEX_POINT('',#987);
#987 = CARTESIAN_POINT('',(-41.61679648788,-2.25,-0.9));
#988 = SURFACE_CURVE('',#989,(#1004,#1055),.PCURVE_S1.);
#989 = B_SPLINE_CURVE_WITH_KNOTS('',3,(#990,#991,#992,#993,#994,#995,
    #996,#997,#998,#999,#1000,#1001,#1002,#1003),.UNSPECIFIED.,.F.,.F.,(
    4,2,2,2,2,2,4),(-3.384149418806E-02,-3.367820070721E-02,
    -3.088461155265E-02,-2.813333154273E-02,-2.394335314334E-02,
    -2.027683914027E-02,-1.683910035361E-02),.UNSPECIFIED.);
#990 = CARTESIAN_POINT('',(-41.67409076372,-2.15,-1.));
#991 = CARTESIAN_POINT('',(-41.67381860792,-2.150471387675,-1.));
#992 = CARTESIAN_POINT('',(-41.6735464745,-2.150942788265,
    -0.999996666905));
#993 = CARTESIAN_POINT('',(-41.66861951655,-2.159478400592,
    -0.999875947071));
#994 = CARTESIAN_POINT('',(-41.66397773112,-2.167535307192,
    -0.998786228438));
#995 = CARTESIAN_POINT('',(-41.65499465822,-2.183155609546,
    -0.994683268216));
#996 = CARTESIAN_POINT('',(-41.65065315084,-2.190718939119,
    -0.991700723134));
#997 = CARTESIAN_POINT('',(-41.6402601772,-2.208853306598,
    -0.981803465958));
#998 = CARTESIAN_POINT('',(-41.63453724099,-2.218867295608,
    -0.973680602831));
#999 = CARTESIAN_POINT('',(-41.62562980743,-2.234478974179,
    -0.954723442526));
#1000 = CARTESIAN_POINT('',(-41.62228549743,-2.240352301009,
    -0.944492083248));
#1001 = CARTESIAN_POINT('',(-41.61790525815,-2.248049247589,
    -0.922630294132));
#1002 = CARTESIAN_POINT('',(-41.61679648788,-2.25,-0.911407546405));
#1003 = CARTESIAN_POINT('',(-41.61679648788,-2.25,-0.9));
#1004 = PCURVE('',#875,#1005);
#1005 = DEFINITIONAL_REPRESENTATION('',(#1006),#1054);
#1006 = B_SPLINE_CURVE_WITH_KNOTS('',3,(#1007,#1008,#1009,#1010,#1011,
    #1012,#1013,#1014,#1015,#1016,#1017,#1018,#1019,#1020,#1021,#1022,
    #1023,#1024,#1025,#1026,#1027,#1028,#1029,#1030,#1031,#1032,#1033,
    #1034,#1035,#1036,#1037,#1038,#1039,#1040,#1041,#1042,#1043,#1044,
    #1045,#1046,#1047,#1048,#1049,#1050,#1051,#1052,#1053),
  .UNSPECIFIED.,.F.,.F.,(4,1,1,1,1,1,1,1,1,1,1,1,1,1,1,1,1,1,1,1,1,1,1,1
    ,1,1,1,1,1,1,1,1,1,1,1,1,1,1,1,1,1,1,1,1,4),(-3.384149418806E-02,
    -3.345507614637E-02,-3.306865810467E-02,-3.268224006298E-02,
    -3.229582202129E-02,-3.19094039796E-02,-3.152298593791E-02,
    -3.113656789621E-02,-3.075014985452E-02,-3.036373181283E-02,
    -2.997731377114E-02,-2.959089572945E-02,-2.920447768775E-02,
    -2.881805964606E-02,-2.843164160437E-02,-2.804522356268E-02,
    -2.765880552099E-02,-2.727238747929E-02,-2.68859694376E-02,
    -2.649955139591E-02,-2.611313335422E-02,-2.572671531253E-02,
    -2.534029727083E-02,-2.495387922914E-02,-2.456746118745E-02,
    -2.418104314576E-02,-2.379462510407E-02,-2.340820706237E-02,
    -2.302178902068E-02,-2.263537097899E-02,-2.22489529373E-02,
    -2.186253489561E-02,-2.147611685391E-02,-2.108969881222E-02,
    -2.070328077053E-02,-2.031686272884E-02,-1.993044468715E-02,
    -1.954402664545E-02,-1.915760860376E-02,-1.877119056207E-02,
    -1.838477252038E-02,-1.799835447869E-02,-1.761193643699E-02,
    -1.72255183953E-02,-1.683910035361E-02),.UNSPECIFIED.);
#1007 = CARTESIAN_POINT('',(-2.617993877992,1.570796326795));
#1008 = CARTESIAN_POINT('',(-2.61784410266,1.559641314804));
#1009 = CARTESIAN_POINT('',(-2.617544729366,1.537330093332));
#1010 = CARTESIAN_POINT('',(-2.617096582354,1.503850630363));
#1011 = CARTESIAN_POINT('',(-2.616649730459,1.470349584203));
#1012 = CARTESIAN_POINT('',(-2.6162045511,1.436817701906));
#1013 = CARTESIAN_POINT('',(-2.615761420501,1.403245632553));
#1014 = CARTESIAN_POINT('',(-2.615320710479,1.369623615714));
#1015 = CARTESIAN_POINT('',(-2.614882797897,1.335942136322));
#1016 = CARTESIAN_POINT('',(-2.614448030266,1.302189238781));
#1017 = CARTESIAN_POINT('',(-2.614016888311,1.268362876993));
#1018 = CARTESIAN_POINT('',(-2.613589782925,1.234455179457));
#1019 = CARTESIAN_POINT('',(-2.613167112436,1.200456971756));
#1020 = CARTESIAN_POINT('',(-2.612749277934,1.166358865114));
#1021 = CARTESIAN_POINT('',(-2.612336668684,1.132149951341));
#1022 = CARTESIAN_POINT('',(-2.611929705575,1.097821495322));
#1023 = CARTESIAN_POINT('',(-2.611528682349,1.063353065369));
#1024 = CARTESIAN_POINT('',(-2.611134422952,1.028769592734));
#1025 = CARTESIAN_POINT('',(-2.610747463879,0.994072191748));
#1026 = CARTESIAN_POINT('',(-2.610368224979,0.959251134284));
#1027 = CARTESIAN_POINT('',(-2.609997155015,0.924298498617));
#1028 = CARTESIAN_POINT('',(-2.609634692716,0.88920463169));
#1029 = CARTESIAN_POINT('',(-2.609281277786,0.853959021648));
#1030 = CARTESIAN_POINT('',(-2.608937346616,0.818549766723));
#1031 = CARTESIAN_POINT('',(-2.608603339273,0.782964306242));
#1032 = CARTESIAN_POINT('',(-2.608279676725,0.747186571947));
#1033 = CARTESIAN_POINT('',(-2.607966845861,0.711207269245));
#1034 = CARTESIAN_POINT('',(-2.607665083146,0.674985300685));
#1035 = CARTESIAN_POINT('',(-2.607376018698,0.638646127765));
#1036 = CARTESIAN_POINT('',(-2.607100059536,0.60218185098));
#1037 = CARTESIAN_POINT('',(-2.606837621883,0.565582861086));
#1038 = CARTESIAN_POINT('',(-2.606589119978,0.528838661753));
#1039 = CARTESIAN_POINT('',(-2.606354968433,0.49193729595));
#1040 = CARTESIAN_POINT('',(-2.606135585241,0.454866087352));
#1041 = CARTESIAN_POINT('',(-2.605931378628,0.417608592622));
#1042 = CARTESIAN_POINT('',(-2.605742797956,0.380155479587));
#1043 = CARTESIAN_POINT('',(-2.605570144592,0.342463585957));
#1044 = CARTESIAN_POINT('',(-2.605414278908,0.304608436567));
#1045 = CARTESIAN_POINT('',(-2.605276236156,0.266766859908));
#1046 = CARTESIAN_POINT('',(-2.605155965158,0.22887778151));
#1047 = CARTESIAN_POINT('',(-2.605053700832,0.190941518789));
#1048 = CARTESIAN_POINT('',(-2.604969605371,0.152941376443));
#1049 = CARTESIAN_POINT('',(-2.604903864497,0.114864512687));
#1050 = CARTESIAN_POINT('',(-2.604856661941,7.669617563385E-02));
#1051 = CARTESIAN_POINT('',(-2.604828185996,3.842122783203E-02));
#1052 = CARTESIAN_POINT('',(-2.604821815027,1.282253991343E-02));
#1053 = CARTESIAN_POINT('',(-2.604821814719,0.));
#1054 = ( GEOMETRIC_REPRESENTATION_CONTEXT(2) 
PARAMETRIC_REPRESENTATION_CONTEXT() REPRESENTATION_CONTEXT('2D SPACE',''
  ) );
#1055 = PCURVE('',#1056,#1061);
#1056 = CYLINDRICAL_SURFACE('',#1057,0.1);
#1057 = AXIS2_PLACEMENT_3D('',#1058,#1059,#1060);
#1058 = CARTESIAN_POINT('',(-20.80839824394,-2.15,-0.9));
#1059 = DIRECTION('',(-1.,-7.336252608025E-17,0.));
#1060 = DIRECTION('',(5.187513967632E-17,-0.707106781187,-0.707106781187
    ));
#1061 = DEFINITIONAL_REPRESENTATION('',(#1062),#1110);
#1062 = B_SPLINE_CURVE_WITH_KNOTS('',3,(#1063,#1064,#1065,#1066,#1067,
    #1068,#1069,#1070,#1071,#1072,#1073,#1074,#1075,#1076,#1077,#1078,
    #1079,#1080,#1081,#1082,#1083,#1084,#1085,#1086,#1087,#1088,#1089,
    #1090,#1091,#1092,#1093,#1094,#1095,#1096,#1097,#1098,#1099,#1100,
    #1101,#1102,#1103,#1104,#1105,#1106,#1107,#1108,#1109),
  .UNSPECIFIED.,.F.,.F.,(4,1,1,1,1,1,1,1,1,1,1,1,1,1,1,1,1,1,1,1,1,1,1,1
    ,1,1,1,1,1,1,1,1,1,1,1,1,1,1,1,1,1,1,1,1,4),(-3.384149418806E-02,
    -3.345507614637E-02,-3.306865810467E-02,-3.268224006298E-02,
    -3.229582202129E-02,-3.19094039796E-02,-3.152298593791E-02,
    -3.113656789621E-02,-3.075014985452E-02,-3.036373181283E-02,
    -2.997731377114E-02,-2.959089572945E-02,-2.920447768775E-02,
    -2.881805964606E-02,-2.843164160437E-02,-2.804522356268E-02,
    -2.765880552099E-02,-2.727238747929E-02,-2.68859694376E-02,
    -2.649955139591E-02,-2.611313335422E-02,-2.572671531253E-02,
    -2.534029727083E-02,-2.495387922914E-02,-2.456746118745E-02,
    -2.418104314576E-02,-2.379462510407E-02,-2.340820706237E-02,
    -2.302178902068E-02,-2.263537097899E-02,-2.22489529373E-02,
    -2.186253489561E-02,-2.147611685391E-02,-2.108969881222E-02,
    -2.070328077053E-02,-2.031686272884E-02,-1.993044468715E-02,
    -1.954402664545E-02,-1.915760860376E-02,-1.877119056207E-02,
    -1.838477252038E-02,-1.799835447869E-02,-1.761193643699E-02,
    -1.72255183953E-02,-1.683910035361E-02),.UNSPECIFIED.);
#1063 = CARTESIAN_POINT('',(-0.785398163397,20.865692519784));
#1064 = CARTESIAN_POINT('',(-0.774243162203,20.86504848441));
#1065 = CARTESIAN_POINT('',(-0.751931922319,20.863760680444));
#1066 = CARTESIAN_POINT('',(-0.718452371309,20.861831413634));
#1067 = CARTESIAN_POINT('',(-0.684951241706,20.859906227725));
#1068 = CARTESIAN_POINT('',(-0.651419326552,20.857986754108));
#1069 = CARTESIAN_POINT('',(-0.617847288819,20.856074628982));
#1070 = CARTESIAN_POINT('',(-0.584225352458,20.854171479683));
#1071 = CARTESIAN_POINT('',(-0.550543964494,20.852278964196));
#1072 = CARTESIAN_POINT('',(-0.516791085353,20.850398626767));
#1073 = CARTESIAN_POINT('',(-0.482964648324,20.848532582015));
#1074 = CARTESIAN_POINT('',(-0.449056876447,20.846682627201));
#1075 = CARTESIAN_POINT('',(-0.415058633009,20.844850519806));
#1076 = CARTESIAN_POINT('',(-0.380960545954,20.843038037724));
#1077 = CARTESIAN_POINT('',(-0.346751696725,20.841246916983));
#1078 = CARTESIAN_POINT('',(-0.312423314659,20.839479040655));
#1079 = CARTESIAN_POINT('',(-0.27795492182,20.837735745501));
#1080 = CARTESIAN_POINT('',(-0.243371342192,20.836020691928));
#1081 = CARTESIAN_POINT('',(-0.208673783635,20.834336258534));
#1082 = CARTESIAN_POINT('',(-0.173852580718,20.8326843254));
#1083 = CARTESIAN_POINT('',(-0.138899851321,20.831066906283));
#1084 = CARTESIAN_POINT('',(-0.103805960536,20.829485978753));
#1085 = CARTESIAN_POINT('',(-6.856039684768E-02,20.827943531461));
#1086 = CARTESIAN_POINT('',(-3.315124408287E-02,20.826441544907));
#1087 = CARTESIAN_POINT('',(2.434083244331E-03,20.824982021125));
#1088 = CARTESIAN_POINT('',(3.821168809079E-02,20.823566884158));
#1089 = CARTESIAN_POINT('',(7.419089483036E-02,20.822198348481));
#1090 = CARTESIAN_POINT('',(0.110412864355,20.820877544829));
#1091 = CARTESIAN_POINT('',(0.146752013052,20.819611657698));
#1092 = CARTESIAN_POINT('',(0.183216256036,20.818402558841));
#1093 = CARTESIAN_POINT('',(0.219815216745,20.817252159972));
#1094 = CARTESIAN_POINT('',(0.256559401005,20.816162362931));
#1095 = CARTESIAN_POINT('',(0.293460770321,20.815135069089));
#1096 = CARTESIAN_POINT('',(0.330531999721,20.81417219157));
#1097 = CARTESIAN_POINT('',(0.367789526566,20.813275596953));
#1098 = CARTESIAN_POINT('',(0.40524267001,20.812447326246));
#1099 = CARTESIAN_POINT('',(0.442934585738,20.811688769284));
#1100 = CARTESIAN_POINT('',(0.480789706484,20.811003746165));
#1101 = CARTESIAN_POINT('',(0.518631221471,20.810396868471));
#1102 = CARTESIAN_POINT('',(0.556520259785,20.809867997169));
#1103 = CARTESIAN_POINT('',(0.594456515975,20.8094182278));
#1104 = CARTESIAN_POINT('',(0.632456683391,20.809048325104));
#1105 = CARTESIAN_POINT('',(0.670533588729,20.808759142458));
#1106 = CARTESIAN_POINT('',(0.708701965379,20.808551509487));
#1107 = CARTESIAN_POINT('',(0.746976934036,20.808426262184));
#1108 = CARTESIAN_POINT('',(0.772575625094,20.808398243946));
#1109 = CARTESIAN_POINT('',(0.785398163397,20.808398243946));
#1110 = ( GEOMETRIC_REPRESENTATION_CONTEXT(2) 
PARAMETRIC_REPRESENTATION_CONTEXT() REPRESENTATION_CONTEXT('2D SPACE',''
  ) );
#1111 = ORIENTED_EDGE('',*,*,#1112,.T.);
#1112 = EDGE_CURVE('',#986,#805,#1113,.T.);
#1113 = SURFACE_CURVE('',#1114,(#1119,#1126),.PCURVE_S1.);
#1114 = CIRCLE('',#1115,4.4);
#1115 = AXIS2_PLACEMENT_3D('',#1116,#1117,#1118);
#1116 = CARTESIAN_POINT('',(-45.398,0.,-0.9));
#1117 = DIRECTION('',(0.,0.,-1.));
#1118 = DIRECTION('',(-1.,-7.848132546355E-14,-0.));
#1119 = PCURVE('',#875,#1120);
#1120 = DEFINITIONAL_REPRESENTATION('',(#1121),#1125);
#1121 = LINE('',#1122,#1123);
#1122 = CARTESIAN_POINT('',(-6.28318530718,0.));
#1123 = VECTOR('',#1124,1.);
#1124 = DIRECTION('',(1.,0.));
#1125 = ( GEOMETRIC_REPRESENTATION_CONTEXT(2) 
PARAMETRIC_REPRESENTATION_CONTEXT() REPRESENTATION_CONTEXT('2D SPACE',''
  ) );
#1126 = PCURVE('',#1127,#1132);
#1127 = CYLINDRICAL_SURFACE('',#1128,4.4);
#1128 = AXIS2_PLACEMENT_3D('',#1129,#1130,#1131);
#1129 = CARTESIAN_POINT('',(-45.398,0.,0.));
#1130 = DIRECTION('',(0.,0.,1.));
#1131 = DIRECTION('',(-1.,-7.848132546355E-14,0.));
#1132 = DEFINITIONAL_REPRESENTATION('',(#1133),#1137);
#1133 = LINE('',#1134,#1135);
#1134 = CARTESIAN_POINT('',(12.566370614359,-0.9));
#1135 = VECTOR('',#1136,1.);
#1136 = DIRECTION('',(-1.,0.));
#1137 = ( GEOMETRIC_REPRESENTATION_CONTEXT(2) 
PARAMETRIC_REPRESENTATION_CONTEXT() REPRESENTATION_CONTEXT('2D SPACE',''
  ) );
#1138 = ORIENTED_EDGE('',*,*,#804,.F.);
#1139 = ADVANCED_FACE('',(#1140),#1056,.T.);
#1140 = FACE_BOUND('',#1141,.T.);
#1141 = EDGE_LOOP('',(#1142,#1170,#1171,#1194));
#1142 = ORIENTED_EDGE('',*,*,#1143,.T.);
#1143 = EDGE_CURVE('',#1144,#986,#1146,.T.);
#1144 = VERTEX_POINT('',#1145);
#1145 = CARTESIAN_POINT('',(-3.781203512111,-2.25,-0.9));
#1146 = SURFACE_CURVE('',#1147,(#1151,#1158),.PCURVE_S1.);
#1147 = LINE('',#1148,#1149);
#1148 = CARTESIAN_POINT('',(-20.80839824394,-2.25,-0.9));
#1149 = VECTOR('',#1150,1.);
#1150 = DIRECTION('',(-1.,-7.336252608025E-17,0.));
#1151 = PCURVE('',#1056,#1152);
#1152 = DEFINITIONAL_REPRESENTATION('',(#1153),#1157);
#1153 = LINE('',#1154,#1155);
#1154 = CARTESIAN_POINT('',(0.785398163397,0.));
#1155 = VECTOR('',#1156,1.);
#1156 = DIRECTION('',(0.,1.));
#1157 = ( GEOMETRIC_REPRESENTATION_CONTEXT(2) 
PARAMETRIC_REPRESENTATION_CONTEXT() REPRESENTATION_CONTEXT('2D SPACE',''
  ) );
#1158 = PCURVE('',#1159,#1164);
#1159 = PLANE('',#1160);
#1160 = AXIS2_PLACEMENT_3D('',#1161,#1162,#1163);
#1161 = CARTESIAN_POINT('',(-41.61679648788,-2.25,0.));
#1162 = DIRECTION('',(7.336252608025E-17,-1.,0.));
#1163 = DIRECTION('',(1.,7.336252608025E-17,0.));
#1164 = DEFINITIONAL_REPRESENTATION('',(#1165),#1169);
#1165 = LINE('',#1166,#1167);
#1166 = CARTESIAN_POINT('',(20.80839824394,-0.9));
#1167 = VECTOR('',#1168,1.);
#1168 = DIRECTION('',(-1.,0.));
#1169 = ( GEOMETRIC_REPRESENTATION_CONTEXT(2) 
PARAMETRIC_REPRESENTATION_CONTEXT() REPRESENTATION_CONTEXT('2D SPACE',''
  ) );
#1170 = ORIENTED_EDGE('',*,*,#985,.F.);
#1171 = ORIENTED_EDGE('',*,*,#1172,.T.);
#1172 = EDGE_CURVE('',#962,#1173,#1175,.T.);
#1173 = VERTEX_POINT('',#1174);
#1174 = CARTESIAN_POINT('',(-3.723909236273,-2.15,-1.));
#1175 = SURFACE_CURVE('',#1176,(#1180,#1187),.PCURVE_S1.);
#1176 = LINE('',#1177,#1178);
#1177 = CARTESIAN_POINT('',(-20.80839824394,-2.15,-1.));
#1178 = VECTOR('',#1179,1.);
#1179 = DIRECTION('',(1.,7.336252608025E-17,0.));
#1180 = PCURVE('',#1056,#1181);
#1181 = DEFINITIONAL_REPRESENTATION('',(#1182),#1186);
#1182 = LINE('',#1183,#1184);
#1183 = CARTESIAN_POINT('',(-0.785398163397,0.));
#1184 = VECTOR('',#1185,1.);
#1185 = DIRECTION('',(0.,-1.));
#1186 = ( GEOMETRIC_REPRESENTATION_CONTEXT(2) 
PARAMETRIC_REPRESENTATION_CONTEXT() REPRESENTATION_CONTEXT('2D SPACE',''
  ) );
#1187 = PCURVE('',#123,#1188);
#1188 = DEFINITIONAL_REPRESENTATION('',(#1189),#1193);
#1189 = LINE('',#1190,#1191);
#1190 = CARTESIAN_POINT('',(-20.80839824394,-2.15));
#1191 = VECTOR('',#1192,1.);
#1192 = DIRECTION('',(1.,7.336252608025E-17));
#1193 = ( GEOMETRIC_REPRESENTATION_CONTEXT(2) 
PARAMETRIC_REPRESENTATION_CONTEXT() REPRESENTATION_CONTEXT('2D SPACE',''
  ) );
#1194 = ORIENTED_EDGE('',*,*,#1195,.T.);
#1195 = EDGE_CURVE('',#1173,#1144,#1196,.T.);
#1196 = SURFACE_CURVE('',#1197,(#1212,#1263),.PCURVE_S1.);
#1197 = B_SPLINE_CURVE_WITH_KNOTS('',3,(#1198,#1199,#1200,#1201,#1202,
    #1203,#1204,#1205,#1206,#1207,#1208,#1209,#1210,#1211),
  .UNSPECIFIED.,.F.,.F.,(4,2,2,2,2,2,4),(-1.632934808483E-04,0.,
    2.793589154567E-03,5.544869164501E-03,9.734847563896E-03,
    1.340136156698E-02,1.683910035366E-02),.UNSPECIFIED.);
#1198 = CARTESIAN_POINT('',(-3.723909236273,-2.15,-1.));
#1199 = CARTESIAN_POINT('',(-3.724181392074,-2.150471387676,-1.));
#1200 = CARTESIAN_POINT('',(-3.724453525495,-2.150942788265,
    -0.999996666905));
#1201 = CARTESIAN_POINT('',(-3.72938048345,-2.159478400592,
    -0.999875947071));
#1202 = CARTESIAN_POINT('',(-3.734022268874,-2.167535307192,
    -0.998786228438));
#1203 = CARTESIAN_POINT('',(-3.743005341776,-2.183155609546,
    -0.994683268216));
#1204 = CARTESIAN_POINT('',(-3.747346849154,-2.190718939119,
    -0.991700723134));
#1205 = CARTESIAN_POINT('',(-3.757739822794,-2.208853306598,
    -0.981803465958));
#1206 = CARTESIAN_POINT('',(-3.763462759006,-2.218867295608,
    -0.973680602831));
#1207 = CARTESIAN_POINT('',(-3.772370192566,-2.234478974179,
    -0.954723442526));
#1208 = CARTESIAN_POINT('',(-3.775714502563,-2.240352301009,
    -0.944492083248));
#1209 = CARTESIAN_POINT('',(-3.780094741843,-2.248049247589,
    -0.922630294132));
#1210 = CARTESIAN_POINT('',(-3.781203512111,-2.25,-0.911407546405));
#1211 = CARTESIAN_POINT('',(-3.781203512111,-2.25,-0.9));
#1212 = PCURVE('',#1056,#1213);
#1213 = DEFINITIONAL_REPRESENTATION('',(#1214),#1262);
#1214 = B_SPLINE_CURVE_WITH_KNOTS('',3,(#1215,#1216,#1217,#1218,#1219,
    #1220,#1221,#1222,#1223,#1224,#1225,#1226,#1227,#1228,#1229,#1230,
    #1231,#1232,#1233,#1234,#1235,#1236,#1237,#1238,#1239,#1240,#1241,
    #1242,#1243,#1244,#1245,#1246,#1247,#1248,#1249,#1250,#1251,#1252,
    #1253,#1254,#1255,#1256,#1257,#1258,#1259,#1260,#1261),
  .UNSPECIFIED.,.F.,.F.,(4,1,1,1,1,1,1,1,1,1,1,1,1,1,1,1,1,1,1,1,1,1,1,1
    ,1,1,1,1,1,1,1,1,1,1,1,1,1,1,1,1,1,1,1,1,4),(-1.632934808483E-04,
    2.23124560845E-04,6.095426025383E-04,9.959606442316E-04,
    1.382378685925E-03,1.768796727618E-03,2.155214769312E-03,
    2.541632811005E-03,2.928050852698E-03,3.314468894392E-03,
    3.700886936085E-03,4.087304977778E-03,4.473723019471E-03,
    4.860141061165E-03,5.246559102858E-03,5.632977144551E-03,
    6.019395186245E-03,6.405813227938E-03,6.792231269631E-03,
    7.178649311325E-03,7.565067353018E-03,7.951485394711E-03,
    8.337903436405E-03,8.724321478098E-03,9.110739519791E-03,
    9.497157561485E-03,9.883575603178E-03,1.026999364487E-02,
    1.065641168656E-02,1.104282972826E-02,1.142924776995E-02,
    1.181566581164E-02,1.220208385334E-02,1.258850189503E-02,
    1.297491993672E-02,1.336133797842E-02,1.374775602011E-02,
    1.41341740618E-02,1.45205921035E-02,1.490701014519E-02,
    1.529342818688E-02,1.567984622858E-02,1.606626427027E-02,
    1.645268231196E-02,1.683910035366E-02),.UNSPECIFIED.);
#1215 = CARTESIAN_POINT('',(-0.785398163394,-17.08448900767));
#1216 = CARTESIAN_POINT('',(-0.774243162201,-17.08384497229));
#1217 = CARTESIAN_POINT('',(-0.75193192232,-17.08255716833));
#1218 = CARTESIAN_POINT('',(-0.718452371309,-17.08062790152));
#1219 = CARTESIAN_POINT('',(-0.684951241706,-17.07870271561));
#1220 = CARTESIAN_POINT('',(-0.651419326552,-17.07678324199));
#1221 = CARTESIAN_POINT('',(-0.617847288819,-17.07487111686));
#1222 = CARTESIAN_POINT('',(-0.584225352458,-17.07296796756));
#1223 = CARTESIAN_POINT('',(-0.550543964494,-17.07107545208));
#1224 = CARTESIAN_POINT('',(-0.516791085352,-17.06919511465));
#1225 = CARTESIAN_POINT('',(-0.482964648324,-17.0673290699));
#1226 = CARTESIAN_POINT('',(-0.449056876447,-17.06547911508));
#1227 = CARTESIAN_POINT('',(-0.415058633009,-17.06364700769));
#1228 = CARTESIAN_POINT('',(-0.380960545954,-17.06183452561));
#1229 = CARTESIAN_POINT('',(-0.346751696724,-17.06004340486));
#1230 = CARTESIAN_POINT('',(-0.312423314658,-17.05827552854));
#1231 = CARTESIAN_POINT('',(-0.27795492182,-17.05653223338));
#1232 = CARTESIAN_POINT('',(-0.243371342192,-17.05481717981));
#1233 = CARTESIAN_POINT('',(-0.208673783635,-17.05313274642));
#1234 = CARTESIAN_POINT('',(-0.173852580718,-17.05148081328));
#1235 = CARTESIAN_POINT('',(-0.138899851321,-17.04986339417));
#1236 = CARTESIAN_POINT('',(-0.103805960536,-17.04828246663));
#1237 = CARTESIAN_POINT('',(-6.856039684767E-02,-17.04674001934));
#1238 = CARTESIAN_POINT('',(-3.315124408283E-02,-17.04523803279));
#1239 = CARTESIAN_POINT('',(2.434083244389E-03,-17.04377850901));
#1240 = CARTESIAN_POINT('',(3.82116880909E-02,-17.04236337204));
#1241 = CARTESIAN_POINT('',(7.419089483051E-02,-17.04099483636));
#1242 = CARTESIAN_POINT('',(0.110412864355,-17.03967403271));
#1243 = CARTESIAN_POINT('',(0.146752013052,-17.03840814558));
#1244 = CARTESIAN_POINT('',(0.183216256037,-17.03719904672));
#1245 = CARTESIAN_POINT('',(0.219815216745,-17.03604864785));
#1246 = CARTESIAN_POINT('',(0.256559401005,-17.03495885081));
#1247 = CARTESIAN_POINT('',(0.293460770321,-17.03393155697));
#1248 = CARTESIAN_POINT('',(0.330531999721,-17.03296867945));
#1249 = CARTESIAN_POINT('',(0.367789526566,-17.03207208484));
#1250 = CARTESIAN_POINT('',(0.40524267001,-17.03124381413));
#1251 = CARTESIAN_POINT('',(0.442934585738,-17.03048525717));
#1252 = CARTESIAN_POINT('',(0.480789706484,-17.02980023405));
#1253 = CARTESIAN_POINT('',(0.518631221471,-17.02919335635));
#1254 = CARTESIAN_POINT('',(0.556520259785,-17.02866448505));
#1255 = CARTESIAN_POINT('',(0.594456515975,-17.02821471568));
#1256 = CARTESIAN_POINT('',(0.632456683391,-17.02784481299));
#1257 = CARTESIAN_POINT('',(0.670533588729,-17.02755563034));
#1258 = CARTESIAN_POINT('',(0.708701965379,-17.02734799737));
#1259 = CARTESIAN_POINT('',(0.746976934036,-17.02722275007));
#1260 = CARTESIAN_POINT('',(0.772575625094,-17.02719473183));
#1261 = CARTESIAN_POINT('',(0.785398163397,-17.02719473183));
#1262 = ( GEOMETRIC_REPRESENTATION_CONTEXT(2) 
PARAMETRIC_REPRESENTATION_CONTEXT() REPRESENTATION_CONTEXT('2D SPACE',''
  ) );
#1263 = PCURVE('',#1264,#1269);
#1264 = TOROIDAL_SURFACE('',#1265,4.3,0.1);
#1265 = AXIS2_PLACEMENT_3D('',#1266,#1267,#1268);
#1266 = CARTESIAN_POINT('',(0.,0.,-0.9));
#1267 = DIRECTION('',(0.,0.,-1.));
#1268 = DIRECTION('',(-1.,0.,0.));
#1269 = DEFINITIONAL_REPRESENTATION('',(#1270),#1318);
#1270 = B_SPLINE_CURVE_WITH_KNOTS('',3,(#1271,#1272,#1273,#1274,#1275,
    #1276,#1277,#1278,#1279,#1280,#1281,#1282,#1283,#1284,#1285,#1286,
    #1287,#1288,#1289,#1290,#1291,#1292,#1293,#1294,#1295,#1296,#1297,
    #1298,#1299,#1300,#1301,#1302,#1303,#1304,#1305,#1306,#1307,#1308,
    #1309,#1310,#1311,#1312,#1313,#1314,#1315,#1316,#1317),
  .UNSPECIFIED.,.F.,.F.,(4,1,1,1,1,1,1,1,1,1,1,1,1,1,1,1,1,1,1,1,1,1,1,1
    ,1,1,1,1,1,1,1,1,1,1,1,1,1,1,1,1,1,1,1,1,4),(-1.632934808483E-04,
    2.23124560845E-04,6.095426025383E-04,9.959606442316E-04,
    1.382378685925E-03,1.768796727618E-03,2.155214769312E-03,
    2.541632811005E-03,2.928050852698E-03,3.314468894392E-03,
    3.700886936085E-03,4.087304977778E-03,4.473723019471E-03,
    4.860141061165E-03,5.246559102858E-03,5.632977144551E-03,
    6.019395186245E-03,6.405813227938E-03,6.792231269631E-03,
    7.178649311325E-03,7.565067353018E-03,7.951485394711E-03,
    8.337903436405E-03,8.724321478098E-03,9.110739519791E-03,
    9.497157561485E-03,9.883575603178E-03,1.026999364487E-02,
    1.065641168656E-02,1.104282972826E-02,1.142924776995E-02,
    1.181566581164E-02,1.220208385334E-02,1.258850189503E-02,
    1.297491993672E-02,1.336133797842E-02,1.374775602011E-02,
    1.41341740618E-02,1.45205921035E-02,1.490701014519E-02,
    1.529342818688E-02,1.567984622858E-02,1.606626427027E-02,
    1.645268231196E-02,1.683910035366E-02),.UNSPECIFIED.);
#1271 = CARTESIAN_POINT('',(5.759586531581,1.570796326795));
#1272 = CARTESIAN_POINT('',(5.75943675625,1.559641314804));
#1273 = CARTESIAN_POINT('',(5.759137382955,1.537330093333));
#1274 = CARTESIAN_POINT('',(5.758689235944,1.503850630363));
#1275 = CARTESIAN_POINT('',(5.758242384049,1.470349584203));
#1276 = CARTESIAN_POINT('',(5.757797204689,1.436817701906));
#1277 = CARTESIAN_POINT('',(5.75735407409,1.403245632553));
#1278 = CARTESIAN_POINT('',(5.756913364069,1.369623615714));
#1279 = CARTESIAN_POINT('',(5.756475451486,1.335942136322));
#1280 = CARTESIAN_POINT('',(5.756040683855,1.302189238781));
#1281 = CARTESIAN_POINT('',(5.7556095419,1.268362876993));
#1282 = CARTESIAN_POINT('',(5.755182436515,1.234455179457));
#1283 = CARTESIAN_POINT('',(5.754759766026,1.200456971756));
#1284 = CARTESIAN_POINT('',(5.754341931524,1.166358865113));
#1285 = CARTESIAN_POINT('',(5.753929322273,1.132149951341));
#1286 = CARTESIAN_POINT('',(5.753522359165,1.097821495322));
#1287 = CARTESIAN_POINT('',(5.753121335939,1.063353065369));
#1288 = CARTESIAN_POINT('',(5.752727076541,1.028769592734));
#1289 = CARTESIAN_POINT('',(5.752340117468,0.994072191747));
#1290 = CARTESIAN_POINT('',(5.751960878568,0.959251134284));
#1291 = CARTESIAN_POINT('',(5.751589808604,0.924298498618));
#1292 = CARTESIAN_POINT('',(5.751227346305,0.88920463169));
#1293 = CARTESIAN_POINT('',(5.750873931375,0.853959021648));
#1294 = CARTESIAN_POINT('',(5.750530000206,0.818549766723));
#1295 = CARTESIAN_POINT('',(5.750195992863,0.782964306242));
#1296 = CARTESIAN_POINT('',(5.749872330314,0.747186571947));
#1297 = CARTESIAN_POINT('',(5.74955949945,0.711207269245));
#1298 = CARTESIAN_POINT('',(5.749257736735,0.674985300685));
#1299 = CARTESIAN_POINT('',(5.748968672288,0.638646127765));
#1300 = CARTESIAN_POINT('',(5.748692713126,0.60218185098));
#1301 = CARTESIAN_POINT('',(5.748430275472,0.565582861086));
#1302 = CARTESIAN_POINT('',(5.748181773568,0.528838661753));
#1303 = CARTESIAN_POINT('',(5.747947622022,0.49193729595));
#1304 = CARTESIAN_POINT('',(5.747728238831,0.454866087352));
#1305 = CARTESIAN_POINT('',(5.747524032218,0.417608592622));
#1306 = CARTESIAN_POINT('',(5.747335451545,0.380155479587));
#1307 = CARTESIAN_POINT('',(5.747162798181,0.342463585957));
#1308 = CARTESIAN_POINT('',(5.747006932498,0.304608436566));
#1309 = CARTESIAN_POINT('',(5.746868889746,0.266766859908));
#1310 = CARTESIAN_POINT('',(5.746748618747,0.22887778151));
#1311 = CARTESIAN_POINT('',(5.746646354422,0.190941518789));
#1312 = CARTESIAN_POINT('',(5.74656225896,0.152941376444));
#1313 = CARTESIAN_POINT('',(5.746496518086,0.114864512687));
#1314 = CARTESIAN_POINT('',(5.74644931553,7.669617563389E-02));
#1315 = CARTESIAN_POINT('',(5.746420839586,3.842122783204E-02));
#1316 = CARTESIAN_POINT('',(5.746414468616,1.282253991344E-02));
#1317 = CARTESIAN_POINT('',(5.746414468308,0.));
#1318 = ( GEOMETRIC_REPRESENTATION_CONTEXT(2) 
PARAMETRIC_REPRESENTATION_CONTEXT() REPRESENTATION_CONTEXT('2D SPACE',''
  ) );
#1319 = ADVANCED_FACE('',(#1320),#1264,.T.);
#1320 = FACE_BOUND('',#1321,.T.);
#1321 = EDGE_LOOP('',(#1322,#1351,#1352,#1376));
#1322 = ORIENTED_EDGE('',*,*,#1323,.T.);
#1323 = EDGE_CURVE('',#1324,#1144,#1326,.T.);
#1324 = VERTEX_POINT('',#1325);
#1325 = CARTESIAN_POINT('',(3.781203512111,-2.25,-0.9));
#1326 = SURFACE_CURVE('',#1327,(#1332,#1339),.PCURVE_S1.);
#1327 = CIRCLE('',#1328,4.4);
#1328 = AXIS2_PLACEMENT_3D('',#1329,#1330,#1331);
#1329 = CARTESIAN_POINT('',(0.,0.,-0.9));
#1330 = DIRECTION('',(0.,0.,-1.));
#1331 = DIRECTION('',(6.123233995737E-17,-1.,0.));
#1332 = PCURVE('',#1264,#1333);
#1333 = DEFINITIONAL_REPRESENTATION('',(#1334),#1338);
#1334 = LINE('',#1335,#1336);
#1335 = CARTESIAN_POINT('',(-1.570796326795,0.));
#1336 = VECTOR('',#1337,1.);
#1337 = DIRECTION('',(1.,0.));
#1338 = ( GEOMETRIC_REPRESENTATION_CONTEXT(2) 
PARAMETRIC_REPRESENTATION_CONTEXT() REPRESENTATION_CONTEXT('2D SPACE',''
  ) );
#1339 = PCURVE('',#1340,#1345);
#1340 = CYLINDRICAL_SURFACE('',#1341,4.4);
#1341 = AXIS2_PLACEMENT_3D('',#1342,#1343,#1344);
#1342 = CARTESIAN_POINT('',(0.,0.,0.));
#1343 = DIRECTION('',(0.,0.,1.));
#1344 = DIRECTION('',(1.,0.,-0.));
#1345 = DEFINITIONAL_REPRESENTATION('',(#1346),#1350);
#1346 = LINE('',#1347,#1348);
#1347 = CARTESIAN_POINT('',(10.995574287564,-0.9));
#1348 = VECTOR('',#1349,1.);
#1349 = DIRECTION('',(-1.,0.));
#1350 = ( GEOMETRIC_REPRESENTATION_CONTEXT(2) 
PARAMETRIC_REPRESENTATION_CONTEXT() REPRESENTATION_CONTEXT('2D SPACE',''
  ) );
#1351 = ORIENTED_EDGE('',*,*,#1195,.F.);
#1352 = ORIENTED_EDGE('',*,*,#1353,.T.);
#1353 = EDGE_CURVE('',#1173,#1354,#1356,.T.);
#1354 = VERTEX_POINT('',#1355);
#1355 = CARTESIAN_POINT('',(3.723909236273,-2.15,-1.));
#1356 = SURFACE_CURVE('',#1357,(#1362,#1369),.PCURVE_S1.);
#1357 = CIRCLE('',#1358,4.3);
#1358 = AXIS2_PLACEMENT_3D('',#1359,#1360,#1361);
#1359 = CARTESIAN_POINT('',(0.,0.,-1.));
#1360 = DIRECTION('',(0.,0.,1.));
#1361 = DIRECTION('',(6.123233995737E-17,-1.,0.));
#1362 = PCURVE('',#1264,#1363);
#1363 = DEFINITIONAL_REPRESENTATION('',(#1364),#1368);
#1364 = LINE('',#1365,#1366);
#1365 = CARTESIAN_POINT('',(10.995574287564,1.570796326795));
#1366 = VECTOR('',#1367,1.);
#1367 = DIRECTION('',(-1.,4.452776554049E-15));
#1368 = ( GEOMETRIC_REPRESENTATION_CONTEXT(2) 
PARAMETRIC_REPRESENTATION_CONTEXT() REPRESENTATION_CONTEXT('2D SPACE',''
  ) );
#1369 = PCURVE('',#123,#1370);
#1370 = DEFINITIONAL_REPRESENTATION('',(#1371),#1375);
#1371 = CIRCLE('',#1372,4.3);
#1372 = AXIS2_PLACEMENT_2D('',#1373,#1374);
#1373 = CARTESIAN_POINT('',(0.,0.));
#1374 = DIRECTION('',(6.123233995737E-17,-1.));
#1375 = ( GEOMETRIC_REPRESENTATION_CONTEXT(2) 
PARAMETRIC_REPRESENTATION_CONTEXT() REPRESENTATION_CONTEXT('2D SPACE',''
  ) );
#1376 = ORIENTED_EDGE('',*,*,#1377,.T.);
#1377 = EDGE_CURVE('',#1354,#1324,#1378,.T.);
#1378 = SURFACE_CURVE('',#1379,(#1394,#1445),.PCURVE_S1.);
#1379 = B_SPLINE_CURVE_WITH_KNOTS('',3,(#1380,#1381,#1382,#1383,#1384,
    #1385,#1386,#1387,#1388,#1389,#1390,#1391,#1392,#1393),
  .UNSPECIFIED.,.F.,.F.,(4,2,2,2,2,2,4),(-3.38414941882E-02,
    -3.367820070737E-02,-3.08846115528E-02,-2.813333154286E-02,
    -2.394335314346E-02,-2.027683914037E-02,-1.683910035369E-02),
  .UNSPECIFIED.);
#1380 = CARTESIAN_POINT('',(3.723909236273,-2.15,-1.));
#1381 = CARTESIAN_POINT('',(3.724181392075,-2.150471387676,-1.));
#1382 = CARTESIAN_POINT('',(3.724453525495,-2.150942788265,
    -0.999996666905));
#1383 = CARTESIAN_POINT('',(3.72938048345,-2.159478400592,
    -0.999875947071));
#1384 = CARTESIAN_POINT('',(3.734022268874,-2.167535307192,
    -0.998786228438));
#1385 = CARTESIAN_POINT('',(3.743005341776,-2.183155609546,
    -0.994683268216));
#1386 = CARTESIAN_POINT('',(3.747346849154,-2.190718939119,
    -0.991700723134));
#1387 = CARTESIAN_POINT('',(3.757739822794,-2.208853306598,
    -0.981803465958));
#1388 = CARTESIAN_POINT('',(3.763462759006,-2.218867295608,
    -0.973680602831));
#1389 = CARTESIAN_POINT('',(3.772370192566,-2.234478974179,
    -0.954723442526));
#1390 = CARTESIAN_POINT('',(3.775714502563,-2.240352301009,
    -0.944492083248));
#1391 = CARTESIAN_POINT('',(3.780094741843,-2.248049247589,
    -0.922630294132));
#1392 = CARTESIAN_POINT('',(3.781203512111,-2.25,-0.911407546405));
#1393 = CARTESIAN_POINT('',(3.781203512111,-2.25,-0.9));
#1394 = PCURVE('',#1264,#1395);
#1395 = DEFINITIONAL_REPRESENTATION('',(#1396),#1444);
#1396 = B_SPLINE_CURVE_WITH_KNOTS('',3,(#1397,#1398,#1399,#1400,#1401,
    #1402,#1403,#1404,#1405,#1406,#1407,#1408,#1409,#1410,#1411,#1412,
    #1413,#1414,#1415,#1416,#1417,#1418,#1419,#1420,#1421,#1422,#1423,
    #1424,#1425,#1426,#1427,#1428,#1429,#1430,#1431,#1432,#1433,#1434,
    #1435,#1436,#1437,#1438,#1439,#1440,#1441,#1442,#1443),
  .UNSPECIFIED.,.F.,.F.,(4,1,1,1,1,1,1,1,1,1,1,1,1,1,1,1,1,1,1,1,1,1,1,1
    ,1,1,1,1,1,1,1,1,1,1,1,1,1,1,1,1,1,1,1,1,4),(-3.38414941882E-02,
    -3.34550761465E-02,-3.306865810481E-02,-3.268224006312E-02,
    -3.229582202142E-02,-3.190940397973E-02,-3.152298593804E-02,
    -3.113656789634E-02,-3.075014985465E-02,-3.036373181295E-02,
    -2.997731377126E-02,-2.959089572957E-02,-2.920447768787E-02,
    -2.881805964618E-02,-2.843164160449E-02,-2.804522356279E-02,
    -2.76588055211E-02,-2.727238747941E-02,-2.688596943771E-02,
    -2.649955139602E-02,-2.611313335433E-02,-2.572671531263E-02,
    -2.534029727094E-02,-2.495387922925E-02,-2.456746118755E-02,
    -2.418104314586E-02,-2.379462510417E-02,-2.340820706247E-02,
    -2.302178902078E-02,-2.263537097909E-02,-2.224895293739E-02,
    -2.18625348957E-02,-2.147611685401E-02,-2.108969881231E-02,
    -2.070328077062E-02,-2.031686272893E-02,-1.993044468723E-02,
    -1.954402664554E-02,-1.915760860385E-02,-1.877119056215E-02,
    -1.838477252046E-02,-1.799835447877E-02,-1.761193643707E-02,
    -1.722551839538E-02,-1.683910035369E-02),.UNSPECIFIED.);
#1397 = CARTESIAN_POINT('',(3.665191429188,1.570796326793));
#1398 = CARTESIAN_POINT('',(3.66534120452,1.559641314802));
#1399 = CARTESIAN_POINT('',(3.665640577814,1.537330093331));
#1400 = CARTESIAN_POINT('',(3.666088724826,1.503850630361));
#1401 = CARTESIAN_POINT('',(3.666535576721,1.470349584201));
#1402 = CARTESIAN_POINT('',(3.66698075608,1.436817701904));
#1403 = CARTESIAN_POINT('',(3.667423886679,1.403245632551));
#1404 = CARTESIAN_POINT('',(3.667864596701,1.369623615712));
#1405 = CARTESIAN_POINT('',(3.668302509283,1.33594213632));
#1406 = CARTESIAN_POINT('',(3.668737276914,1.302189238779));
#1407 = CARTESIAN_POINT('',(3.669168418869,1.268362876991));
#1408 = CARTESIAN_POINT('',(3.669595524255,1.234455179455));
#1409 = CARTESIAN_POINT('',(3.670018194744,1.200456971754));
#1410 = CARTESIAN_POINT('',(3.670436029246,1.166358865112));
#1411 = CARTESIAN_POINT('',(3.670848638496,1.132149951339));
#1412 = CARTESIAN_POINT('',(3.671255601605,1.09782149532));
#1413 = CARTESIAN_POINT('',(3.671656624831,1.063353065368));
#1414 = CARTESIAN_POINT('',(3.672050884228,1.028769592733));
#1415 = CARTESIAN_POINT('',(3.672437843301,0.994072191746));
#1416 = CARTESIAN_POINT('',(3.672817082201,0.959251134283));
#1417 = CARTESIAN_POINT('',(3.673188152165,0.924298498616));
#1418 = CARTESIAN_POINT('',(3.673550614464,0.889204631688));
#1419 = CARTESIAN_POINT('',(3.673904029394,0.853959021647));
#1420 = CARTESIAN_POINT('',(3.674247960564,0.818549766722));
#1421 = CARTESIAN_POINT('',(3.674581967907,0.782964306241));
#1422 = CARTESIAN_POINT('',(3.674905630455,0.747186571946));
#1423 = CARTESIAN_POINT('',(3.675218461319,0.711207269244));
#1424 = CARTESIAN_POINT('',(3.675520224034,0.674985300684));
#1425 = CARTESIAN_POINT('',(3.675809288482,0.638646127764));
#1426 = CARTESIAN_POINT('',(3.676085247644,0.60218185098));
#1427 = CARTESIAN_POINT('',(3.676347685297,0.565582861085));
#1428 = CARTESIAN_POINT('',(3.676596187202,0.528838661752));
#1429 = CARTESIAN_POINT('',(3.676830338747,0.49193729595));
#1430 = CARTESIAN_POINT('',(3.677049721939,0.454866087351));
#1431 = CARTESIAN_POINT('',(3.677253928552,0.417608592622));
#1432 = CARTESIAN_POINT('',(3.677442509224,0.380155479587));
#1433 = CARTESIAN_POINT('',(3.677615162588,0.342463585956));
#1434 = CARTESIAN_POINT('',(3.677771028272,0.304608436566));
#1435 = CARTESIAN_POINT('',(3.677909071024,0.266766859908));
#1436 = CARTESIAN_POINT('',(3.678029342022,0.228877781509));
#1437 = CARTESIAN_POINT('',(3.678131606348,0.190941518789));
#1438 = CARTESIAN_POINT('',(3.678215701809,0.152941376443));
#1439 = CARTESIAN_POINT('',(3.678281442683,0.114864512687));
#1440 = CARTESIAN_POINT('',(3.678328645239,7.669617563377E-02));
#1441 = CARTESIAN_POINT('',(3.678357121184,3.842122783198E-02));
#1442 = CARTESIAN_POINT('',(3.678363492153,1.282253991342E-02));
#1443 = CARTESIAN_POINT('',(3.678363492461,0.));
#1444 = ( GEOMETRIC_REPRESENTATION_CONTEXT(2) 
PARAMETRIC_REPRESENTATION_CONTEXT() REPRESENTATION_CONTEXT('2D SPACE',''
  ) );
#1445 = PCURVE('',#360,#1446);
#1446 = DEFINITIONAL_REPRESENTATION('',(#1447),#1495);
#1447 = B_SPLINE_CURVE_WITH_KNOTS('',3,(#1448,#1449,#1450,#1451,#1452,
    #1453,#1454,#1455,#1456,#1457,#1458,#1459,#1460,#1461,#1462,#1463,
    #1464,#1465,#1466,#1467,#1468,#1469,#1470,#1471,#1472,#1473,#1474,
    #1475,#1476,#1477,#1478,#1479,#1480,#1481,#1482,#1483,#1484,#1485,
    #1486,#1487,#1488,#1489,#1490,#1491,#1492,#1493,#1494),
  .UNSPECIFIED.,.F.,.F.,(4,1,1,1,1,1,1,1,1,1,1,1,1,1,1,1,1,1,1,1,1,1,1,1
    ,1,1,1,1,1,1,1,1,1,1,1,1,1,1,1,1,1,1,1,1,4),(-3.38414941882E-02,
    -3.34550761465E-02,-3.306865810481E-02,-3.268224006312E-02,
    -3.229582202142E-02,-3.190940397973E-02,-3.152298593804E-02,
    -3.113656789634E-02,-3.075014985465E-02,-3.036373181295E-02,
    -2.997731377126E-02,-2.959089572957E-02,-2.920447768787E-02,
    -2.881805964618E-02,-2.843164160449E-02,-2.804522356279E-02,
    -2.76588055211E-02,-2.727238747941E-02,-2.688596943771E-02,
    -2.649955139602E-02,-2.611313335433E-02,-2.572671531263E-02,
    -2.534029727094E-02,-2.495387922925E-02,-2.456746118755E-02,
    -2.418104314586E-02,-2.379462510417E-02,-2.340820706247E-02,
    -2.302178902078E-02,-2.263537097909E-02,-2.224895293739E-02,
    -2.18625348957E-02,-2.147611685401E-02,-2.108969881231E-02,
    -2.070328077062E-02,-2.031686272893E-02,-1.993044468723E-02,
    -1.954402664554E-02,-1.915760860385E-02,-1.877119056215E-02,
    -1.838477252046E-02,-1.799835447877E-02,-1.761193643707E-02,
    -1.722551839538E-02,-1.683910035369E-02),.UNSPECIFIED.);
#1448 = CARTESIAN_POINT('',(5.497787143787,-1.833307480218));
#1449 = CARTESIAN_POINT('',(5.50894214498,-1.833951515591));
#1450 = CARTESIAN_POINT('',(5.531253384862,-1.835239319558));
#1451 = CARTESIAN_POINT('',(5.564732935873,-1.837168586367));
#1452 = CARTESIAN_POINT('',(5.598234065476,-1.839093772276));
#1453 = CARTESIAN_POINT('',(5.63176598063,-1.841013245893));
#1454 = CARTESIAN_POINT('',(5.665338018362,-1.842925371019));
#1455 = CARTESIAN_POINT('',(5.698959954724,-1.844828520318));
#1456 = CARTESIAN_POINT('',(5.732641342688,-1.846721035806));
#1457 = CARTESIAN_POINT('',(5.766394221829,-1.848601373235));
#1458 = CARTESIAN_POINT('',(5.800220658858,-1.850467417986));
#1459 = CARTESIAN_POINT('',(5.834128430735,-1.8523173728));
#1460 = CARTESIAN_POINT('',(5.868126674173,-1.854149480195));
#1461 = CARTESIAN_POINT('',(5.902224761228,-1.855961962277));
#1462 = CARTESIAN_POINT('',(5.936433610457,-1.857753083019));
#1463 = CARTESIAN_POINT('',(5.970761992523,-1.859520959347));
#1464 = CARTESIAN_POINT('',(6.005230385362,-1.8612642545));
#1465 = CARTESIAN_POINT('',(6.039813964989,-1.862979308073));
#1466 = CARTESIAN_POINT('',(6.074511523547,-1.864663741467));
#1467 = CARTESIAN_POINT('',(6.109332726463,-1.866315674602));
#1468 = CARTESIAN_POINT('',(6.14428545586,-1.867933093718));
#1469 = CARTESIAN_POINT('',(6.179379346645,-1.869514021249));
#1470 = CARTESIAN_POINT('',(6.214624910333,-1.87105646854));
#1471 = CARTESIAN_POINT('',(6.250034063098,-1.872558455094));
#1472 = CARTESIAN_POINT('',(6.285619390425,-1.874017978876));
#1473 = CARTESIAN_POINT('',(6.321396995272,-1.875433115844));
#1474 = CARTESIAN_POINT('',(6.357376202011,-1.87680165152));
#1475 = CARTESIAN_POINT('',(6.393598171536,-1.878122455172));
#1476 = CARTESIAN_POINT('',(6.429937320233,-1.879388342303));
#1477 = CARTESIAN_POINT('',(6.466401563218,-1.88059744116));
#1478 = CARTESIAN_POINT('',(6.503000523926,-1.881747840029));
#1479 = CARTESIAN_POINT('',(6.539744708186,-1.88283763707));
#1480 = CARTESIAN_POINT('',(6.576646077502,-1.883864930912));
#1481 = CARTESIAN_POINT('',(6.613717306902,-1.884827808431));
#1482 = CARTESIAN_POINT('',(6.650974833746,-1.885724403048));
#1483 = CARTESIAN_POINT('',(6.688427977191,-1.886552673755));
#1484 = CARTESIAN_POINT('',(6.726119892918,-1.887311230717));
#1485 = CARTESIAN_POINT('',(6.763975013665,-1.887996253836));
#1486 = CARTESIAN_POINT('',(6.801816528651,-1.88860313153));
#1487 = CARTESIAN_POINT('',(6.839705566965,-1.889132002832));
#1488 = CARTESIAN_POINT('',(6.877641823155,-1.889581772201));
#1489 = CARTESIAN_POINT('',(6.915641990571,-1.889951674897));
#1490 = CARTESIAN_POINT('',(6.953718895909,-1.890240857543));
#1491 = CARTESIAN_POINT('',(6.991887272559,-1.890448490514));
#1492 = CARTESIAN_POINT('',(7.030162241216,-1.890573737818));
#1493 = CARTESIAN_POINT('',(7.055760932274,-1.890601756056));
#1494 = CARTESIAN_POINT('',(7.068583470577,-1.890601756056));
#1495 = ( GEOMETRIC_REPRESENTATION_CONTEXT(2) 
PARAMETRIC_REPRESENTATION_CONTEXT() REPRESENTATION_CONTEXT('2D SPACE',''
  ) );
#1496 = ADVANCED_FACE('',(#1497),#360,.T.);
#1497 = FACE_BOUND('',#1498,.T.);
#1498 = EDGE_LOOP('',(#1499,#1525,#1526,#1547));
#1499 = ORIENTED_EDGE('',*,*,#1500,.T.);
#1500 = EDGE_CURVE('',#263,#1324,#1501,.T.);
#1501 = SURFACE_CURVE('',#1502,(#1506,#1513),.PCURVE_S1.);
#1502 = LINE('',#1503,#1504);
#1503 = CARTESIAN_POINT('',(1.890601756056,-2.25,-0.9));
#1504 = VECTOR('',#1505,1.);
#1505 = DIRECTION('',(-1.,-7.336252608025E-17,0.));
#1506 = PCURVE('',#360,#1507);
#1507 = DEFINITIONAL_REPRESENTATION('',(#1508),#1512);
#1508 = LINE('',#1509,#1510);
#1509 = CARTESIAN_POINT('',(7.068583470577,0.));
#1510 = VECTOR('',#1511,1.);
#1511 = DIRECTION('',(-4.108068916669E-17,1.));
#1512 = ( GEOMETRIC_REPRESENTATION_CONTEXT(2) 
PARAMETRIC_REPRESENTATION_CONTEXT() REPRESENTATION_CONTEXT('2D SPACE',''
  ) );
#1513 = PCURVE('',#1514,#1519);
#1514 = PLANE('',#1515);
#1515 = AXIS2_PLACEMENT_3D('',#1516,#1517,#1518);
#1516 = CARTESIAN_POINT('',(3.781203512111,-2.25,0.));
#1517 = DIRECTION('',(7.336252608025E-17,-1.,0.));
#1518 = DIRECTION('',(1.,7.336252608025E-17,0.));
#1519 = DEFINITIONAL_REPRESENTATION('',(#1520),#1524);
#1520 = LINE('',#1521,#1522);
#1521 = CARTESIAN_POINT('',(-1.890601756055,-0.9));
#1522 = VECTOR('',#1523,1.);
#1523 = DIRECTION('',(-1.,0.));
#1524 = ( GEOMETRIC_REPRESENTATION_CONTEXT(2) 
PARAMETRIC_REPRESENTATION_CONTEXT() REPRESENTATION_CONTEXT('2D SPACE',''
  ) );
#1525 = ORIENTED_EDGE('',*,*,#1377,.F.);
#1526 = ORIENTED_EDGE('',*,*,#1527,.T.);
#1527 = EDGE_CURVE('',#1354,#100,#1528,.T.);
#1528 = SURFACE_CURVE('',#1529,(#1533,#1540),.PCURVE_S1.);
#1529 = LINE('',#1530,#1531);
#1530 = CARTESIAN_POINT('',(1.890601756056,-2.15,-1.));
#1531 = VECTOR('',#1532,1.);
#1532 = DIRECTION('',(1.,7.336252608025E-17,0.));
#1533 = PCURVE('',#360,#1534);
#1534 = DEFINITIONAL_REPRESENTATION('',(#1535),#1539);
#1535 = LINE('',#1536,#1537);
#1536 = CARTESIAN_POINT('',(5.497787143783,-2.22044604925E-16));
#1537 = VECTOR('',#1538,1.);
#1538 = DIRECTION('',(-1.17018994897E-16,-1.));
#1539 = ( GEOMETRIC_REPRESENTATION_CONTEXT(2) 
PARAMETRIC_REPRESENTATION_CONTEXT() REPRESENTATION_CONTEXT('2D SPACE',''
  ) );
#1540 = PCURVE('',#123,#1541);
#1541 = DEFINITIONAL_REPRESENTATION('',(#1542),#1546);
#1542 = LINE('',#1543,#1544);
#1543 = CARTESIAN_POINT('',(1.890601756056,-2.15));
#1544 = VECTOR('',#1545,1.);
#1545 = DIRECTION('',(1.,7.336252608025E-17));
#1546 = ( GEOMETRIC_REPRESENTATION_CONTEXT(2) 
PARAMETRIC_REPRESENTATION_CONTEXT() REPRESENTATION_CONTEXT('2D SPACE',''
  ) );
#1547 = ORIENTED_EDGE('',*,*,#291,.T.);
#1548 = ADVANCED_FACE('',(#1549),#1159,.T.);
#1549 = FACE_BOUND('',#1550,.T.);
#1550 = EDGE_LOOP('',(#1551,#1552,#1575,#1603));
#1551 = ORIENTED_EDGE('',*,*,#1143,.F.);
#1552 = ORIENTED_EDGE('',*,*,#1553,.T.);
#1553 = EDGE_CURVE('',#1144,#1554,#1556,.T.);
#1554 = VERTEX_POINT('',#1555);
#1555 = CARTESIAN_POINT('',(-3.781203512111,-2.25,0.9));
#1556 = SURFACE_CURVE('',#1557,(#1561,#1568),.PCURVE_S1.);
#1557 = LINE('',#1558,#1559);
#1558 = CARTESIAN_POINT('',(-3.781203512111,-2.25,0.));
#1559 = VECTOR('',#1560,1.);
#1560 = DIRECTION('',(0.,0.,1.));
#1561 = PCURVE('',#1159,#1562);
#1562 = DEFINITIONAL_REPRESENTATION('',(#1563),#1567);
#1563 = LINE('',#1564,#1565);
#1564 = CARTESIAN_POINT('',(37.835592975769,0.));
#1565 = VECTOR('',#1566,1.);
#1566 = DIRECTION('',(0.,1.));
#1567 = ( GEOMETRIC_REPRESENTATION_CONTEXT(2) 
PARAMETRIC_REPRESENTATION_CONTEXT() REPRESENTATION_CONTEXT('2D SPACE',''
  ) );
#1568 = PCURVE('',#1340,#1569);
#1569 = DEFINITIONAL_REPRESENTATION('',(#1570),#1574);
#1570 = LINE('',#1571,#1572);
#1571 = CARTESIAN_POINT('',(3.678363492461,0.));
#1572 = VECTOR('',#1573,1.);
#1573 = DIRECTION('',(0.,1.));
#1574 = ( GEOMETRIC_REPRESENTATION_CONTEXT(2) 
PARAMETRIC_REPRESENTATION_CONTEXT() REPRESENTATION_CONTEXT('2D SPACE',''
  ) );
#1575 = ORIENTED_EDGE('',*,*,#1576,.F.);
#1576 = EDGE_CURVE('',#1577,#1554,#1579,.T.);
#1577 = VERTEX_POINT('',#1578);
#1578 = CARTESIAN_POINT('',(-41.61679648788,-2.25,0.9));
#1579 = SURFACE_CURVE('',#1580,(#1584,#1591),.PCURVE_S1.);
#1580 = LINE('',#1581,#1582);
#1581 = CARTESIAN_POINT('',(-20.80839824394,-2.25,0.9));
#1582 = VECTOR('',#1583,1.);
#1583 = DIRECTION('',(1.,7.336252608025E-17,0.));
#1584 = PCURVE('',#1159,#1585);
#1585 = DEFINITIONAL_REPRESENTATION('',(#1586),#1590);
#1586 = LINE('',#1587,#1588);
#1587 = CARTESIAN_POINT('',(20.80839824394,0.9));
#1588 = VECTOR('',#1589,1.);
#1589 = DIRECTION('',(1.,0.));
#1590 = ( GEOMETRIC_REPRESENTATION_CONTEXT(2) 
PARAMETRIC_REPRESENTATION_CONTEXT() REPRESENTATION_CONTEXT('2D SPACE',''
  ) );
#1591 = PCURVE('',#1592,#1597);
#1592 = CYLINDRICAL_SURFACE('',#1593,0.1);
#1593 = AXIS2_PLACEMENT_3D('',#1594,#1595,#1596);
#1594 = CARTESIAN_POINT('',(-20.80839824394,-2.15,0.9));
#1595 = DIRECTION('',(1.,7.336252608025E-17,0.));
#1596 = DIRECTION('',(5.187513967632E-17,-0.707106781187,0.707106781187)
  );
#1597 = DEFINITIONAL_REPRESENTATION('',(#1598),#1602);
#1598 = LINE('',#1599,#1600);
#1599 = CARTESIAN_POINT('',(7.068583470577,0.));
#1600 = VECTOR('',#1601,1.);
#1601 = DIRECTION('',(0.,1.));
#1602 = ( GEOMETRIC_REPRESENTATION_CONTEXT(2) 
PARAMETRIC_REPRESENTATION_CONTEXT() REPRESENTATION_CONTEXT('2D SPACE',''
  ) );
#1603 = ORIENTED_EDGE('',*,*,#1604,.F.);
#1604 = EDGE_CURVE('',#986,#1577,#1605,.T.);
#1605 = SURFACE_CURVE('',#1606,(#1610,#1617),.PCURVE_S1.);
#1606 = LINE('',#1607,#1608);
#1607 = CARTESIAN_POINT('',(-41.61679648788,-2.25,0.));
#1608 = VECTOR('',#1609,1.);
#1609 = DIRECTION('',(0.,0.,1.));
#1610 = PCURVE('',#1159,#1611);
#1611 = DEFINITIONAL_REPRESENTATION('',(#1612),#1616);
#1612 = LINE('',#1613,#1614);
#1613 = CARTESIAN_POINT('',(0.,0.));
#1614 = VECTOR('',#1615,1.);
#1615 = DIRECTION('',(0.,1.));
#1616 = ( GEOMETRIC_REPRESENTATION_CONTEXT(2) 
PARAMETRIC_REPRESENTATION_CONTEXT() REPRESENTATION_CONTEXT('2D SPACE',''
  ) );
#1617 = PCURVE('',#1127,#1618);
#1618 = DEFINITIONAL_REPRESENTATION('',(#1619),#1623);
#1619 = LINE('',#1620,#1621);
#1620 = CARTESIAN_POINT('',(8.888007121898,0.));
#1621 = VECTOR('',#1622,1.);
#1622 = DIRECTION('',(0.,1.));
#1623 = ( GEOMETRIC_REPRESENTATION_CONTEXT(2) 
PARAMETRIC_REPRESENTATION_CONTEXT() REPRESENTATION_CONTEXT('2D SPACE',''
  ) );
#1624 = ADVANCED_FACE('',(#1625),#1340,.T.);
#1625 = FACE_BOUND('',#1626,.T.);
#1626 = EDGE_LOOP('',(#1627,#1628,#1651,#1678));
#1627 = ORIENTED_EDGE('',*,*,#1323,.F.);
#1628 = ORIENTED_EDGE('',*,*,#1629,.T.);
#1629 = EDGE_CURVE('',#1324,#1630,#1632,.T.);
#1630 = VERTEX_POINT('',#1631);
#1631 = CARTESIAN_POINT('',(3.781203512111,-2.25,0.9));
#1632 = SURFACE_CURVE('',#1633,(#1637,#1644),.PCURVE_S1.);
#1633 = LINE('',#1634,#1635);
#1634 = CARTESIAN_POINT('',(3.781203512111,-2.25,0.));
#1635 = VECTOR('',#1636,1.);
#1636 = DIRECTION('',(0.,0.,1.));
#1637 = PCURVE('',#1340,#1638);
#1638 = DEFINITIONAL_REPRESENTATION('',(#1639),#1643);
#1639 = LINE('',#1640,#1641);
#1640 = CARTESIAN_POINT('',(5.746414468308,0.));
#1641 = VECTOR('',#1642,1.);
#1642 = DIRECTION('',(0.,1.));
#1643 = ( GEOMETRIC_REPRESENTATION_CONTEXT(2) 
PARAMETRIC_REPRESENTATION_CONTEXT() REPRESENTATION_CONTEXT('2D SPACE',''
  ) );
#1644 = PCURVE('',#1514,#1645);
#1645 = DEFINITIONAL_REPRESENTATION('',(#1646),#1650);
#1646 = LINE('',#1647,#1648);
#1647 = CARTESIAN_POINT('',(0.,0.));
#1648 = VECTOR('',#1649,1.);
#1649 = DIRECTION('',(0.,1.));
#1650 = ( GEOMETRIC_REPRESENTATION_CONTEXT(2) 
PARAMETRIC_REPRESENTATION_CONTEXT() REPRESENTATION_CONTEXT('2D SPACE',''
  ) );
#1651 = ORIENTED_EDGE('',*,*,#1652,.F.);
#1652 = EDGE_CURVE('',#1554,#1630,#1653,.T.);
#1653 = SURFACE_CURVE('',#1654,(#1659,#1666),.PCURVE_S1.);
#1654 = CIRCLE('',#1655,4.4);
#1655 = AXIS2_PLACEMENT_3D('',#1656,#1657,#1658);
#1656 = CARTESIAN_POINT('',(0.,0.,0.9));
#1657 = DIRECTION('',(0.,0.,1.));
#1658 = DIRECTION('',(6.123233995737E-17,-1.,0.));
#1659 = PCURVE('',#1340,#1660);
#1660 = DEFINITIONAL_REPRESENTATION('',(#1661),#1665);
#1661 = LINE('',#1662,#1663);
#1662 = CARTESIAN_POINT('',(-1.570796326795,0.9));
#1663 = VECTOR('',#1664,1.);
#1664 = DIRECTION('',(1.,0.));
#1665 = ( GEOMETRIC_REPRESENTATION_CONTEXT(2) 
PARAMETRIC_REPRESENTATION_CONTEXT() REPRESENTATION_CONTEXT('2D SPACE',''
  ) );
#1666 = PCURVE('',#1667,#1672);
#1667 = TOROIDAL_SURFACE('',#1668,4.3,0.1);
#1668 = AXIS2_PLACEMENT_3D('',#1669,#1670,#1671);
#1669 = CARTESIAN_POINT('',(0.,0.,0.9));
#1670 = DIRECTION('',(0.,0.,1.));
#1671 = DIRECTION('',(1.,0.,-0.));
#1672 = DEFINITIONAL_REPRESENTATION('',(#1673),#1677);
#1673 = LINE('',#1674,#1675);
#1674 = CARTESIAN_POINT('',(-1.570796326795,0.));
#1675 = VECTOR('',#1676,1.);
#1676 = DIRECTION('',(1.,0.));
#1677 = ( GEOMETRIC_REPRESENTATION_CONTEXT(2) 
PARAMETRIC_REPRESENTATION_CONTEXT() REPRESENTATION_CONTEXT('2D SPACE',''
  ) );
#1678 = ORIENTED_EDGE('',*,*,#1553,.F.);
#1679 = ADVANCED_FACE('',(#1680),#1514,.T.);
#1680 = FACE_BOUND('',#1681,.T.);
#1681 = EDGE_LOOP('',(#1682,#1683,#1706,#1732));
#1682 = ORIENTED_EDGE('',*,*,#1500,.F.);
#1683 = ORIENTED_EDGE('',*,*,#1684,.T.);
#1684 = EDGE_CURVE('',#263,#1685,#1687,.T.);
#1685 = VERTEX_POINT('',#1686);
#1686 = CARTESIAN_POINT('',(41.616796487887,-2.25,0.9));
#1687 = SURFACE_CURVE('',#1688,(#1692,#1699),.PCURVE_S1.);
#1688 = LINE('',#1689,#1690);
#1689 = CARTESIAN_POINT('',(41.616796487887,-2.25,0.));
#1690 = VECTOR('',#1691,1.);
#1691 = DIRECTION('',(0.,0.,1.));
#1692 = PCURVE('',#1514,#1693);
#1693 = DEFINITIONAL_REPRESENTATION('',(#1694),#1698);
#1694 = LINE('',#1695,#1696);
#1695 = CARTESIAN_POINT('',(37.835592975776,0.));
#1696 = VECTOR('',#1697,1.);
#1697 = DIRECTION('',(0.,1.));
#1698 = ( GEOMETRIC_REPRESENTATION_CONTEXT(2) 
PARAMETRIC_REPRESENTATION_CONTEXT() REPRESENTATION_CONTEXT('2D SPACE',''
  ) );
#1699 = PCURVE('',#279,#1700);
#1700 = DEFINITIONAL_REPRESENTATION('',(#1701),#1705);
#1701 = LINE('',#1702,#1703);
#1702 = CARTESIAN_POINT('',(3.678363492461,0.));
#1703 = VECTOR('',#1704,1.);
#1704 = DIRECTION('',(0.,1.));
#1705 = ( GEOMETRIC_REPRESENTATION_CONTEXT(2) 
PARAMETRIC_REPRESENTATION_CONTEXT() REPRESENTATION_CONTEXT('2D SPACE',''
  ) );
#1706 = ORIENTED_EDGE('',*,*,#1707,.F.);
#1707 = EDGE_CURVE('',#1630,#1685,#1708,.T.);
#1708 = SURFACE_CURVE('',#1709,(#1713,#1720),.PCURVE_S1.);
#1709 = LINE('',#1710,#1711);
#1710 = CARTESIAN_POINT('',(1.890601756056,-2.25,0.9));
#1711 = VECTOR('',#1712,1.);
#1712 = DIRECTION('',(1.,7.336252608025E-17,0.));
#1713 = PCURVE('',#1514,#1714);
#1714 = DEFINITIONAL_REPRESENTATION('',(#1715),#1719);
#1715 = LINE('',#1716,#1717);
#1716 = CARTESIAN_POINT('',(-1.890601756055,0.9));
#1717 = VECTOR('',#1718,1.);
#1718 = DIRECTION('',(1.,0.));
#1719 = ( GEOMETRIC_REPRESENTATION_CONTEXT(2) 
PARAMETRIC_REPRESENTATION_CONTEXT() REPRESENTATION_CONTEXT('2D SPACE',''
  ) );
#1720 = PCURVE('',#1721,#1726);
#1721 = CYLINDRICAL_SURFACE('',#1722,0.1);
#1722 = AXIS2_PLACEMENT_3D('',#1723,#1724,#1725);
#1723 = CARTESIAN_POINT('',(1.890601756056,-2.15,0.9));
#1724 = DIRECTION('',(1.,7.336252608025E-17,0.));
#1725 = DIRECTION('',(5.187513967632E-17,-0.707106781187,0.707106781187)
  );
#1726 = DEFINITIONAL_REPRESENTATION('',(#1727),#1731);
#1727 = LINE('',#1728,#1729);
#1728 = CARTESIAN_POINT('',(7.068583470577,2.22044604925E-16));
#1729 = VECTOR('',#1730,1.);
#1730 = DIRECTION('',(4.694935904765E-17,1.));
#1731 = ( GEOMETRIC_REPRESENTATION_CONTEXT(2) 
PARAMETRIC_REPRESENTATION_CONTEXT() REPRESENTATION_CONTEXT('2D SPACE',''
  ) );
#1732 = ORIENTED_EDGE('',*,*,#1629,.F.);
#1733 = ADVANCED_FACE('',(#1734),#279,.T.);
#1734 = FACE_BOUND('',#1735,.T.);
#1735 = EDGE_LOOP('',(#1736,#1737,#1760,#1787));
#1736 = ORIENTED_EDGE('',*,*,#262,.F.);
#1737 = ORIENTED_EDGE('',*,*,#1738,.T.);
#1738 = EDGE_CURVE('',#136,#1739,#1741,.T.);
#1739 = VERTEX_POINT('',#1740);
#1740 = CARTESIAN_POINT('',(41.616796487888,2.25,0.9));
#1741 = SURFACE_CURVE('',#1742,(#1746,#1753),.PCURVE_S1.);
#1742 = LINE('',#1743,#1744);
#1743 = CARTESIAN_POINT('',(41.616796487888,2.25,0.));
#1744 = VECTOR('',#1745,1.);
#1745 = DIRECTION('',(0.,0.,1.));
#1746 = PCURVE('',#279,#1747);
#1747 = DEFINITIONAL_REPRESENTATION('',(#1748),#1752);
#1748 = LINE('',#1749,#1750);
#1749 = CARTESIAN_POINT('',(8.888007121898,0.));
#1750 = VECTOR('',#1751,1.);
#1751 = DIRECTION('',(0.,1.));
#1752 = ( GEOMETRIC_REPRESENTATION_CONTEXT(2) 
PARAMETRIC_REPRESENTATION_CONTEXT() REPRESENTATION_CONTEXT('2D SPACE',''
  ) );
#1753 = PCURVE('',#583,#1754);
#1754 = DEFINITIONAL_REPRESENTATION('',(#1755),#1759);
#1755 = LINE('',#1756,#1757);
#1756 = CARTESIAN_POINT('',(0.,0.));
#1757 = VECTOR('',#1758,1.);
#1758 = DIRECTION('',(0.,1.));
#1759 = ( GEOMETRIC_REPRESENTATION_CONTEXT(2) 
PARAMETRIC_REPRESENTATION_CONTEXT() REPRESENTATION_CONTEXT('2D SPACE',''
  ) );
#1760 = ORIENTED_EDGE('',*,*,#1761,.F.);
#1761 = EDGE_CURVE('',#1685,#1739,#1762,.T.);
#1762 = SURFACE_CURVE('',#1763,(#1768,#1775),.PCURVE_S1.);
#1763 = CIRCLE('',#1764,4.4);
#1764 = AXIS2_PLACEMENT_3D('',#1765,#1766,#1767);
#1765 = CARTESIAN_POINT('',(45.398,0.,0.9));
#1766 = DIRECTION('',(0.,0.,1.));
#1767 = DIRECTION('',(1.,-8.060219158779E-14,0.));
#1768 = PCURVE('',#279,#1769);
#1769 = DEFINITIONAL_REPRESENTATION('',(#1770),#1774);
#1770 = LINE('',#1771,#1772);
#1771 = CARTESIAN_POINT('',(-8.082423619271E-14,0.9));
#1772 = VECTOR('',#1773,1.);
#1773 = DIRECTION('',(1.,0.));
#1774 = ( GEOMETRIC_REPRESENTATION_CONTEXT(2) 
PARAMETRIC_REPRESENTATION_CONTEXT() REPRESENTATION_CONTEXT('2D SPACE',''
  ) );
#1775 = PCURVE('',#1776,#1781);
#1776 = TOROIDAL_SURFACE('',#1777,4.3,0.1);
#1777 = AXIS2_PLACEMENT_3D('',#1778,#1779,#1780);
#1778 = CARTESIAN_POINT('',(45.398,0.,0.9));
#1779 = DIRECTION('',(0.,0.,1.));
#1780 = DIRECTION('',(1.,0.,-0.));
#1781 = DEFINITIONAL_REPRESENTATION('',(#1782),#1786);
#1782 = LINE('',#1783,#1784);
#1783 = CARTESIAN_POINT('',(-8.082423619271E-14,0.));
#1784 = VECTOR('',#1785,1.);
#1785 = DIRECTION('',(1.,0.));
#1786 = ( GEOMETRIC_REPRESENTATION_CONTEXT(2) 
PARAMETRIC_REPRESENTATION_CONTEXT() REPRESENTATION_CONTEXT('2D SPACE',''
  ) );
#1787 = ORIENTED_EDGE('',*,*,#1684,.F.);
#1788 = ADVANCED_FACE('',(#1789,#1799,#1830,#1861),#123,.F.);
#1789 = FACE_BOUND('',#1790,.T.);
#1790 = EDGE_LOOP('',(#1791,#1792,#1793,#1794,#1795,#1796,#1797,#1798));
#1791 = ORIENTED_EDGE('',*,*,#99,.F.);
#1792 = ORIENTED_EDGE('',*,*,#1527,.F.);
#1793 = ORIENTED_EDGE('',*,*,#1353,.F.);
#1794 = ORIENTED_EDGE('',*,*,#1172,.F.);
#1795 = ORIENTED_EDGE('',*,*,#961,.F.);
#1796 = ORIENTED_EDGE('',*,*,#781,.F.);
#1797 = ORIENTED_EDGE('',*,*,#599,.F.);
#1798 = ORIENTED_EDGE('',*,*,#419,.F.);
#1799 = FACE_BOUND('',#1800,.T.);
#1800 = EDGE_LOOP('',(#1801));
#1801 = ORIENTED_EDGE('',*,*,#1802,.T.);
#1802 = EDGE_CURVE('',#1803,#1803,#1805,.T.);
#1803 = VERTEX_POINT('',#1804);
#1804 = CARTESIAN_POINT('',(-2.5,-3.061616997868E-16,-1.));
#1805 = SURFACE_CURVE('',#1806,(#1811,#1818),.PCURVE_S1.);
#1806 = CIRCLE('',#1807,2.5);
#1807 = AXIS2_PLACEMENT_3D('',#1808,#1809,#1810);
#1808 = CARTESIAN_POINT('',(0.,0.,-1.));
#1809 = DIRECTION('',(0.,0.,1.));
#1810 = DIRECTION('',(1.,0.,-0.));
#1811 = PCURVE('',#123,#1812);
#1812 = DEFINITIONAL_REPRESENTATION('',(#1813),#1817);
#1813 = CIRCLE('',#1814,2.5);
#1814 = AXIS2_PLACEMENT_2D('',#1815,#1816);
#1815 = CARTESIAN_POINT('',(0.,0.));
#1816 = DIRECTION('',(1.,0.));
#1817 = ( GEOMETRIC_REPRESENTATION_CONTEXT(2) 
PARAMETRIC_REPRESENTATION_CONTEXT() REPRESENTATION_CONTEXT('2D SPACE',''
  ) );
#1818 = PCURVE('',#1819,#1824);
#1819 = CYLINDRICAL_SURFACE('',#1820,2.5);
#1820 = AXIS2_PLACEMENT_3D('',#1821,#1822,#1823);
#1821 = CARTESIAN_POINT('',(0.,0.,0.));
#1822 = DIRECTION('',(0.,0.,1.));
#1823 = DIRECTION('',(1.,0.,-0.));
#1824 = DEFINITIONAL_REPRESENTATION('',(#1825),#1829);
#1825 = LINE('',#1826,#1827);
#1826 = CARTESIAN_POINT('',(-4.138911435803E-13,-1.));
#1827 = VECTOR('',#1828,1.);
#1828 = DIRECTION('',(1.,0.));
#1829 = ( GEOMETRIC_REPRESENTATION_CONTEXT(2) 
PARAMETRIC_REPRESENTATION_CONTEXT() REPRESENTATION_CONTEXT('2D SPACE',''
  ) );
#1830 = FACE_BOUND('',#1831,.T.);
#1831 = EDGE_LOOP('',(#1832));
#1832 = ORIENTED_EDGE('',*,*,#1833,.T.);
#1833 = EDGE_CURVE('',#1834,#1834,#1836,.T.);
#1834 = VERTEX_POINT('',#1835);
#1835 = CARTESIAN_POINT('',(-47.898,-3.061616997868E-16,-1.));
#1836 = SURFACE_CURVE('',#1837,(#1842,#1849),.PCURVE_S1.);
#1837 = CIRCLE('',#1838,2.5);
#1838 = AXIS2_PLACEMENT_3D('',#1839,#1840,#1841);
#1839 = CARTESIAN_POINT('',(-45.398,0.,-1.));
#1840 = DIRECTION('',(0.,0.,1.));
#1841 = DIRECTION('',(1.,0.,-0.));
#1842 = PCURVE('',#123,#1843);
#1843 = DEFINITIONAL_REPRESENTATION('',(#1844),#1848);
#1844 = CIRCLE('',#1845,2.5);
#1845 = AXIS2_PLACEMENT_2D('',#1846,#1847);
#1846 = CARTESIAN_POINT('',(-45.398,0.));
#1847 = DIRECTION('',(1.,0.));
#1848 = ( GEOMETRIC_REPRESENTATION_CONTEXT(2) 
PARAMETRIC_REPRESENTATION_CONTEXT() REPRESENTATION_CONTEXT('2D SPACE',''
  ) );
#1849 = PCURVE('',#1850,#1855);
#1850 = CYLINDRICAL_SURFACE('',#1851,2.5);
#1851 = AXIS2_PLACEMENT_3D('',#1852,#1853,#1854);
#1852 = CARTESIAN_POINT('',(-45.398,0.,0.));
#1853 = DIRECTION('',(0.,0.,1.));
#1854 = DIRECTION('',(1.,0.,-0.));
#1855 = DEFINITIONAL_REPRESENTATION('',(#1856),#1860);
#1856 = LINE('',#1857,#1858);
#1857 = CARTESIAN_POINT('',(-4.138911435803E-13,-1.));
#1858 = VECTOR('',#1859,1.);
#1859 = DIRECTION('',(1.,0.));
#1860 = ( GEOMETRIC_REPRESENTATION_CONTEXT(2) 
PARAMETRIC_REPRESENTATION_CONTEXT() REPRESENTATION_CONTEXT('2D SPACE',''
  ) );
#1861 = FACE_BOUND('',#1862,.T.);
#1862 = EDGE_LOOP('',(#1863));
#1863 = ORIENTED_EDGE('',*,*,#1864,.T.);
#1864 = EDGE_CURVE('',#1865,#1865,#1867,.T.);
#1865 = VERTEX_POINT('',#1866);
#1866 = CARTESIAN_POINT('',(42.898,-3.061616997868E-16,-1.));
#1867 = SURFACE_CURVE('',#1868,(#1873,#1880),.PCURVE_S1.);
#1868 = CIRCLE('',#1869,2.5);
#1869 = AXIS2_PLACEMENT_3D('',#1870,#1871,#1872);
#1870 = CARTESIAN_POINT('',(45.398,0.,-1.));
#1871 = DIRECTION('',(0.,0.,1.));
#1872 = DIRECTION('',(1.,0.,-0.));
#1873 = PCURVE('',#123,#1874);
#1874 = DEFINITIONAL_REPRESENTATION('',(#1875),#1879);
#1875 = CIRCLE('',#1876,2.5);
#1876 = AXIS2_PLACEMENT_2D('',#1877,#1878);
#1877 = CARTESIAN_POINT('',(45.398,0.));
#1878 = DIRECTION('',(1.,0.));
#1879 = ( GEOMETRIC_REPRESENTATION_CONTEXT(2) 
PARAMETRIC_REPRESENTATION_CONTEXT() REPRESENTATION_CONTEXT('2D SPACE',''
  ) );
#1880 = PCURVE('',#1881,#1886);
#1881 = CYLINDRICAL_SURFACE('',#1882,2.5);
#1882 = AXIS2_PLACEMENT_3D('',#1883,#1884,#1885);
#1883 = CARTESIAN_POINT('',(45.398,0.,0.));
#1884 = DIRECTION('',(0.,0.,1.));
#1885 = DIRECTION('',(1.,0.,-0.));
#1886 = DEFINITIONAL_REPRESENTATION('',(#1887),#1891);
#1887 = LINE('',#1888,#1889);
#1888 = CARTESIAN_POINT('',(-4.138911435803E-13,-1.));
#1889 = VECTOR('',#1890,1.);
#1890 = DIRECTION('',(1.,0.));
#1891 = ( GEOMETRIC_REPRESENTATION_CONTEXT(2) 
PARAMETRIC_REPRESENTATION_CONTEXT() REPRESENTATION_CONTEXT('2D SPACE',''
  ) );
#1892 = ADVANCED_FACE('',(#1893),#1776,.T.);
#1893 = FACE_BOUND('',#1894,.T.);
#1894 = EDGE_LOOP('',(#1895,#1930,#2050,#2051));
#1895 = ORIENTED_EDGE('',*,*,#1896,.T.);
#1896 = EDGE_CURVE('',#1897,#1899,#1901,.T.);
#1897 = VERTEX_POINT('',#1898);
#1898 = CARTESIAN_POINT('',(41.674090763727,2.15,1.));
#1899 = VERTEX_POINT('',#1900);
#1900 = CARTESIAN_POINT('',(41.674090763727,-2.15,1.));
#1901 = SURFACE_CURVE('',#1902,(#1907,#1914),.PCURVE_S1.);
#1902 = CIRCLE('',#1903,4.3);
#1903 = AXIS2_PLACEMENT_3D('',#1904,#1905,#1906);
#1904 = CARTESIAN_POINT('',(45.398,0.,1.));
#1905 = DIRECTION('',(0.,0.,-1.));
#1906 = DIRECTION('',(1.,-8.060219158779E-14,0.));
#1907 = PCURVE('',#1776,#1908);
#1908 = DEFINITIONAL_REPRESENTATION('',(#1909),#1913);
#1909 = LINE('',#1910,#1911);
#1910 = CARTESIAN_POINT('',(12.566370614359,1.570796326795));
#1911 = VECTOR('',#1912,1.);
#1912 = DIRECTION('',(-1.,6.361109362927E-16));
#1913 = ( GEOMETRIC_REPRESENTATION_CONTEXT(2) 
PARAMETRIC_REPRESENTATION_CONTEXT() REPRESENTATION_CONTEXT('2D SPACE',''
  ) );
#1914 = PCURVE('',#1915,#1920);
#1915 = PLANE('',#1916);
#1916 = AXIS2_PLACEMENT_3D('',#1917,#1918,#1919);
#1917 = CARTESIAN_POINT('',(0.,0.,1.));
#1918 = DIRECTION('',(0.,0.,1.));
#1919 = DIRECTION('',(1.,0.,-0.));
#1920 = DEFINITIONAL_REPRESENTATION('',(#1921),#1929);
#1921 = ( BOUNDED_CURVE() B_SPLINE_CURVE(2,(#1922,#1923,#1924,#1925,
#1926,#1927,#1928),.UNSPECIFIED.,.T.,.F.) B_SPLINE_CURVE_WITH_KNOTS((1,2
    ,2,2,2,1),(-2.094395102393,0.,2.094395102393,4.188790204786,
6.28318530718,8.377580409573),.UNSPECIFIED.) CURVE() 
GEOMETRIC_REPRESENTATION_ITEM() RATIONAL_B_SPLINE_CURVE((1.,0.5,1.,0.5,
1.,0.5,1.)) REPRESENTATION_ITEM('') );
#1922 = CARTESIAN_POINT('',(49.698,-3.465894238275E-13));
#1923 = CARTESIAN_POINT('',(49.697999999999,-7.447818472547));
#1924 = CARTESIAN_POINT('',(43.248,-3.723909236273));
#1925 = CARTESIAN_POINT('',(36.798,6.921256514077E-13));
#1926 = CARTESIAN_POINT('',(43.248,3.723909236273));
#1927 = CARTESIAN_POINT('',(49.698000000001,7.447818472546));
#1928 = CARTESIAN_POINT('',(49.698,-3.465894238275E-13));
#1929 = ( GEOMETRIC_REPRESENTATION_CONTEXT(2) 
PARAMETRIC_REPRESENTATION_CONTEXT() REPRESENTATION_CONTEXT('2D SPACE',''
  ) );
#1930 = ORIENTED_EDGE('',*,*,#1931,.T.);
#1931 = EDGE_CURVE('',#1899,#1685,#1932,.T.);
#1932 = SURFACE_CURVE('',#1933,(#1948,#1999),.PCURVE_S1.);
#1933 = B_SPLINE_CURVE_WITH_KNOTS('',3,(#1934,#1935,#1936,#1937,#1938,
    #1939,#1940,#1941,#1942,#1943,#1944,#1945,#1946,#1947),
  .UNSPECIFIED.,.F.,.F.,(4,2,2,2,2,2,4),(-3.384149418825E-02,
    -3.36782007074E-02,-3.088461155282E-02,-2.813333154288E-02,
    -2.394335314347E-02,-2.027683914037E-02,-1.683910035369E-02),
  .UNSPECIFIED.);
#1934 = CARTESIAN_POINT('',(41.674090763727,-2.15,1.));
#1935 = CARTESIAN_POINT('',(41.673818607925,-2.150471387675,1.));
#1936 = CARTESIAN_POINT('',(41.673546474505,-2.150942788265,
    0.999996666905));
#1937 = CARTESIAN_POINT('',(41.66861951655,-2.159478400592,
    0.999875947071));
#1938 = CARTESIAN_POINT('',(41.663977731126,-2.167535307192,
    0.998786228438));
#1939 = CARTESIAN_POINT('',(41.654994658224,-2.183155609546,
    0.994683268216));
#1940 = CARTESIAN_POINT('',(41.650653150846,-2.190718939119,
    0.991700723134));
#1941 = CARTESIAN_POINT('',(41.640260177206,-2.208853306598,
    0.981803465958));
#1942 = CARTESIAN_POINT('',(41.634537240994,-2.218867295608,
    0.973680602831));
#1943 = CARTESIAN_POINT('',(41.625629807434,-2.234478974179,
    0.954723442526));
#1944 = CARTESIAN_POINT('',(41.622285497437,-2.240352301009,
    0.944492083248));
#1945 = CARTESIAN_POINT('',(41.617905258157,-2.248049247589,
    0.922630294132));
#1946 = CARTESIAN_POINT('',(41.616796487889,-2.25,0.911407546405));
#1947 = CARTESIAN_POINT('',(41.616796487889,-2.25,0.9));
#1948 = PCURVE('',#1776,#1949);
#1949 = DEFINITIONAL_REPRESENTATION('',(#1950),#1998);
#1950 = B_SPLINE_CURVE_WITH_KNOTS('',3,(#1951,#1952,#1953,#1954,#1955,
    #1956,#1957,#1958,#1959,#1960,#1961,#1962,#1963,#1964,#1965,#1966,
    #1967,#1968,#1969,#1970,#1971,#1972,#1973,#1974,#1975,#1976,#1977,
    #1978,#1979,#1980,#1981,#1982,#1983,#1984,#1985,#1986,#1987,#1988,
    #1989,#1990,#1991,#1992,#1993,#1994,#1995,#1996,#1997),
  .UNSPECIFIED.,.F.,.F.,(4,1,1,1,1,1,1,1,1,1,1,1,1,1,1,1,1,1,1,1,1,1,1,1
    ,1,1,1,1,1,1,1,1,1,1,1,1,1,1,1,1,1,1,1,1,4),(-3.384149418825E-02,
    -3.345507614656E-02,-3.306865810486E-02,-3.268224006317E-02,
    -3.229582202147E-02,-3.190940397978E-02,-3.152298593808E-02,
    -3.113656789639E-02,-3.075014985469E-02,-3.0363731813E-02,
    -2.99773137713E-02,-2.959089572961E-02,-2.920447768792E-02,
    -2.881805964622E-02,-2.843164160453E-02,-2.804522356283E-02,
    -2.765880552114E-02,-2.727238747944E-02,-2.688596943775E-02,
    -2.649955139605E-02,-2.611313335436E-02,-2.572671531266E-02,
    -2.534029727097E-02,-2.495387922928E-02,-2.456746118758E-02,
    -2.418104314589E-02,-2.379462510419E-02,-2.34082070625E-02,
    -2.30217890208E-02,-2.263537097911E-02,-2.224895293741E-02,
    -2.186253489572E-02,-2.147611685402E-02,-2.108969881233E-02,
    -2.070328077063E-02,-2.031686272894E-02,-1.993044468725E-02,
    -1.954402664555E-02,-1.915760860386E-02,-1.877119056216E-02,
    -1.838477252047E-02,-1.799835447877E-02,-1.761193643708E-02,
    -1.722551839538E-02,-1.683910035369E-02),.UNSPECIFIED.);
#1951 = CARTESIAN_POINT('',(3.665191429188,1.570796326795));
#1952 = CARTESIAN_POINT('',(3.66534120452,1.559641314804));
#1953 = CARTESIAN_POINT('',(3.665640577815,1.537330093332));
#1954 = CARTESIAN_POINT('',(3.666088724826,1.503850630363));
#1955 = CARTESIAN_POINT('',(3.666535576721,1.470349584203));
#1956 = CARTESIAN_POINT('',(3.666980756081,1.436817701906));
#1957 = CARTESIAN_POINT('',(3.66742388668,1.403245632552));
#1958 = CARTESIAN_POINT('',(3.667864596701,1.369623615713));
#1959 = CARTESIAN_POINT('',(3.668302509284,1.335942136322));
#1960 = CARTESIAN_POINT('',(3.668737276914,1.302189238781));
#1961 = CARTESIAN_POINT('',(3.66916841887,1.268362876993));
#1962 = CARTESIAN_POINT('',(3.669595524255,1.234455179457));
#1963 = CARTESIAN_POINT('',(3.670018194744,1.200456971756));
#1964 = CARTESIAN_POINT('',(3.670436029246,1.166358865113));
#1965 = CARTESIAN_POINT('',(3.670848638496,1.132149951341));
#1966 = CARTESIAN_POINT('',(3.671255601605,1.097821495322));
#1967 = CARTESIAN_POINT('',(3.671656624831,1.06335306537));
#1968 = CARTESIAN_POINT('',(3.672050884229,1.028769592734));
#1969 = CARTESIAN_POINT('',(3.672437843301,0.994072191748));
#1970 = CARTESIAN_POINT('',(3.672817082202,0.959251134284));
#1971 = CARTESIAN_POINT('',(3.673188152165,0.924298498618));
#1972 = CARTESIAN_POINT('',(3.673550614464,0.88920463169));
#1973 = CARTESIAN_POINT('',(3.673904029395,0.853959021648));
#1974 = CARTESIAN_POINT('',(3.674247960564,0.818549766724));
#1975 = CARTESIAN_POINT('',(3.674581967907,0.782964306242));
#1976 = CARTESIAN_POINT('',(3.674905630456,0.747186571947));
#1977 = CARTESIAN_POINT('',(3.675218461319,0.711207269246));
#1978 = CARTESIAN_POINT('',(3.675520224035,0.674985300686));
#1979 = CARTESIAN_POINT('',(3.675809288482,0.638646127766));
#1980 = CARTESIAN_POINT('',(3.676085247644,0.602181850981));
#1981 = CARTESIAN_POINT('',(3.676347685298,0.565582861086));
#1982 = CARTESIAN_POINT('',(3.676596187202,0.528838661753));
#1983 = CARTESIAN_POINT('',(3.676830338747,0.491937295951));
#1984 = CARTESIAN_POINT('',(3.677049721939,0.454866087352));
#1985 = CARTESIAN_POINT('',(3.677253928552,0.417608592623));
#1986 = CARTESIAN_POINT('',(3.677442509225,0.380155479588));
#1987 = CARTESIAN_POINT('',(3.677615162588,0.342463585957));
#1988 = CARTESIAN_POINT('',(3.677771028272,0.304608436567));
#1989 = CARTESIAN_POINT('',(3.677909071024,0.266766859909));
#1990 = CARTESIAN_POINT('',(3.678029342023,0.22887778151));
#1991 = CARTESIAN_POINT('',(3.678131606348,0.190941518789));
#1992 = CARTESIAN_POINT('',(3.67821570181,0.152941376444));
#1993 = CARTESIAN_POINT('',(3.678281442684,0.114864512687));
#1994 = CARTESIAN_POINT('',(3.67832864524,7.669617563396E-02));
#1995 = CARTESIAN_POINT('',(3.678357121184,3.842122783208E-02));
#1996 = CARTESIAN_POINT('',(3.678363492153,1.282253991345E-02));
#1997 = CARTESIAN_POINT('',(3.678363492462,0.));
#1998 = ( GEOMETRIC_REPRESENTATION_CONTEXT(2) 
PARAMETRIC_REPRESENTATION_CONTEXT() REPRESENTATION_CONTEXT('2D SPACE',''
  ) );
#1999 = PCURVE('',#1721,#2000);
#2000 = DEFINITIONAL_REPRESENTATION('',(#2001),#2049);
#2001 = B_SPLINE_CURVE_WITH_KNOTS('',3,(#2002,#2003,#2004,#2005,#2006,
    #2007,#2008,#2009,#2010,#2011,#2012,#2013,#2014,#2015,#2016,#2017,
    #2018,#2019,#2020,#2021,#2022,#2023,#2024,#2025,#2026,#2027,#2028,
    #2029,#2030,#2031,#2032,#2033,#2034,#2035,#2036,#2037,#2038,#2039,
    #2040,#2041,#2042,#2043,#2044,#2045,#2046,#2047,#2048),
  .UNSPECIFIED.,.F.,.F.,(4,1,1,1,1,1,1,1,1,1,1,1,1,1,1,1,1,1,1,1,1,1,1,1
    ,1,1,1,1,1,1,1,1,1,1,1,1,1,1,1,1,1,1,1,1,4),(-3.384149418825E-02,
    -3.345507614656E-02,-3.306865810486E-02,-3.268224006317E-02,
    -3.229582202147E-02,-3.190940397978E-02,-3.152298593808E-02,
    -3.113656789639E-02,-3.075014985469E-02,-3.0363731813E-02,
    -2.99773137713E-02,-2.959089572961E-02,-2.920447768792E-02,
    -2.881805964622E-02,-2.843164160453E-02,-2.804522356283E-02,
    -2.765880552114E-02,-2.727238747944E-02,-2.688596943775E-02,
    -2.649955139605E-02,-2.611313335436E-02,-2.572671531266E-02,
    -2.534029727097E-02,-2.495387922928E-02,-2.456746118758E-02,
    -2.418104314589E-02,-2.379462510419E-02,-2.34082070625E-02,
    -2.30217890208E-02,-2.263537097911E-02,-2.224895293741E-02,
    -2.186253489572E-02,-2.147611685402E-02,-2.108969881233E-02,
    -2.070328077063E-02,-2.031686272894E-02,-1.993044468725E-02,
    -1.954402664555E-02,-1.915760860386E-02,-1.877119056216E-02,
    -1.838477252047E-02,-1.799835447877E-02,-1.761193643708E-02,
    -1.722551839538E-02,-1.683910035369E-02),.UNSPECIFIED.);
#2002 = CARTESIAN_POINT('',(5.497787143782,39.783489007671));
#2003 = CARTESIAN_POINT('',(5.508942144977,39.782844972298));
#2004 = CARTESIAN_POINT('',(5.53125338486,39.781557168331));
#2005 = CARTESIAN_POINT('',(5.564732935871,39.779627901522));
#2006 = CARTESIAN_POINT('',(5.598234065474,39.777702715613));
#2007 = CARTESIAN_POINT('',(5.631765980627,39.775783241996));
#2008 = CARTESIAN_POINT('',(5.66533801836,39.77387111687));
#2009 = CARTESIAN_POINT('',(5.698959954722,39.771967967571));
#2010 = CARTESIAN_POINT('',(5.732641342685,39.770075452083));
#2011 = CARTESIAN_POINT('',(5.766394221827,39.768195114654));
#2012 = CARTESIAN_POINT('',(5.800220658856,39.766329069903));
#2013 = CARTESIAN_POINT('',(5.834128430733,39.764479115089));
#2014 = CARTESIAN_POINT('',(5.868126674171,39.762647007694));
#2015 = CARTESIAN_POINT('',(5.902224761226,39.760834525612));
#2016 = CARTESIAN_POINT('',(5.936433610455,39.75904340487));
#2017 = CARTESIAN_POINT('',(5.970761992521,39.757275528542));
#2018 = CARTESIAN_POINT('',(6.00523038536,39.755532233389));
#2019 = CARTESIAN_POINT('',(6.039813964987,39.753817179816));
#2020 = CARTESIAN_POINT('',(6.074511523545,39.752132746422));
#2021 = CARTESIAN_POINT('',(6.109332726461,39.750480813287));
#2022 = CARTESIAN_POINT('',(6.144285455858,39.748863394171));
#2023 = CARTESIAN_POINT('',(6.179379346643,39.74728246664));
#2024 = CARTESIAN_POINT('',(6.214624910332,39.745740019349));
#2025 = CARTESIAN_POINT('',(6.250034063096,39.744238032795));
#2026 = CARTESIAN_POINT('',(6.285619390424,39.742778509013));
#2027 = CARTESIAN_POINT('',(6.32139699527,39.741363372045));
#2028 = CARTESIAN_POINT('',(6.35737620201,39.739994836369));
#2029 = CARTESIAN_POINT('',(6.393598171534,39.738674032717));
#2030 = CARTESIAN_POINT('',(6.429937320231,39.737408145586));
#2031 = CARTESIAN_POINT('',(6.466401563216,39.736199046729));
#2032 = CARTESIAN_POINT('',(6.503000523924,39.73504864786));
#2033 = CARTESIAN_POINT('',(6.539744708184,39.733958850819));
#2034 = CARTESIAN_POINT('',(6.5766460775,39.732931556977));
#2035 = CARTESIAN_POINT('',(6.6137173069,39.731968679458));
#2036 = CARTESIAN_POINT('',(6.650974833745,39.731072084841));
#2037 = CARTESIAN_POINT('',(6.68842797719,39.730243814134));
#2038 = CARTESIAN_POINT('',(6.726119892917,39.729485257172));
#2039 = CARTESIAN_POINT('',(6.763975013663,39.728800234053));
#2040 = CARTESIAN_POINT('',(6.80181652865,39.728193356359));
#2041 = CARTESIAN_POINT('',(6.839705566964,39.727664485057));
#2042 = CARTESIAN_POINT('',(6.877641823154,39.727214715688));
#2043 = CARTESIAN_POINT('',(6.91564199057,39.726844812992));
#2044 = CARTESIAN_POINT('',(6.953718895908,39.726555630346));
#2045 = CARTESIAN_POINT('',(6.991887272558,39.726347997375));
#2046 = CARTESIAN_POINT('',(7.030162241215,39.726222750071));
#2047 = CARTESIAN_POINT('',(7.055760932274,39.726194731833));
#2048 = CARTESIAN_POINT('',(7.068583470577,39.726194731833));
#2049 = ( GEOMETRIC_REPRESENTATION_CONTEXT(2) 
PARAMETRIC_REPRESENTATION_CONTEXT() REPRESENTATION_CONTEXT('2D SPACE',''
  ) );
#2050 = ORIENTED_EDGE('',*,*,#1761,.T.);
#2051 = ORIENTED_EDGE('',*,*,#2052,.F.);
#2052 = EDGE_CURVE('',#1897,#1739,#2053,.T.);
#2053 = SURFACE_CURVE('',#2054,(#2069,#2120),.PCURVE_S1.);
#2054 = B_SPLINE_CURVE_WITH_KNOTS('',3,(#2055,#2056,#2057,#2058,#2059,
    #2060,#2061,#2062,#2063,#2064,#2065,#2066,#2067,#2068),
  .UNSPECIFIED.,.F.,.F.,(4,2,2,2,2,2,4),(-1.632934808434E-04,0.,
    2.793589154566E-03,5.544869164497E-03,9.734847563887E-03,
    1.340136156697E-02,1.683910035364E-02),.UNSPECIFIED.);
#2055 = CARTESIAN_POINT('',(41.674090763727,2.15,1.));
#2056 = CARTESIAN_POINT('',(41.673818607925,2.150471387675,1.));
#2057 = CARTESIAN_POINT('',(41.673546474505,2.150942788265,
    0.999996666905));
#2058 = CARTESIAN_POINT('',(41.66861951655,2.159478400592,0.999875947071
    ));
#2059 = CARTESIAN_POINT('',(41.663977731126,2.167535307193,
    0.998786228438));
#2060 = CARTESIAN_POINT('',(41.654994658224,2.183155609546,
    0.994683268216));
#2061 = CARTESIAN_POINT('',(41.650653150846,2.190718939119,
    0.991700723134));
#2062 = CARTESIAN_POINT('',(41.640260177206,2.208853306598,
    0.981803465958));
#2063 = CARTESIAN_POINT('',(41.634537240994,2.218867295608,
    0.973680602831));
#2064 = CARTESIAN_POINT('',(41.625629807434,2.234478974179,
    0.954723442526));
#2065 = CARTESIAN_POINT('',(41.622285497437,2.240352301009,
    0.944492083248));
#2066 = CARTESIAN_POINT('',(41.617905258157,2.248049247589,
    0.922630294132));
#2067 = CARTESIAN_POINT('',(41.616796487889,2.25,0.911407546405));
#2068 = CARTESIAN_POINT('',(41.616796487889,2.25,0.9));
#2069 = PCURVE('',#1776,#2070);
#2070 = DEFINITIONAL_REPRESENTATION('',(#2071),#2119);
#2071 = B_SPLINE_CURVE_WITH_KNOTS('',3,(#2072,#2073,#2074,#2075,#2076,
    #2077,#2078,#2079,#2080,#2081,#2082,#2083,#2084,#2085,#2086,#2087,
    #2088,#2089,#2090,#2091,#2092,#2093,#2094,#2095,#2096,#2097,#2098,
    #2099,#2100,#2101,#2102,#2103,#2104,#2105,#2106,#2107,#2108,#2109,
    #2110,#2111,#2112,#2113,#2114,#2115,#2116,#2117,#2118),
  .UNSPECIFIED.,.F.,.F.,(4,1,1,1,1,1,1,1,1,1,1,1,1,1,1,1,1,1,1,1,1,1,1,1
    ,1,1,1,1,1,1,1,1,1,1,1,1,1,1,1,1,1,1,1,1,4),(-1.632934808434E-04,
    2.231245608493E-04,6.09542602542E-04,9.959606442347E-04,
    1.382378685927E-03,1.76879672762E-03,2.155214769313E-03,
    2.541632811006E-03,2.928050852698E-03,3.314468894391E-03,
    3.700886936084E-03,4.087304977777E-03,4.473723019469E-03,
    4.860141061162E-03,5.246559102855E-03,5.632977144547E-03,
    6.01939518624E-03,6.405813227933E-03,6.792231269626E-03,
    7.178649311318E-03,7.565067353011E-03,7.951485394704E-03,
    8.337903436396E-03,8.724321478089E-03,9.110739519782E-03,
    9.497157561475E-03,9.883575603167E-03,1.026999364486E-02,
    1.065641168655E-02,1.104282972825E-02,1.142924776994E-02,
    1.181566581163E-02,1.220208385332E-02,1.258850189502E-02,
    1.297491993671E-02,1.33613379784E-02,1.374775602009E-02,
    1.413417406179E-02,1.452059210348E-02,1.490701014517E-02,
    1.529342818687E-02,1.567984622856E-02,1.606626427025E-02,
    1.645268231194E-02,1.683910035364E-02),.UNSPECIFIED.);
#2072 = CARTESIAN_POINT('',(8.901179185172,1.570796326795));
#2073 = CARTESIAN_POINT('',(8.90102940984,1.559641314804));
#2074 = CARTESIAN_POINT('',(8.900730036545,1.537330093332));
#2075 = CARTESIAN_POINT('',(8.900281889534,1.503850630362));
#2076 = CARTESIAN_POINT('',(8.899835037639,1.470349584203));
#2077 = CARTESIAN_POINT('',(8.899389858279,1.436817701906));
#2078 = CARTESIAN_POINT('',(8.89894672768,1.403245632553));
#2079 = CARTESIAN_POINT('',(8.898506017659,1.369623615714));
#2080 = CARTESIAN_POINT('',(8.898068105076,1.335942136322));
#2081 = CARTESIAN_POINT('',(8.897633337446,1.302189238781));
#2082 = CARTESIAN_POINT('',(8.89720219549,1.268362876993));
#2083 = CARTESIAN_POINT('',(8.896775090105,1.234455179456));
#2084 = CARTESIAN_POINT('',(8.896352419616,1.200456971756));
#2085 = CARTESIAN_POINT('',(8.895934585114,1.166358865113));
#2086 = CARTESIAN_POINT('',(8.895521975863,1.13214995134));
#2087 = CARTESIAN_POINT('',(8.895115012755,1.097821495322));
#2088 = CARTESIAN_POINT('',(8.894713989529,1.063353065369));
#2089 = CARTESIAN_POINT('',(8.894319730131,1.028769592734));
#2090 = CARTESIAN_POINT('',(8.893932771058,0.994072191747));
#2091 = CARTESIAN_POINT('',(8.893553532158,0.959251134284));
#2092 = CARTESIAN_POINT('',(8.893182462195,0.924298498617));
#2093 = CARTESIAN_POINT('',(8.892819999896,0.889204631689));
#2094 = CARTESIAN_POINT('',(8.892466584965,0.853959021648));
#2095 = CARTESIAN_POINT('',(8.892122653796,0.818549766723));
#2096 = CARTESIAN_POINT('',(8.891788646453,0.782964306242));
#2097 = CARTESIAN_POINT('',(8.891464983904,0.747186571947));
#2098 = CARTESIAN_POINT('',(8.891152153041,0.711207269245));
#2099 = CARTESIAN_POINT('',(8.890850390325,0.674985300685));
#2100 = CARTESIAN_POINT('',(8.890561325878,0.638646127765));
#2101 = CARTESIAN_POINT('',(8.890285366716,0.60218185098));
#2102 = CARTESIAN_POINT('',(8.890022929062,0.565582861086));
#2103 = CARTESIAN_POINT('',(8.889774427158,0.528838661753));
#2104 = CARTESIAN_POINT('',(8.889540275613,0.491937295951));
#2105 = CARTESIAN_POINT('',(8.889320892421,0.454866087352));
#2106 = CARTESIAN_POINT('',(8.889116685808,0.417608592623));
#2107 = CARTESIAN_POINT('',(8.888928105135,0.380155479587));
#2108 = CARTESIAN_POINT('',(8.888755451771,0.342463585957));
#2109 = CARTESIAN_POINT('',(8.888599586088,0.304608436566));
#2110 = CARTESIAN_POINT('',(8.888461543336,0.266766859908));
#2111 = CARTESIAN_POINT('',(8.888341272337,0.22887778151));
#2112 = CARTESIAN_POINT('',(8.888239008012,0.190941518789));
#2113 = CARTESIAN_POINT('',(8.88815491255,0.152941376444));
#2114 = CARTESIAN_POINT('',(8.888089171676,0.114864512687));
#2115 = CARTESIAN_POINT('',(8.88804196912,7.669617563389E-02));
#2116 = CARTESIAN_POINT('',(8.888013493176,3.842122783205E-02));
#2117 = CARTESIAN_POINT('',(8.888007122207,1.282253991344E-02));
#2118 = CARTESIAN_POINT('',(8.888007121898,0.));
#2119 = ( GEOMETRIC_REPRESENTATION_CONTEXT(2) 
PARAMETRIC_REPRESENTATION_CONTEXT() REPRESENTATION_CONTEXT('2D SPACE',''
  ) );
#2120 = PCURVE('',#2121,#2126);
#2121 = CYLINDRICAL_SURFACE('',#2122,0.1);
#2122 = AXIS2_PLACEMENT_3D('',#2123,#2124,#2125);
#2123 = CARTESIAN_POINT('',(20.808398243944,2.15,0.9));
#2124 = DIRECTION('',(-1.,-6.335854525113E-17,0.));
#2125 = DIRECTION('',(-4.480125699319E-17,0.707106781187,0.707106781187)
  );
#2126 = DEFINITIONAL_REPRESENTATION('',(#2127),#2175);
#2127 = B_SPLINE_CURVE_WITH_KNOTS('',3,(#2128,#2129,#2130,#2131,#2132,
    #2133,#2134,#2135,#2136,#2137,#2138,#2139,#2140,#2141,#2142,#2143,
    #2144,#2145,#2146,#2147,#2148,#2149,#2150,#2151,#2152,#2153,#2154,
    #2155,#2156,#2157,#2158,#2159,#2160,#2161,#2162,#2163,#2164,#2165,
    #2166,#2167,#2168,#2169,#2170,#2171,#2172,#2173,#2174),
  .UNSPECIFIED.,.F.,.F.,(4,1,1,1,1,1,1,1,1,1,1,1,1,1,1,1,1,1,1,1,1,1,1,1
    ,1,1,1,1,1,1,1,1,1,1,1,1,1,1,1,1,1,1,1,1,4),(-1.632934808434E-04,
    2.231245608493E-04,6.09542602542E-04,9.959606442347E-04,
    1.382378685927E-03,1.76879672762E-03,2.155214769313E-03,
    2.541632811006E-03,2.928050852698E-03,3.314468894391E-03,
    3.700886936084E-03,4.087304977777E-03,4.473723019469E-03,
    4.860141061162E-03,5.246559102855E-03,5.632977144547E-03,
    6.01939518624E-03,6.405813227933E-03,6.792231269626E-03,
    7.178649311318E-03,7.565067353011E-03,7.951485394704E-03,
    8.337903436396E-03,8.724321478089E-03,9.110739519782E-03,
    9.497157561475E-03,9.883575603167E-03,1.026999364486E-02,
    1.065641168655E-02,1.104282972825E-02,1.142924776994E-02,
    1.181566581163E-02,1.220208385332E-02,1.258850189502E-02,
    1.297491993671E-02,1.33613379784E-02,1.374775602009E-02,
    1.413417406179E-02,1.452059210348E-02,1.490701014517E-02,
    1.529342818687E-02,1.567984622856E-02,1.606626427025E-02,
    1.645268231194E-02,1.683910035364E-02),.UNSPECIFIED.);
#2128 = CARTESIAN_POINT('',(5.497787143779,-20.86569251978));
#2129 = CARTESIAN_POINT('',(5.508942144976,-20.8650484844));
#2130 = CARTESIAN_POINT('',(5.531253384861,-20.86376068044));
#2131 = CARTESIAN_POINT('',(5.564732935871,-20.86183141363));
#2132 = CARTESIAN_POINT('',(5.598234065474,-20.85990622772));
#2133 = CARTESIAN_POINT('',(5.631765980628,-20.8579867541));
#2134 = CARTESIAN_POINT('',(5.665338018361,-20.85607462898));
#2135 = CARTESIAN_POINT('',(5.698959954723,-20.85417147968));
#2136 = CARTESIAN_POINT('',(5.732641342686,-20.85227896419));
#2137 = CARTESIAN_POINT('',(5.766394221828,-20.85039862676));
#2138 = CARTESIAN_POINT('',(5.800220658856,-20.84853258201));
#2139 = CARTESIAN_POINT('',(5.834128430733,-20.8466826272));
#2140 = CARTESIAN_POINT('',(5.868126674171,-20.8448505198));
#2141 = CARTESIAN_POINT('',(5.902224761226,-20.84303803772));
#2142 = CARTESIAN_POINT('',(5.936433610456,-20.84124691698));
#2143 = CARTESIAN_POINT('',(5.970761992522,-20.83947904065));
#2144 = CARTESIAN_POINT('',(6.00523038536,-20.8377357455));
#2145 = CARTESIAN_POINT('',(6.039813964988,-20.83602069192));
#2146 = CARTESIAN_POINT('',(6.074511523545,-20.83433625853));
#2147 = CARTESIAN_POINT('',(6.109332726462,-20.83268432539));
#2148 = CARTESIAN_POINT('',(6.144285455859,-20.83106690628));
#2149 = CARTESIAN_POINT('',(6.179379346644,-20.82948597875));
#2150 = CARTESIAN_POINT('',(6.214624910332,-20.82794353146));
#2151 = CARTESIAN_POINT('',(6.250034063097,-20.8264415449));
#2152 = CARTESIAN_POINT('',(6.285619390424,-20.82498202112));
#2153 = CARTESIAN_POINT('',(6.32139699527,-20.82356688415));
#2154 = CARTESIAN_POINT('',(6.35737620201,-20.82219834848));
#2155 = CARTESIAN_POINT('',(6.393598171535,-20.82087754482));
#2156 = CARTESIAN_POINT('',(6.429937320232,-20.81961165769));
#2157 = CARTESIAN_POINT('',(6.466401563216,-20.81840255884));
#2158 = CARTESIAN_POINT('',(6.503000523924,-20.81725215997));
#2159 = CARTESIAN_POINT('',(6.539744708185,-20.81616236293));
#2160 = CARTESIAN_POINT('',(6.576646077501,-20.81513506908));
#2161 = CARTESIAN_POINT('',(6.613717306901,-20.81417219157));
#2162 = CARTESIAN_POINT('',(6.650974833746,-20.81327559695));
#2163 = CARTESIAN_POINT('',(6.68842797719,-20.81244732624));
#2164 = CARTESIAN_POINT('',(6.726119892918,-20.81168876928));
#2165 = CARTESIAN_POINT('',(6.763975013664,-20.81100374616));
#2166 = CARTESIAN_POINT('',(6.801816528651,-20.81039686847));
#2167 = CARTESIAN_POINT('',(6.839705566965,-20.80986799716));
#2168 = CARTESIAN_POINT('',(6.877641823155,-20.8094182278));
#2169 = CARTESIAN_POINT('',(6.915641990571,-20.8090483251));
#2170 = CARTESIAN_POINT('',(6.953718895909,-20.80875914245));
#2171 = CARTESIAN_POINT('',(6.991887272559,-20.80855150948));
#2172 = CARTESIAN_POINT('',(7.030162241216,-20.80842626218));
#2173 = CARTESIAN_POINT('',(7.055760932274,-20.80839824394));
#2174 = CARTESIAN_POINT('',(7.068583470577,-20.80839824394));
#2175 = ( GEOMETRIC_REPRESENTATION_CONTEXT(2) 
PARAMETRIC_REPRESENTATION_CONTEXT() REPRESENTATION_CONTEXT('2D SPACE',''
  ) );
#2176 = ADVANCED_FACE('',(#2177),#1721,.T.);
#2177 = FACE_BOUND('',#2178,.T.);
#2178 = EDGE_LOOP('',(#2179,#2202,#2322,#2323));
#2179 = ORIENTED_EDGE('',*,*,#2180,.T.);
#2180 = EDGE_CURVE('',#1899,#2181,#2183,.T.);
#2181 = VERTEX_POINT('',#2182);
#2182 = CARTESIAN_POINT('',(3.723909236273,-2.15,1.));
#2183 = SURFACE_CURVE('',#2184,(#2188,#2195),.PCURVE_S1.);
#2184 = LINE('',#2185,#2186);
#2185 = CARTESIAN_POINT('',(1.890601756056,-2.15,1.));
#2186 = VECTOR('',#2187,1.);
#2187 = DIRECTION('',(-1.,-7.336252608025E-17,0.));
#2188 = PCURVE('',#1721,#2189);
#2189 = DEFINITIONAL_REPRESENTATION('',(#2190),#2194);
#2190 = LINE('',#2191,#2192);
#2191 = CARTESIAN_POINT('',(5.497787143782,0.));
#2192 = VECTOR('',#2193,1.);
#2193 = DIRECTION('',(1.17018994897E-16,-1.));
#2194 = ( GEOMETRIC_REPRESENTATION_CONTEXT(2) 
PARAMETRIC_REPRESENTATION_CONTEXT() REPRESENTATION_CONTEXT('2D SPACE',''
  ) );
#2195 = PCURVE('',#1915,#2196);
#2196 = DEFINITIONAL_REPRESENTATION('',(#2197),#2201);
#2197 = LINE('',#2198,#2199);
#2198 = CARTESIAN_POINT('',(1.890601756056,-2.15));
#2199 = VECTOR('',#2200,1.);
#2200 = DIRECTION('',(-1.,-7.336252608025E-17));
#2201 = ( GEOMETRIC_REPRESENTATION_CONTEXT(2) 
PARAMETRIC_REPRESENTATION_CONTEXT() REPRESENTATION_CONTEXT('2D SPACE',''
  ) );
#2202 = ORIENTED_EDGE('',*,*,#2203,.T.);
#2203 = EDGE_CURVE('',#2181,#1630,#2204,.T.);
#2204 = SURFACE_CURVE('',#2205,(#2220,#2271),.PCURVE_S1.);
#2205 = B_SPLINE_CURVE_WITH_KNOTS('',3,(#2206,#2207,#2208,#2209,#2210,
    #2211,#2212,#2213,#2214,#2215,#2216,#2217,#2218,#2219),
  .UNSPECIFIED.,.F.,.F.,(4,2,2,2,2,2,4),(-1.632934808486E-04,0.,
    2.793589154572E-03,5.54486916451E-03,9.734847563911E-03,
    1.3401361567E-02,1.683910035368E-02),.UNSPECIFIED.);
#2206 = CARTESIAN_POINT('',(3.723909236273,-2.15,1.));
#2207 = CARTESIAN_POINT('',(3.724181392074,-2.150471387676,1.));
#2208 = CARTESIAN_POINT('',(3.724453525495,-2.150942788265,
    0.999996666905));
#2209 = CARTESIAN_POINT('',(3.72938048345,-2.159478400592,0.999875947071
    ));
#2210 = CARTESIAN_POINT('',(3.734022268874,-2.167535307192,
    0.998786228438));
#2211 = CARTESIAN_POINT('',(3.743005341776,-2.183155609546,
    0.994683268216));
#2212 = CARTESIAN_POINT('',(3.747346849154,-2.190718939119,
    0.991700723134));
#2213 = CARTESIAN_POINT('',(3.757739822794,-2.208853306598,
    0.981803465958));
#2214 = CARTESIAN_POINT('',(3.763462759006,-2.218867295608,
    0.973680602831));
#2215 = CARTESIAN_POINT('',(3.772370192566,-2.234478974179,
    0.954723442526));
#2216 = CARTESIAN_POINT('',(3.775714502563,-2.240352301009,
    0.944492083248));
#2217 = CARTESIAN_POINT('',(3.780094741843,-2.248049247589,
    0.922630294132));
#2218 = CARTESIAN_POINT('',(3.781203512111,-2.25,0.911407546405));
#2219 = CARTESIAN_POINT('',(3.781203512111,-2.25,0.9));
#2220 = PCURVE('',#1721,#2221);
#2221 = DEFINITIONAL_REPRESENTATION('',(#2222),#2270);
#2222 = B_SPLINE_CURVE_WITH_KNOTS('',3,(#2223,#2224,#2225,#2226,#2227,
    #2228,#2229,#2230,#2231,#2232,#2233,#2234,#2235,#2236,#2237,#2238,
    #2239,#2240,#2241,#2242,#2243,#2244,#2245,#2246,#2247,#2248,#2249,
    #2250,#2251,#2252,#2253,#2254,#2255,#2256,#2257,#2258,#2259,#2260,
    #2261,#2262,#2263,#2264,#2265,#2266,#2267,#2268,#2269),
  .UNSPECIFIED.,.F.,.F.,(4,1,1,1,1,1,1,1,1,1,1,1,1,1,1,1,1,1,1,1,1,1,1,1
    ,1,1,1,1,1,1,1,1,1,1,1,1,1,1,1,1,1,1,1,1,4),(-1.632934808486E-04,
    2.231245608453E-04,6.095426025393E-04,9.959606442332E-04,
    1.382378685927E-03,1.768796727621E-03,2.155214769315E-03,
    2.541632811009E-03,2.928050852703E-03,3.314468894397E-03,
    3.700886936091E-03,4.087304977785E-03,4.473723019479E-03,
    4.860141061173E-03,5.246559102866E-03,5.63297714456E-03,
    6.019395186254E-03,6.405813227948E-03,6.792231269642E-03,
    7.178649311336E-03,7.56506735303E-03,7.951485394724E-03,
    8.337903436418E-03,8.724321478112E-03,9.110739519806E-03,
    9.4971575615E-03,9.883575603194E-03,1.026999364489E-02,
    1.065641168658E-02,1.104282972828E-02,1.142924776997E-02,
    1.181566581166E-02,1.220208385336E-02,1.258850189505E-02,
    1.297491993675E-02,1.336133797844E-02,1.374775602013E-02,
    1.413417406183E-02,1.452059210352E-02,1.490701014521E-02,
    1.529342818691E-02,1.56798462286E-02,1.60662642703E-02,
    1.645268231199E-02,1.683910035368E-02),.UNSPECIFIED.);
#2223 = CARTESIAN_POINT('',(5.497787143785,1.833307480218));
#2224 = CARTESIAN_POINT('',(5.508942144978,1.833951515591));
#2225 = CARTESIAN_POINT('',(5.531253384859,1.835239319557));
#2226 = CARTESIAN_POINT('',(5.564732935871,1.837168586367));
#2227 = CARTESIAN_POINT('',(5.598234065474,1.839093772276));
#2228 = CARTESIAN_POINT('',(5.631765980627,1.841013245893));
#2229 = CARTESIAN_POINT('',(5.66533801836,1.842925371019));
#2230 = CARTESIAN_POINT('',(5.698959954722,1.844828520318));
#2231 = CARTESIAN_POINT('',(5.732641342685,1.846721035806));
#2232 = CARTESIAN_POINT('',(5.766394221827,1.848601373234));
#2233 = CARTESIAN_POINT('',(5.800220658856,1.850467417986));
#2234 = CARTESIAN_POINT('',(5.834128430733,1.8523173728));
#2235 = CARTESIAN_POINT('',(5.868126674171,1.854149480195));
#2236 = CARTESIAN_POINT('',(5.902224761226,1.855961962277));
#2237 = CARTESIAN_POINT('',(5.936433610455,1.857753083019));
#2238 = CARTESIAN_POINT('',(5.970761992521,1.859520959347));
#2239 = CARTESIAN_POINT('',(6.00523038536,1.8612642545));
#2240 = CARTESIAN_POINT('',(6.039813964988,1.862979308073));
#2241 = CARTESIAN_POINT('',(6.074511523545,1.864663741467));
#2242 = CARTESIAN_POINT('',(6.109332726461,1.866315674602));
#2243 = CARTESIAN_POINT('',(6.144285455859,1.867933093718));
#2244 = CARTESIAN_POINT('',(6.179379346644,1.869514021249));
#2245 = CARTESIAN_POINT('',(6.214624910332,1.87105646854));
#2246 = CARTESIAN_POINT('',(6.250034063097,1.872558455094));
#2247 = CARTESIAN_POINT('',(6.285619390424,1.874017978876));
#2248 = CARTESIAN_POINT('',(6.32139699527,1.875433115844));
#2249 = CARTESIAN_POINT('',(6.35737620201,1.87680165152));
#2250 = CARTESIAN_POINT('',(6.393598171535,1.878122455172));
#2251 = CARTESIAN_POINT('',(6.429937320232,1.879388342303));
#2252 = CARTESIAN_POINT('',(6.466401563216,1.88059744116));
#2253 = CARTESIAN_POINT('',(6.503000523924,1.881747840029));
#2254 = CARTESIAN_POINT('',(6.539744708184,1.88283763707));
#2255 = CARTESIAN_POINT('',(6.576646077501,1.883864930912));
#2256 = CARTESIAN_POINT('',(6.613717306901,1.884827808431));
#2257 = CARTESIAN_POINT('',(6.650974833745,1.885724403048));
#2258 = CARTESIAN_POINT('',(6.68842797719,1.886552673755));
#2259 = CARTESIAN_POINT('',(6.726119892918,1.887311230717));
#2260 = CARTESIAN_POINT('',(6.763975013664,1.887996253836));
#2261 = CARTESIAN_POINT('',(6.801816528651,1.88860313153));
#2262 = CARTESIAN_POINT('',(6.839705566964,1.889132002832));
#2263 = CARTESIAN_POINT('',(6.877641823154,1.889581772201));
#2264 = CARTESIAN_POINT('',(6.915641990571,1.889951674897));
#2265 = CARTESIAN_POINT('',(6.953718895908,1.890240857543));
#2266 = CARTESIAN_POINT('',(6.991887272558,1.890448490514));
#2267 = CARTESIAN_POINT('',(7.030162241215,1.890573737818));
#2268 = CARTESIAN_POINT('',(7.055760932274,1.890601756056));
#2269 = CARTESIAN_POINT('',(7.068583470577,1.890601756056));
#2270 = ( GEOMETRIC_REPRESENTATION_CONTEXT(2) 
PARAMETRIC_REPRESENTATION_CONTEXT() REPRESENTATION_CONTEXT('2D SPACE',''
  ) );
#2271 = PCURVE('',#1667,#2272);
#2272 = DEFINITIONAL_REPRESENTATION('',(#2273),#2321);
#2273 = B_SPLINE_CURVE_WITH_KNOTS('',3,(#2274,#2275,#2276,#2277,#2278,
    #2279,#2280,#2281,#2282,#2283,#2284,#2285,#2286,#2287,#2288,#2289,
    #2290,#2291,#2292,#2293,#2294,#2295,#2296,#2297,#2298,#2299,#2300,
    #2301,#2302,#2303,#2304,#2305,#2306,#2307,#2308,#2309,#2310,#2311,
    #2312,#2313,#2314,#2315,#2316,#2317,#2318,#2319,#2320),
  .UNSPECIFIED.,.F.,.F.,(4,1,1,1,1,1,1,1,1,1,1,1,1,1,1,1,1,1,1,1,1,1,1,1
    ,1,1,1,1,1,1,1,1,1,1,1,1,1,1,1,1,1,1,1,1,4),(-1.632934808486E-04,
    2.231245608453E-04,6.095426025393E-04,9.959606442332E-04,
    1.382378685927E-03,1.768796727621E-03,2.155214769315E-03,
    2.541632811009E-03,2.928050852703E-03,3.314468894397E-03,
    3.700886936091E-03,4.087304977785E-03,4.473723019479E-03,
    4.860141061173E-03,5.246559102866E-03,5.63297714456E-03,
    6.019395186254E-03,6.405813227948E-03,6.792231269642E-03,
    7.178649311336E-03,7.56506735303E-03,7.951485394724E-03,
    8.337903436418E-03,8.724321478112E-03,9.110739519806E-03,
    9.4971575615E-03,9.883575603194E-03,1.026999364489E-02,
    1.065641168658E-02,1.104282972828E-02,1.142924776997E-02,
    1.181566581166E-02,1.220208385336E-02,1.258850189505E-02,
    1.297491993675E-02,1.336133797844E-02,1.374775602013E-02,
    1.413417406183E-02,1.452059210352E-02,1.490701014521E-02,
    1.529342818691E-02,1.56798462286E-02,1.60662642703E-02,
    1.645268231199E-02,1.683910035368E-02),.UNSPECIFIED.);
#2274 = CARTESIAN_POINT('',(5.759586531581,1.570796326795));
#2275 = CARTESIAN_POINT('',(5.75943675625,1.559641314804));
#2276 = CARTESIAN_POINT('',(5.759137382955,1.537330093333));
#2277 = CARTESIAN_POINT('',(5.758689235944,1.503850630363));
#2278 = CARTESIAN_POINT('',(5.758242384049,1.470349584203));
#2279 = CARTESIAN_POINT('',(5.757797204689,1.436817701906));
#2280 = CARTESIAN_POINT('',(5.75735407409,1.403245632553));
#2281 = CARTESIAN_POINT('',(5.756913364069,1.369623615714));
#2282 = CARTESIAN_POINT('',(5.756475451486,1.335942136322));
#2283 = CARTESIAN_POINT('',(5.756040683855,1.302189238781));
#2284 = CARTESIAN_POINT('',(5.7556095419,1.268362876993));
#2285 = CARTESIAN_POINT('',(5.755182436515,1.234455179457));
#2286 = CARTESIAN_POINT('',(5.754759766026,1.200456971756));
#2287 = CARTESIAN_POINT('',(5.754341931524,1.166358865113));
#2288 = CARTESIAN_POINT('',(5.753929322273,1.132149951341));
#2289 = CARTESIAN_POINT('',(5.753522359165,1.097821495322));
#2290 = CARTESIAN_POINT('',(5.753121335939,1.063353065369));
#2291 = CARTESIAN_POINT('',(5.752727076541,1.028769592734));
#2292 = CARTESIAN_POINT('',(5.752340117468,0.994072191747));
#2293 = CARTESIAN_POINT('',(5.751960878568,0.959251134284));
#2294 = CARTESIAN_POINT('',(5.751589808604,0.924298498618));
#2295 = CARTESIAN_POINT('',(5.751227346305,0.88920463169));
#2296 = CARTESIAN_POINT('',(5.750873931375,0.853959021648));
#2297 = CARTESIAN_POINT('',(5.750530000206,0.818549766723));
#2298 = CARTESIAN_POINT('',(5.750195992863,0.782964306242));
#2299 = CARTESIAN_POINT('',(5.749872330314,0.747186571947));
#2300 = CARTESIAN_POINT('',(5.74955949945,0.711207269245));
#2301 = CARTESIAN_POINT('',(5.749257736735,0.674985300685));
#2302 = CARTESIAN_POINT('',(5.748968672288,0.638646127765));
#2303 = CARTESIAN_POINT('',(5.748692713126,0.60218185098));
#2304 = CARTESIAN_POINT('',(5.748430275472,0.565582861086));
#2305 = CARTESIAN_POINT('',(5.748181773568,0.528838661753));
#2306 = CARTESIAN_POINT('',(5.747947622022,0.49193729595));
#2307 = CARTESIAN_POINT('',(5.747728238831,0.454866087352));
#2308 = CARTESIAN_POINT('',(5.747524032218,0.417608592622));
#2309 = CARTESIAN_POINT('',(5.747335451545,0.380155479587));
#2310 = CARTESIAN_POINT('',(5.747162798181,0.342463585957));
#2311 = CARTESIAN_POINT('',(5.747006932498,0.304608436566));
#2312 = CARTESIAN_POINT('',(5.746868889746,0.266766859908));
#2313 = CARTESIAN_POINT('',(5.746748618747,0.22887778151));
#2314 = CARTESIAN_POINT('',(5.746646354422,0.190941518789));
#2315 = CARTESIAN_POINT('',(5.74656225896,0.152941376443));
#2316 = CARTESIAN_POINT('',(5.746496518086,0.114864512687));
#2317 = CARTESIAN_POINT('',(5.74644931553,7.669617563386E-02));
#2318 = CARTESIAN_POINT('',(5.746420839586,3.842122783203E-02));
#2319 = CARTESIAN_POINT('',(5.746414468616,1.282253991343E-02));
#2320 = CARTESIAN_POINT('',(5.746414468308,0.));
#2321 = ( GEOMETRIC_REPRESENTATION_CONTEXT(2) 
PARAMETRIC_REPRESENTATION_CONTEXT() REPRESENTATION_CONTEXT('2D SPACE',''
  ) );
#2322 = ORIENTED_EDGE('',*,*,#1707,.T.);
#2323 = ORIENTED_EDGE('',*,*,#1931,.F.);
#2324 = ADVANCED_FACE('',(#2325),#1667,.T.);
#2325 = FACE_BOUND('',#2326,.T.);
#2326 = EDGE_LOOP('',(#2327,#2355,#2475,#2476));
#2327 = ORIENTED_EDGE('',*,*,#2328,.T.);
#2328 = EDGE_CURVE('',#2181,#2329,#2331,.T.);
#2329 = VERTEX_POINT('',#2330);
#2330 = CARTESIAN_POINT('',(-3.723909236273,-2.15,1.));
#2331 = SURFACE_CURVE('',#2332,(#2337,#2344),.PCURVE_S1.);
#2332 = CIRCLE('',#2333,4.3);
#2333 = AXIS2_PLACEMENT_3D('',#2334,#2335,#2336);
#2334 = CARTESIAN_POINT('',(0.,0.,1.));
#2335 = DIRECTION('',(0.,0.,-1.));
#2336 = DIRECTION('',(6.123233995737E-17,-1.,0.));
#2337 = PCURVE('',#1667,#2338);
#2338 = DEFINITIONAL_REPRESENTATION('',(#2339),#2343);
#2339 = LINE('',#2340,#2341);
#2340 = CARTESIAN_POINT('',(10.995574287564,1.570796326795));
#2341 = VECTOR('',#2342,1.);
#2342 = DIRECTION('',(-1.,-8.481479150569E-16));
#2343 = ( GEOMETRIC_REPRESENTATION_CONTEXT(2) 
PARAMETRIC_REPRESENTATION_CONTEXT() REPRESENTATION_CONTEXT('2D SPACE',''
  ) );
#2344 = PCURVE('',#1915,#2345);
#2345 = DEFINITIONAL_REPRESENTATION('',(#2346),#2354);
#2346 = ( BOUNDED_CURVE() B_SPLINE_CURVE(2,(#2347,#2348,#2349,#2350,
#2351,#2352,#2353),.UNSPECIFIED.,.T.,.F.) B_SPLINE_CURVE_WITH_KNOTS((1,2
    ,2,2,2,1),(-2.094395102393,0.,2.094395102393,4.188790204786,
6.28318530718,8.377580409573),.UNSPECIFIED.) CURVE() 
GEOMETRIC_REPRESENTATION_ITEM() RATIONAL_B_SPLINE_CURVE((1.,0.5,1.,0.5,
1.,0.5,1.)) REPRESENTATION_ITEM('') );
#2347 = CARTESIAN_POINT('',(2.632990618167E-16,-4.3));
#2348 = CARTESIAN_POINT('',(-7.447818472546,-4.3));
#2349 = CARTESIAN_POINT('',(-3.723909236273,2.15));
#2350 = CARTESIAN_POINT('',(-1.5797943709E-15,8.6));
#2351 = CARTESIAN_POINT('',(3.723909236273,2.15));
#2352 = CARTESIAN_POINT('',(7.447818472546,-4.3));
#2353 = CARTESIAN_POINT('',(2.632990618167E-16,-4.3));
#2354 = ( GEOMETRIC_REPRESENTATION_CONTEXT(2) 
PARAMETRIC_REPRESENTATION_CONTEXT() REPRESENTATION_CONTEXT('2D SPACE',''
  ) );
#2355 = ORIENTED_EDGE('',*,*,#2356,.T.);
#2356 = EDGE_CURVE('',#2329,#1554,#2357,.T.);
#2357 = SURFACE_CURVE('',#2358,(#2373,#2424),.PCURVE_S1.);
#2358 = B_SPLINE_CURVE_WITH_KNOTS('',3,(#2359,#2360,#2361,#2362,#2363,
    #2364,#2365,#2366,#2367,#2368,#2369,#2370,#2371,#2372),
  .UNSPECIFIED.,.F.,.F.,(4,2,2,2,2,2,4),(-3.384149418821E-02,
    -3.367820070739E-02,-3.088461155281E-02,-2.813333154287E-02,
    -2.394335314347E-02,-2.027683914037E-02,-1.683910035369E-02),
  .UNSPECIFIED.);
#2359 = CARTESIAN_POINT('',(-3.723909236273,-2.15,1.));
#2360 = CARTESIAN_POINT('',(-3.724181392075,-2.150471387676,1.));
#2361 = CARTESIAN_POINT('',(-3.724453525495,-2.150942788265,
    0.999996666905));
#2362 = CARTESIAN_POINT('',(-3.72938048345,-2.159478400592,
    0.999875947071));
#2363 = CARTESIAN_POINT('',(-3.734022268874,-2.167535307192,
    0.998786228438));
#2364 = CARTESIAN_POINT('',(-3.743005341776,-2.183155609546,
    0.994683268216));
#2365 = CARTESIAN_POINT('',(-3.747346849154,-2.190718939119,
    0.991700723134));
#2366 = CARTESIAN_POINT('',(-3.757739822794,-2.208853306598,
    0.981803465958));
#2367 = CARTESIAN_POINT('',(-3.763462759006,-2.218867295608,
    0.973680602831));
#2368 = CARTESIAN_POINT('',(-3.772370192566,-2.234478974179,
    0.954723442526));
#2369 = CARTESIAN_POINT('',(-3.775714502563,-2.240352301009,
    0.944492083248));
#2370 = CARTESIAN_POINT('',(-3.780094741843,-2.248049247589,
    0.922630294132));
#2371 = CARTESIAN_POINT('',(-3.781203512111,-2.25,0.911407546405));
#2372 = CARTESIAN_POINT('',(-3.781203512111,-2.25,0.9));
#2373 = PCURVE('',#1667,#2374);
#2374 = DEFINITIONAL_REPRESENTATION('',(#2375),#2423);
#2375 = B_SPLINE_CURVE_WITH_KNOTS('',3,(#2376,#2377,#2378,#2379,#2380,
    #2381,#2382,#2383,#2384,#2385,#2386,#2387,#2388,#2389,#2390,#2391,
    #2392,#2393,#2394,#2395,#2396,#2397,#2398,#2399,#2400,#2401,#2402,
    #2403,#2404,#2405,#2406,#2407,#2408,#2409,#2410,#2411,#2412,#2413,
    #2414,#2415,#2416,#2417,#2418,#2419,#2420,#2421,#2422),
  .UNSPECIFIED.,.F.,.F.,(4,1,1,1,1,1,1,1,1,1,1,1,1,1,1,1,1,1,1,1,1,1,1,1
    ,1,1,1,1,1,1,1,1,1,1,1,1,1,1,1,1,1,1,1,1,4),(-3.384149418821E-02,
    -3.345507614652E-02,-3.306865810482E-02,-3.268224006313E-02,
    -3.229582202144E-02,-3.190940397974E-02,-3.152298593805E-02,
    -3.113656789636E-02,-3.075014985466E-02,-3.036373181297E-02,
    -2.997731377127E-02,-2.959089572958E-02,-2.920447768789E-02,
    -2.881805964619E-02,-2.84316416045E-02,-2.804522356281E-02,
    -2.765880552111E-02,-2.727238747942E-02,-2.688596943773E-02,
    -2.649955139603E-02,-2.611313335434E-02,-2.572671531264E-02,
    -2.534029727095E-02,-2.495387922926E-02,-2.456746118756E-02,
    -2.418104314587E-02,-2.379462510418E-02,-2.340820706248E-02,
    -2.302178902079E-02,-2.26353709791E-02,-2.22489529374E-02,
    -2.186253489571E-02,-2.147611685401E-02,-2.108969881232E-02,
    -2.070328077063E-02,-2.031686272893E-02,-1.993044468724E-02,
    -1.954402664555E-02,-1.915760860385E-02,-1.877119056216E-02,
    -1.838477252047E-02,-1.799835447877E-02,-1.761193643708E-02,
    -1.722551839538E-02,-1.683910035369E-02),.UNSPECIFIED.);
#2376 = CARTESIAN_POINT('',(3.665191429188,1.570796326793));
#2377 = CARTESIAN_POINT('',(3.66534120452,1.559641314802));
#2378 = CARTESIAN_POINT('',(3.665640577814,1.537330093331));
#2379 = CARTESIAN_POINT('',(3.666088724826,1.503850630361));
#2380 = CARTESIAN_POINT('',(3.666535576721,1.470349584201));
#2381 = CARTESIAN_POINT('',(3.66698075608,1.436817701904));
#2382 = CARTESIAN_POINT('',(3.667423886679,1.403245632551));
#2383 = CARTESIAN_POINT('',(3.667864596701,1.369623615712));
#2384 = CARTESIAN_POINT('',(3.668302509283,1.33594213632));
#2385 = CARTESIAN_POINT('',(3.668737276914,1.302189238779));
#2386 = CARTESIAN_POINT('',(3.669168418869,1.268362876991));
#2387 = CARTESIAN_POINT('',(3.669595524255,1.234455179455));
#2388 = CARTESIAN_POINT('',(3.670018194744,1.200456971754));
#2389 = CARTESIAN_POINT('',(3.670436029246,1.166358865112));
#2390 = CARTESIAN_POINT('',(3.670848638496,1.132149951339));
#2391 = CARTESIAN_POINT('',(3.671255601605,1.09782149532));
#2392 = CARTESIAN_POINT('',(3.671656624831,1.063353065368));
#2393 = CARTESIAN_POINT('',(3.672050884228,1.028769592733));
#2394 = CARTESIAN_POINT('',(3.672437843301,0.994072191746));
#2395 = CARTESIAN_POINT('',(3.672817082201,0.959251134283));
#2396 = CARTESIAN_POINT('',(3.673188152165,0.924298498616));
#2397 = CARTESIAN_POINT('',(3.673550614464,0.889204631688));
#2398 = CARTESIAN_POINT('',(3.673904029394,0.853959021647));
#2399 = CARTESIAN_POINT('',(3.674247960564,0.818549766722));
#2400 = CARTESIAN_POINT('',(3.674581967907,0.782964306241));
#2401 = CARTESIAN_POINT('',(3.674905630455,0.747186571946));
#2402 = CARTESIAN_POINT('',(3.675218461319,0.711207269244));
#2403 = CARTESIAN_POINT('',(3.675520224034,0.674985300684));
#2404 = CARTESIAN_POINT('',(3.675809288482,0.638646127764));
#2405 = CARTESIAN_POINT('',(3.676085247644,0.60218185098));
#2406 = CARTESIAN_POINT('',(3.676347685297,0.565582861085));
#2407 = CARTESIAN_POINT('',(3.676596187202,0.528838661752));
#2408 = CARTESIAN_POINT('',(3.676830338747,0.49193729595));
#2409 = CARTESIAN_POINT('',(3.677049721939,0.454866087351));
#2410 = CARTESIAN_POINT('',(3.677253928552,0.417608592622));
#2411 = CARTESIAN_POINT('',(3.677442509224,0.380155479587));
#2412 = CARTESIAN_POINT('',(3.677615162588,0.342463585957));
#2413 = CARTESIAN_POINT('',(3.677771028272,0.304608436566));
#2414 = CARTESIAN_POINT('',(3.677909071024,0.266766859908));
#2415 = CARTESIAN_POINT('',(3.678029342022,0.22887778151));
#2416 = CARTESIAN_POINT('',(3.678131606348,0.190941518789));
#2417 = CARTESIAN_POINT('',(3.678215701809,0.152941376443));
#2418 = CARTESIAN_POINT('',(3.678281442683,0.114864512687));
#2419 = CARTESIAN_POINT('',(3.678328645239,7.66961756338E-02));
#2420 = CARTESIAN_POINT('',(3.678357121184,3.8421227832E-02));
#2421 = CARTESIAN_POINT('',(3.678363492153,1.282253991342E-02));
#2422 = CARTESIAN_POINT('',(3.678363492461,0.));
#2423 = ( GEOMETRIC_REPRESENTATION_CONTEXT(2) 
PARAMETRIC_REPRESENTATION_CONTEXT() REPRESENTATION_CONTEXT('2D SPACE',''
  ) );
#2424 = PCURVE('',#1592,#2425);
#2425 = DEFINITIONAL_REPRESENTATION('',(#2426),#2474);
#2426 = B_SPLINE_CURVE_WITH_KNOTS('',3,(#2427,#2428,#2429,#2430,#2431,
    #2432,#2433,#2434,#2435,#2436,#2437,#2438,#2439,#2440,#2441,#2442,
    #2443,#2444,#2445,#2446,#2447,#2448,#2449,#2450,#2451,#2452,#2453,
    #2454,#2455,#2456,#2457,#2458,#2459,#2460,#2461,#2462,#2463,#2464,
    #2465,#2466,#2467,#2468,#2469,#2470,#2471,#2472,#2473),
  .UNSPECIFIED.,.F.,.F.,(4,1,1,1,1,1,1,1,1,1,1,1,1,1,1,1,1,1,1,1,1,1,1,1
    ,1,1,1,1,1,1,1,1,1,1,1,1,1,1,1,1,1,1,1,1,4),(-3.384149418821E-02,
    -3.345507614652E-02,-3.306865810482E-02,-3.268224006313E-02,
    -3.229582202144E-02,-3.190940397974E-02,-3.152298593805E-02,
    -3.113656789636E-02,-3.075014985466E-02,-3.036373181297E-02,
    -2.997731377127E-02,-2.959089572958E-02,-2.920447768789E-02,
    -2.881805964619E-02,-2.84316416045E-02,-2.804522356281E-02,
    -2.765880552111E-02,-2.727238747942E-02,-2.688596943773E-02,
    -2.649955139603E-02,-2.611313335434E-02,-2.572671531264E-02,
    -2.534029727095E-02,-2.495387922926E-02,-2.456746118756E-02,
    -2.418104314587E-02,-2.379462510418E-02,-2.340820706248E-02,
    -2.302178902079E-02,-2.26353709791E-02,-2.22489529374E-02,
    -2.186253489571E-02,-2.147611685401E-02,-2.108969881232E-02,
    -2.070328077063E-02,-2.031686272893E-02,-1.993044468724E-02,
    -1.954402664555E-02,-1.915760860385E-02,-1.877119056216E-02,
    -1.838477252047E-02,-1.799835447877E-02,-1.761193643708E-02,
    -1.722551839538E-02,-1.683910035369E-02),.UNSPECIFIED.);
#2427 = CARTESIAN_POINT('',(5.497787143786,17.08448900767));
#2428 = CARTESIAN_POINT('',(5.50894214498,17.083844972297));
#2429 = CARTESIAN_POINT('',(5.531253384862,17.08255716833));
#2430 = CARTESIAN_POINT('',(5.564732935873,17.080627901521));
#2431 = CARTESIAN_POINT('',(5.598234065476,17.078702715612));
#2432 = CARTESIAN_POINT('',(5.631765980629,17.076783241995));
#2433 = CARTESIAN_POINT('',(5.665338018362,17.074871116869));
#2434 = CARTESIAN_POINT('',(5.698959954724,17.072967967569));
#2435 = CARTESIAN_POINT('',(5.732641342687,17.071075452082));
#2436 = CARTESIAN_POINT('',(5.766394221829,17.069195114653));
#2437 = CARTESIAN_POINT('',(5.800220658858,17.067329069901));
#2438 = CARTESIAN_POINT('',(5.834128430735,17.065479115087));
#2439 = CARTESIAN_POINT('',(5.868126674172,17.063647007693));
#2440 = CARTESIAN_POINT('',(5.902224761228,17.061834525611));
#2441 = CARTESIAN_POINT('',(5.936433610457,17.060043404869));
#2442 = CARTESIAN_POINT('',(5.970761992523,17.058275528541));
#2443 = CARTESIAN_POINT('',(6.005230385361,17.056532233388));
#2444 = CARTESIAN_POINT('',(6.039813964989,17.054817179815));
#2445 = CARTESIAN_POINT('',(6.074511523546,17.05313274642));
#2446 = CARTESIAN_POINT('',(6.109332726463,17.051480813286));
#2447 = CARTESIAN_POINT('',(6.14428545586,17.04986339417));
#2448 = CARTESIAN_POINT('',(6.179379346645,17.048282466639));
#2449 = CARTESIAN_POINT('',(6.214624910333,17.046740019348));
#2450 = CARTESIAN_POINT('',(6.250034063098,17.045238032793));
#2451 = CARTESIAN_POINT('',(6.285619390425,17.043778509011));
#2452 = CARTESIAN_POINT('',(6.321396995272,17.042363372044));
#2453 = CARTESIAN_POINT('',(6.357376202011,17.040994836368));
#2454 = CARTESIAN_POINT('',(6.393598171536,17.039674032716));
#2455 = CARTESIAN_POINT('',(6.429937320233,17.038408145585));
#2456 = CARTESIAN_POINT('',(6.466401563217,17.037199046728));
#2457 = CARTESIAN_POINT('',(6.503000523925,17.036048647859));
#2458 = CARTESIAN_POINT('',(6.539744708185,17.034958850818));
#2459 = CARTESIAN_POINT('',(6.576646077501,17.033931556976));
#2460 = CARTESIAN_POINT('',(6.613717306901,17.032968679457));
#2461 = CARTESIAN_POINT('',(6.650974833746,17.03207208484));
#2462 = CARTESIAN_POINT('',(6.68842797719,17.031243814133));
#2463 = CARTESIAN_POINT('',(6.726119892918,17.030485257171));
#2464 = CARTESIAN_POINT('',(6.763975013664,17.029800234052));
#2465 = CARTESIAN_POINT('',(6.801816528651,17.029193356358));
#2466 = CARTESIAN_POINT('',(6.839705566965,17.028664485055));
#2467 = CARTESIAN_POINT('',(6.877641823155,17.028214715687));
#2468 = CARTESIAN_POINT('',(6.915641990571,17.027844812991));
#2469 = CARTESIAN_POINT('',(6.953718895909,17.027555630344));
#2470 = CARTESIAN_POINT('',(6.991887272558,17.027347997373));
#2471 = CARTESIAN_POINT('',(7.030162241215,17.02722275007));
#2472 = CARTESIAN_POINT('',(7.055760932274,17.027194731832));
#2473 = CARTESIAN_POINT('',(7.068583470577,17.027194731832));
#2474 = ( GEOMETRIC_REPRESENTATION_CONTEXT(2) 
PARAMETRIC_REPRESENTATION_CONTEXT() REPRESENTATION_CONTEXT('2D SPACE',''
  ) );
#2475 = ORIENTED_EDGE('',*,*,#1652,.T.);
#2476 = ORIENTED_EDGE('',*,*,#2203,.F.);
#2477 = ADVANCED_FACE('',(#2478),#1592,.T.);
#2478 = FACE_BOUND('',#2479,.T.);
#2479 = EDGE_LOOP('',(#2480,#2503,#2628,#2629));
#2480 = ORIENTED_EDGE('',*,*,#2481,.T.);
#2481 = EDGE_CURVE('',#2329,#2482,#2484,.T.);
#2482 = VERTEX_POINT('',#2483);
#2483 = CARTESIAN_POINT('',(-41.67409076372,-2.15,1.));
#2484 = SURFACE_CURVE('',#2485,(#2489,#2496),.PCURVE_S1.);
#2485 = LINE('',#2486,#2487);
#2486 = CARTESIAN_POINT('',(-20.80839824394,-2.15,1.));
#2487 = VECTOR('',#2488,1.);
#2488 = DIRECTION('',(-1.,-7.336252608025E-17,0.));
#2489 = PCURVE('',#1592,#2490);
#2490 = DEFINITIONAL_REPRESENTATION('',(#2491),#2495);
#2491 = LINE('',#2492,#2493);
#2492 = CARTESIAN_POINT('',(5.497787143782,0.));
#2493 = VECTOR('',#2494,1.);
#2494 = DIRECTION('',(0.,-1.));
#2495 = ( GEOMETRIC_REPRESENTATION_CONTEXT(2) 
PARAMETRIC_REPRESENTATION_CONTEXT() REPRESENTATION_CONTEXT('2D SPACE',''
  ) );
#2496 = PCURVE('',#1915,#2497);
#2497 = DEFINITIONAL_REPRESENTATION('',(#2498),#2502);
#2498 = LINE('',#2499,#2500);
#2499 = CARTESIAN_POINT('',(-20.80839824394,-2.15));
#2500 = VECTOR('',#2501,1.);
#2501 = DIRECTION('',(-1.,-7.336252608025E-17));
#2502 = ( GEOMETRIC_REPRESENTATION_CONTEXT(2) 
PARAMETRIC_REPRESENTATION_CONTEXT() REPRESENTATION_CONTEXT('2D SPACE',''
  ) );
#2503 = ORIENTED_EDGE('',*,*,#2504,.T.);
#2504 = EDGE_CURVE('',#2482,#1577,#2505,.T.);
#2505 = SURFACE_CURVE('',#2506,(#2521,#2572),.PCURVE_S1.);
#2506 = B_SPLINE_CURVE_WITH_KNOTS('',3,(#2507,#2508,#2509,#2510,#2511,
    #2512,#2513,#2514,#2515,#2516,#2517,#2518,#2519,#2520),
  .UNSPECIFIED.,.F.,.F.,(4,2,2,2,2,2,4),(-1.632934808447E-04,0.,
    2.793589154564E-03,5.54486916449E-03,9.73484756387E-03,
    1.340136156695E-02,1.683910035361E-02),.UNSPECIFIED.);
#2507 = CARTESIAN_POINT('',(-41.67409076372,-2.15,1.));
#2508 = CARTESIAN_POINT('',(-41.67381860792,-2.150471387675,1.));
#2509 = CARTESIAN_POINT('',(-41.6735464745,-2.150942788265,
    0.999996666905));
#2510 = CARTESIAN_POINT('',(-41.66861951655,-2.159478400592,
    0.999875947071));
#2511 = CARTESIAN_POINT('',(-41.66397773112,-2.167535307192,
    0.998786228438));
#2512 = CARTESIAN_POINT('',(-41.65499465822,-2.183155609546,
    0.994683268216));
#2513 = CARTESIAN_POINT('',(-41.65065315084,-2.190718939119,
    0.991700723134));
#2514 = CARTESIAN_POINT('',(-41.6402601772,-2.208853306598,
    0.981803465958));
#2515 = CARTESIAN_POINT('',(-41.63453724099,-2.218867295608,
    0.973680602831));
#2516 = CARTESIAN_POINT('',(-41.62562980743,-2.234478974179,
    0.954723442526));
#2517 = CARTESIAN_POINT('',(-41.62228549743,-2.240352301009,
    0.944492083248));
#2518 = CARTESIAN_POINT('',(-41.61790525815,-2.248049247589,
    0.922630294132));
#2519 = CARTESIAN_POINT('',(-41.61679648788,-2.25,0.911407546405));
#2520 = CARTESIAN_POINT('',(-41.61679648788,-2.25,0.9));
#2521 = PCURVE('',#1592,#2522);
#2522 = DEFINITIONAL_REPRESENTATION('',(#2523),#2571);
#2523 = B_SPLINE_CURVE_WITH_KNOTS('',3,(#2524,#2525,#2526,#2527,#2528,
    #2529,#2530,#2531,#2532,#2533,#2534,#2535,#2536,#2537,#2538,#2539,
    #2540,#2541,#2542,#2543,#2544,#2545,#2546,#2547,#2548,#2549,#2550,
    #2551,#2552,#2553,#2554,#2555,#2556,#2557,#2558,#2559,#2560,#2561,
    #2562,#2563,#2564,#2565,#2566,#2567,#2568,#2569,#2570),
  .UNSPECIFIED.,.F.,.F.,(4,1,1,1,1,1,1,1,1,1,1,1,1,1,1,1,1,1,1,1,1,1,1,1
    ,1,1,1,1,1,1,1,1,1,1,1,1,1,1,1,1,1,1,1,1,4),(-1.632934808447E-04,
    2.231245608475E-04,6.095426025397E-04,9.959606442319E-04,
    1.382378685924E-03,1.768796727616E-03,2.155214769309E-03,
    2.541632811001E-03,2.928050852693E-03,3.314468894385E-03,
    3.700886936077E-03,4.08730497777E-03,4.473723019462E-03,
    4.860141061154E-03,5.246559102846E-03,5.632977144538E-03,
    6.019395186231E-03,6.405813227923E-03,6.792231269615E-03,
    7.178649311307E-03,7.565067353E-03,7.951485394692E-03,
    8.337903436384E-03,8.724321478076E-03,9.110739519768E-03,
    9.497157561461E-03,9.883575603153E-03,1.026999364484E-02,
    1.065641168654E-02,1.104282972823E-02,1.142924776992E-02,
    1.181566581161E-02,1.220208385331E-02,1.2588501895E-02,
    1.297491993669E-02,1.336133797838E-02,1.374775602007E-02,
    1.413417406177E-02,1.452059210346E-02,1.490701014515E-02,
    1.529342818684E-02,1.567984622854E-02,1.606626427023E-02,
    1.645268231192E-02,1.683910035361E-02),.UNSPECIFIED.);
#2524 = CARTESIAN_POINT('',(5.497787143782,-20.86569251978));
#2525 = CARTESIAN_POINT('',(5.508942144977,-20.86504848441));
#2526 = CARTESIAN_POINT('',(5.53125338486,-20.86376068044));
#2527 = CARTESIAN_POINT('',(5.564732935871,-20.86183141363));
#2528 = CARTESIAN_POINT('',(5.598234065474,-20.85990622772));
#2529 = CARTESIAN_POINT('',(5.631765980627,-20.8579867541));
#2530 = CARTESIAN_POINT('',(5.66533801836,-20.85607462898));
#2531 = CARTESIAN_POINT('',(5.698959954722,-20.85417147968));
#2532 = CARTESIAN_POINT('',(5.732641342685,-20.85227896419));
#2533 = CARTESIAN_POINT('',(5.766394221827,-20.85039862676));
#2534 = CARTESIAN_POINT('',(5.800220658856,-20.84853258201));
#2535 = CARTESIAN_POINT('',(5.834128430733,-20.8466826272));
#2536 = CARTESIAN_POINT('',(5.868126674171,-20.8448505198));
#2537 = CARTESIAN_POINT('',(5.902224761226,-20.84303803772));
#2538 = CARTESIAN_POINT('',(5.936433610455,-20.84124691698));
#2539 = CARTESIAN_POINT('',(5.970761992521,-20.83947904065));
#2540 = CARTESIAN_POINT('',(6.00523038536,-20.8377357455));
#2541 = CARTESIAN_POINT('',(6.039813964987,-20.83602069192));
#2542 = CARTESIAN_POINT('',(6.074511523545,-20.83433625853));
#2543 = CARTESIAN_POINT('',(6.109332726461,-20.8326843254));
#2544 = CARTESIAN_POINT('',(6.144285455859,-20.83106690628));
#2545 = CARTESIAN_POINT('',(6.179379346644,-20.82948597875));
#2546 = CARTESIAN_POINT('',(6.214624910332,-20.82794353146));
#2547 = CARTESIAN_POINT('',(6.250034063097,-20.8264415449));
#2548 = CARTESIAN_POINT('',(6.285619390424,-20.82498202112));
#2549 = CARTESIAN_POINT('',(6.321396995271,-20.82356688415));
#2550 = CARTESIAN_POINT('',(6.35737620201,-20.82219834848));
#2551 = CARTESIAN_POINT('',(6.393598171535,-20.82087754482));
#2552 = CARTESIAN_POINT('',(6.429937320232,-20.81961165769));
#2553 = CARTESIAN_POINT('',(6.466401563216,-20.81840255884));
#2554 = CARTESIAN_POINT('',(6.503000523924,-20.81725215997));
#2555 = CARTESIAN_POINT('',(6.539744708184,-20.81616236293));
#2556 = CARTESIAN_POINT('',(6.576646077501,-20.81513506908));
#2557 = CARTESIAN_POINT('',(6.613717306901,-20.81417219157));
#2558 = CARTESIAN_POINT('',(6.650974833746,-20.81327559695));
#2559 = CARTESIAN_POINT('',(6.68842797719,-20.81244732624));
#2560 = CARTESIAN_POINT('',(6.726119892918,-20.81168876928));
#2561 = CARTESIAN_POINT('',(6.763975013664,-20.81100374616));
#2562 = CARTESIAN_POINT('',(6.801816528651,-20.81039686847));
#2563 = CARTESIAN_POINT('',(6.839705566965,-20.80986799716));
#2564 = CARTESIAN_POINT('',(6.877641823155,-20.8094182278));
#2565 = CARTESIAN_POINT('',(6.915641990571,-20.8090483251));
#2566 = CARTESIAN_POINT('',(6.953718895908,-20.80875914245));
#2567 = CARTESIAN_POINT('',(6.991887272558,-20.80855150948));
#2568 = CARTESIAN_POINT('',(7.030162241215,-20.80842626218));
#2569 = CARTESIAN_POINT('',(7.055760932274,-20.80839824394));
#2570 = CARTESIAN_POINT('',(7.068583470577,-20.80839824394));
#2571 = ( GEOMETRIC_REPRESENTATION_CONTEXT(2) 
PARAMETRIC_REPRESENTATION_CONTEXT() REPRESENTATION_CONTEXT('2D SPACE',''
  ) );
#2572 = PCURVE('',#2573,#2578);
#2573 = TOROIDAL_SURFACE('',#2574,4.3,0.1);
#2574 = AXIS2_PLACEMENT_3D('',#2575,#2576,#2577);
#2575 = CARTESIAN_POINT('',(-45.398,0.,0.9));
#2576 = DIRECTION('',(0.,0.,1.));
#2577 = DIRECTION('',(-1.,-2.499146043152E-14,0.));
#2578 = DEFINITIONAL_REPRESENTATION('',(#2579),#2627);
#2579 = B_SPLINE_CURVE_WITH_KNOTS('',3,(#2580,#2581,#2582,#2583,#2584,
    #2585,#2586,#2587,#2588,#2589,#2590,#2591,#2592,#2593,#2594,#2595,
    #2596,#2597,#2598,#2599,#2600,#2601,#2602,#2603,#2604,#2605,#2606,
    #2607,#2608,#2609,#2610,#2611,#2612,#2613,#2614,#2615,#2616,#2617,
    #2618,#2619,#2620,#2621,#2622,#2623,#2624,#2625,#2626),
  .UNSPECIFIED.,.F.,.F.,(4,1,1,1,1,1,1,1,1,1,1,1,1,1,1,1,1,1,1,1,1,1,1,1
    ,1,1,1,1,1,1,1,1,1,1,1,1,1,1,1,1,1,1,1,1,4),(-1.632934808447E-04,
    2.231245608475E-04,6.095426025397E-04,9.959606442319E-04,
    1.382378685924E-03,1.768796727616E-03,2.155214769309E-03,
    2.541632811001E-03,2.928050852693E-03,3.314468894385E-03,
    3.700886936077E-03,4.08730497777E-03,4.473723019462E-03,
    4.860141061154E-03,5.246559102846E-03,5.632977144538E-03,
    6.019395186231E-03,6.405813227923E-03,6.792231269615E-03,
    7.178649311307E-03,7.565067353E-03,7.951485394692E-03,
    8.337903436384E-03,8.724321478076E-03,9.110739519768E-03,
    9.497157561461E-03,9.883575603153E-03,1.026999364484E-02,
    1.065641168654E-02,1.104282972823E-02,1.142924776992E-02,
    1.181566581161E-02,1.220208385331E-02,1.2588501895E-02,
    1.297491993669E-02,1.336133797838E-02,1.374775602007E-02,
    1.413417406177E-02,1.452059210346E-02,1.490701014515E-02,
    1.529342818684E-02,1.567984622854E-02,1.606626427023E-02,
    1.645268231192E-02,1.683910035361E-02),.UNSPECIFIED.);
#2580 = CARTESIAN_POINT('',(2.617993877991,1.570796326795));
#2581 = CARTESIAN_POINT('',(2.617844102659,1.559641314804));
#2582 = CARTESIAN_POINT('',(2.617544729365,1.537330093332));
#2583 = CARTESIAN_POINT('',(2.617096582353,1.503850630363));
#2584 = CARTESIAN_POINT('',(2.616649730458,1.470349584203));
#2585 = CARTESIAN_POINT('',(2.616204551099,1.436817701906));
#2586 = CARTESIAN_POINT('',(2.6157614205,1.403245632553));
#2587 = CARTESIAN_POINT('',(2.615320710478,1.369623615714));
#2588 = CARTESIAN_POINT('',(2.614882797896,1.335942136322));
#2589 = CARTESIAN_POINT('',(2.614448030265,1.302189238781));
#2590 = CARTESIAN_POINT('',(2.61401688831,1.268362876993));
#2591 = CARTESIAN_POINT('',(2.613589782925,1.234455179457));
#2592 = CARTESIAN_POINT('',(2.613167112435,1.200456971756));
#2593 = CARTESIAN_POINT('',(2.612749277934,1.166358865113));
#2594 = CARTESIAN_POINT('',(2.612336668683,1.132149951341));
#2595 = CARTESIAN_POINT('',(2.611929705574,1.097821495322));
#2596 = CARTESIAN_POINT('',(2.611528682349,1.063353065369));
#2597 = CARTESIAN_POINT('',(2.611134422951,1.028769592734));
#2598 = CARTESIAN_POINT('',(2.610747463878,0.994072191748));
#2599 = CARTESIAN_POINT('',(2.610368224978,0.959251134284));
#2600 = CARTESIAN_POINT('',(2.609997155014,0.924298498617));
#2601 = CARTESIAN_POINT('',(2.609634692715,0.88920463169));
#2602 = CARTESIAN_POINT('',(2.609281277785,0.853959021648));
#2603 = CARTESIAN_POINT('',(2.608937346616,0.818549766723));
#2604 = CARTESIAN_POINT('',(2.608603339273,0.782964306242));
#2605 = CARTESIAN_POINT('',(2.608279676724,0.747186571947));
#2606 = CARTESIAN_POINT('',(2.60796684586,0.711207269245));
#2607 = CARTESIAN_POINT('',(2.607665083145,0.674985300685));
#2608 = CARTESIAN_POINT('',(2.607376018697,0.638646127765));
#2609 = CARTESIAN_POINT('',(2.607100059535,0.60218185098));
#2610 = CARTESIAN_POINT('',(2.606837621882,0.565582861085));
#2611 = CARTESIAN_POINT('',(2.606589119978,0.528838661753));
#2612 = CARTESIAN_POINT('',(2.606354968432,0.49193729595));
#2613 = CARTESIAN_POINT('',(2.60613558524,0.454866087352));
#2614 = CARTESIAN_POINT('',(2.605931378627,0.417608592622));
#2615 = CARTESIAN_POINT('',(2.605742797955,0.380155479587));
#2616 = CARTESIAN_POINT('',(2.605570144591,0.342463585957));
#2617 = CARTESIAN_POINT('',(2.605414278908,0.304608436566));
#2618 = CARTESIAN_POINT('',(2.605276236155,0.266766859908));
#2619 = CARTESIAN_POINT('',(2.605155965157,0.22887778151));
#2620 = CARTESIAN_POINT('',(2.605053700831,0.190941518789));
#2621 = CARTESIAN_POINT('',(2.60496960537,0.152941376443));
#2622 = CARTESIAN_POINT('',(2.604903864496,0.114864512687));
#2623 = CARTESIAN_POINT('',(2.60485666194,7.66961756338E-02));
#2624 = CARTESIAN_POINT('',(2.604828185996,3.842122783199E-02));
#2625 = CARTESIAN_POINT('',(2.604821815026,1.282253991342E-02));
#2626 = CARTESIAN_POINT('',(2.604821814718,0.));
#2627 = ( GEOMETRIC_REPRESENTATION_CONTEXT(2) 
PARAMETRIC_REPRESENTATION_CONTEXT() REPRESENTATION_CONTEXT('2D SPACE',''
  ) );
#2628 = ORIENTED_EDGE('',*,*,#1576,.T.);
#2629 = ORIENTED_EDGE('',*,*,#2356,.F.);
#2630 = ADVANCED_FACE('',(#2631),#2573,.T.);
#2631 = FACE_BOUND('',#2632,.T.);
#2632 = EDGE_LOOP('',(#2633,#2661,#2788,#2810));
#2633 = ORIENTED_EDGE('',*,*,#2634,.T.);
#2634 = EDGE_CURVE('',#2482,#2635,#2637,.T.);
#2635 = VERTEX_POINT('',#2636);
#2636 = CARTESIAN_POINT('',(-41.67409076372,2.15,1.));
#2637 = SURFACE_CURVE('',#2638,(#2643,#2650),.PCURVE_S1.);
#2638 = CIRCLE('',#2639,4.3);
#2639 = AXIS2_PLACEMENT_3D('',#2640,#2641,#2642);
#2640 = CARTESIAN_POINT('',(-45.398,0.,1.));
#2641 = DIRECTION('',(0.,0.,-1.));
#2642 = DIRECTION('',(-1.,-7.848132546355E-14,-0.));
#2643 = PCURVE('',#2573,#2644);
#2644 = DEFINITIONAL_REPRESENTATION('',(#2645),#2649);
#2645 = LINE('',#2646,#2647);
#2646 = CARTESIAN_POINT('',(6.28318530718,1.570796326795));
#2647 = VECTOR('',#2648,1.);
#2648 = DIRECTION('',(-1.,-1.390962580693E-14));
#2649 = ( GEOMETRIC_REPRESENTATION_CONTEXT(2) 
PARAMETRIC_REPRESENTATION_CONTEXT() REPRESENTATION_CONTEXT('2D SPACE',''
  ) );
#2650 = PCURVE('',#1915,#2651);
#2651 = DEFINITIONAL_REPRESENTATION('',(#2652),#2660);
#2652 = ( BOUNDED_CURVE() B_SPLINE_CURVE(2,(#2653,#2654,#2655,#2656,
#2657,#2658,#2659),.UNSPECIFIED.,.T.,.F.) B_SPLINE_CURVE_WITH_KNOTS((1,2
    ,2,2,2,1),(-2.094395102393,0.,2.094395102393,4.188790204786,
6.28318530718,8.377580409573),.UNSPECIFIED.) CURVE() 
GEOMETRIC_REPRESENTATION_ITEM() RATIONAL_B_SPLINE_CURVE((1.,0.5,1.,0.5,
1.,0.5,1.)) REPRESENTATION_ITEM('') );
#2653 = CARTESIAN_POINT('',(-49.698,-3.374696994933E-13));
#2654 = CARTESIAN_POINT('',(-49.698,7.447818472546));
#2655 = CARTESIAN_POINT('',(-43.248,3.723909236273));
#2656 = CARTESIAN_POINT('',(-36.798,6.759925952338E-13));
#2657 = CARTESIAN_POINT('',(-43.248,-3.723909236273));
#2658 = CARTESIAN_POINT('',(-49.69799999999,-7.447818472547));
#2659 = CARTESIAN_POINT('',(-49.698,-3.374696994933E-13));
#2660 = ( GEOMETRIC_REPRESENTATION_CONTEXT(2) 
PARAMETRIC_REPRESENTATION_CONTEXT() REPRESENTATION_CONTEXT('2D SPACE',''
  ) );
#2661 = ORIENTED_EDGE('',*,*,#2662,.T.);
#2662 = EDGE_CURVE('',#2635,#2663,#2665,.T.);
#2663 = VERTEX_POINT('',#2664);
#2664 = CARTESIAN_POINT('',(-41.61679648788,2.25,0.9));
#2665 = SURFACE_CURVE('',#2666,(#2681,#2732),.PCURVE_S1.);
#2666 = B_SPLINE_CURVE_WITH_KNOTS('',3,(#2667,#2668,#2669,#2670,#2671,
    #2672,#2673,#2674,#2675,#2676,#2677,#2678,#2679,#2680),
  .UNSPECIFIED.,.F.,.F.,(4,2,2,2,2,2,4),(-3.384149418817E-02,
    -3.367820070733E-02,-3.088461155276E-02,-2.813333154282E-02,
    -2.394335314342E-02,-2.027683914033E-02,-1.683910035366E-02),
  .UNSPECIFIED.);
#2667 = CARTESIAN_POINT('',(-41.67409076372,2.15,1.));
#2668 = CARTESIAN_POINT('',(-41.67381860792,2.150471387676,1.));
#2669 = CARTESIAN_POINT('',(-41.6735464745,2.150942788265,0.999996666905
    ));
#2670 = CARTESIAN_POINT('',(-41.66861951655,2.159478400592,
    0.999875947071));
#2671 = CARTESIAN_POINT('',(-41.66397773112,2.167535307193,
    0.998786228438));
#2672 = CARTESIAN_POINT('',(-41.65499465822,2.183155609546,
    0.994683268216));
#2673 = CARTESIAN_POINT('',(-41.65065315084,2.190718939119,
    0.991700723134));
#2674 = CARTESIAN_POINT('',(-41.6402601772,2.208853306598,0.981803465958
    ));
#2675 = CARTESIAN_POINT('',(-41.63453724099,2.218867295608,
    0.973680602831));
#2676 = CARTESIAN_POINT('',(-41.62562980743,2.234478974179,
    0.954723442526));
#2677 = CARTESIAN_POINT('',(-41.62228549743,2.240352301009,
    0.944492083248));
#2678 = CARTESIAN_POINT('',(-41.61790525815,2.248049247589,
    0.922630294132));
#2679 = CARTESIAN_POINT('',(-41.61679648788,2.25,0.911407546405));
#2680 = CARTESIAN_POINT('',(-41.61679648788,2.25,0.9));
#2681 = PCURVE('',#2573,#2682);
#2682 = DEFINITIONAL_REPRESENTATION('',(#2683),#2731);
#2683 = B_SPLINE_CURVE_WITH_KNOTS('',3,(#2684,#2685,#2686,#2687,#2688,
    #2689,#2690,#2691,#2692,#2693,#2694,#2695,#2696,#2697,#2698,#2699,
    #2700,#2701,#2702,#2703,#2704,#2705,#2706,#2707,#2708,#2709,#2710,
    #2711,#2712,#2713,#2714,#2715,#2716,#2717,#2718,#2719,#2720,#2721,
    #2722,#2723,#2724,#2725,#2726,#2727,#2728,#2729,#2730),
  .UNSPECIFIED.,.F.,.F.,(4,1,1,1,1,1,1,1,1,1,1,1,1,1,1,1,1,1,1,1,1,1,1,1
    ,1,1,1,1,1,1,1,1,1,1,1,1,1,1,1,1,1,1,1,1,4),(-3.384149418817E-02,
    -3.345507614648E-02,-3.306865810479E-02,-3.268224006309E-02,
    -3.22958220214E-02,-3.190940397971E-02,-3.152298593801E-02,
    -3.113656789632E-02,-3.075014985463E-02,-3.036373181293E-02,
    -2.997731377124E-02,-2.959089572955E-02,-2.920447768785E-02,
    -2.881805964616E-02,-2.843164160446E-02,-2.804522356277E-02,
    -2.765880552108E-02,-2.727238747938E-02,-2.688596943769E-02,
    -2.6499551396E-02,-2.61131333543E-02,-2.572671531261E-02,
    -2.534029727092E-02,-2.495387922922E-02,-2.456746118753E-02,
    -2.418104314584E-02,-2.379462510414E-02,-2.340820706245E-02,
    -2.302178902076E-02,-2.263537097906E-02,-2.224895293737E-02,
    -2.186253489568E-02,-2.147611685398E-02,-2.108969881229E-02,
    -2.070328077059E-02,-2.03168627289E-02,-1.993044468721E-02,
    -1.954402664551E-02,-1.915760860382E-02,-1.877119056213E-02,
    -1.838477252043E-02,-1.799835447874E-02,-1.761193643705E-02,
    -1.722551839535E-02,-1.683910035366E-02),.UNSPECIFIED.);
#2684 = CARTESIAN_POINT('',(-2.617993877992,1.570796326795));
#2685 = CARTESIAN_POINT('',(-2.61784410266,1.559641314805));
#2686 = CARTESIAN_POINT('',(-2.617544729366,1.537330093333));
#2687 = CARTESIAN_POINT('',(-2.617096582354,1.503850630363));
#2688 = CARTESIAN_POINT('',(-2.616649730459,1.470349584203));
#2689 = CARTESIAN_POINT('',(-2.6162045511,1.436817701906));
#2690 = CARTESIAN_POINT('',(-2.615761420501,1.403245632553));
#2691 = CARTESIAN_POINT('',(-2.615320710479,1.369623615714));
#2692 = CARTESIAN_POINT('',(-2.614882797897,1.335942136322));
#2693 = CARTESIAN_POINT('',(-2.614448030266,1.302189238781));
#2694 = CARTESIAN_POINT('',(-2.614016888311,1.268362876993));
#2695 = CARTESIAN_POINT('',(-2.613589782925,1.234455179456));
#2696 = CARTESIAN_POINT('',(-2.613167112436,1.200456971756));
#2697 = CARTESIAN_POINT('',(-2.612749277934,1.166358865113));
#2698 = CARTESIAN_POINT('',(-2.612336668684,1.13214995134));
#2699 = CARTESIAN_POINT('',(-2.611929705575,1.097821495322));
#2700 = CARTESIAN_POINT('',(-2.611528682349,1.063353065369));
#2701 = CARTESIAN_POINT('',(-2.611134422952,1.028769592734));
#2702 = CARTESIAN_POINT('',(-2.610747463879,0.994072191747));
#2703 = CARTESIAN_POINT('',(-2.610368224979,0.959251134284));
#2704 = CARTESIAN_POINT('',(-2.609997155015,0.924298498617));
#2705 = CARTESIAN_POINT('',(-2.609634692716,0.889204631689));
#2706 = CARTESIAN_POINT('',(-2.609281277786,0.853959021648));
#2707 = CARTESIAN_POINT('',(-2.608937346616,0.818549766723));
#2708 = CARTESIAN_POINT('',(-2.608603339273,0.782964306242));
#2709 = CARTESIAN_POINT('',(-2.608279676725,0.747186571947));
#2710 = CARTESIAN_POINT('',(-2.607966845861,0.711207269245));
#2711 = CARTESIAN_POINT('',(-2.607665083146,0.674985300685));
#2712 = CARTESIAN_POINT('',(-2.607376018698,0.638646127765));
#2713 = CARTESIAN_POINT('',(-2.607100059536,0.60218185098));
#2714 = CARTESIAN_POINT('',(-2.606837621883,0.565582861086));
#2715 = CARTESIAN_POINT('',(-2.606589119978,0.528838661753));
#2716 = CARTESIAN_POINT('',(-2.606354968433,0.49193729595));
#2717 = CARTESIAN_POINT('',(-2.606135585241,0.454866087352));
#2718 = CARTESIAN_POINT('',(-2.605931378628,0.417608592622));
#2719 = CARTESIAN_POINT('',(-2.605742797956,0.380155479587));
#2720 = CARTESIAN_POINT('',(-2.605570144592,0.342463585957));
#2721 = CARTESIAN_POINT('',(-2.605414278908,0.304608436566));
#2722 = CARTESIAN_POINT('',(-2.605276236156,0.266766859908));
#2723 = CARTESIAN_POINT('',(-2.605155965158,0.22887778151));
#2724 = CARTESIAN_POINT('',(-2.605053700832,0.190941518789));
#2725 = CARTESIAN_POINT('',(-2.604969605371,0.152941376443));
#2726 = CARTESIAN_POINT('',(-2.604903864497,0.114864512687));
#2727 = CARTESIAN_POINT('',(-2.604856661941,7.669617563384E-02));
#2728 = CARTESIAN_POINT('',(-2.604828185996,3.842122783201E-02));
#2729 = CARTESIAN_POINT('',(-2.604821815027,1.282253991343E-02));
#2730 = CARTESIAN_POINT('',(-2.604821814719,0.));
#2731 = ( GEOMETRIC_REPRESENTATION_CONTEXT(2) 
PARAMETRIC_REPRESENTATION_CONTEXT() REPRESENTATION_CONTEXT('2D SPACE',''
  ) );
#2732 = PCURVE('',#2733,#2738);
#2733 = CYLINDRICAL_SURFACE('',#2734,0.1);
#2734 = AXIS2_PLACEMENT_3D('',#2735,#2736,#2737);
#2735 = CARTESIAN_POINT('',(-1.890601756055,2.15,0.9));
#2736 = DIRECTION('',(-1.,-6.335854525113E-17,0.));
#2737 = DIRECTION('',(-4.480125699319E-17,0.707106781187,0.707106781187)
  );
#2738 = DEFINITIONAL_REPRESENTATION('',(#2739),#2787);
#2739 = B_SPLINE_CURVE_WITH_KNOTS('',3,(#2740,#2741,#2742,#2743,#2744,
    #2745,#2746,#2747,#2748,#2749,#2750,#2751,#2752,#2753,#2754,#2755,
    #2756,#2757,#2758,#2759,#2760,#2761,#2762,#2763,#2764,#2765,#2766,
    #2767,#2768,#2769,#2770,#2771,#2772,#2773,#2774,#2775,#2776,#2777,
    #2778,#2779,#2780,#2781,#2782,#2783,#2784,#2785,#2786),
  .UNSPECIFIED.,.F.,.F.,(4,1,1,1,1,1,1,1,1,1,1,1,1,1,1,1,1,1,1,1,1,1,1,1
    ,1,1,1,1,1,1,1,1,1,1,1,1,1,1,1,1,1,1,1,1,4),(-3.384149418817E-02,
    -3.345507614648E-02,-3.306865810479E-02,-3.268224006309E-02,
    -3.22958220214E-02,-3.190940397971E-02,-3.152298593801E-02,
    -3.113656789632E-02,-3.075014985463E-02,-3.036373181293E-02,
    -2.997731377124E-02,-2.959089572955E-02,-2.920447768785E-02,
    -2.881805964616E-02,-2.843164160446E-02,-2.804522356277E-02,
    -2.765880552108E-02,-2.727238747938E-02,-2.688596943769E-02,
    -2.6499551396E-02,-2.61131333543E-02,-2.572671531261E-02,
    -2.534029727092E-02,-2.495387922922E-02,-2.456746118753E-02,
    -2.418104314584E-02,-2.379462510414E-02,-2.340820706245E-02,
    -2.302178902076E-02,-2.263537097906E-02,-2.224895293737E-02,
    -2.186253489568E-02,-2.147611685398E-02,-2.108969881229E-02,
    -2.070328077059E-02,-2.03168627289E-02,-1.993044468721E-02,
    -1.954402664551E-02,-1.915760860382E-02,-1.877119056213E-02,
    -1.838477252043E-02,-1.799835447874E-02,-1.761193643705E-02,
    -1.722551839535E-02,-1.683910035366E-02),.UNSPECIFIED.);
#2740 = CARTESIAN_POINT('',(5.497787143782,39.783489007671));
#2741 = CARTESIAN_POINT('',(5.508942144977,39.782844972298));
#2742 = CARTESIAN_POINT('',(5.53125338486,39.781557168332));
#2743 = CARTESIAN_POINT('',(5.564732935871,39.779627901522));
#2744 = CARTESIAN_POINT('',(5.598234065474,39.777702715613));
#2745 = CARTESIAN_POINT('',(5.631765980627,39.775783241996));
#2746 = CARTESIAN_POINT('',(5.66533801836,39.77387111687));
#2747 = CARTESIAN_POINT('',(5.698959954722,39.771967967571));
#2748 = CARTESIAN_POINT('',(5.732641342685,39.770075452084));
#2749 = CARTESIAN_POINT('',(5.766394221827,39.768195114655));
#2750 = CARTESIAN_POINT('',(5.800220658856,39.766329069903));
#2751 = CARTESIAN_POINT('',(5.834128430733,39.764479115089));
#2752 = CARTESIAN_POINT('',(5.868126674171,39.762647007694));
#2753 = CARTESIAN_POINT('',(5.902224761226,39.760834525612));
#2754 = CARTESIAN_POINT('',(5.936433610455,39.759043404871));
#2755 = CARTESIAN_POINT('',(5.970761992521,39.757275528543));
#2756 = CARTESIAN_POINT('',(6.00523038536,39.755532233389));
#2757 = CARTESIAN_POINT('',(6.039813964988,39.753817179816));
#2758 = CARTESIAN_POINT('',(6.074511523545,39.752132746422));
#2759 = CARTESIAN_POINT('',(6.109332726461,39.750480813287));
#2760 = CARTESIAN_POINT('',(6.144285455859,39.748863394171));
#2761 = CARTESIAN_POINT('',(6.179379346644,39.747282466641));
#2762 = CARTESIAN_POINT('',(6.214624910332,39.745740019349));
#2763 = CARTESIAN_POINT('',(6.250034063097,39.744238032795));
#2764 = CARTESIAN_POINT('',(6.285619390424,39.742778509013));
#2765 = CARTESIAN_POINT('',(6.32139699527,39.741363372045));
#2766 = CARTESIAN_POINT('',(6.35737620201,39.739994836369));
#2767 = CARTESIAN_POINT('',(6.393598171534,39.738674032717));
#2768 = CARTESIAN_POINT('',(6.429937320232,39.737408145586));
#2769 = CARTESIAN_POINT('',(6.466401563216,39.736199046729));
#2770 = CARTESIAN_POINT('',(6.503000523924,39.73504864786));
#2771 = CARTESIAN_POINT('',(6.539744708184,39.733958850819));
#2772 = CARTESIAN_POINT('',(6.5766460775,39.732931556977));
#2773 = CARTESIAN_POINT('',(6.613717306901,39.731968679458));
#2774 = CARTESIAN_POINT('',(6.650974833745,39.731072084841));
#2775 = CARTESIAN_POINT('',(6.68842797719,39.730243814134));
#2776 = CARTESIAN_POINT('',(6.726119892918,39.729485257172));
#2777 = CARTESIAN_POINT('',(6.763975013664,39.728800234053));
#2778 = CARTESIAN_POINT('',(6.801816528651,39.728193356359));
#2779 = CARTESIAN_POINT('',(6.839705566964,39.727664485057));
#2780 = CARTESIAN_POINT('',(6.877641823154,39.727214715688));
#2781 = CARTESIAN_POINT('',(6.915641990571,39.726844812992));
#2782 = CARTESIAN_POINT('',(6.953718895908,39.726555630346));
#2783 = CARTESIAN_POINT('',(6.991887272558,39.726347997375));
#2784 = CARTESIAN_POINT('',(7.030162241215,39.726222750072));
#2785 = CARTESIAN_POINT('',(7.055760932274,39.726194731834));
#2786 = CARTESIAN_POINT('',(7.068583470577,39.726194731834));
#2787 = ( GEOMETRIC_REPRESENTATION_CONTEXT(2) 
PARAMETRIC_REPRESENTATION_CONTEXT() REPRESENTATION_CONTEXT('2D SPACE',''
  ) );
#2788 = ORIENTED_EDGE('',*,*,#2789,.T.);
#2789 = EDGE_CURVE('',#2663,#1577,#2790,.T.);
#2790 = SURFACE_CURVE('',#2791,(#2796,#2803),.PCURVE_S1.);
#2791 = CIRCLE('',#2792,4.4);
#2792 = AXIS2_PLACEMENT_3D('',#2793,#2794,#2795);
#2793 = CARTESIAN_POINT('',(-45.398,0.,0.9));
#2794 = DIRECTION('',(0.,0.,1.));
#2795 = DIRECTION('',(-1.,-7.848132546355E-14,0.));
#2796 = PCURVE('',#2573,#2797);
#2797 = DEFINITIONAL_REPRESENTATION('',(#2798),#2802);
#2798 = LINE('',#2799,#2800);
#2799 = CARTESIAN_POINT('',(-6.28318530718,0.));
#2800 = VECTOR('',#2801,1.);
#2801 = DIRECTION('',(1.,0.));
#2802 = ( GEOMETRIC_REPRESENTATION_CONTEXT(2) 
PARAMETRIC_REPRESENTATION_CONTEXT() REPRESENTATION_CONTEXT('2D SPACE',''
  ) );
#2803 = PCURVE('',#1127,#2804);
#2804 = DEFINITIONAL_REPRESENTATION('',(#2805),#2809);
#2805 = LINE('',#2806,#2807);
#2806 = CARTESIAN_POINT('',(0.,0.9));
#2807 = VECTOR('',#2808,1.);
#2808 = DIRECTION('',(1.,0.));
#2809 = ( GEOMETRIC_REPRESENTATION_CONTEXT(2) 
PARAMETRIC_REPRESENTATION_CONTEXT() REPRESENTATION_CONTEXT('2D SPACE',''
  ) );
#2810 = ORIENTED_EDGE('',*,*,#2504,.F.);
#2811 = ADVANCED_FACE('',(#2812),#2733,.T.);
#2812 = FACE_BOUND('',#2813,.T.);
#2813 = EDGE_LOOP('',(#2814,#2837,#2838,#2861));
#2814 = ORIENTED_EDGE('',*,*,#2815,.T.);
#2815 = EDGE_CURVE('',#2816,#2663,#2818,.T.);
#2816 = VERTEX_POINT('',#2817);
#2817 = CARTESIAN_POINT('',(-3.781203512111,2.25,0.9));
#2818 = SURFACE_CURVE('',#2819,(#2823,#2830),.PCURVE_S1.);
#2819 = LINE('',#2820,#2821);
#2820 = CARTESIAN_POINT('',(-1.890601756055,2.25,0.9));
#2821 = VECTOR('',#2822,1.);
#2822 = DIRECTION('',(-1.,-6.335854525113E-17,0.));
#2823 = PCURVE('',#2733,#2824);
#2824 = DEFINITIONAL_REPRESENTATION('',(#2825),#2829);
#2825 = LINE('',#2826,#2827);
#2826 = CARTESIAN_POINT('',(7.068583470577,2.22044604925E-16));
#2827 = VECTOR('',#2828,1.);
#2828 = DIRECTION('',(4.108068916669E-17,1.));
#2829 = ( GEOMETRIC_REPRESENTATION_CONTEXT(2) 
PARAMETRIC_REPRESENTATION_CONTEXT() REPRESENTATION_CONTEXT('2D SPACE',''
  ) );
#2830 = PCURVE('',#945,#2831);
#2831 = DEFINITIONAL_REPRESENTATION('',(#2832),#2836);
#2832 = LINE('',#2833,#2834);
#2833 = CARTESIAN_POINT('',(-1.890601756056,0.9));
#2834 = VECTOR('',#2835,1.);
#2835 = DIRECTION('',(1.,0.));
#2836 = ( GEOMETRIC_REPRESENTATION_CONTEXT(2) 
PARAMETRIC_REPRESENTATION_CONTEXT() REPRESENTATION_CONTEXT('2D SPACE',''
  ) );
#2837 = ORIENTED_EDGE('',*,*,#2662,.F.);
#2838 = ORIENTED_EDGE('',*,*,#2839,.T.);
#2839 = EDGE_CURVE('',#2635,#2840,#2842,.T.);
#2840 = VERTEX_POINT('',#2841);
#2841 = CARTESIAN_POINT('',(-3.723909236273,2.15,1.));
#2842 = SURFACE_CURVE('',#2843,(#2847,#2854),.PCURVE_S1.);
#2843 = LINE('',#2844,#2845);
#2844 = CARTESIAN_POINT('',(-1.890601756055,2.15,1.));
#2845 = VECTOR('',#2846,1.);
#2846 = DIRECTION('',(1.,6.335854525113E-17,0.));
#2847 = PCURVE('',#2733,#2848);
#2848 = DEFINITIONAL_REPRESENTATION('',(#2849),#2853);
#2849 = LINE('',#2850,#2851);
#2850 = CARTESIAN_POINT('',(5.497787143782,0.));
#2851 = VECTOR('',#2852,1.);
#2852 = DIRECTION('',(1.638265928558E-16,-1.));
#2853 = ( GEOMETRIC_REPRESENTATION_CONTEXT(2) 
PARAMETRIC_REPRESENTATION_CONTEXT() REPRESENTATION_CONTEXT('2D SPACE',''
  ) );
#2854 = PCURVE('',#1915,#2855);
#2855 = DEFINITIONAL_REPRESENTATION('',(#2856),#2860);
#2856 = LINE('',#2857,#2858);
#2857 = CARTESIAN_POINT('',(-1.890601756055,2.15));
#2858 = VECTOR('',#2859,1.);
#2859 = DIRECTION('',(1.,6.335854525113E-17));
#2860 = ( GEOMETRIC_REPRESENTATION_CONTEXT(2) 
PARAMETRIC_REPRESENTATION_CONTEXT() REPRESENTATION_CONTEXT('2D SPACE',''
  ) );
#2861 = ORIENTED_EDGE('',*,*,#2862,.T.);
#2862 = EDGE_CURVE('',#2840,#2816,#2863,.T.);
#2863 = SURFACE_CURVE('',#2864,(#2879,#2930),.PCURVE_S1.);
#2864 = B_SPLINE_CURVE_WITH_KNOTS('',3,(#2865,#2866,#2867,#2868,#2869,
    #2870,#2871,#2872,#2873,#2874,#2875,#2876,#2877,#2878),
  .UNSPECIFIED.,.F.,.F.,(4,2,2,2,2,2,4),(-1.632934808458E-04,0.,
    2.793589154565E-03,5.544869164497E-03,9.734847563888E-03,
    1.340136156697E-02,1.683910035364E-02),.UNSPECIFIED.);
#2865 = CARTESIAN_POINT('',(-3.723909236273,2.15,1.));
#2866 = CARTESIAN_POINT('',(-3.724181392075,2.150471387676,1.));
#2867 = CARTESIAN_POINT('',(-3.724453525495,2.150942788265,
    0.999996666905));
#2868 = CARTESIAN_POINT('',(-3.72938048345,2.159478400592,0.999875947071
    ));
#2869 = CARTESIAN_POINT('',(-3.734022268874,2.167535307193,
    0.998786228438));
#2870 = CARTESIAN_POINT('',(-3.743005341776,2.183155609546,
    0.994683268216));
#2871 = CARTESIAN_POINT('',(-3.747346849154,2.190718939119,
    0.991700723134));
#2872 = CARTESIAN_POINT('',(-3.757739822794,2.208853306598,
    0.981803465958));
#2873 = CARTESIAN_POINT('',(-3.763462759006,2.218867295608,
    0.973680602831));
#2874 = CARTESIAN_POINT('',(-3.772370192566,2.234478974179,
    0.954723442526));
#2875 = CARTESIAN_POINT('',(-3.775714502563,2.240352301009,
    0.944492083248));
#2876 = CARTESIAN_POINT('',(-3.780094741843,2.248049247589,
    0.922630294132));
#2877 = CARTESIAN_POINT('',(-3.781203512111,2.25,0.911407546405));
#2878 = CARTESIAN_POINT('',(-3.781203512111,2.25,0.9));
#2879 = PCURVE('',#2733,#2880);
#2880 = DEFINITIONAL_REPRESENTATION('',(#2881),#2929);
#2881 = B_SPLINE_CURVE_WITH_KNOTS('',3,(#2882,#2883,#2884,#2885,#2886,
    #2887,#2888,#2889,#2890,#2891,#2892,#2893,#2894,#2895,#2896,#2897,
    #2898,#2899,#2900,#2901,#2902,#2903,#2904,#2905,#2906,#2907,#2908,
    #2909,#2910,#2911,#2912,#2913,#2914,#2915,#2916,#2917,#2918,#2919,
    #2920,#2921,#2922,#2923,#2924,#2925,#2926,#2927,#2928),
  .UNSPECIFIED.,.F.,.F.,(4,1,1,1,1,1,1,1,1,1,1,1,1,1,1,1,1,1,1,1,1,1,1,1
    ,1,1,1,1,1,1,1,1,1,1,1,1,1,1,1,1,1,1,1,1,4),(-1.632934808458E-04,
    2.231245608471E-04,6.095426025401E-04,9.95960644233E-04,
    1.382378685926E-03,1.768796727619E-03,2.155214769312E-03,
    2.541632811005E-03,2.928050852698E-03,3.314468894391E-03,
    3.700886936083E-03,4.087304977776E-03,4.473723019469E-03,
    4.860141061162E-03,5.246559102855E-03,5.632977144548E-03,
    6.019395186241E-03,6.405813227934E-03,6.792231269627E-03,
    7.17864931132E-03,7.565067353013E-03,7.951485394706E-03,
    8.337903436398E-03,8.724321478091E-03,9.110739519784E-03,
    9.497157561477E-03,9.88357560317E-03,1.026999364486E-02,
    1.065641168656E-02,1.104282972825E-02,1.142924776994E-02,
    1.181566581163E-02,1.220208385333E-02,1.258850189502E-02,
    1.297491993671E-02,1.336133797841E-02,1.37477560201E-02,
    1.413417406179E-02,1.452059210349E-02,1.490701014518E-02,
    1.529342818687E-02,1.567984622856E-02,1.606626427026E-02,
    1.645268231195E-02,1.683910035364E-02),.UNSPECIFIED.);
#2882 = CARTESIAN_POINT('',(5.497787143782,1.833307480218));
#2883 = CARTESIAN_POINT('',(5.508942144977,1.833951515591));
#2884 = CARTESIAN_POINT('',(5.53125338486,1.835239319557));
#2885 = CARTESIAN_POINT('',(5.564732935871,1.837168586367));
#2886 = CARTESIAN_POINT('',(5.598234065474,1.839093772276));
#2887 = CARTESIAN_POINT('',(5.631765980627,1.841013245893));
#2888 = CARTESIAN_POINT('',(5.66533801836,1.842925371019));
#2889 = CARTESIAN_POINT('',(5.698959954722,1.844828520318));
#2890 = CARTESIAN_POINT('',(5.732641342685,1.846721035806));
#2891 = CARTESIAN_POINT('',(5.766394221827,1.848601373234));
#2892 = CARTESIAN_POINT('',(5.800220658856,1.850467417986));
#2893 = CARTESIAN_POINT('',(5.834128430733,1.8523173728));
#2894 = CARTESIAN_POINT('',(5.868126674171,1.854149480195));
#2895 = CARTESIAN_POINT('',(5.902224761226,1.855961962277));
#2896 = CARTESIAN_POINT('',(5.936433610455,1.857753083018));
#2897 = CARTESIAN_POINT('',(5.970761992521,1.859520959347));
#2898 = CARTESIAN_POINT('',(6.00523038536,1.8612642545));
#2899 = CARTESIAN_POINT('',(6.039813964988,1.862979308073));
#2900 = CARTESIAN_POINT('',(6.074511523545,1.864663741467));
#2901 = CARTESIAN_POINT('',(6.109332726462,1.866315674602));
#2902 = CARTESIAN_POINT('',(6.144285455859,1.867933093718));
#2903 = CARTESIAN_POINT('',(6.179379346644,1.869514021248));
#2904 = CARTESIAN_POINT('',(6.214624910332,1.87105646854));
#2905 = CARTESIAN_POINT('',(6.250034063097,1.872558455094));
#2906 = CARTESIAN_POINT('',(6.285619390424,1.874017978876));
#2907 = CARTESIAN_POINT('',(6.32139699527,1.875433115844));
#2908 = CARTESIAN_POINT('',(6.35737620201,1.87680165152));
#2909 = CARTESIAN_POINT('',(6.393598171535,1.878122455172));
#2910 = CARTESIAN_POINT('',(6.429937320232,1.879388342303));
#2911 = CARTESIAN_POINT('',(6.466401563216,1.88059744116));
#2912 = CARTESIAN_POINT('',(6.503000523924,1.881747840029));
#2913 = CARTESIAN_POINT('',(6.539744708184,1.88283763707));
#2914 = CARTESIAN_POINT('',(6.5766460775,1.883864930912));
#2915 = CARTESIAN_POINT('',(6.613717306901,1.884827808431));
#2916 = CARTESIAN_POINT('',(6.650974833745,1.885724403048));
#2917 = CARTESIAN_POINT('',(6.68842797719,1.886552673755));
#2918 = CARTESIAN_POINT('',(6.726119892917,1.887311230717));
#2919 = CARTESIAN_POINT('',(6.763975013664,1.887996253836));
#2920 = CARTESIAN_POINT('',(6.80181652865,1.88860313153));
#2921 = CARTESIAN_POINT('',(6.839705566964,1.889132002832));
#2922 = CARTESIAN_POINT('',(6.877641823154,1.889581772201));
#2923 = CARTESIAN_POINT('',(6.915641990571,1.889951674897));
#2924 = CARTESIAN_POINT('',(6.953718895908,1.890240857543));
#2925 = CARTESIAN_POINT('',(6.991887272558,1.890448490514));
#2926 = CARTESIAN_POINT('',(7.030162241215,1.890573737817));
#2927 = CARTESIAN_POINT('',(7.055760932274,1.890601756055));
#2928 = CARTESIAN_POINT('',(7.068583470577,1.890601756055));
#2929 = ( GEOMETRIC_REPRESENTATION_CONTEXT(2) 
PARAMETRIC_REPRESENTATION_CONTEXT() REPRESENTATION_CONTEXT('2D SPACE',''
  ) );
#2930 = PCURVE('',#2931,#2936);
#2931 = TOROIDAL_SURFACE('',#2932,4.3,0.1);
#2932 = AXIS2_PLACEMENT_3D('',#2933,#2934,#2935);
#2933 = CARTESIAN_POINT('',(0.,0.,0.9));
#2934 = DIRECTION('',(0.,0.,1.));
#2935 = DIRECTION('',(1.,0.,-0.));
#2936 = DEFINITIONAL_REPRESENTATION('',(#2937),#2985);
#2937 = B_SPLINE_CURVE_WITH_KNOTS('',3,(#2938,#2939,#2940,#2941,#2942,
    #2943,#2944,#2945,#2946,#2947,#2948,#2949,#2950,#2951,#2952,#2953,
    #2954,#2955,#2956,#2957,#2958,#2959,#2960,#2961,#2962,#2963,#2964,
    #2965,#2966,#2967,#2968,#2969,#2970,#2971,#2972,#2973,#2974,#2975,
    #2976,#2977,#2978,#2979,#2980,#2981,#2982,#2983,#2984),
  .UNSPECIFIED.,.F.,.F.,(4,1,1,1,1,1,1,1,1,1,1,1,1,1,1,1,1,1,1,1,1,1,1,1
    ,1,1,1,1,1,1,1,1,1,1,1,1,1,1,1,1,1,1,1,1,4),(-1.632934808458E-04,
    2.231245608471E-04,6.095426025401E-04,9.95960644233E-04,
    1.382378685926E-03,1.768796727619E-03,2.155214769312E-03,
    2.541632811005E-03,2.928050852698E-03,3.314468894391E-03,
    3.700886936083E-03,4.087304977776E-03,4.473723019469E-03,
    4.860141061162E-03,5.246559102855E-03,5.632977144548E-03,
    6.019395186241E-03,6.405813227934E-03,6.792231269627E-03,
    7.17864931132E-03,7.565067353013E-03,7.951485394706E-03,
    8.337903436398E-03,8.724321478091E-03,9.110739519784E-03,
    9.497157561477E-03,9.88357560317E-03,1.026999364486E-02,
    1.065641168656E-02,1.104282972825E-02,1.142924776994E-02,
    1.181566581163E-02,1.220208385333E-02,1.258850189502E-02,
    1.297491993671E-02,1.336133797841E-02,1.37477560201E-02,
    1.413417406179E-02,1.452059210349E-02,1.490701014518E-02,
    1.529342818687E-02,1.567984622856E-02,1.606626427026E-02,
    1.645268231195E-02,1.683910035364E-02),.UNSPECIFIED.);
#2938 = CARTESIAN_POINT('',(2.617993877992,1.570796326795));
#2939 = CARTESIAN_POINT('',(2.61784410266,1.559641314804));
#2940 = CARTESIAN_POINT('',(2.617544729365,1.537330093333));
#2941 = CARTESIAN_POINT('',(2.617096582354,1.503850630363));
#2942 = CARTESIAN_POINT('',(2.616649730459,1.470349584203));
#2943 = CARTESIAN_POINT('',(2.616204551099,1.436817701906));
#2944 = CARTESIAN_POINT('',(2.6157614205,1.403245632553));
#2945 = CARTESIAN_POINT('',(2.615320710479,1.369623615714));
#2946 = CARTESIAN_POINT('',(2.614882797896,1.335942136322));
#2947 = CARTESIAN_POINT('',(2.614448030266,1.302189238781));
#2948 = CARTESIAN_POINT('',(2.61401688831,1.268362876993));
#2949 = CARTESIAN_POINT('',(2.613589782925,1.234455179456));
#2950 = CARTESIAN_POINT('',(2.613167112436,1.200456971756));
#2951 = CARTESIAN_POINT('',(2.612749277934,1.166358865113));
#2952 = CARTESIAN_POINT('',(2.612336668683,1.13214995134));
#2953 = CARTESIAN_POINT('',(2.611929705575,1.097821495322));
#2954 = CARTESIAN_POINT('',(2.611528682349,1.063353065369));
#2955 = CARTESIAN_POINT('',(2.611134422951,1.028769592734));
#2956 = CARTESIAN_POINT('',(2.610747463878,0.994072191747));
#2957 = CARTESIAN_POINT('',(2.610368224978,0.959251134284));
#2958 = CARTESIAN_POINT('',(2.609997155015,0.924298498617));
#2959 = CARTESIAN_POINT('',(2.609634692716,0.889204631689));
#2960 = CARTESIAN_POINT('',(2.609281277785,0.853959021648));
#2961 = CARTESIAN_POINT('',(2.608937346616,0.818549766723));
#2962 = CARTESIAN_POINT('',(2.608603339273,0.782964306242));
#2963 = CARTESIAN_POINT('',(2.608279676724,0.747186571947));
#2964 = CARTESIAN_POINT('',(2.607966845861,0.711207269245));
#2965 = CARTESIAN_POINT('',(2.607665083145,0.674985300685));
#2966 = CARTESIAN_POINT('',(2.607376018698,0.638646127765));
#2967 = CARTESIAN_POINT('',(2.607100059536,0.60218185098));
#2968 = CARTESIAN_POINT('',(2.606837621882,0.565582861086));
#2969 = CARTESIAN_POINT('',(2.606589119978,0.528838661753));
#2970 = CARTESIAN_POINT('',(2.606354968433,0.491937295951));
#2971 = CARTESIAN_POINT('',(2.606135585241,0.454866087352));
#2972 = CARTESIAN_POINT('',(2.605931378628,0.417608592623));
#2973 = CARTESIAN_POINT('',(2.605742797955,0.380155479588));
#2974 = CARTESIAN_POINT('',(2.605570144591,0.342463585957));
#2975 = CARTESIAN_POINT('',(2.605414278908,0.304608436567));
#2976 = CARTESIAN_POINT('',(2.605276236156,0.266766859908));
#2977 = CARTESIAN_POINT('',(2.605155965157,0.22887778151));
#2978 = CARTESIAN_POINT('',(2.605053700832,0.190941518789));
#2979 = CARTESIAN_POINT('',(2.60496960537,0.152941376444));
#2980 = CARTESIAN_POINT('',(2.604903864496,0.114864512687));
#2981 = CARTESIAN_POINT('',(2.60485666194,7.669617563393E-02));
#2982 = CARTESIAN_POINT('',(2.604828185996,3.842122783206E-02));
#2983 = CARTESIAN_POINT('',(2.604821815027,1.282253991344E-02));
#2984 = CARTESIAN_POINT('',(2.604821814718,0.));
#2985 = ( GEOMETRIC_REPRESENTATION_CONTEXT(2) 
PARAMETRIC_REPRESENTATION_CONTEXT() REPRESENTATION_CONTEXT('2D SPACE',''
  ) );
#2986 = ADVANCED_FACE('',(#2987),#2931,.T.);
#2987 = FACE_BOUND('',#2988,.T.);
#2988 = EDGE_LOOP('',(#2989,#3013,#3014,#3042));
#2989 = ORIENTED_EDGE('',*,*,#2990,.T.);
#2990 = EDGE_CURVE('',#2991,#2816,#2993,.T.);
#2991 = VERTEX_POINT('',#2992);
#2992 = CARTESIAN_POINT('',(3.781203512111,2.25,0.9));
#2993 = SURFACE_CURVE('',#2994,(#2999,#3006),.PCURVE_S1.);
#2994 = CIRCLE('',#2995,4.4);
#2995 = AXIS2_PLACEMENT_3D('',#2996,#2997,#2998);
#2996 = CARTESIAN_POINT('',(0.,0.,0.9));
#2997 = DIRECTION('',(0.,0.,1.));
#2998 = DIRECTION('',(6.123233995737E-17,1.,-0.));
#2999 = PCURVE('',#2931,#3000);
#3000 = DEFINITIONAL_REPRESENTATION('',(#3001),#3005);
#3001 = LINE('',#3002,#3003);
#3002 = CARTESIAN_POINT('',(-4.712388980385,0.));
#3003 = VECTOR('',#3004,1.);
#3004 = DIRECTION('',(1.,0.));
#3005 = ( GEOMETRIC_REPRESENTATION_CONTEXT(2) 
PARAMETRIC_REPRESENTATION_CONTEXT() REPRESENTATION_CONTEXT('2D SPACE',''
  ) );
#3006 = PCURVE('',#765,#3007);
#3007 = DEFINITIONAL_REPRESENTATION('',(#3008),#3012);
#3008 = LINE('',#3009,#3010);
#3009 = CARTESIAN_POINT('',(-4.712388980385,0.9));
#3010 = VECTOR('',#3011,1.);
#3011 = DIRECTION('',(1.,0.));
#3012 = ( GEOMETRIC_REPRESENTATION_CONTEXT(2) 
PARAMETRIC_REPRESENTATION_CONTEXT() REPRESENTATION_CONTEXT('2D SPACE',''
  ) );
#3013 = ORIENTED_EDGE('',*,*,#2862,.F.);
#3014 = ORIENTED_EDGE('',*,*,#3015,.T.);
#3015 = EDGE_CURVE('',#2840,#3016,#3018,.T.);
#3016 = VERTEX_POINT('',#3017);
#3017 = CARTESIAN_POINT('',(3.723909236273,2.15,1.));
#3018 = SURFACE_CURVE('',#3019,(#3024,#3031),.PCURVE_S1.);
#3019 = CIRCLE('',#3020,4.3);
#3020 = AXIS2_PLACEMENT_3D('',#3021,#3022,#3023);
#3021 = CARTESIAN_POINT('',(0.,0.,1.));
#3022 = DIRECTION('',(0.,0.,-1.));
#3023 = DIRECTION('',(6.123233995737E-17,1.,0.));
#3024 = PCURVE('',#2931,#3025);
#3025 = DEFINITIONAL_REPRESENTATION('',(#3026),#3030);
#3026 = LINE('',#3027,#3028);
#3027 = CARTESIAN_POINT('',(7.853981633974,1.570796326795));
#3028 = VECTOR('',#3029,1.);
#3029 = DIRECTION('',(-1.,7.421294256748E-16));
#3030 = ( GEOMETRIC_REPRESENTATION_CONTEXT(2) 
PARAMETRIC_REPRESENTATION_CONTEXT() REPRESENTATION_CONTEXT('2D SPACE',''
  ) );
#3031 = PCURVE('',#1915,#3032);
#3032 = DEFINITIONAL_REPRESENTATION('',(#3033),#3041);
#3033 = ( BOUNDED_CURVE() B_SPLINE_CURVE(2,(#3034,#3035,#3036,#3037,
#3038,#3039,#3040),.UNSPECIFIED.,.T.,.F.) B_SPLINE_CURVE_WITH_KNOTS((1,2
    ,2,2,2,1),(-2.094395102393,0.,2.094395102393,4.188790204786,
6.28318530718,8.377580409573),.UNSPECIFIED.) CURVE() 
GEOMETRIC_REPRESENTATION_ITEM() RATIONAL_B_SPLINE_CURVE((1.,0.5,1.,0.5,
1.,0.5,1.)) REPRESENTATION_ITEM('') );
#3034 = CARTESIAN_POINT('',(2.632990618167E-16,4.3));
#3035 = CARTESIAN_POINT('',(7.447818472546,4.3));
#3036 = CARTESIAN_POINT('',(3.723909236273,-2.15));
#3037 = CARTESIAN_POINT('',(5.265981236333E-16,-8.6));
#3038 = CARTESIAN_POINT('',(-3.723909236273,-2.15));
#3039 = CARTESIAN_POINT('',(-7.447818472546,4.3));
#3040 = CARTESIAN_POINT('',(2.632990618167E-16,4.3));
#3041 = ( GEOMETRIC_REPRESENTATION_CONTEXT(2) 
PARAMETRIC_REPRESENTATION_CONTEXT() REPRESENTATION_CONTEXT('2D SPACE',''
  ) );
#3042 = ORIENTED_EDGE('',*,*,#3043,.T.);
#3043 = EDGE_CURVE('',#3016,#2991,#3044,.T.);
#3044 = SURFACE_CURVE('',#3045,(#3060,#3111),.PCURVE_S1.);
#3045 = B_SPLINE_CURVE_WITH_KNOTS('',3,(#3046,#3047,#3048,#3049,#3050,
    #3051,#3052,#3053,#3054,#3055,#3056,#3057,#3058,#3059),
  .UNSPECIFIED.,.F.,.F.,(4,2,2,2,2,2,4),(-3.384149418816E-02,
    -3.367820070731E-02,-3.088461155274E-02,-2.813333154281E-02,
    -2.394335314341E-02,-2.027683914032E-02,-1.683910035365E-02),
  .UNSPECIFIED.);
#3046 = CARTESIAN_POINT('',(3.723909236273,2.15,1.));
#3047 = CARTESIAN_POINT('',(3.724181392075,2.150471387676,1.));
#3048 = CARTESIAN_POINT('',(3.724453525495,2.150942788265,0.999996666905
    ));
#3049 = CARTESIAN_POINT('',(3.72938048345,2.159478400592,0.999875947071)
  );
#3050 = CARTESIAN_POINT('',(3.734022268874,2.167535307193,0.998786228438
    ));
#3051 = CARTESIAN_POINT('',(3.743005341776,2.183155609546,0.994683268216
    ));
#3052 = CARTESIAN_POINT('',(3.747346849154,2.190718939119,0.991700723134
    ));
#3053 = CARTESIAN_POINT('',(3.757739822794,2.208853306598,0.981803465958
    ));
#3054 = CARTESIAN_POINT('',(3.763462759006,2.218867295608,0.973680602831
    ));
#3055 = CARTESIAN_POINT('',(3.772370192566,2.234478974179,0.954723442526
    ));
#3056 = CARTESIAN_POINT('',(3.775714502563,2.240352301009,0.944492083248
    ));
#3057 = CARTESIAN_POINT('',(3.780094741843,2.248049247589,0.922630294132
    ));
#3058 = CARTESIAN_POINT('',(3.781203512111,2.25,0.911407546405));
#3059 = CARTESIAN_POINT('',(3.781203512111,2.25,0.9));
#3060 = PCURVE('',#2931,#3061);
#3061 = DEFINITIONAL_REPRESENTATION('',(#3062),#3110);
#3062 = B_SPLINE_CURVE_WITH_KNOTS('',3,(#3063,#3064,#3065,#3066,#3067,
    #3068,#3069,#3070,#3071,#3072,#3073,#3074,#3075,#3076,#3077,#3078,
    #3079,#3080,#3081,#3082,#3083,#3084,#3085,#3086,#3087,#3088,#3089,
    #3090,#3091,#3092,#3093,#3094,#3095,#3096,#3097,#3098,#3099,#3100,
    #3101,#3102,#3103,#3104,#3105,#3106,#3107,#3108,#3109),
  .UNSPECIFIED.,.F.,.F.,(4,1,1,1,1,1,1,1,1,1,1,1,1,1,1,1,1,1,1,1,1,1,1,1
    ,1,1,1,1,1,1,1,1,1,1,1,1,1,1,1,1,1,1,1,1,4),(-3.384149418816E-02,
    -3.345507614646E-02,-3.306865810477E-02,-3.268224006308E-02,
    -3.229582202138E-02,-3.190940397969E-02,-3.1522985938E-02,
    -3.11365678963E-02,-3.075014985461E-02,-3.036373181292E-02,
    -2.997731377122E-02,-2.959089572953E-02,-2.920447768784E-02,
    -2.881805964614E-02,-2.843164160445E-02,-2.804522356276E-02,
    -2.765880552106E-02,-2.727238747937E-02,-2.688596943768E-02,
    -2.649955139598E-02,-2.611313335429E-02,-2.57267153126E-02,
    -2.53402972709E-02,-2.495387922921E-02,-2.456746118752E-02,
    -2.418104314582E-02,-2.379462510413E-02,-2.340820706244E-02,
    -2.302178902074E-02,-2.263537097905E-02,-2.224895293736E-02,
    -2.186253489566E-02,-2.147611685397E-02,-2.108969881228E-02,
    -2.070328077058E-02,-2.031686272889E-02,-1.99304446872E-02,
    -1.95440266455E-02,-1.915760860381E-02,-1.877119056212E-02,
    -1.838477252043E-02,-1.799835447873E-02,-1.761193643704E-02,
    -1.722551839535E-02,-1.683910035365E-02),.UNSPECIFIED.);
#3063 = CARTESIAN_POINT('',(0.523598775598,1.570796326795));
#3064 = CARTESIAN_POINT('',(0.52374855093,1.559641314804));
#3065 = CARTESIAN_POINT('',(0.524047924225,1.537330093333));
#3066 = CARTESIAN_POINT('',(0.524496071236,1.503850630363));
#3067 = CARTESIAN_POINT('',(0.524942923131,1.470349584203));
#3068 = CARTESIAN_POINT('',(0.52538810249,1.436817701906));
#3069 = CARTESIAN_POINT('',(0.525831233089,1.403245632553));
#3070 = CARTESIAN_POINT('',(0.526271943111,1.369623615714));
#3071 = CARTESIAN_POINT('',(0.526709855693,1.335942136322));
#3072 = CARTESIAN_POINT('',(0.527144623324,1.302189238781));
#3073 = CARTESIAN_POINT('',(0.52757576528,1.268362876993));
#3074 = CARTESIAN_POINT('',(0.528002870665,1.234455179456));
#3075 = CARTESIAN_POINT('',(0.528425541154,1.200456971756));
#3076 = CARTESIAN_POINT('',(0.528843375656,1.166358865113));
#3077 = CARTESIAN_POINT('',(0.529255984906,1.132149951341));
#3078 = CARTESIAN_POINT('',(0.529662948015,1.097821495322));
#3079 = CARTESIAN_POINT('',(0.530063971241,1.063353065369));
#3080 = CARTESIAN_POINT('',(0.530458230638,1.028769592734));
#3081 = CARTESIAN_POINT('',(0.530845189711,0.994072191747));
#3082 = CARTESIAN_POINT('',(0.531224428612,0.959251134284));
#3083 = CARTESIAN_POINT('',(0.531595498575,0.924298498617));
#3084 = CARTESIAN_POINT('',(0.531957960874,0.88920463169));
#3085 = CARTESIAN_POINT('',(0.532311375804,0.853959021648));
#3086 = CARTESIAN_POINT('',(0.532655306974,0.818549766723));
#3087 = CARTESIAN_POINT('',(0.532989314317,0.782964306242));
#3088 = CARTESIAN_POINT('',(0.533312976866,0.747186571947));
#3089 = CARTESIAN_POINT('',(0.533625807729,0.711207269246));
#3090 = CARTESIAN_POINT('',(0.533927570444,0.674985300686));
#3091 = CARTESIAN_POINT('',(0.534216634892,0.638646127765));
#3092 = CARTESIAN_POINT('',(0.534492594054,0.602181850981));
#3093 = CARTESIAN_POINT('',(0.534755031708,0.565582861086));
#3094 = CARTESIAN_POINT('',(0.535003533612,0.528838661753));
#3095 = CARTESIAN_POINT('',(0.535237685157,0.491937295951));
#3096 = CARTESIAN_POINT('',(0.535457068349,0.454866087352));
#3097 = CARTESIAN_POINT('',(0.535661274962,0.417608592623));
#3098 = CARTESIAN_POINT('',(0.535849855634,0.380155479588));
#3099 = CARTESIAN_POINT('',(0.536022508998,0.342463585957));
#3100 = CARTESIAN_POINT('',(0.536178374682,0.304608436567));
#3101 = CARTESIAN_POINT('',(0.536316417434,0.266766859909));
#3102 = CARTESIAN_POINT('',(0.536436688433,0.22887778151));
#3103 = CARTESIAN_POINT('',(0.536538952758,0.190941518789));
#3104 = CARTESIAN_POINT('',(0.53662304822,0.152941376444));
#3105 = CARTESIAN_POINT('',(0.536688789093,0.114864512687));
#3106 = CARTESIAN_POINT('',(0.53673599165,7.669617563401E-02));
#3107 = CARTESIAN_POINT('',(0.536764467594,3.842122783211E-02));
#3108 = CARTESIAN_POINT('',(0.536770838563,1.282253991346E-02));
#3109 = CARTESIAN_POINT('',(0.536770838871,0.));
#3110 = ( GEOMETRIC_REPRESENTATION_CONTEXT(2) 
PARAMETRIC_REPRESENTATION_CONTEXT() REPRESENTATION_CONTEXT('2D SPACE',''
  ) );
#3111 = PCURVE('',#2121,#3112);
#3112 = DEFINITIONAL_REPRESENTATION('',(#3113),#3161);
#3113 = B_SPLINE_CURVE_WITH_KNOTS('',3,(#3114,#3115,#3116,#3117,#3118,
    #3119,#3120,#3121,#3122,#3123,#3124,#3125,#3126,#3127,#3128,#3129,
    #3130,#3131,#3132,#3133,#3134,#3135,#3136,#3137,#3138,#3139,#3140,
    #3141,#3142,#3143,#3144,#3145,#3146,#3147,#3148,#3149,#3150,#3151,
    #3152,#3153,#3154,#3155,#3156,#3157,#3158,#3159,#3160),
  .UNSPECIFIED.,.F.,.F.,(4,1,1,1,1,1,1,1,1,1,1,1,1,1,1,1,1,1,1,1,1,1,1,1
    ,1,1,1,1,1,1,1,1,1,1,1,1,1,1,1,1,1,1,1,1,4),(-3.384149418816E-02,
    -3.345507614646E-02,-3.306865810477E-02,-3.268224006308E-02,
    -3.229582202138E-02,-3.190940397969E-02,-3.1522985938E-02,
    -3.11365678963E-02,-3.075014985461E-02,-3.036373181292E-02,
    -2.997731377122E-02,-2.959089572953E-02,-2.920447768784E-02,
    -2.881805964614E-02,-2.843164160445E-02,-2.804522356276E-02,
    -2.765880552106E-02,-2.727238747937E-02,-2.688596943768E-02,
    -2.649955139598E-02,-2.611313335429E-02,-2.57267153126E-02,
    -2.53402972709E-02,-2.495387922921E-02,-2.456746118752E-02,
    -2.418104314582E-02,-2.379462510413E-02,-2.340820706244E-02,
    -2.302178902074E-02,-2.263537097905E-02,-2.224895293736E-02,
    -2.186253489566E-02,-2.147611685397E-02,-2.108969881228E-02,
    -2.070328077058E-02,-2.031686272889E-02,-1.99304446872E-02,
    -1.95440266455E-02,-1.915760860381E-02,-1.877119056212E-02,
    -1.838477252043E-02,-1.799835447873E-02,-1.761193643704E-02,
    -1.722551839535E-02,-1.683910035365E-02),.UNSPECIFIED.);
#3114 = CARTESIAN_POINT('',(5.497787143783,17.084489007671));
#3115 = CARTESIAN_POINT('',(5.508942144977,17.083844972297));
#3116 = CARTESIAN_POINT('',(5.53125338486,17.082557168331));
#3117 = CARTESIAN_POINT('',(5.564732935871,17.080627901522));
#3118 = CARTESIAN_POINT('',(5.598234065474,17.078702715613));
#3119 = CARTESIAN_POINT('',(5.631765980628,17.076783241995));
#3120 = CARTESIAN_POINT('',(5.665338018361,17.07487111687));
#3121 = CARTESIAN_POINT('',(5.698959954722,17.07296796757));
#3122 = CARTESIAN_POINT('',(5.732641342686,17.071075452083));
#3123 = CARTESIAN_POINT('',(5.766394221828,17.069195114654));
#3124 = CARTESIAN_POINT('',(5.800220658856,17.067329069902));
#3125 = CARTESIAN_POINT('',(5.834128430733,17.065479115088));
#3126 = CARTESIAN_POINT('',(5.868126674171,17.063647007694));
#3127 = CARTESIAN_POINT('',(5.902224761226,17.061834525611));
#3128 = CARTESIAN_POINT('',(5.936433610456,17.06004340487));
#3129 = CARTESIAN_POINT('',(5.970761992522,17.058275528542));
#3130 = CARTESIAN_POINT('',(6.00523038536,17.056532233388));
#3131 = CARTESIAN_POINT('',(6.039813964988,17.054817179815));
#3132 = CARTESIAN_POINT('',(6.074511523545,17.053132746421));
#3133 = CARTESIAN_POINT('',(6.109332726462,17.051480813287));
#3134 = CARTESIAN_POINT('',(6.144285455859,17.049863394171));
#3135 = CARTESIAN_POINT('',(6.179379346644,17.04828246664));
#3136 = CARTESIAN_POINT('',(6.214624910332,17.046740019348));
#3137 = CARTESIAN_POINT('',(6.250034063097,17.045238032794));
#3138 = CARTESIAN_POINT('',(6.285619390424,17.043778509012));
#3139 = CARTESIAN_POINT('',(6.32139699527,17.042363372045));
#3140 = CARTESIAN_POINT('',(6.35737620201,17.040994836369));
#3141 = CARTESIAN_POINT('',(6.393598171535,17.039674032716));
#3142 = CARTESIAN_POINT('',(6.429937320232,17.038408145585));
#3143 = CARTESIAN_POINT('',(6.466401563216,17.037199046728));
#3144 = CARTESIAN_POINT('',(6.503000523924,17.036048647859));
#3145 = CARTESIAN_POINT('',(6.539744708184,17.034958850818));
#3146 = CARTESIAN_POINT('',(6.576646077501,17.033931556976));
#3147 = CARTESIAN_POINT('',(6.613717306901,17.032968679458));
#3148 = CARTESIAN_POINT('',(6.650974833746,17.03207208484));
#3149 = CARTESIAN_POINT('',(6.68842797719,17.031243814133));
#3150 = CARTESIAN_POINT('',(6.726119892918,17.030485257172));
#3151 = CARTESIAN_POINT('',(6.763975013664,17.029800234052));
#3152 = CARTESIAN_POINT('',(6.801816528651,17.029193356358));
#3153 = CARTESIAN_POINT('',(6.839705566964,17.028664485056));
#3154 = CARTESIAN_POINT('',(6.877641823155,17.028214715688));
#3155 = CARTESIAN_POINT('',(6.915641990571,17.027844812991));
#3156 = CARTESIAN_POINT('',(6.953718895909,17.027555630345));
#3157 = CARTESIAN_POINT('',(6.991887272558,17.027347997374));
#3158 = CARTESIAN_POINT('',(7.030162241216,17.027222750071));
#3159 = CARTESIAN_POINT('',(7.055760932274,17.027194731833));
#3160 = CARTESIAN_POINT('',(7.068583470577,17.027194731833));
#3161 = ( GEOMETRIC_REPRESENTATION_CONTEXT(2) 
PARAMETRIC_REPRESENTATION_CONTEXT() REPRESENTATION_CONTEXT('2D SPACE',''
  ) );
#3162 = ADVANCED_FACE('',(#3163),#2121,.T.);
#3163 = FACE_BOUND('',#3164,.T.);
#3164 = EDGE_LOOP('',(#3165,#3186,#3187,#3208));
#3165 = ORIENTED_EDGE('',*,*,#3166,.T.);
#3166 = EDGE_CURVE('',#1739,#2991,#3167,.T.);
#3167 = SURFACE_CURVE('',#3168,(#3172,#3179),.PCURVE_S1.);
#3168 = LINE('',#3169,#3170);
#3169 = CARTESIAN_POINT('',(20.808398243944,2.25,0.9));
#3170 = VECTOR('',#3171,1.);
#3171 = DIRECTION('',(-1.,-6.335854525113E-17,0.));
#3172 = PCURVE('',#2121,#3173);
#3173 = DEFINITIONAL_REPRESENTATION('',(#3174),#3178);
#3174 = LINE('',#3175,#3176);
#3175 = CARTESIAN_POINT('',(7.068583470577,0.));
#3176 = VECTOR('',#3177,1.);
#3177 = DIRECTION('',(0.,1.));
#3178 = ( GEOMETRIC_REPRESENTATION_CONTEXT(2) 
PARAMETRIC_REPRESENTATION_CONTEXT() REPRESENTATION_CONTEXT('2D SPACE',''
  ) );
#3179 = PCURVE('',#583,#3180);
#3180 = DEFINITIONAL_REPRESENTATION('',(#3181),#3185);
#3181 = LINE('',#3182,#3183);
#3182 = CARTESIAN_POINT('',(20.808398243944,0.9));
#3183 = VECTOR('',#3184,1.);
#3184 = DIRECTION('',(1.,0.));
#3185 = ( GEOMETRIC_REPRESENTATION_CONTEXT(2) 
PARAMETRIC_REPRESENTATION_CONTEXT() REPRESENTATION_CONTEXT('2D SPACE',''
  ) );
#3186 = ORIENTED_EDGE('',*,*,#3043,.F.);
#3187 = ORIENTED_EDGE('',*,*,#3188,.T.);
#3188 = EDGE_CURVE('',#3016,#1897,#3189,.T.);
#3189 = SURFACE_CURVE('',#3190,(#3194,#3201),.PCURVE_S1.);
#3190 = LINE('',#3191,#3192);
#3191 = CARTESIAN_POINT('',(20.808398243944,2.15,1.));
#3192 = VECTOR('',#3193,1.);
#3193 = DIRECTION('',(1.,6.335854525113E-17,0.));
#3194 = PCURVE('',#2121,#3195);
#3195 = DEFINITIONAL_REPRESENTATION('',(#3196),#3200);
#3196 = LINE('',#3197,#3198);
#3197 = CARTESIAN_POINT('',(5.497787143783,0.));
#3198 = VECTOR('',#3199,1.);
#3199 = DIRECTION('',(0.,-1.));
#3200 = ( GEOMETRIC_REPRESENTATION_CONTEXT(2) 
PARAMETRIC_REPRESENTATION_CONTEXT() REPRESENTATION_CONTEXT('2D SPACE',''
  ) );
#3201 = PCURVE('',#1915,#3202);
#3202 = DEFINITIONAL_REPRESENTATION('',(#3203),#3207);
#3203 = LINE('',#3204,#3205);
#3204 = CARTESIAN_POINT('',(20.808398243944,2.15));
#3205 = VECTOR('',#3206,1.);
#3206 = DIRECTION('',(1.,6.335854525113E-17));
#3207 = ( GEOMETRIC_REPRESENTATION_CONTEXT(2) 
PARAMETRIC_REPRESENTATION_CONTEXT() REPRESENTATION_CONTEXT('2D SPACE',''
  ) );
#3208 = ORIENTED_EDGE('',*,*,#2052,.T.);
#3209 = ADVANCED_FACE('',(#3210),#945,.T.);
#3210 = FACE_BOUND('',#3211,.T.);
#3211 = EDGE_LOOP('',(#3212,#3213,#3234,#3235));
#3212 = ORIENTED_EDGE('',*,*,#931,.F.);
#3213 = ORIENTED_EDGE('',*,*,#3214,.F.);
#3214 = EDGE_CURVE('',#2663,#805,#3215,.T.);
#3215 = SURFACE_CURVE('',#3216,(#3220,#3227),.PCURVE_S1.);
#3216 = LINE('',#3217,#3218);
#3217 = CARTESIAN_POINT('',(-41.61679648788,2.25,0.));
#3218 = VECTOR('',#3219,1.);
#3219 = DIRECTION('',(0.,0.,-1.));
#3220 = PCURVE('',#945,#3221);
#3221 = DEFINITIONAL_REPRESENTATION('',(#3222),#3226);
#3222 = LINE('',#3223,#3224);
#3223 = CARTESIAN_POINT('',(37.835592975769,0.));
#3224 = VECTOR('',#3225,1.);
#3225 = DIRECTION('',(-0.,-1.));
#3226 = ( GEOMETRIC_REPRESENTATION_CONTEXT(2) 
PARAMETRIC_REPRESENTATION_CONTEXT() REPRESENTATION_CONTEXT('2D SPACE',''
  ) );
#3227 = PCURVE('',#1127,#3228);
#3228 = DEFINITIONAL_REPRESENTATION('',(#3229),#3233);
#3229 = LINE('',#3230,#3231);
#3230 = CARTESIAN_POINT('',(3.678363492461,0.));
#3231 = VECTOR('',#3232,1.);
#3232 = DIRECTION('',(0.,-1.));
#3233 = ( GEOMETRIC_REPRESENTATION_CONTEXT(2) 
PARAMETRIC_REPRESENTATION_CONTEXT() REPRESENTATION_CONTEXT('2D SPACE',''
  ) );
#3234 = ORIENTED_EDGE('',*,*,#2815,.F.);
#3235 = ORIENTED_EDGE('',*,*,#3236,.F.);
#3236 = EDGE_CURVE('',#624,#2816,#3237,.T.);
#3237 = SURFACE_CURVE('',#3238,(#3242,#3249),.PCURVE_S1.);
#3238 = LINE('',#3239,#3240);
#3239 = CARTESIAN_POINT('',(-3.781203512111,2.25,0.));
#3240 = VECTOR('',#3241,1.);
#3241 = DIRECTION('',(0.,0.,1.));
#3242 = PCURVE('',#945,#3243);
#3243 = DEFINITIONAL_REPRESENTATION('',(#3244),#3248);
#3244 = LINE('',#3245,#3246);
#3245 = CARTESIAN_POINT('',(0.,0.));
#3246 = VECTOR('',#3247,1.);
#3247 = DIRECTION('',(0.,1.));
#3248 = ( GEOMETRIC_REPRESENTATION_CONTEXT(2) 
PARAMETRIC_REPRESENTATION_CONTEXT() REPRESENTATION_CONTEXT('2D SPACE',''
  ) );
#3249 = PCURVE('',#765,#3250);
#3250 = DEFINITIONAL_REPRESENTATION('',(#3251),#3255);
#3251 = LINE('',#3252,#3253);
#3252 = CARTESIAN_POINT('',(2.604821814718,0.));
#3253 = VECTOR('',#3254,1.);
#3254 = DIRECTION('',(0.,1.));
#3255 = ( GEOMETRIC_REPRESENTATION_CONTEXT(2) 
PARAMETRIC_REPRESENTATION_CONTEXT() REPRESENTATION_CONTEXT('2D SPACE',''
  ) );
#3256 = ADVANCED_FACE('',(#3257),#765,.T.);
#3257 = FACE_BOUND('',#3258,.T.);
#3258 = EDGE_LOOP('',(#3259,#3260,#3261,#3262));
#3259 = ORIENTED_EDGE('',*,*,#750,.F.);
#3260 = ORIENTED_EDGE('',*,*,#3236,.T.);
#3261 = ORIENTED_EDGE('',*,*,#2990,.F.);
#3262 = ORIENTED_EDGE('',*,*,#3263,.F.);
#3263 = EDGE_CURVE('',#443,#2991,#3264,.T.);
#3264 = SURFACE_CURVE('',#3265,(#3269,#3276),.PCURVE_S1.);
#3265 = LINE('',#3266,#3267);
#3266 = CARTESIAN_POINT('',(3.781203512111,2.25,0.));
#3267 = VECTOR('',#3268,1.);
#3268 = DIRECTION('',(0.,0.,1.));
#3269 = PCURVE('',#765,#3270);
#3270 = DEFINITIONAL_REPRESENTATION('',(#3271),#3275);
#3271 = LINE('',#3272,#3273);
#3272 = CARTESIAN_POINT('',(0.536770838871,0.));
#3273 = VECTOR('',#3274,1.);
#3274 = DIRECTION('',(0.,1.));
#3275 = ( GEOMETRIC_REPRESENTATION_CONTEXT(2) 
PARAMETRIC_REPRESENTATION_CONTEXT() REPRESENTATION_CONTEXT('2D SPACE',''
  ) );
#3276 = PCURVE('',#583,#3277);
#3277 = DEFINITIONAL_REPRESENTATION('',(#3278),#3282);
#3278 = LINE('',#3279,#3280);
#3279 = CARTESIAN_POINT('',(37.835592975777,0.));
#3280 = VECTOR('',#3281,1.);
#3281 = DIRECTION('',(0.,1.));
#3282 = ( GEOMETRIC_REPRESENTATION_CONTEXT(2) 
PARAMETRIC_REPRESENTATION_CONTEXT() REPRESENTATION_CONTEXT('2D SPACE',''
  ) );
#3283 = ADVANCED_FACE('',(#3284),#583,.T.);
#3284 = FACE_BOUND('',#3285,.T.);
#3285 = EDGE_LOOP('',(#3286,#3287,#3288,#3289));
#3286 = ORIENTED_EDGE('',*,*,#569,.F.);
#3287 = ORIENTED_EDGE('',*,*,#3263,.T.);
#3288 = ORIENTED_EDGE('',*,*,#3166,.F.);
#3289 = ORIENTED_EDGE('',*,*,#1738,.F.);
#3290 = ADVANCED_FACE('',(#3291,#3301,#3331,#3361),#1915,.T.);
#3291 = FACE_BOUND('',#3292,.T.);
#3292 = EDGE_LOOP('',(#3293,#3294,#3295,#3296,#3297,#3298,#3299,#3300));
#3293 = ORIENTED_EDGE('',*,*,#1896,.F.);
#3294 = ORIENTED_EDGE('',*,*,#3188,.F.);
#3295 = ORIENTED_EDGE('',*,*,#3015,.F.);
#3296 = ORIENTED_EDGE('',*,*,#2839,.F.);
#3297 = ORIENTED_EDGE('',*,*,#2634,.F.);
#3298 = ORIENTED_EDGE('',*,*,#2481,.F.);
#3299 = ORIENTED_EDGE('',*,*,#2328,.F.);
#3300 = ORIENTED_EDGE('',*,*,#2180,.F.);
#3301 = FACE_BOUND('',#3302,.T.);
#3302 = EDGE_LOOP('',(#3303));
#3303 = ORIENTED_EDGE('',*,*,#3304,.T.);
#3304 = EDGE_CURVE('',#3305,#3305,#3307,.T.);
#3305 = VERTEX_POINT('',#3306);
#3306 = CARTESIAN_POINT('',(-2.5,-3.061616997868E-16,1.));
#3307 = SURFACE_CURVE('',#3308,(#3313,#3324),.PCURVE_S1.);
#3308 = CIRCLE('',#3309,2.5);
#3309 = AXIS2_PLACEMENT_3D('',#3310,#3311,#3312);
#3310 = CARTESIAN_POINT('',(0.,0.,1.));
#3311 = DIRECTION('',(0.,0.,-1.));
#3312 = DIRECTION('',(1.,0.,0.));
#3313 = PCURVE('',#1915,#3314);
#3314 = DEFINITIONAL_REPRESENTATION('',(#3315),#3323);
#3315 = ( BOUNDED_CURVE() B_SPLINE_CURVE(2,(#3316,#3317,#3318,#3319,
#3320,#3321,#3322),.UNSPECIFIED.,.T.,.F.) B_SPLINE_CURVE_WITH_KNOTS((1,2
    ,2,2,2,1),(-2.094395102393,0.,2.094395102393,4.188790204786,
6.28318530718,8.377580409573),.UNSPECIFIED.) CURVE() 
GEOMETRIC_REPRESENTATION_ITEM() RATIONAL_B_SPLINE_CURVE((1.,0.5,1.,0.5,
1.,0.5,1.)) REPRESENTATION_ITEM('') );
#3316 = CARTESIAN_POINT('',(2.5,0.));
#3317 = CARTESIAN_POINT('',(2.5,-4.330127018922));
#3318 = CARTESIAN_POINT('',(-1.25,-2.165063509461));
#3319 = CARTESIAN_POINT('',(-5.,-6.123233995737E-16));
#3320 = CARTESIAN_POINT('',(-1.25,2.165063509461));
#3321 = CARTESIAN_POINT('',(2.5,4.330127018922));
#3322 = CARTESIAN_POINT('',(2.5,0.));
#3323 = ( GEOMETRIC_REPRESENTATION_CONTEXT(2) 
PARAMETRIC_REPRESENTATION_CONTEXT() REPRESENTATION_CONTEXT('2D SPACE',''
  ) );
#3324 = PCURVE('',#1819,#3325);
#3325 = DEFINITIONAL_REPRESENTATION('',(#3326),#3330);
#3326 = LINE('',#3327,#3328);
#3327 = CARTESIAN_POINT('',(12.56637061436,1.));
#3328 = VECTOR('',#3329,1.);
#3329 = DIRECTION('',(-1.,0.));
#3330 = ( GEOMETRIC_REPRESENTATION_CONTEXT(2) 
PARAMETRIC_REPRESENTATION_CONTEXT() REPRESENTATION_CONTEXT('2D SPACE',''
  ) );
#3331 = FACE_BOUND('',#3332,.T.);
#3332 = EDGE_LOOP('',(#3333));
#3333 = ORIENTED_EDGE('',*,*,#3334,.T.);
#3334 = EDGE_CURVE('',#3335,#3335,#3337,.T.);
#3335 = VERTEX_POINT('',#3336);
#3336 = CARTESIAN_POINT('',(-47.898,-3.061616997868E-16,1.));
#3337 = SURFACE_CURVE('',#3338,(#3343,#3354),.PCURVE_S1.);
#3338 = CIRCLE('',#3339,2.5);
#3339 = AXIS2_PLACEMENT_3D('',#3340,#3341,#3342);
#3340 = CARTESIAN_POINT('',(-45.398,0.,1.));
#3341 = DIRECTION('',(0.,0.,-1.));
#3342 = DIRECTION('',(1.,0.,0.));
#3343 = PCURVE('',#1915,#3344);
#3344 = DEFINITIONAL_REPRESENTATION('',(#3345),#3353);
#3345 = ( BOUNDED_CURVE() B_SPLINE_CURVE(2,(#3346,#3347,#3348,#3349,
#3350,#3351,#3352),.UNSPECIFIED.,.T.,.F.) B_SPLINE_CURVE_WITH_KNOTS((1,2
    ,2,2,2,1),(-2.094395102393,0.,2.094395102393,4.188790204786,
6.28318530718,8.377580409573),.UNSPECIFIED.) CURVE() 
GEOMETRIC_REPRESENTATION_ITEM() RATIONAL_B_SPLINE_CURVE((1.,0.5,1.,0.5,
1.,0.5,1.)) REPRESENTATION_ITEM('') );
#3346 = CARTESIAN_POINT('',(-42.898,0.));
#3347 = CARTESIAN_POINT('',(-42.898,-4.330127018922));
#3348 = CARTESIAN_POINT('',(-46.648,-2.165063509461));
#3349 = CARTESIAN_POINT('',(-50.398,-6.123233995737E-16));
#3350 = CARTESIAN_POINT('',(-46.648,2.165063509461));
#3351 = CARTESIAN_POINT('',(-42.898,4.330127018922));
#3352 = CARTESIAN_POINT('',(-42.898,0.));
#3353 = ( GEOMETRIC_REPRESENTATION_CONTEXT(2) 
PARAMETRIC_REPRESENTATION_CONTEXT() REPRESENTATION_CONTEXT('2D SPACE',''
  ) );
#3354 = PCURVE('',#1850,#3355);
#3355 = DEFINITIONAL_REPRESENTATION('',(#3356),#3360);
#3356 = LINE('',#3357,#3358);
#3357 = CARTESIAN_POINT('',(12.56637061436,1.));
#3358 = VECTOR('',#3359,1.);
#3359 = DIRECTION('',(-1.,0.));
#3360 = ( GEOMETRIC_REPRESENTATION_CONTEXT(2) 
PARAMETRIC_REPRESENTATION_CONTEXT() REPRESENTATION_CONTEXT('2D SPACE',''
  ) );
#3361 = FACE_BOUND('',#3362,.T.);
#3362 = EDGE_LOOP('',(#3363));
#3363 = ORIENTED_EDGE('',*,*,#3364,.T.);
#3364 = EDGE_CURVE('',#3365,#3365,#3367,.T.);
#3365 = VERTEX_POINT('',#3366);
#3366 = CARTESIAN_POINT('',(42.898,-3.061616997868E-16,1.));
#3367 = SURFACE_CURVE('',#3368,(#3373,#3384),.PCURVE_S1.);
#3368 = CIRCLE('',#3369,2.5);
#3369 = AXIS2_PLACEMENT_3D('',#3370,#3371,#3372);
#3370 = CARTESIAN_POINT('',(45.398,0.,1.));
#3371 = DIRECTION('',(0.,0.,-1.));
#3372 = DIRECTION('',(1.,0.,0.));
#3373 = PCURVE('',#1915,#3374);
#3374 = DEFINITIONAL_REPRESENTATION('',(#3375),#3383);
#3375 = ( BOUNDED_CURVE() B_SPLINE_CURVE(2,(#3376,#3377,#3378,#3379,
#3380,#3381,#3382),.UNSPECIFIED.,.T.,.F.) B_SPLINE_CURVE_WITH_KNOTS((1,2
    ,2,2,2,1),(-2.094395102393,0.,2.094395102393,4.188790204786,
6.28318530718,8.377580409573),.UNSPECIFIED.) CURVE() 
GEOMETRIC_REPRESENTATION_ITEM() RATIONAL_B_SPLINE_CURVE((1.,0.5,1.,0.5,
1.,0.5,1.)) REPRESENTATION_ITEM('') );
#3376 = CARTESIAN_POINT('',(47.898,0.));
#3377 = CARTESIAN_POINT('',(47.898,-4.330127018922));
#3378 = CARTESIAN_POINT('',(44.148,-2.165063509461));
#3379 = CARTESIAN_POINT('',(40.398,-6.123233995737E-16));
#3380 = CARTESIAN_POINT('',(44.148,2.165063509461));
#3381 = CARTESIAN_POINT('',(47.898,4.330127018922));
#3382 = CARTESIAN_POINT('',(47.898,0.));
#3383 = ( GEOMETRIC_REPRESENTATION_CONTEXT(2) 
PARAMETRIC_REPRESENTATION_CONTEXT() REPRESENTATION_CONTEXT('2D SPACE',''
  ) );
#3384 = PCURVE('',#1881,#3385);
#3385 = DEFINITIONAL_REPRESENTATION('',(#3386),#3390);
#3386 = LINE('',#3387,#3388);
#3387 = CARTESIAN_POINT('',(12.56637061436,1.));
#3388 = VECTOR('',#3389,1.);
#3389 = DIRECTION('',(-1.,0.));
#3390 = ( GEOMETRIC_REPRESENTATION_CONTEXT(2) 
PARAMETRIC_REPRESENTATION_CONTEXT() REPRESENTATION_CONTEXT('2D SPACE',''
  ) );
#3391 = ADVANCED_FACE('',(#3392),#1819,.F.);
#3392 = FACE_BOUND('',#3393,.F.);
#3393 = EDGE_LOOP('',(#3394,#3415,#3416,#3417));
#3394 = ORIENTED_EDGE('',*,*,#3395,.T.);
#3395 = EDGE_CURVE('',#3305,#1803,#3396,.T.);
#3396 = SEAM_CURVE('',#3397,(#3401,#3408),.PCURVE_S1.);
#3397 = LINE('',#3398,#3399);
#3398 = CARTESIAN_POINT('',(-2.5,-3.061616997868E-16,0.));
#3399 = VECTOR('',#3400,1.);
#3400 = DIRECTION('',(0.,0.,-1.));
#3401 = PCURVE('',#1819,#3402);
#3402 = DEFINITIONAL_REPRESENTATION('',(#3403),#3407);
#3403 = LINE('',#3404,#3405);
#3404 = CARTESIAN_POINT('',(3.14159265359,0.));
#3405 = VECTOR('',#3406,1.);
#3406 = DIRECTION('',(0.,-1.));
#3407 = ( GEOMETRIC_REPRESENTATION_CONTEXT(2) 
PARAMETRIC_REPRESENTATION_CONTEXT() REPRESENTATION_CONTEXT('2D SPACE',''
  ) );
#3408 = PCURVE('',#1819,#3409);
#3409 = DEFINITIONAL_REPRESENTATION('',(#3410),#3414);
#3410 = LINE('',#3411,#3412);
#3411 = CARTESIAN_POINT('',(9.424777960769,0.));
#3412 = VECTOR('',#3413,1.);
#3413 = DIRECTION('',(0.,-1.));
#3414 = ( GEOMETRIC_REPRESENTATION_CONTEXT(2) 
PARAMETRIC_REPRESENTATION_CONTEXT() REPRESENTATION_CONTEXT('2D SPACE',''
  ) );
#3415 = ORIENTED_EDGE('',*,*,#1802,.T.);
#3416 = ORIENTED_EDGE('',*,*,#3395,.F.);
#3417 = ORIENTED_EDGE('',*,*,#3304,.T.);
#3418 = ADVANCED_FACE('',(#3419),#1850,.F.);
#3419 = FACE_BOUND('',#3420,.F.);
#3420 = EDGE_LOOP('',(#3421,#3442,#3443,#3444));
#3421 = ORIENTED_EDGE('',*,*,#3422,.T.);
#3422 = EDGE_CURVE('',#3335,#1834,#3423,.T.);
#3423 = SEAM_CURVE('',#3424,(#3428,#3435),.PCURVE_S1.);
#3424 = LINE('',#3425,#3426);
#3425 = CARTESIAN_POINT('',(-47.898,-3.061616997868E-16,0.));
#3426 = VECTOR('',#3427,1.);
#3427 = DIRECTION('',(0.,0.,-1.));
#3428 = PCURVE('',#1850,#3429);
#3429 = DEFINITIONAL_REPRESENTATION('',(#3430),#3434);
#3430 = LINE('',#3431,#3432);
#3431 = CARTESIAN_POINT('',(3.14159265359,0.));
#3432 = VECTOR('',#3433,1.);
#3433 = DIRECTION('',(0.,-1.));
#3434 = ( GEOMETRIC_REPRESENTATION_CONTEXT(2) 
PARAMETRIC_REPRESENTATION_CONTEXT() REPRESENTATION_CONTEXT('2D SPACE',''
  ) );
#3435 = PCURVE('',#1850,#3436);
#3436 = DEFINITIONAL_REPRESENTATION('',(#3437),#3441);
#3437 = LINE('',#3438,#3439);
#3438 = CARTESIAN_POINT('',(9.424777960769,0.));
#3439 = VECTOR('',#3440,1.);
#3440 = DIRECTION('',(0.,-1.));
#3441 = ( GEOMETRIC_REPRESENTATION_CONTEXT(2) 
PARAMETRIC_REPRESENTATION_CONTEXT() REPRESENTATION_CONTEXT('2D SPACE',''
  ) );
#3442 = ORIENTED_EDGE('',*,*,#1833,.T.);
#3443 = ORIENTED_EDGE('',*,*,#3422,.F.);
#3444 = ORIENTED_EDGE('',*,*,#3334,.T.);
#3445 = ADVANCED_FACE('',(#3446),#1881,.F.);
#3446 = FACE_BOUND('',#3447,.F.);
#3447 = EDGE_LOOP('',(#3448,#3469,#3470,#3471));
#3448 = ORIENTED_EDGE('',*,*,#3449,.T.);
#3449 = EDGE_CURVE('',#3365,#1865,#3450,.T.);
#3450 = SEAM_CURVE('',#3451,(#3455,#3462),.PCURVE_S1.);
#3451 = LINE('',#3452,#3453);
#3452 = CARTESIAN_POINT('',(42.898,-3.061616997868E-16,0.));
#3453 = VECTOR('',#3454,1.);
#3454 = DIRECTION('',(0.,0.,-1.));
#3455 = PCURVE('',#1881,#3456);
#3456 = DEFINITIONAL_REPRESENTATION('',(#3457),#3461);
#3457 = LINE('',#3458,#3459);
#3458 = CARTESIAN_POINT('',(3.14159265359,0.));
#3459 = VECTOR('',#3460,1.);
#3460 = DIRECTION('',(0.,-1.));
#3461 = ( GEOMETRIC_REPRESENTATION_CONTEXT(2) 
PARAMETRIC_REPRESENTATION_CONTEXT() REPRESENTATION_CONTEXT('2D SPACE',''
  ) );
#3462 = PCURVE('',#1881,#3463);
#3463 = DEFINITIONAL_REPRESENTATION('',(#3464),#3468);
#3464 = LINE('',#3465,#3466);
#3465 = CARTESIAN_POINT('',(9.424777960769,0.));
#3466 = VECTOR('',#3467,1.);
#3467 = DIRECTION('',(0.,-1.));
#3468 = ( GEOMETRIC_REPRESENTATION_CONTEXT(2) 
PARAMETRIC_REPRESENTATION_CONTEXT() REPRESENTATION_CONTEXT('2D SPACE',''
  ) );
#3469 = ORIENTED_EDGE('',*,*,#1864,.T.);
#3470 = ORIENTED_EDGE('',*,*,#3449,.F.);
#3471 = ORIENTED_EDGE('',*,*,#3364,.T.);
#3472 = ADVANCED_FACE('',(#3473),#1127,.T.);
#3473 = FACE_BOUND('',#3474,.T.);
#3474 = EDGE_LOOP('',(#3475,#3476,#3477,#3478));
#3475 = ORIENTED_EDGE('',*,*,#1112,.F.);
#3476 = ORIENTED_EDGE('',*,*,#1604,.T.);
#3477 = ORIENTED_EDGE('',*,*,#2789,.F.);
#3478 = ORIENTED_EDGE('',*,*,#3214,.T.);
#3479 = ( GEOMETRIC_REPRESENTATION_CONTEXT(3) 
GLOBAL_UNCERTAINTY_ASSIGNED_CONTEXT((#3483)) 
GLOBAL_UNIT_ASSIGNED_CONTEXT((#3480,#3481,#3482)) REPRESENTATION_CONTEXT
('Context #1','3D Context with UNIT and UNCERTAINTY') );
#3480 = ( LENGTH_UNIT() NAMED_UNIT(*) SI_UNIT(.MILLI.,.METRE.) );
#3481 = ( NAMED_UNIT(*) PLANE_ANGLE_UNIT() SI_UNIT($,.RADIAN.) );
#3482 = ( NAMED_UNIT(*) SI_UNIT($,.STERADIAN.) SOLID_ANGLE_UNIT() );
#3483 = UNCERTAINTY_MEASURE_WITH_UNIT(LENGTH_MEASURE(5.E-07),#3480,
  'distance_accuracy_value','confusion accuracy');
#3484 = CONTEXT_DEPENDENT_SHAPE_REPRESENTATION(#3485,#3487);
#3485 = ( REPRESENTATION_RELATIONSHIP('','',#92,#10) 
REPRESENTATION_RELATIONSHIP_WITH_TRANSFORMATION(#3486) 
SHAPE_REPRESENTATION_RELATIONSHIP() );
#3486 = ITEM_DEFINED_TRANSFORMATION('','',#11,#15);
#3487 = PRODUCT_DEFINITION_SHAPE('Placement','Placement of an item',
  #3488);
#3488 = NEXT_ASSEMBLY_USAGE_OCCURRENCE('1','','',#5,#87,$);
#3489 = PRODUCT_RELATED_PRODUCT_CATEGORY('part',$,(#89));
#3490 = SHAPE_DEFINITION_REPRESENTATION(#3491,#3497);
#3491 = PRODUCT_DEFINITION_SHAPE('','',#3492);
#3492 = PRODUCT_DEFINITION('design','',#3493,#3496);
#3493 = PRODUCT_DEFINITION_FORMATION('','',#3494);
#3494 = PRODUCT('Open CASCADE STEP translator 7.9 1.2',
  'Open CASCADE STEP translator 7.9 1.2','',(#3495));
#3495 = PRODUCT_CONTEXT('',#2,'mechanical');
#3496 = PRODUCT_DEFINITION_CONTEXT('part definition',#2,'design');
#3497 = ADVANCED_BREP_SHAPE_REPRESENTATION('',(#11,#3498),#3600);
#3498 = MANIFOLD_SOLID_BREP('',#3499);
#3499 = CLOSED_SHELL('',(#3500,#3541,#3596));
#3500 = ADVANCED_FACE('',(#3501),#3514,.F.);
#3501 = FACE_BOUND('',#3502,.T.);
#3502 = EDGE_LOOP('',(#3503));
#3503 = ORIENTED_EDGE('',*,*,#3504,.T.);
#3504 = EDGE_CURVE('',#3505,#3505,#3507,.T.);
#3505 = VERTEX_POINT('',#3506);
#3506 = CARTESIAN_POINT('',(-2.,-2.939152317954E-16,2.4));
#3507 = SURFACE_CURVE('',#3508,(#3513,#3529),.PCURVE_S1.);
#3508 = CIRCLE('',#3509,2.4);
#3509 = AXIS2_PLACEMENT_3D('',#3510,#3511,#3512);
#3510 = CARTESIAN_POINT('',(-2.,0.,0.));
#3511 = DIRECTION('',(-1.,0.,0.));
#3512 = DIRECTION('',(0.,0.,-1.));
#3513 = PCURVE('',#3514,#3519);
#3514 = PLANE('',#3515);
#3515 = AXIS2_PLACEMENT_3D('',#3516,#3517,#3518);
#3516 = CARTESIAN_POINT('',(-2.,0.,0.));
#3517 = DIRECTION('',(1.,0.,0.));
#3518 = DIRECTION('',(0.,0.,-1.));
#3519 = DEFINITIONAL_REPRESENTATION('',(#3520),#3528);
#3520 = ( BOUNDED_CURVE() B_SPLINE_CURVE(2,(#3521,#3522,#3523,#3524,
#3525,#3526,#3527),.UNSPECIFIED.,.T.,.F.) B_SPLINE_CURVE_WITH_KNOTS((1,2
    ,2,2,2,1),(-2.094395102393,0.,2.094395102393,4.188790204786,
6.28318530718,8.377580409573),.UNSPECIFIED.) CURVE() 
GEOMETRIC_REPRESENTATION_ITEM() RATIONAL_B_SPLINE_CURVE((1.,0.5,1.,0.5,
1.,0.5,1.)) REPRESENTATION_ITEM('') );
#3521 = CARTESIAN_POINT('',(2.4,0.));
#3522 = CARTESIAN_POINT('',(2.4,-4.156921938165));
#3523 = CARTESIAN_POINT('',(-1.2,-2.078460969083));
#3524 = CARTESIAN_POINT('',(-4.8,-5.878304635907E-16));
#3525 = CARTESIAN_POINT('',(-1.2,2.078460969083));
#3526 = CARTESIAN_POINT('',(2.4,4.156921938165));
#3527 = CARTESIAN_POINT('',(2.4,0.));
#3528 = ( GEOMETRIC_REPRESENTATION_CONTEXT(2) 
PARAMETRIC_REPRESENTATION_CONTEXT() REPRESENTATION_CONTEXT('2D SPACE',''
  ) );
#3529 = PCURVE('',#3530,#3535);
#3530 = CYLINDRICAL_SURFACE('',#3531,2.4);
#3531 = AXIS2_PLACEMENT_3D('',#3532,#3533,#3534);
#3532 = CARTESIAN_POINT('',(0.,0.,0.));
#3533 = DIRECTION('',(1.,0.,0.));
#3534 = DIRECTION('',(0.,0.,-1.));
#3535 = DEFINITIONAL_REPRESENTATION('',(#3536),#3540);
#3536 = LINE('',#3537,#3538);
#3537 = CARTESIAN_POINT('',(6.28318530718,-2.));
#3538 = VECTOR('',#3539,1.);
#3539 = DIRECTION('',(-1.,0.));
#3540 = ( GEOMETRIC_REPRESENTATION_CONTEXT(2) 
PARAMETRIC_REPRESENTATION_CONTEXT() REPRESENTATION_CONTEXT('2D SPACE',''
  ) );
#3541 = ADVANCED_FACE('',(#3542),#3530,.T.);
#3542 = FACE_BOUND('',#3543,.T.);
#3543 = EDGE_LOOP('',(#3544,#3573,#3594,#3595));
#3544 = ORIENTED_EDGE('',*,*,#3545,.F.);
#3545 = EDGE_CURVE('',#3546,#3546,#3548,.T.);
#3546 = VERTEX_POINT('',#3547);
#3547 = CARTESIAN_POINT('',(2.,-2.939152317954E-16,2.4));
#3548 = SURFACE_CURVE('',#3549,(#3554,#3561),.PCURVE_S1.);
#3549 = CIRCLE('',#3550,2.4);
#3550 = AXIS2_PLACEMENT_3D('',#3551,#3552,#3553);
#3551 = CARTESIAN_POINT('',(2.,0.,0.));
#3552 = DIRECTION('',(1.,0.,0.));
#3553 = DIRECTION('',(0.,0.,-1.));
#3554 = PCURVE('',#3530,#3555);
#3555 = DEFINITIONAL_REPRESENTATION('',(#3556),#3560);
#3556 = LINE('',#3557,#3558);
#3557 = CARTESIAN_POINT('',(-6.28318530718,2.));
#3558 = VECTOR('',#3559,1.);
#3559 = DIRECTION('',(1.,0.));
#3560 = ( GEOMETRIC_REPRESENTATION_CONTEXT(2) 
PARAMETRIC_REPRESENTATION_CONTEXT() REPRESENTATION_CONTEXT('2D SPACE',''
  ) );
#3561 = PCURVE('',#3562,#3567);
#3562 = PLANE('',#3563);
#3563 = AXIS2_PLACEMENT_3D('',#3564,#3565,#3566);
#3564 = CARTESIAN_POINT('',(2.,0.,0.));
#3565 = DIRECTION('',(1.,0.,0.));
#3566 = DIRECTION('',(0.,0.,-1.));
#3567 = DEFINITIONAL_REPRESENTATION('',(#3568),#3572);
#3568 = CIRCLE('',#3569,2.4);
#3569 = AXIS2_PLACEMENT_2D('',#3570,#3571);
#3570 = CARTESIAN_POINT('',(0.,0.));
#3571 = DIRECTION('',(1.,0.));
#3572 = ( GEOMETRIC_REPRESENTATION_CONTEXT(2) 
PARAMETRIC_REPRESENTATION_CONTEXT() REPRESENTATION_CONTEXT('2D SPACE',''
  ) );
#3573 = ORIENTED_EDGE('',*,*,#3574,.T.);
#3574 = EDGE_CURVE('',#3546,#3505,#3575,.T.);
#3575 = SEAM_CURVE('',#3576,(#3580,#3587),.PCURVE_S1.);
#3576 = LINE('',#3577,#3578);
#3577 = CARTESIAN_POINT('',(0.,-2.939152317954E-16,2.4));
#3578 = VECTOR('',#3579,1.);
#3579 = DIRECTION('',(-1.,0.,0.));
#3580 = PCURVE('',#3530,#3581);
#3581 = DEFINITIONAL_REPRESENTATION('',(#3582),#3586);
#3582 = LINE('',#3583,#3584);
#3583 = CARTESIAN_POINT('',(-3.141592653589,0.));
#3584 = VECTOR('',#3585,1.);
#3585 = DIRECTION('',(0.,-1.));
#3586 = ( GEOMETRIC_REPRESENTATION_CONTEXT(2) 
PARAMETRIC_REPRESENTATION_CONTEXT() REPRESENTATION_CONTEXT('2D SPACE',''
  ) );
#3587 = PCURVE('',#3530,#3588);
#3588 = DEFINITIONAL_REPRESENTATION('',(#3589),#3593);
#3589 = LINE('',#3590,#3591);
#3590 = CARTESIAN_POINT('',(3.141592653589,0.));
#3591 = VECTOR('',#3592,1.);
#3592 = DIRECTION('',(0.,-1.));
#3593 = ( GEOMETRIC_REPRESENTATION_CONTEXT(2) 
PARAMETRIC_REPRESENTATION_CONTEXT() REPRESENTATION_CONTEXT('2D SPACE',''
  ) );
#3594 = ORIENTED_EDGE('',*,*,#3504,.F.);
#3595 = ORIENTED_EDGE('',*,*,#3574,.F.);
#3596 = ADVANCED_FACE('',(#3597),#3562,.T.);
#3597 = FACE_BOUND('',#3598,.T.);
#3598 = EDGE_LOOP('',(#3599));
#3599 = ORIENTED_EDGE('',*,*,#3545,.T.);
#3600 = ( GEOMETRIC_REPRESENTATION_CONTEXT(3) 
GLOBAL_UNCERTAINTY_ASSIGNED_CONTEXT((#3604)) 
GLOBAL_UNIT_ASSIGNED_CONTEXT((#3601,#3602,#3603)) REPRESENTATION_CONTEXT
('Context #1','3D Context with UNIT and UNCERTAINTY') );
#3601 = ( LENGTH_UNIT() NAMED_UNIT(*) SI_UNIT(.MILLI.,.METRE.) );
#3602 = ( NAMED_UNIT(*) PLANE_ANGLE_UNIT() SI_UNIT($,.RADIAN.) );
#3603 = ( NAMED_UNIT(*) SI_UNIT($,.STERADIAN.) SOLID_ANGLE_UNIT() );
#3604 = UNCERTAINTY_MEASURE_WITH_UNIT(LENGTH_MEASURE(1.E-07),#3601,
  'distance_accuracy_value','confusion accuracy');
#3605 = CONTEXT_DEPENDENT_SHAPE_REPRESENTATION(#3606,#3608);
#3606 = ( REPRESENTATION_RELATIONSHIP('','',#3497,#10) 
REPRESENTATION_RELATIONSHIP_WITH_TRANSFORMATION(#3607) 
SHAPE_REPRESENTATION_RELATIONSHIP() );
#3607 = ITEM_DEFINED_TRANSFORMATION('','',#11,#19);
#3608 = PRODUCT_DEFINITION_SHAPE('Placement','Placement of an item',
  #3609);
#3609 = NEXT_ASSEMBLY_USAGE_OCCURRENCE('2','','',#5,#3492,$);
#3610 = PRODUCT_RELATED_PRODUCT_CATEGORY('part',$,(#3494));
#3611 = SHAPE_DEFINITION_REPRESENTATION(#3612,#3618);
#3612 = PRODUCT_DEFINITION_SHAPE('','',#3613);
#3613 = PRODUCT_DEFINITION('design','',#3614,#3617);
#3614 = PRODUCT_DEFINITION_FORMATION('','',#3615);
#3615 = PRODUCT('Open CASCADE STEP translator 7.9 1.3',
  'Open CASCADE STEP translator 7.9 1.3','',(#3616));
#3616 = PRODUCT_CONTEXT('',#2,'mechanical');
#3617 = PRODUCT_DEFINITION_CONTEXT('part definition',#2,'design');
#3618 = ADVANCED_BREP_SHAPE_REPRESENTATION('',(#11,#3619),#3858);
#3619 = MANIFOLD_SOLID_BREP('',#3620);
#3620 = CLOSED_SHELL('',(#3621,#3734,#3790,#3794,#3854));
#3621 = ADVANCED_FACE('',(#3622),#3635,.T.);
#3622 = FACE_BOUND('',#3623,.T.);
#3623 = EDGE_LOOP('',(#3624,#3658,#3682,#3711,#3733));
#3624 = ORIENTED_EDGE('',*,*,#3625,.T.);
#3625 = EDGE_CURVE('',#3626,#3626,#3628,.T.);
#3626 = VERTEX_POINT('',#3627);
#3627 = CARTESIAN_POINT('',(-27.,-2.694222958124E-16,-2.2));
#3628 = SURFACE_CURVE('',#3629,(#3634,#3646),.PCURVE_S1.);
#3629 = CIRCLE('',#3630,2.2);
#3630 = AXIS2_PLACEMENT_3D('',#3631,#3632,#3633);
#3631 = CARTESIAN_POINT('',(-27.,0.,0.));
#3632 = DIRECTION('',(1.,0.,0.));
#3633 = DIRECTION('',(0.,0.,-1.));
#3634 = PCURVE('',#3635,#3640);
#3635 = TOROIDAL_SURFACE('',#3636,2.2,0.2);
#3636 = AXIS2_PLACEMENT_3D('',#3637,#3638,#3639);
#3637 = CARTESIAN_POINT('',(-26.8,0.,0.));
#3638 = DIRECTION('',(-1.,0.,0.));
#3639 = DIRECTION('',(0.,0.,1.));
#3640 = DEFINITIONAL_REPRESENTATION('',(#3641),#3645);
#3641 = LINE('',#3642,#3643);
#3642 = CARTESIAN_POINT('',(9.42477796077,1.570796326795));
#3643 = VECTOR('',#3644,1.);
#3644 = DIRECTION('',(-1.,0.));
#3645 = ( GEOMETRIC_REPRESENTATION_CONTEXT(2) 
PARAMETRIC_REPRESENTATION_CONTEXT() REPRESENTATION_CONTEXT('2D SPACE',''
  ) );
#3646 = PCURVE('',#3647,#3652);
#3647 = PLANE('',#3648);
#3648 = AXIS2_PLACEMENT_3D('',#3649,#3650,#3651);
#3649 = CARTESIAN_POINT('',(-27.,0.,0.));
#3650 = DIRECTION('',(1.,0.,0.));
#3651 = DIRECTION('',(0.,0.,-1.));
#3652 = DEFINITIONAL_REPRESENTATION('',(#3653),#3657);
#3653 = CIRCLE('',#3654,2.2);
#3654 = AXIS2_PLACEMENT_2D('',#3655,#3656);
#3655 = CARTESIAN_POINT('',(0.,0.));
#3656 = DIRECTION('',(1.,0.));
#3657 = ( GEOMETRIC_REPRESENTATION_CONTEXT(2) 
PARAMETRIC_REPRESENTATION_CONTEXT() REPRESENTATION_CONTEXT('2D SPACE',''
  ) );
#3658 = ORIENTED_EDGE('',*,*,#3659,.T.);
#3659 = EDGE_CURVE('',#3626,#3660,#3662,.T.);
#3660 = VERTEX_POINT('',#3661);
#3661 = CARTESIAN_POINT('',(-26.8,-2.939152317954E-16,-2.4));
#3662 = SEAM_CURVE('',#3663,(#3668,#3675),.PCURVE_S1.);
#3663 = CIRCLE('',#3664,0.2);
#3664 = AXIS2_PLACEMENT_3D('',#3665,#3666,#3667);
#3665 = CARTESIAN_POINT('',(-26.8,-2.694222958124E-16,-2.2));
#3666 = DIRECTION('',(0.,-1.,1.224646799147E-16));
#3667 = DIRECTION('',(0.,-1.224646799147E-16,-1.));
#3668 = PCURVE('',#3635,#3669);
#3669 = DEFINITIONAL_REPRESENTATION('',(#3670),#3674);
#3670 = LINE('',#3671,#3672);
#3671 = CARTESIAN_POINT('',(3.14159265359,6.28318530718));
#3672 = VECTOR('',#3673,1.);
#3673 = DIRECTION('',(0.,-1.));
#3674 = ( GEOMETRIC_REPRESENTATION_CONTEXT(2) 
PARAMETRIC_REPRESENTATION_CONTEXT() REPRESENTATION_CONTEXT('2D SPACE',''
  ) );
#3675 = PCURVE('',#3635,#3676);
#3676 = DEFINITIONAL_REPRESENTATION('',(#3677),#3681);
#3677 = LINE('',#3678,#3679);
#3678 = CARTESIAN_POINT('',(9.424777960769,6.28318530718));
#3679 = VECTOR('',#3680,1.);
#3680 = DIRECTION('',(0.,-1.));
#3681 = ( GEOMETRIC_REPRESENTATION_CONTEXT(2) 
PARAMETRIC_REPRESENTATION_CONTEXT() REPRESENTATION_CONTEXT('2D SPACE',''
  ) );
#3682 = ORIENTED_EDGE('',*,*,#3683,.T.);
#3683 = EDGE_CURVE('',#3660,#3684,#3686,.T.);
#3684 = VERTEX_POINT('',#3685);
#3685 = CARTESIAN_POINT('',(-26.8,2.939152317954E-16,2.4));
#3686 = SURFACE_CURVE('',#3687,(#3692,#3699),.PCURVE_S1.);
#3687 = CIRCLE('',#3688,2.4);
#3688 = AXIS2_PLACEMENT_3D('',#3689,#3690,#3691);
#3689 = CARTESIAN_POINT('',(-26.8,0.,0.));
#3690 = DIRECTION('',(-1.,0.,0.));
#3691 = DIRECTION('',(0.,0.,-1.));
#3692 = PCURVE('',#3635,#3693);
#3693 = DEFINITIONAL_REPRESENTATION('',(#3694),#3698);
#3694 = LINE('',#3695,#3696);
#3695 = CARTESIAN_POINT('',(3.14159265359,0.));
#3696 = VECTOR('',#3697,1.);
#3697 = DIRECTION('',(1.,0.));
#3698 = ( GEOMETRIC_REPRESENTATION_CONTEXT(2) 
PARAMETRIC_REPRESENTATION_CONTEXT() REPRESENTATION_CONTEXT('2D SPACE',''
  ) );
#3699 = PCURVE('',#3700,#3705);
#3700 = CYLINDRICAL_SURFACE('',#3701,2.4);
#3701 = AXIS2_PLACEMENT_3D('',#3702,#3703,#3704);
#3702 = CARTESIAN_POINT('',(0.,0.,0.));
#3703 = DIRECTION('',(1.,0.,0.));
#3704 = DIRECTION('',(0.,0.,-1.));
#3705 = DEFINITIONAL_REPRESENTATION('',(#3706),#3710);
#3706 = LINE('',#3707,#3708);
#3707 = CARTESIAN_POINT('',(4.138911435803E-13,-26.8));
#3708 = VECTOR('',#3709,1.);
#3709 = DIRECTION('',(-1.,0.));
#3710 = ( GEOMETRIC_REPRESENTATION_CONTEXT(2) 
PARAMETRIC_REPRESENTATION_CONTEXT() REPRESENTATION_CONTEXT('2D SPACE',''
  ) );
#3711 = ORIENTED_EDGE('',*,*,#3712,.T.);
#3712 = EDGE_CURVE('',#3684,#3660,#3713,.T.);
#3713 = SURFACE_CURVE('',#3714,(#3719,#3726),.PCURVE_S1.);
#3714 = CIRCLE('',#3715,2.4);
#3715 = AXIS2_PLACEMENT_3D('',#3716,#3717,#3718);
#3716 = CARTESIAN_POINT('',(-26.8,0.,0.));
#3717 = DIRECTION('',(-1.,0.,0.));
#3718 = DIRECTION('',(0.,0.,-1.));
#3719 = PCURVE('',#3635,#3720);
#3720 = DEFINITIONAL_REPRESENTATION('',(#3721),#3725);
#3721 = LINE('',#3722,#3723);
#3722 = CARTESIAN_POINT('',(3.14159265359,0.));
#3723 = VECTOR('',#3724,1.);
#3724 = DIRECTION('',(1.,0.));
#3725 = ( GEOMETRIC_REPRESENTATION_CONTEXT(2) 
PARAMETRIC_REPRESENTATION_CONTEXT() REPRESENTATION_CONTEXT('2D SPACE',''
  ) );
#3726 = PCURVE('',#3700,#3727);
#3727 = DEFINITIONAL_REPRESENTATION('',(#3728),#3732);
#3728 = LINE('',#3729,#3730);
#3729 = CARTESIAN_POINT('',(6.28318530718,-26.8));
#3730 = VECTOR('',#3731,1.);
#3731 = DIRECTION('',(-1.,0.));
#3732 = ( GEOMETRIC_REPRESENTATION_CONTEXT(2) 
PARAMETRIC_REPRESENTATION_CONTEXT() REPRESENTATION_CONTEXT('2D SPACE',''
  ) );
#3733 = ORIENTED_EDGE('',*,*,#3659,.F.);
#3734 = ADVANCED_FACE('',(#3735),#3700,.T.);
#3735 = FACE_BOUND('',#3736,.T.);
#3736 = EDGE_LOOP('',(#3737,#3766,#3787,#3788,#3789));
#3737 = ORIENTED_EDGE('',*,*,#3738,.F.);
#3738 = EDGE_CURVE('',#3739,#3739,#3741,.T.);
#3739 = VERTEX_POINT('',#3740);
#3740 = CARTESIAN_POINT('',(26.8,-2.939152317954E-16,2.4));
#3741 = SURFACE_CURVE('',#3742,(#3747,#3754),.PCURVE_S1.);
#3742 = CIRCLE('',#3743,2.4);
#3743 = AXIS2_PLACEMENT_3D('',#3744,#3745,#3746);
#3744 = CARTESIAN_POINT('',(26.8,0.,0.));
#3745 = DIRECTION('',(1.,0.,0.));
#3746 = DIRECTION('',(0.,0.,-1.));
#3747 = PCURVE('',#3700,#3748);
#3748 = DEFINITIONAL_REPRESENTATION('',(#3749),#3753);
#3749 = LINE('',#3750,#3751);
#3750 = CARTESIAN_POINT('',(-6.28318530718,26.8));
#3751 = VECTOR('',#3752,1.);
#3752 = DIRECTION('',(1.,0.));
#3753 = ( GEOMETRIC_REPRESENTATION_CONTEXT(2) 
PARAMETRIC_REPRESENTATION_CONTEXT() REPRESENTATION_CONTEXT('2D SPACE',''
  ) );
#3754 = PCURVE('',#3755,#3760);
#3755 = TOROIDAL_SURFACE('',#3756,2.2,0.2);
#3756 = AXIS2_PLACEMENT_3D('',#3757,#3758,#3759);
#3757 = CARTESIAN_POINT('',(26.8,0.,0.));
#3758 = DIRECTION('',(1.,0.,0.));
#3759 = DIRECTION('',(0.,0.,-1.));
#3760 = DEFINITIONAL_REPRESENTATION('',(#3761),#3765);
#3761 = LINE('',#3762,#3763);
#3762 = CARTESIAN_POINT('',(-4.138911435803E-13,0.));
#3763 = VECTOR('',#3764,1.);
#3764 = DIRECTION('',(1.,0.));
#3765 = ( GEOMETRIC_REPRESENTATION_CONTEXT(2) 
PARAMETRIC_REPRESENTATION_CONTEXT() REPRESENTATION_CONTEXT('2D SPACE',''
  ) );
#3766 = ORIENTED_EDGE('',*,*,#3767,.T.);
#3767 = EDGE_CURVE('',#3739,#3684,#3768,.T.);
#3768 = SEAM_CURVE('',#3769,(#3773,#3780),.PCURVE_S1.);
#3769 = LINE('',#3770,#3771);
#3770 = CARTESIAN_POINT('',(0.,-2.939152317954E-16,2.4));
#3771 = VECTOR('',#3772,1.);
#3772 = DIRECTION('',(-1.,0.,0.));
#3773 = PCURVE('',#3700,#3774);
#3774 = DEFINITIONAL_REPRESENTATION('',(#3775),#3779);
#3775 = LINE('',#3776,#3777);
#3776 = CARTESIAN_POINT('',(-3.141592653589,0.));
#3777 = VECTOR('',#3778,1.);
#3778 = DIRECTION('',(0.,-1.));
#3779 = ( GEOMETRIC_REPRESENTATION_CONTEXT(2) 
PARAMETRIC_REPRESENTATION_CONTEXT() REPRESENTATION_CONTEXT('2D SPACE',''
  ) );
#3780 = PCURVE('',#3700,#3781);
#3781 = DEFINITIONAL_REPRESENTATION('',(#3782),#3786);
#3782 = LINE('',#3783,#3784);
#3783 = CARTESIAN_POINT('',(3.141592653589,0.));
#3784 = VECTOR('',#3785,1.);
#3785 = DIRECTION('',(0.,-1.));
#3786 = ( GEOMETRIC_REPRESENTATION_CONTEXT(2) 
PARAMETRIC_REPRESENTATION_CONTEXT() REPRESENTATION_CONTEXT('2D SPACE',''
  ) );
#3787 = ORIENTED_EDGE('',*,*,#3683,.F.);
#3788 = ORIENTED_EDGE('',*,*,#3712,.F.);
#3789 = ORIENTED_EDGE('',*,*,#3767,.F.);
#3790 = ADVANCED_FACE('',(#3791),#3647,.F.);
#3791 = FACE_BOUND('',#3792,.T.);
#3792 = EDGE_LOOP('',(#3793));
#3793 = ORIENTED_EDGE('',*,*,#3625,.F.);
#3794 = ADVANCED_FACE('',(#3795),#3755,.T.);
#3795 = FACE_BOUND('',#3796,.T.);
#3796 = EDGE_LOOP('',(#3797,#3830,#3852,#3853));
#3797 = ORIENTED_EDGE('',*,*,#3798,.T.);
#3798 = EDGE_CURVE('',#3799,#3799,#3801,.T.);
#3799 = VERTEX_POINT('',#3800);
#3800 = CARTESIAN_POINT('',(27.,2.694222958124E-16,2.2));
#3801 = SURFACE_CURVE('',#3802,(#3807,#3814),.PCURVE_S1.);
#3802 = CIRCLE('',#3803,2.2);
#3803 = AXIS2_PLACEMENT_3D('',#3804,#3805,#3806);
#3804 = CARTESIAN_POINT('',(27.,0.,0.));
#3805 = DIRECTION('',(-1.,0.,0.));
#3806 = DIRECTION('',(0.,0.,-1.));
#3807 = PCURVE('',#3755,#3808);
#3808 = DEFINITIONAL_REPRESENTATION('',(#3809),#3813);
#3809 = LINE('',#3810,#3811);
#3810 = CARTESIAN_POINT('',(12.56637061436,1.570796326795));
#3811 = VECTOR('',#3812,1.);
#3812 = DIRECTION('',(-1.,0.));
#3813 = ( GEOMETRIC_REPRESENTATION_CONTEXT(2) 
PARAMETRIC_REPRESENTATION_CONTEXT() REPRESENTATION_CONTEXT('2D SPACE',''
  ) );
#3814 = PCURVE('',#3815,#3820);
#3815 = PLANE('',#3816);
#3816 = AXIS2_PLACEMENT_3D('',#3817,#3818,#3819);
#3817 = CARTESIAN_POINT('',(27.,0.,0.));
#3818 = DIRECTION('',(1.,0.,0.));
#3819 = DIRECTION('',(0.,0.,-1.));
#3820 = DEFINITIONAL_REPRESENTATION('',(#3821),#3829);
#3821 = ( BOUNDED_CURVE() B_SPLINE_CURVE(2,(#3822,#3823,#3824,#3825,
#3826,#3827,#3828),.UNSPECIFIED.,.T.,.F.) B_SPLINE_CURVE_WITH_KNOTS((1,2
    ,2,2,2,1),(-2.094395102393,0.,2.094395102393,4.188790204786,
6.28318530718,8.377580409573),.UNSPECIFIED.) CURVE() 
GEOMETRIC_REPRESENTATION_ITEM() RATIONAL_B_SPLINE_CURVE((1.,0.5,1.,0.5,
1.,0.5,1.)) REPRESENTATION_ITEM('') );
#3822 = CARTESIAN_POINT('',(2.2,0.));
#3823 = CARTESIAN_POINT('',(2.2,-3.810511776652));
#3824 = CARTESIAN_POINT('',(-1.1,-1.905255888326));
#3825 = CARTESIAN_POINT('',(-4.4,-5.388445916248E-16));
#3826 = CARTESIAN_POINT('',(-1.1,1.905255888326));
#3827 = CARTESIAN_POINT('',(2.2,3.810511776652));
#3828 = CARTESIAN_POINT('',(2.2,0.));
#3829 = ( GEOMETRIC_REPRESENTATION_CONTEXT(2) 
PARAMETRIC_REPRESENTATION_CONTEXT() REPRESENTATION_CONTEXT('2D SPACE',''
  ) );
#3830 = ORIENTED_EDGE('',*,*,#3831,.T.);
#3831 = EDGE_CURVE('',#3799,#3739,#3832,.T.);
#3832 = SEAM_CURVE('',#3833,(#3838,#3845),.PCURVE_S1.);
#3833 = CIRCLE('',#3834,0.2);
#3834 = AXIS2_PLACEMENT_3D('',#3835,#3836,#3837);
#3835 = CARTESIAN_POINT('',(26.8,-2.694222958124E-16,2.2));
#3836 = DIRECTION('',(0.,-1.,-1.224646799147E-16));
#3837 = DIRECTION('',(0.,-1.224646799147E-16,1.));
#3838 = PCURVE('',#3755,#3839);
#3839 = DEFINITIONAL_REPRESENTATION('',(#3840),#3844);
#3840 = LINE('',#3841,#3842);
#3841 = CARTESIAN_POINT('',(3.14159265359,6.28318530718));
#3842 = VECTOR('',#3843,1.);
#3843 = DIRECTION('',(0.,-1.));
#3844 = ( GEOMETRIC_REPRESENTATION_CONTEXT(2) 
PARAMETRIC_REPRESENTATION_CONTEXT() REPRESENTATION_CONTEXT('2D SPACE',''
  ) );
#3845 = PCURVE('',#3755,#3846);
#3846 = DEFINITIONAL_REPRESENTATION('',(#3847),#3851);
#3847 = LINE('',#3848,#3849);
#3848 = CARTESIAN_POINT('',(9.424777960769,6.28318530718));
#3849 = VECTOR('',#3850,1.);
#3850 = DIRECTION('',(0.,-1.));
#3851 = ( GEOMETRIC_REPRESENTATION_CONTEXT(2) 
PARAMETRIC_REPRESENTATION_CONTEXT() REPRESENTATION_CONTEXT('2D SPACE',''
  ) );
#3852 = ORIENTED_EDGE('',*,*,#3738,.T.);
#3853 = ORIENTED_EDGE('',*,*,#3831,.F.);
#3854 = ADVANCED_FACE('',(#3855),#3815,.T.);
#3855 = FACE_BOUND('',#3856,.T.);
#3856 = EDGE_LOOP('',(#3857));
#3857 = ORIENTED_EDGE('',*,*,#3798,.F.);
#3858 = ( GEOMETRIC_REPRESENTATION_CONTEXT(3) 
GLOBAL_UNCERTAINTY_ASSIGNED_CONTEXT((#3862)) 
GLOBAL_UNIT_ASSIGNED_CONTEXT((#3859,#3860,#3861)) REPRESENTATION_CONTEXT
('Context #1','3D Context with UNIT and UNCERTAINTY') );
#3859 = ( LENGTH_UNIT() NAMED_UNIT(*) SI_UNIT(.MILLI.,.METRE.) );
#3860 = ( NAMED_UNIT(*) PLANE_ANGLE_UNIT() SI_UNIT($,.RADIAN.) );
#3861 = ( NAMED_UNIT(*) SI_UNIT($,.STERADIAN.) SOLID_ANGLE_UNIT() );
#3862 = UNCERTAINTY_MEASURE_WITH_UNIT(LENGTH_MEASURE(1.E-07),#3859,
  'distance_accuracy_value','confusion accuracy');
#3863 = CONTEXT_DEPENDENT_SHAPE_REPRESENTATION(#3864,#3866);
#3864 = ( REPRESENTATION_RELATIONSHIP('','',#3618,#10) 
REPRESENTATION_RELATIONSHIP_WITH_TRANSFORMATION(#3865) 
SHAPE_REPRESENTATION_RELATIONSHIP() );
#3865 = ITEM_DEFINED_TRANSFORMATION('','',#11,#23);
#3866 = PRODUCT_DEFINITION_SHAPE('Placement','Placement of an item',
  #3867);
#3867 = NEXT_ASSEMBLY_USAGE_OCCURRENCE('3','','',#5,#3613,$);
#3868 = PRODUCT_RELATED_PRODUCT_CATEGORY('part',$,(#3615));
#3869 = SHAPE_DEFINITION_REPRESENTATION(#3870,#3876);
#3870 = PRODUCT_DEFINITION_SHAPE('','',#3871);
#3871 = PRODUCT_DEFINITION('design','',#3872,#3875);
#3872 = PRODUCT_DEFINITION_FORMATION('','',#3873);
#3873 = PRODUCT('Open CASCADE STEP translator 7.9 1.4',
  'Open CASCADE STEP translator 7.9 1.4','',(#3874));
#3874 = PRODUCT_CONTEXT('',#2,'mechanical');
#3875 = PRODUCT_DEFINITION_CONTEXT('part definition',#2,'design');
#3876 = ADVANCED_BREP_SHAPE_REPRESENTATION('',(#11,#3877),#6599);
#3877 = MANIFOLD_SOLID_BREP('',#3878);
#3878 = CLOSED_SHELL('',(#3879,#4040,#4196,#4352,#4508,#4565,#4716,#4867
    ,#4919,#5070,#5122,#5174,#5320,#5367,#5414,#5461,#5508,#5560,#5607,
    #5654,#5701,#5859,#5866,#5873,#6026,#6033,#6040,#6118,#6174,#6229,
    #6262,#6334,#6383,#6454,#6482,#6510,#6538,#6565,#6592));
#3879 = ADVANCED_FACE('',(#3880),#3895,.T.);
#3880 = FACE_BOUND('',#3881,.T.);
#3881 = EDGE_LOOP('',(#3882,#3940,#3991));
#3882 = ORIENTED_EDGE('',*,*,#3883,.T.);
#3883 = EDGE_CURVE('',#3884,#3886,#3888,.T.);
#3884 = VERTEX_POINT('',#3885);
#3885 = CARTESIAN_POINT('',(-49.9,-6.,22.4));
#3886 = VERTEX_POINT('',#3887);
#3887 = CARTESIAN_POINT('',(-49.9,-5.9,22.5));
#3888 = SURFACE_CURVE('',#3889,(#3894,#3928),.PCURVE_S1.);
#3889 = CIRCLE('',#3890,0.1);
#3890 = AXIS2_PLACEMENT_3D('',#3891,#3892,#3893);
#3891 = CARTESIAN_POINT('',(-49.9,-5.9,22.4));
#3892 = DIRECTION('',(-1.,0.,0.));
#3893 = DIRECTION('',(0.,0.,1.));
#3894 = PCURVE('',#3895,#3900);
#3895 = SPHERICAL_SURFACE('',#3896,0.1);
#3896 = AXIS2_PLACEMENT_3D('',#3897,#3898,#3899);
#3897 = CARTESIAN_POINT('',(-49.9,-5.9,22.4));
#3898 = DIRECTION('',(-0.816496580928,0.408248290464,-0.408248290464));
#3899 = DIRECTION('',(-0.57735026919,-0.57735026919,0.57735026919));
#3900 = DEFINITIONAL_REPRESENTATION('',(#3901),#3927);
#3901 = B_SPLINE_CURVE_WITH_KNOTS('',3,(#3902,#3903,#3904,#3905,#3906,
    #3907,#3908,#3909,#3910,#3911,#3912,#3913,#3914,#3915,#3916,#3917,
    #3918,#3919,#3920,#3921,#3922,#3923,#3924,#3925,#3926),
  .UNSPECIFIED.,.F.,.F.,(4,1,1,1,1,1,1,1,1,1,1,1,1,1,1,1,1,1,1,1,1,1,4),
  (4.712388980385,4.783788813421,4.855188646457,4.926588479493,
    4.997988312529,5.069388145565,5.140787978601,5.212187811638,
    5.283587644674,5.35498747771,5.426387310746,5.497787143782,
    5.569186976818,5.640586809854,5.711986642891,5.783386475927,
    5.854786308963,5.926186141999,5.997585975035,6.068985808071,
    6.140385641107,6.211785474143,6.28318530718),.UNSPECIFIED.);
#3902 = CARTESIAN_POINT('',(5.397108183387,-0.420534335284));
#3903 = CARTESIAN_POINT('',(5.420423817789,-0.431177612946));
#3904 = CARTESIAN_POINT('',(5.467733953185,-0.451857720497));
#3905 = CARTESIAN_POINT('',(5.540788008107,-0.480841619708));
#3906 = CARTESIAN_POINT('',(5.61600152799,-0.507573396942));
#3907 = CARTESIAN_POINT('',(5.693380862171,-0.531833486067));
#3908 = CARTESIAN_POINT('',(5.772878886228,-0.553405144352));
#3909 = CARTESIAN_POINT('',(5.854382128538,-0.572079393981));
#3910 = CARTESIAN_POINT('',(5.937707177355,-0.587661669371));
#3911 = CARTESIAN_POINT('',(6.022599242294,-0.599978915752));
#3912 = CARTESIAN_POINT('',(6.108736300381,-0.608886874916));
#3913 = CARTESIAN_POINT('',(6.195738855851,-0.614276835086));
#3914 = CARTESIAN_POINT('',(6.28318530718,-0.616081145463));
#3915 = CARTESIAN_POINT('',(6.370631758508,-0.614276835086));
#3916 = CARTESIAN_POINT('',(6.457634313978,-0.608886874916));
#3917 = CARTESIAN_POINT('',(6.543771372066,-0.599978915752));
#3918 = CARTESIAN_POINT('',(6.628663437004,-0.587661669371));
#3919 = CARTESIAN_POINT('',(6.711988485821,-0.572079393981));
#3920 = CARTESIAN_POINT('',(6.793491728131,-0.553405144352));
#3921 = CARTESIAN_POINT('',(6.872989752188,-0.531833486067));
#3922 = CARTESIAN_POINT('',(6.950369086369,-0.507573396942));
#3923 = CARTESIAN_POINT('',(7.025582606253,-0.480841619708));
#3924 = CARTESIAN_POINT('',(7.098636661174,-0.451857720497));
#3925 = CARTESIAN_POINT('',(7.14594679657,-0.431177612946));
#3926 = CARTESIAN_POINT('',(7.169262430972,-0.420534335284));
#3927 = ( GEOMETRIC_REPRESENTATION_CONTEXT(2) 
PARAMETRIC_REPRESENTATION_CONTEXT() REPRESENTATION_CONTEXT('2D SPACE',''
  ) );
#3928 = PCURVE('',#3929,#3934);
#3929 = CYLINDRICAL_SURFACE('',#3930,0.1);
#3930 = AXIS2_PLACEMENT_3D('',#3931,#3932,#3933);
#3931 = CARTESIAN_POINT('',(-25.,-5.9,22.4));
#3932 = DIRECTION('',(-1.,0.,0.));
#3933 = DIRECTION('',(0.,-0.707106781187,0.707106781187));
#3934 = DEFINITIONAL_REPRESENTATION('',(#3935),#3939);
#3935 = LINE('',#3936,#3937);
#3936 = CARTESIAN_POINT('',(-5.497787143782,24.9));
#3937 = VECTOR('',#3938,1.);
#3938 = DIRECTION('',(1.,0.));
#3939 = ( GEOMETRIC_REPRESENTATION_CONTEXT(2) 
PARAMETRIC_REPRESENTATION_CONTEXT() REPRESENTATION_CONTEXT('2D SPACE',''
  ) );
#3940 = ORIENTED_EDGE('',*,*,#3941,.T.);
#3941 = EDGE_CURVE('',#3886,#3942,#3944,.T.);
#3942 = VERTEX_POINT('',#3943);
#3943 = CARTESIAN_POINT('',(-50.,-5.9,22.4));
#3944 = SURFACE_CURVE('',#3945,(#3950,#3979),.PCURVE_S1.);
#3945 = CIRCLE('',#3946,0.1);
#3946 = AXIS2_PLACEMENT_3D('',#3947,#3948,#3949);
#3947 = CARTESIAN_POINT('',(-49.9,-5.9,22.4));
#3948 = DIRECTION('',(0.,-1.,0.));
#3949 = DIRECTION('',(-1.,0.,0.));
#3950 = PCURVE('',#3895,#3951);
#3951 = DEFINITIONAL_REPRESENTATION('',(#3952),#3978);
#3952 = B_SPLINE_CURVE_WITH_KNOTS('',3,(#3953,#3954,#3955,#3956,#3957,
    #3958,#3959,#3960,#3961,#3962,#3963,#3964,#3965,#3966,#3967,#3968,
    #3969,#3970,#3971,#3972,#3973,#3974,#3975,#3976,#3977),
  .UNSPECIFIED.,.F.,.F.,(4,1,1,1,1,1,1,1,1,1,1,1,1,1,1,1,1,1,1,1,1,1,4),
  (4.712388980385,4.783788813421,4.855188646457,4.926588479493,
    4.997988312529,5.069388145565,5.140787978601,5.212187811638,
    5.283587644674,5.35498747771,5.426387310746,5.497787143782,
    5.569186976818,5.640586809854,5.711986642891,5.783386475927,
    5.854786308963,5.926186141999,5.997585975035,6.068985808071,
    6.140385641107,6.211785474143,6.28318530718),.UNSPECIFIED.);
#3953 = CARTESIAN_POINT('',(7.169262430972,-0.420534335284));
#3954 = CARTESIAN_POINT('',(7.157607226161,-0.399245918674));
#3955 = CARTESIAN_POINT('',(7.134945909844,-0.356521383409));
#3956 = CARTESIAN_POINT('',(7.102549978769,-0.292072447429));
#3957 = CARTESIAN_POINT('',(7.071381646851,-0.227346666659));
#3958 = CARTESIAN_POINT('',(7.041132696882,-0.162414226077));
#3959 = CARTESIAN_POINT('',(7.011519372536,-9.733931239659E-02));
#3960 = CARTESIAN_POINT('',(6.982279315138,-3.21808705697E-02));
#3961 = CARTESIAN_POINT('',(6.953161348501,3.300486811576E-02));
#3962 = CARTESIAN_POINT('',(6.923918144126,9.816260582654E-02));
#3963 = CARTESIAN_POINT('',(6.894298502103,0.163236106295));
#3964 = CARTESIAN_POINT('',(6.86403957456,0.228166302646));
#3965 = CARTESIAN_POINT('',(6.832858384388,0.292889207833));
#3966 = CARTESIAN_POINT('',(6.800442199511,0.357333496394));
#3967 = CARTESIAN_POINT('',(6.766437173606,0.421417575992));
#3968 = CARTESIAN_POINT('',(6.730434558584,0.485045913962));
#3969 = CARTESIAN_POINT('',(6.691953671061,0.548104320227));
#3970 = CARTESIAN_POINT('',(6.650420541564,0.610453711589));
#3971 = CARTESIAN_POINT('',(6.605141455905,0.671921956095));
#3972 = CARTESIAN_POINT('',(6.555269278156,0.732292309234));
#3973 = CARTESIAN_POINT('',(6.499766388722,0.791289937376));
#3974 = CARTESIAN_POINT('',(6.437350176823,0.848555592307));
#3975 = CARTESIAN_POINT('',(6.366485555252,0.903640648239));
#3976 = CARTESIAN_POINT('',(6.312310768192,0.938472816917));
#3977 = CARTESIAN_POINT('',(6.28318530718,0.955316618125));
#3978 = ( GEOMETRIC_REPRESENTATION_CONTEXT(2) 
PARAMETRIC_REPRESENTATION_CONTEXT() REPRESENTATION_CONTEXT('2D SPACE',''
  ) );
#3979 = PCURVE('',#3980,#3985);
#3980 = CYLINDRICAL_SURFACE('',#3981,0.1);
#3981 = AXIS2_PLACEMENT_3D('',#3982,#3983,#3984);
#3982 = CARTESIAN_POINT('',(-49.9,0.,22.4));
#3983 = DIRECTION('',(0.,1.,0.));
#3984 = DIRECTION('',(-0.707106781187,0.,0.707106781187));
#3985 = DEFINITIONAL_REPRESENTATION('',(#3986),#3990);
#3986 = LINE('',#3987,#3988);
#3987 = CARTESIAN_POINT('',(11.780972450962,-5.9));
#3988 = VECTOR('',#3989,1.);
#3989 = DIRECTION('',(-1.,0.));
#3990 = ( GEOMETRIC_REPRESENTATION_CONTEXT(2) 
PARAMETRIC_REPRESENTATION_CONTEXT() REPRESENTATION_CONTEXT('2D SPACE',''
  ) );
#3991 = ORIENTED_EDGE('',*,*,#3992,.T.);
#3992 = EDGE_CURVE('',#3942,#3884,#3993,.T.);
#3993 = SURFACE_CURVE('',#3994,(#3999,#4028),.PCURVE_S1.);
#3994 = CIRCLE('',#3995,0.1);
#3995 = AXIS2_PLACEMENT_3D('',#3996,#3997,#3998);
#3996 = CARTESIAN_POINT('',(-49.9,-5.9,22.4));
#3997 = DIRECTION('',(0.,0.,1.));
#3998 = DIRECTION('',(0.,-1.,0.));
#3999 = PCURVE('',#3895,#4000);
#4000 = DEFINITIONAL_REPRESENTATION('',(#4001),#4027);
#4001 = B_SPLINE_CURVE_WITH_KNOTS('',3,(#4002,#4003,#4004,#4005,#4006,
    #4007,#4008,#4009,#4010,#4011,#4012,#4013,#4014,#4015,#4016,#4017,
    #4018,#4019,#4020,#4021,#4022,#4023,#4024,#4025,#4026),
  .UNSPECIFIED.,.F.,.F.,(4,1,1,1,1,1,1,1,1,1,1,1,1,1,1,1,1,1,1,1,1,1,4),
  (4.712388980385,4.783788813421,4.855188646457,4.926588479493,
    4.997988312529,5.069388145565,5.140787978601,5.212187811638,
    5.283587644674,5.35498747771,5.426387310746,5.497787143782,
    5.569186976818,5.640586809854,5.711986642891,5.783386475927,
    5.854786308963,5.926186141999,5.997585975035,6.068985808071,
    6.140385641107,6.211785474143,6.28318530718),.UNSPECIFIED.);
#4002 = CARTESIAN_POINT('',(6.28318530718,0.955316618125));
#4003 = CARTESIAN_POINT('',(6.254059846167,0.938472816917));
#4004 = CARTESIAN_POINT('',(6.199885059107,0.903640648239));
#4005 = CARTESIAN_POINT('',(6.129020437536,0.848555592307));
#4006 = CARTESIAN_POINT('',(6.066604225637,0.791289937376));
#4007 = CARTESIAN_POINT('',(6.011101336203,0.732292309234));
#4008 = CARTESIAN_POINT('',(5.961229158455,0.671921956095));
#4009 = CARTESIAN_POINT('',(5.915950072795,0.610453711589));
#4010 = CARTESIAN_POINT('',(5.874416943299,0.548104320227));
#4011 = CARTESIAN_POINT('',(5.835936055775,0.485045913962));
#4012 = CARTESIAN_POINT('',(5.799933440753,0.421417575992));
#4013 = CARTESIAN_POINT('',(5.765928414849,0.357333496394));
#4014 = CARTESIAN_POINT('',(5.733512229971,0.292889207833));
#4015 = CARTESIAN_POINT('',(5.702331039799,0.228166302646));
#4016 = CARTESIAN_POINT('',(5.672072112256,0.163236106295));
#4017 = CARTESIAN_POINT('',(5.642452470234,9.816260582644E-02));
#4018 = CARTESIAN_POINT('',(5.613209265859,3.30048681158E-02));
#4019 = CARTESIAN_POINT('',(5.584091299221,-3.218087056977E-02));
#4020 = CARTESIAN_POINT('',(5.554851241823,-9.733931239659E-02));
#4021 = CARTESIAN_POINT('',(5.525237917478,-0.162414226077));
#4022 = CARTESIAN_POINT('',(5.494988967508,-0.227346666659));
#4023 = CARTESIAN_POINT('',(5.46382063559,-0.292072447429));
#4024 = CARTESIAN_POINT('',(5.431424704515,-0.356521383409));
#4025 = CARTESIAN_POINT('',(5.408763388199,-0.399245918674));
#4026 = CARTESIAN_POINT('',(5.397108183387,-0.420534335284));
#4027 = ( GEOMETRIC_REPRESENTATION_CONTEXT(2) 
PARAMETRIC_REPRESENTATION_CONTEXT() REPRESENTATION_CONTEXT('2D SPACE',''
  ) );
#4028 = PCURVE('',#4029,#4034);
#4029 = CYLINDRICAL_SURFACE('',#4030,0.1);
#4030 = AXIS2_PLACEMENT_3D('',#4031,#4032,#4033);
#4031 = CARTESIAN_POINT('',(-49.9,-5.9,-11.25));
#4032 = DIRECTION('',(0.,0.,-1.));
#4033 = DIRECTION('',(-0.707106781187,-0.707106781187,-0.));
#4034 = DEFINITIONAL_REPRESENTATION('',(#4035),#4039);
#4035 = LINE('',#4036,#4037);
#4036 = CARTESIAN_POINT('',(5.497787143782,-33.65));
#4037 = VECTOR('',#4038,1.);
#4038 = DIRECTION('',(-1.,0.));
#4039 = ( GEOMETRIC_REPRESENTATION_CONTEXT(2) 
PARAMETRIC_REPRESENTATION_CONTEXT() REPRESENTATION_CONTEXT('2D SPACE',''
  ) );
#4040 = ADVANCED_FACE('',(#4041),#4056,.T.);
#4041 = FACE_BOUND('',#4042,.T.);
#4042 = EDGE_LOOP('',(#4043,#4101,#4152));
#4043 = ORIENTED_EDGE('',*,*,#4044,.T.);
#4044 = EDGE_CURVE('',#4045,#4047,#4049,.T.);
#4045 = VERTEX_POINT('',#4046);
#4046 = CARTESIAN_POINT('',(49.9,-6.,22.4));
#4047 = VERTEX_POINT('',#4048);
#4048 = CARTESIAN_POINT('',(50.,-5.9,22.4));
#4049 = SURFACE_CURVE('',#4050,(#4055,#4089),.PCURVE_S1.);
#4050 = CIRCLE('',#4051,0.1);
#4051 = AXIS2_PLACEMENT_3D('',#4052,#4053,#4054);
#4052 = CARTESIAN_POINT('',(49.9,-5.9,22.4));
#4053 = DIRECTION('',(0.,0.,1.));
#4054 = DIRECTION('',(1.,0.,-0.));
#4055 = PCURVE('',#4056,#4061);
#4056 = SPHERICAL_SURFACE('',#4057,0.1);
#4057 = AXIS2_PLACEMENT_3D('',#4058,#4059,#4060);
#4058 = CARTESIAN_POINT('',(49.9,-5.9,22.4));
#4059 = DIRECTION('',(-0.816496580928,-0.408248290464,0.408248290464));
#4060 = DIRECTION('',(0.57735026919,-0.57735026919,0.57735026919));
#4061 = DEFINITIONAL_REPRESENTATION('',(#4062),#4088);
#4062 = B_SPLINE_CURVE_WITH_KNOTS('',3,(#4063,#4064,#4065,#4066,#4067,
    #4068,#4069,#4070,#4071,#4072,#4073,#4074,#4075,#4076,#4077,#4078,
    #4079,#4080,#4081,#4082,#4083,#4084,#4085,#4086,#4087),
  .UNSPECIFIED.,.F.,.F.,(4,1,1,1,1,1,1,1,1,1,1,1,1,1,1,1,1,1,1,1,1,1,4),
  (4.712388980385,4.783788813421,4.855188646457,4.926588479493,
    4.997988312529,5.069388145565,5.140787978601,5.212187811638,
    5.283587644674,5.35498747771,5.426387310746,5.497787143782,
    5.569186976818,5.640586809854,5.711986642891,5.783386475927,
    5.854786308963,5.926186141999,5.997585975035,6.068985808071,
    6.140385641107,6.211785474143,6.28318530718),.UNSPECIFIED.);
#4063 = CARTESIAN_POINT('',(-0.886077123793,0.420534335284));
#4064 = CARTESIAN_POINT('',(-0.874421918981,0.399245918674));
#4065 = CARTESIAN_POINT('',(-0.851760602664,0.356521383409));
#4066 = CARTESIAN_POINT('',(-0.81936467159,0.292072447429));
#4067 = CARTESIAN_POINT('',(-0.788196339671,0.227346666659));
#4068 = CARTESIAN_POINT('',(-0.757947389702,0.162414226077));
#4069 = CARTESIAN_POINT('',(-0.728334065356,9.73393123966E-02));
#4070 = CARTESIAN_POINT('',(-0.699094007959,3.218087056976E-02));
#4071 = CARTESIAN_POINT('',(-0.669976041321,-3.300486811577E-02));
#4072 = CARTESIAN_POINT('',(-0.640732836946,-9.816260582657E-02));
#4073 = CARTESIAN_POINT('',(-0.611113194923,-0.163236106295));
#4074 = CARTESIAN_POINT('',(-0.580854267381,-0.228166302646));
#4075 = CARTESIAN_POINT('',(-0.549673077208,-0.292889207833));
#4076 = CARTESIAN_POINT('',(-0.517256892331,-0.357333496394));
#4077 = CARTESIAN_POINT('',(-0.483251866427,-0.421417575992));
#4078 = CARTESIAN_POINT('',(-0.447249251405,-0.485045913962));
#4079 = CARTESIAN_POINT('',(-0.408768363881,-0.548104320227));
#4080 = CARTESIAN_POINT('',(-0.367235234384,-0.610453711589));
#4081 = CARTESIAN_POINT('',(-0.321956148725,-0.671921956095));
#4082 = CARTESIAN_POINT('',(-0.272083970977,-0.732292309234));
#4083 = CARTESIAN_POINT('',(-0.216581081542,-0.791289937376));
#4084 = CARTESIAN_POINT('',(-0.154164869643,-0.848555592307));
#4085 = CARTESIAN_POINT('',(-8.330024807211E-02,-0.903640648239));
#4086 = CARTESIAN_POINT('',(-2.912546101251E-02,-0.938472816918));
#4087 = CARTESIAN_POINT('',(-8.881784197001E-16,-0.955316618125));
#4088 = ( GEOMETRIC_REPRESENTATION_CONTEXT(2) 
PARAMETRIC_REPRESENTATION_CONTEXT() REPRESENTATION_CONTEXT('2D SPACE',''
  ) );
#4089 = PCURVE('',#4090,#4095);
#4090 = CYLINDRICAL_SURFACE('',#4091,0.1);
#4091 = AXIS2_PLACEMENT_3D('',#4092,#4093,#4094);
#4092 = CARTESIAN_POINT('',(49.9,-5.9,11.25));
#4093 = DIRECTION('',(0.,0.,1.));
#4094 = DIRECTION('',(0.707106781187,-0.707106781187,0.));
#4095 = DEFINITIONAL_REPRESENTATION('',(#4096),#4100);
#4096 = LINE('',#4097,#4098);
#4097 = CARTESIAN_POINT('',(-5.497787143782,11.15));
#4098 = VECTOR('',#4099,1.);
#4099 = DIRECTION('',(1.,0.));
#4100 = ( GEOMETRIC_REPRESENTATION_CONTEXT(2) 
PARAMETRIC_REPRESENTATION_CONTEXT() REPRESENTATION_CONTEXT('2D SPACE',''
  ) );
#4101 = ORIENTED_EDGE('',*,*,#4102,.T.);
#4102 = EDGE_CURVE('',#4047,#4103,#4105,.T.);
#4103 = VERTEX_POINT('',#4104);
#4104 = CARTESIAN_POINT('',(49.9,-5.9,22.5));
#4105 = SURFACE_CURVE('',#4106,(#4111,#4140),.PCURVE_S1.);
#4106 = CIRCLE('',#4107,0.1);
#4107 = AXIS2_PLACEMENT_3D('',#4108,#4109,#4110);
#4108 = CARTESIAN_POINT('',(49.9,-5.9,22.4));
#4109 = DIRECTION('',(0.,-1.,0.));
#4110 = DIRECTION('',(0.,0.,1.));
#4111 = PCURVE('',#4056,#4112);
#4112 = DEFINITIONAL_REPRESENTATION('',(#4113),#4139);
#4113 = B_SPLINE_CURVE_WITH_KNOTS('',3,(#4114,#4115,#4116,#4117,#4118,
    #4119,#4120,#4121,#4122,#4123,#4124,#4125,#4126,#4127,#4128,#4129,
    #4130,#4131,#4132,#4133,#4134,#4135,#4136,#4137,#4138),
  .UNSPECIFIED.,.F.,.F.,(4,1,1,1,1,1,1,1,1,1,1,1,1,1,1,1,1,1,1,1,1,1,4),
  (4.712388980385,4.783788813421,4.855188646457,4.926588479493,
    4.997988312529,5.069388145565,5.140787978601,5.212187811638,
    5.283587644674,5.35498747771,5.426387310746,5.497787143782,
    5.569186976818,5.640586809854,5.711986642891,5.783386475927,
    5.854786308963,5.926186141999,5.997585975035,6.068985808071,
    6.140385641107,6.211785474143,6.28318530718),.UNSPECIFIED.);
#4114 = CARTESIAN_POINT('',(0.,-0.955316618125));
#4115 = CARTESIAN_POINT('',(2.912546101253E-02,-0.938472816917));
#4116 = CARTESIAN_POINT('',(8.330024807212E-02,-0.903640648239));
#4117 = CARTESIAN_POINT('',(0.154164869643,-0.848555592307));
#4118 = CARTESIAN_POINT('',(0.216581081542,-0.791289937376));
#4119 = CARTESIAN_POINT('',(0.272083970977,-0.732292309234));
#4120 = CARTESIAN_POINT('',(0.321956148725,-0.671921956095));
#4121 = CARTESIAN_POINT('',(0.367235234384,-0.610453711589));
#4122 = CARTESIAN_POINT('',(0.408768363881,-0.548104320227));
#4123 = CARTESIAN_POINT('',(0.447249251405,-0.485045913962));
#4124 = CARTESIAN_POINT('',(0.483251866427,-0.421417575992));
#4125 = CARTESIAN_POINT('',(0.517256892331,-0.357333496394));
#4126 = CARTESIAN_POINT('',(0.549673077208,-0.292889207833));
#4127 = CARTESIAN_POINT('',(0.580854267381,-0.228166302646));
#4128 = CARTESIAN_POINT('',(0.611113194924,-0.163236106295));
#4129 = CARTESIAN_POINT('',(0.640732836946,-9.816260582654E-02));
#4130 = CARTESIAN_POINT('',(0.669976041321,-3.300486811576E-02));
#4131 = CARTESIAN_POINT('',(0.699094007959,3.21808705697E-02));
#4132 = CARTESIAN_POINT('',(0.728334065356,9.733931239659E-02));
#4133 = CARTESIAN_POINT('',(0.757947389702,0.162414226077));
#4134 = CARTESIAN_POINT('',(0.788196339671,0.227346666659));
#4135 = CARTESIAN_POINT('',(0.81936467159,0.292072447429));
#4136 = CARTESIAN_POINT('',(0.851760602664,0.356521383409));
#4137 = CARTESIAN_POINT('',(0.874421918981,0.399245918674));
#4138 = CARTESIAN_POINT('',(0.886077123793,0.420534335284));
#4139 = ( GEOMETRIC_REPRESENTATION_CONTEXT(2) 
PARAMETRIC_REPRESENTATION_CONTEXT() REPRESENTATION_CONTEXT('2D SPACE',''
  ) );
#4140 = PCURVE('',#4141,#4146);
#4141 = CYLINDRICAL_SURFACE('',#4142,0.1);
#4142 = AXIS2_PLACEMENT_3D('',#4143,#4144,#4145);
#4143 = CARTESIAN_POINT('',(49.9,0.,22.4));
#4144 = DIRECTION('',(0.,-1.,0.));
#4145 = DIRECTION('',(0.707106781187,0.,0.707106781187));
#4146 = DEFINITIONAL_REPRESENTATION('',(#4147),#4151);
#4147 = LINE('',#4148,#4149);
#4148 = CARTESIAN_POINT('',(0.785398163397,5.9));
#4149 = VECTOR('',#4150,1.);
#4150 = DIRECTION('',(1.,0.));
#4151 = ( GEOMETRIC_REPRESENTATION_CONTEXT(2) 
PARAMETRIC_REPRESENTATION_CONTEXT() REPRESENTATION_CONTEXT('2D SPACE',''
  ) );
#4152 = ORIENTED_EDGE('',*,*,#4153,.T.);
#4153 = EDGE_CURVE('',#4103,#4045,#4154,.T.);
#4154 = SURFACE_CURVE('',#4155,(#4160,#4189),.PCURVE_S1.);
#4155 = CIRCLE('',#4156,0.1);
#4156 = AXIS2_PLACEMENT_3D('',#4157,#4158,#4159);
#4157 = CARTESIAN_POINT('',(49.9,-5.9,22.4));
#4158 = DIRECTION('',(1.,0.,0.));
#4159 = DIRECTION('',(0.,-1.,0.));
#4160 = PCURVE('',#4056,#4161);
#4161 = DEFINITIONAL_REPRESENTATION('',(#4162),#4188);
#4162 = B_SPLINE_CURVE_WITH_KNOTS('',3,(#4163,#4164,#4165,#4166,#4167,
    #4168,#4169,#4170,#4171,#4172,#4173,#4174,#4175,#4176,#4177,#4178,
    #4179,#4180,#4181,#4182,#4183,#4184,#4185,#4186,#4187),
  .UNSPECIFIED.,.F.,.F.,(4,1,1,1,1,1,1,1,1,1,1,1,1,1,1,1,1,1,1,1,1,1,4),
  (4.712388980385,4.783788813421,4.855188646457,4.926588479493,
    4.997988312529,5.069388145565,5.140787978601,5.212187811638,
    5.283587644674,5.35498747771,5.426387310746,5.497787143782,
    5.569186976818,5.640586809854,5.711986642891,5.783386475927,
    5.854786308963,5.926186141999,5.997585975035,6.068985808071,
    6.140385641107,6.211785474143,6.28318530718),.UNSPECIFIED.);
#4163 = CARTESIAN_POINT('',(0.886077123793,0.420534335284));
#4164 = CARTESIAN_POINT('',(0.862761489391,0.431177612946));
#4165 = CARTESIAN_POINT('',(0.815451353994,0.451857720497));
#4166 = CARTESIAN_POINT('',(0.742397299073,0.480841619708));
#4167 = CARTESIAN_POINT('',(0.667183779189,0.507573396942));
#4168 = CARTESIAN_POINT('',(0.589804445008,0.531833486067));
#4169 = CARTESIAN_POINT('',(0.510306420952,0.553405144352));
#4170 = CARTESIAN_POINT('',(0.428803178641,0.572079393981));
#4171 = CARTESIAN_POINT('',(0.345478129824,0.587661669371));
#4172 = CARTESIAN_POINT('',(0.260586064886,0.599978915752));
#4173 = CARTESIAN_POINT('',(0.174449006799,0.608886874916));
#4174 = CARTESIAN_POINT('',(8.744645132812E-02,0.614276835086));
#4175 = CARTESIAN_POINT('',(2.408363633599E-14,0.616081145463));
#4176 = CARTESIAN_POINT('',(-8.744645132822E-02,0.614276835086));
#4177 = CARTESIAN_POINT('',(-0.174449006799,0.608886874916));
#4178 = CARTESIAN_POINT('',(-0.260586064886,0.599978915752));
#4179 = CARTESIAN_POINT('',(-0.345478129824,0.587661669371));
#4180 = CARTESIAN_POINT('',(-0.428803178641,0.572079393981));
#4181 = CARTESIAN_POINT('',(-0.510306420952,0.553405144352));
#4182 = CARTESIAN_POINT('',(-0.589804445008,0.531833486067));
#4183 = CARTESIAN_POINT('',(-0.667183779189,0.507573396942));
#4184 = CARTESIAN_POINT('',(-0.742397299073,0.480841619708));
#4185 = CARTESIAN_POINT('',(-0.815451353994,0.451857720497));
#4186 = CARTESIAN_POINT('',(-0.862761489391,0.431177612946));
#4187 = CARTESIAN_POINT('',(-0.886077123793,0.420534335284));
#4188 = ( GEOMETRIC_REPRESENTATION_CONTEXT(2) 
PARAMETRIC_REPRESENTATION_CONTEXT() REPRESENTATION_CONTEXT('2D SPACE',''
  ) );
#4189 = PCURVE('',#3929,#4190);
#4190 = DEFINITIONAL_REPRESENTATION('',(#4191),#4195);
#4191 = LINE('',#4192,#4193);
#4192 = CARTESIAN_POINT('',(5.497787143782,-74.9));
#4193 = VECTOR('',#4194,1.);
#4194 = DIRECTION('',(-1.,0.));
#4195 = ( GEOMETRIC_REPRESENTATION_CONTEXT(2) 
PARAMETRIC_REPRESENTATION_CONTEXT() REPRESENTATION_CONTEXT('2D SPACE',''
  ) );
#4196 = ADVANCED_FACE('',(#4197),#4212,.T.);
#4197 = FACE_BOUND('',#4198,.T.);
#4198 = EDGE_LOOP('',(#4199,#4252,#4303));
#4199 = ORIENTED_EDGE('',*,*,#4200,.T.);
#4200 = EDGE_CURVE('',#4201,#4203,#4205,.T.);
#4201 = VERTEX_POINT('',#4202);
#4202 = CARTESIAN_POINT('',(-49.9,-6.,-22.4));
#4203 = VERTEX_POINT('',#4204);
#4204 = CARTESIAN_POINT('',(-50.,-5.9,-22.4));
#4205 = SURFACE_CURVE('',#4206,(#4211,#4245),.PCURVE_S1.);
#4206 = CIRCLE('',#4207,0.1);
#4207 = AXIS2_PLACEMENT_3D('',#4208,#4209,#4210);
#4208 = CARTESIAN_POINT('',(-49.9,-5.9,-22.4));
#4209 = DIRECTION('',(0.,0.,-1.));
#4210 = DIRECTION('',(-1.,0.,0.));
#4211 = PCURVE('',#4212,#4217);
#4212 = SPHERICAL_SURFACE('',#4213,0.1);
#4213 = AXIS2_PLACEMENT_3D('',#4214,#4215,#4216);
#4214 = CARTESIAN_POINT('',(-49.9,-5.9,-22.4));
#4215 = DIRECTION('',(-0.816496580928,0.408248290464,0.408248290464));
#4216 = DIRECTION('',(-0.57735026919,-0.57735026919,-0.57735026919));
#4217 = DEFINITIONAL_REPRESENTATION('',(#4218),#4244);
#4218 = B_SPLINE_CURVE_WITH_KNOTS('',3,(#4219,#4220,#4221,#4222,#4223,
    #4224,#4225,#4226,#4227,#4228,#4229,#4230,#4231,#4232,#4233,#4234,
    #4235,#4236,#4237,#4238,#4239,#4240,#4241,#4242,#4243),
  .UNSPECIFIED.,.F.,.F.,(4,1,1,1,1,1,1,1,1,1,1,1,1,1,1,1,1,1,1,1,1,1,4),
  (4.712388980385,4.783788813421,4.855188646457,4.926588479493,
    4.997988312529,5.069388145565,5.140787978601,5.212187811638,
    5.283587644674,5.35498747771,5.426387310746,5.497787143782,
    5.569186976818,5.640586809854,5.711986642891,5.783386475927,
    5.854786308963,5.926186141999,5.997585975035,6.068985808071,
    6.140385641107,6.211785474143,6.28318530718),.UNSPECIFIED.);
#4219 = CARTESIAN_POINT('',(7.169262430972,-0.420534335284));
#4220 = CARTESIAN_POINT('',(7.157607226161,-0.399245918674));
#4221 = CARTESIAN_POINT('',(7.134945909844,-0.356521383409));
#4222 = CARTESIAN_POINT('',(7.102549978769,-0.292072447429));
#4223 = CARTESIAN_POINT('',(7.071381646851,-0.227346666659));
#4224 = CARTESIAN_POINT('',(7.041132696882,-0.162414226077));
#4225 = CARTESIAN_POINT('',(7.011519372536,-9.73393123966E-02));
#4226 = CARTESIAN_POINT('',(6.982279315138,-3.218087056976E-02));
#4227 = CARTESIAN_POINT('',(6.953161348501,3.300486811577E-02));
#4228 = CARTESIAN_POINT('',(6.923918144126,9.816260582657E-02));
#4229 = CARTESIAN_POINT('',(6.894298502103,0.163236106295));
#4230 = CARTESIAN_POINT('',(6.864039574561,0.228166302646));
#4231 = CARTESIAN_POINT('',(6.832858384388,0.292889207833));
#4232 = CARTESIAN_POINT('',(6.80044219951,0.357333496394));
#4233 = CARTESIAN_POINT('',(6.766437173606,0.421417575992));
#4234 = CARTESIAN_POINT('',(6.730434558584,0.485045913962));
#4235 = CARTESIAN_POINT('',(6.691953671061,0.548104320227));
#4236 = CARTESIAN_POINT('',(6.650420541564,0.610453711589));
#4237 = CARTESIAN_POINT('',(6.605141455905,0.671921956095));
#4238 = CARTESIAN_POINT('',(6.555269278156,0.732292309234));
#4239 = CARTESIAN_POINT('',(6.499766388722,0.791289937376));
#4240 = CARTESIAN_POINT('',(6.437350176823,0.848555592307));
#4241 = CARTESIAN_POINT('',(6.366485555252,0.903640648239));
#4242 = CARTESIAN_POINT('',(6.312310768192,0.938472816918));
#4243 = CARTESIAN_POINT('',(6.28318530718,0.955316618125));
#4244 = ( GEOMETRIC_REPRESENTATION_CONTEXT(2) 
PARAMETRIC_REPRESENTATION_CONTEXT() REPRESENTATION_CONTEXT('2D SPACE',''
  ) );
#4245 = PCURVE('',#4029,#4246);
#4246 = DEFINITIONAL_REPRESENTATION('',(#4247),#4251);
#4247 = LINE('',#4248,#4249);
#4248 = CARTESIAN_POINT('',(-5.497787143782,11.15));
#4249 = VECTOR('',#4250,1.);
#4250 = DIRECTION('',(1.,0.));
#4251 = ( GEOMETRIC_REPRESENTATION_CONTEXT(2) 
PARAMETRIC_REPRESENTATION_CONTEXT() REPRESENTATION_CONTEXT('2D SPACE',''
  ) );
#4252 = ORIENTED_EDGE('',*,*,#4253,.T.);
#4253 = EDGE_CURVE('',#4203,#4254,#4256,.T.);
#4254 = VERTEX_POINT('',#4255);
#4255 = CARTESIAN_POINT('',(-49.9,-5.9,-22.5));
#4256 = SURFACE_CURVE('',#4257,(#4262,#4291),.PCURVE_S1.);
#4257 = CIRCLE('',#4258,0.1);
#4258 = AXIS2_PLACEMENT_3D('',#4259,#4260,#4261);
#4259 = CARTESIAN_POINT('',(-49.9,-5.9,-22.4));
#4260 = DIRECTION('',(0.,-1.,0.));
#4261 = DIRECTION('',(0.,0.,-1.));
#4262 = PCURVE('',#4212,#4263);
#4263 = DEFINITIONAL_REPRESENTATION('',(#4264),#4290);
#4264 = B_SPLINE_CURVE_WITH_KNOTS('',3,(#4265,#4266,#4267,#4268,#4269,
    #4270,#4271,#4272,#4273,#4274,#4275,#4276,#4277,#4278,#4279,#4280,
    #4281,#4282,#4283,#4284,#4285,#4286,#4287,#4288,#4289),
  .UNSPECIFIED.,.F.,.F.,(4,1,1,1,1,1,1,1,1,1,1,1,1,1,1,1,1,1,1,1,1,1,4),
  (4.712388980385,4.783788813421,4.855188646457,4.926588479493,
    4.997988312529,5.069388145565,5.140787978601,5.212187811638,
    5.283587644674,5.35498747771,5.426387310746,5.497787143782,
    5.569186976818,5.640586809854,5.711986642891,5.783386475927,
    5.854786308963,5.926186141999,5.997585975035,6.068985808071,
    6.140385641107,6.211785474143,6.28318530718),.UNSPECIFIED.);
#4265 = CARTESIAN_POINT('',(6.28318530718,0.955316618125));
#4266 = CARTESIAN_POINT('',(6.254059846167,0.938472816917));
#4267 = CARTESIAN_POINT('',(6.199885059107,0.903640648239));
#4268 = CARTESIAN_POINT('',(6.129020437536,0.848555592307));
#4269 = CARTESIAN_POINT('',(6.066604225637,0.791289937376));
#4270 = CARTESIAN_POINT('',(6.011101336203,0.732292309234));
#4271 = CARTESIAN_POINT('',(5.961229158455,0.671921956095));
#4272 = CARTESIAN_POINT('',(5.915950072795,0.610453711589));
#4273 = CARTESIAN_POINT('',(5.874416943299,0.548104320227));
#4274 = CARTESIAN_POINT('',(5.835936055775,0.485045913962));
#4275 = CARTESIAN_POINT('',(5.799933440753,0.421417575992));
#4276 = CARTESIAN_POINT('',(5.765928414849,0.357333496394));
#4277 = CARTESIAN_POINT('',(5.733512229971,0.292889207833));
#4278 = CARTESIAN_POINT('',(5.702331039799,0.228166302646));
#4279 = CARTESIAN_POINT('',(5.672072112256,0.163236106295));
#4280 = CARTESIAN_POINT('',(5.642452470234,9.816260582654E-02));
#4281 = CARTESIAN_POINT('',(5.613209265859,3.300486811576E-02));
#4282 = CARTESIAN_POINT('',(5.584091299221,-3.21808705697E-02));
#4283 = CARTESIAN_POINT('',(5.554851241823,-9.733931239659E-02));
#4284 = CARTESIAN_POINT('',(5.525237917478,-0.162414226077));
#4285 = CARTESIAN_POINT('',(5.494988967508,-0.227346666659));
#4286 = CARTESIAN_POINT('',(5.46382063559,-0.292072447429));
#4287 = CARTESIAN_POINT('',(5.431424704515,-0.356521383409));
#4288 = CARTESIAN_POINT('',(5.408763388199,-0.399245918674));
#4289 = CARTESIAN_POINT('',(5.397108183387,-0.420534335284));
#4290 = ( GEOMETRIC_REPRESENTATION_CONTEXT(2) 
PARAMETRIC_REPRESENTATION_CONTEXT() REPRESENTATION_CONTEXT('2D SPACE',''
  ) );
#4291 = PCURVE('',#4292,#4297);
#4292 = CYLINDRICAL_SURFACE('',#4293,0.1);
#4293 = AXIS2_PLACEMENT_3D('',#4294,#4295,#4296);
#4294 = CARTESIAN_POINT('',(-49.9,0.,-22.4));
#4295 = DIRECTION('',(0.,1.,0.));
#4296 = DIRECTION('',(-0.707106781187,0.,-0.707106781187));
#4297 = DEFINITIONAL_REPRESENTATION('',(#4298),#4302);
#4298 = LINE('',#4299,#4300);
#4299 = CARTESIAN_POINT('',(5.497787143782,-5.9));
#4300 = VECTOR('',#4301,1.);
#4301 = DIRECTION('',(-1.,0.));
#4302 = ( GEOMETRIC_REPRESENTATION_CONTEXT(2) 
PARAMETRIC_REPRESENTATION_CONTEXT() REPRESENTATION_CONTEXT('2D SPACE',''
  ) );
#4303 = ORIENTED_EDGE('',*,*,#4304,.T.);
#4304 = EDGE_CURVE('',#4254,#4201,#4305,.T.);
#4305 = SURFACE_CURVE('',#4306,(#4311,#4340),.PCURVE_S1.);
#4306 = CIRCLE('',#4307,0.1);
#4307 = AXIS2_PLACEMENT_3D('',#4308,#4309,#4310);
#4308 = CARTESIAN_POINT('',(-49.9,-5.9,-22.4));
#4309 = DIRECTION('',(-1.,0.,0.));
#4310 = DIRECTION('',(0.,-1.,0.));
#4311 = PCURVE('',#4212,#4312);
#4312 = DEFINITIONAL_REPRESENTATION('',(#4313),#4339);
#4313 = B_SPLINE_CURVE_WITH_KNOTS('',3,(#4314,#4315,#4316,#4317,#4318,
    #4319,#4320,#4321,#4322,#4323,#4324,#4325,#4326,#4327,#4328,#4329,
    #4330,#4331,#4332,#4333,#4334,#4335,#4336,#4337,#4338),
  .UNSPECIFIED.,.F.,.F.,(4,1,1,1,1,1,1,1,1,1,1,1,1,1,1,1,1,1,1,1,1,1,4),
  (4.712388980385,4.783788813421,4.855188646457,4.926588479493,
    4.997988312529,5.069388145565,5.140787978601,5.212187811638,
    5.283587644674,5.35498747771,5.426387310746,5.497787143782,
    5.569186976818,5.640586809854,5.711986642891,5.783386475927,
    5.854786308963,5.926186141999,5.997585975035,6.068985808071,
    6.140385641107,6.211785474143,6.28318530718),.UNSPECIFIED.);
#4314 = CARTESIAN_POINT('',(5.397108183387,-0.420534335284));
#4315 = CARTESIAN_POINT('',(5.420423817789,-0.431177612946));
#4316 = CARTESIAN_POINT('',(5.467733953185,-0.451857720497));
#4317 = CARTESIAN_POINT('',(5.540788008107,-0.480841619708));
#4318 = CARTESIAN_POINT('',(5.61600152799,-0.507573396942));
#4319 = CARTESIAN_POINT('',(5.693380862171,-0.531833486067));
#4320 = CARTESIAN_POINT('',(5.772878886228,-0.553405144352));
#4321 = CARTESIAN_POINT('',(5.854382128538,-0.572079393981));
#4322 = CARTESIAN_POINT('',(5.937707177355,-0.587661669371));
#4323 = CARTESIAN_POINT('',(6.022599242294,-0.599978915752));
#4324 = CARTESIAN_POINT('',(6.108736300381,-0.608886874916));
#4325 = CARTESIAN_POINT('',(6.195738855851,-0.614276835086));
#4326 = CARTESIAN_POINT('',(6.28318530718,-0.616081145463));
#4327 = CARTESIAN_POINT('',(6.370631758508,-0.614276835086));
#4328 = CARTESIAN_POINT('',(6.457634313978,-0.608886874916));
#4329 = CARTESIAN_POINT('',(6.543771372066,-0.599978915752));
#4330 = CARTESIAN_POINT('',(6.628663437004,-0.587661669371));
#4331 = CARTESIAN_POINT('',(6.711988485821,-0.572079393981));
#4332 = CARTESIAN_POINT('',(6.793491728132,-0.553405144352));
#4333 = CARTESIAN_POINT('',(6.872989752188,-0.531833486067));
#4334 = CARTESIAN_POINT('',(6.950369086369,-0.507573396942));
#4335 = CARTESIAN_POINT('',(7.025582606252,-0.480841619708));
#4336 = CARTESIAN_POINT('',(7.098636661174,-0.451857720497));
#4337 = CARTESIAN_POINT('',(7.14594679657,-0.431177612946));
#4338 = CARTESIAN_POINT('',(7.169262430972,-0.420534335284));
#4339 = ( GEOMETRIC_REPRESENTATION_CONTEXT(2) 
PARAMETRIC_REPRESENTATION_CONTEXT() REPRESENTATION_CONTEXT('2D SPACE',''
  ) );
#4340 = PCURVE('',#4341,#4346);
#4341 = CYLINDRICAL_SURFACE('',#4342,0.1);
#4342 = AXIS2_PLACEMENT_3D('',#4343,#4344,#4345);
#4343 = CARTESIAN_POINT('',(25.,-5.9,-22.4));
#4344 = DIRECTION('',(1.,0.,0.));
#4345 = DIRECTION('',(0.,-0.707106781187,-0.707106781187));
#4346 = DEFINITIONAL_REPRESENTATION('',(#4347),#4351);
#4347 = LINE('',#4348,#4349);
#4348 = CARTESIAN_POINT('',(5.497787143782,-74.9));
#4349 = VECTOR('',#4350,1.);
#4350 = DIRECTION('',(-1.,0.));
#4351 = ( GEOMETRIC_REPRESENTATION_CONTEXT(2) 
PARAMETRIC_REPRESENTATION_CONTEXT() REPRESENTATION_CONTEXT('2D SPACE',''
  ) );
#4352 = ADVANCED_FACE('',(#4353),#4368,.T.);
#4353 = FACE_BOUND('',#4354,.T.);
#4354 = EDGE_LOOP('',(#4355,#4413,#4459));
#4355 = ORIENTED_EDGE('',*,*,#4356,.T.);
#4356 = EDGE_CURVE('',#4357,#4359,#4361,.T.);
#4357 = VERTEX_POINT('',#4358);
#4358 = CARTESIAN_POINT('',(-49.9,6.,22.4));
#4359 = VERTEX_POINT('',#4360);
#4360 = CARTESIAN_POINT('',(-50.,5.9,22.4));
#4361 = SURFACE_CURVE('',#4362,(#4367,#4401),.PCURVE_S1.);
#4362 = CIRCLE('',#4363,0.1);
#4363 = AXIS2_PLACEMENT_3D('',#4364,#4365,#4366);
#4364 = CARTESIAN_POINT('',(-49.9,5.9,22.4));
#4365 = DIRECTION('',(0.,0.,1.));
#4366 = DIRECTION('',(-1.,0.,0.));
#4367 = PCURVE('',#4368,#4373);
#4368 = SPHERICAL_SURFACE('',#4369,0.1);
#4369 = AXIS2_PLACEMENT_3D('',#4370,#4371,#4372);
#4370 = CARTESIAN_POINT('',(-49.9,5.9,22.4));
#4371 = DIRECTION('',(-0.816496580928,-0.408248290464,-0.408248290464));
#4372 = DIRECTION('',(-0.57735026919,0.57735026919,0.57735026919));
#4373 = DEFINITIONAL_REPRESENTATION('',(#4374),#4400);
#4374 = B_SPLINE_CURVE_WITH_KNOTS('',3,(#4375,#4376,#4377,#4378,#4379,
    #4380,#4381,#4382,#4383,#4384,#4385,#4386,#4387,#4388,#4389,#4390,
    #4391,#4392,#4393,#4394,#4395,#4396,#4397,#4398,#4399),
  .UNSPECIFIED.,.F.,.F.,(4,1,1,1,1,1,1,1,1,1,1,1,1,1,1,1,1,1,1,1,1,1,4),
  (4.712388980385,4.783788813421,4.855188646457,4.926588479493,
    4.997988312529,5.069388145565,5.140787978601,5.212187811638,
    5.283587644674,5.35498747771,5.426387310746,5.497787143782,
    5.569186976818,5.640586809854,5.711986642891,5.783386475927,
    5.854786308963,5.926186141999,5.997585975035,6.068985808071,
    6.140385641107,6.211785474143,6.28318530718),.UNSPECIFIED.);
#4375 = CARTESIAN_POINT('',(7.169262430972,-0.420534335284));
#4376 = CARTESIAN_POINT('',(7.157607226161,-0.399245918674));
#4377 = CARTESIAN_POINT('',(7.134945909844,-0.356521383409));
#4378 = CARTESIAN_POINT('',(7.102549978769,-0.292072447429));
#4379 = CARTESIAN_POINT('',(7.071381646851,-0.227346666659));
#4380 = CARTESIAN_POINT('',(7.041132696882,-0.162414226077));
#4381 = CARTESIAN_POINT('',(7.011519372536,-9.73393123966E-02));
#4382 = CARTESIAN_POINT('',(6.982279315138,-3.218087056976E-02));
#4383 = CARTESIAN_POINT('',(6.953161348501,3.300486811577E-02));
#4384 = CARTESIAN_POINT('',(6.923918144126,9.816260582657E-02));
#4385 = CARTESIAN_POINT('',(6.894298502103,0.163236106295));
#4386 = CARTESIAN_POINT('',(6.864039574561,0.228166302646));
#4387 = CARTESIAN_POINT('',(6.832858384388,0.292889207833));
#4388 = CARTESIAN_POINT('',(6.80044219951,0.357333496394));
#4389 = CARTESIAN_POINT('',(6.766437173606,0.421417575992));
#4390 = CARTESIAN_POINT('',(6.730434558584,0.485045913962));
#4391 = CARTESIAN_POINT('',(6.691953671061,0.548104320227));
#4392 = CARTESIAN_POINT('',(6.650420541564,0.610453711589));
#4393 = CARTESIAN_POINT('',(6.605141455905,0.671921956095));
#4394 = CARTESIAN_POINT('',(6.555269278156,0.732292309234));
#4395 = CARTESIAN_POINT('',(6.499766388722,0.791289937376));
#4396 = CARTESIAN_POINT('',(6.437350176823,0.848555592307));
#4397 = CARTESIAN_POINT('',(6.366485555252,0.903640648239));
#4398 = CARTESIAN_POINT('',(6.312310768192,0.938472816918));
#4399 = CARTESIAN_POINT('',(6.28318530718,0.955316618125));
#4400 = ( GEOMETRIC_REPRESENTATION_CONTEXT(2) 
PARAMETRIC_REPRESENTATION_CONTEXT() REPRESENTATION_CONTEXT('2D SPACE',''
  ) );
#4401 = PCURVE('',#4402,#4407);
#4402 = CYLINDRICAL_SURFACE('',#4403,0.1);
#4403 = AXIS2_PLACEMENT_3D('',#4404,#4405,#4406);
#4404 = CARTESIAN_POINT('',(-49.9,5.9,-11.25));
#4405 = DIRECTION('',(0.,0.,1.));
#4406 = DIRECTION('',(-0.707106781187,0.707106781187,0.));
#4407 = DEFINITIONAL_REPRESENTATION('',(#4408),#4412);
#4408 = LINE('',#4409,#4410);
#4409 = CARTESIAN_POINT('',(-5.497787143782,33.65));
#4410 = VECTOR('',#4411,1.);
#4411 = DIRECTION('',(1.,0.));
#4412 = ( GEOMETRIC_REPRESENTATION_CONTEXT(2) 
PARAMETRIC_REPRESENTATION_CONTEXT() REPRESENTATION_CONTEXT('2D SPACE',''
  ) );
#4413 = ORIENTED_EDGE('',*,*,#4414,.T.);
#4414 = EDGE_CURVE('',#4359,#4415,#4417,.T.);
#4415 = VERTEX_POINT('',#4416);
#4416 = CARTESIAN_POINT('',(-49.9,5.9,22.5));
#4417 = SURFACE_CURVE('',#4418,(#4423,#4452),.PCURVE_S1.);
#4418 = CIRCLE('',#4419,0.1);
#4419 = AXIS2_PLACEMENT_3D('',#4420,#4421,#4422);
#4420 = CARTESIAN_POINT('',(-49.9,5.9,22.4));
#4421 = DIRECTION('',(0.,1.,0.));
#4422 = DIRECTION('',(0.,-0.,1.));
#4423 = PCURVE('',#4368,#4424);
#4424 = DEFINITIONAL_REPRESENTATION('',(#4425),#4451);
#4425 = B_SPLINE_CURVE_WITH_KNOTS('',3,(#4426,#4427,#4428,#4429,#4430,
    #4431,#4432,#4433,#4434,#4435,#4436,#4437,#4438,#4439,#4440,#4441,
    #4442,#4443,#4444,#4445,#4446,#4447,#4448,#4449,#4450),
  .UNSPECIFIED.,.F.,.F.,(4,1,1,1,1,1,1,1,1,1,1,1,1,1,1,1,1,1,1,1,1,1,4),
  (4.712388980385,4.783788813421,4.855188646457,4.926588479493,
    4.997988312529,5.069388145565,5.140787978601,5.212187811638,
    5.283587644674,5.35498747771,5.426387310746,5.497787143782,
    5.569186976818,5.640586809854,5.711986642891,5.783386475927,
    5.854786308963,5.926186141999,5.997585975035,6.068985808071,
    6.140385641107,6.211785474143,6.28318530718),.UNSPECIFIED.);
#4426 = CARTESIAN_POINT('',(6.28318530718,0.955316618125));
#4427 = CARTESIAN_POINT('',(6.254059846167,0.938472816917));
#4428 = CARTESIAN_POINT('',(6.199885059107,0.903640648239));
#4429 = CARTESIAN_POINT('',(6.129020437536,0.848555592307));
#4430 = CARTESIAN_POINT('',(6.066604225637,0.791289937376));
#4431 = CARTESIAN_POINT('',(6.011101336203,0.732292309234));
#4432 = CARTESIAN_POINT('',(5.961229158455,0.671921956095));
#4433 = CARTESIAN_POINT('',(5.915950072795,0.610453711589));
#4434 = CARTESIAN_POINT('',(5.874416943299,0.548104320227));
#4435 = CARTESIAN_POINT('',(5.835936055775,0.485045913962));
#4436 = CARTESIAN_POINT('',(5.799933440753,0.421417575992));
#4437 = CARTESIAN_POINT('',(5.765928414849,0.357333496394));
#4438 = CARTESIAN_POINT('',(5.733512229971,0.292889207833));
#4439 = CARTESIAN_POINT('',(5.702331039799,0.228166302646));
#4440 = CARTESIAN_POINT('',(5.672072112256,0.163236106295));
#4441 = CARTESIAN_POINT('',(5.642452470234,9.816260582654E-02));
#4442 = CARTESIAN_POINT('',(5.613209265859,3.300486811576E-02));
#4443 = CARTESIAN_POINT('',(5.584091299221,-3.21808705697E-02));
#4444 = CARTESIAN_POINT('',(5.554851241823,-9.733931239659E-02));
#4445 = CARTESIAN_POINT('',(5.525237917478,-0.162414226077));
#4446 = CARTESIAN_POINT('',(5.494988967508,-0.227346666659));
#4447 = CARTESIAN_POINT('',(5.46382063559,-0.292072447429));
#4448 = CARTESIAN_POINT('',(5.431424704515,-0.356521383409));
#4449 = CARTESIAN_POINT('',(5.408763388199,-0.399245918674));
#4450 = CARTESIAN_POINT('',(5.397108183387,-0.420534335284));
#4451 = ( GEOMETRIC_REPRESENTATION_CONTEXT(2) 
PARAMETRIC_REPRESENTATION_CONTEXT() REPRESENTATION_CONTEXT('2D SPACE',''
  ) );
#4452 = PCURVE('',#3980,#4453);
#4453 = DEFINITIONAL_REPRESENTATION('',(#4454),#4458);
#4454 = LINE('',#4455,#4456);
#4455 = CARTESIAN_POINT('',(0.785398163397,5.9));
#4456 = VECTOR('',#4457,1.);
#4457 = DIRECTION('',(1.,0.));
#4458 = ( GEOMETRIC_REPRESENTATION_CONTEXT(2) 
PARAMETRIC_REPRESENTATION_CONTEXT() REPRESENTATION_CONTEXT('2D SPACE',''
  ) );
#4459 = ORIENTED_EDGE('',*,*,#4460,.T.);
#4460 = EDGE_CURVE('',#4415,#4357,#4461,.T.);
#4461 = SURFACE_CURVE('',#4462,(#4467,#4496),.PCURVE_S1.);
#4462 = CIRCLE('',#4463,0.1);
#4463 = AXIS2_PLACEMENT_3D('',#4464,#4465,#4466);
#4464 = CARTESIAN_POINT('',(-49.9,5.9,22.4));
#4465 = DIRECTION('',(-1.,0.,0.));
#4466 = DIRECTION('',(0.,1.,0.));
#4467 = PCURVE('',#4368,#4468);
#4468 = DEFINITIONAL_REPRESENTATION('',(#4469),#4495);
#4469 = B_SPLINE_CURVE_WITH_KNOTS('',3,(#4470,#4471,#4472,#4473,#4474,
    #4475,#4476,#4477,#4478,#4479,#4480,#4481,#4482,#4483,#4484,#4485,
    #4486,#4487,#4488,#4489,#4490,#4491,#4492,#4493,#4494),
  .UNSPECIFIED.,.F.,.F.,(4,1,1,1,1,1,1,1,1,1,1,1,1,1,1,1,1,1,1,1,1,1,4),
  (4.712388980385,4.783788813421,4.855188646457,4.926588479493,
    4.997988312529,5.069388145565,5.140787978601,5.212187811638,
    5.283587644674,5.35498747771,5.426387310746,5.497787143782,
    5.569186976818,5.640586809854,5.711986642891,5.783386475927,
    5.854786308963,5.926186141999,5.997585975035,6.068985808071,
    6.140385641107,6.211785474143,6.28318530718),.UNSPECIFIED.);
#4470 = CARTESIAN_POINT('',(5.397108183387,-0.420534335284));
#4471 = CARTESIAN_POINT('',(5.420423817789,-0.431177612946));
#4472 = CARTESIAN_POINT('',(5.467733953185,-0.451857720497));
#4473 = CARTESIAN_POINT('',(5.540788008107,-0.480841619708));
#4474 = CARTESIAN_POINT('',(5.61600152799,-0.507573396942));
#4475 = CARTESIAN_POINT('',(5.693380862171,-0.531833486067));
#4476 = CARTESIAN_POINT('',(5.772878886228,-0.553405144352));
#4477 = CARTESIAN_POINT('',(5.854382128538,-0.572079393981));
#4478 = CARTESIAN_POINT('',(5.937707177355,-0.587661669371));
#4479 = CARTESIAN_POINT('',(6.022599242294,-0.599978915752));
#4480 = CARTESIAN_POINT('',(6.108736300381,-0.608886874916));
#4481 = CARTESIAN_POINT('',(6.195738855851,-0.614276835086));
#4482 = CARTESIAN_POINT('',(6.28318530718,-0.616081145463));
#4483 = CARTESIAN_POINT('',(6.370631758508,-0.614276835086));
#4484 = CARTESIAN_POINT('',(6.457634313978,-0.608886874916));
#4485 = CARTESIAN_POINT('',(6.543771372066,-0.599978915752));
#4486 = CARTESIAN_POINT('',(6.628663437004,-0.587661669371));
#4487 = CARTESIAN_POINT('',(6.711988485821,-0.572079393981));
#4488 = CARTESIAN_POINT('',(6.793491728132,-0.553405144352));
#4489 = CARTESIAN_POINT('',(6.872989752188,-0.531833486067));
#4490 = CARTESIAN_POINT('',(6.950369086369,-0.507573396942));
#4491 = CARTESIAN_POINT('',(7.025582606252,-0.480841619708));
#4492 = CARTESIAN_POINT('',(7.098636661174,-0.451857720497));
#4493 = CARTESIAN_POINT('',(7.14594679657,-0.431177612946));
#4494 = CARTESIAN_POINT('',(7.169262430972,-0.420534335284));
#4495 = ( GEOMETRIC_REPRESENTATION_CONTEXT(2) 
PARAMETRIC_REPRESENTATION_CONTEXT() REPRESENTATION_CONTEXT('2D SPACE',''
  ) );
#4496 = PCURVE('',#4497,#4502);
#4497 = CYLINDRICAL_SURFACE('',#4498,0.1);
#4498 = AXIS2_PLACEMENT_3D('',#4499,#4500,#4501);
#4499 = CARTESIAN_POINT('',(-25.,5.9,22.4));
#4500 = DIRECTION('',(1.,0.,0.));
#4501 = DIRECTION('',(-0.,0.707106781187,0.707106781187));
#4502 = DEFINITIONAL_REPRESENTATION('',(#4503),#4507);
#4503 = LINE('',#4504,#4505);
#4504 = CARTESIAN_POINT('',(5.497787143782,-24.9));
#4505 = VECTOR('',#4506,1.);
#4506 = DIRECTION('',(-1.,0.));
#4507 = ( GEOMETRIC_REPRESENTATION_CONTEXT(2) 
PARAMETRIC_REPRESENTATION_CONTEXT() REPRESENTATION_CONTEXT('2D SPACE',''
  ) );
#4508 = ADVANCED_FACE('',(#4509),#3980,.T.);
#4509 = FACE_BOUND('',#4510,.T.);
#4510 = EDGE_LOOP('',(#4511,#4512,#4538,#4539));
#4511 = ORIENTED_EDGE('',*,*,#4414,.F.);
#4512 = ORIENTED_EDGE('',*,*,#4513,.T.);
#4513 = EDGE_CURVE('',#4359,#3942,#4514,.T.);
#4514 = SURFACE_CURVE('',#4515,(#4519,#4526),.PCURVE_S1.);
#4515 = LINE('',#4516,#4517);
#4516 = CARTESIAN_POINT('',(-50.,0.,22.4));
#4517 = VECTOR('',#4518,1.);
#4518 = DIRECTION('',(0.,-1.,0.));
#4519 = PCURVE('',#3980,#4520);
#4520 = DEFINITIONAL_REPRESENTATION('',(#4521),#4525);
#4521 = LINE('',#4522,#4523);
#4522 = CARTESIAN_POINT('',(5.497787143782,0.));
#4523 = VECTOR('',#4524,1.);
#4524 = DIRECTION('',(0.,-1.));
#4525 = ( GEOMETRIC_REPRESENTATION_CONTEXT(2) 
PARAMETRIC_REPRESENTATION_CONTEXT() REPRESENTATION_CONTEXT('2D SPACE',''
  ) );
#4526 = PCURVE('',#4527,#4532);
#4527 = PLANE('',#4528);
#4528 = AXIS2_PLACEMENT_3D('',#4529,#4530,#4531);
#4529 = CARTESIAN_POINT('',(-50.,0.,-22.5));
#4530 = DIRECTION('',(-1.,0.,0.));
#4531 = DIRECTION('',(0.,0.,1.));
#4532 = DEFINITIONAL_REPRESENTATION('',(#4533),#4537);
#4533 = LINE('',#4534,#4535);
#4534 = CARTESIAN_POINT('',(44.9,0.));
#4535 = VECTOR('',#4536,1.);
#4536 = DIRECTION('',(0.,-1.));
#4537 = ( GEOMETRIC_REPRESENTATION_CONTEXT(2) 
PARAMETRIC_REPRESENTATION_CONTEXT() REPRESENTATION_CONTEXT('2D SPACE',''
  ) );
#4538 = ORIENTED_EDGE('',*,*,#3941,.F.);
#4539 = ORIENTED_EDGE('',*,*,#4540,.T.);
#4540 = EDGE_CURVE('',#3886,#4415,#4541,.T.);
#4541 = SURFACE_CURVE('',#4542,(#4546,#4553),.PCURVE_S1.);
#4542 = LINE('',#4543,#4544);
#4543 = CARTESIAN_POINT('',(-49.9,0.,22.5));
#4544 = VECTOR('',#4545,1.);
#4545 = DIRECTION('',(0.,1.,0.));
#4546 = PCURVE('',#3980,#4547);
#4547 = DEFINITIONAL_REPRESENTATION('',(#4548),#4552);
#4548 = LINE('',#4549,#4550);
#4549 = CARTESIAN_POINT('',(7.068583470577,0.));
#4550 = VECTOR('',#4551,1.);
#4551 = DIRECTION('',(0.,1.));
#4552 = ( GEOMETRIC_REPRESENTATION_CONTEXT(2) 
PARAMETRIC_REPRESENTATION_CONTEXT() REPRESENTATION_CONTEXT('2D SPACE',''
  ) );
#4553 = PCURVE('',#4554,#4559);
#4554 = PLANE('',#4555);
#4555 = AXIS2_PLACEMENT_3D('',#4556,#4557,#4558);
#4556 = CARTESIAN_POINT('',(-50.,0.,22.5));
#4557 = DIRECTION('',(0.,0.,1.));
#4558 = DIRECTION('',(1.,0.,-0.));
#4559 = DEFINITIONAL_REPRESENTATION('',(#4560),#4564);
#4560 = LINE('',#4561,#4562);
#4561 = CARTESIAN_POINT('',(0.1,0.));
#4562 = VECTOR('',#4563,1.);
#4563 = DIRECTION('',(0.,1.));
#4564 = ( GEOMETRIC_REPRESENTATION_CONTEXT(2) 
PARAMETRIC_REPRESENTATION_CONTEXT() REPRESENTATION_CONTEXT('2D SPACE',''
  ) );
#4565 = ADVANCED_FACE('',(#4566),#4581,.T.);
#4566 = FACE_BOUND('',#4567,.T.);
#4567 = EDGE_LOOP('',(#4568,#4621,#4672));
#4568 = ORIENTED_EDGE('',*,*,#4569,.T.);
#4569 = EDGE_CURVE('',#4570,#4572,#4574,.T.);
#4570 = VERTEX_POINT('',#4571);
#4571 = CARTESIAN_POINT('',(49.9,-6.,-22.4));
#4572 = VERTEX_POINT('',#4573);
#4573 = CARTESIAN_POINT('',(49.9,-5.9,-22.5));
#4574 = SURFACE_CURVE('',#4575,(#4580,#4614),.PCURVE_S1.);
#4575 = CIRCLE('',#4576,0.1);
#4576 = AXIS2_PLACEMENT_3D('',#4577,#4578,#4579);
#4577 = CARTESIAN_POINT('',(49.9,-5.9,-22.4));
#4578 = DIRECTION('',(1.,0.,0.));
#4579 = DIRECTION('',(0.,0.,-1.));
#4580 = PCURVE('',#4581,#4586);
#4581 = SPHERICAL_SURFACE('',#4582,0.1);
#4582 = AXIS2_PLACEMENT_3D('',#4583,#4584,#4585);
#4583 = CARTESIAN_POINT('',(49.9,-5.9,-22.4));
#4584 = DIRECTION('',(-0.816496580928,-0.408248290464,-0.408248290464));
#4585 = DIRECTION('',(0.57735026919,-0.57735026919,-0.57735026919));
#4586 = DEFINITIONAL_REPRESENTATION('',(#4587),#4613);
#4587 = B_SPLINE_CURVE_WITH_KNOTS('',3,(#4588,#4589,#4590,#4591,#4592,
    #4593,#4594,#4595,#4596,#4597,#4598,#4599,#4600,#4601,#4602,#4603,
    #4604,#4605,#4606,#4607,#4608,#4609,#4610,#4611,#4612),
  .UNSPECIFIED.,.F.,.F.,(4,1,1,1,1,1,1,1,1,1,1,1,1,1,1,1,1,1,1,1,1,1,4),
  (4.712388980385,4.783788813421,4.855188646457,4.926588479493,
    4.997988312529,5.069388145565,5.140787978601,5.212187811638,
    5.283587644674,5.35498747771,5.426387310746,5.497787143782,
    5.569186976818,5.640586809854,5.711986642891,5.783386475927,
    5.854786308963,5.926186141999,5.997585975035,6.068985808071,
    6.140385641107,6.211785474143,6.28318530718),.UNSPECIFIED.);
#4588 = CARTESIAN_POINT('',(0.886077123793,0.420534335284));
#4589 = CARTESIAN_POINT('',(0.862761489391,0.431177612946));
#4590 = CARTESIAN_POINT('',(0.815451353994,0.451857720497));
#4591 = CARTESIAN_POINT('',(0.742397299073,0.480841619708));
#4592 = CARTESIAN_POINT('',(0.667183779189,0.507573396942));
#4593 = CARTESIAN_POINT('',(0.589804445008,0.531833486067));
#4594 = CARTESIAN_POINT('',(0.510306420952,0.553405144352));
#4595 = CARTESIAN_POINT('',(0.428803178641,0.572079393981));
#4596 = CARTESIAN_POINT('',(0.345478129824,0.587661669371));
#4597 = CARTESIAN_POINT('',(0.260586064886,0.599978915752));
#4598 = CARTESIAN_POINT('',(0.174449006799,0.608886874916));
#4599 = CARTESIAN_POINT('',(8.744645132818E-02,0.614276835086));
#4600 = CARTESIAN_POINT('',(-3.33782227177E-15,0.616081145463));
#4601 = CARTESIAN_POINT('',(-8.744645132816E-02,0.614276835086));
#4602 = CARTESIAN_POINT('',(-0.174449006799,0.608886874916));
#4603 = CARTESIAN_POINT('',(-0.260586064886,0.599978915752));
#4604 = CARTESIAN_POINT('',(-0.345478129824,0.587661669371));
#4605 = CARTESIAN_POINT('',(-0.428803178641,0.572079393981));
#4606 = CARTESIAN_POINT('',(-0.510306420952,0.553405144352));
#4607 = CARTESIAN_POINT('',(-0.589804445008,0.531833486067));
#4608 = CARTESIAN_POINT('',(-0.667183779189,0.507573396942));
#4609 = CARTESIAN_POINT('',(-0.742397299073,0.480841619708));
#4610 = CARTESIAN_POINT('',(-0.815451353994,0.451857720497));
#4611 = CARTESIAN_POINT('',(-0.862761489391,0.431177612946));
#4612 = CARTESIAN_POINT('',(-0.886077123793,0.420534335284));
#4613 = ( GEOMETRIC_REPRESENTATION_CONTEXT(2) 
PARAMETRIC_REPRESENTATION_CONTEXT() REPRESENTATION_CONTEXT('2D SPACE',''
  ) );
#4614 = PCURVE('',#4341,#4615);
#4615 = DEFINITIONAL_REPRESENTATION('',(#4616),#4620);
#4616 = LINE('',#4617,#4618);
#4617 = CARTESIAN_POINT('',(-5.497787143782,24.9));
#4618 = VECTOR('',#4619,1.);
#4619 = DIRECTION('',(1.,0.));
#4620 = ( GEOMETRIC_REPRESENTATION_CONTEXT(2) 
PARAMETRIC_REPRESENTATION_CONTEXT() REPRESENTATION_CONTEXT('2D SPACE',''
  ) );
#4621 = ORIENTED_EDGE('',*,*,#4622,.T.);
#4622 = EDGE_CURVE('',#4572,#4623,#4625,.T.);
#4623 = VERTEX_POINT('',#4624);
#4624 = CARTESIAN_POINT('',(50.,-5.9,-22.4));
#4625 = SURFACE_CURVE('',#4626,(#4631,#4660),.PCURVE_S1.);
#4626 = CIRCLE('',#4627,0.1);
#4627 = AXIS2_PLACEMENT_3D('',#4628,#4629,#4630);
#4628 = CARTESIAN_POINT('',(49.9,-5.9,-22.4));
#4629 = DIRECTION('',(0.,-1.,0.));
#4630 = DIRECTION('',(1.,0.,0.));
#4631 = PCURVE('',#4581,#4632);
#4632 = DEFINITIONAL_REPRESENTATION('',(#4633),#4659);
#4633 = B_SPLINE_CURVE_WITH_KNOTS('',3,(#4634,#4635,#4636,#4637,#4638,
    #4639,#4640,#4641,#4642,#4643,#4644,#4645,#4646,#4647,#4648,#4649,
    #4650,#4651,#4652,#4653,#4654,#4655,#4656,#4657,#4658),
  .UNSPECIFIED.,.F.,.F.,(4,1,1,1,1,1,1,1,1,1,1,1,1,1,1,1,1,1,1,1,1,1,4),
  (4.712388980385,4.783788813421,4.855188646457,4.926588479493,
    4.997988312529,5.069388145565,5.140787978601,5.212187811638,
    5.283587644674,5.35498747771,5.426387310746,5.497787143782,
    5.569186976818,5.640586809854,5.711986642891,5.783386475927,
    5.854786308963,5.926186141999,5.997585975035,6.068985808071,
    6.140385641107,6.211785474143,6.28318530718),.UNSPECIFIED.);
#4634 = CARTESIAN_POINT('',(-0.886077123793,0.420534335284));
#4635 = CARTESIAN_POINT('',(-0.874421918981,0.399245918674));
#4636 = CARTESIAN_POINT('',(-0.851760602664,0.356521383409));
#4637 = CARTESIAN_POINT('',(-0.81936467159,0.292072447429));
#4638 = CARTESIAN_POINT('',(-0.788196339671,0.227346666659));
#4639 = CARTESIAN_POINT('',(-0.757947389702,0.162414226077));
#4640 = CARTESIAN_POINT('',(-0.728334065356,9.733931239659E-02));
#4641 = CARTESIAN_POINT('',(-0.699094007959,3.21808705697E-02));
#4642 = CARTESIAN_POINT('',(-0.669976041321,-3.300486811576E-02));
#4643 = CARTESIAN_POINT('',(-0.640732836946,-9.816260582654E-02));
#4644 = CARTESIAN_POINT('',(-0.611113194924,-0.163236106295));
#4645 = CARTESIAN_POINT('',(-0.580854267381,-0.228166302646));
#4646 = CARTESIAN_POINT('',(-0.549673077208,-0.292889207833));
#4647 = CARTESIAN_POINT('',(-0.517256892331,-0.357333496394));
#4648 = CARTESIAN_POINT('',(-0.483251866427,-0.421417575992));
#4649 = CARTESIAN_POINT('',(-0.447249251405,-0.485045913962));
#4650 = CARTESIAN_POINT('',(-0.408768363881,-0.548104320227));
#4651 = CARTESIAN_POINT('',(-0.367235234384,-0.610453711589));
#4652 = CARTESIAN_POINT('',(-0.321956148725,-0.671921956095));
#4653 = CARTESIAN_POINT('',(-0.272083970977,-0.732292309234));
#4654 = CARTESIAN_POINT('',(-0.216581081542,-0.791289937376));
#4655 = CARTESIAN_POINT('',(-0.154164869643,-0.848555592307));
#4656 = CARTESIAN_POINT('',(-8.330024807212E-02,-0.903640648239));
#4657 = CARTESIAN_POINT('',(-2.912546101253E-02,-0.938472816917));
#4658 = CARTESIAN_POINT('',(0.,-0.955316618125));
#4659 = ( GEOMETRIC_REPRESENTATION_CONTEXT(2) 
PARAMETRIC_REPRESENTATION_CONTEXT() REPRESENTATION_CONTEXT('2D SPACE',''
  ) );
#4660 = PCURVE('',#4661,#4666);
#4661 = CYLINDRICAL_SURFACE('',#4662,0.1);
#4662 = AXIS2_PLACEMENT_3D('',#4663,#4664,#4665);
#4663 = CARTESIAN_POINT('',(49.9,0.,-22.4));
#4664 = DIRECTION('',(0.,1.,0.));
#4665 = DIRECTION('',(0.707106781187,0.,-0.707106781187));
#4666 = DEFINITIONAL_REPRESENTATION('',(#4667),#4671);
#4667 = LINE('',#4668,#4669);
#4668 = CARTESIAN_POINT('',(11.780972450962,-5.9));
#4669 = VECTOR('',#4670,1.);
#4670 = DIRECTION('',(-1.,0.));
#4671 = ( GEOMETRIC_REPRESENTATION_CONTEXT(2) 
PARAMETRIC_REPRESENTATION_CONTEXT() REPRESENTATION_CONTEXT('2D SPACE',''
  ) );
#4672 = ORIENTED_EDGE('',*,*,#4673,.T.);
#4673 = EDGE_CURVE('',#4623,#4570,#4674,.T.);
#4674 = SURFACE_CURVE('',#4675,(#4680,#4709),.PCURVE_S1.);
#4675 = CIRCLE('',#4676,0.1);
#4676 = AXIS2_PLACEMENT_3D('',#4677,#4678,#4679);
#4677 = CARTESIAN_POINT('',(49.9,-5.9,-22.4));
#4678 = DIRECTION('',(0.,0.,-1.));
#4679 = DIRECTION('',(0.,-1.,0.));
#4680 = PCURVE('',#4581,#4681);
#4681 = DEFINITIONAL_REPRESENTATION('',(#4682),#4708);
#4682 = B_SPLINE_CURVE_WITH_KNOTS('',3,(#4683,#4684,#4685,#4686,#4687,
    #4688,#4689,#4690,#4691,#4692,#4693,#4694,#4695,#4696,#4697,#4698,
    #4699,#4700,#4701,#4702,#4703,#4704,#4705,#4706,#4707),
  .UNSPECIFIED.,.F.,.F.,(4,1,1,1,1,1,1,1,1,1,1,1,1,1,1,1,1,1,1,1,1,1,4),
  (4.712388980385,4.783788813421,4.855188646457,4.926588479493,
    4.997988312529,5.069388145565,5.140787978601,5.212187811638,
    5.283587644674,5.35498747771,5.426387310746,5.497787143782,
    5.569186976818,5.640586809854,5.711986642891,5.783386475927,
    5.854786308963,5.926186141999,5.997585975035,6.068985808071,
    6.140385641107,6.211785474143,6.28318530718),.UNSPECIFIED.);
#4683 = CARTESIAN_POINT('',(0.,-0.955316618125));
#4684 = CARTESIAN_POINT('',(2.912546101251E-02,-0.938472816917));
#4685 = CARTESIAN_POINT('',(8.33002480721E-02,-0.903640648239));
#4686 = CARTESIAN_POINT('',(0.154164869643,-0.848555592307));
#4687 = CARTESIAN_POINT('',(0.216581081542,-0.791289937376));
#4688 = CARTESIAN_POINT('',(0.272083970977,-0.732292309234));
#4689 = CARTESIAN_POINT('',(0.321956148725,-0.671921956095));
#4690 = CARTESIAN_POINT('',(0.367235234384,-0.610453711589));
#4691 = CARTESIAN_POINT('',(0.408768363881,-0.548104320227));
#4692 = CARTESIAN_POINT('',(0.447249251405,-0.485045913962));
#4693 = CARTESIAN_POINT('',(0.483251866427,-0.421417575992));
#4694 = CARTESIAN_POINT('',(0.517256892331,-0.357333496394));
#4695 = CARTESIAN_POINT('',(0.549673077208,-0.292889207833));
#4696 = CARTESIAN_POINT('',(0.580854267381,-0.228166302646));
#4697 = CARTESIAN_POINT('',(0.611113194923,-0.163236106295));
#4698 = CARTESIAN_POINT('',(0.640732836946,-9.816260582644E-02));
#4699 = CARTESIAN_POINT('',(0.669976041321,-3.30048681158E-02));
#4700 = CARTESIAN_POINT('',(0.699094007959,3.218087056977E-02));
#4701 = CARTESIAN_POINT('',(0.728334065356,9.733931239659E-02));
#4702 = CARTESIAN_POINT('',(0.757947389702,0.162414226077));
#4703 = CARTESIAN_POINT('',(0.788196339671,0.227346666659));
#4704 = CARTESIAN_POINT('',(0.81936467159,0.292072447429));
#4705 = CARTESIAN_POINT('',(0.851760602664,0.356521383409));
#4706 = CARTESIAN_POINT('',(0.874421918981,0.399245918674));
#4707 = CARTESIAN_POINT('',(0.886077123793,0.420534335284));
#4708 = ( GEOMETRIC_REPRESENTATION_CONTEXT(2) 
PARAMETRIC_REPRESENTATION_CONTEXT() REPRESENTATION_CONTEXT('2D SPACE',''
  ) );
#4709 = PCURVE('',#4090,#4710);
#4710 = DEFINITIONAL_REPRESENTATION('',(#4711),#4715);
#4711 = LINE('',#4712,#4713);
#4712 = CARTESIAN_POINT('',(5.497787143782,-33.65));
#4713 = VECTOR('',#4714,1.);
#4714 = DIRECTION('',(-1.,0.));
#4715 = ( GEOMETRIC_REPRESENTATION_CONTEXT(2) 
PARAMETRIC_REPRESENTATION_CONTEXT() REPRESENTATION_CONTEXT('2D SPACE',''
  ) );
#4716 = ADVANCED_FACE('',(#4717),#4732,.T.);
#4717 = FACE_BOUND('',#4718,.T.);
#4718 = EDGE_LOOP('',(#4719,#4772,#4818));
#4719 = ORIENTED_EDGE('',*,*,#4720,.T.);
#4720 = EDGE_CURVE('',#4721,#4723,#4725,.T.);
#4721 = VERTEX_POINT('',#4722);
#4722 = CARTESIAN_POINT('',(49.9,6.,22.4));
#4723 = VERTEX_POINT('',#4724);
#4724 = CARTESIAN_POINT('',(49.9,5.9,22.5));
#4725 = SURFACE_CURVE('',#4726,(#4731,#4765),.PCURVE_S1.);
#4726 = CIRCLE('',#4727,0.1);
#4727 = AXIS2_PLACEMENT_3D('',#4728,#4729,#4730);
#4728 = CARTESIAN_POINT('',(49.9,5.9,22.4));
#4729 = DIRECTION('',(1.,0.,-0.));
#4730 = DIRECTION('',(0.,0.,1.));
#4731 = PCURVE('',#4732,#4737);
#4732 = SPHERICAL_SURFACE('',#4733,0.1);
#4733 = AXIS2_PLACEMENT_3D('',#4734,#4735,#4736);
#4734 = CARTESIAN_POINT('',(49.9,5.9,22.4));
#4735 = DIRECTION('',(-0.816496580928,0.408248290464,0.408248290464));
#4736 = DIRECTION('',(0.57735026919,0.57735026919,0.57735026919));
#4737 = DEFINITIONAL_REPRESENTATION('',(#4738),#4764);
#4738 = B_SPLINE_CURVE_WITH_KNOTS('',3,(#4739,#4740,#4741,#4742,#4743,
    #4744,#4745,#4746,#4747,#4748,#4749,#4750,#4751,#4752,#4753,#4754,
    #4755,#4756,#4757,#4758,#4759,#4760,#4761,#4762,#4763),
  .UNSPECIFIED.,.F.,.F.,(4,1,1,1,1,1,1,1,1,1,1,1,1,1,1,1,1,1,1,1,1,1,4),
  (4.712388980385,4.783788813421,4.855188646457,4.926588479493,
    4.997988312529,5.069388145565,5.140787978601,5.212187811638,
    5.283587644674,5.35498747771,5.426387310746,5.497787143782,
    5.569186976818,5.640586809854,5.711986642891,5.783386475927,
    5.854786308963,5.926186141999,5.997585975035,6.068985808071,
    6.140385641107,6.211785474143,6.28318530718),.UNSPECIFIED.);
#4739 = CARTESIAN_POINT('',(0.886077123793,0.420534335284));
#4740 = CARTESIAN_POINT('',(0.862761489391,0.431177612946));
#4741 = CARTESIAN_POINT('',(0.815451353994,0.451857720497));
#4742 = CARTESIAN_POINT('',(0.742397299073,0.480841619708));
#4743 = CARTESIAN_POINT('',(0.667183779189,0.507573396942));
#4744 = CARTESIAN_POINT('',(0.589804445008,0.531833486067));
#4745 = CARTESIAN_POINT('',(0.510306420952,0.553405144352));
#4746 = CARTESIAN_POINT('',(0.428803178641,0.572079393981));
#4747 = CARTESIAN_POINT('',(0.345478129824,0.587661669371));
#4748 = CARTESIAN_POINT('',(0.260586064886,0.599978915752));
#4749 = CARTESIAN_POINT('',(0.174449006799,0.608886874916));
#4750 = CARTESIAN_POINT('',(8.744645132818E-02,0.614276835086));
#4751 = CARTESIAN_POINT('',(-3.33782227177E-15,0.616081145463));
#4752 = CARTESIAN_POINT('',(-8.744645132816E-02,0.614276835086));
#4753 = CARTESIAN_POINT('',(-0.174449006799,0.608886874916));
#4754 = CARTESIAN_POINT('',(-0.260586064886,0.599978915752));
#4755 = CARTESIAN_POINT('',(-0.345478129824,0.587661669371));
#4756 = CARTESIAN_POINT('',(-0.428803178641,0.572079393981));
#4757 = CARTESIAN_POINT('',(-0.510306420952,0.553405144352));
#4758 = CARTESIAN_POINT('',(-0.589804445008,0.531833486067));
#4759 = CARTESIAN_POINT('',(-0.667183779189,0.507573396942));
#4760 = CARTESIAN_POINT('',(-0.742397299073,0.480841619708));
#4761 = CARTESIAN_POINT('',(-0.815451353994,0.451857720497));
#4762 = CARTESIAN_POINT('',(-0.862761489391,0.431177612946));
#4763 = CARTESIAN_POINT('',(-0.886077123793,0.420534335284));
#4764 = ( GEOMETRIC_REPRESENTATION_CONTEXT(2) 
PARAMETRIC_REPRESENTATION_CONTEXT() REPRESENTATION_CONTEXT('2D SPACE',''
  ) );
#4765 = PCURVE('',#4497,#4766);
#4766 = DEFINITIONAL_REPRESENTATION('',(#4767),#4771);
#4767 = LINE('',#4768,#4769);
#4768 = CARTESIAN_POINT('',(-5.497787143782,74.9));
#4769 = VECTOR('',#4770,1.);
#4770 = DIRECTION('',(1.,0.));
#4771 = ( GEOMETRIC_REPRESENTATION_CONTEXT(2) 
PARAMETRIC_REPRESENTATION_CONTEXT() REPRESENTATION_CONTEXT('2D SPACE',''
  ) );
#4772 = ORIENTED_EDGE('',*,*,#4773,.T.);
#4773 = EDGE_CURVE('',#4723,#4774,#4776,.T.);
#4774 = VERTEX_POINT('',#4775);
#4775 = CARTESIAN_POINT('',(50.,5.9,22.4));
#4776 = SURFACE_CURVE('',#4777,(#4782,#4811),.PCURVE_S1.);
#4777 = CIRCLE('',#4778,0.1);
#4778 = AXIS2_PLACEMENT_3D('',#4779,#4780,#4781);
#4779 = CARTESIAN_POINT('',(49.9,5.9,22.4));
#4780 = DIRECTION('',(-0.,1.,0.));
#4781 = DIRECTION('',(1.,0.,0.));
#4782 = PCURVE('',#4732,#4783);
#4783 = DEFINITIONAL_REPRESENTATION('',(#4784),#4810);
#4784 = B_SPLINE_CURVE_WITH_KNOTS('',3,(#4785,#4786,#4787,#4788,#4789,
    #4790,#4791,#4792,#4793,#4794,#4795,#4796,#4797,#4798,#4799,#4800,
    #4801,#4802,#4803,#4804,#4805,#4806,#4807,#4808,#4809),
  .UNSPECIFIED.,.F.,.F.,(4,1,1,1,1,1,1,1,1,1,1,1,1,1,1,1,1,1,1,1,1,1,4),
  (4.712388980385,4.783788813421,4.855188646457,4.926588479493,
    4.997988312529,5.069388145565,5.140787978601,5.212187811638,
    5.283587644674,5.35498747771,5.426387310746,5.497787143782,
    5.569186976818,5.640586809854,5.711986642891,5.783386475927,
    5.854786308963,5.926186141999,5.997585975035,6.068985808071,
    6.140385641107,6.211785474143,6.28318530718),.UNSPECIFIED.);
#4785 = CARTESIAN_POINT('',(-0.886077123793,0.420534335284));
#4786 = CARTESIAN_POINT('',(-0.874421918981,0.399245918674));
#4787 = CARTESIAN_POINT('',(-0.851760602664,0.356521383409));
#4788 = CARTESIAN_POINT('',(-0.81936467159,0.292072447429));
#4789 = CARTESIAN_POINT('',(-0.788196339671,0.227346666659));
#4790 = CARTESIAN_POINT('',(-0.757947389702,0.162414226077));
#4791 = CARTESIAN_POINT('',(-0.728334065356,9.733931239659E-02));
#4792 = CARTESIAN_POINT('',(-0.699094007959,3.21808705697E-02));
#4793 = CARTESIAN_POINT('',(-0.669976041321,-3.300486811576E-02));
#4794 = CARTESIAN_POINT('',(-0.640732836946,-9.816260582654E-02));
#4795 = CARTESIAN_POINT('',(-0.611113194924,-0.163236106295));
#4796 = CARTESIAN_POINT('',(-0.580854267381,-0.228166302646));
#4797 = CARTESIAN_POINT('',(-0.549673077208,-0.292889207833));
#4798 = CARTESIAN_POINT('',(-0.517256892331,-0.357333496394));
#4799 = CARTESIAN_POINT('',(-0.483251866427,-0.421417575992));
#4800 = CARTESIAN_POINT('',(-0.447249251405,-0.485045913962));
#4801 = CARTESIAN_POINT('',(-0.408768363881,-0.548104320227));
#4802 = CARTESIAN_POINT('',(-0.367235234384,-0.610453711589));
#4803 = CARTESIAN_POINT('',(-0.321956148725,-0.671921956095));
#4804 = CARTESIAN_POINT('',(-0.272083970977,-0.732292309234));
#4805 = CARTESIAN_POINT('',(-0.216581081542,-0.791289937376));
#4806 = CARTESIAN_POINT('',(-0.154164869643,-0.848555592307));
#4807 = CARTESIAN_POINT('',(-8.330024807212E-02,-0.903640648239));
#4808 = CARTESIAN_POINT('',(-2.912546101253E-02,-0.938472816917));
#4809 = CARTESIAN_POINT('',(0.,-0.955316618125));
#4810 = ( GEOMETRIC_REPRESENTATION_CONTEXT(2) 
PARAMETRIC_REPRESENTATION_CONTEXT() REPRESENTATION_CONTEXT('2D SPACE',''
  ) );
#4811 = PCURVE('',#4141,#4812);
#4812 = DEFINITIONAL_REPRESENTATION('',(#4813),#4817);
#4813 = LINE('',#4814,#4815);
#4814 = CARTESIAN_POINT('',(11.780972450962,-5.9));
#4815 = VECTOR('',#4816,1.);
#4816 = DIRECTION('',(-1.,0.));
#4817 = ( GEOMETRIC_REPRESENTATION_CONTEXT(2) 
PARAMETRIC_REPRESENTATION_CONTEXT() REPRESENTATION_CONTEXT('2D SPACE',''
  ) );
#4818 = ORIENTED_EDGE('',*,*,#4819,.T.);
#4819 = EDGE_CURVE('',#4774,#4721,#4820,.T.);
#4820 = SURFACE_CURVE('',#4821,(#4826,#4855),.PCURVE_S1.);
#4821 = CIRCLE('',#4822,0.1);
#4822 = AXIS2_PLACEMENT_3D('',#4823,#4824,#4825);
#4823 = CARTESIAN_POINT('',(49.9,5.9,22.4));
#4824 = DIRECTION('',(0.,-0.,1.));
#4825 = DIRECTION('',(0.,1.,0.));
#4826 = PCURVE('',#4732,#4827);
#4827 = DEFINITIONAL_REPRESENTATION('',(#4828),#4854);
#4828 = B_SPLINE_CURVE_WITH_KNOTS('',3,(#4829,#4830,#4831,#4832,#4833,
    #4834,#4835,#4836,#4837,#4838,#4839,#4840,#4841,#4842,#4843,#4844,
    #4845,#4846,#4847,#4848,#4849,#4850,#4851,#4852,#4853),
  .UNSPECIFIED.,.F.,.F.,(4,1,1,1,1,1,1,1,1,1,1,1,1,1,1,1,1,1,1,1,1,1,4),
  (4.712388980385,4.783788813421,4.855188646457,4.926588479493,
    4.997988312529,5.069388145565,5.140787978601,5.212187811638,
    5.283587644674,5.35498747771,5.426387310746,5.497787143782,
    5.569186976818,5.640586809854,5.711986642891,5.783386475927,
    5.854786308963,5.926186141999,5.997585975035,6.068985808071,
    6.140385641107,6.211785474143,6.28318530718),.UNSPECIFIED.);
#4829 = CARTESIAN_POINT('',(0.,-0.955316618125));
#4830 = CARTESIAN_POINT('',(2.912546101251E-02,-0.938472816917));
#4831 = CARTESIAN_POINT('',(8.33002480721E-02,-0.903640648239));
#4832 = CARTESIAN_POINT('',(0.154164869643,-0.848555592307));
#4833 = CARTESIAN_POINT('',(0.216581081542,-0.791289937376));
#4834 = CARTESIAN_POINT('',(0.272083970977,-0.732292309234));
#4835 = CARTESIAN_POINT('',(0.321956148725,-0.671921956095));
#4836 = CARTESIAN_POINT('',(0.367235234384,-0.610453711589));
#4837 = CARTESIAN_POINT('',(0.408768363881,-0.548104320227));
#4838 = CARTESIAN_POINT('',(0.447249251405,-0.485045913962));
#4839 = CARTESIAN_POINT('',(0.483251866427,-0.421417575992));
#4840 = CARTESIAN_POINT('',(0.517256892331,-0.357333496394));
#4841 = CARTESIAN_POINT('',(0.549673077208,-0.292889207833));
#4842 = CARTESIAN_POINT('',(0.580854267381,-0.228166302646));
#4843 = CARTESIAN_POINT('',(0.611113194923,-0.163236106295));
#4844 = CARTESIAN_POINT('',(0.640732836946,-9.816260582644E-02));
#4845 = CARTESIAN_POINT('',(0.669976041321,-3.30048681158E-02));
#4846 = CARTESIAN_POINT('',(0.699094007959,3.218087056977E-02));
#4847 = CARTESIAN_POINT('',(0.728334065356,9.733931239659E-02));
#4848 = CARTESIAN_POINT('',(0.757947389702,0.162414226077));
#4849 = CARTESIAN_POINT('',(0.788196339671,0.227346666659));
#4850 = CARTESIAN_POINT('',(0.81936467159,0.292072447429));
#4851 = CARTESIAN_POINT('',(0.851760602664,0.356521383409));
#4852 = CARTESIAN_POINT('',(0.874421918981,0.399245918674));
#4853 = CARTESIAN_POINT('',(0.886077123793,0.420534335284));
#4854 = ( GEOMETRIC_REPRESENTATION_CONTEXT(2) 
PARAMETRIC_REPRESENTATION_CONTEXT() REPRESENTATION_CONTEXT('2D SPACE',''
  ) );
#4855 = PCURVE('',#4856,#4861);
#4856 = CYLINDRICAL_SURFACE('',#4857,0.1);
#4857 = AXIS2_PLACEMENT_3D('',#4858,#4859,#4860);
#4858 = CARTESIAN_POINT('',(49.9,5.9,11.25));
#4859 = DIRECTION('',(0.,0.,-1.));
#4860 = DIRECTION('',(0.707106781187,0.707106781187,0.));
#4861 = DEFINITIONAL_REPRESENTATION('',(#4862),#4866);
#4862 = LINE('',#4863,#4864);
#4863 = CARTESIAN_POINT('',(5.497787143782,-11.15));
#4864 = VECTOR('',#4865,1.);
#4865 = DIRECTION('',(-1.,0.));
#4866 = ( GEOMETRIC_REPRESENTATION_CONTEXT(2) 
PARAMETRIC_REPRESENTATION_CONTEXT() REPRESENTATION_CONTEXT('2D SPACE',''
  ) );
#4867 = ADVANCED_FACE('',(#4868),#4141,.T.);
#4868 = FACE_BOUND('',#4869,.T.);
#4869 = EDGE_LOOP('',(#4870,#4871,#4897,#4898));
#4870 = ORIENTED_EDGE('',*,*,#4102,.F.);
#4871 = ORIENTED_EDGE('',*,*,#4872,.T.);
#4872 = EDGE_CURVE('',#4047,#4774,#4873,.T.);
#4873 = SURFACE_CURVE('',#4874,(#4878,#4885),.PCURVE_S1.);
#4874 = LINE('',#4875,#4876);
#4875 = CARTESIAN_POINT('',(50.,0.,22.4));
#4876 = VECTOR('',#4877,1.);
#4877 = DIRECTION('',(0.,1.,0.));
#4878 = PCURVE('',#4141,#4879);
#4879 = DEFINITIONAL_REPRESENTATION('',(#4880),#4884);
#4880 = LINE('',#4881,#4882);
#4881 = CARTESIAN_POINT('',(5.497787143782,0.));
#4882 = VECTOR('',#4883,1.);
#4883 = DIRECTION('',(0.,-1.));
#4884 = ( GEOMETRIC_REPRESENTATION_CONTEXT(2) 
PARAMETRIC_REPRESENTATION_CONTEXT() REPRESENTATION_CONTEXT('2D SPACE',''
  ) );
#4885 = PCURVE('',#4886,#4891);
#4886 = PLANE('',#4887);
#4887 = AXIS2_PLACEMENT_3D('',#4888,#4889,#4890);
#4888 = CARTESIAN_POINT('',(50.,0.,22.5));
#4889 = DIRECTION('',(1.,0.,0.));
#4890 = DIRECTION('',(0.,0.,-1.));
#4891 = DEFINITIONAL_REPRESENTATION('',(#4892),#4896);
#4892 = LINE('',#4893,#4894);
#4893 = CARTESIAN_POINT('',(0.1,0.));
#4894 = VECTOR('',#4895,1.);
#4895 = DIRECTION('',(0.,1.));
#4896 = ( GEOMETRIC_REPRESENTATION_CONTEXT(2) 
PARAMETRIC_REPRESENTATION_CONTEXT() REPRESENTATION_CONTEXT('2D SPACE',''
  ) );
#4897 = ORIENTED_EDGE('',*,*,#4773,.F.);
#4898 = ORIENTED_EDGE('',*,*,#4899,.T.);
#4899 = EDGE_CURVE('',#4723,#4103,#4900,.T.);
#4900 = SURFACE_CURVE('',#4901,(#4905,#4912),.PCURVE_S1.);
#4901 = LINE('',#4902,#4903);
#4902 = CARTESIAN_POINT('',(49.9,0.,22.5));
#4903 = VECTOR('',#4904,1.);
#4904 = DIRECTION('',(0.,-1.,0.));
#4905 = PCURVE('',#4141,#4906);
#4906 = DEFINITIONAL_REPRESENTATION('',(#4907),#4911);
#4907 = LINE('',#4908,#4909);
#4908 = CARTESIAN_POINT('',(7.068583470577,0.));
#4909 = VECTOR('',#4910,1.);
#4910 = DIRECTION('',(0.,1.));
#4911 = ( GEOMETRIC_REPRESENTATION_CONTEXT(2) 
PARAMETRIC_REPRESENTATION_CONTEXT() REPRESENTATION_CONTEXT('2D SPACE',''
  ) );
#4912 = PCURVE('',#4554,#4913);
#4913 = DEFINITIONAL_REPRESENTATION('',(#4914),#4918);
#4914 = LINE('',#4915,#4916);
#4915 = CARTESIAN_POINT('',(99.9,0.));
#4916 = VECTOR('',#4917,1.);
#4917 = DIRECTION('',(0.,-1.));
#4918 = ( GEOMETRIC_REPRESENTATION_CONTEXT(2) 
PARAMETRIC_REPRESENTATION_CONTEXT() REPRESENTATION_CONTEXT('2D SPACE',''
  ) );
#4919 = ADVANCED_FACE('',(#4920),#4935,.T.);
#4920 = FACE_BOUND('',#4921,.T.);
#4921 = EDGE_LOOP('',(#4922,#4980,#5026));
#4922 = ORIENTED_EDGE('',*,*,#4923,.T.);
#4923 = EDGE_CURVE('',#4924,#4926,#4928,.T.);
#4924 = VERTEX_POINT('',#4925);
#4925 = CARTESIAN_POINT('',(-49.9,6.,-22.4));
#4926 = VERTEX_POINT('',#4927);
#4927 = CARTESIAN_POINT('',(-49.9,5.9,-22.5));
#4928 = SURFACE_CURVE('',#4929,(#4934,#4968),.PCURVE_S1.);
#4929 = CIRCLE('',#4930,0.1);
#4930 = AXIS2_PLACEMENT_3D('',#4931,#4932,#4933);
#4931 = CARTESIAN_POINT('',(-49.9,5.9,-22.4));
#4932 = DIRECTION('',(-1.,0.,0.));
#4933 = DIRECTION('',(0.,0.,-1.));
#4934 = PCURVE('',#4935,#4940);
#4935 = SPHERICAL_SURFACE('',#4936,0.1);
#4936 = AXIS2_PLACEMENT_3D('',#4937,#4938,#4939);
#4937 = CARTESIAN_POINT('',(-49.9,5.9,-22.4));
#4938 = DIRECTION('',(-0.816496580928,-0.408248290464,0.408248290464));
#4939 = DIRECTION('',(-0.57735026919,0.57735026919,-0.57735026919));
#4940 = DEFINITIONAL_REPRESENTATION('',(#4941),#4967);
#4941 = B_SPLINE_CURVE_WITH_KNOTS('',3,(#4942,#4943,#4944,#4945,#4946,
    #4947,#4948,#4949,#4950,#4951,#4952,#4953,#4954,#4955,#4956,#4957,
    #4958,#4959,#4960,#4961,#4962,#4963,#4964,#4965,#4966),
  .UNSPECIFIED.,.F.,.F.,(4,1,1,1,1,1,1,1,1,1,1,1,1,1,1,1,1,1,1,1,1,1,4),
  (4.712388980385,4.783788813421,4.855188646457,4.926588479493,
    4.997988312529,5.069388145565,5.140787978601,5.212187811638,
    5.283587644674,5.35498747771,5.426387310746,5.497787143782,
    5.569186976818,5.640586809854,5.711986642891,5.783386475927,
    5.854786308963,5.926186141999,5.997585975035,6.068985808071,
    6.140385641107,6.211785474143,6.28318530718),.UNSPECIFIED.);
#4942 = CARTESIAN_POINT('',(5.397108183387,-0.420534335284));
#4943 = CARTESIAN_POINT('',(5.420423817789,-0.431177612946));
#4944 = CARTESIAN_POINT('',(5.467733953185,-0.451857720497));
#4945 = CARTESIAN_POINT('',(5.540788008107,-0.480841619708));
#4946 = CARTESIAN_POINT('',(5.61600152799,-0.507573396942));
#4947 = CARTESIAN_POINT('',(5.693380862171,-0.531833486067));
#4948 = CARTESIAN_POINT('',(5.772878886228,-0.553405144352));
#4949 = CARTESIAN_POINT('',(5.854382128538,-0.572079393981));
#4950 = CARTESIAN_POINT('',(5.937707177355,-0.587661669371));
#4951 = CARTESIAN_POINT('',(6.022599242294,-0.599978915752));
#4952 = CARTESIAN_POINT('',(6.108736300381,-0.608886874916));
#4953 = CARTESIAN_POINT('',(6.195738855851,-0.614276835086));
#4954 = CARTESIAN_POINT('',(6.28318530718,-0.616081145463));
#4955 = CARTESIAN_POINT('',(6.370631758508,-0.614276835086));
#4956 = CARTESIAN_POINT('',(6.457634313978,-0.608886874916));
#4957 = CARTESIAN_POINT('',(6.543771372066,-0.599978915752));
#4958 = CARTESIAN_POINT('',(6.628663437004,-0.587661669371));
#4959 = CARTESIAN_POINT('',(6.711988485821,-0.572079393981));
#4960 = CARTESIAN_POINT('',(6.793491728131,-0.553405144352));
#4961 = CARTESIAN_POINT('',(6.872989752188,-0.531833486067));
#4962 = CARTESIAN_POINT('',(6.950369086369,-0.507573396942));
#4963 = CARTESIAN_POINT('',(7.025582606253,-0.480841619708));
#4964 = CARTESIAN_POINT('',(7.098636661174,-0.451857720497));
#4965 = CARTESIAN_POINT('',(7.14594679657,-0.431177612946));
#4966 = CARTESIAN_POINT('',(7.169262430972,-0.420534335284));
#4967 = ( GEOMETRIC_REPRESENTATION_CONTEXT(2) 
PARAMETRIC_REPRESENTATION_CONTEXT() REPRESENTATION_CONTEXT('2D SPACE',''
  ) );
#4968 = PCURVE('',#4969,#4974);
#4969 = CYLINDRICAL_SURFACE('',#4970,0.1);
#4970 = AXIS2_PLACEMENT_3D('',#4971,#4972,#4973);
#4971 = CARTESIAN_POINT('',(25.,5.9,-22.4));
#4972 = DIRECTION('',(-1.,0.,0.));
#4973 = DIRECTION('',(0.,0.707106781187,-0.707106781187));
#4974 = DEFINITIONAL_REPRESENTATION('',(#4975),#4979);
#4975 = LINE('',#4976,#4977);
#4976 = CARTESIAN_POINT('',(-5.497787143782,74.9));
#4977 = VECTOR('',#4978,1.);
#4978 = DIRECTION('',(1.,0.));
#4979 = ( GEOMETRIC_REPRESENTATION_CONTEXT(2) 
PARAMETRIC_REPRESENTATION_CONTEXT() REPRESENTATION_CONTEXT('2D SPACE',''
  ) );
#4980 = ORIENTED_EDGE('',*,*,#4981,.T.);
#4981 = EDGE_CURVE('',#4926,#4982,#4984,.T.);
#4982 = VERTEX_POINT('',#4983);
#4983 = CARTESIAN_POINT('',(-50.,5.9,-22.4));
#4984 = SURFACE_CURVE('',#4985,(#4990,#5019),.PCURVE_S1.);
#4985 = CIRCLE('',#4986,0.1);
#4986 = AXIS2_PLACEMENT_3D('',#4987,#4988,#4989);
#4987 = CARTESIAN_POINT('',(-49.9,5.9,-22.4));
#4988 = DIRECTION('',(0.,1.,0.));
#4989 = DIRECTION('',(-1.,0.,0.));
#4990 = PCURVE('',#4935,#4991);
#4991 = DEFINITIONAL_REPRESENTATION('',(#4992),#5018);
#4992 = B_SPLINE_CURVE_WITH_KNOTS('',3,(#4993,#4994,#4995,#4996,#4997,
    #4998,#4999,#5000,#5001,#5002,#5003,#5004,#5005,#5006,#5007,#5008,
    #5009,#5010,#5011,#5012,#5013,#5014,#5015,#5016,#5017),
  .UNSPECIFIED.,.F.,.F.,(4,1,1,1,1,1,1,1,1,1,1,1,1,1,1,1,1,1,1,1,1,1,4),
  (4.712388980385,4.783788813421,4.855188646457,4.926588479493,
    4.997988312529,5.069388145565,5.140787978601,5.212187811638,
    5.283587644674,5.35498747771,5.426387310746,5.497787143782,
    5.569186976818,5.640586809854,5.711986642891,5.783386475927,
    5.854786308963,5.926186141999,5.997585975035,6.068985808071,
    6.140385641107,6.211785474143,6.28318530718),.UNSPECIFIED.);
#4993 = CARTESIAN_POINT('',(7.169262430972,-0.420534335284));
#4994 = CARTESIAN_POINT('',(7.157607226161,-0.399245918674));
#4995 = CARTESIAN_POINT('',(7.134945909844,-0.356521383409));
#4996 = CARTESIAN_POINT('',(7.102549978769,-0.292072447429));
#4997 = CARTESIAN_POINT('',(7.071381646851,-0.227346666659));
#4998 = CARTESIAN_POINT('',(7.041132696882,-0.162414226077));
#4999 = CARTESIAN_POINT('',(7.011519372536,-9.733931239659E-02));
#5000 = CARTESIAN_POINT('',(6.982279315138,-3.21808705697E-02));
#5001 = CARTESIAN_POINT('',(6.953161348501,3.300486811576E-02));
#5002 = CARTESIAN_POINT('',(6.923918144126,9.816260582654E-02));
#5003 = CARTESIAN_POINT('',(6.894298502103,0.163236106295));
#5004 = CARTESIAN_POINT('',(6.86403957456,0.228166302646));
#5005 = CARTESIAN_POINT('',(6.832858384388,0.292889207833));
#5006 = CARTESIAN_POINT('',(6.800442199511,0.357333496394));
#5007 = CARTESIAN_POINT('',(6.766437173606,0.421417575992));
#5008 = CARTESIAN_POINT('',(6.730434558584,0.485045913962));
#5009 = CARTESIAN_POINT('',(6.691953671061,0.548104320227));
#5010 = CARTESIAN_POINT('',(6.650420541564,0.610453711589));
#5011 = CARTESIAN_POINT('',(6.605141455905,0.671921956095));
#5012 = CARTESIAN_POINT('',(6.555269278156,0.732292309234));
#5013 = CARTESIAN_POINT('',(6.499766388722,0.791289937376));
#5014 = CARTESIAN_POINT('',(6.437350176823,0.848555592307));
#5015 = CARTESIAN_POINT('',(6.366485555252,0.903640648239));
#5016 = CARTESIAN_POINT('',(6.312310768192,0.938472816917));
#5017 = CARTESIAN_POINT('',(6.28318530718,0.955316618125));
#5018 = ( GEOMETRIC_REPRESENTATION_CONTEXT(2) 
PARAMETRIC_REPRESENTATION_CONTEXT() REPRESENTATION_CONTEXT('2D SPACE',''
  ) );
#5019 = PCURVE('',#4292,#5020);
#5020 = DEFINITIONAL_REPRESENTATION('',(#5021),#5025);
#5021 = LINE('',#5022,#5023);
#5022 = CARTESIAN_POINT('',(-5.497787143782,5.9));
#5023 = VECTOR('',#5024,1.);
#5024 = DIRECTION('',(1.,0.));
#5025 = ( GEOMETRIC_REPRESENTATION_CONTEXT(2) 
PARAMETRIC_REPRESENTATION_CONTEXT() REPRESENTATION_CONTEXT('2D SPACE',''
  ) );
#5026 = ORIENTED_EDGE('',*,*,#5027,.T.);
#5027 = EDGE_CURVE('',#4982,#4924,#5028,.T.);
#5028 = SURFACE_CURVE('',#5029,(#5034,#5063),.PCURVE_S1.);
#5029 = CIRCLE('',#5030,0.1);
#5030 = AXIS2_PLACEMENT_3D('',#5031,#5032,#5033);
#5031 = CARTESIAN_POINT('',(-49.9,5.9,-22.4));
#5032 = DIRECTION('',(0.,0.,-1.));
#5033 = DIRECTION('',(0.,1.,0.));
#5034 = PCURVE('',#4935,#5035);
#5035 = DEFINITIONAL_REPRESENTATION('',(#5036),#5062);
#5036 = B_SPLINE_CURVE_WITH_KNOTS('',3,(#5037,#5038,#5039,#5040,#5041,
    #5042,#5043,#5044,#5045,#5046,#5047,#5048,#5049,#5050,#5051,#5052,
    #5053,#5054,#5055,#5056,#5057,#5058,#5059,#5060,#5061),
  .UNSPECIFIED.,.F.,.F.,(4,1,1,1,1,1,1,1,1,1,1,1,1,1,1,1,1,1,1,1,1,1,4),
  (4.712388980385,4.783788813421,4.855188646457,4.926588479493,
    4.997988312529,5.069388145565,5.140787978601,5.212187811638,
    5.283587644674,5.35498747771,5.426387310746,5.497787143782,
    5.569186976818,5.640586809854,5.711986642891,5.783386475927,
    5.854786308963,5.926186141999,5.997585975035,6.068985808071,
    6.140385641107,6.211785474143,6.28318530718),.UNSPECIFIED.);
#5037 = CARTESIAN_POINT('',(6.28318530718,0.955316618125));
#5038 = CARTESIAN_POINT('',(6.254059846167,0.938472816917));
#5039 = CARTESIAN_POINT('',(6.199885059107,0.903640648239));
#5040 = CARTESIAN_POINT('',(6.129020437536,0.848555592307));
#5041 = CARTESIAN_POINT('',(6.066604225637,0.791289937376));
#5042 = CARTESIAN_POINT('',(6.011101336203,0.732292309234));
#5043 = CARTESIAN_POINT('',(5.961229158455,0.671921956095));
#5044 = CARTESIAN_POINT('',(5.915950072795,0.610453711589));
#5045 = CARTESIAN_POINT('',(5.874416943299,0.548104320227));
#5046 = CARTESIAN_POINT('',(5.835936055775,0.485045913962));
#5047 = CARTESIAN_POINT('',(5.799933440753,0.421417575992));
#5048 = CARTESIAN_POINT('',(5.765928414849,0.357333496394));
#5049 = CARTESIAN_POINT('',(5.733512229971,0.292889207833));
#5050 = CARTESIAN_POINT('',(5.702331039799,0.228166302646));
#5051 = CARTESIAN_POINT('',(5.672072112256,0.163236106295));
#5052 = CARTESIAN_POINT('',(5.642452470234,9.816260582644E-02));
#5053 = CARTESIAN_POINT('',(5.613209265859,3.30048681158E-02));
#5054 = CARTESIAN_POINT('',(5.584091299221,-3.218087056977E-02));
#5055 = CARTESIAN_POINT('',(5.554851241823,-9.733931239659E-02));
#5056 = CARTESIAN_POINT('',(5.525237917478,-0.162414226077));
#5057 = CARTESIAN_POINT('',(5.494988967508,-0.227346666659));
#5058 = CARTESIAN_POINT('',(5.46382063559,-0.292072447429));
#5059 = CARTESIAN_POINT('',(5.431424704515,-0.356521383409));
#5060 = CARTESIAN_POINT('',(5.408763388199,-0.399245918674));
#5061 = CARTESIAN_POINT('',(5.397108183387,-0.420534335284));
#5062 = ( GEOMETRIC_REPRESENTATION_CONTEXT(2) 
PARAMETRIC_REPRESENTATION_CONTEXT() REPRESENTATION_CONTEXT('2D SPACE',''
  ) );
#5063 = PCURVE('',#4402,#5064);
#5064 = DEFINITIONAL_REPRESENTATION('',(#5065),#5069);
#5065 = LINE('',#5066,#5067);
#5066 = CARTESIAN_POINT('',(5.497787143782,-11.15));
#5067 = VECTOR('',#5068,1.);
#5068 = DIRECTION('',(-1.,0.));
#5069 = ( GEOMETRIC_REPRESENTATION_CONTEXT(2) 
PARAMETRIC_REPRESENTATION_CONTEXT() REPRESENTATION_CONTEXT('2D SPACE',''
  ) );
#5070 = ADVANCED_FACE('',(#5071),#4292,.T.);
#5071 = FACE_BOUND('',#5072,.T.);
#5072 = EDGE_LOOP('',(#5073,#5074,#5100,#5101));
#5073 = ORIENTED_EDGE('',*,*,#4981,.F.);
#5074 = ORIENTED_EDGE('',*,*,#5075,.T.);
#5075 = EDGE_CURVE('',#4926,#4254,#5076,.T.);
#5076 = SURFACE_CURVE('',#5077,(#5081,#5088),.PCURVE_S1.);
#5077 = LINE('',#5078,#5079);
#5078 = CARTESIAN_POINT('',(-49.9,0.,-22.5));
#5079 = VECTOR('',#5080,1.);
#5080 = DIRECTION('',(0.,-1.,0.));
#5081 = PCURVE('',#4292,#5082);
#5082 = DEFINITIONAL_REPRESENTATION('',(#5083),#5087);
#5083 = LINE('',#5084,#5085);
#5084 = CARTESIAN_POINT('',(-0.785398163397,0.));
#5085 = VECTOR('',#5086,1.);
#5086 = DIRECTION('',(0.,-1.));
#5087 = ( GEOMETRIC_REPRESENTATION_CONTEXT(2) 
PARAMETRIC_REPRESENTATION_CONTEXT() REPRESENTATION_CONTEXT('2D SPACE',''
  ) );
#5088 = PCURVE('',#5089,#5094);
#5089 = PLANE('',#5090);
#5090 = AXIS2_PLACEMENT_3D('',#5091,#5092,#5093);
#5091 = CARTESIAN_POINT('',(50.,0.,-22.5));
#5092 = DIRECTION('',(0.,0.,-1.));
#5093 = DIRECTION('',(-1.,0.,0.));
#5094 = DEFINITIONAL_REPRESENTATION('',(#5095),#5099);
#5095 = LINE('',#5096,#5097);
#5096 = CARTESIAN_POINT('',(99.9,0.));
#5097 = VECTOR('',#5098,1.);
#5098 = DIRECTION('',(0.,-1.));
#5099 = ( GEOMETRIC_REPRESENTATION_CONTEXT(2) 
PARAMETRIC_REPRESENTATION_CONTEXT() REPRESENTATION_CONTEXT('2D SPACE',''
  ) );
#5100 = ORIENTED_EDGE('',*,*,#4253,.F.);
#5101 = ORIENTED_EDGE('',*,*,#5102,.T.);
#5102 = EDGE_CURVE('',#4203,#4982,#5103,.T.);
#5103 = SURFACE_CURVE('',#5104,(#5108,#5115),.PCURVE_S1.);
#5104 = LINE('',#5105,#5106);
#5105 = CARTESIAN_POINT('',(-50.,0.,-22.4));
#5106 = VECTOR('',#5107,1.);
#5107 = DIRECTION('',(0.,1.,0.));
#5108 = PCURVE('',#4292,#5109);
#5109 = DEFINITIONAL_REPRESENTATION('',(#5110),#5114);
#5110 = LINE('',#5111,#5112);
#5111 = CARTESIAN_POINT('',(0.785398163397,0.));
#5112 = VECTOR('',#5113,1.);
#5113 = DIRECTION('',(0.,1.));
#5114 = ( GEOMETRIC_REPRESENTATION_CONTEXT(2) 
PARAMETRIC_REPRESENTATION_CONTEXT() REPRESENTATION_CONTEXT('2D SPACE',''
  ) );
#5115 = PCURVE('',#4527,#5116);
#5116 = DEFINITIONAL_REPRESENTATION('',(#5117),#5121);
#5117 = LINE('',#5118,#5119);
#5118 = CARTESIAN_POINT('',(0.1,0.));
#5119 = VECTOR('',#5120,1.);
#5120 = DIRECTION('',(0.,1.));
#5121 = ( GEOMETRIC_REPRESENTATION_CONTEXT(2) 
PARAMETRIC_REPRESENTATION_CONTEXT() REPRESENTATION_CONTEXT('2D SPACE',''
  ) );
#5122 = ADVANCED_FACE('',(#5123),#4402,.T.);
#5123 = FACE_BOUND('',#5124,.T.);
#5124 = EDGE_LOOP('',(#5125,#5126,#5152,#5153));
#5125 = ORIENTED_EDGE('',*,*,#4356,.F.);
#5126 = ORIENTED_EDGE('',*,*,#5127,.T.);
#5127 = EDGE_CURVE('',#4357,#4924,#5128,.T.);
#5128 = SURFACE_CURVE('',#5129,(#5133,#5140),.PCURVE_S1.);
#5129 = LINE('',#5130,#5131);
#5130 = CARTESIAN_POINT('',(-49.9,6.,-11.25));
#5131 = VECTOR('',#5132,1.);
#5132 = DIRECTION('',(0.,0.,-1.));
#5133 = PCURVE('',#4402,#5134);
#5134 = DEFINITIONAL_REPRESENTATION('',(#5135),#5139);
#5135 = LINE('',#5136,#5137);
#5136 = CARTESIAN_POINT('',(-0.785398163397,0.));
#5137 = VECTOR('',#5138,1.);
#5138 = DIRECTION('',(0.,-1.));
#5139 = ( GEOMETRIC_REPRESENTATION_CONTEXT(2) 
PARAMETRIC_REPRESENTATION_CONTEXT() REPRESENTATION_CONTEXT('2D SPACE',''
  ) );
#5140 = PCURVE('',#5141,#5146);
#5141 = PLANE('',#5142);
#5142 = AXIS2_PLACEMENT_3D('',#5143,#5144,#5145);
#5143 = CARTESIAN_POINT('',(0.,6.,0.));
#5144 = DIRECTION('',(0.,1.,0.));
#5145 = DIRECTION('',(0.,-0.,1.));
#5146 = DEFINITIONAL_REPRESENTATION('',(#5147),#5151);
#5147 = LINE('',#5148,#5149);
#5148 = CARTESIAN_POINT('',(-11.25,-49.9));
#5149 = VECTOR('',#5150,1.);
#5150 = DIRECTION('',(-1.,0.));
#5151 = ( GEOMETRIC_REPRESENTATION_CONTEXT(2) 
PARAMETRIC_REPRESENTATION_CONTEXT() REPRESENTATION_CONTEXT('2D SPACE',''
  ) );
#5152 = ORIENTED_EDGE('',*,*,#5027,.F.);
#5153 = ORIENTED_EDGE('',*,*,#5154,.T.);
#5154 = EDGE_CURVE('',#4982,#4359,#5155,.T.);
#5155 = SURFACE_CURVE('',#5156,(#5160,#5167),.PCURVE_S1.);
#5156 = LINE('',#5157,#5158);
#5157 = CARTESIAN_POINT('',(-50.,5.9,-11.25));
#5158 = VECTOR('',#5159,1.);
#5159 = DIRECTION('',(0.,0.,1.));
#5160 = PCURVE('',#4402,#5161);
#5161 = DEFINITIONAL_REPRESENTATION('',(#5162),#5166);
#5162 = LINE('',#5163,#5164);
#5163 = CARTESIAN_POINT('',(0.785398163397,0.));
#5164 = VECTOR('',#5165,1.);
#5165 = DIRECTION('',(0.,1.));
#5166 = ( GEOMETRIC_REPRESENTATION_CONTEXT(2) 
PARAMETRIC_REPRESENTATION_CONTEXT() REPRESENTATION_CONTEXT('2D SPACE',''
  ) );
#5167 = PCURVE('',#4527,#5168);
#5168 = DEFINITIONAL_REPRESENTATION('',(#5169),#5173);
#5169 = LINE('',#5170,#5171);
#5170 = CARTESIAN_POINT('',(11.25,5.9));
#5171 = VECTOR('',#5172,1.);
#5172 = DIRECTION('',(1.,0.));
#5173 = ( GEOMETRIC_REPRESENTATION_CONTEXT(2) 
PARAMETRIC_REPRESENTATION_CONTEXT() REPRESENTATION_CONTEXT('2D SPACE',''
  ) );
#5174 = ADVANCED_FACE('',(#5175),#5190,.T.);
#5175 = FACE_BOUND('',#5176,.T.);
#5176 = EDGE_LOOP('',(#5177,#5230,#5276));
#5177 = ORIENTED_EDGE('',*,*,#5178,.T.);
#5178 = EDGE_CURVE('',#5179,#5181,#5183,.T.);
#5179 = VERTEX_POINT('',#5180);
#5180 = CARTESIAN_POINT('',(49.9,6.,-22.4));
#5181 = VERTEX_POINT('',#5182);
#5182 = CARTESIAN_POINT('',(50.,5.9,-22.4));
#5183 = SURFACE_CURVE('',#5184,(#5189,#5223),.PCURVE_S1.);
#5184 = CIRCLE('',#5185,0.1);
#5185 = AXIS2_PLACEMENT_3D('',#5186,#5187,#5188);
#5186 = CARTESIAN_POINT('',(49.9,5.9,-22.4));
#5187 = DIRECTION('',(0.,0.,-1.));
#5188 = DIRECTION('',(1.,0.,0.));
#5189 = PCURVE('',#5190,#5195);
#5190 = SPHERICAL_SURFACE('',#5191,0.1);
#5191 = AXIS2_PLACEMENT_3D('',#5192,#5193,#5194);
#5192 = CARTESIAN_POINT('',(49.9,5.9,-22.4));
#5193 = DIRECTION('',(-0.816496580928,0.408248290464,-0.408248290464));
#5194 = DIRECTION('',(0.57735026919,0.57735026919,-0.57735026919));
#5195 = DEFINITIONAL_REPRESENTATION('',(#5196),#5222);
#5196 = B_SPLINE_CURVE_WITH_KNOTS('',3,(#5197,#5198,#5199,#5200,#5201,
    #5202,#5203,#5204,#5205,#5206,#5207,#5208,#5209,#5210,#5211,#5212,
    #5213,#5214,#5215,#5216,#5217,#5218,#5219,#5220,#5221),
  .UNSPECIFIED.,.F.,.F.,(4,1,1,1,1,1,1,1,1,1,1,1,1,1,1,1,1,1,1,1,1,1,4),
  (4.712388980385,4.783788813421,4.855188646457,4.926588479493,
    4.997988312529,5.069388145565,5.140787978601,5.212187811638,
    5.283587644674,5.35498747771,5.426387310746,5.497787143782,
    5.569186976818,5.640586809854,5.711986642891,5.783386475927,
    5.854786308963,5.926186141999,5.997585975035,6.068985808071,
    6.140385641107,6.211785474143,6.28318530718),.UNSPECIFIED.);
#5197 = CARTESIAN_POINT('',(-0.886077123793,0.420534335284));
#5198 = CARTESIAN_POINT('',(-0.874421918981,0.399245918674));
#5199 = CARTESIAN_POINT('',(-0.851760602664,0.356521383409));
#5200 = CARTESIAN_POINT('',(-0.81936467159,0.292072447429));
#5201 = CARTESIAN_POINT('',(-0.788196339671,0.227346666659));
#5202 = CARTESIAN_POINT('',(-0.757947389702,0.162414226077));
#5203 = CARTESIAN_POINT('',(-0.728334065356,9.73393123966E-02));
#5204 = CARTESIAN_POINT('',(-0.699094007959,3.218087056976E-02));
#5205 = CARTESIAN_POINT('',(-0.669976041321,-3.300486811577E-02));
#5206 = CARTESIAN_POINT('',(-0.640732836946,-9.816260582657E-02));
#5207 = CARTESIAN_POINT('',(-0.611113194923,-0.163236106295));
#5208 = CARTESIAN_POINT('',(-0.580854267381,-0.228166302646));
#5209 = CARTESIAN_POINT('',(-0.549673077208,-0.292889207833));
#5210 = CARTESIAN_POINT('',(-0.517256892331,-0.357333496394));
#5211 = CARTESIAN_POINT('',(-0.483251866427,-0.421417575992));
#5212 = CARTESIAN_POINT('',(-0.447249251405,-0.485045913962));
#5213 = CARTESIAN_POINT('',(-0.408768363881,-0.548104320227));
#5214 = CARTESIAN_POINT('',(-0.367235234384,-0.610453711589));
#5215 = CARTESIAN_POINT('',(-0.321956148725,-0.671921956095));
#5216 = CARTESIAN_POINT('',(-0.272083970977,-0.732292309234));
#5217 = CARTESIAN_POINT('',(-0.216581081542,-0.791289937376));
#5218 = CARTESIAN_POINT('',(-0.154164869643,-0.848555592307));
#5219 = CARTESIAN_POINT('',(-8.330024807211E-02,-0.903640648239));
#5220 = CARTESIAN_POINT('',(-2.912546101251E-02,-0.938472816918));
#5221 = CARTESIAN_POINT('',(-8.881784197001E-16,-0.955316618125));
#5222 = ( GEOMETRIC_REPRESENTATION_CONTEXT(2) 
PARAMETRIC_REPRESENTATION_CONTEXT() REPRESENTATION_CONTEXT('2D SPACE',''
  ) );
#5223 = PCURVE('',#4856,#5224);
#5224 = DEFINITIONAL_REPRESENTATION('',(#5225),#5229);
#5225 = LINE('',#5226,#5227);
#5226 = CARTESIAN_POINT('',(-5.497787143782,33.65));
#5227 = VECTOR('',#5228,1.);
#5228 = DIRECTION('',(1.,0.));
#5229 = ( GEOMETRIC_REPRESENTATION_CONTEXT(2) 
PARAMETRIC_REPRESENTATION_CONTEXT() REPRESENTATION_CONTEXT('2D SPACE',''
  ) );
#5230 = ORIENTED_EDGE('',*,*,#5231,.T.);
#5231 = EDGE_CURVE('',#5181,#5232,#5234,.T.);
#5232 = VERTEX_POINT('',#5233);
#5233 = CARTESIAN_POINT('',(49.9,5.9,-22.5));
#5234 = SURFACE_CURVE('',#5235,(#5240,#5269),.PCURVE_S1.);
#5235 = CIRCLE('',#5236,0.1);
#5236 = AXIS2_PLACEMENT_3D('',#5237,#5238,#5239);
#5237 = CARTESIAN_POINT('',(49.9,5.9,-22.4));
#5238 = DIRECTION('',(0.,1.,0.));
#5239 = DIRECTION('',(0.,0.,-1.));
#5240 = PCURVE('',#5190,#5241);
#5241 = DEFINITIONAL_REPRESENTATION('',(#5242),#5268);
#5242 = B_SPLINE_CURVE_WITH_KNOTS('',3,(#5243,#5244,#5245,#5246,#5247,
    #5248,#5249,#5250,#5251,#5252,#5253,#5254,#5255,#5256,#5257,#5258,
    #5259,#5260,#5261,#5262,#5263,#5264,#5265,#5266,#5267),
  .UNSPECIFIED.,.F.,.F.,(4,1,1,1,1,1,1,1,1,1,1,1,1,1,1,1,1,1,1,1,1,1,4),
  (4.712388980385,4.783788813421,4.855188646457,4.926588479493,
    4.997988312529,5.069388145565,5.140787978601,5.212187811638,
    5.283587644674,5.35498747771,5.426387310746,5.497787143782,
    5.569186976818,5.640586809854,5.711986642891,5.783386475927,
    5.854786308963,5.926186141999,5.997585975035,6.068985808071,
    6.140385641107,6.211785474143,6.28318530718),.UNSPECIFIED.);
#5243 = CARTESIAN_POINT('',(0.,-0.955316618125));
#5244 = CARTESIAN_POINT('',(2.912546101253E-02,-0.938472816917));
#5245 = CARTESIAN_POINT('',(8.330024807212E-02,-0.903640648239));
#5246 = CARTESIAN_POINT('',(0.154164869643,-0.848555592307));
#5247 = CARTESIAN_POINT('',(0.216581081542,-0.791289937376));
#5248 = CARTESIAN_POINT('',(0.272083970977,-0.732292309234));
#5249 = CARTESIAN_POINT('',(0.321956148725,-0.671921956095));
#5250 = CARTESIAN_POINT('',(0.367235234384,-0.610453711589));
#5251 = CARTESIAN_POINT('',(0.408768363881,-0.548104320227));
#5252 = CARTESIAN_POINT('',(0.447249251405,-0.485045913962));
#5253 = CARTESIAN_POINT('',(0.483251866427,-0.421417575992));
#5254 = CARTESIAN_POINT('',(0.517256892331,-0.357333496394));
#5255 = CARTESIAN_POINT('',(0.549673077208,-0.292889207833));
#5256 = CARTESIAN_POINT('',(0.580854267381,-0.228166302646));
#5257 = CARTESIAN_POINT('',(0.611113194924,-0.163236106295));
#5258 = CARTESIAN_POINT('',(0.640732836946,-9.816260582654E-02));
#5259 = CARTESIAN_POINT('',(0.669976041321,-3.300486811576E-02));
#5260 = CARTESIAN_POINT('',(0.699094007959,3.21808705697E-02));
#5261 = CARTESIAN_POINT('',(0.728334065356,9.733931239659E-02));
#5262 = CARTESIAN_POINT('',(0.757947389702,0.162414226077));
#5263 = CARTESIAN_POINT('',(0.788196339671,0.227346666659));
#5264 = CARTESIAN_POINT('',(0.81936467159,0.292072447429));
#5265 = CARTESIAN_POINT('',(0.851760602664,0.356521383409));
#5266 = CARTESIAN_POINT('',(0.874421918981,0.399245918674));
#5267 = CARTESIAN_POINT('',(0.886077123793,0.420534335284));
#5268 = ( GEOMETRIC_REPRESENTATION_CONTEXT(2) 
PARAMETRIC_REPRESENTATION_CONTEXT() REPRESENTATION_CONTEXT('2D SPACE',''
  ) );
#5269 = PCURVE('',#4661,#5270);
#5270 = DEFINITIONAL_REPRESENTATION('',(#5271),#5275);
#5271 = LINE('',#5272,#5273);
#5272 = CARTESIAN_POINT('',(0.785398163397,5.9));
#5273 = VECTOR('',#5274,1.);
#5274 = DIRECTION('',(1.,0.));
#5275 = ( GEOMETRIC_REPRESENTATION_CONTEXT(2) 
PARAMETRIC_REPRESENTATION_CONTEXT() REPRESENTATION_CONTEXT('2D SPACE',''
  ) );
#5276 = ORIENTED_EDGE('',*,*,#5277,.T.);
#5277 = EDGE_CURVE('',#5232,#5179,#5278,.T.);
#5278 = SURFACE_CURVE('',#5279,(#5284,#5313),.PCURVE_S1.);
#5279 = CIRCLE('',#5280,0.1);
#5280 = AXIS2_PLACEMENT_3D('',#5281,#5282,#5283);
#5281 = CARTESIAN_POINT('',(49.9,5.9,-22.4));
#5282 = DIRECTION('',(1.,0.,0.));
#5283 = DIRECTION('',(-0.,1.,0.));
#5284 = PCURVE('',#5190,#5285);
#5285 = DEFINITIONAL_REPRESENTATION('',(#5286),#5312);
#5286 = B_SPLINE_CURVE_WITH_KNOTS('',3,(#5287,#5288,#5289,#5290,#5291,
    #5292,#5293,#5294,#5295,#5296,#5297,#5298,#5299,#5300,#5301,#5302,
    #5303,#5304,#5305,#5306,#5307,#5308,#5309,#5310,#5311),
  .UNSPECIFIED.,.F.,.F.,(4,1,1,1,1,1,1,1,1,1,1,1,1,1,1,1,1,1,1,1,1,1,4),
  (4.712388980385,4.783788813421,4.855188646457,4.926588479493,
    4.997988312529,5.069388145565,5.140787978601,5.212187811638,
    5.283587644674,5.35498747771,5.426387310746,5.497787143782,
    5.569186976818,5.640586809854,5.711986642891,5.783386475927,
    5.854786308963,5.926186141999,5.997585975035,6.068985808071,
    6.140385641107,6.211785474143,6.28318530718),.UNSPECIFIED.);
#5287 = CARTESIAN_POINT('',(0.886077123793,0.420534335284));
#5288 = CARTESIAN_POINT('',(0.862761489391,0.431177612946));
#5289 = CARTESIAN_POINT('',(0.815451353994,0.451857720497));
#5290 = CARTESIAN_POINT('',(0.742397299073,0.480841619708));
#5291 = CARTESIAN_POINT('',(0.667183779189,0.507573396942));
#5292 = CARTESIAN_POINT('',(0.589804445008,0.531833486067));
#5293 = CARTESIAN_POINT('',(0.510306420952,0.553405144352));
#5294 = CARTESIAN_POINT('',(0.428803178641,0.572079393981));
#5295 = CARTESIAN_POINT('',(0.345478129824,0.587661669371));
#5296 = CARTESIAN_POINT('',(0.260586064886,0.599978915752));
#5297 = CARTESIAN_POINT('',(0.174449006799,0.608886874916));
#5298 = CARTESIAN_POINT('',(8.744645132812E-02,0.614276835086));
#5299 = CARTESIAN_POINT('',(2.408363633599E-14,0.616081145463));
#5300 = CARTESIAN_POINT('',(-8.744645132822E-02,0.614276835086));
#5301 = CARTESIAN_POINT('',(-0.174449006799,0.608886874916));
#5302 = CARTESIAN_POINT('',(-0.260586064886,0.599978915752));
#5303 = CARTESIAN_POINT('',(-0.345478129824,0.587661669371));
#5304 = CARTESIAN_POINT('',(-0.428803178641,0.572079393981));
#5305 = CARTESIAN_POINT('',(-0.510306420952,0.553405144352));
#5306 = CARTESIAN_POINT('',(-0.589804445008,0.531833486067));
#5307 = CARTESIAN_POINT('',(-0.667183779189,0.507573396942));
#5308 = CARTESIAN_POINT('',(-0.742397299073,0.480841619708));
#5309 = CARTESIAN_POINT('',(-0.815451353994,0.451857720497));
#5310 = CARTESIAN_POINT('',(-0.862761489391,0.431177612946));
#5311 = CARTESIAN_POINT('',(-0.886077123793,0.420534335284));
#5312 = ( GEOMETRIC_REPRESENTATION_CONTEXT(2) 
PARAMETRIC_REPRESENTATION_CONTEXT() REPRESENTATION_CONTEXT('2D SPACE',''
  ) );
#5313 = PCURVE('',#4969,#5314);
#5314 = DEFINITIONAL_REPRESENTATION('',(#5315),#5319);
#5315 = LINE('',#5316,#5317);
#5316 = CARTESIAN_POINT('',(5.497787143782,-24.9));
#5317 = VECTOR('',#5318,1.);
#5318 = DIRECTION('',(-1.,0.));
#5319 = ( GEOMETRIC_REPRESENTATION_CONTEXT(2) 
PARAMETRIC_REPRESENTATION_CONTEXT() REPRESENTATION_CONTEXT('2D SPACE',''
  ) );
#5320 = ADVANCED_FACE('',(#5321),#4661,.T.);
#5321 = FACE_BOUND('',#5322,.T.);
#5322 = EDGE_LOOP('',(#5323,#5324,#5345,#5346));
#5323 = ORIENTED_EDGE('',*,*,#5231,.F.);
#5324 = ORIENTED_EDGE('',*,*,#5325,.T.);
#5325 = EDGE_CURVE('',#5181,#4623,#5326,.T.);
#5326 = SURFACE_CURVE('',#5327,(#5331,#5338),.PCURVE_S1.);
#5327 = LINE('',#5328,#5329);
#5328 = CARTESIAN_POINT('',(50.,0.,-22.4));
#5329 = VECTOR('',#5330,1.);
#5330 = DIRECTION('',(0.,-1.,0.));
#5331 = PCURVE('',#4661,#5332);
#5332 = DEFINITIONAL_REPRESENTATION('',(#5333),#5337);
#5333 = LINE('',#5334,#5335);
#5334 = CARTESIAN_POINT('',(5.497787143782,0.));
#5335 = VECTOR('',#5336,1.);
#5336 = DIRECTION('',(0.,-1.));
#5337 = ( GEOMETRIC_REPRESENTATION_CONTEXT(2) 
PARAMETRIC_REPRESENTATION_CONTEXT() REPRESENTATION_CONTEXT('2D SPACE',''
  ) );
#5338 = PCURVE('',#4886,#5339);
#5339 = DEFINITIONAL_REPRESENTATION('',(#5340),#5344);
#5340 = LINE('',#5341,#5342);
#5341 = CARTESIAN_POINT('',(44.9,0.));
#5342 = VECTOR('',#5343,1.);
#5343 = DIRECTION('',(0.,-1.));
#5344 = ( GEOMETRIC_REPRESENTATION_CONTEXT(2) 
PARAMETRIC_REPRESENTATION_CONTEXT() REPRESENTATION_CONTEXT('2D SPACE',''
  ) );
#5345 = ORIENTED_EDGE('',*,*,#4622,.F.);
#5346 = ORIENTED_EDGE('',*,*,#5347,.T.);
#5347 = EDGE_CURVE('',#4572,#5232,#5348,.T.);
#5348 = SURFACE_CURVE('',#5349,(#5353,#5360),.PCURVE_S1.);
#5349 = LINE('',#5350,#5351);
#5350 = CARTESIAN_POINT('',(49.9,0.,-22.5));
#5351 = VECTOR('',#5352,1.);
#5352 = DIRECTION('',(0.,1.,0.));
#5353 = PCURVE('',#4661,#5354);
#5354 = DEFINITIONAL_REPRESENTATION('',(#5355),#5359);
#5355 = LINE('',#5356,#5357);
#5356 = CARTESIAN_POINT('',(7.068583470577,0.));
#5357 = VECTOR('',#5358,1.);
#5358 = DIRECTION('',(0.,1.));
#5359 = ( GEOMETRIC_REPRESENTATION_CONTEXT(2) 
PARAMETRIC_REPRESENTATION_CONTEXT() REPRESENTATION_CONTEXT('2D SPACE',''
  ) );
#5360 = PCURVE('',#5089,#5361);
#5361 = DEFINITIONAL_REPRESENTATION('',(#5362),#5366);
#5362 = LINE('',#5363,#5364);
#5363 = CARTESIAN_POINT('',(0.1,0.));
#5364 = VECTOR('',#5365,1.);
#5365 = DIRECTION('',(0.,1.));
#5366 = ( GEOMETRIC_REPRESENTATION_CONTEXT(2) 
PARAMETRIC_REPRESENTATION_CONTEXT() REPRESENTATION_CONTEXT('2D SPACE',''
  ) );
#5367 = ADVANCED_FACE('',(#5368),#4969,.T.);
#5368 = FACE_BOUND('',#5369,.T.);
#5369 = EDGE_LOOP('',(#5370,#5371,#5392,#5393));
#5370 = ORIENTED_EDGE('',*,*,#4923,.F.);
#5371 = ORIENTED_EDGE('',*,*,#5372,.T.);
#5372 = EDGE_CURVE('',#4924,#5179,#5373,.T.);
#5373 = SURFACE_CURVE('',#5374,(#5378,#5385),.PCURVE_S1.);
#5374 = LINE('',#5375,#5376);
#5375 = CARTESIAN_POINT('',(25.,6.,-22.4));
#5376 = VECTOR('',#5377,1.);
#5377 = DIRECTION('',(1.,0.,0.));
#5378 = PCURVE('',#4969,#5379);
#5379 = DEFINITIONAL_REPRESENTATION('',(#5380),#5384);
#5380 = LINE('',#5381,#5382);
#5381 = CARTESIAN_POINT('',(-0.785398163397,0.));
#5382 = VECTOR('',#5383,1.);
#5383 = DIRECTION('',(0.,-1.));
#5384 = ( GEOMETRIC_REPRESENTATION_CONTEXT(2) 
PARAMETRIC_REPRESENTATION_CONTEXT() REPRESENTATION_CONTEXT('2D SPACE',''
  ) );
#5385 = PCURVE('',#5141,#5386);
#5386 = DEFINITIONAL_REPRESENTATION('',(#5387),#5391);
#5387 = LINE('',#5388,#5389);
#5388 = CARTESIAN_POINT('',(-22.4,25.));
#5389 = VECTOR('',#5390,1.);
#5390 = DIRECTION('',(0.,1.));
#5391 = ( GEOMETRIC_REPRESENTATION_CONTEXT(2) 
PARAMETRIC_REPRESENTATION_CONTEXT() REPRESENTATION_CONTEXT('2D SPACE',''
  ) );
#5392 = ORIENTED_EDGE('',*,*,#5277,.F.);
#5393 = ORIENTED_EDGE('',*,*,#5394,.T.);
#5394 = EDGE_CURVE('',#5232,#4926,#5395,.T.);
#5395 = SURFACE_CURVE('',#5396,(#5400,#5407),.PCURVE_S1.);
#5396 = LINE('',#5397,#5398);
#5397 = CARTESIAN_POINT('',(25.,5.9,-22.5));
#5398 = VECTOR('',#5399,1.);
#5399 = DIRECTION('',(-1.,0.,0.));
#5400 = PCURVE('',#4969,#5401);
#5401 = DEFINITIONAL_REPRESENTATION('',(#5402),#5406);
#5402 = LINE('',#5403,#5404);
#5403 = CARTESIAN_POINT('',(0.785398163397,0.));
#5404 = VECTOR('',#5405,1.);
#5405 = DIRECTION('',(0.,1.));
#5406 = ( GEOMETRIC_REPRESENTATION_CONTEXT(2) 
PARAMETRIC_REPRESENTATION_CONTEXT() REPRESENTATION_CONTEXT('2D SPACE',''
  ) );
#5407 = PCURVE('',#5089,#5408);
#5408 = DEFINITIONAL_REPRESENTATION('',(#5409),#5413);
#5409 = LINE('',#5410,#5411);
#5410 = CARTESIAN_POINT('',(25.,5.9));
#5411 = VECTOR('',#5412,1.);
#5412 = DIRECTION('',(1.,0.));
#5413 = ( GEOMETRIC_REPRESENTATION_CONTEXT(2) 
PARAMETRIC_REPRESENTATION_CONTEXT() REPRESENTATION_CONTEXT('2D SPACE',''
  ) );
#5414 = ADVANCED_FACE('',(#5415),#4856,.T.);
#5415 = FACE_BOUND('',#5416,.T.);
#5416 = EDGE_LOOP('',(#5417,#5418,#5439,#5440));
#5417 = ORIENTED_EDGE('',*,*,#5178,.F.);
#5418 = ORIENTED_EDGE('',*,*,#5419,.T.);
#5419 = EDGE_CURVE('',#5179,#4721,#5420,.T.);
#5420 = SURFACE_CURVE('',#5421,(#5425,#5432),.PCURVE_S1.);
#5421 = LINE('',#5422,#5423);
#5422 = CARTESIAN_POINT('',(49.9,6.,11.25));
#5423 = VECTOR('',#5424,1.);
#5424 = DIRECTION('',(0.,0.,1.));
#5425 = PCURVE('',#4856,#5426);
#5426 = DEFINITIONAL_REPRESENTATION('',(#5427),#5431);
#5427 = LINE('',#5428,#5429);
#5428 = CARTESIAN_POINT('',(-0.785398163397,0.));
#5429 = VECTOR('',#5430,1.);
#5430 = DIRECTION('',(0.,-1.));
#5431 = ( GEOMETRIC_REPRESENTATION_CONTEXT(2) 
PARAMETRIC_REPRESENTATION_CONTEXT() REPRESENTATION_CONTEXT('2D SPACE',''
  ) );
#5432 = PCURVE('',#5141,#5433);
#5433 = DEFINITIONAL_REPRESENTATION('',(#5434),#5438);
#5434 = LINE('',#5435,#5436);
#5435 = CARTESIAN_POINT('',(11.25,49.9));
#5436 = VECTOR('',#5437,1.);
#5437 = DIRECTION('',(1.,0.));
#5438 = ( GEOMETRIC_REPRESENTATION_CONTEXT(2) 
PARAMETRIC_REPRESENTATION_CONTEXT() REPRESENTATION_CONTEXT('2D SPACE',''
  ) );
#5439 = ORIENTED_EDGE('',*,*,#4819,.F.);
#5440 = ORIENTED_EDGE('',*,*,#5441,.T.);
#5441 = EDGE_CURVE('',#4774,#5181,#5442,.T.);
#5442 = SURFACE_CURVE('',#5443,(#5447,#5454),.PCURVE_S1.);
#5443 = LINE('',#5444,#5445);
#5444 = CARTESIAN_POINT('',(50.,5.9,11.25));
#5445 = VECTOR('',#5446,1.);
#5446 = DIRECTION('',(0.,0.,-1.));
#5447 = PCURVE('',#4856,#5448);
#5448 = DEFINITIONAL_REPRESENTATION('',(#5449),#5453);
#5449 = LINE('',#5450,#5451);
#5450 = CARTESIAN_POINT('',(0.785398163397,0.));
#5451 = VECTOR('',#5452,1.);
#5452 = DIRECTION('',(0.,1.));
#5453 = ( GEOMETRIC_REPRESENTATION_CONTEXT(2) 
PARAMETRIC_REPRESENTATION_CONTEXT() REPRESENTATION_CONTEXT('2D SPACE',''
  ) );
#5454 = PCURVE('',#4886,#5455);
#5455 = DEFINITIONAL_REPRESENTATION('',(#5456),#5460);
#5456 = LINE('',#5457,#5458);
#5457 = CARTESIAN_POINT('',(11.25,5.9));
#5458 = VECTOR('',#5459,1.);
#5459 = DIRECTION('',(1.,0.));
#5460 = ( GEOMETRIC_REPRESENTATION_CONTEXT(2) 
PARAMETRIC_REPRESENTATION_CONTEXT() REPRESENTATION_CONTEXT('2D SPACE',''
  ) );
#5461 = ADVANCED_FACE('',(#5462),#4497,.T.);
#5462 = FACE_BOUND('',#5463,.T.);
#5463 = EDGE_LOOP('',(#5464,#5465,#5486,#5487));
#5464 = ORIENTED_EDGE('',*,*,#4720,.F.);
#5465 = ORIENTED_EDGE('',*,*,#5466,.T.);
#5466 = EDGE_CURVE('',#4721,#4357,#5467,.T.);
#5467 = SURFACE_CURVE('',#5468,(#5472,#5479),.PCURVE_S1.);
#5468 = LINE('',#5469,#5470);
#5469 = CARTESIAN_POINT('',(-25.,6.,22.4));
#5470 = VECTOR('',#5471,1.);
#5471 = DIRECTION('',(-1.,0.,0.));
#5472 = PCURVE('',#4497,#5473);
#5473 = DEFINITIONAL_REPRESENTATION('',(#5474),#5478);
#5474 = LINE('',#5475,#5476);
#5475 = CARTESIAN_POINT('',(-0.785398163397,0.));
#5476 = VECTOR('',#5477,1.);
#5477 = DIRECTION('',(0.,-1.));
#5478 = ( GEOMETRIC_REPRESENTATION_CONTEXT(2) 
PARAMETRIC_REPRESENTATION_CONTEXT() REPRESENTATION_CONTEXT('2D SPACE',''
  ) );
#5479 = PCURVE('',#5141,#5480);
#5480 = DEFINITIONAL_REPRESENTATION('',(#5481),#5485);
#5481 = LINE('',#5482,#5483);
#5482 = CARTESIAN_POINT('',(22.4,-25.));
#5483 = VECTOR('',#5484,1.);
#5484 = DIRECTION('',(0.,-1.));
#5485 = ( GEOMETRIC_REPRESENTATION_CONTEXT(2) 
PARAMETRIC_REPRESENTATION_CONTEXT() REPRESENTATION_CONTEXT('2D SPACE',''
  ) );
#5486 = ORIENTED_EDGE('',*,*,#4460,.F.);
#5487 = ORIENTED_EDGE('',*,*,#5488,.T.);
#5488 = EDGE_CURVE('',#4415,#4723,#5489,.T.);
#5489 = SURFACE_CURVE('',#5490,(#5494,#5501),.PCURVE_S1.);
#5490 = LINE('',#5491,#5492);
#5491 = CARTESIAN_POINT('',(-25.,5.9,22.5));
#5492 = VECTOR('',#5493,1.);
#5493 = DIRECTION('',(1.,0.,0.));
#5494 = PCURVE('',#4497,#5495);
#5495 = DEFINITIONAL_REPRESENTATION('',(#5496),#5500);
#5496 = LINE('',#5497,#5498);
#5497 = CARTESIAN_POINT('',(0.785398163397,0.));
#5498 = VECTOR('',#5499,1.);
#5499 = DIRECTION('',(0.,1.));
#5500 = ( GEOMETRIC_REPRESENTATION_CONTEXT(2) 
PARAMETRIC_REPRESENTATION_CONTEXT() REPRESENTATION_CONTEXT('2D SPACE',''
  ) );
#5501 = PCURVE('',#4554,#5502);
#5502 = DEFINITIONAL_REPRESENTATION('',(#5503),#5507);
#5503 = LINE('',#5504,#5505);
#5504 = CARTESIAN_POINT('',(25.,5.9));
#5505 = VECTOR('',#5506,1.);
#5506 = DIRECTION('',(1.,0.));
#5507 = ( GEOMETRIC_REPRESENTATION_CONTEXT(2) 
PARAMETRIC_REPRESENTATION_CONTEXT() REPRESENTATION_CONTEXT('2D SPACE',''
  ) );
#5508 = ADVANCED_FACE('',(#5509),#4090,.T.);
#5509 = FACE_BOUND('',#5510,.T.);
#5510 = EDGE_LOOP('',(#5511,#5512,#5538,#5539));
#5511 = ORIENTED_EDGE('',*,*,#4044,.F.);
#5512 = ORIENTED_EDGE('',*,*,#5513,.T.);
#5513 = EDGE_CURVE('',#4045,#4570,#5514,.T.);
#5514 = SURFACE_CURVE('',#5515,(#5519,#5526),.PCURVE_S1.);
#5515 = LINE('',#5516,#5517);
#5516 = CARTESIAN_POINT('',(49.9,-6.,11.25));
#5517 = VECTOR('',#5518,1.);
#5518 = DIRECTION('',(0.,0.,-1.));
#5519 = PCURVE('',#4090,#5520);
#5520 = DEFINITIONAL_REPRESENTATION('',(#5521),#5525);
#5521 = LINE('',#5522,#5523);
#5522 = CARTESIAN_POINT('',(-0.785398163397,0.));
#5523 = VECTOR('',#5524,1.);
#5524 = DIRECTION('',(0.,-1.));
#5525 = ( GEOMETRIC_REPRESENTATION_CONTEXT(2) 
PARAMETRIC_REPRESENTATION_CONTEXT() REPRESENTATION_CONTEXT('2D SPACE',''
  ) );
#5526 = PCURVE('',#5527,#5532);
#5527 = PLANE('',#5528);
#5528 = AXIS2_PLACEMENT_3D('',#5529,#5530,#5531);
#5529 = CARTESIAN_POINT('',(0.,-6.,0.));
#5530 = DIRECTION('',(0.,-1.,0.));
#5531 = DIRECTION('',(0.,0.,-1.));
#5532 = DEFINITIONAL_REPRESENTATION('',(#5533),#5537);
#5533 = LINE('',#5534,#5535);
#5534 = CARTESIAN_POINT('',(-11.25,49.9));
#5535 = VECTOR('',#5536,1.);
#5536 = DIRECTION('',(1.,0.));
#5537 = ( GEOMETRIC_REPRESENTATION_CONTEXT(2) 
PARAMETRIC_REPRESENTATION_CONTEXT() REPRESENTATION_CONTEXT('2D SPACE',''
  ) );
#5538 = ORIENTED_EDGE('',*,*,#4673,.F.);
#5539 = ORIENTED_EDGE('',*,*,#5540,.T.);
#5540 = EDGE_CURVE('',#4623,#4047,#5541,.T.);
#5541 = SURFACE_CURVE('',#5542,(#5546,#5553),.PCURVE_S1.);
#5542 = LINE('',#5543,#5544);
#5543 = CARTESIAN_POINT('',(50.,-5.9,11.25));
#5544 = VECTOR('',#5545,1.);
#5545 = DIRECTION('',(0.,0.,1.));
#5546 = PCURVE('',#4090,#5547);
#5547 = DEFINITIONAL_REPRESENTATION('',(#5548),#5552);
#5548 = LINE('',#5549,#5550);
#5549 = CARTESIAN_POINT('',(0.785398163397,0.));
#5550 = VECTOR('',#5551,1.);
#5551 = DIRECTION('',(0.,1.));
#5552 = ( GEOMETRIC_REPRESENTATION_CONTEXT(2) 
PARAMETRIC_REPRESENTATION_CONTEXT() REPRESENTATION_CONTEXT('2D SPACE',''
  ) );
#5553 = PCURVE('',#4886,#5554);
#5554 = DEFINITIONAL_REPRESENTATION('',(#5555),#5559);
#5555 = LINE('',#5556,#5557);
#5556 = CARTESIAN_POINT('',(11.25,-5.9));
#5557 = VECTOR('',#5558,1.);
#5558 = DIRECTION('',(-1.,0.));
#5559 = ( GEOMETRIC_REPRESENTATION_CONTEXT(2) 
PARAMETRIC_REPRESENTATION_CONTEXT() REPRESENTATION_CONTEXT('2D SPACE',''
  ) );
#5560 = ADVANCED_FACE('',(#5561),#4341,.T.);
#5561 = FACE_BOUND('',#5562,.T.);
#5562 = EDGE_LOOP('',(#5563,#5564,#5585,#5586));
#5563 = ORIENTED_EDGE('',*,*,#4569,.F.);
#5564 = ORIENTED_EDGE('',*,*,#5565,.T.);
#5565 = EDGE_CURVE('',#4570,#4201,#5566,.T.);
#5566 = SURFACE_CURVE('',#5567,(#5571,#5578),.PCURVE_S1.);
#5567 = LINE('',#5568,#5569);
#5568 = CARTESIAN_POINT('',(25.,-6.,-22.4));
#5569 = VECTOR('',#5570,1.);
#5570 = DIRECTION('',(-1.,0.,0.));
#5571 = PCURVE('',#4341,#5572);
#5572 = DEFINITIONAL_REPRESENTATION('',(#5573),#5577);
#5573 = LINE('',#5574,#5575);
#5574 = CARTESIAN_POINT('',(-0.785398163397,0.));
#5575 = VECTOR('',#5576,1.);
#5576 = DIRECTION('',(0.,-1.));
#5577 = ( GEOMETRIC_REPRESENTATION_CONTEXT(2) 
PARAMETRIC_REPRESENTATION_CONTEXT() REPRESENTATION_CONTEXT('2D SPACE',''
  ) );
#5578 = PCURVE('',#5527,#5579);
#5579 = DEFINITIONAL_REPRESENTATION('',(#5580),#5584);
#5580 = LINE('',#5581,#5582);
#5581 = CARTESIAN_POINT('',(22.4,25.));
#5582 = VECTOR('',#5583,1.);
#5583 = DIRECTION('',(0.,-1.));
#5584 = ( GEOMETRIC_REPRESENTATION_CONTEXT(2) 
PARAMETRIC_REPRESENTATION_CONTEXT() REPRESENTATION_CONTEXT('2D SPACE',''
  ) );
#5585 = ORIENTED_EDGE('',*,*,#4304,.F.);
#5586 = ORIENTED_EDGE('',*,*,#5587,.T.);
#5587 = EDGE_CURVE('',#4254,#4572,#5588,.T.);
#5588 = SURFACE_CURVE('',#5589,(#5593,#5600),.PCURVE_S1.);
#5589 = LINE('',#5590,#5591);
#5590 = CARTESIAN_POINT('',(25.,-5.9,-22.5));
#5591 = VECTOR('',#5592,1.);
#5592 = DIRECTION('',(1.,0.,0.));
#5593 = PCURVE('',#4341,#5594);
#5594 = DEFINITIONAL_REPRESENTATION('',(#5595),#5599);
#5595 = LINE('',#5596,#5597);
#5596 = CARTESIAN_POINT('',(0.785398163397,0.));
#5597 = VECTOR('',#5598,1.);
#5598 = DIRECTION('',(0.,1.));
#5599 = ( GEOMETRIC_REPRESENTATION_CONTEXT(2) 
PARAMETRIC_REPRESENTATION_CONTEXT() REPRESENTATION_CONTEXT('2D SPACE',''
  ) );
#5600 = PCURVE('',#5089,#5601);
#5601 = DEFINITIONAL_REPRESENTATION('',(#5602),#5606);
#5602 = LINE('',#5603,#5604);
#5603 = CARTESIAN_POINT('',(25.,-5.9));
#5604 = VECTOR('',#5605,1.);
#5605 = DIRECTION('',(-1.,0.));
#5606 = ( GEOMETRIC_REPRESENTATION_CONTEXT(2) 
PARAMETRIC_REPRESENTATION_CONTEXT() REPRESENTATION_CONTEXT('2D SPACE',''
  ) );
#5607 = ADVANCED_FACE('',(#5608),#4029,.T.);
#5608 = FACE_BOUND('',#5609,.T.);
#5609 = EDGE_LOOP('',(#5610,#5611,#5632,#5633));
#5610 = ORIENTED_EDGE('',*,*,#4200,.F.);
#5611 = ORIENTED_EDGE('',*,*,#5612,.T.);
#5612 = EDGE_CURVE('',#4201,#3884,#5613,.T.);
#5613 = SURFACE_CURVE('',#5614,(#5618,#5625),.PCURVE_S1.);
#5614 = LINE('',#5615,#5616);
#5615 = CARTESIAN_POINT('',(-49.9,-6.,-11.25));
#5616 = VECTOR('',#5617,1.);
#5617 = DIRECTION('',(0.,0.,1.));
#5618 = PCURVE('',#4029,#5619);
#5619 = DEFINITIONAL_REPRESENTATION('',(#5620),#5624);
#5620 = LINE('',#5621,#5622);
#5621 = CARTESIAN_POINT('',(-0.785398163397,0.));
#5622 = VECTOR('',#5623,1.);
#5623 = DIRECTION('',(0.,-1.));
#5624 = ( GEOMETRIC_REPRESENTATION_CONTEXT(2) 
PARAMETRIC_REPRESENTATION_CONTEXT() REPRESENTATION_CONTEXT('2D SPACE',''
  ) );
#5625 = PCURVE('',#5527,#5626);
#5626 = DEFINITIONAL_REPRESENTATION('',(#5627),#5631);
#5627 = LINE('',#5628,#5629);
#5628 = CARTESIAN_POINT('',(11.25,-49.9));
#5629 = VECTOR('',#5630,1.);
#5630 = DIRECTION('',(-1.,0.));
#5631 = ( GEOMETRIC_REPRESENTATION_CONTEXT(2) 
PARAMETRIC_REPRESENTATION_CONTEXT() REPRESENTATION_CONTEXT('2D SPACE',''
  ) );
#5632 = ORIENTED_EDGE('',*,*,#3992,.F.);
#5633 = ORIENTED_EDGE('',*,*,#5634,.T.);
#5634 = EDGE_CURVE('',#3942,#4203,#5635,.T.);
#5635 = SURFACE_CURVE('',#5636,(#5640,#5647),.PCURVE_S1.);
#5636 = LINE('',#5637,#5638);
#5637 = CARTESIAN_POINT('',(-50.,-5.9,-11.25));
#5638 = VECTOR('',#5639,1.);
#5639 = DIRECTION('',(0.,0.,-1.));
#5640 = PCURVE('',#4029,#5641);
#5641 = DEFINITIONAL_REPRESENTATION('',(#5642),#5646);
#5642 = LINE('',#5643,#5644);
#5643 = CARTESIAN_POINT('',(0.785398163397,0.));
#5644 = VECTOR('',#5645,1.);
#5645 = DIRECTION('',(0.,1.));
#5646 = ( GEOMETRIC_REPRESENTATION_CONTEXT(2) 
PARAMETRIC_REPRESENTATION_CONTEXT() REPRESENTATION_CONTEXT('2D SPACE',''
  ) );
#5647 = PCURVE('',#4527,#5648);
#5648 = DEFINITIONAL_REPRESENTATION('',(#5649),#5653);
#5649 = LINE('',#5650,#5651);
#5650 = CARTESIAN_POINT('',(11.25,-5.9));
#5651 = VECTOR('',#5652,1.);
#5652 = DIRECTION('',(-1.,0.));
#5653 = ( GEOMETRIC_REPRESENTATION_CONTEXT(2) 
PARAMETRIC_REPRESENTATION_CONTEXT() REPRESENTATION_CONTEXT('2D SPACE',''
  ) );
#5654 = ADVANCED_FACE('',(#5655),#3929,.T.);
#5655 = FACE_BOUND('',#5656,.T.);
#5656 = EDGE_LOOP('',(#5657,#5658,#5679,#5680));
#5657 = ORIENTED_EDGE('',*,*,#3883,.F.);
#5658 = ORIENTED_EDGE('',*,*,#5659,.T.);
#5659 = EDGE_CURVE('',#3884,#4045,#5660,.T.);
#5660 = SURFACE_CURVE('',#5661,(#5665,#5672),.PCURVE_S1.);
#5661 = LINE('',#5662,#5663);
#5662 = CARTESIAN_POINT('',(-25.,-6.,22.4));
#5663 = VECTOR('',#5664,1.);
#5664 = DIRECTION('',(1.,0.,0.));
#5665 = PCURVE('',#3929,#5666);
#5666 = DEFINITIONAL_REPRESENTATION('',(#5667),#5671);
#5667 = LINE('',#5668,#5669);
#5668 = CARTESIAN_POINT('',(-0.785398163397,0.));
#5669 = VECTOR('',#5670,1.);
#5670 = DIRECTION('',(0.,-1.));
#5671 = ( GEOMETRIC_REPRESENTATION_CONTEXT(2) 
PARAMETRIC_REPRESENTATION_CONTEXT() REPRESENTATION_CONTEXT('2D SPACE',''
  ) );
#5672 = PCURVE('',#5527,#5673);
#5673 = DEFINITIONAL_REPRESENTATION('',(#5674),#5678);
#5674 = LINE('',#5675,#5676);
#5675 = CARTESIAN_POINT('',(-22.4,-25.));
#5676 = VECTOR('',#5677,1.);
#5677 = DIRECTION('',(0.,1.));
#5678 = ( GEOMETRIC_REPRESENTATION_CONTEXT(2) 
PARAMETRIC_REPRESENTATION_CONTEXT() REPRESENTATION_CONTEXT('2D SPACE',''
  ) );
#5679 = ORIENTED_EDGE('',*,*,#4153,.F.);
#5680 = ORIENTED_EDGE('',*,*,#5681,.T.);
#5681 = EDGE_CURVE('',#4103,#3886,#5682,.T.);
#5682 = SURFACE_CURVE('',#5683,(#5687,#5694),.PCURVE_S1.);
#5683 = LINE('',#5684,#5685);
#5684 = CARTESIAN_POINT('',(-25.,-5.9,22.5));
#5685 = VECTOR('',#5686,1.);
#5686 = DIRECTION('',(-1.,0.,0.));
#5687 = PCURVE('',#3929,#5688);
#5688 = DEFINITIONAL_REPRESENTATION('',(#5689),#5693);
#5689 = LINE('',#5690,#5691);
#5690 = CARTESIAN_POINT('',(0.785398163397,0.));
#5691 = VECTOR('',#5692,1.);
#5692 = DIRECTION('',(0.,1.));
#5693 = ( GEOMETRIC_REPRESENTATION_CONTEXT(2) 
PARAMETRIC_REPRESENTATION_CONTEXT() REPRESENTATION_CONTEXT('2D SPACE',''
  ) );
#5694 = PCURVE('',#4554,#5695);
#5695 = DEFINITIONAL_REPRESENTATION('',(#5696),#5700);
#5696 = LINE('',#5697,#5698);
#5697 = CARTESIAN_POINT('',(25.,-5.9));
#5698 = VECTOR('',#5699,1.);
#5699 = DIRECTION('',(-1.,0.));
#5700 = ( GEOMETRIC_REPRESENTATION_CONTEXT(2) 
PARAMETRIC_REPRESENTATION_CONTEXT() REPRESENTATION_CONTEXT('2D SPACE',''
  ) );
#5701 = ADVANCED_FACE('',(#5702,#5708,#5824),#4554,.T.);
#5702 = FACE_BOUND('',#5703,.T.);
#5703 = EDGE_LOOP('',(#5704,#5705,#5706,#5707));
#5704 = ORIENTED_EDGE('',*,*,#4899,.F.);
#5705 = ORIENTED_EDGE('',*,*,#5488,.F.);
#5706 = ORIENTED_EDGE('',*,*,#4540,.F.);
#5707 = ORIENTED_EDGE('',*,*,#5681,.F.);
#5708 = FACE_BOUND('',#5709,.T.);
#5709 = EDGE_LOOP('',(#5710,#5740,#5769,#5797));
#5710 = ORIENTED_EDGE('',*,*,#5711,.F.);
#5711 = EDGE_CURVE('',#5712,#5714,#5716,.T.);
#5712 = VERTEX_POINT('',#5713);
#5713 = CARTESIAN_POINT('',(-45.,-2.6,22.5));
#5714 = VERTEX_POINT('',#5715);
#5715 = CARTESIAN_POINT('',(-20.,-2.6,22.5));
#5716 = SURFACE_CURVE('',#5717,(#5721,#5728),.PCURVE_S1.);
#5717 = LINE('',#5718,#5719);
#5718 = CARTESIAN_POINT('',(-35.,-2.6,22.5));
#5719 = VECTOR('',#5720,1.);
#5720 = DIRECTION('',(1.,0.,0.));
#5721 = PCURVE('',#4554,#5722);
#5722 = DEFINITIONAL_REPRESENTATION('',(#5723),#5727);
#5723 = LINE('',#5724,#5725);
#5724 = CARTESIAN_POINT('',(15.,-2.6));
#5725 = VECTOR('',#5726,1.);
#5726 = DIRECTION('',(1.,0.));
#5727 = ( GEOMETRIC_REPRESENTATION_CONTEXT(2) 
PARAMETRIC_REPRESENTATION_CONTEXT() REPRESENTATION_CONTEXT('2D SPACE',''
  ) );
#5728 = PCURVE('',#5729,#5734);
#5729 = CYLINDRICAL_SURFACE('',#5730,0.1);
#5730 = AXIS2_PLACEMENT_3D('',#5731,#5732,#5733);
#5731 = CARTESIAN_POINT('',(-35.,-2.6,22.4));
#5732 = DIRECTION('',(-1.,0.,0.));
#5733 = DIRECTION('',(0.,0.707106781187,0.707106781187));
#5734 = DEFINITIONAL_REPRESENTATION('',(#5735),#5739);
#5735 = LINE('',#5736,#5737);
#5736 = CARTESIAN_POINT('',(5.497787143782,0.));
#5737 = VECTOR('',#5738,1.);
#5738 = DIRECTION('',(0.,-1.));
#5739 = ( GEOMETRIC_REPRESENTATION_CONTEXT(2) 
PARAMETRIC_REPRESENTATION_CONTEXT() REPRESENTATION_CONTEXT('2D SPACE',''
  ) );
#5740 = ORIENTED_EDGE('',*,*,#5741,.F.);
#5741 = EDGE_CURVE('',#5742,#5712,#5744,.T.);
#5742 = VERTEX_POINT('',#5743);
#5743 = CARTESIAN_POINT('',(-45.,2.6,22.5));
#5744 = SURFACE_CURVE('',#5745,(#5750,#5757),.PCURVE_S1.);
#5745 = CIRCLE('',#5746,2.6);
#5746 = AXIS2_PLACEMENT_3D('',#5747,#5748,#5749);
#5747 = CARTESIAN_POINT('',(-45.,0.,22.5));
#5748 = DIRECTION('',(0.,0.,1.));
#5749 = DIRECTION('',(-1.,6.123233995737E-17,0.));
#5750 = PCURVE('',#4554,#5751);
#5751 = DEFINITIONAL_REPRESENTATION('',(#5752),#5756);
#5752 = CIRCLE('',#5753,2.6);
#5753 = AXIS2_PLACEMENT_2D('',#5754,#5755);
#5754 = CARTESIAN_POINT('',(5.,0.));
#5755 = DIRECTION('',(-1.,6.123233995737E-17));
#5756 = ( GEOMETRIC_REPRESENTATION_CONTEXT(2) 
PARAMETRIC_REPRESENTATION_CONTEXT() REPRESENTATION_CONTEXT('2D SPACE',''
  ) );
#5757 = PCURVE('',#5758,#5763);
#5758 = TOROIDAL_SURFACE('',#5759,2.6,0.1);
#5759 = AXIS2_PLACEMENT_3D('',#5760,#5761,#5762);
#5760 = CARTESIAN_POINT('',(-45.,0.,22.4));
#5761 = DIRECTION('',(0.,0.,-1.));
#5762 = DIRECTION('',(-1.,0.,0.));
#5763 = DEFINITIONAL_REPRESENTATION('',(#5764),#5768);
#5764 = LINE('',#5765,#5766);
#5765 = CARTESIAN_POINT('',(12.566370614359,4.712388980385));
#5766 = VECTOR('',#5767,1.);
#5767 = DIRECTION('',(-1.,0.));
#5768 = ( GEOMETRIC_REPRESENTATION_CONTEXT(2) 
PARAMETRIC_REPRESENTATION_CONTEXT() REPRESENTATION_CONTEXT('2D SPACE',''
  ) );
#5769 = ORIENTED_EDGE('',*,*,#5770,.F.);
#5770 = EDGE_CURVE('',#5771,#5742,#5773,.T.);
#5771 = VERTEX_POINT('',#5772);
#5772 = CARTESIAN_POINT('',(-20.,2.6,22.5));
#5773 = SURFACE_CURVE('',#5774,(#5778,#5785),.PCURVE_S1.);
#5774 = LINE('',#5775,#5776);
#5775 = CARTESIAN_POINT('',(-47.5,2.6,22.5));
#5776 = VECTOR('',#5777,1.);
#5777 = DIRECTION('',(-1.,0.,0.));
#5778 = PCURVE('',#4554,#5779);
#5779 = DEFINITIONAL_REPRESENTATION('',(#5780),#5784);
#5780 = LINE('',#5781,#5782);
#5781 = CARTESIAN_POINT('',(2.5,2.6));
#5782 = VECTOR('',#5783,1.);
#5783 = DIRECTION('',(-1.,0.));
#5784 = ( GEOMETRIC_REPRESENTATION_CONTEXT(2) 
PARAMETRIC_REPRESENTATION_CONTEXT() REPRESENTATION_CONTEXT('2D SPACE',''
  ) );
#5785 = PCURVE('',#5786,#5791);
#5786 = CYLINDRICAL_SURFACE('',#5787,0.1);
#5787 = AXIS2_PLACEMENT_3D('',#5788,#5789,#5790);
#5788 = CARTESIAN_POINT('',(-47.5,2.6,22.4));
#5789 = DIRECTION('',(1.,0.,0.));
#5790 = DIRECTION('',(0.,-0.707106781187,0.707106781187));
#5791 = DEFINITIONAL_REPRESENTATION('',(#5792),#5796);
#5792 = LINE('',#5793,#5794);
#5793 = CARTESIAN_POINT('',(5.497787143782,0.));
#5794 = VECTOR('',#5795,1.);
#5795 = DIRECTION('',(0.,-1.));
#5796 = ( GEOMETRIC_REPRESENTATION_CONTEXT(2) 
PARAMETRIC_REPRESENTATION_CONTEXT() REPRESENTATION_CONTEXT('2D SPACE',''
  ) );
#5797 = ORIENTED_EDGE('',*,*,#5798,.F.);
#5798 = EDGE_CURVE('',#5714,#5771,#5799,.T.);
#5799 = SURFACE_CURVE('',#5800,(#5805,#5812),.PCURVE_S1.);
#5800 = CIRCLE('',#5801,2.6);
#5801 = AXIS2_PLACEMENT_3D('',#5802,#5803,#5804);
#5802 = CARTESIAN_POINT('',(-20.,0.,22.5));
#5803 = DIRECTION('',(0.,0.,1.));
#5804 = DIRECTION('',(1.,-6.123233995737E-17,0.));
#5805 = PCURVE('',#4554,#5806);
#5806 = DEFINITIONAL_REPRESENTATION('',(#5807),#5811);
#5807 = CIRCLE('',#5808,2.6);
#5808 = AXIS2_PLACEMENT_2D('',#5809,#5810);
#5809 = CARTESIAN_POINT('',(30.,0.));
#5810 = DIRECTION('',(1.,-6.123233995737E-17));
#5811 = ( GEOMETRIC_REPRESENTATION_CONTEXT(2) 
PARAMETRIC_REPRESENTATION_CONTEXT() REPRESENTATION_CONTEXT('2D SPACE',''
  ) );
#5812 = PCURVE('',#5813,#5818);
#5813 = TOROIDAL_SURFACE('',#5814,2.6,0.1);
#5814 = AXIS2_PLACEMENT_3D('',#5815,#5816,#5817);
#5815 = CARTESIAN_POINT('',(-20.,0.,22.4));
#5816 = DIRECTION('',(0.,0.,-1.));
#5817 = DIRECTION('',(1.,-1.224646799147E-16,0.));
#5818 = DEFINITIONAL_REPRESENTATION('',(#5819),#5823);
#5819 = LINE('',#5820,#5821);
#5820 = CARTESIAN_POINT('',(12.566370614359,4.712388980385));
#5821 = VECTOR('',#5822,1.);
#5822 = DIRECTION('',(-1.,0.));
#5823 = ( GEOMETRIC_REPRESENTATION_CONTEXT(2) 
PARAMETRIC_REPRESENTATION_CONTEXT() REPRESENTATION_CONTEXT('2D SPACE',''
  ) );
#5824 = FACE_BOUND('',#5825,.T.);
#5825 = EDGE_LOOP('',(#5826));
#5826 = ORIENTED_EDGE('',*,*,#5827,.T.);
#5827 = EDGE_CURVE('',#5828,#5828,#5830,.T.);
#5828 = VERTEX_POINT('',#5829);
#5829 = CARTESIAN_POINT('',(42.5,-3.061616997868E-16,22.5));
#5830 = SURFACE_CURVE('',#5831,(#5836,#5847),.PCURVE_S1.);
#5831 = CIRCLE('',#5832,2.5);
#5832 = AXIS2_PLACEMENT_3D('',#5833,#5834,#5835);
#5833 = CARTESIAN_POINT('',(45.,0.,22.5));
#5834 = DIRECTION('',(0.,0.,-1.));
#5835 = DIRECTION('',(1.,0.,0.));
#5836 = PCURVE('',#4554,#5837);
#5837 = DEFINITIONAL_REPRESENTATION('',(#5838),#5846);
#5838 = ( BOUNDED_CURVE() B_SPLINE_CURVE(2,(#5839,#5840,#5841,#5842,
#5843,#5844,#5845),.UNSPECIFIED.,.T.,.F.) B_SPLINE_CURVE_WITH_KNOTS((1,2
    ,2,2,2,1),(-2.094395102393,0.,2.094395102393,4.188790204786,
6.28318530718,8.377580409573),.UNSPECIFIED.) CURVE() 
GEOMETRIC_REPRESENTATION_ITEM() RATIONAL_B_SPLINE_CURVE((1.,0.5,1.,0.5,
1.,0.5,1.)) REPRESENTATION_ITEM('') );
#5839 = CARTESIAN_POINT('',(97.5,0.));
#5840 = CARTESIAN_POINT('',(97.5,-4.330127018922));
#5841 = CARTESIAN_POINT('',(93.75,-2.165063509461));
#5842 = CARTESIAN_POINT('',(90.,-6.123233995737E-16));
#5843 = CARTESIAN_POINT('',(93.75,2.165063509461));
#5844 = CARTESIAN_POINT('',(97.5,4.330127018922));
#5845 = CARTESIAN_POINT('',(97.5,0.));
#5846 = ( GEOMETRIC_REPRESENTATION_CONTEXT(2) 
PARAMETRIC_REPRESENTATION_CONTEXT() REPRESENTATION_CONTEXT('2D SPACE',''
  ) );
#5847 = PCURVE('',#5848,#5853);
#5848 = CYLINDRICAL_SURFACE('',#5849,2.5);
#5849 = AXIS2_PLACEMENT_3D('',#5850,#5851,#5852);
#5850 = CARTESIAN_POINT('',(45.,0.,0.));
#5851 = DIRECTION('',(0.,0.,-1.));
#5852 = DIRECTION('',(1.,0.,0.));
#5853 = DEFINITIONAL_REPRESENTATION('',(#5854),#5858);
#5854 = LINE('',#5855,#5856);
#5855 = CARTESIAN_POINT('',(0.,-22.5));
#5856 = VECTOR('',#5857,1.);
#5857 = DIRECTION('',(1.,0.));
#5858 = ( GEOMETRIC_REPRESENTATION_CONTEXT(2) 
PARAMETRIC_REPRESENTATION_CONTEXT() REPRESENTATION_CONTEXT('2D SPACE',''
  ) );
#5859 = ADVANCED_FACE('',(#5860),#4527,.T.);
#5860 = FACE_BOUND('',#5861,.T.);
#5861 = EDGE_LOOP('',(#5862,#5863,#5864,#5865));
#5862 = ORIENTED_EDGE('',*,*,#5102,.F.);
#5863 = ORIENTED_EDGE('',*,*,#5634,.F.);
#5864 = ORIENTED_EDGE('',*,*,#4513,.F.);
#5865 = ORIENTED_EDGE('',*,*,#5154,.F.);
#5866 = ADVANCED_FACE('',(#5867),#5141,.T.);
#5867 = FACE_BOUND('',#5868,.T.);
#5868 = EDGE_LOOP('',(#5869,#5870,#5871,#5872));
#5869 = ORIENTED_EDGE('',*,*,#5127,.F.);
#5870 = ORIENTED_EDGE('',*,*,#5466,.F.);
#5871 = ORIENTED_EDGE('',*,*,#5419,.F.);
#5872 = ORIENTED_EDGE('',*,*,#5372,.F.);
#5873 = ADVANCED_FACE('',(#5874,#5880,#5996),#5089,.T.);
#5874 = FACE_BOUND('',#5875,.T.);
#5875 = EDGE_LOOP('',(#5876,#5877,#5878,#5879));
#5876 = ORIENTED_EDGE('',*,*,#5347,.F.);
#5877 = ORIENTED_EDGE('',*,*,#5587,.F.);
#5878 = ORIENTED_EDGE('',*,*,#5075,.F.);
#5879 = ORIENTED_EDGE('',*,*,#5394,.F.);
#5880 = FACE_BOUND('',#5881,.T.);
#5881 = EDGE_LOOP('',(#5882,#5912,#5941,#5969));
#5882 = ORIENTED_EDGE('',*,*,#5883,.F.);
#5883 = EDGE_CURVE('',#5884,#5886,#5888,.T.);
#5884 = VERTEX_POINT('',#5885);
#5885 = CARTESIAN_POINT('',(-45.,2.6,-22.5));
#5886 = VERTEX_POINT('',#5887);
#5887 = CARTESIAN_POINT('',(-20.,2.6,-22.5));
#5888 = SURFACE_CURVE('',#5889,(#5893,#5900),.PCURVE_S1.);
#5889 = LINE('',#5890,#5891);
#5890 = CARTESIAN_POINT('',(2.5,2.6,-22.5));
#5891 = VECTOR('',#5892,1.);
#5892 = DIRECTION('',(1.,0.,0.));
#5893 = PCURVE('',#5089,#5894);
#5894 = DEFINITIONAL_REPRESENTATION('',(#5895),#5899);
#5895 = LINE('',#5896,#5897);
#5896 = CARTESIAN_POINT('',(47.5,2.6));
#5897 = VECTOR('',#5898,1.);
#5898 = DIRECTION('',(-1.,0.));
#5899 = ( GEOMETRIC_REPRESENTATION_CONTEXT(2) 
PARAMETRIC_REPRESENTATION_CONTEXT() REPRESENTATION_CONTEXT('2D SPACE',''
  ) );
#5900 = PCURVE('',#5901,#5906);
#5901 = CYLINDRICAL_SURFACE('',#5902,0.1);
#5902 = AXIS2_PLACEMENT_3D('',#5903,#5904,#5905);
#5903 = CARTESIAN_POINT('',(2.5,2.6,-22.4));
#5904 = DIRECTION('',(-1.,0.,0.));
#5905 = DIRECTION('',(-0.,-0.707106781187,-0.707106781187));
#5906 = DEFINITIONAL_REPRESENTATION('',(#5907),#5911);
#5907 = LINE('',#5908,#5909);
#5908 = CARTESIAN_POINT('',(5.497787143782,0.));
#5909 = VECTOR('',#5910,1.);
#5910 = DIRECTION('',(0.,-1.));
#5911 = ( GEOMETRIC_REPRESENTATION_CONTEXT(2) 
PARAMETRIC_REPRESENTATION_CONTEXT() REPRESENTATION_CONTEXT('2D SPACE',''
  ) );
#5912 = ORIENTED_EDGE('',*,*,#5913,.F.);
#5913 = EDGE_CURVE('',#5914,#5884,#5916,.T.);
#5914 = VERTEX_POINT('',#5915);
#5915 = CARTESIAN_POINT('',(-45.,-2.6,-22.5));
#5916 = SURFACE_CURVE('',#5917,(#5922,#5929),.PCURVE_S1.);
#5917 = CIRCLE('',#5918,2.6);
#5918 = AXIS2_PLACEMENT_3D('',#5919,#5920,#5921);
#5919 = CARTESIAN_POINT('',(-45.,0.,-22.5));
#5920 = DIRECTION('',(0.,0.,-1.));
#5921 = DIRECTION('',(-1.,6.123233995737E-17,0.));
#5922 = PCURVE('',#5089,#5923);
#5923 = DEFINITIONAL_REPRESENTATION('',(#5924),#5928);
#5924 = CIRCLE('',#5925,2.6);
#5925 = AXIS2_PLACEMENT_2D('',#5926,#5927);
#5926 = CARTESIAN_POINT('',(95.,0.));
#5927 = DIRECTION('',(1.,6.123233995737E-17));
#5928 = ( GEOMETRIC_REPRESENTATION_CONTEXT(2) 
PARAMETRIC_REPRESENTATION_CONTEXT() REPRESENTATION_CONTEXT('2D SPACE',''
  ) );
#5929 = PCURVE('',#5930,#5935);
#5930 = TOROIDAL_SURFACE('',#5931,2.6,0.1);
#5931 = AXIS2_PLACEMENT_3D('',#5932,#5933,#5934);
#5932 = CARTESIAN_POINT('',(-45.,0.,-22.4));
#5933 = DIRECTION('',(0.,0.,1.));
#5934 = DIRECTION('',(-1.,-1.224646799147E-16,0.));
#5935 = DEFINITIONAL_REPRESENTATION('',(#5936),#5940);
#5936 = LINE('',#5937,#5938);
#5937 = CARTESIAN_POINT('',(12.566370614359,4.712388980385));
#5938 = VECTOR('',#5939,1.);
#5939 = DIRECTION('',(-1.,0.));
#5940 = ( GEOMETRIC_REPRESENTATION_CONTEXT(2) 
PARAMETRIC_REPRESENTATION_CONTEXT() REPRESENTATION_CONTEXT('2D SPACE',''
  ) );
#5941 = ORIENTED_EDGE('',*,*,#5942,.F.);
#5942 = EDGE_CURVE('',#5943,#5914,#5945,.T.);
#5943 = VERTEX_POINT('',#5944);
#5944 = CARTESIAN_POINT('',(-20.,-2.6,-22.5));
#5945 = SURFACE_CURVE('',#5946,(#5950,#5957),.PCURVE_S1.);
#5946 = LINE('',#5947,#5948);
#5947 = CARTESIAN_POINT('',(15.,-2.6,-22.5));
#5948 = VECTOR('',#5949,1.);
#5949 = DIRECTION('',(-1.,0.,0.));
#5950 = PCURVE('',#5089,#5951);
#5951 = DEFINITIONAL_REPRESENTATION('',(#5952),#5956);
#5952 = LINE('',#5953,#5954);
#5953 = CARTESIAN_POINT('',(35.,-2.6));
#5954 = VECTOR('',#5955,1.);
#5955 = DIRECTION('',(1.,0.));
#5956 = ( GEOMETRIC_REPRESENTATION_CONTEXT(2) 
PARAMETRIC_REPRESENTATION_CONTEXT() REPRESENTATION_CONTEXT('2D SPACE',''
  ) );
#5957 = PCURVE('',#5958,#5963);
#5958 = CYLINDRICAL_SURFACE('',#5959,0.1);
#5959 = AXIS2_PLACEMENT_3D('',#5960,#5961,#5962);
#5960 = CARTESIAN_POINT('',(15.,-2.6,-22.4));
#5961 = DIRECTION('',(1.,0.,0.));
#5962 = DIRECTION('',(0.,0.707106781187,-0.707106781187));
#5963 = DEFINITIONAL_REPRESENTATION('',(#5964),#5968);
#5964 = LINE('',#5965,#5966);
#5965 = CARTESIAN_POINT('',(5.497787143782,0.));
#5966 = VECTOR('',#5967,1.);
#5967 = DIRECTION('',(0.,-1.));
#5968 = ( GEOMETRIC_REPRESENTATION_CONTEXT(2) 
PARAMETRIC_REPRESENTATION_CONTEXT() REPRESENTATION_CONTEXT('2D SPACE',''
  ) );
#5969 = ORIENTED_EDGE('',*,*,#5970,.F.);
#5970 = EDGE_CURVE('',#5886,#5943,#5971,.T.);
#5971 = SURFACE_CURVE('',#5972,(#5977,#5984),.PCURVE_S1.);
#5972 = CIRCLE('',#5973,2.6);
#5973 = AXIS2_PLACEMENT_3D('',#5974,#5975,#5976);
#5974 = CARTESIAN_POINT('',(-20.,0.,-22.5));
#5975 = DIRECTION('',(0.,0.,-1.));
#5976 = DIRECTION('',(1.,-6.123233995737E-17,0.));
#5977 = PCURVE('',#5089,#5978);
#5978 = DEFINITIONAL_REPRESENTATION('',(#5979),#5983);
#5979 = CIRCLE('',#5980,2.6);
#5980 = AXIS2_PLACEMENT_2D('',#5981,#5982);
#5981 = CARTESIAN_POINT('',(70.,0.));
#5982 = DIRECTION('',(-1.,-6.123233995737E-17));
#5983 = ( GEOMETRIC_REPRESENTATION_CONTEXT(2) 
PARAMETRIC_REPRESENTATION_CONTEXT() REPRESENTATION_CONTEXT('2D SPACE',''
  ) );
#5984 = PCURVE('',#5985,#5990);
#5985 = TOROIDAL_SURFACE('',#5986,2.6,0.1);
#5986 = AXIS2_PLACEMENT_3D('',#5987,#5988,#5989);
#5987 = CARTESIAN_POINT('',(-20.,0.,-22.4));
#5988 = DIRECTION('',(0.,0.,1.));
#5989 = DIRECTION('',(1.,0.,-0.));
#5990 = DEFINITIONAL_REPRESENTATION('',(#5991),#5995);
#5991 = LINE('',#5992,#5993);
#5992 = CARTESIAN_POINT('',(12.566370614359,4.712388980385));
#5993 = VECTOR('',#5994,1.);
#5994 = DIRECTION('',(-1.,0.));
#5995 = ( GEOMETRIC_REPRESENTATION_CONTEXT(2) 
PARAMETRIC_REPRESENTATION_CONTEXT() REPRESENTATION_CONTEXT('2D SPACE',''
  ) );
#5996 = FACE_BOUND('',#5997,.T.);
#5997 = EDGE_LOOP('',(#5998));
#5998 = ORIENTED_EDGE('',*,*,#5999,.T.);
#5999 = EDGE_CURVE('',#6000,#6000,#6002,.T.);
#6000 = VERTEX_POINT('',#6001);
#6001 = CARTESIAN_POINT('',(42.5,-3.061616997868E-16,-22.5));
#6002 = SURFACE_CURVE('',#6003,(#6008,#6019),.PCURVE_S1.);
#6003 = CIRCLE('',#6004,2.5);
#6004 = AXIS2_PLACEMENT_3D('',#6005,#6006,#6007);
#6005 = CARTESIAN_POINT('',(45.,0.,-22.5));
#6006 = DIRECTION('',(0.,0.,1.));
#6007 = DIRECTION('',(1.,0.,-0.));
#6008 = PCURVE('',#5089,#6009);
#6009 = DEFINITIONAL_REPRESENTATION('',(#6010),#6018);
#6010 = ( BOUNDED_CURVE() B_SPLINE_CURVE(2,(#6011,#6012,#6013,#6014,
#6015,#6016,#6017),.UNSPECIFIED.,.T.,.F.) B_SPLINE_CURVE_WITH_KNOTS((1,2
    ,2,2,2,1),(-2.094395102393,0.,2.094395102393,4.188790204786,
6.28318530718,8.377580409573),.UNSPECIFIED.) CURVE() 
GEOMETRIC_REPRESENTATION_ITEM() RATIONAL_B_SPLINE_CURVE((1.,0.5,1.,0.5,
1.,0.5,1.)) REPRESENTATION_ITEM('') );
#6011 = CARTESIAN_POINT('',(2.5,0.));
#6012 = CARTESIAN_POINT('',(2.5,4.330127018922));
#6013 = CARTESIAN_POINT('',(6.25,2.165063509461));
#6014 = CARTESIAN_POINT('',(10.,6.123233995737E-16));
#6015 = CARTESIAN_POINT('',(6.25,-2.165063509461));
#6016 = CARTESIAN_POINT('',(2.5,-4.330127018922));
#6017 = CARTESIAN_POINT('',(2.5,0.));
#6018 = ( GEOMETRIC_REPRESENTATION_CONTEXT(2) 
PARAMETRIC_REPRESENTATION_CONTEXT() REPRESENTATION_CONTEXT('2D SPACE',''
  ) );
#6019 = PCURVE('',#5848,#6020);
#6020 = DEFINITIONAL_REPRESENTATION('',(#6021),#6025);
#6021 = LINE('',#6022,#6023);
#6022 = CARTESIAN_POINT('',(12.566370614359,22.5));
#6023 = VECTOR('',#6024,1.);
#6024 = DIRECTION('',(-1.,0.));
#6025 = ( GEOMETRIC_REPRESENTATION_CONTEXT(2) 
PARAMETRIC_REPRESENTATION_CONTEXT() REPRESENTATION_CONTEXT('2D SPACE',''
  ) );
#6026 = ADVANCED_FACE('',(#6027),#4886,.T.);
#6027 = FACE_BOUND('',#6028,.T.);
#6028 = EDGE_LOOP('',(#6029,#6030,#6031,#6032));
#6029 = ORIENTED_EDGE('',*,*,#5325,.F.);
#6030 = ORIENTED_EDGE('',*,*,#5441,.F.);
#6031 = ORIENTED_EDGE('',*,*,#4872,.F.);
#6032 = ORIENTED_EDGE('',*,*,#5540,.F.);
#6033 = ADVANCED_FACE('',(#6034),#5527,.T.);
#6034 = FACE_BOUND('',#6035,.T.);
#6035 = EDGE_LOOP('',(#6036,#6037,#6038,#6039));
#6036 = ORIENTED_EDGE('',*,*,#5513,.F.);
#6037 = ORIENTED_EDGE('',*,*,#5659,.F.);
#6038 = ORIENTED_EDGE('',*,*,#5612,.F.);
#6039 = ORIENTED_EDGE('',*,*,#5565,.F.);
#6040 = ADVANCED_FACE('',(#6041),#5901,.T.);
#6041 = FACE_BOUND('',#6042,.T.);
#6042 = EDGE_LOOP('',(#6043,#6067,#6095,#6117));
#6043 = ORIENTED_EDGE('',*,*,#6044,.T.);
#6044 = EDGE_CURVE('',#5886,#6045,#6047,.T.);
#6045 = VERTEX_POINT('',#6046);
#6046 = CARTESIAN_POINT('',(-20.,2.5,-22.4));
#6047 = SURFACE_CURVE('',#6048,(#6053,#6060),.PCURVE_S1.);
#6048 = CIRCLE('',#6049,0.1);
#6049 = AXIS2_PLACEMENT_3D('',#6050,#6051,#6052);
#6050 = CARTESIAN_POINT('',(-20.,2.6,-22.4));
#6051 = DIRECTION('',(-1.,0.,0.));
#6052 = DIRECTION('',(0.,0.,-1.));
#6053 = PCURVE('',#5901,#6054);
#6054 = DEFINITIONAL_REPRESENTATION('',(#6055),#6059);
#6055 = LINE('',#6056,#6057);
#6056 = CARTESIAN_POINT('',(5.497787143782,22.5));
#6057 = VECTOR('',#6058,1.);
#6058 = DIRECTION('',(1.,0.));
#6059 = ( GEOMETRIC_REPRESENTATION_CONTEXT(2) 
PARAMETRIC_REPRESENTATION_CONTEXT() REPRESENTATION_CONTEXT('2D SPACE',''
  ) );
#6060 = PCURVE('',#5985,#6061);
#6061 = DEFINITIONAL_REPRESENTATION('',(#6062),#6066);
#6062 = LINE('',#6063,#6064);
#6063 = CARTESIAN_POINT('',(7.853981633975,4.712388980385));
#6064 = VECTOR('',#6065,1.);
#6065 = DIRECTION('',(0.,-1.));
#6066 = ( GEOMETRIC_REPRESENTATION_CONTEXT(2) 
PARAMETRIC_REPRESENTATION_CONTEXT() REPRESENTATION_CONTEXT('2D SPACE',''
  ) );
#6067 = ORIENTED_EDGE('',*,*,#6068,.T.);
#6068 = EDGE_CURVE('',#6045,#6069,#6071,.T.);
#6069 = VERTEX_POINT('',#6070);
#6070 = CARTESIAN_POINT('',(-45.,2.5,-22.4));
#6071 = SURFACE_CURVE('',#6072,(#6076,#6083),.PCURVE_S1.);
#6072 = LINE('',#6073,#6074);
#6073 = CARTESIAN_POINT('',(2.5,2.5,-22.4));
#6074 = VECTOR('',#6075,1.);
#6075 = DIRECTION('',(-1.,0.,0.));
#6076 = PCURVE('',#5901,#6077);
#6077 = DEFINITIONAL_REPRESENTATION('',(#6078),#6082);
#6078 = LINE('',#6079,#6080);
#6079 = CARTESIAN_POINT('',(7.068583470577,0.));
#6080 = VECTOR('',#6081,1.);
#6081 = DIRECTION('',(0.,1.));
#6082 = ( GEOMETRIC_REPRESENTATION_CONTEXT(2) 
PARAMETRIC_REPRESENTATION_CONTEXT() REPRESENTATION_CONTEXT('2D SPACE',''
  ) );
#6083 = PCURVE('',#6084,#6089);
#6084 = PLANE('',#6085);
#6085 = AXIS2_PLACEMENT_3D('',#6086,#6087,#6088);
#6086 = CARTESIAN_POINT('',(-45.,2.5,0.));
#6087 = DIRECTION('',(0.,1.,0.));
#6088 = DIRECTION('',(1.,0.,0.));
#6089 = DEFINITIONAL_REPRESENTATION('',(#6090),#6094);
#6090 = LINE('',#6091,#6092);
#6091 = CARTESIAN_POINT('',(47.5,22.4));
#6092 = VECTOR('',#6093,1.);
#6093 = DIRECTION('',(-1.,0.));
#6094 = ( GEOMETRIC_REPRESENTATION_CONTEXT(2) 
PARAMETRIC_REPRESENTATION_CONTEXT() REPRESENTATION_CONTEXT('2D SPACE',''
  ) );
#6095 = ORIENTED_EDGE('',*,*,#6096,.T.);
#6096 = EDGE_CURVE('',#6069,#5884,#6097,.T.);
#6097 = SURFACE_CURVE('',#6098,(#6103,#6110),.PCURVE_S1.);
#6098 = CIRCLE('',#6099,0.1);
#6099 = AXIS2_PLACEMENT_3D('',#6100,#6101,#6102);
#6100 = CARTESIAN_POINT('',(-45.,2.6,-22.4));
#6101 = DIRECTION('',(1.,0.,0.));
#6102 = DIRECTION('',(0.,-1.,0.));
#6103 = PCURVE('',#5901,#6104);
#6104 = DEFINITIONAL_REPRESENTATION('',(#6105),#6109);
#6105 = LINE('',#6106,#6107);
#6106 = CARTESIAN_POINT('',(7.068583470577,47.5));
#6107 = VECTOR('',#6108,1.);
#6108 = DIRECTION('',(-1.,0.));
#6109 = ( GEOMETRIC_REPRESENTATION_CONTEXT(2) 
PARAMETRIC_REPRESENTATION_CONTEXT() REPRESENTATION_CONTEXT('2D SPACE',''
  ) );
#6110 = PCURVE('',#5930,#6111);
#6111 = DEFINITIONAL_REPRESENTATION('',(#6112),#6116);
#6112 = LINE('',#6113,#6114);
#6113 = CARTESIAN_POINT('',(4.712388980385,3.14159265359));
#6114 = VECTOR('',#6115,1.);
#6115 = DIRECTION('',(0.,1.));
#6116 = ( GEOMETRIC_REPRESENTATION_CONTEXT(2) 
PARAMETRIC_REPRESENTATION_CONTEXT() REPRESENTATION_CONTEXT('2D SPACE',''
  ) );
#6117 = ORIENTED_EDGE('',*,*,#5883,.T.);
#6118 = ADVANCED_FACE('',(#6119),#5930,.T.);
#6119 = FACE_BOUND('',#6120,.T.);
#6120 = EDGE_LOOP('',(#6121,#6145,#6146,#6147));
#6121 = ORIENTED_EDGE('',*,*,#6122,.T.);
#6122 = EDGE_CURVE('',#6123,#5914,#6125,.T.);
#6123 = VERTEX_POINT('',#6124);
#6124 = CARTESIAN_POINT('',(-45.,-2.5,-22.4));
#6125 = SURFACE_CURVE('',#6126,(#6131,#6138),.PCURVE_S1.);
#6126 = CIRCLE('',#6127,0.1);
#6127 = AXIS2_PLACEMENT_3D('',#6128,#6129,#6130);
#6128 = CARTESIAN_POINT('',(-45.,-2.6,-22.4));
#6129 = DIRECTION('',(-1.,0.,0.));
#6130 = DIRECTION('',(0.,1.,0.));
#6131 = PCURVE('',#5930,#6132);
#6132 = DEFINITIONAL_REPRESENTATION('',(#6133),#6137);
#6133 = LINE('',#6134,#6135);
#6134 = CARTESIAN_POINT('',(7.853981633975,3.14159265359));
#6135 = VECTOR('',#6136,1.);
#6136 = DIRECTION('',(0.,1.));
#6137 = ( GEOMETRIC_REPRESENTATION_CONTEXT(2) 
PARAMETRIC_REPRESENTATION_CONTEXT() REPRESENTATION_CONTEXT('2D SPACE',''
  ) );
#6138 = PCURVE('',#5958,#6139);
#6139 = DEFINITIONAL_REPRESENTATION('',(#6140),#6144);
#6140 = LINE('',#6141,#6142);
#6141 = CARTESIAN_POINT('',(7.068583470577,-60.));
#6142 = VECTOR('',#6143,1.);
#6143 = DIRECTION('',(-1.,0.));
#6144 = ( GEOMETRIC_REPRESENTATION_CONTEXT(2) 
PARAMETRIC_REPRESENTATION_CONTEXT() REPRESENTATION_CONTEXT('2D SPACE',''
  ) );
#6145 = ORIENTED_EDGE('',*,*,#5913,.T.);
#6146 = ORIENTED_EDGE('',*,*,#6096,.F.);
#6147 = ORIENTED_EDGE('',*,*,#6148,.T.);
#6148 = EDGE_CURVE('',#6069,#6123,#6149,.T.);
#6149 = SURFACE_CURVE('',#6150,(#6155,#6162),.PCURVE_S1.);
#6150 = CIRCLE('',#6151,2.5);
#6151 = AXIS2_PLACEMENT_3D('',#6152,#6153,#6154);
#6152 = CARTESIAN_POINT('',(-45.,0.,-22.4));
#6153 = DIRECTION('',(0.,0.,1.));
#6154 = DIRECTION('',(-1.,6.123233995737E-17,0.));
#6155 = PCURVE('',#5930,#6156);
#6156 = DEFINITIONAL_REPRESENTATION('',(#6157),#6161);
#6157 = LINE('',#6158,#6159);
#6158 = CARTESIAN_POINT('',(0.,3.14159265359));
#6159 = VECTOR('',#6160,1.);
#6160 = DIRECTION('',(1.,9.895059008998E-16));
#6161 = ( GEOMETRIC_REPRESENTATION_CONTEXT(2) 
PARAMETRIC_REPRESENTATION_CONTEXT() REPRESENTATION_CONTEXT('2D SPACE',''
  ) );
#6162 = PCURVE('',#6163,#6168);
#6163 = CYLINDRICAL_SURFACE('',#6164,2.5);
#6164 = AXIS2_PLACEMENT_3D('',#6165,#6166,#6167);
#6165 = CARTESIAN_POINT('',(-45.,0.,0.));
#6166 = DIRECTION('',(0.,0.,-1.));
#6167 = DIRECTION('',(0.,1.,0.));
#6168 = DEFINITIONAL_REPRESENTATION('',(#6169),#6173);
#6169 = LINE('',#6170,#6171);
#6170 = CARTESIAN_POINT('',(10.995574287564,22.4));
#6171 = VECTOR('',#6172,1.);
#6172 = DIRECTION('',(-1.,0.));
#6173 = ( GEOMETRIC_REPRESENTATION_CONTEXT(2) 
PARAMETRIC_REPRESENTATION_CONTEXT() REPRESENTATION_CONTEXT('2D SPACE',''
  ) );
#6174 = ADVANCED_FACE('',(#6175),#5958,.T.);
#6175 = FACE_BOUND('',#6176,.T.);
#6176 = EDGE_LOOP('',(#6177,#6201,#6202,#6203));
#6177 = ORIENTED_EDGE('',*,*,#6178,.T.);
#6178 = EDGE_CURVE('',#6179,#5943,#6181,.T.);
#6179 = VERTEX_POINT('',#6180);
#6180 = CARTESIAN_POINT('',(-20.,-2.5,-22.4));
#6181 = SURFACE_CURVE('',#6182,(#6187,#6194),.PCURVE_S1.);
#6182 = CIRCLE('',#6183,0.1);
#6183 = AXIS2_PLACEMENT_3D('',#6184,#6185,#6186);
#6184 = CARTESIAN_POINT('',(-20.,-2.6,-22.4));
#6185 = DIRECTION('',(-1.,0.,0.));
#6186 = DIRECTION('',(0.,1.,0.));
#6187 = PCURVE('',#5958,#6188);
#6188 = DEFINITIONAL_REPRESENTATION('',(#6189),#6193);
#6189 = LINE('',#6190,#6191);
#6190 = CARTESIAN_POINT('',(7.068583470577,-35.));
#6191 = VECTOR('',#6192,1.);
#6192 = DIRECTION('',(-1.,0.));
#6193 = ( GEOMETRIC_REPRESENTATION_CONTEXT(2) 
PARAMETRIC_REPRESENTATION_CONTEXT() REPRESENTATION_CONTEXT('2D SPACE',''
  ) );
#6194 = PCURVE('',#5985,#6195);
#6195 = DEFINITIONAL_REPRESENTATION('',(#6196),#6200);
#6196 = LINE('',#6197,#6198);
#6197 = CARTESIAN_POINT('',(4.712388980385,3.14159265359));
#6198 = VECTOR('',#6199,1.);
#6199 = DIRECTION('',(0.,1.));
#6200 = ( GEOMETRIC_REPRESENTATION_CONTEXT(2) 
PARAMETRIC_REPRESENTATION_CONTEXT() REPRESENTATION_CONTEXT('2D SPACE',''
  ) );
#6201 = ORIENTED_EDGE('',*,*,#5942,.T.);
#6202 = ORIENTED_EDGE('',*,*,#6122,.F.);
#6203 = ORIENTED_EDGE('',*,*,#6204,.T.);
#6204 = EDGE_CURVE('',#6123,#6179,#6205,.T.);
#6205 = SURFACE_CURVE('',#6206,(#6210,#6217),.PCURVE_S1.);
#6206 = LINE('',#6207,#6208);
#6207 = CARTESIAN_POINT('',(15.,-2.5,-22.4));
#6208 = VECTOR('',#6209,1.);
#6209 = DIRECTION('',(1.,0.,0.));
#6210 = PCURVE('',#5958,#6211);
#6211 = DEFINITIONAL_REPRESENTATION('',(#6212),#6216);
#6212 = LINE('',#6213,#6214);
#6213 = CARTESIAN_POINT('',(7.068583470577,0.));
#6214 = VECTOR('',#6215,1.);
#6215 = DIRECTION('',(0.,1.));
#6216 = ( GEOMETRIC_REPRESENTATION_CONTEXT(2) 
PARAMETRIC_REPRESENTATION_CONTEXT() REPRESENTATION_CONTEXT('2D SPACE',''
  ) );
#6217 = PCURVE('',#6218,#6223);
#6218 = PLANE('',#6219);
#6219 = AXIS2_PLACEMENT_3D('',#6220,#6221,#6222);
#6220 = CARTESIAN_POINT('',(-20.,-2.5,0.));
#6221 = DIRECTION('',(0.,-1.,0.));
#6222 = DIRECTION('',(-1.,0.,0.));
#6223 = DEFINITIONAL_REPRESENTATION('',(#6224),#6228);
#6224 = LINE('',#6225,#6226);
#6225 = CARTESIAN_POINT('',(-35.,22.4));
#6226 = VECTOR('',#6227,1.);
#6227 = DIRECTION('',(-1.,-0.));
#6228 = ( GEOMETRIC_REPRESENTATION_CONTEXT(2) 
PARAMETRIC_REPRESENTATION_CONTEXT() REPRESENTATION_CONTEXT('2D SPACE',''
  ) );
#6229 = ADVANCED_FACE('',(#6230),#5985,.T.);
#6230 = FACE_BOUND('',#6231,.T.);
#6231 = EDGE_LOOP('',(#6232,#6233,#6234,#6235));
#6232 = ORIENTED_EDGE('',*,*,#6044,.F.);
#6233 = ORIENTED_EDGE('',*,*,#5970,.T.);
#6234 = ORIENTED_EDGE('',*,*,#6178,.F.);
#6235 = ORIENTED_EDGE('',*,*,#6236,.T.);
#6236 = EDGE_CURVE('',#6179,#6045,#6237,.T.);
#6237 = SURFACE_CURVE('',#6238,(#6243,#6250),.PCURVE_S1.);
#6238 = CIRCLE('',#6239,2.5);
#6239 = AXIS2_PLACEMENT_3D('',#6240,#6241,#6242);
#6240 = CARTESIAN_POINT('',(-20.,0.,-22.4));
#6241 = DIRECTION('',(0.,0.,1.));
#6242 = DIRECTION('',(1.,-6.123233995737E-17,0.));
#6243 = PCURVE('',#5985,#6244);
#6244 = DEFINITIONAL_REPRESENTATION('',(#6245),#6249);
#6245 = LINE('',#6246,#6247);
#6246 = CARTESIAN_POINT('',(0.,3.14159265359));
#6247 = VECTOR('',#6248,1.);
#6248 = DIRECTION('',(1.,9.895059008998E-16));
#6249 = ( GEOMETRIC_REPRESENTATION_CONTEXT(2) 
PARAMETRIC_REPRESENTATION_CONTEXT() REPRESENTATION_CONTEXT('2D SPACE',''
  ) );
#6250 = PCURVE('',#6251,#6256);
#6251 = CYLINDRICAL_SURFACE('',#6252,2.5);
#6252 = AXIS2_PLACEMENT_3D('',#6253,#6254,#6255);
#6253 = CARTESIAN_POINT('',(-20.,0.,0.));
#6254 = DIRECTION('',(0.,0.,-1.));
#6255 = DIRECTION('',(0.,-1.,0.));
#6256 = DEFINITIONAL_REPRESENTATION('',(#6257),#6261);
#6257 = LINE('',#6258,#6259);
#6258 = CARTESIAN_POINT('',(10.995574287564,22.4));
#6259 = VECTOR('',#6260,1.);
#6260 = DIRECTION('',(-1.,0.));
#6261 = ( GEOMETRIC_REPRESENTATION_CONTEXT(2) 
PARAMETRIC_REPRESENTATION_CONTEXT() REPRESENTATION_CONTEXT('2D SPACE',''
  ) );
#6262 = ADVANCED_FACE('',(#6263),#6163,.F.);
#6263 = FACE_BOUND('',#6264,.F.);
#6264 = EDGE_LOOP('',(#6265,#6288,#6312,#6333));
#6265 = ORIENTED_EDGE('',*,*,#6266,.T.);
#6266 = EDGE_CURVE('',#6123,#6267,#6269,.T.);
#6267 = VERTEX_POINT('',#6268);
#6268 = CARTESIAN_POINT('',(-45.,-2.5,22.4));
#6269 = SURFACE_CURVE('',#6270,(#6274,#6281),.PCURVE_S1.);
#6270 = LINE('',#6271,#6272);
#6271 = CARTESIAN_POINT('',(-45.,-2.5,0.));
#6272 = VECTOR('',#6273,1.);
#6273 = DIRECTION('',(0.,0.,1.));
#6274 = PCURVE('',#6163,#6275);
#6275 = DEFINITIONAL_REPRESENTATION('',(#6276),#6280);
#6276 = LINE('',#6277,#6278);
#6277 = CARTESIAN_POINT('',(3.14159265359,0.));
#6278 = VECTOR('',#6279,1.);
#6279 = DIRECTION('',(0.,-1.));
#6280 = ( GEOMETRIC_REPRESENTATION_CONTEXT(2) 
PARAMETRIC_REPRESENTATION_CONTEXT() REPRESENTATION_CONTEXT('2D SPACE',''
  ) );
#6281 = PCURVE('',#6218,#6282);
#6282 = DEFINITIONAL_REPRESENTATION('',(#6283),#6287);
#6283 = LINE('',#6284,#6285);
#6284 = CARTESIAN_POINT('',(25.,0.));
#6285 = VECTOR('',#6286,1.);
#6286 = DIRECTION('',(0.,-1.));
#6287 = ( GEOMETRIC_REPRESENTATION_CONTEXT(2) 
PARAMETRIC_REPRESENTATION_CONTEXT() REPRESENTATION_CONTEXT('2D SPACE',''
  ) );
#6288 = ORIENTED_EDGE('',*,*,#6289,.T.);
#6289 = EDGE_CURVE('',#6267,#6290,#6292,.T.);
#6290 = VERTEX_POINT('',#6291);
#6291 = CARTESIAN_POINT('',(-45.,2.5,22.4));
#6292 = SURFACE_CURVE('',#6293,(#6298,#6305),.PCURVE_S1.);
#6293 = CIRCLE('',#6294,2.5);
#6294 = AXIS2_PLACEMENT_3D('',#6295,#6296,#6297);
#6295 = CARTESIAN_POINT('',(-45.,0.,22.4));
#6296 = DIRECTION('',(0.,0.,-1.));
#6297 = DIRECTION('',(-1.,6.123233995737E-17,0.));
#6298 = PCURVE('',#6163,#6299);
#6299 = DEFINITIONAL_REPRESENTATION('',(#6300),#6304);
#6300 = LINE('',#6301,#6302);
#6301 = CARTESIAN_POINT('',(-1.570796326795,-22.4));
#6302 = VECTOR('',#6303,1.);
#6303 = DIRECTION('',(1.,0.));
#6304 = ( GEOMETRIC_REPRESENTATION_CONTEXT(2) 
PARAMETRIC_REPRESENTATION_CONTEXT() REPRESENTATION_CONTEXT('2D SPACE',''
  ) );
#6305 = PCURVE('',#5758,#6306);
#6306 = DEFINITIONAL_REPRESENTATION('',(#6307),#6311);
#6307 = LINE('',#6308,#6309);
#6308 = CARTESIAN_POINT('',(0.,3.14159265359));
#6309 = VECTOR('',#6310,1.);
#6310 = DIRECTION('',(1.,9.895059008998E-16));
#6311 = ( GEOMETRIC_REPRESENTATION_CONTEXT(2) 
PARAMETRIC_REPRESENTATION_CONTEXT() REPRESENTATION_CONTEXT('2D SPACE',''
  ) );
#6312 = ORIENTED_EDGE('',*,*,#6313,.T.);
#6313 = EDGE_CURVE('',#6290,#6069,#6314,.T.);
#6314 = SURFACE_CURVE('',#6315,(#6319,#6326),.PCURVE_S1.);
#6315 = LINE('',#6316,#6317);
#6316 = CARTESIAN_POINT('',(-45.,2.5,0.));
#6317 = VECTOR('',#6318,1.);
#6318 = DIRECTION('',(0.,0.,-1.));
#6319 = PCURVE('',#6163,#6320);
#6320 = DEFINITIONAL_REPRESENTATION('',(#6321),#6325);
#6321 = LINE('',#6322,#6323);
#6322 = CARTESIAN_POINT('',(6.28318530718,0.));
#6323 = VECTOR('',#6324,1.);
#6324 = DIRECTION('',(0.,1.));
#6325 = ( GEOMETRIC_REPRESENTATION_CONTEXT(2) 
PARAMETRIC_REPRESENTATION_CONTEXT() REPRESENTATION_CONTEXT('2D SPACE',''
  ) );
#6326 = PCURVE('',#6084,#6327);
#6327 = DEFINITIONAL_REPRESENTATION('',(#6328),#6332);
#6328 = LINE('',#6329,#6330);
#6329 = CARTESIAN_POINT('',(0.,0.));
#6330 = VECTOR('',#6331,1.);
#6331 = DIRECTION('',(0.,1.));
#6332 = ( GEOMETRIC_REPRESENTATION_CONTEXT(2) 
PARAMETRIC_REPRESENTATION_CONTEXT() REPRESENTATION_CONTEXT('2D SPACE',''
  ) );
#6333 = ORIENTED_EDGE('',*,*,#6148,.T.);
#6334 = ADVANCED_FACE('',(#6335),#6084,.F.);
#6335 = FACE_BOUND('',#6336,.T.);
#6336 = EDGE_LOOP('',(#6337,#6338,#6361,#6382));
#6337 = ORIENTED_EDGE('',*,*,#6068,.F.);
#6338 = ORIENTED_EDGE('',*,*,#6339,.T.);
#6339 = EDGE_CURVE('',#6045,#6340,#6342,.T.);
#6340 = VERTEX_POINT('',#6341);
#6341 = CARTESIAN_POINT('',(-20.,2.5,22.4));
#6342 = SURFACE_CURVE('',#6343,(#6347,#6354),.PCURVE_S1.);
#6343 = LINE('',#6344,#6345);
#6344 = CARTESIAN_POINT('',(-20.,2.5,0.));
#6345 = VECTOR('',#6346,1.);
#6346 = DIRECTION('',(0.,0.,1.));
#6347 = PCURVE('',#6084,#6348);
#6348 = DEFINITIONAL_REPRESENTATION('',(#6349),#6353);
#6349 = LINE('',#6350,#6351);
#6350 = CARTESIAN_POINT('',(25.,0.));
#6351 = VECTOR('',#6352,1.);
#6352 = DIRECTION('',(0.,-1.));
#6353 = ( GEOMETRIC_REPRESENTATION_CONTEXT(2) 
PARAMETRIC_REPRESENTATION_CONTEXT() REPRESENTATION_CONTEXT('2D SPACE',''
  ) );
#6354 = PCURVE('',#6251,#6355);
#6355 = DEFINITIONAL_REPRESENTATION('',(#6356),#6360);
#6356 = LINE('',#6357,#6358);
#6357 = CARTESIAN_POINT('',(3.14159265359,0.));
#6358 = VECTOR('',#6359,1.);
#6359 = DIRECTION('',(0.,-1.));
#6360 = ( GEOMETRIC_REPRESENTATION_CONTEXT(2) 
PARAMETRIC_REPRESENTATION_CONTEXT() REPRESENTATION_CONTEXT('2D SPACE',''
  ) );
#6361 = ORIENTED_EDGE('',*,*,#6362,.F.);
#6362 = EDGE_CURVE('',#6290,#6340,#6363,.T.);
#6363 = SURFACE_CURVE('',#6364,(#6368,#6375),.PCURVE_S1.);
#6364 = LINE('',#6365,#6366);
#6365 = CARTESIAN_POINT('',(-47.5,2.5,22.4));
#6366 = VECTOR('',#6367,1.);
#6367 = DIRECTION('',(1.,0.,0.));
#6368 = PCURVE('',#6084,#6369);
#6369 = DEFINITIONAL_REPRESENTATION('',(#6370),#6374);
#6370 = LINE('',#6371,#6372);
#6371 = CARTESIAN_POINT('',(-2.5,-22.4));
#6372 = VECTOR('',#6373,1.);
#6373 = DIRECTION('',(1.,0.));
#6374 = ( GEOMETRIC_REPRESENTATION_CONTEXT(2) 
PARAMETRIC_REPRESENTATION_CONTEXT() REPRESENTATION_CONTEXT('2D SPACE',''
  ) );
#6375 = PCURVE('',#5786,#6376);
#6376 = DEFINITIONAL_REPRESENTATION('',(#6377),#6381);
#6377 = LINE('',#6378,#6379);
#6378 = CARTESIAN_POINT('',(7.068583470577,0.));
#6379 = VECTOR('',#6380,1.);
#6380 = DIRECTION('',(0.,1.));
#6381 = ( GEOMETRIC_REPRESENTATION_CONTEXT(2) 
PARAMETRIC_REPRESENTATION_CONTEXT() REPRESENTATION_CONTEXT('2D SPACE',''
  ) );
#6382 = ORIENTED_EDGE('',*,*,#6313,.T.);
#6383 = ADVANCED_FACE('',(#6384),#5729,.T.);
#6384 = FACE_BOUND('',#6385,.T.);
#6385 = EDGE_LOOP('',(#6386,#6410,#6431,#6453));
#6386 = ORIENTED_EDGE('',*,*,#6387,.T.);
#6387 = EDGE_CURVE('',#5714,#6388,#6390,.T.);
#6388 = VERTEX_POINT('',#6389);
#6389 = CARTESIAN_POINT('',(-20.,-2.5,22.4));
#6390 = SURFACE_CURVE('',#6391,(#6396,#6403),.PCURVE_S1.);
#6391 = CIRCLE('',#6392,0.1);
#6392 = AXIS2_PLACEMENT_3D('',#6393,#6394,#6395);
#6393 = CARTESIAN_POINT('',(-20.,-2.6,22.4));
#6394 = DIRECTION('',(-1.,0.,0.));
#6395 = DIRECTION('',(0.,0.,1.));
#6396 = PCURVE('',#5729,#6397);
#6397 = DEFINITIONAL_REPRESENTATION('',(#6398),#6402);
#6398 = LINE('',#6399,#6400);
#6399 = CARTESIAN_POINT('',(5.497787143782,-15.));
#6400 = VECTOR('',#6401,1.);
#6401 = DIRECTION('',(1.,0.));
#6402 = ( GEOMETRIC_REPRESENTATION_CONTEXT(2) 
PARAMETRIC_REPRESENTATION_CONTEXT() REPRESENTATION_CONTEXT('2D SPACE',''
  ) );
#6403 = PCURVE('',#5813,#6404);
#6404 = DEFINITIONAL_REPRESENTATION('',(#6405),#6409);
#6405 = LINE('',#6406,#6407);
#6406 = CARTESIAN_POINT('',(7.853981633975,4.712388980385));
#6407 = VECTOR('',#6408,1.);
#6408 = DIRECTION('',(0.,-1.));
#6409 = ( GEOMETRIC_REPRESENTATION_CONTEXT(2) 
PARAMETRIC_REPRESENTATION_CONTEXT() REPRESENTATION_CONTEXT('2D SPACE',''
  ) );
#6410 = ORIENTED_EDGE('',*,*,#6411,.T.);
#6411 = EDGE_CURVE('',#6388,#6267,#6412,.T.);
#6412 = SURFACE_CURVE('',#6413,(#6417,#6424),.PCURVE_S1.);
#6413 = LINE('',#6414,#6415);
#6414 = CARTESIAN_POINT('',(-35.,-2.5,22.4));
#6415 = VECTOR('',#6416,1.);
#6416 = DIRECTION('',(-1.,0.,0.));
#6417 = PCURVE('',#5729,#6418);
#6418 = DEFINITIONAL_REPRESENTATION('',(#6419),#6423);
#6419 = LINE('',#6420,#6421);
#6420 = CARTESIAN_POINT('',(7.068583470577,0.));
#6421 = VECTOR('',#6422,1.);
#6422 = DIRECTION('',(0.,1.));
#6423 = ( GEOMETRIC_REPRESENTATION_CONTEXT(2) 
PARAMETRIC_REPRESENTATION_CONTEXT() REPRESENTATION_CONTEXT('2D SPACE',''
  ) );
#6424 = PCURVE('',#6218,#6425);
#6425 = DEFINITIONAL_REPRESENTATION('',(#6426),#6430);
#6426 = LINE('',#6427,#6428);
#6427 = CARTESIAN_POINT('',(15.,-22.4));
#6428 = VECTOR('',#6429,1.);
#6429 = DIRECTION('',(1.,0.));
#6430 = ( GEOMETRIC_REPRESENTATION_CONTEXT(2) 
PARAMETRIC_REPRESENTATION_CONTEXT() REPRESENTATION_CONTEXT('2D SPACE',''
  ) );
#6431 = ORIENTED_EDGE('',*,*,#6432,.T.);
#6432 = EDGE_CURVE('',#6267,#5712,#6433,.T.);
#6433 = SURFACE_CURVE('',#6434,(#6439,#6446),.PCURVE_S1.);
#6434 = CIRCLE('',#6435,0.1);
#6435 = AXIS2_PLACEMENT_3D('',#6436,#6437,#6438);
#6436 = CARTESIAN_POINT('',(-45.,-2.6,22.4));
#6437 = DIRECTION('',(1.,0.,0.));
#6438 = DIRECTION('',(-0.,1.,0.));
#6439 = PCURVE('',#5729,#6440);
#6440 = DEFINITIONAL_REPRESENTATION('',(#6441),#6445);
#6441 = LINE('',#6442,#6443);
#6442 = CARTESIAN_POINT('',(7.068583470577,10.));
#6443 = VECTOR('',#6444,1.);
#6444 = DIRECTION('',(-1.,0.));
#6445 = ( GEOMETRIC_REPRESENTATION_CONTEXT(2) 
PARAMETRIC_REPRESENTATION_CONTEXT() REPRESENTATION_CONTEXT('2D SPACE',''
  ) );
#6446 = PCURVE('',#5758,#6447);
#6447 = DEFINITIONAL_REPRESENTATION('',(#6448),#6452);
#6448 = LINE('',#6449,#6450);
#6449 = CARTESIAN_POINT('',(4.712388980385,3.14159265359));
#6450 = VECTOR('',#6451,1.);
#6451 = DIRECTION('',(0.,1.));
#6452 = ( GEOMETRIC_REPRESENTATION_CONTEXT(2) 
PARAMETRIC_REPRESENTATION_CONTEXT() REPRESENTATION_CONTEXT('2D SPACE',''
  ) );
#6453 = ORIENTED_EDGE('',*,*,#5711,.T.);
#6454 = ADVANCED_FACE('',(#6455),#5758,.T.);
#6455 = FACE_BOUND('',#6456,.T.);
#6456 = EDGE_LOOP('',(#6457,#6479,#6480,#6481));
#6457 = ORIENTED_EDGE('',*,*,#6458,.T.);
#6458 = EDGE_CURVE('',#6290,#5742,#6459,.T.);
#6459 = SURFACE_CURVE('',#6460,(#6465,#6472),.PCURVE_S1.);
#6460 = CIRCLE('',#6461,0.1);
#6461 = AXIS2_PLACEMENT_3D('',#6462,#6463,#6464);
#6462 = CARTESIAN_POINT('',(-45.,2.6,22.4));
#6463 = DIRECTION('',(-1.,0.,0.));
#6464 = DIRECTION('',(0.,-1.,0.));
#6465 = PCURVE('',#5758,#6466);
#6466 = DEFINITIONAL_REPRESENTATION('',(#6467),#6471);
#6467 = LINE('',#6468,#6469);
#6468 = CARTESIAN_POINT('',(7.853981633975,3.14159265359));
#6469 = VECTOR('',#6470,1.);
#6470 = DIRECTION('',(0.,1.));
#6471 = ( GEOMETRIC_REPRESENTATION_CONTEXT(2) 
PARAMETRIC_REPRESENTATION_CONTEXT() REPRESENTATION_CONTEXT('2D SPACE',''
  ) );
#6472 = PCURVE('',#5786,#6473);
#6473 = DEFINITIONAL_REPRESENTATION('',(#6474),#6478);
#6474 = LINE('',#6475,#6476);
#6475 = CARTESIAN_POINT('',(7.068583470577,2.5));
#6476 = VECTOR('',#6477,1.);
#6477 = DIRECTION('',(-1.,0.));
#6478 = ( GEOMETRIC_REPRESENTATION_CONTEXT(2) 
PARAMETRIC_REPRESENTATION_CONTEXT() REPRESENTATION_CONTEXT('2D SPACE',''
  ) );
#6479 = ORIENTED_EDGE('',*,*,#5741,.T.);
#6480 = ORIENTED_EDGE('',*,*,#6432,.F.);
#6481 = ORIENTED_EDGE('',*,*,#6289,.T.);
#6482 = ADVANCED_FACE('',(#6483),#5786,.T.);
#6483 = FACE_BOUND('',#6484,.T.);
#6484 = EDGE_LOOP('',(#6485,#6507,#6508,#6509));
#6485 = ORIENTED_EDGE('',*,*,#6486,.T.);
#6486 = EDGE_CURVE('',#6340,#5771,#6487,.T.);
#6487 = SURFACE_CURVE('',#6488,(#6493,#6500),.PCURVE_S1.);
#6488 = CIRCLE('',#6489,0.1);
#6489 = AXIS2_PLACEMENT_3D('',#6490,#6491,#6492);
#6490 = CARTESIAN_POINT('',(-20.,2.6,22.4));
#6491 = DIRECTION('',(-1.,0.,0.));
#6492 = DIRECTION('',(0.,-1.,0.));
#6493 = PCURVE('',#5786,#6494);
#6494 = DEFINITIONAL_REPRESENTATION('',(#6495),#6499);
#6495 = LINE('',#6496,#6497);
#6496 = CARTESIAN_POINT('',(7.068583470577,27.5));
#6497 = VECTOR('',#6498,1.);
#6498 = DIRECTION('',(-1.,0.));
#6499 = ( GEOMETRIC_REPRESENTATION_CONTEXT(2) 
PARAMETRIC_REPRESENTATION_CONTEXT() REPRESENTATION_CONTEXT('2D SPACE',''
  ) );
#6500 = PCURVE('',#5813,#6501);
#6501 = DEFINITIONAL_REPRESENTATION('',(#6502),#6506);
#6502 = LINE('',#6503,#6504);
#6503 = CARTESIAN_POINT('',(4.712388980385,3.14159265359));
#6504 = VECTOR('',#6505,1.);
#6505 = DIRECTION('',(0.,1.));
#6506 = ( GEOMETRIC_REPRESENTATION_CONTEXT(2) 
PARAMETRIC_REPRESENTATION_CONTEXT() REPRESENTATION_CONTEXT('2D SPACE',''
  ) );
#6507 = ORIENTED_EDGE('',*,*,#5770,.T.);
#6508 = ORIENTED_EDGE('',*,*,#6458,.F.);
#6509 = ORIENTED_EDGE('',*,*,#6362,.T.);
#6510 = ADVANCED_FACE('',(#6511),#5813,.T.);
#6511 = FACE_BOUND('',#6512,.T.);
#6512 = EDGE_LOOP('',(#6513,#6514,#6515,#6516));
#6513 = ORIENTED_EDGE('',*,*,#6387,.F.);
#6514 = ORIENTED_EDGE('',*,*,#5798,.T.);
#6515 = ORIENTED_EDGE('',*,*,#6486,.F.);
#6516 = ORIENTED_EDGE('',*,*,#6517,.T.);
#6517 = EDGE_CURVE('',#6340,#6388,#6518,.T.);
#6518 = SURFACE_CURVE('',#6519,(#6524,#6531),.PCURVE_S1.);
#6519 = CIRCLE('',#6520,2.5);
#6520 = AXIS2_PLACEMENT_3D('',#6521,#6522,#6523);
#6521 = CARTESIAN_POINT('',(-20.,0.,22.4));
#6522 = DIRECTION('',(0.,0.,-1.));
#6523 = DIRECTION('',(1.,-6.123233995737E-17,0.));
#6524 = PCURVE('',#5813,#6525);
#6525 = DEFINITIONAL_REPRESENTATION('',(#6526),#6530);
#6526 = LINE('',#6527,#6528);
#6527 = CARTESIAN_POINT('',(0.,3.14159265359));
#6528 = VECTOR('',#6529,1.);
#6529 = DIRECTION('',(1.,9.895059008998E-16));
#6530 = ( GEOMETRIC_REPRESENTATION_CONTEXT(2) 
PARAMETRIC_REPRESENTATION_CONTEXT() REPRESENTATION_CONTEXT('2D SPACE',''
  ) );
#6531 = PCURVE('',#6251,#6532);
#6532 = DEFINITIONAL_REPRESENTATION('',(#6533),#6537);
#6533 = LINE('',#6534,#6535);
#6534 = CARTESIAN_POINT('',(-1.570796326795,-22.4));
#6535 = VECTOR('',#6536,1.);
#6536 = DIRECTION('',(1.,0.));
#6537 = ( GEOMETRIC_REPRESENTATION_CONTEXT(2) 
PARAMETRIC_REPRESENTATION_CONTEXT() REPRESENTATION_CONTEXT('2D SPACE',''
  ) );
#6538 = ADVANCED_FACE('',(#6539),#6218,.F.);
#6539 = FACE_BOUND('',#6540,.T.);
#6540 = EDGE_LOOP('',(#6541,#6542,#6543,#6544));
#6541 = ORIENTED_EDGE('',*,*,#6204,.F.);
#6542 = ORIENTED_EDGE('',*,*,#6266,.T.);
#6543 = ORIENTED_EDGE('',*,*,#6411,.F.);
#6544 = ORIENTED_EDGE('',*,*,#6545,.F.);
#6545 = EDGE_CURVE('',#6179,#6388,#6546,.T.);
#6546 = SURFACE_CURVE('',#6547,(#6551,#6558),.PCURVE_S1.);
#6547 = LINE('',#6548,#6549);
#6548 = CARTESIAN_POINT('',(-20.,-2.5,0.));
#6549 = VECTOR('',#6550,1.);
#6550 = DIRECTION('',(0.,0.,1.));
#6551 = PCURVE('',#6218,#6552);
#6552 = DEFINITIONAL_REPRESENTATION('',(#6553),#6557);
#6553 = LINE('',#6554,#6555);
#6554 = CARTESIAN_POINT('',(0.,-0.));
#6555 = VECTOR('',#6556,1.);
#6556 = DIRECTION('',(0.,-1.));
#6557 = ( GEOMETRIC_REPRESENTATION_CONTEXT(2) 
PARAMETRIC_REPRESENTATION_CONTEXT() REPRESENTATION_CONTEXT('2D SPACE',''
  ) );
#6558 = PCURVE('',#6251,#6559);
#6559 = DEFINITIONAL_REPRESENTATION('',(#6560),#6564);
#6560 = LINE('',#6561,#6562);
#6561 = CARTESIAN_POINT('',(6.28318530718,0.));
#6562 = VECTOR('',#6563,1.);
#6563 = DIRECTION('',(0.,-1.));
#6564 = ( GEOMETRIC_REPRESENTATION_CONTEXT(2) 
PARAMETRIC_REPRESENTATION_CONTEXT() REPRESENTATION_CONTEXT('2D SPACE',''
  ) );
#6565 = ADVANCED_FACE('',(#6566),#5848,.F.);
#6566 = FACE_BOUND('',#6567,.F.);
#6567 = EDGE_LOOP('',(#6568,#6589,#6590,#6591));
#6568 = ORIENTED_EDGE('',*,*,#6569,.T.);
#6569 = EDGE_CURVE('',#5828,#6000,#6570,.T.);
#6570 = SEAM_CURVE('',#6571,(#6575,#6582),.PCURVE_S1.);
#6571 = LINE('',#6572,#6573);
#6572 = CARTESIAN_POINT('',(42.5,3.061616997868E-16,0.));
#6573 = VECTOR('',#6574,1.);
#6574 = DIRECTION('',(0.,0.,-1.));
#6575 = PCURVE('',#5848,#6576);
#6576 = DEFINITIONAL_REPRESENTATION('',(#6577),#6581);
#6577 = LINE('',#6578,#6579);
#6578 = CARTESIAN_POINT('',(9.42477796077,0.));
#6579 = VECTOR('',#6580,1.);
#6580 = DIRECTION('',(0.,1.));
#6581 = ( GEOMETRIC_REPRESENTATION_CONTEXT(2) 
PARAMETRIC_REPRESENTATION_CONTEXT() REPRESENTATION_CONTEXT('2D SPACE',''
  ) );
#6582 = PCURVE('',#5848,#6583);
#6583 = DEFINITIONAL_REPRESENTATION('',(#6584),#6588);
#6584 = LINE('',#6585,#6586);
#6585 = CARTESIAN_POINT('',(3.141592653589,0.));
#6586 = VECTOR('',#6587,1.);
#6587 = DIRECTION('',(0.,1.));
#6588 = ( GEOMETRIC_REPRESENTATION_CONTEXT(2) 
PARAMETRIC_REPRESENTATION_CONTEXT() REPRESENTATION_CONTEXT('2D SPACE',''
  ) );
#6589 = ORIENTED_EDGE('',*,*,#5999,.T.);
#6590 = ORIENTED_EDGE('',*,*,#6569,.F.);
#6591 = ORIENTED_EDGE('',*,*,#5827,.T.);
#6592 = ADVANCED_FACE('',(#6593),#6251,.F.);
#6593 = FACE_BOUND('',#6594,.F.);
#6594 = EDGE_LOOP('',(#6595,#6596,#6597,#6598));
#6595 = ORIENTED_EDGE('',*,*,#6339,.T.);
#6596 = ORIENTED_EDGE('',*,*,#6517,.T.);
#6597 = ORIENTED_EDGE('',*,*,#6545,.F.);
#6598 = ORIENTED_EDGE('',*,*,#6236,.T.);
#6599 = ( GEOMETRIC_REPRESENTATION_CONTEXT(3) 
GLOBAL_UNCERTAINTY_ASSIGNED_CONTEXT((#6603)) 
GLOBAL_UNIT_ASSIGNED_CONTEXT((#6600,#6601,#6602)) REPRESENTATION_CONTEXT
('Context #1','3D Context with UNIT and UNCERTAINTY') );
#6600 = ( LENGTH_UNIT() NAMED_UNIT(*) SI_UNIT(.MILLI.,.METRE.) );
#6601 = ( NAMED_UNIT(*) PLANE_ANGLE_UNIT() SI_UNIT($,.RADIAN.) );
#6602 = ( NAMED_UNIT(*) SI_UNIT($,.STERADIAN.) SOLID_ANGLE_UNIT() );
#6603 = UNCERTAINTY_MEASURE_WITH_UNIT(LENGTH_MEASURE(1.E-07),#6600,
  'distance_accuracy_value','confusion accuracy');
#6604 = CONTEXT_DEPENDENT_SHAPE_REPRESENTATION(#6605,#6607);
#6605 = ( REPRESENTATION_RELATIONSHIP('','',#3876,#10) 
REPRESENTATION_RELATIONSHIP_WITH_TRANSFORMATION(#6606) 
SHAPE_REPRESENTATION_RELATIONSHIP() );
#6606 = ITEM_DEFINED_TRANSFORMATION('','',#11,#27);
#6607 = PRODUCT_DEFINITION_SHAPE('Placement','Placement of an item',
  #6608);
#6608 = NEXT_ASSEMBLY_USAGE_OCCURRENCE('4','','',#5,#3871,$);
#6609 = PRODUCT_RELATED_PRODUCT_CATEGORY('part',$,(#3873));
#6610 = CONTEXT_DEPENDENT_SHAPE_REPRESENTATION(#6611,#6613);
#6611 = ( REPRESENTATION_RELATIONSHIP('','',#3618,#10) 
REPRESENTATION_RELATIONSHIP_WITH_TRANSFORMATION(#6612) 
SHAPE_REPRESENTATION_RELATIONSHIP() );
#6612 = ITEM_DEFINED_TRANSFORMATION('','',#11,#31);
#6613 = PRODUCT_DEFINITION_SHAPE('Placement','Placement of an item',
  #6614);
#6614 = NEXT_ASSEMBLY_USAGE_OCCURRENCE('5','','',#5,#3613,$);
#6615 = CONTEXT_DEPENDENT_SHAPE_REPRESENTATION(#6616,#6618);
#6616 = ( REPRESENTATION_RELATIONSHIP('','',#3618,#10) 
REPRESENTATION_RELATIONSHIP_WITH_TRANSFORMATION(#6617) 
SHAPE_REPRESENTATION_RELATIONSHIP() );
#6617 = ITEM_DEFINED_TRANSFORMATION('','',#11,#35);
#6618 = PRODUCT_DEFINITION_SHAPE('Placement','Placement of an item',
  #6619);
#6619 = NEXT_ASSEMBLY_USAGE_OCCURRENCE('6','','',#5,#3613,$);
#6620 = CONTEXT_DEPENDENT_SHAPE_REPRESENTATION(#6621,#6623);
#6621 = ( REPRESENTATION_RELATIONSHIP('','',#92,#10) 
REPRESENTATION_RELATIONSHIP_WITH_TRANSFORMATION(#6622) 
SHAPE_REPRESENTATION_RELATIONSHIP() );
#6622 = ITEM_DEFINED_TRANSFORMATION('','',#11,#39);
#6623 = PRODUCT_DEFINITION_SHAPE('Placement','Placement of an item',
  #6624);
#6624 = NEXT_ASSEMBLY_USAGE_OCCURRENCE('7','','',#5,#87,$);
#6625 = CONTEXT_DEPENDENT_SHAPE_REPRESENTATION(#6626,#6628);
#6626 = ( REPRESENTATION_RELATIONSHIP('','',#3497,#10) 
REPRESENTATION_RELATIONSHIP_WITH_TRANSFORMATION(#6627) 
SHAPE_REPRESENTATION_RELATIONSHIP() );
#6627 = ITEM_DEFINED_TRANSFORMATION('','',#11,#43);
#6628 = PRODUCT_DEFINITION_SHAPE('Placement','Placement of an item',
  #6629);
#6629 = NEXT_ASSEMBLY_USAGE_OCCURRENCE('8','','',#5,#3492,$);
#6630 = SHAPE_DEFINITION_REPRESENTATION(#6631,#6637);
#6631 = PRODUCT_DEFINITION_SHAPE('','',#6632);
#6632 = PRODUCT_DEFINITION('design','',#6633,#6636);
#6633 = PRODUCT_DEFINITION_FORMATION('','',#6634);
#6634 = PRODUCT('Open CASCADE STEP translator 7.9 1.9',
  'Open CASCADE STEP translator 7.9 1.9','',(#6635));
#6635 = PRODUCT_CONTEXT('',#2,'mechanical');
#6636 = PRODUCT_DEFINITION_CONTEXT('part definition',#2,'design');
#6637 = ADVANCED_BREP_SHAPE_REPRESENTATION('',(#11,#6638),#6972);
#6638 = MANIFOLD_SOLID_BREP('',#6639);
#6639 = CLOSED_SHELL('',(#6640,#6728,#6763,#6819,#6874,#6909,#6913,#6968
    ));
#6640 = ADVANCED_FACE('',(#6641),#6655,.T.);
#6641 = FACE_BOUND('',#6642,.T.);
#6642 = EDGE_LOOP('',(#6643,#6673,#6700,#6701));
#6643 = ORIENTED_EDGE('',*,*,#6644,.F.);
#6644 = EDGE_CURVE('',#6645,#6647,#6649,.T.);
#6645 = VERTEX_POINT('',#6646);
#6646 = CARTESIAN_POINT('',(40.343402058977,1.752975425788,
    27.303622515235));
#6647 = VERTEX_POINT('',#6648);
#6648 = CARTESIAN_POINT('',(40.343402058977,1.752975425788,-26.296));
#6649 = SEAM_CURVE('',#6650,(#6654,#6666),.PCURVE_S1.);
#6650 = LINE('',#6651,#6652);
#6651 = CARTESIAN_POINT('',(40.343402058977,1.752975425788,
    0.503622515235));
#6652 = VECTOR('',#6653,1.);
#6653 = DIRECTION('',(5.350801542449E-16,-1.108251166023E-16,-1.));
#6654 = PCURVE('',#6655,#6660);
#6655 = CYLINDRICAL_SURFACE('',#6656,2.4);
#6656 = AXIS2_PLACEMENT_3D('',#6657,#6658,#6659);
#6657 = CARTESIAN_POINT('',(42.743402058977,1.752975425788,
    0.503622515235));
#6658 = DIRECTION('',(-5.350801542449E-16,1.108251166023E-16,1.));
#6659 = DIRECTION('',(1.,4.208371177827E-16,5.350801542449E-16));
#6660 = DEFINITIONAL_REPRESENTATION('',(#6661),#6665);
#6661 = LINE('',#6662,#6663);
#6662 = CARTESIAN_POINT('',(9.42477796077,0.));
#6663 = VECTOR('',#6664,1.);
#6664 = DIRECTION('',(0.,-1.));
#6665 = ( GEOMETRIC_REPRESENTATION_CONTEXT(2) 
PARAMETRIC_REPRESENTATION_CONTEXT() REPRESENTATION_CONTEXT('2D SPACE',''
  ) );
#6666 = PCURVE('',#6655,#6667);
#6667 = DEFINITIONAL_REPRESENTATION('',(#6668),#6672);
#6668 = LINE('',#6669,#6670);
#6669 = CARTESIAN_POINT('',(3.14159265359,0.));
#6670 = VECTOR('',#6671,1.);
#6671 = DIRECTION('',(0.,-1.));
#6672 = ( GEOMETRIC_REPRESENTATION_CONTEXT(2) 
PARAMETRIC_REPRESENTATION_CONTEXT() REPRESENTATION_CONTEXT('2D SPACE',''
  ) );
#6673 = ORIENTED_EDGE('',*,*,#6674,.F.);
#6674 = EDGE_CURVE('',#6645,#6645,#6675,.T.);
#6675 = SURFACE_CURVE('',#6676,(#6681,#6688),.PCURVE_S1.);
#6676 = CIRCLE('',#6677,2.4);
#6677 = AXIS2_PLACEMENT_3D('',#6678,#6679,#6680);
#6678 = CARTESIAN_POINT('',(42.743402058977,1.752975425788,
    27.303622515235));
#6679 = DIRECTION('',(-5.350801542449E-16,1.108251166023E-16,1.));
#6680 = DIRECTION('',(1.,4.208371177827E-16,5.350801542449E-16));
#6681 = PCURVE('',#6655,#6682);
#6682 = DEFINITIONAL_REPRESENTATION('',(#6683),#6687);
#6683 = LINE('',#6684,#6685);
#6684 = CARTESIAN_POINT('',(-4.138911435803E-13,26.8));
#6685 = VECTOR('',#6686,1.);
#6686 = DIRECTION('',(1.,0.));
#6687 = ( GEOMETRIC_REPRESENTATION_CONTEXT(2) 
PARAMETRIC_REPRESENTATION_CONTEXT() REPRESENTATION_CONTEXT('2D SPACE',''
  ) );
#6688 = PCURVE('',#6689,#6694);
#6689 = TOROIDAL_SURFACE('',#6690,2.2,0.2);
#6690 = AXIS2_PLACEMENT_3D('',#6691,#6692,#6693);
#6691 = CARTESIAN_POINT('',(42.743402058977,1.752975425788,
    27.303622515235));
#6692 = DIRECTION('',(-5.350801542449E-16,1.108251166023E-16,1.));
#6693 = DIRECTION('',(1.,4.208371177827E-16,5.350801542449E-16));
#6694 = DEFINITIONAL_REPRESENTATION('',(#6695),#6699);
#6695 = LINE('',#6696,#6697);
#6696 = CARTESIAN_POINT('',(-4.138911435803E-13,0.));
#6697 = VECTOR('',#6698,1.);
#6698 = DIRECTION('',(1.,0.));
#6699 = ( GEOMETRIC_REPRESENTATION_CONTEXT(2) 
PARAMETRIC_REPRESENTATION_CONTEXT() REPRESENTATION_CONTEXT('2D SPACE',''
  ) );
#6700 = ORIENTED_EDGE('',*,*,#6644,.T.);
#6701 = ORIENTED_EDGE('',*,*,#6702,.T.);
#6702 = EDGE_CURVE('',#6647,#6647,#6703,.T.);
#6703 = SURFACE_CURVE('',#6704,(#6709,#6716),.PCURVE_S1.);
#6704 = CIRCLE('',#6705,2.4);
#6705 = AXIS2_PLACEMENT_3D('',#6706,#6707,#6708);
#6706 = CARTESIAN_POINT('',(42.743402058977,1.752975425788,-26.296));
#6707 = DIRECTION('',(-5.350801542449E-16,1.108251166023E-16,1.));
#6708 = DIRECTION('',(1.,4.208371177827E-16,5.350801542449E-16));
#6709 = PCURVE('',#6655,#6710);
#6710 = DEFINITIONAL_REPRESENTATION('',(#6711),#6715);
#6711 = LINE('',#6712,#6713);
#6712 = CARTESIAN_POINT('',(-4.138911435803E-13,-26.79962251523));
#6713 = VECTOR('',#6714,1.);
#6714 = DIRECTION('',(1.,0.));
#6715 = ( GEOMETRIC_REPRESENTATION_CONTEXT(2) 
PARAMETRIC_REPRESENTATION_CONTEXT() REPRESENTATION_CONTEXT('2D SPACE',''
  ) );
#6716 = PCURVE('',#6717,#6722);
#6717 = PLANE('',#6718);
#6718 = AXIS2_PLACEMENT_3D('',#6719,#6720,#6721);
#6719 = CARTESIAN_POINT('',(42.743,1.753,-26.296));
#6720 = DIRECTION('',(0.,0.,1.));
#6721 = DIRECTION('',(1.,0.,-0.));
#6722 = DEFINITIONAL_REPRESENTATION('',(#6723),#6727);
#6723 = CIRCLE('',#6724,2.4);
#6724 = AXIS2_PLACEMENT_2D('',#6725,#6726);
#6725 = CARTESIAN_POINT('',(4.020589769951E-04,-2.457421199997E-05));
#6726 = DIRECTION('',(1.,4.208371177827E-16));
#6727 = ( GEOMETRIC_REPRESENTATION_CONTEXT(2) 
PARAMETRIC_REPRESENTATION_CONTEXT() REPRESENTATION_CONTEXT('2D SPACE',''
  ) );
#6728 = ADVANCED_FACE('',(#6729,#6760),#6717,.T.);
#6729 = FACE_BOUND('',#6730,.T.);
#6730 = EDGE_LOOP('',(#6731));
#6731 = ORIENTED_EDGE('',*,*,#6732,.T.);
#6732 = EDGE_CURVE('',#6733,#6733,#6735,.T.);
#6733 = VERTEX_POINT('',#6734);
#6734 = CARTESIAN_POINT('',(46.743,1.753,-26.296));
#6735 = SURFACE_CURVE('',#6736,(#6741,#6748),.PCURVE_S1.);
#6736 = CIRCLE('',#6737,4.);
#6737 = AXIS2_PLACEMENT_3D('',#6738,#6739,#6740);
#6738 = CARTESIAN_POINT('',(42.743,1.753,-26.296));
#6739 = DIRECTION('',(0.,0.,1.));
#6740 = DIRECTION('',(1.,0.,-0.));
#6741 = PCURVE('',#6717,#6742);
#6742 = DEFINITIONAL_REPRESENTATION('',(#6743),#6747);
#6743 = CIRCLE('',#6744,4.);
#6744 = AXIS2_PLACEMENT_2D('',#6745,#6746);
#6745 = CARTESIAN_POINT('',(0.,0.));
#6746 = DIRECTION('',(1.,0.));
#6747 = ( GEOMETRIC_REPRESENTATION_CONTEXT(2) 
PARAMETRIC_REPRESENTATION_CONTEXT() REPRESENTATION_CONTEXT('2D SPACE',''
  ) );
#6748 = PCURVE('',#6749,#6754);
#6749 = CYLINDRICAL_SURFACE('',#6750,4.);
#6750 = AXIS2_PLACEMENT_3D('',#6751,#6752,#6753);
#6751 = CARTESIAN_POINT('',(42.743,1.753,-27.496));
#6752 = DIRECTION('',(-0.,-0.,-1.));
#6753 = DIRECTION('',(1.,0.,0.));
#6754 = DEFINITIONAL_REPRESENTATION('',(#6755),#6759);
#6755 = LINE('',#6756,#6757);
#6756 = CARTESIAN_POINT('',(6.28318530718,-1.2));
#6757 = VECTOR('',#6758,1.);
#6758 = DIRECTION('',(-1.,0.));
#6759 = ( GEOMETRIC_REPRESENTATION_CONTEXT(2) 
PARAMETRIC_REPRESENTATION_CONTEXT() REPRESENTATION_CONTEXT('2D SPACE',''
  ) );
#6760 = FACE_BOUND('',#6761,.T.);
#6761 = EDGE_LOOP('',(#6762));
#6762 = ORIENTED_EDGE('',*,*,#6702,.F.);
#6763 = ADVANCED_FACE('',(#6764),#6689,.T.);
#6764 = FACE_BOUND('',#6765,.T.);
#6765 = EDGE_LOOP('',(#6766,#6795,#6817,#6818));
#6766 = ORIENTED_EDGE('',*,*,#6767,.F.);
#6767 = EDGE_CURVE('',#6768,#6768,#6770,.T.);
#6768 = VERTEX_POINT('',#6769);
#6769 = CARTESIAN_POINT('',(40.343402415214,1.752975425788,27.304));
#6770 = SURFACE_CURVE('',#6771,(#6776,#6783),.PCURVE_S1.);
#6771 = CIRCLE('',#6772,2.399999643763);
#6772 = AXIS2_PLACEMENT_3D('',#6773,#6774,#6775);
#6773 = CARTESIAN_POINT('',(42.743402058977,1.752975425788,27.304));
#6774 = DIRECTION('',(-5.350801542449E-16,1.108251166023E-16,1.));
#6775 = DIRECTION('',(1.,4.208371177827E-16,5.350801542449E-16));
#6776 = PCURVE('',#6689,#6777);
#6777 = DEFINITIONAL_REPRESENTATION('',(#6778),#6782);
#6778 = LINE('',#6779,#6780);
#6779 = CARTESIAN_POINT('',(-4.138911435803E-13,1.887424944055E-03));
#6780 = VECTOR('',#6781,1.);
#6781 = DIRECTION('',(1.,0.));
#6782 = ( GEOMETRIC_REPRESENTATION_CONTEXT(2) 
PARAMETRIC_REPRESENTATION_CONTEXT() REPRESENTATION_CONTEXT('2D SPACE',''
  ) );
#6783 = PCURVE('',#6784,#6789);
#6784 = PLANE('',#6785);
#6785 = AXIS2_PLACEMENT_3D('',#6786,#6787,#6788);
#6786 = CARTESIAN_POINT('',(42.743,1.753,27.304));
#6787 = DIRECTION('',(0.,0.,1.));
#6788 = DIRECTION('',(1.,0.,-0.));
#6789 = DEFINITIONAL_REPRESENTATION('',(#6790),#6794);
#6790 = CIRCLE('',#6791,2.399999643763);
#6791 = AXIS2_PLACEMENT_2D('',#6792,#6793);
#6792 = CARTESIAN_POINT('',(4.020589769951E-04,-2.457421199997E-05));
#6793 = DIRECTION('',(1.,4.208371177827E-16));
#6794 = ( GEOMETRIC_REPRESENTATION_CONTEXT(2) 
PARAMETRIC_REPRESENTATION_CONTEXT() REPRESENTATION_CONTEXT('2D SPACE',''
  ) );
#6795 = ORIENTED_EDGE('',*,*,#6796,.T.);
#6796 = EDGE_CURVE('',#6768,#6645,#6797,.T.);
#6797 = SEAM_CURVE('',#6798,(#6803,#6810),.PCURVE_S1.);
#6798 = CIRCLE('',#6799,0.2);
#6799 = AXIS2_PLACEMENT_3D('',#6800,#6801,#6802);
#6800 = CARTESIAN_POINT('',(40.543402058977,1.752975425788,
    27.303622515235));
#6801 = DIRECTION('',(5.433017976975E-16,-1.,1.108251166023E-16));
#6802 = DIRECTION('',(-1.,-5.433017976975E-16,-5.350801542449E-16));
#6803 = PCURVE('',#6689,#6804);
#6804 = DEFINITIONAL_REPRESENTATION('',(#6805),#6809);
#6805 = LINE('',#6806,#6807);
#6806 = CARTESIAN_POINT('',(3.14159265359,6.28318530718));
#6807 = VECTOR('',#6808,1.);
#6808 = DIRECTION('',(0.,-1.));
#6809 = ( GEOMETRIC_REPRESENTATION_CONTEXT(2) 
PARAMETRIC_REPRESENTATION_CONTEXT() REPRESENTATION_CONTEXT('2D SPACE',''
  ) );
#6810 = PCURVE('',#6689,#6811);
#6811 = DEFINITIONAL_REPRESENTATION('',(#6812),#6816);
#6812 = LINE('',#6813,#6814);
#6813 = CARTESIAN_POINT('',(9.424777960769,6.28318530718));
#6814 = VECTOR('',#6815,1.);
#6815 = DIRECTION('',(0.,-1.));
#6816 = ( GEOMETRIC_REPRESENTATION_CONTEXT(2) 
PARAMETRIC_REPRESENTATION_CONTEXT() REPRESENTATION_CONTEXT('2D SPACE',''
  ) );
#6817 = ORIENTED_EDGE('',*,*,#6674,.T.);
#6818 = ORIENTED_EDGE('',*,*,#6796,.F.);
#6819 = ADVANCED_FACE('',(#6820),#6749,.T.);
#6820 = FACE_BOUND('',#6821,.T.);
#6821 = EDGE_LOOP('',(#6822,#6851,#6872,#6873));
#6822 = ORIENTED_EDGE('',*,*,#6823,.T.);
#6823 = EDGE_CURVE('',#6824,#6824,#6826,.T.);
#6824 = VERTEX_POINT('',#6825);
#6825 = CARTESIAN_POINT('',(46.743,1.753,-27.496));
#6826 = SURFACE_CURVE('',#6827,(#6832,#6839),.PCURVE_S1.);
#6827 = CIRCLE('',#6828,4.);
#6828 = AXIS2_PLACEMENT_3D('',#6829,#6830,#6831);
#6829 = CARTESIAN_POINT('',(42.743,1.753,-27.496));
#6830 = DIRECTION('',(0.,0.,1.));
#6831 = DIRECTION('',(1.,0.,-0.));
#6832 = PCURVE('',#6749,#6833);
#6833 = DEFINITIONAL_REPRESENTATION('',(#6834),#6838);
#6834 = LINE('',#6835,#6836);
#6835 = CARTESIAN_POINT('',(6.28318530718,0.));
#6836 = VECTOR('',#6837,1.);
#6837 = DIRECTION('',(-1.,0.));
#6838 = ( GEOMETRIC_REPRESENTATION_CONTEXT(2) 
PARAMETRIC_REPRESENTATION_CONTEXT() REPRESENTATION_CONTEXT('2D SPACE',''
  ) );
#6839 = PCURVE('',#6840,#6845);
#6840 = PLANE('',#6841);
#6841 = AXIS2_PLACEMENT_3D('',#6842,#6843,#6844);
#6842 = CARTESIAN_POINT('',(42.743,1.753,-27.496));
#6843 = DIRECTION('',(0.,0.,1.));
#6844 = DIRECTION('',(1.,0.,-0.));
#6845 = DEFINITIONAL_REPRESENTATION('',(#6846),#6850);
#6846 = CIRCLE('',#6847,4.);
#6847 = AXIS2_PLACEMENT_2D('',#6848,#6849);
#6848 = CARTESIAN_POINT('',(0.,0.));
#6849 = DIRECTION('',(1.,0.));
#6850 = ( GEOMETRIC_REPRESENTATION_CONTEXT(2) 
PARAMETRIC_REPRESENTATION_CONTEXT() REPRESENTATION_CONTEXT('2D SPACE',''
  ) );
#6851 = ORIENTED_EDGE('',*,*,#6852,.T.);
#6852 = EDGE_CURVE('',#6824,#6733,#6853,.T.);
#6853 = SEAM_CURVE('',#6854,(#6858,#6865),.PCURVE_S1.);
#6854 = LINE('',#6855,#6856);
#6855 = CARTESIAN_POINT('',(46.743,1.753,-27.496));
#6856 = VECTOR('',#6857,1.);
#6857 = DIRECTION('',(0.,0.,1.));
#6858 = PCURVE('',#6749,#6859);
#6859 = DEFINITIONAL_REPRESENTATION('',(#6860),#6864);
#6860 = LINE('',#6861,#6862);
#6861 = CARTESIAN_POINT('',(-5.861977570021E-13,0.));
#6862 = VECTOR('',#6863,1.);
#6863 = DIRECTION('',(-0.,-1.));
#6864 = ( GEOMETRIC_REPRESENTATION_CONTEXT(2) 
PARAMETRIC_REPRESENTATION_CONTEXT() REPRESENTATION_CONTEXT('2D SPACE',''
  ) );
#6865 = PCURVE('',#6749,#6866);
#6866 = DEFINITIONAL_REPRESENTATION('',(#6867),#6871);
#6867 = LINE('',#6868,#6869);
#6868 = CARTESIAN_POINT('',(6.28318530718,0.));
#6869 = VECTOR('',#6870,1.);
#6870 = DIRECTION('',(-0.,-1.));
#6871 = ( GEOMETRIC_REPRESENTATION_CONTEXT(2) 
PARAMETRIC_REPRESENTATION_CONTEXT() REPRESENTATION_CONTEXT('2D SPACE',''
  ) );
#6872 = ORIENTED_EDGE('',*,*,#6732,.F.);
#6873 = ORIENTED_EDGE('',*,*,#6852,.F.);
#6874 = ADVANCED_FACE('',(#6875,#6906),#6784,.F.);
#6875 = FACE_BOUND('',#6876,.F.);
#6876 = EDGE_LOOP('',(#6877));
#6877 = ORIENTED_EDGE('',*,*,#6878,.T.);
#6878 = EDGE_CURVE('',#6879,#6879,#6881,.T.);
#6879 = VERTEX_POINT('',#6880);
#6880 = CARTESIAN_POINT('',(46.743,1.753,27.304));
#6881 = SURFACE_CURVE('',#6882,(#6887,#6894),.PCURVE_S1.);
#6882 = CIRCLE('',#6883,4.);
#6883 = AXIS2_PLACEMENT_3D('',#6884,#6885,#6886);
#6884 = CARTESIAN_POINT('',(42.743,1.753,27.304));
#6885 = DIRECTION('',(0.,0.,1.));
#6886 = DIRECTION('',(1.,0.,-0.));
#6887 = PCURVE('',#6784,#6888);
#6888 = DEFINITIONAL_REPRESENTATION('',(#6889),#6893);
#6889 = CIRCLE('',#6890,4.);
#6890 = AXIS2_PLACEMENT_2D('',#6891,#6892);
#6891 = CARTESIAN_POINT('',(0.,0.));
#6892 = DIRECTION('',(1.,0.));
#6893 = ( GEOMETRIC_REPRESENTATION_CONTEXT(2) 
PARAMETRIC_REPRESENTATION_CONTEXT() REPRESENTATION_CONTEXT('2D SPACE',''
  ) );
#6894 = PCURVE('',#6895,#6900);
#6895 = CYLINDRICAL_SURFACE('',#6896,4.);
#6896 = AXIS2_PLACEMENT_3D('',#6897,#6898,#6899);
#6897 = CARTESIAN_POINT('',(42.743,1.753,27.304));
#6898 = DIRECTION('',(-0.,-0.,-1.));
#6899 = DIRECTION('',(1.,0.,0.));
#6900 = DEFINITIONAL_REPRESENTATION('',(#6901),#6905);
#6901 = LINE('',#6902,#6903);
#6902 = CARTESIAN_POINT('',(6.28318530718,0.));
#6903 = VECTOR('',#6904,1.);
#6904 = DIRECTION('',(-1.,0.));
#6905 = ( GEOMETRIC_REPRESENTATION_CONTEXT(2) 
PARAMETRIC_REPRESENTATION_CONTEXT() REPRESENTATION_CONTEXT('2D SPACE',''
  ) );
#6906 = FACE_BOUND('',#6907,.F.);
#6907 = EDGE_LOOP('',(#6908));
#6908 = ORIENTED_EDGE('',*,*,#6767,.F.);
#6909 = ADVANCED_FACE('',(#6910),#6840,.F.);
#6910 = FACE_BOUND('',#6911,.F.);
#6911 = EDGE_LOOP('',(#6912));
#6912 = ORIENTED_EDGE('',*,*,#6823,.T.);
#6913 = ADVANCED_FACE('',(#6914),#6895,.T.);
#6914 = FACE_BOUND('',#6915,.T.);
#6915 = EDGE_LOOP('',(#6916,#6917,#6940,#6967));
#6916 = ORIENTED_EDGE('',*,*,#6878,.T.);
#6917 = ORIENTED_EDGE('',*,*,#6918,.T.);
#6918 = EDGE_CURVE('',#6879,#6919,#6921,.T.);
#6919 = VERTEX_POINT('',#6920);
#6920 = CARTESIAN_POINT('',(46.743,1.753,28.504));
#6921 = SEAM_CURVE('',#6922,(#6926,#6933),.PCURVE_S1.);
#6922 = LINE('',#6923,#6924);
#6923 = CARTESIAN_POINT('',(46.743,1.753,27.304));
#6924 = VECTOR('',#6925,1.);
#6925 = DIRECTION('',(0.,0.,1.));
#6926 = PCURVE('',#6895,#6927);
#6927 = DEFINITIONAL_REPRESENTATION('',(#6928),#6932);
#6928 = LINE('',#6929,#6930);
#6929 = CARTESIAN_POINT('',(-5.861977570021E-13,0.));
#6930 = VECTOR('',#6931,1.);
#6931 = DIRECTION('',(-0.,-1.));
#6932 = ( GEOMETRIC_REPRESENTATION_CONTEXT(2) 
PARAMETRIC_REPRESENTATION_CONTEXT() REPRESENTATION_CONTEXT('2D SPACE',''
  ) );
#6933 = PCURVE('',#6895,#6934);
#6934 = DEFINITIONAL_REPRESENTATION('',(#6935),#6939);
#6935 = LINE('',#6936,#6937);
#6936 = CARTESIAN_POINT('',(6.28318530718,0.));
#6937 = VECTOR('',#6938,1.);
#6938 = DIRECTION('',(-0.,-1.));
#6939 = ( GEOMETRIC_REPRESENTATION_CONTEXT(2) 
PARAMETRIC_REPRESENTATION_CONTEXT() REPRESENTATION_CONTEXT('2D SPACE',''
  ) );
#6940 = ORIENTED_EDGE('',*,*,#6941,.F.);
#6941 = EDGE_CURVE('',#6919,#6919,#6942,.T.);
#6942 = SURFACE_CURVE('',#6943,(#6948,#6955),.PCURVE_S1.);
#6943 = CIRCLE('',#6944,4.);
#6944 = AXIS2_PLACEMENT_3D('',#6945,#6946,#6947);
#6945 = CARTESIAN_POINT('',(42.743,1.753,28.504));
#6946 = DIRECTION('',(0.,0.,1.));
#6947 = DIRECTION('',(1.,0.,-0.));
#6948 = PCURVE('',#6895,#6949);
#6949 = DEFINITIONAL_REPRESENTATION('',(#6950),#6954);
#6950 = LINE('',#6951,#6952);
#6951 = CARTESIAN_POINT('',(6.28318530718,-1.2));
#6952 = VECTOR('',#6953,1.);
#6953 = DIRECTION('',(-1.,0.));
#6954 = ( GEOMETRIC_REPRESENTATION_CONTEXT(2) 
PARAMETRIC_REPRESENTATION_CONTEXT() REPRESENTATION_CONTEXT('2D SPACE',''
  ) );
#6955 = PCURVE('',#6956,#6961);
#6956 = PLANE('',#6957);
#6957 = AXIS2_PLACEMENT_3D('',#6958,#6959,#6960);
#6958 = CARTESIAN_POINT('',(42.743,1.753,28.504));
#6959 = DIRECTION('',(0.,0.,1.));
#6960 = DIRECTION('',(1.,0.,-0.));
#6961 = DEFINITIONAL_REPRESENTATION('',(#6962),#6966);
#6962 = CIRCLE('',#6963,4.);
#6963 = AXIS2_PLACEMENT_2D('',#6964,#6965);
#6964 = CARTESIAN_POINT('',(0.,0.));
#6965 = DIRECTION('',(1.,0.));
#6966 = ( GEOMETRIC_REPRESENTATION_CONTEXT(2) 
PARAMETRIC_REPRESENTATION_CONTEXT() REPRESENTATION_CONTEXT('2D SPACE',''
  ) );
#6967 = ORIENTED_EDGE('',*,*,#6918,.F.);
#6968 = ADVANCED_FACE('',(#6969),#6956,.T.);
#6969 = FACE_BOUND('',#6970,.T.);
#6970 = EDGE_LOOP('',(#6971));
#6971 = ORIENTED_EDGE('',*,*,#6941,.T.);
#6972 = ( GEOMETRIC_REPRESENTATION_CONTEXT(3) 
GLOBAL_UNCERTAINTY_ASSIGNED_CONTEXT((#6976)) 
GLOBAL_UNIT_ASSIGNED_CONTEXT((#6973,#6974,#6975)) REPRESENTATION_CONTEXT
('Context #1','3D Context with UNIT and UNCERTAINTY') );
#6973 = ( LENGTH_UNIT() NAMED_UNIT(*) SI_UNIT(.MILLI.,.METRE.) );
#6974 = ( NAMED_UNIT(*) PLANE_ANGLE_UNIT() SI_UNIT($,.RADIAN.) );
#6975 = ( NAMED_UNIT(*) SI_UNIT($,.STERADIAN.) SOLID_ANGLE_UNIT() );
#6976 = UNCERTAINTY_MEASURE_WITH_UNIT(LENGTH_MEASURE(1.E-07),#6973,
  'distance_accuracy_value','confusion accuracy');
#6977 = CONTEXT_DEPENDENT_SHAPE_REPRESENTATION(#6978,#6980);
#6978 = ( REPRESENTATION_RELATIONSHIP('','',#6637,#10) 
REPRESENTATION_RELATIONSHIP_WITH_TRANSFORMATION(#6979) 
SHAPE_REPRESENTATION_RELATIONSHIP() );
#6979 = ITEM_DEFINED_TRANSFORMATION('','',#11,#47);
#6980 = PRODUCT_DEFINITION_SHAPE('Placement','Placement of an item',
  #6981);
#6981 = NEXT_ASSEMBLY_USAGE_OCCURRENCE('9','','',#5,#6632,$);
#6982 = PRODUCT_RELATED_PRODUCT_CATEGORY('part',$,(#6634));
#6983 = CONTEXT_DEPENDENT_SHAPE_REPRESENTATION(#6984,#6986);
#6984 = ( REPRESENTATION_RELATIONSHIP('','',#3876,#10) 
REPRESENTATION_RELATIONSHIP_WITH_TRANSFORMATION(#6985) 
SHAPE_REPRESENTATION_RELATIONSHIP() );
#6985 = ITEM_DEFINED_TRANSFORMATION('','',#11,#51);
#6986 = PRODUCT_DEFINITION_SHAPE('Placement','Placement of an item',
  #6987);
#6987 = NEXT_ASSEMBLY_USAGE_OCCURRENCE('10','','',#5,#3871,$);
#6988 = SHAPE_DEFINITION_REPRESENTATION(#6989,#6995);
#6989 = PRODUCT_DEFINITION_SHAPE('','',#6990);
#6990 = PRODUCT_DEFINITION('design','',#6991,#6994);
#6991 = PRODUCT_DEFINITION_FORMATION('','',#6992);
#6992 = PRODUCT('Open CASCADE STEP translator 7.9 1.11',
  'Open CASCADE STEP translator 7.9 1.11','',(#6993));
#6993 = PRODUCT_CONTEXT('',#2,'mechanical');
#6994 = PRODUCT_DEFINITION_CONTEXT('part definition',#2,'design');
#6995 = ADVANCED_BREP_SHAPE_REPRESENTATION('',(#11,#6996),#7094);
#6996 = MANIFOLD_SOLID_BREP('',#6997);
#6997 = CLOSED_SHELL('',(#6998,#7086,#7090));
#6998 = ADVANCED_FACE('',(#6999),#7012,.T.);
#6999 = FACE_BOUND('',#7000,.T.);
#7000 = EDGE_LOOP('',(#7001,#7035,#7058,#7085));
#7001 = ORIENTED_EDGE('',*,*,#7002,.T.);
#7002 = EDGE_CURVE('',#7003,#7003,#7005,.T.);
#7003 = VERTEX_POINT('',#7004);
#7004 = CARTESIAN_POINT('',(-33.304,1.753,-27.496));
#7005 = SURFACE_CURVE('',#7006,(#7011,#7023),.PCURVE_S1.);
#7006 = CIRCLE('',#7007,4.);
#7007 = AXIS2_PLACEMENT_3D('',#7008,#7009,#7010);
#7008 = CARTESIAN_POINT('',(-37.304,1.753,-27.496));
#7009 = DIRECTION('',(0.,0.,1.));
#7010 = DIRECTION('',(1.,0.,-0.));
#7011 = PCURVE('',#7012,#7017);
#7012 = CYLINDRICAL_SURFACE('',#7013,4.);
#7013 = AXIS2_PLACEMENT_3D('',#7014,#7015,#7016);
#7014 = CARTESIAN_POINT('',(-37.304,1.753,-27.496));
#7015 = DIRECTION('',(-0.,-0.,-1.));
#7016 = DIRECTION('',(1.,0.,0.));
#7017 = DEFINITIONAL_REPRESENTATION('',(#7018),#7022);
#7018 = LINE('',#7019,#7020);
#7019 = CARTESIAN_POINT('',(6.28318530718,0.));
#7020 = VECTOR('',#7021,1.);
#7021 = DIRECTION('',(-1.,0.));
#7022 = ( GEOMETRIC_REPRESENTATION_CONTEXT(2) 
PARAMETRIC_REPRESENTATION_CONTEXT() REPRESENTATION_CONTEXT('2D SPACE',''
  ) );
#7023 = PCURVE('',#7024,#7029);
#7024 = PLANE('',#7025);
#7025 = AXIS2_PLACEMENT_3D('',#7026,#7027,#7028);
#7026 = CARTESIAN_POINT('',(-37.304,1.753,-27.496));
#7027 = DIRECTION('',(0.,0.,1.));
#7028 = DIRECTION('',(1.,0.,-0.));
#7029 = DEFINITIONAL_REPRESENTATION('',(#7030),#7034);
#7030 = CIRCLE('',#7031,4.);
#7031 = AXIS2_PLACEMENT_2D('',#7032,#7033);
#7032 = CARTESIAN_POINT('',(0.,0.));
#7033 = DIRECTION('',(1.,0.));
#7034 = ( GEOMETRIC_REPRESENTATION_CONTEXT(2) 
PARAMETRIC_REPRESENTATION_CONTEXT() REPRESENTATION_CONTEXT('2D SPACE',''
  ) );
#7035 = ORIENTED_EDGE('',*,*,#7036,.T.);
#7036 = EDGE_CURVE('',#7003,#7037,#7039,.T.);
#7037 = VERTEX_POINT('',#7038);
#7038 = CARTESIAN_POINT('',(-33.304,1.753,-26.296));
#7039 = SEAM_CURVE('',#7040,(#7044,#7051),.PCURVE_S1.);
#7040 = LINE('',#7041,#7042);
#7041 = CARTESIAN_POINT('',(-33.304,1.753,-27.496));
#7042 = VECTOR('',#7043,1.);
#7043 = DIRECTION('',(0.,0.,1.));
#7044 = PCURVE('',#7012,#7045);
#7045 = DEFINITIONAL_REPRESENTATION('',(#7046),#7050);
#7046 = LINE('',#7047,#7048);
#7047 = CARTESIAN_POINT('',(4.138911435803E-13,0.));
#7048 = VECTOR('',#7049,1.);
#7049 = DIRECTION('',(-0.,-1.));
#7050 = ( GEOMETRIC_REPRESENTATION_CONTEXT(2) 
PARAMETRIC_REPRESENTATION_CONTEXT() REPRESENTATION_CONTEXT('2D SPACE',''
  ) );
#7051 = PCURVE('',#7012,#7052);
#7052 = DEFINITIONAL_REPRESENTATION('',(#7053),#7057);
#7053 = LINE('',#7054,#7055);
#7054 = CARTESIAN_POINT('',(6.283185307179,0.));
#7055 = VECTOR('',#7056,1.);
#7056 = DIRECTION('',(-0.,-1.));
#7057 = ( GEOMETRIC_REPRESENTATION_CONTEXT(2) 
PARAMETRIC_REPRESENTATION_CONTEXT() REPRESENTATION_CONTEXT('2D SPACE',''
  ) );
#7058 = ORIENTED_EDGE('',*,*,#7059,.F.);
#7059 = EDGE_CURVE('',#7037,#7037,#7060,.T.);
#7060 = SURFACE_CURVE('',#7061,(#7066,#7073),.PCURVE_S1.);
#7061 = CIRCLE('',#7062,4.);
#7062 = AXIS2_PLACEMENT_3D('',#7063,#7064,#7065);
#7063 = CARTESIAN_POINT('',(-37.304,1.753,-26.296));
#7064 = DIRECTION('',(0.,0.,1.));
#7065 = DIRECTION('',(1.,0.,-0.));
#7066 = PCURVE('',#7012,#7067);
#7067 = DEFINITIONAL_REPRESENTATION('',(#7068),#7072);
#7068 = LINE('',#7069,#7070);
#7069 = CARTESIAN_POINT('',(6.28318530718,-1.2));
#7070 = VECTOR('',#7071,1.);
#7071 = DIRECTION('',(-1.,0.));
#7072 = ( GEOMETRIC_REPRESENTATION_CONTEXT(2) 
PARAMETRIC_REPRESENTATION_CONTEXT() REPRESENTATION_CONTEXT('2D SPACE',''
  ) );
#7073 = PCURVE('',#7074,#7079);
#7074 = PLANE('',#7075);
#7075 = AXIS2_PLACEMENT_3D('',#7076,#7077,#7078);
#7076 = CARTESIAN_POINT('',(-37.304,1.753,-26.296));
#7077 = DIRECTION('',(0.,0.,1.));
#7078 = DIRECTION('',(1.,0.,-0.));
#7079 = DEFINITIONAL_REPRESENTATION('',(#7080),#7084);
#7080 = CIRCLE('',#7081,4.);
#7081 = AXIS2_PLACEMENT_2D('',#7082,#7083);
#7082 = CARTESIAN_POINT('',(0.,0.));
#7083 = DIRECTION('',(1.,0.));
#7084 = ( GEOMETRIC_REPRESENTATION_CONTEXT(2) 
PARAMETRIC_REPRESENTATION_CONTEXT() REPRESENTATION_CONTEXT('2D SPACE',''
  ) );
#7085 = ORIENTED_EDGE('',*,*,#7036,.F.);
#7086 = ADVANCED_FACE('',(#7087),#7024,.F.);
#7087 = FACE_BOUND('',#7088,.F.);
#7088 = EDGE_LOOP('',(#7089));
#7089 = ORIENTED_EDGE('',*,*,#7002,.T.);
#7090 = ADVANCED_FACE('',(#7091),#7074,.T.);
#7091 = FACE_BOUND('',#7092,.T.);
#7092 = EDGE_LOOP('',(#7093));
#7093 = ORIENTED_EDGE('',*,*,#7059,.T.);
#7094 = ( GEOMETRIC_REPRESENTATION_CONTEXT(3) 
GLOBAL_UNCERTAINTY_ASSIGNED_CONTEXT((#7098)) 
GLOBAL_UNIT_ASSIGNED_CONTEXT((#7095,#7096,#7097)) REPRESENTATION_CONTEXT
('Context #1','3D Context with UNIT and UNCERTAINTY') );
#7095 = ( LENGTH_UNIT() NAMED_UNIT(*) SI_UNIT(.MILLI.,.METRE.) );
#7096 = ( NAMED_UNIT(*) PLANE_ANGLE_UNIT() SI_UNIT($,.RADIAN.) );
#7097 = ( NAMED_UNIT(*) SI_UNIT($,.STERADIAN.) SOLID_ANGLE_UNIT() );
#7098 = UNCERTAINTY_MEASURE_WITH_UNIT(LENGTH_MEASURE(1.E-07),#7095,
  'distance_accuracy_value','confusion accuracy');
#7099 = CONTEXT_DEPENDENT_SHAPE_REPRESENTATION(#7100,#7102);
#7100 = ( REPRESENTATION_RELATIONSHIP('','',#6995,#10) 
REPRESENTATION_RELATIONSHIP_WITH_TRANSFORMATION(#7101) 
SHAPE_REPRESENTATION_RELATIONSHIP() );
#7101 = ITEM_DEFINED_TRANSFORMATION('','',#11,#55);
#7102 = PRODUCT_DEFINITION_SHAPE('Placement','Placement of an item',
  #7103);
#7103 = NEXT_ASSEMBLY_USAGE_OCCURRENCE('11','','',#5,#6990,$);
#7104 = PRODUCT_RELATED_PRODUCT_CATEGORY('part',$,(#6992));
#7105 = SHAPE_DEFINITION_REPRESENTATION(#7106,#7112);
#7106 = PRODUCT_DEFINITION_SHAPE('','',#7107);
#7107 = PRODUCT_DEFINITION('design','',#7108,#7111);
#7108 = PRODUCT_DEFINITION_FORMATION('','',#7109);
#7109 = PRODUCT('Open CASCADE STEP translator 7.9 1.12',
  'Open CASCADE STEP translator 7.9 1.12','',(#7110));
#7110 = PRODUCT_CONTEXT('',#2,'mechanical');
#7111 = PRODUCT_DEFINITION_CONTEXT('part definition',#2,'design');
#7112 = ADVANCED_BREP_SHAPE_REPRESENTATION('',(#11,#7113),#7211);
#7113 = MANIFOLD_SOLID_BREP('',#7114);
#7114 = CLOSED_SHELL('',(#7115,#7203,#7207));
#7115 = ADVANCED_FACE('',(#7116),#7129,.T.);
#7116 = FACE_BOUND('',#7117,.T.);
#7117 = EDGE_LOOP('',(#7118,#7152,#7175,#7202));
#7118 = ORIENTED_EDGE('',*,*,#7119,.T.);
#7119 = EDGE_CURVE('',#7120,#7120,#7122,.T.);
#7120 = VERTEX_POINT('',#7121);
#7121 = CARTESIAN_POINT('',(-33.304,1.753,27.304));
#7122 = SURFACE_CURVE('',#7123,(#7128,#7140),.PCURVE_S1.);
#7123 = CIRCLE('',#7124,4.);
#7124 = AXIS2_PLACEMENT_3D('',#7125,#7126,#7127);
#7125 = CARTESIAN_POINT('',(-37.304,1.753,27.304));
#7126 = DIRECTION('',(0.,0.,1.));
#7127 = DIRECTION('',(1.,0.,-0.));
#7128 = PCURVE('',#7129,#7134);
#7129 = CYLINDRICAL_SURFACE('',#7130,4.);
#7130 = AXIS2_PLACEMENT_3D('',#7131,#7132,#7133);
#7131 = CARTESIAN_POINT('',(-37.304,1.753,27.304));
#7132 = DIRECTION('',(-0.,-0.,-1.));
#7133 = DIRECTION('',(1.,0.,0.));
#7134 = DEFINITIONAL_REPRESENTATION('',(#7135),#7139);
#7135 = LINE('',#7136,#7137);
#7136 = CARTESIAN_POINT('',(6.28318530718,0.));
#7137 = VECTOR('',#7138,1.);
#7138 = DIRECTION('',(-1.,0.));
#7139 = ( GEOMETRIC_REPRESENTATION_CONTEXT(2) 
PARAMETRIC_REPRESENTATION_CONTEXT() REPRESENTATION_CONTEXT('2D SPACE',''
  ) );
#7140 = PCURVE('',#7141,#7146);
#7141 = PLANE('',#7142);
#7142 = AXIS2_PLACEMENT_3D('',#7143,#7144,#7145);
#7143 = CARTESIAN_POINT('',(-37.304,1.753,27.304));
#7144 = DIRECTION('',(0.,0.,1.));
#7145 = DIRECTION('',(1.,0.,-0.));
#7146 = DEFINITIONAL_REPRESENTATION('',(#7147),#7151);
#7147 = CIRCLE('',#7148,4.);
#7148 = AXIS2_PLACEMENT_2D('',#7149,#7150);
#7149 = CARTESIAN_POINT('',(0.,0.));
#7150 = DIRECTION('',(1.,0.));
#7151 = ( GEOMETRIC_REPRESENTATION_CONTEXT(2) 
PARAMETRIC_REPRESENTATION_CONTEXT() REPRESENTATION_CONTEXT('2D SPACE',''
  ) );
#7152 = ORIENTED_EDGE('',*,*,#7153,.T.);
#7153 = EDGE_CURVE('',#7120,#7154,#7156,.T.);
#7154 = VERTEX_POINT('',#7155);
#7155 = CARTESIAN_POINT('',(-33.304,1.753,28.504));
#7156 = SEAM_CURVE('',#7157,(#7161,#7168),.PCURVE_S1.);
#7157 = LINE('',#7158,#7159);
#7158 = CARTESIAN_POINT('',(-33.304,1.753,27.304));
#7159 = VECTOR('',#7160,1.);
#7160 = DIRECTION('',(0.,0.,1.));
#7161 = PCURVE('',#7129,#7162);
#7162 = DEFINITIONAL_REPRESENTATION('',(#7163),#7167);
#7163 = LINE('',#7164,#7165);
#7164 = CARTESIAN_POINT('',(4.138911435803E-13,0.));
#7165 = VECTOR('',#7166,1.);
#7166 = DIRECTION('',(-0.,-1.));
#7167 = ( GEOMETRIC_REPRESENTATION_CONTEXT(2) 
PARAMETRIC_REPRESENTATION_CONTEXT() REPRESENTATION_CONTEXT('2D SPACE',''
  ) );
#7168 = PCURVE('',#7129,#7169);
#7169 = DEFINITIONAL_REPRESENTATION('',(#7170),#7174);
#7170 = LINE('',#7171,#7172);
#7171 = CARTESIAN_POINT('',(6.283185307179,0.));
#7172 = VECTOR('',#7173,1.);
#7173 = DIRECTION('',(-0.,-1.));
#7174 = ( GEOMETRIC_REPRESENTATION_CONTEXT(2) 
PARAMETRIC_REPRESENTATION_CONTEXT() REPRESENTATION_CONTEXT('2D SPACE',''
  ) );
#7175 = ORIENTED_EDGE('',*,*,#7176,.F.);
#7176 = EDGE_CURVE('',#7154,#7154,#7177,.T.);
#7177 = SURFACE_CURVE('',#7178,(#7183,#7190),.PCURVE_S1.);
#7178 = CIRCLE('',#7179,4.);
#7179 = AXIS2_PLACEMENT_3D('',#7180,#7181,#7182);
#7180 = CARTESIAN_POINT('',(-37.304,1.753,28.504));
#7181 = DIRECTION('',(0.,0.,1.));
#7182 = DIRECTION('',(1.,0.,-0.));
#7183 = PCURVE('',#7129,#7184);
#7184 = DEFINITIONAL_REPRESENTATION('',(#7185),#7189);
#7185 = LINE('',#7186,#7187);
#7186 = CARTESIAN_POINT('',(6.28318530718,-1.2));
#7187 = VECTOR('',#7188,1.);
#7188 = DIRECTION('',(-1.,0.));
#7189 = ( GEOMETRIC_REPRESENTATION_CONTEXT(2) 
PARAMETRIC_REPRESENTATION_CONTEXT() REPRESENTATION_CONTEXT('2D SPACE',''
  ) );
#7190 = PCURVE('',#7191,#7196);
#7191 = PLANE('',#7192);
#7192 = AXIS2_PLACEMENT_3D('',#7193,#7194,#7195);
#7193 = CARTESIAN_POINT('',(-37.304,1.753,28.504));
#7194 = DIRECTION('',(0.,0.,1.));
#7195 = DIRECTION('',(1.,0.,-0.));
#7196 = DEFINITIONAL_REPRESENTATION('',(#7197),#7201);
#7197 = CIRCLE('',#7198,4.);
#7198 = AXIS2_PLACEMENT_2D('',#7199,#7200);
#7199 = CARTESIAN_POINT('',(0.,0.));
#7200 = DIRECTION('',(1.,0.));
#7201 = ( GEOMETRIC_REPRESENTATION_CONTEXT(2) 
PARAMETRIC_REPRESENTATION_CONTEXT() REPRESENTATION_CONTEXT('2D SPACE',''
  ) );
#7202 = ORIENTED_EDGE('',*,*,#7153,.F.);
#7203 = ADVANCED_FACE('',(#7204),#7141,.F.);
#7204 = FACE_BOUND('',#7205,.F.);
#7205 = EDGE_LOOP('',(#7206));
#7206 = ORIENTED_EDGE('',*,*,#7119,.T.);
#7207 = ADVANCED_FACE('',(#7208),#7191,.T.);
#7208 = FACE_BOUND('',#7209,.T.);
#7209 = EDGE_LOOP('',(#7210));
#7210 = ORIENTED_EDGE('',*,*,#7176,.T.);
#7211 = ( GEOMETRIC_REPRESENTATION_CONTEXT(3) 
GLOBAL_UNCERTAINTY_ASSIGNED_CONTEXT((#7215)) 
GLOBAL_UNIT_ASSIGNED_CONTEXT((#7212,#7213,#7214)) REPRESENTATION_CONTEXT
('Context #1','3D Context with UNIT and UNCERTAINTY') );
#7212 = ( LENGTH_UNIT() NAMED_UNIT(*) SI_UNIT(.MILLI.,.METRE.) );
#7213 = ( NAMED_UNIT(*) PLANE_ANGLE_UNIT() SI_UNIT($,.RADIAN.) );
#7214 = ( NAMED_UNIT(*) SI_UNIT($,.STERADIAN.) SOLID_ANGLE_UNIT() );
#7215 = UNCERTAINTY_MEASURE_WITH_UNIT(LENGTH_MEASURE(1.E-07),#7212,
  'distance_accuracy_value','confusion accuracy');
#7216 = CONTEXT_DEPENDENT_SHAPE_REPRESENTATION(#7217,#7219);
#7217 = ( REPRESENTATION_RELATIONSHIP('','',#7112,#10) 
REPRESENTATION_RELATIONSHIP_WITH_TRANSFORMATION(#7218) 
SHAPE_REPRESENTATION_RELATIONSHIP() );
#7218 = ITEM_DEFINED_TRANSFORMATION('','',#11,#59);
#7219 = PRODUCT_DEFINITION_SHAPE('Placement','Placement of an item',
  #7220);
#7220 = NEXT_ASSEMBLY_USAGE_OCCURRENCE('12','','',#5,#7107,$);
#7221 = PRODUCT_RELATED_PRODUCT_CATEGORY('part',$,(#7109));
#7222 = CONTEXT_DEPENDENT_SHAPE_REPRESENTATION(#7223,#7225);
#7223 = ( REPRESENTATION_RELATIONSHIP('','',#92,#10) 
REPRESENTATION_RELATIONSHIP_WITH_TRANSFORMATION(#7224) 
SHAPE_REPRESENTATION_RELATIONSHIP() );
#7224 = ITEM_DEFINED_TRANSFORMATION('','',#11,#63);
#7225 = PRODUCT_DEFINITION_SHAPE('Placement','Placement of an item',
  #7226);
#7226 = NEXT_ASSEMBLY_USAGE_OCCURRENCE('13','','',#5,#87,$);
#7227 = SHAPE_DEFINITION_REPRESENTATION(#7228,#7234);
#7228 = PRODUCT_DEFINITION_SHAPE('','',#7229);
#7229 = PRODUCT_DEFINITION('design','',#7230,#7233);
#7230 = PRODUCT_DEFINITION_FORMATION('','',#7231);
#7231 = PRODUCT('Open CASCADE STEP translator 7.9 1.14',
  'Open CASCADE STEP translator 7.9 1.14','',(#7232));
#7232 = PRODUCT_CONTEXT('',#2,'mechanical');
#7233 = PRODUCT_DEFINITION_CONTEXT('part definition',#2,'design');
#7234 = ADVANCED_BREP_SHAPE_REPRESENTATION('',(#11,#7235),#7333);
#7235 = MANIFOLD_SOLID_BREP('',#7236);
#7236 = CLOSED_SHELL('',(#7237,#7325,#7329));
#7237 = ADVANCED_FACE('',(#7238),#7251,.T.);
#7238 = FACE_BOUND('',#7239,.T.);
#7239 = EDGE_LOOP('',(#7240,#7274,#7297,#7324));
#7240 = ORIENTED_EDGE('',*,*,#7241,.T.);
#7241 = EDGE_CURVE('',#7242,#7242,#7244,.T.);
#7242 = VERTEX_POINT('',#7243);
#7243 = CARTESIAN_POINT('',(46.743,44.606,-27.496));
#7244 = SURFACE_CURVE('',#7245,(#7250,#7262),.PCURVE_S1.);
#7245 = CIRCLE('',#7246,4.);
#7246 = AXIS2_PLACEMENT_3D('',#7247,#7248,#7249);
#7247 = CARTESIAN_POINT('',(42.743,44.606,-27.496));
#7248 = DIRECTION('',(0.,0.,1.));
#7249 = DIRECTION('',(1.,0.,-0.));
#7250 = PCURVE('',#7251,#7256);
#7251 = CYLINDRICAL_SURFACE('',#7252,4.);
#7252 = AXIS2_PLACEMENT_3D('',#7253,#7254,#7255);
#7253 = CARTESIAN_POINT('',(42.743,44.606,-27.496));
#7254 = DIRECTION('',(-0.,-0.,-1.));
#7255 = DIRECTION('',(1.,0.,0.));
#7256 = DEFINITIONAL_REPRESENTATION('',(#7257),#7261);
#7257 = LINE('',#7258,#7259);
#7258 = CARTESIAN_POINT('',(6.28318530718,0.));
#7259 = VECTOR('',#7260,1.);
#7260 = DIRECTION('',(-1.,0.));
#7261 = ( GEOMETRIC_REPRESENTATION_CONTEXT(2) 
PARAMETRIC_REPRESENTATION_CONTEXT() REPRESENTATION_CONTEXT('2D SPACE',''
  ) );
#7262 = PCURVE('',#7263,#7268);
#7263 = PLANE('',#7264);
#7264 = AXIS2_PLACEMENT_3D('',#7265,#7266,#7267);
#7265 = CARTESIAN_POINT('',(42.743,44.606,-27.496));
#7266 = DIRECTION('',(0.,0.,1.));
#7267 = DIRECTION('',(1.,0.,-0.));
#7268 = DEFINITIONAL_REPRESENTATION('',(#7269),#7273);
#7269 = CIRCLE('',#7270,4.);
#7270 = AXIS2_PLACEMENT_2D('',#7271,#7272);
#7271 = CARTESIAN_POINT('',(0.,0.));
#7272 = DIRECTION('',(1.,0.));
#7273 = ( GEOMETRIC_REPRESENTATION_CONTEXT(2) 
PARAMETRIC_REPRESENTATION_CONTEXT() REPRESENTATION_CONTEXT('2D SPACE',''
  ) );
#7274 = ORIENTED_EDGE('',*,*,#7275,.T.);
#7275 = EDGE_CURVE('',#7242,#7276,#7278,.T.);
#7276 = VERTEX_POINT('',#7277);
#7277 = CARTESIAN_POINT('',(46.743,44.606,-26.296));
#7278 = SEAM_CURVE('',#7279,(#7283,#7290),.PCURVE_S1.);
#7279 = LINE('',#7280,#7281);
#7280 = CARTESIAN_POINT('',(46.743,44.606,-27.496));
#7281 = VECTOR('',#7282,1.);
#7282 = DIRECTION('',(0.,0.,1.));
#7283 = PCURVE('',#7251,#7284);
#7284 = DEFINITIONAL_REPRESENTATION('',(#7285),#7289);
#7285 = LINE('',#7286,#7287);
#7286 = CARTESIAN_POINT('',(-4.138911435803E-13,0.));
#7287 = VECTOR('',#7288,1.);
#7288 = DIRECTION('',(-0.,-1.));
#7289 = ( GEOMETRIC_REPRESENTATION_CONTEXT(2) 
PARAMETRIC_REPRESENTATION_CONTEXT() REPRESENTATION_CONTEXT('2D SPACE',''
  ) );
#7290 = PCURVE('',#7251,#7291);
#7291 = DEFINITIONAL_REPRESENTATION('',(#7292),#7296);
#7292 = LINE('',#7293,#7294);
#7293 = CARTESIAN_POINT('',(6.28318530718,0.));
#7294 = VECTOR('',#7295,1.);
#7295 = DIRECTION('',(-0.,-1.));
#7296 = ( GEOMETRIC_REPRESENTATION_CONTEXT(2) 
PARAMETRIC_REPRESENTATION_CONTEXT() REPRESENTATION_CONTEXT('2D SPACE',''
  ) );
#7297 = ORIENTED_EDGE('',*,*,#7298,.F.);
#7298 = EDGE_CURVE('',#7276,#7276,#7299,.T.);
#7299 = SURFACE_CURVE('',#7300,(#7305,#7312),.PCURVE_S1.);
#7300 = CIRCLE('',#7301,4.);
#7301 = AXIS2_PLACEMENT_3D('',#7302,#7303,#7304);
#7302 = CARTESIAN_POINT('',(42.743,44.606,-26.296));
#7303 = DIRECTION('',(0.,0.,1.));
#7304 = DIRECTION('',(1.,0.,-0.));
#7305 = PCURVE('',#7251,#7306);
#7306 = DEFINITIONAL_REPRESENTATION('',(#7307),#7311);
#7307 = LINE('',#7308,#7309);
#7308 = CARTESIAN_POINT('',(6.28318530718,-1.2));
#7309 = VECTOR('',#7310,1.);
#7310 = DIRECTION('',(-1.,0.));
#7311 = ( GEOMETRIC_REPRESENTATION_CONTEXT(2) 
PARAMETRIC_REPRESENTATION_CONTEXT() REPRESENTATION_CONTEXT('2D SPACE',''
  ) );
#7312 = PCURVE('',#7313,#7318);
#7313 = PLANE('',#7314);
#7314 = AXIS2_PLACEMENT_3D('',#7315,#7316,#7317);
#7315 = CARTESIAN_POINT('',(42.743,44.606,-26.296));
#7316 = DIRECTION('',(0.,0.,1.));
#7317 = DIRECTION('',(1.,0.,-0.));
#7318 = DEFINITIONAL_REPRESENTATION('',(#7319),#7323);
#7319 = CIRCLE('',#7320,4.);
#7320 = AXIS2_PLACEMENT_2D('',#7321,#7322);
#7321 = CARTESIAN_POINT('',(0.,0.));
#7322 = DIRECTION('',(1.,0.));
#7323 = ( GEOMETRIC_REPRESENTATION_CONTEXT(2) 
PARAMETRIC_REPRESENTATION_CONTEXT() REPRESENTATION_CONTEXT('2D SPACE',''
  ) );
#7324 = ORIENTED_EDGE('',*,*,#7275,.F.);
#7325 = ADVANCED_FACE('',(#7326),#7263,.F.);
#7326 = FACE_BOUND('',#7327,.F.);
#7327 = EDGE_LOOP('',(#7328));
#7328 = ORIENTED_EDGE('',*,*,#7241,.T.);
#7329 = ADVANCED_FACE('',(#7330),#7313,.T.);
#7330 = FACE_BOUND('',#7331,.T.);
#7331 = EDGE_LOOP('',(#7332));
#7332 = ORIENTED_EDGE('',*,*,#7298,.T.);
#7333 = ( GEOMETRIC_REPRESENTATION_CONTEXT(3) 
GLOBAL_UNCERTAINTY_ASSIGNED_CONTEXT((#7337)) 
GLOBAL_UNIT_ASSIGNED_CONTEXT((#7334,#7335,#7336)) REPRESENTATION_CONTEXT
('Context #1','3D Context with UNIT and UNCERTAINTY') );
#7334 = ( LENGTH_UNIT() NAMED_UNIT(*) SI_UNIT(.MILLI.,.METRE.) );
#7335 = ( NAMED_UNIT(*) PLANE_ANGLE_UNIT() SI_UNIT($,.RADIAN.) );
#7336 = ( NAMED_UNIT(*) SI_UNIT($,.STERADIAN.) SOLID_ANGLE_UNIT() );
#7337 = UNCERTAINTY_MEASURE_WITH_UNIT(LENGTH_MEASURE(1.E-07),#7334,
  'distance_accuracy_value','confusion accuracy');
#7338 = CONTEXT_DEPENDENT_SHAPE_REPRESENTATION(#7339,#7341);
#7339 = ( REPRESENTATION_RELATIONSHIP('','',#7234,#10) 
REPRESENTATION_RELATIONSHIP_WITH_TRANSFORMATION(#7340) 
SHAPE_REPRESENTATION_RELATIONSHIP() );
#7340 = ITEM_DEFINED_TRANSFORMATION('','',#11,#67);
#7341 = PRODUCT_DEFINITION_SHAPE('Placement','Placement of an item',
  #7342);
#7342 = NEXT_ASSEMBLY_USAGE_OCCURRENCE('14','','',#5,#7229,$);
#7343 = PRODUCT_RELATED_PRODUCT_CATEGORY('part',$,(#7231));
#7344 = SHAPE_DEFINITION_REPRESENTATION(#7345,#7351);
#7345 = PRODUCT_DEFINITION_SHAPE('','',#7346);
#7346 = PRODUCT_DEFINITION('design','',#7347,#7350);
#7347 = PRODUCT_DEFINITION_FORMATION('','',#7348);
#7348 = PRODUCT('Open CASCADE STEP translator 7.9 1.15',
  'Open CASCADE STEP translator 7.9 1.15','',(#7349));
#7349 = PRODUCT_CONTEXT('',#2,'mechanical');
#7350 = PRODUCT_DEFINITION_CONTEXT('part definition',#2,'design');
#7351 = ADVANCED_BREP_SHAPE_REPRESENTATION('',(#11,#7352),#7450);
#7352 = MANIFOLD_SOLID_BREP('',#7353);
#7353 = CLOSED_SHELL('',(#7354,#7442,#7446));
#7354 = ADVANCED_FACE('',(#7355),#7368,.T.);
#7355 = FACE_BOUND('',#7356,.T.);
#7356 = EDGE_LOOP('',(#7357,#7391,#7414,#7441));
#7357 = ORIENTED_EDGE('',*,*,#7358,.T.);
#7358 = EDGE_CURVE('',#7359,#7359,#7361,.T.);
#7359 = VERTEX_POINT('',#7360);
#7360 = CARTESIAN_POINT('',(46.743,44.606,27.304));
#7361 = SURFACE_CURVE('',#7362,(#7367,#7379),.PCURVE_S1.);
#7362 = CIRCLE('',#7363,4.);
#7363 = AXIS2_PLACEMENT_3D('',#7364,#7365,#7366);
#7364 = CARTESIAN_POINT('',(42.743,44.606,27.304));
#7365 = DIRECTION('',(0.,0.,1.));
#7366 = DIRECTION('',(1.,0.,-0.));
#7367 = PCURVE('',#7368,#7373);
#7368 = CYLINDRICAL_SURFACE('',#7369,4.);
#7369 = AXIS2_PLACEMENT_3D('',#7370,#7371,#7372);
#7370 = CARTESIAN_POINT('',(42.743,44.606,27.304));
#7371 = DIRECTION('',(-0.,-0.,-1.));
#7372 = DIRECTION('',(1.,0.,0.));
#7373 = DEFINITIONAL_REPRESENTATION('',(#7374),#7378);
#7374 = LINE('',#7375,#7376);
#7375 = CARTESIAN_POINT('',(6.28318530718,0.));
#7376 = VECTOR('',#7377,1.);
#7377 = DIRECTION('',(-1.,0.));
#7378 = ( GEOMETRIC_REPRESENTATION_CONTEXT(2) 
PARAMETRIC_REPRESENTATION_CONTEXT() REPRESENTATION_CONTEXT('2D SPACE',''
  ) );
#7379 = PCURVE('',#7380,#7385);
#7380 = PLANE('',#7381);
#7381 = AXIS2_PLACEMENT_3D('',#7382,#7383,#7384);
#7382 = CARTESIAN_POINT('',(42.743,44.606,27.304));
#7383 = DIRECTION('',(0.,0.,1.));
#7384 = DIRECTION('',(1.,0.,-0.));
#7385 = DEFINITIONAL_REPRESENTATION('',(#7386),#7390);
#7386 = CIRCLE('',#7387,4.);
#7387 = AXIS2_PLACEMENT_2D('',#7388,#7389);
#7388 = CARTESIAN_POINT('',(0.,0.));
#7389 = DIRECTION('',(1.,0.));
#7390 = ( GEOMETRIC_REPRESENTATION_CONTEXT(2) 
PARAMETRIC_REPRESENTATION_CONTEXT() REPRESENTATION_CONTEXT('2D SPACE',''
  ) );
#7391 = ORIENTED_EDGE('',*,*,#7392,.T.);
#7392 = EDGE_CURVE('',#7359,#7393,#7395,.T.);
#7393 = VERTEX_POINT('',#7394);
#7394 = CARTESIAN_POINT('',(46.743,44.606,28.504));
#7395 = SEAM_CURVE('',#7396,(#7400,#7407),.PCURVE_S1.);
#7396 = LINE('',#7397,#7398);
#7397 = CARTESIAN_POINT('',(46.743,44.606,27.304));
#7398 = VECTOR('',#7399,1.);
#7399 = DIRECTION('',(0.,0.,1.));
#7400 = PCURVE('',#7368,#7401);
#7401 = DEFINITIONAL_REPRESENTATION('',(#7402),#7406);
#7402 = LINE('',#7403,#7404);
#7403 = CARTESIAN_POINT('',(-4.138911435803E-13,0.));
#7404 = VECTOR('',#7405,1.);
#7405 = DIRECTION('',(-0.,-1.));
#7406 = ( GEOMETRIC_REPRESENTATION_CONTEXT(2) 
PARAMETRIC_REPRESENTATION_CONTEXT() REPRESENTATION_CONTEXT('2D SPACE',''
  ) );
#7407 = PCURVE('',#7368,#7408);
#7408 = DEFINITIONAL_REPRESENTATION('',(#7409),#7413);
#7409 = LINE('',#7410,#7411);
#7410 = CARTESIAN_POINT('',(6.28318530718,0.));
#7411 = VECTOR('',#7412,1.);
#7412 = DIRECTION('',(-0.,-1.));
#7413 = ( GEOMETRIC_REPRESENTATION_CONTEXT(2) 
PARAMETRIC_REPRESENTATION_CONTEXT() REPRESENTATION_CONTEXT('2D SPACE',''
  ) );
#7414 = ORIENTED_EDGE('',*,*,#7415,.F.);
#7415 = EDGE_CURVE('',#7393,#7393,#7416,.T.);
#7416 = SURFACE_CURVE('',#7417,(#7422,#7429),.PCURVE_S1.);
#7417 = CIRCLE('',#7418,4.);
#7418 = AXIS2_PLACEMENT_3D('',#7419,#7420,#7421);
#7419 = CARTESIAN_POINT('',(42.743,44.606,28.504));
#7420 = DIRECTION('',(0.,0.,1.));
#7421 = DIRECTION('',(1.,0.,-0.));
#7422 = PCURVE('',#7368,#7423);
#7423 = DEFINITIONAL_REPRESENTATION('',(#7424),#7428);
#7424 = LINE('',#7425,#7426);
#7425 = CARTESIAN_POINT('',(6.28318530718,-1.2));
#7426 = VECTOR('',#7427,1.);
#7427 = DIRECTION('',(-1.,0.));
#7428 = ( GEOMETRIC_REPRESENTATION_CONTEXT(2) 
PARAMETRIC_REPRESENTATION_CONTEXT() REPRESENTATION_CONTEXT('2D SPACE',''
  ) );
#7429 = PCURVE('',#7430,#7435);
#7430 = PLANE('',#7431);
#7431 = AXIS2_PLACEMENT_3D('',#7432,#7433,#7434);
#7432 = CARTESIAN_POINT('',(42.743,44.606,28.504));
#7433 = DIRECTION('',(0.,0.,1.));
#7434 = DIRECTION('',(1.,0.,-0.));
#7435 = DEFINITIONAL_REPRESENTATION('',(#7436),#7440);
#7436 = CIRCLE('',#7437,4.);
#7437 = AXIS2_PLACEMENT_2D('',#7438,#7439);
#7438 = CARTESIAN_POINT('',(0.,0.));
#7439 = DIRECTION('',(1.,0.));
#7440 = ( GEOMETRIC_REPRESENTATION_CONTEXT(2) 
PARAMETRIC_REPRESENTATION_CONTEXT() REPRESENTATION_CONTEXT('2D SPACE',''
  ) );
#7441 = ORIENTED_EDGE('',*,*,#7392,.F.);
#7442 = ADVANCED_FACE('',(#7443),#7380,.F.);
#7443 = FACE_BOUND('',#7444,.F.);
#7444 = EDGE_LOOP('',(#7445));
#7445 = ORIENTED_EDGE('',*,*,#7358,.T.);
#7446 = ADVANCED_FACE('',(#7447),#7430,.T.);
#7447 = FACE_BOUND('',#7448,.T.);
#7448 = EDGE_LOOP('',(#7449));
#7449 = ORIENTED_EDGE('',*,*,#7415,.T.);
#7450 = ( GEOMETRIC_REPRESENTATION_CONTEXT(3) 
GLOBAL_UNCERTAINTY_ASSIGNED_CONTEXT((#7454)) 
GLOBAL_UNIT_ASSIGNED_CONTEXT((#7451,#7452,#7453)) REPRESENTATION_CONTEXT
('Context #1','3D Context with UNIT and UNCERTAINTY') );
#7451 = ( LENGTH_UNIT() NAMED_UNIT(*) SI_UNIT(.MILLI.,.METRE.) );
#7452 = ( NAMED_UNIT(*) PLANE_ANGLE_UNIT() SI_UNIT($,.RADIAN.) );
#7453 = ( NAMED_UNIT(*) SI_UNIT($,.STERADIAN.) SOLID_ANGLE_UNIT() );
#7454 = UNCERTAINTY_MEASURE_WITH_UNIT(LENGTH_MEASURE(1.E-07),#7451,
  'distance_accuracy_value','confusion accuracy');
#7455 = CONTEXT_DEPENDENT_SHAPE_REPRESENTATION(#7456,#7458);
#7456 = ( REPRESENTATION_RELATIONSHIP('','',#7351,#10) 
REPRESENTATION_RELATIONSHIP_WITH_TRANSFORMATION(#7457) 
SHAPE_REPRESENTATION_RELATIONSHIP() );
#7457 = ITEM_DEFINED_TRANSFORMATION('','',#11,#71);
#7458 = PRODUCT_DEFINITION_SHAPE('Placement','Placement of an item',
  #7459);
#7459 = NEXT_ASSEMBLY_USAGE_OCCURRENCE('15','','',#5,#7346,$);
#7460 = PRODUCT_RELATED_PRODUCT_CATEGORY('part',$,(#7348));
#7461 = SHAPE_DEFINITION_REPRESENTATION(#7462,#7468);
#7462 = PRODUCT_DEFINITION_SHAPE('','',#7463);
#7463 = PRODUCT_DEFINITION('design','',#7464,#7467);
#7464 = PRODUCT_DEFINITION_FORMATION('','',#7465);
#7465 = PRODUCT('Open CASCADE STEP translator 7.9 1.16',
  'Open CASCADE STEP translator 7.9 1.16','',(#7466));
#7466 = PRODUCT_CONTEXT('',#2,'mechanical');
#7467 = PRODUCT_DEFINITION_CONTEXT('part definition',#2,'design');
#7468 = SHAPE_REPRESENTATION('',(#11,#7469,#7473,#7477),#7481);
#7469 = AXIS2_PLACEMENT_3D('',#7470,#7471,#7472);
#7470 = CARTESIAN_POINT('',(2.719810939873,23.179374048307,
    -24.99637748476));
#7471 = DIRECTION('',(4.749113521704E-15,2.175866216067E-16,1.));
#7472 = DIRECTION('',(-0.881615734594,-0.47196789776,4.289587106488E-15)
  );
#7473 = AXIS2_PLACEMENT_3D('',#7474,#7475,#7476);
#7474 = CARTESIAN_POINT('',(0.,0.,0.));
#7475 = DIRECTION('',(0.,0.,1.));
#7476 = DIRECTION('',(1.,0.,-0.));
#7477 = AXIS2_PLACEMENT_3D('',#7478,#7479,#7480);
#7478 = CARTESIAN_POINT('',(0.,0.,0.));
#7479 = DIRECTION('',(0.,0.,1.));
#7480 = DIRECTION('',(1.,0.,-0.));
#7481 = ( GEOMETRIC_REPRESENTATION_CONTEXT(3) 
GLOBAL_UNCERTAINTY_ASSIGNED_CONTEXT((#7485)) 
GLOBAL_UNIT_ASSIGNED_CONTEXT((#7482,#7483,#7484)) REPRESENTATION_CONTEXT
('Context #1','3D Context with UNIT and UNCERTAINTY') );
#7482 = ( LENGTH_UNIT() NAMED_UNIT(*) SI_UNIT(.MILLI.,.METRE.) );
#7483 = ( NAMED_UNIT(*) PLANE_ANGLE_UNIT() SI_UNIT($,.RADIAN.) );
#7484 = ( NAMED_UNIT(*) SI_UNIT($,.STERADIAN.) SOLID_ANGLE_UNIT() );
#7485 = UNCERTAINTY_MEASURE_WITH_UNIT(LENGTH_MEASURE(5.E-07),#7482,
  'distance_accuracy_value','confusion accuracy');
#7486 = CONTEXT_DEPENDENT_SHAPE_REPRESENTATION(#7487,#7489);
#7487 = ( REPRESENTATION_RELATIONSHIP('','',#7468,#10) 
REPRESENTATION_RELATIONSHIP_WITH_TRANSFORMATION(#7488) 
SHAPE_REPRESENTATION_RELATIONSHIP() );
#7488 = ITEM_DEFINED_TRANSFORMATION('','',#11,#75);
#7489 = PRODUCT_DEFINITION_SHAPE('Placement','Placement of an item',
  #7490);
#7490 = NEXT_ASSEMBLY_USAGE_OCCURRENCE('19','','',#5,#7463,$);
#7491 = PRODUCT_RELATED_PRODUCT_CATEGORY('part',$,(#7465));
#7492 = CONTEXT_DEPENDENT_SHAPE_REPRESENTATION(#7493,#7495);
#7493 = ( REPRESENTATION_RELATIONSHIP('','',#92,#7468) 
REPRESENTATION_RELATIONSHIP_WITH_TRANSFORMATION(#7494) 
SHAPE_REPRESENTATION_RELATIONSHIP() );
#7494 = ITEM_DEFINED_TRANSFORMATION('','',#11,#7469);
#7495 = PRODUCT_DEFINITION_SHAPE('Placement','Placement of an item',
  #7496);
#7496 = NEXT_ASSEMBLY_USAGE_OCCURRENCE('16','','',#7463,#87,$);
#7497 = SHAPE_DEFINITION_REPRESENTATION(#7498,#7504);
#7498 = PRODUCT_DEFINITION_SHAPE('','',#7499);
#7499 = PRODUCT_DEFINITION('design','',#7500,#7503);
#7500 = PRODUCT_DEFINITION_FORMATION('','',#7501);
#7501 = PRODUCT('Open CASCADE STEP translator 7.9 1.16.2',
  'Open CASCADE STEP translator 7.9 1.16.2','',(#7502));
#7502 = PRODUCT_CONTEXT('',#2,'mechanical');
#7503 = PRODUCT_DEFINITION_CONTEXT('part definition',#2,'design');
#7504 = ADVANCED_BREP_SHAPE_REPRESENTATION('',(#11,#7505),#7603);
#7505 = MANIFOLD_SOLID_BREP('',#7506);
#7506 = CLOSED_SHELL('',(#7507,#7595,#7599));
#7507 = ADVANCED_FACE('',(#7508),#7522,.T.);
#7508 = FACE_BOUND('',#7509,.F.);
#7509 = EDGE_LOOP('',(#7510,#7540,#7567,#7568));
#7510 = ORIENTED_EDGE('',*,*,#7511,.T.);
#7511 = EDGE_CURVE('',#7512,#7514,#7516,.T.);
#7512 = VERTEX_POINT('',#7513);
#7513 = CARTESIAN_POINT('',(-33.304,44.606,-27.496));
#7514 = VERTEX_POINT('',#7515);
#7515 = CARTESIAN_POINT('',(-33.304,44.606,-26.296));
#7516 = SEAM_CURVE('',#7517,(#7521,#7533),.PCURVE_S1.);
#7517 = LINE('',#7518,#7519);
#7518 = CARTESIAN_POINT('',(-33.304,44.606,-27.496));
#7519 = VECTOR('',#7520,1.);
#7520 = DIRECTION('',(0.,0.,1.));
#7521 = PCURVE('',#7522,#7527);
#7522 = CYLINDRICAL_SURFACE('',#7523,4.);
#7523 = AXIS2_PLACEMENT_3D('',#7524,#7525,#7526);
#7524 = CARTESIAN_POINT('',(-37.304,44.606,-27.496));
#7525 = DIRECTION('',(-0.,-0.,-1.));
#7526 = DIRECTION('',(1.,0.,0.));
#7527 = DEFINITIONAL_REPRESENTATION('',(#7528),#7532);
#7528 = LINE('',#7529,#7530);
#7529 = CARTESIAN_POINT('',(-0.,0.));
#7530 = VECTOR('',#7531,1.);
#7531 = DIRECTION('',(-0.,-1.));
#7532 = ( GEOMETRIC_REPRESENTATION_CONTEXT(2) 
PARAMETRIC_REPRESENTATION_CONTEXT() REPRESENTATION_CONTEXT('2D SPACE',''
  ) );
#7533 = PCURVE('',#7522,#7534);
#7534 = DEFINITIONAL_REPRESENTATION('',(#7535),#7539);
#7535 = LINE('',#7536,#7537);
#7536 = CARTESIAN_POINT('',(-6.28318530718,0.));
#7537 = VECTOR('',#7538,1.);
#7538 = DIRECTION('',(-0.,-1.));
#7539 = ( GEOMETRIC_REPRESENTATION_CONTEXT(2) 
PARAMETRIC_REPRESENTATION_CONTEXT() REPRESENTATION_CONTEXT('2D SPACE',''
  ) );
#7540 = ORIENTED_EDGE('',*,*,#7541,.T.);
#7541 = EDGE_CURVE('',#7514,#7514,#7542,.T.);
#7542 = SURFACE_CURVE('',#7543,(#7548,#7555),.PCURVE_S1.);
#7543 = CIRCLE('',#7544,4.);
#7544 = AXIS2_PLACEMENT_3D('',#7545,#7546,#7547);
#7545 = CARTESIAN_POINT('',(-37.304,44.606,-26.296));
#7546 = DIRECTION('',(0.,0.,1.));
#7547 = DIRECTION('',(1.,0.,0.));
#7548 = PCURVE('',#7522,#7549);
#7549 = DEFINITIONAL_REPRESENTATION('',(#7550),#7554);
#7550 = LINE('',#7551,#7552);
#7551 = CARTESIAN_POINT('',(-0.,-1.2));
#7552 = VECTOR('',#7553,1.);
#7553 = DIRECTION('',(-1.,0.));
#7554 = ( GEOMETRIC_REPRESENTATION_CONTEXT(2) 
PARAMETRIC_REPRESENTATION_CONTEXT() REPRESENTATION_CONTEXT('2D SPACE',''
  ) );
#7555 = PCURVE('',#7556,#7561);
#7556 = PLANE('',#7557);
#7557 = AXIS2_PLACEMENT_3D('',#7558,#7559,#7560);
#7558 = CARTESIAN_POINT('',(-37.304,44.606,-26.296));
#7559 = DIRECTION('',(0.,0.,1.));
#7560 = DIRECTION('',(1.,0.,-0.));
#7561 = DEFINITIONAL_REPRESENTATION('',(#7562),#7566);
#7562 = CIRCLE('',#7563,4.);
#7563 = AXIS2_PLACEMENT_2D('',#7564,#7565);
#7564 = CARTESIAN_POINT('',(0.,0.));
#7565 = DIRECTION('',(1.,0.));
#7566 = ( GEOMETRIC_REPRESENTATION_CONTEXT(2) 
PARAMETRIC_REPRESENTATION_CONTEXT() REPRESENTATION_CONTEXT('2D SPACE',''
  ) );
#7567 = ORIENTED_EDGE('',*,*,#7511,.F.);
#7568 = ORIENTED_EDGE('',*,*,#7569,.F.);
#7569 = EDGE_CURVE('',#7512,#7512,#7570,.T.);
#7570 = SURFACE_CURVE('',#7571,(#7576,#7583),.PCURVE_S1.);
#7571 = CIRCLE('',#7572,4.);
#7572 = AXIS2_PLACEMENT_3D('',#7573,#7574,#7575);
#7573 = CARTESIAN_POINT('',(-37.304,44.606,-27.496));
#7574 = DIRECTION('',(0.,0.,1.));
#7575 = DIRECTION('',(1.,0.,0.));
#7576 = PCURVE('',#7522,#7577);
#7577 = DEFINITIONAL_REPRESENTATION('',(#7578),#7582);
#7578 = LINE('',#7579,#7580);
#7579 = CARTESIAN_POINT('',(-0.,0.));
#7580 = VECTOR('',#7581,1.);
#7581 = DIRECTION('',(-1.,0.));
#7582 = ( GEOMETRIC_REPRESENTATION_CONTEXT(2) 
PARAMETRIC_REPRESENTATION_CONTEXT() REPRESENTATION_CONTEXT('2D SPACE',''
  ) );
#7583 = PCURVE('',#7584,#7589);
#7584 = PLANE('',#7585);
#7585 = AXIS2_PLACEMENT_3D('',#7586,#7587,#7588);
#7586 = CARTESIAN_POINT('',(-37.304,44.606,-27.496));
#7587 = DIRECTION('',(0.,0.,1.));
#7588 = DIRECTION('',(1.,0.,-0.));
#7589 = DEFINITIONAL_REPRESENTATION('',(#7590),#7594);
#7590 = CIRCLE('',#7591,4.);
#7591 = AXIS2_PLACEMENT_2D('',#7592,#7593);
#7592 = CARTESIAN_POINT('',(0.,0.));
#7593 = DIRECTION('',(1.,0.));
#7594 = ( GEOMETRIC_REPRESENTATION_CONTEXT(2) 
PARAMETRIC_REPRESENTATION_CONTEXT() REPRESENTATION_CONTEXT('2D SPACE',''
  ) );
#7595 = ADVANCED_FACE('',(#7596),#7584,.F.);
#7596 = FACE_BOUND('',#7597,.F.);
#7597 = EDGE_LOOP('',(#7598));
#7598 = ORIENTED_EDGE('',*,*,#7569,.T.);
#7599 = ADVANCED_FACE('',(#7600),#7556,.T.);
#7600 = FACE_BOUND('',#7601,.T.);
#7601 = EDGE_LOOP('',(#7602));
#7602 = ORIENTED_EDGE('',*,*,#7541,.T.);
#7603 = ( GEOMETRIC_REPRESENTATION_CONTEXT(3) 
GLOBAL_UNCERTAINTY_ASSIGNED_CONTEXT((#7607)) 
GLOBAL_UNIT_ASSIGNED_CONTEXT((#7604,#7605,#7606)) REPRESENTATION_CONTEXT
('Context #1','3D Context with UNIT and UNCERTAINTY') );
#7604 = ( LENGTH_UNIT() NAMED_UNIT(*) SI_UNIT(.MILLI.,.METRE.) );
#7605 = ( NAMED_UNIT(*) PLANE_ANGLE_UNIT() SI_UNIT($,.RADIAN.) );
#7606 = ( NAMED_UNIT(*) SI_UNIT($,.STERADIAN.) SOLID_ANGLE_UNIT() );
#7607 = UNCERTAINTY_MEASURE_WITH_UNIT(LENGTH_MEASURE(1.E-07),#7604,
  'distance_accuracy_value','confusion accuracy');
#7608 = CONTEXT_DEPENDENT_SHAPE_REPRESENTATION(#7609,#7611);
#7609 = ( REPRESENTATION_RELATIONSHIP('','',#7504,#7468) 
REPRESENTATION_RELATIONSHIP_WITH_TRANSFORMATION(#7610) 
SHAPE_REPRESENTATION_RELATIONSHIP() );
#7610 = ITEM_DEFINED_TRANSFORMATION('','',#11,#7473);
#7611 = PRODUCT_DEFINITION_SHAPE('Placement','Placement of an item',
  #7612);
#7612 = NEXT_ASSEMBLY_USAGE_OCCURRENCE('17','','',#7463,#7499,$);
#7613 = PRODUCT_RELATED_PRODUCT_CATEGORY('part',$,(#7501));
#7614 = SHAPE_DEFINITION_REPRESENTATION(#7615,#7621);
#7615 = PRODUCT_DEFINITION_SHAPE('','',#7616);
#7616 = PRODUCT_DEFINITION('design','',#7617,#7620);
#7617 = PRODUCT_DEFINITION_FORMATION('','',#7618);
#7618 = PRODUCT('Open CASCADE STEP translator 7.9 1.16.3',
  'Open CASCADE STEP translator 7.9 1.16.3','',(#7619));
#7619 = PRODUCT_CONTEXT('',#2,'mechanical');
#7620 = PRODUCT_DEFINITION_CONTEXT('part definition',#2,'design');
#7621 = ADVANCED_BREP_SHAPE_REPRESENTATION('',(#11,#7622),#7720);
#7622 = MANIFOLD_SOLID_BREP('',#7623);
#7623 = CLOSED_SHELL('',(#7624,#7712,#7716));
#7624 = ADVANCED_FACE('',(#7625),#7639,.T.);
#7625 = FACE_BOUND('',#7626,.F.);
#7626 = EDGE_LOOP('',(#7627,#7657,#7684,#7685));
#7627 = ORIENTED_EDGE('',*,*,#7628,.T.);
#7628 = EDGE_CURVE('',#7629,#7631,#7633,.T.);
#7629 = VERTEX_POINT('',#7630);
#7630 = CARTESIAN_POINT('',(-33.304,44.606,27.304));
#7631 = VERTEX_POINT('',#7632);
#7632 = CARTESIAN_POINT('',(-33.304,44.606,28.504));
#7633 = SEAM_CURVE('',#7634,(#7638,#7650),.PCURVE_S1.);
#7634 = LINE('',#7635,#7636);
#7635 = CARTESIAN_POINT('',(-33.304,44.606,27.304));
#7636 = VECTOR('',#7637,1.);
#7637 = DIRECTION('',(0.,0.,1.));
#7638 = PCURVE('',#7639,#7644);
#7639 = CYLINDRICAL_SURFACE('',#7640,4.);
#7640 = AXIS2_PLACEMENT_3D('',#7641,#7642,#7643);
#7641 = CARTESIAN_POINT('',(-37.304,44.606,27.304));
#7642 = DIRECTION('',(-0.,-0.,-1.));
#7643 = DIRECTION('',(1.,0.,0.));
#7644 = DEFINITIONAL_REPRESENTATION('',(#7645),#7649);
#7645 = LINE('',#7646,#7647);
#7646 = CARTESIAN_POINT('',(-0.,0.));
#7647 = VECTOR('',#7648,1.);
#7648 = DIRECTION('',(-0.,-1.));
#7649 = ( GEOMETRIC_REPRESENTATION_CONTEXT(2) 
PARAMETRIC_REPRESENTATION_CONTEXT() REPRESENTATION_CONTEXT('2D SPACE',''
  ) );
#7650 = PCURVE('',#7639,#7651);
#7651 = DEFINITIONAL_REPRESENTATION('',(#7652),#7656);
#7652 = LINE('',#7653,#7654);
#7653 = CARTESIAN_POINT('',(-6.28318530718,0.));
#7654 = VECTOR('',#7655,1.);
#7655 = DIRECTION('',(-0.,-1.));
#7656 = ( GEOMETRIC_REPRESENTATION_CONTEXT(2) 
PARAMETRIC_REPRESENTATION_CONTEXT() REPRESENTATION_CONTEXT('2D SPACE',''
  ) );
#7657 = ORIENTED_EDGE('',*,*,#7658,.T.);
#7658 = EDGE_CURVE('',#7631,#7631,#7659,.T.);
#7659 = SURFACE_CURVE('',#7660,(#7665,#7672),.PCURVE_S1.);
#7660 = CIRCLE('',#7661,4.);
#7661 = AXIS2_PLACEMENT_3D('',#7662,#7663,#7664);
#7662 = CARTESIAN_POINT('',(-37.304,44.606,28.504));
#7663 = DIRECTION('',(0.,0.,1.));
#7664 = DIRECTION('',(1.,0.,0.));
#7665 = PCURVE('',#7639,#7666);
#7666 = DEFINITIONAL_REPRESENTATION('',(#7667),#7671);
#7667 = LINE('',#7668,#7669);
#7668 = CARTESIAN_POINT('',(-0.,-1.2));
#7669 = VECTOR('',#7670,1.);
#7670 = DIRECTION('',(-1.,0.));
#7671 = ( GEOMETRIC_REPRESENTATION_CONTEXT(2) 
PARAMETRIC_REPRESENTATION_CONTEXT() REPRESENTATION_CONTEXT('2D SPACE',''
  ) );
#7672 = PCURVE('',#7673,#7678);
#7673 = PLANE('',#7674);
#7674 = AXIS2_PLACEMENT_3D('',#7675,#7676,#7677);
#7675 = CARTESIAN_POINT('',(-37.304,44.606,28.504));
#7676 = DIRECTION('',(0.,0.,1.));
#7677 = DIRECTION('',(1.,0.,-0.));
#7678 = DEFINITIONAL_REPRESENTATION('',(#7679),#7683);
#7679 = CIRCLE('',#7680,4.);
#7680 = AXIS2_PLACEMENT_2D('',#7681,#7682);
#7681 = CARTESIAN_POINT('',(0.,0.));
#7682 = DIRECTION('',(1.,0.));
#7683 = ( GEOMETRIC_REPRESENTATION_CONTEXT(2) 
PARAMETRIC_REPRESENTATION_CONTEXT() REPRESENTATION_CONTEXT('2D SPACE',''
  ) );
#7684 = ORIENTED_EDGE('',*,*,#7628,.F.);
#7685 = ORIENTED_EDGE('',*,*,#7686,.F.);
#7686 = EDGE_CURVE('',#7629,#7629,#7687,.T.);
#7687 = SURFACE_CURVE('',#7688,(#7693,#7700),.PCURVE_S1.);
#7688 = CIRCLE('',#7689,4.);
#7689 = AXIS2_PLACEMENT_3D('',#7690,#7691,#7692);
#7690 = CARTESIAN_POINT('',(-37.304,44.606,27.304));
#7691 = DIRECTION('',(0.,0.,1.));
#7692 = DIRECTION('',(1.,0.,0.));
#7693 = PCURVE('',#7639,#7694);
#7694 = DEFINITIONAL_REPRESENTATION('',(#7695),#7699);
#7695 = LINE('',#7696,#7697);
#7696 = CARTESIAN_POINT('',(-0.,0.));
#7697 = VECTOR('',#7698,1.);
#7698 = DIRECTION('',(-1.,0.));
#7699 = ( GEOMETRIC_REPRESENTATION_CONTEXT(2) 
PARAMETRIC_REPRESENTATION_CONTEXT() REPRESENTATION_CONTEXT('2D SPACE',''
  ) );
#7700 = PCURVE('',#7701,#7706);
#7701 = PLANE('',#7702);
#7702 = AXIS2_PLACEMENT_3D('',#7703,#7704,#7705);
#7703 = CARTESIAN_POINT('',(-37.304,44.606,27.304));
#7704 = DIRECTION('',(0.,0.,1.));
#7705 = DIRECTION('',(1.,0.,-0.));
#7706 = DEFINITIONAL_REPRESENTATION('',(#7707),#7711);
#7707 = CIRCLE('',#7708,4.);
#7708 = AXIS2_PLACEMENT_2D('',#7709,#7710);
#7709 = CARTESIAN_POINT('',(0.,0.));
#7710 = DIRECTION('',(1.,0.));
#7711 = ( GEOMETRIC_REPRESENTATION_CONTEXT(2) 
PARAMETRIC_REPRESENTATION_CONTEXT() REPRESENTATION_CONTEXT('2D SPACE',''
  ) );
#7712 = ADVANCED_FACE('',(#7713),#7701,.F.);
#7713 = FACE_BOUND('',#7714,.F.);
#7714 = EDGE_LOOP('',(#7715));
#7715 = ORIENTED_EDGE('',*,*,#7686,.T.);
#7716 = ADVANCED_FACE('',(#7717),#7673,.T.);
#7717 = FACE_BOUND('',#7718,.T.);
#7718 = EDGE_LOOP('',(#7719));
#7719 = ORIENTED_EDGE('',*,*,#7658,.T.);
#7720 = ( GEOMETRIC_REPRESENTATION_CONTEXT(3) 
GLOBAL_UNCERTAINTY_ASSIGNED_CONTEXT((#7724)) 
GLOBAL_UNIT_ASSIGNED_CONTEXT((#7721,#7722,#7723)) REPRESENTATION_CONTEXT
('Context #1','3D Context with UNIT and UNCERTAINTY') );
#7721 = ( LENGTH_UNIT() NAMED_UNIT(*) SI_UNIT(.MILLI.,.METRE.) );
#7722 = ( NAMED_UNIT(*) PLANE_ANGLE_UNIT() SI_UNIT($,.RADIAN.) );
#7723 = ( NAMED_UNIT(*) SI_UNIT($,.STERADIAN.) SOLID_ANGLE_UNIT() );
#7724 = UNCERTAINTY_MEASURE_WITH_UNIT(LENGTH_MEASURE(1.E-07),#7721,
  'distance_accuracy_value','confusion accuracy');
#7725 = CONTEXT_DEPENDENT_SHAPE_REPRESENTATION(#7726,#7728);
#7726 = ( REPRESENTATION_RELATIONSHIP('','',#7621,#7468) 
REPRESENTATION_RELATIONSHIP_WITH_TRANSFORMATION(#7727) 
SHAPE_REPRESENTATION_RELATIONSHIP() );
#7727 = ITEM_DEFINED_TRANSFORMATION('','',#11,#7477);
#7728 = PRODUCT_DEFINITION_SHAPE('Placement','Placement of an item',
  #7729);
#7729 = NEXT_ASSEMBLY_USAGE_OCCURRENCE('18','','',#7463,#7616,$);
#7730 = PRODUCT_RELATED_PRODUCT_CATEGORY('part',$,(#7618));
ENDSEC;
END-ISO-10303-21;
